Status,Location,Project,Logger,Tag I.D.,Date On,Frequency,Duration (d),Date In,Time In,Date Full,Date Offloaded,Offloaded Filename,Date Out,Time Out,Notes,Processed,Metadata,
Full,Salt River (100'),,984708,172,9/30/2007,15,453,9/30/2007,,12/26/2008,,,,,,,,
Full,South Fish (?),,984699,na,6/28/2006,15,453,,,9/24/2007,,Unfound,,,,,,
Full,St. James,,984705,na,6/28/2006,15,453,7/19/2006,,9/24/2007,6/22/2007,"Temp-StJames May06-Feb07.csv, Temp-StJames-Jun07-Sep07.csv",,,,,,
Lost,Eagle Ray,,984712,na,1/6/2007,15,453,2/2/2007,,4/3/2008,,Lost?,,,,,,
Lost,Flat Cay,,984702,na,6/28/2006,15,453,6/28/2006,,9/24/2007,9/5/2007,"Temp-Flat-Jun06-Sep07.csv, Temp-Flat-Sep07-Jun08.csv, Temp-Flat-May08-Aug08-984702.csv, Temp-Flat-Aug08-Feb09-984702.csv",,,,,,
Lost,Salt River (30m)?,,984711,na,9/21/2009,15,453,9/21/2009,,12/18/2010,1/21/2010,Not Located in Aug 2010,,,,,,
FOUND,Sprat Hole,,984710,186,1/6/2007,15,453,2/7/2007,,4/3/2008,8/16/2011,Temp_Sprat_07Oct09Jan_984718.csv,,,,,,
Removed,Benner,,984701,157,6/23/2006,15,453,6/23/2006,,9/19/2007,2/17/2007,"Temp-Benner-Jun06-Jun07.csv, Temp-Benner-Jun07-Sep07.csv, Temp-Benner-6-22-07--6-4-08.csv, Temp-Benner-6-4-08--2-17-09.csv, Temp-Benner-Feb09-Nov09-09984701, Temp-Benner-Nov09-Jun10-984701.csv, Temp-Benner-Jun10-Oct10-984701-ok.csv",,,"Downloaded on 2/17/07? or Failed Download?  No file, Downloaded again on 6/22/07 and the file starts at 2/17/07.",,,
Removed,Black Pt.,,984706,na,6/28/2006,15,453,7/24/2006,,9/24/2007,2/17/2007,"Temp-Black Pt May06-Feb07.csv, Temp-BlackPt-Feb07-Sep07.csv, Temp-BlackPt-9-4-07--6-11-08.csv, Temp-BlackPt--6-11-08--2-19-09.csv, Temp-BlackPt-Feb09-Nov09-984706, Temp-BlackPt-Nov09-Jun10-984706.csv(WARNING: this file is Temp-BlackPt-Feb09-Nov09-984706 data with Nov09-Jun10 time stamps)",,,,,,
Removed,Botany,,984681,na,6/1/2006,1,453,6/3/2006,,8/28/2007,6/29/2007,Temp-Botany-Jun06-984681.hobo,,,"Only set to one minute interval, so only recorded until July06; Replaced with Botany 984700",,,
Removed,Botany,,984700,154,6/2/2007,15,453,6/4/07?,,8/28/2008,10/3/2007,"Temp-Botany-Oct07-Aug08-984700.csv, Temp-Botany-May09-Sep10-984700",,,,,,
Removed,Buck Is.-StT,,984680,na,6/28/2006,15,453,6/28/2006,,9/24/2007,2/17/2007,"Temp-Buck May06-Feb07.hobo, Temp-BuckStT-Sep07-Jul08-984680.csv",,,,,,
Removed,Buck Is.-StX,,984718,na,1/6/2007,15,453,2/5/2007,,4/3/2008,9/26/2007,BT_TCBKIX_0702_0709.csv,,,Removed.  Buck NPS temp monitoring within 100 m.,,,
Removed,Cane Bay (130'),,984690,158,3/30/2007,15,453,3/30/2007,,6/25/2008,,Temp-Cane Deep-Mar07-May08-984690.hobo,,,Gap in data from Jun08-Sep08,,,
Removed,Cane Bay (39m),,2023289,na,9/8/2008,15,453,9/9/2008,,12/5/2009,,,,,,,,
Removed,Cane Bay (39m),,2023288,na,4/6/2009,15,453,4/8/2009,,7/3/2010,10/11/2009,,,,,,,
Removed,Cane Bay (39m),,2023291,na,10/8/2009,15,453,,,1/4/2011,,Temp-Cane-39m-Oct09-Aug10-2023291,,,,,,
Removed,Cane Bay (39m),,9696781,na,8/8/2010,15,453,8/8/2010,,11/4/2011,,Temp-Cane39m-Jul10-Nov10-9696781-ok.csv,,,,,,
Removed,Cane Bay (9m),,2023293,na,8/17/2008,15,453,9/3/2008,,11/13/2009,10/11/2009,"Temp-Cane Shallow-Sep08-Oct09-2023293, Temp-Cane-9m-Oct09-Aug10-2023293",,,,,,
Removed,Castle,,984690,na,9/1/2008,15,453,9/10/2008,,11/28/2009,9/23/2010,"Temp-Castle-Sep08-Dec09-984690, Temp-Castle-Jan10-Aug10-984690",,,,,,
Removed,College Shoal,,984679,159,9/20/2006,15,453,9/20/2007,,12/17/2007,8/1/2008,"Temp-College Shoal-Sep07-Aug08-984679.csv, Deployment for Sep2009-Dec2010 never initialized, no data",,,,,,
Removed,Eagle Ray,,984713,na,10/17/2007,15,453,10/20/2008,,1/12/2009,9/2/2008,"Temp-Eagle-Oct07-Sep08-984713.hobo, Temp-EagleRay-Sep08-Dec09-984713",,,Found 08-09 deployment that was lost until Aug 2010.  Was located inshore just above transect 5 & 6.,,,
Removed,Eagle Ray,,984708,172,1/23/2010,15,453,1/23/2010,,4/21/2011,,Temp-EagleRay-Jan10-Aug10-984708,,,,,,
Removed,Fish Bay,,984689,174,6/28/2006,15,453,7/3/2006,,9/24/2007,4/14/2007,"Temp-Fish May06-Apr07.hobo,Temp-Fish-Apr07-Sep07.csv, Temp-Fish-Sep07-Jul08-984689.hobo, Temp-FishBay-Jun10-Sep10-984689-ok",,,,,,
Removed,Flat,,801997,na,10/4/2005,8,,,,,,,,,,,,
Removed,Flat Cay,,ND,na,3/31/2006,ND,ND,3/31/2006,,#VALUE!,,,,,,,,
Removed,Grammanik (Tiger Spawn),,984695,na,7/23/2006,15,453,7/26/2006,,10/19/2007,5/3/2007,Temp-GmkTiger-Jul26-06-May03-07.hobo,,,"Retrieved, replaced with 984683",,,
Removed,Grammanik (Tiger Spawn),,984683,na,5/3/2007,15,453,5/3/2007,,7/29/2008,7/24/2008,Temp-GrammanikTiger-Jun07-Jul08-984683.csv,,,,,,
Removed,Grammanik (Tiger Spawn),,984684,na,7/23/2008,15,453,7/24/2008,,10/19/2009,5/7/2009,,,,,,,
Removed,Grammanik (Tiger Spawn),,984693,175,5/8/2009,15,453,5/7/2009,,8/4/2010,2/25/2010,"Temp-GramTiger-May09-Feb10-984693.csv, Temp-GrammanikTiger-Feb-Dec2010-984693-ok.csv",,,,,,
Removed,Grammanik SPAG Deep,,984691,170,2/8/2007,15,453,2/8/2007,,5/6/2008,4/30/2008,Temp-GmkSPAGDeep-Feb8-07-Apr30-08.csv,,,Removed Logger on 4/30/08,,,
Removed,Grammanik SPAG Deep?,,984713,na,4/30/2008,15,453,4/30/2008,,7/27/2009,4/30/2008,,,,,,,
Removed,Great Pond,,984715,169,9/27/2007,30,906,9/27/2007,,3/21/2010,9/5/2008,"Temp-Great Pond-07-Sep08.hobo, Temp-GreatPond-Sep08-Jan10-984715",,,,,,
Removed,Hind Bank E.,,984687,na,6/28/2006,15,453,7/21/2006,,9/24/2007,5/3/2007,Temp-HindE-Jul21-06-May03-07.hobo,,,"Retrieved, replaced wtih 984684",,,
Removed,Hind Bank E.,,984684,na,5/3/2007,15,453,5/3/2007,,7/29/2008,9/5/2007,Temp-Hind_E_SPAG-May07-Sep07.csv,,,,,,
Removed,Hind Bank E.,,984704,176,9/4/2007,15,453,9/5/2007,,11/30/2008,,,,,,,,
Removed,Hind Bank E.,,984691,170,5/29/2008,15,453,5/29/2008,,8/25/2009,6/8/2009,Temp-HindE-20m-984692-Aug08-Jun09.csv,,,Retrieved 20/07/10.  Missed 3 months of recording.  Can get from ADCP.,,,
Removed,Hind Bank E. (20m),,984692,166,7/29/2008,15,453,8/15/2008,,10/25/2009,9/10/2009,Temp-HindBank-21m-Sep09-Oct10-984692.csv,,,,,,
Removed,Hind Bank E. (30m),,2023294,164,8/15/2008,15,453,8/15/2008,,11/11/2009,9/10/2009,StT-HindBank-30m-Sep09-Oct10-2023294.csv,,,,,,
Removed,Jacks Bay,,984714,152,9/27/2007,30,906,9/27/2007,,3/21/2010,9/5/2008,"Temp-Jacks-Sep08-Jan10-984714, Temp-Jacks-Jan10-Nov10-984714-ok.csv",,,,,,
Removed,Kings Corner,,984708,172,1/6/2007,15,453,1/12/2007,,4/3/2008,9/29/2007,,,,,,,
Removed,Kings Corner,,984711,na,9/27/2007,15,453,9/29/2007,,12/23/2008,9/9/2008,"Temp-Kings-Sep07-Sep08-984711.hobo, Temp-Kings_Corner-Sep08-Oct09-984711",,,,,,
Removed,Kings Corner,,2023288,na,10/12/2009,15,453,10/13/2009,,1/8/2011,,,,,,,,
Removed,Lang ADCP,,984693,175,3/30/2007,15,453,3/30/2007,,6/25/2008,,,,,,,,
Removed,Lang ADCP,,2023286,na,4/6/2009,15,453,4/7/2009,,7/3/2010,10/9/2009,Temp-Lang Hind-Apr09-May09-2023286,,,"(only 1 min intervals), removed on 8/6/10.  Not responding to shuttle.",,,
Removed,Lang Bank,,984684,na,8/7/2006,15,453,9/7/2006,,11/3/2007,3/30/2007,Temp-Lang Sep06-Mar07.hobo,,,Retrieved,,,
Removed,Lang EEMP,,2023289,na,4/9/2009,15,453,4/9/2009,,7/6/2010,10/10/2009,Temp-Lang EEMP-Apr09-Oct09-2023289,,,,,,
Removed,Magens,,ND (801999?),na,,ND,ND,,,,,Missing File,,,Missing File,,,
Removed,Magens,,ND,na,3/23/2006,ND,ND,3/28/2006,,#VALUE!,,Temp-StT-MGN 3-23-06 to 6-22-06.txt,,,NO Dates,,,
Removed,Magens,,984688,171,6/22/2006,15,453,6/22/2006,,9/18/2007,5/15/2007,"Temp-Magens Apr06-May07, Temp-Magens-May07-Sep07.csv, Temp-Magens-Sep07-Aug08-984688.csv, Temp-Magens-May09-Sep10-984688",,,Relaunched (5/5/07),,,
Removed,Mutton,,984716,na,9/29/2007,15,453,9/29/2007,,12/25/2008,9/6/2008,"Temp-Mutton-Oct07-Sep08-984716.hobo, Temp-Mutton CRMP-Sep08-Sep09-984716, Temp-Mutton-22m-Oct09-Aug10-984716",,,,,,
Removed,Mutton (130'),,2023291,na,9/6/2008,15,453,9/7/2008,,12/3/2009,,Temp-Mutton Deep-Sep08-Oct09-2023291,,,,,,
Removed,Mutton (130'),,1176909,155,10/5/2009,15,453,5/8/2009,,1/1/2011,10/8/2009,Temp-Mutton-39m-Oct09-Aug10-1176909,,,,,,
Removed,Rupert's Rock,,984704,176,2/17/2007,15,453,2/17/2007,,5/15/2008,9/4/2007,Temp-Ruperts-Feb07-Sep07.csv,,,"Removed logger on 9/4/07,Removed, will use NOAA monitor",,,
Removed,S. Cappella,,984679,159,6/28/2006,15,453,7/19/2006,,9/24/2007,9/7/2007,Temp-South_Capella-Jul06-Sep07.csv,,,,,,
Removed,S. Cappella,,984687,163,9/1/2007,15,453,9/7/2007,,11/27/2008,7/31/2008,"Temp-South_Capella-Sep07-Jul08-984687.csv, Temp-South_Capella-Jul08-Sep09-984687.csv, Temp-SCapella-Sep09-Nov10-984687-ok.csv",,,,,,
Removed,S. Water,,984692,166,7/22/2006,15,453,7/24/2006,,10/18/2007,8/31/2007,Temp-South_Water-Jul06-Aug07_0.csv,,,,,,
Removed,Salt River,,984713,160,1/6/2007,15,453,1/5/2007,,4/3/2008,9/30/2007,,,,,,,
Removed,Salt River (100'),,984717,na,1/6/2007,15,453,1/5/2007,,4/3/2008,9/30/2007,,,,,,,
Removed,Salt River (39m),,2023290,na,4/4/2009,15,453,4/6/2009,,7/1/2010,,Temp-SaltRiver-39m-Apr09-Jan10-2023290,,,,,,
Removed,Salt River (41m),,2023290,na,1/21/2009,15,453,9/21/2009,,4/19/2010,1/21/2010,Temp-SaltRiver-41m-Feb10-Aug10-2023290,,,,,,
Removed,Savana,,984698,161,7/24/2006,15,453,7/10/2006,,10/20/2007,5/17/2007,"Temp-Savana_Jul06-May07.csv, Temp-Savana-May07-Aug08-984698.csv, Temp-Savana-Jul09-Oct10-984698.csv",,,"Relaunched (5/17/07), Gap in data between 8/11/08-8/20/08",,,
Removed,Seahorse Cottage,,801997,na,12/2/2005,8,ND,12/22/2005,,,,,,,,,,
Removed,Seahorse Cottage,,ND,na,4/28/2006,ND,ND,4/28/2006,,#VALUE!,,Temp-StT-SHR 4-28-06 to 6/23/06.xls,,,,,,
Removed,Seahorse Cottage,,984686,156,6/23/2006,15,453,6/23/2006,,9/19/2007,8/30/2007,"Temp-Seahorse-Jun06-Aug07.csv, Temp-Seahorse-8-30-07--6-11-08.csv, Temp-Seahorse-6-11-08--2-17-09.csv, Temp-Seahorse-Feb09-Nov09-09984686,  Temp-Seahorse-Nov09-Jun10-984686.csv, Temp-Seahorse-Jun10-Oct10-984686",,,,,,
Removed,South Fish,,984684,na,9/5/2007,15,453,9/19/2007,,12/1/2008,7/23/2008,Temp-SFish-Sep07-Jul08-984684.csv,,,,,,
Removed,South Fish,,2023292,167,7/23/2008,15,453,7/23/2008,,10/19/2009,7/8/2009,Temp-South_FIsh-Jul09-Sep10-2023292-ok,,,,,,
Removed,South Water,,984680,162,7/24/2008,15,453,7/29/2008,,10/20/2009,10/1/2009,"Temp-South_Water-Jul08-Oct09-984680, Temp-SouthWater-Oct09-Oct10-984680.csv",,,,,,
Removed,Sprat Hole,,2023287,na,9/6/2008,15,453,9/7/2008,,12/3/2009,,Temp-SpratHole-Sep08-Jan10-2023287,,,,,,
Removed,St. James,,2023296,168,7/30/2008,15,453,7/30/2008,,10/26/2009,6/30/2009,"Temp-StJames-Jul08-Jun09-2023296.csv, Temp-StJames-May09-Sep10-2023296",,,,,,
Removed,Frenchman's Reef,,984682,178,2/17/2007,15,453,2/17/2007,,5/15/2008,9/12/2008,"Temp-Frenchmans_Reef-Feb07-May08-984682.csv, Temp-Frenchmans-May08-Dec08.xls",,,Gap in data from May08-Sep08 (?),,,
Removed,Benner,,9793284,189,10/19/2010,15,453,10/19/2010,,1/15/2012,9/7/2011,Temp_Benner_10Oct11Aug_9793284.csv,,,,,,
Removed,Black Pt.,,9696775,187,6/17/2010,15,453,6/17/2010,,9/13/2011,9/7/2011,Temp_BlackPt_10Jun11Aug_9696775.csv,,,,,,
Removed,Botany,,9793277,na,9/25/2010,15,453,9/25/2010,,12/22/2011,11/10/2011,Temp_Botany_10Sep11Oct_9793277.csv,,,,,,
Removed,Buck Is.-StT,,9793278,na,9/28/2010,15,453,9/28/2010,,12/25/2011,11/10/2011,Temp_BuckStT_10Sep11Oct_9793278.csv,,,,,,
Removed,Cane Bay (39m),,9793290,na,11/9/2010,15,453,11/9/2010,,2/5/2012,8/16/2011,Temp_Cane39m_10Nov11Jul_9793290.csv,,,,,,
Removed,Cane Bay (9m),,9696778,na,8/8/2010,15,453,8/8/2010,,11/4/2011,8/16/2011,Temp_CaneBay9m_Aug10-Jul11_9696778.csv,,,,,,
Removed,Castle,,2023289,na,8/10/2010,15,453,8/10/2010,,11/6/2011,8/16/2011,Temp_Castle_10Jul11Jul_2023289.csv,,,,,,
Removed,College Shoal,,9793292,na,12/2/2010,15,453,12/2/2010,,2/28/2012,10/25/2011,Temp_College_10Dec11Oct_9793292.csv,,,,,,
Removed,Coral Bay-N. Reef,,9696780,na,6/27/2010,15,453,6/27/2010,,9/23/2011,10/25/2011,Temp_CoralBay_10Jun11Sep_9696780.csv,,,,,,
Removed,Eagle Ray,,984706,na,8/4/2010,15,453,8/5/2010,,10/31/2011,8/16/2011,Temp_Eagle_Aug10-Jul11_984706.csv,,,,,,
Removed,Fish Bay,,9793280,190,9/28/2010,15,453,9/28/2010,,12/25/2011,9/21/2011,Temp_FishBay_10Sep11Sep_9793280.csv,,,,,,
Removed,Flat Cay,,984682,178,9/10/2009,15,453,9/10/2009,,12/7/2010,11/19/2009,"Temp-Flat-Sep09-Nov09-984682.csv, Temp-Flat-Nov09-Jun10-984682.csv, Temp-Flat-Jun10-Apr11-984682.csv",,,,,,
Removed,Grammanik (Tiger Spawn),,9696781,177,12/3/2010,15,453,12/3/2010,,2/29/2012,5/5/2011,Temp-GramTiger-Dec10-Apr11-9696781.csv,,,,,,
Removed,Great Pond,,984716,na,8/11/2010,15,453,8/11/2010,,11/7/2011,8/16/2011,Temp_GreatPond_10Nov11Jul_984716.csv,,,,,,
Removed,Hind Bank E. (20m),,9793287,na,10/28/2010,15,453,10/28/2010,,1/24/2012,11/10/2011,Temp_HindFSA20m_10Oct11Nov_9793287.csv,,,,,,
Removed,Hind Bank E. (30m),,9793286,na,10/28/2010,15,453,10/28/2010,,1/24/2012,11/10/2011,Temp_HindFSA30m_10Oct11Nov_9793286.csv,,,,,,
Removed,Hind Bank E. (40m),,9793294,na,12/7/2010,15,453,12/7/2010,,3/4/2012,11/10/2011,Temp_HindFSA40m_10Oct11Nov_9793294.csv,,,,,,
Removed,Jacks Bay,,9793293,194,11/11/2010,15,453,11/11/2010,,2/7/2012,8/16/2011,Temp_Jacks_10Nov11Jul_9793293.csv,,,,,,
Removed,Kings Corner,,2023291,na,8/9/2010,15,453,8/9/2010,,11/5/2011,8/16/2011,Temp_Kings_Aug10-Jul11_202391.csv,,,,,,
Removed,Lang EEMP,,9696777,na,8/7/2010,15,453,8/7/2010,,11/3/2011,8/16/2011,Temp_LangEEMP_Aug10-Jul11_9696777.csv,,,,,,
Removed,Lang Hind,,2023290,na,8/6/2010,15,453,8/6/2010,,11/2/2011,8/16/2011,Temp_LangHind_Aug10-Jul11_2023290.csv,,,,,,
Removed,Magens,,9793276,na,9/25/2010,15,453,9/25/2010,,12/22/2011,10/25/2011,Temp_Magens_10Sep11Oct_9793276.csv,,,,,,
Removed,MCD Patch Reef,,9793275,na,9/2/2010,15,453,9/2/2010,,11/29/2011,,Temp_MCDPatch_10Sep11Nov_9793275.csv,,,,,,
Removed,MCD S166,,9793282,na,9/30/2010,15,453,9/30/2010,,12/27/2011,,Temp_MCDS166_10Sep11Dec_9793282.csv,,,,,,
Removed,Mutton,,2023287,na,8/11/2010,15,453,8/11/2010,,11/7/2011,8/16/2011,Temp_Mutton_Aug10-Jul11_2023287.csv,,,,,,
Removed,Mutton (130'),,2023288,na,8/11/2010,15,453,8/11/2010,,11/7/2011,8/16/2011,Temp_Mutton130_Aug10-Jul11_2023288.csv,,,,,,
Removed,Salt River (30m),,9696776,na,8/5/2010,15,453,8/5/2010,,,8/16/2011,Temp-Salt30m-Aug10-Jul11-9696776.csv,,,,,,
Removed,Salt River (41m),,9696774,na,8/5/2010,15,453,8/5/2010,,11/1/2011,8/16/2011,Temp-Salt41m-Aug10-Jul11-9696774.csv,,,,,,
Removed,Savana,,9793288,na,11/3/2010,15,453,11/3/2010,,1/30/2012,10/25/2011,Temp_Savana_10Nov11Oct_9793288.csv,,,,,,
Removed,Seahorse,,9793283,188,10/19/2010,15,453,10/19/2010,,1/15/2012,9/7/2011,Temp_Seahorse_10Oct11Aug_9793283.csv,,,,,,
Removed,South Capella,,9793291,na,11/19/2010,15,453,11/19/2010,,2/15/2012,11/10/2011,Temp_Scapella_10Nov11Oct_9793291.csv,,,,,,
Removed,South Fish,,9793281,281,9/28/2010,15,453,9/28/2010,,12/25/2011,1/20/2012,Temp_Sfish_10Oct11Nov_9793281.csv,,,,,,
Removed,South Water,,9793285,282,10/29/2010,15,453,10/29/2010,,1/25/2012,1/20/2012,Temp_Swater_10Nov11Nov_9793285.csv,,,,,,
Lost?,Sprat Hole,,2023293,na,8/11/2010,15,453,8/11/2010,,11/7/2011,,Not Recovered in 2011.,,,,,,
Removed,St. James,,9793279,na,9/28/2010,15,453,9/28/2010,,12/25/2011,10/25/2011,Temp_StJames_10Sep11Oct_9793279.csv,,,,,,
Stopped,Buck Is.-StT,,984683,na,7/24/2008,15,453,7/25/2008,,10/20/2009,6/23/2009,,,,,,,
Removed,El Seco VR2,,984704,176,5/30/2008,15,453,5/30/2008,,8/26/2009,5/16/2011,Temp-ElSeco-May08-Aug09-984704.csv,,,,,,
Stopped,Grammanik-Agaricia,,?,na,6/11/2009,15,453,6/11/2009,,9/7/2010,,,,,,,,
Removed,El Seco,,984708,172,5/12/2011,30,905,5/12/2011,,11/2/2013,9/30/2013,Temp_ElSeco_11May13Sep_984708.csv,,,,,,
Removed,El Seco,,984690,158,5/12/2011,30,905,5/12/2011,,11/2/2013,9/30/2013,Temp_ElSeco2_11May13Sep_984690.csv,,,,,,
Removed,Grammanik-Agaricia-50m,,1176909,155,4/20/2011,30,905,4/20/2011,,10/11/2013,3/8/2012,Temp_GramAgaricia50m_11Apr13Feb_1176909.csv,,,,,,
Removed,Grammanik-Agaricia-50m,,984680,162,4/20/2011,30,905,4/20/2011,,10/11/2013,3/11/2013,Temp_GramAgaricia50m2_11Apr13Feb_984680.csv,,,,,,
Removed,Grammanik-Agaricia-40m,,984693,175,4/20/2011,30,905,4/20/2011,,10/11/2013,3/11/2013,Temp_GramAgaricia40m2_11Apr13Feb_984693.csv,,,,,,
Removed,Grammanik-Agaricia-40m,,2023294,164,4/20/2011,30,905,4/20/2011,,10/11/2013,3/8/2013,Temp_GramAgaricia40m_11Apr13Feb_2023294.csv,,,,,,
Removed,Grammanik-Agaricia-60m,,984691,170,4/20/2011,30,905,4/20/2011,,10/11/2013,4/20/2013,Temp_GramAgaricia60m_11Apr13Apr_984691.csv,,,,,,
Removed,Grammanik-Agaricia-60m,,984713,160,4/20/2011,30,905,4/20/2011,,10/11/2013,4/21/2013,Temp_GramAgaricia60m2_11Apr13Apr_984713.csv,,,,,,
Removed,Grammanik-ADCP mooring-30m,,9793289,153,4/27/2011,30,905,4/28/2011,,10/18/2013,3/8/2013,Temp_GramADCP30m2_11Apr13Feb_9793289.csv,,,,,,
Removed,Grammanik-ADCP mooring-30m,,9837349,165,4/27/2011,30,905,4/28/2011,,10/18/2013,3/8/2013,Temp_GramADCP30m_11Apr13Feb_9837349.csv,,,,,,
Removed,Grammanik-200 feet,,2023292,167,4/19/2011,30,905,4/19/2011,,10/10/2013,12/16/2014,Temp_GinsburgTCRMP_11Apr13Feb_2023292.csv,,,,,,
Removed,Grammanik-200 feet,,2023296,168,4/19/2011,30,905,4/19/2011,,10/10/2013,12/16/2014,Temp_GinsburgTCRMP_11Apr13Feb_2023296.csv,,,,,,
Removed?,Grammanik TCRMP,,984685,173,4/22/2011,15,452,4/22/2011,,7/17/2012,10/25/2011,Temp_TigerFSA_11Apr11Oct_984685.csv,,,,,,
Removed,Flat Cay TCRMP,,984715,169,4/22/2011,15,452,4/22/2011,,7/17/2012,9/7/2011,Temp_Flat_11Apr11Aug_984715.csv,,,,,,
Lost,Salt Deep (41m),,984688,171,7/13/2011,15,452,7/13/2011,,10/7/2012,na,na,,,Not Recovered in 2012.,,,
Removed,Salt West (30m),,984686,156,7/13/2011,15,452,7/13/2011,,10/7/2012,10/11/2012,Temp_SaltWest30m_11Jul12Aug_984686.csv,,,,,,
Removed,Castle,,984704,176,7/13/2011,15,452,7/13/2011,,10/7/2012,10/11/2012,Temp_Castle_11Jul12Aug_984704.csv,,,,,,
Removed,Cane Bay (39m),,9696774,no  ID,7/13/2011,15,452,7/13/2011,,10/7/2012,8/24/2012,Temp_Cane39m_11Jul12Aug_9696774.csv,,,,,,
Removed,Cane Bay (9m),,9696776,no ID,7/13/2011,15,452,7/13/2011,,10/7/2012,8/24/2012,Temp_Cane9m_11Jul12Aug_9696776.csv,,,,,,
Removed,Great Pond,,984679,159,7/13/2011,15,452,7/13/2011,,10/7/2012,10/11/2012,Temp_GreatPond_12Jul12Sept_984679.csv,,,,,,
Removed,Sprat Hole,,984701,157,7/13/2011,15,452,7/13/2011,,10/7/2012,10/11/2012,Temp_SpratHole_11Jul12Aug_984701.csv,,,,,,
Removed,Mutton 24m,,984714,152,7/13/2011,15,452,7/13/2011,,10/7/2012,10/11/2012,Temp_Mutton24m_11Jul12Aug_984714.csv,,,,,,
Removed,Mutton 39m,,9696781,177,7/13/2011,15,452,7/13/2011,,10/7/2012,8/24/2012,Temp_Mutton39m_11Jul12Aug_9696781.csv,,,,,,
Removed,LangHindFSA,,984687,163,7/13/2011,15,452,7/13/2011,,10/7/2012,10/11/2012,Temp_LangHindFSA_11Jul12Aug_984689.csv,,,,,,
Removed,Lang EEMP,,984689,174,7/13/2011,15,452,7/13/2011,,10/7/2012,10/11/2012,Temp_LangEEMP_11Jul12Aug_984689.csv,,,,,,
Removed,KingsCorner,,984692,166,7/13/2011,15,452,7/13/2011,,10/7/2012,10/11/2012,Temp_KingsCorner_11Jul12Aug_984692.csv,,,,,,
Removed,Jacks,,984698,161,7/13/2011,15,452,7/13/2011,,10/7/2012,10/11/2012,Temp_Jacks_11Jul12Aug_984698.csv,,,,,,
Removed,Eagle,,984700,154,7/13/2011,15,452,7/13/2011,,10/7/2012,8/24/2012,Temp_Eagle_11Jul12Aug_984700.csv,,,,,,
Removed,Benner TCRMP,,9696777,184,8/30/2011,15,452,8/30/2011,,11/24/2012,9/5/2012,Temp_Benner_11Sept12Sept_9696777.csv,,,,,,
Removed,Seahorse TCRMP,,9696778,182,8/30/2011,15,452,8/30/2011,,11/24/2012,9/5/2012,Temp_Seahorse_11Sept12Sept_9696778.csv,,,,,,
Removed,BlackPt TCRMP,,2023288,183,8/31/2011,15,452,8/31/2011,,11/25/2012,10/11/2012,Temp_BlackPt_11Sept12Sept_2023288.csv,,,,,,
Removed,Flat TCRMP,,2023291,181,8/31/2011,15,452,8/31/2011,,11/25/2012,9/5/2012,Temp_Flat_11Sept12Sept_2023291.csv,,,,,,
Removed,Tiger FSA,,9793284,189,10/5/2011,15,452,10/5/2011,,12/30/2012,10/11/2012,Temp_TigerFSA_11Oct12Oct_979284.csv,,,,,,
Removed,Magens TCRMP,,9793290,192,10/5/2011,15,452,10/5/2011,,12/30/2012,11/29/2012,Temp_Magens_11Oct12Nov_9793290.csv,,,,,,
Removed,Botany TCRMP,,984718,186,10/5/2011,15,452,10/5/2011,,12/30/2012,11/29/2012,Temp_Botany_11Oct12Nov_984718.csv,,,,,,
Removed,Savana TCRMP,,9793283,188,10/5/2011,15,452,10/5/2011,,12/30/2012,11/29/2012,Temp_Savana_11Oct12Nov_9793283.csv,,,,,,
Removed,College Shoal TCRMP,,9696775,187,10/6/2011,15,452,10/6/2011,,12/31/2012,10/5/2012,Temp_College_11Oct12Sept_969775.csv,,,,,,
No Data,St. James TCRMP,,984715,169,10/6/2011,15,452,10/6/2011,,12/31/2012,na,na,,,"*Onset was unable to retrieve the data from the logger, said it was corroded**",,,
Removed,Coral Bay-TCRMP,,984716,193,10/6/2011,15,452,10/6/2011,,12/31/2012,12/10/2012,Temp_CoralBay_11Oct12Dec_984716.csv,,,,,,
Removed,South Capella TCRMP,,984706,180,10/6/2011,15,452,10/6/2011,,12/31/2012,9/18/2012,Temp_SCapella_11Oct12Dec_984706.csv,,,,,,
Removed,Hind Bank E. (40m),,9793276,198,11/1/2011,15,452,11/1/2011,,1/26/2013,11/8/2012,Temp_HindFSA40m_11Nov12Nov_9793276.csv,,,,,,
Removed,Hind Bank E. (20m),,9793288,196,11/1/2011,15,452,11/1/2011,,1/26/2013,11/8/2012,Temp_HindFSA20m_11Nov12Nov_9793288.csv,,,,,,
Removed,Hind Bank E. (30m),,9793279,197,11/1/2011,15,452,11/1/2011,,1/26/2013,11/8/2012,Temp_HindFSA30m_11Nov12Nov_9793279.csv,,,,,,
Removed,Buck Is.-StT,,9793280,190,10/21/2011,15,452,10/21/2011,,1/15/2013,1/10/2013,Temp_BuckSTT_11Oct12Dec_9793280.csv,,,,,,
Removed,Fish Bay,,2023287,179,9/16/2011,15,452,9/16/2011,,12/11/2012,10/19/2012,Temp_FishBay_11Sept12Oct_2023287.csv,,,,,,
Removed,South Water TCRMP,,2023289,191,11/29/2011,15,452,11/29/2011,,2/23/2013,4/22/2013,Temp_Swater_11Nov12Nov_2023289.csv,,,,,,
Removed,South Fish TCRMP,,2023290,185,11/29/2011,15,452,11/29/2011,,2/23/2013,12/13/2012,Temp_Sfish_11Oct12Nov_2023290.csv,,,,,,
Removed,Reef Bay (A.Ruffo thesis),,9793285,282,2/6/2012,15,452,2/6/2012,,5/3/2013,7/2/2013,Temp_ReefBay_12Feb13May_9793285.csv,,,,,,
Removed,MCD S166 (42m),,9793281,281,5/26/2012,30,913,5/26/2012,,11/25/2014,6/13/2013,Temp_MCDS166_12May13May_9793281,,,,,,
Removed,MCD S166 (42m),,9793287,388,5/26/2012,30,913,5/26/2012,,11/25/2014,6/13/2013,Temp_MCDS166b_12May13May_9703287,,,,,,
Removed,Rick (Hassel Is. 17:30 39 feet),,9696780,195,5/30/2012,15,452,6/3/2012,,8/25/2013,8/13/2013,Temp_Hassel_12May13Aug_9696780,,,,,,
Lost,Salt Deep (40m),,10192566,na,8/19/2012,15,452,8/19/2012,,11/14/2013,na,na,,,*could not find logger in 2013,,,
Removed,Salt Int (29m),,9793293,194,8/11/2012,15,452,8/11/2012,,11/6/2013,9/5/2013,Temp_SaltInt29m_12Aug13Aug_9793293.csv,,,,,,
Removed,Castle,,10192571,163,8/15/2012,15,452,8/15/2012,,11/10/2013,9/5/2013,Temp_Castle_12Aug13Aug_10192571.csv,,,,,,
Removed,Cane Bay (39m),,9793275,390,8/12/2012,15,452,8/12/2012,,11/7/2013,8/30/2013,Temp_Cane39_12Aug13Aug_9793275.csv,,,,,,
Removed,Cane Bay (9m),,9793286,386,8/12/2012,15,452,8/12/2012,,11/7/2013,8/30/2013,Temp_Cane9m_12Aug13Aug_9793286.csv,,,,,,
Removed,Great Pond,,9793291,385,8/14/2012,15,452,8/14/2012,,11/9/2013,8/30/2013,Temp_GreatPond_12Aug13Aug_9793291.csv,,,,,,
Removed,Sprat Hole,,10192583,na,8/15/2012,15,452,8/15/2012,,11/10/2013,10/11/2013,Temp_SpratHole_12Aug13Sep_10192583.csv,,,,,,
Removed,Mutton 24m,,10192575,na,8/17/2012,15,452,8/17/2012,,11/12/2013,8/30/2013,Temp_Mutton24m_12Aug13Aug_10192575.csv,,,,,,
Removed,Mutton 39m,,10192574,na,8/17/2012,15,452,8/17/2012,,11/12/2013,8/30/2013,Temp_Mutton39m_12Aug13Aug_10192574.csv,,,,,,
Removed,LangHindFSA,,9793294,383,8/15/2012,15,452,8/15/2012,,11/10/2013,8/30/2013,Temp_LangHindFSA_12Aug13Aug_9793294.csv,,,,,,
Removed,Lang EEMP,,10035155,283,8/14/2012,15,452,8/14/2012,,11/9/2013,9/5/2013,Temp_LangEEMP_12Aug13Aug_10035155.csv,,,,,,
Removed,KingsCorner,,10192572,na,8/16/2012,15,452,8/16/2012,,11/11/2013,8/30/2013,Temp_KingsCorner_12Aug13Aug_10192572.csv,,,,,,
Removed,Jacks,,9793282,391,8/13/2012,15,452,8/13/2012,,11/8/2013,9/5/2013,Temp_Jacks_12Aug13Aug_9793282.csv,,,,,,
Removed,Eagle,,10192582,303,8/17/2012,15,452,8/14/2012,,11/12/2013,8/30/2013,Temp_Eagle_12Aug13Aug_10192582.csv,,,,,,
Removed,Rick (Fiji),,10192569,286,8/23/2012,5,118,8/23/2012,,12/19/2012,10/1/2012,Temp_Fiji_12Aug12Sep_10192569.hobo,,,,,,
Removed,South Capella TCRMP 25m,,10192569,395,9/13/2012,15,452,9/13/2012,,12/9/2013,11/14/2013,Temp_Scapella25m_12Sept13Nov_10192571.csv,,,,,,
Removed,Range TCRMP,,10192570,396,10/4/2012,15,452,10/4/2012,,12/30/2013,3/8/2013,Temp_Range_12Oct13Feb_10192570.csv,,,,,,
Removed,College Shoal TCRMP,,10192567,397,10/4/2012,15,452,10/4/2012,,12/30/2013,10/15/2013,Temp_College_12Oct13OCt_10192567.csv,,,,,,
Removed,Seahorse,,10192577,392,9/1/2012,15,452,9/1/2012,,11/27/2013,10/25/2013,Temp_Seahorse_12Sept13Oct_10192577.csv,,,,,,
Removed,Benner,,10192561,285,9/1/2012,15,452,9/1/2012,,11/27/2013,10/25/2013,Temp_Benner_12Sept13Oct_10192561.csv,,,,,,
no data,Flat Cay,,10192576,394,9/1/2012,15,452,9/1/2012,,11/27/2013,10/25/2013,na,,,"Bad data file, received an error: An invalid interval value has been encountered in this datafile and replaced by an end of file event",,,
Removed,Black Point,,10192560,393,9/1/2012,15,452,9/1/2012,,11/27/2013,10/25/2013,Temp_BlackPt_12Sept13Oct_10192560.csv,,,,,,
Removed,Fish,,9696774,399,9/1/2012,15,452,9/1/2012,,11/27/2013,4/15/2014,Temp_FishBay_12Oct13Sep_9696774.csv,,,,,,
Removed,TigerFSA,,9696776,400,10/9/2012,15,452,10/9/2012,,1/4/2014,10/11/2013,Temp_TigerFSA_12Oct13Oct_9696776.csv,,,,,,
Removed,HindFSA 20m,,10192585,456,11/6/2012,15,452,11/6/2012,,2/1/2014,10/15/2013,Temp_HindFSA20m_12Nov13Oct_10192585.csv,,,,,,
Removed,HindFSA 30m,,10192568,454,11/6/2012,15,452,11/6/2012,,2/1/2014,10/15/2013,Temp_HindFSA30m_12Nov13Oct_10192568.csv,,,,,,
Removed,HindFSA 40m,,10192584,455,11/6/2012,15,452,11/6/2012,,2/1/2014,10/15/2013,Temp_HindFSA40m_12Nov13Oct_10192584.csv,,,,,,
Lost,Acropora Hans Lollick,,9793284,463,3/22/2013,15,452,3/23/2013,,6/17/2014,na,na,,,Rob Brewer went to look for the logger but it was not there.,,,
Removed,Grammanik Agaricia 40m,,10221321,475,2/21/2013,30,913,2/21/2013,,8/23/2015,1/21/2015,Temp_GramAgaricia40m_13Apr14Dec_10221321.csv,,,,,,
Removed,Grammanik Agaricia 40m2,,10221323,476,2/21/2013,30,913,2/21/2013,,8/23/2015,1/21/2015,Temp_GramAgaricia40m2_13Apr14Dec_10221323.csv,,,,,,
Removed,Grammanik Agaricia 50m,,10221315,477,2/21/2013,30,913,2/21/2013,,8/23/2015,1/21/2015,Temp_GramAgaricia_50m_13Apr14Dec_10221315.csv,,,,,,
Removed,Grammanik Agaricia 50m2,,9696777,462,2/21/2013,30,913,2/21/2013,,8/23/2015,1/21/2015,Temp_GramAgaricia_50m2_13Apr14Dec_9696777.csv,,,,,,
Removed,Grammanik Agaricia 60m,,10221319,479,2/21/2013,30,913,2/21/2013,,8/23/2015,3/27/2015,Temp_Ginsburg60m_13Apr15Mar_10221319.csv,,,,,,
Removed,Grammanik Agaricia 60m2,,9793283,188,2/21/2013,30,913,2/21/2013,,8/23/2015,3/27/2015,Temp_Ginsburg60m2_13Apr15Mar_9793283.csv,,,,,,
Removed,Grammanik ADCP 30m,,10221317,472,2/21/2013,30,913,2/21/2013,,8/23/2015,1/21/2015,Temp_GramADCP30m_13Feb14Dec_10221317.csv,,,,,,
Removed,Grammanik ADCP 30m,,9793288,458,2/21/2013,30,913,2/21/2013,,8/23/2015,1/21/2015,Temp_GramADCP30m2_13Feb14Dec_9793288.csv,,,,,,
Removed,Ginsburg TCRMP,,10221320,473,2/22/2013,30,913,2/22/2013,,8/24/2015,12/10/2013,Temp_GinsburgTCRMP_13Feb13Dec_10221320.csv,,,,,,
Removed,Ginsburg TCRMP 2,,9696778,460,2/23/2013,30,913,2/23/2013,,8/25/2015,12/10/2013,Temp_GinsburgTCRMP2_13Feb13Dec_9696778.csv,,,,,,
Removed,Buck Island STT,,10221316,478,12/10/2012,15,452,12/10/2012,,3/7/2014,10/29/2013,Temp_BuckIslandSTT_12Dec13Oct_10221316.csv,,,,,,
Removed,South Water TCRMP,,10192586,469,11/29/2012,15,452,11/29/2012,,2/24/2014,11/25/2013,Temp_SouthWater_12Nov13Nov_1019256.csv,,,,,,
Removed,St. James TCRMP,,10221314,468,11/30/2012,15,452,11/30/2012,,2/25/2014,10/16/2013,Temp_StJames_12Nov13Oct_1022131.csv,,,,,,
Removed,South Fish TCRMP,,10221312,470,12/3/2012,15,452,12/3/2012,,2/28/2014,10/16/2013,Temp_MeriShoal_12Nov13Oct_10221213.csv,,,,,,
Removed,Coral Bay TCRMP,,10192562,471,12/3/2012,15,452,12/3/2012,,2/28/2014,1/20/2014,Temp_CoralBay_12Dec14Jan_10192562.csv,,,,,,
Removed,Magens TCRMP,,10221318,465,11/19/2012,15,452,11/19/2012,,2/14/2014,3/20/2014,Temp_Magens_12Nov14Feb_10221318.csv,,,,,,
Removed,Botany TCRMP,,10221322,466,11/20/2012,15,452,11/20/2012,,2/15/2014,10/29/2013,Temp_Botany_12Nov13Oct_10221322.csv,,,,,,
Removed,Savana TCRMP,,10221311,467,11/21/2012,15,452,11/21/2012,,2/16/2014,10/29/2013,Temp_Savana_12Nov13Oct_10221311.csv,,,,,,
Removed,Botany Bay Acropora,,9793276,459,3/29/2013,15,452,3/29/2013,,6/24/2014,7/9/2014,Temp_Botany_Acropora_13Mar14Jun_9793276.csv,,,,,,
Removed,Flat Cay Acropora,,9696781,398,3/29/2013,15,452,3/29/2013,,6/24/2014,7/9/2014,Temp_Flat_Acropora_13Mar14Jun_9696781.csv,,,,,,
Removed,Green Cay Acropora,,9793284,463,3/29/2013,15,452,3/29/2013,,6/24/2014,7/9/2014,Temp_GreenCay_Acropora_13Mar14Jun_9793284.csv,,,,,,
Running,MCD Patch Reef,,10192564,491,5/11/2013,15,452,5/11/2013,,8/6/2014,,,,,,,,
Removed,South Capella 37m,,9793279,457,5/4/2013,15,452,5/4/2013,,7/30/2014,1/15/2015,Temp_Scapella_13May14Jul_9793279.csv,,,,,,
Running,MCD S166,,10302372,489,5/13/2013,30,913,5/13/2013,,11/12/2015,,,,,,,,
Running,MCD S166 b,,10302369,494,5/13/2013,30,913,5/14/2013,,11/12/2015,,,,,,,,
Removed,Cow & Calf Acropora,,10302369,494,5/16/2013,15,452,5/16/2013,,8/11/2014,1/21/2015,Temp_CowCalf_13May14Aug_10302369.csv,,,,,,
Running,Inner Brass Acropora,,10302373,482,6/25/2013,15,452,6/25/2013,,9/20/2014,,,,,,,,
Removed,Hans Lollick Acropora,,10221313,474,6/27/2013,15,452,6/27/2013,,9/22/2014,12/3/2014,Temp_HansLollick_Acropora_13Jun14Sep_10221313.csv,,,,,,
Removed,Rams Head Acropora,,10192570,497,7/1/2013,15,452,7/1/2013,,9/26/2014,1/21/2015,Temp_RamsHead_13Jul14Sep_10192570.csv,,,,,,
Removed,Reef Bay Acropora,,10306844,492,7/1/2013,15,452,7/1/2013,,9/26/2014,1/21/2015,Temp_ReefBay_13Jul14Sep_10306844.csv,,,,,,
Lost,Yawzi Acropora,,10306848,485,7/1/2013,15,452,7/1/2013,,9/26/2014,na,na,,,logger was lost,,,
Removed,Botany Bay (Moriah),,10306849,486,7/12/2013,15,452,7/12/2013,,10/7/2014,1/21/2014,Temp_BotanyM_13Jul14Jan_10306849.csv,,,,,,
Running,Thatch (Acropora),,10302376,484,7/5/2013,15,452,7/5/2013,,9/30/2014,,,,,,,,
Removed,Salt Deep (40m),,10306847,495,8/10/2013,15,452,8/10/2013,,11/5/2014,10/16/2014,Temp_SaltDeep40m_13Aug14Oct_10306847.csv,,,,,,
Removed,Salt Int (29m),,10302371,480,8/10/2013,15,452,8/10/2013,,11/5/2014,10/16/2014,Temp_SaltInt29m_13Aug14Oct_10302371.csv,,,,,,
Removed,Cane Bay (39m),,10302374,487,8/10/2013,15,452,8/10/2013,,11/5/2014,10/16/2014,Temp_Cane39m_13Aug14Oct_10302374.csv,,,,,,
Removed,Cane Bay (9m),,10306850,488,8/10/2013,15,452,8/10/2013,,11/5/2014,10/16/2014,Temp_Cane9m_13Aug14Oct_10306850.csv,,,,,,
Removed,Great Pond,,10306846,483,8/10/2013,15,452,8/10/2013,,11/5/2014,10/16/2014,Temp_GreatPond_13Aug14Oct_10306846.csv,,,,,,
Removed,Mutton 24m,,9733721,296,8/10/2013,15,452,8/10/2013,,11/5/2014,10/16/2014,Temp_Mutton24m_13Aug14Oct_9733721.csv,,,"Logger was supposed to go to Sprat Hole but got Switched, so indeed this logger was at Mutton24m.",,,
Removed,Mutton 39m,,10306845,481,8/10/2013,15,452,8/10/2013,,11/5/2014,10/29/2014,Temp_Mutton39m_13Aug14Oct_10306845.csv,,,,,,
Removed,Lang Hind FSA,,10302370,287,8/10/2013,15,452,8/10/2013,,11/5/2014,10/29/2014,Temp_LangHindFSA_13Aug13Oct_10302370.csv,,,,,,
Removed,Lang EEMP,,1176909,500,8/10/2013,15,452,8/10/2013,,11/5/2014,10/16/2014,Temp_LangEEMP_13Aug14Oct_1176909.csv,,,,,,
Removed,Kings Corner,,9733723,294,8/10/2013,15,452,8/10/2013,,11/5/2014,10/29/2014,Temp_KingsCorner_13Aug14Oct_9733723.csv,,,,,,
Removed,Jacks,,9733733,298,8/10/2013,15,452,8/10/2013,,11/5/2014,10/16/2014,Temp_Jacks_13Aug14Oct_9733733.csv,,,,,,
Removed,Eagle,,9733727,299,8/10/2013,15,452,8/10/2013,,11/5/2014,1/21/2015,Temp_Eagle_13Aug14Nov_9733727.csv,,,,,,
Removed,Castle,,9733724,295,8/10/2013,15,452,8/10/2013,,11/5/2014,1/21/2015,Temp_Castle_13Aug14Nov_9733724.csv,,,,,,
Removed,Sprat Hole,,9733726,499,9/6/2013,15,452,9/6/2013,,12/2/2014,10/29/2014,Temp_Sprathole_13Sept14Oct_9733726.csv,,,,,,
Removed,Hendrick Bay (Moriah),,9733729,297,8/20/2013,15,452,8/20/2013,,11/15/2014,2/12/2014,Temp_HendrickBay_13Aug14Feb_9733729.csv,,,,,,
Removed,Tutu (Moriah),,9733728,291,8/20/2013,15,452,8/21/2013,,11/15/2014,1/21/2014,Temp_TutuM_13Aug14Jan_9733728.csv,,,,,,
Removed,Dorothea (Moriah),,9733720,293,8/20/2013,15,452,8/22/2013,,11/15/2014,1/21/2014,Temp_DorotheaM_13Sep14Jan_9733720.csv,,,,,,
Removed,El Seco,,9733730,na,9/13/2013,30,913,9/13/2013,,3/14/2016,8/8/2017,Temp_ElSeco_13Sep_15Oct_9733730.csv,,,,,,
Removed,El Seco,,9733731,na,9/13/2013,30,913,9/13/2013,,3/14/2016,na,na,,,missing logger but try to look for data that may have been offloaded,,,
Removed,TigerFSA,,9733732,na,10/11/2013,15,452,10/11/2013,,1/6/2015,4/22/2014,Temp_TigerFSA_13Oct14Apr_9733732.csv,,,,,,
Removed,HindFSA 20m,,9733722,999,10/12/2013,15,452,10/11/2013,,1/7/2015,12/3/2014,Temp_HindFSA20m_13Oct14Nov_9733722.csv,,,,,,
Removed,HindFSA 30m,,9733725,998,10/12/2013,15,452,10/11/2013,,1/7/2015,12/3/2014,Temp_HindFSA30m_13Oct14Nov_9733725.csv,,,,,,
Removed,HindFSA 40m,,9733719,997,10/12/2013,15,452,10/11/2013,,1/7/2015,12/3/2014,Temp_HindFSA40m_13Oct14Nov_9733719.csv,,,,,,
Removed,College Shoal TCRMP,,10192574,290,10/13/2013,15,452,10/13/2013,,1/8/2015,12/3/2014,Temp_College_13Oct14Nov_10192574.csv,,,,,,
Removed,St. James TCRMP,,9793275,289,10/15/2013,15,452,10/15/2013,,1/10/2015,1/21/2015,Temp_StJames_13Oct14Dec_9793275.csv,,,,,,
Removed,Meri Shoal,,9793282,386,10/15/2013,15,452,10/15/2013,,1/10/2015,1/21/2015,Temp_MeriShoal_13Oct14Dec_9793282.csv,,,,,,
Removed,Seahorse,,10192583,302,10/22/2013,15,452,10/22/2013,,1/17/2015,10/29/2014,Temp_Seahorse_13Oct14Oct_10192583.csv,,,,,,
Removed,Benner Bay,,10192582,303,10/22/2013,15,452,10/22/2013,,1/17/2015,10/29/2014,Temp_Benner_13Oct14Oct_10192582.csv,,,,,,
Removed,Flat Cay,,9793286,288,10/22/2013,15,452,10/22/2013,,1/17/2015,10/29/2014,Temp_Flat_13Oct14Oct_9793286.csv,,,,,,
Removed,Black Point,,10192572,300,10/22/2013,15,452,10/22/2013,,1/17/2015,10/29/2014,Temp_BlackPt_13Oct14Oct_10192572.csv,,,,,,
Removed,Buck Island STT,,9793281,281,10/29/2013,15,452,10/29/2013,,1/24/2015,1/21/2015,Temp_BuckSTT_13Oct14Dec_9793281.csv,,,,,,
Removed,Botany Bay,,9793293,,10/29/2013,15,452,10/29/2013,,1/24/2015,12/3/2014,Temp_Botany_13Oct14Nov_9793293.csv,,,,,,
Removed,Savana,,10035155,383,10/29/2013,15,452,10/29/2013,,1/24/2015,12/3/2014,Temp_Savana_13Oct14Nov_10035155.csv,,,,,,
Removed,South Capella,,10192571,498,11/5/2013,15,452,11/5/2013,,1/31/2015,1/21/2015,Temp_Scapella_13Nov14Dec_10192571.csv,,,,,,
Removed,South Water,,9793285,282,11/22/2013,15,452,11/22/2013,,2/17/2015,12/3/2014,Temp_Swater_13Nov14Dec_9793285.csv,,,,,,
Removed,Ginsburg TCRMP,,9696780,292,12/10/2013,30,913,12/10/2013,,6/10/2016,4/22/2014,Temp_GinsburgTCRMP_13Dec14Apr_9696780.csv,,,,,,
Removed,Ginsburg TCRMP 2,,9793291,390,12/10/2013,30,913,12/10/2013,,6/10/2016,4/22/2014,Temp_GinsburgTCRMP_13Dec14Apr_9793291.csv,,,,,,
Removed,Hendrick Bay (Moriah),,10192585,489,2/4/2014,15,452,2/4/2014,,5/2/2015,8/7/2014,Temp_HendrickBayM_14Feb14Jul_10192585.csv,,,,,,
Removed,Flat Cay (duplicate),,10221314,483,1/14/2014,15,452,1/15/2014,,4/11/2015,10/29/2014,Temp_Flat_14Jan14Oct_10221314.csv,,,,,,
Removed,Black Point (duplicate),,10192560,495,1/14/2014,15,452,1/15/2014,,4/11/2015,10/29/2014,Temp_BlackPt_14Jan14Oct_10192560.csv,,,,,,
Removed,Seahorse (duplicate),,10192577,497,1/15/2014,15,452,1/15/2014,,4/12/2015,10/29/2014,Temp_Seahorse_14Jan14Oct_10192577.csv,,,,,,
Removed,Benner (Coculus Rock duplicate),,10192561,498,1/15/2014,15,452,1/15/2014,,4/12/2015,10/29/2014,Temp_Benner_14Jan14Oct_10192561.csv,,,,,,
Removed,Fish Bay,,10192568,496,1/20/2014,15,452,1/20/2014,,4/17/2015,1/21/2015,Temp_FishBay_14Jan14Dec_10192568.csv,,,,,,
Removed,Coral Bay,,10221311,490,1/20/2014,15,452,1/20/2014,,4/17/2015,1/21/2015,Temp_CoralBay_14Jan14Dec_10221311.csv,,,,,,
Removed,Tutu (Moriah),,10192567,481,1/18/2014,15,452,1/18/2014,,4/15/2015,8/7/2014,Temp_TutuM_14Jan14Jul_10192567.csv,,,,,,
Removed,Dorothea (Moriah),,10192569,491,1/18/2014,15,452,1/18/2014,,4/15/2015,8/7/2014,Temp_DoretheaM_14Jan14Jul_10192569.csv,,,,,,
Removed,Botany Bay (Moriah),,10221316,480,1/18/2014,15,452,1/18/2014,,4/15/2015,8/7/2014,Temp_BotanyBayM_14Jan14Jul_10221316.csv,,,,,,
Removed,Magen's Bay TCRMP,,9793287,388,3/18/2014,15,452,3/18/2014,,6/13/2015,12/3/2014,Temp_Magens_14Mar14Nov_9793287.csv,,,,,,
Removed,Tiger FSA,,10221312,482,4/4/2014,15,452,4/4/2014,,6/30/2015,1/15/2015,Temp_TigerFSA_14Apr14Dec_10221312.csv,,,,,,
Removed,Tiger FSA,,10192584,492,4/4/2014,15,452,4/4/2014,,6/30/2015,1/15/2015,Temp_TigerFSA_14Apr14Dec_10192584.csv,,,,,,
Removed,Ginsberg TCRMP,,10455135,484,4/4/2014,30,913,4/4/2014,,10/3/2016,1/15/2015,Temp_GinsburgTCRMP_14Apr14Dec_10455135.csv,,,,,,
Removed,Ginsberg TCRMP,,10455138,485,4/4/2014,30,913,4/4/2014,,10/3/2016,1/15/2015,Temp_GinsburgTCRMP_14Apr14Dec_10455138.csv,,,,,,
Removed,Disease Diversity Study,,10455136,488,5/29/2014,5,150,5/28/2014,,10/26/2014,8/3/2015,Temp_DiseaseDiversity_14May14Oct_10455136.csv,,,,,,
Removed,Sprat Hole (STX),,10606033,323,10/8/2014,15,452,10/9/2014,,1/3/2016,11/14/2014,Temp_SpratHole_Oct14_10606033.hobo,,,,,,
Removed,Lang Hind FSA (STX),,10606028,855,10/8/2014,15,452,10/9/2014,,1/3/2016,11/14/2014,Temp_LangHindFSA_Oct14_10606028.hobo,,,,,,
Removed,Lang EEMP (STX),,10606029,305,10/8/2014,15,452,10/9/2014,,1/3/2016,11/14/2014,Temp_LangEEMP_Oct14_10606029.hobo,,,,,,
Removed,Kings Corner (STX),,10605984,396,10/8/2014,15,452,10/9/2014,,1/3/2016,11/14/2014,Temp_KingsCorner_Oct14_10605984.hobo,,,,,,
Removed,Jacks (STX),,10606027,398,10/8/2014,15,452,10/9/2014,,1/3/2016,11/14/2014,Temp_Jacks_Oct14_10606027.hobo,,,,,,
Removed,Great Pond (STX),,10605986,847,10/8/2014,15,452,10/9/2014,,1/3/2016,1/4/2016,Temp_GreatPond_Oct14_10605986.hobo,,,,,,
Removed,Cane 9m (STX),,10605979,861,10/8/2014,15,452,10/9/2014,,1/3/2016,11/14/2014,Temp_Cane9m_Oct14_10605979.hobo,,,Ordered replacement logger from Onset for this one.,,,
Removed,Cane 39m (STX),,10606030,382,10/8/2014,15,452,10/9/2014,,1/3/2016,11/14/2014,Temp_Cane39m_Oct14_10606030.hobo,,,Ordered replacement logger from Onset for this one.,,,
Removed,Cane 39m (STX),,10606032,843,10/8/2014,15,452,10/9/2014,,1/3/2016,11/14/2014,Temp_Cane39m_Oct14_10606032.hobo,,,Ordered replacement logger from Onset for this one.,,,
Removed,Salt Deep 40m (STX),,10605990,378,10/8/2014,15,452,10/9/2014,,1/3/2016,11/14/2014,Temp_SaltDeep40m_Oct14_10605990.hobo,,,Ordered replacement logger from Onset for this one.,,,
Removed,Salt Int 29m (STX),,10605985,813,10/8/2014,15,452,10/9/2014,,1/3/2016,11/14/2014,Temp_SaltInt29m_Oct14_10605985.hobo,,,Ordered replacement logger from Onset for this one.,,,
Removed,Mutton 24m (STX),,10605987,397,10/8/2014,15,452,10/9/2014,,1/3/2016,11/14/2014,Temp_Mutton24m_Oct14_10605987.hobo,,,Ordered replacement logger from Onset for this one.,,,
Removed,Mutton 39m (STX,,10605989,377,10/8/2014,15,452,10/9/2014,,1/3/2016,11/14/2014,Temp_Mutton39m_Oct14_10605989.hobo,,,Ordered replacement logger from Onset for this one.,,,
Removed,Seahorse,,10606031,857,10/20/2014,15,452,10/20/2014,,1/15/2016,9/11/2015,Temp_Seahorse_14Oct_10606031.csv,,,Ordered replacement logger from Onset for this one.,,,
Removed,Seahorse,,10605988,815,10/20/2014,15,452,10/20/2014,,1/15/2016,9/11/2015,Temp_Seahorse_14Oct_10605988.hobo,,,Ordered replacement logger from Onset for this one.,,,
Removed,Benner,,10606035,380,10/20/2014,15,452,10/20/2014,,1/15/2016,9/11/2015,Temp_Benner_14Oct_10606035.hobo,,,Ordered replacement logger from Onset for this one.,,,
Removed,Benner,,10606036,399,10/20/2014,15,452,10/20/2014,,1/15/2016,9/11/2015,Temp_Benner_14Oct_10606036.hobo,,,Ordered replacement logger from Onset for this one.,,,
Removed,Flat Cay,,10606034,379,10/20/2014,15,452,10/20/2014,,1/15/2016,9/11/2015,Temp_Flat_14Oct_10606034.hobo,,,Ordered replacement logger from Onset for this one.,,,
Removed,Flat Cay,,10605978,400,10/20/2014,15,452,10/20/2014,,1/15/2016,9/11/2015,Temp_Flat_14Oct_10605978.hobo,,,Ordered replacement logger from Onset for this one.,,,
Removed,Black Point,,10605981,302,10/20/2014,15,452,10/20/2014,,1/15/2016,9/11/2015,Temp_BlackPt_14Oct_10605981.hobo,,,Ordered replacement logger from Onset for this one.,,,
Removed,Black Point,,10605980,384,10/20/2014,15,452,10/20/2014,,1/15/2016,9/11/2015,Temp_BlackPt_14Oct_10605980.hobo,,,Ordered replacement logger from Onset for this one.,,,
Running,Hans Lollick Acropora,,10302374,788,11/12/2014,15,452,11/12/2014,,2/7/2016,,,,,Ordered replacement logger from Onset for this one.,,,
Running,Botany Acropora,,10306850,866,11/12/2014,15,452,11/12/2014,,2/7/2016,,,,,Ordered replacement logger from Onset for this one.,,,
Removed,College Shoal,,10606276,292,11/12/2014,15,452,11/12/2014,,2/7/2016,11/16/2015,Temp_CollegeShoal_14Nov_10606276.hobo,,,Ordered replacement logger from Onset for this one.,,,
Removed,Acoustic Range Test 1 (R.Nemeth),,10192560,495,11/14/2014,15,452,11/14/2014,,2/9/2016,12/21/2014,Temp_AcousticRangeTest1_14Nov_10192560.hobo,,,Ordered replacement logger from Onset for this one.,,,
Removed,Acoustic Range Test 3 (R.Nemeth),,10192583,302,11/14/2014,15,452,11/14/2014,,2/9/2016,12/21/2014,Temp_AcousticRangeTest3_14Nov_10192583.hobo,,,Ordered replacement logger from Onset for this one.,,,
Removed,Acoustic Range Test 4 (R.Nemeth),,10192572,300,11/14/2014,15,452,11/14/2014,,2/9/2016,11/18/2014,Temp_AcousticRangeTest4_14Nov_10192572.hobo,,,Ordered replacement logger from Onset for this one.,,,
Removed,Acoustic Range Test 5 (R.Nemeth),,10302371,786,11/14/2014,15,452,11/14/2014,,2/9/2016,12/21/2014,Temp_AcousticRangeTest5_14Nov_10302371.hobo,,,Ordered replacement logger from Onset for this one.,,,
Removed,Magens,,10192582,499,11/19/2014,15,452,11/19/2014,,2/14/2016,12/26/2014,Temp_Magens_14Nov_10192582.hobo,,,Ordered replacement logger from Onset for this one.,,,
Removed,Botany,,10587898,304,11/19/2014,15,452,11/19/2014,,2/14/2016,12/26/2014,Temp_Botany_14Nov_10587898.hobo,,,Ordered replacement logger from Onset for this one.,,,
Removed,BuckSTT,,10629067,790,11/19/2014,15,452,11/19/2014,,2/14/2016,9/8/2015,Temp_BuckSTT_14Nov_10629067.hobo,,,Ordered replacement logger from Onset for this one.,,,
Removed,South Water,,10629062,800,11/19/2014,15,452,11/19/2014,,2/14/2016,10/21/2015,Temp_SWater_14Nov_10629062.hobo,,,Ordered replacement logger from Onset for this one.,,,
Removed,Savana,,10629066,770,11/19/2014,15,452,11/19/2014,,2/14/2016,12/30/2014,Temp_Savana_14Nov_10629066.hobo,,,Ordered replacement logger from Onset for this one.,,,
Removed,Coral Bay,,10629068,767,11/24/2014,15,452,11/24/2014,,2/19/2016,10/21/2015,Temp_CoralBay_14Nov_10629068.hobo,,,Ordered replacement logger from Onset for this one.,,,
Removed,Fish Bay,,10629070,763,11/24/2014,15,452,11/24/2014,,2/19/2016,10/21/2015,Temp_FishBay_14Nov_10629070.hobo,,,Ordered replacement logger from Onset for this one.,,,
Removed,Meri Shoal,,10606275,785,11/24/2014,15,452,11/24/2014,,2/19/2016,12/31/2014,Temp_MeriShoal_14Nov_10606275.hobo,,,Ordered replacement logger from Onset for this one.,,,
Running,Rams Head Acropora,,10221314,483,11/24/2014,15,452,11/24/2014,,2/19/2016,,,,,Ordered replacement logger from Onset for this one.,,,
Running,Reef Bay Acropora,,10192577,497,11/24/2014,15,452,11/24/2014,,2/19/2016,,,,,Ordered replacement logger from Onset for this one.,,,
Running,Yawzi Point Acropora,,10629071,797,11/24/2014,15,452,11/24/2014,,2/19/2016,,,,,Ordered replacement logger from Onset for this one.,,,
Running,Cow and Calf Acropora,,10605982,850,11/24/2014,15,452,11/24/2014,,2/19/2016,,,,,Ordered replacement logger from Onset for this one.,,,
Running,Green Cay Acropora,,10629059,792,11/24/2014,15,452,11/24/2014,,2/19/2016,,,,,Ordered replacement logger from Onset for this one.,,,
Running,Flat Cay Acropora,,10306846,789,11/24/2014,15,452,11/24/2014,,2/19/2016,,,,,Ordered replacement logger from Onset for this one.,,,
Removed,HindFSA40m,,10629076,768,12/1/2014,15,452,12/1/2014,,2/26/2016,11/16/2015,Temp_HindFSA40m_14Dec_10629076.hobo,,,Ordered replacement logger from Onset for this one.,,,
Removed,St. James,,10629063,598,12/1/2014,15,452,12/1/2014,,2/26/2016,10/21/2015,Temp_StJames_14Dec_10629063.hobo,,,Ordered replacement logger from Onset for this one.,,,
Removed,South Capella,,10606278,877,12/1/2014,15,452,12/1/2014,,2/26/2016,10/21/2015,Temp_SouthCapella_14Dec_10606278.hobo,,,Ordered replacement logger from Onset for this one.,,,
Running,South Capella 37m,,10629069,764,12/1/2014,15,452,12/1/2014,,2/26/2016,,ask tyler,,,Ordered replacement logger from Onset for this one.,,,
Removed,Tiger FSA,,10629075,798,12/1/2014,15,452,12/1/2014,,2/26/2016,1/16/2015,Temp_TigerFSA_14Dec_10629075.hobo,,,Ordered replacement logger from Onset for this one.,,,
Removed,Tiger FSA,,10629074,766,12/1/2014,15,452,12/1/2014,,2/26/2016,1/16/2015,Temp_TigerFSA_14Dec_10629074.hobo,,,,,,
Removed,Ginsburg 63m,,10629077,772,12/1/2014,15,452,12/1/2014,,2/26/2016,11/16/2015,Temp_Ginsburg63m_14Dec_10629077.hobo,,,,,,
Removed,Ginsburg 63m,,10629064,771,12/1/2014,15,452,12/1/2014,,2/26/2016,11/16/2015,Temp_Ginsburg63m_14Dec_10629064.hobo,,,,,,
Removed,Castle (STX),,10629060,769,12/1/2014,15,452,12/1/2014,,2/26/2016,1/8/2015,Temp_Castle_14Dec_10629060.hobo,,,,,,
Removed,Eagle Ray (STX),,10629061,765,12/1/2014,15,452,12/1/2014,,2/26/2016,10/6/2015,Temp_Eagle_14Dec_10629061.hobo,,,,,,
Lost,North Drop 60mB,,10745001,96,7/9/2015,30,913,7/9/2015,,1/7/2018,na,na,,,,,,
Lost,North Drop 60mA,,10744991,83,7/9/2015,30,913,7/9/2015,,1/7/2018,na,na,,,,,,
Removed,North Drop 50mB,,10745002,747,7/9/2015,30,913,7/9/2015,,1/7/2018,3/1/2016,Temp_NorthDrop50mB_15Jul_10745002.hobo,,,,,,
Removed,North Drop 50mA,,10744990,97,7/9/2015,30,913,7/9/2015,,1/7/2018,3/1/2016,Temp_NorthDrop50mA_15Jul_10744990.hobo,,,,,,
Removed,North Drop 40mB,,10744994,99,7/9/2015,30,913,7/9/2015,,1/7/2018,3/1/2016,Temp_NorthDrop40mB_15Jul_10744994.hobo,,,,,,
Removed,North Drop 40mA,,10744989,100,7/9/2015,30,913,7/9/2015,,1/7/2018,3/1/2016,Temp_NorthDrop40mA_15Jul_10744989.hobo,,,,,,
Removed,North Drop 30mB,,10744982,63,7/9/2015,30,913,7/9/2015,,1/7/2018,3/1/2016,Temp_NorthDrop30mB_15Jul_10744982.hobo,,,,,,
Removed,North Drop 30mB,,10744993,93,7/9/2015,30,913,7/9/2015,,1/7/2018,3/1/2016,Temp_NorthDrop30mA_15Jul_10744993.hobo,,,,,,
Removed,BuckSTT,,10221321,760,8/5/2015,15,438,8/5/2015,,10/16/2016,10/30/2016,Temp_BuckSTT_15Aug_10221321.csv,,,,,,
Removed,Seahorse,,10776979,726,9/9/2015,15,438,9/92015,,11/20/2016,12/4/2016,Temp_Seahorse_090915_10776979.csv,,,,,,
Removed,Seahorse,,10587895,364,9/9/2015,15,438,9/92015,,11/20/2016,12/4/2016,Temp_Seahorse_090915_10587895.csv,,,,,,
Removed,Benner,,10777030,59,9/9/2015,15,438,9/92015,,11/20/2016,12/4/2016,Temp_Benner_090915_10777030.csv,,,,,,
Removed,Benner,,10192561,498,9/9/2015,15,438,9/92015,,11/20/2016,12/4/2016,Temp_Benner_090915_10192561.csv,,,,,,
Removed,Flat Cay,,10221313,748,9/9/2015,15,438,9/92015,,11/20/2016,12/4/2016,Temp_FlatCay_090915_10221313.csv,,,,,,
Removed,Flat Cay,,10777023,394,9/9/2015,15,438,9/92015,,11/20/2016,12/4/2016,Temp_FlatCay_090915_10777023.csv,,,,,,
Removed,Black Point,,10777019,488,9/9/2015,15,438,9/9/2015,,11/20/2016,12/4/2016,Temp_BlackPoint_090915_10777019.csv,,,,,,
Removed,Black Point,,10587899,365,9/9/2015,15,438,9/9/2015,,11/20/2016,12/4/2016,Temp_BlackPoint_090915_10587899.csv,,,,,,
Removed,Sprat Hole (STX),,10778705,815,9/28/2015,15,438,9/28/2015,,12/9/2016,10/24/2016,Temp_SpratHole_092815_10778705.csv,,,,,,
Removed,Lang Hind FSA (STX),,10778709,384,9/28/2015,15,438,9/28/2015,,12/9/2016,11/3/2015,Temp_LangHindFSA_092815_10778709.hobo,,,,,,
Removed,Lang EEMP (STX),,10778701,381,9/28/2015,15,438,9/28/2015,,12/9/2016,11/3/0205,Temp_LangEEMP_092815_10778701.hobo,,,,,,
Removed,Kings Corner (STX),,10778711,400,9/28/2015,15,438,9/28/2015,,12/9/2016,11/5/2015,Temp_KingsCorner_092815_10778711-unprocedssed.hobo,,,,,,
Removed,Jacks (STX),,10778695,399,9/28/2015,15,438,9/28/2015,,12/9/2016,11/3/2015,Temp_Jacks_092815_10778695.hobo,,,,,,
Removed,Great Pond (STX),,10778699,306,9/28/2015,15,438,9/28/2015,,12/9/2016,10/6/2015,Temp_GreatPond_092815_10778699.csv,,,,,,
Removed,Cane 9m (STX),,10778704,335,9/28/2015,15,438,9/28/2015,,12/9/2016,11/5/2015,Temp_Cane9m_092815_10778704.hobo,,,,,,
Removed,Cane 39m (STX),,10778696,493,9/28/2015,15,438,9/28/2015,,12/9/2016,11/3/2015,Temp_Cane39m_092815_10778696.hobo,,,,,,
Removed,Cane 39m (STX),,10778700,857,9/28/2015,15,438,9/28/2015,,12/9/2016,10/24/2016,Temp_Cane39m_092815_10778700.csv,,,,,,
Removed,Salt Deep 40m (STX),,10778710,379,9/28/2015,15,438,9/28/2015,,12/9/2016,11/3/2015,Temp_SaltDeep40m_092815_10778710.hobo,,,,,,
Removed,Salt Int 29m (STX),,10778712,302,9/28/2015,15,438,9/28/2015,,12/9/2016,11/3/2015,Temp_SaltInt29m_092815_10778712.hobo,,,,,,
Removed,Mutton 24m (STX),,10777018,72,9/28/2015,15,438,9/28/2015,,12/9/2016,11/3/2015,Temp_Mutton24m_092815_10777018.hobo,,,,,,
Removed,Mutton 39m (STX,,10778697,504,9/28/2015,15,438,9/28/2015,,12/9/2016,11/5/2015,Temp_Mutton39m_092815_10778697.hobo,,,,,,
Removed,Castle (STX),,10778707,751,9/28/2015,15,438,9/28/2015,,12/9/2016,11/3/2015,Temp_Castle_092815_10778707.hobo,,,,,,
Removed,Eagle Ray (STX),,10778702,757,9/28/2015,15,438,9/28/2015,,12/9/2016,11/3/2015,Temp_EagleRay_092815_10778702.csv,,,,,,
Removed,Magens,,10777029,597,10/8/2015,15,438,10/8/2015,,12/19/2016,12/13/2016,Temp_Magens_Oct15_10777029.csv,,,,,,
Removed,Botany,,10778708,599,10/8/2015,15,438,10/8/2015,,12/19/2016,12/12/2016,Temp_Botany_Oct15_10778708.csv,,,,,,
Removed,Savana,,10778698,511,10/8/2015,15,438,10/8/2015,,12/19/2016,12/13/2016,Temp_Savana_Oct15_10778698.csv,,,,,,
Removed,El Seco (VR 67),,10777021,790,10/8/2015,30,913,10/8/2015,,4/8/2018,2/6/2019,BT_FSELSC_1410-1803.csv,,,,,,
Removed,El Seco (VR 67),,10777027,749,10/8/2015,30,913,10/8/2015,,4/8/2018,2/6/2019,BT_FSELSC_1410-1803.csv,,,,,,
Removed,Brewers Bay,,10777026,305,10/9/2015,15,438,11/5/2015,10:00:00,12/20/2016,10/12/2018,Temp_BrewersBay_Oct15_10777026.s=csv,10/11/2018,15:00:00,,,,
Removed,College Shoal East,,10777024,306,10/9/2015,15,438,10/9/2015,,12/20/2016,12/8/2016,Temp_CollegeShoalEast_Oct15_10777024.csv,,,,,,
Removed,Grammanik Tiger FSA,,10777015,855,10/9/2015,15,438,10/9/2015,,12/20/2016,12/8/2016,Temp_GrammanikTiger_Oct15_10777015.csv,,,,,,
Removed,Grammanik Tiger FSA,,10455136,813,10/9/2015,15,438,10/9/2015,,12/20/2016,12/8/2016,Temp_GrammanikTiger_Oct15_10455136.csv,,,,,,
Removed,Hind Bank East FSA,,10777025,382,10/9/2015,15,438,10/9/2015,,12/20/2016,12/8/2016,Temp_HindBankEast_Oct15_10777025.csv,,,,,,
Removed,South Water,,10777020,861,10/9/2015,15,438,10/9/2015,,12/20/2016,12/14/2016,Temp_SouthWater_Oct15_10777020.csv,,,,,,
Removed,St James,,10777016,378,10/9/2015,15,438,10/9/2015,,12/20/2016,12/1/2016,Temp_StJames_Oct15_10777016.csv,,,,,,
Removed,Coral Bay,,10776980,398,10/9/2015,15,438,10/9/2015,,12/20/2016,11/14/2015,Temp_CoralBay_Oct15_10776980.hobo,,,,,,
Removed,Fish Bay,,10777022,87,10/9/2015,15,438,10/9/2015,,12/20/2016,11/14/2015,Temp_FishBay_Oct15_10777022.hobo,,,,,,
Removed,Meri Shoal,,10777017,94,10/9/2015,15,438,10/9/2015,,12/20/2016,11/14/2015,Temp_MeriShoal_Oct15_10777017.hobo,,,,,,
Removed,South Capella,,10778703,351,10/9/2015,15,438,10/9/2015,,12/20/2016,12/14/2016,Temp_SouthCapella_Oct15_10778703.csv,,,,,,
Removed,South Capella 37m,,10777028,569,10/9/2015,15,438,,,12/20/2016,,ask tyler,,,,,,
Removed,Airport Runway Receiver 251,,10306847,757,10/23/2015,15,438,10/23/2015,,1/3/2017,3/7/2016,Temp_AirportRunway251_103014_10306847.hobo,,,,,,
Removed,Ginsburg 63m,,10302370,62,11/12/2015,15,438,11/12/2015,,1/23/2017,2/6/2017,Temp_Ginsburg63m_111215_10302370.hobo,,,,,,
Removed,Ginsburg 63m,,10778706,750,11/12/2015,15,438,11/12/2005,,1/23/2017,2/6/2017,Temp_Ginsburg63m_111215_10778706.hobo,,,,,,
Removed,Brewers Bay Lagoon Receiver 273,,10744999,na,12/3/2015,15,438,12/3/2015,,2/13/2017,3/7/2016,Temp_mnbLagoonRec27320151203_10744999.hobo,,,,,,
Removed,Brewers Bay Receiver Mooring 248,,10605990,na,12/3/2015,15,438,12/3/2015,,2/13/2017,3/7/2016,Temp_mnbreceiver24820151203_10605990.hobo,,,,,,
Running,North Drop 60mB,,10605984,396,2/29/2016,30,913,2/29/17,,8/30/2018,,,,,Ordered replacement logger from Onset for this one.,,,
Running,North Drop 60mA,,10606027,na,2/29/2016,30,913,2/29/17,,8/30/2018,,,,,Ordered replacement logger from Onset for this one.,,,
Running,North Drop 50mB,,10587884,391,2/29/2016,30,913,2/29/17,,8/30/2018,,,,,Ordered replacement logger from Onset for this one.,,,
Running,North Drop 50mA,,10558236,na,2/29/2016,30,913,2/29/17,,8/30/2018,,,,,Ordered replacement logger from Onset for this one.,,,
Running,North Drop 40mB,,10192568,na,2/29/2016,30,913,2/29/17,,8/30/2018,,,,,Ordered replacement logger from Onset for this one.,,,
Running,North Drop 40mA,,10629063,598,2/29/2016,30,913,2/29/17,,8/30/2018,,,,,Ordered replacement logger from Onset for this one.,,,
Running,North Drop 30mB,,10629076,na,2/29/2016,30,913,2/29/17,,8/30/2018,,,,,Ordered replacement logger from Onset for this one.,,,
Running,North Drop 30mA,,10192560,495,2/29/2016,30,913,2/29/17,,8/30/2018,,,,,Ordered replacement logger from Onset for this one.,,,
Removed,CMES Water table Sun,,10221315,na,2/29/2016,15,438,2/29/2016,,5/12/2017,4/12/2016,Temp_cmeswatertablesun20160229_10221315.hobo,,,Ordered replacement logger from Onset for this one.,,,
Removed,CMES Water Table Shade,,10606031,na,2/29/2016,15,438,2/29/2016,,5/12/2017,4/12/2016,Temp_cmeswatertableshade201602_10606031.hobo,,,Ordered replacement logger from Onset for this one.,,,
Removed,mare nostrum 273,,10629061,na,3/3/2016,15,438,3/3/2016,,5/15/2017,7/27/2016,Temp_mnb273_20160303_20160716_10629061.hobo,,,Ordered replacement logger from Onset for this one.,,,
Removed,mare nostrum 251,,10221317,na,3/3/2016,15,438,3/3/2016,,5/15/2017,7/27/2016,Temp_mnb251_20160303_20160727_10221317.hobo,,,Ordered replacement logger from Onset for this one.,,,
Removed,mare nostrum 248,,10629062,na,3/3/2016,15,438,3/3/2016,,5/15/2017,7/27/2016,Temp_mnb248_20160303_20160726_10629062.hobo,,,Ordered replacement logger from Onset for this one.,,,
Removed,mare nostrum 254,,10744983,na,3/3/2016,15,438,3/3/2016,,5/15/2017,7/27/2016,Temp_mnb254_20160303_20160727_10744983.hobo,,,Ordered replacement logger from Onset for this one.,,,
Removed,mare nostrum 253,,10605988,na,3/3/2016,15,438,3/3/2016,,5/15/2017,7/27/2016,Temp_mnb253_20160303_20160727_10605988.hobo,,,Ordered replacement logger from Onset for this one.,,,
Removed,mare nostrum 276,,10606034,na,3/4/2016,15,438,3/4/2016,,5/16/2017,7/27/2016,Temp_mnb276_20160304_20160727_10606034.hobo,,,Ordered replacement logger from Onset for this one.,,,
Removed,mare nostrum 267,,10606278,na,3/4/2016,15,438,3/4/2016,,5/16/2017,7/27/2016,Temp_mnb267_20160304_20160726_10606278.hobo,,,Ordered replacement logger from Onset for this one.,,,
Removed,mare nostrum 261,,10192574,na,3/4/2016,15,438,3/4/2016,,5/16/2017,7/27/2016,Temp_mnb261_20160304_20160726_10192574.hobo,,,Ordered replacement logger from Onset for this one.,,,
Removed,mnNoWa1De,,10605979,na,3/4/2016,15,438,3/4/2016,,5/16/2017,3/1/2017,,,,Ordered replacement logger from Onset for this one.,,,
Removed,No Wake 1 Mid,,10606028,na,3/4/2016,15,438,3/4/2016,,5/16/2017,3/1/2017,,,,Ordered replacement logger from Onset for this one.,,,
Removed,No Wake 1 surf,,10221323,na,3/4/2016,15,438,3/4/2016,,5/16/2017,3/1/2017,,,,Ordered replacement logger from Onset for this one.,,,
Removed,No Wake 4 Deep,,10606036,na,3/4/2016,15,438,3/4/2016,,5/16/2017,3/1/2017,,,,Ordered replacement logger from Onset for this one.,,,
Removed,No Wake 4 Mid,,10221311,na,3/4/2016,15,438,3/4/2016,,5/16/2017,3/1/2017,,,,Ordered replacement logger from Onset for this one.,,,
Removed,No Wake 4 surf,,10558250,na,3/4/2016,15,438,3/4/2016,,5/16/2017,3/1/2017,,,,Ordered replacement logger from Onset for this one.,,,
Removed,No Wake 6 Deep,,10302368,na,3/4/2016,15,438,3/4/2016,,5/16/2017,12/1/2016,Temp_mnNoWa6De20160304_10302368.csv,,,Ordered replacement logger from Onset for this one.,,,
Removed,No Wake 6 Mid,,10778699,na,3/4/2016,15,438,3/4/2016,,5/16/2017,12/1/2016,Temp_mnNoWa6mi_20160304_10778699.csv,,,Ordered replacement logger from Onset for this one.,,,
Removed,No Wake 6 surf,,10606275,na,3/4/2016,15,438,3/4/2016,,5/16/2017,12/1/2016,Temp_mnNoWa6su20160304_10606275.csv,,,Ordered replacement logger from Onset for this one.,,,
Removed,Cane Bay (STX),,10192571,na,10/5/2016,15,438,10/10/2016,,12/17/2017,3/26/2018,BT_TCCB08_1610_1801.csv,,,,,,
Removed,Cane Bay (STX),,10192567,na,10/5/2016,15,438,10/10/2016,,12/17/2017,3/26/2018,BT_TCCB08_1610_1801.csv,,,recovered from Onset 11/2018,,,
Removed,Cane Bay Deep (STX),,10192586,na,10/5/2016,15,438,10/10/2016,,12/17/2017,3/26/2018,STXCBDeep_OS-MCE_101016_10192586.csv,,,,,,
Removed,Cane Bay Deep (STX),,10192574,na,10/5/2016,15,438,10/10/2016,,12/17/2017,11/2/2018,STXCBDeep_OS-MCE_101016_1019254.csv,,,,,,
Removed,Castle (STX),,10221315,na,10/5/2016,15,438,10/10/2016,,12/17/2017,3/26/2018,STXCastle_OS-S_101016_10221315.csv,,,,,,
Removed,Eagle Ray (STX),,10221317,na,10/5/2016,15,438,10/10/2016,,12/17/2017,3/26/2018,STXEagleBay_OS_S_101016_10221317.csv,,,,,,
Removed,Great Pond (STX),,10221322,na,10/5/2016,15,438,10/10/2016,,12/17/2017,3/26/2018,STXGreatPond_NS_101016_10221322.csv,,,,,,
Removed,Jacks Bay (STX),,10306847,na,10/5/2016,15,438,10/10/2016,,12/17/2017,3/15/2018,STXJacksBay_NS_101016_10306847.csv,,,,,,
Removed,Kings Corner (STX),,10306849,na,10/5/2016,15,438,10/10/2016,,12/17/2017,3/26/2018,STXKingsCorner_NS_101016_10306849.csv,,,,,,
Removed,Lang Bank EEMP (STX),,10455139,na,10/5/2016,15,438,10/10/2016,,12/17/2017,3/15/2018,STXLBankEEMP_OS-MCE_101016_10455139.csv,,,,,,
Removed,Lang Bank Red Hind FSA (STX),,10455140,na,10/5/2016,15,438,10/10/2016,,12/17/2017,3/26/2018,STXLBRHindFSA_OS-MCE_101016_10455140.csv,,,,,,
Removed,Mutton Snapper FSA (STX),,10558242,na,10/5/2016,15,438,10/10/2016,,12/17/2017,3/26/2018,College_Shoal_East_120216_10778712,,,,,,
Removed,Mutton Snapper FSA (STX),,10508028,na,10/5/2016,15,438,10/10/2016,,12/17/2017,3/26/2018,STXMSnapperFSA_OS-S_101016_1050828.csv,,,,,,
Removed,Salt River Deep (STX),,10558245,na,10/5/2016,15,438,10/10/2016,,12/17/2017,3/26/2018,STX_SRDeep_OS-MCE_101016_10558245.csv,,,,,,
Removed,Salt River Deep (STX),,10558244,na,10/5/2016,15,438,10/10/2016,,12/17/2017,3/26/2018,STXSRDeep_OS-MCE_101016_10558244.csv,,,,,,
Removed,Sprat Hole (STX),,10558247,na,10/5/2016,15,438,10/10/2016,,12/17/2017,3/26/2018,STXSpratHole_NS_101016_10558247.csv,,,,,,
Removed,Meri Shoal (STJ),,10778711,na,10/24/2016,15,438,10/24/2016,,1/5/2018,3/27/2018,BT_TCMERI_1610_1801.csv,,,,,,
Removed,Coral Bay (STJ),,10778697,na,10/24/2016,15,438,10/24/2016,,1/5/2018,2/6/2018,BT_TCCORB_1610_1801.csv,,,,,,
Removed,St James,,10776980,na,11/23/2016,15,438,11/23/2016,,2/4/2018,2/6/2018,BT_TCLSTJ_1611_1801.csv,,,,,,
Removed,Fish Bay (STJ),,10778704,na,10/24/2016,15,438,10/24/2016,,1/5/2018,2/6/2018,BT_TCFSHB_1610_1801.csv,,,,,,
Removed,Grammanik Tiger FSA,,10605986,na,11/30/2016,30,913,12/1/2016,,6/1/2019,5/25/2018,Gramm_Tiger_FSA_120116_10605986,,,,,,
Removed,Grammanik Tiger FSA,,10629068,na,11/30/2016,30,913,12/1/2016,,6/1/2019,5/25/2018,Gramm_Tiger_FSA_120116_10629068,,,,,,
Removed,Hind Bank East FSA,,10777017,na,11/30/2016,15,438,12/1/2016,,2/11/2018,5/25/2018,HindBank_East_FSA_120116_10777017,,,,,,
Removed,Seahorse,,10605988,na,11/30/2016,15,438,12/2/2016,,2/11/2018,3/10/2017,temp_shr_161207_170131_10605988,,,,,,
Removed,Seahorse,,10455133,na,11/30/2016,15,438,12/2/2016,,2/11/2018,3/10/2017,temp_shr_161207_170131_10455133,,,,,,
Removed,College Shoal East,,10778712,na,11/30/2016,15,438,12/2/2016,,2/11/2018,5/28/2018,College_Shoal_East_120216_10778712,,,,,,
Removed,Black Point,,10558248,na,11/30/2016,15,438,12/2/2016,,2/11/2018,3/10/2017,temp_bpt_161212_170208_10558248,,,,,,
Removed,Black Point,,10629062,na,11/30/2016,15,438,12/2/2016,,2/11/2018,3/10/2017,temp_bpt_161212_170208_10629062,,,,,,
Removed,Flat Cay,,10558253,na,11/30/2016,15,438,12/2/2016,,2/11/2018,3/14/2017,temp_flc_161213_170314_10558253.csv,,,,,,
Removed,Flat Cay,,10558249,na,11/30/2016,15,438,12/2/2016,,2/11/2018,3/14/2017,temp_flc_161213_170314_10558249.csv,,,,,,
Lost,Benner,,10778695,na,11/30/2016,15,438,12/2/2018,,2/11/2018,,Lost after Hurricanes Irma and Maria,,,,,,
Lost,Benner,,10777018,na,11/30/2016,15,438,12/2/2016,,2/11/2018,,Lost after Hurricanes Irma and Maria,,,,,,
Removed,Buck Island (STT),,10778710,na,11/23/2016,15,438,11/23/2016,,2/4/2018,2/7/2018,BT_TCBKIT_1611_1712.csv,,,,,,
Removed,South Water,,10778701,na,11/30/2016,15,438,12/5/2016,,2/11/2018,5/25/2018,SouthWater_102816_10778701.csv,,,,,,
Removed,Botany Bay,,10744997,na,11/30/2016,15,438,12/5/2016,,2/11/2018,2/7/2018,BT_TCBOTB_1612_1712.csv,,,,,,
Removed,Savana,,10606278,na,11/30/2016,15,438,12/5/2016,,2/11/2018,2/13/2018,BT_TCSAVA_1612_1712.csv,,,,,,
Removed,Magens Bay,,10778696,na,11/30/2016,15,438,12/5/2016,,2/11/2018,2/8/2018,BT_TCMAGB_1612_1712.csv,,,,,,
Removed,South Capella,,10744998,na,11/30/2016,15,438,12/5/2016,,2/11/2018,5/25/2018,South_Capella_120516_10744998.csv,,,,,,
Removed,Flat-Acropora-Howe,,10778709,na,1/12/2017,15,438,1/12/2017,,3/26/2018,3/14/2017,temp_flc_acropora_170112_170314_10778709.csv,,,,,,
Removed,Flat-Acropora-Howe,,10778702,na,1/12/2017,15,438,1/12/2017,,3/26/2018,3/14/2017,temp_flc_acropora_170112_170314_10778702.csv,,,,,,
Removed,Seahorse,,10777019,na,1/26/2017,15,438,1/26/2017,,4/9/2018,12/15/2017,temp_SHR_17Jan_17Dec_10777019.csv,,,,,,
Removed,Seahorse,,10777023,na,1/26/2017,15,438,1/26/2017,,4/9/2018,12/15/2017,temp_SHR_17Jan_17Dec_10777023.csv,,,,,,
Removed,Black Point,,10587899,na,1/26/2017,15,438,1/26/2017,,4/9/2018,12/15/2017,temp_bpt_17Jan_17Dec_10587899.csv,,,,,,
Removed,Black Point,,10777016,na,1/26/2017,15,438,1/26/2017,,4/9/2018,2/12/2018,BT_TCBKPT_1702_1712.csv,,,,,,
Removed,Grammanik009_80,,10778700,na,2/3/2017,15,438,2/3/2017,,4/17/2018,5/25/2018,Temp_009_80ft_20170203_10778700.csv,,,,,,
Removed,Grammanik009_115,,10606031,na,2/3/2017,15,438,2/3/2017,,4/17/2018,5/25/2018,Temp_009_115ft_20170203_10606031.csv,,,,,,
Removed,Mare Nostrom Station170,,10606034,na,2/3/2017,15,438,2/3/2017,,4/17/2018,,,,,,,,
Removed,Ginsburg(60m),,10744995,na,4/19/2017,30,913,4/20/2017,,10/19/2019,5/25/2018,Temp_Ginsgurg(60m)_170420_10744995.csv,,,,,,
Removed,Ginsburg(60m),,10606277,na,4/19/2017,30,913,4/20/2017,,10/19/2019,5/25/2018,Temp_Ginsgurg(60m)_170420_10606277.csv,,,,,,
Removed,Flat Cay,,10629062,na,3/14/2017,15,438,3/14/2017,,5/26/2018,12/15/2017,temp_flc_170314_171212_10629062.csv,,,attempted to swap logger on 8/24/17 but couldn't find it.,,,
Removed,Flat Cay,,10455133,na,3/14/2017,15,438,3/14/2017,,5/26/2018,8/28/2017,BT_TCFLTC_1703_1708.csv,,,new filename convention and metadata sheet completed,,,
Removed,Flat-Acropora-Howe,,10552848,na,3/14/2017,15,438,3/14/2017,,5/26/2018,8/24/2017,temp_flc_acropora_170314_170816_10558248.csv,,,,,,
Removed,Flat-Acropora-Howe,,10605988,na,3/14/2017,15,438,3/14/2017,,5/26/2018,8/24/2017,temp_flc_acropora_170314_170816_10605988.csv,,,,,,
Removed,Buck Island MCE (STX),,10455135,na,4/3/2017,30,906,4/3/2017,,9/26/2019,11/14/2018,BT_TCBX33_170403_181101_10455135_b.csv,11/1/2018,11:00:00,,,,
Removed,Buck Island MCE (STX),,10605983,na,4/3/2017,30,906,4/3/2017,,9/26/2019,11/14/2018,BT_TCBX33_170403-181101_10605983_a.csv,11/1/2018,11:00:00,,,,
Removed,Flat Cay,,10744985,na,8/23/2017,15,438,8/24/2017,12:10:00,11/4/2018,12/15/2017,BT_TCFLTC_1708_1712.csv,,,,,,
Removed,Magens Bay,,10629073,na,12/2/2017,15,438,,,2/13/2019,12/10/2018,BT_TCMAGB_1712_1811,11/27/2018,8:15:00,,,,
Removed,Botany Bay,,10587892,na,12/2/2017,15,438,,,2/13/2019,12/10/2018,BT_TCBOTB_1712_1811,11/24/2018,9:30:00,,,,
Removed,Savana,,10587888,na,12/2/2017,15,438,,,2/13/2019,12/10/2018,BT_TCSAVA_1712_1811,11/27/2018,13:50:00,,,,
Removed,Coculus Rock,,10587891,na,12/2/2017,15,438,,,2/13/2019,12/10/2018,BT_TCCORK_1712_1811,11/25/2018,8:45:00,,,,
Removed,Coculus Rock (duplicate),,10587887,na,12/2/2017,15,438,,,2/13/2019,12/10/2018,BT_TCCORK_1712_1811_dup,11/25/2018,8:45:00,,,,
Removed,Buck Island (STT),,10587885,na,12/2/2017,15,438,,,2/13/2019,12/10/2018,BT_TCBKIT_1712_1811,11/26/2018,8:45:00,,,,
Removed,Black Point,,10587894,na,12/2/2017,15,438,,,2/13/2019,12/10/2018,BT_TCBKPT_1712_1811,11/28/2018,14:00:00,,,,
Removed,Black Point (duplicate),,10587889,na,12/2/2017,15,438,,,2/13/2019,12/10/2018,BT_TCBKPT_1712_1811_dup,11/28/2018,14:00:00,,,,
Removed,Flat Cay,,10147143,na,12/12/2017,15,438,,,2/23/2019,12/10/2018,BT_TCFLTC_1712_1812,11/27/2018,14:15:00,Logger battery very low,,,
Removed,Flat Cay (duplicate),,10744982,na,12/12/2017,15,438,,,2/23/2019,12/10/2018,BT_TCFLTC_1712_1812_dup,12:3/18,,,,,
Removed,Seahorse Cottage Shoal,,10605988,na,12/12/2017,15,438,,,2/23/2019,12/10/2018,BT_TCSHCS_1712_1812,11/27/2018,12:00:00,,,,
Removed,Seahorse Cottage Shoal (duplicate),,10605979,na,12/12/2017,15,438,,,2/23/2019,12/10/2018,BT_TCSHCS_1712_1812_dup,11/27/2018,12:00:00,,,,
Running,Grammanik Bank VR170,,20066308,na,12/12/2017,15,438,,,2/23/2019,,,,,Coordinates of the site 18.18742        -64.9604,,,
Removed,Coral Bay (STJ),,20066322,na,1/18/2018,15,438,1/18/2018,~13:00,4/1/2019,10/30/2018,BT_TCCORB_1801_1810,10/25/2018,13:15:00,,,,
Removed,Little St. James,,10558255,na,1/18/2018,15,438,1/18/2018,10:00:00,4/1/2019,12/13/2018,BT_TCLSTJ_1801_1812,12/12/2018,14:45:00,,,,
Removed,Jacks Bay (STX),,10455138,na,2/25/2018,15,438,2/25/2018,10:45:00,5/9/2019,11/15/2018,BT_TCJCKB_1802_1811,11/2/2018,11:00:00,,,,
Removed,Castle (STX),,10629075,na,2/25/2018,15,438,2/28/2018,15:00:00,5/9/2019,11/15/2018,BT_TCCSTL_1802-1811,11/2/2018,13:00:00,,,,
Removed,Eagle Ray (STX),,10587890,na,2/25/2018,15,438,2/27/2018,15:00:00,5/9/2019,11/15/2018,BT_TCEAGR_1802_1811,11/2/2018,15:00:00,,,,
Removed,Mutton (STX),,10147140,na,2/26/2018,15,438,2/26/2018,11:05:00,5/10/2019,,,11/3/2018,,Logger not communicating after field retrieval,,,
Removed,Mutton (STX),,10221318,na,2/26/2018,15,438,2/26/2018,11:00:00,5/10/2019,11/15/2018,BT_TCMT40_1802_1811,11/3/2018,,,,,
Removed,Kings (STX),,10777022,na,2/26/2018,15,438,2/26/2018,0:00:00,5/10/2019,11/15/2018,BT_TCKNGC_1802_1811,11/3/2018,13:45:00,,,,
Removed,Sprat (STX),,10192584,na,2/26/2018,15,438,2/26/2018,16:00:00,5/10/2019,11/15/2018,BT_TCSPTH_1802_1811,11/5/2018,15:30:00,,,,
Removed,Cane 39 (STX),,10221311,na,2/27/2018,15,438,2/27/2018,11:30:00,5/11/2019,11/20/2018,BT_TCCB40_1802_1811,11/5/2018,11:15:00,Logger battery very low,,,
Removed,Cane 09 (STX),,10558248,na,2/27/2018,15,438,2/27/2018,12:00:00,5/11/2019,,BT_TCCB09_1802_1811,11/5/2018,12:15:00,,,,
Removed,Salt 40 (STX),,10745000,na,2/28/2018,15,438,2/28/2018,10:30:00,5/12/2019,11/15/2018,BT_TCSR41_1802_1811,11/4/2018,11:30:00,,,,
Removed,Salt 30 (STX),,10778707,na,2/28/2018,15,438,2/28/2018,10:30:00,5/12/2019,11/15/2018,BT_TCSR30_1802_1811,11/4/2018,12:00:00,,,,
Removed,Lang EEMP (STX),,10558250,na,3/1/2018,15,438,3/1/2018,10:30:00,5/13/2019,11/15/2018,BT_TCLBEM_1803_1811,11/6/2018,14:00:00,,,,
Removed,Great Pond (STX),,10606033,na,3/1/2018,15,438,3/1/2018,15:00:00,5/13/2019,11/15/2018,BT_TCGRPD_1803_1811,11/7/2018,14:15:00,,,,
Removed,Lang Hind (STX),,10629064,na,3/2/2018,15,438,3/2/2018,10:00:00,5/14/2019,11/15/2018,BT-TCLBHD_1803_1811,11/6/2018,10:00:00,,,,
Removed,Fish Bay (STJ),,10587899,na,3/13/2018,15,438,6/5/2018,~13:00,5/25/2019,10/30/2018,BT_TCFSHB_1803_1810,10/25/2018,16:30:00,,,,
Removed,Meri Shoal (STJ),,20291521,na,3/13/2018,15,438,6/5/2018,11:15:00,5/25/2019,12/13/2018,BT_TCMERI_1806_1812,12/12/2018,13:45:00,,,,
Removed,South Capella,,10744985,na,3/13/2018,15,438,3/13/2018,11:30:00,5/25/2019,10/12/2018,BT_TCSCAP_1803.csv,10/11/2018,11:00:00,,,,
Removed,South Water,,20291520,na,3/13/2018,15,438,3/13/2018,13:30:00,5/25/2019,12/10/2018,BT_TCSWAT_1803_1812,12/4/2018,14:15:00,,,,
Removed,Grammanik Tiger FSA,,20291518,na,3/13/2018,30,906,3/15/2018,11:15:00,9/4/2020,12/10/2018,BT_TCGMKT_1803_1811_a,11/28/2018,10:15:00,,,,
Removed,Grammanik Tiger FSA,,10455133,na,3/13/2018,30,906,3/15/2018,11:15:00,9/4/2020,12/10/2018,BT_TCGMKT_1803_1811_b,11/28/2018,10:15:00,,,,
Removed,South Capella 35 m Lesion Study,,10606034,na,3/13/2018,30,906,,,9/4/2020,9/13/2018,BT_SCP35M_1803_1809.casv,,,,,,
Removed,Ginsburg Fringe,,20291527,na,3/13/2018,30,906,5/22/2018,11:30:00,9/4/2020,12/13/2018,BT_TCGB63_1805_1812_b,12/12/2018,10:30:00,,,,
Removed,Hind Bank,,20291519,na,3/13/2018,15,438,5/11/2018,12:15:00,5/25/2019,12/10/2018,BT_TCHB40_1806_1811,11/28/2018,11:00:00,,,,
Removed,College Shoal,,20291529,na,3/13/2018,15,438,4/17/2018,13:30:00,5/25/2019,12/10/2018,BT_TCCLGE_1804_1811,11/29/2019,12:15:00,,,,
Running,Grammanik009_80,,10302370,na,3/26/2018,15,438,,,6/7/2019,,,,,ordered replacement logger from Onset,,,
Running,Grammanik009_115,,10778710,na,3/26/2018,15,438,,,6/7/2019,,,,,ordered replacement logger from Onset,,,
Removed,Ginsburg Fringe,,20291522,na,5/22/2018,30,906,5/22/2018,11:30:00,11/13/2020,12/13/2018,BT_TCGB63_1805_1812_a,12/12/2018,10:30:00,ordered replacement logger from Onset,,,
Removed,PUVGC a,,20423430,na,8/9/2018,30,906,8/10/2018,10:30:00,1/31/2021,,BT_PUVGC_1808_2102_a,1/30/2021,11:00:00,ordered replacement logger from Onset,,,Check data time in with file
Removed,PUVGC b,,20291516,na,8/9/2018,30,906,8/10/2018,10:30:00,1/31/2021,,BT_PUVGC_1808_2102_b,1/30/2021,11:15:00,ordered replacement logger from Onset,,,
Removed,PUVM18 a,,20423417,na,8/9/2018,30,906,8/10/2018,9:32:00,1/31/2021,,lost,1/30/2021,11:00:00,ordered replacement logger from Onset,,,
Removed,PUVM18 b,,20423432,na,8/9/2018,30,906,8/10/2018,9:32:00,1/31/2021,,BT_PUVM18_1808_2102_,1/30/2021,11:15:00,ordered replacement logger from Onset,,,
Removed,PUVF10 a,,20423427,na,8/9/2018,30,906,8/10/2018,9:50:00,1/31/2021,,BT_PUVF10_1808_2102_ a,1/30/2021,11:00:00,ordered replacement logger from Onset,,,
Removed,PUVF10 b,,20423421,na,8/9/2018,30,906,8/10/2018,9:50:00,1/31/2021,,BT_PUVF10_1808_2102_b,1/30/2021,11:15:00,ordered replacement logger from Onset,,,
Removed,PUVFLT a,,20423423,na,8/9/2018,30,906,8/10/2018,10:43:00,1/31/2021,,BT_PUVFLT_1808_2102_a,1/30/2021,11:00:00,ordered replacement logger from Onset,,,
Removed,PUVFLT b,,20423431,na,8/9/2018,30,906,8/10/2018,10:43:00,1/31/2021,,BT_PUVFLT_1808_2102_b,1/30/2021,11:15:00,ordered replacement logger from Onset,,,
Removed,PUVR10 a,,20423426,na,8/9/2018,30,906,8/11/2018,10:30:00,1/31/2021,,BT_PUVR10_1808_2102_a,1/30/2021,11:00:00,ordered replacement logger from Onset,,,
Removed,PUVR10 b,,20423418,na,8/9/2018,30,906,8/11/2018,10:30:00,1/31/2021,,BT_PUVR10_1808_2102_b,1/30/2021,11:15:00,ordered replacement logger from Onset,,,
Removed,PUVR20 a,,20423424,na,8/9/2018,30,906,8/11/2018,10:15:00,1/31/2021,,BT_PUVR20_1808_2102_a,1/30/2021,11:00:00,ordered replacement logger from Onset,,,
Removed,PUVR20 b,,20423419,na,8/9/2018,30,906,8/11/2018,10:15:00,1/31/2021,,BT_PUVR20_1808_2102_b,1/30/2021,11:15:00,ordered replacement logger from Onset,,,
Removed,PUVR30 a,,20423438,na,8/9/2018,30,906,8/11/2018,10:00:00,1/31/2021,,BT_PUVR30_1808_2102_a,1/30/2021,11:00:00,ordered replacement logger from Onset,,,
Removed,PUVR30 b,,20423422,na,8/9/2018,30,906,8/11/2018,10:00:00,1/31/2021,,BT_PUVR30_1808_2102_b,1/30/2021,11:15:00,ordered replacement logger from Onset,,,
Removed,PDG20M a,,20291528,na,8/9/2018,30,906,8/13/2018,11:30:00,1/31/2021,,BT_PDG20M_1808_a,1/30/2021,11:00:00,ordered replacement logger from Onset,,,
Removed,PDG20M b,,20291525,na,8/9/2018,30,906,8/13/2018,11:30:00,1/31/2021,,BT_PDG20M_1808_b,1/30/2021,11:15:00,ordered replacement logger from Onset,,,
Removed,PDG4X5 a,,20423429,na,8/9/2018,30,906,8/13/2018,11:50:00,1/31/2021,,BT_PDG4X5_1808_2101_a,1/30/2021,11:00:00,ordered replacement logger from Onset,,,
Removed,PDG4X5 b,,20423425,na,8/9/2018,30,906,8/13/2018,11:50:00,1/31/2021,,BT_PDG4X5_1808_2101_b,1/30/2021,11:15:00,ordered replacement logger from Onset,,,
Removed,PDG10M a,,20423415,na,8/9/2018,30,906,8/13/2018,11:40:00,1/31/2021,,BT_PDG10M_1808_a,1/30/2021,11:00:00,ordered replacement logger from Onset,,,
Removed,PDG10M b,,20423416,na,8/9/2018,30,906,8/13/2018,11:40:00,1/31/2021,,BT_PDG10M_1808_b,1/30/2021,11:15:00,ordered replacement logger from Onset,,,
Removed,PCAW10 a,,20291526,na,8/9/2018,30,906,8/12/2018,10:21:00,1/31/2021,,BT_PCAW10_1808_a,1/30/2021,11:00:00,ordered replacement logger from Onset,,,
Removed,PCAW10 b,,20291523,na,8/9/2018,30,906,8/12/2018,10:21:00,1/31/2021,,BT_PCAW10_1808_b,1/30/2021,11:15:00,ordered replacement logger from Onset,,,
Running,PCAW20 a,,20423420,na,8/9/2018,30,906,8/12/2018,10:05:00,1/31/2021,,Not recovered,,,ordered replacement logger from Onset,,,
Running,PCAW20 b,,10744995,na,8/9/2018,30,906,8/12/2018,10:05:00,1/31/2021,,Not recovered,,,ordered replacement logger from Onset,,,
Running,PCAW30 a,,10778703,na,8/9/2018,30,906,8/12/2018,9:59:00,1/31/2021,,Not recovered,,,ordered replacement logger from Onset,,,
Running,PCAW30 b,,10776979,na,8/9/2018,30,906,8/12/2018,9:59:00,1/31/2021,,Not recovered,,,ordered replacement logger from Onset,,,
Removed,PCAR04 a,,10778705,na,8/9/2018,30,906,8/12/2018,13:45:00,1/31/2021,,BT_PCAR04_1808_a,1/30/2021,11:00:00,ordered replacement logger from Onset,,,
Removed,PCAR04 b,,10778708,na,8/9/2018,30,906,8/12/2018,13:45:00,1/31/2021,,BT_PCAR04_1808_b,1/30/2021,11:15:00,ordered replacement logger from Onset,,,
Removed,PUVCCP a,,10558256,na,8/9/2018,30,906,8/10/2018,13:09:00,1/31/2021,,BT_PUVCCP_1808_a,1/30/2021,11:00:00,ordered replacement logger from Onset,,,
Removed,PUVCCP b,,10587883,na,8/9/2018,30,906,8/10/2018,13:09:00,1/31/2021,,BT_PUVCCP_1808_b,1/30/2021,11:15:00,ordered replacement logger from Onset,,,
Not Deployed ,PSAGAR a,,10606278,na,8/9/2018,30,906,,,1/31/2021,,Not deployed,,,ordered replacement logger from Onset,,,
Not Deployed ,PSAGAR b,,10606275,na,8/9/2018,30,906,,,1/31/2021,,Not deployed,,,ordered replacement logger from Onset,,,
Removed,South Capella,,10558253,na,10/11/2018,15,453,10/11/2018,12:00:00,1/7/2020,12/12/2019,Issue with invalid logging interval so no data collected,11/20/2019,11:55:00,No data was collected Ordered replacement logger,,,
Removed,Brewers Bay,,10606027,na,10/11/2018,15,453,10/11/2018,15:00:00,1/7/2020,9/4/2019,,8/22/2019,13:44:00,ordered replacement logger from Onset,,,
Removed,Coral Bay,,10558237,na,10/25/2018,15,453,10/25/2018,13:30:00,1/21/2020,12/12/2019,TCCORB_1810,12/5/2019,10:25:00,ordered replacement logger from Onset,,,
Removed,Fish Bay,,10587898,na,10/25/2018,15,453,10/25/2018,16:30:00,1/21/2020,12/13/2019,BT_TCFSHB_1810,12/5/2019,12:35:00,ordered replacement logger from Onset,,,
Removed,Lang EEMP 60,,20475591,NA,11/1/2018,30,906,11/7/2018,10:45:00,4/25/2021,11/8/2019,BT_TCLE67_1811_a,10/21/2019,10:58:00,"Labeled as Mutton 60.  Went in at 10:35, with first good reading at 10:45. On 11/8/19 data was offloaded and filename was changed to the correct name of TCLE60",ordered replacement logger from Onset,,
Removed,Lang EEMP 60,,10558259,NA,11/1/2018,30,906,11/7/2018,10:45:00,4/25/2021,12/7/2019,BT_TCLE67_1811_b_errors,10/21/2019,10:58:00,"Update 1/16/20 - Onset recovered data, however seems to be issues with it and data was only collected for 17 days***Unable to communicate with logger, need to send to Onset for data recovery. Labeled as Mutton 60.  Went in at 10:35, with first good reading at 10:45.",,,
Removed,Lang EEMP 100,,10606029,NA,11/7/2018,30,906,11/7/2018,10:45:00,5/1/2021,11/8/2019,BT_TCLE99_1811_a,10/21/2019,10:50:00,"The probe went in at 10:30, with first reliable reading at 10:45.  Initialization by Tyler Smith on St. Croix",ordered replacement logger from Onset,,
Removed,Lang EEMP 100,,10221312,NA,11/7/2018,30,906,11/7/2018,10:45:00,5/1/2021,11/8/2019,BT_TCLE99_1811_b,10/21/2019,10:50:00,"The probe went in at 10:30, with first reliable reading at 10:45.  Initialization by Tyler Smith on St. Croix",ordered replacement logger from Onset,,
Removed,Jacks Bay (STX),,20475590,NA,11/1/2018,15,453,11/2/2018,11:15:00,1/28/2020,11/8/2019,BT_TCJCKB_1811_1910,10/16/2019,9:50:00,ordered replacement logger from Onset,,,
Removed,Castle (STX),,20475595,NA,11/1/2018,15,453,11/2/2018,13:15:00,1/28/2020,11/8/2019,BT_TCCSTL_1811_1910,10/16/2019,11:48:00,ordered replacement logger from Onset,,,
Removed,Eagle Ray (STX),,20475593,NA,11/1/2018,15,453,11/2/2018,15:15:00,1/28/2020,11/8/2019,BT_TCEAGR_1811_,10/16/2019,14:10:00,ordered replacement logger from Onset,,,
Removed,Mutton 24m (STX),,20475589,NA,11/1/2018,15,453,11/3/2018,12:07:00,1/28/2020,11/8/2019,BT_TCMT24_1811_,10/17/2019,11:12:00,ordered replacement logger from Onset,,,
Removed,Mutton 39m (STX),,10778710,NA,11/1/2018,15,453,11/3/2018,11:30:00,1/28/2020,11/8/2019,BT_TCMT40_1811_a,10/17/2019,11:18:00,ordered replacement logger from Onset,,,
Removed,Mutton 39m (STX),,20475597,NA,11/1/2018,15,453,11/3/2018,11:30:00,1/28/2020,12/7/2019,BT_TCMT40_1811_b,10/17/2019,11:18:00,"Data recovered by Onset in December 2019, ordered replacement logger from Onset",,,
Removed,Kings (STX),,20475592,NA,11/1/2018,15,453,11/3/2018,14:00:00,1/28/2020,11/8/2019,BT_TCKNGC_1811_,10/17/2019,13:57:00,ordered replacement logger from Onset,,,
Removed,Sprat (STX),,20475596,NA,11/1/2018,15,453,11/5/2018,15:40:00,1/28/2020,11/8/2019,BT_TCSPTH_1811_,10/17/2019,15:44:00,ordered replacement logger from Onset,,,
Removed,Cane 09 (STX),,20066308,NA,11/1/2018,15,453,11/5/2018,12:30:00,1/28/2020,10/19/19 05:57:54  GMT-04:00,BT_TCCB08_1811_a,10/18/2019,12:38:00,ordered replacement logger from Onset,,,
Removed,Cane 09 (STX),,10778711,NA,11/1/2018,15,453,11/5/2018,12:30:00,1/28/2020,10/19/19 05:55:27  GMT-04:00,BT_TCCB08_1811_b,10/18/2019,12:38:00,Ordered replacement logger from Onset for this one.,,,
Removed,Cane 39 (STX),,10777026,NA,11/1/2018,15,453,11/5/2018,11:30:00,1/28/2020,10/24/19 11:32:01  GMT-04:00,BT_TCCB40_1811_a,10/18/2019,12:00:00,"Swapped at 11:19, ordered replacement logger for this one.",,,
Removed,Cane 39 (STX),,10777017,NA,11/1/2018,15,453,11/5/2018,11:30:00,1/28/2020,10/24/19 11:35:07  GMT-04:00,BT_TCCB40_1811_b,10/18/2019,12:00:00,Swapped at 11:19,,,
Removed,Cane 67 (STX),,20475598,NA,11/1/2018,15,453,11/5/2018,11:15:00,1/28/2020,10/18/19 17:57:51  GMT-04:00,BT_TCCB67_1811_a,10/18/2019,11:47:00,"At 67 m depth. Emplaced at 11:13.  First good reading at 11:15.  The loggers were transposed between 67 and 100 m, but the filenames on the hobo files and csv files were updated in the database folders.","BT_TCCB60_1811_b, changed to BT_TCCB67_1811_1910_b.hobo",,
Removed,Cane 67 (STX),,10629074,NA,11/1/2018,15,453,11/5/2018,11:15:00,1/28/2020,0/18/19 17:54:04  GMT-04:00,BT_TCCB67_1811_b,10/18/2019,11:47:00,"At 67 m depth. Emplaced at 11:13.  First good reading at 11:15.  The loggers were transposed between 67 and 100 m, but the filenames on the hobo files and csv files were updated in the database folders.","BT_TCCB60_1811_b, changed to BT_TCCB67_1811_1910_b.hobo",,
Removed,Cane 99 (STX),,20475594,NA,11/1/2018,30,906,11/5/2018,11:15:00,4/25/2021,10/18/19 18:05:27  GMT-04:00,BT_TCCB99_1811_a,10/18/2019,11:42:00,"Put the deep hobo at 330' (100m) at 11:05.  First good reading at 11:15.  The loggers were transposed between 67 and 100 m, but the filenames on the hobo files and csv files were updated in the database folders. The files for the 100 m set are every :30 recording, but not offset, so there is only a recording every :30.","BT_TCCB90_1811_a, changed to BT_TCCB99_1811_1910_a.hobo",,
Removed,Cane 99 (STX),,10778700,NA,11/1/2018,30,906,11/5/2018,11:15:00,4/25/2021,10/18/19 18:01:38  GMT-04:00,BT_TCCB99_1811_b,10/18/2019,11:42:00,"Put the deep hobo at 330' (100m) at 11:05.  First good reading at 11:15.  The loggers were transposed between 67 and 100 m, but the filenames on the hobo files and csv files were updated in the database folders.  The files for the 100 m set are every :30 recording, but not offset, so there is only a recording every :30.","BT_TCCB90_1811_b, changed to BT_TCCB99_1811_1910_b.hobo",,
Removed,Salt 30 (STX),,10744985,NA,11/1/2018,15,453,11/4/2018,11:30:00,1/28/2020,11/8/2019,BT_TCSR30_1811_,10/19/2019,11:30:00,,,,
Removed,Salt 40 (STX),,10302370,NA,11/1/2018,15,453,11/4/2018,12:00:00,1/28/2020,11/8/2019,BT_TCSR41_1811_a,10/19/2019,10:45:00,Ordered replacement logger from Onset for this one.,,,
Removed,Salt 40 (STX),,10744996,NA,11/1/2018,15,453,11/4/2018,12:00:00,1/28/2020,11/8/2019,BT_TCSR41_1811_b,10/19/2019,10:45:00,,,,
Removed,Salt 60 (STX),,10744997,NA,11/1/2018,15,453,11/4/2018,11:45:00,1/28/2020,11/8/2019,BT_TCSR67_1811_a,10/19/2019,10:55:00,"67 m depth.  Emplaced probe at 11:38, with first good reading at 11:45.",,,
Removed,Salt 60 (STX),,10558245,NA,11/1/2018,15,453,11/4/2018,11:45:00,1/28/2020,11/8/2019,BT_TCSR67_1811_b,10/19/2019,10:55:00,"67 m depth.  Emplaced probe at 11:38, with first good reading at 11:45.",,,
Removed,Salt 90 (STX),,10558244,NA,11/1/2018,15,453,11/4/2018,11:45:00,1/28/2020,11/8/2019,BT_TCSR90_1811_a,10/19/2019,10:50:00,"100 m depth.  The probe went in at 11:32, with first good reading at 11:45",,,
Removed,Salt 90 (STX),,10778709,NA,11/1/2018,15,453,11/4/2018,11:45:00,1/28/2020,11/8/2019,BT_TCSR90_1811_b,10/19/2019,10:50:00,"100 m depth.  The probe went in at 11:32, with first good reading at 11:45",,,
Removed,Lang EEMP (STX),,10629068,NA,11/1/2018,15,453,11/6/2018,14:15:00,1/28/2020,11/8/2019,BT_TCLBEM_1811_,10/20/2019,15:00:00,,,,
Removed,Great Pond (STX),,10744994,NA,11/1/2018,15,453,11/7/2018,14:30:00,1/28/2020,11/8/2019,BT_TCGRPD_1811_,10/21/2019,15:51:00,,,,
Removed,Lang Hind (STX),,10558242,NA,11/1/2018,15,453,11/6/2018,10:15:00,1/28/2020,11/8/2019,BT_TCLBRH_1811_,10/20/2019,11:15:00,,,,
Removed,Buck Island MCE (STX),,10778701,NA,11/1/2018,15,453,11/1/2018,11:15:00,1/28/2020,11/8/2019,BT_TCBKXD_1811_a,10/15/2019,11:55:00,,,,
Removed,Buck Island MCE (STX),,10508028,NA,11/1/2018,15,453,11/1/2018,11:15:00,1/28/2020,12/7/2019,BT_TCBKXD_1811_b,10/15/2019,11:55:00,Data recovered by Onset in December 2019,,,
Removed,South Water,,10606034,NA,11/27/2018,15,453,12/4/2018,14:15:00,2/23/2020,12/12/2019,TCSWAT_181011_10606034,12/6/2019,14:42:00,"Don't believe ""date out"" is right. HOBO data suggests somewhere around 11/14/19 -Nicole Krampitz",,,
Removed,Magens Bay,,10455139,NA,11/21/2018,15,453,11/27/2018,8:30:00,2/17/2020,7/9/2020,BT_TCMAGB_1811,11/8/2019,10:15:00,Data recovered by Onset in July 2020,,,
Removed,Botany Bay,,10606032,NA,11/21/2018,15,453,11/24/2018,9:30:00,2/17/2020,9/4/2019,,8/22/2019,10:21:00,,,,
Removed,Savana,,10629067,NA,11/21/2018,15,453,11/27/2018,15:50:00,2/17/2020,9/4/2019,,8/22/2019,11:52:00,,,,
Removed,Coculus Rock,,10629060,NA,11/21/2018,15,453,11/25/2018,9:00:00,2/17/2020,12/13/2019,BT_TCCORK_1811_a,12/5/2019,14:25:00,,,,
Removed,Coculus Rock,,10744989,NA,11/21/2018,15,453,11/25/2018,9:00:00,2/17/2020,12/13/2019,BT_TCCORK_1811_b,12/5/2019,14:25:00,Ordered replacement logger from Onset for this one.,,,
Removed,Buck Island (STT),,10306849,NA,11/21/2018,15,453,11/26/2018,9:00:00,2/17/2020,11/8/2019,BT_TCBKIT_1811,10/29/2019,10:44:00,,,,
Removed,Little St. James,,10455140,NA,11/27/2018,15,453,12/12/2018,14:30:00,2/23/2020,7/9/2020,BT_TCLSTJ_1811,12/5/2019,8:50:00,Data recovered by Onset in July 2020,,,
Removed,Meri Shoal (STJ),,10302368,NA,11/27/2018,15,453,12/12/2018,13:30:00,2/23/2020,7/9/2020,BT_TCMERI_1811,11/21/2019,11:53:00,Data recovered by Onset in July 2020,,,
Removed,South Capella 35m,,10744988,NA,11/26/2018,15,453,11/27/2018,10:45:00,2/22/2020,12/13/2019,BT_TCSC35_1811,11/20/2019,10:25:00,Ordered replacement logger from Onset for this one.,,,
Removed,College Shoal East,,10558247,NA,11/27/2018,15,453,11/29/2018,12:15:00,2/23/2020,12/13/2019,BT_TCCLGE_1811,11/25/2019,13:15:00,,,,
Removed,Black Point,,10587899,NA,11/27/2018,15,453,11/28/2018,14:15:00,2/23/2020,12/13/2019,BT_TCBKPT_1811_a,11/19/2019,15:15:00,,,,
Removed,Black Point (duplicate),,10778707,NA,11/27/2018,15,453,11/28/2018,14:15:00,2/23/2020,12/13/2019,BT_TCBKPT_1811_b,11/19/2019,15:15:00,Ordered replacement logger from Onset for this one.,,,
Removed,Flat Cay,,10606033,NA,11/27/2018,15,453,11/27/2018,14:15:00,2/23/2020,12/12/2019,BT_TCFLTC_1811_a,10/30/2019,14:20:00,,,,
Removed,Flat Cay (duplicate),,10455138,NA,11/27/2018,15,453,12/3/2018,,2/23/2020,12/12/2019,BT_TCFLTC_1811_b,10/30/2019,14:20:00,,,,
Removed,Seahorse Cottage Shoal,,10587890,NA,11/27/2018,15,453,11/27/2018,12:15:00,2/23/2020,12/13/2019,BT_TCSHCS_1811_a,11/20/2019,14:25:00,,,,
Removed,Seahorse Cottage Shoal (duplicate),,10745000,NA,11/27/2018,15,453,11/27/2018,12:15:00,2/23/2020,12/12/2019,BT_TCSHCS_b,11/20/2019,14:25:00,Ordered replacement logger from Onset for this one.,,,
Removed,Grammanik Tiger FSA,,10605983,NA,11/27/2018,15,453,11/28/2018,10:30:00,2/23/2020,12/13/2019,BT_TCGMKT_1811_a,12/6/2019,11:50:00,,,,
Removed,Grammanik Tiger FSA,,10455135,NA,11/27/2018,15,453,11/28/2018,10:30:00,2/23/2020,7/9/2020,BT_TCGMKT_1811_b,12/6/2019,11:50:00,Data recovered by Onset in July 2020,,,
Removed,Ginsburg Fringe,,10629075,NA,11/27/2018,15,453,12/12/2018,10:45:00,2/23/2020,2/18/2020,BT_TCGB63_1811_b,1/28/2020,12:45:00,,,,
Removed,Ginsburg Fringe,,10745003,NA,11/27/2018,15,453,12/12/2018,10:45:00,2/23/2020,2/18/2020,BT_TCGB63_1811_a,1/28/2020,12:45:00,Ordered replacement logger from Onset for this one.,,,
Removed,Hind Bank,,10558248,NA,11/27/2018,15,453,11/28/2018,11:45:00,2/23/2020,12/13/2019,BT_TCHB40_1811,11/25/2019,10:20:00,,,,
Running,El Seco (VR 67),,10558250,NA,12/13/2018,60,1825,,,12/12/2023,,,,,,,,
Running,El Seco (VR 67),,20066322,NA,12/13/2018,60,1825,,,12/12/2023,,,,,,,,
Running,"Devils Crown 2 m (Floreana, Galapagoes)",,10587889,NA,5/24/2019,60,1825,,,5/22/2024,,,,,,,,
Running,"Devils Crown 2m  (Floreana, Galapagoes)",,20554398,NA,5/24/2019,60,1825,,,5/22/2024,,,,,,,,
Running,"Devils Crown 15m (Floreana, Galapagoes)",,20554390,NA,5/24/2019,60,1825,,,5/22/2024,,,,,,,,
Running,"Devils Crown 15m  (Floreana, Galapagoes)",,20554392,NA,5/24/2019,60,1825,,,5/22/2024,,,,,,,,
Removed,Brewers Bay,,20291522,NA,8/22/2019,15,453,8/22/2019,13:44:00,11/17/2020,12/10/2020,BT_TCBRWB_1908_,11/5/2020,15:27:00,,,,
Removed,Botany Bay,,10605979,NA,8/22/2019,15,453,8/22/2019,10:21:00,11/17/2020,12/10/2020,BT_TCBOTB_1908,11/24/2020,13:41:00,Logger stopped collecting data on 11/16/20 so there will be a little gap in the data to 11/24/20,,,
Removed,Savana,,10587894,NA,8/22/2019,15,453,8/22/2019,11:52:00,11/17/2020,12/10/2020,BT_TCSAVA_1908_,11/24/2020,15:59:00,Logger stopped collecting data on 11/16/20 so there will be a little gap in the data to 11/24/20,,,
Removed,Buck Island MCE (STX),,20554391,NA,10/15/2019,15,453,10/15/2019,11:55:00,1/10/2021,3/25/2021,BT_TCBKIX_1910_,3/15/2021,10:30:00,,,,
Removed,Buck Island MCE (STX),,20291521,NA,10/15/2019,15,453,10/15/2019,11:55:00,1/10/2021,3/25/2021,BT_TCBKIX_1910_b,3/15/2021,10:30:00,,,,
Removed,Jacks Bay (STX),,20291527,NA,10/16/2019,15,453,10/16/2019,9:50:00,1/11/2021,5/10/2021,BT_TCJCKB_1910_,4/7/2021,10:25:00,,,,
Removed,Castle (STX),,20291530,NA,10/16/2019,15,453,10/16/2019,11:48:00,1/11/2021,5/10/2021,BT_TCCSTL_1910,4/7/2021,12:30:00,,,,
Removed,Eagle Ray (STX),,20291524,NA,10/16/2019,15,453,10/16/2019,14:10:00,1/11/2021,5/10/2021,BT_TCEAGR_1910_,4/7/2021,14:45:00,,,,
Removed,Kings Corner (STX),,20554395,NA,10/16/2019,15,453,10/17/2019,13:57:00,1/11/2021,3/25/2021,BT_TCKNGC_1910_,3/14/2021,12:48:00,,,,
Removed,Sprat Hole (STX),,20554393,NA,10/17/2019,15,453,10/17/2019,15:44:00,1/12/2021,3/25/2021,BT_TCSPTH_1910,3/14/2021,14:45:00,Logger moved to beginning of T3 (was being overgrown by barrel sponge in previous location),,,
Removed,Mutton 24m (STX),,20554394,NA,10/17/2019,15,453,10/17/2019,11:12:00,1/12/2021,3/25/2021,BT_TCMT24_1910_,3/14/2021,10:46:00,,,,
Removed,Mutton 39m (STX),,20291518,NA,10/17/2019,15,453,10/17/2019,11:18:00,1/12/2021,3/25/2021,BT_TCMT40_1910_,3/14/2021,10:45:00,,,,
Removed,Mutton 39m (STX),,10778706,NA,10/17/2019,15,453,10/17/2019,11:18:00,1/12/2021,3/25/2021,BT_TCMT40_1910_b,3/14/2021,10:45:00,,,,
Removed,Cane 09 (STX),,20291515,NA,10/17/2019,15,453,10/18/2019,12:38:00,1/12/2021,5/10/2021,BT_TCCB08_1910_b,4/6/2021,11:33:00,,,,
Removed,Cane 09 (STX),,10778712,NA,10/17/2019,15,453,10/18/2019,12:38:00,1/12/2021,5/10/2021,BT_TCCB08_1910_,4/6/2021,11:33:00,,,,
Removed,Cane 39 (STX),,20291529,NA,10/17/2019,15,453,10/18/2019,12:00:00,1/12/2021,5/10/2021,BT_TCCB40_1910,4/6/2021,10:38:00,,,,
Removed,Cane 39 (STX),,10744983,NA,10/17/2019,15,453,10/18/2019,12:00:00,1/12/2021,5/10/2021,BT_TCCB40_1910_b,4/6/2021,10:38:00,,,,
Removed,Cane 67 (STX),,20291520,NA,10/17/2019,15,453,10/18/2019,11:47:00,1/12/2021,11/21/2023,BT_TCCB67_1910_,11/12/2023,10:28:00,,,,
Removed,Cane 67 (STX),,10776980,NA,10/17/2019,15,453,10/18/2019,11:47:00,1/12/2021,,BT_TCCB67_1910_b,11/12/2023,10:28:00,"Old Logger, needs to be sent to Onset for data recovery, battery dead",,,
Removed,Cane 99 (STX) (rename to Cane 100),,20554396,NA,10/17/2019,15,453,10/18/2019,11:42:00,1/12/2021,11/21/2023,BT_TCCB99_1910_b,11/12/2023,10:25:00,,,,
Removed,Cane 99 (STX) (rename to Cane 100),,20554397,NA,10/17/2019,15,453,10/18/2019,11:42:00,1/12/2021,11/21/2023,BT_TCCB99_1910_,11/12/2023,10:25:00,,,,
Removed,Salt 30 (STX),,20719655,NA,10/19/2019,15,453,10/19/2019,11:30:00,1/14/2021,5/10/2021,BT_TCSR30_1910_,4/8/2021,9:55:00,Logger moved to end of T3 (taller and more stable),,,
Removed,Salt 40 (STX),,20719647,NA,10/19/2019,15,453,10/19/2019,10:45:00,1/14/2021,5/10/2021,BT_TCSR41_1910_b,4/8/2021,9:55:00,,,,
Removed,Salt 40 (STX),,20719633,NA,10/19/2019,15,453,10/19/2019,10:45:00,1/14/2021,5/10/2021,BT_TCSR41_1910,4/8/2021,9:55:00,Ordered replacement logger from Onset for this one.,,,
Running,Salt 60 (STX) (rename to 67m),,20719635,NA,10/19/2019,15,453,10/19/2019,10:55:00,1/14/2021,,BT_TCSR67_1910_a,1/13/2021,10:00:00,Ordered replacement logger from Onset for this one.,,,
Running,Salt 60 (STX) (rename to 67m),,20719641,NA,10/19/2019,15,453,10/19/2019,10:55:00,1/14/2021,,BT_TCSR67_1910_b,1/13/2021,10:00:00,Ordered replacement logger from Onset for this one.,,,
Removed,Salt 100 (STX),,20719634,NA,10/19/2019,15,453,10/19/2019,10:50:00,1/14/2021,11/21/2023,BT_TCSR99_1910_b,11/11/2023,11:19:00,,,,
Removed,Salt 100 (STX),,20719651,NA,10/19/2019,15,453,10/19/2019,10:50:00,1/14/2021,11/21/2023,BT_TCSR99_1910_,11/11/2023,11:19:00,,,,
Removed,Lang Hind (STX),,20719632,NA,10/19/2019,15,453,10/20/2019,11:15:00,1/14/2021,12/14/2020,BT_TCLBRH_1910_,12/8/2020,9:15:00,Ordered replacement logger from Onset for this one.,,,
Removed,Great Pond (STX),,20719652,NA,10/19/2019,15,453,10/21/2019,15:51:00,1/14/2021,3/25/2021,BT_TCGRPD_1910_,3/13/2021,13:51:00,Ordered replacement logger from Onset for this one.,,,
Removed,Lang EEMP (STX),,20719649,NA,10/19/2019,15,453,10/20/2019,15:00:00,1/14/2021,3/25/2021,BT_TCLBEM_1910_,3/13/2021,10:00:00,Ordered replacement logger from Onset for this one.,,,
Running,Lang EEMP 60 (rename to 67m),,20719654,NA,10/19/2019,15,453,10/21/2019,10:50:00,1/14/2021,,BT_TCLE67_1910_a,1/13/2021,10:00:00,Ordered replacement logger from Onset for this one.,,,
Running,Lang EEMP 60 (rename to 67m),,20719645,NA,10/19/2019,15,453,10/21/2019,10:50:00,1/14/2021,,BT_TCLE67_1910_b,1/13/2021,10:00:00,Ordered replacement logger from Onset for this one.,,,
Running,Lang EEMP 100,,20719648,NA,10/19/2019,15,453,10/21/2019,10:58:00,1/14/2021,,,,,Ordered replacement logger from Onset for this one.,,,
Running,Lang EEMP 100,,20719644,NA,10/19/2019,15,453,10/21/2019,10:58:00,1/14/2021,,,,,Ordered replacement logger from Onset for this one.,,,
Removed,Buck Island (STT),,20719642,NA,10/29/2019,15,453,10/29/2019,10:44:00,1/24/2021,12/10/2020,BT_TCBKIT_1910,11/5/2020,12:58:00,Ordered replacement logger from Onset for this one.,,,
Removed,Black Point (duplicate),,20719639,NA,10/29/2019,15,453,10/30/2019,15:15:00,1/24/2021,5/27/2020,BT_TCBKPT_1911_a,5/21/2020,10:40:00,Ordered replacement logger from Onset for this one.,,,
Removed,Black Point,,20719646,NA,11/1/2019,15,453,10/30/2019,15:15:00,1/27/2021,5/27/2020,BT_TCBKPT_1911_b,5/21/2020,10:40:00,Ordered replacement logger from Onset for this one.,,,
Removed,Flat Cay,,20719638,NA,11/1/2019,15,453,11/19/2019,14:20:00,1/27/2021,12/10/2020,BT_TCFLTC_1911_,10/30/2020,10:51:00,Ordered replacement logger from Onset for this one.,,,
Removed,Flat Cay,,20719636,NA,11/1/2019,15,453,11/19/2019,14:20:00,1/27/2021,12/10/2020,BT_TCFLTC_1911_b,10/30/2020,10:51:00,Ordered replacement logger from Onset for this one.,,,
Removed,Magens,,20719637,NA,11/1/2019,15,453,11/8/2019,10:15:00,1/27/2021,12/10/2020,BT_TCMAGB_1911_,11/24/2020,10:50:00,Ordered replacement logger from Onset for this one.,,,
Removed,Seahorse Cottage Shoal,,20475589,NA,11/19/2019,15,453,11/20/2019,14:25:00,2/14/2021,1/5/2021,BT_TCSHCS_1911_,12/8/2020,15:30:00,Ordered replacement logger from Onset for this one.,,,
Removed,Seahorse Cottage Shoal (duplicate),,20475591,NA,11/19/2019,15,453,11/20/2019,14:25:00,2/14/2021,1/5/2021,BT_TCSHCS_1911_b,12/8/2020,15:30:00,Ordered replacement logger from Onset for this one.,,,
Removed,Meri Shoal (STJ),,20475594,NA,11/21/2019,15,453,11/21/2019,11:53:00,2/16/2021,1/5/2021,BT_TCMERI_1911_,12/10/2020,11:05:00,Ordered replacement logger from Onset for this one.,,,
Removed,Coral Bay (STJ),,20475598,NA,11/21/2019,15,453,12/5/2019,10:25:00,2/16/2021,1/5/2021,BT_TCCORB_1911_,12/10/2020,13:25:00,Ordered replacement logger from Onset for this one.,,,
Removed,Fish Bay (STJ),,20066308,NA,11/21/2019,15,453,12/5/2019,12:35:00,2/16/2021,1/5/2021,BT_TCFSHB_1911_,12/10/2020,15:51:00,Ordered replacement logger from Onset for this one.,,,
Removed,Coculus Rock,,20475596,NA,11/22/2019,15,453,12/5/2019,14:25:00,2/17/2021,1/5/2021,BT_TCCORK_1911_,12/14/2020,13:55:00,Ordered replacement logger from Onset for this one.,,,
Removed,Coculus Rock,,20475592,NA,11/22/2019,15,453,12/5/2019,14:25:00,2/17/2021,1/5/2021,BT_TCCORK_1911_b,12/14/2020,13:55:00,Ordered replacement logger from Onset for this one.,,,
Removed,South Capella,,10778711,NA,11/19/2019,15,453,11/20/2019,10:55:00,2/14/2021,1/5/2021,BT_TCSCAP_1911_,12/8/2020,14:00:00,Ordered replacement logger from Onset for this one.,,,
Removed,South Capella 35m,,20475593,NA,11/19/2019,15,453,11/20/2019,10:25:00,2/14/2021,1/5/2021,BT_TCSC35_1911_,12/8/2020,13:30:00,Ordered replacement logger from Onset for this one.,,,
Removed,Hind Bank,,20719653,NA,11/25/2019,15,453,11/25/2019,10:20:00,2/20/2021,1/5/2021,BT_TCHB40_1911_,12/4/2020,13:48:00,Ordered replacement logger from Onset for this one.,,,
Removed,College Shoal East,,20719640,NA,11/26/2019,15,453,11/25/2019,13:15:00,2/21/2021,1/5/2021,BT_TCCLGE_1911_,12/4/2020,15:30:00,Ordered replacement logger from Onset for this one.,,,
Removed,Grammanik Tiger FSA,,20733083,NA,11/27/2019,15,453,12/6/2019,11:50:00,2/22/2021,1/5/2021,BT_TCGMKT_1911_,12/7/2020,12:45:00,Ordered replacement logger from Onset for this one.,,,
Removed,Grammanik Tiger FSA,,20733074,NA,11/27/2019,15,453,12/6/2019,11:50:00,2/22/2021,1/5/2021,BT_TCGMKT_1911_b,12/7/2020,12:45:00,Ordered replacement logger from Onset for this one.,,,
Removed,South Water,,20733088,NA,11/27/2019,15,453,12/6/2019,14:42:00,2/22/2021,1/5/2021,BT_TCSWAT_1911_,12/14/2020,9:55:00,Ordered replacement logger from Onset for this one.,,,
Removed,Little St. James,,20733081,NA,12/5/2019,15,453,12/5/2019,8:50:00,3/2/2021,12/10/2020,BT_TCLSTJ_1912_,11/5/2020,11:02:00,Ordered replacement logger from Onset for this one.,,,
Removed,Ginsburg Fringe,,20733080,NA,1/28/2020,15,453,1/28/2020,12:45:00,4/25/2021,5/10/2021,BT_TCGB63_2001_,4/15/2021,13:30:00,Ordered replacement logger from Onset for this one.,,,
Removed,Ginsburg Fringe,,20733077,NA,1/28/2020,15,453,1/28/2020,12:45:00,4/25/2021,5/10/2021,BT_TCGB63_2001_b,4/15/2021,13:30:00,Ordered replacement logger from Onset for this one.,,,
Removed,Black Point ,,20719650,NA,5/19/2020,15,453,5/21/2020,10:40:00,4/26/2021,12/10/2020,BT_TCBKPT_2005_,10/30/2020,13:51:00,Ordered replacement logger from Onset for this one.,,,
Removed,Black Point (duplicate),,20733091,NA,5/19/2020,15,453,5/21/2020,10:40:00,4/27/2021,12/10/2020,BT_TCBKPT_2005_b,10/30/2020,13:51:00,Ordered replacement logger from Onset for this one.,,,
Removed,Hind Bank (duplicate) ,,20733093,NA,7/6/2020,15,453,7/16/2020,10:07:00,4/28/2021,1/5/2021,BT_TCHB40_2007_,12/4/2020,13:48:00,Ordered replacement logger from Onset for this one.,,,
Removed,South Capella (duplicate),,20733090,NA,7/6/2020,15,453,7/14/2020,8:00:00,4/29/2021,1/5/2021,BT_TCSCAP_2007_,12/8/2020,14:00:00,Ordered replacement logger from Onset for this one.,,,
Removed,South Capella 35 (duplicate),,20733094,NA,7/6/2020,15,453,7/14/2020,10:25:00,9/22/2021,1/5/2021,BT_TCSC35_2007_,12/8/2020,13:30:00,Ordered replacement logger from Onset for this one.,,,
Removed,Brewers Bay,,20925881,NA,10/30/2020,15,453,11/5/2020,15:27:00,1/14/2022,11/8/2021,BT_TCBRWB_2011_,10/22/2021,12:12:00,Ordered replacement logger from Onset for this one.,,,
Removed,Black Point ,,20925884,NA,10/30/2020,15,453,10/30/2020,13:51:00,1/8/2022,11/9/2021,BT_TCBKPT_2011_a,10/22/2021,13:28:00,Ordered replacement logger from Onset for this one.,,,
Removed,Black Point (duplicate),,20925876,NA,10/30/2020,15,453,10/30/2020,13:51:00,1/8/2022,11/9/2021,BT_TCBKPT_2011_b,10/22/2021,13:28:00,Ordered replacement logger from Onset for this one.,,,
Removed,Flat Cay ,,20925887,NA,10/30/2020,15,453,10/30/2020,10:51:00,1/8/2022,11/9/2021,BT_TCFLTC_2011_a,10/22/2021,9:57:00,Ordered replacement logger from Onset for this one.,,,
Removed,Flat Cay (duplicate),,20925874,NA,10/30/2020,15,453,10/30/2020,10:51:00,1/8/2022,11/9/2021,BT_TCFLTC_2011_b,10/22/2021,9:57:00,Ordered replacement logger from Onset for this one.,,,
Running,Acropora Flat Cay ,,20925882,NA,10/30/2020,15,453,,,3/10/2001,,,,,Ordered replacement logger from Onset for this one.,,,
Removed,Buck Island (STT),,20925873,NA,11/5/2020,15,453,11/5/2020,15:58:00,1/14/2022,11/18/2021,BT_TCBKIT_2011_,11/5/2021,12:27:00,Ordered replacement logger from Onset for this one.,,,
Removed,Little St. James,,20925880,NA,11/5/2020,15,453,11/5/2020,11:02:00,1/14/2022,11/18/2021,BT_TCLSTJ_2011,11/4/2021,15:10:00,Ordered replacement logger from Onset for this one.,,,
Removed,Coculus Rock,,20925878,NA,11/13/2020,15,453,12/14/2020,13:55:00,2/22/2022,11/9/2021,BT_TCCORK_2011_,10/19/2021,15:09:00,Ordered replacement logger from Onset for this one.,,,
Removed,Coculus Rock (duplicate),,20925885,NA,11/13/2020,15,453,12/14/2020,13:55:00,2/22/2022,11/9/2021,BT_TCCORK_2011_b,10/19/2021,15:09:00,Ordered replacement logger from Onset for this one.,,,
Removed,Magens Bay,,20925866,NA,11/13/2020,15,453,11/24/2020,10:50:00,2/2/2022,11/9/2021,BT_TCMAGB_2011_,10/18/2021,11:30:00,Ordered replacement logger from Onset for this one.,,,
Removed,Botany Bay,,20925868,NA,11/13/2020,15,453,11/24/2020,13:41:00,2/2/2022,11/9/2021,BT_TCBOTB_2011,10/18/2021,13:15:00,Ordered replacement logger from Onset for this one.,,,
Removed,Savana,,20925870,NA,11/13/2020,15,453,11/24/2020,15:59:00,2/2/2022,11/9/2021,BT_TCSAVA_2011,10/18/2021,14:46:00,Ordered replacement logger from Onset for this one.,,,
Removed,South Capella,,20925869,NA,11/30/2020,15,453,12/8/2020,14:00:00,2/16/2022,11/18/2021,BT_TCSCAP_2011_a,11/4/2021,13:05:00,Ordered replacement logger from Onset for this one.,,,
Removed,South Capella (duplicate),,20925875,NA,11/30/2020,15,453,12/8/2020,14:00:00,2/16/2022,11/18/2021,BT_TCSCAP_2011_b,11/4/2021,13:05:00,Ordered replacement logger from Onset for this one.,,,
Removed,Seahorse ,,20719646,NA,11/30/2020,15,453,12/8/2020,15:30:00,2/16/2022,11/18/2021,BT_TCSHCS_2011_a,11/5/2021,10:00:00,Ordered replacement logger from Onset for this one.,,,
Removed,Seahorse (duplicate),,20733089,NA,11/30/2020,15,453,12/8/2020,15:30:00,2/16/2022,11/18/2021,BT_TCSHCS_2011_b,11/5/2021,10:00:00,Ordered replacement logger from Onset for this one.,,,
Removed,Grammank Tiger,,20925871,NA,11/30/2020,15,453,12/7/2020,12:45:00,2/15/2022,1/20/2022,BT_TCGMKT_2011_a,11/29/2021,10:43:00,Ordered replacement logger from Onset for this one.,,,
Removed,Grammanik Tiger (duplicate),,20925865,NA,11/30/2020,15,453,12/7/2020,12:45:00,2/15/2022,1/20/2022,BT_TCGMKT_2011_b,11/29/2021,10:43:00,Ordered replacement logger from Onset for this one.,,,
Removed,South Capella 35 m ,,20925883,NA,11/30/2020,15,453,12/8/2020,13:30:00,2/16/2022,1/20/2022,BT_TCSC35_2011_a,11/30/2021,10:02:00,,,,
Removed,South Capella 35 m (duplicate),,20925877,NA,11/30/2020,15,453,12/8/2020,13:30:00,2/16/2022,1/20/2022,BT_TCSC35_2011_b,11/30/2021,10:02:00,,,,
Removed,South Water ,,20733086,NA,12/2/2020,15,453,12/14/2020,9:55:00,2/22/2022,11/18/2021,BT_TCSWAT_2012_,11/4/2021,10:55:00,,,,
Removed,Hind Bank ,,20733092,NA,12/4/2020,15,453,12/4/2020,13:48:00,2/12/2022,1/20/2022,BT_TCHB40_2012_a,12/3/2021,10:44:00,Moved from ADCP base to beginning of T1; Temps averaged (ENH),,,
Removed,Hind Bank (duplicate) ,,20733076,NA,12/4/2020,15,453,12/4/2020,13:48:00,2/12/2022,1/20/2022,BT_TCHB40_2012_b,12/3/2021,10:44:00,Moved from ADCP base to beginning of T1; Temps averaged (ENH),,,
Removed,College Shoal East,,20925867,NA,12/4/2020,15,453,12/4/2020,15:30:00,2/12/2022,1/20/2022,BT_TCCLGE_2012_,12/3/2021,14:10:00,,,,
Removed,Meri Shoal (STJ),,20925879,NA,12/7/2020,15,453,12/10/2020,11:05:00,2/18/2022,11/18/2021,BT_TCMERI_2012_,11/9/2021,11:40:00,,,,
Removed,Coral Bay (STJ),,20925888,NA,12/7/2020,15,453,12/10/2020,13:25:00,2/18/2022,11/9/2021,BT_TCCORB_2012_,10/19/2021,10:45:00,,,,
Removed,Fish Bay (STJ),,20925872,NA,12/7/2020,15,453,12/10/2020,15:51:00,2/18/2022,11/9/2021,BT_TCFSHB_2012_,10/19/2021,13:08:00,,,,
Removed,Buck Island MCE (STX),,20954390,NA,3/3/2021,15,453,3/15/2021,10:30:00,5/24/2022,12/7/2021,BT_TCBKIX_2103_a,11/15/2021,10:12:00,,,,
Removed,Buck Island MCE (STX) (duplicate),,20962639,NA,3/3/2021,15,453,3/15/2021,10:30:00,5/24/2022,12/7/2021,BT_TCBKIX_2103_b,11/15/2021,10:12:00,,,,
Removed,Jacks Bay (STX),,20962621,NA,4/6/2021,15,453,4/7/2021,10:25:00,6/16/2022,12/7/2021,BT_TCJCKB_2104_,11/11/2021,12:11:00,,,,
Removed,Castle (STX),,20954392,NA,4/6/2021,15,453,4/7/2021,12:30:00,6/16/2022,12/7/2021,BT_TCCSTL_2104,11/14/2021,15:41:00,,,,
Removed,Eagle Ray (STX),,20962623,NA,4/6/2021,15,453,4/7/2021,14:45:00,6/16/2022,12/7/2021,BT_TCEAGR_2104,11/15/2021,15:02:00,,,,
Removed,Kings Corner (STX),,20954384,NA,3/3/2021,15,453,3/14/2021,12:48:00,5/23/2022,12/7/2021,BT_TCKNGC_2103_,11/12/2021,13:38:00,,,,
Removed,Sprat Hole (STX),,20962625,NA,3/3/2021,15,453,3/14/2021,14:45:00,5/23/2022,12/7/2021,BT_TCSPTH_2103_,11/12/2021,15:29:00,,,,
Removed,Mutton 24m (STX),,20954387,NA,3/3/2021,15,453,3/14/2021,10:46:00,5/23/2022,12/7/2021,BT_TCMT24_2103_,11/12/2021,11:04:00,,,,
Removed,Mutton 39m (STX),,20954386,NA,3/3/2021,15,453,3/14/2021,10:45:00,5/23/2022,12/7/2021,BT_TCMT40_2103_a,11/12/2021,10:56:00,,,,
Removed,Mutton 39m (STX) (duplicate),,20962627,NA,3/3/2021,15,453,3/14/2021,10:45:00,5/23/2022,12/7/2021,BT_TCMT40_2103_b,11/12/2021,10:56:00,,,,
Removed,Cane 09 (STX),,20954393,NA,4/6/2021,15,453,4/6/2021,11:33:00,6/15/2022,12/7/2021,BT_TCCB08_2104_a,11/16/2021,12:03:00,,,,
Removed,Cane 09 (STX) (duplicate),,20954389,NA,4/6/2021,15,453,4/6/2021,11:33:00,6/15/2022,12/7/2021,BT_TCCB08_2104_b,11/16/2021,12:03:00,,,,
Removed,Cane 39 (STX),,20962624,NA,4/6/2021,15,453,4/6/2021,10:38:00,6/15/2022,12/7/2021,BT_TCCB40_2104_a,11/16/2021,11:03:00,,,,
Removed,Cane 39 (STX) (duplicate),,20962629,NA,4/6/2021,15,453,4/6/2021,10:38:00,6/15/2022,12/7/2021,BT_TCCB40_2104_b,11/16/2021,11:03:00,,,,
Removed,Salt River 30 (STX),,20954395,NA,4/6/2021,15,453,4/8/2021,9:55:00,6/17/2022,12/7/2021,BT_TCSR30_2104_,11/13/2021,11:37:00,,,,
Removed,Salt River 40 (STX),,20962622,NA,4/6/2021,15,453,4/8/2021,9:55:00,6/17/2022,12/7/2021,BT_TCSR41_2104_a,11/13/2021,11:44:00,,,,
Removed,Salt River 40 (STX) (duplicate),,20954383,NA,4/6/2021,15,453,4/8/2021,9:55:00,6/17/2022,12/7/2021,BT_TCSR41_2104_b,11/13/2021,11:44:00,,,,
Removed,Lang Hind (STX),,20733075,NA,3/3/2021,15,453,3/12/2021,10:53:00,5/21/2022,12/7/2021,BT_TCLBRH_2103_,11/22/2021,9:32:00,,,,
Removed,Great Pond (STX),,20719643,NA,3/3/2021,15,453,3/13/2021,13:51:00,5/22/2022,12/7/2021,BT_TCGRPD_2103_,11/14/2021,13:47:00,,,,
Removed,Lang EEMP (STX),,20954396,NA,3/3/2021,15,453,3/13/2021,10:00:00,5/22/2022,12/7/2021,BT_TCLBEM_2103_,11/14/2021,10:35:00,,,,
Removed,Ginsburg Fringe,,20962628,NA,4/14/2021,15,453,4/15/2021,13:30:00,6/24/2022,1/26/2023,BT_TCGB63_2104_b,12/2/2022,10:20:00,"Logger filled up on July 10, 2022 so there will be a gap in this dataset from then until the start of the next one on 12/2/22",,,
Removed,Ginsburg Fringe (duplicate),,20962631,NA,4/14/2021,15,453,4/15/2021,13:30:00,6/24/2022,1/26/2023,BT_TCGB63_2104_a,12/2/2022,10:20:00,"Logger filled up on July 10, 2022 so there will be a gap in this dataset from then until the start of the next one on 12/2/22",,,
Removed,Channel Rock (CHRK) Acropora ,,20962640,NA,5/20/2021,15,453,5/20/2021,9:41:00,7/29/2022,9/28/2022,CRSTX 5.22.22_1520_BT_AMCHRK_2105_channel_rock_0,5/22/2022,15:20:00,Deployed on T2,,,
Removed,Green Cay (GRNC) Acropora ,,20962626,NA,5/20/2021,15,453,5/20/2021,10:35:00,7/29/2022,9/28/2022,GCSTX 5.19.22_1340_BT_AMGRNC_2105_,5/19/2022,13:20:00,Deployed on T1,,,
Removed,Teague Bay West (TGBW) Acropora ,,20962632,NA,5/20/2021,15,453,5/20/2021,10:10:00,7/29/2022,9/28/2022,STX AMP Teague Bay West 5.21.22_1130_BT_AMTGBW_2105_,5/21/2022,11:30:00,Deployed on T2,,,
Removed,Teague Bay East (TGBE) Acropora,,20954391,NA,5/20/2021,15,453,5/20/2021,10:00:00,7/29/2022,9/28/2022,TBESTX 5.20.22_1345_BT_AMTGBE_2105,5/20/2022,13:45:00,Deployed on T2,,,
Removed,Whitehorse (WTHS) Acropora ,,20925886,NA,5/20/2021,15,453,5/21/2021,9:30:00,7/30/2022,9/28/2022,WHSTX 5.18.22_1345_BT_AMWTHS_2105,5/18/2022,13:45:00,Deployed on T?,,,
Removed,Cow and Calf (Acropora),,20962620,NA,5/27/2021,15,453,9/8/2021,12:00:00,11/17/2022,9/28/2022,Cow&Calf 8.16.22_1245_BT_AMCWCF_2105_,8/16/2022,12:45:00,,,,
Running,Hull Bay (VcpA project),,20954388,NA,5/28/2021,15,453,,,3/10/2001,,,,,,,,
Removed,Range Cay (Howard) ,,20789399,NA,6/11/2021,15,453,,,3/10/2001,1/18/2022,Temp_RangeCay1_20789399_210611_,,,,,,
Removed,Yawzi Point (AMYZPT) (Acropora),,20962630,NA,8/31/2021,15,453,8/31/2021,15:00:00,11/9/2022,9/28/2022,Yawzi Point 8.23.22_1210_BT_AMYZPT_2109_,8/23/2022,12:10:00,,,,
Removed,Reef Bay (AMREFB) (Acropora),,20954394,NA,8/31/2021,15,453,8/31/2021,15:45:00,11/9/2022,9/28/2022,Reef Bay 8.1.22_1000_BT_AMREFB_2109_,8/1/2022,10:00:00,Data was corrupted and did not record date and time correctly,,,
Removed,Coral Bay (STJ),,20733084,NA,10/18/2021,15,453,10/19/2021,10:45:00,12/28/2022,11/10/2022,BT_TCCORB_2110_,9/8/2022,10:23:00,,,,
Removed,Fish Bay (STJ),,20719632,NA,10/18/2021,15,453,11/5/2021,11:21:00,1/14/2023,11/15/2023,BT_TCFSHB_2110_,10/13/2023,11:00:00,found in 2023,,,
Removed,Coculus Rock ,,20962642,NA,10/18/2021,15,453,10/19/2021,15:09:00,12/28/2022,11/10/2022,BT_TCCORK_2110_,10/4/2022,15:45:00,,,,
Removed,Coculus Rock (duplicate),,20954385,NA,10/18/2021,15,453,10/19/2021,15:09:00,12/28/2022,11/10/2022,BT_TCCORK_2110_b,10/4/2022,15:45:00,,,,
Removed,Magens Bay ,,20733078,NA,10/19/2021,15,453,10/18/2021,11:30:00,12/27/2022,11/10/2022,BT_TCMAGB_2110_,10/3/2022,11:01:00,,,,
Removed,Botany Bay,,20733081,NA,10/19/2021,15,453,10/18/2021,13:15:00,12/27/2022,11/10/2022,BT_TCBOTB_2110_,10/3/2022,13:33:00,,,,
Removed,Savana,,20962637,NA,10/19/2021,15,453,10/18/2021,14:46:00,12/27/2022,11/10/2022,BT_TCSAVA_2110_,10/3/2022,16:01:00,,,,
Removed,Flat Cay ,,20954397,NA,10/20/2021,15,453,10/22/2021,9:57:00,12/31/2022,11/10/2022,BT_TCFLTC_2110_,10/10/2022,10:18:00,,,,
Removed,Flat Cay (duplicate),,20962638,NA,10/20/2021,15,453,10/22/2021,9:57:00,12/31/2022,11/10/2022,BT_TCFLTC_2110_b,10/10/2022,10:18:00,,,,
Removed,Black Point,,20962635,NA,10/20/2021,15,453,10/22/2021,13:28:00,12/31/2022,11/10/2022,BT_TCBKPT_2110_,10/7/2022,12:34:00,,,,
Removed,Black Point (duplicate),,20962634,NA,10/20/2021,15,453,10/22/2021,13:28:00,12/31/2022,11/10/2022,BT_TCBKPT_2110_b,10/7/2022,12:34:00,,,,
Removed,Brewers Bay,,20962636,NA,10/20/2021,15,453,10/22/2021,12:12:00,12/31/2022,11/10/2022,BT_TCBRWB_2110,9/23/2022,12:47:00,,,,
Removed,South Water ,,20719652,NA,11/4/2021,15,453,11/4/2021,10:55:00,1/13/2023,1/26/2023,BT_TCSWAT_2111_,12/7/2022,15:10:00,,,,
Removed,Little St James,,20733095,NA,11/4/2021,15,453,11/4/2021,15:10:00,1/13/2023,11/10/2022,BT_TCLSTJ_2111_,10/12/2022,10:54:00,,,,
Removed,South Capella ,,20719649,NA,11/4/2021,15,453,11/4/2021,13:05:00,1/13/2023,1/26/2023,BT_TCSCAP_2111_a,11/30/2022,14:28:00,,,,
Removed,South Capella (duplicate),,20733091,NA,11/4/2021,15,453,11/4/2021,13:05:00,1/13/2023,1/26/2023,BT_TCSCAP_2111_b,11/30/2022,14:48:00,,,,
Removed,Seahorse,,20719636,NA,11/4/2021,15,453,11/5/2021,10:00:00,1/14/2023,11/10/2022,BT_TCSHCS_2111_b,10/4/2022,11:10:00,,,,
Removed,Seahorse (duplicate),,20719638,NA,11/4/2021,15,453,11/5/2021,10:00:00,1/14/2023,11/10/2022,BT_TCSHCS_2111_,10/4/2022,11:10:00,,,,
Removed,Buck Island (STT),,20733074,NA,11/4/2021,15,453,11/5/2021,12:27:00,1/14/2023,11/10/2022,BT_TCBKIT_2111_,10/4/2022,13:28:00,,,,
Removed,Meri Shoal (STJ),,20733090,NA,11/4/2021,15,453,11/9/2021,11:40:00,1/18/2023,1/26/2023,BT_TCMERI_2111_,11/30/2022,11:22:00,,,,
Removed,Buck Island MCE (STX),,20719639,NA,11/11/2021,15,453,11/15/2021,10:12:00,1/24/2023,11/10/2022,BT_TCBX33_2111_a,10/19/2022,10:35:00,,,,
Removed,Buck Island MCE (STX) (duplicate),,20733088,NA,11/11/2021,15,453,11/15/2021,10:12:00,1/24/2023,11/10/2022,BT_TCBX33_2111_b,10/19/2022,10:35:00,,,,
Removed,Jacks Bay (STX),,20719642,NA,11/11/2021,15,453,11/11/2021,12:11:00,1/20/2023,12/7/2022,BT_TCJCKB_2111_NODATA,11/17/2022,14:35:00,"No data collected on this logger, logger showed an error and unable to recover the data.",,,
Removed,Castle (STX),,20719650,NA,11/11/2021,15,453,11/14/2021,15:41:00,1/23/2023,11/10/2022,BT_TCCSTL_2111_,10/19/2022,13:30:00,,,,
Removed,Eagle Ray (STX),,20962619,NA,11/11/2021,15,453,11/15/2021,15:02:00,1/24/2023,11/10/2022,BT_TCEAGR_2111_,10/20/2022,15:00:00,,,,
Removed,Kings Corner (STX),,20733083,NA,11/11/2021,15,453,11/12/2021,13:38:00,1/21/2023,11/10/2022,BT_TCKNGC_2111,10/22/2022,12:13:00,,,,
Removed,Sprat Hole (STX),,20719640,NA,11/11/2021,15,453,11/12/2021,15:29:00,1/21/2023,11/10/2022,BT_TCSPTH_2111,10/22/2022,14:25:00,,,,
Removed,Mutton 24m (STX),,20925874,NA,11/11/2021,15,453,11/12/2021,11:04:00,1/21/2023,11/10/2022,BT_TCMT24_2111_,10/22/2022,9:40:00,,,,
Removed,Mutton 39m (STX),,20962641,NA,11/11/2021,15,453,11/12/2021,10:56:00,1/21/2023,11/10/2022,BT_TCMT40_2111_a,10/22/2022,9:40:00,,,,
Removed,Mutton 39m (STX) (duplicate),,20962633,NA,11/11/2021,15,453,11/12/2021,10:56:00,1/21/2023,11/10/2022,BT_TCMT40_2111_b,10/22/2022,9:40:00,,,,
Removed,Cane 09 (STX),,20925878,NA,11/11/2021,15,453,11/16/2021,12:03:00,1/25/2023,12/7/2022,BT_TCCB08_2111_a,11/18/2022,10:05:00,,,,
Removed,Cane 09 (STX) (duplicate),,20925885,NA,11/11/2021,15,453,11/16/2021,12:03:00,1/25/2023,12/7/2022,BT_TCCB08_2111_b,11/18/2022,10:05:00,,,,
Removed,Cane 39 (STX),,20925872,NA,11/11/2021,15,453,11/16/2021,11:03:00,1/25/2023,12/7/2022,BT_TCCB40_2111_a,11/18/2022,9:12:00,,,,
Removed,Cane 39 (STX) (duplicate),,20925888,NA,11/11/2021,15,453,11/16/2021,11:03:00,1/25/2023,12/7/2022,BT_TCCB40_2111_b,11/18/2022,9:12:00,,,,
Removed,Salt River 30 (STX),,20925884,NA,11/11/2021,15,453,11/13/2021,11:37:00,1/22/2023,11/10/2022,BT_TCSR30_2111_,10/20/2022,10:15:00,,,,
Removed,Salt River 40 (STX),,20925876,NA,11/11/2021,15,453,11/13/2021,11:44:00,1/22/2023,11/10/2022,BT_TCSR41_2111_a,10/20/2022,10:15:00,,,,
Removed,Salt River 40 (STX) (duplicate),,20925881,NA,11/11/2021,15,453,11/13/2021,11:44:00,1/22/2023,11/10/2022,BT_TCSR41_2111_b,10/20/2022,10:15:00,,,,
Removed,Lang Hind (STX),,20925866,NA,11/11/2021,15,453,11/22/2021,9:32:00,1/31/2023,12/7/2022,BT_TCLBRH_2111_,11/17/2022,11:15:00,,,,
Removed,Great Pond (STX),,20925870,NA,11/11/2021,15,453,11/14/2021,13:47:00,1/23/2023,11/10/2022,BT_TCGRPD_2111_,10/21/2022,14:17:00,,,,
Removed,Lang EEMP (STX),,20925868,NA,11/11/2021,15,453,11/14/2021,10:35:00,1/23/2023,11/10/2022,BT_TCLBEM_2111_,10/21/2022,11:05:00,,,,
Running,Seawater Table A4 ,,20733079,NA,11/22/2021,15,453,,,3/10/2001,,,,,,,,
Running,Seawater Table A5,,20733087,NA,11/22/2021,15,453,,,3/10/2001,,,,,,,,
Running,Seawater Table A6,,20733093,NA,11/22/2021,15,453,,,3/10/2001,,,,,,,,
Removed,Grammank Tiger,,20733094,NA,11/29/2021,15,453,11/29/2021,10:43:00,2/7/2023,1/26/2023,BT_TCGMKT_2111_a,12/7/2022,11:35:00,,,,
Removed,Grammanik Tiger (duplicate),,20719637,NA,11/29/2021,15,453,11/29/2021,10:43:00,2/7/2023,1/26/2023,BT_TCGMKT_2111_b,12/7/2022,11:35:00,,,,
Removed,South Capella 35 m ,,20733082,NA,11/29/2021,15,453,11/30/2021,10:02:00,2/8/2023,1/26/2023,BT_TCSC35_2111_a,11/30/2022,14:19:00,,,,
Removed,South Capella 35 m (duplicate),,20719653,NA,11/29/2021,15,453,11/30/2021,10:02:00,2/8/2023,1/26/2023,BT_TCSC35_2111_b,11/30/2022,14:19:00,,,,
Removed,Hind Bank ,,20789398,NA,11/29/2021,15,453,12/3/2021,10:44:00,2/11/2023,12/7/2022,BT_TCHB40_2111_a,11/8/2022,9:59:00,,,,
Removed,Hind Bank (duplicate) ,,20789400,NA,11/29/2021,15,453,12/3/2021,10:44:00,2/11/2023,12/7/2022,BT_TCHB40_2111_b,11/8/2022,9:59:00,,,,
Removed,College Shoal East,,20925887,NA,11/29/2021,15,453,12/3/2021,14:10:00,2/11/2023,12/7/2022,BT_TCCLGE_2111_,11/8/2022,13:43:00,,,,
Running,Channel Rock (CHRK) Acropora ,,20925880,NA,9/7/2022,15,453,9/9/2022,0:01:00,11/18/2023,,,,,,,,
Running,Green Cay (GRNC) Acropora ,,20954396,NA,9/7/2022,15,453,9/8/2022,0:01:00,11/17/2023,,,,,,,,
Running,Teague Bay West (TGBW) Acropora ,,20954389,NA,9/7/2022,15,453,9/12/2022,0:01:00,11/21/2023,,,,,,,,
Running,Teague Bay East (TGBE) Acropora,,20933087,NA,9/7/2022,15,453,9/9/2022,0:01:00,11/18/2023,,,,,,,,
Running,Whitehorse (WTHS) Acropora ,,20925883,NA,9/7/2022,15,453,9/8/2022,0:01:00,11/17/2023,,,,,,,,
Removed,Coral Bay (STJ),,20925879,NA,9/8/2022,15,453,9/8/2022,10:23:00,11/17/2023,11/15/2023,BT_TCCORB_2209,10/13/2023,13:11:00,,,,
Removed,Fish Bay (STJ),,20954383,NA,9/8/2022,15,453,9/8/2022,12:46:00,11/17/2023,11/15/2023,BT_TCFSHB_2209_,10/13/2023,11:30:00,,,,
Removed,Flat Cay ,,20733092,NA,9/26/2022,15,453,10/10/2022,10:18:00,12/19/2023,11/15/2023,BT_TCFLTC_2209_,10/17/2023,10:27:00,,,,
Removed,Flat Cay (duplicate),,20733079,NA,9/26/2022,15,453,10/10/2022,10:18:00,12/19/2023,11/15/2023,BT_TCFLTC_2209_b,10/17/2023,10:27:00,,,,
Removed,Black Point ,,20925867,NA,9/26/2022,15,453,10/7/2022,12:34:00,12/16/2023,,BT_TCBKPT_2209_a,10/17/2023,12:30:00,,,,
Removed,Black Point (duplicate),,20789397,NA,9/26/2022,15,453,10/7/2022,12:34:00,12/16/2023,11/15/2023,BT_TCBKPT_2209_b,10/17/2023,12:30:00,,,,
Removed,Brewers Bay,,20962623,NA,9/26/2022,15,453,9/23/2022,12:47:00,12/2/2023,11/15/2023,BT_TCBRWB_2209,10/17/2023,15:15:00,,,,
Removed,Magens Bay,,20954392,NA,9/26/2022,15,453,10/3/2022,11:01:00,12/12/2023,11/15/2023,BT_TCMAGB_2209_,10/12/2023,11:18:00,,,,
Removed,Botany Bay,,20962627,NA,9/26/2022,15,453,10/3/2022,13:33:00,12/12/2023,11/15/2023,BT_TCBOTB_2209,10/12/2023,13:38:00,,,,
Removed,Savana ,,20925871,NA,9/26/2022,15,453,10/3/2022,16:01:00,12/12/2023,11/21/2023,BT_TCSAVA_2209,10/30/2023,15:26:00,,,,
Removed,Buck Island STT ,,20925873,NA,9/26/2022,15,453,10/4/2022,13:28:00,12/13/2023,11/15/2023,BT_TCBKIT_2209,10/19/2023,14:01:00,not sure which logger went in the water - check logger number,,,
Removed,St James,,20954386,NA,9/26/2022,15,453,10/12/2022,10:54:00,12/21/2023,11/15/2023,BT_TCLSTJ_2209,10/19/2023,11:18:00,,,,
Removed,Seahorse ,,20925875,NA,9/26/2022,15,453,10/4/2022,11:10:00,12/13/2023,11/21/2023,BT_TCSHCS_2209,10/30/2023,13:33:00,,,,
Removed,Seahorse (duplicate),,20962629,NA,9/26/2022,15,453,10/4/2022,11:10:00,12/13/2023,11/21/2023,BT_TCSHCS_2209_b,10/30/2023,13:33:00,,,,
Removed,Coculus Rock,,20719646,NA,9/26/2022,15,453,10/4/2022,15:45:00,12/13/2023,11/15/2023,BT_TCCORK_2209,10/13/2023,15:18:00,,,,
Removed,Coculus Rock (duplicate),,20719643,NA,9/26/2022,15,453,10/4/2022,15:45:00,12/13/2023,11/15/2023,BT_TCCORK_2209_b,10/13/2023,15:18:00,,,,
Removed,Ginsburg Fringe,,20925877,NA,9/26/2022,15,453,12/2/2022,10:20:00,2/10/2024,11/15/2023,BT_TCGB63_2209_a,10/26/2023,11:09:00,Is this file name supposed to be BT_TCGB63_2209_a? -- Travis,,,
Removed,Ginsburg Fringe (duplicate) ,,20962625,NA,9/26/2022,15,453,12/2/2022,10:20:00,2/10/2024,11/15/2023,BT_TCGB63_2209_b,10/26/2023,11:09:00,both changed to ..._2209 from _2212 as both detail files say they were named 2209 and deployed in september -Cole,,,
Removed,Buck Island MCE (STX),,21445095,NA,10/17/2022,15,453,10/19/2022,10:35:00,12/28/2023,11/21/2023,BT_TCBKIX_2210_a,11/9/2023,12:10:00,,,,
Removed,Buck Island MCE (STX) (duplicate),,21445088,NA,10/17/2022,15,453,10/19/2022,10:35:00,12/28/2023,11/21/2023,BT_TCBKIX_2210_b,11/9/2023,12:10:00,,,,
Removed,Jacks Bay (STX),,21445104,NA,10/17/2022,15,453,11/17/2022,14:35:00,1/26/2024,12/12/2023,BT_TCJCKB_2210_,11/14/2023,12:45:00,,,,
Removed,Castle (STX),,21445097,NA,10/17/2022,15,453,10/19/2022,13:30:00,12/28/2023,11/21/2023,BT_TCCSTL_2210_,11/13/2023,14:50:00,,,,
Removed,Eagle Ray (STX),,21445091,NA,10/17/2022,15,453,10/20/2022,15:00:00,12/29/2023,11/21/2023,BT_TCEAGR_2210,11/11/2023,16:50:00,,,,
Removed,Kings Corner (STX),,21445087,NA,10/17/2022,15,453,10/22/2022,12:13:00,12/31/2023,12/12/2023,BT_TCKNGC_2210,11/15/2023,11:17:00,,,,
Removed,Sprat Hole (STX),,21445094,NA,10/17/2022,15,453,10/22/2022,14:25:00,12/31/2023,11/21/2023,BT_TCSPTH_2210,11/12/2023,15:15:00,Logger moved from the beginning of T4 to the beginning of T3 (being overgrown by a sponge),,,
Removed,Mutton 24m (STX),,21445089,NA,10/17/2022,15,453,10/22/2022,9:40:00,12/31/2023,,,11/10/2023,12:16:00,HOBO lost on ascent. Hope to find it in spring,,,
Removed,Mutton 39m (STX),,21445105,NA,10/17/2022,15,453,10/22/2022,9:40:00,12/31/2023,11/21/2023,BT_TCMT40_2210_a,11/10/2023,12:28:00,,,,
Removed,Mutton 39m (STX) (duplicate),,21445086,NA,10/17/2022,15,453,10/22/2022,9:40:00,12/31/2023,11/21/2023,BT_TCMT40_2210_b,11/10/2023,12:28:00,,,,
Removed,Cane 09 (STX),,21445096,NA,10/17/2022,15,453,11/18/2022,10:05:00,1/27/2024,11/21/2023,BT_TCCB08_2210_a,11/12/2023,12:09:00,,,,
Removed,Cane 09 (STX) (duplicate),,21445101,NA,10/17/2022,15,453,11/18/2022,10:05:00,1/27/2024,11/21/2023,BT_TCCB08_2210_b,11/12/2023,12:09:00,,,,
Removed,Cane 39 (STX),,21445098,NA,10/17/2022,15,453,11/18/2022,10:05:00,1/27/2024,12/12/2023,BT_TCCB40_2210_a,11/12/2023,11:10:00,,,,
Removed,Cane 39 (STX) (duplicate),,21445102,NA,10/17/2022,15,453,11/18/2022,10:05:00,1/27/2024,12/12/2023,BT_TCCB40_2210_b,11/12/2023,11:10:00,,,,
Removed,Salt River 30 (STX),,21445099,NA,10/17/2022,15,453,10/20/2022,10:15:00,12/29/2023,11/21/2023,BT_TCSR30_2210_,11/11/2023,12:41:00,,,,
Removed,Salt River 40 (STX),,21445106,NA,10/17/2022,15,453,10/20/2022,10:15:00,12/29/2023,4/9/2024,BT_TCSR41_2210_a,3/14/2024,11:25:00,Should this be BT_TCSR41_2210_a ? -Cole,,,
Removed,Salt River 40 (STX) (duplicate),,21445103,NA,10/17/2022,15,453,10/20/2022,10:15:00,12/29/2023,4/9/2024,BT_TCSR41_2210_b,3/14/2024,11:25:00,,,,
Removed,Lang Hind (STX),,21445085,NA,10/17/2022,15,453,11/17/2022,11:15:00,1/26/2024,11/21/2023,BT_TCLBRH_2210,11/13/2023,10:36:00,,,,
Removed,Great Pond (STX),,21445092,NA,10/17/2022,15,453,10/21/2022,14:17:00,12/30/2023,12/12/2023,BT_TCGRPD_2210,11/14/2023,15:49:00,,,,
Removed,Lang EEMP (STX),,21445100,NA,10/17/2022,15,453,10/21/2022,11:05:00,12/30/2023,12/12/2023,BT_TCLBEM_2210_,11/14/2023,10:50:00,,,,
Removed,Hind Bank ,,20954393,NA,11/8/2022,15,453,11/8/2022,9:59:00,1/17/2024,12/12/2023,BT_TCHB40_2211_a,12/6/2023,10:47:00,,,,
Removed,Hind Bank (duplicate) ,,20962621,NA,11/8/2022,15,453,11/8/2022,9:59:00,1/17/2024,12/12/2023,BT_TCHB40_2211_b,12/6/2023,10:47:00,,,,
Removed,College Shoal East,,20954390,NA,11/8/2022,15,453,11/8/2022,13:43:00,1/17/2024,12/12/2023,BT_TCCLGE_2211,12/6/2023,12:55:00,,,,
Removed,Meri Shoal (STJ),,20962639,NA,11/28/2022,15,453,11/30/2022,11:22:00,2/8/2024,12/12/2023,BT_TCMERI_2211,12/7/2023,12:00:00,exact time out UNK,,,
Removed,South Capella 35 m ,,20925865,NA,11/28/2022,15,453,11/30/2022,14:19:00,2/8/2024,11/15/2023,BT_TCSC35_2211_a,10/23/2023,11:18:00,,,,
Removed,South Capella 35 m (duplicate),,20954395,NA,11/28/2022,15,453,11/30/2022,14:19:00,2/8/2024,11/15/2023,BT_TCSC35_2211_b,10/23/2023,11:18:00,,,,
Removed,South Capella ,,20962622,NA,11/28/2022,15,453,11/30/2022,14:28:00,2/8/2024,11/15/2023,BT_TCSCAP_2211_a,10/23/2023,11:28:00,,,,
Removed,South Capella (duplicate),,20954387,NA,11/28/2022,15,453,11/30/2022,14:28:00,2/8/2024,11/15/2023,BT_TCSCAP_2211_b,10/23/2023,11:28:00,,,,
Removed,South Water ,,20925869,NA,11/28/2022,15,453,12/7/2022,15:10:00,2/15/2024,11/15/2023,BT_TCSWAT_2211,10/23/2023,14:30:00,,,,
Removed,Grammank Tiger,,20962640,NA,11/28/2022,15,453,12/7/2022,11:35:00,2/15/2024,12/12/2023,BT_TCGMKT_2211_a,12/5/2023,13:10:00,,,,
Removed,Grammanik Tiger (duplicate),,20962626,NA,11/28/2022,15,453,12/7/2022,11:35:00,2/15/2024,12/12/2023,BT_TCGMKT_2211_b,12/5/2023,13:10:00,,,,
Removed,Canal de Afuera Reef 3m PCAR03,Panama,20962637,NA,6/13/2023,30,913,6/19/2023,11:30:00,,3/24/2025,BT_PCAR03_2306_a,3/12/2025,13:00:00,In/out times are Panama Local (UMC-5),/Users/tyler/UVI Dropbox/SMITH LAB TEAM FOLDER/Eastern Pacific Data/ETP-Temperature/ETP_temperature_database/Temp_ETP_2025_Working Folder/3-processed/BT_PCAR03_2306_2503.csv',,
Removed,Canal de Afuera Reef 3m PCAR03 (duplicate),Panama,21765869,NA,6/13/2023,30,913,6/19/2023,11:30:00,,3/21/2025,BT_PCAR03_2306_b,3/12/2025,13:00:00,In/out times are Panama Local (UMC-5),/Users/tyler/UVI Dropbox/SMITH LAB TEAM FOLDER/Eastern Pacific Data/ETP-Temperature/ETP_temperature_database/Temp_ETP_2025_Working Folder/3-processed/BT_PCAR03_2306_2503.csv',,
Removed,CanaldeTierra-18m PCT18M,Panama-SIO,21765868,NA,6/13/2023,30,913,6/19/2023,12:34:00,,3/24/2025,BT_PCT18M_2306_,3/12/2025,15:13:00,"In/out times are Panama Local (UMC-5), J. Leichter Locations",,,
Removed,CanaldeTierra-3m PCT3M,Panama-SIO,20962642,NA,,,,6/19/2023,13:30:00,,not reading,BT_PCT3M_2306_,3/12/2025,15:40:00,"In/out times are Panama Local (UMC-5), J. Leichter Locations",,,
LOST,Contadora-18m PCO18M,Panama-SIO,,NA,,,,6/15/2023,11:30:00,,LOST,LOST,3/7/2025,15:35:00,"In/out times are Panama Local (UMC-5), J. Leichter Locations",,,
Removed,Contadora-3m PCO3M,Panama-SIO,20624951,NA,6/13/2023,15,453,6/15/2023,11:30:00,,3/20/2025,BT_PCO3M_2306_,3/7/2025,13:05:00,"In/out times are Panama Local (UMC-5), J. Leichter Locations",,,
Removed,Iglesias-10m PIG10M,Panama-SIO,20925885,NA,6/19/2023,15,453,6/21/2023,14:40:00,,3/20/2025,BT_PIG10M_2306_,3/12/2025,17:35:00,"In/out times are Panama Local (UMC-5), J. Leichter Locations",,,
Removed,Iglesias-20m PIG20M,Panama-SIO,20925872,NA,6/19/2023,15,453,6/21/2023,14:30:00,,3/20/2025,BT_PIG20M_2306_,3/12/2025,9:15:00,"In/out times are Panama Local (UMC-5), J. Leichter Locations",,,
LOST,Iglesias-30m PIG30M,Panama-SIO,,NA,,,,6/21/2023,14:20:00,,LOST,LOST,3/13/2025,11:53:00,"In/out times are Panama Local (UMC-5), J. Leichter Locations",,,
Retired Site,Saboga 22m PSA22M,Panama,,NA,6/13/2023,30,913,,,,,Retired Site,,,In/out times are Panama Local (UMC-5). This logger was not deployed at Saboga 22m.  That site was not relocated and was abandoned in 2023.  This logger was put at  CanaldeTierra-18m PCT18M,,,
Retired Site,Saboga 22m PSA22M (duplicate),Panama,,NA,6/13/2023,30,913,,,,,Retired Site,,,In/out times are Panama Local (UMC-5).  TBS: I don't think this logger was deployed,,,
LOST,Saboga Reef 2m PSAREF ,Panama,20954385,NA,6/13/2023,30,913,6/15/2023,13:00:00,,LOST,LOST,3/7/2025,13:20:00,In/out times are Panama Local (UMC-5),,,
LOST,Saboga Reef 2m PSAREF (duplicate) ,Panama,21762818,NA,6/13/2023,30,913,6/15/2023,13:00:00,,LOST,LOST,3/7/2025,13:20:00,In/out times are Panama Local (UMC-5),,,
Removed,Saboga-11m PSA11M,Panama-SIO,20624954,NA,6/13/2023,15,453,6/15/2023,14:30:00,,3/20/2025,BT_PSA11M_2306_,3/7/2025,14:10:00,"In/out times are Panama Local (UMC-5), J. Leichter Locations",,,
Removed,Saboga-3m PSA3M,Panama-SIO,20624955,NA,6/13/2023,15,453,6/15/2023,11:30:00,,3/20/2025,BT_PSA3M_2306_,3/7/2025,13:10:00,"In/out times are Panama Local (UMC-5), J. Leichter Locations",,,
Removed,Secas Dog 10m PDG10M ,Panama,21762814,NA,6/13/2023,30,913,6/20/2023,13:10:00,,3/20/2025,BT_PDG10M_2306_a,3/11/2025,10:45:00,In/out times are Panama Local (UMC-5),,,
Removed,Secas Dog 10m PDG10M (duplicate),Panama,20925887,NA,6/13/2023,30,913,6/20/2023,13:10:00,,3/20/2025,BT_PDG10M_2306_b,3/11/2025,10:45:00,In/out times are Panama Local (UMC-5),,,
Removed,Secas Dog 20m PDG20M,Panama,21765877,NA,6/13/2023,30,913,6/20/2023,13:15:00,,3/20/2025,BT_PDG20M_2306_a,3/11/2025,10:35:00,In/out times are Panama Local (UMC-5),,,
Removed,Secas Dog 20m PDG20M (duplicate),Panama,20925888,NA,6/13/2023,30,913,6/20/2023,13:15:00,,3/20/2025,BT_PDG20M_2306_b,3/11/2025,10:35:00,In/out times are Panama Local (UMC-5),,,
Removed,Secas Dog 4x5 3m PDG4X5,Panama,21762817,NA,6/13/2023,30,913,6/20/2023,13:50:00,,NO DATA,NO DATA,3/11/2025,11:00:00,"Logger error and did not collect data ""An invalid internal value has been encountered in this data file and replaced by an end of file event."" ",,,
Removed,Secas Dog 4x5 3m PDG4X5 (duplicate) ,Panama,20962634,NA,6/13/2023,30,913,6/20/2023,13:50:00,,3/20/2025,BT_PDG4X5_2306_,3/11/2025,11:00:00,In/out times are Panama Local (UMC-5),,,
Removed,Uva Coral Collection Point PUVCCP,Panama,21765876,NA,6/13/2023,30,913,6/20/2023,12:50:00,,3/20/2025,BT_PUVCCP_2306_a,3/13/2025,11:15:00,In/out times are Panama Local (UMC-5),,,
Removed,Uva Coral Collection Point PUVCCP (duplicate),Panama,20925886,NA,6/13/2023,30,913,6/20/2023,12:50:00,,3/20/2025,BT_PUVCCP_2306_b,3/13/2025,11:15:00,In/out times are Panama Local (UMC-5),,,
Removed,Uva Gcity 3m PaUvGC,Panama,21765870,NA,6/13/2023,30,913,6/17/2023,11:00:00,,3/20/2025,BT_PAUVGC_2306_a,3/9/2025,11:20:00,In/out times are Panama Local (UMC-5),,,
Removed,Uva Gcity 3m PaUvGC (duplicate) ,Panama,20962633,NA,6/13/2023,30,913,6/17/2023,11:00:00,,3/24/2025,BT_PAUVGC_2306_b,3/9/2025,11:20:00,In/out times are Panama Local (UMC-5),,,
Removed,Uva Millepora 20m PUVM18,Panama,21765866,NA,6/13/2023,30,913,6/18/2023,14:06:00,,3/24/2025,BT_PUVM18_2306_a,3/10/2025,10:08:00,In/out times are Panama Local (UMC-5),,,
Removed,Uva Millepora 20m PUVM18 (duplicate),Panama,20925881,NA,6/13/2023,30,913,6/18/2023,14:06:00,,3/24/2025,BT_PUVM18_2306_b,3/10/2025,10:08:00,In/out times are Panama Local (UMC-5),,,
Removed,Uva Reef 10m PUVF10,Panama,20962619,NA,6/13/2023,30,913,6/18/2023,14:14:00,,3/24/2025,BT_PUVF10_2306_a,3/10/2025,10:20:00,In/out times are Panama Local (UMC-5),,,
Removed,Uva Reef 10m PUVF10 (duplicate) ,Panama,21765867,NA,6/13/2023,30,913,6/18/2023,14:14:00,,3/24/2025,BT_PUVF10_2306_b,3/10/2025,10:20:00,In/out times are Panama Local (UMC-5),,,
Removed,Uva Reef Flat 1m PUVFLT,Panama,21765873,NA,6/13/2023,30,913,6/17/2023,14:40:00,,3/24/2025,BT_PUVFLT_2306_a,3/9/2025,14:20:00,In/out times are Panama Local (UMC-5),,,
Removed,Uva Reef Flat 1m PUVFLT (duplicate),Panama,21762815,NA,6/13/2023,30,913,6/17/2023,14:40:00,,3/24/2025,BT_PUVFLT_2306_b,3/9/2025,14:20:00,In/out times are Panama Local (UMC-5),,,
Removed,Uva Ridley 10m PUVR10,Panama,21765872,NA,6/13/2023,30,913,6/18/2023,10:20:00,,3/20/2025,BT_PUVR10_2306_a,3/13/2025,10:05:00,In/out times are Panama Local (UMC-5),,,
Removed,Uva Ridley 10m PUVR10 (duplicate) ,Panama,21762812,NA,6/13/2023,30,913,6/18/2023,10:20:00,,3/20/2025,BT_PUVR10_2306_b,3/13/2025,10:05:00,In/out times are Panama Local (UMC-5),,,
Removed,Uva Ridley 20m PUVR20 ,Panama,21765874,NA,6/13/2023,30,913,6/18/2023,10:05:00,,3/20/2025,BT_PUVR20_2306_a,3/13/2025,9:45:00,In/out times are Panama Local (UMC-5),,,
Removed,Uva Ridley 20m PUVR20  (duplicate),Panama,21765871,NA,6/13/2023,30,913,6/18/2023,10:05:00,,3/20/2025,BT_PUVR20_2306_b,3/13/2025,9:45:00,In/out times are Panama Local (UMC-5),,,
Removed,Uva Ridley 30m PUVR30,Panama,21762816,NA,6/13/2023,30,913,6/18/2023,9:54:00,,3/20/2025,BT_PUVR30_2306_a,3/13/2025,9:40:00,In/out times are Panama Local (UMC-5),,,
Removed,Uva Ridley 30m PUVR30 (duplicate) ,Panama,21765875,NA,6/13/2023,30,913,6/18/2023,9:54:00,,3/20/2025,BT_PUVR30_2306_b,3/13/2025,9:40:00,In/out times are Panama Local (UMC-5),,,
Never Installed?,Uva-18m PUV18M,Panama-SIO,,NA,,,,never installed?,,,,,not installed,,"In/out times are Panama Local (UMC-5), J. Leichter Locations",,,
Removed,Uva-3m PUV3M,Panama-SIO,20423471,NA,6/13/2023,15,805,6/21/2023,0:00:00,,4/28/2025,BT_PUV3M_2306_,3/9/2025,11:07:00,"In/out times are Panama Local (UMC-5), J. Leichter Locations",,,
Removed,Wahoo 10m PCAW10 ,Panama,20925876,NA,6/13/2023,30,913,6/19/2023,14:00:00,,3/20/2025,BT_PCAW10_2306_a,3/12/2025,11:35:00,In/out times are Panama Local (UMC-5),,,
Removed,Wahoo 10m PCAW10 (duplicate),Panama,21762813,NA,6/13/2023,30,913,6/19/2023,14:00:00,,3/20/2025,BT_PCAW10_2306_b,3/12/2025,11:35:00,In/out times are Panama Local (UMC-5),,,
Removed,Haulover South,Moriah,20962638,NA,8/1/2023,15,453,8/1/2023,12:57:00,10/9/2024,3/5/2024,BT_UVINPS_HASO_2308_,2/27/2024,14:50:00,,,,
Removed,Mardenboro Point,Moriah,20954391,NA,8/1/2023,15,453,8/1/2023,13:58:00,10/9/2024,3/5/2024,BT_UVINPS_MARP_2308_,2/27/2024,11:50:00,,,,
Removed,Magens Bay,TCRMP,21828433,NA,10/12/2023,15,453,10/12/2023,11:18:00,12/20/2024,5/14/2024,BT_TCMAGB_2310_,4/17/2024,11:55:00,,,,
Removed,Botany Bay,TCRMP,21828426,NA,10/12/2023,15,453,10/12/2023,13:38:00,12/20/2024,5/14/2024,BT_TCBOTB_2310_,4/17/2024,14:10:00,,,,
Removed,Savana ,TCRMP,21828430,NA,10/12/2023,15,453,10/30/2023,15:26:00,1/7/2025,4/24/2024,BT_TCSAVA_2310,4/11/2024,12:09:00,,,,
Removed,Coral Bay (STJ),TCRMP,21828450,NA,10/12/2023,15,453,10/13/2023,13:11:00,12/21/2024,2/29/2024,BT_TCCORB_2310_,2/16/2024,10:51:00,,,,
Removed,Fish Bay (STJ),TCRMP,21828435,NA,10/12/2023,15,453,10/13/2023,11:30:00,12/21/2024,2/29/2024,BT_TCFSHB_2310_,2/16/2024,13:45:00,,,,
Removed,Coculus Rock,TCRMP,21828448,NA,10/12/2023,15,453,10/13/2023,15:18:00,12/21/2024,4/24/2024,BT_TCCORK_2310_a,4/2/2024,14:37:00,,,,
Removed,Coculus Rock (duplicate),TCRMP,21828441,NA,10/12/2023,15,453,10/13/2023,15:18:00,12/21/2024,4/24/2024,BT_TCCORK_2310_b,4/2/2024,14:37:00,,,,
Removed,Flat Cay ,TCRMP,21828427,NA,10/12/2023,15,453,10/17/2023,10:27:00,12/25/2024,2/29/2024,BT_TCFLTC_2310_,2/15/2024,10:41:00,Changed to _a because there was only one file and the code would not process it - Cole,,,
Running,Flat Cay (duplicate),TCRMP,21828432,NA,10/12/2023,15,453,10/17/2023,10:27:00,12/25/2024,,,,,"Not Found: missing logger, will look for it again soon.",,,
Removed,Black Point ,TCRMP,21828454,NA,10/12/2023,15,453,10/17/2023,12:30:00,12/25/2024,2/29/2024,BT_TCBKPT_2310_,2/15/2024,15:17:00,,,,
Removed,Black Point (duplicate),TCRMP,21828447,NA,10/12/2023,15,453,10/17/2023,12:30:00,12/25/2024,2/29/2024,BT_TCBKPT_2310_b,2/15/2024,15:17:00,,,,
Removed,Brewers Bay,TCRMP,21828453,NA,10/12/2023,15,453,10/17/2023,15:15:00,12/25/2024,4/24/2024,BT_TCBRWB_2310,4/11/2025,14:11:00,,,,
Removed,Buck Island STT ,TCRMP,21828442,NA,10/12/2023,15,453,10/19/2023,14:01:00,12/27/2024,4/24/2024,BT_TCBKIT_2310_,4/2/2024,11:38:00,,,,
Removed,St James,TCRMP,21828444,NA,10/12/2023,15,453,10/19/2023,11:18:00,12/27/2024,5/14/2024,BT_TCLSTJ_2310_,4/26/2024,13:26:00,,,,
Removed,Seahorse ,TCRMP,21828437,NA,10/12/2023,15,453,10/30/2023,13:33:00,1/7/2025,4/9/2024,BT_TCSHCS_2310_a,3/7/2024,14:00:00,,,,
Removed,Seahorse (duplicate),TCRMP,20789400,NA,10/12/2023,15,453,10/30/2023,13:33:00,1/7/2025,4/9/2024,BT_TCSHCS_2310_b,3/7/2024,14:00:00,,,,
Removed,South Capella ,TCRMP,21828424,NA,10/19/2023,15,453,10/23/2023,11:28:00,12/31/2024,5/14/2023,BT_TCSCAP_2310_a,4/22/2024,14:06:00,,,,
Removed,South Capella (duplicate),TCRMP,20554393,NA,10/19/2023,15,453,10/23/2023,11:28:00,12/31/2024,5/14/2023,BT_TCSCAP_2310_b,4/22/2024,14:06:00,,,,
Removed,South Capella 35 m ,TCRMP,21828438,NA,10/19/2023,15,453,10/23/2023,11:18:00,12/31/2024,12/11/2024,BT_TCSC35_2310_a,10/25/2024,10:59:00,,,,
Removed,South Capella 35 m (duplicate),TCRMP,20423422,NA,10/19/2023,15,453,10/23/2023,11:18:00,12/31/2024,12/11/2024,BT_TCSC35_2310_b,10/25/2024,10:59:00,,,,
Removed,South Water ,TCRMP,21828452,NA,10/19/2023,15,453,10/23/2023,14:30:00,12/31/2024,5/14/2024,BT_TCSWAT_2310_,4/26/2024,11:07:00,,,,
Removed,Ginsburg Fringe,TCRMP,21828445,NA,10/19/2023,15,453,10/26/2023,11:11:00,1/3/2025,5/29/2024,BT_TCGB63_2310_a,5/22/2024,10:55:00,,,,
Removed,Ginsburg Fringe (duplicate),TCRMP,20733090,NA,10/19/2023,15,453,10/26/2023,11:11:00,1/3/2025,5/29/2024,BT_TCGB63_2310_b,5/22/2024,10:55:00,,,,
Removed,Buck Island MCE (STX),TCRMP,21828425,NA,11/9/2023,15,453,11/9/2023,12:10:00,1/17/2025,4/9/2024,BT_TCBKIX_2311_a,3/11/2024,10:51:00,,,,
Removed,Buck Island MCE (STX) (duplicate),TCRMP,20423432,NA,11/9/2023,15,453,11/9/2023,12:10:00,1/17/2025,4/9/2024,BT_TCBKIX_2311_b,3/11/2024,10:51:00,,,,
Removed,Jacks Bay (STX),TCRMP,20733084,NA,11/9/2023,15,453,11/14/2023,12:45:00,1/22/2025,4/9/2024,BT_TCJCKB_2311_,3/14/2024,15:33:00,,,,
Removed,Castle (STX),TCRMP,20962636,NA,11/9/2023,15,453,11/13/2023,14:50:00,1/21/2025,4/9/2024,BT_TCCSTL_2311_,3/11/2024,15:25:00,,,,
Removed,Eagle Ray (STX),TCRMP,20719642,NA,11/9/2023,15,453,11/11/2023,16:50:00,1/19/2025,4/9/2024,BT_TCEAGR_2311_,3/13/2024,16:02:00,,,,
Removed,Kings Corner (STX),TCRMP,21828457,NA,11/9/2023,15,453,11/15/2023,11:17:00,1/23/2025,4/9/2024,BT_TCKNGC_2311_,3/15/2024,15:32:00,,,,
Removed,Sprat Hole (STX),TCRMP,20925884,NA,11/9/2023,15,453,11/10/2023,15:15:00,1/18/2025,4/9/2024,BT_TCSPTH_2311,3/15/2024,16:25:00,,,,
Removed,Mutton 24m (STX),TCRMP,21828451,NA,11/9/2023,15,453,11/10/2023,12:16:00,1/18/2025,4/9/2024,BT_TCMT24_2311_,3/15/2024,12:19:00,,,,
Removed,Mutton 39m (STX),TCRMP,21828449,NA,11/9/2023,15,453,11/10/2023,12:28:00,1/18/2025,4/9/2024,BT_TCMT40_2311_a,3/15/2024,12:38:00,,,,
Removed,Mutton 39m (STX) (duplicate),TCRMP,20719652,NA,11/9/2023,15,453,11/10/2023,12:28:00,1/18/2025,4/9/2024,BT_TCMT40_2311_b,3/15/2024,12:38:00,,,,
Removed,Cane 09 (STX),TCRMP,20733094,NA,11/9/2023,15,453,11/12/2023,12:09:00,1/20/2025,4/9/2024,BT_TCCB08_2311_a,3/13/2024,11:16:00,,,,
Removed,Cane 09 (STX) (duplicate),TCRMP,21828443,NA,11/9/2023,15,453,11/12/2023,12:09:00,1/20/2025,4/9/2024,BT_TCCB08_2311_b,3/13/2024,11:16:00,,,,
Removed,Cane 39 (STX),TCRMP,20954394,NA,11/9/2023,15,453,11/12/2023,11:10:00,1/20/2025,4/9/2024,BT_TCCB40_2311_a,3/13/2024,10:30:00,,,,
Removed,Cane 39 (STX) (duplicate),TCRMP,21828446,NA,11/9/2023,15,453,11/12/2023,11:10:00,1/20/2025,4/9/2024,BT_TCCB40_2311_b,3/13/2024,10:30:00,,,,
Running,Cane 67 (STX),TCRMP,21828440,NA,11/9/2023,30,906,11/12/2023,10:28:00,1/20/2025,,BT_TCCB67_2311_a,4/29/2025,14:30:00,,,,
Running,Cane 67 (STX),TCRMP,20719655,NA,11/9/2023,30,906,11/12/2023,10:28:00,1/20/2025,,BT_TCCB67_2311_b,4/29/2025,12:15:00,,,,
Running,Cane 100 (STX) ,TCRMP,20719637,NA,11/9/2023,30,906,11/12/2023,10:25:00,1/20/2025,,,,,,,,
Running,Cane 100 (STX),TCRMP,21828431,NA,11/9/2023,30,906,11/12/2023,10:25:00,1/20/2025,,,,,,,,
Removed,Salt 30 (STX),TCRMP,21828429,NA,11/9/2023,15,453,11/11/2023,14:30:00,1/19/2025,4/9/2024,BT_TCSR30_2311_,3/14/2024,12:12:00,,,,
Running,Salt 100 (STX),TCRMP,21828455,NA,11/9/2023,30,906,11/11/2023,11:19:00,1/19/2025,,,,,,,,
Running,Salt 100 (STX),TCRMP,20733088,NA,11/9/2023,30,906,11/11/2023,11:19:00,1/19/2025,,,,,,,,
Removed,Lang Hind (STX),TCRMP,21828458,NA,11/9/2023,15,453,11/13/2023,10:36:00,1/21/2025,4/9/2024,BT_TCLBRH_2311_,3/12/2024,12:20:00,,,,
Removed,Great Pond (STX),TCRMP,21828436,NA,11/9/2023,15,453,11/14/2023,15:49:00,1/22/2025,4/9/2024,BT_TCGRPD_2311,3/12/2024,15:23:00,,,,
Removed,Lang EEMP (STX),TCRMP,21828439,NA,11/9/2023,15,453,11/14/2023,10:50:00,1/22/2025,4/9/2024,BT_TCLBEM_2311_,3/16/2024,11:06:00,,,,
Removed,Meri Shoal (STJ),TCRMP,20719649,NA,11/21/2023,15,453,12/7/2023,12:00:00,2/14/2025,5/14/2024,BT_TCMERI_2311_,4/22/2024,11:10:00,exact time in UNK,,,
Removed,Hind Bank ,TCRMP,20954392,NA,11/24/2023,15,453,12/6/2023,10:47:00,2/13/2025,5/22/2024,BT_TCHB40_2311_a,5/14/2024,10:20:00,,,,
Removed,Hind Bank (duplicate) ,TCRMP,20962623,NA,11/24/2023,15,453,12/6/2023,10:47:00,2/13/2025,5/22/2024,BT_TCHB40_2311_b,5/14/2024,10:20:00,,,,
Removed,College Shoal East,TCRMP,21828456,NA,11/24/2023,15,453,12/6/2023,12:55:00,2/13/2025,5/22/2024,BT_TCCLGE_2311_,5/14/2024,12:47:00,,,,
Removed,Grammank Tiger,TCRMP,21828428,NA,11/24/2023,15,453,12/5/2023,13:10:00,2/12/2025,4/24/2024,BT_TCGMKT_2311_a,4/8/2024,11:50:00,,,,
Removed,Grammanik Tiger (duplicate),TCRMP,20733091,NA,11/24/2023,15,453,12/5/2023,13:10:00,2/12/2025,4/24/2024,BT_TCGMKT_2311_b,4/8/2024,11:50:00,,,,
Running,UVI Rebar Nursery ,,20954387,NA,1/31/2024,15,453,1/31/2024,10:50:00,4/10/2025,,,,,,,,
Removed,UVI Rebar Nursery ,,20719639,NA,5/15/2023,15,453,6/19/2023,15:00:00,8/27/2024,2/2/2024,UVI_Rebar_20719639,1/31/2024,10:50:00,,,,
Removed,Flat Cay ,TCRMP,21879672,NA,2/15/2024,15,453,2/15/2024,10:41:00,4/25/2025,12/11/2024,BT_TCFLTC_2402_a,10/22/2024,13:16:00,,,,
Removed,Flat Cay (duplicate),TCRMP,21445090,NA,2/15/2024,15,453,2/15/2024,10:41:00,4/25/2025,12/11/2024,BT_TCFLTC_2402_b,10/22/2024,13:16:00,,,,
Removed,Black Point ,TCRMP,21879671,NA,2/15/2024,15,453,2/15/2024,13:46:00,4/25/2025,11/4/2024,BT_TCBKPT_2402_a,10/11/2024,9:36:00,,,,
Removed,Black Point (duplicate),TCRMP,21445101,NA,2/15/2024,15,453,2/15/2024,13:46:00,4/25/2025,11/4/2024,BT_TCBKPT_2402_b,10/11/2024,9:36:00,,,,
Removed,Coral Bay (STJ),TCRMP,21879675,NA,2/15/2024,15,453,2/16/2024,10:51:00,4/26/2025,12/11/2024,BT_TCCORB_2402_,10/24/2024,12:41:00,,,,
Removed,Fish Bay (STJ),TCRMP,21879666,NA,2/15/2024,15,453,2/16/2024,13:45:00,4/26/2025,12/10/2024,BT_TCFSHB_2402_,10/24/2024,10:53:00,,,,
Removed,Haulover South (Moe),,21445102,NA,2/22/2024,15,453,2/27/2024,13:01:00,5/7/2025,9/17/2024,BT_UVINPS_HASO_2402,9/5/2024,11:06:00,,,,
Removed,Mardenboro Point (Moe),,21445087,NA,2/22/2024,15,453,2/22/2024,10:58:00,5/2/2025,9/17/2024,BT_UVINPS_MarP_2402,9/5/2024,12:28:00,,,,
Removed,Buck Island MCE (STX),TCRMP,21879682,NA,3/11/2024,15,453,3/11/2024,13:25:00,5/20/2025,12/10/2024,BT_TCBKIX_2403_a,11/11/2024,10:59:00,,,,
Removed,Buck Island MCE (STX) (duplicate),TCRMP,20954395,NA,3/11/2024,15,453,3/11/2024,13:25:00,5/20/2025,12/10/2024,BT_TCBKIX_2403_b,11/11/2024,10:59:00,,,,
Removed,Jacks Bay (STX),TCRMP,21879670,NA,3/11/2024,15,453,3/14/2024,15:33:00,5/23/2025,12/10/2024,BT_TCJCKB_2403_,11/13/2024,13:18:00,,,,
Removed,Castle (STX),TCRMP,21879683,NA,3/11/2024,15,453,3/11/2024,15:25:00,5/20/2025,12/10/2024,BT_TCCSTL_2403_,11/12/2024,14:20:00,,,,
Removed,Eagle Ray (STX),TCRMP,21879680,NA,3/11/2024,15,453,3/13/2024,16:02:00,5/22/2025,12/10/2024,BT_TCEAGR_2403_,11/14/2024,16:06:00,,,,
Removed,Kings Corner (STX),TCRMP,21879669,NA,3/11/2024,15,453,3/15/2024,15:32:00,5/24/2025,12/10/2024,BT_TCKNGC_2403_,11/15/2024,14:03:00,,,,
Removed,Sprat Hole (STX),TCRMP,21879681,NA,3/11/2024,15,453,3/15/2024,16:25:00,5/24/2025,12/10/2024,BT_TCSPTH_2403_,11/14/2024,13:28:00,,,,
Removed,Mutton 24m (STX),TCRMP,21445107,NA,3/11/2024,15,453,3/15/2024,12:19:00,5/24/2025,12/10/2024,BT_TCMT24_2403_,11/15/2024,11:05:00,,,,
Removed,Mutton 39m (STX),TCRMP,21879678,NA,3/11/2024,15,453,3/15/2024,12:38:00,5/24/2025,12/10/2024,BT_TCMT40_2403_a,11/15/2024,10:55:00,,,,
Removed,Mutton 39m (STX) (duplicate),TCRMP,21445097,NA,3/11/2024,15,453,3/15/2024,12:38:00,5/24/2025,12/10/2024,BT_TCMT40_2403_b,11/15/2024,10:55:00,,,,
Removed,Cane 09 (STX),TCRMP,21879676,NA,3/11/2024,15,453,3/13/2024,11:16:00,5/22/2025,12/10/2024,BT_TCCB08_2403_a,11/12/2024,12:02:00,,,,
Removed,Cane 09 (STX) (duplicate),TCRMP,21445098,NA,3/11/2024,15,453,3/13/2024,11:16:00,5/22/2025,,BT_TCCB08_2403_b,11/12/2024,12:02:00,,,,
Removed,Cane 39 (STX),TCRMP,21879667,NA,3/11/2024,15,453,3/13/2024,10:30:00,5/22/2025,12/10/2024,BT_TCCB40_2403_a,11/12/2024,10:45:00,,,,
Removed,Cane 39 (STX) (duplicate),TCRMP,20925865,NA,3/11/2024,15,453,3/13/2024,10:30:00,5/22/2025,12/10/2024,BT_TCCB40_2403_b,11/12/2024,10:45:00,,,,
Removed,Salt 30 (STX),TCRMP,21445095,NA,3/11/2024,15,453,3/14/2024,12:12:00,5/23/2025,12/10/2024,BT_TCSR30_2403_,11/14/2024,10:08:00,,,,
Removed,Salt 40 (STX),TCRMP,21879679,NA,3/11/2024,15,453,3/14/2024,11:25:00,5/23/2025,12/10/2024,BT_TCSR41_2403_a,11/14/2024,11:51:00,,,,
Removed,Salt 40 (STX) (duplicate),TCRMP,20962625,NA,3/11/2024,15,453,3/14/2024,11:25:00,5/23/2025,12/10/2024,BT_TCSR41_2403_b,11/14/2024,11:51:00,,,,
Running,Salt 67 (STX) ,TCRMP,21879668,NA,3/11/2024,15,453,3/14/2024,11:15:00,5/23/2025,,,,,,,,
Running,Salt 67 (STX) ,TCRMP,20954384,NA,3/11/2024,15,453,3/14/2024,11:15:00,5/23/2025,,,,,,,,
Removed,Lang Hind (STX),TCRMP,21445099,NA,3/11/2024,15,453,3/12/2024,12:20:00,5/21/2025,12/10/2024,BT_TCLBRH_2403_,11/16/2024,11:00:00,,,,
Removed,Great Pond (STX),TCRMP,21445086,NA,3/11/2024,15,453,3/12/2024,15:23:00,5/21/2025,12/10/2024,BT_TCGRPD_2403_,11/13/2024,15:12:00,,,,
Removed,Lang EEMP (STX),TCRMP,21879674,NA,3/11/2024,15,453,3/16/2024,11:06:00,5/25/2025,12/10/2024,BT_TCLBEM_2403_,11/13/2024,10:16:00,,,,
Removed,Seahorse ,TCRMP,21828432,NA,3/7/2024,15,453,3/7/2024,UNK,5/16/2025,12/10/2024,BT_TCSHCS_2403_a,10/29/2024,11:07:00,,,,
Removed,Seahorse (duplicate),TCRMP,20925873,NA,3/7/2024,15,453,3/7/2024,UNK,5/16/2025,12/10/2024,BT_TCSHCS_2403_b,10/29/2024,11:07:00,,,,
Running,Hull Bay ,Outplant Site,20925871,NA,3/22/2024,15,453,,,3/10/2001,,,,,,,,
Running,Leinster ,Outplant Site,20962629,NA,3/26/2024,15,453,,,3/10/2001,,,,,,,,
Running,GSJ (Great St. James),Outplant Site,20962624,NA,3/26/2024,15,453,,,3/10/2001,,,,,,,,
Running,Lovango ,Outplant Site,20962640,NA,3/26/2024,15,453,,,3/10/2001,,,,,,,,
Removed,Brewers Bay,TCRMP,21879677,NA,4/2/2024,15,453,4/11/2024,14:44:00,6/20/2025,11/4/2024,BT_TCBRWB_2404_,10/11/2024,12:00:00,,,,
Removed,Coculus Rock,TCRMP,21445105,NA,4/2/2024,15,453,4/2/2024,14:37:00,6/11/2025,12/11/2024,BT_TCCORK_2404_a,10/18/2024,12:50:00,,,,
Removed,Coculus Rock (duplicate),TCRMP,20925867,NA,4/2/2024,15,453,4/2/2024,14:37:00,6/11/2025,12/11/2024,BT_TCCORK_2404_b,10/18/2024,12:50:00,,,,
Removed,Buck Island STT ,TCRMP,21879684,NA,4/2/2024,15,453,4/2/2024,11:38:00,6/11/2025,12/11/2024,BT_TCBKIT_2404_,10/18/2024,10:08:00,,,,
Removed,Hind Bank ,TCRMP,21445104,NA,4/8/2024,15,453,5/14/2024,10:20:00,,,BT_TCHB40_2404_a,11/21/2024,10:50:00,,,,
Removed,Hind Bank (duplicate) ,TCRMP,20954386,NA,4/8/2024,15,453,5/14/2024,10:20:00,,,BT_TCHB40_2404_b,11/21/2024,10:50:00,,,,
Removed,College Shoal East,TCRMP,21828447,NA,4/8/2024,15,453,5/14/2024,12:47:00,,12/10/2024,BT_TCCLGE_2404_,11/21/2024,13:49:00,,,,
Removed,Grammank Tiger,TCRMP,21445088,NA,4/8/2024,15,453,4/8/2024,11:50:00,6/17/2025,12/10/2024,BT_TCGMKT_2404_a,11/22/2024,10:23:00,,,,
Removed,Grammanik Tiger (duplicate),TCRMP,20954393,NA,4/8/2024,15,453,4/8/2024,11:50:00,6/17/2025,12/10/2024,BT_TCGMKT_2404_b,11/22/2024,10:23:00,,,,
Removed,Magens Bay,TCRMP,21879673,NA,4/9/2024,15,453,4/17/2024,11:55:00,6/26/2025,12/11/2024,BT_TCMAGB_2404_,10/22/2024,10:04:00,,,,
Removed,Botany Bay,TCRMP,21828454,NA,4/9/2024,15,453,4/17/2024,14:10:00,6/26/2025,11/4/2024,BT_TCBOTB_2404_,10/17/2024,10:03:00,,,,
Removed,Savana ,TCRMP,21445085,NA,4/9/2024,15,453,4/17/2024,12:09:00,6/26/2025,12/11/2024,BT_TCSAVA_2404_,10/17/2024,12:40:00,,,,
Removed,Meri Shoal (STJ),TCRMP,21828434,NA,4/9/2024,15,453,4/22/2024,11:10:00,7/1/2025,12/10/2024,BT_TCMERI_2404_,11/22/2024,13:32:00,,,,
Removed,St James,TCRMP,21828435,NA,4/9/2024,15,453,4/26/2024,13:26:00,7/5/2025,12/11/2024,BT_TCLSTJ_2404_,10/29/2024,13:52:00,,,,
Removed,South Capella ,TCRMP,21828446,NA,4/22/2024,15,453,4/22/2024,14:06:00,7/1/2025,12/11/2024,BT_TCSCAP_2404_a,10/25/2024,11:55:00,,,,
Removed,South Capella (duplicate),TCRMP,20954383,NA,4/22/2024,15,453,4/22/2024,14:06:00,7/1/2025,12/11/2024,BT_TCSCAP_2404_b,10/25/2024,11:55:00,,,,
Removed,South Water ,TCRMP,21828449,NA,4/22/2024,15,453,4/26/2024,11:07:00,7/5/2025,12/11/2024,BT_TCSWAT_2404_,10/25/2024,13:38:00,,,,
Removed,Turner Point (Moriah) ,Moriah,21958077,NA,4/24/2024,15,453,4/24/2024,11:02:00,,11/19/2024,BT_Turner_Point_2404_2411,11/13/2024,2:27:00,,,,
Running,Ginsburg Fringe ,TCRMP,21828429,NA,5/20/2024,15,453,5/22/2024,10:55:00,,,,,,"Went out on 1/17/25 to recover but could not find them, the T2B stake is missing so maybe they are gone, but will have to go back and check again soon.",,,
Running,Ginsburg Fringe (duplicate),TCRMP,20962636,NA,5/20/2024,15,453,5/22/2024,10:55:00,,,,,,"Went out on 1/17/25 to recover but could not find them, the T2B stake is missing so maybe they are gone, but will have to go back and check again soon.",,,
Running,Buck Island Shallow (Deep Outplanting Project),Deep Outplanting Project,21958081,NA,6/20/2024,15,453,,,,,,,,,,,
Running,South Capella 70 ft (Deep Outplanting Project),Deep Outplanting Project,21958076,NA,6/20/2024,15,453,,,,,,,,,,,
Running,South Capella 100 ft (Deep Outplanting Project),Deep Outplanting Project,21958078,NA,6/20/2024,15,453,,,,,,,,,,,
Running,South Capella 125 ft (Deep Outplanting Project) ,Deep Outplanting Project,21958082,NA,6/20/2024,15,453,,,,,,,,,,,
Removed,Flat Cay Pilot Study ,,21445103,NA,6/26/2024,15,453,,,,8/23/2024,BT_FlatCay_Pilot_Study_240626_21445103,,,,,,
Running,Haulover South ,Moriah ,21445100,NA,9/5/2024,15,453,,,,,,,,,,,
Running,Mardenboro Point ,Moriah ,21445106,NA,9/5/2024,15,453,,,,,,,,,,,
Running,Flat Cay Marilyn Temperature Stress ,Marilyn,21828437,NA,9/13/2024,15,453,,,,,,,,,,,
Running,Ruperts Marilyn Temperature Stress,Marilyn,21828451,NA,9/13/2024,15,453,,,,,,,,,,,
Running,Saba Marilyn Temperature Stress,Marilyn,21828443,NA,9/13/2024,15,453,,,,,,,,,,,
Running,Hassle Marilyn Temperature Stress,Marilyn,21828439,NA,9/13/2024,15,453,,,,,,,,,,,
Removed,Black Point ,TCRMP,21958083,NA,9/10/2024,15,453,10/11/2024,9:36:00,,5/7/2025,BT_TCBKPT_2410_a,3/26/2025,9:45:00,,,,
Removed,Black Point (duplicate),TCRMP,20733084,NA,9/10/2024,15,453,10/11/2024,9:36:00,,5/7/2025,BT_TCBKPT_2410_b,3/26/2025,9:45:00,,,,
Removed,Brewers Bay,TCRMP,21958085,NA,9/10/2024,15,453,10/11/2024,12:00:00,,5/7/2025,BT_TCBRWB_2410_,3/26/2025,12:10:00,,,,
Removed,Buck Island STT ,TCRMP,21958080,NA,10/17/2024,15,453,10/18/2024,10:08:00,,3/24/2025,BT_TCBKIT_2410,3/20/2025,12:34:00,,,,
Removed,Botany Bay ,TCRMP,21828457,NA,10/17/2024,15,453,10/17/2024,10:03:00,,3/24/2025,BT_TCBOTB_2410,3/19/2025,12:36:00,,,,
Removed,Coculus Rock,TCRMP,21958084,NA,10/17/2024,15,453,10/18/2024,12:50:00,,,BT_TCCORK_2410_a,5/8/2025,15:18:00,,,,
Removed,Coculus Rock (duplicate),TCRMP,20733094,NA,10/17/2024,15,453,10/18/2024,12:50:00,,,BT_TCCORK_2410_b,5/8/2025,15:18:00,,,,
Removed,Flat Cay ,TCRMP,21958079,NA,10/17/2024,15,453,10/22/2024,13:16:00,,5/7/2025,BT_TCFLTC_2410_a,3/27/2025,13:00:00,,,,
Removed,Flat Cay (duplicate),TCRMP,20719652,NA,10/17/2024,15,453,10/22/2024,13:16:00,,5/7/2025,BT_TCFLTC_2410_b,3/27/2025,13:00:00,,,,
Removed,Magens Bay,TCRMP,21828436,NA,10/17/2024,15,453,10/22/2024,10:04:00,,3/24/2025,BT_TCMAGB_2410,3/19/2025,10:16:00,,,,
Removed,Savana ,TCRMP,21828425,NA,10/17/2024,15,453,10/17/2024,12:40:00,,3/24/2025,BT_TCSAVA_2410,3/19/2025,14:30:00,,,,
Removed,Coral Bay (STJ),TCRMP,21828428,NA,10/19/2024,15,453,10/24/2024,12:41:00,,,BT_TCCORB_2410,5/8/2025,12:50:00,,,,
Removed,Fish Bay (STJ),TCRMP,21828340,NA,10/19/2024,15,453,10/24/2024,10:53:00,,,BT_TCFSHB_2410,5/8/2025,10:37:00,,,,
Removed,South Capella,TCRMP,21828444,NA,10/19/2024,15,453,10/25/2024,11:55:00,,5/7/2025,BT_TCSCAP_2410_a,3/27/2025,10:56:00,,,,
Removed,South Capella (duplicate),TCRMP,20925880,NA,10/19/2024,15,453,10/25/2024,11:55:00,,5/7/2025,BT_TCSCAP_2410_b,3/27/2025,10:56:00,,,,
Removed,South Capella 35m,TCRMP,21828456,NA,10/22/2024,15,453,10/25/2024,10:59:00,,5/7/2025,BT_TCSC35_2410_a,3/27/2025,10:47:00,,,,
Removed,South Capella 35m (duplicate),TCRMP,20954392,NA,10/22/2024,15,453,10/25/2024,10:59:00,,,,3/27/2025,10:47:00,,,,
Removed,Seahorse Cottage Shoal ,TCRMP,21828448,NA,10/22/2024,15,453,10/29/2024,11:07:00,,3/24/2025,BT_TCSHCS_2410_a,3/20/2025,10:39:00,,,,
Removed,Seahorse Cottage Shoal (duplicate),TCRMP,20962623,NA,10/22/2024,15,453,10/29/2024,11:07:00,,3/24/2025,BT_TCSHCS_2410_b,3/20/2025,10:39:00,,,,
Removed,St. James ,TCRMP,21828424,NA,10/22/2024,15,453,10/29/2024,13:52:00,,3/24/2025,BT_TCLSTJ_2410,3/21/2025,13:16:00,,,,
Removed,South Water ,TCRMP,21828442,NA,10/22/2024,15,453,10/25/2024,13:38:00,,4/29/2025,BT_TCSWAT_2410,3/28/2025,12:45:00,,,,
Running,Fortuna Bay ,,21828426,NA,11/6/2024,15,453,,,,,,,,,,,
Removed,Buck Island MCE (STX),TCRMP,22146956,NA,11/11/2024,15,453,11/11/2024,10:59:00,,4/29/2025,BT_TCBX33_2411_a,4/11/2025,10:40:00,,,,
Removed,Buck Island MCE (STX) (duplicate),TCRMP,20962628,NA,11/11/2024,15,453,11/11/2024,10:59:00,,5/7/2025,BT_TCBX33_2411_b,4/11/2025,10:40:00,,,,
Removed,Jacks Bay (STX),TCRMP,22146968,NA,11/11/2024,15,453,11/13/2024,13:18:00,,4/29/2025,BT_TCJCKB_2411_,4/15/2025,12:19:00,,,,
Removed,Castle (STX),TCRMP,22146961,NA,11/11/2024,15,453,11/12/2024,14:20:00,,4/29/2025,BT_TCCSTL_2411_,4/11/2025,14:04:00,,,,
Removed,Eagle Ray (STX),TCRMP,22146971,NA,11/11/2024,15,453,11/14/2024,16:06:00,,4/29/2025,BT_TCEAGR_2411_,4/12/2025,14:58:00,,,,
Removed,Kings Corner (STX),TCRMP,22146973,NA,11/11/2024,15,453,11/15/2024,14:03:00,,5/7/2025,BT_TCKNGC_2411_,4/14/2025,12:18:00,,,,
Removed,Sprat Hole (STX),TCRMP,22146965,NA,11/11/2024,15,453,11/14/2024,13:28:00,,4/29/2025,BT_TCSPTH_2411_,4/14/2025,14:22:00,,,,
Removed,Mutton 24m (STX),TCRMP,22146959,NA,11/11/2024,15,453,11/15/2024,11:05:00,,4/29/2025,BT_TCMT24_2411_,4/14/2025,10:57:00,,,,
Removed,Mutton 39m (STX),TCRMP,22146962,NA,11/11/2024,15,453,11/15/2024,10:55:00,,4/29/2025,BT_TCMT40_2411_a,4/14/2025,10:57:00,,,,
Removed,Mutton 39m (STX) (duplicate),TCRMP,20925866,NA,11/11/2024,15,453,11/15/2024,10:55:00,,4/29/2025,BT_TCMT40_2411_b,4/14/2025,10:57:00,,,,
Removed,Cane 09 (STX),TCRMP,22146955,NA,11/11/2024,15,453,11/12/2024,12:02:00,,4/29/2025,BT_TCCB08_2411_a,4/16/2025,11:53:00,,,,
Removed,Cane 09 (STX) (duplicate),TCRMP,20962641,NA,11/11/2024,15,453,11/12/2024,12:02:00,,4/29/2025,BT_TCCB08_2411_b,4/16/2025,11:53:00,,,,
Removed,Cane 39 (STX),TCRMP,22146970,NA,11/11/2024,15,453,11/12/2024,10:45:00,,4/29/2025,BT_TCCB40_2411_a,4/16/2025,11:53:00,,,,
Removed,Cane 39 (STX) (duplicate),TCRMP,21445101,NA,11/11/2024,15,453,11/12/2024,10:45:00,,4/29/2025,BT_TCCB40_2411_b,4/16/2025,11:53:00,,,,
Removed,Salt 30 (STX),TCRMP,22146966,NA,11/11/2024,15,453,11/14/2024,10:08:00,,4/29/2025,BT_TCSR30_2411_,4/12/2025,10:36:00,,,,
Removed,Salt 40 (STX),TCRMP,22146964,NA,11/11/2024,15,453,11/14/2024,11:51:00,,4/29/2025,BT_TCSR41_2411_a,4/12/2025,10:49:00,,,,
Removed,Salt 40 (STX) (duplicate),TCRMP,20954389,NA,11/11/2024,15,453,11/14/2024,11:51:00,,4/29/2025,BT_TCSR41_2411_b,4/12/2025,10:49:00,,,,
Removed,Lang Hind (STX),TCRMP,22146972,NA,11/11/2024,15,453,11/16/2024,11:00:00,,4/29/2025,BT_TCLBRH_2411_,4/13/2025,11:08:00,,,,
Removed,Great Pond (STX),TCRMP,22146960,NA,11/11/2024,15,453,11/13/2024,15:12:00,,4/29/2025,BT_TCGRPD_2411_,4/13/2025,14:05:00,,,,
Removed,Lang EEMP (STX),TCRMP,22146958,NA,11/11/2024,15,453,11/13/2024,10:16:00,,4/29/2025,BT_TCLBEM_2411_,4/15/2025,10:11:00,,,,
Running,Turner Point (Moriah) ,Moriah ,21445087,NA,11/13/2024,15,453,11/13/2024,2:32:00,,,,,,,,,
Removed,Meri Shoal (STJ),TCRMP,22146967,NA,11/21/2024,15,453,11/22/2024,13:32:00,,3/24/2025,BT_TCMERI_2411,3/21/2025,11:22:00,,,,
Removed,Hind Bank ,TCRMP,22146963,NA,11/21/2024,15,453,11/21/2024,10:50:00,,4/29/2025,BT_TCHB40_2411_a,3/28/2025,10:48:00,,,,
Removed,Hind Bank (duplicate) ,TCRMP,21828458,NA,11/21/2024,15,453,11/21/2024,10:50:00,,5/7/2025,BT_TCHB40_2411_b,3/28/2025,10:48:00,,,,
Removed,College Shoal East,TCRMP,22146957,NA,11/21/2024,15,453,11/21/2024,13:49:00,,5/7/2025,BT_TCCLGE_2411_,4/8/2025,13:53:00,,,,
Removed,Grammank Tiger,TCRMP,22146969,NA,11/21/2024,15,453,11/22/2024,10:23:00,,5/7/2025,BT_TCGMKT_2411_a,4/8/2025,11:12:00,,,,
Removed,Grammanik Tiger (duplicate),TCRMP,21828445,NA,11/21/2024,15,453,11/22/2024,10:23:00,,5/7/2025,BT_TCGMKT_2411_b,4/8/2025,11:12:00,,,,
Removed,Ginsburg Fringe ,TCRMP,21828452,NA,1/17/2025,15,453,1/17/2025,15:12:00,,3/27/2025,BT_TCGB63_2501_a,3/20/2026,14:05:00,Put out on the T3B transect stake because something might have happened to the T2B stake,,,
Removed,Ginsburg Fringe (duplicate),TCRMP,21445103,NA,1/17/2025,15,453,1/17/2025,15:12:00,,3/27/2025,BT_TCGB63_2501_b,3/20/2026,14:05:00,Put out on the T3B transect stake because something might have happened to the T2B stake,,,
Running,Uva Millepora 20m PUVM18,Panama,22248862,NA,3/7/2025,60,1825,3/10/2025,10:08:00,,,,,,"Note that retrieval/deployment times are Panama local (EST, UTC-5)",,,
Running,Uva Millepora 20m PUVM18 (duplicate),Panama,21445088,NA,3/7/2025,60,1825,3/10/2025,10:08:00,,,,,,"Note that retrieval/deployment times are Panama local (EST, UTC-5)",,,
Running,Saboga Reef 2m PSAREF ,Panama,21445107,NA,3/7/2025,60,1825,3/7/2025,13:20:00,,,,,,"Note that retrieval/deployment times are Panama local (EST, UTC-5)",,,
Running,Saboga Reef 2m PSAREF (duplicate) ,Panama,22248865,NA,3/7/2025,60,1825,3/7/2025,13:20:00,,,,,,"Note that retrieval/deployment times are Panama local (EST, UTC-5)",,,
Running,Uva Coral Collection Point PUVCCP,Panama,22248858,NA,3/7/2025,60,1825,3/13/2025,11:15:00,,,,,,"Note that retrieval/deployment times are Panama local (EST, UTC-5)",,,
Running,Uva Coral Collection Point PUVCCP (duplicate),Panama,21445097,NA,3/7/2025,60,1825,3/13/2025,11:15:00,,,,,,"Note that retrieval/deployment times are Panama local (EST, UTC-5)",,,
Running,Wahoo 10m PCAW10 ,Panama,22248869,NA,3/7/2025,60,1825,3/12/2025,11:35:00,,,,,,"Note that retrieval/deployment times are Panama local (EST, UTC-5)",,,
Running,Wahoo 10m PCAW10 (duplicate),Panama,21828438,NA,3/7/2025,60,1825,3/12/2025,11:35:00,,,,,,"Note that retrieval/deployment times are Panama local (EST, UTC-5)",,,
Running,Secas Dog 20m PDG20M,Panama,22248855,NA,3/7/2025,60,1825,3/11/2025,10:35:00,,,,,,"Note that retrieval/deployment times are Panama local (EST, UTC-5)",,,
Running,Secas Dog 20m PDG20M (duplicate),Panama,21879683,NA,3/7/2025,60,1825,3/11/2025,10:35:00,,,,,,"Note that retrieval/deployment times are Panama local (EST, UTC-5)",,,
Running,Canal de Afuera Reef 3m PCAR03,Panama,22248863,NA,3/7/2025,60,1825,3/12/2025,13:00:00,,,,,,"Note that retrieval/deployment times are Panama local (EST, UTC-5)",,,
Running,Canal de Afuera Reef 3m PCAR03 (duplicate),Panama,21828432,NA,3/7/2025,60,1825,3/12/2025,13:00:00,,,,,,"Note that retrieval/deployment times are Panama local (EST, UTC-5)",,,
Running,Secas Dog 4x5 3m PDG4X5,Panama,22248859,NA,3/7/2025,60,1825,3/11/2025,11:00:00,,,,,,"Note that retrieval/deployment times are Panama local (EST, UTC-5)",,,
Running,Secas Dog 4x5 3m PDG4X5 (duplicate) ,Panama,21879667,NA,3/7/2025,60,1825,3/11/2025,11:00:00,,,,,,"Note that retrieval/deployment times are Panama local (EST, UTC-5)",,,
Running,Secas Dog 10m PDG10M ,Panama,22248856,NA,3/7/2025,60,1825,3/11/2025,10:45:00,,,,,,"Note that retrieval/deployment times are Panama local (EST, UTC-5)",,,
Running,Secas Dog 10m PDG10M (duplicate),Panama,21445099,NA,3/7/2025,60,1825,3/11/2025,10:45:00,,,,,,"Note that retrieval/deployment times are Panama local (EST, UTC-5)",,,
Running,Uva Gcity 3m PaUvGC,Panama,22248852,NA,3/7/2025,60,1825,3/9/2025,11:20:00,,,,,,"Note that retrieval/deployment times are Panama local (EST, UTC-5)",,,
Running,Uva Gcity 3m PaUvGC (duplicate) ,Panama,21445095,NA,3/7/2025,60,1825,3/9/2025,11:20:00,,,,,,"Note that retrieval/deployment times are Panama local (EST, UTC-5)",,,
Running,Uva Reef 10m PUVF10,Panama,22248857,NA,3/7/2025,60,1825,3/10/2025,10:20:00,,,,,,"Note that retrieval/deployment times are Panama local (EST, UTC-5)",,,
Running,Uva Reef 10m PUVF10 (duplicate) ,Panama,21445085,NA,3/7/2025,60,1825,3/10/2025,10:20:00,,,,,,"Note that retrieval/deployment times are Panama local (EST, UTC-5)",,,
Running,Uva Reef Flat 1m PUVFLT,Panama,22248868,NA,3/7/2025,60,1825,3/9/2025,14:20:00,,,,,,"Note that retrieval/deployment times are Panama local (EST, UTC-5)",,,
Running,Uva Reef Flat 1m PUVFLT (duplicate),Panama,21445104,NA,3/7/2025,60,1825,3/9/2025,14:20:00,,,,,,"Note that retrieval/deployment times are Panama local (EST, UTC-5)",,,
Running,Uva Ridley 10m PUVR10,Panama,22248853,NA,3/7/2025,60,1825,3/13/2025,10:05:00,,,,,,"Note that retrieval/deployment times are Panama local (EST, UTC-5)",,,
Running,Uva Ridley 10m PUVR10 (duplicate) ,Panama,21445086,NA,3/7/2025,60,1825,3/13/2025,10:05:00,,,,,,"Note that retrieval/deployment times are Panama local (EST, UTC-5)",,,
Running,Uva Ridley 20m PUVR20 ,Panama,22248860,NA,3/7/2025,60,1825,3/13/2025,9:45:00,,,,,,"Note that retrieval/deployment times are Panama local (EST, UTC-5)",,,
Running,Uva Ridley 20m PUVR20  (duplicate),Panama,21879672,NA,3/7/2025,60,1825,3/13/2025,9:45:00,,,,,,"Note that retrieval/deployment times are Panama local (EST, UTC-5)",,,
Running,Uva Ridley 30m PUVR30,Panama,22248867,NA,3/7/2025,60,1825,3/13/2025,9:40:00,,,,,,"Note that retrieval/deployment times are Panama local (EST, UTC-5)",,,
Running,Uva Ridley 30m PUVR30 (duplicate) ,Panama,21879673,NA,3/7/2025,60,1825,3/13/2025,9:40:00,,,,,,"Note that retrieval/deployment times are Panama local (EST, UTC-5)",,,
Running,Iglesias-10m PIG10M,Panama-SIO,21828434,NA,3/7/2025,60,1825,3/12/2025,17:35:00,,,,,,"Note that retrieval/deployment times are Panama local (EST, UTC-5)",,,
Running,Iglesias-20m PIG20M,Panama-SIO,21879677,NA,3/7/2025,60,1825,3/12/2025,9:15:00,,,,,,"Note that retrieval/deployment times are Panama local (EST, UTC-5)",,,
Running,Iglesias-30m PIG30M,Panama-SIO,21828447,NA,3/7/2025,60,1825,3/13/2025,11:53:00,,,,,,"Note that retrieval/deployment times are Panama local (EST, UTC-5)",,,
Running,CanaldeTierra-18m PCT18M,Panama-SIO,21828450,NA,3/7/2025,60,1825,3/12/2025,15:13:00,,,,,,"Note that retrieval/deployment times are Panama local (EST, UTC-5), could not find previous depoyment, new installation.",,,
Running,CanaldeTierra-3m PCT3M,Panama-SIO,21828435,NA,3/7/2025,60,1825,3/12/2025,15:40:00,,,,,,"Note that retrieval/deployment times are Panama local (EST, UTC-5)",,,
NOT INSTALLED,Uva-18m PUV18M,Panama-SIO,21879682,NA,3/7/2025,60,1825,not installed,,,,,,,"Note that retrieval/deployment times are Panama local (EST, UTC-5)",,,
Running,Uva-3m PUV3M,Panama-SIO,21879671,NA,3/7/2025,60,1825,3/9/2025,11:07:00,,,,,,"Note that retrieval/deployment times are Panama local (EST, UTC-5)",,,
Running,Saboga-11m PSA11M,Panama-SIO,21879676,NA,3/7/2025,60,1825,3/7/2025,14:10:00,,,,,,"Note that retrieval/deployment times are Panama local (EST, UTC-5)",,,
Running,Saboga-3m PSA3M,Panama-SIO,21879666,NA,3/7/2025,60,1825,3/7/2025,13:10:00,,,,,,"Note that retrieval/deployment times are Panama local (EST, UTC-5)",,,
Running,Contadora-18m PCO18M,Panama-SIO,21828446,NA,3/7/2025,60,1825,3/7/2025,15:35:00,,,,,,"Note that retrieval/deployment times are Panama local (EST, UTC-5)",,,
Running,Contadora-3m PCO3M,Panama-SIO,21828449,NA,3/7/2025,60,1825,3/7/2025,13:05:00,,,,,,"Note that retrieval/deployment times are Panama local (EST, UTC-5)",,,
Removed,Magens Bay (TCMAGB),TCRMP,21828453,NA,3/19/2025,15,453,3/19/2025,10:16:00,,11/7/2025,BT_TCMAGB_2503_,10/17/2025,10:01:00,,,,
Removed,Botany Bay (TCBOTB),TCRMP,21828454,NA,3/19/2025,15,453,3/19/2025,12:36:00,,11/7/2025,BT_TCBOTB_2503_,10/17/2025,13:01:00,,,,
Removed,Savana (TCSAVA),TCRMP,21828433,NA,3/19/2025,15,453,3/19/2025,14:30:00,,11/7/2025,BT_TCSAVA_2503_,10/17/2025,16:01:00,,,,
Removed,Seahorse Cottage Shoal (TCSHCS),TCRMP,22248870,NA,3/19/2025,15,453,3/20/2025,10:39:00,,11/7/2025,BT_TCSHCS_2503_a,10/30/2025,11:08:00,,,,
Removed,Seahorse Cottage Shoal (duplicate),TCRMP,21445090,NA,3/19/2025,15,453,3/20/2025,10:39:00,,11/7/2025,BT_TCSHCS_2503_b,10/30/2025,11:08:00,,,,
Removed,Buck Island STT (TCBKIT),TCRMP,21879669,NA,3/19/2025,15,453,3/20/2025,12:34:00,,11/7/2025,BT_TCBKIT_2503_,10/16/2025,13:18:00,,,,
Removed,Flat Cay ,TCRMP,21958077,NA,3/19/2025,15,453,3/27/2025,13:00:00,,11/7/2025,BT_TCFLTC_2503_a,10/23/2025,10:11:00,,,,
Removed,Flat Cay (duplicate),TCRMP,21445105,NA,3/19/2025,15,453,3/27/2025,13:00:00,,11/7/2025,BT_TCFLTC_2503_b,10/23/2025,10:11:00,,,,
Removed,Black Point ,TCRMP,21879679,NA,3/19/2025,15,453,3/26/2025,9:45:00,,11/7/2025,BT_TCBKPT_2503_a,10/23/2025,11:31:00,,,,
Removed,Black Point (duplicate),TCRMP,21879675,NA,3/19/2025,15,453,3/26/2025,9:45:00,,11/7/2025,BT_TCBKPT_2503_b,10/23/2025,11:31:00,,,,
Removed,Brewers Bay,TCRMP,21879674,NA,3/19/2025,15,453,3/26/2025,12:10:00,,10/16/2025,BT_TCBRWB_2503_,10/10/2025,13:56:00,,,,
Removed,St. James ,TCRMP,21879684,NA,3/21/2025,15,453,3/21/2025,13:16:00,,11/7/2025,BT_TCLSTJ_2503_,11/4/2025,12:09:00,,,,
Removed,Meri Shoal (STJ),TCRMP,21879680,NA,3/21/2025,15,453,3/21/2025,11:22:00,,11/7/2025,BT_TCMERI_2503_,11/4/2025,10:09:00,,,,
Running,Haulover South ,Moriah ,22248866,NA,3/27/2025,15,453,,,,,,,,,,,
Running,Mardenboro Point ,Moriah ,22248854,NA,3/27/2025,15,453,,,,,,,,,,,
Running,Hull Bay ,Outplant Site ,21879682,NA,3/26/2025,15,453,,,,,,,,,,,
Removed,Hind Bank ,TCRMP,22260848,NA,3/27/2025,15,453,3/28/2025,10:48:00,,11/18/2025,BT_TCHB40_2503_a,11/7/2025,10:50:00,,,,
Removed,Hind Bank (duplicate) ,TCRMP,21828457,NA,3/27/2025,15,453,3/28/2025,10:48:00,,11/18/2025,BT_TCHB40_2503_b,11/7/2025,10:50:00,,,,
Removed,College Shoal East,TCRMP,22260837,NA,3/27/2025,15,453,4/8/2025,13:53:00,,11/18/2025,BT_TCCLGE_2503_,11/7/2025,13:30:00,,,,
Removed,South Capella,TCRMP,22260841,NA,3/27/2025,15,453,3/27/2025,10:56:00,,11/7/2025,BT_TCSCAP_2503_a,10/16/2025,11:36:00,,,,
Removed,South Capella (duplicate),TCRMP,21445098,NA,3/27/2025,15,453,3/27/2025,10:56:00,,11/7/2025,BT_TCSCAP_2503_b,10/16/2025,11:36:00,,,,
Removed,South Capella 35m,TCRMP,22260847,NA,3/27/2025,15,453,3/27/2025,10:47:00,,11/7/2025,BT_TCSC35_2503_a,10/16/2025,11:20:00,,,,
Removed,South Capella 35m (duplicate),TCRMP,21828424,NA,3/27/2025,15,453,3/27/2025,10:47:00,,11/7/2025,BT_TCSC35_2503_b,10/16/2025,11:20:00,,,,
Removed,South Water ,TCRMP,22260849,NA,3/27/2025,15,453,3/28/2025,12:45:00,,1/15/2026,BT_TCSWAT_2503_,12/3/2025,14:46:00,,,,
Running,Leinster ,Outplant Site ,21828448,NA,3/27/2025,15,453,,,,,,,,,,,
Running,Lovango ,Outplant Site ,21828436,NA,3/27/2025,15,453,,,,,,,,,,,
Running,Range Cay ,Moriah ,21765874,NA,4/7/2025,15,453,,,,,,,,,,,
Running,Range Cay (Duplicate),Moriah ,21762816,NA,4/7/2025,15,453,,,,,,,,,,,
Running,UVI Lagoon ,Moriah ,21765870,NA,4/7/2025,15,453,,,,,,,,,,,
Running,UVI Lagoon (Duplicate),Moriah ,21765868,NA,4/7/2025,15,453,,,,,,,,,,,
Removed,Grammank Tiger,TCRMP,22260844,NA,4/8/2025,15,453,4/8/2025,11:12:00,,1/15/2026,BT_TCGMKT_2504_a,12/3/2025,12:10:00,,,,
Removed,Grammanik Tiger (duplicate),TCRMP,21765871,NA,4/8/2025,15,453,4/8/2025,11:12:00,,1/15/2026,BT_TCGMKT_2504_b,12/3/2025,12:10:00,,,,
Removed,Buck Island MCE Deep (STX),TCRMP,22260846,NA,4/10/2025,15,453,4/11/2025,10:40:00,,1/13/2026,BT_TCBX33_2504_a,11/17/2025,13:08:00,,,,
Removed,Buck Island MCE Deep (STX) (duplicate),TCRMP,21762815,NA,4/10/2025,15,453,4/11/2025,10:40:00,,1/12/2026,BT_TCBX33_2504_b,11/17/2025,13:08:00,,,,
Removed,Jacks Bay (STX),TCRMP,22260851,NA,4/10/2025,15,453,4/15/2025,12:19:00,,1/13/2026,BT_TCJCKB_2504_,11/18/2025,14:40:00,,,,
Removed,Castle (STX),TCRMP,22260833,NA,4/10/2025,15,453,4/11/2025,14:04:00,,1/13/2026,BT_TCCSTL_2504_,11/21/2025,16:06:00,,,,
Removed,Eagle Ray (STX),TCRMP,22260835,NA,4/10/2025,15,453,4/12/2025,14:58:00,,1/15/2026,BT_TCEAGR_2504_,11/19/2025,14:30:00,,,,
Removed,Kings Corner (STX),TCRMP,22260842,NA,4/10/2025,15,453,4/14/2025,12:18:00,,1/12/2026,BT_TCKNGC_2504_,11/20/2025,14:27:00,,,,
Removed,Sprat Hole (STX),TCRMP,22260845,NA,4/10/2025,15,453,4/14/2025,14:22:00,,1/12/2026,BT_TCSPTH_2504_,11/20/2025,16:00:00,,,,
Removed,Mutton 24m (STX),TCRMP,22260839,NA,4/10/2025,15,453,4/14/2025,10:57:00,,1/13/2026,BT_TCMT24_2504_,11/20/2025,11:44:00,,,,
Removed,Mutton 39m (STX),TCRMP,22248861,NA,4/10/2025,15,453,4/14/2025,10:57:00,,1/15/2026,BT_TCMT40_2504_a,11/20/2025,11:43:00,,,,
Removed,Mutton 39m (STX) (duplicate),TCRMP,21762814,NA,4/10/2025,15,453,4/14/2025,10:57:00,,1/15/2026,BT_TCMT40_2504_b,11/20/2025,11:43:00,,,,
Removed,Cane 09 (STX),TCRMP,22248864,NA,4/10/2025,15,453,4/16/2025,11:53:00,,1/15/2026,BT_TCCB08_2504_a,11/22/2025,12:44:00,,,,
Removed,Cane 09 (STX) (duplicate),TCRMP,21445094,NA,4/10/2025,15,453,4/16/2025,11:53:00,,1/15/2026,BT_TCCB08_2504_b,11/22/2025,12:44:00,,,,
Removed,Cane 39 (STX),TCRMP,22260836,NA,4/10/2025,15,453,4/16/2025,10:50:00,,1/13/2026,BT_TCCB40_2504_a,11/22/2025,11:05:00,,,,
Removed,Cane 39 (STX) (duplicate),TCRMP,21765873,NA,4/10/2025,15,453,4/16/2025,10:50:00,,1/15/2026,BT_TCCB40_2504_b,11/22/2025,11:05:00,,,,
Removed,Cane 67 (STX),TCRMP,22260850,NA,4/10/2025,30,906,4/16/2025,10:50:00,,1/15/2026,BT_TCCB67_2504_a,11/22/2025,10:54:00,,,,
Removed,Cane 67 (STX),TCRMP,21828425,NA,4/10/2025,30,906,4/16/2025,10:50:00,,1/15/2026,BT_TCCB67_2504_b,11/22/2025,10:54:00,,,,
Removed,Salt 30 (STX),TCRMP,22260840,NA,4/10/2025,15,453,4/12/2025,10:36:00,,1/13/2026,BT_TCSR30_2504_,11/19/2025,10:56:00,,,,
Removed,Salt 40 (STX),TCRMP,22260834,NA,4/10/2025,15,453,4/12/2025,10:49:00,,1/15/2026,BT_TCSR41_2504_a,11/19/2025,10:10:00,,,,
Removed,Salt 40 (STX) (duplicate),TCRMP,21765876,NA,4/10/2025,15,453,4/12/2025,10:49:00,,1/15/2026,BT_TCSR41_2504_b,11/19/2025,10:10:00,,,,
Removed,Salt 67 (STX) ,TCRMP,22260838,NA,4/10/2025,30,906,4/12/2025,10:28:00,,1/13/2026,BT_TCSR67_2504_a,11/19/2025,10:05:00,,,,
Removed,Salt 67 (STX) (duplicate),TCRMP,21958082,NA,4/10/2025,30,906,4/12/2025,10:28:00,,1/13/2026,BT_TCSR67_2504_b,11/19/2025,10:05:00,,,,
Removed,Lang Hind (STX),TCRMP,22260843,NA,4/10/2025,15,453,4/13/2025,11:08:00,,1/15/2026,BT_TCLBRH_2504_,11/18/2025,10:58:00,,,,
Removed,Great Pond (STX),TCRMP,21958076,NA,4/10/2025,15,453,4/13/2025,14:05:00,,1/13/2026,BT_TCGRPD_2504_,11/21/2025,14:19:00,,,,
Removed,Lang EEMP (STX),TCRMP,21958078,NA,4/10/2025,15,453,4/15/2025,10:11:00,,1/12/2026,BT_TCLBEM_2504_,11/21/2025,13:00:00,,,,
LOST,Lang EEMP 67 (STX),TCRMP,22146967,NA,4/10/2025,30,906,4/15/2025,10:30:00,,,,,,,,,
LOST,Lang EEMP 67 (STX),TCRMP,21958081,NA,4/10/2025,30,906,4/15/2025,10:30:00,,,,,,,,,
Removed,Coculus Rock,TCRMP,21958080,NA,4/22/2025,15,453,5/8/2025,15:18:00,,10/16/2025,BT_TCCORK_2504_a,10/14/2025,15:45:00,,,,
Removed,Coculus Rock (duplicate),TCRMP,21445091,NA,4/22/2025,15,453,5/8/2025,15:18:00,,10/16/2025,BT_TCCORK_2504_b,10/14/2025,15:45:00,,,,
Removed,Coral Bay (STJ),TCRMP,21762812,NA,4/22/2025,15,453,5/8/2025,12:50:00,,10/16/2025,BT_TCCORB_2504_,10/14/2025,11:26:00,,,,
Removed,Fish Bay (STJ),TCRMP,21765877,NA,4/22/2025,15,453,5/8/2025,10:37:00,,10/16/2025,BT_TCFSHB_2504_,10/14/2025,13:27:00,,,,
Running,Heated 1,Heat Stress Dome Project,21765869,NA,5/14/2025,30,906,,,,,,,,,,,
Running,Heated 2,Heat Stress Dome Project,21445096,NA,5/14/2025,30,906,,,,,,,,,,,
Running,Ambient 1,Heat Stress Dome Project,21445100,NA,5/14/2025,30,906,,,,,,,,,,,
Running,Ambient 2,Heat Stress Dome Project,21445092,NA,5/14/2025,30,906,,,,,,,,,,,
LOST,Turner Point (Moriah) ,Moriah ,21445101,NA,8/26/2025,15,453,,,,,,,,Logger lost in field before getting to site.,,,
Running,Water Tank Heated ,Lila Goodman,21445092,NA,9/3/2025,60,1825,,,,,,,,,,,
Running,Water Tank Regular,Lila Goodman ,21445106,NA,9/3/2025,60,1825,,,,,,,,,,,
Removed,Turner Point (Moriah) ,Moriah ,21445100,NA,9/5/2025,15,453,9/5/2025,13:36:00,,1/15/2026,BT_Turner_Point_250905_21445100,12/11/2025,13:36:00,,,,
Running ,Ruperts Rock ,Nicholas Durgadeen,22146956,NA,10/1/2025,15,453,,,,,,,,,,,
Running,Coculus Rock,TCRMP,22146955,NA,10/14/2025,15,453,10/14/2025,15:45:00,,,,,,,,,
Running,Coculus Rock (duplicate),TCRMP,21765872,NA,10/14/2025,15,453,10/14/2025,15:45:00,,,,,,,,,
Running,Coral Bay (STJ),TCRMP,22146968,NA,10/14/2025,15,453,10/14/2025,11:26:00,,,,,,,,,
Running,Fish Bay (STJ),TCRMP,22146973,NA,10/14/2025,15,453,10/14/2025,13:27:00,,,,,,,,,
Running,Brewers Bay,TCRMP,22146964,NA,10/10/2025,15,453,10/10/2025,13:56:00,,,,,,,,,
Running,South Capella,TCRMP,22146959,NA,10/14/2025,15,453,10/16/2025,11:36:00,,,,,,,,,
Running,South Capella (duplicate),TCRMP,21765866,NA,10/14/2025,15,453,10/16/2025,11:36:00,,,,,,,,,
Running,South Capella 35m,TCRMP,22146963,NA,10/14/2025,15,453,10/16/2025,11:20:00,,,,,,,,,
Running,South Capella 35m (duplicate),TCRMP,21828444,NA,10/14/2025,15,453,10/16/2025,11:20:00,,,,,,,,,
Running,Black Point ,TCRMP,22146962,NA,10/14/2025,15,453,10/23/2025,11:31:00,,,,,,,,,
Running,Black Point (duplicate),TCRMP,21765869,NA,10/14/2025,15,453,10/23/2025,11:31:00,,,,,,,,,
Running,Buck Island STT (TCBKIT),TCRMP,22146966,NA,10/14/2025,15,453,10/16/2025,13:18:00,,,,,,,,,
Running,Magens Bay (TCMAGB),TCRMP,22146970,NA,10/14/2025,15,453,10/17/2025,10:01:00,,,,,,,,,
Running,Botany Bay (TCBOTB),TCRMP,22146969,NA,10/14/2025,15,453,10/17/2025,13:01:00,,,,,,,,,
Running,Savana (TCSAVA),TCRMP,22146965,NA,10/14/2025,15,453,10/17/2025,16:01:00,,,,,,,,,
Running,Seahorse Cottage Shoal (TCSHCS),TCRMP,22146957,NA,10/23/2025,15,453,10/30/2025,11:08:00,,,,,,,,,
Running,Seahorse Cottage Shoal (duplicate),TCRMP,21958085,NA,10/23/2025,15,453,10/30/2025,11:08:00,,,,,,,,,
Running,Flat Cay ,TCRMP,22146958,NA,10/23/2025,15,453,10/23/2025,10:11:00,,,,,,,,,
Running,Flat Cay (duplicate),TCRMP,21958084,NA,10/23/2025,15,453,10/23/2025,10:11:00,,,,,,,,,
Running,St. James ,TCRMP,22146972,NA,10/23/2025,15,453,11/4/2025,12:09:00,,,,,,,,,
Running,Grammank Tiger,TCRMP,22146971,NA,11/4/2025,15,453,12/3/2025,12:10:00,,,,,,,,,
Running,Grammanik Tiger (duplicate),TCRMP,20925866,NA,11/4/2025,15,453,12/3/2025,12:10:00,,,,,,,,,
Running,South Water ,TCRMP,22146960,NA,11/4/2025,15,453,12/3/2025,14:46:00,,,,,,,,,
Running,Meri Shoal (STJ),TCRMP,22146961,NA,11/4/2025,15,453,11/4/2025,10:09:00,,,,,,,,,
Running,Hind Bank ,TCRMP,21958083,NA,11/4/2025,15,453,11/7/2025,10:50:00,,,,,,,,,
Running,Hind Bank (duplicate) ,TCRMP,20925879,NA,11/4/2025,15,453,11/7/2025,10:50:00,,,,,,,,,
Running,College Shoal East,TCRMP,21958079,NA,11/4/2025,15,453,11/7/2025,13:30:00,,,,,,,,,
Running,Buck Island MCE Deep (STX),TCRMP,22428372,NA,11/17/2025,15,453,11/17/2025,13:08:00,,,,,,"*one was deployed about ~1hr after the other one, not sure which one though",,,
Running,Buck Island MCE Deep (STX) (duplicate),TCRMP,21958077,NA,11/17/2025,15,453,11/17/2025,13:08:00,,,,,,"*one was deployed about ~1hr after the other one, not sure which one though",,,
Running,Jacks Bay (STX),TCRMP,22428383,NA,11/17/2025,15,453,11/18/2025,14:40:00,,,,,,,,,
Running,Castle (STX),TCRMP,22428384,NA,11/17/2025,15,453,11/21/2025,16:06:00,,,,,,,,,
Running,Eagle Ray (STX),TCRMP,22428374,NA,11/17/2025,15,453,11/19/2025,14:30:00,,,,,,,,,
Running,Kings Corner (STX),TCRMP,22428376,NA,11/17/2025,15,453,11/20/2025,14:27:00,,,,,,,,,
Running,Sprat Hole (STX),TCRMP,21958080,NA,11/17/2025,15,453,11/20/2025,16:00:00,,,,,,,,,
Running,Mutton 24m (STX),TCRMP,22146956,NA,11/17/2025,15,453,11/20/2025,11:44:00,,,,,,,,,
Running,Mutton 39m (STX),TCRMP,22428378,NA,11/17/2025,15,453,11/20/2025,11:43:00,,,,,,,,,
Running,Mutton 39m (STX) (duplicate),TCRMP,21828424,NA,11/17/2025,15,453,11/20/2025,11:43:00,,,,,,,,,
Running,Cane 09 (STX),TCRMP,22428373,NA,11/17/2025,15,453,11/22/2025,12:44:00,,,,,,,,,
Running,Cane 09 (STX) (duplicate),TCRMP,21879680,NA,11/17/2025,15,453,11/22/2025,12:44:00,,,,,,,,,
Running,Cane 39 (STX),TCRMP,22428380,NA,11/17/2025,15,453,11/22/2025,11:05:00,,,,,,,,,
Running,Cane 39 (STX) (duplicate),TCRMP,21828453,NA,11/17/2025,15,453,11/22/2025,11:05:00,,,,,,,,,
Running,Cane 67 (STX),TCRMP,22428381,NA,11/17/2025,15,453,11/22/2025,10:54:00,,,,,,,,,
Running,Cane 67 (STX),TCRMP,21879669,NA,11/17/2025,15,453,11/22/2025,10:54:00,,,,,,,,,
Running,Salt 30 (STX),TCRMP,22428385,NA,11/17/2025,15,453,11/19/2025,10:56:00,,,,,,,,,
Running,Salt 40 (STX),TCRMP,22428379,NA,11/17/2025,15,453,11/19/2025,10:10:00,,,,,,,,,
Running,Salt 40 (STX) (duplicate),TCRMP,21879679,NA,11/17/2025,15,453,11/19/2025,10:10:00,,,,,,,,,
Running,Salt 67 (STX) ,TCRMP,22428377,NA,11/17/2025,15,453,11/19/2025,10:05:00,,,,,,,,,
Running,Salt 67 (STX) (duplicate),TCRMP,21828433,NA,11/17/2025,15,453,11/19/2025,10:05:00,,,,,,,,,
Running,Lang Hind (STX),TCRMP,22260841,NA,11/17/2025,15,453,11/18/2025,10:58:00,,,,,,,,,
Running,Great Pond (STX),TCRMP,21879684,NA,11/17/2025,15,453,11/21/2025,14:19:00,,,,,,,,,
Running,Lang EEMP (STX),TCRMP,21828458,NA,11/17/2025,15,453,11/21/2025,13:00:00,,,,,,,,,
Running,Lang EEMP 67 (STX),TCRMP,22248870,NA,11/17/2025,15,453,11/21/2025,11:10:00,,,,,,,,,
Running,Lang EEMP 67 (STX),TCRMP,21828442,NA,11/17/2025,15,453,11/21/2025,11:10:00,,,,,,,,,
Running ,Salt River West ,TCRMP,22428382,NA,11/17/2025,15,453,11/19/2025,11:11:00,,,,,,,,,
Running ,Buck Island STX Shallow ,TCRMP,21762812,NA,11/17/2025,15,453,11/17/2025,15:29:00,,,,,,,,,
Removed,tb3 bcooler,Nick,22260848,NA,11/19/2025,15,453,,,,1/13/2026,BT_TB3_bcooler_2511_,,,,,,
Removed,tb3 acooler ,Nick,21762813,NA,11/19/2025,15,453,,,,1/13/2026,BT_TB3_acooler_2511_,,,,,,
Removed,tb3 bbin,Nick,21828457,NA,11/19/2025,15,453,,,,1/13/2026,BT_TB3_bbin_2511_,,,,,,
Removed,tb3 abin,Nick,21445087,NA,11/19/2025,15,453,,,,1/13/2026,BT_TB3_abin_2511,,,,,,
Removed,tb4 bcooler,Nick,22260847,NA,11/19/2025,15,453,,,,1/13/2026,BT_TB4_bcooler_2511_,,,,,,
Removed,tb4 acooler ,Nick,21765877,NA,11/19/2025,15,453,,,,1/14/2026,BT_TB4_acooler_2511_,,,,,,
Removed,tb4 bbin,Nick,21879675,NA,11/19/2025,15,453,,,,1/13/2026,BT_TB4_bbin_2511_,,,,,,
Removed,tb4 abin,Nick,21828454,NA,11/19/2025,15,453,,,,1/13/2026,BT_TB4_abin_2511_,,,,,,
,,,,,,,,,,,,,,,,,,
,,,,,,,,,,,,,,,,,,
,,,,,,,,,,,,,,,,,,
,,,,,,,,,,,,,,,,,,
,,,,,,,,,,,,,,,,,,
,,,,,,,,,,,,,,,,,,
,,,,,,,,,,,,,,,,,,
,,,,,,,,,,,,,,,,,,
,,,,,,,,,,,,,,,,,,
,,,,,,,,,,,,,,,,,,
,,,,,,,,,,,,,,,,,,
,,,,,,,,,,,,,,,,,,
,,,,,,,,,,,,,,,,,,
,,,,,,,,,,,,,,,,,,
,,,,,,,,,,,,,,,,,,
,,,,,,,,,,,,,,,,,,
,,,,,,,,,,,,,,,,,,
,,,,,,,,,,,,,,,,,,
,,,,,,,,,,,,,,,,,,
,,,,,,,,,,,,,,,,,,
,,,,,,,,,,,,,,,,,,
,,,,,,,,,,,,,,,,,,
,,,,,,,,,,,,,,,,,,
,,,,,,,,,,,,,,,,,,
,,,,,,,,,,,,,,,,,,
,,,,,,,,,,,,,,,,,,
,,,,,,,,,,,,,,,,,,
,,,,,,,,,,,,,,,,,,
,,,,,,,,,,,,,,,,,,
,,,,,,,,,,,,,,,,,,
,,,,,,,,,,,,,,,,,,
,,,,,,,,,,,,,,,,,,
,,,,,,,,,,,,,,,,,,
,,,,,,,,,,,,,,,,,,
,,,,,,,,,,,,,,,,,,
,,,,,,,,,,,,,,,,,,
,,,,,,,,,,,,,,,,,,
,,,,,,,,,,,,,,,,,,
,,,,,,,,,,,,,,,,,,
,,,,,,,,,,,,,,,,,,
,,,,,,,,,,,,,,,,,,
,,,,,,,,,,,,,,,,,,
,,,,,,,,,,,,,,,,,,
,,,,,,,,,,,,,,,,,,
,,,,,,,,,,,,,,,,,,
,,,,,,,,,,,,,,,,,,
,,,,,,,,,,,,,,,,,,
,,,,,,,,,,,,,,,,,,
,,,,,,,,,,,,,,,,,,
,,,,,,,,,,,,,,,,,,
,,,,,,,,,,,,,,,,,,
,,,,,,,,,,,,,,,,,,
,,,,,,,,,,,,,,,,,,
,,,,,,,,,,,,,,,,,,
,,,,,,,,,,,,,,,,,,
,,,,,,,,,,,,,,,,,,
,,,,,,,,,,,,,,,,,,
,,,,,,,,,,,,,,,,,,
,,,,,,,,,,,,,,,,,,
,,,,,,,,,,,,,,,,,,
,,,,,,,,,,,,,,,,,,
,,,,,,,,,,,,,,,,,,
,,,,,,,,,,,,,,,,,,
,,,,,,,,,,,,,,,,,,
,,,,,,,,,,,,,,,,,,
,,,,,,,,,,,,,,,,,,
,,,,,,,,,,,,,,,,,,
,,,,,,,,,,,,,,,,,,
,,,,,,,,,,,,,,,,,,
,,,,,,,,,,,,,,,,,,
,,,,,,,,,,,,,,,,,,
,,,,,,,,,,,,,,,,,,
,,,,,,,,,,,,,,,,,,
,,,,,,,,,,,,,,,,,,
,,,,,,,,,,,,,,,,,,
,,,,,,,,,,,,,,,,,,
,,,,,,,,,,,,,,,,,,
,,,,,,,,,,,,,,,,,,
,,,,,,,,,,,,,,,,,,
,,,,,,,,,,,,,,,,,,
,,,,,,,,,,,,,,,,,,
,,,,,,,,,,,,,,,,,,
,,,,,,,,,,,,,,,,,,
,,,,,,,,,,,,,,,,,,
,,,,,,,,,,,,,,,,,,
,,,,,,,,,,,,,,,,,,
,,,,,,,,,,,,,,,,,,
,,,,,,,,,,,,,,,,,,
,,,,,,,,,,,,,,,,,,
,,,,,,,,,,,,,,,,,,
,,,,,,,,,,,,,,,,,,
,,,,,,,,,,,,,,,,,,
,,,,,,,,,,,,,,,,,,
,,,,,,,,,,,,,,,,,,
,,,,,,,,,,,,,,,,,,
,,,,,,,,,,,,,,,,,,
,,,,,,,,,,,,,,,,,,
,,,,,,,,,,,,,,,,,,
,,,,,,,,,,,,,,,,,,
,,,,,,,,,,,,,,,,,,
,,,,,,,,,,,,,,,,,,
,,,,,,,,,,,,,,,,,,
,,,,,,,,,,,,,,,,,,
,,,,,,,,,,,,,,,,,,
,,,,,,,,,,,,,,,,,,
,,,,,,,,,,,,,,,,,,
,,,,,,,,,,,,,,,,,,
,,,,,,,,,,,,,,,,,,
,,,,,,,,,,,,,,,,,,
,,,,,,,,,,,,,,,,,,
,,,,,,,,,,,,,,,,,,
,,,,,,,,,,,,,,,,,,
,,,,,,,,,,,,,,,,,,
,,,,,,,,,,,,,,,,,,
,,,,,,,,,,,,,,,,,,
,,,,,,,,,,,,,,,,,,
,,,,,,,,,,,,,,,,,,
,,,,,,,,,,,,,,,,,,
,,,,,,,,,,,,,,,,,,
,,,,,,,,,,,,,,,,,,
,,,,,,,,,,,,,,,,,,
,,,,,,,,,,,,,,,,,,
,,,,,,,,,,,,,,,,,,
,,,,,,,,,,,,,,,,,,
,,,,,,,,,,,,,,,,,,
,,,,,,,,,,,,,,,,,,
,,,,,,,,,,,,,,,,,,
,,,,,,,,,,,,,,,,,,
,,,,,,,,,,,,,,,,,,
,,,,,,,,,,,,,,,,,,
,,,,,,,,,,,,,,,,,,
,,,,,,,,,,,,,,,,,,
,,,,,,,,,,,,,,,,,,
,,,,,,,,,,,,,,,,,,
,,,,,,,,,,,,,,,,,,
,,,,,,,,,,,,,,,,,,
,,,,,,,,,,,,,,,,,,
,,,,,,,,,,,,,,,,,,
,,,,,,,,,,,,,,,,,,
,,,,,,,,,,,,,,,,,,
,,,,,,,,,,,,,,,,,,
,,,,,,,,,,,,,,,,,,
,,,,,,,,,,,,,,,,,,
,,,,,,,,,,,,,,,,,,
,,,,,,,,,,,,,,,,,,
,,,,,,,,,,,,,,,,,,
,,,,,,,,,,,,,,,,,,
,,,,,,,,,,,,,,,,,,
,,,,,,,,,,,,,,,,,,
,,,,,,,,,,,,,,,,,,
,,,,,,,,,,,,,,,,,,
,,,,,,,,,,,,,,,,,,
,,,,,,,,,,,,,,,,,,
,,,,,,,,,,,,,,,,,,
,,,,,,,,,,,,,,,,,,
,,,,,,,,,,,,,,,,,,
,,,,,,,,,,,,,,,,,,
,,,,,,,,,,,,,,,,,,
,,,,,,,,,,,,,,,,,,
,,,,,,,,,,,,,,,,,,
,,,,,,,,,,,,,,,,,,
,,,,,,,,,,,,,,,,,,
,,,,,,,,,,,,,,,,,,
,,,,,,,,,,,,,,,,,,
,,,,,,,,,,,,,,,,,,
,,,,,,,,,,,,,,,,,,
,,,,,,,,,,,,,,,,,,
,,,,,,,,,,,,,,,,,,
,,,,,,,,,,,,,,,,,,
,,,,,,,,,,,,,,,,,,
,,,,,,,,,,,,,,,,,,
,,,,,,,,,,,,,,,,,,
,,,,,,,,,,,,,,,,,,
,,,,,,,,,,,,,,,,,,
,,,,,,,,,,,,,,,,,,
,,,,,,,,,,,,,,,,,,
,,,,,,,,,,,,,,,,,,
,,,,,,,,,,,,,,,,,,
,,,,,,,,,,,,,,,,,,
,,,,,,,,,,,,,,,,,,
,,,,,,,,,,,,,,,,,,
,,,,,,,,,,,,,,,,,,
,,,,,,,,,,,,,,,,,,
,,,,,,,,,,,,,,,,,,
,,,,,,,,,,,,,,,,,,
,,,,,,,,,,,,,,,,,,
,,,,,,,,,,,,,,,,,,
,,,,,,,,,,,,,,,,,,
,,,,,,,,,,,,,,,,,,
,,,,,,,,,,,,,,,,,,
,,,,,,,,,,,,,,,,,,
,,,,,,,,,,,,,,,,,,
,,,,,,,,,,,,,,,,,,
,,,,,,,,,,,,,,,,,,
,,,,,,,,,,,,,,,,,,
,,,,,,,,,,,,,,,,,,
,,,,,,,,,,,,,,,,,,
,,,,,,,,,,,,,,,,,,
,,,,,,,,,,,,,,,,,,
,,,,,,,,,,,,,,,,,,
,,,,,,,,,,,,,,,,,,
,,,,,,,,,,,,,,,,,,
,,,,,,,,,,,,,,,,,,
,,,,,,,,,,,,,,,,,,
,,,,,,,,,,,,,,,,,,
,,,,,,,,,,,,,,,,,,
,,,,,,,,,,,,,,,,,,
,,,,,,,,,,,,,,,,,,
,,,,,,,,,,,,,,,,,,
,,,,,,,,,,,,,,,,,,
,,,,,,,,,,,,,,,,,,
,,,,,,,,,,,,,,,,,,
,,,,,,,,,,,,,,,,,,
,,,,,,,,,,,,,,,,,,
,,,,,,,,,,,,,,,,,,
,,,,,,,,,,,,,,,,,,
,,,,,,,,,,,,,,,,,,
,,,,,,,,,,,,,,,,,,
,,,,,,,,,,,,,,,,,,
,,,,,,,,,,,,,,,,,,
,,,,,,,,,,,,,,,,,,
,,,,,,,,,,,,,,,,,,
,,,,,,,,,,,,,,,,,,
,,,,,,,,,,,,,,,,,,
,,,,,,,,,,,,,,,,,,
,,,,,,,,,,,,,,,,,,
,,,,,,,,,,,,,,,,,,
,,,,,,,,,,,,,,,,,,
,,,,,,,,,,,,,,,,,,
,,,,,,,,,,,,,,,,,,
,,,,,,,,,,,,,,,,,,
,,,,,,,,,,,,,,,,,,
,,,,,,,,,,,,,,,,,,
,,,,,,,,,,,,,,,,,,
,,,,,,,,,,,,,,,,,,
,,,,,,,,,,,,,,,,,,
,,,,,,,,,,,,,,,,,,
,,,,,,,,,,,,,,,,,,
,,,,,,,,,,,,,,,,,,
,,,,,,,,,,,,,,,,,,
,,,,,,,,,,,,,,,,,,
,,,,,,,,,,,,,,,,,,
,,,,,,,,,,,,,,,,,,
,,,,,,,,,,,,,,,,,,
,,,,,,,,,,,,,,,,,,
,,,,,,,,,,,,,,,,,,
,,,,,,,,,,,,,,,,,,
,,,,,,,,,,,,,,,,,,
,,,,,,,,,,,,,,,,,,
,,,,,,,,,,,,,,,,,,
,,,,,,,,,,,,,,,,,,
,,,,,,,,,,,,,,,,,,
,,,,,,,,,,,,,,,,,,
,,,,,,,,,,,,,,,,,,
,,,,,,,,,,,,,,,,,,
,,,,,,,,,,,,,,,,,,
,,,,,,,,,,,,,,,,,,
,,,,,,,,,,,,,,,,,,
,,,,,,,,,,,,,,,,,,
,,,,,,,,,,,,,,,,,,
,,,,,,,,,,,,,,,,,,
,,,,,,,,,,,,,,,,,,
,,,,,,,,,,,,,,,,,,
,,,,,,,,,,,,,,,,,,
,,,,,,,,,,,,,,,,,,
,,,,,,,,,,,,,,,,,,
,,,,,,,,,,,,,,,,,,
,,,,,,,,,,,,,,,,,,
,,,,,,,,,,,,,,,,,,
,,,,,,,,,,,,,,,,,,
,,,,,,,,,,,,,,,,,,
,,,,,,,,,,,,,,,,,,
,,,,,,,,,,,,,,,,,,
,,,,,,,,,,,,,,,,,,
,,,,,,,,,,,,,,,,,,
,,,,,,,,,,,,,,,,,,
,,,,,,,,,,,,,,,,,,
,,,,,,,,,,,,,,,,,,
,,,,,,,,,,,,,,,,,,
,,,,,,,,,,,,,,,,,,
,,,,,,,,,,,,,,,,,,
,,,,,,,,,,,,,,,,,,
,,,,,,,,,,,,,,,,,,
,,,,,,,,,,,,,,,,,,
,,,,,,,,,,,,,,,,,,
,,,,,,,,,,,,,,,,,,
,,,,,,,,,,,,,,,,,,
,,,,,,,,,,,,,,,,,,
,,,,,,,,,,,,,,,,,,
,,,,,,,,,,,,,,,,,,
,,,,,,,,,,,,,,,,,,
,,,,,,,,,,,,,,,,,,
,,,,,,,,,,,,,,,,,,
,,,,,,,,,,,,,,,,,,
,,,,,,,,,,,,,,,,,,
,,,,,,,,,,,,,,,,,,
,,,,,,,,,,,,,,,,,,
,,,,,,,,,,,,,,,,,,
,,,,,,,,,,,,,,,,,,
,,,,,,,,,,,,,,,,,,
,,,,,,,,,,,,,,,,,,
,,,,,,,,,,,,,,,,,,
,,,,,,,,,,,,,,,,,,
,,,,,,,,,,,,,,,,,,
,,,,,,,,,,,,,,,,,,
,,,,,,,,,,,,,,,,,,
,,,,,,,,,,,,,,,,,,
,,,,,,,,,,,,,,,,,,
,,,,,,,,,,,,,,,,,,
,,,,,,,,,,,,,,,,,,
,,,,,,,,,,,,,,,,,,
,,,,,,,,,,,,,,,,,,
,,,,,,,,,,,,,,,,,,
,,,,,,,,,,,,,,,,,,
,,,,,,,,,,,,,,,,,,
,,,,,,,,,,,,,,,,,,
,,,,,,,,,,,,,,,,,,
,,,,,,,,,,,,,,,,,,
,,,,,,,,,,,,,,,,,,
,,,,,,,,,,,,,,,,,,
,,,,,,,,,,,,,,,,,,
,,,,,,,,,,,,,,,,,,
,,,,,,,,,,,,,,,,,,
,,,,,,,,,,,,,,,,,,
,,,,,,,,,,,,,,,,,,
,,,,,,,,,,,,,,,,,,
,,,,,,,,,,,,,,,,,,
,,,,,,,,,,,,,,,,,,
,,,,,,,,,,,,,,,,,,
,,,,,,,,,,,,,,,,,,
,,,,,,,,,,,,,,,,,,
,,,,,,,,,,,,,,,,,,
,,,,,,,,,,,,,,,,,,
,,,,,,,,,,,,,,,,,,
,,,,,,,,,,,,,,,,,,
,,,,,,,,,,,,,,,,,,
,,,,,,,,,,,,,,,,,,
,,,,,,,,,,,,,,,,,,
,,,,,,,,,,,,,,,,,,
,,,,,,,,,,,,,,,,,,
,,,,,,,,,,,,,,,,,,
,,,,,,,,,,,,,,,,,,
,,,,,,,,,,,,,,,,,,
,,,,,,,,,,,,,,,,,,
,,,,,,,,,,,,,,,,,,
,,,,,,,,,,,,,,,,,,
,,,,,,,,,,,,,,,,,,
,,,,,,,,,,,,,,,,,,
,,,,,,,,,,,,,,,,,,
,,,,,,,,,,,,,,,,,,
,,,,,,,,,,,,,,,,,,
,,,,,,,,,,,,,,,,,,
,,,,,,,,,,,,,,,,,,
,,,,,,,,,,,,,,,,,,
,,,,,,,,,,,,,,,,,,
,,,,,,,,,,,,,,,,,,
,,,,,,,,,,,,,,,,,,
,,,,,,,,,,,,,,,,,,
,,,,,,,,,,,,,,,,,,
,,,,,,,,,,,,,,,,,,
,,,,,,,,,,,,,,,,,,
,,,,,,,,,,,,,,,,,,
,,,,,,,,,,,,,,,,,,
,,,,,,,,,,,,,,,,,,
,,,,,,,,,,,,,,,,,,
,,,,,,,,,,,,,,,,,,
,,,,,,,,,,,,,,,,,,
,,,,,,,,,,,,,,,,,,
,,,,,,,,,,,,,,,,,,
,,,,,,,,,,,,,,,,,,
,,,,,,,,,,,,,,,,,,
,,,,,,,,,,,,,,,,,,
,,,,,,,,,,,,,,,,,,
,,,,,,,,,,,,,,,,,,
,,,,,,,,,,,,,,,,,,
,,,,,,,,,,,,,,,,,,
,,,,,,,,,,,,,,,,,,
,,,,,,,,,,,,,,,,,,
,,,,,,,,,,,,,,,,,,
,,,,,,,,,,,,,,,,,,
,,,,,,,,,,,,,,,,,,
,,,,,,,,,,,,,,,,,,
,,,,,,,,,,,,,,,,,,
,,,,,,,,,,,,,,,,,,
,,,,,,,,,,,,,,,,,,
,,,,,,,,,,,,,,,,,,
,,,,,,,,,,,,,,,,,,
,,,,,,,,,,,,,,,,,,
,,,,,,,,,,,,,,,,,,
,,,,,,,,,,,,,,,,,,
,,,,,,,,,,,,,,,,,,
,,,,,,,,,,,,,,,,,,
,,,,,,,,,,,,,,,,,,
,,,,,,,,,,,,,,,,,,
,,,,,,,,,,,,,,,,,,
,,,,,,,,,,,,,,,,,,
,,,,,,,,,,,,,,,,,,
,,,,,,,,,,,,,,,,,,
,,,,,,,,,,,,,,,,,,
,,,,,,,,,,,,,,,,,,
,,,,,,,,,,,,,,,,,,
,,,,,,,,,,,,,,,,,,
,,,,,,,,,,,,,,,,,,
,,,,,,,,,,,,,,,,,,
,,,,,,,,,,,,,,,,,,
,,,,,,,,,,,,,,,,,,
,,,,,,,,,,,,,,,,,,
,,,,,,,,,,,,,,,,,,
,,,,,,,,,,,,,,,,,,
,,,,,,,,,,,,,,,,,,
,,,,,,,,,,,,,,,,,,
,,,,,,,,,,,,,,,,,,
,,,,,,,,,,,,,,,,,,
,,,,,,,,,,,,,,,,,,
,,,,,,,,,,,,,,,,,,
,,,,,,,,,,,,,,,,,,
,,,,,,,,,,,,,,,,,,
,,,,,,,,,,,,,,,,,,
,,,,,,,,,,,,,,,,,,
,,,,,,,,,,,,,,,,,,
,,,,,,,,,,,,,,,,,,
,,,,,,,,,,,,,,,,,,
,,,,,,,,,,,,,,,,,,
,,,,,,,,,,,,,,,,,,
,,,,,,,,,,,,,,,,,,
,,,,,,,,,,,,,,,,,,
,,,,,,,,,,,,,,,,,,
,,,,,,,,,,,,,,,,,,
,,,,,,,,,,,,,,,,,,
,,,,,,,,,,,,,,,,,,
,,,,,,,,,,,,,,,,,,
,,,,,,,,,,,,,,,,,,
,,,,,,,,,,,,,,,,,,
,,,,,,,,,,,,,,,,,,
,,,,,,,,,,,,,,,,,,
,,,,,,,,,,,,,,,,,,
,,,,,,,,,,,,,,,,,,
,,,,,,,,,,,,,,,,,,
,,,,,,,,,,,,,,,,,,
,,,,,,,,,,,,,,,,,,
,,,,,,,,,,,,,,,,,,
,,,,,,,,,,,,,,,,,,
,,,,,,,,,,,,,,,,,,
,,,,,,,,,,,,,,,,,,
,,,,,,,,,,,,,,,,,,
,,,,,,,,,,,,,,,,,,
,,,,,,,,,,,,,,,,,,
,,,,,,,,,,,,,,,,,,
,,,,,,,,,,,,,,,,,,
,,,,,,,,,,,,,,,,,,
,,,,,,,,,,,,,,,,,,
,,,,,,,,,,,,,,,,,,
,,,,,,,,,,,,,,,,,,
,,,,,,,,,,,,,,,,,,
,,,,,,,,,,,,,,,,,,
,,,,,,,,,,,,,,,,,,
,,,,,,,,,,,,,,,,,,
,,,,,,,,,,,,,,,,,,
,,,,,,,,,,,,,,,,,,
,,,,,,,,,,,,,,,,,,
,,,,,,,,,,,,,,,,,,
,,,,,,,,,,,,,,,,,,
,,,,,,,,,,,,,,,,,,
,,,,,,,,,,,,,,,,,,
,,,,,,,,,,,,,,,,,,
,,,,,,,,,,,,,,,,,,
,,,,,,,,,,,,,,,,,,
,,,,,,,,,,,,,,,,,,
,,,,,,,,,,,,,,,,,,
,,,,,,,,,,,,,,,,,,
,,,,,,,,,,,,,,,,,,
,,,,,,,,,,,,,,,,,,
,,,,,,,,,,,,,,,,,,
,,,,,,,,,,,,,,,,,,
,,,,,,,,,,,,,,,,,,
,,,,,,,,,,,,,,,,,,
,,,,,,,,,,,,,,,,,,
,,,,,,,,,,,,,,,,,,
,,,,,,,,,,,,,,,,,,
,,,,,,,,,,,,,,,,,,
,,,,,,,,,,,,,,,,,,
,,,,,,,,,,,,,,,,,,
,,,,,,,,,,,,,,,,,,
,,,,,,,,,,,,,,,,,,
,,,,,,,,,,,,,,,,,,
,,,,,,,,,,,,,,,,,,
,,,,,,,,,,,,,,,,,,
,,,,,,,,,,,,,,,,,,
,,,,,,,,,,,,,,,,,,
,,,,,,,,,,,,,,,,,,
,,,,,,,,,,,,,,,,,,
,,,,,,,,,,,,,,,,,,
,,,,,,,,,,,,,,,,,,
,,,,,,,,,,,,,,,,,,
,,,,,,,,,,,,,,,,,,
,,,,,,,,,,,,,,,,,,
,,,,,,,,,,,,,,,,,,
,,,,,,,,,,,,,,,,,,
,,,,,,,,,,,,,,,,,,
,,,,,,,,,,,,,,,,,,
,,,,,,,,,,,,,,,,,,
,,,,,,,,,,,,,,,,,,
,,,,,,,,,,,,,,,,,,
,,,,,,,,,,,,,,,,,,
,,,,,,,,,,,,,,,,,,
,,,,,,,,,,,,,,,,,,
,,,,,,,,,,,,,,,,,,
,,,,,,,,,,,,,,,,,,
,,,,,,,,,,,,,,,,,,
,,,,,,,,,,,,,,,,,,
,,,,,,,,,,,,,,,,,,
,,,,,,,,,,,,,,,,,,
,,,,,,,,,,,,,,,,,,
,,,,,,,,,,,,,,,,,,
,,,,,,,,,,,,,,,,,,
,,,,,,,,,,,,,,,,,,
,,,,,,,,,,,,,,,,,,
,,,,,,,,,,,,,,,,,,
,,,,,,,,,,,,,,,,,,
,,,,,,,,,,,,,,,,,,
,,,,,,,,,,,,,,,,,,
,,,,,,,,,,,,,,,,,,
,,,,,,,,,,,,,,,,,,
,,,,,,,,,,,,,,,,,,
,,,,,,,,,,,,,,,,,,
,,,,,,,,,,,,,,,,,,
,,,,,,,,,,,,,,,,,,
,,,,,,,,,,,,,,,,,,
,,,,,,,,,,,,,,,,,,
,,,,,,,,,,,,,,,,,,
,,,,,,,,,,,,,,,,,,
,,,,,,,,,,,,,,,,,,
,,,,,,,,,,,,,,,,,,
,,,,,,,,,,,,,,,,,,
,,,,,,,,,,,,,,,,,,
,,,,,,,,,,,,,,,,,,
,,,,,,,,,,,,,,,,,,
,,,,,,,,,,,,,,,,,,
,,,,,,,,,,,,,,,,,,
,,,,,,,,,,,,,,,,,,
,,,,,,,,,,,,,,,,,,
,,,,,,,,,,,,,,,,,,
,,,,,,,,,,,,,,,,,,
,,,,,,,,,,,,,,,,,,
,,,,,,,,,,,,,,,,,,
,,,,,,,,,,,,,,,,,,
,,,,,,,,,,,,,,,,,,
,,,,,,,,,,,,,,,,,,
,,,,,,,,,,,,,,,,,,
,,,,,,,,,,,,,,,,,,
,,,,,,,,,,,,,,,,,,
,,,,,,,,,,,,,,,,,,
,,,,,,,,,,,,,,,,,,
,,,,,,,,,,,,,,,,,,
,,,,,,,,,,,,,,,,,,
,,,,,,,,,,,,,,,,,,
,,,,,,,,,,,,,,,,,,
,,,,,,,,,,,,,,,,,,
,,,,,,,,,,,,,,,,,,
,,,,,,,,,,,,,,,,,,
,,,,,,,,,,,,,,,,,,
,,,,,,,,,,,,,,,,,,
,,,,,,,,,,,,,,,,,,
,,,,,,,,,,,,,,,,,,
,,,,,,,,,,,,,,,,,,
,,,,,,,,,,,,,,,,,,
,,,,,,,,,,,,,,,,,,
,,,,,,,,,,,,,,,,,,
,,,,,,,,,,,,,,,,,,
,,,,,,,,,,,,,,,,,,
,,,,,,,,,,,,,,,,,,
,,,,,,,,,,,,,,,,,,
,,,,,,,,,,,,,,,,,,
,,,,,,,,,,,,,,,,,,
,,,,,,,,,,,,,,,,,,
,,,,,,,,,,,,,,,,,,
,,,,,,,,,,,,,,,,,,
,,,,,,,,,,,,,,,,,,
,,,,,,,,,,,,,,,,,,
,,,,,,,,,,,,,,,,,,
,,,,,,,,,,,,,,,,,,
,,,,,,,,,,,,,,,,,,
,,,,,,,,,,,,,,,,,,
,,,,,,,,,,,,,,,,,,
,,,,,,,,,,,,,,,,,,
,,,,,,,,,,,,,,,,,,
,,,,,,,,,,,,,,,,,,
,,,,,,,,,,,,,,,,,,
,,,,,,,,,,,,,,,,,,
,,,,,,,,,,,,,,,,,,
,,,,,,,,,,,,,,,,,,
,,,,,,,,,,,,,,,,,,
,,,,,,,,,,,,,,,,,,
,,,,,,,,,,,,,,,,,,
,,,,,,,,,,,,,,,,,,
,,,,,,,,,,,,,,,,,,
,,,,,,,,,,,,,,,,,,
,,,,,,,,,,,,,,,,,,
,,,,,,,,,,,,,,,,,,
,,,,,,,,,,,,,,,,,,
,,,,,,,,,,,,,,,,,,
,,,,,,,,,,,,,,,,,,
,,,,,,,,,,,,,,,,,,
,,,,,,,,,,,,,,,,,,
,,,,,,,,,,,,,,,,,,
,,,,,,,,,,,,,,,,,,
,,,,,,,,,,,,,,,,,,
,,,,,,,,,,,,,,,,,,
,,,,,,,,,,,,,,,,,,
,,,,,,,,,,,,,,,,,,
,,,,,,,,,,,,,,,,,,
,,,,,,,,,,,,,,,,,,
,,,,,,,,,,,,,,,,,,
,,,,,,,,,,,,,,,,,,
,,,,,,,,,,,,,,,,,,
,,,,,,,,,,,,,,,,,,
,,,,,,,,,,,,,,,,,,
,,,,,,,,,,,,,,,,,,
,,,,,,,,,,,,,,,,,,
,,,,,,,,,,,,,,,,,,
,,,,,,,,,,,,,,,,,,
,,,,,,,,,,,,,,,,,,
,,,,,,,,,,,,,,,,,,
,,,,,,,,,,,,,,,,,,
,,,,,,,,,,,,,,,,,,
,,,,,,,,,,,,,,,,,,
,,,,,,,,,,,,,,,,,,
,,,,,,,,,,,,,,,,,,
,,,,,,,,,,,,,,,,,,
,,,,,,,,,,,,,,,,,,
,,,,,,,,,,,,,,,,,,
,,,,,,,,,,,,,,,,,,
,,,,,,,,,,,,,,,,,,
,,,,,,,,,,,,,,,,,,
,,,,,,,,,,,,,,,,,,
,,,,,,,,,,,,,,,,,,
,,,,,,,,,,,,,,,,,,
,,,,,,,,,,,,,,,,,,
,,,,,,,,,,,,,,,,,,
,,,,,,,,,,,,,,,,,,
,,,,,,,,,,,,,,,,,,
,,,,,,,,,,,,,,,,,,
,,,,,,,,,,,,,,,,,,
,,,,,,,,,,,,,,,,,,
,,,,,,,,,,,,,,,,,,
,,,,,,,,,,,,,,,,,,
,,,,,,,,,,,,,,,,,,
,,,,,,,,,,,,,,,,,,
,,,,,,,,,,,,,,,,,,
,,,,,,,,,,,,,,,,,,
,,,,,,,,,,,,,,,,,,
,,,,,,,,,,,,,,,,,,
,,,,,,,,,,,,,,,,,,
,,,,,,,,,,,,,,,,,,
,,,,,,,,,,,,,,,,,,
,,,,,,,,,,,,,,,,,,
,,,,,,,,,,,,,,,,,,
,,,,,,,,,,,,,,,,,,
,,,,,,,,,,,,,,,,,,
,,,,,,,,,,,,,,,,,,
,,,,,,,,,,,,,,,,,,
,,,,,,,,,,,,,,,,,,
,,,,,,,,,,,,,,,,,,
,,,,,,,,,,,,,,,,,,
,,,,,,,,,,,,,,,,,,
,,,,,,,,,,,,,,,,,,
,,,,,,,,,,,,,,,,,,
,,,,,,,,,,,,,,,,,,
,,,,,,,,,,,,,,,,,,
,,,,,,,,,,,,,,,,,,
,,,,,,,,,,,,,,,,,,
,,,,,,,,,,,,,,,,,,
,,,,,,,,,,,,,,,,,,
,,,,,,,,,,,,,,,,,,
,,,,,,,,,,,,,,,,,,
,,,,,,,,,,,,,,,,,,
,,,,,,,,,,,,,,,,,,
,,,,,,,,,,,,,,,,,,
,,,,,,,,,,,,,,,,,,
,,,,,,,,,,,,,,,,,,
,,,,,,,,,,,,,,,,,,
,,,,,,,,,,,,,,,,,,
,,,,,,,,,,,,,,,,,,
,,,,,,,,,,,,,,,,,,
,,,,,,,,,,,,,,,,,,
,,,,,,,,,,,,,,,,,,
,,,,,,,,,,,,,,,,,,
,,,,,,,,,,,,,,,,,,
,,,,,,,,,,,,,,,,,,
,,,,,,,,,,,,,,,,,,
,,,,,,,,,,,,,,,,,,
,,,,,,,,,,,,,,,,,,
,,,,,,,,,,,,,,,,,,
,,,,,,,,,,,,,,,,,,
,,,,,,,,,,,,,,,,,,
,,,,,,,,,,,,,,,,,,
,,,,,,,,,,,,,,,,,,
,,,,,,,,,,,,,,,,,,
,,,,,,,,,,,,,,,,,,
,,,,,,,,,,,,,,,,,,
,,,,,,,,,,,,,,,,,,
,,,,,,,,,,,,,,,,,,
,,,,,,,,,,,,,,,,,,
,,,,,,,,,,,,,,,,,,
,,,,,,,,,,,,,,,,,,
,,,,,,,,,,,,,,,,,,
,,,,,,,,,,,,,,,,,,
,,,,,,,,,,,,,,,,,,
,,,,,,,,,,,,,,,,,,
,,,,,,,,,,,,,,,,,,
,,,,,,,,,,,,,,,,,,
,,,,,,,,,,,,,,,,,,
,,,,,,,,,,,,,,,,,,
,,,,,,,,,,,,,,,,,,
,,,,,,,,,,,,,,,,,,
,,,,,,,,,,,,,,,,,,
,,,,,,,,,,,,,,,,,,
,,,,,,,,,,,,,,,,,,
,,,,,,,,,,,,,,,,,,
,,,,,,,,,,,,,,,,,,
,,,,,,,,,,,,,,,,,,
,,,,,,,,,,,,,,,,,,
,,,,,,,,,,,,,,,,,,
,,,,,,,,,,,,,,,,,,
,,,,,,,,,,,,,,,,,,
,,,,,,,,,,,,,,,,,,
,,,,,,,,,,,,,,,,,,
,,,,,,,,,,,,,,,,,,
,,,,,,,,,,,,,,,,,,
,,,,,,,,,,,,,,,,,,
,,,,,,,,,,,,,,,,,,
,,,,,,,,,,,,,,,,,,
,,,,,,,,,,,,,,,,,,
,,,,,,,,,,,,,,,,,,
,,,,,,,,,,,,,,,,,,
,,,,,,,,,,,,,,,,,,
,,,,,,,,,,,,,,,,,,
,,,,,,,,,,,,,,,,,,
,,,,,,,,,,,,,,,,,,
,,,,,,,,,,,,,,,,,,
,,,,,,,,,,,,,,,,,,
,,,,,,,,,,,,,,,,,,
,,,,,,,,,,,,,,,,,,
,,,,,,,,,,,,,,,,,,
,,,,,,,,,,,,,,,,,,
,,,,,,,,,,,,,,,,,,
,,,,,,,,,,,,,,,,,,
,,,,,,,,,,,,,,,,,,
,,,,,,,,,,,,,,,,,,
,,,,,,,,,,,,,,,,,,
,,,,,,,,,,,,,,,,,,
,,,,,,,,,,,,,,,,,,
,,,,,,,,,,,,,,,,,,
,,,,,,,,,,,,,,,,,,
,,,,,,,,,,,,,,,,,,
,,,,,,,,,,,,,,,,,,
,,,,,,,,,,,,,,,,,,
,,,,,,,,,,,,,,,,,,
,,,,,,,,,,,,,,,,,,
,,,,,,,,,,,,,,,,,,
,,,,,,,,,,,,,,,,,,
,,,,,,,,,,,,,,,,,,
,,,,,,,,,,,,,,,,,,
,,,,,,,,,,,,,,,,,,
,,,,,,,,,,,,,,,,,,
,,,,,,,,,,,,,,,,,,
,,,,,,,,,,,,,,,,,,
,,,,,,,,,,,,,,,,,,
,,,,,,,,,,,,,,,,,,
,,,,,,,,,,,,,,,,,,
,,,,,,,,,,,,,,,,,,
Running ,Range Cay ,Sonora,22260837,NA,2/24/2026,15,453,,,,,,,,,,,
Running ,Ginsburg Fringe ,TCRMP,22260850,NA,3/16/2026,15,453,3/20/2026,14:05:00,,,,,,,,,
Running ,Ginsburg Fringe (duplicate),TCRMP,21958082,NA,3/16/2026,15,453,3/20/2026,14:05:00,,,,,,,,,
