"#","Date Time, GMT-04:00","Temp, °C","Coupler Detached","Coupler Attached","Host Connected","Stopped","End Of File"
1,04/10/25 08:00:00,22.226,Logged,,,,
2,04/10/25 08:15:00,22.202,,,,,
3,04/10/25 08:30:00,22.178,,,,,
4,04/10/25 08:45:00,22.178,,,,,
5,04/10/25 09:00:00,22.154,,,,,
6,04/10/25 09:15:00,22.130,,,,,
7,04/10/25 09:30:00,22.130,,,,,
8,04/10/25 09:45:00,22.130,,,,,
9,04/10/25 10:00:00,22.154,,,,,
10,04/10/25 10:15:00,22.154,,,,,
11,04/10/25 10:30:00,22.178,,,,,
12,04/10/25 10:45:00,22.178,,,,,
13,04/10/25 11:00:00,22.202,,,,,
14,04/10/25 11:15:00,22.226,,,,,
15,04/10/25 11:30:00,22.250,,,,,
16,04/10/25 11:45:00,22.274,,,,,
17,04/10/25 12:00:00,22.298,,,,,
18,04/10/25 12:15:00,22.345,,,,,
19,04/10/25 12:30:00,22.369,,,,,
20,04/10/25 12:45:00,22.393,,,,,
21,04/10/25 13:00:00,22.417,,,,,
22,04/10/25 13:15:00,22.441,,,,,
23,04/10/25 13:30:00,22.489,,,,,
24,04/10/25 13:45:00,22.585,,,,,
25,04/10/25 14:00:00,22.633,,,,,
26,04/10/25 14:15:00,22.633,,,,,
27,04/10/25 14:30:00,22.609,,,,,
28,04/10/25 14:45:00,22.585,,,,,
29,04/10/25 15:00:00,22.537,,,,,
30,04/10/25 15:15:00,22.513,,,,,
31,04/10/25 15:30:00,22.489,,,,,
32,04/10/25 15:45:00,22.561,,,,,
33,04/10/25 16:00:00,22.561,,,,,
34,04/10/25 16:15:00,22.561,,,,,
35,04/10/25 16:30:00,22.537,,,,,
36,04/10/25 16:45:00,22.513,,,,,
37,04/10/25 17:00:00,22.513,,,,,
38,04/10/25 17:15:00,22.489,,,,,
39,04/10/25 17:30:00,22.465,,,,,
40,04/10/25 17:45:00,22.441,,,,,
41,04/10/25 18:00:00,22.417,,,,,
42,04/10/25 18:15:00,22.393,,,,,
43,04/10/25 18:30:00,22.369,,,,,
44,04/10/25 18:45:00,22.321,,,,,
45,04/10/25 19:00:00,22.298,,,,,
46,04/10/25 19:15:00,22.250,,,,,
47,04/10/25 19:30:00,22.226,,,,,
48,04/10/25 19:45:00,22.202,,,,,
49,04/10/25 20:00:00,22.154,,,,,
50,04/10/25 20:15:00,22.106,,,,,
51,04/10/25 20:30:00,22.082,,,,,
52,04/10/25 20:45:00,22.034,,,,,
53,04/10/25 21:00:00,22.011,,,,,
54,04/10/25 21:15:00,21.963,,,,,
55,04/10/25 21:30:00,21.915,,,,,
56,04/10/25 21:45:00,21.891,,,,,
57,04/10/25 22:00:00,21.867,,,,,
58,04/10/25 22:15:00,21.843,,,,,
59,04/10/25 22:30:00,21.843,,,,,
60,04/10/25 22:45:00,21.843,,,,,
61,04/10/25 23:00:00,21.843,,,,,
62,04/10/25 23:15:00,21.843,,,,,
63,04/10/25 23:30:00,21.867,,,,,
64,04/10/25 23:45:00,21.891,,,,,
65,04/11/25 00:00:00,21.915,,,,,
66,04/11/25 00:15:00,21.939,,,,,
67,04/11/25 00:30:00,21.963,,,,,
68,04/11/25 00:45:00,21.987,,,,,
69,04/11/25 01:00:00,22.011,,,,,
70,04/11/25 01:15:00,22.034,,,,,
71,04/11/25 01:30:00,22.058,,,,,
72,04/11/25 01:45:00,22.082,,,,,
73,04/11/25 02:00:00,22.106,,,,,
74,04/11/25 02:15:00,22.130,,,,,
75,04/11/25 02:30:00,22.154,,,,,
76,04/11/25 02:45:00,22.178,,,,,
77,04/11/25 03:00:00,22.202,,,,,
78,04/11/25 03:15:00,22.226,,,,,
79,04/11/25 03:30:00,22.250,,,,,
80,04/11/25 03:45:00,22.298,,,,,
81,04/11/25 04:00:00,22.321,,,,,
82,04/11/25 04:15:00,22.345,,,,,
83,04/11/25 04:30:00,22.369,,,,,
84,04/11/25 04:45:00,22.393,,,,,
85,04/11/25 05:00:00,22.417,,,,,
86,04/11/25 05:15:00,22.441,,,,,
87,04/11/25 05:30:00,22.465,,,,,
88,04/11/25 05:45:00,22.489,,,,,
89,04/11/25 06:00:00,22.561,,,,,
90,04/11/25 06:15:00,22.633,,,,,
91,04/11/25 06:30:00,22.753,,,,,
92,04/11/25 06:45:00,22.848,,,,,
93,04/11/25 07:00:00,22.944,,,,,
94,04/11/25 07:15:00,23.064,,,,,
95,04/11/25 07:30:00,23.184,,,,,
96,04/11/25 07:45:00,23.280,,,,,
97,04/11/25 08:00:00,23.400,,,,,
98,04/11/25 08:15:00,23.521,,,,,
99,04/11/25 08:30:00,23.641,,,,,
100,04/11/25 08:45:00,23.737,,,,,
101,04/11/25 09:00:00,23.857,,,,,
102,04/11/25 09:15:00,23.978,,,,,
103,04/11/25 09:30:00,24.074,,,,,
104,04/11/25 09:45:00,24.195,,,,,
105,04/11/25 10:00:00,24.315,,,,,
106,04/11/25 10:15:00,24.412,,,,,
107,04/11/25 10:30:00,24.532,,,,,
108,04/11/25 10:45:00,24.629,,,,,
109,04/11/25 11:00:00,24.726,,,,,
110,04/11/25 11:15:00,24.823,,,,,
111,04/11/25 11:30:00,24.944,,,,,
112,04/11/25 11:45:00,25.016,,,,,
113,04/11/25 12:00:00,25.113,,,,,
114,04/11/25 12:15:00,25.210,,,,,
115,04/11/25 12:30:00,25.307,,,,,
116,04/11/25 12:45:00,25.404,,,,,
117,04/11/25 13:00:00,25.477,,,,,
118,04/11/25 13:15:00,25.574,,,,,
119,04/11/25 13:30:00,25.647,,,,,
120,04/11/25 13:45:00,25.866,,,,,
121,04/11/25 14:00:00,26.109,,,,,
122,04/11/25 14:15:00,26.280,,,,,
123,04/11/25 14:30:00,26.451,,,,,
124,04/11/25 14:45:00,26.598,,,,,
125,04/11/25 15:00:00,26.744,,,,,
126,04/11/25 15:15:00,26.916,,,,,
127,04/11/25 15:30:00,27.063,,,,,
128,04/11/25 15:45:00,27.235,,,,,
129,04/11/25 16:00:00,27.604,,,,,
130,04/11/25 16:15:00,28.369,,,,,
131,04/11/25 16:30:00,27.998,,,,,
132,04/11/25 16:45:00,26.378,,,,,
133,04/11/25 17:00:00,25.501,,,,,
134,04/11/25 17:15:00,24.460,,,,,
135,04/11/25 17:30:00,23.713,,,,,
136,04/11/25 17:45:00,22.968,,,,,
137,04/11/25 18:00:00,22.274,,,,,
138,04/11/25 18:15:00,21.748,,,,,
139,04/11/25 18:30:00,21.246,,,,,
140,04/11/25 18:45:00,20.841,,,,,
141,04/11/25 19:00:00,20.507,,,,,
142,04/11/25 19:15:00,20.174,,,,,
143,04/11/25 19:30:00,19.960,,,,,
144,04/11/25 19:45:00,19.817,,,,,
145,04/11/25 20:00:00,19.651,,,,,
146,04/11/25 20:15:00,19.508,,,,,
147,04/11/25 20:30:00,19.389,,,,,
148,04/11/25 20:45:00,19.341,,,,,
149,04/11/25 21:00:00,19.294,,,,,
150,04/11/25 21:15:00,19.222,,,,,
151,04/11/25 21:30:00,19.151,,,,,
152,04/11/25 21:45:00,19.080,,,,,
153,04/11/25 22:00:00,18.985,,,,,
154,04/11/25 22:15:00,18.913,,,,,
155,04/11/25 22:30:00,18.842,,,,,
156,04/11/25 22:45:00,18.771,,,,,
157,04/11/25 23:00:00,18.723,,,,,
158,04/11/25 23:15:00,18.675,,,,,
159,04/11/25 23:30:00,18.604,,,,,
160,04/11/25 23:45:00,18.580,,,,,
161,04/12/25 00:00:00,18.580,,,,,
162,04/12/25 00:15:00,18.604,,,,,
163,04/12/25 00:30:00,18.580,,,,,
164,04/12/25 00:45:00,18.533,,,,,
165,04/12/25 01:00:00,18.485,,,,,
166,04/12/25 01:15:00,18.438,,,,,
167,04/12/25 01:30:00,18.438,,,,,
168,04/12/25 01:45:00,18.414,,,,,
169,04/12/25 02:00:00,18.390,,,,,
170,04/12/25 02:15:00,18.366,,,,,
171,04/12/25 02:30:00,18.343,,,,,
172,04/12/25 02:45:00,18.343,,,,,
173,04/12/25 03:00:00,18.366,,,,,
174,04/12/25 03:15:00,18.390,,,,,
175,04/12/25 03:30:00,18.414,,,,,
176,04/12/25 03:45:00,18.414,,,,,
177,04/12/25 04:00:00,18.485,,,,,
178,04/12/25 04:15:00,18.580,,,,,
179,04/12/25 04:30:00,18.675,,,,,
180,04/12/25 04:45:00,18.723,,,,,
181,04/12/25 05:00:00,18.771,,,,,
182,04/12/25 05:15:00,18.771,,,,,
183,04/12/25 05:30:00,18.818,,,,,
184,04/12/25 05:45:00,18.818,,,,,
185,04/12/25 06:00:00,18.818,,,,,
186,04/12/25 06:15:00,18.818,,,,,
187,04/12/25 06:30:00,18.818,,,,,
188,04/12/25 06:45:00,18.866,,,,,
189,04/12/25 07:00:00,18.937,,,,,
190,04/12/25 07:15:00,19.318,,,,,
191,04/12/25 07:30:00,19.103,,,,,
192,04/12/25 07:45:00,19.127,,,,,
193,04/12/25 08:00:00,19.960,,,,,
194,04/12/25 08:15:00,21.676,,,,,
195,04/12/25 08:30:00,23.376,,,,,
196,04/12/25 08:45:00,24.944,,,,,
197,04/12/25 09:00:00,27.038,,,,,
198,04/12/25 09:15:00,28.394,,,,,
199,04/12/25 09:30:00,27.038,,,,,
200,04/12/25 09:45:00,27.899,,,,,
201,04/12/25 10:00:00,28.518,,,,,
202,04/12/25 10:15:00,27.358,,,,,
203,04/12/25 10:30:00,27.284,,,,,
204,04/12/25 10:45:00,27.284,,,,,
205,04/12/25 11:00:00,27.284,,,,,
206,04/12/25 11:15:00,27.284,,,,,
207,04/12/25 11:30:00,27.308,,,,,
208,04/12/25 11:45:00,27.308,,,,,
209,04/12/25 12:00:00,27.284,,,,,
210,04/12/25 12:15:00,27.284,,,,,
211,04/12/25 12:30:00,27.308,,,,,
212,04/12/25 12:45:00,27.284,,,,,
213,04/12/25 13:00:00,27.308,,,,,
214,04/12/25 13:15:00,27.308,,,,,
215,04/12/25 13:30:00,27.284,,,,,
216,04/12/25 13:45:00,27.284,,,,,
217,04/12/25 14:00:00,27.259,,,,,
218,04/12/25 14:15:00,27.284,,,,,
219,04/12/25 14:30:00,27.259,,,,,
220,04/12/25 14:45:00,27.259,,,,,
221,04/12/25 15:00:00,27.235,,,,,
222,04/12/25 15:15:00,27.235,,,,,
223,04/12/25 15:30:00,27.284,,,,,
224,04/12/25 15:45:00,27.308,,,,,
225,04/12/25 16:00:00,27.333,,,,,
226,04/12/25 16:15:00,27.333,,,,,
227,04/12/25 16:30:00,27.333,,,,,
228,04/12/25 16:45:00,27.382,,,,,
229,04/12/25 17:00:00,27.407,,,,,
230,04/12/25 17:15:00,27.407,,,,,
231,04/12/25 17:30:00,27.431,,,,,
232,04/12/25 17:45:00,27.431,,,,,
233,04/12/25 18:00:00,27.456,,,,,
234,04/12/25 18:15:00,27.481,,,,,
235,04/12/25 18:30:00,27.505,,,,,
236,04/12/25 18:45:00,27.530,,,,,
237,04/12/25 19:00:00,27.530,,,,,
238,04/12/25 19:15:00,27.579,,,,,
239,04/12/25 19:30:00,27.579,,,,,
240,04/12/25 19:45:00,27.358,,,,,
241,04/12/25 20:00:00,27.235,,,,,
242,04/12/25 20:15:00,27.186,,,,,
243,04/12/25 20:30:00,27.235,,,,,
244,04/12/25 20:45:00,27.235,,,,,
245,04/12/25 21:00:00,27.456,,,,,
246,04/12/25 21:15:00,27.358,,,,,
247,04/12/25 21:30:00,27.456,,,,,
248,04/12/25 21:45:00,27.358,,,,,
249,04/12/25 22:00:00,27.284,,,,,
250,04/12/25 22:15:00,27.259,,,,,
251,04/12/25 22:30:00,27.235,,,,,
252,04/12/25 22:45:00,27.235,,,,,
253,04/12/25 23:00:00,27.235,,,,,
254,04/12/25 23:15:00,27.235,,,,,
255,04/12/25 23:30:00,27.235,,,,,
256,04/12/25 23:45:00,27.235,,,,,
257,04/13/25 00:00:00,27.210,,,,,
258,04/13/25 00:15:00,27.210,,,,,
259,04/13/25 00:30:00,27.235,,,,,
260,04/13/25 00:45:00,27.235,,,,,
261,04/13/25 01:00:00,27.235,,,,,
262,04/13/25 01:15:00,27.259,,,,,
263,04/13/25 01:30:00,27.259,,,,,
264,04/13/25 01:45:00,27.259,,,,,
265,04/13/25 02:00:00,27.284,,,,,
266,04/13/25 02:15:00,27.308,,,,,
267,04/13/25 02:30:00,27.284,,,,,
268,04/13/25 02:45:00,27.259,,,,,
269,04/13/25 03:00:00,27.259,,,,,
270,04/13/25 03:15:00,27.259,,,,,
271,04/13/25 03:30:00,27.259,,,,,
272,04/13/25 03:45:00,27.259,,,,,
273,04/13/25 04:00:00,27.259,,,,,
274,04/13/25 04:15:00,27.259,,,,,
275,04/13/25 04:30:00,27.259,,,,,
276,04/13/25 04:45:00,27.259,,,,,
277,04/13/25 05:00:00,27.210,,,,,
278,04/13/25 05:15:00,27.235,,,,,
279,04/13/25 05:30:00,27.259,,,,,
280,04/13/25 05:45:00,27.284,,,,,
281,04/13/25 06:00:00,27.284,,,,,
282,04/13/25 06:15:00,27.284,,,,,
283,04/13/25 06:30:00,27.284,,,,,
284,04/13/25 06:45:00,27.284,,,,,
285,04/13/25 07:00:00,27.284,,,,,
286,04/13/25 07:15:00,27.284,,,,,
287,04/13/25 07:30:00,27.284,,,,,
288,04/13/25 07:45:00,27.284,,,,,
289,04/13/25 08:00:00,27.308,,,,,
290,04/13/25 08:15:00,27.333,,,,,
291,04/13/25 08:30:00,27.333,,,,,
292,04/13/25 08:45:00,27.333,,,,,
293,04/13/25 09:00:00,27.308,,,,,
294,04/13/25 09:15:00,27.308,,,,,
295,04/13/25 09:30:00,27.284,,,,,
296,04/13/25 09:45:00,27.308,,,,,
297,04/13/25 10:00:00,27.333,,,,,
298,04/13/25 10:15:00,27.333,,,,,
299,04/13/25 10:30:00,27.333,,,,,
300,04/13/25 10:45:00,27.308,,,,,
301,04/13/25 11:00:00,27.259,,,,,
302,04/13/25 11:15:00,27.235,,,,,
303,04/13/25 11:30:00,27.235,,,,,
304,04/13/25 11:45:00,27.210,,,,,
305,04/13/25 12:00:00,27.210,,,,,
306,04/13/25 12:15:00,27.210,,,,,
307,04/13/25 12:30:00,27.235,,,,,
308,04/13/25 12:45:00,27.210,,,,,
309,04/13/25 13:00:00,27.210,,,,,
310,04/13/25 13:15:00,27.284,,,,,
311,04/13/25 13:30:00,27.235,,,,,
312,04/13/25 13:45:00,27.235,,,,,
313,04/13/25 14:00:00,27.235,,,,,
314,04/13/25 14:15:00,27.235,,,,,
315,04/13/25 14:30:00,27.235,,,,,
316,04/13/25 14:45:00,27.210,,,,,
317,04/13/25 15:00:00,27.210,,,,,
318,04/13/25 15:15:00,27.210,,,,,
319,04/13/25 15:30:00,27.235,,,,,
320,04/13/25 15:45:00,27.259,,,,,
321,04/13/25 16:00:00,27.235,,,,,
322,04/13/25 16:15:00,27.284,,,,,
323,04/13/25 16:30:00,27.284,,,,,
324,04/13/25 16:45:00,27.308,,,,,
325,04/13/25 17:00:00,27.358,,,,,
326,04/13/25 17:15:00,27.382,,,,,
327,04/13/25 17:30:00,27.382,,,,,
328,04/13/25 17:45:00,27.407,,,,,
329,04/13/25 18:00:00,27.431,,,,,
330,04/13/25 18:15:00,27.456,,,,,
331,04/13/25 18:30:00,27.481,,,,,
332,04/13/25 18:45:00,27.481,,,,,
333,04/13/25 19:00:00,27.505,,,,,
334,04/13/25 19:15:00,27.505,,,,,
335,04/13/25 19:30:00,27.530,,,,,
336,04/13/25 19:45:00,27.530,,,,,
337,04/13/25 20:00:00,27.554,,,,,
338,04/13/25 20:15:00,27.554,,,,,
339,04/13/25 20:30:00,27.554,,,,,
340,04/13/25 20:45:00,27.431,,,,,
341,04/13/25 21:00:00,27.505,,,,,
342,04/13/25 21:15:00,27.382,,,,,
343,04/13/25 21:30:00,27.382,,,,,
344,04/13/25 21:45:00,27.333,,,,,
345,04/13/25 22:00:00,27.259,,,,,
346,04/13/25 22:15:00,27.235,,,,,
347,04/13/25 22:30:00,27.259,,,,,
348,04/13/25 22:45:00,27.259,,,,,
349,04/13/25 23:00:00,27.308,,,,,
350,04/13/25 23:15:00,27.308,,,,,
351,04/13/25 23:30:00,27.284,,,,,
352,04/13/25 23:45:00,27.308,,,,,
353,04/14/25 00:00:00,27.259,,,,,
354,04/14/25 00:15:00,27.284,,,,,
355,04/14/25 00:30:00,27.259,,,,,
356,04/14/25 00:45:00,27.186,,,,,
357,04/14/25 01:00:00,27.186,,,,,
358,04/14/25 01:15:00,27.161,,,,,
359,04/14/25 01:30:00,27.186,,,,,
360,04/14/25 01:45:00,27.235,,,,,
361,04/14/25 02:00:00,27.235,,,,,
362,04/14/25 02:15:00,27.235,,,,,
363,04/14/25 02:30:00,27.308,,,,,
364,04/14/25 02:45:00,27.235,,,,,
365,04/14/25 03:00:00,27.235,,,,,
366,04/14/25 03:15:00,27.235,,,,,
367,04/14/25 03:30:00,27.235,,,,,
368,04/14/25 03:45:00,27.235,,,,,
369,04/14/25 04:00:00,27.235,,,,,
370,04/14/25 04:15:00,27.333,,,,,
371,04/14/25 04:30:00,27.284,,,,,
372,04/14/25 04:45:00,27.333,,,,,
373,04/14/25 05:00:00,27.333,,,,,
374,04/14/25 05:15:00,27.358,,,,,
375,04/14/25 05:30:00,27.407,,,,,
376,04/14/25 05:45:00,27.431,,,,,
377,04/14/25 06:00:00,27.456,,,,,
378,04/14/25 06:15:00,27.481,,,,,
379,04/14/25 06:30:00,27.481,,,,,
380,04/14/25 06:45:00,27.456,,,,,
381,04/14/25 07:00:00,27.456,,,,,
382,04/14/25 07:15:00,27.407,,,,,
383,04/14/25 07:30:00,27.259,,,,,
384,04/14/25 07:45:00,27.235,,,,,
385,04/14/25 08:00:00,27.308,,,,,
386,04/14/25 08:15:00,27.382,,,,,
387,04/14/25 08:30:00,27.407,,,,,
388,04/14/25 08:45:00,27.235,,,,,
389,04/14/25 09:00:00,27.235,,,,,
390,04/14/25 09:15:00,27.235,,,,,
391,04/14/25 09:30:00,27.235,,,,,
392,04/14/25 09:45:00,27.259,,,,,
393,04/14/25 10:00:00,27.259,,,,,
394,04/14/25 10:15:00,27.259,,,,,
395,04/14/25 10:30:00,27.259,,,,,
396,04/14/25 10:45:00,27.259,,,,,
397,04/14/25 11:00:00,27.259,,,,,
398,04/14/25 11:15:00,27.259,,,,,
399,04/14/25 11:30:00,27.284,,,,,
400,04/14/25 11:45:00,27.284,,,,,
401,04/14/25 12:00:00,27.308,,,,,
402,04/14/25 12:15:00,27.333,,,,,
403,04/14/25 12:30:00,27.358,,,,,
404,04/14/25 12:45:00,27.382,,,,,
405,04/14/25 13:00:00,27.382,,,,,
406,04/14/25 13:15:00,27.382,,,,,
407,04/14/25 13:30:00,27.407,,,,,
408,04/14/25 13:45:00,27.407,,,,,
409,04/14/25 14:00:00,27.358,,,,,
410,04/14/25 14:15:00,27.333,,,,,
411,04/14/25 14:30:00,27.333,,,,,
412,04/14/25 14:45:00,27.333,,,,,
413,04/14/25 15:00:00,27.333,,,,,
414,04/14/25 15:15:00,27.333,,,,,
415,04/14/25 15:30:00,27.308,,,,,
416,04/14/25 15:45:00,27.308,,,,,
417,04/14/25 16:00:00,27.308,,,,,
418,04/14/25 16:15:00,27.259,,,,,
419,04/14/25 16:30:00,27.284,,,,,
420,04/14/25 16:45:00,27.308,,,,,
421,04/14/25 17:00:00,27.284,,,,,
422,04/14/25 17:15:00,27.259,,,,,
423,04/14/25 17:30:00,27.259,,,,,
424,04/14/25 17:45:00,27.284,,,,,
425,04/14/25 18:00:00,27.284,,,,,
426,04/14/25 18:15:00,27.284,,,,,
427,04/14/25 18:30:00,27.284,,,,,
428,04/14/25 18:45:00,27.308,,,,,
429,04/14/25 19:00:00,27.333,,,,,
430,04/14/25 19:15:00,27.333,,,,,
431,04/14/25 19:30:00,27.333,,,,,
432,04/14/25 19:45:00,27.333,,,,,
433,04/14/25 20:00:00,27.333,,,,,
434,04/14/25 20:15:00,27.333,,,,,
435,04/14/25 20:30:00,27.333,,,,,
436,04/14/25 20:45:00,27.333,,,,,
437,04/14/25 21:00:00,27.308,,,,,
438,04/14/25 21:15:00,27.259,,,,,
439,04/14/25 21:30:00,27.259,,,,,
440,04/14/25 21:45:00,27.235,,,,,
441,04/14/25 22:00:00,27.235,,,,,
442,04/14/25 22:15:00,27.186,,,,,
443,04/14/25 22:30:00,27.161,,,,,
444,04/14/25 22:45:00,27.161,,,,,
445,04/14/25 23:00:00,27.136,,,,,
446,04/14/25 23:15:00,27.112,,,,,
447,04/14/25 23:30:00,27.161,,,,,
448,04/14/25 23:45:00,27.161,,,,,
449,04/15/25 00:00:00,27.136,,,,,
450,04/15/25 00:15:00,27.112,,,,,
451,04/15/25 00:30:00,27.161,,,,,
452,04/15/25 00:45:00,27.136,,,,,
453,04/15/25 01:00:00,27.210,,,,,
454,04/15/25 01:15:00,27.235,,,,,
455,04/15/25 01:30:00,27.235,,,,,
456,04/15/25 01:45:00,27.235,,,,,
457,04/15/25 02:00:00,27.210,,,,,
458,04/15/25 02:15:00,27.259,,,,,
459,04/15/25 02:30:00,27.259,,,,,
460,04/15/25 02:45:00,27.284,,,,,
461,04/15/25 03:00:00,27.284,,,,,
462,04/15/25 03:15:00,27.284,,,,,
463,04/15/25 03:30:00,27.308,,,,,
464,04/15/25 03:45:00,27.333,,,,,
465,04/15/25 04:00:00,27.308,,,,,
466,04/15/25 04:15:00,27.308,,,,,
467,04/15/25 04:30:00,27.308,,,,,
468,04/15/25 04:45:00,27.308,,,,,
469,04/15/25 05:00:00,27.308,,,,,
470,04/15/25 05:15:00,27.308,,,,,
471,04/15/25 05:30:00,27.308,,,,,
472,04/15/25 05:45:00,27.284,,,,,
473,04/15/25 06:00:00,27.284,,,,,
474,04/15/25 06:15:00,27.333,,,,,
475,04/15/25 06:30:00,27.333,,,,,
476,04/15/25 06:45:00,27.259,,,,,
477,04/15/25 07:00:00,27.235,,,,,
478,04/15/25 07:15:00,27.259,,,,,
479,04/15/25 07:30:00,27.259,,,,,
480,04/15/25 07:45:00,27.284,,,,,
481,04/15/25 08:00:00,27.259,,,,,
482,04/15/25 08:15:00,27.284,,,,,
483,04/15/25 08:30:00,27.259,,,,,
484,04/15/25 08:45:00,27.259,,,,,
485,04/15/25 09:00:00,27.259,,,,,
486,04/15/25 09:15:00,27.259,,,,,
487,04/15/25 09:30:00,27.259,,,,,
488,04/15/25 09:45:00,27.186,,,,,
489,04/15/25 10:00:00,27.259,,,,,
490,04/15/25 10:15:00,27.161,,,,,
491,04/15/25 10:30:00,27.186,,,,,
492,04/15/25 10:45:00,27.161,,,,,
493,04/15/25 11:00:00,27.186,,,,,
494,04/15/25 11:15:00,27.161,,,,,
495,04/15/25 11:30:00,27.136,,,,,
496,04/15/25 11:45:00,27.136,,,,,
497,04/15/25 12:00:00,27.186,,,,,
498,04/15/25 12:15:00,27.210,,,,,
499,04/15/25 12:30:00,27.210,,,,,
500,04/15/25 12:45:00,27.210,,,,,
501,04/15/25 13:00:00,27.161,,,,,
502,04/15/25 13:15:00,27.112,,,,,
503,04/15/25 13:30:00,27.112,,,,,
504,04/15/25 13:45:00,27.136,,,,,
505,04/15/25 14:00:00,27.112,,,,,
506,04/15/25 14:15:00,27.136,,,,,
507,04/15/25 14:30:00,27.136,,,,,
508,04/15/25 14:45:00,27.112,,,,,
509,04/15/25 15:00:00,27.112,,,,,
510,04/15/25 15:15:00,27.112,,,,,
511,04/15/25 15:30:00,27.112,,,,,
512,04/15/25 15:45:00,27.161,,,,,
513,04/15/25 16:00:00,27.136,,,,,
514,04/15/25 16:15:00,27.136,,,,,
515,04/15/25 16:30:00,27.161,,,,,
516,04/15/25 16:45:00,27.161,,,,,
517,04/15/25 17:00:00,27.186,,,,,
518,04/15/25 17:15:00,27.186,,,,,
519,04/15/25 17:30:00,27.210,,,,,
520,04/15/25 17:45:00,27.210,,,,,
521,04/15/25 18:00:00,27.210,,,,,
522,04/15/25 18:15:00,27.235,,,,,
523,04/15/25 18:30:00,27.235,,,,,
524,04/15/25 18:45:00,27.235,,,,,
525,04/15/25 19:00:00,27.235,,,,,
526,04/15/25 19:15:00,27.235,,,,,
527,04/15/25 19:30:00,27.235,,,,,
528,04/15/25 19:45:00,27.235,,,,,
529,04/15/25 20:00:00,27.259,,,,,
530,04/15/25 20:15:00,27.235,,,,,
531,04/15/25 20:30:00,27.235,,,,,
532,04/15/25 20:45:00,27.259,,,,,
533,04/15/25 21:00:00,27.259,,,,,
534,04/15/25 21:15:00,27.259,,,,,
535,04/15/25 21:30:00,27.235,,,,,
536,04/15/25 21:45:00,27.210,,,,,
537,04/15/25 22:00:00,27.210,,,,,
538,04/15/25 22:15:00,27.235,,,,,
539,04/15/25 22:30:00,27.235,,,,,
540,04/15/25 22:45:00,27.210,,,,,
541,04/15/25 23:00:00,27.235,,,,,
542,04/15/25 23:15:00,27.235,,,,,
543,04/15/25 23:30:00,27.210,,,,,
544,04/15/25 23:45:00,27.235,,,,,
545,04/16/25 00:00:00,27.235,,,,,
546,04/16/25 00:15:00,27.235,,,,,
547,04/16/25 00:30:00,27.235,,,,,
548,04/16/25 00:45:00,27.235,,,,,
549,04/16/25 01:00:00,27.235,,,,,
550,04/16/25 01:15:00,27.259,,,,,
551,04/16/25 01:30:00,27.259,,,,,
552,04/16/25 01:45:00,27.161,,,,,
553,04/16/25 02:00:00,27.136,,,,,
554,04/16/25 02:15:00,27.136,,,,,
555,04/16/25 02:30:00,27.112,,,,,
556,04/16/25 02:45:00,27.087,,,,,
557,04/16/25 03:00:00,27.112,,,,,
558,04/16/25 03:15:00,27.136,,,,,
559,04/16/25 03:30:00,27.136,,,,,
560,04/16/25 03:45:00,27.087,,,,,
561,04/16/25 04:00:00,27.087,,,,,
562,04/16/25 04:15:00,27.136,,,,,
563,04/16/25 04:30:00,27.136,,,,,
564,04/16/25 04:45:00,27.136,,,,,
565,04/16/25 05:00:00,27.136,,,,,
566,04/16/25 05:15:00,27.161,,,,,
567,04/16/25 05:30:00,27.161,,,,,
568,04/16/25 05:45:00,27.161,,,,,
569,04/16/25 06:00:00,27.161,,,,,
570,04/16/25 06:15:00,27.161,,,,,
571,04/16/25 06:30:00,27.186,,,,,
572,04/16/25 06:45:00,27.186,,,,,
573,04/16/25 07:00:00,27.186,,,,,
574,04/16/25 07:15:00,27.210,,,,,
575,04/16/25 07:30:00,27.210,,,,,
576,04/16/25 07:45:00,27.210,,,,,
577,04/16/25 08:00:00,27.235,,,,,
578,04/16/25 08:15:00,27.235,,,,,
579,04/16/25 08:30:00,27.235,,,,,
580,04/16/25 08:45:00,27.284,,,,,
581,04/16/25 09:00:00,27.284,,,,,
582,04/16/25 09:15:00,27.308,,,,,
583,04/16/25 09:30:00,27.308,,,,,
584,04/16/25 09:45:00,27.308,,,,,
585,04/16/25 10:00:00,27.333,,,,,
586,04/16/25 10:15:00,27.333,,,,,
587,04/16/25 10:30:00,27.333,,,,,
588,04/16/25 10:45:00,27.284,,,,,
589,04/16/25 11:00:00,27.284,,,,,
590,04/16/25 11:15:00,27.235,,,,,
591,04/16/25 11:30:00,27.259,,,,,
592,04/16/25 11:45:00,27.284,,,,,
593,04/16/25 12:00:00,27.284,,,,,
594,04/16/25 12:15:00,27.235,,,,,
595,04/16/25 12:30:00,27.210,,,,,
596,04/16/25 12:45:00,27.186,,,,,
597,04/16/25 13:00:00,27.210,,,,,
598,04/16/25 13:15:00,27.186,,,,,
599,04/16/25 13:30:00,27.186,,,,,
600,04/16/25 13:45:00,27.161,,,,,
601,04/16/25 14:00:00,27.186,,,,,
602,04/16/25 14:15:00,27.210,,,,,
603,04/16/25 14:30:00,27.210,,,,,
604,04/16/25 14:45:00,27.210,,,,,
605,04/16/25 15:00:00,27.259,,,,,
606,04/16/25 15:15:00,27.259,,,,,
607,04/16/25 15:30:00,27.284,,,,,
608,04/16/25 15:45:00,27.284,,,,,
609,04/16/25 16:00:00,27.284,,,,,
610,04/16/25 16:15:00,27.235,,,,,
611,04/16/25 16:30:00,27.308,,,,,
612,04/16/25 16:45:00,27.308,,,,,
613,04/16/25 17:00:00,27.333,,,,,
614,04/16/25 17:15:00,27.333,,,,,
615,04/16/25 17:30:00,27.358,,,,,
616,04/16/25 17:45:00,27.358,,,,,
617,04/16/25 18:00:00,27.407,,,,,
618,04/16/25 18:15:00,27.407,,,,,
619,04/16/25 18:30:00,27.431,,,,,
620,04/16/25 18:45:00,27.456,,,,,
621,04/16/25 19:00:00,27.481,,,,,
622,04/16/25 19:15:00,27.554,,,,,
623,04/16/25 19:30:00,27.579,,,,,
624,04/16/25 19:45:00,27.579,,,,,
625,04/16/25 20:00:00,27.579,,,,,
626,04/16/25 20:15:00,27.628,,,,,
627,04/16/25 20:30:00,27.628,,,,,
628,04/16/25 20:45:00,27.604,,,,,
629,04/16/25 21:00:00,27.628,,,,,
630,04/16/25 21:15:00,27.554,,,,,
631,04/16/25 21:30:00,27.579,,,,,
632,04/16/25 21:45:00,27.604,,,,,
633,04/16/25 22:00:00,27.579,,,,,
634,04/16/25 22:15:00,27.554,,,,,
635,04/16/25 22:30:00,27.554,,,,,
636,04/16/25 22:45:00,27.554,,,,,
637,04/16/25 23:00:00,27.554,,,,,
638,04/16/25 23:15:00,27.530,,,,,
639,04/16/25 23:30:00,27.481,,,,,
640,04/16/25 23:45:00,27.407,,,,,
641,04/17/25 00:00:00,27.456,,,,,
642,04/17/25 00:15:00,27.530,,,,,
643,04/17/25 00:30:00,27.284,,,,,
644,04/17/25 00:45:00,27.186,,,,,
645,04/17/25 01:00:00,27.333,,,,,
646,04/17/25 01:15:00,27.481,,,,,
647,04/17/25 01:30:00,27.481,,,,,
648,04/17/25 01:45:00,27.505,,,,,
649,04/17/25 02:00:00,27.456,,,,,
650,04/17/25 02:15:00,27.358,,,,,
651,04/17/25 02:30:00,27.259,,,,,
652,04/17/25 02:45:00,27.259,,,,,
653,04/17/25 03:00:00,27.235,,,,,
654,04/17/25 03:15:00,27.235,,,,,
655,04/17/25 03:30:00,27.308,,,,,
656,04/17/25 03:45:00,27.284,,,,,
657,04/17/25 04:00:00,27.333,,,,,
658,04/17/25 04:15:00,27.333,,,,,
659,04/17/25 04:30:00,27.358,,,,,
660,04/17/25 04:45:00,27.382,,,,,
661,04/17/25 05:00:00,27.382,,,,,
662,04/17/25 05:15:00,27.382,,,,,
663,04/17/25 05:30:00,27.382,,,,,
664,04/17/25 05:45:00,27.358,,,,,
665,04/17/25 06:00:00,27.382,,,,,
666,04/17/25 06:15:00,27.407,,,,,
667,04/17/25 06:30:00,27.407,,,,,
668,04/17/25 06:45:00,27.431,,,,,
669,04/17/25 07:00:00,27.431,,,,,
670,04/17/25 07:15:00,27.431,,,,,
671,04/17/25 07:30:00,27.431,,,,,
672,04/17/25 07:45:00,27.456,,,,,
673,04/17/25 08:00:00,27.505,,,,,
674,04/17/25 08:15:00,27.530,,,,,
675,04/17/25 08:30:00,27.505,,,,,
676,04/17/25 08:45:00,27.530,,,,,
677,04/17/25 09:00:00,27.505,,,,,
678,04/17/25 09:15:00,27.431,,,,,
679,04/17/25 09:30:00,27.407,,,,,
680,04/17/25 09:45:00,27.308,,,,,
681,04/17/25 10:00:00,27.333,,,,,
682,04/17/25 10:15:00,27.333,,,,,
683,04/17/25 10:30:00,27.333,,,,,
684,04/17/25 10:45:00,27.235,,,,,
685,04/17/25 11:00:00,27.284,,,,,
686,04/17/25 11:15:00,27.284,,,,,
687,04/17/25 11:30:00,27.284,,,,,
688,04/17/25 11:45:00,27.284,,,,,
689,04/17/25 12:00:00,27.333,,,,,
690,04/17/25 12:15:00,27.333,,,,,
691,04/17/25 12:30:00,27.382,,,,,
692,04/17/25 12:45:00,27.407,,,,,
693,04/17/25 13:00:00,27.358,,,,,
694,04/17/25 13:15:00,27.382,,,,,
695,04/17/25 13:30:00,27.382,,,,,
696,04/17/25 13:45:00,27.431,,,,,
697,04/17/25 14:00:00,27.456,,,,,
698,04/17/25 14:15:00,27.481,,,,,
699,04/17/25 14:30:00,27.481,,,,,
700,04/17/25 14:45:00,27.505,,,,,
701,04/17/25 15:00:00,27.530,,,,,
702,04/17/25 15:15:00,27.530,,,,,
703,04/17/25 15:30:00,27.530,,,,,
704,04/17/25 15:45:00,27.530,,,,,
705,04/17/25 16:00:00,27.530,,,,,
706,04/17/25 16:15:00,27.530,,,,,
707,04/17/25 16:30:00,27.530,,,,,
708,04/17/25 16:45:00,27.530,,,,,
709,04/17/25 17:00:00,27.554,,,,,
710,04/17/25 17:15:00,27.530,,,,,
711,04/17/25 17:30:00,27.481,,,,,
712,04/17/25 17:45:00,27.456,,,,,
713,04/17/25 18:00:00,27.407,,,,,
714,04/17/25 18:15:00,27.382,,,,,
715,04/17/25 18:30:00,27.358,,,,,
716,04/17/25 18:45:00,27.407,,,,,
717,04/17/25 19:00:00,27.456,,,,,
718,04/17/25 19:15:00,27.481,,,,,
719,04/17/25 19:30:00,27.481,,,,,
720,04/17/25 19:45:00,27.554,,,,,
721,04/17/25 20:00:00,27.530,,,,,
722,04/17/25 20:15:00,27.407,,,,,
723,04/17/25 20:30:00,27.407,,,,,
724,04/17/25 20:45:00,27.407,,,,,
725,04/17/25 21:00:00,27.456,,,,,
726,04/17/25 21:15:00,27.481,,,,,
727,04/17/25 21:30:00,27.481,,,,,
728,04/17/25 21:45:00,27.481,,,,,
729,04/17/25 22:00:00,27.431,,,,,
730,04/17/25 22:15:00,27.407,,,,,
731,04/17/25 22:30:00,27.407,,,,,
732,04/17/25 22:45:00,27.407,,,,,
733,04/17/25 23:00:00,27.481,,,,,
734,04/17/25 23:15:00,27.407,,,,,
735,04/17/25 23:30:00,27.358,,,,,
736,04/17/25 23:45:00,27.259,,,,,
737,04/18/25 00:00:00,27.235,,,,,
738,04/18/25 00:15:00,27.210,,,,,
739,04/18/25 00:30:00,27.186,,,,,
740,04/18/25 00:45:00,27.186,,,,,
741,04/18/25 01:00:00,27.186,,,,,
742,04/18/25 01:15:00,27.186,,,,,
743,04/18/25 01:30:00,27.186,,,,,
744,04/18/25 01:45:00,27.186,,,,,
745,04/18/25 02:00:00,27.186,,,,,
746,04/18/25 02:15:00,27.210,,,,,
747,04/18/25 02:30:00,27.235,,,,,
748,04/18/25 02:45:00,27.505,,,,,
749,04/18/25 03:00:00,27.259,,,,,
750,04/18/25 03:15:00,27.333,,,,,
751,04/18/25 03:30:00,27.407,,,,,
752,04/18/25 03:45:00,27.456,,,,,
753,04/18/25 04:00:00,27.530,,,,,
754,04/18/25 04:15:00,27.579,,,,,
755,04/18/25 04:30:00,27.481,,,,,
756,04/18/25 04:45:00,27.431,,,,,
757,04/18/25 05:00:00,27.530,,,,,
758,04/18/25 05:15:00,27.505,,,,,
759,04/18/25 05:30:00,27.530,,,,,
760,04/18/25 05:45:00,27.505,,,,,
761,04/18/25 06:00:00,27.530,,,,,
762,04/18/25 06:15:00,27.579,,,,,
763,04/18/25 06:30:00,27.554,,,,,
764,04/18/25 06:45:00,27.554,,,,,
765,04/18/25 07:00:00,27.579,,,,,
766,04/18/25 07:15:00,27.579,,,,,
767,04/18/25 07:30:00,27.579,,,,,
768,04/18/25 07:45:00,27.579,,,,,
769,04/18/25 08:00:00,27.579,,,,,
770,04/18/25 08:15:00,27.604,,,,,
771,04/18/25 08:30:00,27.604,,,,,
772,04/18/25 08:45:00,27.604,,,,,
773,04/18/25 09:00:00,27.604,,,,,
774,04/18/25 09:15:00,27.604,,,,,
775,04/18/25 09:30:00,27.604,,,,,
776,04/18/25 09:45:00,27.604,,,,,
777,04/18/25 10:00:00,27.604,,,,,
778,04/18/25 10:15:00,27.604,,,,,
779,04/18/25 10:30:00,27.604,,,,,
780,04/18/25 10:45:00,27.604,,,,,
781,04/18/25 11:00:00,27.604,,,,,
782,04/18/25 11:15:00,27.628,,,,,
783,04/18/25 11:30:00,27.628,,,,,
784,04/18/25 11:45:00,27.554,,,,,
785,04/18/25 12:00:00,27.628,,,,,
786,04/18/25 12:15:00,27.677,,,,,
787,04/18/25 12:30:00,27.702,,,,,
788,04/18/25 12:45:00,27.702,,,,,
789,04/18/25 13:00:00,27.431,,,,,
790,04/18/25 13:15:00,27.431,,,,,
791,04/18/25 13:30:00,27.677,,,,,
792,04/18/25 13:45:00,27.481,,,,,
793,04/18/25 14:00:00,27.505,,,,,
794,04/18/25 14:15:00,27.481,,,,,
795,04/18/25 14:30:00,27.456,,,,,
796,04/18/25 14:45:00,27.431,,,,,
797,04/18/25 15:00:00,27.382,,,,,
798,04/18/25 15:15:00,27.456,,,,,
799,04/18/25 15:30:00,27.530,,,,,
800,04/18/25 15:45:00,27.579,,,,,
801,04/18/25 16:00:00,27.530,,,,,
802,04/18/25 16:15:00,27.530,,,,,
803,04/18/25 16:30:00,27.579,,,,,
804,04/18/25 16:45:00,27.579,,,,,
805,04/18/25 17:00:00,27.604,,,,,
806,04/18/25 17:15:00,27.604,,,,,
807,04/18/25 17:30:00,27.604,,,,,
808,04/18/25 17:45:00,27.604,,,,,
809,04/18/25 18:00:00,27.628,,,,,
810,04/18/25 18:15:00,27.628,,,,,
811,04/18/25 18:30:00,27.653,,,,,
812,04/18/25 18:45:00,27.653,,,,,
813,04/18/25 19:00:00,27.653,,,,,
814,04/18/25 19:15:00,27.677,,,,,
815,04/18/25 19:30:00,27.653,,,,,
816,04/18/25 19:45:00,27.628,,,,,
817,04/18/25 20:00:00,27.653,,,,,
818,04/18/25 20:15:00,27.653,,,,,
819,04/18/25 20:30:00,27.653,,,,,
820,04/18/25 20:45:00,27.677,,,,,
821,04/18/25 21:00:00,27.653,,,,,
822,04/18/25 21:15:00,27.653,,,,,
823,04/18/25 21:30:00,27.677,,,,,
824,04/18/25 21:45:00,27.677,,,,,
825,04/18/25 22:00:00,27.653,,,,,
826,04/18/25 22:15:00,27.653,,,,,
827,04/18/25 22:30:00,27.653,,,,,
828,04/18/25 22:45:00,27.653,,,,,
829,04/18/25 23:00:00,27.653,,,,,
830,04/18/25 23:15:00,27.554,,,,,
831,04/18/25 23:30:00,27.530,,,,,
832,04/18/25 23:45:00,27.505,,,,,
833,04/19/25 00:00:00,27.530,,,,,
834,04/19/25 00:15:00,27.530,,,,,
835,04/19/25 00:30:00,27.407,,,,,
836,04/19/25 00:45:00,27.628,,,,,
837,04/19/25 01:00:00,27.235,,,,,
838,04/19/25 01:15:00,27.210,,,,,
839,04/19/25 01:30:00,27.210,,,,,
840,04/19/25 01:45:00,27.235,,,,,
841,04/19/25 02:00:00,27.235,,,,,
842,04/19/25 02:15:00,27.259,,,,,
843,04/19/25 02:30:00,27.235,,,,,
844,04/19/25 02:45:00,27.259,,,,,
845,04/19/25 03:00:00,27.259,,,,,
846,04/19/25 03:15:00,27.259,,,,,
847,04/19/25 03:30:00,27.358,,,,,
848,04/19/25 03:45:00,27.063,,,,,
849,04/19/25 04:00:00,27.038,,,,,
850,04/19/25 04:15:00,27.087,,,,,
851,04/19/25 04:30:00,27.186,,,,,
852,04/19/25 04:45:00,27.161,,,,,
853,04/19/25 05:00:00,27.014,,,,,
854,04/19/25 05:15:00,27.112,,,,,
855,04/19/25 05:30:00,27.210,,,,,
856,04/19/25 05:45:00,27.235,,,,,
857,04/19/25 06:00:00,27.407,,,,,
858,04/19/25 06:15:00,27.259,,,,,
859,04/19/25 06:30:00,27.308,,,,,
860,04/19/25 06:45:00,27.456,,,,,
861,04/19/25 07:00:00,27.554,,,,,
862,04/19/25 07:15:00,27.505,,,,,
863,04/19/25 07:30:00,27.530,,,,,
864,04/19/25 07:45:00,27.530,,,,,
865,04/19/25 08:00:00,27.530,,,,,
866,04/19/25 08:15:00,27.530,,,,,
867,04/19/25 08:30:00,27.530,,,,,
868,04/19/25 08:45:00,27.530,,,,,
869,04/19/25 09:00:00,27.554,,,,,
870,04/19/25 09:15:00,27.554,,,,,
871,04/19/25 09:30:00,27.554,,,,,
872,04/19/25 09:45:00,27.579,,,,,
873,04/19/25 10:00:00,27.579,,,,,
874,04/19/25 10:15:00,27.579,,,,,
875,04/19/25 10:30:00,27.579,,,,,
876,04/19/25 10:45:00,27.604,,,,,
877,04/19/25 11:00:00,27.604,,,,,
878,04/19/25 11:15:00,27.604,,,,,
879,04/19/25 11:30:00,27.628,,,,,
880,04/19/25 11:45:00,27.628,,,,,
881,04/19/25 12:00:00,27.653,,,,,
882,04/19/25 12:15:00,27.653,,,,,
883,04/19/25 12:30:00,27.628,,,,,
884,04/19/25 12:45:00,27.628,,,,,
885,04/19/25 13:00:00,27.677,,,,,
886,04/19/25 13:15:00,27.604,,,,,
887,04/19/25 13:30:00,27.382,,,,,
888,04/19/25 13:45:00,27.284,,,,,
889,04/19/25 14:00:00,27.235,,,,,
890,04/19/25 14:15:00,27.210,,,,,
891,04/19/25 14:30:00,27.186,,,,,
892,04/19/25 14:45:00,27.161,,,,,
893,04/19/25 15:00:00,27.136,,,,,
894,04/19/25 15:15:00,27.259,,,,,
895,04/19/25 15:30:00,27.308,,,,,
896,04/19/25 15:45:00,27.087,,,,,
897,04/19/25 16:00:00,26.989,,,,,
898,04/19/25 16:15:00,27.161,,,,,
899,04/19/25 16:30:00,27.235,,,,,
900,04/19/25 16:45:00,27.186,,,,,
901,04/19/25 17:00:00,27.284,,,,,
902,04/19/25 17:15:00,27.333,,,,,
903,04/19/25 17:30:00,27.407,,,,,
904,04/19/25 17:45:00,27.358,,,,,
905,04/19/25 18:00:00,27.407,,,,,
906,04/19/25 18:15:00,27.382,,,,,
907,04/19/25 18:30:00,27.358,,,,,
908,04/19/25 18:45:00,27.358,,,,,
909,04/19/25 19:00:00,27.382,,,,,
910,04/19/25 19:15:00,27.407,,,,,
911,04/19/25 19:30:00,27.456,,,,,
912,04/19/25 19:45:00,27.481,,,,,
913,04/19/25 20:00:00,27.530,,,,,
914,04/19/25 20:15:00,27.530,,,,,
915,04/19/25 20:30:00,27.554,,,,,
916,04/19/25 20:45:00,27.554,,,,,
917,04/19/25 21:00:00,27.554,,,,,
918,04/19/25 21:15:00,27.579,,,,,
919,04/19/25 21:30:00,27.604,,,,,
920,04/19/25 21:45:00,27.407,,,,,
921,04/19/25 22:00:00,27.235,,,,,
922,04/19/25 22:15:00,27.186,,,,,
923,04/19/25 22:30:00,27.210,,,,,
924,04/19/25 22:45:00,27.186,,,,,
925,04/19/25 23:00:00,27.530,,,,,
926,04/19/25 23:15:00,27.554,,,,,
927,04/19/25 23:30:00,27.554,,,,,
928,04/19/25 23:45:00,27.554,,,,,
929,04/20/25 00:00:00,27.579,,,,,
930,04/20/25 00:15:00,27.530,,,,,
931,04/20/25 00:30:00,27.530,,,,,
932,04/20/25 00:45:00,27.382,,,,,
933,04/20/25 01:00:00,27.333,,,,,
934,04/20/25 01:15:00,27.235,,,,,
935,04/20/25 01:30:00,27.284,,,,,
936,04/20/25 01:45:00,27.333,,,,,
937,04/20/25 02:00:00,27.284,,,,,
938,04/20/25 02:15:00,27.284,,,,,
939,04/20/25 02:30:00,27.235,,,,,
940,04/20/25 02:45:00,27.259,,,,,
941,04/20/25 03:00:00,27.259,,,,,
942,04/20/25 03:15:00,27.308,,,,,
943,04/20/25 03:30:00,27.308,,,,,
944,04/20/25 03:45:00,27.235,,,,,
945,04/20/25 04:00:00,27.259,,,,,
946,04/20/25 04:15:00,27.186,,,,,
947,04/20/25 04:30:00,27.235,,,,,
948,04/20/25 04:45:00,27.235,,,,,
949,04/20/25 05:00:00,27.235,,,,,
950,04/20/25 05:15:00,26.989,,,,,
951,04/20/25 05:30:00,27.136,,,,,
952,04/20/25 05:45:00,27.087,,,,,
953,04/20/25 06:00:00,27.087,,,,,
954,04/20/25 06:15:00,27.136,,,,,
955,04/20/25 06:30:00,27.259,,,,,
956,04/20/25 06:45:00,27.235,,,,,
957,04/20/25 07:00:00,27.308,,,,,
958,04/20/25 07:15:00,27.308,,,,,
959,04/20/25 07:30:00,27.333,,,,,
960,04/20/25 07:45:00,27.382,,,,,
961,04/20/25 08:00:00,27.456,,,,,
962,04/20/25 08:15:00,27.431,,,,,
963,04/20/25 08:30:00,27.407,,,,,
964,04/20/25 08:45:00,27.505,,,,,
965,04/20/25 09:00:00,27.505,,,,,
966,04/20/25 09:15:00,27.407,,,,,
967,04/20/25 09:30:00,27.407,,,,,
968,04/20/25 09:45:00,27.431,,,,,
969,04/20/25 10:00:00,27.087,,,,,
970,04/20/25 10:15:00,27.407,,,,,
971,04/20/25 10:30:00,27.456,,,,,
972,04/20/25 10:45:00,27.456,,,,,
973,04/20/25 11:00:00,27.431,,,,,
974,04/20/25 11:15:00,27.431,,,,,
975,04/20/25 11:30:00,27.358,,,,,
976,04/20/25 11:45:00,27.358,,,,,
977,04/20/25 12:00:00,27.308,,,,,
978,04/20/25 12:15:00,27.308,,,,,
979,04/20/25 12:30:00,27.358,,,,,
980,04/20/25 12:45:00,27.308,,,,,
981,04/20/25 13:00:00,27.259,,,,,
982,04/20/25 13:15:00,27.186,,,,,
983,04/20/25 13:30:00,27.136,,,,,
984,04/20/25 13:45:00,27.186,,,,,
985,04/20/25 14:00:00,27.259,,,,,
986,04/20/25 14:15:00,27.210,,,,,
987,04/20/25 14:30:00,27.161,,,,,
988,04/20/25 14:45:00,27.136,,,,,
989,04/20/25 15:00:00,27.161,,,,,
990,04/20/25 15:15:00,27.186,,,,,
991,04/20/25 15:30:00,27.112,,,,,
992,04/20/25 15:45:00,27.112,,,,,
993,04/20/25 16:00:00,27.112,,,,,
994,04/20/25 16:15:00,27.087,,,,,
995,04/20/25 16:30:00,27.063,,,,,
996,04/20/25 16:45:00,27.038,,,,,
997,04/20/25 17:00:00,27.014,,,,,
998,04/20/25 17:15:00,26.989,,,,,
999,04/20/25 17:30:00,27.063,,,,,
1000,04/20/25 17:45:00,27.087,,,,,
1001,04/20/25 18:00:00,26.989,,,,,
1002,04/20/25 18:15:00,27.014,,,,,
1003,04/20/25 18:30:00,27.038,,,,,
1004,04/20/25 18:45:00,27.014,,,,,
1005,04/20/25 19:00:00,27.038,,,,,
1006,04/20/25 19:15:00,27.038,,,,,
1007,04/20/25 19:30:00,27.087,,,,,
1008,04/20/25 19:45:00,27.112,,,,,
1009,04/20/25 20:00:00,27.161,,,,,
1010,04/20/25 20:15:00,27.186,,,,,
1011,04/20/25 20:30:00,27.210,,,,,
1012,04/20/25 20:45:00,27.235,,,,,
1013,04/20/25 21:00:00,27.259,,,,,
1014,04/20/25 21:15:00,27.284,,,,,
1015,04/20/25 21:30:00,27.308,,,,,
1016,04/20/25 21:45:00,27.333,,,,,
1017,04/20/25 22:00:00,27.382,,,,,
1018,04/20/25 22:15:00,27.407,,,,,
1019,04/20/25 22:30:00,27.456,,,,,
1020,04/20/25 22:45:00,27.505,,,,,
1021,04/20/25 23:00:00,27.481,,,,,
1022,04/20/25 23:15:00,27.431,,,,,
1023,04/20/25 23:30:00,27.431,,,,,
1024,04/20/25 23:45:00,27.431,,,,,
1025,04/21/25 00:00:00,27.456,,,,,
1026,04/21/25 00:15:00,27.481,,,,,
1027,04/21/25 00:30:00,27.579,,,,,
1028,04/21/25 00:45:00,27.579,,,,,
1029,04/21/25 01:00:00,27.554,,,,,
1030,04/21/25 01:15:00,27.579,,,,,
1031,04/21/25 01:30:00,27.604,,,,,
1032,04/21/25 01:45:00,27.604,,,,,
1033,04/21/25 02:00:00,27.456,,,,,
1034,04/21/25 02:15:00,27.431,,,,,
1035,04/21/25 02:30:00,27.456,,,,,
1036,04/21/25 02:45:00,27.431,,,,,
1037,04/21/25 03:00:00,27.358,,,,,
1038,04/21/25 03:15:00,27.284,,,,,
1039,04/21/25 03:30:00,27.308,,,,,
1040,04/21/25 03:45:00,27.235,,,,,
1041,04/21/25 04:00:00,27.235,,,,,
1042,04/21/25 04:15:00,27.235,,,,,
1043,04/21/25 04:30:00,27.259,,,,,
1044,04/21/25 04:45:00,27.333,,,,,
1045,04/21/25 05:00:00,27.407,,,,,
1046,04/21/25 05:15:00,27.358,,,,,
1047,04/21/25 05:30:00,27.235,,,,,
1048,04/21/25 05:45:00,27.186,,,,,
1049,04/21/25 06:00:00,27.259,,,,,
1050,04/21/25 06:15:00,27.382,,,,,
1051,04/21/25 06:30:00,27.407,,,,,
1052,04/21/25 06:45:00,27.358,,,,,
1053,04/21/25 07:00:00,27.308,,,,,
1054,04/21/25 07:15:00,27.284,,,,,
1055,04/21/25 07:30:00,27.284,,,,,
1056,04/21/25 07:45:00,27.284,,,,,
1057,04/21/25 08:00:00,27.259,,,,,
1058,04/21/25 08:15:00,27.308,,,,,
1059,04/21/25 08:30:00,27.333,,,,,
1060,04/21/25 08:45:00,27.382,,,,,
1061,04/21/25 09:00:00,27.431,,,,,
1062,04/21/25 09:15:00,27.431,,,,,
1063,04/21/25 09:30:00,27.431,,,,,
1064,04/21/25 09:45:00,27.456,,,,,
1065,04/21/25 10:00:00,27.456,,,,,
1066,04/21/25 10:15:00,27.431,,,,,
1067,04/21/25 10:30:00,27.456,,,,,
1068,04/21/25 10:45:00,27.456,,,,,
1069,04/21/25 11:00:00,27.481,,,,,
1070,04/21/25 11:15:00,27.382,,,,,
1071,04/21/25 11:30:00,27.284,,,,,
1072,04/21/25 11:45:00,27.308,,,,,
1073,04/21/25 12:00:00,27.308,,,,,
1074,04/21/25 12:15:00,27.333,,,,,
1075,04/21/25 12:30:00,27.284,,,,,
1076,04/21/25 12:45:00,27.333,,,,,
1077,04/21/25 13:00:00,27.284,,,,,
1078,04/21/25 13:15:00,27.259,,,,,
1079,04/21/25 13:30:00,27.284,,,,,
1080,04/21/25 13:45:00,27.284,,,,,
1081,04/21/25 14:00:00,27.333,,,,,
1082,04/21/25 14:15:00,27.308,,,,,
1083,04/21/25 14:30:00,27.284,,,,,
1084,04/21/25 14:45:00,27.259,,,,,
1085,04/21/25 15:00:00,27.259,,,,,
1086,04/21/25 15:15:00,27.210,,,,,
1087,04/21/25 15:30:00,27.284,,,,,
1088,04/21/25 15:45:00,27.284,,,,,
1089,04/21/25 16:00:00,27.259,,,,,
1090,04/21/25 16:15:00,27.235,,,,,
1091,04/21/25 16:30:00,27.186,,,,,
1092,04/21/25 16:45:00,27.235,,,,,
1093,04/21/25 17:00:00,27.259,,,,,
1094,04/21/25 17:15:00,27.284,,,,,
1095,04/21/25 17:30:00,27.308,,,,,
1096,04/21/25 17:45:00,27.259,,,,,
1097,04/21/25 18:00:00,27.259,,,,,
1098,04/21/25 18:15:00,27.308,,,,,
1099,04/21/25 18:30:00,27.333,,,,,
1100,04/21/25 18:45:00,27.308,,,,,
1101,04/21/25 19:00:00,27.333,,,,,
1102,04/21/25 19:15:00,27.308,,,,,
1103,04/21/25 19:30:00,27.333,,,,,
1104,04/21/25 19:45:00,27.333,,,,,
1105,04/21/25 20:00:00,27.333,,,,,
1106,04/21/25 20:15:00,27.333,,,,,
1107,04/21/25 20:30:00,27.333,,,,,
1108,04/21/25 20:45:00,27.358,,,,,
1109,04/21/25 21:00:00,27.333,,,,,
1110,04/21/25 21:15:00,27.456,,,,,
1111,04/21/25 21:30:00,27.505,,,,,
1112,04/21/25 21:45:00,27.530,,,,,
1113,04/21/25 22:00:00,27.530,,,,,
1114,04/21/25 22:15:00,27.530,,,,,
1115,04/21/25 22:30:00,27.407,,,,,
1116,04/21/25 22:45:00,27.481,,,,,
1117,04/21/25 23:00:00,27.505,,,,,
1118,04/21/25 23:15:00,27.505,,,,,
1119,04/21/25 23:30:00,27.505,,,,,
1120,04/21/25 23:45:00,27.505,,,,,
1121,04/22/25 00:00:00,27.481,,,,,
1122,04/22/25 00:15:00,27.456,,,,,
1123,04/22/25 00:30:00,27.431,,,,,
1124,04/22/25 00:45:00,27.407,,,,,
1125,04/22/25 01:00:00,27.382,,,,,
1126,04/22/25 01:15:00,27.358,,,,,
1127,04/22/25 01:30:00,27.358,,,,,
1128,04/22/25 01:45:00,27.358,,,,,
1129,04/22/25 02:00:00,27.358,,,,,
1130,04/22/25 02:15:00,27.333,,,,,
1131,04/22/25 02:30:00,27.308,,,,,
1132,04/22/25 02:45:00,27.259,,,,,
1133,04/22/25 03:00:00,27.235,,,,,
1134,04/22/25 03:15:00,27.210,,,,,
1135,04/22/25 03:30:00,27.161,,,,,
1136,04/22/25 03:45:00,27.136,,,,,
1137,04/22/25 04:00:00,27.136,,,,,
1138,04/22/25 04:15:00,27.235,,,,,
1139,04/22/25 04:30:00,27.235,,,,,
1140,04/22/25 04:45:00,27.186,,,,,
1141,04/22/25 05:00:00,27.235,,,,,
1142,04/22/25 05:15:00,27.235,,,,,
1143,04/22/25 05:30:00,27.210,,,,,
1144,04/22/25 05:45:00,27.235,,,,,
1145,04/22/25 06:00:00,27.259,,,,,
1146,04/22/25 06:15:00,27.186,,,,,
1147,04/22/25 06:30:00,27.161,,,,,
1148,04/22/25 06:45:00,27.161,,,,,
1149,04/22/25 07:00:00,27.161,,,,,
1150,04/22/25 07:15:00,27.186,,,,,
1151,04/22/25 07:30:00,27.186,,,,,
1152,04/22/25 07:45:00,27.186,,,,,
1153,04/22/25 08:00:00,27.210,,,,,
1154,04/22/25 08:15:00,27.210,,,,,
1155,04/22/25 08:30:00,27.210,,,,,
1156,04/22/25 08:45:00,27.210,,,,,
1157,04/22/25 09:00:00,27.186,,,,,
1158,04/22/25 09:15:00,27.186,,,,,
1159,04/22/25 09:30:00,27.210,,,,,
1160,04/22/25 09:45:00,27.259,,,,,
1161,04/22/25 10:00:00,27.259,,,,,
1162,04/22/25 10:15:00,27.284,,,,,
1163,04/22/25 10:30:00,27.259,,,,,
1164,04/22/25 10:45:00,27.235,,,,,
1165,04/22/25 11:00:00,27.235,,,,,
1166,04/22/25 11:15:00,27.235,,,,,
1167,04/22/25 11:30:00,27.259,,,,,
1168,04/22/25 11:45:00,27.259,,,,,
1169,04/22/25 12:00:00,27.235,,,,,
1170,04/22/25 12:15:00,27.235,,,,,
1171,04/22/25 12:30:00,27.235,,,,,
1172,04/22/25 12:45:00,27.259,,,,,
1173,04/22/25 13:00:00,27.259,,,,,
1174,04/22/25 13:15:00,27.284,,,,,
1175,04/22/25 13:30:00,27.259,,,,,
1176,04/22/25 13:45:00,27.259,,,,,
1177,04/22/25 14:00:00,27.259,,,,,
1178,04/22/25 14:15:00,27.284,,,,,
1179,04/22/25 14:30:00,27.284,,,,,
1180,04/22/25 14:45:00,27.259,,,,,
1181,04/22/25 15:00:00,27.284,,,,,
1182,04/22/25 15:15:00,27.284,,,,,
1183,04/22/25 15:30:00,27.284,,,,,
1184,04/22/25 15:45:00,27.284,,,,,
1185,04/22/25 16:00:00,27.308,,,,,
1186,04/22/25 16:15:00,27.284,,,,,
1187,04/22/25 16:30:00,27.259,,,,,
1188,04/22/25 16:45:00,27.259,,,,,
1189,04/22/25 17:00:00,27.235,,,,,
1190,04/22/25 17:15:00,27.259,,,,,
1191,04/22/25 17:30:00,27.235,,,,,
1192,04/22/25 17:45:00,27.284,,,,,
1193,04/22/25 18:00:00,27.284,,,,,
1194,04/22/25 18:15:00,27.284,,,,,
1195,04/22/25 18:30:00,27.259,,,,,
1196,04/22/25 18:45:00,27.284,,,,,
1197,04/22/25 19:00:00,27.284,,,,,
1198,04/22/25 19:15:00,27.308,,,,,
1199,04/22/25 19:30:00,27.284,,,,,
1200,04/22/25 19:45:00,27.333,,,,,
1201,04/22/25 20:00:00,27.382,,,,,
1202,04/22/25 20:15:00,27.407,,,,,
1203,04/22/25 20:30:00,27.407,,,,,
1204,04/22/25 20:45:00,27.431,,,,,
1205,04/22/25 21:00:00,27.431,,,,,
1206,04/22/25 21:15:00,27.431,,,,,
1207,04/22/25 21:30:00,27.358,,,,,
1208,04/22/25 21:45:00,27.308,,,,,
1209,04/22/25 22:00:00,27.284,,,,,
1210,04/22/25 22:15:00,27.382,,,,,
1211,04/22/25 22:30:00,27.407,,,,,
1212,04/22/25 22:45:00,27.407,,,,,
1213,04/22/25 23:00:00,27.382,,,,,
1214,04/22/25 23:15:00,27.407,,,,,
1215,04/22/25 23:30:00,27.308,,,,,
1216,04/22/25 23:45:00,27.308,,,,,
1217,04/23/25 00:00:00,27.407,,,,,
1218,04/23/25 00:15:00,27.407,,,,,
1219,04/23/25 00:30:00,27.431,,,,,
1220,04/23/25 00:45:00,27.431,,,,,
1221,04/23/25 01:00:00,27.407,,,,,
1222,04/23/25 01:15:00,27.431,,,,,
1223,04/23/25 01:30:00,27.456,,,,,
1224,04/23/25 01:45:00,27.456,,,,,
1225,04/23/25 02:00:00,27.407,,,,,
1226,04/23/25 02:15:00,27.407,,,,,
1227,04/23/25 02:30:00,27.407,,,,,
1228,04/23/25 02:45:00,27.284,,,,,
1229,04/23/25 03:00:00,27.407,,,,,
1230,04/23/25 03:15:00,27.407,,,,,
1231,04/23/25 03:30:00,27.407,,,,,
1232,04/23/25 03:45:00,27.407,,,,,
1233,04/23/25 04:00:00,27.407,,,,,
1234,04/23/25 04:15:00,27.431,,,,,
1235,04/23/25 04:30:00,27.407,,,,,
1236,04/23/25 04:45:00,27.407,,,,,
1237,04/23/25 05:00:00,27.431,,,,,
1238,04/23/25 05:15:00,27.407,,,,,
1239,04/23/25 05:30:00,27.407,,,,,
1240,04/23/25 05:45:00,27.382,,,,,
1241,04/23/25 06:00:00,27.382,,,,,
1242,04/23/25 06:15:00,27.407,,,,,
1243,04/23/25 06:30:00,27.431,,,,,
1244,04/23/25 06:45:00,27.431,,,,,
1245,04/23/25 07:00:00,27.431,,,,,
1246,04/23/25 07:15:00,27.431,,,,,
1247,04/23/25 07:30:00,27.431,,,,,
1248,04/23/25 07:45:00,27.431,,,,,
1249,04/23/25 08:00:00,27.431,,,,,
1250,04/23/25 08:15:00,27.431,,,,,
1251,04/23/25 08:30:00,27.431,,,,,
1252,04/23/25 08:45:00,27.431,,,,,
1253,04/23/25 09:00:00,27.431,,,,,
1254,04/23/25 09:15:00,27.407,,,,,
1255,04/23/25 09:30:00,27.407,,,,,
1256,04/23/25 09:45:00,27.407,,,,,
1257,04/23/25 10:00:00,27.407,,,,,
1258,04/23/25 10:15:00,27.431,,,,,
1259,04/23/25 10:30:00,27.431,,,,,
1260,04/23/25 10:45:00,27.431,,,,,
1261,04/23/25 11:00:00,27.431,,,,,
1262,04/23/25 11:15:00,27.431,,,,,
1263,04/23/25 11:30:00,27.456,,,,,
1264,04/23/25 11:45:00,27.456,,,,,
1265,04/23/25 12:00:00,27.456,,,,,
1266,04/23/25 12:15:00,27.481,,,,,
1267,04/23/25 12:30:00,27.505,,,,,
1268,04/23/25 12:45:00,27.308,,,,,
1269,04/23/25 13:00:00,27.259,,,,,
1270,04/23/25 13:15:00,27.333,,,,,
1271,04/23/25 13:30:00,27.358,,,,,
1272,04/23/25 13:45:00,27.481,,,,,
1273,04/23/25 14:00:00,27.505,,,,,
1274,04/23/25 14:15:00,27.505,,,,,
1275,04/23/25 14:30:00,27.505,,,,,
1276,04/23/25 14:45:00,27.481,,,,,
1277,04/23/25 15:00:00,27.284,,,,,
1278,04/23/25 15:15:00,27.431,,,,,
1279,04/23/25 15:30:00,27.481,,,,,
1280,04/23/25 15:45:00,27.505,,,,,
1281,04/23/25 16:00:00,27.530,,,,,
1282,04/23/25 16:15:00,27.530,,,,,
1283,04/23/25 16:30:00,27.530,,,,,
1284,04/23/25 16:45:00,27.530,,,,,
1285,04/23/25 17:00:00,27.530,,,,,
1286,04/23/25 17:15:00,27.530,,,,,
1287,04/23/25 17:30:00,27.530,,,,,
1288,04/23/25 17:45:00,27.530,,,,,
1289,04/23/25 18:00:00,27.530,,,,,
1290,04/23/25 18:15:00,27.505,,,,,
1291,04/23/25 18:30:00,27.481,,,,,
1292,04/23/25 18:45:00,27.481,,,,,
1293,04/23/25 19:00:00,27.382,,,,,
1294,04/23/25 19:15:00,27.235,,,,,
1295,04/23/25 19:30:00,27.186,,,,,
1296,04/23/25 19:45:00,27.186,,,,,
1297,04/23/25 20:00:00,27.259,,,,,
1298,04/23/25 20:15:00,27.235,,,,,
1299,04/23/25 20:30:00,27.358,,,,,
1300,04/23/25 20:45:00,27.284,,,,,
1301,04/23/25 21:00:00,27.284,,,,,
1302,04/23/25 21:15:00,27.382,,,,,
1303,04/23/25 21:30:00,27.407,,,,,
1304,04/23/25 21:45:00,27.358,,,,,
1305,04/23/25 22:00:00,27.358,,,,,
1306,04/23/25 22:15:00,27.382,,,,,
1307,04/23/25 22:30:00,27.358,,,,,
1308,04/23/25 22:45:00,27.358,,,,,
1309,04/23/25 23:00:00,27.358,,,,,
1310,04/23/25 23:15:00,27.358,,,,,
1311,04/23/25 23:30:00,27.358,,,,,
1312,04/23/25 23:45:00,27.382,,,,,
1313,04/24/25 00:00:00,27.382,,,,,
1314,04/24/25 00:15:00,27.407,,,,,
1315,04/24/25 00:30:00,27.407,,,,,
1316,04/24/25 00:45:00,27.407,,,,,
1317,04/24/25 01:00:00,27.431,,,,,
1318,04/24/25 01:15:00,27.431,,,,,
1319,04/24/25 01:30:00,27.431,,,,,
1320,04/24/25 01:45:00,27.431,,,,,
1321,04/24/25 02:00:00,27.431,,,,,
1322,04/24/25 02:15:00,27.431,,,,,
1323,04/24/25 02:30:00,27.431,,,,,
1324,04/24/25 02:45:00,27.456,,,,,
1325,04/24/25 03:00:00,27.407,,,,,
1326,04/24/25 03:15:00,27.259,,,,,
1327,04/24/25 03:30:00,27.333,,,,,
1328,04/24/25 03:45:00,27.407,,,,,
1329,04/24/25 04:00:00,27.407,,,,,
1330,04/24/25 04:15:00,27.456,,,,,
1331,04/24/25 04:30:00,27.456,,,,,
1332,04/24/25 04:45:00,27.431,,,,,
1333,04/24/25 05:00:00,27.431,,,,,
1334,04/24/25 05:15:00,27.431,,,,,
1335,04/24/25 05:30:00,27.431,,,,,
1336,04/24/25 05:45:00,27.431,,,,,
1337,04/24/25 06:00:00,27.407,,,,,
1338,04/24/25 06:15:00,27.407,,,,,
1339,04/24/25 06:30:00,27.407,,,,,
1340,04/24/25 06:45:00,27.431,,,,,
1341,04/24/25 07:00:00,27.431,,,,,
1342,04/24/25 07:15:00,27.407,,,,,
1343,04/24/25 07:30:00,27.382,,,,,
1344,04/24/25 07:45:00,27.382,,,,,
1345,04/24/25 08:00:00,27.382,,,,,
1346,04/24/25 08:15:00,27.333,,,,,
1347,04/24/25 08:30:00,27.358,,,,,
1348,04/24/25 08:45:00,27.284,,,,,
1349,04/24/25 09:00:00,27.333,,,,,
1350,04/24/25 09:15:00,27.333,,,,,
1351,04/24/25 09:30:00,27.358,,,,,
1352,04/24/25 09:45:00,27.358,,,,,
1353,04/24/25 10:00:00,27.358,,,,,
1354,04/24/25 10:15:00,27.333,,,,,
1355,04/24/25 10:30:00,27.333,,,,,
1356,04/24/25 10:45:00,27.358,,,,,
1357,04/24/25 11:00:00,27.333,,,,,
1358,04/24/25 11:15:00,27.382,,,,,
1359,04/24/25 11:30:00,27.382,,,,,
1360,04/24/25 11:45:00,27.407,,,,,
1361,04/24/25 12:00:00,27.431,,,,,
1362,04/24/25 12:15:00,27.431,,,,,
1363,04/24/25 12:30:00,27.431,,,,,
1364,04/24/25 12:45:00,27.456,,,,,
1365,04/24/25 13:00:00,27.456,,,,,
1366,04/24/25 13:15:00,27.481,,,,,
1367,04/24/25 13:30:00,27.481,,,,,
1368,04/24/25 13:45:00,27.505,,,,,
1369,04/24/25 14:00:00,27.505,,,,,
1370,04/24/25 14:15:00,27.505,,,,,
1371,04/24/25 14:30:00,27.505,,,,,
1372,04/24/25 14:45:00,27.505,,,,,
1373,04/24/25 15:00:00,27.530,,,,,
1374,04/24/25 15:15:00,27.530,,,,,
1375,04/24/25 15:30:00,27.505,,,,,
1376,04/24/25 15:45:00,27.505,,,,,
1377,04/24/25 16:00:00,27.530,,,,,
1378,04/24/25 16:15:00,27.530,,,,,
1379,04/24/25 16:30:00,27.530,,,,,
1380,04/24/25 16:45:00,27.530,,,,,
1381,04/24/25 17:00:00,27.530,,,,,
1382,04/24/25 17:15:00,27.530,,,,,
1383,04/24/25 17:30:00,27.530,,,,,
1384,04/24/25 17:45:00,27.530,,,,,
1385,04/24/25 18:00:00,27.530,,,,,
1386,04/24/25 18:15:00,27.530,,,,,
1387,04/24/25 18:30:00,27.530,,,,,
1388,04/24/25 18:45:00,27.530,,,,,
1389,04/24/25 19:00:00,27.530,,,,,
1390,04/24/25 19:15:00,27.530,,,,,
1391,04/24/25 19:30:00,27.554,,,,,
1392,04/24/25 19:45:00,27.554,,,,,
1393,04/24/25 20:00:00,27.505,,,,,
1394,04/24/25 20:15:00,27.087,,,,,
1395,04/24/25 20:30:00,27.038,,,,,
1396,04/24/25 20:45:00,27.038,,,,,
1397,04/24/25 21:00:00,27.038,,,,,
1398,04/24/25 21:15:00,27.038,,,,,
1399,04/24/25 21:30:00,27.087,,,,,
1400,04/24/25 21:45:00,27.087,,,,,
1401,04/24/25 22:00:00,27.259,,,,,
1402,04/24/25 22:15:00,27.161,,,,,
1403,04/24/25 22:30:00,27.136,,,,,
1404,04/24/25 22:45:00,27.112,,,,,
1405,04/24/25 23:00:00,27.136,,,,,
1406,04/24/25 23:15:00,27.112,,,,,
1407,04/24/25 23:30:00,27.136,,,,,
1408,04/24/25 23:45:00,27.186,,,,,
1409,04/25/25 00:00:00,27.235,,,,,
1410,04/25/25 00:15:00,27.308,,,,,
1411,04/25/25 00:30:00,27.308,,,,,
1412,04/25/25 00:45:00,27.431,,,,,
1413,04/25/25 01:00:00,27.456,,,,,
1414,04/25/25 01:15:00,27.481,,,,,
1415,04/25/25 01:30:00,27.481,,,,,
1416,04/25/25 01:45:00,27.481,,,,,
1417,04/25/25 02:00:00,27.382,,,,,
1418,04/25/25 02:15:00,27.358,,,,,
1419,04/25/25 02:30:00,27.382,,,,,
1420,04/25/25 02:45:00,27.431,,,,,
1421,04/25/25 03:00:00,27.481,,,,,
1422,04/25/25 03:15:00,27.481,,,,,
1423,04/25/25 03:30:00,27.456,,,,,
1424,04/25/25 03:45:00,27.481,,,,,
1425,04/25/25 04:00:00,27.505,,,,,
1426,04/25/25 04:15:00,27.481,,,,,
1427,04/25/25 04:30:00,27.505,,,,,
1428,04/25/25 04:45:00,27.505,,,,,
1429,04/25/25 05:00:00,27.530,,,,,
1430,04/25/25 05:15:00,27.505,,,,,
1431,04/25/25 05:30:00,27.530,,,,,
1432,04/25/25 05:45:00,27.530,,,,,
1433,04/25/25 06:00:00,27.554,,,,,
1434,04/25/25 06:15:00,27.530,,,,,
1435,04/25/25 06:30:00,27.530,,,,,
1436,04/25/25 06:45:00,27.530,,,,,
1437,04/25/25 07:00:00,27.530,,,,,
1438,04/25/25 07:15:00,27.505,,,,,
1439,04/25/25 07:30:00,27.358,,,,,
1440,04/25/25 07:45:00,27.481,,,,,
1441,04/25/25 08:00:00,27.505,,,,,
1442,04/25/25 08:15:00,27.505,,,,,
1443,04/25/25 08:30:00,27.505,,,,,
1444,04/25/25 08:45:00,27.407,,,,,
1445,04/25/25 09:00:00,27.431,,,,,
1446,04/25/25 09:15:00,27.431,,,,,
1447,04/25/25 09:30:00,27.456,,,,,
1448,04/25/25 09:45:00,27.481,,,,,
1449,04/25/25 10:00:00,27.481,,,,,
1450,04/25/25 10:15:00,27.505,,,,,
1451,04/25/25 10:30:00,27.530,,,,,
1452,04/25/25 10:45:00,27.505,,,,,
1453,04/25/25 11:00:00,27.530,,,,,
1454,04/25/25 11:15:00,27.530,,,,,
1455,04/25/25 11:30:00,27.554,,,,,
1456,04/25/25 11:45:00,27.554,,,,,
1457,04/25/25 12:00:00,27.579,,,,,
1458,04/25/25 12:15:00,27.579,,,,,
1459,04/25/25 12:30:00,27.579,,,,,
1460,04/25/25 12:45:00,27.579,,,,,
1461,04/25/25 13:00:00,27.579,,,,,
1462,04/25/25 13:15:00,27.579,,,,,
1463,04/25/25 13:30:00,27.579,,,,,
1464,04/25/25 13:45:00,27.579,,,,,
1465,04/25/25 14:00:00,27.579,,,,,
1466,04/25/25 14:15:00,27.579,,,,,
1467,04/25/25 14:30:00,27.579,,,,,
1468,04/25/25 14:45:00,27.604,,,,,
1469,04/25/25 15:00:00,27.604,,,,,
1470,04/25/25 15:15:00,27.579,,,,,
1471,04/25/25 15:30:00,27.579,,,,,
1472,04/25/25 15:45:00,27.579,,,,,
1473,04/25/25 16:00:00,27.554,,,,,
1474,04/25/25 16:15:00,27.554,,,,,
1475,04/25/25 16:30:00,27.554,,,,,
1476,04/25/25 16:45:00,27.554,,,,,
1477,04/25/25 17:00:00,27.579,,,,,
1478,04/25/25 17:15:00,27.554,,,,,
1479,04/25/25 17:30:00,27.554,,,,,
1480,04/25/25 17:45:00,27.554,,,,,
1481,04/25/25 18:00:00,27.530,,,,,
1482,04/25/25 18:15:00,27.505,,,,,
1483,04/25/25 18:30:00,27.505,,,,,
1484,04/25/25 18:45:00,27.530,,,,,
1485,04/25/25 19:00:00,27.530,,,,,
1486,04/25/25 19:15:00,27.530,,,,,
1487,04/25/25 19:30:00,27.530,,,,,
1488,04/25/25 19:45:00,27.505,,,,,
1489,04/25/25 20:00:00,27.530,,,,,
1490,04/25/25 20:15:00,27.505,,,,,
1491,04/25/25 20:30:00,27.505,,,,,
1492,04/25/25 20:45:00,27.505,,,,,
1493,04/25/25 21:00:00,27.505,,,,,
1494,04/25/25 21:15:00,27.505,,,,,
1495,04/25/25 21:30:00,27.505,,,,,
1496,04/25/25 21:45:00,27.505,,,,,
1497,04/25/25 22:00:00,27.505,,,,,
1498,04/25/25 22:15:00,27.505,,,,,
1499,04/25/25 22:30:00,27.505,,,,,
1500,04/25/25 22:45:00,27.505,,,,,
1501,04/25/25 23:00:00,27.505,,,,,
1502,04/25/25 23:15:00,27.505,,,,,
1503,04/25/25 23:30:00,27.505,,,,,
1504,04/25/25 23:45:00,27.505,,,,,
1505,04/26/25 00:00:00,27.505,,,,,
1506,04/26/25 00:15:00,27.530,,,,,
1507,04/26/25 00:30:00,27.530,,,,,
1508,04/26/25 00:45:00,27.530,,,,,
1509,04/26/25 01:00:00,27.530,,,,,
1510,04/26/25 01:15:00,27.530,,,,,
1511,04/26/25 01:30:00,27.530,,,,,
1512,04/26/25 01:45:00,27.530,,,,,
1513,04/26/25 02:00:00,27.530,,,,,
1514,04/26/25 02:15:00,27.530,,,,,
1515,04/26/25 02:30:00,27.530,,,,,
1516,04/26/25 02:45:00,27.530,,,,,
1517,04/26/25 03:00:00,27.530,,,,,
1518,04/26/25 03:15:00,27.554,,,,,
1519,04/26/25 03:30:00,27.554,,,,,
1520,04/26/25 03:45:00,27.554,,,,,
1521,04/26/25 04:00:00,27.554,,,,,
1522,04/26/25 04:15:00,27.554,,,,,
1523,04/26/25 04:30:00,27.554,,,,,
1524,04/26/25 04:45:00,27.554,,,,,
1525,04/26/25 05:00:00,27.481,,,,,
1526,04/26/25 05:15:00,27.382,,,,,
1527,04/26/25 05:30:00,27.382,,,,,
1528,04/26/25 05:45:00,27.358,,,,,
1529,04/26/25 06:00:00,27.382,,,,,
1530,04/26/25 06:15:00,27.358,,,,,
1531,04/26/25 06:30:00,27.333,,,,,
1532,04/26/25 06:45:00,27.308,,,,,
1533,04/26/25 07:00:00,27.308,,,,,
1534,04/26/25 07:15:00,27.259,,,,,
1535,04/26/25 07:30:00,27.308,,,,,
1536,04/26/25 07:45:00,27.333,,,,,
1537,04/26/25 08:00:00,27.333,,,,,
1538,04/26/25 08:15:00,27.308,,,,,
1539,04/26/25 08:30:00,27.308,,,,,
1540,04/26/25 08:45:00,27.358,,,,,
1541,04/26/25 09:00:00,27.333,,,,,
1542,04/26/25 09:15:00,27.308,,,,,
1543,04/26/25 09:30:00,27.333,,,,,
1544,04/26/25 09:45:00,27.284,,,,,
1545,04/26/25 10:00:00,27.308,,,,,
1546,04/26/25 10:15:00,27.358,,,,,
1547,04/26/25 10:30:00,27.333,,,,,
1548,04/26/25 10:45:00,27.333,,,,,
1549,04/26/25 11:00:00,27.308,,,,,
1550,04/26/25 11:15:00,27.308,,,,,
1551,04/26/25 11:30:00,27.382,,,,,
1552,04/26/25 11:45:00,27.407,,,,,
1553,04/26/25 12:00:00,27.407,,,,,
1554,04/26/25 12:15:00,27.431,,,,,
1555,04/26/25 12:30:00,27.431,,,,,
1556,04/26/25 12:45:00,27.456,,,,,
1557,04/26/25 13:00:00,27.456,,,,,
1558,04/26/25 13:15:00,27.456,,,,,
1559,04/26/25 13:30:00,27.456,,,,,
1560,04/26/25 13:45:00,27.407,,,,,
1561,04/26/25 14:00:00,27.407,,,,,
1562,04/26/25 14:15:00,27.358,,,,,
1563,04/26/25 14:30:00,27.358,,,,,
1564,04/26/25 14:45:00,27.358,,,,,
1565,04/26/25 15:00:00,27.382,,,,,
1566,04/26/25 15:15:00,27.333,,,,,
1567,04/26/25 15:30:00,27.358,,,,,
1568,04/26/25 15:45:00,27.382,,,,,
1569,04/26/25 16:00:00,27.382,,,,,
1570,04/26/25 16:15:00,27.407,,,,,
1571,04/26/25 16:30:00,27.431,,,,,
1572,04/26/25 16:45:00,27.431,,,,,
1573,04/26/25 17:00:00,27.456,,,,,
1574,04/26/25 17:15:00,27.481,,,,,
1575,04/26/25 17:30:00,27.505,,,,,
1576,04/26/25 17:45:00,27.481,,,,,
1577,04/26/25 18:00:00,27.481,,,,,
1578,04/26/25 18:15:00,27.481,,,,,
1579,04/26/25 18:30:00,27.481,,,,,
1580,04/26/25 18:45:00,27.505,,,,,
1581,04/26/25 19:00:00,27.505,,,,,
1582,04/26/25 19:15:00,27.530,,,,,
1583,04/26/25 19:30:00,27.530,,,,,
1584,04/26/25 19:45:00,27.505,,,,,
1585,04/26/25 20:00:00,27.505,,,,,
1586,04/26/25 20:15:00,27.505,,,,,
1587,04/26/25 20:30:00,27.505,,,,,
1588,04/26/25 20:45:00,27.530,,,,,
1589,04/26/25 21:00:00,27.554,,,,,
1590,04/26/25 21:15:00,27.530,,,,,
1591,04/26/25 21:30:00,27.456,,,,,
1592,04/26/25 21:45:00,27.505,,,,,
1593,04/26/25 22:00:00,27.481,,,,,
1594,04/26/25 22:15:00,27.505,,,,,
1595,04/26/25 22:30:00,27.530,,,,,
1596,04/26/25 22:45:00,27.481,,,,,
1597,04/26/25 23:00:00,27.456,,,,,
1598,04/26/25 23:15:00,27.456,,,,,
1599,04/26/25 23:30:00,27.456,,,,,
1600,04/26/25 23:45:00,27.456,,,,,
1601,04/27/25 00:00:00,27.481,,,,,
1602,04/27/25 00:15:00,27.505,,,,,
1603,04/27/25 00:30:00,27.505,,,,,
1604,04/27/25 00:45:00,27.505,,,,,
1605,04/27/25 01:00:00,27.505,,,,,
1606,04/27/25 01:15:00,27.530,,,,,
1607,04/27/25 01:30:00,27.530,,,,,
1608,04/27/25 01:45:00,27.554,,,,,
1609,04/27/25 02:00:00,27.554,,,,,
1610,04/27/25 02:15:00,27.554,,,,,
1611,04/27/25 02:30:00,27.554,,,,,
1612,04/27/25 02:45:00,27.554,,,,,
1613,04/27/25 03:00:00,27.554,,,,,
1614,04/27/25 03:15:00,27.554,,,,,
1615,04/27/25 03:30:00,27.554,,,,,
1616,04/27/25 03:45:00,27.554,,,,,
1617,04/27/25 04:00:00,27.554,,,,,
1618,04/27/25 04:15:00,27.554,,,,,
1619,04/27/25 04:30:00,27.579,,,,,
1620,04/27/25 04:45:00,27.579,,,,,
1621,04/27/25 05:00:00,27.554,,,,,
1622,04/27/25 05:15:00,27.554,,,,,
1623,04/27/25 05:30:00,27.481,,,,,
1624,04/27/25 05:45:00,27.407,,,,,
1625,04/27/25 06:00:00,27.407,,,,,
1626,04/27/25 06:15:00,27.431,,,,,
1627,04/27/25 06:30:00,27.431,,,,,
1628,04/27/25 06:45:00,27.530,,,,,
1629,04/27/25 07:00:00,27.554,,,,,
1630,04/27/25 07:15:00,27.554,,,,,
1631,04/27/25 07:30:00,27.431,,,,,
1632,04/27/25 07:45:00,27.456,,,,,
1633,04/27/25 08:00:00,27.456,,,,,
1634,04/27/25 08:15:00,27.431,,,,,
1635,04/27/25 08:30:00,27.431,,,,,
1636,04/27/25 08:45:00,27.431,,,,,
1637,04/27/25 09:00:00,27.407,,,,,
1638,04/27/25 09:15:00,27.382,,,,,
1639,04/27/25 09:30:00,27.407,,,,,
1640,04/27/25 09:45:00,27.407,,,,,
1641,04/27/25 10:00:00,27.431,,,,,
1642,04/27/25 10:15:00,27.407,,,,,
1643,04/27/25 10:30:00,27.407,,,,,
1644,04/27/25 10:45:00,27.431,,,,,
1645,04/27/25 11:00:00,27.431,,,,,
1646,04/27/25 11:15:00,27.431,,,,,
1647,04/27/25 11:30:00,27.456,,,,,
1648,04/27/25 11:45:00,27.456,,,,,
1649,04/27/25 12:00:00,27.456,,,,,
1650,04/27/25 12:15:00,27.456,,,,,
1651,04/27/25 12:30:00,27.456,,,,,
1652,04/27/25 12:45:00,27.431,,,,,
1653,04/27/25 13:00:00,27.431,,,,,
1654,04/27/25 13:15:00,27.431,,,,,
1655,04/27/25 13:30:00,27.431,,,,,
1656,04/27/25 13:45:00,27.456,,,,,
1657,04/27/25 14:00:00,27.456,,,,,
1658,04/27/25 14:15:00,27.481,,,,,
1659,04/27/25 14:30:00,27.505,,,,,
1660,04/27/25 14:45:00,27.530,,,,,
1661,04/27/25 15:00:00,27.554,,,,,
1662,04/27/25 15:15:00,27.554,,,,,
1663,04/27/25 15:30:00,27.530,,,,,
1664,04/27/25 15:45:00,27.530,,,,,
1665,04/27/25 16:00:00,27.530,,,,,
1666,04/27/25 16:15:00,27.505,,,,,
1667,04/27/25 16:30:00,27.505,,,,,
1668,04/27/25 16:45:00,27.505,,,,,
1669,04/27/25 17:00:00,27.505,,,,,
1670,04/27/25 17:15:00,27.505,,,,,
1671,04/27/25 17:30:00,27.505,,,,,
1672,04/27/25 17:45:00,27.530,,,,,
1673,04/27/25 18:00:00,27.530,,,,,
1674,04/27/25 18:15:00,27.530,,,,,
1675,04/27/25 18:30:00,27.530,,,,,
1676,04/27/25 18:45:00,27.530,,,,,
1677,04/27/25 19:00:00,27.530,,,,,
1678,04/27/25 19:15:00,27.530,,,,,
1679,04/27/25 19:30:00,27.530,,,,,
1680,04/27/25 19:45:00,27.530,,,,,
1681,04/27/25 20:00:00,27.530,,,,,
1682,04/27/25 20:15:00,27.530,,,,,
1683,04/27/25 20:30:00,27.505,,,,,
1684,04/27/25 20:45:00,27.554,,,,,
1685,04/27/25 21:00:00,27.554,,,,,
1686,04/27/25 21:15:00,27.554,,,,,
1687,04/27/25 21:30:00,27.530,,,,,
1688,04/27/25 21:45:00,27.505,,,,,
1689,04/27/25 22:00:00,27.505,,,,,
1690,04/27/25 22:15:00,27.505,,,,,
1691,04/27/25 22:30:00,27.481,,,,,
1692,04/27/25 22:45:00,27.505,,,,,
1693,04/27/25 23:00:00,27.505,,,,,
1694,04/27/25 23:15:00,27.505,,,,,
1695,04/27/25 23:30:00,27.505,,,,,
1696,04/27/25 23:45:00,27.530,,,,,
1697,04/28/25 00:00:00,27.530,,,,,
1698,04/28/25 00:15:00,27.431,,,,,
1699,04/28/25 00:30:00,27.431,,,,,
1700,04/28/25 00:45:00,27.456,,,,,
1701,04/28/25 01:00:00,27.481,,,,,
1702,04/28/25 01:15:00,27.505,,,,,
1703,04/28/25 01:30:00,27.530,,,,,
1704,04/28/25 01:45:00,27.530,,,,,
1705,04/28/25 02:00:00,27.554,,,,,
1706,04/28/25 02:15:00,27.530,,,,,
1707,04/28/25 02:30:00,27.530,,,,,
1708,04/28/25 02:45:00,27.431,,,,,
1709,04/28/25 03:00:00,27.481,,,,,
1710,04/28/25 03:15:00,27.382,,,,,
1711,04/28/25 03:30:00,27.431,,,,,
1712,04/28/25 03:45:00,27.456,,,,,
1713,04/28/25 04:00:00,27.481,,,,,
1714,04/28/25 04:15:00,27.505,,,,,
1715,04/28/25 04:30:00,27.505,,,,,
1716,04/28/25 04:45:00,27.530,,,,,
1717,04/28/25 05:00:00,27.554,,,,,
1718,04/28/25 05:15:00,27.530,,,,,
1719,04/28/25 05:30:00,27.530,,,,,
1720,04/28/25 05:45:00,27.530,,,,,
1721,04/28/25 06:00:00,27.505,,,,,
1722,04/28/25 06:15:00,27.530,,,,,
1723,04/28/25 06:30:00,27.530,,,,,
1724,04/28/25 06:45:00,27.530,,,,,
1725,04/28/25 07:00:00,27.530,,,,,
1726,04/28/25 07:15:00,27.530,,,,,
1727,04/28/25 07:30:00,27.530,,,,,
1728,04/28/25 07:45:00,27.530,,,,,
1729,04/28/25 08:00:00,27.431,,,,,
1730,04/28/25 08:15:00,27.407,,,,,
1731,04/28/25 08:30:00,27.431,,,,,
1732,04/28/25 08:45:00,27.431,,,,,
1733,04/28/25 09:00:00,27.431,,,,,
1734,04/28/25 09:15:00,27.407,,,,,
1735,04/28/25 09:30:00,27.382,,,,,
1736,04/28/25 09:45:00,27.382,,,,,
1737,04/28/25 10:00:00,27.407,,,,,
1738,04/28/25 10:15:00,27.382,,,,,
1739,04/28/25 10:30:00,27.358,,,,,
1740,04/28/25 10:45:00,27.333,,,,,
1741,04/28/25 11:00:00,27.259,,,,,
1742,04/28/25 11:15:00,27.308,,,,,
1743,04/28/25 11:30:00,27.333,,,,,
1744,04/28/25 11:45:00,27.358,,,,,
1745,04/28/25 12:00:00,27.186,,,,,
1746,04/28/25 12:15:00,27.358,,,,,
1747,04/28/25 12:30:00,27.382,,,,,
1748,04/28/25 12:45:00,27.382,,,,,
1749,04/28/25 13:00:00,27.382,,,,,
1750,04/28/25 13:15:00,27.358,,,,,
1751,04/28/25 13:30:00,27.382,,,,,
1752,04/28/25 13:45:00,27.382,,,,,
1753,04/28/25 14:00:00,27.456,,,,,
1754,04/28/25 14:15:00,27.481,,,,,
1755,04/28/25 14:30:00,27.530,,,,,
1756,04/28/25 14:45:00,27.530,,,,,
1757,04/28/25 15:00:00,27.481,,,,,
1758,04/28/25 15:15:00,27.431,,,,,
1759,04/28/25 15:30:00,27.505,,,,,
1760,04/28/25 15:45:00,27.530,,,,,
1761,04/28/25 16:00:00,27.530,,,,,
1762,04/28/25 16:15:00,27.554,,,,,
1763,04/28/25 16:30:00,27.554,,,,,
1764,04/28/25 16:45:00,27.554,,,,,
1765,04/28/25 17:00:00,27.554,,,,,
1766,04/28/25 17:15:00,27.554,,,,,
1767,04/28/25 17:30:00,27.554,,,,,
1768,04/28/25 17:45:00,27.579,,,,,
1769,04/28/25 18:00:00,27.579,,,,,
1770,04/28/25 18:15:00,27.579,,,,,
1771,04/28/25 18:30:00,27.579,,,,,
1772,04/28/25 18:45:00,27.604,,,,,
1773,04/28/25 19:00:00,27.604,,,,,
1774,04/28/25 19:15:00,27.628,,,,,
1775,04/28/25 19:30:00,27.604,,,,,
1776,04/28/25 19:45:00,27.604,,,,,
1777,04/28/25 20:00:00,27.628,,,,,
1778,04/28/25 20:15:00,27.579,,,,,
1779,04/28/25 20:30:00,27.604,,,,,
1780,04/28/25 20:45:00,27.604,,,,,
1781,04/28/25 21:00:00,27.554,,,,,
1782,04/28/25 21:15:00,27.481,,,,,
1783,04/28/25 21:30:00,27.481,,,,,
1784,04/28/25 21:45:00,27.554,,,,,
1785,04/28/25 22:00:00,27.554,,,,,
1786,04/28/25 22:15:00,27.456,,,,,
1787,04/28/25 22:30:00,27.431,,,,,
1788,04/28/25 22:45:00,27.407,,,,,
1789,04/28/25 23:00:00,27.407,,,,,
1790,04/28/25 23:15:00,27.358,,,,,
1791,04/28/25 23:30:00,27.333,,,,,
1792,04/28/25 23:45:00,27.407,,,,,
1793,04/29/25 00:00:00,27.431,,,,,
1794,04/29/25 00:15:00,27.284,,,,,
1795,04/29/25 00:30:00,27.235,,,,,
1796,04/29/25 00:45:00,27.136,,,,,
1797,04/29/25 01:00:00,27.210,,,,,
1798,04/29/25 01:15:00,27.284,,,,,
1799,04/29/25 01:30:00,27.333,,,,,
1800,04/29/25 01:45:00,27.407,,,,,
1801,04/29/25 02:00:00,27.333,,,,,
1802,04/29/25 02:15:00,27.358,,,,,
1803,04/29/25 02:30:00,27.431,,,,,
1804,04/29/25 02:45:00,27.382,,,,,
1805,04/29/25 03:00:00,27.407,,,,,
1806,04/29/25 03:15:00,27.358,,,,,
1807,04/29/25 03:30:00,27.382,,,,,
1808,04/29/25 03:45:00,27.407,,,,,
1809,04/29/25 04:00:00,27.382,,,,,
1810,04/29/25 04:15:00,27.407,,,,,
1811,04/29/25 04:30:00,27.407,,,,,
1812,04/29/25 04:45:00,27.431,,,,,
1813,04/29/25 05:00:00,27.431,,,,,
1814,04/29/25 05:15:00,27.456,,,,,
1815,04/29/25 05:30:00,27.481,,,,,
1816,04/29/25 05:45:00,27.505,,,,,
1817,04/29/25 06:00:00,27.530,,,,,
1818,04/29/25 06:15:00,27.530,,,,,
1819,04/29/25 06:30:00,27.530,,,,,
1820,04/29/25 06:45:00,27.530,,,,,
1821,04/29/25 07:00:00,27.554,,,,,
1822,04/29/25 07:15:00,27.554,,,,,
1823,04/29/25 07:30:00,27.554,,,,,
1824,04/29/25 07:45:00,27.554,,,,,
1825,04/29/25 08:00:00,27.554,,,,,
1826,04/29/25 08:15:00,27.530,,,,,
1827,04/29/25 08:30:00,27.554,,,,,
1828,04/29/25 08:45:00,27.554,,,,,
1829,04/29/25 09:00:00,27.554,,,,,
1830,04/29/25 09:15:00,27.481,,,,,
1831,04/29/25 09:30:00,27.382,,,,,
1832,04/29/25 09:45:00,27.333,,,,,
1833,04/29/25 10:00:00,27.308,,,,,
1834,04/29/25 10:15:00,27.284,,,,,
1835,04/29/25 10:30:00,27.382,,,,,
1836,04/29/25 10:45:00,27.333,,,,,
1837,04/29/25 11:00:00,27.308,,,,,
1838,04/29/25 11:15:00,27.308,,,,,
1839,04/29/25 11:30:00,27.284,,,,,
1840,04/29/25 11:45:00,27.308,,,,,
1841,04/29/25 12:00:00,27.333,,,,,
1842,04/29/25 12:15:00,27.333,,,,,
1843,04/29/25 12:30:00,27.358,,,,,
1844,04/29/25 12:45:00,27.407,,,,,
1845,04/29/25 13:00:00,27.407,,,,,
1846,04/29/25 13:15:00,27.382,,,,,
1847,04/29/25 13:30:00,27.308,,,,,
1848,04/29/25 13:45:00,27.259,,,,,
1849,04/29/25 14:00:00,27.308,,,,,
1850,04/29/25 14:15:00,27.284,,,,,
1851,04/29/25 14:30:00,27.284,,,,,
1852,04/29/25 14:45:00,27.308,,,,,
1853,04/29/25 15:00:00,27.358,,,,,
1854,04/29/25 15:15:00,27.358,,,,,
1855,04/29/25 15:30:00,27.431,,,,,
1856,04/29/25 15:45:00,27.481,,,,,
1857,04/29/25 16:00:00,27.456,,,,,
1858,04/29/25 16:15:00,27.554,,,,,
1859,04/29/25 16:30:00,27.554,,,,,
1860,04/29/25 16:45:00,27.579,,,,,
1861,04/29/25 17:00:00,27.604,,,,,
1862,04/29/25 17:15:00,27.628,,,,,
1863,04/29/25 17:30:00,27.677,,,,,
1864,04/29/25 17:45:00,27.677,,,,,
1865,04/29/25 18:00:00,27.653,,,,,
1866,04/29/25 18:15:00,27.579,,,,,
1867,04/29/25 18:30:00,27.677,,,,,
1868,04/29/25 18:45:00,27.702,,,,,
1869,04/29/25 19:00:00,27.702,,,,,
1870,04/29/25 19:15:00,27.727,,,,,
1871,04/29/25 19:30:00,27.727,,,,,
1872,04/29/25 19:45:00,27.653,,,,,
1873,04/29/25 20:00:00,27.358,,,,,
1874,04/29/25 20:15:00,27.333,,,,,
1875,04/29/25 20:30:00,27.382,,,,,
1876,04/29/25 20:45:00,27.284,,,,,
1877,04/29/25 21:00:00,27.333,,,,,
1878,04/29/25 21:15:00,27.702,,,,,
1879,04/29/25 21:30:00,27.628,,,,,
1880,04/29/25 21:45:00,27.604,,,,,
1881,04/29/25 22:00:00,27.579,,,,,
1882,04/29/25 22:15:00,27.431,,,,,
1883,04/29/25 22:30:00,27.407,,,,,
1884,04/29/25 22:45:00,27.382,,,,,
1885,04/29/25 23:00:00,27.407,,,,,
1886,04/29/25 23:15:00,27.382,,,,,
1887,04/29/25 23:30:00,27.382,,,,,
1888,04/29/25 23:45:00,27.382,,,,,
1889,04/30/25 00:00:00,27.333,,,,,
1890,04/30/25 00:15:00,27.235,,,,,
1891,04/30/25 00:30:00,27.358,,,,,
1892,04/30/25 00:45:00,27.259,,,,,
1893,04/30/25 01:00:00,27.284,,,,,
1894,04/30/25 01:15:00,27.407,,,,,
1895,04/30/25 01:30:00,27.407,,,,,
1896,04/30/25 01:45:00,27.431,,,,,
1897,04/30/25 02:00:00,27.382,,,,,
1898,04/30/25 02:15:00,27.382,,,,,
1899,04/30/25 02:30:00,27.407,,,,,
1900,04/30/25 02:45:00,27.382,,,,,
1901,04/30/25 03:00:00,27.505,,,,,
1902,04/30/25 03:15:00,27.407,,,,,
1903,04/30/25 03:30:00,27.407,,,,,
1904,04/30/25 03:45:00,27.431,,,,,
1905,04/30/25 04:00:00,27.431,,,,,
1906,04/30/25 04:15:00,27.431,,,,,
1907,04/30/25 04:30:00,27.481,,,,,
1908,04/30/25 04:45:00,27.505,,,,,
1909,04/30/25 05:00:00,27.505,,,,,
1910,04/30/25 05:15:00,27.505,,,,,
1911,04/30/25 05:30:00,27.505,,,,,
1912,04/30/25 05:45:00,27.505,,,,,
1913,04/30/25 06:00:00,27.530,,,,,
1914,04/30/25 06:15:00,27.530,,,,,
1915,04/30/25 06:30:00,27.530,,,,,
1916,04/30/25 06:45:00,27.530,,,,,
1917,04/30/25 07:00:00,27.530,,,,,
1918,04/30/25 07:15:00,27.554,,,,,
1919,04/30/25 07:30:00,27.554,,,,,
1920,04/30/25 07:45:00,27.554,,,,,
1921,04/30/25 08:00:00,27.579,,,,,
1922,04/30/25 08:15:00,27.554,,,,,
1923,04/30/25 08:30:00,27.554,,,,,
1924,04/30/25 08:45:00,27.554,,,,,
1925,04/30/25 09:00:00,27.554,,,,,
1926,04/30/25 09:15:00,27.579,,,,,
1927,04/30/25 09:30:00,27.579,,,,,
1928,04/30/25 09:45:00,27.579,,,,,
1929,04/30/25 10:00:00,27.604,,,,,
1930,04/30/25 10:15:00,27.530,,,,,
1931,04/30/25 10:30:00,27.530,,,,,
1932,04/30/25 10:45:00,27.554,,,,,
1933,04/30/25 11:00:00,27.530,,,,,
1934,04/30/25 11:15:00,27.530,,,,,
1935,04/30/25 11:30:00,27.530,,,,,
1936,04/30/25 11:45:00,27.530,,,,,
1937,04/30/25 12:00:00,27.530,,,,,
1938,04/30/25 12:15:00,27.530,,,,,
1939,04/30/25 12:30:00,27.481,,,,,
1940,04/30/25 12:45:00,27.481,,,,,
1941,04/30/25 13:00:00,27.505,,,,,
1942,04/30/25 13:15:00,27.505,,,,,
1943,04/30/25 13:30:00,27.505,,,,,
1944,04/30/25 13:45:00,27.505,,,,,
1945,04/30/25 14:00:00,27.481,,,,,
1946,04/30/25 14:15:00,27.456,,,,,
1947,04/30/25 14:30:00,27.382,,,,,
1948,04/30/25 14:45:00,27.259,,,,,
1949,04/30/25 15:00:00,27.259,,,,,
1950,04/30/25 15:15:00,27.259,,,,,
1951,04/30/25 15:30:00,27.333,,,,,
1952,04/30/25 15:45:00,27.431,,,,,
1953,04/30/25 16:00:00,27.481,,,,,
1954,04/30/25 16:15:00,27.505,,,,,
1955,04/30/25 16:30:00,27.505,,,,,
1956,04/30/25 16:45:00,27.530,,,,,
1957,04/30/25 17:00:00,27.530,,,,,
1958,04/30/25 17:15:00,27.554,,,,,
1959,04/30/25 17:30:00,27.554,,,,,
1960,04/30/25 17:45:00,27.604,,,,,
1961,04/30/25 18:00:00,27.628,,,,,
1962,04/30/25 18:15:00,27.653,,,,,
1963,04/30/25 18:30:00,27.677,,,,,
1964,04/30/25 18:45:00,27.677,,,,,
1965,04/30/25 19:00:00,27.677,,,,,
1966,04/30/25 19:15:00,27.702,,,,,
1967,04/30/25 19:30:00,27.702,,,,,
1968,04/30/25 19:45:00,27.702,,,,,
1969,04/30/25 20:00:00,27.702,,,,,
1970,04/30/25 20:15:00,27.702,,,,,
1971,04/30/25 20:30:00,27.702,,,,,
1972,04/30/25 20:45:00,27.702,,,,,
1973,04/30/25 21:00:00,27.702,,,,,
1974,04/30/25 21:15:00,27.702,,,,,
1975,04/30/25 21:30:00,27.702,,,,,
1976,04/30/25 21:45:00,27.628,,,,,
1977,04/30/25 22:00:00,27.456,,,,,
1978,04/30/25 22:15:00,27.677,,,,,
1979,04/30/25 22:30:00,27.677,,,,,
1980,04/30/25 22:45:00,27.702,,,,,
1981,04/30/25 23:00:00,27.702,,,,,
1982,04/30/25 23:15:00,27.702,,,,,
1983,04/30/25 23:30:00,27.530,,,,,
1984,04/30/25 23:45:00,27.530,,,,,
1985,05/01/25 00:00:00,27.554,,,,,
1986,05/01/25 00:15:00,27.604,,,,,
1987,05/01/25 00:30:00,27.579,,,,,
1988,05/01/25 00:45:00,27.604,,,,,
1989,05/01/25 01:00:00,27.456,,,,,
1990,05/01/25 01:15:00,27.431,,,,,
1991,05/01/25 01:30:00,27.382,,,,,
1992,05/01/25 01:45:00,27.407,,,,,
1993,05/01/25 02:00:00,27.431,,,,,
1994,05/01/25 02:15:00,27.505,,,,,
1995,05/01/25 02:30:00,27.554,,,,,
1996,05/01/25 02:45:00,27.579,,,,,
1997,05/01/25 03:00:00,27.604,,,,,
1998,05/01/25 03:15:00,27.628,,,,,
1999,05/01/25 03:30:00,27.628,,,,,
2000,05/01/25 03:45:00,27.653,,,,,
2001,05/01/25 04:00:00,27.653,,,,,
2002,05/01/25 04:15:00,27.653,,,,,
2003,05/01/25 04:30:00,27.677,,,,,
2004,05/01/25 04:45:00,27.677,,,,,
2005,05/01/25 05:00:00,27.677,,,,,
2006,05/01/25 05:15:00,27.653,,,,,
2007,05/01/25 05:30:00,27.604,,,,,
2008,05/01/25 05:45:00,27.579,,,,,
2009,05/01/25 06:00:00,27.530,,,,,
2010,05/01/25 06:15:00,27.505,,,,,
2011,05/01/25 06:30:00,27.530,,,,,
2012,05/01/25 06:45:00,27.604,,,,,
2013,05/01/25 07:00:00,27.579,,,,,
2014,05/01/25 07:15:00,27.628,,,,,
2015,05/01/25 07:30:00,27.653,,,,,
2016,05/01/25 07:45:00,27.677,,,,,
2017,05/01/25 08:00:00,27.677,,,,,
2018,05/01/25 08:15:00,27.677,,,,,
2019,05/01/25 08:30:00,27.677,,,,,
2020,05/01/25 08:45:00,27.677,,,,,
2021,05/01/25 09:00:00,27.677,,,,,
2022,05/01/25 09:15:00,27.653,,,,,
2023,05/01/25 09:30:00,27.677,,,,,
2024,05/01/25 09:45:00,27.653,,,,,
2025,05/01/25 10:00:00,27.653,,,,,
2026,05/01/25 10:15:00,27.653,,,,,
2027,05/01/25 10:30:00,27.653,,,,,
2028,05/01/25 10:45:00,27.653,,,,,
2029,05/01/25 11:00:00,27.653,,,,,
2030,05/01/25 11:15:00,27.628,,,,,
2031,05/01/25 11:30:00,27.653,,,,,
2032,05/01/25 11:45:00,27.604,,,,,
2033,05/01/25 12:00:00,27.481,,,,,
2034,05/01/25 12:15:00,27.481,,,,,
2035,05/01/25 12:30:00,27.481,,,,,
2036,05/01/25 12:45:00,27.530,,,,,
2037,05/01/25 13:00:00,27.505,,,,,
2038,05/01/25 13:15:00,27.456,,,,,
2039,05/01/25 13:30:00,27.456,,,,,
2040,05/01/25 13:45:00,27.456,,,,,
2041,05/01/25 14:00:00,27.456,,,,,
2042,05/01/25 14:15:00,27.456,,,,,
2043,05/01/25 14:30:00,27.530,,,,,
2044,05/01/25 14:45:00,27.554,,,,,
2045,05/01/25 15:00:00,27.554,,,,,
2046,05/01/25 15:15:00,27.579,,,,,
2047,05/01/25 15:30:00,27.579,,,,,
2048,05/01/25 15:45:00,27.554,,,,,
2049,05/01/25 16:00:00,27.554,,,,,
2050,05/01/25 16:15:00,27.579,,,,,
2051,05/01/25 16:30:00,27.579,,,,,
2052,05/01/25 16:45:00,27.604,,,,,
2053,05/01/25 17:00:00,27.604,,,,,
2054,05/01/25 17:15:00,27.628,,,,,
2055,05/01/25 17:30:00,27.628,,,,,
2056,05/01/25 17:45:00,27.628,,,,,
2057,05/01/25 18:00:00,27.628,,,,,
2058,05/01/25 18:15:00,27.653,,,,,
2059,05/01/25 18:30:00,27.653,,,,,
2060,05/01/25 18:45:00,27.653,,,,,
2061,05/01/25 19:00:00,27.653,,,,,
2062,05/01/25 19:15:00,27.653,,,,,
2063,05/01/25 19:30:00,27.653,,,,,
2064,05/01/25 19:45:00,27.653,,,,,
2065,05/01/25 20:00:00,27.653,,,,,
2066,05/01/25 20:15:00,27.653,,,,,
2067,05/01/25 20:30:00,27.653,,,,,
2068,05/01/25 20:45:00,27.653,,,,,
2069,05/01/25 21:00:00,27.653,,,,,
2070,05/01/25 21:15:00,27.653,,,,,
2071,05/01/25 21:30:00,27.653,,,,,
2072,05/01/25 21:45:00,27.653,,,,,
2073,05/01/25 22:00:00,27.653,,,,,
2074,05/01/25 22:15:00,27.653,,,,,
2075,05/01/25 22:30:00,27.653,,,,,
2076,05/01/25 22:45:00,27.653,,,,,
2077,05/01/25 23:00:00,27.653,,,,,
2078,05/01/25 23:15:00,27.653,,,,,
2079,05/01/25 23:30:00,27.628,,,,,
2080,05/01/25 23:45:00,27.604,,,,,
2081,05/02/25 00:00:00,27.604,,,,,
2082,05/02/25 00:15:00,27.604,,,,,
2083,05/02/25 00:30:00,27.456,,,,,
2084,05/02/25 00:45:00,27.604,,,,,
2085,05/02/25 01:00:00,27.604,,,,,
2086,05/02/25 01:15:00,27.579,,,,,
2087,05/02/25 01:30:00,27.579,,,,,
2088,05/02/25 01:45:00,27.628,,,,,
2089,05/02/25 02:00:00,27.628,,,,,
2090,05/02/25 02:15:00,27.628,,,,,
2091,05/02/25 02:30:00,27.407,,,,,
2092,05/02/25 02:45:00,27.136,,,,,
2093,05/02/25 03:00:00,27.333,,,,,
2094,05/02/25 03:15:00,27.554,,,,,
2095,05/02/25 03:30:00,27.554,,,,,
2096,05/02/25 03:45:00,27.554,,,,,
2097,05/02/25 04:00:00,27.431,,,,,
2098,05/02/25 04:15:00,27.431,,,,,
2099,05/02/25 04:30:00,27.505,,,,,
2100,05/02/25 04:45:00,27.431,,,,,
2101,05/02/25 05:00:00,27.481,,,,,
2102,05/02/25 05:15:00,27.530,,,,,
2103,05/02/25 05:30:00,27.530,,,,,
2104,05/02/25 05:45:00,27.530,,,,,
2105,05/02/25 06:00:00,27.554,,,,,
2106,05/02/25 06:15:00,27.554,,,,,
2107,05/02/25 06:30:00,27.554,,,,,
2108,05/02/25 06:45:00,27.554,,,,,
2109,05/02/25 07:00:00,27.554,,,,,
2110,05/02/25 07:15:00,27.554,,,,,
2111,05/02/25 07:30:00,27.554,,,,,
2112,05/02/25 07:45:00,27.554,,,,,
2113,05/02/25 08:00:00,27.554,,,,,
2114,05/02/25 08:15:00,27.554,,,,,
2115,05/02/25 08:30:00,27.579,,,,,
2116,05/02/25 08:45:00,27.579,,,,,
2117,05/02/25 09:00:00,27.579,,,,,
2118,05/02/25 09:15:00,27.579,,,,,
2119,05/02/25 09:30:00,27.579,,,,,
2120,05/02/25 09:45:00,27.579,,,,,
2121,05/02/25 10:00:00,27.579,,,,,
2122,05/02/25 10:15:00,27.579,,,,,
2123,05/02/25 10:30:00,27.604,,,,,
2124,05/02/25 10:45:00,27.628,,,,,
2125,05/02/25 11:00:00,27.653,,,,,
2126,05/02/25 11:15:00,27.677,,,,,
2127,05/02/25 11:30:00,27.677,,,,,
2128,05/02/25 11:45:00,27.677,,,,,
2129,05/02/25 12:00:00,27.677,,,,,
2130,05/02/25 12:15:00,27.628,,,,,
2131,05/02/25 12:30:00,27.628,,,,,
2132,05/02/25 12:45:00,27.456,,,,,
2133,05/02/25 13:00:00,27.604,,,,,
2134,05/02/25 13:15:00,27.628,,,,,
2135,05/02/25 13:30:00,27.628,,,,,
2136,05/02/25 13:45:00,27.628,,,,,
2137,05/02/25 14:00:00,27.505,,,,,
2138,05/02/25 14:15:00,27.554,,,,,
2139,05/02/25 14:30:00,27.505,,,,,
2140,05/02/25 14:45:00,27.456,,,,,
2141,05/02/25 15:00:00,27.481,,,,,
2142,05/02/25 15:15:00,27.579,,,,,
2143,05/02/25 15:30:00,27.579,,,,,
2144,05/02/25 15:45:00,27.554,,,,,
2145,05/02/25 16:00:00,27.554,,,,,
2146,05/02/25 16:15:00,27.530,,,,,
2147,05/02/25 16:30:00,27.554,,,,,
2148,05/02/25 16:45:00,27.505,,,,,
2149,05/02/25 17:00:00,27.554,,,,,
2150,05/02/25 17:15:00,27.579,,,,,
2151,05/02/25 17:30:00,27.579,,,,,
2152,05/02/25 17:45:00,27.604,,,,,
2153,05/02/25 18:00:00,27.628,,,,,
2154,05/02/25 18:15:00,27.628,,,,,
2155,05/02/25 18:30:00,27.628,,,,,
2156,05/02/25 18:45:00,27.628,,,,,
2157,05/02/25 19:00:00,27.628,,,,,
2158,05/02/25 19:15:00,27.653,,,,,
2159,05/02/25 19:30:00,27.653,,,,,
2160,05/02/25 19:45:00,27.653,,,,,
2161,05/02/25 20:00:00,27.653,,,,,
2162,05/02/25 20:15:00,27.653,,,,,
2163,05/02/25 20:30:00,27.677,,,,,
2164,05/02/25 20:45:00,27.677,,,,,
2165,05/02/25 21:00:00,27.653,,,,,
2166,05/02/25 21:15:00,27.653,,,,,
2167,05/02/25 21:30:00,27.677,,,,,
2168,05/02/25 21:45:00,27.727,,,,,
2169,05/02/25 22:00:00,27.727,,,,,
2170,05/02/25 22:15:00,27.727,,,,,
2171,05/02/25 22:30:00,27.702,,,,,
2172,05/02/25 22:45:00,27.677,,,,,
2173,05/02/25 23:00:00,27.677,,,,,
2174,05/02/25 23:15:00,27.702,,,,,
2175,05/02/25 23:30:00,27.677,,,,,
2176,05/02/25 23:45:00,27.702,,,,,
2177,05/03/25 00:00:00,27.702,,,,,
2178,05/03/25 00:15:00,27.702,,,,,
2179,05/03/25 00:30:00,27.702,,,,,
2180,05/03/25 00:45:00,27.702,,,,,
2181,05/03/25 01:00:00,27.702,,,,,
2182,05/03/25 01:15:00,27.579,,,,,
2183,05/03/25 01:30:00,27.653,,,,,
2184,05/03/25 01:45:00,27.677,,,,,
2185,05/03/25 02:00:00,27.530,,,,,
2186,05/03/25 02:15:00,27.481,,,,,
2187,05/03/25 02:30:00,27.407,,,,,
2188,05/03/25 02:45:00,27.407,,,,,
2189,05/03/25 03:00:00,27.431,,,,,
2190,05/03/25 03:15:00,27.382,,,,,
2191,05/03/25 03:30:00,27.407,,,,,
2192,05/03/25 03:45:00,27.431,,,,,
2193,05/03/25 04:00:00,27.431,,,,,
2194,05/03/25 04:15:00,27.481,,,,,
2195,05/03/25 04:30:00,27.505,,,,,
2196,05/03/25 04:45:00,27.407,,,,,
2197,05/03/25 05:00:00,27.333,,,,,
2198,05/03/25 05:15:00,27.333,,,,,
2199,05/03/25 05:30:00,27.382,,,,,
2200,05/03/25 05:45:00,27.382,,,,,
2201,05/03/25 06:00:00,27.407,,,,,
2202,05/03/25 06:15:00,27.382,,,,,
2203,05/03/25 06:30:00,27.382,,,,,
2204,05/03/25 06:45:00,27.382,,,,,
2205,05/03/25 07:00:00,27.407,,,,,
2206,05/03/25 07:15:00,27.382,,,,,
2207,05/03/25 07:30:00,27.382,,,,,
2208,05/03/25 07:45:00,27.407,,,,,
2209,05/03/25 08:00:00,27.407,,,,,
2210,05/03/25 08:15:00,27.407,,,,,
2211,05/03/25 08:30:00,27.407,,,,,
2212,05/03/25 08:45:00,27.431,,,,,
2213,05/03/25 09:00:00,27.407,,,,,
2214,05/03/25 09:15:00,27.431,,,,,
2215,05/03/25 09:30:00,27.456,,,,,
2216,05/03/25 09:45:00,27.456,,,,,
2217,05/03/25 10:00:00,27.481,,,,,
2218,05/03/25 10:15:00,27.481,,,,,
2219,05/03/25 10:30:00,27.407,,,,,
2220,05/03/25 10:45:00,27.431,,,,,
2221,05/03/25 11:00:00,27.358,,,,,
2222,05/03/25 11:15:00,27.431,,,,,
2223,05/03/25 11:30:00,27.481,,,,,
2224,05/03/25 11:45:00,27.505,,,,,
2225,05/03/25 12:00:00,27.505,,,,,
2226,05/03/25 12:15:00,27.554,,,,,
2227,05/03/25 12:30:00,27.481,,,,,
2228,05/03/25 12:45:00,27.456,,,,,
2229,05/03/25 13:00:00,27.481,,,,,
2230,05/03/25 13:15:00,27.481,,,,,
2231,05/03/25 13:30:00,27.505,,,,,
2232,05/03/25 13:45:00,27.554,,,,,
2233,05/03/25 14:00:00,27.554,,,,,
2234,05/03/25 14:15:00,27.554,,,,,
2235,05/03/25 14:30:00,27.554,,,,,
2236,05/03/25 14:45:00,27.554,,,,,
2237,05/03/25 15:00:00,27.554,,,,,
2238,05/03/25 15:15:00,27.530,,,,,
2239,05/03/25 15:30:00,27.505,,,,,
2240,05/03/25 15:45:00,27.382,,,,,
2241,05/03/25 16:00:00,27.431,,,,,
2242,05/03/25 16:15:00,27.456,,,,,
2243,05/03/25 16:30:00,27.456,,,,,
2244,05/03/25 16:45:00,27.456,,,,,
2245,05/03/25 17:00:00,27.456,,,,,
2246,05/03/25 17:15:00,27.456,,,,,
2247,05/03/25 17:30:00,27.481,,,,,
2248,05/03/25 17:45:00,27.505,,,,,
2249,05/03/25 18:00:00,27.530,,,,,
2250,05/03/25 18:15:00,27.530,,,,,
2251,05/03/25 18:30:00,27.530,,,,,
2252,05/03/25 18:45:00,27.530,,,,,
2253,05/03/25 19:00:00,27.530,,,,,
2254,05/03/25 19:15:00,27.530,,,,,
2255,05/03/25 19:30:00,27.554,,,,,
2256,05/03/25 19:45:00,27.554,,,,,
2257,05/03/25 20:00:00,27.530,,,,,
2258,05/03/25 20:15:00,27.554,,,,,
2259,05/03/25 20:30:00,27.554,,,,,
2260,05/03/25 20:45:00,27.579,,,,,
2261,05/03/25 21:00:00,27.579,,,,,
2262,05/03/25 21:15:00,27.530,,,,,
2263,05/03/25 21:30:00,27.554,,,,,
2264,05/03/25 21:45:00,27.604,,,,,
2265,05/03/25 22:00:00,27.653,,,,,
2266,05/03/25 22:15:00,27.653,,,,,
2267,05/03/25 22:30:00,27.653,,,,,
2268,05/03/25 22:45:00,27.653,,,,,
2269,05/03/25 23:00:00,27.653,,,,,
2270,05/03/25 23:15:00,27.653,,,,,
2271,05/03/25 23:30:00,27.653,,,,,
2272,05/03/25 23:45:00,27.653,,,,,
2273,05/04/25 00:00:00,27.653,,,,,
2274,05/04/25 00:15:00,27.628,,,,,
2275,05/04/25 00:30:00,27.604,,,,,
2276,05/04/25 00:45:00,27.604,,,,,
2277,05/04/25 01:00:00,27.604,,,,,
2278,05/04/25 01:15:00,27.628,,,,,
2279,05/04/25 01:30:00,27.604,,,,,
2280,05/04/25 01:45:00,27.604,,,,,
2281,05/04/25 02:00:00,27.628,,,,,
2282,05/04/25 02:15:00,27.628,,,,,
2283,05/04/25 02:30:00,27.604,,,,,
2284,05/04/25 02:45:00,27.604,,,,,
2285,05/04/25 03:00:00,27.456,,,,,
2286,05/04/25 03:15:00,27.530,,,,,
2287,05/04/25 03:30:00,27.456,,,,,
2288,05/04/25 03:45:00,27.554,,,,,
2289,05/04/25 04:00:00,27.481,,,,,
2290,05/04/25 04:15:00,27.456,,,,,
2291,05/04/25 04:30:00,27.358,,,,,
2292,05/04/25 04:45:00,27.333,,,,,
2293,05/04/25 05:00:00,27.284,,,,,
2294,05/04/25 05:15:00,27.308,,,,,
2295,05/04/25 05:30:00,27.259,,,,,
2296,05/04/25 05:45:00,27.333,,,,,
2297,05/04/25 06:00:00,27.308,,,,,
2298,05/04/25 06:15:00,27.431,,,,,
2299,05/04/25 06:30:00,27.481,,,,,
2300,05/04/25 06:45:00,27.481,,,,,
2301,05/04/25 07:00:00,27.407,,,,,
2302,05/04/25 07:15:00,27.431,,,,,
2303,05/04/25 07:30:00,27.456,,,,,
2304,05/04/25 07:45:00,27.481,,,,,
2305,05/04/25 08:00:00,27.481,,,,,
2306,05/04/25 08:15:00,27.382,,,,,
2307,05/04/25 08:30:00,27.431,,,,,
2308,05/04/25 08:45:00,27.431,,,,,
2309,05/04/25 09:00:00,27.431,,,,,
2310,05/04/25 09:15:00,27.456,,,,,
2311,05/04/25 09:30:00,27.481,,,,,
2312,05/04/25 09:45:00,27.456,,,,,
2313,05/04/25 10:00:00,27.505,,,,,
2314,05/04/25 10:15:00,27.530,,,,,
2315,05/04/25 10:30:00,27.554,,,,,
2316,05/04/25 10:45:00,27.554,,,,,
2317,05/04/25 11:00:00,27.579,,,,,
2318,05/04/25 11:15:00,27.579,,,,,
2319,05/04/25 11:30:00,27.604,,,,,
2320,05/04/25 11:45:00,27.604,,,,,
2321,05/04/25 12:00:00,27.604,,,,,
2322,05/04/25 12:15:00,27.628,,,,,
2323,05/04/25 12:30:00,27.653,,,,,
2324,05/04/25 12:45:00,27.653,,,,,
2325,05/04/25 13:00:00,27.653,,,,,
2326,05/04/25 13:15:00,27.653,,,,,
2327,05/04/25 13:30:00,27.653,,,,,
2328,05/04/25 13:45:00,27.604,,,,,
2329,05/04/25 14:00:00,27.604,,,,,
2330,05/04/25 14:15:00,27.604,,,,,
2331,05/04/25 14:30:00,27.579,,,,,
2332,05/04/25 14:45:00,27.604,,,,,
2333,05/04/25 15:00:00,27.579,,,,,
2334,05/04/25 15:15:00,27.628,,,,,
2335,05/04/25 15:30:00,27.628,,,,,
2336,05/04/25 15:45:00,27.628,,,,,
2337,05/04/25 16:00:00,27.628,,,,,
2338,05/04/25 16:15:00,27.628,,,,,
2339,05/04/25 16:30:00,27.628,,,,,
2340,05/04/25 16:45:00,27.604,,,,,
2341,05/04/25 17:00:00,27.604,,,,,
2342,05/04/25 17:15:00,27.579,,,,,
2343,05/04/25 17:30:00,27.579,,,,,
2344,05/04/25 17:45:00,27.579,,,,,
2345,05/04/25 18:00:00,27.579,,,,,
2346,05/04/25 18:15:00,27.530,,,,,
2347,05/04/25 18:30:00,27.554,,,,,
2348,05/04/25 18:45:00,27.530,,,,,
2349,05/04/25 19:00:00,27.554,,,,,
2350,05/04/25 19:15:00,27.579,,,,,
2351,05/04/25 19:30:00,27.554,,,,,
2352,05/04/25 19:45:00,27.554,,,,,
2353,05/04/25 20:00:00,27.579,,,,,
2354,05/04/25 20:15:00,27.579,,,,,
2355,05/04/25 20:30:00,27.604,,,,,
2356,05/04/25 20:45:00,27.604,,,,,
2357,05/04/25 21:00:00,27.604,,,,,
2358,05/04/25 21:15:00,27.628,,,,,
2359,05/04/25 21:30:00,27.653,,,,,
2360,05/04/25 21:45:00,27.677,,,,,
2361,05/04/25 22:00:00,27.702,,,,,
2362,05/04/25 22:15:00,27.702,,,,,
2363,05/04/25 22:30:00,27.702,,,,,
2364,05/04/25 22:45:00,27.727,,,,,
2365,05/04/25 23:00:00,27.751,,,,,
2366,05/04/25 23:15:00,27.751,,,,,
2367,05/04/25 23:30:00,27.751,,,,,
2368,05/04/25 23:45:00,27.751,,,,,
2369,05/05/25 00:00:00,27.751,,,,,
2370,05/05/25 00:15:00,27.727,,,,,
2371,05/05/25 00:30:00,27.727,,,,,
2372,05/05/25 00:45:00,27.554,,,,,
2373,05/05/25 01:00:00,27.751,,,,,
2374,05/05/25 01:15:00,27.727,,,,,
2375,05/05/25 01:30:00,27.727,,,,,
2376,05/05/25 01:45:00,27.727,,,,,
2377,05/05/25 02:00:00,27.727,,,,,
2378,05/05/25 02:15:00,27.702,,,,,
2379,05/05/25 02:30:00,27.702,,,,,
2380,05/05/25 02:45:00,27.702,,,,,
2381,05/05/25 03:00:00,27.702,,,,,
2382,05/05/25 03:15:00,27.727,,,,,
2383,05/05/25 03:30:00,27.579,,,,,
2384,05/05/25 03:45:00,27.604,,,,,
2385,05/05/25 04:00:00,27.431,,,,,
2386,05/05/25 04:15:00,27.579,,,,,
2387,05/05/25 04:30:00,27.505,,,,,
2388,05/05/25 04:45:00,27.505,,,,,
2389,05/05/25 05:00:00,27.431,,,,,
2390,05/05/25 05:15:00,27.505,,,,,
2391,05/05/25 05:30:00,27.333,,,,,
2392,05/05/25 05:45:00,27.333,,,,,
2393,05/05/25 06:00:00,27.431,,,,,
2394,05/05/25 06:15:00,27.407,,,,,
2395,05/05/25 06:30:00,27.481,,,,,
2396,05/05/25 06:45:00,27.259,,,,,
2397,05/05/25 07:00:00,27.284,,,,,
2398,05/05/25 07:15:00,27.358,,,,,
2399,05/05/25 07:30:00,27.505,,,,,
2400,05/05/25 07:45:00,27.554,,,,,
2401,05/05/25 08:00:00,27.554,,,,,
2402,05/05/25 08:15:00,27.530,,,,,
2403,05/05/25 08:30:00,27.431,,,,,
2404,05/05/25 08:45:00,27.505,,,,,
2405,05/05/25 09:00:00,27.481,,,,,
2406,05/05/25 09:15:00,27.431,,,,,
2407,05/05/25 09:30:00,27.554,,,,,
2408,05/05/25 09:45:00,27.554,,,,,
2409,05/05/25 10:00:00,27.579,,,,,
2410,05/05/25 10:15:00,27.604,,,,,
2411,05/05/25 10:30:00,27.628,,,,,
2412,05/05/25 10:45:00,27.653,,,,,
2413,05/05/25 11:00:00,27.653,,,,,
2414,05/05/25 11:15:00,27.677,,,,,
2415,05/05/25 11:30:00,27.677,,,,,
2416,05/05/25 11:45:00,27.702,,,,,
2417,05/05/25 12:00:00,27.702,,,,,
2418,05/05/25 12:15:00,27.702,,,,,
2419,05/05/25 12:30:00,27.727,,,,,
2420,05/05/25 12:45:00,27.751,,,,,
2421,05/05/25 13:00:00,27.751,,,,,
2422,05/05/25 13:15:00,27.776,,,,,
2423,05/05/25 13:30:00,27.850,,,,,
2424,05/05/25 13:45:00,27.825,,,,,
2425,05/05/25 14:00:00,27.825,,,,,
2426,05/05/25 14:15:00,27.825,,,,,
2427,05/05/25 14:30:00,27.924,,,,,
2428,05/05/25 14:45:00,27.974,,,,,
2429,05/05/25 15:00:00,27.801,,,,,
2430,05/05/25 15:15:00,27.825,,,,,
2431,05/05/25 15:30:00,27.751,,,,,
2432,05/05/25 15:45:00,27.751,,,,,
2433,05/05/25 16:00:00,27.751,,,,,
2434,05/05/25 16:15:00,27.579,,,,,
2435,05/05/25 16:30:00,27.456,,,,,
2436,05/05/25 16:45:00,27.431,,,,,
2437,05/05/25 17:00:00,27.431,,,,,
2438,05/05/25 17:15:00,27.431,,,,,
2439,05/05/25 17:30:00,27.431,,,,,
2440,05/05/25 17:45:00,27.481,,,,,
2441,05/05/25 18:00:00,27.431,,,,,
2442,05/05/25 18:15:00,27.431,,,,,
2443,05/05/25 18:30:00,27.431,,,,,
2444,05/05/25 18:45:00,27.431,,,,,
2445,05/05/25 19:00:00,27.456,,,,,
2446,05/05/25 19:15:00,27.259,,,,,
2447,05/05/25 19:30:00,27.259,,,,,
2448,05/05/25 19:45:00,27.308,,,,,
2449,05/05/25 20:00:00,27.358,,,,,
2450,05/05/25 20:15:00,27.235,,,,,
2451,05/05/25 20:30:00,27.382,,,,,
2452,05/05/25 20:45:00,27.407,,,,,
2453,05/05/25 21:00:00,27.431,,,,,
2454,05/05/25 21:15:00,27.407,,,,,
2455,05/05/25 21:30:00,27.530,,,,,
2456,05/05/25 21:45:00,27.579,,,,,
2457,05/05/25 22:00:00,27.653,,,,,
2458,05/05/25 22:15:00,27.628,,,,,
2459,05/05/25 22:30:00,27.407,,,,,
2460,05/05/25 22:45:00,27.431,,,,,
2461,05/05/25 23:00:00,27.579,,,,,
2462,05/05/25 23:15:00,27.677,,,,,
2463,05/05/25 23:30:00,27.702,,,,,
2464,05/05/25 23:45:00,27.727,,,,,
2465,05/06/25 00:00:00,27.677,,,,,
2466,05/06/25 00:15:00,27.677,,,,,
2467,05/06/25 00:30:00,27.702,,,,,
2468,05/06/25 00:45:00,27.727,,,,,
2469,05/06/25 01:00:00,27.751,,,,,
2470,05/06/25 01:15:00,27.776,,,,,
2471,05/06/25 01:30:00,27.776,,,,,
2472,05/06/25 01:45:00,27.801,,,,,
2473,05/06/25 02:00:00,27.801,,,,,
2474,05/06/25 02:15:00,27.801,,,,,
2475,05/06/25 02:30:00,27.801,,,,,
2476,05/06/25 02:45:00,27.751,,,,,
2477,05/06/25 03:00:00,27.776,,,,,
2478,05/06/25 03:15:00,27.776,,,,,
2479,05/06/25 03:30:00,27.776,,,,,
2480,05/06/25 03:45:00,27.776,,,,,
2481,05/06/25 04:00:00,27.801,,,,,
2482,05/06/25 04:15:00,27.825,,,,,
2483,05/06/25 04:30:00,27.702,,,,,
2484,05/06/25 04:45:00,27.628,,,,,
2485,05/06/25 05:00:00,27.628,,,,,
2486,05/06/25 05:15:00,27.702,,,,,
2487,05/06/25 05:30:00,27.505,,,,,
2488,05/06/25 05:45:00,27.481,,,,,
2489,05/06/25 06:00:00,27.358,,,,,
2490,05/06/25 06:15:00,27.112,,,,,
2491,05/06/25 06:30:00,27.038,,,,,
2492,05/06/25 06:45:00,27.087,,,,,
2493,05/06/25 07:00:00,27.112,,,,,
2494,05/06/25 07:15:00,27.136,,,,,
2495,05/06/25 07:30:00,27.186,,,,,
2496,05/06/25 07:45:00,27.136,,,,,
2497,05/06/25 08:00:00,27.038,,,,,
2498,05/06/25 08:15:00,27.038,,,,,
2499,05/06/25 08:30:00,26.867,,,,,
2500,05/06/25 08:45:00,27.014,,,,,
2501,05/06/25 09:00:00,27.038,,,,,
2502,05/06/25 09:15:00,27.112,,,,,
2503,05/06/25 09:30:00,27.210,,,,,
2504,05/06/25 09:45:00,27.308,,,,,
2505,05/06/25 10:00:00,27.284,,,,,
2506,05/06/25 10:15:00,27.235,,,,,
2507,05/06/25 10:30:00,27.210,,,,,
2508,05/06/25 10:45:00,27.235,,,,,
2509,05/06/25 11:00:00,27.456,,,,,
2510,05/06/25 11:15:00,27.505,,,,,
2511,05/06/25 11:30:00,27.653,,,,,
2512,05/06/25 11:45:00,27.702,,,,,
2513,05/06/25 12:00:00,27.653,,,,,
2514,05/06/25 12:15:00,27.604,,,,,
2515,05/06/25 12:30:00,27.554,,,,,
2516,05/06/25 12:45:00,27.530,,,,,
2517,05/06/25 13:00:00,27.653,,,,,
2518,05/06/25 13:15:00,27.702,,,,,
2519,05/06/25 13:30:00,27.727,,,,,
2520,05/06/25 13:45:00,27.727,,,,,
2521,05/06/25 14:00:00,27.628,,,,,
2522,05/06/25 14:15:00,27.702,,,,,
2523,05/06/25 14:30:00,27.604,,,,,
2524,05/06/25 14:45:00,27.677,,,,,
2525,05/06/25 15:00:00,27.677,,,,,
2526,05/06/25 15:15:00,27.554,,,,,
2527,05/06/25 15:30:00,27.530,,,,,
2528,05/06/25 15:45:00,27.554,,,,,
2529,05/06/25 16:00:00,27.579,,,,,
2530,05/06/25 16:15:00,27.579,,,,,
2531,05/06/25 16:30:00,27.505,,,,,
2532,05/06/25 16:45:00,27.579,,,,,
2533,05/06/25 17:00:00,27.554,,,,,
2534,05/06/25 17:15:00,27.530,,,,,
2535,05/06/25 17:30:00,27.554,,,,,
2536,05/06/25 17:45:00,27.530,,,,,
2537,05/06/25 18:00:00,27.456,,,,,
2538,05/06/25 18:15:00,27.456,,,,,
2539,05/06/25 18:30:00,27.431,,,,,
2540,05/06/25 18:45:00,27.431,,,,,
2541,05/06/25 19:00:00,27.358,,,,,
2542,05/06/25 19:15:00,27.407,,,,,
2543,05/06/25 19:30:00,27.382,,,,,
2544,05/06/25 19:45:00,27.407,,,,,
2545,05/06/25 20:00:00,27.431,,,,,
2546,05/06/25 20:15:00,27.431,,,,,
2547,05/06/25 20:30:00,27.456,,,,,
2548,05/06/25 20:45:00,27.456,,,,,
2549,05/06/25 21:00:00,27.456,,,,,
2550,05/06/25 21:15:00,27.456,,,,,
2551,05/06/25 21:30:00,27.481,,,,,
2552,05/06/25 21:45:00,27.481,,,,,
2553,05/06/25 22:00:00,27.505,,,,,
2554,05/06/25 22:15:00,27.530,,,,,
2555,05/06/25 22:30:00,27.554,,,,,
2556,05/06/25 22:45:00,27.579,,,,,
2557,05/06/25 23:00:00,27.579,,,,,
2558,05/06/25 23:15:00,27.604,,,,,
2559,05/06/25 23:30:00,27.628,,,,,
2560,05/06/25 23:45:00,27.628,,,,,
2561,05/07/25 00:00:00,27.653,,,,,
2562,05/07/25 00:15:00,27.653,,,,,
2563,05/07/25 00:30:00,27.653,,,,,
2564,05/07/25 00:45:00,27.677,,,,,
2565,05/07/25 01:00:00,27.677,,,,,
2566,05/07/25 01:15:00,27.702,,,,,
2567,05/07/25 01:30:00,27.727,,,,,
2568,05/07/25 01:45:00,27.727,,,,,
2569,05/07/25 02:00:00,27.751,,,,,
2570,05/07/25 02:15:00,27.751,,,,,
2571,05/07/25 02:30:00,27.751,,,,,
2572,05/07/25 02:45:00,27.727,,,,,
2573,05/07/25 03:00:00,27.727,,,,,
2574,05/07/25 03:15:00,27.727,,,,,
2575,05/07/25 03:30:00,27.727,,,,,
2576,05/07/25 03:45:00,27.727,,,,,
2577,05/07/25 04:00:00,27.727,,,,,
2578,05/07/25 04:15:00,27.702,,,,,
2579,05/07/25 04:30:00,27.702,,,,,
2580,05/07/25 04:45:00,27.702,,,,,
2581,05/07/25 05:00:00,27.702,,,,,
2582,05/07/25 05:15:00,27.702,,,,,
2583,05/07/25 05:30:00,27.702,,,,,
2584,05/07/25 05:45:00,27.702,,,,,
2585,05/07/25 06:00:00,27.702,,,,,
2586,05/07/25 06:15:00,27.677,,,,,
2587,05/07/25 06:30:00,27.677,,,,,
2588,05/07/25 06:45:00,27.677,,,,,
2589,05/07/25 07:00:00,27.677,,,,,
2590,05/07/25 07:15:00,27.677,,,,,
2591,05/07/25 07:30:00,27.677,,,,,
2592,05/07/25 07:45:00,27.628,,,,,
2593,05/07/25 08:00:00,27.653,,,,,
2594,05/07/25 08:15:00,27.653,,,,,
2595,05/07/25 08:30:00,27.677,,,,,
2596,05/07/25 08:45:00,27.677,,,,,
2597,05/07/25 09:00:00,27.333,,,,,
2598,05/07/25 09:15:00,26.989,,,,,
2599,05/07/25 09:30:00,27.284,,,,,
2600,05/07/25 09:45:00,27.628,,,,,
2601,05/07/25 10:00:00,27.677,,,,,
2602,05/07/25 10:15:00,27.505,,,,,
2603,05/07/25 10:30:00,27.677,,,,,
2604,05/07/25 10:45:00,27.604,,,,,
2605,05/07/25 11:00:00,27.653,,,,,
2606,05/07/25 11:15:00,27.653,,,,,
2607,05/07/25 11:30:00,27.702,,,,,
2608,05/07/25 11:45:00,27.702,,,,,
2609,05/07/25 12:00:00,27.702,,,,,
2610,05/07/25 12:15:00,27.727,,,,,
2611,05/07/25 12:30:00,27.727,,,,,
2612,05/07/25 12:45:00,27.727,,,,,
2613,05/07/25 13:00:00,27.727,,,,,
2614,05/07/25 13:15:00,27.727,,,,,
2615,05/07/25 13:30:00,27.727,,,,,
2616,05/07/25 13:45:00,27.677,,,,,
2617,05/07/25 14:00:00,27.702,,,,,
2618,05/07/25 14:15:00,27.727,,,,,
2619,05/07/25 14:30:00,27.702,,,,,
2620,05/07/25 14:45:00,27.727,,,,,
2621,05/07/25 15:00:00,27.702,,,,,
2622,05/07/25 15:15:00,27.702,,,,,
2623,05/07/25 15:30:00,27.677,,,,,
2624,05/07/25 15:45:00,27.677,,,,,
2625,05/07/25 16:00:00,27.702,,,,,
2626,05/07/25 16:15:00,27.702,,,,,
2627,05/07/25 16:30:00,27.702,,,,,
2628,05/07/25 16:45:00,27.702,,,,,
2629,05/07/25 17:00:00,27.702,,,,,
2630,05/07/25 17:15:00,27.702,,,,,
2631,05/07/25 17:30:00,27.702,,,,,
2632,05/07/25 17:45:00,27.702,,,,,
2633,05/07/25 18:00:00,27.702,,,,,
2634,05/07/25 18:15:00,27.727,,,,,
2635,05/07/25 18:30:00,27.727,,,,,
2636,05/07/25 18:45:00,27.702,,,,,
2637,05/07/25 19:00:00,27.677,,,,,
2638,05/07/25 19:15:00,27.677,,,,,
2639,05/07/25 19:30:00,27.677,,,,,
2640,05/07/25 19:45:00,27.653,,,,,
2641,05/07/25 20:00:00,27.677,,,,,
2642,05/07/25 20:15:00,27.677,,,,,
2643,05/07/25 20:30:00,27.653,,,,,
2644,05/07/25 20:45:00,27.653,,,,,
2645,05/07/25 21:00:00,27.628,,,,,
2646,05/07/25 21:15:00,27.628,,,,,
2647,05/07/25 21:30:00,27.628,,,,,
2648,05/07/25 21:45:00,27.628,,,,,
2649,05/07/25 22:00:00,27.628,,,,,
2650,05/07/25 22:15:00,27.628,,,,,
2651,05/07/25 22:30:00,27.628,,,,,
2652,05/07/25 22:45:00,27.628,,,,,
2653,05/07/25 23:00:00,27.628,,,,,
2654,05/07/25 23:15:00,27.653,,,,,
2655,05/07/25 23:30:00,27.653,,,,,
2656,05/07/25 23:45:00,27.628,,,,,
2657,05/08/25 00:00:00,27.677,,,,,
2658,05/08/25 00:15:00,27.677,,,,,
2659,05/08/25 00:30:00,27.702,,,,,
2660,05/08/25 00:45:00,27.727,,,,,
2661,05/08/25 01:00:00,27.751,,,,,
2662,05/08/25 01:15:00,27.751,,,,,
2663,05/08/25 01:30:00,27.751,,,,,
2664,05/08/25 01:45:00,27.751,,,,,
2665,05/08/25 02:00:00,27.776,,,,,
2666,05/08/25 02:15:00,27.776,,,,,
2667,05/08/25 02:30:00,27.776,,,,,
2668,05/08/25 02:45:00,27.751,,,,,
2669,05/08/25 03:00:00,27.776,,,,,
2670,05/08/25 03:15:00,27.751,,,,,
2671,05/08/25 03:30:00,27.776,,,,,
2672,05/08/25 03:45:00,27.776,,,,,
2673,05/08/25 04:00:00,27.776,,,,,
2674,05/08/25 04:15:00,27.801,,,,,
2675,05/08/25 04:30:00,27.801,,,,,
2676,05/08/25 04:45:00,27.776,,,,,
2677,05/08/25 05:00:00,27.751,,,,,
2678,05/08/25 05:15:00,27.776,,,,,
2679,05/08/25 05:30:00,27.677,,,,,
2680,05/08/25 05:45:00,27.677,,,,,
2681,05/08/25 06:00:00,27.702,,,,,
2682,05/08/25 06:15:00,27.727,,,,,
2683,05/08/25 06:30:00,27.727,,,,,
2684,05/08/25 06:45:00,27.702,,,,,
2685,05/08/25 07:00:00,27.677,,,,,
2686,05/08/25 07:15:00,27.628,,,,,
2687,05/08/25 07:30:00,27.653,,,,,
2688,05/08/25 07:45:00,27.628,,,,,
2689,05/08/25 08:00:00,27.677,,,,,
2690,05/08/25 08:15:00,27.727,,,,,
2691,05/08/25 08:30:00,27.677,,,,,
2692,05/08/25 08:45:00,27.653,,,,,
2693,05/08/25 09:00:00,27.628,,,,,
2694,05/08/25 09:15:00,27.653,,,,,
2695,05/08/25 09:30:00,27.653,,,,,
2696,05/08/25 09:45:00,27.677,,,,,
2697,05/08/25 10:00:00,27.653,,,,,
2698,05/08/25 10:15:00,27.628,,,,,
2699,05/08/25 10:30:00,27.579,,,,,
2700,05/08/25 10:45:00,27.677,,,,,
2701,05/08/25 11:00:00,27.677,,,,,
2702,05/08/25 11:15:00,27.677,,,,,
2703,05/08/25 11:30:00,27.702,,,,,
2704,05/08/25 11:45:00,27.702,,,,,
2705,05/08/25 12:00:00,27.702,,,,,
2706,05/08/25 12:15:00,27.702,,,,,
2707,05/08/25 12:30:00,27.702,,,,,
2708,05/08/25 12:45:00,27.727,,,,,
2709,05/08/25 13:00:00,27.727,,,,,
2710,05/08/25 13:15:00,27.727,,,,,
2711,05/08/25 13:30:00,27.727,,,,,
2712,05/08/25 13:45:00,27.751,,,,,
2713,05/08/25 14:00:00,27.751,,,,,
2714,05/08/25 14:15:00,27.751,,,,,
2715,05/08/25 14:30:00,27.751,,,,,
2716,05/08/25 14:45:00,27.751,,,,,
2717,05/08/25 15:00:00,27.776,,,,,
2718,05/08/25 15:15:00,27.776,,,,,
2719,05/08/25 15:30:00,27.776,,,,,
2720,05/08/25 15:45:00,27.776,,,,,
2721,05/08/25 16:00:00,27.801,,,,,
2722,05/08/25 16:15:00,27.801,,,,,
2723,05/08/25 16:30:00,27.801,,,,,
2724,05/08/25 16:45:00,27.801,,,,,
2725,05/08/25 17:00:00,27.825,,,,,
2726,05/08/25 17:15:00,27.825,,,,,
2727,05/08/25 17:30:00,27.825,,,,,
2728,05/08/25 17:45:00,27.825,,,,,
2729,05/08/25 18:00:00,27.825,,,,,
2730,05/08/25 18:15:00,27.825,,,,,
2731,05/08/25 18:30:00,27.801,,,,,
2732,05/08/25 18:45:00,27.801,,,,,
2733,05/08/25 19:00:00,27.702,,,,,
2734,05/08/25 19:15:00,27.653,,,,,
2735,05/08/25 19:30:00,27.628,,,,,
2736,05/08/25 19:45:00,27.628,,,,,
2737,05/08/25 20:00:00,27.653,,,,,
2738,05/08/25 20:15:00,27.653,,,,,
2739,05/08/25 20:30:00,27.653,,,,,
2740,05/08/25 20:45:00,27.604,,,,,
2741,05/08/25 21:00:00,27.628,,,,,
2742,05/08/25 21:15:00,27.653,,,,,
2743,05/08/25 21:30:00,27.628,,,,,
2744,05/08/25 21:45:00,27.628,,,,,
2745,05/08/25 22:00:00,27.653,,,,,
2746,05/08/25 22:15:00,27.677,,,,,
2747,05/08/25 22:30:00,27.702,,,,,
2748,05/08/25 22:45:00,27.727,,,,,
2749,05/08/25 23:00:00,27.751,,,,,
2750,05/08/25 23:15:00,27.653,,,,,
2751,05/08/25 23:30:00,27.653,,,,,
2752,05/08/25 23:45:00,27.727,,,,,
2753,05/09/25 00:00:00,27.751,,,,,
2754,05/09/25 00:15:00,27.677,,,,,
2755,05/09/25 00:30:00,27.727,,,,,
2756,05/09/25 00:45:00,27.727,,,,,
2757,05/09/25 01:00:00,27.727,,,,,
2758,05/09/25 01:15:00,27.727,,,,,
2759,05/09/25 01:30:00,27.751,,,,,
2760,05/09/25 01:45:00,27.751,,,,,
2761,05/09/25 02:00:00,27.751,,,,,
2762,05/09/25 02:15:00,27.751,,,,,
2763,05/09/25 02:30:00,27.751,,,,,
2764,05/09/25 02:45:00,27.776,,,,,
2765,05/09/25 03:00:00,27.776,,,,,
2766,05/09/25 03:15:00,27.801,,,,,
2767,05/09/25 03:30:00,27.801,,,,,
2768,05/09/25 03:45:00,27.825,,,,,
2769,05/09/25 04:00:00,27.825,,,,,
2770,05/09/25 04:15:00,27.850,,,,,
2771,05/09/25 04:30:00,27.875,,,,,
2772,05/09/25 04:45:00,27.875,,,,,
2773,05/09/25 05:00:00,27.899,,,,,
2774,05/09/25 05:15:00,27.899,,,,,
2775,05/09/25 05:30:00,27.875,,,,,
2776,05/09/25 05:45:00,27.875,,,,,
2777,05/09/25 06:00:00,27.875,,,,,
2778,05/09/25 06:15:00,27.899,,,,,
2779,05/09/25 06:30:00,27.899,,,,,
2780,05/09/25 06:45:00,27.899,,,,,
2781,05/09/25 07:00:00,27.727,,,,,
2782,05/09/25 07:15:00,27.677,,,,,
2783,05/09/25 07:30:00,27.702,,,,,
2784,05/09/25 07:45:00,27.628,,,,,
2785,05/09/25 08:00:00,27.677,,,,,
2786,05/09/25 08:15:00,27.677,,,,,
2787,05/09/25 08:30:00,27.604,,,,,
2788,05/09/25 08:45:00,27.628,,,,,
2789,05/09/25 09:00:00,27.358,,,,,
2790,05/09/25 09:15:00,27.210,,,,,
2791,05/09/25 09:30:00,27.186,,,,,
2792,05/09/25 09:45:00,27.136,,,,,
2793,05/09/25 10:00:00,27.308,,,,,
2794,05/09/25 10:15:00,27.358,,,,,
2795,05/09/25 10:30:00,27.530,,,,,
2796,05/09/25 10:45:00,27.579,,,,,
2797,05/09/25 11:00:00,27.604,,,,,
2798,05/09/25 11:15:00,27.628,,,,,
2799,05/09/25 11:30:00,27.628,,,,,
2800,05/09/25 11:45:00,27.653,,,,,
2801,05/09/25 12:00:00,27.653,,,,,
2802,05/09/25 12:15:00,27.653,,,,,
2803,05/09/25 12:30:00,27.653,,,,,
2804,05/09/25 12:45:00,27.677,,,,,
2805,05/09/25 13:00:00,27.677,,,,,
2806,05/09/25 13:15:00,27.677,,,,,
2807,05/09/25 13:30:00,27.702,,,,,
2808,05/09/25 13:45:00,27.604,,,,,
2809,05/09/25 14:00:00,27.407,,,,,
2810,05/09/25 14:15:00,27.358,,,,,
2811,05/09/25 14:30:00,27.358,,,,,
2812,05/09/25 14:45:00,27.628,,,,,
2813,05/09/25 15:00:00,27.702,,,,,
2814,05/09/25 15:15:00,27.702,,,,,
2815,05/09/25 15:30:00,27.628,,,,,
2816,05/09/25 15:45:00,27.628,,,,,
2817,05/09/25 16:00:00,27.653,,,,,
2818,05/09/25 16:15:00,27.677,,,,,
2819,05/09/25 16:30:00,27.702,,,,,
2820,05/09/25 16:45:00,27.653,,,,,
2821,05/09/25 17:00:00,27.604,,,,,
2822,05/09/25 17:15:00,27.677,,,,,
2823,05/09/25 17:30:00,27.677,,,,,
2824,05/09/25 17:45:00,27.702,,,,,
2825,05/09/25 18:00:00,27.727,,,,,
2826,05/09/25 18:15:00,27.677,,,,,
2827,05/09/25 18:30:00,27.727,,,,,
2828,05/09/25 18:45:00,27.751,,,,,
2829,05/09/25 19:00:00,27.751,,,,,
2830,05/09/25 19:15:00,27.751,,,,,
2831,05/09/25 19:30:00,27.751,,,,,
2832,05/09/25 19:45:00,27.751,,,,,
2833,05/09/25 20:00:00,27.751,,,,,
2834,05/09/25 20:15:00,27.751,,,,,
2835,05/09/25 20:30:00,27.702,,,,,
2836,05/09/25 20:45:00,27.751,,,,,
2837,05/09/25 21:00:00,27.677,,,,,
2838,05/09/25 21:15:00,27.604,,,,,
2839,05/09/25 21:30:00,27.579,,,,,
2840,05/09/25 21:45:00,27.554,,,,,
2841,05/09/25 22:00:00,27.554,,,,,
2842,05/09/25 22:15:00,27.554,,,,,
2843,05/09/25 22:30:00,27.604,,,,,
2844,05/09/25 22:45:00,27.579,,,,,
2845,05/09/25 23:00:00,27.604,,,,,
2846,05/09/25 23:15:00,27.604,,,,,
2847,05/09/25 23:30:00,27.604,,,,,
2848,05/09/25 23:45:00,27.604,,,,,
2849,05/10/25 00:00:00,27.579,,,,,
2850,05/10/25 00:15:00,27.554,,,,,
2851,05/10/25 00:30:00,27.579,,,,,
2852,05/10/25 00:45:00,27.604,,,,,
2853,05/10/25 01:00:00,27.604,,,,,
2854,05/10/25 01:15:00,27.628,,,,,
2855,05/10/25 01:30:00,27.628,,,,,
2856,05/10/25 01:45:00,27.653,,,,,
2857,05/10/25 02:00:00,27.677,,,,,
2858,05/10/25 02:15:00,27.677,,,,,
2859,05/10/25 02:30:00,27.653,,,,,
2860,05/10/25 02:45:00,27.677,,,,,
2861,05/10/25 03:00:00,27.653,,,,,
2862,05/10/25 03:15:00,27.653,,,,,
2863,05/10/25 03:30:00,27.653,,,,,
2864,05/10/25 03:45:00,27.653,,,,,
2865,05/10/25 04:00:00,27.530,,,,,
2866,05/10/25 04:15:00,27.653,,,,,
2867,05/10/25 04:30:00,27.702,,,,,
2868,05/10/25 04:45:00,27.727,,,,,
2869,05/10/25 05:00:00,27.727,,,,,
2870,05/10/25 05:15:00,27.727,,,,,
2871,05/10/25 05:30:00,27.727,,,,,
2872,05/10/25 05:45:00,27.751,,,,,
2873,05/10/25 06:00:00,27.604,,,,,
2874,05/10/25 06:15:00,27.628,,,,,
2875,05/10/25 06:30:00,27.702,,,,,
2876,05/10/25 06:45:00,27.677,,,,,
2877,05/10/25 07:00:00,27.677,,,,,
2878,05/10/25 07:15:00,27.702,,,,,
2879,05/10/25 07:30:00,27.554,,,,,
2880,05/10/25 07:45:00,27.554,,,,,
2881,05/10/25 08:00:00,27.579,,,,,
2882,05/10/25 08:15:00,27.481,,,,,
2883,05/10/25 08:30:00,27.604,,,,,
2884,05/10/25 08:45:00,27.456,,,,,
2885,05/10/25 09:00:00,27.702,,,,,
2886,05/10/25 09:15:00,27.604,,,,,
2887,05/10/25 09:30:00,27.604,,,,,
2888,05/10/25 09:45:00,27.554,,,,,
2889,05/10/25 10:00:00,27.579,,,,,
2890,05/10/25 10:15:00,27.481,,,,,
2891,05/10/25 10:30:00,27.505,,,,,
2892,05/10/25 10:45:00,27.431,,,,,
2893,05/10/25 11:00:00,27.530,,,,,
2894,05/10/25 11:15:00,27.579,,,,,
2895,05/10/25 11:30:00,27.579,,,,,
2896,05/10/25 11:45:00,27.579,,,,,
2897,05/10/25 12:00:00,27.604,,,,,
2898,05/10/25 12:15:00,27.653,,,,,
2899,05/10/25 12:30:00,27.653,,,,,
2900,05/10/25 12:45:00,27.653,,,,,
2901,05/10/25 13:00:00,27.677,,,,,
2902,05/10/25 13:15:00,27.677,,,,,
2903,05/10/25 13:30:00,27.702,,,,,
2904,05/10/25 13:45:00,27.702,,,,,
2905,05/10/25 14:00:00,27.702,,,,,
2906,05/10/25 14:15:00,27.702,,,,,
2907,05/10/25 14:30:00,27.727,,,,,
2908,05/10/25 14:45:00,27.727,,,,,
2909,05/10/25 15:00:00,27.727,,,,,
2910,05/10/25 15:15:00,27.727,,,,,
2911,05/10/25 15:30:00,27.727,,,,,
2912,05/10/25 15:45:00,27.727,,,,,
2913,05/10/25 16:00:00,27.751,,,,,
2914,05/10/25 16:15:00,27.751,,,,,
2915,05/10/25 16:30:00,27.776,,,,,
2916,05/10/25 16:45:00,27.751,,,,,
2917,05/10/25 17:00:00,27.776,,,,,
2918,05/10/25 17:15:00,27.776,,,,,
2919,05/10/25 17:30:00,27.727,,,,,
2920,05/10/25 17:45:00,27.702,,,,,
2921,05/10/25 18:00:00,27.751,,,,,
2922,05/10/25 18:15:00,27.727,,,,,
2923,05/10/25 18:30:00,27.727,,,,,
2924,05/10/25 18:45:00,27.727,,,,,
2925,05/10/25 19:00:00,27.751,,,,,
2926,05/10/25 19:15:00,27.751,,,,,
2927,05/10/25 19:30:00,27.776,,,,,
2928,05/10/25 19:45:00,27.776,,,,,
2929,05/10/25 20:00:00,27.776,,,,,
2930,05/10/25 20:15:00,27.776,,,,,
2931,05/10/25 20:30:00,27.776,,,,,
2932,05/10/25 20:45:00,27.776,,,,,
2933,05/10/25 21:00:00,27.776,,,,,
2934,05/10/25 21:15:00,27.776,,,,,
2935,05/10/25 21:30:00,27.776,,,,,
2936,05/10/25 21:45:00,27.677,,,,,
2937,05/10/25 22:00:00,27.604,,,,,
2938,05/10/25 22:15:00,27.284,,,,,
2939,05/10/25 22:30:00,27.333,,,,,
2940,05/10/25 22:45:00,27.554,,,,,
2941,05/10/25 23:00:00,27.481,,,,,
2942,05/10/25 23:15:00,27.677,,,,,
2943,05/10/25 23:30:00,27.776,,,,,
2944,05/10/25 23:45:00,27.776,,,,,
2945,05/11/25 00:00:00,27.751,,,,,
2946,05/11/25 00:15:00,27.776,,,,,
2947,05/11/25 00:30:00,27.776,,,,,
2948,05/11/25 00:45:00,27.776,,,,,
2949,05/11/25 01:00:00,27.776,,,,,
2950,05/11/25 01:15:00,27.776,,,,,
2951,05/11/25 01:30:00,27.776,,,,,
2952,05/11/25 01:45:00,27.776,,,,,
2953,05/11/25 02:00:00,27.776,,,,,
2954,05/11/25 02:15:00,27.776,,,,,
2955,05/11/25 02:30:00,27.751,,,,,
2956,05/11/25 02:45:00,27.776,,,,,
2957,05/11/25 03:00:00,27.776,,,,,
2958,05/11/25 03:15:00,27.776,,,,,
2959,05/11/25 03:30:00,27.776,,,,,
2960,05/11/25 03:45:00,27.776,,,,,
2961,05/11/25 04:00:00,27.776,,,,,
2962,05/11/25 04:15:00,27.776,,,,,
2963,05/11/25 04:30:00,27.776,,,,,
2964,05/11/25 04:45:00,27.801,,,,,
2965,05/11/25 05:00:00,27.801,,,,,
2966,05/11/25 05:15:00,27.801,,,,,
2967,05/11/25 05:30:00,27.825,,,,,
2968,05/11/25 05:45:00,27.825,,,,,
2969,05/11/25 06:00:00,27.801,,,,,
2970,05/11/25 06:15:00,27.776,,,,,
2971,05/11/25 06:30:00,27.776,,,,,
2972,05/11/25 06:45:00,27.776,,,,,
2973,05/11/25 07:00:00,27.776,,,,,
2974,05/11/25 07:15:00,27.776,,,,,
2975,05/11/25 07:30:00,27.776,,,,,
2976,05/11/25 07:45:00,27.776,,,,,
2977,05/11/25 08:00:00,27.776,,,,,
2978,05/11/25 08:15:00,27.801,,,,,
2979,05/11/25 08:30:00,27.801,,,,,
2980,05/11/25 08:45:00,27.801,,,,,
2981,05/11/25 09:00:00,27.801,,,,,
2982,05/11/25 09:15:00,27.727,,,,,
2983,05/11/25 09:30:00,27.407,,,,,
2984,05/11/25 09:45:00,27.554,,,,,
2985,05/11/25 10:00:00,27.677,,,,,
2986,05/11/25 10:15:00,27.677,,,,,
2987,05/11/25 10:30:00,27.530,,,,,
2988,05/11/25 10:45:00,27.431,,,,,
2989,05/11/25 11:00:00,27.431,,,,,
2990,05/11/25 11:15:00,27.579,,,,,
2991,05/11/25 11:30:00,27.579,,,,,
2992,05/11/25 11:45:00,27.727,,,,,
2993,05/11/25 12:00:00,27.628,,,,,
2994,05/11/25 12:15:00,27.530,,,,,
2995,05/11/25 12:30:00,27.505,,,,,
2996,05/11/25 12:45:00,27.505,,,,,
2997,05/11/25 13:00:00,27.677,,,,,
2998,05/11/25 13:15:00,27.702,,,,,
2999,05/11/25 13:30:00,27.751,,,,,
3000,05/11/25 13:45:00,27.776,,,,,
3001,05/11/25 14:00:00,27.677,,,,,
3002,05/11/25 14:15:00,27.801,,,,,
3003,05/11/25 14:30:00,27.850,,,,,
3004,05/11/25 14:45:00,27.727,,,,,
3005,05/11/25 15:00:00,27.850,,,,,
3006,05/11/25 15:15:00,27.875,,,,,
3007,05/11/25 15:30:00,27.875,,,,,
3008,05/11/25 15:45:00,27.875,,,,,
3009,05/11/25 16:00:00,27.899,,,,,
3010,05/11/25 16:15:00,27.899,,,,,
3011,05/11/25 16:30:00,27.924,,,,,
3012,05/11/25 16:45:00,27.949,,,,,
3013,05/11/25 17:00:00,27.974,,,,,
3014,05/11/25 17:15:00,27.998,,,,,
3015,05/11/25 17:30:00,27.949,,,,,
3016,05/11/25 17:45:00,27.949,,,,,
3017,05/11/25 18:00:00,27.949,,,,,
3018,05/11/25 18:15:00,27.949,,,,,
3019,05/11/25 18:30:00,27.974,,,,,
3020,05/11/25 18:45:00,28.023,,,,,
3021,05/11/25 19:00:00,28.023,,,,,
3022,05/11/25 19:15:00,28.023,,,,,
3023,05/11/25 19:30:00,28.097,,,,,
3024,05/11/25 19:45:00,28.122,,,,,
3025,05/11/25 20:00:00,28.048,,,,,
3026,05/11/25 20:15:00,27.974,,,,,
3027,05/11/25 20:30:00,27.899,,,,,
3028,05/11/25 20:45:00,27.727,,,,,
3029,05/11/25 21:00:00,27.628,,,,,
3030,05/11/25 21:15:00,27.431,,,,,
3031,05/11/25 21:30:00,27.530,,,,,
3032,05/11/25 21:45:00,27.431,,,,,
3033,05/11/25 22:00:00,27.481,,,,,
3034,05/11/25 22:15:00,27.333,,,,,
3035,05/11/25 22:30:00,27.210,,,,,
3036,05/11/25 22:45:00,27.259,,,,,
3037,05/11/25 23:00:00,27.333,,,,,
3038,05/11/25 23:15:00,27.382,,,,,
3039,05/11/25 23:30:00,27.431,,,,,
3040,05/11/25 23:45:00,27.431,,,,,
3041,05/12/25 00:00:00,27.702,,,,,
3042,05/12/25 00:15:00,27.677,,,,,
3043,05/12/25 00:30:00,27.801,,,,,
3044,05/12/25 00:45:00,27.850,,,,,
3045,05/12/25 01:00:00,27.875,,,,,
3046,05/12/25 01:15:00,27.875,,,,,
3047,05/12/25 01:30:00,27.899,,,,,
3048,05/12/25 01:45:00,27.924,,,,,
3049,05/12/25 02:00:00,27.974,,,,,
3050,05/12/25 02:15:00,27.998,,,,,
3051,05/12/25 02:30:00,28.023,,,,,
3052,05/12/25 02:45:00,28.072,,,,,
3053,05/12/25 03:00:00,28.122,,,,,
3054,05/12/25 03:15:00,28.122,,,,,
3055,05/12/25 03:30:00,28.122,,,,,
3056,05/12/25 03:45:00,28.147,,,,,
3057,05/12/25 04:00:00,28.147,,,,,
3058,05/12/25 04:15:00,28.122,,,,,
3059,05/12/25 04:30:00,28.147,,,,,
3060,05/12/25 04:45:00,28.122,,,,,
3061,05/12/25 05:00:00,28.097,,,,,
3062,05/12/25 05:15:00,28.122,,,,,
3063,05/12/25 05:30:00,28.122,,,,,
3064,05/12/25 05:45:00,28.122,,,,,
3065,05/12/25 06:00:00,28.147,,,,,
3066,05/12/25 06:15:00,28.171,,,,,
3067,05/12/25 06:30:00,28.171,,,,,
3068,05/12/25 06:45:00,28.171,,,,,
3069,05/12/25 07:00:00,28.147,,,,,
3070,05/12/25 07:15:00,28.171,,,,,
3071,05/12/25 07:30:00,28.072,,,,,
3072,05/12/25 07:45:00,28.048,,,,,
3073,05/12/25 08:00:00,27.998,,,,,
3074,05/12/25 08:15:00,28.072,,,,,
3075,05/12/25 08:30:00,28.122,,,,,
3076,05/12/25 08:45:00,28.097,,,,,
3077,05/12/25 09:00:00,28.122,,,,,
3078,05/12/25 09:15:00,27.974,,,,,
3079,05/12/25 09:30:00,27.924,,,,,
3080,05/12/25 09:45:00,27.875,,,,,
3081,05/12/25 10:00:00,27.801,,,,,
3082,05/12/25 10:15:00,27.825,,,,,
3083,05/12/25 10:30:00,27.875,,,,,
3084,05/12/25 10:45:00,27.677,,,,,
3085,05/12/25 11:00:00,27.776,,,,,
3086,05/12/25 11:15:00,27.801,,,,,
3087,05/12/25 11:30:00,27.677,,,,,
3088,05/12/25 11:45:00,27.801,,,,,
3089,05/12/25 12:00:00,27.875,,,,,
3090,05/12/25 12:15:00,27.850,,,,,
3091,05/12/25 12:30:00,27.875,,,,,
3092,05/12/25 12:45:00,27.850,,,,,
3093,05/12/25 13:00:00,27.727,,,,,
3094,05/12/25 13:15:00,27.776,,,,,
3095,05/12/25 13:30:00,27.801,,,,,
3096,05/12/25 13:45:00,27.801,,,,,
3097,05/12/25 14:00:00,27.974,,,,,
3098,05/12/25 14:15:00,27.924,,,,,
3099,05/12/25 14:30:00,27.850,,,,,
3100,05/12/25 14:45:00,27.825,,,,,
3101,05/12/25 15:00:00,27.850,,,,,
3102,05/12/25 15:15:00,27.801,,,,,
3103,05/12/25 15:30:00,27.875,,,,,
3104,05/12/25 15:45:00,27.850,,,,,
3105,05/12/25 16:00:00,27.949,,,,,
3106,05/12/25 16:15:00,27.875,,,,,
3107,05/12/25 16:30:00,27.801,,,,,
3108,05/12/25 16:45:00,27.924,,,,,
3109,05/12/25 17:00:00,27.998,,,,,
3110,05/12/25 17:15:00,28.147,,,,,
3111,05/12/25 17:30:00,28.122,,,,,
3112,05/12/25 17:45:00,28.122,,,,,
3113,05/12/25 18:00:00,28.147,,,,,
3114,05/12/25 18:15:00,28.023,,,,,
3115,05/12/25 18:30:00,27.801,,,,,
3116,05/12/25 18:45:00,27.677,,,,,
3117,05/12/25 19:00:00,27.677,,,,,
3118,05/12/25 19:15:00,27.702,,,,,
3119,05/12/25 19:30:00,27.702,,,,,
3120,05/12/25 19:45:00,27.875,,,,,
3121,05/12/25 20:00:00,27.850,,,,,
3122,05/12/25 20:15:00,27.825,,,,,
3123,05/12/25 20:30:00,27.751,,,,,
3124,05/12/25 20:45:00,27.604,,,,,
3125,05/12/25 21:00:00,27.481,,,,,
3126,05/12/25 21:15:00,27.481,,,,,
3127,05/12/25 21:30:00,27.456,,,,,
3128,05/12/25 21:45:00,27.456,,,,,
3129,05/12/25 22:00:00,27.481,,,,,
3130,05/12/25 22:15:00,27.456,,,,,
3131,05/12/25 22:30:00,27.431,,,,,
3132,05/12/25 22:45:00,27.431,,,,,
3133,05/12/25 23:00:00,27.407,,,,,
3134,05/12/25 23:15:00,27.382,,,,,
3135,05/12/25 23:30:00,27.358,,,,,
3136,05/12/25 23:45:00,27.358,,,,,
3137,05/13/25 00:00:00,27.333,,,,,
3138,05/13/25 00:15:00,27.161,,,,,
3139,05/13/25 00:30:00,27.308,,,,,
3140,05/13/25 00:45:00,27.308,,,,,
3141,05/13/25 01:00:00,27.259,,,,,
3142,05/13/25 01:15:00,27.308,,,,,
3143,05/13/25 01:30:00,27.308,,,,,
3144,05/13/25 01:45:00,27.284,,,,,
3145,05/13/25 02:00:00,27.653,,,,,
3146,05/13/25 02:15:00,27.924,,,,,
3147,05/13/25 02:30:00,27.949,,,,,
3148,05/13/25 02:45:00,27.974,,,,,
3149,05/13/25 03:00:00,27.924,,,,,
3150,05/13/25 03:15:00,27.949,,,,,
3151,05/13/25 03:30:00,27.998,,,,,
3152,05/13/25 03:45:00,28.023,,,,,
3153,05/13/25 04:00:00,28.048,,,,,
3154,05/13/25 04:15:00,28.072,,,,,
3155,05/13/25 04:30:00,28.097,,,,,
3156,05/13/25 04:45:00,28.122,,,,,
3157,05/13/25 05:00:00,28.122,,,,,
3158,05/13/25 05:15:00,28.023,,,,,
3159,05/13/25 05:30:00,27.974,,,,,
3160,05/13/25 05:45:00,27.998,,,,,
3161,05/13/25 06:00:00,27.998,,,,,
3162,05/13/25 06:15:00,27.998,,,,,
3163,05/13/25 06:30:00,27.998,,,,,
3164,05/13/25 06:45:00,28.048,,,,,
3165,05/13/25 07:00:00,28.072,,,,,
3166,05/13/25 07:15:00,28.072,,,,,
3167,05/13/25 07:30:00,28.048,,,,,
3168,05/13/25 07:45:00,28.048,,,,,
3169,05/13/25 08:00:00,28.072,,,,,
3170,05/13/25 08:15:00,28.072,,,,,
3171,05/13/25 08:30:00,27.974,,,,,
3172,05/13/25 08:45:00,27.949,,,,,
3173,05/13/25 09:00:00,27.949,,,,,
3174,05/13/25 09:15:00,27.974,,,,,
3175,05/13/25 09:30:00,27.949,,,,,
3176,05/13/25 09:45:00,27.974,,,,,
3177,05/13/25 10:00:00,27.998,,,,,
3178,05/13/25 10:15:00,27.949,,,,,
3179,05/13/25 10:30:00,27.998,,,,,
3180,05/13/25 10:45:00,27.949,,,,,
3181,05/13/25 11:00:00,27.974,,,,,
3182,05/13/25 11:15:00,27.974,,,,,
3183,05/13/25 11:30:00,28.023,,,,,
3184,05/13/25 11:45:00,27.949,,,,,
3185,05/13/25 12:00:00,27.974,,,,,
3186,05/13/25 12:15:00,27.949,,,,,
3187,05/13/25 12:30:00,27.825,,,,,
3188,05/13/25 12:45:00,27.801,,,,,
3189,05/13/25 13:00:00,27.628,,,,,
3190,05/13/25 13:15:00,27.653,,,,,
3191,05/13/25 13:30:00,27.653,,,,,
3192,05/13/25 13:45:00,27.825,,,,,
3193,05/13/25 14:00:00,27.875,,,,,
3194,05/13/25 14:15:00,27.949,,,,,
3195,05/13/25 14:30:00,27.998,,,,,
3196,05/13/25 14:45:00,28.122,,,,,
3197,05/13/25 15:00:00,28.147,,,,,
3198,05/13/25 15:15:00,28.171,,,,,
3199,05/13/25 15:30:00,28.171,,,,,
3200,05/13/25 15:45:00,28.171,,,,,
3201,05/13/25 16:00:00,28.122,,,,,
3202,05/13/25 16:15:00,28.147,,,,,
3203,05/13/25 16:30:00,28.171,,,,,
3204,05/13/25 16:45:00,28.171,,,,,
3205,05/13/25 17:00:00,28.171,,,,,
3206,05/13/25 17:15:00,28.171,,,,,
3207,05/13/25 17:30:00,28.147,,,,,
3208,05/13/25 17:45:00,28.147,,,,,
3209,05/13/25 18:00:00,28.171,,,,,
3210,05/13/25 18:15:00,28.171,,,,,
3211,05/13/25 18:30:00,27.998,,,,,
3212,05/13/25 18:45:00,27.924,,,,,
3213,05/13/25 19:00:00,28.097,,,,,
3214,05/13/25 19:15:00,28.023,,,,,
3215,05/13/25 19:30:00,28.122,,,,,
3216,05/13/25 19:45:00,27.998,,,,,
3217,05/13/25 20:00:00,27.702,,,,,
3218,05/13/25 20:15:00,27.628,,,,,
3219,05/13/25 20:30:00,27.604,,,,,
3220,05/13/25 20:45:00,27.727,,,,,
3221,05/13/25 21:00:00,27.801,,,,,
3222,05/13/25 21:15:00,27.727,,,,,
3223,05/13/25 21:30:00,27.825,,,,,
3224,05/13/25 21:45:00,27.801,,,,,
3225,05/13/25 22:00:00,27.875,,,,,
3226,05/13/25 22:15:00,27.899,,,,,
3227,05/13/25 22:30:00,27.776,,,,,
3228,05/13/25 22:45:00,27.554,,,,,
3229,05/13/25 23:00:00,27.554,,,,,
3230,05/13/25 23:15:00,27.554,,,,,
3231,05/13/25 23:30:00,27.554,,,,,
3232,05/13/25 23:45:00,27.554,,,,,
3233,05/14/25 00:00:00,27.579,,,,,
3234,05/14/25 00:15:00,27.653,,,,,
3235,05/14/25 00:30:00,27.604,,,,,
3236,05/14/25 00:45:00,27.604,,,,,
3237,05/14/25 01:00:00,27.579,,,,,
3238,05/14/25 01:15:00,27.604,,,,,
3239,05/14/25 01:30:00,27.604,,,,,
3240,05/14/25 01:45:00,27.604,,,,,
3241,05/14/25 02:00:00,27.579,,,,,
3242,05/14/25 02:15:00,27.628,,,,,
3243,05/14/25 02:30:00,27.776,,,,,
3244,05/14/25 02:45:00,27.924,,,,,
3245,05/14/25 03:00:00,27.875,,,,,
3246,05/14/25 03:15:00,27.875,,,,,
3247,05/14/25 03:30:00,27.850,,,,,
3248,05/14/25 03:45:00,27.850,,,,,
3249,05/14/25 04:00:00,27.825,,,,,
3250,05/14/25 04:15:00,27.702,,,,,
3251,05/14/25 04:30:00,27.702,,,,,
3252,05/14/25 04:45:00,27.751,,,,,
3253,05/14/25 05:00:00,27.776,,,,,
3254,05/14/25 05:15:00,27.825,,,,,
3255,05/14/25 05:30:00,27.899,,,,,
3256,05/14/25 05:45:00,27.899,,,,,
3257,05/14/25 06:00:00,27.899,,,,,
3258,05/14/25 06:15:00,27.899,,,,,
3259,05/14/25 06:30:00,27.875,,,,,
3260,05/14/25 06:45:00,27.875,,,,,
3261,05/14/25 07:00:00,27.899,,,,,
3262,05/14/25 07:15:00,27.875,,,,,
3263,05/14/25 07:30:00,27.899,,,,,
3264,05/14/25 07:45:00,27.899,,,,,
3265,05/14/25 08:00:00,27.899,,,,,
3266,05/14/25 08:15:00,27.899,,,,,
3267,05/14/25 08:30:00,27.899,,,,,
3268,05/14/25 08:45:00,27.875,,,,,
3269,05/14/25 09:00:00,27.875,,,,,
3270,05/14/25 09:15:00,27.899,,,,,
3271,05/14/25 09:30:00,27.924,,,,,
3272,05/14/25 09:45:00,27.924,,,,,
3273,05/14/25 10:00:00,27.949,,,,,
3274,05/14/25 10:15:00,27.974,,,,,
3275,05/14/25 10:30:00,27.998,,,,,
3276,05/14/25 10:45:00,27.998,,,,,
3277,05/14/25 11:00:00,27.998,,,,,
3278,05/14/25 11:15:00,27.998,,,,,
3279,05/14/25 11:30:00,27.998,,,,,
3280,05/14/25 11:45:00,27.998,,,,,
3281,05/14/25 12:00:00,27.998,,,,,
3282,05/14/25 12:15:00,27.924,,,,,
3283,05/14/25 12:30:00,27.998,,,,,
3284,05/14/25 12:45:00,27.998,,,,,
3285,05/14/25 13:00:00,27.998,,,,,
3286,05/14/25 13:15:00,27.998,,,,,
3287,05/14/25 13:30:00,27.998,,,,,
3288,05/14/25 13:45:00,27.998,,,,,
3289,05/14/25 14:00:00,27.998,,,,,
3290,05/14/25 14:15:00,28.048,,,,,
3291,05/14/25 14:30:00,28.023,,,,,
3292,05/14/25 14:45:00,28.048,,,,,
3293,05/14/25 15:00:00,28.048,,,,,
3294,05/14/25 15:15:00,28.048,,,,,
3295,05/14/25 15:30:00,28.072,,,,,
3296,05/14/25 15:45:00,28.072,,,,,
3297,05/14/25 16:00:00,28.072,,,,,
3298,05/14/25 16:15:00,28.072,,,,,
3299,05/14/25 16:30:00,28.097,,,,,
3300,05/14/25 16:45:00,28.147,,,,,
3301,05/14/25 17:00:00,28.147,,,,,
3302,05/14/25 17:15:00,28.147,,,,,
3303,05/14/25 17:30:00,28.196,,,,,
3304,05/14/25 17:45:00,28.245,,,,,
3305,05/14/25 18:00:00,28.270,,,,,
3306,05/14/25 18:15:00,28.270,,,,,
3307,05/14/25 18:30:00,28.270,,,,,
3308,05/14/25 18:45:00,28.270,,,,,
3309,05/14/25 19:00:00,28.270,,,,,
3310,05/14/25 19:15:00,28.295,,,,,
3311,05/14/25 19:30:00,28.320,,,,,
3312,05/14/25 19:45:00,28.320,,,,,
3313,05/14/25 20:00:00,28.320,,,,,
3314,05/14/25 20:15:00,28.295,,,,,
3315,05/14/25 20:30:00,28.196,,,,,
3316,05/14/25 20:45:00,28.221,,,,,
3317,05/14/25 21:00:00,28.196,,,,,
3318,05/14/25 21:15:00,28.147,,,,,
3319,05/14/25 21:30:00,28.122,,,,,
3320,05/14/25 21:45:00,28.097,,,,,
3321,05/14/25 22:00:00,28.097,,,,,
3322,05/14/25 22:15:00,28.097,,,,,
3323,05/14/25 22:30:00,28.097,,,,,
3324,05/14/25 22:45:00,28.097,,,,,
3325,05/14/25 23:00:00,28.072,,,,,
3326,05/14/25 23:15:00,27.505,,,,,
3327,05/14/25 23:30:00,27.431,,,,,
3328,05/14/25 23:45:00,27.407,,,,,
3329,05/15/25 00:00:00,27.382,,,,,
3330,05/15/25 00:15:00,27.382,,,,,
3331,05/15/25 00:30:00,27.333,,,,,
3332,05/15/25 00:45:00,27.308,,,,,
3333,05/15/25 01:00:00,27.308,,,,,
3334,05/15/25 01:15:00,27.382,,,,,
3335,05/15/25 01:30:00,27.505,,,,,
3336,05/15/25 01:45:00,27.505,,,,,
3337,05/15/25 02:00:00,27.481,,,,,
3338,05/15/25 02:15:00,27.727,,,,,
3339,05/15/25 02:30:00,27.899,,,,,
3340,05/15/25 02:45:00,28.097,,,,,
3341,05/15/25 03:00:00,28.097,,,,,
3342,05/15/25 03:15:00,28.122,,,,,
3343,05/15/25 03:30:00,28.122,,,,,
3344,05/15/25 03:45:00,28.122,,,,,
3345,05/15/25 04:00:00,28.147,,,,,
3346,05/15/25 04:15:00,28.171,,,,,
3347,05/15/25 04:30:00,28.171,,,,,
3348,05/15/25 04:45:00,28.196,,,,,
3349,05/15/25 05:00:00,28.196,,,,,
3350,05/15/25 05:15:00,28.196,,,,,
3351,05/15/25 05:30:00,28.196,,,,,
3352,05/15/25 05:45:00,28.196,,,,,
3353,05/15/25 06:00:00,28.196,,,,,
3354,05/15/25 06:15:00,28.171,,,,,
3355,05/15/25 06:30:00,28.097,,,,,
3356,05/15/25 06:45:00,28.122,,,,,
3357,05/15/25 07:00:00,28.147,,,,,
3358,05/15/25 07:15:00,28.147,,,,,
3359,05/15/25 07:30:00,28.147,,,,,
3360,05/15/25 07:45:00,28.171,,,,,
3361,05/15/25 08:00:00,28.171,,,,,
3362,05/15/25 08:15:00,28.171,,,,,
3363,05/15/25 08:30:00,28.171,,,,,
3364,05/15/25 08:45:00,28.171,,,,,
3365,05/15/25 09:00:00,28.196,,,,,
3366,05/15/25 09:15:00,28.196,,,,,
3367,05/15/25 09:30:00,28.196,,,,,
3368,05/15/25 09:45:00,28.196,,,,,
3369,05/15/25 10:00:00,28.171,,,,,
3370,05/15/25 10:15:00,28.147,,,,,
3371,05/15/25 10:30:00,28.122,,,,,
3372,05/15/25 10:45:00,28.048,,,,,
3373,05/15/25 11:00:00,28.048,,,,,
3374,05/15/25 11:15:00,28.072,,,,,
3375,05/15/25 11:30:00,28.097,,,,,
3376,05/15/25 11:45:00,28.122,,,,,
3377,05/15/25 12:00:00,28.122,,,,,
3378,05/15/25 12:15:00,28.072,,,,,
3379,05/15/25 12:30:00,28.072,,,,,
3380,05/15/25 12:45:00,28.097,,,,,
3381,05/15/25 13:00:00,28.122,,,,,
3382,05/15/25 13:15:00,28.097,,,,,
3383,05/15/25 13:30:00,28.097,,,,,
3384,05/15/25 13:45:00,28.097,,,,,
3385,05/15/25 14:00:00,28.097,,,,,
3386,05/15/25 14:15:00,28.072,,,,,
3387,05/15/25 14:30:00,28.072,,,,,
3388,05/15/25 14:45:00,28.097,,,,,
3389,05/15/25 15:00:00,28.072,,,,,
3390,05/15/25 15:15:00,28.072,,,,,
3391,05/15/25 15:30:00,28.072,,,,,
3392,05/15/25 15:45:00,28.072,,,,,
3393,05/15/25 16:00:00,28.097,,,,,
3394,05/15/25 16:15:00,28.122,,,,,
3395,05/15/25 16:30:00,28.196,,,,,
3396,05/15/25 16:45:00,28.221,,,,,
3397,05/15/25 17:00:00,28.221,,,,,
3398,05/15/25 17:15:00,28.245,,,,,
3399,05/15/25 17:30:00,28.245,,,,,
3400,05/15/25 17:45:00,28.245,,,,,
3401,05/15/25 18:00:00,28.270,,,,,
3402,05/15/25 18:15:00,28.270,,,,,
3403,05/15/25 18:30:00,28.270,,,,,
3404,05/15/25 18:45:00,28.270,,,,,
3405,05/15/25 19:00:00,28.270,,,,,
3406,05/15/25 19:15:00,28.270,,,,,
3407,05/15/25 19:30:00,28.295,,,,,
3408,05/15/25 19:45:00,28.270,,,,,
3409,05/15/25 20:00:00,28.221,,,,,
3410,05/15/25 20:15:00,28.171,,,,,
3411,05/15/25 20:30:00,28.221,,,,,
3412,05/15/25 20:45:00,28.122,,,,,
3413,05/15/25 21:00:00,28.196,,,,,
3414,05/15/25 21:15:00,28.147,,,,,
3415,05/15/25 21:30:00,28.072,,,,,
3416,05/15/25 21:45:00,28.072,,,,,
3417,05/15/25 22:00:00,28.048,,,,,
3418,05/15/25 22:15:00,27.974,,,,,
3419,05/15/25 22:30:00,28.023,,,,,
3420,05/15/25 22:45:00,27.974,,,,,
3421,05/15/25 23:00:00,27.924,,,,,
3422,05/15/25 23:15:00,27.776,,,,,
3423,05/15/25 23:30:00,27.899,,,,,
3424,05/15/25 23:45:00,27.974,,,,,
3425,05/16/25 00:00:00,27.481,,,,,
3426,05/16/25 00:15:00,27.431,,,,,
3427,05/16/25 00:30:00,27.382,,,,,
3428,05/16/25 00:45:00,27.431,,,,,
3429,05/16/25 01:00:00,27.481,,,,,
3430,05/16/25 01:15:00,27.579,,,,,
3431,05/16/25 01:30:00,27.481,,,,,
3432,05/16/25 01:45:00,27.481,,,,,
3433,05/16/25 02:00:00,27.677,,,,,
3434,05/16/25 02:15:00,27.702,,,,,
3435,05/16/25 02:30:00,27.481,,,,,
3436,05/16/25 02:45:00,27.456,,,,,
3437,05/16/25 03:00:00,27.702,,,,,
3438,05/16/25 03:15:00,27.875,,,,,
3439,05/16/25 03:30:00,27.604,,,,,
3440,05/16/25 03:45:00,27.530,,,,,
3441,05/16/25 04:00:00,27.702,,,,,
3442,05/16/25 04:15:00,27.628,,,,,
3443,05/16/25 04:30:00,27.850,,,,,
3444,05/16/25 04:45:00,27.974,,,,,
3445,05/16/25 05:00:00,28.097,,,,,
3446,05/16/25 05:15:00,28.122,,,,,
3447,05/16/25 05:30:00,28.122,,,,,
3448,05/16/25 05:45:00,28.122,,,,,
3449,05/16/25 06:00:00,28.122,,,,,
3450,05/16/25 06:15:00,28.122,,,,,
3451,05/16/25 06:30:00,28.097,,,,,
3452,05/16/25 06:45:00,28.097,,,,,
3453,05/16/25 07:00:00,28.122,,,,,
3454,05/16/25 07:15:00,28.097,,,,,
3455,05/16/25 07:30:00,28.122,,,,,
3456,05/16/25 07:45:00,28.122,,,,,
3457,05/16/25 08:00:00,28.147,,,,,
3458,05/16/25 08:15:00,28.122,,,,,
3459,05/16/25 08:30:00,28.122,,,,,
3460,05/16/25 08:45:00,28.122,,,,,
3461,05/16/25 09:00:00,28.147,,,,,
3462,05/16/25 09:15:00,28.147,,,,,
3463,05/16/25 09:30:00,28.147,,,,,
3464,05/16/25 09:45:00,28.147,,,,,
3465,05/16/25 10:00:00,28.122,,,,,
3466,05/16/25 10:15:00,28.122,,,,,
3467,05/16/25 10:30:00,28.147,,,,,
3468,05/16/25 10:45:00,28.147,,,,,
3469,05/16/25 11:00:00,28.147,,,,,
3470,05/16/25 11:15:00,28.147,,,,,
3471,05/16/25 11:30:00,28.147,,,,,
3472,05/16/25 11:45:00,28.147,,,,,
3473,05/16/25 12:00:00,28.122,,,,,
3474,05/16/25 12:15:00,28.097,,,,,
3475,05/16/25 12:30:00,28.122,,,,,
3476,05/16/25 12:45:00,28.122,,,,,
3477,05/16/25 13:00:00,28.122,,,,,
3478,05/16/25 13:15:00,28.097,,,,,
3479,05/16/25 13:30:00,28.122,,,,,
3480,05/16/25 13:45:00,28.122,,,,,
3481,05/16/25 14:00:00,28.147,,,,,
3482,05/16/25 14:15:00,28.147,,,,,
3483,05/16/25 14:30:00,28.122,,,,,
3484,05/16/25 14:45:00,28.122,,,,,
3485,05/16/25 15:00:00,28.122,,,,,
3486,05/16/25 15:15:00,28.122,,,,,
3487,05/16/25 15:30:00,28.122,,,,,
3488,05/16/25 15:45:00,28.122,,,,,
3489,05/16/25 16:00:00,28.122,,,,,
3490,05/16/25 16:15:00,28.147,,,,,
3491,05/16/25 16:30:00,28.171,,,,,
3492,05/16/25 16:45:00,28.171,,,,,
3493,05/16/25 17:00:00,28.171,,,,,
3494,05/16/25 17:15:00,28.171,,,,,
3495,05/16/25 17:30:00,28.196,,,,,
3496,05/16/25 17:45:00,28.196,,,,,
3497,05/16/25 18:00:00,28.196,,,,,
3498,05/16/25 18:15:00,28.221,,,,,
3499,05/16/25 18:30:00,28.221,,,,,
3500,05/16/25 18:45:00,28.221,,,,,
3501,05/16/25 19:00:00,28.221,,,,,
3502,05/16/25 19:15:00,28.221,,,,,
3503,05/16/25 19:30:00,28.221,,,,,
3504,05/16/25 19:45:00,28.221,,,,,
3505,05/16/25 20:00:00,28.221,,,,,
3506,05/16/25 20:15:00,28.221,,,,,
3507,05/16/25 20:30:00,28.221,,,,,
3508,05/16/25 20:45:00,28.221,,,,,
3509,05/16/25 21:00:00,28.221,,,,,
3510,05/16/25 21:15:00,28.221,,,,,
3511,05/16/25 21:30:00,28.221,,,,,
3512,05/16/25 21:45:00,28.245,,,,,
3513,05/16/25 22:00:00,28.245,,,,,
3514,05/16/25 22:15:00,28.221,,,,,
3515,05/16/25 22:30:00,28.221,,,,,
3516,05/16/25 22:45:00,28.221,,,,,
3517,05/16/25 23:00:00,28.221,,,,,
3518,05/16/25 23:15:00,28.221,,,,,
3519,05/16/25 23:30:00,28.221,,,,,
3520,05/16/25 23:45:00,28.196,,,,,
3521,05/17/25 00:00:00,28.147,,,,,
3522,05/17/25 00:15:00,28.122,,,,,
3523,05/17/25 00:30:00,28.122,,,,,
3524,05/17/25 00:45:00,28.097,,,,,
3525,05/17/25 01:00:00,28.072,,,,,
3526,05/17/25 01:15:00,28.072,,,,,
3527,05/17/25 01:30:00,28.048,,,,,
3528,05/17/25 01:45:00,28.072,,,,,
3529,05/17/25 02:00:00,28.097,,,,,
3530,05/17/25 02:15:00,27.702,,,,,
3531,05/17/25 02:30:00,28.048,,,,,
3532,05/17/25 02:45:00,28.048,,,,,
3533,05/17/25 03:00:00,28.072,,,,,
3534,05/17/25 03:15:00,28.122,,,,,
3535,05/17/25 03:30:00,28.147,,,,,
3536,05/17/25 03:45:00,28.147,,,,,
3537,05/17/25 04:00:00,28.147,,,,,
3538,05/17/25 04:15:00,28.147,,,,,
3539,05/17/25 04:30:00,28.147,,,,,
3540,05/17/25 04:45:00,28.147,,,,,
3541,05/17/25 05:00:00,28.122,,,,,
3542,05/17/25 05:15:00,28.147,,,,,
3543,05/17/25 05:30:00,28.147,,,,,
3544,05/17/25 05:45:00,28.147,,,,,
3545,05/17/25 06:00:00,28.147,,,,,
3546,05/17/25 06:15:00,28.147,,,,,
3547,05/17/25 06:30:00,28.171,,,,,
3548,05/17/25 06:45:00,28.171,,,,,
3549,05/17/25 07:00:00,28.171,,,,,
3550,05/17/25 07:15:00,28.171,,,,,
3551,05/17/25 07:30:00,28.171,,,,,
3552,05/17/25 07:45:00,28.171,,,,,
3553,05/17/25 08:00:00,28.171,,,,,
3554,05/17/25 08:15:00,28.171,,,,,
3555,05/17/25 08:30:00,28.171,,,,,
3556,05/17/25 08:45:00,28.171,,,,,
3557,05/17/25 09:00:00,28.072,,,,,
3558,05/17/25 09:15:00,28.023,,,,,
3559,05/17/25 09:30:00,27.949,,,,,
3560,05/17/25 09:45:00,27.974,,,,,
3561,05/17/25 10:00:00,27.949,,,,,
3562,05/17/25 10:15:00,27.850,,,,,
3563,05/17/25 10:30:00,27.875,,,,,
3564,05/17/25 10:45:00,27.949,,,,,
3565,05/17/25 11:00:00,27.825,,,,,
3566,05/17/25 11:15:00,27.801,,,,,
3567,05/17/25 11:30:00,27.924,,,,,
3568,05/17/25 11:45:00,27.850,,,,,
3569,05/17/25 12:00:00,27.899,,,,,
3570,05/17/25 12:15:00,27.924,,,,,
3571,05/17/25 12:30:00,27.949,,,,,
3572,05/17/25 12:45:00,27.949,,,,,
3573,05/17/25 13:00:00,27.924,,,,,
3574,05/17/25 13:15:00,27.850,,,,,
3575,05/17/25 13:30:00,27.924,,,,,
3576,05/17/25 13:45:00,27.850,,,,,
3577,05/17/25 14:00:00,27.825,,,,,
3578,05/17/25 14:15:00,27.875,,,,,
3579,05/17/25 14:30:00,27.949,,,,,
3580,05/17/25 14:45:00,27.974,,,,,
3581,05/17/25 15:00:00,28.097,,,,,
3582,05/17/25 15:15:00,27.998,,,,,
3583,05/17/25 15:30:00,28.023,,,,,
3584,05/17/25 15:45:00,28.023,,,,,
3585,05/17/25 16:00:00,28.048,,,,,
3586,05/17/25 16:15:00,28.097,,,,,
3587,05/17/25 16:30:00,28.097,,,,,
3588,05/17/25 16:45:00,28.097,,,,,
3589,05/17/25 17:00:00,28.122,,,,,
3590,05/17/25 17:15:00,28.147,,,,,
3591,05/17/25 17:30:00,28.147,,,,,
3592,05/17/25 17:45:00,28.147,,,,,
3593,05/17/25 18:00:00,28.147,,,,,
3594,05/17/25 18:15:00,28.147,,,,,
3595,05/17/25 18:30:00,28.122,,,,,
3596,05/17/25 18:45:00,28.122,,,,,
3597,05/17/25 19:00:00,28.122,,,,,
3598,05/17/25 19:15:00,28.122,,,,,
3599,05/17/25 19:30:00,28.097,,,,,
3600,05/17/25 19:45:00,28.097,,,,,
3601,05/17/25 20:00:00,28.122,,,,,
3602,05/17/25 20:15:00,28.122,,,,,
3603,05/17/25 20:30:00,28.147,,,,,
3604,05/17/25 20:45:00,28.122,,,,,
3605,05/17/25 21:00:00,28.122,,,,,
3606,05/17/25 21:15:00,28.147,,,,,
3607,05/17/25 21:30:00,28.147,,,,,
3608,05/17/25 21:45:00,28.147,,,,,
3609,05/17/25 22:00:00,28.147,,,,,
3610,05/17/25 22:15:00,28.122,,,,,
3611,05/17/25 22:30:00,28.122,,,,,
3612,05/17/25 22:45:00,28.097,,,,,
3613,05/17/25 23:00:00,28.097,,,,,
3614,05/17/25 23:15:00,28.097,,,,,
3615,05/17/25 23:30:00,28.097,,,,,
3616,05/17/25 23:45:00,28.097,,,,,
3617,05/18/25 00:00:00,27.998,,,,,
3618,05/18/25 00:15:00,27.949,,,,,
3619,05/18/25 00:30:00,27.974,,,,,
3620,05/18/25 00:45:00,27.998,,,,,
3621,05/18/25 01:00:00,27.899,,,,,
3622,05/18/25 01:15:00,27.899,,,,,
3623,05/18/25 01:30:00,27.974,,,,,
3624,05/18/25 01:45:00,27.924,,,,,
3625,05/18/25 02:00:00,27.899,,,,,
3626,05/18/25 02:15:00,27.949,,,,,
3627,05/18/25 02:30:00,27.924,,,,,
3628,05/18/25 02:45:00,27.998,,,,,
3629,05/18/25 03:00:00,28.048,,,,,
3630,05/18/25 03:15:00,28.048,,,,,
3631,05/18/25 03:30:00,28.023,,,,,
3632,05/18/25 03:45:00,28.048,,,,,
3633,05/18/25 04:00:00,28.048,,,,,
3634,05/18/25 04:15:00,28.048,,,,,
3635,05/18/25 04:30:00,28.072,,,,,
3636,05/18/25 04:45:00,28.023,,,,,
3637,05/18/25 05:00:00,28.072,,,,,
3638,05/18/25 05:15:00,28.072,,,,,
3639,05/18/25 05:30:00,28.097,,,,,
3640,05/18/25 05:45:00,28.072,,,,,
3641,05/18/25 06:00:00,28.097,,,,,
3642,05/18/25 06:15:00,28.097,,,,,
3643,05/18/25 06:30:00,28.097,,,,,
3644,05/18/25 06:45:00,28.097,,,,,
3645,05/18/25 07:00:00,28.097,,,,,
3646,05/18/25 07:15:00,28.097,,,,,
3647,05/18/25 07:30:00,28.097,,,,,
3648,05/18/25 07:45:00,28.097,,,,,
3649,05/18/25 08:00:00,28.122,,,,,
3650,05/18/25 08:15:00,28.122,,,,,
3651,05/18/25 08:30:00,28.122,,,,,
3652,05/18/25 08:45:00,27.998,,,,,
3653,05/18/25 09:00:00,27.949,,,,,
3654,05/18/25 09:15:00,27.924,,,,,
3655,05/18/25 09:30:00,27.949,,,,,
3656,05/18/25 09:45:00,27.875,,,,,
3657,05/18/25 10:00:00,27.751,,,,,
3658,05/18/25 10:15:00,27.776,,,,,
3659,05/18/25 10:30:00,27.801,,,,,
3660,05/18/25 10:45:00,28.147,,,,,
3661,05/18/25 11:00:00,28.048,,,,,
3662,05/18/25 11:15:00,27.949,,,,,
3663,05/18/25 11:30:00,28.147,,,,,
3664,05/18/25 11:45:00,28.147,,,,,
3665,05/18/25 12:00:00,28.023,,,,,
3666,05/18/25 12:15:00,28.023,,,,,
3667,05/18/25 12:30:00,27.875,,,,,
3668,05/18/25 12:45:00,27.825,,,,,
3669,05/18/25 13:00:00,27.949,,,,,
3670,05/18/25 13:15:00,27.924,,,,,
3671,05/18/25 13:30:00,28.023,,,,,
3672,05/18/25 13:45:00,28.048,,,,,
3673,05/18/25 14:00:00,28.097,,,,,
3674,05/18/25 14:15:00,28.122,,,,,
3675,05/18/25 14:30:00,28.122,,,,,
3676,05/18/25 14:45:00,28.122,,,,,
3677,05/18/25 15:00:00,28.122,,,,,
3678,05/18/25 15:15:00,28.122,,,,,
3679,05/18/25 15:30:00,28.147,,,,,
3680,05/18/25 15:45:00,28.147,,,,,
3681,05/18/25 16:00:00,28.147,,,,,
3682,05/18/25 16:15:00,28.147,,,,,
3683,05/18/25 16:30:00,28.147,,,,,
3684,05/18/25 16:45:00,28.147,,,,,
3685,05/18/25 17:00:00,28.147,,,,,
3686,05/18/25 17:15:00,28.147,,,,,
3687,05/18/25 17:30:00,28.171,,,,,
3688,05/18/25 17:45:00,28.171,,,,,
3689,05/18/25 18:00:00,28.171,,,,,
3690,05/18/25 18:15:00,28.171,,,,,
3691,05/18/25 18:30:00,28.196,,,,,
3692,05/18/25 18:45:00,28.196,,,,,
3693,05/18/25 19:00:00,28.196,,,,,
3694,05/18/25 19:15:00,28.196,,,,,
3695,05/18/25 19:30:00,28.147,,,,,
3696,05/18/25 19:45:00,28.171,,,,,
3697,05/18/25 20:00:00,28.196,,,,,
3698,05/18/25 20:15:00,28.196,,,,,
3699,05/18/25 20:30:00,28.221,,,,,
3700,05/18/25 20:45:00,28.221,,,,,
3701,05/18/25 21:00:00,28.221,,,,,
3702,05/18/25 21:15:00,28.221,,,,,
3703,05/18/25 21:30:00,28.221,,,,,
3704,05/18/25 21:45:00,28.221,,,,,
3705,05/18/25 22:00:00,28.221,,,,,
3706,05/18/25 22:15:00,28.221,,,,,
3707,05/18/25 22:30:00,28.221,,,,,
3708,05/18/25 22:45:00,28.221,,,,,
3709,05/18/25 23:00:00,28.221,,,,,
3710,05/18/25 23:15:00,28.171,,,,,
3711,05/18/25 23:30:00,28.171,,,,,
3712,05/18/25 23:45:00,28.171,,,,,
3713,05/19/25 00:00:00,28.171,,,,,
3714,05/19/25 00:15:00,28.171,,,,,
3715,05/19/25 00:30:00,28.196,,,,,
3716,05/19/25 00:45:00,28.196,,,,,
3717,05/19/25 01:00:00,28.196,,,,,
3718,05/19/25 01:15:00,28.196,,,,,
3719,05/19/25 01:30:00,28.196,,,,,
3720,05/19/25 01:45:00,28.171,,,,,
3721,05/19/25 02:00:00,28.147,,,,,
3722,05/19/25 02:15:00,28.171,,,,,
3723,05/19/25 02:30:00,28.171,,,,,
3724,05/19/25 02:45:00,28.147,,,,,
3725,05/19/25 03:00:00,28.147,,,,,
3726,05/19/25 03:15:00,28.147,,,,,
3727,05/19/25 03:30:00,28.147,,,,,
3728,05/19/25 03:45:00,28.122,,,,,
3729,05/19/25 04:00:00,28.147,,,,,
3730,05/19/25 04:15:00,28.147,,,,,
3731,05/19/25 04:30:00,28.147,,,,,
3732,05/19/25 04:45:00,28.147,,,,,
3733,05/19/25 05:00:00,28.147,,,,,
3734,05/19/25 05:15:00,28.147,,,,,
3735,05/19/25 05:30:00,28.147,,,,,
3736,05/19/25 05:45:00,28.147,,,,,
3737,05/19/25 06:00:00,28.147,,,,,
3738,05/19/25 06:15:00,28.147,,,,,
3739,05/19/25 06:30:00,28.171,,,,,
3740,05/19/25 06:45:00,28.171,,,,,
3741,05/19/25 07:00:00,28.171,,,,,
3742,05/19/25 07:15:00,28.171,,,,,
3743,05/19/25 07:30:00,28.171,,,,,
3744,05/19/25 07:45:00,28.196,,,,,
3745,05/19/25 08:00:00,28.196,,,,,
3746,05/19/25 08:15:00,28.171,,,,,
3747,05/19/25 08:30:00,28.171,,,,,
3748,05/19/25 08:45:00,28.171,,,,,
3749,05/19/25 09:00:00,28.171,,,,,
3750,05/19/25 09:15:00,28.171,,,,,
3751,05/19/25 09:30:00,28.171,,,,,
3752,05/19/25 09:45:00,28.171,,,,,
3753,05/19/25 10:00:00,28.171,,,,,
3754,05/19/25 10:15:00,28.196,,,,,
3755,05/19/25 10:30:00,28.196,,,,,
3756,05/19/25 10:45:00,28.221,,,,,
3757,05/19/25 11:00:00,28.196,,,,,
3758,05/19/25 11:15:00,28.196,,,,,
3759,05/19/25 11:30:00,28.221,,,,,
3760,05/19/25 11:45:00,28.221,,,,,
3761,05/19/25 12:00:00,28.245,,,,,
3762,05/19/25 12:15:00,28.245,,,,,
3763,05/19/25 12:30:00,28.245,,,,,
3764,05/19/25 12:45:00,28.245,,,,,
3765,05/19/25 13:00:00,28.196,,,,,
3766,05/19/25 13:15:00,28.196,,,,,
3767,05/19/25 13:30:00,28.196,,,,,
3768,05/19/25 13:45:00,28.221,,,,,
3769,05/19/25 14:00:00,28.221,,,,,
3770,05/19/25 14:15:00,28.171,,,,,
3771,05/19/25 14:30:00,28.221,,,,,
3772,05/19/25 14:45:00,28.221,,,,,
3773,05/19/25 15:00:00,28.221,,,,,
3774,05/19/25 15:15:00,28.221,,,,,
3775,05/19/25 15:30:00,28.221,,,,,
3776,05/19/25 15:45:00,28.221,,,,,
3777,05/19/25 16:00:00,28.171,,,,,
3778,05/19/25 16:15:00,28.171,,,,,
3779,05/19/25 16:30:00,28.196,,,,,
3780,05/19/25 16:45:00,28.245,,,,,
3781,05/19/25 17:00:00,28.196,,,,,
3782,05/19/25 17:15:00,28.196,,,,,
3783,05/19/25 17:30:00,28.196,,,,,
3784,05/19/25 17:45:00,28.196,,,,,
3785,05/19/25 18:00:00,28.221,,,,,
3786,05/19/25 18:15:00,28.245,,,,,
3787,05/19/25 18:30:00,28.270,,,,,
3788,05/19/25 18:45:00,28.270,,,,,
3789,05/19/25 19:00:00,28.245,,,,,
3790,05/19/25 19:15:00,28.270,,,,,
3791,05/19/25 19:30:00,28.270,,,,,
3792,05/19/25 19:45:00,28.270,,,,,
3793,05/19/25 20:00:00,28.270,,,,,
3794,05/19/25 20:15:00,28.245,,,,,
3795,05/19/25 20:30:00,28.245,,,,,
3796,05/19/25 20:45:00,28.245,,,,,
3797,05/19/25 21:00:00,28.221,,,,,
3798,05/19/25 21:15:00,28.221,,,,,
3799,05/19/25 21:30:00,28.221,,,,,
3800,05/19/25 21:45:00,28.245,,,,,
3801,05/19/25 22:00:00,28.245,,,,,
3802,05/19/25 22:15:00,28.245,,,,,
3803,05/19/25 22:30:00,28.245,,,,,
3804,05/19/25 22:45:00,28.270,,,,,
3805,05/19/25 23:00:00,28.295,,,,,
3806,05/19/25 23:15:00,28.295,,,,,
3807,05/19/25 23:30:00,28.270,,,,,
3808,05/19/25 23:45:00,28.270,,,,,
3809,05/20/25 00:00:00,28.270,,,,,
3810,05/20/25 00:15:00,28.295,,,,,
3811,05/20/25 00:30:00,28.320,,,,,
3812,05/20/25 00:45:00,28.221,,,,,
3813,05/20/25 01:00:00,28.196,,,,,
3814,05/20/25 01:15:00,28.245,,,,,
3815,05/20/25 01:30:00,28.245,,,,,
3816,05/20/25 01:45:00,28.245,,,,,
3817,05/20/25 02:00:00,28.196,,,,,
3818,05/20/25 02:15:00,28.048,,,,,
3819,05/20/25 02:30:00,28.023,,,,,
3820,05/20/25 02:45:00,27.801,,,,,
3821,05/20/25 03:00:00,27.899,,,,,
3822,05/20/25 03:15:00,27.899,,,,,
3823,05/20/25 03:30:00,27.924,,,,,
3824,05/20/25 03:45:00,27.974,,,,,
3825,05/20/25 04:00:00,28.048,,,,,
3826,05/20/25 04:15:00,28.072,,,,,
3827,05/20/25 04:30:00,28.122,,,,,
3828,05/20/25 04:45:00,28.147,,,,,
3829,05/20/25 05:00:00,28.171,,,,,
3830,05/20/25 05:15:00,28.196,,,,,
3831,05/20/25 05:30:00,28.171,,,,,
3832,05/20/25 05:45:00,28.147,,,,,
3833,05/20/25 06:00:00,28.171,,,,,
3834,05/20/25 06:15:00,28.171,,,,,
3835,05/20/25 06:30:00,28.122,,,,,
3836,05/20/25 06:45:00,28.147,,,,,
3837,05/20/25 07:00:00,28.122,,,,,
3838,05/20/25 07:15:00,28.147,,,,,
3839,05/20/25 07:30:00,28.147,,,,,
3840,05/20/25 07:45:00,28.171,,,,,
3841,05/20/25 08:00:00,28.171,,,,,
3842,05/20/25 08:15:00,28.196,,,,,
3843,05/20/25 08:30:00,28.196,,,,,
3844,05/20/25 08:45:00,28.221,,,,,
3845,05/20/25 09:00:00,28.270,,,,,
3846,05/20/25 09:15:00,28.270,,,,,
3847,05/20/25 09:30:00,28.295,,,,,
3848,05/20/25 09:45:00,28.320,,,,,
3849,05/20/25 10:00:00,28.345,,,,,
3850,05/20/25 10:15:00,28.369,,,,,
3851,05/20/25 10:30:00,28.369,,,,,
3852,05/20/25 10:45:00,28.394,,,,,
3853,05/20/25 11:00:00,28.394,,,,,
3854,05/20/25 11:15:00,28.369,,,,,
3855,05/20/25 11:30:00,28.270,,,,,
3856,05/20/25 11:45:00,28.295,,,,,
3857,05/20/25 12:00:00,28.245,,,,,
3858,05/20/25 12:15:00,28.245,,,,,
3859,05/20/25 12:30:00,28.245,,,,,
3860,05/20/25 12:45:00,28.245,,,,,
3861,05/20/25 13:00:00,28.245,,,,,
3862,05/20/25 13:15:00,28.221,,,,,
3863,05/20/25 13:30:00,28.221,,,,,
3864,05/20/25 13:45:00,28.221,,,,,
3865,05/20/25 14:00:00,28.221,,,,,
3866,05/20/25 14:15:00,28.221,,,,,
3867,05/20/25 14:30:00,28.196,,,,,
3868,05/20/25 14:45:00,28.171,,,,,
3869,05/20/25 15:00:00,28.171,,,,,
3870,05/20/25 15:15:00,28.122,,,,,
3871,05/20/25 15:30:00,28.221,,,,,
3872,05/20/25 15:45:00,28.221,,,,,
3873,05/20/25 16:00:00,28.270,,,,,
3874,05/20/25 16:15:00,28.245,,,,,
3875,05/20/25 16:30:00,28.245,,,,,
3876,05/20/25 16:45:00,28.245,,,,,
3877,05/20/25 17:00:00,28.270,,,,,
3878,05/20/25 17:15:00,28.295,,,,,
3879,05/20/25 17:30:00,28.320,,,,,
3880,05/20/25 17:45:00,28.320,,,,,
3881,05/20/25 18:00:00,28.320,,,,,
3882,05/20/25 18:15:00,28.320,,,,,
3883,05/20/25 18:30:00,28.320,,,,,
3884,05/20/25 18:45:00,28.345,,,,,
3885,05/20/25 19:00:00,28.320,,,,,
3886,05/20/25 19:15:00,28.320,,,,,
3887,05/20/25 19:30:00,28.369,,,,,
3888,05/20/25 19:45:00,28.369,,,,,
3889,05/20/25 20:00:00,28.369,,,,,
3890,05/20/25 20:15:00,28.394,,,,,
3891,05/20/25 20:30:00,28.394,,,,,
3892,05/20/25 20:45:00,28.394,,,,,
3893,05/20/25 21:00:00,28.419,,,,,
3894,05/20/25 21:15:00,28.444,,,,,
3895,05/20/25 21:30:00,28.444,,,,,
3896,05/20/25 21:45:00,28.444,,,,,
3897,05/20/25 22:00:00,28.419,,,,,
3898,05/20/25 22:15:00,28.444,,,,,
3899,05/20/25 22:30:00,28.444,,,,,
3900,05/20/25 22:45:00,28.444,,,,,
3901,05/20/25 23:00:00,28.444,,,,,
3902,05/20/25 23:15:00,28.468,,,,,
3903,05/20/25 23:30:00,28.493,,,,,
3904,05/20/25 23:45:00,28.518,,,,,
3905,05/21/25 00:00:00,28.468,,,,,
3906,05/21/25 00:15:00,28.419,,,,,
3907,05/21/25 00:30:00,28.444,,,,,
3908,05/21/25 00:45:00,28.419,,,,,
3909,05/21/25 01:00:00,28.419,,,,,
3910,05/21/25 01:15:00,28.419,,,,,
3911,05/21/25 01:30:00,28.419,,,,,
3912,05/21/25 01:45:00,28.345,,,,,
3913,05/21/25 02:00:00,28.394,,,,,
3914,05/21/25 02:15:00,28.369,,,,,
3915,05/21/25 02:30:00,28.369,,,,,
3916,05/21/25 02:45:00,28.369,,,,,
3917,05/21/25 03:00:00,28.369,,,,,
3918,05/21/25 03:15:00,28.369,,,,,
3919,05/21/25 03:30:00,28.295,,,,,
3920,05/21/25 03:45:00,28.320,,,,,
3921,05/21/25 04:00:00,28.369,,,,,
3922,05/21/25 04:15:00,28.295,,,,,
3923,05/21/25 04:30:00,28.270,,,,,
3924,05/21/25 04:45:00,28.320,,,,,
3925,05/21/25 05:00:00,28.345,,,,,
3926,05/21/25 05:15:00,28.345,,,,,
3927,05/21/25 05:30:00,28.295,,,,,
3928,05/21/25 05:45:00,28.320,,,,,
3929,05/21/25 06:00:00,28.320,,,,,
3930,05/21/25 06:15:00,28.320,,,,,
3931,05/21/25 06:30:00,28.320,,,,,
3932,05/21/25 06:45:00,28.394,,,,,
3933,05/21/25 07:00:00,28.419,,,,,
3934,05/21/25 07:15:00,28.419,,,,,
3935,05/21/25 07:30:00,28.394,,,,,
3936,05/21/25 07:45:00,28.419,,,,,
3937,05/21/25 08:00:00,28.419,,,,,
3938,05/21/25 08:15:00,28.419,,,,,
3939,05/21/25 08:30:00,28.419,,,,,
3940,05/21/25 08:45:00,28.419,,,,,
3941,05/21/25 09:00:00,28.419,,,,,
3942,05/21/25 09:15:00,28.419,,,,,
3943,05/21/25 09:30:00,28.419,,,,,
3944,05/21/25 09:45:00,28.419,,,,,
3945,05/21/25 10:00:00,28.394,,,,,
3946,05/21/25 10:15:00,28.419,,,,,
3947,05/21/25 10:30:00,28.419,,,,,
3948,05/21/25 10:45:00,28.419,,,,,
3949,05/21/25 11:00:00,28.444,,,,,
3950,05/21/25 11:15:00,28.468,,,,,
3951,05/21/25 11:30:00,28.493,,,,,
3952,05/21/25 11:45:00,28.518,,,,,
3953,05/21/25 12:00:00,28.518,,,,,
3954,05/21/25 12:15:00,28.518,,,,,
3955,05/21/25 12:30:00,28.518,,,,,
3956,05/21/25 12:45:00,28.493,,,,,
3957,05/21/25 13:00:00,28.394,,,,,
3958,05/21/25 13:15:00,28.369,,,,,
3959,05/21/25 13:30:00,28.369,,,,,
3960,05/21/25 13:45:00,28.369,,,,,
3961,05/21/25 14:00:00,28.369,,,,,
3962,05/21/25 14:15:00,28.394,,,,,
3963,05/21/25 14:30:00,28.394,,,,,
3964,05/21/25 14:45:00,28.345,,,,,
3965,05/21/25 15:00:00,28.369,,,,,
3966,05/21/25 15:15:00,28.320,,,,,
3967,05/21/25 15:30:00,28.345,,,,,
3968,05/21/25 15:45:00,28.345,,,,,
3969,05/21/25 16:00:00,28.369,,,,,
3970,05/21/25 16:15:00,28.369,,,,,
3971,05/21/25 16:30:00,28.369,,,,,
3972,05/21/25 16:45:00,28.369,,,,,
3973,05/21/25 17:00:00,28.369,,,,,
3974,05/21/25 17:15:00,28.369,,,,,
3975,05/21/25 17:30:00,28.394,,,,,
3976,05/21/25 17:45:00,28.394,,,,,
3977,05/21/25 18:00:00,28.394,,,,,
3978,05/21/25 18:15:00,28.394,,,,,
3979,05/21/25 18:30:00,28.394,,,,,
3980,05/21/25 18:45:00,28.394,,,,,
3981,05/21/25 19:00:00,28.394,,,,,
3982,05/21/25 19:15:00,28.369,,,,,
3983,05/21/25 19:30:00,28.394,,,,,
3984,05/21/25 19:45:00,28.394,,,,,
3985,05/21/25 20:00:00,28.419,,,,,
3986,05/21/25 20:15:00,28.394,,,,,
3987,05/21/25 20:30:00,28.394,,,,,
3988,05/21/25 20:45:00,28.394,,,,,
3989,05/21/25 21:00:00,28.419,,,,,
3990,05/21/25 21:15:00,28.444,,,,,
3991,05/21/25 21:30:00,28.444,,,,,
3992,05/21/25 21:45:00,28.444,,,,,
3993,05/21/25 22:00:00,28.444,,,,,
3994,05/21/25 22:15:00,28.444,,,,,
3995,05/21/25 22:30:00,28.444,,,,,
3996,05/21/25 22:45:00,28.444,,,,,
3997,05/21/25 23:00:00,28.444,,,,,
3998,05/21/25 23:15:00,28.468,,,,,
3999,05/21/25 23:30:00,28.468,,,,,
4000,05/21/25 23:45:00,28.468,,,,,
4001,05/22/25 00:00:00,28.468,,,,,
4002,05/22/25 00:15:00,28.493,,,,,
4003,05/22/25 00:30:00,28.518,,,,,
4004,05/22/25 00:45:00,28.518,,,,,
4005,05/22/25 01:00:00,28.518,,,,,
4006,05/22/25 01:15:00,28.468,,,,,
4007,05/22/25 01:30:00,28.444,,,,,
4008,05/22/25 01:45:00,28.444,,,,,
4009,05/22/25 02:00:00,28.444,,,,,
4010,05/22/25 02:15:00,28.444,,,,,
4011,05/22/25 02:30:00,28.419,,,,,
4012,05/22/25 02:45:00,28.394,,,,,
4013,05/22/25 03:00:00,28.394,,,,,
4014,05/22/25 03:15:00,28.394,,,,,
4015,05/22/25 03:30:00,28.394,,,,,
4016,05/22/25 03:45:00,28.369,,,,,
4017,05/22/25 04:00:00,28.345,,,,,
4018,05/22/25 04:15:00,28.369,,,,,
4019,05/22/25 04:30:00,28.345,,,,,
4020,05/22/25 04:45:00,28.345,,,,,
4021,05/22/25 05:00:00,28.345,,,,,
4022,05/22/25 05:15:00,28.345,,,,,
4023,05/22/25 05:30:00,28.369,,,,,
4024,05/22/25 05:45:00,28.320,,,,,
4025,05/22/25 06:00:00,28.320,,,,,
4026,05/22/25 06:15:00,28.320,,,,,
4027,05/22/25 06:30:00,28.048,,,,,
4028,05/22/25 06:45:00,28.048,,,,,
4029,05/22/25 07:00:00,28.072,,,,,
4030,05/22/25 07:15:00,27.974,,,,,
4031,05/22/25 07:30:00,28.072,,,,,
4032,05/22/25 07:45:00,28.295,,,,,
4033,05/22/25 08:00:00,28.295,,,,,
4034,05/22/25 08:15:00,28.320,,,,,
4035,05/22/25 08:30:00,27.998,,,,,
4036,05/22/25 08:45:00,28.048,,,,,
4037,05/22/25 09:00:00,28.345,,,,,
4038,05/22/25 09:15:00,28.369,,,,,
4039,05/22/25 09:30:00,28.270,,,,,
4040,05/22/25 09:45:00,28.097,,,,,
4041,05/22/25 10:00:00,28.270,,,,,
4042,05/22/25 10:15:00,28.320,,,,,
4043,05/22/25 10:30:00,28.345,,,,,
4044,05/22/25 10:45:00,28.345,,,,,
4045,05/22/25 11:00:00,28.394,,,,,
4046,05/22/25 11:15:00,28.419,,,,,
4047,05/22/25 11:30:00,28.394,,,,,
4048,05/22/25 11:45:00,28.394,,,,,
4049,05/22/25 12:00:00,28.320,,,,,
4050,05/22/25 12:15:00,28.394,,,,,
4051,05/22/25 12:30:00,28.419,,,,,
4052,05/22/25 12:45:00,28.444,,,,,
4053,05/22/25 13:00:00,28.444,,,,,
4054,05/22/25 13:15:00,28.468,,,,,
4055,05/22/25 13:30:00,28.468,,,,,
4056,05/22/25 13:45:00,28.444,,,,,
4057,05/22/25 14:00:00,28.468,,,,,
4058,05/22/25 14:15:00,28.493,,,,,
4059,05/22/25 14:30:00,28.468,,,,,
4060,05/22/25 14:45:00,28.444,,,,,
4061,05/22/25 15:00:00,28.444,,,,,
4062,05/22/25 15:15:00,28.444,,,,,
4063,05/22/25 15:30:00,28.444,,,,,
4064,05/22/25 15:45:00,28.419,,,,,
4065,05/22/25 16:00:00,28.419,,,,,
4066,05/22/25 16:15:00,28.419,,,,,
4067,05/22/25 16:30:00,28.419,,,,,
4068,05/22/25 16:45:00,28.419,,,,,
4069,05/22/25 17:00:00,28.419,,,,,
4070,05/22/25 17:15:00,28.419,,,,,
4071,05/22/25 17:30:00,28.419,,,,,
4072,05/22/25 17:45:00,28.419,,,,,
4073,05/22/25 18:00:00,28.419,,,,,
4074,05/22/25 18:15:00,28.419,,,,,
4075,05/22/25 18:30:00,28.419,,,,,
4076,05/22/25 18:45:00,28.419,,,,,
4077,05/22/25 19:00:00,28.320,,,,,
4078,05/22/25 19:15:00,28.147,,,,,
4079,05/22/25 19:30:00,28.023,,,,,
4080,05/22/25 19:45:00,27.998,,,,,
4081,05/22/25 20:00:00,28.023,,,,,
4082,05/22/25 20:15:00,27.998,,,,,
4083,05/22/25 20:30:00,28.023,,,,,
4084,05/22/25 20:45:00,28.048,,,,,
4085,05/22/25 21:00:00,28.147,,,,,
4086,05/22/25 21:15:00,28.097,,,,,
4087,05/22/25 21:30:00,28.171,,,,,
4088,05/22/25 21:45:00,28.147,,,,,
4089,05/22/25 22:00:00,28.171,,,,,
4090,05/22/25 22:15:00,28.245,,,,,
4091,05/22/25 22:30:00,28.345,,,,,
4092,05/22/25 22:45:00,28.369,,,,,
4093,05/22/25 23:00:00,28.394,,,,,
4094,05/22/25 23:15:00,28.394,,,,,
4095,05/22/25 23:30:00,28.394,,,,,
4096,05/22/25 23:45:00,28.394,,,,,
4097,05/23/25 00:00:00,28.394,,,,,
4098,05/23/25 00:15:00,28.419,,,,,
4099,05/23/25 00:30:00,28.419,,,,,
4100,05/23/25 00:45:00,28.419,,,,,
4101,05/23/25 01:00:00,28.419,,,,,
4102,05/23/25 01:15:00,28.444,,,,,
4103,05/23/25 01:30:00,28.444,,,,,
4104,05/23/25 01:45:00,28.468,,,,,
4105,05/23/25 02:00:00,28.468,,,,,
4106,05/23/25 02:15:00,28.493,,,,,
4107,05/23/25 02:30:00,28.468,,,,,
4108,05/23/25 02:45:00,28.493,,,,,
4109,05/23/25 03:00:00,28.468,,,,,
4110,05/23/25 03:15:00,28.468,,,,,
4111,05/23/25 03:30:00,28.468,,,,,
4112,05/23/25 03:45:00,28.468,,,,,
4113,05/23/25 04:00:00,28.493,,,,,
4114,05/23/25 04:15:00,28.518,,,,,
4115,05/23/25 04:30:00,28.518,,,,,
4116,05/23/25 04:45:00,28.518,,,,,
4117,05/23/25 05:00:00,28.444,,,,,
4118,05/23/25 05:15:00,28.518,,,,,
4119,05/23/25 05:30:00,28.518,,,,,
4120,05/23/25 05:45:00,28.444,,,,,
4121,05/23/25 06:00:00,28.270,,,,,
4122,05/23/25 06:15:00,28.097,,,,,
4123,05/23/25 06:30:00,28.270,,,,,
4124,05/23/25 06:45:00,28.345,,,,,
4125,05/23/25 07:00:00,28.369,,,,,
4126,05/23/25 07:15:00,28.369,,,,,
4127,05/23/25 07:30:00,28.345,,,,,
4128,05/23/25 07:45:00,28.320,,,,,
4129,05/23/25 08:00:00,28.270,,,,,
4130,05/23/25 08:15:00,28.171,,,,,
4131,05/23/25 08:30:00,28.221,,,,,
4132,05/23/25 08:45:00,28.270,,,,,
4133,05/23/25 09:00:00,28.245,,,,,
4134,05/23/25 09:15:00,28.270,,,,,
4135,05/23/25 09:30:00,28.295,,,,,
4136,05/23/25 09:45:00,28.320,,,,,
4137,05/23/25 10:00:00,28.295,,,,,
4138,05/23/25 10:15:00,28.295,,,,,
4139,05/23/25 10:30:00,28.295,,,,,
4140,05/23/25 10:45:00,28.369,,,,,
4141,05/23/25 11:00:00,28.394,,,,,
4142,05/23/25 11:15:00,28.394,,,,,
4143,05/23/25 11:30:00,28.394,,,,,
4144,05/23/25 11:45:00,28.394,,,,,
4145,05/23/25 12:00:00,28.394,,,,,
4146,05/23/25 12:15:00,28.419,,,,,
4147,05/23/25 12:30:00,28.419,,,,,
4148,05/23/25 12:45:00,28.444,,,,,
4149,05/23/25 13:00:00,28.444,,,,,
4150,05/23/25 13:15:00,28.444,,,,,
4151,05/23/25 13:30:00,28.444,,,,,
4152,05/23/25 13:45:00,28.468,,,,,
4153,05/23/25 14:00:00,28.468,,,,,
4154,05/23/25 14:15:00,28.468,,,,,
4155,05/23/25 14:30:00,28.493,,,,,
4156,05/23/25 14:45:00,28.493,,,,,
4157,05/23/25 15:00:00,28.493,,,,,
4158,05/23/25 15:15:00,28.493,,,,,
4159,05/23/25 15:30:00,28.493,,,,,
4160,05/23/25 15:45:00,28.468,,,,,
4161,05/23/25 16:00:00,28.221,,,,,
4162,05/23/25 16:15:00,28.171,,,,,
4163,05/23/25 16:30:00,28.023,,,,,
4164,05/23/25 16:45:00,27.974,,,,,
4165,05/23/25 17:00:00,27.974,,,,,
4166,05/23/25 17:15:00,27.998,,,,,
4167,05/23/25 17:30:00,27.974,,,,,
4168,05/23/25 17:45:00,27.998,,,,,
4169,05/23/25 18:00:00,28.196,,,,,
4170,05/23/25 18:15:00,28.444,,,,,
4171,05/23/25 18:30:00,28.394,,,,,
4172,05/23/25 18:45:00,28.345,,,,,
4173,05/23/25 19:00:00,28.468,,,,,
4174,05/23/25 19:15:00,28.468,,,,,
4175,05/23/25 19:30:00,28.468,,,,,
4176,05/23/25 19:45:00,28.468,,,,,
4177,05/23/25 20:00:00,28.444,,,,,
4178,05/23/25 20:15:00,28.444,,,,,
4179,05/23/25 20:30:00,28.444,,,,,
4180,05/23/25 20:45:00,28.444,,,,,
4181,05/23/25 21:00:00,28.345,,,,,
4182,05/23/25 21:15:00,28.320,,,,,
4183,05/23/25 21:30:00,28.295,,,,,
4184,05/23/25 21:45:00,28.221,,,,,
4185,05/23/25 22:00:00,28.270,,,,,
4186,05/23/25 22:15:00,28.245,,,,,
4187,05/23/25 22:30:00,28.394,,,,,
4188,05/23/25 22:45:00,28.419,,,,,
4189,05/23/25 23:00:00,28.444,,,,,
4190,05/23/25 23:15:00,28.444,,,,,
4191,05/23/25 23:30:00,28.444,,,,,
4192,05/23/25 23:45:00,28.468,,,,,
4193,05/24/25 00:00:00,28.468,,,,,
4194,05/24/25 00:15:00,28.493,,,,,
4195,05/24/25 00:30:00,28.518,,,,,
4196,05/24/25 00:45:00,28.518,,,,,
4197,05/24/25 01:00:00,28.518,,,,,
4198,05/24/25 01:15:00,28.518,,,,,
4199,05/24/25 01:30:00,28.518,,,,,
4200,05/24/25 01:45:00,28.518,,,,,
4201,05/24/25 02:00:00,28.518,,,,,
4202,05/24/25 02:15:00,28.493,,,,,
4203,05/24/25 02:30:00,28.493,,,,,
4204,05/24/25 02:45:00,28.543,,,,,
4205,05/24/25 03:00:00,28.543,,,,,
4206,05/24/25 03:15:00,28.543,,,,,
4207,05/24/25 03:30:00,28.518,,,,,
4208,05/24/25 03:45:00,28.518,,,,,
4209,05/24/25 04:00:00,28.518,,,,,
4210,05/24/25 04:15:00,28.518,,,,,
4211,05/24/25 04:30:00,28.493,,,,,
4212,05/24/25 04:45:00,28.493,,,,,
4213,05/24/25 05:00:00,28.493,,,,,
4214,05/24/25 05:15:00,28.468,,,,,
4215,05/24/25 05:30:00,28.468,,,,,
4216,05/24/25 05:45:00,28.419,,,,,
4217,05/24/25 06:00:00,28.245,,,,,
4218,05/24/25 06:15:00,28.171,,,,,
4219,05/24/25 06:30:00,28.171,,,,,
4220,05/24/25 06:45:00,28.122,,,,,
4221,05/24/25 07:00:00,28.345,,,,,
4222,05/24/25 07:15:00,28.369,,,,,
4223,05/24/25 07:30:00,28.394,,,,,
4224,05/24/25 07:45:00,28.345,,,,,
4225,05/24/25 08:00:00,28.345,,,,,
4226,05/24/25 08:15:00,28.320,,,,,
4227,05/24/25 08:30:00,28.221,,,,,
4228,05/24/25 08:45:00,28.221,,,,,
4229,05/24/25 09:00:00,28.221,,,,,
4230,05/24/25 09:15:00,28.147,,,,,
4231,05/24/25 09:30:00,28.072,,,,,
4232,05/24/25 09:45:00,28.048,,,,,
4233,05/24/25 10:00:00,28.072,,,,,
4234,05/24/25 10:15:00,28.147,,,,,
4235,05/24/25 10:30:00,28.345,,,,,
4236,05/24/25 10:45:00,28.245,,,,,
4237,05/24/25 11:00:00,28.221,,,,,
4238,05/24/25 11:15:00,28.245,,,,,
4239,05/24/25 11:30:00,28.320,,,,,
4240,05/24/25 11:45:00,28.369,,,,,
4241,05/24/25 12:00:00,28.369,,,,,
4242,05/24/25 12:15:00,28.369,,,,,
4243,05/24/25 12:30:00,28.295,,,,,
4244,05/24/25 12:45:00,28.320,,,,,
4245,05/24/25 13:00:00,28.320,,,,,
4246,05/24/25 13:15:00,28.320,,,,,
4247,05/24/25 13:30:00,28.320,,,,,
4248,05/24/25 13:45:00,28.320,,,,,
4249,05/24/25 14:00:00,28.320,,,,,
4250,05/24/25 14:15:00,28.345,,,,,
4251,05/24/25 14:30:00,28.345,,,,,
4252,05/24/25 14:45:00,28.345,,,,,
4253,05/24/25 15:00:00,28.444,,,,,
4254,05/24/25 15:15:00,28.468,,,,,
4255,05/24/25 15:30:00,28.444,,,,,
4256,05/24/25 15:45:00,28.468,,,,,
4257,05/24/25 16:00:00,28.493,,,,,
4258,05/24/25 16:15:00,28.444,,,,,
4259,05/24/25 16:30:00,28.444,,,,,
4260,05/24/25 16:45:00,28.444,,,,,
4261,05/24/25 17:00:00,28.444,,,,,
4262,05/24/25 17:15:00,28.444,,,,,
4263,05/24/25 17:30:00,28.295,,,,,
4264,05/24/25 17:45:00,28.221,,,,,
4265,05/24/25 18:00:00,28.419,,,,,
4266,05/24/25 18:15:00,28.493,,,,,
4267,05/24/25 18:30:00,28.468,,,,,
4268,05/24/25 18:45:00,28.369,,,,,
4269,05/24/25 19:00:00,28.394,,,,,
4270,05/24/25 19:15:00,28.394,,,,,
4271,05/24/25 19:30:00,28.394,,,,,
4272,05/24/25 19:45:00,28.394,,,,,
4273,05/24/25 20:00:00,28.394,,,,,
4274,05/24/25 20:15:00,28.320,,,,,
4275,05/24/25 20:30:00,28.320,,,,,
4276,05/24/25 20:45:00,28.345,,,,,
4277,05/24/25 21:00:00,28.369,,,,,
4278,05/24/25 21:15:00,28.345,,,,,
4279,05/24/25 21:30:00,28.369,,,,,
4280,05/24/25 21:45:00,28.345,,,,,
4281,05/24/25 22:00:00,28.369,,,,,
4282,05/24/25 22:15:00,28.369,,,,,
4283,05/24/25 22:30:00,28.394,,,,,
4284,05/24/25 22:45:00,28.394,,,,,
4285,05/24/25 23:00:00,28.419,,,,,
4286,05/24/25 23:15:00,28.444,,,,,
4287,05/24/25 23:30:00,28.444,,,,,
4288,05/24/25 23:45:00,28.468,,,,,
4289,05/25/25 00:00:00,28.493,,,,,
4290,05/25/25 00:15:00,28.518,,,,,
4291,05/25/25 00:30:00,28.518,,,,,
4292,05/25/25 00:45:00,28.518,,,,,
4293,05/25/25 01:00:00,28.493,,,,,
4294,05/25/25 01:15:00,28.493,,,,,
4295,05/25/25 01:30:00,28.493,,,,,
4296,05/25/25 01:45:00,28.493,,,,,
4297,05/25/25 02:00:00,28.468,,,,,
4298,05/25/25 02:15:00,28.468,,,,,
4299,05/25/25 02:30:00,28.493,,,,,
4300,05/25/25 02:45:00,28.518,,,,,
4301,05/25/25 03:00:00,28.493,,,,,
4302,05/25/25 03:15:00,28.518,,,,,
4303,05/25/25 03:30:00,28.493,,,,,
4304,05/25/25 03:45:00,28.468,,,,,
4305,05/25/25 04:00:00,28.468,,,,,
4306,05/25/25 04:15:00,28.444,,,,,
4307,05/25/25 04:30:00,28.419,,,,,
4308,05/25/25 04:45:00,28.419,,,,,
4309,05/25/25 05:00:00,28.419,,,,,
4310,05/25/25 05:15:00,28.419,,,,,
4311,05/25/25 05:30:00,28.419,,,,,
4312,05/25/25 05:45:00,28.394,,,,,
4313,05/25/25 06:00:00,28.394,,,,,
4314,05/25/25 06:15:00,28.394,,,,,
4315,05/25/25 06:30:00,28.369,,,,,
4316,05/25/25 06:45:00,28.369,,,,,
4317,05/25/25 07:00:00,28.369,,,,,
4318,05/25/25 07:15:00,28.369,,,,,
4319,05/25/25 07:30:00,28.394,,,,,
4320,05/25/25 07:45:00,28.419,,,,,
4321,05/25/25 08:00:00,28.394,,,,,
4322,05/25/25 08:15:00,28.394,,,,,
4323,05/25/25 08:30:00,28.394,,,,,
4324,05/25/25 08:45:00,28.394,,,,,
4325,05/25/25 09:00:00,28.419,,,,,
4326,05/25/25 09:15:00,28.419,,,,,
4327,05/25/25 09:30:00,28.419,,,,,
4328,05/25/25 09:45:00,28.419,,,,,
4329,05/25/25 10:00:00,28.444,,,,,
4330,05/25/25 10:15:00,28.444,,,,,
4331,05/25/25 10:30:00,28.444,,,,,
4332,05/25/25 10:45:00,28.468,,,,,
4333,05/25/25 11:00:00,28.518,,,,,
4334,05/25/25 11:15:00,28.518,,,,,
4335,05/25/25 11:30:00,28.518,,,,,
4336,05/25/25 11:45:00,28.493,,,,,
4337,05/25/25 12:00:00,28.468,,,,,
4338,05/25/25 12:15:00,28.468,,,,,
4339,05/25/25 12:30:00,28.493,,,,,
4340,05/25/25 12:45:00,28.518,,,,,
4341,05/25/25 13:00:00,28.518,,,,,
4342,05/25/25 13:15:00,28.518,,,,,
4343,05/25/25 13:30:00,28.518,,,,,
4344,05/25/25 13:45:00,28.518,,,,,
4345,05/25/25 14:00:00,28.543,,,,,
4346,05/25/25 14:15:00,28.568,,,,,
4347,05/25/25 14:30:00,28.617,,,,,
4348,05/25/25 14:45:00,28.617,,,,,
4349,05/25/25 15:00:00,28.617,,,,,
4350,05/25/25 15:15:00,28.617,,,,,
4351,05/25/25 15:30:00,28.617,,,,,
4352,05/25/25 15:45:00,28.568,,,,,
4353,05/25/25 16:00:00,28.320,,,,,
4354,05/25/25 16:15:00,28.345,,,,,
4355,05/25/25 16:30:00,28.369,,,,,
4356,05/25/25 16:45:00,28.369,,,,,
4357,05/25/25 17:00:00,28.369,,,,,
4358,05/25/25 17:15:00,28.369,,,,,
4359,05/25/25 17:30:00,28.394,,,,,
4360,05/25/25 17:45:00,28.369,,,,,
4361,05/25/25 18:00:00,28.369,,,,,
4362,05/25/25 18:15:00,28.394,,,,,
4363,05/25/25 18:30:00,28.369,,,,,
4364,05/25/25 18:45:00,28.369,,,,,
4365,05/25/25 19:00:00,28.320,,,,,
4366,05/25/25 19:15:00,28.320,,,,,
4367,05/25/25 19:30:00,28.245,,,,,
4368,05/25/25 19:45:00,28.196,,,,,
4369,05/25/25 20:00:00,28.221,,,,,
4370,05/25/25 20:15:00,28.147,,,,,
4371,05/25/25 20:30:00,28.171,,,,,
4372,05/25/25 20:45:00,28.270,,,,,
4373,05/25/25 21:00:00,28.295,,,,,
4374,05/25/25 21:15:00,28.320,,,,,
4375,05/25/25 21:30:00,28.369,,,,,
4376,05/25/25 21:45:00,28.394,,,,,
4377,05/25/25 22:00:00,28.419,,,,,
4378,05/25/25 22:15:00,28.419,,,,,
4379,05/25/25 22:30:00,28.419,,,,,
4380,05/25/25 22:45:00,28.444,,,,,
4381,05/25/25 23:00:00,28.444,,,,,
4382,05/25/25 23:15:00,28.444,,,,,
4383,05/25/25 23:30:00,28.444,,,,,
4384,05/25/25 23:45:00,28.444,,,,,
4385,05/26/25 00:00:00,28.369,,,,,
4386,05/26/25 00:15:00,28.345,,,,,
4387,05/26/25 00:30:00,28.369,,,,,
4388,05/26/25 00:45:00,28.369,,,,,
4389,05/26/25 01:00:00,28.419,,,,,
4390,05/26/25 01:15:00,28.468,,,,,
4391,05/26/25 01:30:00,28.468,,,,,
4392,05/26/25 01:45:00,28.468,,,,,
4393,05/26/25 02:00:00,28.419,,,,,
4394,05/26/25 02:15:00,28.468,,,,,
4395,05/26/25 02:30:00,28.493,,,,,
4396,05/26/25 02:45:00,28.468,,,,,
4397,05/26/25 03:00:00,28.468,,,,,
4398,05/26/25 03:15:00,28.518,,,,,
4399,05/26/25 03:30:00,28.493,,,,,
4400,05/26/25 03:45:00,28.493,,,,,
4401,05/26/25 04:00:00,28.468,,,,,
4402,05/26/25 04:15:00,28.468,,,,,
4403,05/26/25 04:30:00,28.493,,,,,
4404,05/26/25 04:45:00,28.518,,,,,
4405,05/26/25 05:00:00,28.518,,,,,
4406,05/26/25 05:15:00,28.468,,,,,
4407,05/26/25 05:30:00,28.493,,,,,
4408,05/26/25 05:45:00,28.518,,,,,
4409,05/26/25 06:00:00,28.468,,,,,
4410,05/26/25 06:15:00,28.493,,,,,
4411,05/26/25 06:30:00,28.468,,,,,
4412,05/26/25 06:45:00,28.493,,,,,
4413,05/26/25 07:00:00,28.518,,,,,
4414,05/26/25 07:15:00,28.493,,,,,
4415,05/26/25 07:30:00,28.493,,,,,
4416,05/26/25 07:45:00,28.493,,,,,
4417,05/26/25 08:00:00,28.468,,,,,
4418,05/26/25 08:15:00,28.493,,,,,
4419,05/26/25 08:30:00,28.493,,,,,
4420,05/26/25 08:45:00,28.493,,,,,
4421,05/26/25 09:00:00,28.444,,,,,
4422,05/26/25 09:15:00,28.419,,,,,
4423,05/26/25 09:30:00,28.444,,,,,
4424,05/26/25 09:45:00,28.444,,,,,
4425,05/26/25 10:00:00,28.419,,,,,
4426,05/26/25 10:15:00,28.419,,,,,
4427,05/26/25 10:30:00,28.419,,,,,
4428,05/26/25 10:45:00,28.444,,,,,
4429,05/26/25 11:00:00,28.444,,,,,
4430,05/26/25 11:15:00,28.493,,,,,
4431,05/26/25 11:30:00,28.568,,,,,
4432,05/26/25 11:45:00,28.568,,,,,
4433,05/26/25 12:00:00,28.493,,,,,
4434,05/26/25 12:15:00,28.493,,,,,
4435,05/26/25 12:30:00,28.518,,,,,
4436,05/26/25 12:45:00,28.518,,,,,
4437,05/26/25 13:00:00,28.543,,,,,
4438,05/26/25 13:15:00,28.543,,,,,
4439,05/26/25 13:30:00,28.543,,,,,
4440,05/26/25 13:45:00,28.543,,,,,
4441,05/26/25 14:00:00,28.543,,,,,
4442,05/26/25 14:15:00,28.468,,,,,
4443,05/26/25 14:30:00,28.543,,,,,
4444,05/26/25 14:45:00,28.568,,,,,
4445,05/26/25 15:00:00,28.568,,,,,
4446,05/26/25 15:15:00,28.568,,,,,
4447,05/26/25 15:30:00,28.593,,,,,
4448,05/26/25 15:45:00,28.593,,,,,
4449,05/26/25 16:00:00,28.593,,,,,
4450,05/26/25 16:15:00,28.593,,,,,
4451,05/26/25 16:30:00,28.617,,,,,
4452,05/26/25 16:45:00,28.617,,,,,
4453,05/26/25 17:00:00,28.593,,,,,
4454,05/26/25 17:15:00,28.593,,,,,
4455,05/26/25 17:30:00,28.568,,,,,
4456,05/26/25 17:45:00,28.568,,,,,
4457,05/26/25 18:00:00,28.196,,,,,
4458,05/26/25 18:15:00,28.171,,,,,
4459,05/26/25 18:30:00,28.196,,,,,
4460,05/26/25 18:45:00,28.147,,,,,
4461,05/26/25 19:00:00,28.122,,,,,
4462,05/26/25 19:15:00,28.147,,,,,
4463,05/26/25 19:30:00,28.023,,,,,
4464,05/26/25 19:45:00,28.023,,,,,
4465,05/26/25 20:00:00,28.270,,,,,
4466,05/26/25 20:15:00,28.444,,,,,
4467,05/26/25 20:30:00,28.147,,,,,
4468,05/26/25 20:45:00,28.122,,,,,
4469,05/26/25 21:00:00,28.320,,,,,
4470,05/26/25 21:15:00,28.270,,,,,
4471,05/26/25 21:30:00,28.171,,,,,
4472,05/26/25 21:45:00,28.245,,,,,
4473,05/26/25 22:00:00,28.196,,,,,
4474,05/26/25 22:15:00,28.196,,,,,
4475,05/26/25 22:30:00,28.171,,,,,
4476,05/26/25 22:45:00,28.171,,,,,
4477,05/26/25 23:00:00,28.369,,,,,
4478,05/26/25 23:15:00,28.295,,,,,
4479,05/26/25 23:30:00,28.295,,,,,
4480,05/26/25 23:45:00,28.270,,,,,
4481,05/27/25 00:00:00,28.345,,,,,
4482,05/27/25 00:15:00,28.493,,,,,
4483,05/27/25 00:30:00,28.568,,,,,
4484,05/27/25 00:45:00,28.593,,,,,
4485,05/27/25 01:00:00,28.593,,,,,
4486,05/27/25 01:15:00,28.593,,,,,
4487,05/27/25 01:30:00,28.568,,,,,
4488,05/27/25 01:45:00,28.568,,,,,
4489,05/27/25 02:00:00,28.568,,,,,
4490,05/27/25 02:15:00,28.593,,,,,
4491,05/27/25 02:30:00,28.568,,,,,
4492,05/27/25 02:45:00,28.568,,,,,
4493,05/27/25 03:00:00,28.568,,,,,
4494,05/27/25 03:15:00,28.568,,,,,
4495,05/27/25 03:30:00,28.568,,,,,
4496,05/27/25 03:45:00,28.568,,,,,
4497,05/27/25 04:00:00,28.568,,,,,
4498,05/27/25 04:15:00,28.568,,,,,
4499,05/27/25 04:30:00,28.593,,,,,
4500,05/27/25 04:45:00,28.568,,,,,
4501,05/27/25 05:00:00,28.543,,,,,
4502,05/27/25 05:15:00,28.518,,,,,
4503,05/27/25 05:30:00,28.493,,,,,
4504,05/27/25 05:45:00,28.493,,,,,
4505,05/27/25 06:00:00,28.493,,,,,
4506,05/27/25 06:15:00,28.493,,,,,
4507,05/27/25 06:30:00,28.493,,,,,
4508,05/27/25 06:45:00,28.468,,,,,
4509,05/27/25 07:00:00,28.444,,,,,
4510,05/27/25 07:15:00,28.444,,,,,
4511,05/27/25 07:30:00,28.444,,,,,
4512,05/27/25 07:45:00,28.394,,,,,
4513,05/27/25 08:00:00,28.419,,,,,
4514,05/27/25 08:15:00,28.369,,,,,
4515,05/27/25 08:30:00,28.394,,,,,
4516,05/27/25 08:45:00,28.394,,,,,
4517,05/27/25 09:00:00,28.345,,,,,
4518,05/27/25 09:15:00,28.097,,,,,
4519,05/27/25 09:30:00,27.949,,,,,
4520,05/27/25 09:45:00,28.345,,,,,
4521,05/27/25 10:00:00,28.295,,,,,
4522,05/27/25 10:15:00,28.345,,,,,
4523,05/27/25 10:30:00,28.419,,,,,
4524,05/27/25 10:45:00,28.444,,,,,
4525,05/27/25 11:00:00,28.444,,,,,
4526,05/27/25 11:15:00,28.468,,,,,
4527,05/27/25 11:30:00,28.468,,,,,
4528,05/27/25 11:45:00,28.493,,,,,
4529,05/27/25 12:00:00,28.419,,,,,
4530,05/27/25 12:15:00,28.444,,,,,
4531,05/27/25 12:30:00,28.493,,,,,
4532,05/27/25 12:45:00,28.518,,,,,
4533,05/27/25 13:00:00,28.543,,,,,
4534,05/27/25 13:15:00,28.543,,,,,
4535,05/27/25 13:30:00,28.543,,,,,
4536,05/27/25 13:45:00,28.543,,,,,
4537,05/27/25 14:00:00,28.543,,,,,
4538,05/27/25 14:15:00,28.543,,,,,
4539,05/27/25 14:30:00,28.543,,,,,
4540,05/27/25 14:45:00,28.543,,,,,
4541,05/27/25 15:00:00,28.369,,,,,
4542,05/27/25 15:15:00,28.270,,,,,
4543,05/27/25 15:30:00,28.295,,,,,
4544,05/27/25 15:45:00,28.270,,,,,
4545,05/27/25 16:00:00,28.295,,,,,
4546,05/27/25 16:15:00,28.320,,,,,
4547,05/27/25 16:30:00,28.369,,,,,
4548,05/27/25 16:45:00,28.394,,,,,
4549,05/27/25 17:00:00,28.394,,,,,
4550,05/27/25 17:15:00,28.394,,,,,
4551,05/27/25 17:30:00,28.394,,,,,
4552,05/27/25 17:45:00,28.444,,,,,
4553,05/27/25 18:00:00,28.468,,,,,
4554,05/27/25 18:15:00,28.468,,,,,
4555,05/27/25 18:30:00,28.468,,,,,
4556,05/27/25 18:45:00,28.468,,,,,
4557,05/27/25 19:00:00,28.419,,,,,
4558,05/27/25 19:15:00,28.270,,,,,
4559,05/27/25 19:30:00,28.245,,,,,
4560,05/27/25 19:45:00,28.072,,,,,
4561,05/27/25 20:00:00,28.023,,,,,
4562,05/27/25 20:15:00,28.023,,,,,
4563,05/27/25 20:30:00,28.048,,,,,
4564,05/27/25 20:45:00,28.097,,,,,
4565,05/27/25 21:00:00,28.345,,,,,
4566,05/27/25 21:15:00,28.295,,,,,
4567,05/27/25 21:30:00,28.072,,,,,
4568,05/27/25 21:45:00,28.048,,,,,
4569,05/27/25 22:00:00,28.048,,,,,
4570,05/27/25 22:15:00,28.345,,,,,
4571,05/27/25 22:30:00,28.369,,,,,
4572,05/27/25 22:45:00,28.345,,,,,
4573,05/27/25 23:00:00,28.221,,,,,
4574,05/27/25 23:15:00,28.221,,,,,
4575,05/27/25 23:30:00,28.295,,,,,
4576,05/27/25 23:45:00,28.369,,,,,
4577,05/28/25 00:00:00,28.444,,,,,
4578,05/28/25 00:15:00,28.419,,,,,
4579,05/28/25 00:30:00,28.394,,,,,
4580,05/28/25 00:45:00,28.394,,,,,
4581,05/28/25 01:00:00,28.419,,,,,
4582,05/28/25 01:15:00,28.419,,,,,
4583,05/28/25 01:30:00,28.444,,,,,
4584,05/28/25 01:45:00,28.468,,,,,
4585,05/28/25 02:00:00,28.493,,,,,
4586,05/28/25 02:15:00,28.518,,,,,
4587,05/28/25 02:30:00,28.518,,,,,
4588,05/28/25 02:45:00,28.543,,,,,
4589,05/28/25 03:00:00,28.568,,,,,
4590,05/28/25 03:15:00,28.568,,,,,
4591,05/28/25 03:30:00,28.568,,,,,
4592,05/28/25 03:45:00,28.493,,,,,
4593,05/28/25 04:00:00,28.518,,,,,
4594,05/28/25 04:15:00,28.543,,,,,
4595,05/28/25 04:30:00,28.543,,,,,
4596,05/28/25 04:45:00,28.568,,,,,
4597,05/28/25 05:00:00,28.617,,,,,
4598,05/28/25 05:15:00,28.617,,,,,
4599,05/28/25 05:30:00,28.593,,,,,
4600,05/28/25 05:45:00,28.593,,,,,
4601,05/28/25 06:00:00,28.568,,,,,
4602,05/28/25 06:15:00,28.543,,,,,
4603,05/28/25 06:30:00,28.543,,,,,
4604,05/28/25 06:45:00,28.518,,,,,
4605,05/28/25 07:00:00,28.543,,,,,
4606,05/28/25 07:15:00,28.518,,,,,
4607,05/28/25 07:30:00,28.518,,,,,
4608,05/28/25 07:45:00,28.518,,,,,
4609,05/28/25 08:00:00,28.543,,,,,
4610,05/28/25 08:15:00,28.543,,,,,
4611,05/28/25 08:30:00,28.543,,,,,
4612,05/28/25 08:45:00,28.568,,,,,
4613,05/28/25 09:00:00,28.543,,,,,
4614,05/28/25 09:15:00,28.543,,,,,
4615,05/28/25 09:30:00,28.543,,,,,
4616,05/28/25 09:45:00,28.543,,,,,
4617,05/28/25 10:00:00,28.419,,,,,
4618,05/28/25 10:15:00,28.394,,,,,
4619,05/28/25 10:30:00,28.295,,,,,
4620,05/28/25 10:45:00,28.320,,,,,
4621,05/28/25 11:00:00,28.543,,,,,
4622,05/28/25 11:15:00,28.543,,,,,
4623,05/28/25 11:30:00,28.568,,,,,
4624,05/28/25 11:45:00,28.568,,,,,
4625,05/28/25 12:00:00,28.568,,,,,
4626,05/28/25 12:15:00,28.568,,,,,
4627,05/28/25 12:30:00,28.568,,,,,
4628,05/28/25 12:45:00,28.593,,,,,
4629,05/28/25 13:00:00,28.518,,,,,
4630,05/28/25 13:15:00,28.518,,,,,
4631,05/28/25 13:30:00,28.543,,,,,
4632,05/28/25 13:45:00,28.493,,,,,
4633,05/28/25 14:00:00,28.493,,,,,
4634,05/28/25 14:15:00,28.493,,,,,
4635,05/28/25 14:30:00,28.518,,,,,
4636,05/28/25 14:45:00,28.518,,,,,
4637,05/28/25 15:00:00,28.543,,,,,
4638,05/28/25 15:15:00,28.568,,,,,
4639,05/28/25 15:30:00,28.568,,,,,
4640,05/28/25 15:45:00,28.568,,,,,
4641,05/28/25 16:00:00,28.568,,,,,
4642,05/28/25 16:15:00,28.568,,,,,
4643,05/28/25 16:30:00,28.543,,,,,
4644,05/28/25 16:45:00,28.543,,,,,
4645,05/28/25 17:00:00,28.543,,,,,
4646,05/28/25 17:15:00,28.568,,,,,
4647,05/28/25 17:30:00,28.568,,,,,
4648,05/28/25 17:45:00,28.320,,,,,
4649,05/28/25 18:00:00,28.270,,,,,
4650,05/28/25 18:15:00,28.295,,,,,
4651,05/28/25 18:30:00,28.345,,,,,
4652,05/28/25 18:45:00,28.320,,,,,
4653,05/28/25 19:00:00,28.369,,,,,
4654,05/28/25 19:15:00,28.568,,,,,
4655,05/28/25 19:30:00,28.568,,,,,
4656,05/28/25 19:45:00,28.617,,,,,
4657,05/28/25 20:00:00,28.617,,,,,
4658,05/28/25 20:15:00,28.617,,,,,
4659,05/28/25 20:30:00,28.295,,,,,
4660,05/28/25 20:45:00,28.419,,,,,
4661,05/28/25 21:00:00,27.875,,,,,
4662,05/28/25 21:15:00,28.221,,,,,
4663,05/28/25 21:30:00,28.394,,,,,
4664,05/28/25 21:45:00,28.419,,,,,
4665,05/28/25 22:00:00,28.345,,,,,
4666,05/28/25 22:15:00,28.345,,,,,
4667,05/28/25 22:30:00,28.221,,,,,
4668,05/28/25 22:45:00,28.295,,,,,
4669,05/28/25 23:00:00,28.295,,,,,
4670,05/28/25 23:15:00,28.295,,,,,
4671,05/28/25 23:30:00,28.320,,,,,
4672,05/28/25 23:45:00,28.122,,,,,
4673,05/29/25 00:00:00,28.023,,,,,
4674,05/29/25 00:15:00,27.974,,,,,
4675,05/29/25 00:30:00,27.949,,,,,
4676,05/29/25 00:45:00,28.171,,,,,
4677,05/29/25 01:00:00,28.196,,,,,
4678,05/29/25 01:15:00,28.245,,,,,
4679,05/29/25 01:30:00,28.245,,,,,
4680,05/29/25 01:45:00,28.320,,,,,
4681,05/29/25 02:00:00,28.394,,,,,
4682,05/29/25 02:15:00,28.394,,,,,
4683,05/29/25 02:30:00,28.023,,,,,
4684,05/29/25 02:45:00,27.974,,,,,
4685,05/29/25 03:00:00,28.097,,,,,
4686,05/29/25 03:15:00,28.245,,,,,
4687,05/29/25 03:30:00,28.320,,,,,
4688,05/29/25 03:45:00,28.122,,,,,
4689,05/29/25 04:00:00,28.270,,,,,
4690,05/29/25 04:15:00,28.221,,,,,
4691,05/29/25 04:30:00,28.245,,,,,
4692,05/29/25 04:45:00,28.369,,,,,
4693,05/29/25 05:00:00,28.419,,,,,
4694,05/29/25 05:15:00,28.444,,,,,
4695,05/29/25 05:30:00,28.369,,,,,
4696,05/29/25 05:45:00,28.270,,,,,
4697,05/29/25 06:00:00,28.270,,,,,
4698,05/29/25 06:15:00,28.369,,,,,
4699,05/29/25 06:30:00,28.369,,,,,
4700,05/29/25 06:45:00,28.369,,,,,
4701,05/29/25 07:00:00,28.369,,,,,
4702,05/29/25 07:15:00,28.369,,,,,
4703,05/29/25 07:30:00,28.394,,,,,
4704,05/29/25 07:45:00,28.419,,,,,
4705,05/29/25 08:00:00,28.419,,,,,
4706,05/29/25 08:15:00,28.245,,,,,
4707,05/29/25 08:30:00,28.147,,,,,
4708,05/29/25 08:45:00,27.974,,,,,
4709,05/29/25 09:00:00,28.048,,,,,
4710,05/29/25 09:15:00,28.320,,,,,
4711,05/29/25 09:30:00,28.320,,,,,
4712,05/29/25 09:45:00,28.369,,,,,
4713,05/29/25 10:00:00,28.270,,,,,
4714,05/29/25 10:15:00,28.122,,,,,
4715,05/29/25 10:30:00,28.171,,,,,
4716,05/29/25 10:45:00,28.345,,,,,
4717,05/29/25 11:00:00,28.419,,,,,
4718,05/29/25 11:15:00,28.444,,,,,
4719,05/29/25 11:30:00,28.419,,,,,
4720,05/29/25 11:45:00,28.295,,,,,
4721,05/29/25 12:00:00,28.444,,,,,
4722,05/29/25 12:15:00,28.419,,,,,
4723,05/29/25 12:30:00,28.419,,,,,
4724,05/29/25 12:45:00,28.394,,,,,
4725,05/29/25 13:00:00,28.419,,,,,
4726,05/29/25 13:15:00,28.419,,,,,
4727,05/29/25 13:30:00,28.444,,,,,
4728,05/29/25 13:45:00,28.468,,,,,
4729,05/29/25 14:00:00,28.468,,,,,
4730,05/29/25 14:15:00,28.468,,,,,
4731,05/29/25 14:30:00,28.468,,,,,
4732,05/29/25 14:45:00,28.493,,,,,
4733,05/29/25 15:00:00,28.518,,,,,
4734,05/29/25 15:15:00,28.518,,,,,
4735,05/29/25 15:30:00,28.543,,,,,
4736,05/29/25 15:45:00,28.543,,,,,
4737,05/29/25 16:00:00,28.568,,,,,
4738,05/29/25 16:15:00,28.568,,,,,
4739,05/29/25 16:30:00,28.568,,,,,
4740,05/29/25 16:45:00,28.568,,,,,
4741,05/29/25 17:00:00,28.568,,,,,
4742,05/29/25 17:15:00,28.568,,,,,
4743,05/29/25 17:30:00,28.568,,,,,
4744,05/29/25 17:45:00,28.568,,,,,
4745,05/29/25 18:00:00,28.568,,,,,
4746,05/29/25 18:15:00,28.568,,,,,
4747,05/29/25 18:30:00,28.568,,,,,
4748,05/29/25 18:45:00,28.568,,,,,
4749,05/29/25 19:00:00,28.568,,,,,
4750,05/29/25 19:15:00,28.593,,,,,
4751,05/29/25 19:30:00,28.593,,,,,
4752,05/29/25 19:45:00,28.568,,,,,
4753,05/29/25 20:00:00,28.593,,,,,
4754,05/29/25 20:15:00,28.593,,,,,
4755,05/29/25 20:30:00,28.593,,,,,
4756,05/29/25 20:45:00,28.568,,,,,
4757,05/29/25 21:00:00,28.568,,,,,
4758,05/29/25 21:15:00,28.543,,,,,
4759,05/29/25 21:30:00,28.568,,,,,
4760,05/29/25 21:45:00,28.543,,,,,
4761,05/29/25 22:00:00,28.543,,,,,
4762,05/29/25 22:15:00,28.543,,,,,
4763,05/29/25 22:30:00,28.543,,,,,
4764,05/29/25 22:45:00,28.543,,,,,
4765,05/29/25 23:00:00,28.543,,,,,
4766,05/29/25 23:15:00,28.543,,,,,
4767,05/29/25 23:30:00,28.543,,,,,
4768,05/29/25 23:45:00,28.568,,,,,
4769,05/30/25 00:00:00,28.493,,,,,
4770,05/30/25 00:15:00,28.493,,,,,
4771,05/30/25 00:30:00,28.493,,,,,
4772,05/30/25 00:45:00,28.518,,,,,
4773,05/30/25 01:00:00,28.518,,,,,
4774,05/30/25 01:15:00,28.493,,,,,
4775,05/30/25 01:30:00,28.518,,,,,
4776,05/30/25 01:45:00,28.493,,,,,
4777,05/30/25 02:00:00,28.493,,,,,
4778,05/30/25 02:15:00,28.493,,,,,
4779,05/30/25 02:30:00,28.419,,,,,
4780,05/30/25 02:45:00,28.444,,,,,
4781,05/30/25 03:00:00,28.295,,,,,
4782,05/30/25 03:15:00,28.245,,,,,
4783,05/30/25 03:30:00,28.270,,,,,
4784,05/30/25 03:45:00,28.270,,,,,
4785,05/30/25 04:00:00,28.270,,,,,
4786,05/30/25 04:15:00,28.295,,,,,
4787,05/30/25 04:30:00,28.394,,,,,
4788,05/30/25 04:45:00,28.444,,,,,
4789,05/30/25 05:00:00,28.468,,,,,
4790,05/30/25 05:15:00,28.369,,,,,
4791,05/30/25 05:30:00,28.444,,,,,
4792,05/30/25 05:45:00,28.345,,,,,
4793,05/30/25 06:00:00,28.419,,,,,
4794,05/30/25 06:15:00,28.468,,,,,
4795,05/30/25 06:30:00,28.468,,,,,
4796,05/30/25 06:45:00,28.468,,,,,
4797,05/30/25 07:00:00,28.493,,,,,
4798,05/30/25 07:15:00,28.493,,,,,
4799,05/30/25 07:30:00,28.493,,,,,
4800,05/30/25 07:45:00,28.493,,,,,
4801,05/30/25 08:00:00,28.493,,,,,
4802,05/30/25 08:15:00,28.394,,,,,
4803,05/30/25 08:30:00,28.394,,,,,
4804,05/30/25 08:45:00,28.419,,,,,
4805,05/30/25 09:00:00,28.444,,,,,
4806,05/30/25 09:15:00,28.444,,,,,
4807,05/30/25 09:30:00,28.444,,,,,
4808,05/30/25 09:45:00,28.419,,,,,
4809,05/30/25 10:00:00,28.419,,,,,
4810,05/30/25 10:15:00,28.444,,,,,
4811,05/30/25 10:30:00,28.419,,,,,
4812,05/30/25 10:45:00,28.369,,,,,
4813,05/30/25 11:00:00,28.320,,,,,
4814,05/30/25 11:15:00,28.320,,,,,
4815,05/30/25 11:30:00,28.270,,,,,
4816,05/30/25 11:45:00,28.320,,,,,
4817,05/30/25 12:00:00,28.444,,,,,
4818,05/30/25 12:15:00,28.468,,,,,
4819,05/30/25 12:30:00,28.468,,,,,
4820,05/30/25 12:45:00,28.493,,,,,
4821,05/30/25 13:00:00,28.493,,,,,
4822,05/30/25 13:15:00,28.518,,,,,
4823,05/30/25 13:30:00,28.493,,,,,
4824,05/30/25 13:45:00,28.394,,,,,
4825,05/30/25 14:00:00,28.345,,,,,
4826,05/30/25 14:15:00,28.369,,,,,
4827,05/30/25 14:30:00,28.394,,,,,
4828,05/30/25 14:45:00,28.345,,,,,
4829,05/30/25 15:00:00,28.270,,,,,
4830,05/30/25 15:15:00,28.394,,,,,
4831,05/30/25 15:30:00,28.468,,,,,
4832,05/30/25 15:45:00,28.518,,,,,
4833,05/30/25 16:00:00,28.493,,,,,
4834,05/30/25 16:15:00,28.468,,,,,
4835,05/30/25 16:30:00,28.493,,,,,
4836,05/30/25 16:45:00,28.493,,,,,
4837,05/30/25 17:00:00,28.518,,,,,
4838,05/30/25 17:15:00,28.493,,,,,
4839,05/30/25 17:30:00,28.518,,,,,
4840,05/30/25 17:45:00,28.518,,,,,
4841,05/30/25 18:00:00,28.518,,,,,
4842,05/30/25 18:15:00,28.518,,,,,
4843,05/30/25 18:30:00,28.493,,,,,
4844,05/30/25 18:45:00,28.468,,,,,
4845,05/30/25 19:00:00,28.444,,,,,
4846,05/30/25 19:15:00,28.444,,,,,
4847,05/30/25 19:30:00,28.444,,,,,
4848,05/30/25 19:45:00,28.444,,,,,
4849,05/30/25 20:00:00,28.468,,,,,
4850,05/30/25 20:15:00,28.468,,,,,
4851,05/30/25 20:30:00,28.444,,,,,
4852,05/30/25 20:45:00,28.444,,,,,
4853,05/30/25 21:00:00,28.369,,,,,
4854,05/30/25 21:15:00,28.369,,,,,
4855,05/30/25 21:30:00,28.320,,,,,
4856,05/30/25 21:45:00,28.171,,,,,
4857,05/30/25 22:00:00,28.147,,,,,
4858,05/30/25 22:15:00,28.171,,,,,
4859,05/30/25 22:30:00,28.171,,,,,
4860,05/30/25 22:45:00,28.444,,,,,
4861,05/30/25 23:00:00,28.468,,,,,
4862,05/30/25 23:15:00,28.444,,,,,
4863,05/30/25 23:30:00,28.468,,,,,
4864,05/30/25 23:45:00,28.468,,,,,
4865,05/31/25 00:00:00,28.468,,,,,
4866,05/31/25 00:15:00,28.468,,,,,
4867,05/31/25 00:30:00,28.468,,,,,
4868,05/31/25 00:45:00,28.468,,,,,
4869,05/31/25 01:00:00,28.493,,,,,
4870,05/31/25 01:15:00,28.468,,,,,
4871,05/31/25 01:30:00,28.468,,,,,
4872,05/31/25 01:45:00,28.468,,,,,
4873,05/31/25 02:00:00,28.493,,,,,
4874,05/31/25 02:15:00,28.493,,,,,
4875,05/31/25 02:30:00,28.518,,,,,
4876,05/31/25 02:45:00,28.518,,,,,
4877,05/31/25 03:00:00,28.518,,,,,
4878,05/31/25 03:15:00,28.518,,,,,
4879,05/31/25 03:30:00,28.493,,,,,
4880,05/31/25 03:45:00,28.493,,,,,
4881,05/31/25 04:00:00,28.270,,,,,
4882,05/31/25 04:15:00,28.468,,,,,
4883,05/31/25 04:30:00,28.221,,,,,
4884,05/31/25 04:45:00,28.171,,,,,
4885,05/31/25 05:00:00,28.295,,,,,
4886,05/31/25 05:15:00,28.493,,,,,
4887,05/31/25 05:30:00,28.493,,,,,
4888,05/31/25 05:45:00,28.444,,,,,
4889,05/31/25 06:00:00,28.468,,,,,
4890,05/31/25 06:15:00,28.468,,,,,
4891,05/31/25 06:30:00,28.419,,,,,
4892,05/31/25 06:45:00,28.369,,,,,
4893,05/31/25 07:00:00,28.345,,,,,
4894,05/31/25 07:15:00,28.394,,,,,
4895,05/31/25 07:30:00,28.345,,,,,
4896,05/31/25 07:45:00,28.444,,,,,
4897,05/31/25 08:00:00,28.320,,,,,
4898,05/31/25 08:15:00,28.320,,,,,
4899,05/31/25 08:30:00,28.270,,,,,
4900,05/31/25 08:45:00,28.245,,,,,
4901,05/31/25 09:00:00,28.245,,,,,
4902,05/31/25 09:15:00,28.270,,,,,
4903,05/31/25 09:30:00,28.394,,,,,
4904,05/31/25 09:45:00,28.394,,,,,
4905,05/31/25 10:00:00,28.444,,,,,
4906,05/31/25 10:15:00,28.468,,,,,
4907,05/31/25 10:30:00,28.493,,,,,
4908,05/31/25 10:45:00,28.493,,,,,
4909,05/31/25 11:00:00,28.493,,,,,
4910,05/31/25 11:15:00,28.518,,,,,
4911,05/31/25 11:30:00,28.518,,,,,
4912,05/31/25 11:45:00,28.518,,,,,
4913,05/31/25 12:00:00,28.518,,,,,
4914,05/31/25 12:15:00,28.518,,,,,
4915,05/31/25 12:30:00,28.518,,,,,
4916,05/31/25 12:45:00,28.543,,,,,
4917,05/31/25 13:00:00,28.543,,,,,
4918,05/31/25 13:15:00,28.518,,,,,
4919,05/31/25 13:30:00,28.468,,,,,
4920,05/31/25 13:45:00,28.493,,,,,
4921,05/31/25 14:00:00,28.419,,,,,
4922,05/31/25 14:15:00,28.493,,,,,
4923,05/31/25 14:30:00,28.518,,,,,
4924,05/31/25 14:45:00,28.543,,,,,
4925,05/31/25 15:00:00,28.543,,,,,
4926,05/31/25 15:15:00,28.543,,,,,
4927,05/31/25 15:30:00,28.543,,,,,
4928,05/31/25 15:45:00,28.543,,,,,
4929,05/31/25 16:00:00,28.543,,,,,
4930,05/31/25 16:15:00,28.493,,,,,
4931,05/31/25 16:30:00,28.493,,,,,
4932,05/31/25 16:45:00,28.493,,,,,
4933,05/31/25 17:00:00,28.493,,,,,
4934,05/31/25 17:15:00,28.493,,,,,
4935,05/31/25 17:30:00,28.518,,,,,
4936,05/31/25 17:45:00,28.518,,,,,
4937,05/31/25 18:00:00,28.518,,,,,
4938,05/31/25 18:15:00,28.518,,,,,
4939,05/31/25 18:30:00,28.543,,,,,
4940,05/31/25 18:45:00,28.543,,,,,
4941,05/31/25 19:00:00,28.543,,,,,
4942,05/31/25 19:15:00,28.543,,,,,
4943,05/31/25 19:30:00,28.543,,,,,
4944,05/31/25 19:45:00,28.543,,,,,
4945,05/31/25 20:00:00,28.543,,,,,
4946,05/31/25 20:15:00,28.543,,,,,
4947,05/31/25 20:30:00,28.543,,,,,
4948,05/31/25 20:45:00,28.568,,,,,
4949,05/31/25 21:00:00,28.568,,,,,
4950,05/31/25 21:15:00,28.518,,,,,
4951,05/31/25 21:30:00,28.518,,,,,
4952,05/31/25 21:45:00,28.518,,,,,
4953,05/31/25 22:00:00,28.518,,,,,
4954,05/31/25 22:15:00,28.518,,,,,
4955,05/31/25 22:30:00,28.518,,,,,
4956,05/31/25 22:45:00,28.518,,,,,
4957,05/31/25 23:00:00,28.518,,,,,
4958,05/31/25 23:15:00,28.543,,,,,
4959,05/31/25 23:30:00,28.568,,,,,
4960,05/31/25 23:45:00,28.568,,,,,
4961,06/01/25 00:00:00,28.568,,,,,
4962,06/01/25 00:15:00,28.568,,,,,
4963,06/01/25 00:30:00,28.568,,,,,
4964,06/01/25 00:45:00,28.543,,,,,
4965,06/01/25 01:00:00,28.518,,,,,
4966,06/01/25 01:15:00,28.518,,,,,
4967,06/01/25 01:30:00,28.518,,,,,
4968,06/01/25 01:45:00,28.345,,,,,
4969,06/01/25 02:00:00,28.270,,,,,
4970,06/01/25 02:15:00,28.270,,,,,
4971,06/01/25 02:30:00,28.221,,,,,
4972,06/01/25 02:45:00,28.245,,,,,
4973,06/01/25 03:00:00,28.270,,,,,
4974,06/01/25 03:15:00,28.369,,,,,
4975,06/01/25 03:30:00,28.394,,,,,
4976,06/01/25 03:45:00,28.345,,,,,
4977,06/01/25 04:00:00,28.345,,,,,
4978,06/01/25 04:15:00,28.295,,,,,
4979,06/01/25 04:30:00,28.419,,,,,
4980,06/01/25 04:45:00,28.419,,,,,
4981,06/01/25 05:00:00,28.493,,,,,
4982,06/01/25 05:15:00,28.493,,,,,
4983,06/01/25 05:30:00,28.444,,,,,
4984,06/01/25 05:45:00,28.468,,,,,
4985,06/01/25 06:00:00,28.468,,,,,
4986,06/01/25 06:15:00,28.444,,,,,
4987,06/01/25 06:30:00,28.468,,,,,
4988,06/01/25 06:45:00,28.419,,,,,
4989,06/01/25 07:00:00,28.444,,,,,
4990,06/01/25 07:15:00,28.419,,,,,
4991,06/01/25 07:30:00,28.394,,,,,
4992,06/01/25 07:45:00,28.345,,,,,
4993,06/01/25 08:00:00,28.320,,,,,
4994,06/01/25 08:15:00,28.345,,,,,
4995,06/01/25 08:30:00,28.345,,,,,
4996,06/01/25 08:45:00,28.320,,,,,
4997,06/01/25 09:00:00,28.345,,,,,
4998,06/01/25 09:15:00,28.345,,,,,
4999,06/01/25 09:30:00,28.320,,,,,
5000,06/01/25 09:45:00,28.245,,,,,
5001,06/01/25 10:00:00,28.221,,,,,
5002,06/01/25 10:15:00,28.196,,,,,
5003,06/01/25 10:30:00,28.147,,,,,
5004,06/01/25 10:45:00,28.147,,,,,
5005,06/01/25 11:00:00,28.147,,,,,
5006,06/01/25 11:15:00,28.147,,,,,
5007,06/01/25 11:30:00,28.171,,,,,
5008,06/01/25 11:45:00,28.196,,,,,
5009,06/01/25 12:00:00,28.221,,,,,
5010,06/01/25 12:15:00,28.320,,,,,
5011,06/01/25 12:30:00,28.295,,,,,
5012,06/01/25 12:45:00,28.320,,,,,
5013,06/01/25 13:00:00,28.419,,,,,
5014,06/01/25 13:15:00,28.369,,,,,
5015,06/01/25 13:30:00,28.419,,,,,
5016,06/01/25 13:45:00,28.444,,,,,
5017,06/01/25 14:00:00,28.444,,,,,
5018,06/01/25 14:15:00,28.468,,,,,
5019,06/01/25 14:30:00,28.468,,,,,
5020,06/01/25 14:45:00,28.493,,,,,
5021,06/01/25 15:00:00,28.493,,,,,
5022,06/01/25 15:15:00,28.518,,,,,
5023,06/01/25 15:30:00,28.518,,,,,
5024,06/01/25 15:45:00,28.518,,,,,
5025,06/01/25 16:00:00,28.518,,,,,
5026,06/01/25 16:15:00,28.518,,,,,
5027,06/01/25 16:30:00,28.543,,,,,
5028,06/01/25 16:45:00,28.543,,,,,
5029,06/01/25 17:00:00,28.543,,,,,
5030,06/01/25 17:15:00,28.345,,,,,
5031,06/01/25 17:30:00,28.419,,,,,
5032,06/01/25 17:45:00,28.493,,,,,
5033,06/01/25 18:00:00,28.568,,,,,
5034,06/01/25 18:15:00,28.568,,,,,
5035,06/01/25 18:30:00,28.568,,,,,
5036,06/01/25 18:45:00,28.568,,,,,
5037,06/01/25 19:00:00,28.568,,,,,
5038,06/01/25 19:15:00,28.568,,,,,
5039,06/01/25 19:30:00,28.593,,,,,
5040,06/01/25 19:45:00,28.593,,,,,
5041,06/01/25 20:00:00,28.593,,,,,
5042,06/01/25 20:15:00,28.617,,,,,
5043,06/01/25 20:30:00,28.642,,,,,
5044,06/01/25 20:45:00,28.617,,,,,
5045,06/01/25 21:00:00,28.617,,,,,
5046,06/01/25 21:15:00,28.617,,,,,
5047,06/01/25 21:30:00,28.617,,,,,
5048,06/01/25 21:45:00,28.617,,,,,
5049,06/01/25 22:00:00,28.593,,,,,
5050,06/01/25 22:15:00,28.617,,,,,
5051,06/01/25 22:30:00,28.617,,,,,
5052,06/01/25 22:45:00,28.593,,,,,
5053,06/01/25 23:00:00,28.593,,,,,
5054,06/01/25 23:15:00,28.593,,,,,
5055,06/01/25 23:30:00,28.593,,,,,
5056,06/01/25 23:45:00,28.593,,,,,
5057,06/02/25 00:00:00,28.593,,,,,
5058,06/02/25 00:15:00,28.593,,,,,
5059,06/02/25 00:30:00,28.593,,,,,
5060,06/02/25 00:45:00,28.543,,,,,
5061,06/02/25 01:00:00,28.543,,,,,
5062,06/02/25 01:15:00,28.419,,,,,
5063,06/02/25 01:30:00,28.419,,,,,
5064,06/02/25 01:45:00,28.493,,,,,
5065,06/02/25 02:00:00,28.518,,,,,
5066,06/02/25 02:15:00,28.419,,,,,
5067,06/02/25 02:30:00,28.518,,,,,
5068,06/02/25 02:45:00,28.543,,,,,
5069,06/02/25 03:00:00,28.468,,,,,
5070,06/02/25 03:15:00,28.543,,,,,
5071,06/02/25 03:30:00,28.543,,,,,
5072,06/02/25 03:45:00,28.568,,,,,
5073,06/02/25 04:00:00,28.493,,,,,
5074,06/02/25 04:15:00,28.345,,,,,
5075,06/02/25 04:30:00,28.295,,,,,
5076,06/02/25 04:45:00,28.295,,,,,
5077,06/02/25 05:00:00,28.245,,,,,
5078,06/02/25 05:15:00,28.270,,,,,
5079,06/02/25 05:30:00,28.295,,,,,
5080,06/02/25 05:45:00,28.444,,,,,
5081,06/02/25 06:00:00,28.419,,,,,
5082,06/02/25 06:15:00,28.394,,,,,
5083,06/02/25 06:30:00,28.369,,,,,
5084,06/02/25 06:45:00,28.345,,,,,
5085,06/02/25 07:00:00,28.320,,,,,
5086,06/02/25 07:15:00,28.320,,,,,
5087,06/02/25 07:30:00,28.369,,,,,
5088,06/02/25 07:45:00,28.369,,,,,
5089,06/02/25 08:00:00,28.394,,,,,
5090,06/02/25 08:15:00,28.394,,,,,
5091,06/02/25 08:30:00,28.419,,,,,
5092,06/02/25 08:45:00,28.419,,,,,
5093,06/02/25 09:00:00,28.444,,,,,
5094,06/02/25 09:15:00,28.444,,,,,
5095,06/02/25 09:30:00,28.444,,,,,
5096,06/02/25 09:45:00,28.444,,,,,
5097,06/02/25 10:00:00,28.468,,,,,
5098,06/02/25 10:15:00,28.468,,,,,
5099,06/02/25 10:30:00,28.444,,,,,
5100,06/02/25 10:45:00,28.444,,,,,
5101,06/02/25 11:00:00,28.295,,,,,
5102,06/02/25 11:15:00,28.270,,,,,
5103,06/02/25 11:30:00,28.221,,,,,
5104,06/02/25 11:45:00,28.221,,,,,
5105,06/02/25 12:00:00,28.270,,,,,
5106,06/02/25 12:15:00,28.245,,,,,
5107,06/02/25 12:30:00,28.419,,,,,
5108,06/02/25 12:45:00,28.444,,,,,
5109,06/02/25 13:00:00,28.419,,,,,
5110,06/02/25 13:15:00,28.122,,,,,
5111,06/02/25 13:30:00,28.072,,,,,
5112,06/02/25 13:45:00,28.072,,,,,
5113,06/02/25 14:00:00,28.072,,,,,
5114,06/02/25 14:15:00,28.072,,,,,
5115,06/02/25 14:30:00,28.147,,,,,
5116,06/02/25 14:45:00,28.345,,,,,
5117,06/02/25 15:00:00,28.444,,,,,
5118,06/02/25 15:15:00,28.468,,,,,
5119,06/02/25 15:30:00,28.171,,,,,
5120,06/02/25 15:45:00,28.320,,,,,
5121,06/02/25 16:00:00,28.468,,,,,
5122,06/02/25 16:15:00,28.147,,,,,
5123,06/02/25 16:30:00,28.171,,,,,
5124,06/02/25 16:45:00,27.998,,,,,
5125,06/02/25 17:00:00,28.171,,,,,
5126,06/02/25 17:15:00,28.394,,,,,
5127,06/02/25 17:30:00,28.543,,,,,
5128,06/02/25 17:45:00,28.568,,,,,
5129,06/02/25 18:00:00,28.593,,,,,
5130,06/02/25 18:15:00,28.593,,,,,
5131,06/02/25 18:30:00,28.593,,,,,
5132,06/02/25 18:45:00,28.593,,,,,
5133,06/02/25 19:00:00,28.617,,,,,
5134,06/02/25 19:15:00,28.617,,,,,
5135,06/02/25 19:30:00,28.617,,,,,
5136,06/02/25 19:45:00,28.617,,,,,
5137,06/02/25 20:00:00,28.617,,,,,
5138,06/02/25 20:15:00,28.617,,,,,
5139,06/02/25 20:30:00,28.593,,,,,
5140,06/02/25 20:45:00,28.593,,,,,
5141,06/02/25 21:00:00,28.617,,,,,
5142,06/02/25 21:15:00,28.617,,,,,
5143,06/02/25 21:30:00,28.617,,,,,
5144,06/02/25 21:45:00,28.617,,,,,
5145,06/02/25 22:00:00,28.617,,,,,
5146,06/02/25 22:15:00,28.617,,,,,
5147,06/02/25 22:30:00,28.642,,,,,
5148,06/02/25 22:45:00,28.642,,,,,
5149,06/02/25 23:00:00,28.642,,,,,
5150,06/02/25 23:15:00,28.617,,,,,
5151,06/02/25 23:30:00,28.617,,,,,
5152,06/02/25 23:45:00,28.617,,,,,
5153,06/03/25 00:00:00,28.617,,,,,
5154,06/03/25 00:15:00,28.617,,,,,
5155,06/03/25 00:30:00,28.617,,,,,
5156,06/03/25 00:45:00,28.642,,,,,
5157,06/03/25 01:00:00,28.642,,,,,
5158,06/03/25 01:15:00,28.617,,,,,
5159,06/03/25 01:30:00,28.642,,,,,
5160,06/03/25 01:45:00,28.667,,,,,
5161,06/03/25 02:00:00,28.617,,,,,
5162,06/03/25 02:15:00,28.667,,,,,
5163,06/03/25 02:30:00,28.667,,,,,
5164,06/03/25 02:45:00,28.667,,,,,
5165,06/03/25 03:00:00,28.295,,,,,
5166,06/03/25 03:15:00,28.072,,,,,
5167,06/03/25 03:30:00,28.072,,,,,
5168,06/03/25 03:45:00,28.518,,,,,
5169,06/03/25 04:00:00,28.518,,,,,
5170,06/03/25 04:15:00,28.295,,,,,
5171,06/03/25 04:30:00,28.295,,,,,
5172,06/03/25 04:45:00,28.320,,,,,
5173,06/03/25 05:00:00,28.221,,,,,
5174,06/03/25 05:15:00,28.270,,,,,
5175,06/03/25 05:30:00,28.295,,,,,
5176,06/03/25 05:45:00,28.345,,,,,
5177,06/03/25 06:00:00,28.369,,,,,
5178,06/03/25 06:15:00,28.394,,,,,
5179,06/03/25 06:30:00,28.394,,,,,
5180,06/03/25 06:45:00,28.394,,,,,
5181,06/03/25 07:00:00,28.444,,,,,
5182,06/03/25 07:15:00,28.444,,,,,
5183,06/03/25 07:30:00,28.419,,,,,
5184,06/03/25 07:45:00,28.543,,,,,
5185,06/03/25 08:00:00,28.543,,,,,
5186,06/03/25 08:15:00,28.493,,,,,
5187,06/03/25 08:30:00,28.444,,,,,
5188,06/03/25 08:45:00,28.369,,,,,
5189,06/03/25 09:00:00,28.369,,,,,
5190,06/03/25 09:15:00,28.394,,,,,
5191,06/03/25 09:30:00,28.394,,,,,
5192,06/03/25 09:45:00,28.369,,,,,
5193,06/03/25 10:00:00,28.320,,,,,
5194,06/03/25 10:15:00,28.345,,,,,
5195,06/03/25 10:30:00,28.320,,,,,
5196,06/03/25 10:45:00,28.320,,,,,
5197,06/03/25 11:00:00,28.320,,,,,
5198,06/03/25 11:15:00,28.394,,,,,
5199,06/03/25 11:30:00,28.419,,,,,
5200,06/03/25 11:45:00,28.270,,,,,
5201,06/03/25 12:00:00,28.270,,,,,
5202,06/03/25 12:15:00,28.270,,,,,
5203,06/03/25 12:30:00,28.394,,,,,
5204,06/03/25 12:45:00,28.568,,,,,
5205,06/03/25 13:00:00,28.617,,,,,
5206,06/03/25 13:15:00,28.493,,,,,
5207,06/03/25 13:30:00,28.518,,,,,
5208,06/03/25 13:45:00,28.444,,,,,
5209,06/03/25 14:00:00,28.444,,,,,
5210,06/03/25 14:15:00,28.468,,,,,
5211,06/03/25 14:30:00,28.468,,,,,
5212,06/03/25 14:45:00,28.468,,,,,
5213,06/03/25 15:00:00,28.493,,,,,
5214,06/03/25 15:15:00,28.518,,,,,
5215,06/03/25 15:30:00,28.518,,,,,
5216,06/03/25 15:45:00,28.444,,,,,
5217,06/03/25 16:00:00,28.493,,,,,
5218,06/03/25 16:15:00,28.518,,,,,
5219,06/03/25 16:30:00,28.468,,,,,
5220,06/03/25 16:45:00,28.568,,,,,
5221,06/03/25 17:00:00,28.568,,,,,
5222,06/03/25 17:15:00,28.568,,,,,
5223,06/03/25 17:30:00,28.593,,,,,
5224,06/03/25 17:45:00,28.617,,,,,
5225,06/03/25 18:00:00,28.593,,,,,
5226,06/03/25 18:15:00,28.568,,,,,
5227,06/03/25 18:30:00,28.568,,,,,
5228,06/03/25 18:45:00,28.345,,,,,
5229,06/03/25 19:00:00,28.295,,,,,
5230,06/03/25 19:15:00,28.221,,,,,
5231,06/03/25 19:30:00,28.245,,,,,
5232,06/03/25 19:45:00,28.295,,,,,
5233,06/03/25 20:00:00,28.617,,,,,
5234,06/03/25 20:15:00,28.320,,,,,
5235,06/03/25 20:30:00,28.245,,,,,
5236,06/03/25 20:45:00,28.245,,,,,
5237,06/03/25 21:00:00,28.245,,,,,
5238,06/03/25 21:15:00,28.245,,,,,
5239,06/03/25 21:30:00,28.270,,,,,
5240,06/03/25 21:45:00,28.270,,,,,
5241,06/03/25 22:00:00,28.642,,,,,
5242,06/03/25 22:15:00,28.692,,,,,
5243,06/03/25 22:30:00,28.692,,,,,
5244,06/03/25 22:45:00,28.667,,,,,
5245,06/03/25 23:00:00,28.593,,,,,
5246,06/03/25 23:15:00,28.642,,,,,
5247,06/03/25 23:30:00,28.642,,,,,
5248,06/03/25 23:45:00,28.642,,,,,
5249,06/04/25 00:00:00,28.617,,,,,
5250,06/04/25 00:15:00,28.617,,,,,
5251,06/04/25 00:30:00,28.617,,,,,
5252,06/04/25 00:45:00,28.617,,,,,
5253,06/04/25 01:00:00,28.617,,,,,
5254,06/04/25 01:15:00,28.617,,,,,
5255,06/04/25 01:30:00,28.642,,,,,
5256,06/04/25 01:45:00,28.642,,,,,
5257,06/04/25 02:00:00,28.642,,,,,
5258,06/04/25 02:15:00,28.617,,,,,
5259,06/04/25 02:30:00,28.593,,,,,
5260,06/04/25 02:45:00,28.593,,,,,
5261,06/04/25 03:00:00,28.593,,,,,
5262,06/04/25 03:15:00,28.593,,,,,
5263,06/04/25 03:30:00,28.568,,,,,
5264,06/04/25 03:45:00,28.568,,,,,
5265,06/04/25 04:00:00,28.593,,,,,
5266,06/04/25 04:15:00,28.593,,,,,
5267,06/04/25 04:30:00,28.593,,,,,
5268,06/04/25 04:45:00,28.593,,,,,
5269,06/04/25 05:00:00,28.593,,,,,
5270,06/04/25 05:15:00,28.593,,,,,
5271,06/04/25 05:30:00,28.593,,,,,
5272,06/04/25 05:45:00,28.593,,,,,
5273,06/04/25 06:00:00,28.568,,,,,
5274,06/04/25 06:15:00,28.568,,,,,
5275,06/04/25 06:30:00,28.568,,,,,
5276,06/04/25 06:45:00,28.568,,,,,
5277,06/04/25 07:00:00,28.568,,,,,
5278,06/04/25 07:15:00,28.468,,,,,
5279,06/04/25 07:30:00,28.543,,,,,
5280,06/04/25 07:45:00,28.568,,,,,
5281,06/04/25 08:00:00,28.568,,,,,
5282,06/04/25 08:15:00,28.568,,,,,
5283,06/04/25 08:30:00,28.568,,,,,
5284,06/04/25 08:45:00,28.593,,,,,
5285,06/04/25 09:00:00,28.568,,,,,
5286,06/04/25 09:15:00,28.593,,,,,
5287,06/04/25 09:30:00,28.593,,,,,
5288,06/04/25 09:45:00,28.593,,,,,
5289,06/04/25 10:00:00,28.444,,,,,
5290,06/04/25 10:15:00,28.295,,,,,
5291,06/04/25 10:30:00,28.295,,,,,
5292,06/04/25 10:45:00,28.320,,,,,
5293,06/04/25 11:00:00,28.345,,,,,
5294,06/04/25 11:15:00,28.468,,,,,
5295,06/04/25 11:30:00,28.444,,,,,
5296,06/04/25 11:45:00,28.493,,,,,
5297,06/04/25 12:00:00,28.493,,,,,
5298,06/04/25 12:15:00,28.468,,,,,
5299,06/04/25 12:30:00,28.593,,,,,
5300,06/04/25 12:45:00,28.642,,,,,
5301,06/04/25 13:00:00,28.518,,,,,
5302,06/04/25 13:15:00,28.394,,,,,
5303,06/04/25 13:30:00,28.444,,,,,
5304,06/04/25 13:45:00,28.444,,,,,
5305,06/04/25 14:00:00,28.394,,,,,
5306,06/04/25 14:15:00,28.419,,,,,
5307,06/04/25 14:30:00,28.444,,,,,
5308,06/04/25 14:45:00,28.493,,,,,
5309,06/04/25 15:00:00,28.468,,,,,
5310,06/04/25 15:15:00,28.493,,,,,
5311,06/04/25 15:30:00,28.518,,,,,
5312,06/04/25 15:45:00,28.493,,,,,
5313,06/04/25 16:00:00,28.518,,,,,
5314,06/04/25 16:15:00,28.518,,,,,
5315,06/04/25 16:30:00,28.518,,,,,
5316,06/04/25 16:45:00,28.543,,,,,
5317,06/04/25 17:00:00,28.543,,,,,
5318,06/04/25 17:15:00,28.543,,,,,
5319,06/04/25 17:30:00,28.568,,,,,
5320,06/04/25 17:45:00,28.568,,,,,
5321,06/04/25 18:00:00,28.568,,,,,
5322,06/04/25 18:15:00,28.568,,,,,
5323,06/04/25 18:30:00,28.419,,,,,
5324,06/04/25 18:45:00,28.345,,,,,
5325,06/04/25 19:00:00,28.369,,,,,
5326,06/04/25 19:15:00,28.320,,,,,
5327,06/04/25 19:30:00,28.295,,,,,
5328,06/04/25 19:45:00,28.270,,,,,
5329,06/04/25 20:00:00,28.221,,,,,
5330,06/04/25 20:15:00,28.221,,,,,
5331,06/04/25 20:30:00,28.221,,,,,
5332,06/04/25 20:45:00,28.245,,,,,
5333,06/04/25 21:00:00,28.245,,,,,
5334,06/04/25 21:15:00,28.270,,,,,
5335,06/04/25 21:30:00,28.320,,,,,
5336,06/04/25 21:45:00,28.419,,,,,
5337,06/04/25 22:00:00,28.518,,,,,
5338,06/04/25 22:15:00,28.493,,,,,
5339,06/04/25 22:30:00,28.543,,,,,
5340,06/04/25 22:45:00,28.568,,,,,
5341,06/04/25 23:00:00,28.493,,,,,
5342,06/04/25 23:15:00,28.568,,,,,
5343,06/04/25 23:30:00,28.568,,,,,
5344,06/04/25 23:45:00,28.568,,,,,
5345,06/05/25 00:00:00,28.568,,,,,
5346,06/05/25 00:15:00,28.568,,,,,
5347,06/05/25 00:30:00,28.568,,,,,
5348,06/05/25 00:45:00,28.518,,,,,
5349,06/05/25 01:00:00,28.444,,,,,
5350,06/05/25 01:15:00,28.518,,,,,
5351,06/05/25 01:30:00,28.543,,,,,
5352,06/05/25 01:45:00,28.568,,,,,
5353,06/05/25 02:00:00,28.543,,,,,
5354,06/05/25 02:15:00,28.593,,,,,
5355,06/05/25 02:30:00,28.617,,,,,
5356,06/05/25 02:45:00,28.617,,,,,
5357,06/05/25 03:00:00,28.642,,,,,
5358,06/05/25 03:15:00,28.642,,,,,
5359,06/05/25 03:30:00,28.617,,,,,
5360,06/05/25 03:45:00,28.617,,,,,
5361,06/05/25 04:00:00,28.617,,,,,
5362,06/05/25 04:15:00,28.617,,,,,
5363,06/05/25 04:30:00,28.617,,,,,
5364,06/05/25 04:45:00,28.593,,,,,
5365,06/05/25 05:00:00,28.593,,,,,
5366,06/05/25 05:15:00,28.593,,,,,
5367,06/05/25 05:30:00,28.593,,,,,
5368,06/05/25 05:45:00,28.593,,,,,
5369,06/05/25 06:00:00,28.568,,,,,
5370,06/05/25 06:15:00,28.568,,,,,
5371,06/05/25 06:30:00,28.568,,,,,
5372,06/05/25 06:45:00,28.568,,,,,
5373,06/05/25 07:00:00,28.568,,,,,
5374,06/05/25 07:15:00,28.543,,,,,
5375,06/05/25 07:30:00,28.568,,,,,
5376,06/05/25 07:45:00,28.568,,,,,
5377,06/05/25 08:00:00,28.543,,,,,
5378,06/05/25 08:15:00,28.543,,,,,
5379,06/05/25 08:30:00,28.543,,,,,
5380,06/05/25 08:45:00,28.543,,,,,
5381,06/05/25 09:00:00,28.543,,,,,
5382,06/05/25 09:15:00,28.543,,,,,
5383,06/05/25 09:30:00,28.543,,,,,
5384,06/05/25 09:45:00,28.543,,,,,
5385,06/05/25 10:00:00,28.543,,,,,
5386,06/05/25 10:15:00,28.518,,,,,
5387,06/05/25 10:30:00,28.518,,,,,
5388,06/05/25 10:45:00,28.518,,,,,
5389,06/05/25 11:00:00,28.518,,,,,
5390,06/05/25 11:15:00,28.518,,,,,
5391,06/05/25 11:30:00,28.543,,,,,
5392,06/05/25 11:45:00,28.518,,,,,
5393,06/05/25 12:00:00,28.518,,,,,
5394,06/05/25 12:15:00,28.543,,,,,
5395,06/05/25 12:30:00,28.543,,,,,
5396,06/05/25 12:45:00,28.543,,,,,
5397,06/05/25 13:00:00,28.543,,,,,
5398,06/05/25 13:15:00,28.543,,,,,
5399,06/05/25 13:30:00,28.543,,,,,
5400,06/05/25 13:45:00,28.568,,,,,
5401,06/05/25 14:00:00,28.568,,,,,
5402,06/05/25 14:15:00,28.568,,,,,
5403,06/05/25 14:30:00,28.568,,,,,
5404,06/05/25 14:45:00,28.593,,,,,
5405,06/05/25 15:00:00,28.593,,,,,
5406,06/05/25 15:15:00,28.617,,,,,
5407,06/05/25 15:30:00,28.642,,,,,
5408,06/05/25 15:45:00,28.667,,,,,
5409,06/05/25 16:00:00,28.667,,,,,
5410,06/05/25 16:15:00,28.642,,,,,
5411,06/05/25 16:30:00,28.642,,,,,
5412,06/05/25 16:45:00,28.617,,,,,
5413,06/05/25 17:00:00,28.593,,,,,
5414,06/05/25 17:15:00,28.617,,,,,
5415,06/05/25 17:30:00,28.617,,,,,
5416,06/05/25 17:45:00,28.617,,,,,
5417,06/05/25 18:00:00,28.617,,,,,
5418,06/05/25 18:15:00,28.617,,,,,
5419,06/05/25 18:30:00,28.642,,,,,
5420,06/05/25 18:45:00,28.642,,,,,
5421,06/05/25 19:00:00,28.642,,,,,
5422,06/05/25 19:15:00,28.642,,,,,
5423,06/05/25 19:30:00,28.617,,,,,
5424,06/05/25 19:45:00,28.617,,,,,
5425,06/05/25 20:00:00,28.617,,,,,
5426,06/05/25 20:15:00,28.617,,,,,
5427,06/05/25 20:30:00,28.617,,,,,
5428,06/05/25 20:45:00,28.617,,,,,
5429,06/05/25 21:00:00,28.617,,,,,
5430,06/05/25 21:15:00,28.617,,,,,
5431,06/05/25 21:30:00,28.617,,,,,
5432,06/05/25 21:45:00,28.543,,,,,
5433,06/05/25 22:00:00,28.617,,,,,
5434,06/05/25 22:15:00,28.617,,,,,
5435,06/05/25 22:30:00,28.543,,,,,
5436,06/05/25 22:45:00,28.568,,,,,
5437,06/05/25 23:00:00,28.593,,,,,
5438,06/05/25 23:15:00,28.593,,,,,
5439,06/05/25 23:30:00,28.617,,,,,
5440,06/05/25 23:45:00,28.617,,,,,
5441,06/06/25 00:00:00,28.617,,,,,
5442,06/06/25 00:15:00,28.617,,,,,
5443,06/06/25 00:30:00,28.617,,,,,
5444,06/06/25 00:45:00,28.617,,,,,
5445,06/06/25 01:00:00,28.617,,,,,
5446,06/06/25 01:15:00,28.617,,,,,
5447,06/06/25 01:30:00,28.617,,,,,
5448,06/06/25 01:45:00,28.617,,,,,
5449,06/06/25 02:00:00,28.593,,,,,
5450,06/06/25 02:15:00,28.593,,,,,
5451,06/06/25 02:30:00,28.593,,,,,
5452,06/06/25 02:45:00,28.593,,,,,
5453,06/06/25 03:00:00,28.593,,,,,
5454,06/06/25 03:15:00,28.593,,,,,
5455,06/06/25 03:30:00,28.593,,,,,
5456,06/06/25 03:45:00,28.593,,,,,
5457,06/06/25 04:00:00,28.568,,,,,
5458,06/06/25 04:15:00,28.568,,,,,
5459,06/06/25 04:30:00,28.543,,,,,
5460,06/06/25 04:45:00,28.543,,,,,
5461,06/06/25 05:00:00,28.543,,,,,
5462,06/06/25 05:15:00,28.543,,,,,
5463,06/06/25 05:30:00,28.543,,,,,
5464,06/06/25 05:45:00,28.518,,,,,
5465,06/06/25 06:00:00,28.518,,,,,
5466,06/06/25 06:15:00,28.518,,,,,
5467,06/06/25 06:30:00,28.518,,,,,
5468,06/06/25 06:45:00,28.493,,,,,
5469,06/06/25 07:00:00,28.518,,,,,
5470,06/06/25 07:15:00,28.493,,,,,
5471,06/06/25 07:30:00,28.493,,,,,
5472,06/06/25 07:45:00,28.493,,,,,
5473,06/06/25 08:00:00,28.518,,,,,
5474,06/06/25 08:15:00,28.518,,,,,
5475,06/06/25 08:30:00,28.518,,,,,
5476,06/06/25 08:45:00,28.543,,,,,
5477,06/06/25 09:00:00,28.543,,,,,
5478,06/06/25 09:15:00,28.493,,,,,
5479,06/06/25 09:30:00,28.543,,,,,
5480,06/06/25 09:45:00,28.518,,,,,
5481,06/06/25 10:00:00,28.518,,,,,
5482,06/06/25 10:15:00,28.543,,,,,
5483,06/06/25 10:30:00,28.543,,,,,
5484,06/06/25 10:45:00,28.543,,,,,
5485,06/06/25 11:00:00,28.543,,,,,
5486,06/06/25 11:15:00,28.543,,,,,
5487,06/06/25 11:30:00,28.543,,,,,
5488,06/06/25 11:45:00,28.543,,,,,
5489,06/06/25 12:00:00,28.543,,,,,
5490,06/06/25 12:15:00,28.543,,,,,
5491,06/06/25 12:30:00,28.543,,,,,
5492,06/06/25 12:45:00,28.543,,,,,
5493,06/06/25 13:00:00,28.543,,,,,
5494,06/06/25 13:15:00,28.543,,,,,
5495,06/06/25 13:30:00,28.543,,,,,
5496,06/06/25 13:45:00,28.568,,,,,
5497,06/06/25 14:00:00,28.543,,,,,
5498,06/06/25 14:15:00,28.543,,,,,
5499,06/06/25 14:30:00,28.543,,,,,
5500,06/06/25 14:45:00,28.543,,,,,
5501,06/06/25 15:00:00,28.543,,,,,
5502,06/06/25 15:15:00,28.543,,,,,
5503,06/06/25 15:30:00,28.568,,,,,
5504,06/06/25 15:45:00,28.543,,,,,
5505,06/06/25 16:00:00,28.543,,,,,
5506,06/06/25 16:15:00,28.543,,,,,
5507,06/06/25 16:30:00,28.543,,,,,
5508,06/06/25 16:45:00,28.543,,,,,
5509,06/06/25 17:00:00,28.543,,,,,
5510,06/06/25 17:15:00,28.543,,,,,
5511,06/06/25 17:30:00,28.543,,,,,
5512,06/06/25 17:45:00,28.543,,,,,
5513,06/06/25 18:00:00,28.568,,,,,
5514,06/06/25 18:15:00,28.493,,,,,
5515,06/06/25 18:30:00,28.468,,,,,
5516,06/06/25 18:45:00,28.444,,,,,
5517,06/06/25 19:00:00,28.518,,,,,
5518,06/06/25 19:15:00,28.518,,,,,
5519,06/06/25 19:30:00,28.543,,,,,
5520,06/06/25 19:45:00,28.543,,,,,
5521,06/06/25 20:00:00,28.419,,,,,
5522,06/06/25 20:15:00,28.468,,,,,
5523,06/06/25 20:30:00,28.468,,,,,
5524,06/06/25 20:45:00,28.468,,,,,
5525,06/06/25 21:00:00,28.468,,,,,
5526,06/06/25 21:15:00,28.493,,,,,
5527,06/06/25 21:30:00,28.468,,,,,
5528,06/06/25 21:45:00,28.493,,,,,
5529,06/06/25 22:00:00,28.493,,,,,
5530,06/06/25 22:15:00,28.493,,,,,
5531,06/06/25 22:30:00,28.493,,,,,
5532,06/06/25 22:45:00,28.493,,,,,
5533,06/06/25 23:00:00,28.518,,,,,
5534,06/06/25 23:15:00,28.493,,,,,
5535,06/06/25 23:30:00,28.493,,,,,
5536,06/06/25 23:45:00,28.493,,,,,
5537,06/07/25 00:00:00,28.493,,,,,
5538,06/07/25 00:15:00,28.493,,,,,
5539,06/07/25 00:30:00,28.518,,,,,
5540,06/07/25 00:45:00,28.568,,,,,
5541,06/07/25 01:00:00,28.568,,,,,
5542,06/07/25 01:15:00,28.568,,,,,
5543,06/07/25 01:30:00,28.568,,,,,
5544,06/07/25 01:45:00,28.543,,,,,
5545,06/07/25 02:00:00,28.543,,,,,
5546,06/07/25 02:15:00,28.568,,,,,
5547,06/07/25 02:30:00,28.568,,,,,
5548,06/07/25 02:45:00,28.518,,,,,
5549,06/07/25 03:00:00,28.493,,,,,
5550,06/07/25 03:15:00,28.468,,,,,
5551,06/07/25 03:30:00,28.493,,,,,
5552,06/07/25 03:45:00,28.518,,,,,
5553,06/07/25 04:00:00,28.518,,,,,
5554,06/07/25 04:15:00,28.518,,,,,
5555,06/07/25 04:30:00,28.394,,,,,
5556,06/07/25 04:45:00,28.468,,,,,
5557,06/07/25 05:00:00,28.518,,,,,
5558,06/07/25 05:15:00,28.468,,,,,
5559,06/07/25 05:30:00,28.394,,,,,
5560,06/07/25 05:45:00,28.345,,,,,
5561,06/07/25 06:00:00,28.295,,,,,
5562,06/07/25 06:15:00,28.394,,,,,
5563,06/07/25 06:30:00,28.394,,,,,
5564,06/07/25 06:45:00,28.295,,,,,
5565,06/07/25 07:00:00,28.394,,,,,
5566,06/07/25 07:15:00,28.444,,,,,
5567,06/07/25 07:30:00,28.444,,,,,
5568,06/07/25 07:45:00,28.369,,,,,
5569,06/07/25 08:00:00,28.518,,,,,
5570,06/07/25 08:15:00,28.394,,,,,
5571,06/07/25 08:30:00,28.369,,,,,
5572,06/07/25 08:45:00,28.394,,,,,
5573,06/07/25 09:00:00,28.419,,,,,
5574,06/07/25 09:15:00,28.468,,,,,
5575,06/07/25 09:30:00,28.493,,,,,
5576,06/07/25 09:45:00,28.518,,,,,
5577,06/07/25 10:00:00,28.518,,,,,
5578,06/07/25 10:15:00,28.518,,,,,
5579,06/07/25 10:30:00,28.543,,,,,
5580,06/07/25 10:45:00,28.518,,,,,
5581,06/07/25 11:00:00,28.518,,,,,
5582,06/07/25 11:15:00,28.518,,,,,
5583,06/07/25 11:30:00,28.518,,,,,
5584,06/07/25 11:45:00,28.444,,,,,
5585,06/07/25 12:00:00,28.493,,,,,
5586,06/07/25 12:15:00,28.394,,,,,
5587,06/07/25 12:30:00,28.468,,,,,
5588,06/07/25 12:45:00,28.518,,,,,
5589,06/07/25 13:00:00,28.543,,,,,
5590,06/07/25 13:15:00,28.543,,,,,
5591,06/07/25 13:30:00,28.568,,,,,
5592,06/07/25 13:45:00,28.568,,,,,
5593,06/07/25 14:00:00,28.568,,,,,
5594,06/07/25 14:15:00,28.568,,,,,
5595,06/07/25 14:30:00,28.593,,,,,
5596,06/07/25 14:45:00,28.593,,,,,
5597,06/07/25 15:00:00,28.543,,,,,
5598,06/07/25 15:15:00,28.543,,,,,
5599,06/07/25 15:30:00,28.468,,,,,
5600,06/07/25 15:45:00,28.345,,,,,
5601,06/07/25 16:00:00,28.270,,,,,
5602,06/07/25 16:15:00,28.171,,,,,
5603,06/07/25 16:30:00,28.122,,,,,
5604,06/07/25 16:45:00,27.949,,,,,
5605,06/07/25 17:00:00,27.628,,,,,
5606,06/07/25 17:15:00,27.653,,,,,
5607,06/07/25 17:30:00,27.702,,,,,
5608,06/07/25 17:45:00,28.072,,,,,
5609,06/07/25 18:00:00,28.345,,,,,
5610,06/07/25 18:15:00,28.419,,,,,
5611,06/07/25 18:30:00,28.444,,,,,
5612,06/07/25 18:45:00,28.468,,,,,
5613,06/07/25 19:00:00,28.394,,,,,
5614,06/07/25 19:15:00,28.369,,,,,
5615,06/07/25 19:30:00,28.369,,,,,
5616,06/07/25 19:45:00,28.394,,,,,
5617,06/07/25 20:00:00,28.369,,,,,
5618,06/07/25 20:15:00,28.295,,,,,
5619,06/07/25 20:30:00,28.345,,,,,
5620,06/07/25 20:45:00,28.394,,,,,
5621,06/07/25 21:00:00,28.419,,,,,
5622,06/07/25 21:15:00,28.444,,,,,
5623,06/07/25 21:30:00,28.444,,,,,
5624,06/07/25 21:45:00,28.444,,,,,
5625,06/07/25 22:00:00,28.468,,,,,
5626,06/07/25 22:15:00,28.468,,,,,
5627,06/07/25 22:30:00,28.468,,,,,
5628,06/07/25 22:45:00,28.444,,,,,
5629,06/07/25 23:00:00,28.320,,,,,
5630,06/07/25 23:15:00,28.295,,,,,
5631,06/07/25 23:30:00,28.270,,,,,
5632,06/07/25 23:45:00,28.295,,,,,
5633,06/08/25 00:00:00,28.270,,,,,
5634,06/08/25 00:15:00,28.221,,,,,
5635,06/08/25 00:30:00,28.221,,,,,
5636,06/08/25 00:45:00,28.171,,,,,
5637,06/08/25 01:00:00,28.394,,,,,
5638,06/08/25 01:15:00,28.468,,,,,
5639,06/08/25 01:30:00,28.468,,,,,
5640,06/08/25 01:45:00,28.493,,,,,
5641,06/08/25 02:00:00,28.518,,,,,
5642,06/08/25 02:15:00,28.518,,,,,
5643,06/08/25 02:30:00,28.518,,,,,
5644,06/08/25 02:45:00,28.518,,,,,
5645,06/08/25 03:00:00,28.518,,,,,
5646,06/08/25 03:15:00,28.518,,,,,
5647,06/08/25 03:30:00,28.493,,,,,
5648,06/08/25 03:45:00,28.419,,,,,
5649,06/08/25 04:00:00,28.444,,,,,
5650,06/08/25 04:15:00,28.394,,,,,
5651,06/08/25 04:30:00,28.468,,,,,
5652,06/08/25 04:45:00,28.444,,,,,
5653,06/08/25 05:00:00,28.444,,,,,
5654,06/08/25 05:15:00,28.444,,,,,
5655,06/08/25 05:30:00,28.419,,,,,
5656,06/08/25 05:45:00,28.196,,,,,
5657,06/08/25 06:00:00,28.147,,,,,
5658,06/08/25 06:15:00,28.245,,,,,
5659,06/08/25 06:30:00,28.369,,,,,
5660,06/08/25 06:45:00,28.369,,,,,
5661,06/08/25 07:00:00,28.369,,,,,
5662,06/08/25 07:15:00,28.369,,,,,
5663,06/08/25 07:30:00,28.345,,,,,
5664,06/08/25 07:45:00,28.320,,,,,
5665,06/08/25 08:00:00,28.320,,,,,
5666,06/08/25 08:15:00,28.171,,,,,
5667,06/08/25 08:30:00,28.171,,,,,
5668,06/08/25 08:45:00,28.171,,,,,
5669,06/08/25 09:00:00,28.171,,,,,
5670,06/08/25 09:15:00,28.320,,,,,
5671,06/08/25 09:30:00,28.320,,,,,
5672,06/08/25 09:45:00,28.295,,,,,
5673,06/08/25 10:00:00,28.097,,,,,
5674,06/08/25 10:15:00,28.147,,,,,
5675,06/08/25 10:30:00,28.097,,,,,
5676,06/08/25 10:45:00,28.023,,,,,
5677,06/08/25 11:00:00,28.072,,,,,
5678,06/08/25 11:15:00,28.097,,,,,
5679,06/08/25 11:30:00,28.097,,,,,
5680,06/08/25 11:45:00,27.998,,,,,
5681,06/08/25 12:00:00,27.998,,,,,
5682,06/08/25 12:15:00,28.072,,,,,
5683,06/08/25 12:30:00,28.171,,,,,
5684,06/08/25 12:45:00,28.196,,,,,
5685,06/08/25 13:00:00,28.171,,,,,
5686,06/08/25 13:15:00,28.147,,,,,
5687,06/08/25 13:30:00,28.171,,,,,
5688,06/08/25 13:45:00,28.171,,,,,
5689,06/08/25 14:00:00,28.245,,,,,
5690,06/08/25 14:15:00,28.295,,,,,
5691,06/08/25 14:30:00,28.245,,,,,
5692,06/08/25 14:45:00,28.295,,,,,
5693,06/08/25 15:00:00,28.394,,,,,
5694,06/08/25 15:15:00,28.419,,,,,
5695,06/08/25 15:30:00,28.444,,,,,
5696,06/08/25 15:45:00,28.419,,,,,
5697,06/08/25 16:00:00,28.419,,,,,
5698,06/08/25 16:15:00,28.419,,,,,
5699,06/08/25 16:30:00,28.419,,,,,
5700,06/08/25 16:45:00,28.444,,,,,
5701,06/08/25 17:00:00,28.444,,,,,
5702,06/08/25 17:15:00,28.444,,,,,
5703,06/08/25 17:30:00,28.444,,,,,
5704,06/08/25 17:45:00,28.468,,,,,
5705,06/08/25 18:00:00,28.493,,,,,
5706,06/08/25 18:15:00,28.493,,,,,
5707,06/08/25 18:30:00,28.444,,,,,
5708,06/08/25 18:45:00,28.419,,,,,
5709,06/08/25 19:00:00,28.419,,,,,
5710,06/08/25 19:15:00,28.444,,,,,
5711,06/08/25 19:30:00,28.394,,,,,
5712,06/08/25 19:45:00,28.295,,,,,
5713,06/08/25 20:00:00,28.221,,,,,
5714,06/08/25 20:15:00,28.245,,,,,
5715,06/08/25 20:30:00,28.221,,,,,
5716,06/08/25 20:45:00,28.221,,,,,
5717,06/08/25 21:00:00,28.196,,,,,
5718,06/08/25 21:15:00,28.122,,,,,
5719,06/08/25 21:30:00,28.097,,,,,
5720,06/08/25 21:45:00,28.097,,,,,
5721,06/08/25 22:00:00,28.122,,,,,
5722,06/08/25 22:15:00,28.048,,,,,
5723,06/08/25 22:30:00,28.072,,,,,
5724,06/08/25 22:45:00,27.998,,,,,
5725,06/08/25 23:00:00,28.048,,,,,
5726,06/08/25 23:15:00,28.048,,,,,
5727,06/08/25 23:30:00,28.072,,,,,
5728,06/08/25 23:45:00,28.072,,,,,
5729,06/09/25 00:00:00,28.072,,,,,
5730,06/09/25 00:15:00,28.097,,,,,
5731,06/09/25 00:30:00,28.072,,,,,
5732,06/09/25 00:45:00,28.023,,,,,
5733,06/09/25 01:00:00,28.023,,,,,
5734,06/09/25 01:15:00,28.023,,,,,
5735,06/09/25 01:30:00,28.023,,,,,
5736,06/09/25 01:45:00,28.023,,,,,
5737,06/09/25 02:00:00,28.023,,,,,
5738,06/09/25 02:15:00,28.221,,,,,
5739,06/09/25 02:30:00,28.221,,,,,
5740,06/09/25 02:45:00,28.295,,,,,
5741,06/09/25 03:00:00,28.122,,,,,
5742,06/09/25 03:15:00,28.072,,,,,
5743,06/09/25 03:30:00,28.196,,,,,
5744,06/09/25 03:45:00,28.171,,,,,
5745,06/09/25 04:00:00,28.221,,,,,
5746,06/09/25 04:15:00,28.221,,,,,
5747,06/09/25 04:30:00,28.221,,,,,
5748,06/09/25 04:45:00,28.245,,,,,
5749,06/09/25 05:00:00,28.270,,,,,
5750,06/09/25 05:15:00,28.295,,,,,
5751,06/09/25 05:30:00,28.320,,,,,
5752,06/09/25 05:45:00,28.295,,,,,
5753,06/09/25 06:00:00,28.270,,,,,
5754,06/09/25 06:15:00,28.270,,,,,
5755,06/09/25 06:30:00,28.295,,,,,
5756,06/09/25 06:45:00,28.295,,,,,
5757,06/09/25 07:00:00,28.295,,,,,
5758,06/09/25 07:15:00,28.295,,,,,
5759,06/09/25 07:30:00,28.295,,,,,
5760,06/09/25 07:45:00,28.295,,,,,
5761,06/09/25 08:00:00,28.295,,,,,
5762,06/09/25 08:15:00,28.295,,,,,
5763,06/09/25 08:30:00,28.295,,,,,
5764,06/09/25 08:45:00,28.270,,,,,
5765,06/09/25 09:00:00,28.295,,,,,
5766,06/09/25 09:15:00,28.245,,,,,
5767,06/09/25 09:30:00,28.245,,,,,
5768,06/09/25 09:45:00,28.245,,,,,
5769,06/09/25 10:00:00,28.245,,,,,
5770,06/09/25 10:15:00,28.245,,,,,
5771,06/09/25 10:30:00,28.245,,,,,
5772,06/09/25 10:45:00,28.270,,,,,
5773,06/09/25 11:00:00,28.270,,,,,
5774,06/09/25 11:15:00,28.270,,,,,
5775,06/09/25 11:30:00,28.295,,,,,
5776,06/09/25 11:45:00,28.295,,,,,
5777,06/09/25 12:00:00,28.320,,,,,
5778,06/09/25 12:15:00,28.320,,,,,
5779,06/09/25 12:30:00,28.320,,,,,
5780,06/09/25 12:45:00,28.345,,,,,
5781,06/09/25 13:00:00,28.345,,,,,
5782,06/09/25 13:15:00,28.345,,,,,
5783,06/09/25 13:30:00,28.345,,,,,
5784,06/09/25 13:45:00,28.345,,,,,
5785,06/09/25 14:00:00,28.345,,,,,
5786,06/09/25 14:15:00,28.345,,,,,
5787,06/09/25 14:30:00,28.369,,,,,
5788,06/09/25 14:45:00,28.369,,,,,
5789,06/09/25 15:00:00,28.369,,,,,
5790,06/09/25 15:15:00,28.369,,,,,
5791,06/09/25 15:30:00,28.369,,,,,
5792,06/09/25 15:45:00,28.394,,,,,
5793,06/09/25 16:00:00,28.394,,,,,
5794,06/09/25 16:15:00,28.394,,,,,
5795,06/09/25 16:30:00,28.394,,,,,
5796,06/09/25 16:45:00,28.369,,,,,
5797,06/09/25 17:00:00,28.295,,,,,
5798,06/09/25 17:15:00,28.369,,,,,
5799,06/09/25 17:30:00,28.394,,,,,
5800,06/09/25 17:45:00,28.369,,,,,
5801,06/09/25 18:00:00,28.345,,,,,
5802,06/09/25 18:15:00,28.345,,,,,
5803,06/09/25 18:30:00,28.369,,,,,
5804,06/09/25 18:45:00,28.295,,,,,
5805,06/09/25 19:00:00,28.345,,,,,
5806,06/09/25 19:15:00,28.320,,,,,
5807,06/09/25 19:30:00,28.221,,,,,
5808,06/09/25 19:45:00,28.245,,,,,
5809,06/09/25 20:00:00,28.221,,,,,
5810,06/09/25 20:15:00,28.221,,,,,
5811,06/09/25 20:30:00,28.221,,,,,
5812,06/09/25 20:45:00,28.245,,,,,
5813,06/09/25 21:00:00,28.221,,,,,
5814,06/09/25 21:15:00,28.221,,,,,
5815,06/09/25 21:30:00,28.171,,,,,
5816,06/09/25 21:45:00,28.122,,,,,
5817,06/09/25 22:00:00,28.171,,,,,
5818,06/09/25 22:15:00,28.147,,,,,
5819,06/09/25 22:30:00,28.171,,,,,
5820,06/09/25 22:45:00,28.171,,,,,
5821,06/09/25 23:00:00,28.196,,,,,
5822,06/09/25 23:15:00,28.048,,,,,
5823,06/09/25 23:30:00,28.072,,,,,
5824,06/09/25 23:45:00,28.023,,,,,
5825,06/10/25 00:00:00,27.899,,,,,
5826,06/10/25 00:15:00,27.899,,,,,
5827,06/10/25 00:30:00,27.974,,,,,
5828,06/10/25 00:45:00,28.048,,,,,
5829,06/10/25 01:00:00,28.048,,,,,
5830,06/10/25 01:15:00,28.171,,,,,
5831,06/10/25 01:30:00,28.196,,,,,
5832,06/10/25 01:45:00,28.196,,,,,
5833,06/10/25 02:00:00,28.171,,,,,
5834,06/10/25 02:15:00,28.196,,,,,
5835,06/10/25 02:30:00,28.221,,,,,
5836,06/10/25 02:45:00,28.221,,,,,
5837,06/10/25 03:00:00,28.221,,,,,
5838,06/10/25 03:15:00,28.221,,,,,
5839,06/10/25 03:30:00,28.245,,,,,
5840,06/10/25 03:45:00,28.270,,,,,
5841,06/10/25 04:00:00,28.270,,,,,
5842,06/10/25 04:15:00,28.270,,,,,
5843,06/10/25 04:30:00,28.270,,,,,
5844,06/10/25 04:45:00,28.295,,,,,
5845,06/10/25 05:00:00,28.295,,,,,
5846,06/10/25 05:15:00,28.295,,,,,
5847,06/10/25 05:30:00,28.320,,,,,
5848,06/10/25 05:45:00,28.221,,,,,
5849,06/10/25 06:00:00,28.171,,,,,
5850,06/10/25 06:15:00,28.270,,,,,
5851,06/10/25 06:30:00,28.270,,,,,
5852,06/10/25 06:45:00,28.270,,,,,
5853,06/10/25 07:00:00,28.270,,,,,
5854,06/10/25 07:15:00,28.270,,,,,
5855,06/10/25 07:30:00,28.270,,,,,
5856,06/10/25 07:45:00,28.245,,,,,
5857,06/10/25 08:00:00,28.245,,,,,
5858,06/10/25 08:15:00,28.245,,,,,
5859,06/10/25 08:30:00,28.221,,,,,
5860,06/10/25 08:45:00,28.196,,,,,
5861,06/10/25 09:00:00,28.171,,,,,
5862,06/10/25 09:15:00,28.171,,,,,
5863,06/10/25 09:30:00,28.122,,,,,
5864,06/10/25 09:45:00,28.072,,,,,
5865,06/10/25 10:00:00,28.072,,,,,
5866,06/10/25 10:15:00,28.097,,,,,
5867,06/10/25 10:30:00,28.171,,,,,
5868,06/10/25 10:45:00,28.171,,,,,
5869,06/10/25 11:00:00,28.171,,,,,
5870,06/10/25 11:15:00,28.196,,,,,
5871,06/10/25 11:30:00,28.196,,,,,
5872,06/10/25 11:45:00,28.221,,,,,
5873,06/10/25 12:00:00,28.196,,,,,
5874,06/10/25 12:15:00,28.171,,,,,
5875,06/10/25 12:30:00,28.196,,,,,
5876,06/10/25 12:45:00,28.147,,,,,
5877,06/10/25 13:00:00,28.147,,,,,
5878,06/10/25 13:15:00,28.147,,,,,
5879,06/10/25 13:30:00,28.171,,,,,
5880,06/10/25 13:45:00,28.171,,,,,
5881,06/10/25 14:00:00,28.122,,,,,
5882,06/10/25 14:15:00,28.171,,,,,
5883,06/10/25 14:30:00,28.196,,,,,
5884,06/10/25 14:45:00,28.196,,,,,
5885,06/10/25 15:00:00,28.196,,,,,
5886,06/10/25 15:15:00,28.196,,,,,
5887,06/10/25 15:30:00,28.221,,,,,
5888,06/10/25 15:45:00,28.221,,,,,
5889,06/10/25 16:00:00,28.221,,,,,
5890,06/10/25 16:15:00,28.221,,,,,
5891,06/10/25 16:30:00,28.221,,,,,
5892,06/10/25 16:45:00,28.221,,,,,
5893,06/10/25 17:00:00,28.221,,,,,
5894,06/10/25 17:15:00,28.221,,,,,
5895,06/10/25 17:30:00,28.171,,,,,
5896,06/10/25 17:45:00,27.924,,,,,
5897,06/10/25 18:00:00,27.899,,,,,
5898,06/10/25 18:15:00,27.899,,,,,
5899,06/10/25 18:30:00,27.899,,,,,
5900,06/10/25 18:45:00,28.171,,,,,
5901,06/10/25 19:00:00,28.048,,,,,
5902,06/10/25 19:15:00,28.097,,,,,
5903,06/10/25 19:30:00,27.825,,,,,
5904,06/10/25 19:45:00,27.974,,,,,
5905,06/10/25 20:00:00,27.850,,,,,
5906,06/10/25 20:15:00,27.850,,,,,
5907,06/10/25 20:30:00,27.850,,,,,
5908,06/10/25 20:45:00,27.875,,,,,
5909,06/10/25 21:00:00,27.825,,,,,
5910,06/10/25 21:15:00,27.751,,,,,
5911,06/10/25 21:30:00,27.825,,,,,
5912,06/10/25 21:45:00,27.850,,,,,
5913,06/10/25 22:00:00,27.850,,,,,
5914,06/10/25 22:15:00,27.875,,,,,
5915,06/10/25 22:30:00,27.875,,,,,
5916,06/10/25 22:45:00,28.023,,,,,
5917,06/10/25 23:00:00,27.998,,,,,
5918,06/10/25 23:15:00,28.023,,,,,
5919,06/10/25 23:30:00,28.023,,,,,
5920,06/10/25 23:45:00,28.023,,,,,
5921,06/11/25 00:00:00,28.023,,,,,
5922,06/11/25 00:15:00,28.122,,,,,
5923,06/11/25 00:30:00,28.122,,,,,
5924,06/11/25 00:45:00,28.122,,,,,
5925,06/11/25 01:00:00,28.147,,,,,
5926,06/11/25 01:15:00,28.147,,,,,
5927,06/11/25 01:30:00,28.171,,,,,
5928,06/11/25 01:45:00,28.171,,,,,
5929,06/11/25 02:00:00,28.196,,,,,
5930,06/11/25 02:15:00,28.196,,,,,
5931,06/11/25 02:30:00,28.147,,,,,
5932,06/11/25 02:45:00,28.122,,,,,
5933,06/11/25 03:00:00,28.122,,,,,
5934,06/11/25 03:15:00,28.048,,,,,
5935,06/11/25 03:30:00,28.097,,,,,
5936,06/11/25 03:45:00,27.998,,,,,
5937,06/11/25 04:00:00,28.048,,,,,
5938,06/11/25 04:15:00,28.072,,,,,
5939,06/11/25 04:30:00,28.122,,,,,
5940,06/11/25 04:45:00,28.122,,,,,
5941,06/11/25 05:00:00,28.122,,,,,
5942,06/11/25 05:15:00,28.097,,,,,
5943,06/11/25 05:30:00,28.097,,,,,
5944,06/11/25 05:45:00,28.147,,,,,
5945,06/11/25 06:00:00,28.122,,,,,
5946,06/11/25 06:15:00,28.122,,,,,
5947,06/11/25 06:30:00,28.171,,,,,
5948,06/11/25 06:45:00,27.949,,,,,
5949,06/11/25 07:00:00,27.974,,,,,
5950,06/11/25 07:15:00,27.949,,,,,
5951,06/11/25 07:30:00,27.924,,,,,
5952,06/11/25 07:45:00,27.875,,,,,
5953,06/11/25 08:00:00,27.899,,,,,
5954,06/11/25 08:15:00,27.899,,,,,
5955,06/11/25 08:30:00,27.924,,,,,
5956,06/11/25 08:45:00,27.875,,,,,
5957,06/11/25 09:00:00,27.850,,,,,
5958,06/11/25 09:15:00,27.875,,,,,
5959,06/11/25 09:30:00,27.850,,,,,
5960,06/11/25 09:45:00,27.875,,,,,
5961,06/11/25 10:00:00,27.875,,,,,
5962,06/11/25 10:15:00,27.875,,,,,
5963,06/11/25 10:30:00,27.875,,,,,
5964,06/11/25 10:45:00,27.875,,,,,
5965,06/11/25 11:00:00,27.899,,,,,
5966,06/11/25 11:15:00,27.949,,,,,
5967,06/11/25 11:30:00,27.974,,,,,
5968,06/11/25 11:45:00,28.023,,,,,
5969,06/11/25 12:00:00,28.023,,,,,
5970,06/11/25 12:15:00,27.998,,,,,
5971,06/11/25 12:30:00,27.998,,,,,
5972,06/11/25 12:45:00,27.949,,,,,
5973,06/11/25 13:00:00,27.924,,,,,
5974,06/11/25 13:15:00,27.924,,,,,
5975,06/11/25 13:30:00,27.924,,,,,
5976,06/11/25 13:45:00,27.949,,,,,
5977,06/11/25 14:00:00,27.974,,,,,
5978,06/11/25 14:15:00,27.974,,,,,
5979,06/11/25 14:30:00,28.023,,,,,
5980,06/11/25 14:45:00,28.072,,,,,
5981,06/11/25 15:00:00,28.122,,,,,
5982,06/11/25 15:15:00,28.171,,,,,
5983,06/11/25 15:30:00,28.196,,,,,
5984,06/11/25 15:45:00,28.221,,,,,
5985,06/11/25 16:00:00,28.221,,,,,
5986,06/11/25 16:15:00,28.245,,,,,
5987,06/11/25 16:30:00,28.245,,,,,
5988,06/11/25 16:45:00,28.270,,,,,
5989,06/11/25 17:00:00,28.295,,,,,
5990,06/11/25 17:15:00,28.320,,,,,
5991,06/11/25 17:30:00,28.320,,,,,
5992,06/11/25 17:45:00,28.320,,,,,
5993,06/11/25 18:00:00,28.345,,,,,
5994,06/11/25 18:15:00,28.320,,,,,
5995,06/11/25 18:30:00,27.974,,,,,
5996,06/11/25 18:45:00,27.875,,,,,
5997,06/11/25 19:00:00,27.801,,,,,
5998,06/11/25 19:15:00,27.825,,,,,
5999,06/11/25 19:30:00,27.677,,,,,
6000,06/11/25 19:45:00,27.677,,,,,
6001,06/11/25 20:00:00,27.727,,,,,
6002,06/11/25 20:15:00,27.776,,,,,
6003,06/11/25 20:30:00,27.801,,,,,
6004,06/11/25 20:45:00,28.320,,,,,
6005,06/11/25 21:00:00,27.924,,,,,
6006,06/11/25 21:15:00,28.122,,,,,
6007,06/11/25 21:30:00,28.048,,,,,
6008,06/11/25 21:45:00,28.048,,,,,
6009,06/11/25 22:00:00,27.924,,,,,
6010,06/11/25 22:15:00,28.245,,,,,
6011,06/11/25 22:30:00,28.320,,,,,
6012,06/11/25 22:45:00,28.320,,,,,
6013,06/11/25 23:00:00,28.320,,,,,
6014,06/11/25 23:15:00,28.345,,,,,
6015,06/11/25 23:30:00,28.345,,,,,
6016,06/11/25 23:45:00,28.345,,,,,
6017,06/12/25 00:00:00,28.345,,,,,
6018,06/12/25 00:15:00,28.345,,,,,
6019,06/12/25 00:30:00,28.345,,,,,
6020,06/12/25 00:45:00,28.369,,,,,
6021,06/12/25 01:00:00,28.369,,,,,
6022,06/12/25 01:15:00,28.369,,,,,
6023,06/12/25 01:30:00,28.369,,,,,
6024,06/12/25 01:45:00,28.369,,,,,
6025,06/12/25 02:00:00,28.394,,,,,
6026,06/12/25 02:15:00,28.394,,,,,
6027,06/12/25 02:30:00,28.394,,,,,
6028,06/12/25 02:45:00,28.394,,,,,
6029,06/12/25 03:00:00,28.394,,,,,
6030,06/12/25 03:15:00,28.394,,,,,
6031,06/12/25 03:30:00,28.369,,,,,
6032,06/12/25 03:45:00,28.369,,,,,
6033,06/12/25 04:00:00,28.345,,,,,
6034,06/12/25 04:15:00,28.345,,,,,
6035,06/12/25 04:30:00,28.369,,,,,
6036,06/12/25 04:45:00,28.369,,,,,
6037,06/12/25 05:00:00,28.345,,,,,
6038,06/12/25 05:15:00,28.369,,,,,
6039,06/12/25 05:30:00,28.369,,,,,
6040,06/12/25 05:45:00,28.369,,,,,
6041,06/12/25 06:00:00,28.369,,,,,
6042,06/12/25 06:15:00,28.345,,,,,
6043,06/12/25 06:30:00,28.345,,,,,
6044,06/12/25 06:45:00,28.345,,,,,
6045,06/12/25 07:00:00,28.345,,,,,
6046,06/12/25 07:15:00,28.345,,,,,
6047,06/12/25 07:30:00,28.245,,,,,
6048,06/12/25 07:45:00,28.295,,,,,
6049,06/12/25 08:00:00,28.196,,,,,
6050,06/12/25 08:15:00,28.320,,,,,
6051,06/12/25 08:30:00,28.320,,,,,
6052,06/12/25 08:45:00,28.245,,,,,
6053,06/12/25 09:00:00,28.196,,,,,
6054,06/12/25 09:15:00,28.196,,,,,
6055,06/12/25 09:30:00,28.221,,,,,
6056,06/12/25 09:45:00,28.196,,,,,
6057,06/12/25 10:00:00,28.196,,,,,
6058,06/12/25 10:15:00,28.196,,,,,
6059,06/12/25 10:30:00,28.270,,,,,
6060,06/12/25 10:45:00,28.245,,,,,
6061,06/12/25 11:00:00,28.245,,,,,
6062,06/12/25 11:15:00,28.270,,,,,
6063,06/12/25 11:30:00,28.295,,,,,
6064,06/12/25 11:45:00,28.295,,,,,
6065,06/12/25 12:00:00,28.295,,,,,
6066,06/12/25 12:15:00,28.320,,,,,
6067,06/12/25 12:30:00,28.320,,,,,
6068,06/12/25 12:45:00,28.320,,,,,
6069,06/12/25 13:00:00,28.345,,,,,
6070,06/12/25 13:15:00,28.345,,,,,
6071,06/12/25 13:30:00,28.345,,,,,
6072,06/12/25 13:45:00,28.345,,,,,
6073,06/12/25 14:00:00,28.345,,,,,
6074,06/12/25 14:15:00,28.345,,,,,
6075,06/12/25 14:30:00,28.369,,,,,
6076,06/12/25 14:45:00,28.369,,,,,
6077,06/12/25 15:00:00,28.369,,,,,
6078,06/12/25 15:15:00,28.369,,,,,
6079,06/12/25 15:30:00,28.369,,,,,
6080,06/12/25 15:45:00,28.369,,,,,
6081,06/12/25 16:00:00,28.394,,,,,
6082,06/12/25 16:15:00,28.394,,,,,
6083,06/12/25 16:30:00,28.394,,,,,
6084,06/12/25 16:45:00,28.394,,,,,
6085,06/12/25 17:00:00,28.394,,,,,
6086,06/12/25 17:15:00,28.394,,,,,
6087,06/12/25 17:30:00,28.394,,,,,
6088,06/12/25 17:45:00,28.394,,,,,
6089,06/12/25 18:00:00,28.394,,,,,
6090,06/12/25 18:15:00,28.394,,,,,
6091,06/12/25 18:30:00,28.345,,,,,
6092,06/12/25 18:45:00,28.345,,,,,
6093,06/12/25 19:00:00,28.245,,,,,
6094,06/12/25 19:15:00,28.320,,,,,
6095,06/12/25 19:30:00,28.270,,,,,
6096,06/12/25 19:45:00,28.196,,,,,
6097,06/12/25 20:00:00,28.245,,,,,
6098,06/12/25 20:15:00,28.270,,,,,
6099,06/12/25 20:30:00,28.295,,,,,
6100,06/12/25 20:45:00,28.345,,,,,
6101,06/12/25 21:00:00,28.295,,,,,
6102,06/12/25 21:15:00,28.270,,,,,
6103,06/12/25 21:30:00,28.270,,,,,
6104,06/12/25 21:45:00,28.295,,,,,
6105,06/12/25 22:00:00,28.072,,,,,
6106,06/12/25 22:15:00,28.072,,,,,
6107,06/12/25 22:30:00,28.097,,,,,
6108,06/12/25 22:45:00,27.924,,,,,
6109,06/12/25 23:00:00,27.974,,,,,
6110,06/12/25 23:15:00,28.097,,,,,
6111,06/12/25 23:30:00,28.320,,,,,
6112,06/12/25 23:45:00,28.369,,,,,
6113,06/13/25 00:00:00,28.369,,,,,
6114,06/13/25 00:15:00,28.369,,,,,
6115,06/13/25 00:30:00,28.270,,,,,
6116,06/13/25 00:45:00,28.221,,,,,
6117,06/13/25 01:00:00,28.221,,,,,
6118,06/13/25 01:15:00,28.245,,,,,
6119,06/13/25 01:30:00,28.270,,,,,
6120,06/13/25 01:45:00,28.270,,,,,
6121,06/13/25 02:00:00,28.270,,,,,
6122,06/13/25 02:15:00,28.320,,,,,
6123,06/13/25 02:30:00,28.320,,,,,
6124,06/13/25 02:45:00,28.345,,,,,
6125,06/13/25 03:00:00,28.345,,,,,
6126,06/13/25 03:15:00,28.345,,,,,
6127,06/13/25 03:30:00,28.345,,,,,
6128,06/13/25 03:45:00,28.345,,,,,
6129,06/13/25 04:00:00,28.345,,,,,
6130,06/13/25 04:15:00,28.345,,,,,
6131,06/13/25 04:30:00,28.345,,,,,
6132,06/13/25 04:45:00,28.345,,,,,
6133,06/13/25 05:00:00,28.345,,,,,
6134,06/13/25 05:15:00,28.345,,,,,
6135,06/13/25 05:30:00,28.345,,,,,
6136,06/13/25 05:45:00,28.369,,,,,
6137,06/13/25 06:00:00,28.369,,,,,
6138,06/13/25 06:15:00,28.369,,,,,
6139,06/13/25 06:30:00,28.369,,,,,
6140,06/13/25 06:45:00,28.369,,,,,
6141,06/13/25 07:00:00,28.345,,,,,
6142,06/13/25 07:15:00,28.345,,,,,
6143,06/13/25 07:30:00,28.345,,,,,
6144,06/13/25 07:45:00,28.345,,,,,
6145,06/13/25 08:00:00,28.320,,,,,
6146,06/13/25 08:15:00,28.320,,,,,
6147,06/13/25 08:30:00,28.295,,,,,
6148,06/13/25 08:45:00,28.320,,,,,
6149,06/13/25 09:00:00,28.320,,,,,
6150,06/13/25 09:15:00,28.320,,,,,
6151,06/13/25 09:30:00,28.320,,,,,
6152,06/13/25 09:45:00,28.345,,,,,
6153,06/13/25 10:00:00,28.345,,,,,
6154,06/13/25 10:15:00,28.320,,,,,
6155,06/13/25 10:30:00,28.320,,,,,
6156,06/13/25 10:45:00,28.345,,,,,
6157,06/13/25 11:00:00,28.345,,,,,
6158,06/13/25 11:15:00,28.345,,,,,
6159,06/13/25 11:30:00,28.345,,,,,
6160,06/13/25 11:45:00,28.345,,,,,
6161,06/13/25 12:00:00,28.345,,,,,
6162,06/13/25 12:15:00,28.369,,,,,
6163,06/13/25 12:30:00,28.394,,,,,
6164,06/13/25 12:45:00,28.270,,,,,
6165,06/13/25 13:00:00,28.270,,,,,
6166,06/13/25 13:15:00,28.320,,,,,
6167,06/13/25 13:30:00,28.345,,,,,
6168,06/13/25 13:45:00,28.345,,,,,
6169,06/13/25 14:00:00,28.345,,,,,
6170,06/13/25 14:15:00,28.369,,,,,
6171,06/13/25 14:30:00,28.369,,,,,
6172,06/13/25 14:45:00,28.369,,,,,
6173,06/13/25 15:00:00,28.369,,,,,
6174,06/13/25 15:15:00,28.369,,,,,
6175,06/13/25 15:30:00,28.394,,,,,
6176,06/13/25 15:45:00,28.369,,,,,
6177,06/13/25 16:00:00,28.394,,,,,
6178,06/13/25 16:15:00,28.394,,,,,
6179,06/13/25 16:30:00,28.394,,,,,
6180,06/13/25 16:45:00,28.394,,,,,
6181,06/13/25 17:00:00,28.394,,,,,
6182,06/13/25 17:15:00,28.394,,,,,
6183,06/13/25 17:30:00,28.394,,,,,
6184,06/13/25 17:45:00,28.394,,,,,
6185,06/13/25 18:00:00,28.394,,,,,
6186,06/13/25 18:15:00,28.394,,,,,
6187,06/13/25 18:30:00,28.394,,,,,
6188,06/13/25 18:45:00,28.394,,,,,
6189,06/13/25 19:00:00,28.394,,,,,
6190,06/13/25 19:15:00,28.394,,,,,
6191,06/13/25 19:30:00,28.394,,,,,
6192,06/13/25 19:45:00,28.345,,,,,
6193,06/13/25 20:00:00,28.320,,,,,
6194,06/13/25 20:15:00,28.369,,,,,
6195,06/13/25 20:30:00,28.345,,,,,
6196,06/13/25 20:45:00,28.320,,,,,
6197,06/13/25 21:00:00,28.345,,,,,
6198,06/13/25 21:15:00,28.345,,,,,
6199,06/13/25 21:30:00,28.295,,,,,
6200,06/13/25 21:45:00,27.998,,,,,
6201,06/13/25 22:00:00,28.023,,,,,
6202,06/13/25 22:15:00,28.048,,,,,
6203,06/13/25 22:30:00,28.097,,,,,
6204,06/13/25 22:45:00,27.974,,,,,
6205,06/13/25 23:00:00,28.320,,,,,
6206,06/13/25 23:15:00,28.419,,,,,
6207,06/13/25 23:30:00,28.419,,,,,
6208,06/13/25 23:45:00,28.419,,,,,
6209,06/14/25 00:00:00,28.419,,,,,
6210,06/14/25 00:15:00,28.369,,,,,
6211,06/14/25 00:30:00,28.394,,,,,
6212,06/14/25 00:45:00,28.394,,,,,
6213,06/14/25 01:00:00,28.394,,,,,
6214,06/14/25 01:15:00,28.419,,,,,
6215,06/14/25 01:30:00,28.419,,,,,
6216,06/14/25 01:45:00,28.419,,,,,
6217,06/14/25 02:00:00,28.419,,,,,
6218,06/14/25 02:15:00,28.419,,,,,
6219,06/14/25 02:30:00,28.369,,,,,
6220,06/14/25 02:45:00,28.369,,,,,
6221,06/14/25 03:00:00,28.369,,,,,
6222,06/14/25 03:15:00,28.394,,,,,
6223,06/14/25 03:30:00,28.394,,,,,
6224,06/14/25 03:45:00,28.394,,,,,
6225,06/14/25 04:00:00,28.394,,,,,
6226,06/14/25 04:15:00,28.394,,,,,
6227,06/14/25 04:30:00,28.394,,,,,
6228,06/14/25 04:45:00,28.394,,,,,
6229,06/14/25 05:00:00,28.419,,,,,
6230,06/14/25 05:15:00,28.394,,,,,
6231,06/14/25 05:30:00,28.394,,,,,
6232,06/14/25 05:45:00,28.394,,,,,
6233,06/14/25 06:00:00,28.394,,,,,
6234,06/14/25 06:15:00,28.394,,,,,
6235,06/14/25 06:30:00,28.394,,,,,
6236,06/14/25 06:45:00,28.394,,,,,
6237,06/14/25 07:00:00,28.394,,,,,
6238,06/14/25 07:15:00,28.394,,,,,
6239,06/14/25 07:30:00,28.394,,,,,
6240,06/14/25 07:45:00,28.369,,,,,
6241,06/14/25 08:00:00,28.369,,,,,
6242,06/14/25 08:15:00,28.369,,,,,
6243,06/14/25 08:30:00,28.369,,,,,
6244,06/14/25 08:45:00,28.394,,,,,
6245,06/14/25 09:00:00,28.394,,,,,
6246,06/14/25 09:15:00,28.394,,,,,
6247,06/14/25 09:30:00,28.394,,,,,
6248,06/14/25 09:45:00,28.394,,,,,
6249,06/14/25 10:00:00,28.394,,,,,
6250,06/14/25 10:15:00,28.394,,,,,
6251,06/14/25 10:30:00,28.419,,,,,
6252,06/14/25 10:45:00,28.394,,,,,
6253,06/14/25 11:00:00,28.394,,,,,
6254,06/14/25 11:15:00,28.419,,,,,
6255,06/14/25 11:30:00,28.444,,,,,
6256,06/14/25 11:45:00,28.444,,,,,
6257,06/14/25 12:00:00,28.444,,,,,
6258,06/14/25 12:15:00,28.419,,,,,
6259,06/14/25 12:30:00,28.419,,,,,
6260,06/14/25 12:45:00,28.444,,,,,
6261,06/14/25 13:00:00,28.444,,,,,
6262,06/14/25 13:15:00,28.468,,,,,
6263,06/14/25 13:30:00,28.468,,,,,
6264,06/14/25 13:45:00,28.468,,,,,
6265,06/14/25 14:00:00,28.493,,,,,
6266,06/14/25 14:15:00,28.493,,,,,
6267,06/14/25 14:30:00,28.493,,,,,
6268,06/14/25 14:45:00,28.493,,,,,
6269,06/14/25 15:00:00,28.493,,,,,
6270,06/14/25 15:15:00,28.468,,,,,
6271,06/14/25 15:30:00,28.493,,,,,
6272,06/14/25 15:45:00,28.493,,,,,
6273,06/14/25 16:00:00,28.493,,,,,
6274,06/14/25 16:15:00,28.543,,,,,
6275,06/14/25 16:30:00,28.468,,,,,
6276,06/14/25 16:45:00,28.468,,,,,
6277,06/14/25 17:00:00,28.468,,,,,
6278,06/14/25 17:15:00,28.468,,,,,
6279,06/14/25 17:30:00,28.493,,,,,
6280,06/14/25 17:45:00,28.468,,,,,
6281,06/14/25 18:00:00,28.493,,,,,
6282,06/14/25 18:15:00,28.468,,,,,
6283,06/14/25 18:30:00,28.468,,,,,
6284,06/14/25 18:45:00,28.468,,,,,
6285,06/14/25 19:00:00,28.468,,,,,
6286,06/14/25 19:15:00,28.468,,,,,
6287,06/14/25 19:30:00,28.468,,,,,
6288,06/14/25 19:45:00,28.444,,,,,
6289,06/14/25 20:00:00,28.444,,,,,
6290,06/14/25 20:15:00,28.468,,,,,
6291,06/14/25 20:30:00,28.444,,,,,
6292,06/14/25 20:45:00,28.468,,,,,
6293,06/14/25 21:00:00,28.468,,,,,
6294,06/14/25 21:15:00,28.444,,,,,
6295,06/14/25 21:30:00,28.444,,,,,
6296,06/14/25 21:45:00,28.444,,,,,
6297,06/14/25 22:00:00,28.419,,,,,
6298,06/14/25 22:15:00,28.444,,,,,
6299,06/14/25 22:30:00,28.444,,,,,
6300,06/14/25 22:45:00,28.468,,,,,
6301,06/14/25 23:00:00,28.468,,,,,
6302,06/14/25 23:15:00,28.468,,,,,
6303,06/14/25 23:30:00,28.419,,,,,
6304,06/14/25 23:45:00,28.419,,,,,
6305,06/15/25 00:00:00,28.444,,,,,
6306,06/15/25 00:15:00,28.468,,,,,
6307,06/15/25 00:30:00,28.468,,,,,
6308,06/15/25 00:45:00,28.444,,,,,
6309,06/15/25 01:00:00,28.444,,,,,
6310,06/15/25 01:15:00,28.444,,,,,
6311,06/15/25 01:30:00,28.444,,,,,
6312,06/15/25 01:45:00,28.444,,,,,
6313,06/15/25 02:00:00,28.444,,,,,
6314,06/15/25 02:15:00,28.444,,,,,
6315,06/15/25 02:30:00,28.444,,,,,
6316,06/15/25 02:45:00,28.444,,,,,
6317,06/15/25 03:00:00,28.419,,,,,
6318,06/15/25 03:15:00,28.419,,,,,
6319,06/15/25 03:30:00,28.419,,,,,
6320,06/15/25 03:45:00,28.419,,,,,
6321,06/15/25 04:00:00,28.394,,,,,
6322,06/15/25 04:15:00,28.394,,,,,
6323,06/15/25 04:30:00,28.394,,,,,
6324,06/15/25 04:45:00,28.369,,,,,
6325,06/15/25 05:00:00,28.369,,,,,
6326,06/15/25 05:15:00,28.369,,,,,
6327,06/15/25 05:30:00,28.394,,,,,
6328,06/15/25 05:45:00,28.369,,,,,
6329,06/15/25 06:00:00,28.419,,,,,
6330,06/15/25 06:15:00,28.419,,,,,
6331,06/15/25 06:30:00,28.419,,,,,
6332,06/15/25 06:45:00,28.444,,,,,
6333,06/15/25 07:00:00,28.419,,,,,
6334,06/15/25 07:15:00,28.419,,,,,
6335,06/15/25 07:30:00,28.394,,,,,
6336,06/15/25 07:45:00,28.394,,,,,
6337,06/15/25 08:00:00,28.394,,,,,
6338,06/15/25 08:15:00,28.394,,,,,
6339,06/15/25 08:30:00,28.419,,,,,
6340,06/15/25 08:45:00,28.419,,,,,
6341,06/15/25 09:00:00,28.419,,,,,
6342,06/15/25 09:15:00,28.419,,,,,
6343,06/15/25 09:30:00,28.419,,,,,
6344,06/15/25 09:45:00,28.419,,,,,
6345,06/15/25 10:00:00,28.419,,,,,
6346,06/15/25 10:15:00,28.419,,,,,
6347,06/15/25 10:30:00,28.419,,,,,
6348,06/15/25 10:45:00,28.419,,,,,
6349,06/15/25 11:00:00,28.419,,,,,
6350,06/15/25 11:15:00,28.419,,,,,
6351,06/15/25 11:30:00,28.419,,,,,
6352,06/15/25 11:45:00,28.444,,,,,
6353,06/15/25 12:00:00,28.419,,,,,
6354,06/15/25 12:15:00,28.419,,,,,
6355,06/15/25 12:30:00,28.419,,,,,
6356,06/15/25 12:45:00,28.419,,,,,
6357,06/15/25 13:00:00,28.394,,,,,
6358,06/15/25 13:15:00,28.419,,,,,
6359,06/15/25 13:30:00,28.419,,,,,
6360,06/15/25 13:45:00,28.444,,,,,
6361,06/15/25 14:00:00,28.419,,,,,
6362,06/15/25 14:15:00,28.419,,,,,
6363,06/15/25 14:30:00,28.419,,,,,
6364,06/15/25 14:45:00,28.419,,,,,
6365,06/15/25 15:00:00,28.419,,,,,
6366,06/15/25 15:15:00,28.419,,,,,
6367,06/15/25 15:30:00,28.419,,,,,
6368,06/15/25 15:45:00,28.419,,,,,
6369,06/15/25 16:00:00,28.444,,,,,
6370,06/15/25 16:15:00,28.444,,,,,
6371,06/15/25 16:30:00,28.444,,,,,
6372,06/15/25 16:45:00,28.444,,,,,
6373,06/15/25 17:00:00,28.444,,,,,
6374,06/15/25 17:15:00,28.444,,,,,
6375,06/15/25 17:30:00,28.468,,,,,
6376,06/15/25 17:45:00,28.468,,,,,
6377,06/15/25 18:00:00,28.468,,,,,
6378,06/15/25 18:15:00,28.468,,,,,
6379,06/15/25 18:30:00,28.493,,,,,
6380,06/15/25 18:45:00,28.468,,,,,
6381,06/15/25 19:00:00,28.468,,,,,
6382,06/15/25 19:15:00,28.468,,,,,
6383,06/15/25 19:30:00,28.468,,,,,
6384,06/15/25 19:45:00,28.468,,,,,
6385,06/15/25 20:00:00,28.493,,,,,
6386,06/15/25 20:15:00,28.493,,,,,
6387,06/15/25 20:30:00,28.493,,,,,
6388,06/15/25 20:45:00,28.493,,,,,
6389,06/15/25 21:00:00,28.493,,,,,
6390,06/15/25 21:15:00,28.493,,,,,
6391,06/15/25 21:30:00,28.518,,,,,
6392,06/15/25 21:45:00,28.518,,,,,
6393,06/15/25 22:00:00,28.493,,,,,
6394,06/15/25 22:15:00,28.493,,,,,
6395,06/15/25 22:30:00,28.493,,,,,
6396,06/15/25 22:45:00,28.468,,,,,
6397,06/15/25 23:00:00,28.468,,,,,
6398,06/15/25 23:15:00,28.444,,,,,
6399,06/15/25 23:30:00,28.444,,,,,
6400,06/15/25 23:45:00,28.468,,,,,
6401,06/16/25 00:00:00,28.468,,,,,
6402,06/16/25 00:15:00,28.444,,,,,
6403,06/16/25 00:30:00,28.419,,,,,
6404,06/16/25 00:45:00,28.444,,,,,
6405,06/16/25 01:00:00,28.444,,,,,
6406,06/16/25 01:15:00,28.444,,,,,
6407,06/16/25 01:30:00,28.419,,,,,
6408,06/16/25 01:45:00,28.419,,,,,
6409,06/16/25 02:00:00,28.419,,,,,
6410,06/16/25 02:15:00,28.394,,,,,
6411,06/16/25 02:30:00,28.369,,,,,
6412,06/16/25 02:45:00,28.394,,,,,
6413,06/16/25 03:00:00,28.394,,,,,
6414,06/16/25 03:15:00,28.394,,,,,
6415,06/16/25 03:30:00,28.369,,,,,
6416,06/16/25 03:45:00,28.369,,,,,
6417,06/16/25 04:00:00,28.345,,,,,
6418,06/16/25 04:15:00,28.345,,,,,
6419,06/16/25 04:30:00,28.369,,,,,
6420,06/16/25 04:45:00,28.369,,,,,
6421,06/16/25 05:00:00,28.369,,,,,
6422,06/16/25 05:15:00,28.369,,,,,
6423,06/16/25 05:30:00,28.345,,,,,
6424,06/16/25 05:45:00,28.345,,,,,
6425,06/16/25 06:00:00,28.345,,,,,
6426,06/16/25 06:15:00,28.345,,,,,
6427,06/16/25 06:30:00,28.345,,,,,
6428,06/16/25 06:45:00,28.369,,,,,
6429,06/16/25 07:00:00,28.369,,,,,
6430,06/16/25 07:15:00,28.369,,,,,
6431,06/16/25 07:30:00,28.369,,,,,
6432,06/16/25 07:45:00,28.369,,,,,
6433,06/16/25 08:00:00,28.345,,,,,
6434,06/16/25 08:15:00,28.369,,,,,
6435,06/16/25 08:30:00,28.369,,,,,
6436,06/16/25 08:45:00,28.369,,,,,
6437,06/16/25 09:00:00,28.345,,,,,
6438,06/16/25 09:15:00,28.320,,,,,
6439,06/16/25 09:30:00,28.295,,,,,
6440,06/16/25 09:45:00,28.345,,,,,
6441,06/16/25 10:00:00,28.320,,,,,
6442,06/16/25 10:15:00,28.320,,,,,
6443,06/16/25 10:30:00,28.345,,,,,
6444,06/16/25 10:45:00,28.345,,,,,
6445,06/16/25 11:00:00,28.345,,,,,
6446,06/16/25 11:15:00,28.345,,,,,
6447,06/16/25 11:30:00,28.369,,,,,
6448,06/16/25 11:45:00,28.369,,,,,
6449,06/16/25 12:00:00,28.369,,,,,
6450,06/16/25 12:15:00,28.369,,,,,
6451,06/16/25 12:30:00,28.369,,,,,
6452,06/16/25 12:45:00,28.369,,,,,
6453,06/16/25 13:00:00,28.369,,,,,
6454,06/16/25 13:15:00,28.394,,,,,
6455,06/16/25 13:30:00,28.394,,,,,
6456,06/16/25 13:45:00,28.394,,,,,
6457,06/16/25 14:00:00,28.394,,,,,
6458,06/16/25 14:15:00,28.394,,,,,
6459,06/16/25 14:30:00,28.419,,,,,
6460,06/16/25 14:45:00,28.419,,,,,
6461,06/16/25 15:00:00,28.419,,,,,
6462,06/16/25 15:15:00,28.419,,,,,
6463,06/16/25 15:30:00,28.444,,,,,
6464,06/16/25 15:45:00,28.468,,,,,
6465,06/16/25 16:00:00,28.468,,,,,
6466,06/16/25 16:15:00,28.468,,,,,
6467,06/16/25 16:30:00,28.468,,,,,
6468,06/16/25 16:45:00,28.468,,,,,
6469,06/16/25 17:00:00,28.468,,,,,
6470,06/16/25 17:15:00,28.493,,,,,
6471,06/16/25 17:30:00,28.493,,,,,
6472,06/16/25 17:45:00,28.493,,,,,
6473,06/16/25 18:00:00,28.493,,,,,
6474,06/16/25 18:15:00,28.493,,,,,
6475,06/16/25 18:30:00,28.493,,,,,
6476,06/16/25 18:45:00,28.493,,,,,
6477,06/16/25 19:00:00,28.518,,,,,
6478,06/16/25 19:15:00,28.518,,,,,
6479,06/16/25 19:30:00,28.518,,,,,
6480,06/16/25 19:45:00,28.518,,,,,
6481,06/16/25 20:00:00,28.518,,,,,
6482,06/16/25 20:15:00,28.518,,,,,
6483,06/16/25 20:30:00,28.543,,,,,
6484,06/16/25 20:45:00,28.543,,,,,
6485,06/16/25 21:00:00,28.543,,,,,
6486,06/16/25 21:15:00,28.568,,,,,
6487,06/16/25 21:30:00,28.593,,,,,
6488,06/16/25 21:45:00,28.593,,,,,
6489,06/16/25 22:00:00,28.593,,,,,
6490,06/16/25 22:15:00,28.593,,,,,
6491,06/16/25 22:30:00,28.593,,,,,
6492,06/16/25 22:45:00,28.593,,,,,
6493,06/16/25 23:00:00,28.593,,,,,
6494,06/16/25 23:15:00,28.593,,,,,
6495,06/16/25 23:30:00,28.617,,,,,
6496,06/16/25 23:45:00,28.642,,,,,
6497,06/17/25 00:00:00,28.642,,,,,
6498,06/17/25 00:15:00,28.642,,,,,
6499,06/17/25 00:30:00,28.667,,,,,
6500,06/17/25 00:45:00,28.667,,,,,
6501,06/17/25 01:00:00,28.642,,,,,
6502,06/17/25 01:15:00,28.642,,,,,
6503,06/17/25 01:30:00,28.642,,,,,
6504,06/17/25 01:45:00,28.617,,,,,
6505,06/17/25 02:00:00,28.593,,,,,
6506,06/17/25 02:15:00,28.593,,,,,
6507,06/17/25 02:30:00,28.543,,,,,
6508,06/17/25 02:45:00,28.493,,,,,
6509,06/17/25 03:00:00,28.468,,,,,
6510,06/17/25 03:15:00,28.444,,,,,
6511,06/17/25 03:30:00,28.419,,,,,
6512,06/17/25 03:45:00,28.369,,,,,
6513,06/17/25 04:00:00,28.345,,,,,
6514,06/17/25 04:15:00,28.369,,,,,
6515,06/17/25 04:30:00,28.369,,,,,
6516,06/17/25 04:45:00,28.369,,,,,
6517,06/17/25 05:00:00,28.394,,,,,
6518,06/17/25 05:15:00,28.419,,,,,
6519,06/17/25 05:30:00,28.419,,,,,
6520,06/17/25 05:45:00,28.419,,,,,
6521,06/17/25 06:00:00,28.419,,,,,
6522,06/17/25 06:15:00,28.419,,,,,
6523,06/17/25 06:30:00,28.419,,,,,
6524,06/17/25 06:45:00,28.394,,,,,
6525,06/17/25 07:00:00,28.419,,,,,
6526,06/17/25 07:15:00,28.419,,,,,
6527,06/17/25 07:30:00,28.394,,,,,
6528,06/17/25 07:45:00,28.369,,,,,
6529,06/17/25 08:00:00,28.369,,,,,
6530,06/17/25 08:15:00,28.369,,,,,
6531,06/17/25 08:30:00,28.320,,,,,
6532,06/17/25 08:45:00,28.345,,,,,
6533,06/17/25 09:00:00,28.369,,,,,
6534,06/17/25 09:15:00,28.394,,,,,
6535,06/17/25 09:30:00,28.369,,,,,
6536,06/17/25 09:45:00,28.295,,,,,
6537,06/17/25 10:00:00,28.345,,,,,
6538,06/17/25 10:15:00,28.295,,,,,
6539,06/17/25 10:30:00,28.320,,,,,
6540,06/17/25 10:45:00,28.394,,,,,
6541,06/17/25 11:00:00,28.394,,,,,
6542,06/17/25 11:15:00,28.394,,,,,
6543,06/17/25 11:30:00,28.394,,,,,
6544,06/17/25 11:45:00,28.394,,,,,
6545,06/17/25 12:00:00,28.369,,,,,
6546,06/17/25 12:15:00,28.369,,,,,
6547,06/17/25 12:30:00,28.369,,,,,
6548,06/17/25 12:45:00,28.345,,,,,
6549,06/17/25 13:00:00,28.369,,,,,
6550,06/17/25 13:15:00,28.345,,,,,
6551,06/17/25 13:30:00,28.320,,,,,
6552,06/17/25 13:45:00,28.320,,,,,
6553,06/17/25 14:00:00,28.345,,,,,
6554,06/17/25 14:15:00,28.320,,,,,
6555,06/17/25 14:30:00,28.345,,,,,
6556,06/17/25 14:45:00,28.468,,,,,
6557,06/17/25 15:00:00,28.468,,,,,
6558,06/17/25 15:15:00,28.468,,,,,
6559,06/17/25 15:30:00,28.419,,,,,
6560,06/17/25 15:45:00,28.419,,,,,
6561,06/17/25 16:00:00,28.468,,,,,
6562,06/17/25 16:15:00,28.493,,,,,
6563,06/17/25 16:30:00,28.493,,,,,
6564,06/17/25 16:45:00,28.518,,,,,
6565,06/17/25 17:00:00,28.518,,,,,
6566,06/17/25 17:15:00,28.518,,,,,
6567,06/17/25 17:30:00,28.493,,,,,
6568,06/17/25 17:45:00,28.518,,,,,
6569,06/17/25 18:00:00,28.518,,,,,
6570,06/17/25 18:15:00,28.543,,,,,
6571,06/17/25 18:30:00,28.543,,,,,
6572,06/17/25 18:45:00,28.568,,,,,
6573,06/17/25 19:00:00,28.568,,,,,
6574,06/17/25 19:15:00,28.593,,,,,
6575,06/17/25 19:30:00,28.593,,,,,
6576,06/17/25 19:45:00,28.543,,,,,
6577,06/17/25 20:00:00,28.568,,,,,
6578,06/17/25 20:15:00,28.543,,,,,
6579,06/17/25 20:30:00,28.543,,,,,
6580,06/17/25 20:45:00,28.543,,,,,
6581,06/17/25 21:00:00,28.543,,,,,
6582,06/17/25 21:15:00,28.543,,,,,
6583,06/17/25 21:30:00,28.543,,,,,
6584,06/17/25 21:45:00,28.568,,,,,
6585,06/17/25 22:00:00,28.543,,,,,
6586,06/17/25 22:15:00,28.543,,,,,
6587,06/17/25 22:30:00,28.543,,,,,
6588,06/17/25 22:45:00,28.543,,,,,
6589,06/17/25 23:00:00,28.518,,,,,
6590,06/17/25 23:15:00,28.543,,,,,
6591,06/17/25 23:30:00,28.568,,,,,
6592,06/17/25 23:45:00,28.568,,,,,
6593,06/18/25 00:00:00,28.568,,,,,
6594,06/18/25 00:15:00,28.568,,,,,
6595,06/18/25 00:30:00,28.568,,,,,
6596,06/18/25 00:45:00,28.543,,,,,
6597,06/18/25 01:00:00,28.518,,,,,
6598,06/18/25 01:15:00,27.974,,,,,
6599,06/18/25 01:30:00,27.875,,,,,
6600,06/18/25 01:45:00,28.270,,,,,
6601,06/18/25 02:00:00,28.171,,,,,
6602,06/18/25 02:15:00,28.072,,,,,
6603,06/18/25 02:30:00,28.171,,,,,
6604,06/18/25 02:45:00,28.320,,,,,
6605,06/18/25 03:00:00,28.369,,,,,
6606,06/18/25 03:15:00,28.419,,,,,
6607,06/18/25 03:30:00,28.394,,,,,
6608,06/18/25 03:45:00,28.369,,,,,
6609,06/18/25 04:00:00,28.369,,,,,
6610,06/18/25 04:15:00,28.369,,,,,
6611,06/18/25 04:30:00,28.369,,,,,
6612,06/18/25 04:45:00,28.369,,,,,
6613,06/18/25 05:00:00,28.394,,,,,
6614,06/18/25 05:15:00,28.394,,,,,
6615,06/18/25 05:30:00,28.369,,,,,
6616,06/18/25 05:45:00,28.394,,,,,
6617,06/18/25 06:00:00,28.394,,,,,
6618,06/18/25 06:15:00,28.394,,,,,
6619,06/18/25 06:30:00,28.345,,,,,
6620,06/18/25 06:45:00,28.419,,,,,
6621,06/18/25 07:00:00,28.369,,,,,
6622,06/18/25 07:15:00,28.394,,,,,
6623,06/18/25 07:30:00,28.444,,,,,
6624,06/18/25 07:45:00,28.444,,,,,
6625,06/18/25 08:00:00,28.468,,,,,
6626,06/18/25 08:15:00,28.444,,,,,
6627,06/18/25 08:30:00,28.444,,,,,
6628,06/18/25 08:45:00,28.394,,,,,
6629,06/18/25 09:00:00,28.369,,,,,
6630,06/18/25 09:15:00,28.320,,,,,
6631,06/18/25 09:30:00,28.295,,,,,
6632,06/18/25 09:45:00,28.295,,,,,
6633,06/18/25 10:00:00,28.468,,,,,
6634,06/18/25 10:15:00,28.468,,,,,
6635,06/18/25 10:30:00,28.468,,,,,
6636,06/18/25 10:45:00,28.468,,,,,
6637,06/18/25 11:00:00,28.468,,,,,
6638,06/18/25 11:15:00,28.444,,,,,
6639,06/18/25 11:30:00,28.444,,,,,
6640,06/18/25 11:45:00,28.468,,,,,
6641,06/18/25 12:00:00,28.468,,,,,
6642,06/18/25 12:15:00,28.468,,,,,
6643,06/18/25 12:30:00,28.468,,,,,
6644,06/18/25 12:45:00,28.468,,,,,
6645,06/18/25 13:00:00,28.468,,,,,
6646,06/18/25 13:15:00,28.468,,,,,
6647,06/18/25 13:30:00,28.468,,,,,
6648,06/18/25 13:45:00,28.419,,,,,
6649,06/18/25 14:00:00,28.468,,,,,
6650,06/18/25 14:15:00,28.493,,,,,
6651,06/18/25 14:30:00,28.468,,,,,
6652,06/18/25 14:45:00,28.444,,,,,
6653,06/18/25 15:00:00,28.419,,,,,
6654,06/18/25 15:15:00,28.394,,,,,
6655,06/18/25 15:30:00,28.419,,,,,
6656,06/18/25 15:45:00,28.468,,,,,
6657,06/18/25 16:00:00,28.444,,,,,
6658,06/18/25 16:15:00,28.419,,,,,
6659,06/18/25 16:30:00,28.419,,,,,
6660,06/18/25 16:45:00,28.419,,,,,
6661,06/18/25 17:00:00,28.419,,,,,
6662,06/18/25 17:15:00,28.444,,,,,
6663,06/18/25 17:30:00,28.444,,,,,
6664,06/18/25 17:45:00,28.468,,,,,
6665,06/18/25 18:00:00,28.444,,,,,
6666,06/18/25 18:15:00,28.444,,,,,
6667,06/18/25 18:30:00,28.468,,,,,
6668,06/18/25 18:45:00,28.468,,,,,
6669,06/18/25 19:00:00,28.568,,,,,
6670,06/18/25 19:15:00,28.617,,,,,
6671,06/18/25 19:30:00,28.617,,,,,
6672,06/18/25 19:45:00,28.593,,,,,
6673,06/18/25 20:00:00,28.617,,,,,
6674,06/18/25 20:15:00,28.593,,,,,
6675,06/18/25 20:30:00,28.593,,,,,
6676,06/18/25 20:45:00,28.518,,,,,
6677,06/18/25 21:00:00,28.543,,,,,
6678,06/18/25 21:15:00,28.543,,,,,
6679,06/18/25 21:30:00,28.543,,,,,
6680,06/18/25 21:45:00,28.518,,,,,
6681,06/18/25 22:00:00,28.493,,,,,
6682,06/18/25 22:15:00,28.518,,,,,
6683,06/18/25 22:30:00,28.518,,,,,
6684,06/18/25 22:45:00,28.518,,,,,
6685,06/18/25 23:00:00,28.518,,,,,
6686,06/18/25 23:15:00,28.518,,,,,
6687,06/18/25 23:30:00,28.518,,,,,
6688,06/18/25 23:45:00,28.518,,,,,
6689,06/19/25 00:00:00,28.518,,,,,
6690,06/19/25 00:15:00,28.518,,,,,
6691,06/19/25 00:30:00,28.518,,,,,
6692,06/19/25 00:45:00,28.518,,,,,
6693,06/19/25 01:00:00,28.518,,,,,
6694,06/19/25 01:15:00,28.518,,,,,
6695,06/19/25 01:30:00,28.518,,,,,
6696,06/19/25 01:45:00,28.518,,,,,
6697,06/19/25 02:00:00,28.518,,,,,
6698,06/19/25 02:15:00,28.493,,,,,
6699,06/19/25 02:30:00,28.493,,,,,
6700,06/19/25 02:45:00,28.518,,,,,
6701,06/19/25 03:00:00,28.518,,,,,
6702,06/19/25 03:15:00,28.518,,,,,
6703,06/19/25 03:30:00,28.493,,,,,
6704,06/19/25 03:45:00,28.493,,,,,
6705,06/19/25 04:00:00,28.518,,,,,
6706,06/19/25 04:15:00,28.518,,,,,
6707,06/19/25 04:30:00,28.518,,,,,
6708,06/19/25 04:45:00,28.518,,,,,
6709,06/19/25 05:00:00,28.518,,,,,
6710,06/19/25 05:15:00,28.518,,,,,
6711,06/19/25 05:30:00,28.518,,,,,
6712,06/19/25 05:45:00,28.518,,,,,
6713,06/19/25 06:00:00,28.518,,,,,
6714,06/19/25 06:15:00,28.518,,,,,
6715,06/19/25 06:30:00,28.518,,,,,
6716,06/19/25 06:45:00,28.493,,,,,
6717,06/19/25 07:00:00,28.493,,,,,
6718,06/19/25 07:15:00,28.518,,,,,
6719,06/19/25 07:30:00,28.518,,,,,
6720,06/19/25 07:45:00,28.518,,,,,
6721,06/19/25 08:00:00,28.518,,,,,
6722,06/19/25 08:15:00,28.493,,,,,
6723,06/19/25 08:30:00,28.518,,,,,
6724,06/19/25 08:45:00,28.518,,,,,
6725,06/19/25 09:00:00,28.518,,,,,
6726,06/19/25 09:15:00,28.518,,,,,
6727,06/19/25 09:30:00,28.518,,,,,
6728,06/19/25 09:45:00,28.518,,,,,
6729,06/19/25 10:00:00,28.518,,,,,
6730,06/19/25 10:15:00,28.518,,,,,
6731,06/19/25 10:30:00,28.493,,,,,
6732,06/19/25 10:45:00,28.493,,,,,
6733,06/19/25 11:00:00,28.493,,,,,
6734,06/19/25 11:15:00,28.493,,,,,
6735,06/19/25 11:30:00,28.518,,,,,
6736,06/19/25 11:45:00,28.518,,,,,
6737,06/19/25 12:00:00,28.518,,,,,
6738,06/19/25 12:15:00,28.518,,,,,
6739,06/19/25 12:30:00,28.518,,,,,
6740,06/19/25 12:45:00,28.518,,,,,
6741,06/19/25 13:00:00,28.518,,,,,
6742,06/19/25 13:15:00,28.518,,,,,
6743,06/19/25 13:30:00,28.518,,,,,
6744,06/19/25 13:45:00,28.518,,,,,
6745,06/19/25 14:00:00,28.518,,,,,
6746,06/19/25 14:15:00,28.518,,,,,
6747,06/19/25 14:30:00,28.518,,,,,
6748,06/19/25 14:45:00,28.518,,,,,
6749,06/19/25 15:00:00,28.518,,,,,
6750,06/19/25 15:15:00,28.518,,,,,
6751,06/19/25 15:30:00,28.518,,,,,
6752,06/19/25 15:45:00,28.518,,,,,
6753,06/19/25 16:00:00,28.518,,,,,
6754,06/19/25 16:15:00,28.518,,,,,
6755,06/19/25 16:30:00,28.518,,,,,
6756,06/19/25 16:45:00,28.518,,,,,
6757,06/19/25 17:00:00,28.518,,,,,
6758,06/19/25 17:15:00,28.493,,,,,
6759,06/19/25 17:30:00,28.468,,,,,
6760,06/19/25 17:45:00,28.493,,,,,
6761,06/19/25 18:00:00,28.518,,,,,
6762,06/19/25 18:15:00,28.518,,,,,
6763,06/19/25 18:30:00,28.518,,,,,
6764,06/19/25 18:45:00,28.493,,,,,
6765,06/19/25 19:00:00,28.518,,,,,
6766,06/19/25 19:15:00,28.518,,,,,
6767,06/19/25 19:30:00,28.518,,,,,
6768,06/19/25 19:45:00,28.518,,,,,
6769,06/19/25 20:00:00,28.518,,,,,
6770,06/19/25 20:15:00,28.518,,,,,
6771,06/19/25 20:30:00,28.518,,,,,
6772,06/19/25 20:45:00,28.518,,,,,
6773,06/19/25 21:00:00,28.518,,,,,
6774,06/19/25 21:15:00,28.518,,,,,
6775,06/19/25 21:30:00,28.518,,,,,
6776,06/19/25 21:45:00,28.518,,,,,
6777,06/19/25 22:00:00,28.493,,,,,
6778,06/19/25 22:15:00,28.518,,,,,
6779,06/19/25 22:30:00,28.493,,,,,
6780,06/19/25 22:45:00,28.518,,,,,
6781,06/19/25 23:00:00,28.518,,,,,
6782,06/19/25 23:15:00,28.518,,,,,
6783,06/19/25 23:30:00,28.518,,,,,
6784,06/19/25 23:45:00,28.518,,,,,
6785,06/20/25 00:00:00,28.518,,,,,
6786,06/20/25 00:15:00,28.518,,,,,
6787,06/20/25 00:30:00,28.518,,,,,
6788,06/20/25 00:45:00,28.518,,,,,
6789,06/20/25 01:00:00,28.518,,,,,
6790,06/20/25 01:15:00,28.518,,,,,
6791,06/20/25 01:30:00,28.493,,,,,
6792,06/20/25 01:45:00,28.518,,,,,
6793,06/20/25 02:00:00,28.518,,,,,
6794,06/20/25 02:15:00,28.518,,,,,
6795,06/20/25 02:30:00,28.493,,,,,
6796,06/20/25 02:45:00,28.493,,,,,
6797,06/20/25 03:00:00,28.493,,,,,
6798,06/20/25 03:15:00,28.493,,,,,
6799,06/20/25 03:30:00,28.493,,,,,
6800,06/20/25 03:45:00,28.493,,,,,
6801,06/20/25 04:00:00,28.493,,,,,
6802,06/20/25 04:15:00,28.493,,,,,
6803,06/20/25 04:30:00,28.493,,,,,
6804,06/20/25 04:45:00,28.493,,,,,
6805,06/20/25 05:00:00,28.493,,,,,
6806,06/20/25 05:15:00,28.493,,,,,
6807,06/20/25 05:30:00,28.518,,,,,
6808,06/20/25 05:45:00,28.493,,,,,
6809,06/20/25 06:00:00,28.468,,,,,
6810,06/20/25 06:15:00,28.468,,,,,
6811,06/20/25 06:30:00,28.468,,,,,
6812,06/20/25 06:45:00,28.493,,,,,
6813,06/20/25 07:00:00,28.493,,,,,
6814,06/20/25 07:15:00,28.493,,,,,
6815,06/20/25 07:30:00,28.493,,,,,
6816,06/20/25 07:45:00,28.468,,,,,
6817,06/20/25 08:00:00,28.468,,,,,
6818,06/20/25 08:15:00,28.468,,,,,
6819,06/20/25 08:30:00,28.468,,,,,
6820,06/20/25 08:45:00,28.468,,,,,
6821,06/20/25 09:00:00,28.468,,,,,
6822,06/20/25 09:15:00,28.468,,,,,
6823,06/20/25 09:30:00,28.468,,,,,
6824,06/20/25 09:45:00,28.468,,,,,
6825,06/20/25 10:00:00,28.468,,,,,
6826,06/20/25 10:15:00,28.468,,,,,
6827,06/20/25 10:30:00,28.468,,,,,
6828,06/20/25 10:45:00,28.493,,,,,
6829,06/20/25 11:00:00,28.468,,,,,
6830,06/20/25 11:15:00,28.468,,,,,
6831,06/20/25 11:30:00,28.468,,,,,
6832,06/20/25 11:45:00,28.468,,,,,
6833,06/20/25 12:00:00,28.468,,,,,
6834,06/20/25 12:15:00,28.468,,,,,
6835,06/20/25 12:30:00,28.468,,,,,
6836,06/20/25 12:45:00,28.493,,,,,
6837,06/20/25 13:00:00,28.493,,,,,
6838,06/20/25 13:15:00,28.493,,,,,
6839,06/20/25 13:30:00,28.493,,,,,
6840,06/20/25 13:45:00,28.493,,,,,
6841,06/20/25 14:00:00,28.493,,,,,
6842,06/20/25 14:15:00,28.518,,,,,
6843,06/20/25 14:30:00,28.493,,,,,
6844,06/20/25 14:45:00,28.518,,,,,
6845,06/20/25 15:00:00,28.493,,,,,
6846,06/20/25 15:15:00,28.493,,,,,
6847,06/20/25 15:30:00,28.493,,,,,
6848,06/20/25 15:45:00,28.493,,,,,
6849,06/20/25 16:00:00,28.493,,,,,
6850,06/20/25 16:15:00,28.468,,,,,
6851,06/20/25 16:30:00,28.493,,,,,
6852,06/20/25 16:45:00,28.493,,,,,
6853,06/20/25 17:00:00,28.518,,,,,
6854,06/20/25 17:15:00,28.518,,,,,
6855,06/20/25 17:30:00,28.518,,,,,
6856,06/20/25 17:45:00,28.518,,,,,
6857,06/20/25 18:00:00,28.493,,,,,
6858,06/20/25 18:15:00,28.493,,,,,
6859,06/20/25 18:30:00,28.493,,,,,
6860,06/20/25 18:45:00,28.468,,,,,
6861,06/20/25 19:00:00,28.468,,,,,
6862,06/20/25 19:15:00,28.468,,,,,
6863,06/20/25 19:30:00,28.468,,,,,
6864,06/20/25 19:45:00,28.468,,,,,
6865,06/20/25 20:00:00,28.468,,,,,
6866,06/20/25 20:15:00,28.468,,,,,
6867,06/20/25 20:30:00,28.468,,,,,
6868,06/20/25 20:45:00,28.468,,,,,
6869,06/20/25 21:00:00,28.468,,,,,
6870,06/20/25 21:15:00,28.468,,,,,
6871,06/20/25 21:30:00,28.468,,,,,
6872,06/20/25 21:45:00,28.468,,,,,
6873,06/20/25 22:00:00,28.468,,,,,
6874,06/20/25 22:15:00,28.468,,,,,
6875,06/20/25 22:30:00,28.468,,,,,
6876,06/20/25 22:45:00,28.468,,,,,
6877,06/20/25 23:00:00,28.468,,,,,
6878,06/20/25 23:15:00,28.468,,,,,
6879,06/20/25 23:30:00,28.468,,,,,
6880,06/20/25 23:45:00,28.468,,,,,
6881,06/21/25 00:00:00,28.468,,,,,
6882,06/21/25 00:15:00,28.468,,,,,
6883,06/21/25 00:30:00,28.468,,,,,
6884,06/21/25 00:45:00,28.468,,,,,
6885,06/21/25 01:00:00,28.493,,,,,
6886,06/21/25 01:15:00,28.518,,,,,
6887,06/21/25 01:30:00,28.518,,,,,
6888,06/21/25 01:45:00,28.493,,,,,
6889,06/21/25 02:00:00,28.493,,,,,
6890,06/21/25 02:15:00,28.468,,,,,
6891,06/21/25 02:30:00,28.468,,,,,
6892,06/21/25 02:45:00,28.468,,,,,
6893,06/21/25 03:00:00,28.468,,,,,
6894,06/21/25 03:15:00,28.468,,,,,
6895,06/21/25 03:30:00,28.493,,,,,
6896,06/21/25 03:45:00,28.493,,,,,
6897,06/21/25 04:00:00,28.493,,,,,
6898,06/21/25 04:15:00,28.493,,,,,
6899,06/21/25 04:30:00,28.493,,,,,
6900,06/21/25 04:45:00,28.493,,,,,
6901,06/21/25 05:00:00,28.493,,,,,
6902,06/21/25 05:15:00,28.493,,,,,
6903,06/21/25 05:30:00,28.493,,,,,
6904,06/21/25 05:45:00,28.468,,,,,
6905,06/21/25 06:00:00,28.468,,,,,
6906,06/21/25 06:15:00,28.468,,,,,
6907,06/21/25 06:30:00,28.444,,,,,
6908,06/21/25 06:45:00,28.419,,,,,
6909,06/21/25 07:00:00,28.419,,,,,
6910,06/21/25 07:15:00,28.444,,,,,
6911,06/21/25 07:30:00,28.444,,,,,
6912,06/21/25 07:45:00,28.444,,,,,
6913,06/21/25 08:00:00,28.394,,,,,
6914,06/21/25 08:15:00,28.394,,,,,
6915,06/21/25 08:30:00,28.369,,,,,
6916,06/21/25 08:45:00,28.369,,,,,
6917,06/21/25 09:00:00,28.369,,,,,
6918,06/21/25 09:15:00,28.345,,,,,
6919,06/21/25 09:30:00,28.320,,,,,
6920,06/21/25 09:45:00,28.345,,,,,
6921,06/21/25 10:00:00,28.320,,,,,
6922,06/21/25 10:15:00,28.345,,,,,
6923,06/21/25 10:30:00,28.320,,,,,
6924,06/21/25 10:45:00,28.345,,,,,
6925,06/21/25 11:00:00,28.295,,,,,
6926,06/21/25 11:15:00,28.320,,,,,
6927,06/21/25 11:30:00,28.369,,,,,
6928,06/21/25 11:45:00,28.394,,,,,
6929,06/21/25 12:00:00,28.419,,,,,
6930,06/21/25 12:15:00,28.419,,,,,
6931,06/21/25 12:30:00,28.419,,,,,
6932,06/21/25 12:45:00,28.419,,,,,
6933,06/21/25 13:00:00,28.419,,,,,
6934,06/21/25 13:15:00,28.419,,,,,
6935,06/21/25 13:30:00,28.419,,,,,
6936,06/21/25 13:45:00,28.444,,,,,
6937,06/21/25 14:00:00,28.419,,,,,
6938,06/21/25 14:15:00,28.444,,,,,
6939,06/21/25 14:30:00,28.444,,,,,
6940,06/21/25 14:45:00,28.444,,,,,
6941,06/21/25 15:00:00,28.444,,,,,
6942,06/21/25 15:15:00,28.444,,,,,
6943,06/21/25 15:30:00,28.444,,,,,
6944,06/21/25 15:45:00,28.444,,,,,
6945,06/21/25 16:00:00,28.444,,,,,
6946,06/21/25 16:15:00,28.444,,,,,
6947,06/21/25 16:30:00,28.444,,,,,
6948,06/21/25 16:45:00,28.444,,,,,
6949,06/21/25 17:00:00,28.444,,,,,
6950,06/21/25 17:15:00,28.444,,,,,
6951,06/21/25 17:30:00,28.444,,,,,
6952,06/21/25 17:45:00,28.444,,,,,
6953,06/21/25 18:00:00,28.444,,,,,
6954,06/21/25 18:15:00,28.444,,,,,
6955,06/21/25 18:30:00,28.444,,,,,
6956,06/21/25 18:45:00,28.444,,,,,
6957,06/21/25 19:00:00,28.444,,,,,
6958,06/21/25 19:15:00,28.444,,,,,
6959,06/21/25 19:30:00,28.444,,,,,
6960,06/21/25 19:45:00,28.444,,,,,
6961,06/21/25 20:00:00,28.444,,,,,
6962,06/21/25 20:15:00,28.444,,,,,
6963,06/21/25 20:30:00,28.444,,,,,
6964,06/21/25 20:45:00,28.444,,,,,
6965,06/21/25 21:00:00,28.444,,,,,
6966,06/21/25 21:15:00,28.444,,,,,
6967,06/21/25 21:30:00,28.444,,,,,
6968,06/21/25 21:45:00,28.444,,,,,
6969,06/21/25 22:00:00,28.444,,,,,
6970,06/21/25 22:15:00,28.444,,,,,
6971,06/21/25 22:30:00,28.444,,,,,
6972,06/21/25 22:45:00,28.444,,,,,
6973,06/21/25 23:00:00,28.444,,,,,
6974,06/21/25 23:15:00,28.444,,,,,
6975,06/21/25 23:30:00,28.444,,,,,
6976,06/21/25 23:45:00,28.444,,,,,
6977,06/22/25 00:00:00,28.444,,,,,
6978,06/22/25 00:15:00,28.444,,,,,
6979,06/22/25 00:30:00,28.444,,,,,
6980,06/22/25 00:45:00,28.444,,,,,
6981,06/22/25 01:00:00,28.468,,,,,
6982,06/22/25 01:15:00,28.444,,,,,
6983,06/22/25 01:30:00,28.468,,,,,
6984,06/22/25 01:45:00,28.468,,,,,
6985,06/22/25 02:00:00,28.444,,,,,
6986,06/22/25 02:15:00,28.468,,,,,
6987,06/22/25 02:30:00,28.468,,,,,
6988,06/22/25 02:45:00,28.444,,,,,
6989,06/22/25 03:00:00,28.444,,,,,
6990,06/22/25 03:15:00,28.468,,,,,
6991,06/22/25 03:30:00,28.468,,,,,
6992,06/22/25 03:45:00,28.468,,,,,
6993,06/22/25 04:00:00,28.468,,,,,
6994,06/22/25 04:15:00,28.468,,,,,
6995,06/22/25 04:30:00,28.468,,,,,
6996,06/22/25 04:45:00,28.468,,,,,
6997,06/22/25 05:00:00,28.468,,,,,
6998,06/22/25 05:15:00,28.468,,,,,
6999,06/22/25 05:30:00,28.468,,,,,
7000,06/22/25 05:45:00,28.468,,,,,
7001,06/22/25 06:00:00,28.468,,,,,
7002,06/22/25 06:15:00,28.468,,,,,
7003,06/22/25 06:30:00,28.419,,,,,
7004,06/22/25 06:45:00,28.369,,,,,
7005,06/22/25 07:00:00,28.345,,,,,
7006,06/22/25 07:15:00,28.468,,,,,
7007,06/22/25 07:30:00,28.468,,,,,
7008,06/22/25 07:45:00,28.468,,,,,
7009,06/22/25 08:00:00,28.468,,,,,
7010,06/22/25 08:15:00,28.468,,,,,
7011,06/22/25 08:30:00,28.468,,,,,
7012,06/22/25 08:45:00,28.444,,,,,
7013,06/22/25 09:00:00,28.444,,,,,
7014,06/22/25 09:15:00,28.270,,,,,
7015,06/22/25 09:30:00,28.023,,,,,
7016,06/22/25 09:45:00,27.924,,,,,
7017,06/22/25 10:00:00,27.949,,,,,
7018,06/22/25 10:15:00,27.924,,,,,
7019,06/22/25 10:30:00,27.899,,,,,
7020,06/22/25 10:45:00,27.899,,,,,
7021,06/22/25 11:00:00,27.899,,,,,
7022,06/22/25 11:15:00,28.048,,,,,
7023,06/22/25 11:30:00,28.196,,,,,
7024,06/22/25 11:45:00,28.345,,,,,
7025,06/22/25 12:00:00,28.369,,,,,
7026,06/22/25 12:15:00,28.369,,,,,
7027,06/22/25 12:30:00,28.394,,,,,
7028,06/22/25 12:45:00,28.419,,,,,
7029,06/22/25 13:00:00,28.419,,,,,
7030,06/22/25 13:15:00,28.419,,,,,
7031,06/22/25 13:30:00,28.394,,,,,
7032,06/22/25 13:45:00,28.394,,,,,
7033,06/22/25 14:00:00,28.394,,,,,
7034,06/22/25 14:15:00,28.394,,,,,
7035,06/22/25 14:30:00,28.419,,,,,
7036,06/22/25 14:45:00,28.419,,,,,
7037,06/22/25 15:00:00,28.369,,,,,
7038,06/22/25 15:15:00,28.394,,,,,
7039,06/22/25 15:30:00,28.394,,,,,
7040,06/22/25 15:45:00,28.419,,,,,
7041,06/22/25 16:00:00,28.444,,,,,
7042,06/22/25 16:15:00,28.444,,,,,
7043,06/22/25 16:30:00,28.419,,,,,
7044,06/22/25 16:45:00,28.419,,,,,
7045,06/22/25 17:00:00,28.419,,,,,
7046,06/22/25 17:15:00,28.419,,,,,
7047,06/22/25 17:30:00,28.394,,,,,
7048,06/22/25 17:45:00,28.394,,,,,
7049,06/22/25 18:00:00,28.295,,,,,
7050,06/22/25 18:15:00,28.394,,,,,
7051,06/22/25 18:30:00,28.394,,,,,
7052,06/22/25 18:45:00,28.072,,,,,
7053,06/22/25 19:00:00,28.072,,,,,
7054,06/22/25 19:15:00,28.023,,,,,
7055,06/22/25 19:30:00,28.023,,,,,
7056,06/22/25 19:45:00,28.097,,,,,
7057,06/22/25 20:00:00,28.147,,,,,
7058,06/22/25 20:15:00,28.147,,,,,
7059,06/22/25 20:30:00,28.171,,,,,
7060,06/22/25 20:45:00,28.171,,,,,
7061,06/22/25 21:00:00,28.245,,,,,
7062,06/22/25 21:15:00,28.270,,,,,
7063,06/22/25 21:30:00,28.320,,,,,
7064,06/22/25 21:45:00,28.369,,,,,
7065,06/22/25 22:00:00,28.369,,,,,
7066,06/22/25 22:15:00,28.394,,,,,
7067,06/22/25 22:30:00,28.394,,,,,
7068,06/22/25 22:45:00,28.369,,,,,
7069,06/22/25 23:00:00,28.369,,,,,
7070,06/22/25 23:15:00,28.369,,,,,
7071,06/22/25 23:30:00,28.369,,,,,
7072,06/22/25 23:45:00,28.369,,,,,
7073,06/23/25 00:00:00,28.369,,,,,
7074,06/23/25 00:15:00,28.369,,,,,
7075,06/23/25 00:30:00,28.369,,,,,
7076,06/23/25 00:45:00,28.369,,,,,
7077,06/23/25 01:00:00,28.394,,,,,
7078,06/23/25 01:15:00,28.394,,,,,
7079,06/23/25 01:30:00,28.394,,,,,
7080,06/23/25 01:45:00,28.394,,,,,
7081,06/23/25 02:00:00,28.394,,,,,
7082,06/23/25 02:15:00,28.394,,,,,
7083,06/23/25 02:30:00,28.394,,,,,
7084,06/23/25 02:45:00,28.394,,,,,
7085,06/23/25 03:00:00,28.419,,,,,
7086,06/23/25 03:15:00,28.419,,,,,
7087,06/23/25 03:30:00,28.419,,,,,
7088,06/23/25 03:45:00,28.394,,,,,
7089,06/23/25 04:00:00,28.419,,,,,
7090,06/23/25 04:15:00,28.394,,,,,
7091,06/23/25 04:30:00,28.369,,,,,
7092,06/23/25 04:45:00,28.369,,,,,
7093,06/23/25 05:00:00,28.369,,,,,
7094,06/23/25 05:15:00,28.369,,,,,
7095,06/23/25 05:30:00,28.369,,,,,
7096,06/23/25 05:45:00,28.345,,,,,
7097,06/23/25 06:00:00,28.345,,,,,
7098,06/23/25 06:15:00,28.345,,,,,
7099,06/23/25 06:30:00,28.345,,,,,
7100,06/23/25 06:45:00,28.345,,,,,
7101,06/23/25 07:00:00,28.345,,,,,
7102,06/23/25 07:15:00,28.345,,,,,
7103,06/23/25 07:30:00,28.345,,,,,
7104,06/23/25 07:45:00,28.345,,,,,
7105,06/23/25 08:00:00,28.345,,,,,
7106,06/23/25 08:15:00,28.345,,,,,
7107,06/23/25 08:30:00,28.345,,,,,
7108,06/23/25 08:45:00,28.320,,,,,
7109,06/23/25 09:00:00,28.320,,,,,
7110,06/23/25 09:15:00,28.295,,,,,
7111,06/23/25 09:30:00,28.320,,,,,
7112,06/23/25 09:45:00,28.320,,,,,
7113,06/23/25 10:00:00,28.270,,,,,
7114,06/23/25 10:15:00,28.245,,,,,
7115,06/23/25 10:30:00,28.295,,,,,
7116,06/23/25 10:45:00,28.245,,,,,
7117,06/23/25 11:00:00,28.221,,,,,
7118,06/23/25 11:15:00,28.245,,,,,
7119,06/23/25 11:30:00,28.295,,,,,
7120,06/23/25 11:45:00,28.320,,,,,
7121,06/23/25 12:00:00,28.320,,,,,
7122,06/23/25 12:15:00,28.345,,,,,
7123,06/23/25 12:30:00,28.345,,,,,
7124,06/23/25 12:45:00,28.345,,,,,
7125,06/23/25 13:00:00,28.345,,,,,
7126,06/23/25 13:15:00,28.345,,,,,
7127,06/23/25 13:30:00,28.369,,,,,
7128,06/23/25 13:45:00,28.369,,,,,
7129,06/23/25 14:00:00,28.394,,,,,
7130,06/23/25 14:15:00,28.419,,,,,
7131,06/23/25 14:30:00,28.419,,,,,
7132,06/23/25 14:45:00,28.419,,,,,
7133,06/23/25 15:00:00,28.419,,,,,
7134,06/23/25 15:15:00,28.419,,,,,
7135,06/23/25 15:30:00,28.419,,,,,
7136,06/23/25 15:45:00,28.444,,,,,
7137,06/23/25 16:00:00,28.419,,,,,
7138,06/23/25 16:15:00,28.394,,,,,
7139,06/23/25 16:30:00,28.369,,,,,
7140,06/23/25 16:45:00,28.394,,,,,
7141,06/23/25 17:00:00,28.419,,,,,
7142,06/23/25 17:15:00,28.345,,,,,
7143,06/23/25 17:30:00,28.345,,,,,
7144,06/23/25 17:45:00,28.345,,,,,
7145,06/23/25 18:00:00,28.369,,,,,
7146,06/23/25 18:15:00,28.320,,,,,
7147,06/23/25 18:30:00,28.345,,,,,
7148,06/23/25 18:45:00,28.345,,,,,
7149,06/23/25 19:00:00,28.295,,,,,
7150,06/23/25 19:15:00,28.295,,,,,
7151,06/23/25 19:30:00,28.320,,,,,
7152,06/23/25 19:45:00,28.320,,,,,
7153,06/23/25 20:00:00,28.320,,,,,
7154,06/23/25 20:15:00,28.345,,,,,
7155,06/23/25 20:30:00,28.369,,,,,
7156,06/23/25 20:45:00,28.419,,,,,
7157,06/23/25 21:00:00,28.419,,,,,
7158,06/23/25 21:15:00,28.394,,,,,
7159,06/23/25 21:30:00,28.394,,,,,
7160,06/23/25 21:45:00,28.394,,,,,
7161,06/23/25 22:00:00,28.394,,,,,
7162,06/23/25 22:15:00,28.320,,,,,
7163,06/23/25 22:30:00,28.295,,,,,
7164,06/23/25 22:45:00,28.320,,,,,
7165,06/23/25 23:00:00,28.295,,,,,
7166,06/23/25 23:15:00,28.270,,,,,
7167,06/23/25 23:30:00,28.320,,,,,
7168,06/23/25 23:45:00,28.320,,,,,
7169,06/24/25 00:00:00,28.345,,,,,
7170,06/24/25 00:15:00,28.345,,,,,
7171,06/24/25 00:30:00,28.369,,,,,
7172,06/24/25 00:45:00,28.394,,,,,
7173,06/24/25 01:00:00,28.394,,,,,
7174,06/24/25 01:15:00,28.419,,,,,
7175,06/24/25 01:30:00,28.419,,,,,
7176,06/24/25 01:45:00,28.444,,,,,
7177,06/24/25 02:00:00,28.444,,,,,
7178,06/24/25 02:15:00,28.444,,,,,
7179,06/24/25 02:30:00,28.444,,,,,
7180,06/24/25 02:45:00,28.444,,,,,
7181,06/24/25 03:00:00,28.444,,,,,
7182,06/24/25 03:15:00,28.444,,,,,
7183,06/24/25 03:30:00,28.444,,,,,
7184,06/24/25 03:45:00,28.444,,,,,
7185,06/24/25 04:00:00,28.444,,,,,
7186,06/24/25 04:15:00,28.444,,,,,
7187,06/24/25 04:30:00,28.419,,,,,
7188,06/24/25 04:45:00,28.419,,,,,
7189,06/24/25 05:00:00,28.419,,,,,
7190,06/24/25 05:15:00,28.444,,,,,
7191,06/24/25 05:30:00,28.444,,,,,
7192,06/24/25 05:45:00,28.444,,,,,
7193,06/24/25 06:00:00,28.444,,,,,
7194,06/24/25 06:15:00,28.444,,,,,
7195,06/24/25 06:30:00,28.419,,,,,
7196,06/24/25 06:45:00,28.444,,,,,
7197,06/24/25 07:00:00,28.444,,,,,
7198,06/24/25 07:15:00,28.444,,,,,
7199,06/24/25 07:30:00,28.419,,,,,
7200,06/24/25 07:45:00,28.419,,,,,
7201,06/24/25 08:00:00,28.444,,,,,
7202,06/24/25 08:15:00,28.444,,,,,
7203,06/24/25 08:30:00,28.444,,,,,
7204,06/24/25 08:45:00,28.444,,,,,
7205,06/24/25 09:00:00,28.444,,,,,
7206,06/24/25 09:15:00,28.394,,,,,
7207,06/24/25 09:30:00,28.394,,,,,
7208,06/24/25 09:45:00,28.394,,,,,
7209,06/24/25 10:00:00,28.419,,,,,
7210,06/24/25 10:15:00,28.394,,,,,
7211,06/24/25 10:30:00,28.369,,,,,
7212,06/24/25 10:45:00,28.369,,,,,
7213,06/24/25 11:00:00,28.394,,,,,
7214,06/24/25 11:15:00,28.394,,,,,
7215,06/24/25 11:30:00,28.419,,,,,
7216,06/24/25 11:45:00,28.369,,,,,
7217,06/24/25 12:00:00,28.345,,,,,
7218,06/24/25 12:15:00,28.369,,,,,
7219,06/24/25 12:30:00,28.345,,,,,
7220,06/24/25 12:45:00,28.369,,,,,
7221,06/24/25 13:00:00,28.369,,,,,
7222,06/24/25 13:15:00,28.369,,,,,
7223,06/24/25 13:30:00,28.369,,,,,
7224,06/24/25 13:45:00,28.345,,,,,
7225,06/24/25 14:00:00,28.345,,,,,
7226,06/24/25 14:15:00,28.320,,,,,
7227,06/24/25 14:30:00,28.320,,,,,
7228,06/24/25 14:45:00,28.295,,,,,
7229,06/24/25 15:00:00,28.295,,,,,
7230,06/24/25 15:15:00,28.295,,,,,
7231,06/24/25 15:30:00,28.320,,,,,
7232,06/24/25 15:45:00,28.320,,,,,
7233,06/24/25 16:00:00,28.345,,,,,
7234,06/24/25 16:15:00,28.345,,,,,
7235,06/24/25 16:30:00,28.369,,,,,
7236,06/24/25 16:45:00,28.345,,,,,
7237,06/24/25 17:00:00,28.468,,,,,
7238,06/24/25 17:15:00,28.419,,,,,
7239,06/24/25 17:30:00,28.369,,,,,
7240,06/24/25 17:45:00,28.394,,,,,
7241,06/24/25 18:00:00,28.369,,,,,
7242,06/24/25 18:15:00,28.419,,,,,
7243,06/24/25 18:30:00,28.419,,,,,
7244,06/24/25 18:45:00,28.419,,,,,
7245,06/24/25 19:00:00,28.468,,,,,
7246,06/24/25 19:15:00,28.444,,,,,
7247,06/24/25 19:30:00,28.419,,,,,
7248,06/24/25 19:45:00,28.394,,,,,
7249,06/24/25 20:00:00,28.444,,,,,
7250,06/24/25 20:15:00,28.394,,,,,
7251,06/24/25 20:30:00,28.394,,,,,
7252,06/24/25 20:45:00,28.394,,,,,
7253,06/24/25 21:00:00,28.394,,,,,
7254,06/24/25 21:15:00,28.394,,,,,
7255,06/24/25 21:30:00,28.369,,,,,
7256,06/24/25 21:45:00,28.369,,,,,
7257,06/24/25 22:00:00,28.394,,,,,
7258,06/24/25 22:15:00,28.394,,,,,
7259,06/24/25 22:30:00,28.394,,,,,
7260,06/24/25 22:45:00,28.419,,,,,
7261,06/24/25 23:00:00,28.419,,,,,
7262,06/24/25 23:15:00,28.444,,,,,
7263,06/24/25 23:30:00,28.444,,,,,
7264,06/24/25 23:45:00,28.444,,,,,
7265,06/25/25 00:00:00,28.444,,,,,
7266,06/25/25 00:15:00,28.419,,,,,
7267,06/25/25 00:30:00,28.394,,,,,
7268,06/25/25 00:45:00,28.419,,,,,
7269,06/25/25 01:00:00,28.345,,,,,
7270,06/25/25 01:15:00,28.419,,,,,
7271,06/25/25 01:30:00,28.394,,,,,
7272,06/25/25 01:45:00,28.394,,,,,
7273,06/25/25 02:00:00,28.369,,,,,
7274,06/25/25 02:15:00,28.345,,,,,
7275,06/25/25 02:30:00,28.369,,,,,
7276,06/25/25 02:45:00,28.345,,,,,
7277,06/25/25 03:00:00,28.345,,,,,
7278,06/25/25 03:15:00,28.295,,,,,
7279,06/25/25 03:30:00,28.147,,,,,
7280,06/25/25 03:45:00,28.369,,,,,
7281,06/25/25 04:00:00,28.394,,,,,
7282,06/25/25 04:15:00,28.394,,,,,
7283,06/25/25 04:30:00,28.394,,,,,
7284,06/25/25 04:45:00,28.394,,,,,
7285,06/25/25 05:00:00,28.369,,,,,
7286,06/25/25 05:15:00,28.345,,,,,
7287,06/25/25 05:30:00,28.345,,,,,
7288,06/25/25 05:45:00,28.345,,,,,
7289,06/25/25 06:00:00,28.270,,,,,
7290,06/25/25 06:15:00,28.245,,,,,
7291,06/25/25 06:30:00,28.196,,,,,
7292,06/25/25 06:45:00,28.147,,,,,
7293,06/25/25 07:00:00,28.122,,,,,
7294,06/25/25 07:15:00,28.122,,,,,
7295,06/25/25 07:30:00,28.122,,,,,
7296,06/25/25 07:45:00,28.097,,,,,
7297,06/25/25 08:00:00,28.122,,,,,
7298,06/25/25 08:15:00,28.097,,,,,
7299,06/25/25 08:30:00,28.171,,,,,
7300,06/25/25 08:45:00,28.171,,,,,
7301,06/25/25 09:00:00,28.171,,,,,
7302,06/25/25 09:15:00,28.147,,,,,
7303,06/25/25 09:30:00,28.147,,,,,
7304,06/25/25 09:45:00,28.147,,,,,
7305,06/25/25 10:00:00,28.147,,,,,
7306,06/25/25 10:15:00,28.147,,,,,
7307,06/25/25 10:30:00,28.097,,,,,
7308,06/25/25 10:45:00,28.048,,,,,
7309,06/25/25 11:00:00,28.072,,,,,
7310,06/25/25 11:15:00,28.097,,,,,
7311,06/25/25 11:30:00,28.072,,,,,
7312,06/25/25 11:45:00,28.196,,,,,
7313,06/25/25 12:00:00,28.221,,,,,
7314,06/25/25 12:15:00,28.221,,,,,
7315,06/25/25 12:30:00,28.221,,,,,
7316,06/25/25 12:45:00,28.196,,,,,
7317,06/25/25 13:00:00,28.196,,,,,
7318,06/25/25 13:15:00,28.196,,,,,
7319,06/25/25 13:30:00,28.147,,,,,
7320,06/25/25 13:45:00,28.147,,,,,
7321,06/25/25 14:00:00,27.924,,,,,
7322,06/25/25 14:15:00,27.998,,,,,
7323,06/25/25 14:30:00,28.245,,,,,
7324,06/25/25 14:45:00,28.394,,,,,
7325,06/25/25 15:00:00,28.345,,,,,
7326,06/25/25 15:15:00,28.320,,,,,
7327,06/25/25 15:30:00,28.270,,,,,
7328,06/25/25 15:45:00,28.270,,,,,
7329,06/25/25 16:00:00,28.270,,,,,
7330,06/25/25 16:15:00,28.270,,,,,
7331,06/25/25 16:30:00,28.295,,,,,
7332,06/25/25 16:45:00,28.270,,,,,
7333,06/25/25 17:00:00,28.270,,,,,
7334,06/25/25 17:15:00,28.245,,,,,
7335,06/25/25 17:30:00,28.245,,,,,
7336,06/25/25 17:45:00,28.245,,,,,
7337,06/25/25 18:00:00,28.221,,,,,
7338,06/25/25 18:15:00,28.245,,,,,
7339,06/25/25 18:30:00,28.196,,,,,
7340,06/25/25 18:45:00,28.147,,,,,
7341,06/25/25 19:00:00,28.171,,,,,
7342,06/25/25 19:15:00,28.147,,,,,
7343,06/25/25 19:30:00,28.122,,,,,
7344,06/25/25 19:45:00,28.147,,,,,
7345,06/25/25 20:00:00,28.171,,,,,
7346,06/25/25 20:15:00,28.171,,,,,
7347,06/25/25 20:30:00,28.171,,,,,
7348,06/25/25 20:45:00,27.998,,,,,
7349,06/25/25 21:00:00,28.023,,,,,
7350,06/25/25 21:15:00,28.048,,,,,
7351,06/25/25 21:30:00,27.875,,,,,
7352,06/25/25 21:45:00,27.825,,,,,
7353,06/25/25 22:00:00,27.801,,,,,
7354,06/25/25 22:15:00,27.825,,,,,
7355,06/25/25 22:30:00,27.998,,,,,
7356,06/25/25 22:45:00,27.825,,,,,
7357,06/25/25 23:00:00,27.850,,,,,
7358,06/25/25 23:15:00,27.825,,,,,
7359,06/25/25 23:30:00,27.924,,,,,
7360,06/25/25 23:45:00,27.949,,,,,
7361,06/26/25 00:00:00,27.801,,,,,
7362,06/26/25 00:15:00,27.801,,,,,
7363,06/26/25 00:30:00,27.875,,,,,
7364,06/26/25 00:45:00,27.949,,,,,
7365,06/26/25 01:00:00,27.801,,,,,
7366,06/26/25 01:15:00,27.825,,,,,
7367,06/26/25 01:30:00,27.949,,,,,
7368,06/26/25 01:45:00,27.974,,,,,
7369,06/26/25 02:00:00,27.974,,,,,
7370,06/26/25 02:15:00,27.998,,,,,
7371,06/26/25 02:30:00,28.023,,,,,
7372,06/26/25 02:45:00,28.048,,,,,
7373,06/26/25 03:00:00,28.048,,,,,
7374,06/26/25 03:15:00,28.072,,,,,
7375,06/26/25 03:30:00,28.097,,,,,
7376,06/26/25 03:45:00,28.122,,,,,
7377,06/26/25 04:00:00,28.147,,,,,
7378,06/26/25 04:15:00,28.147,,,,,
7379,06/26/25 04:30:00,28.147,,,,,
7380,06/26/25 04:45:00,28.147,,,,,
7381,06/26/25 05:00:00,28.147,,,,,
7382,06/26/25 05:15:00,28.147,,,,,
7383,06/26/25 05:30:00,28.147,,,,,
7384,06/26/25 05:45:00,28.122,,,,,
7385,06/26/25 06:00:00,28.072,,,,,
7386,06/26/25 06:15:00,28.072,,,,,
7387,06/26/25 06:30:00,28.122,,,,,
7388,06/26/25 06:45:00,28.097,,,,,
7389,06/26/25 07:00:00,28.072,,,,,
7390,06/26/25 07:15:00,28.023,,,,,
7391,06/26/25 07:30:00,27.974,,,,,
7392,06/26/25 07:45:00,28.023,,,,,
7393,06/26/25 08:00:00,28.023,,,,,
7394,06/26/25 08:15:00,28.023,,,,,
7395,06/26/25 08:30:00,27.998,,,,,
7396,06/26/25 08:45:00,27.974,,,,,
7397,06/26/25 09:00:00,27.998,,,,,
7398,06/26/25 09:15:00,27.998,,,,,
7399,06/26/25 09:30:00,27.949,,,,,
7400,06/26/25 09:45:00,27.899,,,,,
7401,06/26/25 10:00:00,27.998,,,,,
7402,06/26/25 10:15:00,27.998,,,,,
7403,06/26/25 10:30:00,28.023,,,,,
7404,06/26/25 10:45:00,27.974,,,,,
7405,06/26/25 11:00:00,27.875,,,,,
7406,06/26/25 11:15:00,27.899,,,,,
7407,06/26/25 11:30:00,27.949,,,,,
7408,06/26/25 11:45:00,27.825,,,,,
7409,06/26/25 12:00:00,27.776,,,,,
7410,06/26/25 12:15:00,27.751,,,,,
7411,06/26/25 12:30:00,27.727,,,,,
7412,06/26/25 12:45:00,27.653,,,,,
7413,06/26/25 13:00:00,27.628,,,,,
7414,06/26/25 13:15:00,27.604,,,,,
7415,06/26/25 13:30:00,27.628,,,,,
7416,06/26/25 13:45:00,27.653,,,,,
7417,06/26/25 14:00:00,27.825,,,,,
7418,06/26/25 14:15:00,27.949,,,,,
7419,06/26/25 14:30:00,28.097,,,,,
7420,06/26/25 14:45:00,28.122,,,,,
7421,06/26/25 15:00:00,28.122,,,,,
7422,06/26/25 15:15:00,28.147,,,,,
7423,06/26/25 15:30:00,28.171,,,,,
7424,06/26/25 15:45:00,28.171,,,,,
7425,06/26/25 16:00:00,28.196,,,,,
7426,06/26/25 16:15:00,28.196,,,,,
7427,06/26/25 16:30:00,28.196,,,,,
7428,06/26/25 16:45:00,28.196,,,,,
7429,06/26/25 17:00:00,28.221,,,,,
7430,06/26/25 17:15:00,28.245,,,,,
7431,06/26/25 17:30:00,28.245,,,,,
7432,06/26/25 17:45:00,28.245,,,,,
7433,06/26/25 18:00:00,28.245,,,,,
7434,06/26/25 18:15:00,28.245,,,,,
7435,06/26/25 18:30:00,28.245,,,,,
7436,06/26/25 18:45:00,28.245,,,,,
7437,06/26/25 19:00:00,28.245,,,,,
7438,06/26/25 19:15:00,28.221,,,,,
7439,06/26/25 19:30:00,28.171,,,,,
7440,06/26/25 19:45:00,28.196,,,,,
7441,06/26/25 20:00:00,28.147,,,,,
7442,06/26/25 20:15:00,28.097,,,,,
7443,06/26/25 20:30:00,28.072,,,,,
7444,06/26/25 20:45:00,28.072,,,,,
7445,06/26/25 21:00:00,28.072,,,,,
7446,06/26/25 21:15:00,28.048,,,,,
7447,06/26/25 21:30:00,27.530,,,,,
7448,06/26/25 21:45:00,27.431,,,,,
7449,06/26/25 22:00:00,27.776,,,,,
7450,06/26/25 22:15:00,27.974,,,,,
7451,06/26/25 22:30:00,27.998,,,,,
7452,06/26/25 22:45:00,27.974,,,,,
7453,06/26/25 23:00:00,27.949,,,,,
7454,06/26/25 23:15:00,27.949,,,,,
7455,06/26/25 23:30:00,28.023,,,,,
7456,06/26/25 23:45:00,27.974,,,,,
7457,06/27/25 00:00:00,27.899,,,,,
7458,06/27/25 00:15:00,27.875,,,,,
7459,06/27/25 00:30:00,27.825,,,,,
7460,06/27/25 00:45:00,27.702,,,,,
7461,06/27/25 01:00:00,27.702,,,,,
7462,06/27/25 01:15:00,27.702,,,,,
7463,06/27/25 01:30:00,27.702,,,,,
7464,06/27/25 01:45:00,27.702,,,,,
7465,06/27/25 02:00:00,27.677,,,,,
7466,06/27/25 02:15:00,27.628,,,,,
7467,06/27/25 02:30:00,27.604,,,,,
7468,06/27/25 02:45:00,27.604,,,,,
7469,06/27/25 03:00:00,27.604,,,,,
7470,06/27/25 03:15:00,27.579,,,,,
7471,06/27/25 03:30:00,27.604,,,,,
7472,06/27/25 03:45:00,27.604,,,,,
7473,06/27/25 04:00:00,27.579,,,,,
7474,06/27/25 04:15:00,27.604,,,,,
7475,06/27/25 04:30:00,27.579,,,,,
7476,06/27/25 04:45:00,27.604,,,,,
7477,06/27/25 05:00:00,27.604,,,,,
7478,06/27/25 05:15:00,27.628,,,,,
7479,06/27/25 05:30:00,27.628,,,,,
7480,06/27/25 05:45:00,27.653,,,,,
7481,06/27/25 06:00:00,27.628,,,,,
7482,06/27/25 06:15:00,27.628,,,,,
7483,06/27/25 06:30:00,27.653,,,,,
7484,06/27/25 06:45:00,27.653,,,,,
7485,06/27/25 07:00:00,27.653,,,,,
7486,06/27/25 07:15:00,27.653,,,,,
7487,06/27/25 07:30:00,27.677,,,,,
7488,06/27/25 07:45:00,27.677,,,,,
7489,06/27/25 08:00:00,27.677,,,,,
7490,06/27/25 08:15:00,27.702,,,,,
7491,06/27/25 08:30:00,27.677,,,,,
7492,06/27/25 08:45:00,27.677,,,,,
7493,06/27/25 09:00:00,27.677,,,,,
7494,06/27/25 09:15:00,27.702,,,,,
7495,06/27/25 09:30:00,27.677,,,,,
7496,06/27/25 09:45:00,27.677,,,,,
7497,06/27/25 10:00:00,27.702,,,,,
7498,06/27/25 10:15:00,27.751,,,,,
7499,06/27/25 10:30:00,27.702,,,,,
7500,06/27/25 10:45:00,27.776,,,,,
7501,06/27/25 11:00:00,27.776,,,,,
7502,06/27/25 11:15:00,27.776,,,,,
7503,06/27/25 11:30:00,27.801,,,,,
7504,06/27/25 11:45:00,27.776,,,,,
7505,06/27/25 12:00:00,27.776,,,,,
7506,06/27/25 12:15:00,27.776,,,,,
7507,06/27/25 12:30:00,27.801,,,,,
7508,06/27/25 12:45:00,27.825,,,,,
7509,06/27/25 13:00:00,27.825,,,,,
7510,06/27/25 13:15:00,27.825,,,,,
7511,06/27/25 13:30:00,27.825,,,,,
7512,06/27/25 13:45:00,27.825,,,,,
7513,06/27/25 14:00:00,27.825,,,,,
7514,06/27/25 14:15:00,27.825,,,,,
7515,06/27/25 14:30:00,27.825,,,,,
7516,06/27/25 14:45:00,27.825,,,,,
7517,06/27/25 15:00:00,27.825,,,,,
7518,06/27/25 15:15:00,27.850,,,,,
7519,06/27/25 15:30:00,27.825,,,,,
7520,06/27/25 15:45:00,27.801,,,,,
7521,06/27/25 16:00:00,27.776,,,,,
7522,06/27/25 16:15:00,27.727,,,,,
7523,06/27/25 16:30:00,27.727,,,,,
7524,06/27/25 16:45:00,27.776,,,,,
7525,06/27/25 17:00:00,27.801,,,,,
7526,06/27/25 17:15:00,27.801,,,,,
7527,06/27/25 17:30:00,27.850,,,,,
7528,06/27/25 17:45:00,27.949,,,,,
7529,06/27/25 18:00:00,28.023,,,,,
7530,06/27/25 18:15:00,28.072,,,,,
7531,06/27/25 18:30:00,28.097,,,,,
7532,06/27/25 18:45:00,27.899,,,,,
7533,06/27/25 19:00:00,27.998,,,,,
7534,06/27/25 19:15:00,27.998,,,,,
7535,06/27/25 19:30:00,28.147,,,,,
7536,06/27/25 19:45:00,28.097,,,,,
7537,06/27/25 20:00:00,28.122,,,,,
7538,06/27/25 20:15:00,27.974,,,,,
7539,06/27/25 20:30:00,27.850,,,,,
7540,06/27/25 20:45:00,27.825,,,,,
7541,06/27/25 21:00:00,27.825,,,,,
7542,06/27/25 21:15:00,27.456,,,,,
7543,06/27/25 21:30:00,27.407,,,,,
7544,06/27/25 21:45:00,27.456,,,,,
7545,06/27/25 22:00:00,27.481,,,,,
7546,06/27/25 22:15:00,27.677,,,,,
7547,06/27/25 22:30:00,27.776,,,,,
7548,06/27/25 22:45:00,27.875,,,,,
7549,06/27/25 23:00:00,27.776,,,,,
7550,06/27/25 23:15:00,27.751,,,,,
7551,06/27/25 23:30:00,27.776,,,,,
7552,06/27/25 23:45:00,27.801,,,,,
7553,06/28/25 00:00:00,27.751,,,,,
7554,06/28/25 00:15:00,27.850,,,,,
7555,06/28/25 00:30:00,27.850,,,,,
7556,06/28/25 00:45:00,27.850,,,,,
7557,06/28/25 01:00:00,27.875,,,,,
7558,06/28/25 01:15:00,27.899,,,,,
7559,06/28/25 01:30:00,27.850,,,,,
7560,06/28/25 01:45:00,27.825,,,,,
7561,06/28/25 02:00:00,27.825,,,,,
7562,06/28/25 02:15:00,27.825,,,,,
7563,06/28/25 02:30:00,27.825,,,,,
7564,06/28/25 02:45:00,27.949,,,,,
7565,06/28/25 03:00:00,28.097,,,,,
7566,06/28/25 03:15:00,27.949,,,,,
7567,06/28/25 03:30:00,27.850,,,,,
7568,06/28/25 03:45:00,27.924,,,,,
7569,06/28/25 04:00:00,27.998,,,,,
7570,06/28/25 04:15:00,27.974,,,,,
7571,06/28/25 04:30:00,27.949,,,,,
7572,06/28/25 04:45:00,27.850,,,,,
7573,06/28/25 05:00:00,27.850,,,,,
7574,06/28/25 05:15:00,27.825,,,,,
7575,06/28/25 05:30:00,27.825,,,,,
7576,06/28/25 05:45:00,27.751,,,,,
7577,06/28/25 06:00:00,27.727,,,,,
7578,06/28/25 06:15:00,27.751,,,,,
7579,06/28/25 06:30:00,27.776,,,,,
7580,06/28/25 06:45:00,27.801,,,,,
7581,06/28/25 07:00:00,27.776,,,,,
7582,06/28/25 07:15:00,27.801,,,,,
7583,06/28/25 07:30:00,27.924,,,,,
7584,06/28/25 07:45:00,27.949,,,,,
7585,06/28/25 08:00:00,28.048,,,,,
7586,06/28/25 08:15:00,28.023,,,,,
7587,06/28/25 08:30:00,28.048,,,,,
7588,06/28/25 08:45:00,27.850,,,,,
7589,06/28/25 09:00:00,27.751,,,,,
7590,06/28/25 09:15:00,27.850,,,,,
7591,06/28/25 09:30:00,27.751,,,,,
7592,06/28/25 09:45:00,27.677,,,,,
7593,06/28/25 10:00:00,27.653,,,,,
7594,06/28/25 10:15:00,27.628,,,,,
7595,06/28/25 10:30:00,27.628,,,,,
7596,06/28/25 10:45:00,27.604,,,,,
7597,06/28/25 11:00:00,27.677,,,,,
7598,06/28/25 11:15:00,27.776,,,,,
7599,06/28/25 11:30:00,27.751,,,,,
7600,06/28/25 11:45:00,27.702,,,,,
7601,06/28/25 12:00:00,27.702,,,,,
7602,06/28/25 12:15:00,28.196,,,,,
7603,06/28/25 12:30:00,28.196,,,,,
7604,06/28/25 12:45:00,27.850,,,,,
7605,06/28/25 13:00:00,27.924,,,,,
7606,06/28/25 13:15:00,27.776,,,,,
7607,06/28/25 13:30:00,27.727,,,,,
7608,06/28/25 13:45:00,27.727,,,,,
7609,06/28/25 14:00:00,27.801,,,,,
7610,06/28/25 14:15:00,28.048,,,,,
7611,06/28/25 14:30:00,28.147,,,,,
7612,06/28/25 14:45:00,28.048,,,,,
7613,06/28/25 15:00:00,27.974,,,,,
7614,06/28/25 15:15:00,27.998,,,,,
7615,06/28/25 15:30:00,28.023,,,,,
7616,06/28/25 15:45:00,28.023,,,,,
7617,06/28/25 16:00:00,27.974,,,,,
7618,06/28/25 16:15:00,27.998,,,,,
7619,06/28/25 16:30:00,27.875,,,,,
7620,06/28/25 16:45:00,27.899,,,,,
7621,06/28/25 17:00:00,27.974,,,,,
7622,06/28/25 17:15:00,27.949,,,,,
7623,06/28/25 17:30:00,27.850,,,,,
7624,06/28/25 17:45:00,27.825,,,,,
7625,06/28/25 18:00:00,27.825,,,,,
7626,06/28/25 18:15:00,27.825,,,,,
7627,06/28/25 18:30:00,27.825,,,,,
7628,06/28/25 18:45:00,27.825,,,,,
7629,06/28/25 19:00:00,27.702,,,,,
7630,06/28/25 19:15:00,27.628,,,,,
7631,06/28/25 19:30:00,27.628,,,,,
7632,06/28/25 19:45:00,27.604,,,,,
7633,06/28/25 20:00:00,27.554,,,,,
7634,06/28/25 20:15:00,27.554,,,,,
7635,06/28/25 20:30:00,27.530,,,,,
7636,06/28/25 20:45:00,27.554,,,,,
7637,06/28/25 21:00:00,27.530,,,,,
7638,06/28/25 21:15:00,27.554,,,,,
7639,06/28/25 21:30:00,27.579,,,,,
7640,06/28/25 21:45:00,27.899,,,,,
7641,06/28/25 22:00:00,28.023,,,,,
7642,06/28/25 22:15:00,28.072,,,,,
7643,06/28/25 22:30:00,28.048,,,,,
7644,06/28/25 22:45:00,28.023,,,,,
7645,06/28/25 23:00:00,28.072,,,,,
7646,06/28/25 23:15:00,28.147,,,,,
7647,06/28/25 23:30:00,27.949,,,,,
7648,06/28/25 23:45:00,27.875,,,,,
7649,06/29/25 00:00:00,27.949,,,,,
7650,06/29/25 00:15:00,27.998,,,,,
7651,06/29/25 00:30:00,28.023,,,,,
7652,06/29/25 00:45:00,27.850,,,,,
7653,06/29/25 01:00:00,27.850,,,,,
7654,06/29/25 01:15:00,27.875,,,,,
7655,06/29/25 01:30:00,27.949,,,,,
7656,06/29/25 01:45:00,28.147,,,,,
7657,06/29/25 02:00:00,27.998,,,,,
7658,06/29/25 02:15:00,28.122,,,,,
7659,06/29/25 02:30:00,28.196,,,,,
7660,06/29/25 02:45:00,28.196,,,,,
7661,06/29/25 03:00:00,28.147,,,,,
7662,06/29/25 03:15:00,28.147,,,,,
7663,06/29/25 03:30:00,27.949,,,,,
7664,06/29/25 03:45:00,27.924,,,,,
7665,06/29/25 04:00:00,27.924,,,,,
7666,06/29/25 04:15:00,27.924,,,,,
7667,06/29/25 04:30:00,27.924,,,,,
7668,06/29/25 04:45:00,27.727,,,,,
7669,06/29/25 05:00:00,27.456,,,,,
7670,06/29/25 05:15:00,27.727,,,,,
7671,06/29/25 05:30:00,27.949,,,,,
7672,06/29/25 05:45:00,27.974,,,,,
7673,06/29/25 06:00:00,27.974,,,,,
7674,06/29/25 06:15:00,27.875,,,,,
7675,06/29/25 06:30:00,27.456,,,,,
7676,06/29/25 06:45:00,27.431,,,,,
7677,06/29/25 07:00:00,27.949,,,,,
7678,06/29/25 07:15:00,27.974,,,,,
7679,06/29/25 07:30:00,28.122,,,,,
7680,06/29/25 07:45:00,28.171,,,,,
7681,06/29/25 08:00:00,28.072,,,,,
7682,06/29/25 08:15:00,28.048,,,,,
7683,06/29/25 08:30:00,28.023,,,,,
7684,06/29/25 08:45:00,27.998,,,,,
7685,06/29/25 09:00:00,27.974,,,,,
7686,06/29/25 09:15:00,27.998,,,,,
7687,06/29/25 09:30:00,27.974,,,,,
7688,06/29/25 09:45:00,27.974,,,,,
7689,06/29/25 10:00:00,28.023,,,,,
7690,06/29/25 10:15:00,27.974,,,,,
7691,06/29/25 10:30:00,27.974,,,,,
7692,06/29/25 10:45:00,27.949,,,,,
7693,06/29/25 11:00:00,27.924,,,,,
7694,06/29/25 11:15:00,27.949,,,,,
7695,06/29/25 11:30:00,27.949,,,,,
7696,06/29/25 11:45:00,27.949,,,,,
7697,06/29/25 12:00:00,27.974,,,,,
7698,06/29/25 12:15:00,27.974,,,,,
7699,06/29/25 12:30:00,27.974,,,,,
7700,06/29/25 12:45:00,27.998,,,,,
7701,06/29/25 13:00:00,27.998,,,,,
7702,06/29/25 13:15:00,28.048,,,,,
7703,06/29/25 13:30:00,28.023,,,,,
7704,06/29/25 13:45:00,28.023,,,,,
7705,06/29/25 14:00:00,28.023,,,,,
7706,06/29/25 14:15:00,28.023,,,,,
7707,06/29/25 14:30:00,28.023,,,,,
7708,06/29/25 14:45:00,27.998,,,,,
7709,06/29/25 15:00:00,28.023,,,,,
7710,06/29/25 15:15:00,28.023,,,,,
7711,06/29/25 15:30:00,28.023,,,,,
7712,06/29/25 15:45:00,28.048,,,,,
7713,06/29/25 16:00:00,28.048,,,,,
7714,06/29/25 16:15:00,28.072,,,,,
7715,06/29/25 16:30:00,28.048,,,,,
7716,06/29/25 16:45:00,28.048,,,,,
7717,06/29/25 17:00:00,28.072,,,,,
7718,06/29/25 17:15:00,28.097,,,,,
7719,06/29/25 17:30:00,28.072,,,,,
7720,06/29/25 17:45:00,28.097,,,,,
7721,06/29/25 18:00:00,28.072,,,,,
7722,06/29/25 18:15:00,27.974,,,,,
7723,06/29/25 18:30:00,27.998,,,,,
7724,06/29/25 18:45:00,28.097,,,,,
7725,06/29/25 19:00:00,28.171,,,,,
7726,06/29/25 19:15:00,28.122,,,,,
7727,06/29/25 19:30:00,28.122,,,,,
7728,06/29/25 19:45:00,28.097,,,,,
7729,06/29/25 20:00:00,28.097,,,,,
7730,06/29/25 20:15:00,28.122,,,,,
7731,06/29/25 20:30:00,28.122,,,,,
7732,06/29/25 20:45:00,28.122,,,,,
7733,06/29/25 21:00:00,28.122,,,,,
7734,06/29/25 21:15:00,28.122,,,,,
7735,06/29/25 21:30:00,28.122,,,,,
7736,06/29/25 21:45:00,28.122,,,,,
7737,06/29/25 22:00:00,28.122,,,,,
7738,06/29/25 22:15:00,28.122,,,,,
7739,06/29/25 22:30:00,28.122,,,,,
7740,06/29/25 22:45:00,28.122,,,,,
7741,06/29/25 23:00:00,28.147,,,,,
7742,06/29/25 23:15:00,28.122,,,,,
7743,06/29/25 23:30:00,28.072,,,,,
7744,06/29/25 23:45:00,28.023,,,,,
7745,06/30/25 00:00:00,28.048,,,,,
7746,06/30/25 00:15:00,28.048,,,,,
7747,06/30/25 00:30:00,27.949,,,,,
7748,06/30/25 00:45:00,28.023,,,,,
7749,06/30/25 01:00:00,27.949,,,,,
7750,06/30/25 01:15:00,27.949,,,,,
7751,06/30/25 01:30:00,28.072,,,,,
7752,06/30/25 01:45:00,28.097,,,,,
7753,06/30/25 02:00:00,28.097,,,,,
7754,06/30/25 02:15:00,28.245,,,,,
7755,06/30/25 02:30:00,28.196,,,,,
7756,06/30/25 02:45:00,28.171,,,,,
7757,06/30/25 03:00:00,28.221,,,,,
7758,06/30/25 03:15:00,28.171,,,,,
7759,06/30/25 03:30:00,28.147,,,,,
7760,06/30/25 03:45:00,28.196,,,,,
7761,06/30/25 04:00:00,28.048,,,,,
7762,06/30/25 04:15:00,27.850,,,,,
7763,06/30/25 04:30:00,27.850,,,,,
7764,06/30/25 04:45:00,27.776,,,,,
7765,06/30/25 05:00:00,27.653,,,,,
7766,06/30/25 05:15:00,27.653,,,,,
7767,06/30/25 05:30:00,27.628,,,,,
7768,06/30/25 05:45:00,27.628,,,,,
7769,06/30/25 06:00:00,27.653,,,,,
7770,06/30/25 06:15:00,27.653,,,,,
7771,06/30/25 06:30:00,27.825,,,,,
7772,06/30/25 06:45:00,27.875,,,,,
7773,06/30/25 07:00:00,27.924,,,,,
7774,06/30/25 07:15:00,28.097,,,,,
7775,06/30/25 07:30:00,28.171,,,,,
7776,06/30/25 07:45:00,28.270,,,,,
7777,06/30/25 08:00:00,28.270,,,,,
7778,06/30/25 08:15:00,28.196,,,,,
7779,06/30/25 08:30:00,28.221,,,,,
7780,06/30/25 08:45:00,28.097,,,,,
7781,06/30/25 09:00:00,28.196,,,,,
7782,06/30/25 09:15:00,28.196,,,,,
7783,06/30/25 09:30:00,27.924,,,,,
7784,06/30/25 09:45:00,27.899,,,,,
7785,06/30/25 10:00:00,27.850,,,,,
7786,06/30/25 10:15:00,27.899,,,,,
7787,06/30/25 10:30:00,27.899,,,,,
7788,06/30/25 10:45:00,27.899,,,,,
7789,06/30/25 11:00:00,27.949,,,,,
7790,06/30/25 11:15:00,27.998,,,,,
7791,06/30/25 11:30:00,28.345,,,,,
7792,06/30/25 11:45:00,28.245,,,,,
7793,06/30/25 12:00:00,28.270,,,,,
7794,06/30/25 12:15:00,28.295,,,,,
7795,06/30/25 12:30:00,28.270,,,,,
7796,06/30/25 12:45:00,28.295,,,,,
7797,06/30/25 13:00:00,28.394,,,,,
7798,06/30/25 13:15:00,28.295,,,,,
7799,06/30/25 13:30:00,28.345,,,,,
7800,06/30/25 13:45:00,28.345,,,,,
7801,06/30/25 14:00:00,28.369,,,,,
7802,06/30/25 14:15:00,28.369,,,,,
7803,06/30/25 14:30:00,28.394,,,,,
7804,06/30/25 14:45:00,28.394,,,,,
7805,06/30/25 15:00:00,28.394,,,,,
7806,06/30/25 15:15:00,28.394,,,,,
7807,06/30/25 15:30:00,28.394,,,,,
7808,06/30/25 15:45:00,28.394,,,,,
7809,06/30/25 16:00:00,28.394,,,,,
7810,06/30/25 16:15:00,28.394,,,,,
7811,06/30/25 16:30:00,28.245,,,,,
7812,06/30/25 16:45:00,28.345,,,,,
7813,06/30/25 17:00:00,28.419,,,,,
7814,06/30/25 17:15:00,28.444,,,,,
7815,06/30/25 17:30:00,28.468,,,,,
7816,06/30/25 17:45:00,28.468,,,,,
7817,06/30/25 18:00:00,28.221,,,,,
7818,06/30/25 18:15:00,28.270,,,,,
7819,06/30/25 18:30:00,28.295,,,,,
7820,06/30/25 18:45:00,28.345,,,,,
7821,06/30/25 19:00:00,28.419,,,,,
7822,06/30/25 19:15:00,28.444,,,,,
7823,06/30/25 19:30:00,28.468,,,,,
7824,06/30/25 19:45:00,28.468,,,,,
7825,06/30/25 20:00:00,28.468,,,,,
7826,06/30/25 20:15:00,28.419,,,,,
7827,06/30/25 20:30:00,28.245,,,,,
7828,06/30/25 20:45:00,28.245,,,,,
7829,06/30/25 21:00:00,28.245,,,,,
7830,06/30/25 21:15:00,28.394,,,,,
7831,06/30/25 21:30:00,28.419,,,,,
7832,06/30/25 21:45:00,28.320,,,,,
7833,06/30/25 22:00:00,28.295,,,,,
7834,06/30/25 22:15:00,28.221,,,,,
7835,06/30/25 22:30:00,28.147,,,,,
7836,06/30/25 22:45:00,28.122,,,,,
7837,06/30/25 23:00:00,28.147,,,,,
7838,06/30/25 23:15:00,28.147,,,,,
7839,06/30/25 23:30:00,28.295,,,,,
7840,06/30/25 23:45:00,28.270,,,,,
7841,07/01/25 00:00:00,28.245,,,,,
7842,07/01/25 00:15:00,28.245,,,,,
7843,07/01/25 00:30:00,28.245,,,,,
7844,07/01/25 00:45:00,28.270,,,,,
7845,07/01/25 01:00:00,28.270,,,,,
7846,07/01/25 01:15:00,28.270,,,,,
7847,07/01/25 01:30:00,28.270,,,,,
7848,07/01/25 01:45:00,28.270,,,,,
7849,07/01/25 02:00:00,28.270,,,,,
7850,07/01/25 02:15:00,28.245,,,,,
7851,07/01/25 02:30:00,28.270,,,,,
7852,07/01/25 02:45:00,28.221,,,,,
7853,07/01/25 03:00:00,28.270,,,,,
7854,07/01/25 03:15:00,28.270,,,,,
7855,07/01/25 03:30:00,28.295,,,,,
7856,07/01/25 03:45:00,28.270,,,,,
7857,07/01/25 04:00:00,28.295,,,,,
7858,07/01/25 04:15:00,28.320,,,,,
7859,07/01/25 04:30:00,28.369,,,,,
7860,07/01/25 04:45:00,28.419,,,,,
7861,07/01/25 05:00:00,28.419,,,,,
7862,07/01/25 05:15:00,28.419,,,,,
7863,07/01/25 05:30:00,28.419,,,,,
7864,07/01/25 05:45:00,28.419,,,,,
7865,07/01/25 06:00:00,28.419,,,,,
7866,07/01/25 06:15:00,28.394,,,,,
7867,07/01/25 06:30:00,28.221,,,,,
7868,07/01/25 06:45:00,28.072,,,,,
7869,07/01/25 07:00:00,28.295,,,,,
7870,07/01/25 07:15:00,28.147,,,,,
7871,07/01/25 07:30:00,28.122,,,,,
7872,07/01/25 07:45:00,28.320,,,,,
7873,07/01/25 08:00:00,28.345,,,,,
7874,07/01/25 08:15:00,28.345,,,,,
7875,07/01/25 08:30:00,28.345,,,,,
7876,07/01/25 08:45:00,28.345,,,,,
7877,07/01/25 09:00:00,28.320,,,,,
7878,07/01/25 09:15:00,28.320,,,,,
7879,07/01/25 09:30:00,28.320,,,,,
7880,07/01/25 09:45:00,28.196,,,,,
7881,07/01/25 10:00:00,28.196,,,,,
7882,07/01/25 10:15:00,28.196,,,,,
7883,07/01/25 10:30:00,28.221,,,,,
7884,07/01/25 10:45:00,28.196,,,,,
7885,07/01/25 11:00:00,28.171,,,,,
7886,07/01/25 11:15:00,28.196,,,,,
7887,07/01/25 11:30:00,28.221,,,,,
7888,07/01/25 11:45:00,28.122,,,,,
7889,07/01/25 12:00:00,28.122,,,,,
7890,07/01/25 12:15:00,28.270,,,,,
7891,07/01/25 12:30:00,28.097,,,,,
7892,07/01/25 12:45:00,27.998,,,,,
7893,07/01/25 13:00:00,27.899,,,,,
7894,07/01/25 13:15:00,28.097,,,,,
7895,07/01/25 13:30:00,28.122,,,,,
7896,07/01/25 13:45:00,28.196,,,,,
7897,07/01/25 14:00:00,28.122,,,,,
7898,07/01/25 14:15:00,28.147,,,,,
7899,07/01/25 14:30:00,28.171,,,,,
7900,07/01/25 14:45:00,28.171,,,,,
7901,07/01/25 15:00:00,28.171,,,,,
7902,07/01/25 15:15:00,28.171,,,,,
7903,07/01/25 15:30:00,28.196,,,,,
7904,07/01/25 15:45:00,28.196,,,,,
7905,07/01/25 16:00:00,28.196,,,,,
7906,07/01/25 16:15:00,28.196,,,,,
7907,07/01/25 16:30:00,28.196,,,,,
7908,07/01/25 16:45:00,28.196,,,,,
7909,07/01/25 17:00:00,28.196,,,,,
7910,07/01/25 17:15:00,28.196,,,,,
7911,07/01/25 17:30:00,28.196,,,,,
7912,07/01/25 17:45:00,28.171,,,,,
7913,07/01/25 18:00:00,28.171,,,,,
7914,07/01/25 18:15:00,28.171,,,,,
7915,07/01/25 18:30:00,28.221,,,,,
7916,07/01/25 18:45:00,28.171,,,,,
7917,07/01/25 19:00:00,28.196,,,,,
7918,07/01/25 19:15:00,28.171,,,,,
7919,07/01/25 19:30:00,28.171,,,,,
7920,07/01/25 19:45:00,28.245,,,,,
7921,07/01/25 20:00:00,28.320,,,,,
7922,07/01/25 20:15:00,28.221,,,,,
7923,07/01/25 20:30:00,28.295,,,,,
7924,07/01/25 20:45:00,28.122,,,,,
7925,07/01/25 21:00:00,28.097,,,,,
7926,07/01/25 21:15:00,28.097,,,,,
7927,07/01/25 21:30:00,28.097,,,,,
7928,07/01/25 21:45:00,28.097,,,,,
7929,07/01/25 22:00:00,28.097,,,,,
7930,07/01/25 22:15:00,28.097,,,,,
7931,07/01/25 22:30:00,28.048,,,,,
7932,07/01/25 22:45:00,28.072,,,,,
7933,07/01/25 23:00:00,28.023,,,,,
7934,07/01/25 23:15:00,28.072,,,,,
7935,07/01/25 23:30:00,27.949,,,,,
7936,07/01/25 23:45:00,27.751,,,,,
7937,07/02/25 00:00:00,27.751,,,,,
7938,07/02/25 00:15:00,27.974,,,,,
7939,07/02/25 00:30:00,27.998,,,,,
7940,07/02/25 00:45:00,27.998,,,,,
7941,07/02/25 01:00:00,28.023,,,,,
7942,07/02/25 01:15:00,28.023,,,,,
7943,07/02/25 01:30:00,28.072,,,,,
7944,07/02/25 01:45:00,28.097,,,,,
7945,07/02/25 02:00:00,28.097,,,,,
7946,07/02/25 02:15:00,28.048,,,,,
7947,07/02/25 02:30:00,28.072,,,,,
7948,07/02/25 02:45:00,28.072,,,,,
7949,07/02/25 03:00:00,28.048,,,,,
7950,07/02/25 03:15:00,28.072,,,,,
7951,07/02/25 03:30:00,28.097,,,,,
7952,07/02/25 03:45:00,28.048,,,,,
7953,07/02/25 04:00:00,28.048,,,,,
7954,07/02/25 04:15:00,28.048,,,,,
7955,07/02/25 04:30:00,28.023,,,,,
7956,07/02/25 04:45:00,28.072,,,,,
7957,07/02/25 05:00:00,28.072,,,,,
7958,07/02/25 05:15:00,28.072,,,,,
7959,07/02/25 05:30:00,28.072,,,,,
7960,07/02/25 05:45:00,28.072,,,,,
7961,07/02/25 06:00:00,28.122,,,,,
7962,07/02/25 06:15:00,28.171,,,,,
7963,07/02/25 06:30:00,28.196,,,,,
7964,07/02/25 06:45:00,28.196,,,,,
7965,07/02/25 07:00:00,28.196,,,,,
7966,07/02/25 07:15:00,28.196,,,,,
7967,07/02/25 07:30:00,28.196,,,,,
7968,07/02/25 07:45:00,28.196,,,,,
7969,07/02/25 08:00:00,28.221,,,,,
7970,07/02/25 08:15:00,28.221,,,,,
7971,07/02/25 08:30:00,28.245,,,,,
7972,07/02/25 08:45:00,28.245,,,,,
7973,07/02/25 09:00:00,28.245,,,,,
7974,07/02/25 09:15:00,28.295,,,,,
7975,07/02/25 09:30:00,28.320,,,,,
7976,07/02/25 09:45:00,28.320,,,,,
7977,07/02/25 10:00:00,28.320,,,,,
7978,07/02/25 10:15:00,28.320,,,,,
7979,07/02/25 10:30:00,28.320,,,,,
7980,07/02/25 10:45:00,28.345,,,,,
7981,07/02/25 11:00:00,28.369,,,,,
7982,07/02/25 11:15:00,28.369,,,,,
7983,07/02/25 11:30:00,28.369,,,,,
7984,07/02/25 11:45:00,28.369,,,,,
7985,07/02/25 12:00:00,28.394,,,,,
7986,07/02/25 12:15:00,28.394,,,,,
7987,07/02/25 12:30:00,28.369,,,,,
7988,07/02/25 12:45:00,28.394,,,,,
7989,07/02/25 13:00:00,28.394,,,,,
7990,07/02/25 13:15:00,28.394,,,,,
7991,07/02/25 13:30:00,28.394,,,,,
7992,07/02/25 13:45:00,28.394,,,,,
7993,07/02/25 14:00:00,28.419,,,,,
7994,07/02/25 14:15:00,28.419,,,,,
7995,07/02/25 14:30:00,28.419,,,,,
7996,07/02/25 14:45:00,28.419,,,,,
7997,07/02/25 15:00:00,28.444,,,,,
7998,07/02/25 15:15:00,28.444,,,,,
7999,07/02/25 15:30:00,28.493,,,,,
8000,07/02/25 15:45:00,28.493,,,,,
8001,07/02/25 16:00:00,28.518,,,,,
8002,07/02/25 16:15:00,28.518,,,,,
8003,07/02/25 16:30:00,28.568,,,,,
8004,07/02/25 16:45:00,28.568,,,,,
8005,07/02/25 17:00:00,28.593,,,,,
8006,07/02/25 17:15:00,28.593,,,,,
8007,07/02/25 17:30:00,28.617,,,,,
8008,07/02/25 17:45:00,28.617,,,,,
8009,07/02/25 18:00:00,28.617,,,,,
8010,07/02/25 18:15:00,28.593,,,,,
8011,07/02/25 18:30:00,28.593,,,,,
8012,07/02/25 18:45:00,28.593,,,,,
8013,07/02/25 19:00:00,28.568,,,,,
8014,07/02/25 19:15:00,28.568,,,,,
8015,07/02/25 19:30:00,28.493,,,,,
8016,07/02/25 19:45:00,28.518,,,,,
8017,07/02/25 20:00:00,28.493,,,,,
8018,07/02/25 20:15:00,28.493,,,,,
8019,07/02/25 20:30:00,28.518,,,,,
8020,07/02/25 20:45:00,28.543,,,,,
8021,07/02/25 21:00:00,28.568,,,,,
8022,07/02/25 21:15:00,28.543,,,,,
8023,07/02/25 21:30:00,28.543,,,,,
8024,07/02/25 21:45:00,28.543,,,,,
8025,07/02/25 22:00:00,28.543,,,,,
8026,07/02/25 22:15:00,28.444,,,,,
8027,07/02/25 22:30:00,28.468,,,,,
8028,07/02/25 22:45:00,28.468,,,,,
8029,07/02/25 23:00:00,28.196,,,,,
8030,07/02/25 23:15:00,28.369,,,,,
8031,07/02/25 23:30:00,28.468,,,,,
8032,07/02/25 23:45:00,28.468,,,,,
8033,07/03/25 00:00:00,28.543,,,,,
8034,07/03/25 00:15:00,28.568,,,,,
8035,07/03/25 00:30:00,28.568,,,,,
8036,07/03/25 00:45:00,28.593,,,,,
8037,07/03/25 01:00:00,28.543,,,,,
8038,07/03/25 01:15:00,28.543,,,,,
8039,07/03/25 01:30:00,28.543,,,,,
8040,07/03/25 01:45:00,28.568,,,,,
8041,07/03/25 02:00:00,28.568,,,,,
8042,07/03/25 02:15:00,28.617,,,,,
8043,07/03/25 02:30:00,28.617,,,,,
8044,07/03/25 02:45:00,28.617,,,,,
8045,07/03/25 03:00:00,28.667,,,,,
8046,07/03/25 03:15:00,28.667,,,,,
8047,07/03/25 03:30:00,28.667,,,,,
8048,07/03/25 03:45:00,28.667,,,,,
8049,07/03/25 04:00:00,28.593,,,,,
8050,07/03/25 04:15:00,28.543,,,,,
8051,07/03/25 04:30:00,28.518,,,,,
8052,07/03/25 04:45:00,28.493,,,,,
8053,07/03/25 05:00:00,28.468,,,,,
8054,07/03/25 05:15:00,28.468,,,,,
8055,07/03/25 05:30:00,28.468,,,,,
8056,07/03/25 05:45:00,28.468,,,,,
8057,07/03/25 06:00:00,28.444,,,,,
8058,07/03/25 06:15:00,28.444,,,,,
8059,07/03/25 06:30:00,28.419,,,,,
8060,07/03/25 06:45:00,28.419,,,,,
8061,07/03/25 07:00:00,28.419,,,,,
8062,07/03/25 07:15:00,28.419,,,,,
8063,07/03/25 07:30:00,28.419,,,,,
8064,07/03/25 07:45:00,28.419,,,,,
8065,07/03/25 08:00:00,28.394,,,,,
8066,07/03/25 08:15:00,28.394,,,,,
8067,07/03/25 08:30:00,28.394,,,,,
8068,07/03/25 08:45:00,28.394,,,,,
8069,07/03/25 09:00:00,28.419,,,,,
8070,07/03/25 09:15:00,28.369,,,,,
8071,07/03/25 09:30:00,28.369,,,,,
8072,07/03/25 09:45:00,28.394,,,,,
8073,07/03/25 10:00:00,28.394,,,,,
8074,07/03/25 10:15:00,28.369,,,,,
8075,07/03/25 10:30:00,28.320,,,,,
8076,07/03/25 10:45:00,28.369,,,,,
8077,07/03/25 11:00:00,28.394,,,,,
8078,07/03/25 11:15:00,28.394,,,,,
8079,07/03/25 11:30:00,28.419,,,,,
8080,07/03/25 11:45:00,28.419,,,,,
8081,07/03/25 12:00:00,28.468,,,,,
8082,07/03/25 12:15:00,28.518,,,,,
8083,07/03/25 12:30:00,28.518,,,,,
8084,07/03/25 12:45:00,28.518,,,,,
8085,07/03/25 13:00:00,28.543,,,,,
8086,07/03/25 13:15:00,28.543,,,,,
8087,07/03/25 13:30:00,28.543,,,,,
8088,07/03/25 13:45:00,28.543,,,,,
8089,07/03/25 14:00:00,28.543,,,,,
8090,07/03/25 14:15:00,28.518,,,,,
8091,07/03/25 14:30:00,28.518,,,,,
8092,07/03/25 14:45:00,28.543,,,,,
8093,07/03/25 15:00:00,28.518,,,,,
8094,07/03/25 15:15:00,28.518,,,,,
8095,07/03/25 15:30:00,28.196,,,,,
8096,07/03/25 15:45:00,28.444,,,,,
8097,07/03/25 16:00:00,28.518,,,,,
8098,07/03/25 16:15:00,28.270,,,,,
8099,07/03/25 16:30:00,28.444,,,,,
8100,07/03/25 16:45:00,28.320,,,,,
8101,07/03/25 17:00:00,28.023,,,,,
8102,07/03/25 17:15:00,28.023,,,,,
8103,07/03/25 17:30:00,28.122,,,,,
8104,07/03/25 17:45:00,28.122,,,,,
8105,07/03/25 18:00:00,28.196,,,,,
8106,07/03/25 18:15:00,28.171,,,,,
8107,07/03/25 18:30:00,28.221,,,,,
8108,07/03/25 18:45:00,28.221,,,,,
8109,07/03/25 19:00:00,28.221,,,,,
8110,07/03/25 19:15:00,28.320,,,,,
8111,07/03/25 19:30:00,28.419,,,,,
8112,07/03/25 19:45:00,28.394,,,,,
8113,07/03/25 20:00:00,28.444,,,,,
8114,07/03/25 20:15:00,28.444,,,,,
8115,07/03/25 20:30:00,28.444,,,,,
8116,07/03/25 20:45:00,28.444,,,,,
8117,07/03/25 21:00:00,28.444,,,,,
8118,07/03/25 21:15:00,28.444,,,,,
8119,07/03/25 21:30:00,28.444,,,,,
8120,07/03/25 21:45:00,28.444,,,,,
8121,07/03/25 22:00:00,28.493,,,,,
8122,07/03/25 22:15:00,28.468,,,,,
8123,07/03/25 22:30:00,28.468,,,,,
8124,07/03/25 22:45:00,28.468,,,,,
8125,07/03/25 23:00:00,28.468,,,,,
8126,07/03/25 23:15:00,28.493,,,,,
8127,07/03/25 23:30:00,28.493,,,,,
8128,07/03/25 23:45:00,28.493,,,,,
8129,07/04/25 00:00:00,28.493,,,,,
8130,07/04/25 00:15:00,28.518,,,,,
8131,07/04/25 00:30:00,28.468,,,,,
8132,07/04/25 00:45:00,28.468,,,,,
8133,07/04/25 01:00:00,28.444,,,,,
8134,07/04/25 01:15:00,28.444,,,,,
8135,07/04/25 01:30:00,28.419,,,,,
8136,07/04/25 01:45:00,28.419,,,,,
8137,07/04/25 02:00:00,28.468,,,,,
8138,07/04/25 02:15:00,28.468,,,,,
8139,07/04/25 02:30:00,28.493,,,,,
8140,07/04/25 02:45:00,28.493,,,,,
8141,07/04/25 03:00:00,28.468,,,,,
8142,07/04/25 03:15:00,28.468,,,,,
8143,07/04/25 03:30:00,28.468,,,,,
8144,07/04/25 03:45:00,28.345,,,,,
8145,07/04/25 04:00:00,28.320,,,,,
8146,07/04/25 04:15:00,28.493,,,,,
8147,07/04/25 04:30:00,28.493,,,,,
8148,07/04/25 04:45:00,28.171,,,,,
8149,07/04/25 05:00:00,28.122,,,,,
8150,07/04/25 05:15:00,28.295,,,,,
8151,07/04/25 05:30:00,28.097,,,,,
8152,07/04/25 05:45:00,28.072,,,,,
8153,07/04/25 06:00:00,28.097,,,,,
8154,07/04/25 06:15:00,28.072,,,,,
8155,07/04/25 06:30:00,28.072,,,,,
8156,07/04/25 06:45:00,28.072,,,,,
8157,07/04/25 07:00:00,28.072,,,,,
8158,07/04/25 07:15:00,28.196,,,,,
8159,07/04/25 07:30:00,28.295,,,,,
8160,07/04/25 07:45:00,28.270,,,,,
8161,07/04/25 08:00:00,28.270,,,,,
8162,07/04/25 08:15:00,28.245,,,,,
8163,07/04/25 08:30:00,28.270,,,,,
8164,07/04/25 08:45:00,28.270,,,,,
8165,07/04/25 09:00:00,28.295,,,,,
8166,07/04/25 09:15:00,28.320,,,,,
8167,07/04/25 09:30:00,28.369,,,,,
8168,07/04/25 09:45:00,28.369,,,,,
8169,07/04/25 10:00:00,28.369,,,,,
8170,07/04/25 10:15:00,28.369,,,,,
8171,07/04/25 10:30:00,28.369,,,,,
8172,07/04/25 10:45:00,28.394,,,,,
8173,07/04/25 11:00:00,28.419,,,,,
8174,07/04/25 11:15:00,28.543,,,,,
8175,07/04/25 11:30:00,28.568,,,,,
8176,07/04/25 11:45:00,28.543,,,,,
8177,07/04/25 12:00:00,28.493,,,,,
8178,07/04/25 12:15:00,28.320,,,,,
8179,07/04/25 12:30:00,28.270,,,,,
8180,07/04/25 12:45:00,28.245,,,,,
8181,07/04/25 13:00:00,28.295,,,,,
8182,07/04/25 13:15:00,28.295,,,,,
8183,07/04/25 13:30:00,28.245,,,,,
8184,07/04/25 13:45:00,28.245,,,,,
8185,07/04/25 14:00:00,28.245,,,,,
8186,07/04/25 14:15:00,28.221,,,,,
8187,07/04/25 14:30:00,28.221,,,,,
8188,07/04/25 14:45:00,28.221,,,,,
8189,07/04/25 15:00:00,28.196,,,,,
8190,07/04/25 15:15:00,28.221,,,,,
8191,07/04/25 15:30:00,28.221,,,,,
8192,07/04/25 15:45:00,28.221,,,,,
8193,07/04/25 16:00:00,28.196,,,,,
8194,07/04/25 16:15:00,28.147,,,,,
8195,07/04/25 16:30:00,28.122,,,,,
8196,07/04/25 16:45:00,27.974,,,,,
8197,07/04/25 17:00:00,27.875,,,,,
8198,07/04/25 17:15:00,27.825,,,,,
8199,07/04/25 17:30:00,27.801,,,,,
8200,07/04/25 17:45:00,27.801,,,,,
8201,07/04/25 18:00:00,27.801,,,,,
8202,07/04/25 18:15:00,27.751,,,,,
8203,07/04/25 18:30:00,27.751,,,,,
8204,07/04/25 18:45:00,27.776,,,,,
8205,07/04/25 19:00:00,27.776,,,,,
8206,07/04/25 19:15:00,27.727,,,,,
8207,07/04/25 19:30:00,27.751,,,,,
8208,07/04/25 19:45:00,27.751,,,,,
8209,07/04/25 20:00:00,27.776,,,,,
8210,07/04/25 20:15:00,27.825,,,,,
8211,07/04/25 20:30:00,27.825,,,,,
8212,07/04/25 20:45:00,27.825,,,,,
8213,07/04/25 21:00:00,28.023,,,,,
8214,07/04/25 21:15:00,28.171,,,,,
8215,07/04/25 21:30:00,28.196,,,,,
8216,07/04/25 21:45:00,28.245,,,,,
8217,07/04/25 22:00:00,28.221,,,,,
8218,07/04/25 22:15:00,28.245,,,,,
8219,07/04/25 22:30:00,28.245,,,,,
8220,07/04/25 22:45:00,28.221,,,,,
8221,07/04/25 23:00:00,28.245,,,,,
8222,07/04/25 23:15:00,28.221,,,,,
8223,07/04/25 23:30:00,28.245,,,,,
8224,07/04/25 23:45:00,28.245,,,,,
8225,07/05/25 00:00:00,28.245,,,,,
8226,07/05/25 00:15:00,28.221,,,,,
8227,07/05/25 00:30:00,28.221,,,,,
8228,07/05/25 00:45:00,28.196,,,,,
8229,07/05/25 01:00:00,28.196,,,,,
8230,07/05/25 01:15:00,28.196,,,,,
8231,07/05/25 01:30:00,28.097,,,,,
8232,07/05/25 01:45:00,27.998,,,,,
8233,07/05/25 02:00:00,27.949,,,,,
8234,07/05/25 02:15:00,27.949,,,,,
8235,07/05/25 02:30:00,27.949,,,,,
8236,07/05/25 02:45:00,27.949,,,,,
8237,07/05/25 03:00:00,27.924,,,,,
8238,07/05/25 03:15:00,27.924,,,,,
8239,07/05/25 03:30:00,27.949,,,,,
8240,07/05/25 03:45:00,27.949,,,,,
8241,07/05/25 04:00:00,27.974,,,,,
8242,07/05/25 04:15:00,27.974,,,,,
8243,07/05/25 04:30:00,28.023,,,,,
8244,07/05/25 04:45:00,28.122,,,,,
8245,07/05/25 05:00:00,28.072,,,,,
8246,07/05/25 05:15:00,28.171,,,,,
8247,07/05/25 05:30:00,28.171,,,,,
8248,07/05/25 05:45:00,28.122,,,,,
8249,07/05/25 06:00:00,28.048,,,,,
8250,07/05/25 06:15:00,28.023,,,,,
8251,07/05/25 06:30:00,28.072,,,,,
8252,07/05/25 06:45:00,28.072,,,,,
8253,07/05/25 07:00:00,28.072,,,,,
8254,07/05/25 07:15:00,28.072,,,,,
8255,07/05/25 07:30:00,28.097,,,,,
8256,07/05/25 07:45:00,28.122,,,,,
8257,07/05/25 08:00:00,28.097,,,,,
8258,07/05/25 08:15:00,28.097,,,,,
8259,07/05/25 08:30:00,28.147,,,,,
8260,07/05/25 08:45:00,28.147,,,,,
8261,07/05/25 09:00:00,28.147,,,,,
8262,07/05/25 09:15:00,28.147,,,,,
8263,07/05/25 09:30:00,28.171,,,,,
8264,07/05/25 09:45:00,28.171,,,,,
8265,07/05/25 10:00:00,28.171,,,,,
8266,07/05/25 10:15:00,28.270,,,,,
8267,07/05/25 10:30:00,28.295,,,,,
8268,07/05/25 10:45:00,28.245,,,,,
8269,07/05/25 11:00:00,28.270,,,,,
8270,07/05/25 11:15:00,28.245,,,,,
8271,07/05/25 11:30:00,28.270,,,,,
8272,07/05/25 11:45:00,28.320,,,,,
8273,07/05/25 12:00:00,28.419,,,,,
8274,07/05/25 12:15:00,28.444,,,,,
8275,07/05/25 12:30:00,28.394,,,,,
8276,07/05/25 12:45:00,28.270,,,,,
8277,07/05/25 13:00:00,28.320,,,,,
8278,07/05/25 13:15:00,28.444,,,,,
8279,07/05/25 13:30:00,28.493,,,,,
8280,07/05/25 13:45:00,28.468,,,,,
8281,07/05/25 14:00:00,28.493,,,,,
8282,07/05/25 14:15:00,28.468,,,,,
8283,07/05/25 14:30:00,28.468,,,,,
8284,07/05/25 14:45:00,28.369,,,,,
8285,07/05/25 15:00:00,28.221,,,,,
8286,07/05/25 15:15:00,28.369,,,,,
8287,07/05/25 15:30:00,28.444,,,,,
8288,07/05/25 15:45:00,28.320,,,,,
8289,07/05/25 16:00:00,28.270,,,,,
8290,07/05/25 16:15:00,28.419,,,,,
8291,07/05/25 16:30:00,28.270,,,,,
8292,07/05/25 16:45:00,28.097,,,,,
8293,07/05/25 17:00:00,28.122,,,,,
8294,07/05/25 17:15:00,28.147,,,,,
8295,07/05/25 17:30:00,28.072,,,,,
8296,07/05/25 17:45:00,28.048,,,,,
8297,07/05/25 18:00:00,27.998,,,,,
8298,07/05/25 18:15:00,27.998,,,,,
8299,07/05/25 18:30:00,27.998,,,,,
8300,07/05/25 18:45:00,27.998,,,,,
8301,07/05/25 19:00:00,27.998,,,,,
8302,07/05/25 19:15:00,27.998,,,,,
8303,07/05/25 19:30:00,27.974,,,,,
8304,07/05/25 19:45:00,28.023,,,,,
8305,07/05/25 20:00:00,28.048,,,,,
8306,07/05/25 20:15:00,28.048,,,,,
8307,07/05/25 20:30:00,28.048,,,,,
8308,07/05/25 20:45:00,28.048,,,,,
8309,07/05/25 21:00:00,28.072,,,,,
8310,07/05/25 21:15:00,28.072,,,,,
8311,07/05/25 21:30:00,28.072,,,,,
8312,07/05/25 21:45:00,28.097,,,,,
8313,07/05/25 22:00:00,28.122,,,,,
8314,07/05/25 22:15:00,28.196,,,,,
8315,07/05/25 22:30:00,28.221,,,,,
8316,07/05/25 22:45:00,28.270,,,,,
8317,07/05/25 23:00:00,28.394,,,,,
8318,07/05/25 23:15:00,28.419,,,,,
8319,07/05/25 23:30:00,28.419,,,,,
8320,07/05/25 23:45:00,28.345,,,,,
8321,07/06/25 00:00:00,28.444,,,,,
8322,07/06/25 00:15:00,28.444,,,,,
8323,07/06/25 00:30:00,28.419,,,,,
8324,07/06/25 00:45:00,28.468,,,,,
8325,07/06/25 01:00:00,28.493,,,,,
8326,07/06/25 01:15:00,28.518,,,,,
8327,07/06/25 01:30:00,28.518,,,,,
8328,07/06/25 01:45:00,28.518,,,,,
8329,07/06/25 02:00:00,28.518,,,,,
8330,07/06/25 02:15:00,28.518,,,,,
8331,07/06/25 02:30:00,28.518,,,,,
8332,07/06/25 02:45:00,28.518,,,,,
8333,07/06/25 03:00:00,28.493,,,,,
8334,07/06/25 03:15:00,28.493,,,,,
8335,07/06/25 03:30:00,28.518,,,,,
8336,07/06/25 03:45:00,28.493,,,,,
8337,07/06/25 04:00:00,28.493,,,,,
8338,07/06/25 04:15:00,28.419,,,,,
8339,07/06/25 04:30:00,28.493,,,,,
8340,07/06/25 04:45:00,28.518,,,,,
8341,07/06/25 05:00:00,28.493,,,,,
8342,07/06/25 05:15:00,28.468,,,,,
8343,07/06/25 05:30:00,28.419,,,,,
8344,07/06/25 05:45:00,28.394,,,,,
8345,07/06/25 06:00:00,28.369,,,,,
8346,07/06/25 06:15:00,28.320,,,,,
8347,07/06/25 06:30:00,28.320,,,,,
8348,07/06/25 06:45:00,28.320,,,,,
8349,07/06/25 07:00:00,28.295,,,,,
8350,07/06/25 07:15:00,28.320,,,,,
8351,07/06/25 07:30:00,28.320,,,,,
8352,07/06/25 07:45:00,28.320,,,,,
8353,07/06/25 08:00:00,28.345,,,,,
8354,07/06/25 08:15:00,28.394,,,,,
8355,07/06/25 08:30:00,28.394,,,,,
8356,07/06/25 08:45:00,28.394,,,,,
8357,07/06/25 09:00:00,28.419,,,,,
8358,07/06/25 09:15:00,28.419,,,,,
8359,07/06/25 09:30:00,28.419,,,,,
8360,07/06/25 09:45:00,28.419,,,,,
8361,07/06/25 10:00:00,28.394,,,,,
8362,07/06/25 10:15:00,28.369,,,,,
8363,07/06/25 10:30:00,28.369,,,,,
8364,07/06/25 10:45:00,28.270,,,,,
8365,07/06/25 11:00:00,28.221,,,,,
8366,07/06/25 11:15:00,28.320,,,,,
8367,07/06/25 11:30:00,28.345,,,,,
8368,07/06/25 11:45:00,28.295,,,,,
8369,07/06/25 12:00:00,28.245,,,,,
8370,07/06/25 12:15:00,28.270,,,,,
8371,07/06/25 12:30:00,28.345,,,,,
8372,07/06/25 12:45:00,28.345,,,,,
8373,07/06/25 13:00:00,28.345,,,,,
8374,07/06/25 13:15:00,28.369,,,,,
8375,07/06/25 13:30:00,28.369,,,,,
8376,07/06/25 13:45:00,28.369,,,,,
8377,07/06/25 14:00:00,28.369,,,,,
8378,07/06/25 14:15:00,28.394,,,,,
8379,07/06/25 14:30:00,28.345,,,,,
8380,07/06/25 14:45:00,28.345,,,,,
8381,07/06/25 15:00:00,28.345,,,,,
8382,07/06/25 15:15:00,28.345,,,,,
8383,07/06/25 15:30:00,28.345,,,,,
8384,07/06/25 15:45:00,28.345,,,,,
8385,07/06/25 16:00:00,28.345,,,,,
8386,07/06/25 16:15:00,28.345,,,,,
8387,07/06/25 16:30:00,28.320,,,,,
8388,07/06/25 16:45:00,28.320,,,,,
8389,07/06/25 17:00:00,28.320,,,,,
8390,07/06/25 17:15:00,28.345,,,,,
8391,07/06/25 17:30:00,28.320,,,,,
8392,07/06/25 17:45:00,28.295,,,,,
8393,07/06/25 18:00:00,28.320,,,,,
8394,07/06/25 18:15:00,28.295,,,,,
8395,07/06/25 18:30:00,28.295,,,,,
8396,07/06/25 18:45:00,28.295,,,,,
8397,07/06/25 19:00:00,28.295,,,,,
8398,07/06/25 19:15:00,28.320,,,,,
8399,07/06/25 19:30:00,28.320,,,,,
8400,07/06/25 19:45:00,28.295,,,,,
8401,07/06/25 20:00:00,28.295,,,,,
8402,07/06/25 20:15:00,28.320,,,,,
8403,07/06/25 20:30:00,28.245,,,,,
8404,07/06/25 20:45:00,28.221,,,,,
8405,07/06/25 21:00:00,28.245,,,,,
8406,07/06/25 21:15:00,28.245,,,,,
8407,07/06/25 21:30:00,28.270,,,,,
8408,07/06/25 21:45:00,28.295,,,,,
8409,07/06/25 22:00:00,28.295,,,,,
8410,07/06/25 22:15:00,28.295,,,,,
8411,07/06/25 22:30:00,28.270,,,,,
8412,07/06/25 22:45:00,28.270,,,,,
8413,07/06/25 23:00:00,28.270,,,,,
8414,07/06/25 23:15:00,28.270,,,,,
8415,07/06/25 23:30:00,28.270,,,,,
8416,07/06/25 23:45:00,28.270,,,,,
8417,07/07/25 00:00:00,28.295,,,,,
8418,07/07/25 00:15:00,28.295,,,,,
8419,07/07/25 00:30:00,28.295,,,,,
8420,07/07/25 00:45:00,28.270,,,,,
8421,07/07/25 01:00:00,28.270,,,,,
8422,07/07/25 01:15:00,28.270,,,,,
8423,07/07/25 01:30:00,28.295,,,,,
8424,07/07/25 01:45:00,28.295,,,,,
8425,07/07/25 02:00:00,28.320,,,,,
8426,07/07/25 02:15:00,28.320,,,,,
8427,07/07/25 02:30:00,28.320,,,,,
8428,07/07/25 02:45:00,28.369,,,,,
8429,07/07/25 03:00:00,28.394,,,,,
8430,07/07/25 03:15:00,28.369,,,,,
8431,07/07/25 03:30:00,28.320,,,,,
8432,07/07/25 03:45:00,28.320,,,,,
8433,07/07/25 04:00:00,28.320,,,,,
8434,07/07/25 04:15:00,28.320,,,,,
8435,07/07/25 04:30:00,28.320,,,,,
8436,07/07/25 04:45:00,28.320,,,,,
8437,07/07/25 05:00:00,28.320,,,,,
8438,07/07/25 05:15:00,28.320,,,,,
8439,07/07/25 05:30:00,28.320,,,,,
8440,07/07/25 05:45:00,28.320,,,,,
8441,07/07/25 06:00:00,28.320,,,,,
8442,07/07/25 06:15:00,28.320,,,,,
8443,07/07/25 06:30:00,28.320,,,,,
8444,07/07/25 06:45:00,28.320,,,,,
8445,07/07/25 07:00:00,28.320,,,,,
8446,07/07/25 07:15:00,28.295,,,,,
8447,07/07/25 07:30:00,28.295,,,,,
8448,07/07/25 07:45:00,28.320,,,,,
8449,07/07/25 08:00:00,28.320,,,,,
8450,07/07/25 08:15:00,28.245,,,,,
8451,07/07/25 08:30:00,28.295,,,,,
8452,07/07/25 08:45:00,28.295,,,,,
8453,07/07/25 09:00:00,28.295,,,,,
8454,07/07/25 09:15:00,28.320,,,,,
8455,07/07/25 09:30:00,28.245,,,,,
8456,07/07/25 09:45:00,28.245,,,,,
8457,07/07/25 10:00:00,28.245,,,,,
8458,07/07/25 10:15:00,28.221,,,,,
8459,07/07/25 10:30:00,28.270,,,,,
8460,07/07/25 10:45:00,28.270,,,,,
8461,07/07/25 11:00:00,28.221,,,,,
8462,07/07/25 11:15:00,28.221,,,,,
8463,07/07/25 11:30:00,28.221,,,,,
8464,07/07/25 11:45:00,28.221,,,,,
8465,07/07/25 12:00:00,28.171,,,,,
8466,07/07/25 12:15:00,28.171,,,,,
8467,07/07/25 12:30:00,28.171,,,,,
8468,07/07/25 12:45:00,28.171,,,,,
8469,07/07/25 13:00:00,28.171,,,,,
8470,07/07/25 13:15:00,28.171,,,,,
8471,07/07/25 13:30:00,28.196,,,,,
8472,07/07/25 13:45:00,28.245,,,,,
8473,07/07/25 14:00:00,28.270,,,,,
8474,07/07/25 14:15:00,28.270,,,,,
8475,07/07/25 14:30:00,28.295,,,,,
8476,07/07/25 14:45:00,28.320,,,,,
8477,07/07/25 15:00:00,28.320,,,,,
8478,07/07/25 15:15:00,28.320,,,,,
8479,07/07/25 15:30:00,28.295,,,,,
8480,07/07/25 15:45:00,28.295,,,,,
8481,07/07/25 16:00:00,28.320,,,,,
8482,07/07/25 16:15:00,28.345,,,,,
8483,07/07/25 16:30:00,28.345,,,,,
8484,07/07/25 16:45:00,28.147,,,,,
8485,07/07/25 17:00:00,28.122,,,,,
8486,07/07/25 17:15:00,28.097,,,,,
8487,07/07/25 17:30:00,28.295,,,,,
8488,07/07/25 17:45:00,28.345,,,,,
8489,07/07/25 18:00:00,28.320,,,,,
8490,07/07/25 18:15:00,28.196,,,,,
8491,07/07/25 18:30:00,28.270,,,,,
8492,07/07/25 18:45:00,28.147,,,,,
8493,07/07/25 19:00:00,28.221,,,,,
8494,07/07/25 19:15:00,28.171,,,,,
8495,07/07/25 19:30:00,28.122,,,,,
8496,07/07/25 19:45:00,28.147,,,,,
8497,07/07/25 20:00:00,28.221,,,,,
8498,07/07/25 20:15:00,28.270,,,,,
8499,07/07/25 20:30:00,28.270,,,,,
8500,07/07/25 20:45:00,28.295,,,,,
8501,07/07/25 21:00:00,28.320,,,,,
8502,07/07/25 21:15:00,28.320,,,,,
8503,07/07/25 21:30:00,28.245,,,,,
8504,07/07/25 21:45:00,28.295,,,,,
8505,07/07/25 22:00:00,28.147,,,,,
8506,07/07/25 22:15:00,28.122,,,,,
8507,07/07/25 22:30:00,28.048,,,,,
8508,07/07/25 22:45:00,27.998,,,,,
8509,07/07/25 23:00:00,27.974,,,,,
8510,07/07/25 23:15:00,27.974,,,,,
8511,07/07/25 23:30:00,27.949,,,,,
8512,07/07/25 23:45:00,27.924,,,,,
8513,07/08/25 00:00:00,27.924,,,,,
8514,07/08/25 00:15:00,27.949,,,,,
8515,07/08/25 00:30:00,27.924,,,,,
8516,07/08/25 00:45:00,27.924,,,,,
8517,07/08/25 01:00:00,27.924,,,,,
8518,07/08/25 01:15:00,27.949,,,,,
8519,07/08/25 01:30:00,27.998,,,,,
8520,07/08/25 01:45:00,28.023,,,,,
8521,07/08/25 02:00:00,28.023,,,,,
8522,07/08/25 02:15:00,28.048,,,,,
8523,07/08/25 02:30:00,28.048,,,,,
8524,07/08/25 02:45:00,28.072,,,,,
8525,07/08/25 03:00:00,28.072,,,,,
8526,07/08/25 03:15:00,28.122,,,,,
8527,07/08/25 03:30:00,28.122,,,,,
8528,07/08/25 03:45:00,28.147,,,,,
8529,07/08/25 04:00:00,28.171,,,,,
8530,07/08/25 04:15:00,28.171,,,,,
8531,07/08/25 04:30:00,28.171,,,,,
8532,07/08/25 04:45:00,28.196,,,,,
8533,07/08/25 05:00:00,28.196,,,,,
8534,07/08/25 05:15:00,28.196,,,,,
8535,07/08/25 05:30:00,28.221,,,,,
8536,07/08/25 05:45:00,28.221,,,,,
8537,07/08/25 06:00:00,28.221,,,,,
8538,07/08/25 06:15:00,28.221,,,,,
8539,07/08/25 06:30:00,28.270,,,,,
8540,07/08/25 06:45:00,28.245,,,,,
8541,07/08/25 07:00:00,28.245,,,,,
8542,07/08/25 07:15:00,28.245,,,,,
8543,07/08/25 07:30:00,28.270,,,,,
8544,07/08/25 07:45:00,28.245,,,,,
8545,07/08/25 08:00:00,28.245,,,,,
8546,07/08/25 08:15:00,28.221,,,,,
8547,07/08/25 08:30:00,28.245,,,,,
8548,07/08/25 08:45:00,28.245,,,,,
8549,07/08/25 09:00:00,28.245,,,,,
8550,07/08/25 09:15:00,28.245,,,,,
8551,07/08/25 09:30:00,28.270,,,,,
8552,07/08/25 09:45:00,28.270,,,,,
8553,07/08/25 10:00:00,28.270,,,,,
8554,07/08/25 10:15:00,28.295,,,,,
8555,07/08/25 10:30:00,28.295,,,,,
8556,07/08/25 10:45:00,28.320,,,,,
8557,07/08/25 11:00:00,28.320,,,,,
8558,07/08/25 11:15:00,28.320,,,,,
8559,07/08/25 11:30:00,28.320,,,,,
8560,07/08/25 11:45:00,28.345,,,,,
8561,07/08/25 12:00:00,28.345,,,,,
8562,07/08/25 12:15:00,28.345,,,,,
8563,07/08/25 12:30:00,28.369,,,,,
8564,07/08/25 12:45:00,28.369,,,,,
8565,07/08/25 13:00:00,28.394,,,,,
8566,07/08/25 13:15:00,28.394,,,,,
8567,07/08/25 13:30:00,28.419,,,,,
8568,07/08/25 13:45:00,28.444,,,,,
8569,07/08/25 14:00:00,28.468,,,,,
8570,07/08/25 14:15:00,28.518,,,,,
8571,07/08/25 14:30:00,28.543,,,,,
8572,07/08/25 14:45:00,28.543,,,,,
8573,07/08/25 15:00:00,28.518,,,,,
8574,07/08/25 15:15:00,28.543,,,,,
8575,07/08/25 15:30:00,28.518,,,,,
8576,07/08/25 15:45:00,28.493,,,,,
8577,07/08/25 16:00:00,28.493,,,,,
8578,07/08/25 16:15:00,28.468,,,,,
8579,07/08/25 16:30:00,28.468,,,,,
8580,07/08/25 16:45:00,28.468,,,,,
8581,07/08/25 17:00:00,28.518,,,,,
8582,07/08/25 17:15:00,28.493,,,,,
8583,07/08/25 17:30:00,28.493,,,,,
8584,07/08/25 17:45:00,28.493,,,,,
8585,07/08/25 18:00:00,28.419,,,,,
8586,07/08/25 18:15:00,28.245,,,,,
8587,07/08/25 18:30:00,28.245,,,,,
8588,07/08/25 18:45:00,28.270,,,,,
8589,07/08/25 19:00:00,28.295,,,,,
8590,07/08/25 19:15:00,28.221,,,,,
8591,07/08/25 19:30:00,28.295,,,,,
8592,07/08/25 19:45:00,28.345,,,,,
8593,07/08/25 20:00:00,28.369,,,,,
8594,07/08/25 20:15:00,28.245,,,,,
8595,07/08/25 20:30:00,28.345,,,,,
8596,07/08/25 20:45:00,28.295,,,,,
8597,07/08/25 21:00:00,28.295,,,,,
8598,07/08/25 21:15:00,28.320,,,,,
8599,07/08/25 21:30:00,28.369,,,,,
8600,07/08/25 21:45:00,28.345,,,,,
8601,07/08/25 22:00:00,28.345,,,,,
8602,07/08/25 22:15:00,28.369,,,,,
8603,07/08/25 22:30:00,28.369,,,,,
8604,07/08/25 22:45:00,28.369,,,,,
8605,07/08/25 23:00:00,28.369,,,,,
8606,07/08/25 23:15:00,28.394,,,,,
8607,07/08/25 23:30:00,28.394,,,,,
8608,07/08/25 23:45:00,28.394,,,,,
8609,07/09/25 00:00:00,28.394,,,,,
8610,07/09/25 00:15:00,28.320,,,,,
8611,07/09/25 00:30:00,28.320,,,,,
8612,07/09/25 00:45:00,28.345,,,,,
8613,07/09/25 01:00:00,28.345,,,,,
8614,07/09/25 01:15:00,28.369,,,,,
8615,07/09/25 01:30:00,28.369,,,,,
8616,07/09/25 01:45:00,28.369,,,,,
8617,07/09/25 02:00:00,28.345,,,,,
8618,07/09/25 02:15:00,28.345,,,,,
8619,07/09/25 02:30:00,28.369,,,,,
8620,07/09/25 02:45:00,28.369,,,,,
8621,07/09/25 03:00:00,28.394,,,,,
8622,07/09/25 03:15:00,28.369,,,,,
8623,07/09/25 03:30:00,28.369,,,,,
8624,07/09/25 03:45:00,28.369,,,,,
8625,07/09/25 04:00:00,28.320,,,,,
8626,07/09/25 04:15:00,28.345,,,,,
8627,07/09/25 04:30:00,28.320,,,,,
8628,07/09/25 04:45:00,28.320,,,,,
8629,07/09/25 05:00:00,28.320,,,,,
8630,07/09/25 05:15:00,28.320,,,,,
8631,07/09/25 05:30:00,28.320,,,,,
8632,07/09/25 05:45:00,28.320,,,,,
8633,07/09/25 06:00:00,28.320,,,,,
8634,07/09/25 06:15:00,28.345,,,,,
8635,07/09/25 06:30:00,28.345,,,,,
8636,07/09/25 06:45:00,28.345,,,,,
8637,07/09/25 07:00:00,28.345,,,,,
8638,07/09/25 07:15:00,28.345,,,,,
8639,07/09/25 07:30:00,28.345,,,,,
8640,07/09/25 07:45:00,28.345,,,,,
8641,07/09/25 08:00:00,28.345,,,,,
8642,07/09/25 08:15:00,28.345,,,,,
8643,07/09/25 08:30:00,28.345,,,,,
8644,07/09/25 08:45:00,28.320,,,,,
8645,07/09/25 09:00:00,28.345,,,,,
8646,07/09/25 09:15:00,28.345,,,,,
8647,07/09/25 09:30:00,28.345,,,,,
8648,07/09/25 09:45:00,28.345,,,,,
8649,07/09/25 10:00:00,28.345,,,,,
8650,07/09/25 10:15:00,28.345,,,,,
8651,07/09/25 10:30:00,28.345,,,,,
8652,07/09/25 10:45:00,28.345,,,,,
8653,07/09/25 11:00:00,28.345,,,,,
8654,07/09/25 11:15:00,28.345,,,,,
8655,07/09/25 11:30:00,28.345,,,,,
8656,07/09/25 11:45:00,28.270,,,,,
8657,07/09/25 12:00:00,28.270,,,,,
8658,07/09/25 12:15:00,28.270,,,,,
8659,07/09/25 12:30:00,28.221,,,,,
8660,07/09/25 12:45:00,28.245,,,,,
8661,07/09/25 13:00:00,28.295,,,,,
8662,07/09/25 13:15:00,28.320,,,,,
8663,07/09/25 13:30:00,28.320,,,,,
8664,07/09/25 13:45:00,28.320,,,,,
8665,07/09/25 14:00:00,28.320,,,,,
8666,07/09/25 14:15:00,28.345,,,,,
8667,07/09/25 14:30:00,28.345,,,,,
8668,07/09/25 14:45:00,28.345,,,,,
8669,07/09/25 15:00:00,28.320,,,,,
8670,07/09/25 15:15:00,28.345,,,,,
8671,07/09/25 15:30:00,28.345,,,,,
8672,07/09/25 15:45:00,28.345,,,,,
8673,07/09/25 16:00:00,28.345,,,,,
8674,07/09/25 16:15:00,28.345,,,,,
8675,07/09/25 16:30:00,28.345,,,,,
8676,07/09/25 16:45:00,28.345,,,,,
8677,07/09/25 17:00:00,28.345,,,,,
8678,07/09/25 17:15:00,28.320,,,,,
8679,07/09/25 17:30:00,28.345,,,,,
8680,07/09/25 17:45:00,28.320,,,,,
8681,07/09/25 18:00:00,28.245,,,,,
8682,07/09/25 18:15:00,28.097,,,,,
8683,07/09/25 18:30:00,28.122,,,,,
8684,07/09/25 18:45:00,28.196,,,,,
8685,07/09/25 19:00:00,28.171,,,,,
8686,07/09/25 19:15:00,28.023,,,,,
8687,07/09/25 19:30:00,28.023,,,,,
8688,07/09/25 19:45:00,28.221,,,,,
8689,07/09/25 20:00:00,28.270,,,,,
8690,07/09/25 20:15:00,28.072,,,,,
8691,07/09/25 20:30:00,28.048,,,,,
8692,07/09/25 20:45:00,27.899,,,,,
8693,07/09/25 21:00:00,28.072,,,,,
8694,07/09/25 21:15:00,28.097,,,,,
8695,07/09/25 21:30:00,27.998,,,,,
8696,07/09/25 21:45:00,28.147,,,,,
8697,07/09/25 22:00:00,28.196,,,,,
8698,07/09/25 22:15:00,28.196,,,,,
8699,07/09/25 22:30:00,28.221,,,,,
8700,07/09/25 22:45:00,27.801,,,,,
8701,07/09/25 23:00:00,27.776,,,,,
8702,07/09/25 23:15:00,27.801,,,,,
8703,07/09/25 23:30:00,27.727,,,,,
8704,07/09/25 23:45:00,27.727,,,,,
8705,07/10/25 00:00:00,27.677,,,,,
8706,07/10/25 00:15:00,27.579,,,,,
8707,07/10/25 00:30:00,27.481,,,,,
8708,07/10/25 00:45:00,27.481,,,,,
8709,07/10/25 01:00:00,27.530,,,,,
8710,07/10/25 01:15:00,27.579,,,,,
8711,07/10/25 01:30:00,27.677,,,,,
8712,07/10/25 01:45:00,27.751,,,,,
8713,07/10/25 02:00:00,27.974,,,,,
8714,07/10/25 02:15:00,28.048,,,,,
8715,07/10/25 02:30:00,28.147,,,,,
8716,07/10/25 02:45:00,28.023,,,,,
8717,07/10/25 03:00:00,27.998,,,,,
8718,07/10/25 03:15:00,27.875,,,,,
8719,07/10/25 03:30:00,27.949,,,,,
8720,07/10/25 03:45:00,28.097,,,,,
8721,07/10/25 04:00:00,28.122,,,,,
8722,07/10/25 04:15:00,28.147,,,,,
8723,07/10/25 04:30:00,27.949,,,,,
8724,07/10/25 04:45:00,28.048,,,,,
8725,07/10/25 05:00:00,27.924,,,,,
8726,07/10/25 05:15:00,27.924,,,,,
8727,07/10/25 05:30:00,27.899,,,,,
8728,07/10/25 05:45:00,27.998,,,,,
8729,07/10/25 06:00:00,28.147,,,,,
8730,07/10/25 06:15:00,28.171,,,,,
8731,07/10/25 06:30:00,28.245,,,,,
8732,07/10/25 06:45:00,28.245,,,,,
8733,07/10/25 07:00:00,28.245,,,,,
8734,07/10/25 07:15:00,28.171,,,,,
8735,07/10/25 07:30:00,28.122,,,,,
8736,07/10/25 07:45:00,27.949,,,,,
8737,07/10/25 08:00:00,28.023,,,,,
8738,07/10/25 08:15:00,28.221,,,,,
8739,07/10/25 08:30:00,28.245,,,,,
8740,07/10/25 08:45:00,28.171,,,,,
8741,07/10/25 09:00:00,28.122,,,,,
8742,07/10/25 09:15:00,27.924,,,,,
8743,07/10/25 09:30:00,27.850,,,,,
8744,07/10/25 09:45:00,27.677,,,,,
8745,07/10/25 10:00:00,27.751,,,,,
8746,07/10/25 10:15:00,27.801,,,,,
8747,07/10/25 10:30:00,27.776,,,,,
8748,07/10/25 10:45:00,27.801,,,,,
8749,07/10/25 11:00:00,27.801,,,,,
8750,07/10/25 11:15:00,27.825,,,,,
8751,07/10/25 11:30:00,27.924,,,,,
8752,07/10/25 11:45:00,28.023,,,,,
8753,07/10/25 12:00:00,28.072,,,,,
8754,07/10/25 12:15:00,28.097,,,,,
8755,07/10/25 12:30:00,28.196,,,,,
8756,07/10/25 12:45:00,28.245,,,,,
8757,07/10/25 13:00:00,28.270,,,,,
8758,07/10/25 13:15:00,28.245,,,,,
8759,07/10/25 13:30:00,28.221,,,,,
8760,07/10/25 13:45:00,28.171,,,,,
8761,07/10/25 14:00:00,28.171,,,,,
8762,07/10/25 14:15:00,28.221,,,,,
8763,07/10/25 14:30:00,28.270,,,,,
8764,07/10/25 14:45:00,28.270,,,,,
8765,07/10/25 15:00:00,28.270,,,,,
8766,07/10/25 15:15:00,28.295,,,,,
8767,07/10/25 15:30:00,28.320,,,,,
8768,07/10/25 15:45:00,28.320,,,,,
8769,07/10/25 16:00:00,28.320,,,,,
8770,07/10/25 16:15:00,28.345,,,,,
8771,07/10/25 16:30:00,28.369,,,,,
8772,07/10/25 16:45:00,28.345,,,,,
8773,07/10/25 17:00:00,28.320,,,,,
8774,07/10/25 17:15:00,28.345,,,,,
8775,07/10/25 17:30:00,28.345,,,,,
8776,07/10/25 17:45:00,28.320,,,,,
8777,07/10/25 18:00:00,28.320,,,,,
8778,07/10/25 18:15:00,28.345,,,,,
8779,07/10/25 18:30:00,28.345,,,,,
8780,07/10/25 18:45:00,28.320,,,,,
8781,07/10/25 19:00:00,28.320,,,,,
8782,07/10/25 19:15:00,28.295,,,,,
8783,07/10/25 19:30:00,28.270,,,,,
8784,07/10/25 19:45:00,28.245,,,,,
8785,07/10/25 20:00:00,28.245,,,,,
8786,07/10/25 20:15:00,28.171,,,,,
8787,07/10/25 20:30:00,28.048,,,,,
8788,07/10/25 20:45:00,27.949,,,,,
8789,07/10/25 21:00:00,27.974,,,,,
8790,07/10/25 21:15:00,27.974,,,,,
8791,07/10/25 21:30:00,27.998,,,,,
8792,07/10/25 21:45:00,28.072,,,,,
8793,07/10/25 22:00:00,28.072,,,,,
8794,07/10/25 22:15:00,28.072,,,,,
8795,07/10/25 22:30:00,28.122,,,,,
8796,07/10/25 22:45:00,28.196,,,,,
8797,07/10/25 23:00:00,28.221,,,,,
8798,07/10/25 23:15:00,28.122,,,,,
8799,07/10/25 23:30:00,28.122,,,,,
8800,07/10/25 23:45:00,28.122,,,,,
8801,07/11/25 00:00:00,28.048,,,,,
8802,07/11/25 00:15:00,28.196,,,,,
8803,07/11/25 00:30:00,28.295,,,,,
8804,07/11/25 00:45:00,28.196,,,,,
8805,07/11/25 01:00:00,28.221,,,,,
8806,07/11/25 01:15:00,28.221,,,,,
8807,07/11/25 01:30:00,28.270,,,,,
8808,07/11/25 01:45:00,28.270,,,,,
8809,07/11/25 02:00:00,28.295,,,,,
8810,07/11/25 02:15:00,28.295,,,,,
8811,07/11/25 02:30:00,28.295,,,,,
8812,07/11/25 02:45:00,28.320,,,,,
8813,07/11/25 03:00:00,28.320,,,,,
8814,07/11/25 03:15:00,28.270,,,,,
8815,07/11/25 03:30:00,28.270,,,,,
8816,07/11/25 03:45:00,28.270,,,,,
8817,07/11/25 04:00:00,28.320,,,,,
8818,07/11/25 04:15:00,28.320,,,,,
8819,07/11/25 04:30:00,28.320,,,,,
8820,07/11/25 04:45:00,28.295,,,,,
8821,07/11/25 05:00:00,28.320,,,,,
8822,07/11/25 05:15:00,28.320,,,,,
8823,07/11/25 05:30:00,28.320,,,,,
8824,07/11/25 05:45:00,28.320,,,,,
8825,07/11/25 06:00:00,28.320,,,,,
8826,07/11/25 06:15:00,28.196,,,,,
8827,07/11/25 06:30:00,28.147,,,,,
8828,07/11/25 06:45:00,28.147,,,,,
8829,07/11/25 07:00:00,28.147,,,,,
8830,07/11/25 07:15:00,28.171,,,,,
8831,07/11/25 07:30:00,28.245,,,,,
8832,07/11/25 07:45:00,28.320,,,,,
8833,07/11/25 08:00:00,28.295,,,,,
8834,07/11/25 08:15:00,28.295,,,,,
8835,07/11/25 08:30:00,28.295,,,,,
8836,07/11/25 08:45:00,28.320,,,,,
8837,07/11/25 09:00:00,28.320,,,,,
8838,07/11/25 09:15:00,28.295,,,,,
8839,07/11/25 09:30:00,28.171,,,,,
8840,07/11/25 09:45:00,28.295,,,,,
8841,07/11/25 10:00:00,28.023,,,,,
8842,07/11/25 10:15:00,28.097,,,,,
8843,07/11/25 10:30:00,27.751,,,,,
8844,07/11/25 10:45:00,27.776,,,,,
8845,07/11/25 11:00:00,27.677,,,,,
8846,07/11/25 11:15:00,27.554,,,,,
8847,07/11/25 11:30:00,27.530,,,,,
8848,07/11/25 11:45:00,27.554,,,,,
8849,07/11/25 12:00:00,27.579,,,,,
8850,07/11/25 12:15:00,27.628,,,,,
8851,07/11/25 12:30:00,27.727,,,,,
8852,07/11/25 12:45:00,27.949,,,,,
8853,07/11/25 13:00:00,28.023,,,,,
8854,07/11/25 13:15:00,27.998,,,,,
8855,07/11/25 13:30:00,28.023,,,,,
8856,07/11/25 13:45:00,27.998,,,,,
8857,07/11/25 14:00:00,27.949,,,,,
8858,07/11/25 14:15:00,28.048,,,,,
8859,07/11/25 14:30:00,28.196,,,,,
8860,07/11/25 14:45:00,28.221,,,,,
8861,07/11/25 15:00:00,28.221,,,,,
8862,07/11/25 15:15:00,28.147,,,,,
8863,07/11/25 15:30:00,28.023,,,,,
8864,07/11/25 15:45:00,28.048,,,,,
8865,07/11/25 16:00:00,27.924,,,,,
8866,07/11/25 16:15:00,27.974,,,,,
8867,07/11/25 16:30:00,27.604,,,,,
8868,07/11/25 16:45:00,27.825,,,,,
8869,07/11/25 17:00:00,27.924,,,,,
8870,07/11/25 17:15:00,27.974,,,,,
8871,07/11/25 17:30:00,27.875,,,,,
8872,07/11/25 17:45:00,27.899,,,,,
8873,07/11/25 18:00:00,28.147,,,,,
8874,07/11/25 18:15:00,28.171,,,,,
8875,07/11/25 18:30:00,28.221,,,,,
8876,07/11/25 18:45:00,28.295,,,,,
8877,07/11/25 19:00:00,28.295,,,,,
8878,07/11/25 19:15:00,28.295,,,,,
8879,07/11/25 19:30:00,28.295,,,,,
8880,07/11/25 19:45:00,28.196,,,,,
8881,07/11/25 20:00:00,28.221,,,,,
8882,07/11/25 20:15:00,28.171,,,,,
8883,07/11/25 20:30:00,27.899,,,,,
8884,07/11/25 20:45:00,27.998,,,,,
8885,07/11/25 21:00:00,27.924,,,,,
8886,07/11/25 21:15:00,27.899,,,,,
8887,07/11/25 21:30:00,27.899,,,,,
8888,07/11/25 21:45:00,27.875,,,,,
8889,07/11/25 22:00:00,27.924,,,,,
8890,07/11/25 22:15:00,28.097,,,,,
8891,07/11/25 22:30:00,28.048,,,,,
8892,07/11/25 22:45:00,28.122,,,,,
8893,07/11/25 23:00:00,28.147,,,,,
8894,07/11/25 23:15:00,28.072,,,,,
8895,07/11/25 23:30:00,28.048,,,,,
8896,07/11/25 23:45:00,28.097,,,,,
8897,07/12/25 00:00:00,28.171,,,,,
8898,07/12/25 00:15:00,28.196,,,,,
8899,07/12/25 00:30:00,28.221,,,,,
8900,07/12/25 00:45:00,28.270,,,,,
8901,07/12/25 01:00:00,28.295,,,,,
8902,07/12/25 01:15:00,28.320,,,,,
8903,07/12/25 01:30:00,28.295,,,,,
8904,07/12/25 01:45:00,28.320,,,,,
8905,07/12/25 02:00:00,28.345,,,,,
8906,07/12/25 02:15:00,28.345,,,,,
8907,07/12/25 02:30:00,28.369,,,,,
8908,07/12/25 02:45:00,28.369,,,,,
8909,07/12/25 03:00:00,28.369,,,,,
8910,07/12/25 03:15:00,28.270,,,,,
8911,07/12/25 03:30:00,28.245,,,,,
8912,07/12/25 03:45:00,28.245,,,,,
8913,07/12/25 04:00:00,28.245,,,,,
8914,07/12/25 04:15:00,28.320,,,,,
8915,07/12/25 04:30:00,28.320,,,,,
8916,07/12/25 04:45:00,28.295,,,,,
8917,07/12/25 05:00:00,28.270,,,,,
8918,07/12/25 05:15:00,28.295,,,,,
8919,07/12/25 05:30:00,28.320,,,,,
8920,07/12/25 05:45:00,28.320,,,,,
8921,07/12/25 06:00:00,28.320,,,,,
8922,07/12/25 06:15:00,28.320,,,,,
8923,07/12/25 06:30:00,28.345,,,,,
8924,07/12/25 06:45:00,28.345,,,,,
8925,07/12/25 07:00:00,28.345,,,,,
8926,07/12/25 07:15:00,28.345,,,,,
8927,07/12/25 07:30:00,28.369,,,,,
8928,07/12/25 07:45:00,28.345,,,,,
8929,07/12/25 08:00:00,28.345,,,,,
8930,07/12/25 08:15:00,28.320,,,,,
8931,07/12/25 08:30:00,28.320,,,,,
8932,07/12/25 08:45:00,28.320,,,,,
8933,07/12/25 09:00:00,28.320,,,,,
8934,07/12/25 09:15:00,28.320,,,,,
8935,07/12/25 09:30:00,28.320,,,,,
8936,07/12/25 09:45:00,28.320,,,,,
8937,07/12/25 10:00:00,28.320,,,,,
8938,07/12/25 10:15:00,28.320,,,,,
8939,07/12/25 10:30:00,28.320,,,,,
8940,07/12/25 10:45:00,28.320,,,,,
8941,07/12/25 11:00:00,28.320,,,,,
8942,07/12/25 11:15:00,28.245,,,,,
8943,07/12/25 11:30:00,28.270,,,,,
8944,07/12/25 11:45:00,28.320,,,,,
8945,07/12/25 12:00:00,28.270,,,,,
8946,07/12/25 12:15:00,28.295,,,,,
8947,07/12/25 12:30:00,28.270,,,,,
8948,07/12/25 12:45:00,28.245,,,,,
8949,07/12/25 13:00:00,28.122,,,,,
8950,07/12/25 13:15:00,28.122,,,,,
8951,07/12/25 13:30:00,28.147,,,,,
8952,07/12/25 13:45:00,28.147,,,,,
8953,07/12/25 14:00:00,28.171,,,,,
8954,07/12/25 14:15:00,28.295,,,,,
8955,07/12/25 14:30:00,28.320,,,,,
8956,07/12/25 14:45:00,28.345,,,,,
8957,07/12/25 15:00:00,28.369,,,,,
8958,07/12/25 15:15:00,28.444,,,,,
8959,07/12/25 15:30:00,28.444,,,,,
8960,07/12/25 15:45:00,28.419,,,,,
8961,07/12/25 16:00:00,28.444,,,,,
8962,07/12/25 16:15:00,28.444,,,,,
8963,07/12/25 16:30:00,28.468,,,,,
8964,07/12/25 16:45:00,28.468,,,,,
8965,07/12/25 17:00:00,28.468,,,,,
8966,07/12/25 17:15:00,28.493,,,,,
8967,07/12/25 17:30:00,28.493,,,,,
8968,07/12/25 17:45:00,28.518,,,,,
8969,07/12/25 18:00:00,28.568,,,,,
8970,07/12/25 18:15:00,28.593,,,,,
8971,07/12/25 18:30:00,28.692,,,,,
8972,07/12/25 18:45:00,28.742,,,,,
8973,07/12/25 19:00:00,28.766,,,,,
8974,07/12/25 19:15:00,28.791,,,,,
8975,07/12/25 19:30:00,28.841,,,,,
8976,07/12/25 19:45:00,28.742,,,,,
8977,07/12/25 20:00:00,28.543,,,,,
8978,07/12/25 20:15:00,28.568,,,,,
8979,07/12/25 20:30:00,28.369,,,,,
8980,07/12/25 20:45:00,28.369,,,,,
8981,07/12/25 21:00:00,28.369,,,,,
8982,07/12/25 21:15:00,28.245,,,,,
8983,07/12/25 21:30:00,28.295,,,,,
8984,07/12/25 21:45:00,28.295,,,,,
8985,07/12/25 22:00:00,28.270,,,,,
8986,07/12/25 22:15:00,28.419,,,,,
8987,07/12/25 22:30:00,28.468,,,,,
8988,07/12/25 22:45:00,28.394,,,,,
8989,07/12/25 23:00:00,28.444,,,,,
8990,07/12/25 23:15:00,28.419,,,,,
8991,07/12/25 23:30:00,28.394,,,,,
8992,07/12/25 23:45:00,28.394,,,,,
8993,07/13/25 00:00:00,28.419,,,,,
8994,07/13/25 00:15:00,28.394,,,,,
8995,07/13/25 00:30:00,28.419,,,,,
8996,07/13/25 00:45:00,28.468,,,,,
8997,07/13/25 01:00:00,28.493,,,,,
8998,07/13/25 01:15:00,28.518,,,,,
8999,07/13/25 01:30:00,28.543,,,,,
9000,07/13/25 01:45:00,28.543,,,,,
9001,07/13/25 02:00:00,28.543,,,,,
9002,07/13/25 02:15:00,28.543,,,,,
9003,07/13/25 02:30:00,28.518,,,,,
9004,07/13/25 02:45:00,28.518,,,,,
9005,07/13/25 03:00:00,28.518,,,,,
9006,07/13/25 03:15:00,28.568,,,,,
9007,07/13/25 03:30:00,28.543,,,,,
9008,07/13/25 03:45:00,28.518,,,,,
9009,07/13/25 04:00:00,28.468,,,,,
9010,07/13/25 04:15:00,28.444,,,,,
9011,07/13/25 04:30:00,28.493,,,,,
9012,07/13/25 04:45:00,28.493,,,,,
9013,07/13/25 05:00:00,28.543,,,,,
9014,07/13/25 05:15:00,28.493,,,,,
9015,07/13/25 05:30:00,28.468,,,,,
9016,07/13/25 05:45:00,28.493,,,,,
9017,07/13/25 06:00:00,28.518,,,,,
9018,07/13/25 06:15:00,28.493,,,,,
9019,07/13/25 06:30:00,28.493,,,,,
9020,07/13/25 06:45:00,28.518,,,,,
9021,07/13/25 07:00:00,28.493,,,,,
9022,07/13/25 07:15:00,28.543,,,,,
9023,07/13/25 07:30:00,28.320,,,,,
9024,07/13/25 07:45:00,28.320,,,,,
9025,07/13/25 08:00:00,28.295,,,,,
9026,07/13/25 08:15:00,28.270,,,,,
9027,07/13/25 08:30:00,28.245,,,,,
9028,07/13/25 08:45:00,28.270,,,,,
9029,07/13/25 09:00:00,28.245,,,,,
9030,07/13/25 09:15:00,28.196,,,,,
9031,07/13/25 09:30:00,28.147,,,,,
9032,07/13/25 09:45:00,27.949,,,,,
9033,07/13/25 10:00:00,28.171,,,,,
9034,07/13/25 10:15:00,27.727,,,,,
9035,07/13/25 10:30:00,27.653,,,,,
9036,07/13/25 10:45:00,27.358,,,,,
9037,07/13/25 11:00:00,27.259,,,,,
9038,07/13/25 11:15:00,27.456,,,,,
9039,07/13/25 11:30:00,27.333,,,,,
9040,07/13/25 11:45:00,27.825,,,,,
9041,07/13/25 12:00:00,28.171,,,,,
9042,07/13/25 12:15:00,28.147,,,,,
9043,07/13/25 12:30:00,28.171,,,,,
9044,07/13/25 12:45:00,28.295,,,,,
9045,07/13/25 13:00:00,28.270,,,,,
9046,07/13/25 13:15:00,28.270,,,,,
9047,07/13/25 13:30:00,28.295,,,,,
9048,07/13/25 13:45:00,28.221,,,,,
9049,07/13/25 14:00:00,28.245,,,,,
9050,07/13/25 14:15:00,28.270,,,,,
9051,07/13/25 14:30:00,28.270,,,,,
9052,07/13/25 14:45:00,28.221,,,,,
9053,07/13/25 15:00:00,28.245,,,,,
9054,07/13/25 15:15:00,28.171,,,,,
9055,07/13/25 15:30:00,28.245,,,,,
9056,07/13/25 15:45:00,28.245,,,,,
9057,07/13/25 16:00:00,28.245,,,,,
9058,07/13/25 16:15:00,28.245,,,,,
9059,07/13/25 16:30:00,28.295,,,,,
9060,07/13/25 16:45:00,28.295,,,,,
9061,07/13/25 17:00:00,28.320,,,,,
9062,07/13/25 17:15:00,28.394,,,,,
9063,07/13/25 17:30:00,28.468,,,,,
9064,07/13/25 17:45:00,28.493,,,,,
9065,07/13/25 18:00:00,28.543,,,,,
9066,07/13/25 18:15:00,28.468,,,,,
9067,07/13/25 18:30:00,28.518,,,,,
9068,07/13/25 18:45:00,28.543,,,,,
9069,07/13/25 19:00:00,28.543,,,,,
9070,07/13/25 19:15:00,28.543,,,,,
9071,07/13/25 19:30:00,28.543,,,,,
9072,07/13/25 19:45:00,28.394,,,,,
9073,07/13/25 20:00:00,28.394,,,,,
9074,07/13/25 20:15:00,28.345,,,,,
9075,07/13/25 20:30:00,28.295,,,,,
9076,07/13/25 20:45:00,28.295,,,,,
9077,07/13/25 21:00:00,28.171,,,,,
9078,07/13/25 21:15:00,28.196,,,,,
9079,07/13/25 21:30:00,28.245,,,,,
9080,07/13/25 21:45:00,28.196,,,,,
9081,07/13/25 22:00:00,28.122,,,,,
9082,07/13/25 22:15:00,28.048,,,,,
9083,07/13/25 22:30:00,28.023,,,,,
9084,07/13/25 22:45:00,27.974,,,,,
9085,07/13/25 23:00:00,28.048,,,,,
9086,07/13/25 23:15:00,28.023,,,,,
9087,07/13/25 23:30:00,28.023,,,,,
9088,07/13/25 23:45:00,28.048,,,,,
9089,07/14/25 00:00:00,28.097,,,,,
9090,07/14/25 00:15:00,27.974,,,,,
9091,07/14/25 00:30:00,27.924,,,,,
9092,07/14/25 00:45:00,27.974,,,,,
9093,07/14/25 01:00:00,27.998,,,,,
9094,07/14/25 01:15:00,28.048,,,,,
9095,07/14/25 01:30:00,28.048,,,,,
9096,07/14/25 01:45:00,28.097,,,,,
9097,07/14/25 02:00:00,28.072,,,,,
9098,07/14/25 02:15:00,28.097,,,,,
9099,07/14/25 02:30:00,28.171,,,,,
9100,07/14/25 02:45:00,28.221,,,,,
9101,07/14/25 03:00:00,28.245,,,,,
9102,07/14/25 03:15:00,28.245,,,,,
9103,07/14/25 03:30:00,28.295,,,,,
9104,07/14/25 03:45:00,28.295,,,,,
9105,07/14/25 04:00:00,28.419,,,,,
9106,07/14/25 04:15:00,28.295,,,,,
9107,07/14/25 04:30:00,28.245,,,,,
9108,07/14/25 04:45:00,27.850,,,,,
9109,07/14/25 05:00:00,27.801,,,,,
9110,07/14/25 05:15:00,28.097,,,,,
9111,07/14/25 05:30:00,28.270,,,,,
9112,07/14/25 05:45:00,28.295,,,,,
9113,07/14/25 06:00:00,28.295,,,,,
9114,07/14/25 06:15:00,28.295,,,,,
9115,07/14/25 06:30:00,28.196,,,,,
9116,07/14/25 06:45:00,28.270,,,,,
9117,07/14/25 07:00:00,28.320,,,,,
9118,07/14/25 07:15:00,28.295,,,,,
9119,07/14/25 07:30:00,28.369,,,,,
9120,07/14/25 07:45:00,28.394,,,,,
9121,07/14/25 08:00:00,28.369,,,,,
9122,07/14/25 08:15:00,28.369,,,,,
9123,07/14/25 08:30:00,28.295,,,,,
9124,07/14/25 08:45:00,28.245,,,,,
9125,07/14/25 09:00:00,28.320,,,,,
9126,07/14/25 09:15:00,28.369,,,,,
9127,07/14/25 09:30:00,28.369,,,,,
9128,07/14/25 09:45:00,28.295,,,,,
9129,07/14/25 10:00:00,28.245,,,,,
9130,07/14/25 10:15:00,28.245,,,,,
9131,07/14/25 10:30:00,28.147,,,,,
9132,07/14/25 10:45:00,27.776,,,,,
9133,07/14/25 11:00:00,27.554,,,,,
9134,07/14/25 11:15:00,27.801,,,,,
9135,07/14/25 11:30:00,27.751,,,,,
9136,07/14/25 11:45:00,27.702,,,,,
9137,07/14/25 12:00:00,27.505,,,,,
9138,07/14/25 12:15:00,27.481,,,,,
9139,07/14/25 12:30:00,27.850,,,,,
9140,07/14/25 12:45:00,27.628,,,,,
9141,07/14/25 13:00:00,27.358,,,,,
9142,07/14/25 13:15:00,27.136,,,,,
9143,07/14/25 13:30:00,27.112,,,,,
9144,07/14/25 13:45:00,27.063,,,,,
9145,07/14/25 14:00:00,27.063,,,,,
9146,07/14/25 14:15:00,27.186,,,,,
9147,07/14/25 14:30:00,27.186,,,,,
9148,07/14/25 14:45:00,27.038,,,,,
9149,07/14/25 15:00:00,27.038,,,,,
9150,07/14/25 15:15:00,27.038,,,,,
9151,07/14/25 15:30:00,27.063,,,,,
9152,07/14/25 15:45:00,27.087,,,,,
9153,07/14/25 16:00:00,27.087,,,,,
9154,07/14/25 16:15:00,27.112,,,,,
9155,07/14/25 16:30:00,27.087,,,,,
9156,07/14/25 16:45:00,27.358,,,,,
9157,07/14/25 17:00:00,27.407,,,,,
9158,07/14/25 17:15:00,27.530,,,,,
9159,07/14/25 17:30:00,27.382,,,,,
9160,07/14/25 17:45:00,27.382,,,,,
9161,07/14/25 18:00:00,27.456,,,,,
9162,07/14/25 18:15:00,27.554,,,,,
9163,07/14/25 18:30:00,27.456,,,,,
9164,07/14/25 18:45:00,27.358,,,,,
9165,07/14/25 19:00:00,27.333,,,,,
9166,07/14/25 19:15:00,27.456,,,,,
9167,07/14/25 19:30:00,27.554,,,,,
9168,07/14/25 19:45:00,27.554,,,,,
9169,07/14/25 20:00:00,27.579,,,,,
9170,07/14/25 20:15:00,27.949,,,,,
9171,07/14/25 20:30:00,28.320,,,,,
9172,07/14/25 20:45:00,28.171,,,,,
9173,07/14/25 21:00:00,28.245,,,,,
9174,07/14/25 21:15:00,28.270,,,,,
9175,07/14/25 21:30:00,28.320,,,,,
9176,07/14/25 21:45:00,28.097,,,,,
9177,07/14/25 22:00:00,27.875,,,,,
9178,07/14/25 22:15:00,27.899,,,,,
9179,07/14/25 22:30:00,27.924,,,,,
9180,07/14/25 22:45:00,28.122,,,,,
9181,07/14/25 23:00:00,27.949,,,,,
9182,07/14/25 23:15:00,27.949,,,,,
9183,07/14/25 23:30:00,27.801,,,,,
9184,07/14/25 23:45:00,27.801,,,,,
9185,07/15/25 00:00:00,27.825,,,,,
9186,07/15/25 00:15:00,27.653,,,,,
9187,07/15/25 00:30:00,27.702,,,,,
9188,07/15/25 00:45:00,27.677,,,,,
9189,07/15/25 01:00:00,27.751,,,,,
9190,07/15/25 01:15:00,27.727,,,,,
9191,07/15/25 01:30:00,27.456,,,,,
9192,07/15/25 01:45:00,27.481,,,,,
9193,07/15/25 02:00:00,27.456,,,,,
9194,07/15/25 02:15:00,27.382,,,,,
9195,07/15/25 02:30:00,27.431,,,,,
9196,07/15/25 02:45:00,27.456,,,,,
9197,07/15/25 03:00:00,27.481,,,,,
9198,07/15/25 03:15:00,27.505,,,,,
9199,07/15/25 03:30:00,27.530,,,,,
9200,07/15/25 03:45:00,27.554,,,,,
9201,07/15/25 04:00:00,27.382,,,,,
9202,07/15/25 04:15:00,27.530,,,,,
9203,07/15/25 04:30:00,27.579,,,,,
9204,07/15/25 04:45:00,27.628,,,,,
9205,07/15/25 05:00:00,28.147,,,,,
9206,07/15/25 05:15:00,28.295,,,,,
9207,07/15/25 05:30:00,28.245,,,,,
9208,07/15/25 05:45:00,28.369,,,,,
9209,07/15/25 06:00:00,28.419,,,,,
9210,07/15/25 06:15:00,28.468,,,,,
9211,07/15/25 06:30:00,28.518,,,,,
9212,07/15/25 06:45:00,28.543,,,,,
9213,07/15/25 07:00:00,28.394,,,,,
9214,07/15/25 07:15:00,28.320,,,,,
9215,07/15/25 07:30:00,28.270,,,,,
9216,07/15/25 07:45:00,28.171,,,,,
9217,07/15/25 08:00:00,28.048,,,,,
9218,07/15/25 08:15:00,27.974,,,,,
9219,07/15/25 08:30:00,28.196,,,,,
9220,07/15/25 08:45:00,28.270,,,,,
9221,07/15/25 09:00:00,28.493,,,,,
9222,07/15/25 09:15:00,28.518,,,,,
9223,07/15/25 09:30:00,28.518,,,,,
9224,07/15/25 09:45:00,28.419,,,,,
9225,07/15/25 10:00:00,28.295,,,,,
9226,07/15/25 10:15:00,28.270,,,,,
9227,07/15/25 10:30:00,28.072,,,,,
9228,07/15/25 10:45:00,28.270,,,,,
9229,07/15/25 11:00:00,28.221,,,,,
9230,07/15/25 11:15:00,28.345,,,,,
9231,07/15/25 11:30:00,28.196,,,,,
9232,07/15/25 11:45:00,27.481,,,,,
9233,07/15/25 12:00:00,27.358,,,,,
9234,07/15/25 12:15:00,28.122,,,,,
9235,07/15/25 12:30:00,27.751,,,,,
9236,07/15/25 12:45:00,27.554,,,,,
9237,07/15/25 13:00:00,27.850,,,,,
9238,07/15/25 13:15:00,28.048,,,,,
9239,07/15/25 13:30:00,28.171,,,,,
9240,07/15/25 13:45:00,28.171,,,,,
9241,07/15/25 14:00:00,28.122,,,,,
9242,07/15/25 14:15:00,27.998,,,,,
9243,07/15/25 14:30:00,27.825,,,,,
9244,07/15/25 14:45:00,27.875,,,,,
9245,07/15/25 15:00:00,27.653,,,,,
9246,07/15/25 15:15:00,27.407,,,,,
9247,07/15/25 15:30:00,27.284,,,,,
9248,07/15/25 15:45:00,27.358,,,,,
9249,07/15/25 16:00:00,27.284,,,,,
9250,07/15/25 16:15:00,27.186,,,,,
9251,07/15/25 16:30:00,27.210,,,,,
9252,07/15/25 16:45:00,27.308,,,,,
9253,07/15/25 17:00:00,27.382,,,,,
9254,07/15/25 17:15:00,27.505,,,,,
9255,07/15/25 17:30:00,27.505,,,,,
9256,07/15/25 17:45:00,27.653,,,,,
9257,07/15/25 18:00:00,27.628,,,,,
9258,07/15/25 18:15:00,27.481,,,,,
9259,07/15/25 18:30:00,27.850,,,,,
9260,07/15/25 18:45:00,28.097,,,,,
9261,07/15/25 19:00:00,28.369,,,,,
9262,07/15/25 19:15:00,28.543,,,,,
9263,07/15/25 19:30:00,28.122,,,,,
9264,07/15/25 19:45:00,28.196,,,,,
9265,07/15/25 20:00:00,28.221,,,,,
9266,07/15/25 20:15:00,28.122,,,,,
9267,07/15/25 20:30:00,28.270,,,,,
9268,07/15/25 20:45:00,28.122,,,,,
9269,07/15/25 21:00:00,28.171,,,,,
9270,07/15/25 21:15:00,27.875,,,,,
9271,07/15/25 21:30:00,27.677,,,,,
9272,07/15/25 21:45:00,27.604,,,,,
9273,07/15/25 22:00:00,27.776,,,,,
9274,07/15/25 22:15:00,27.899,,,,,
9275,07/15/25 22:30:00,27.998,,,,,
9276,07/15/25 22:45:00,28.097,,,,,
9277,07/15/25 23:00:00,28.196,,,,,
9278,07/15/25 23:15:00,28.245,,,,,
9279,07/15/25 23:30:00,28.270,,,,,
9280,07/15/25 23:45:00,27.825,,,,,
9281,07/16/25 00:00:00,27.677,,,,,
9282,07/16/25 00:15:00,27.628,,,,,
9283,07/16/25 00:30:00,27.727,,,,,
9284,07/16/25 00:45:00,27.702,,,,,
9285,07/16/25 01:00:00,27.677,,,,,
9286,07/16/25 01:15:00,27.554,,,,,
9287,07/16/25 01:30:00,27.505,,,,,
9288,07/16/25 01:45:00,27.456,,,,,
9289,07/16/25 02:00:00,27.456,,,,,
9290,07/16/25 02:15:00,27.456,,,,,
9291,07/16/25 02:30:00,27.235,,,,,
9292,07/16/25 02:45:00,27.284,,,,,
9293,07/16/25 03:00:00,27.210,,,,,
9294,07/16/25 03:15:00,27.210,,,,,
9295,07/16/25 03:30:00,27.136,,,,,
9296,07/16/25 03:45:00,27.136,,,,,
9297,07/16/25 04:00:00,27.382,,,,,
9298,07/16/25 04:15:00,27.456,,,,,
9299,07/16/25 04:30:00,27.382,,,,,
9300,07/16/25 04:45:00,27.481,,,,,
9301,07/16/25 05:00:00,27.554,,,,,
9302,07/16/25 05:15:00,27.579,,,,,
9303,07/16/25 05:30:00,27.604,,,,,
9304,07/16/25 05:45:00,27.628,,,,,
9305,07/16/25 06:00:00,27.653,,,,,
9306,07/16/25 06:15:00,27.801,,,,,
9307,07/16/25 06:30:00,27.677,,,,,
9308,07/16/25 06:45:00,27.677,,,,,
9309,07/16/25 07:00:00,27.677,,,,,
9310,07/16/25 07:15:00,27.850,,,,,
9311,07/16/25 07:30:00,27.924,,,,,
9312,07/16/25 07:45:00,27.998,,,,,
9313,07/16/25 08:00:00,28.023,,,,,
9314,07/16/25 08:15:00,28.097,,,,,
9315,07/16/25 08:30:00,28.122,,,,,
9316,07/16/25 08:45:00,28.072,,,,,
9317,07/16/25 09:00:00,27.924,,,,,
9318,07/16/25 09:15:00,27.899,,,,,
9319,07/16/25 09:30:00,27.825,,,,,
9320,07/16/25 09:45:00,27.825,,,,,
9321,07/16/25 10:00:00,27.776,,,,,
9322,07/16/25 10:15:00,27.850,,,,,
9323,07/16/25 10:30:00,28.245,,,,,
9324,07/16/25 10:45:00,28.023,,,,,
9325,07/16/25 11:00:00,28.320,,,,,
9326,07/16/25 11:15:00,28.023,,,,,
9327,07/16/25 11:30:00,27.924,,,,,
9328,07/16/25 11:45:00,28.072,,,,,
9329,07/16/25 12:00:00,27.875,,,,,
9330,07/16/25 12:15:00,27.924,,,,,
9331,07/16/25 12:30:00,27.924,,,,,
9332,07/16/25 12:45:00,27.924,,,,,
9333,07/16/25 13:00:00,27.998,,,,,
9334,07/16/25 13:15:00,27.899,,,,,
9335,07/16/25 13:30:00,27.899,,,,,
9336,07/16/25 13:45:00,27.974,,,,,
9337,07/16/25 14:00:00,28.245,,,,,
9338,07/16/25 14:15:00,28.171,,,,,
9339,07/16/25 14:30:00,28.072,,,,,
9340,07/16/25 14:45:00,28.048,,,,,
9341,07/16/25 15:00:00,27.998,,,,,
9342,07/16/25 15:15:00,27.998,,,,,
9343,07/16/25 15:30:00,27.924,,,,,
9344,07/16/25 15:45:00,27.974,,,,,
9345,07/16/25 16:00:00,27.825,,,,,
9346,07/16/25 16:15:00,27.333,,,,,
9347,07/16/25 16:30:00,27.259,,,,,
9348,07/16/25 16:45:00,27.284,,,,,
9349,07/16/25 17:00:00,27.284,,,,,
9350,07/16/25 17:15:00,27.333,,,,,
9351,07/16/25 17:30:00,27.333,,,,,
9352,07/16/25 17:45:00,27.456,,,,,
9353,07/16/25 18:00:00,27.653,,,,,
9354,07/16/25 18:15:00,27.875,,,,,
9355,07/16/25 18:30:00,28.196,,,,,
9356,07/16/25 18:45:00,28.369,,,,,
9357,07/16/25 19:00:00,28.320,,,,,
9358,07/16/25 19:15:00,28.345,,,,,
9359,07/16/25 19:30:00,28.320,,,,,
9360,07/16/25 19:45:00,28.345,,,,,
9361,07/16/25 20:00:00,28.369,,,,,
9362,07/16/25 20:15:00,28.394,,,,,
9363,07/16/25 20:30:00,28.394,,,,,
9364,07/16/25 20:45:00,28.394,,,,,
9365,07/16/25 21:00:00,28.394,,,,,
9366,07/16/25 21:15:00,28.369,,,,,
9367,07/16/25 21:30:00,28.147,,,,,
9368,07/16/25 21:45:00,28.245,,,,,
9369,07/16/25 22:00:00,28.097,,,,,
9370,07/16/25 22:15:00,28.048,,,,,
9371,07/16/25 22:30:00,28.345,,,,,
9372,07/16/25 22:45:00,28.493,,,,,
9373,07/16/25 23:00:00,28.444,,,,,
9374,07/16/25 23:15:00,27.949,,,,,
9375,07/16/25 23:30:00,27.850,,,,,
9376,07/16/25 23:45:00,27.850,,,,,
9377,07/17/25 00:00:00,27.801,,,,,
9378,07/17/25 00:15:00,27.776,,,,,
9379,07/17/25 00:30:00,27.825,,,,,
9380,07/17/25 00:45:00,27.825,,,,,
9381,07/17/25 01:00:00,27.801,,,,,
9382,07/17/25 01:15:00,27.949,,,,,
9383,07/17/25 01:30:00,28.295,,,,,
9384,07/17/25 01:45:00,28.270,,,,,
9385,07/17/25 02:00:00,27.825,,,,,
9386,07/17/25 02:15:00,27.653,,,,,
9387,07/17/25 02:30:00,27.604,,,,,
9388,07/17/25 02:45:00,27.751,,,,,
9389,07/17/25 03:00:00,27.727,,,,,
9390,07/17/25 03:15:00,27.604,,,,,
9391,07/17/25 03:30:00,27.358,,,,,
9392,07/17/25 03:45:00,27.407,,,,,
9393,07/17/25 04:00:00,27.259,,,,,
9394,07/17/25 04:15:00,27.333,,,,,
9395,07/17/25 04:30:00,27.382,,,,,
9396,07/17/25 04:45:00,27.382,,,,,
9397,07/17/25 05:00:00,27.284,,,,,
9398,07/17/25 05:15:00,27.284,,,,,
9399,07/17/25 05:30:00,27.259,,,,,
9400,07/17/25 05:45:00,27.505,,,,,
9401,07/17/25 06:00:00,27.481,,,,,
9402,07/17/25 06:15:00,27.505,,,,,
9403,07/17/25 06:30:00,27.628,,,,,
9404,07/17/25 06:45:00,28.444,,,,,
9405,07/17/25 07:00:00,28.568,,,,,
9406,07/17/25 07:15:00,28.667,,,,,
9407,07/17/25 07:30:00,28.742,,,,,
9408,07/17/25 07:45:00,28.766,,,,,
9409,07/17/25 08:00:00,28.692,,,,,
9410,07/17/25 08:15:00,28.642,,,,,
9411,07/17/25 08:30:00,28.419,,,,,
9412,07/17/25 08:45:00,27.825,,,,,
9413,07/17/25 09:00:00,27.751,,,,,
9414,07/17/25 09:15:00,27.702,,,,,
9415,07/17/25 09:30:00,27.825,,,,,
9416,07/17/25 09:45:00,27.974,,,,,
9417,07/17/25 10:00:00,28.048,,,,,
9418,07/17/25 10:15:00,28.097,,,,,
9419,07/17/25 10:30:00,28.097,,,,,
9420,07/17/25 10:45:00,28.245,,,,,
9421,07/17/25 11:00:00,28.320,,,,,
9422,07/17/25 11:15:00,28.369,,,,,
9423,07/17/25 11:30:00,28.468,,,,,
9424,07/17/25 11:45:00,28.543,,,,,
9425,07/17/25 12:00:00,28.023,,,,,
9426,07/17/25 12:15:00,27.899,,,,,
9427,07/17/25 12:30:00,28.023,,,,,
9428,07/17/25 12:45:00,28.345,,,,,
9429,07/17/25 13:00:00,28.419,,,,,
9430,07/17/25 13:15:00,28.543,,,,,
9431,07/17/25 13:30:00,28.171,,,,,
9432,07/17/25 13:45:00,28.295,,,,,
9433,07/17/25 14:00:00,28.245,,,,,
9434,07/17/25 14:15:00,28.419,,,,,
9435,07/17/25 14:30:00,28.345,,,,,
9436,07/17/25 14:45:00,28.245,,,,,
9437,07/17/25 15:00:00,28.245,,,,,
9438,07/17/25 15:15:00,28.270,,,,,
9439,07/17/25 15:30:00,28.345,,,,,
9440,07/17/25 15:45:00,28.394,,,,,
9441,07/17/25 16:00:00,28.419,,,,,
9442,07/17/25 16:15:00,28.221,,,,,
9443,07/17/25 16:30:00,27.974,,,,,
9444,07/17/25 16:45:00,27.677,,,,,
9445,07/17/25 17:00:00,27.677,,,,,
9446,07/17/25 17:15:00,27.505,,,,,
9447,07/17/25 17:30:00,27.653,,,,,
9448,07/17/25 17:45:00,27.653,,,,,
9449,07/17/25 18:00:00,27.677,,,,,
9450,07/17/25 18:15:00,27.801,,,,,
9451,07/17/25 18:30:00,27.850,,,,,
9452,07/17/25 18:45:00,28.171,,,,,
9453,07/17/25 19:00:00,28.543,,,,,
9454,07/17/25 19:15:00,28.667,,,,,
9455,07/17/25 19:30:00,28.692,,,,,
9456,07/17/25 19:45:00,28.717,,,,,
9457,07/17/25 20:00:00,28.742,,,,,
9458,07/17/25 20:15:00,28.766,,,,,
9459,07/17/25 20:30:00,28.791,,,,,
9460,07/17/25 20:45:00,28.816,,,,,
9461,07/17/25 21:00:00,28.891,,,,,
9462,07/17/25 21:15:00,29.090,,,,,
9463,07/17/25 21:30:00,29.090,,,,,
9464,07/17/25 21:45:00,29.040,,,,,
9465,07/17/25 22:00:00,29.090,,,,,
9466,07/17/25 22:15:00,29.015,,,,,
9467,07/17/25 22:30:00,28.692,,,,,
9468,07/17/25 22:45:00,28.841,,,,,
9469,07/17/25 23:00:00,28.742,,,,,
9470,07/17/25 23:15:00,28.717,,,,,
9471,07/17/25 23:30:00,28.617,,,,,
9472,07/17/25 23:45:00,28.493,,,,,
9473,07/18/25 00:00:00,28.468,,,,,
9474,07/18/25 00:15:00,28.295,,,,,
9475,07/18/25 00:30:00,28.295,,,,,
9476,07/18/25 00:45:00,28.345,,,,,
9477,07/18/25 01:00:00,28.295,,,,,
9478,07/18/25 01:15:00,28.221,,,,,
9479,07/18/25 01:30:00,28.221,,,,,
9480,07/18/25 01:45:00,28.221,,,,,
9481,07/18/25 02:00:00,28.245,,,,,
9482,07/18/25 02:15:00,28.171,,,,,
9483,07/18/25 02:30:00,28.320,,,,,
9484,07/18/25 02:45:00,28.171,,,,,
9485,07/18/25 03:00:00,28.717,,,,,
9486,07/18/25 03:15:00,28.816,,,,,
9487,07/18/25 03:30:00,28.841,,,,,
9488,07/18/25 03:45:00,28.717,,,,,
9489,07/18/25 04:00:00,28.543,,,,,
9490,07/18/25 04:15:00,28.717,,,,,
9491,07/18/25 04:30:00,28.196,,,,,
9492,07/18/25 04:45:00,28.568,,,,,
9493,07/18/25 05:00:00,28.221,,,,,
9494,07/18/25 05:15:00,28.048,,,,,
9495,07/18/25 05:30:00,28.221,,,,,
9496,07/18/25 05:45:00,28.568,,,,,
9497,07/18/25 06:00:00,27.949,,,,,
9498,07/18/25 06:15:00,27.875,,,,,
9499,07/18/25 06:30:00,28.147,,,,,
9500,07/18/25 06:45:00,28.023,,,,,
9501,07/18/25 07:00:00,28.097,,,,,
9502,07/18/25 07:15:00,28.122,,,,,
9503,07/18/25 07:30:00,28.468,,,,,
9504,07/18/25 07:45:00,28.419,,,,,
9505,07/18/25 08:00:00,28.518,,,,,
9506,07/18/25 08:15:00,28.568,,,,,
9507,07/18/25 08:30:00,28.097,,,,,
9508,07/18/25 08:45:00,28.023,,,,,
9509,07/18/25 09:00:00,27.949,,,,,
9510,07/18/25 09:15:00,27.924,,,,,
9511,07/18/25 09:30:00,27.850,,,,,
9512,07/18/25 09:45:00,27.776,,,,,
9513,07/18/25 10:00:00,27.850,,,,,
9514,07/18/25 10:15:00,28.023,,,,,
9515,07/18/25 10:30:00,28.147,,,,,
9516,07/18/25 10:45:00,28.221,,,,,
9517,07/18/25 11:00:00,28.394,,,,,
9518,07/18/25 11:15:00,28.369,,,,,
9519,07/18/25 11:30:00,28.419,,,,,
9520,07/18/25 11:45:00,28.369,,,,,
9521,07/18/25 12:00:00,28.221,,,,,
9522,07/18/25 12:15:00,28.122,,,,,
9523,07/18/25 12:30:00,27.974,,,,,
9524,07/18/25 12:45:00,28.023,,,,,
9525,07/18/25 13:00:00,28.097,,,,,
9526,07/18/25 13:15:00,28.171,,,,,
9527,07/18/25 13:30:00,28.221,,,,,
9528,07/18/25 13:45:00,28.171,,,,,
9529,07/18/25 14:00:00,28.048,,,,,
9530,07/18/25 14:15:00,28.048,,,,,
9531,07/18/25 14:30:00,28.023,,,,,
9532,07/18/25 14:45:00,28.048,,,,,
9533,07/18/25 15:00:00,28.072,,,,,
9534,07/18/25 15:15:00,28.072,,,,,
9535,07/18/25 15:30:00,28.072,,,,,
9536,07/18/25 15:45:00,28.048,,,,,
9537,07/18/25 16:00:00,28.048,,,,,
9538,07/18/25 16:15:00,28.048,,,,,
9539,07/18/25 16:30:00,27.974,,,,,
9540,07/18/25 16:45:00,27.949,,,,,
9541,07/18/25 17:00:00,27.974,,,,,
9542,07/18/25 17:15:00,27.998,,,,,
9543,07/18/25 17:30:00,27.628,,,,,
9544,07/18/25 17:45:00,27.505,,,,,
9545,07/18/25 18:00:00,27.530,,,,,
9546,07/18/25 18:15:00,27.530,,,,,
9547,07/18/25 18:30:00,27.530,,,,,
9548,07/18/25 18:45:00,27.554,,,,,
9549,07/18/25 19:00:00,27.727,,,,,
9550,07/18/25 19:15:00,27.875,,,,,
9551,07/18/25 19:30:00,27.825,,,,,
9552,07/18/25 19:45:00,27.875,,,,,
9553,07/18/25 20:00:00,28.593,,,,,
9554,07/18/25 20:15:00,28.692,,,,,
9555,07/18/25 20:30:00,28.717,,,,,
9556,07/18/25 20:45:00,28.742,,,,,
9557,07/18/25 21:00:00,28.766,,,,,
9558,07/18/25 21:15:00,28.791,,,,,
9559,07/18/25 21:30:00,28.816,,,,,
9560,07/18/25 21:45:00,28.816,,,,,
9561,07/18/25 22:00:00,28.841,,,,,
9562,07/18/25 22:15:00,28.841,,,,,
9563,07/18/25 22:30:00,28.866,,,,,
9564,07/18/25 22:45:00,28.866,,,,,
9565,07/18/25 23:00:00,28.717,,,,,
9566,07/18/25 23:15:00,28.221,,,,,
9567,07/18/25 23:30:00,28.295,,,,,
9568,07/18/25 23:45:00,28.468,,,,,
9569,07/19/25 00:00:00,28.518,,,,,
9570,07/19/25 00:15:00,28.568,,,,,
9571,07/19/25 00:30:00,28.642,,,,,
9572,07/19/25 00:45:00,28.692,,,,,
9573,07/19/25 01:00:00,28.692,,,,,
9574,07/19/25 01:15:00,28.692,,,,,
9575,07/19/25 01:30:00,28.642,,,,,
9576,07/19/25 01:45:00,28.617,,,,,
9577,07/19/25 02:00:00,28.518,,,,,
9578,07/19/25 02:15:00,28.742,,,,,
9579,07/19/25 02:30:00,28.841,,,,,
9580,07/19/25 02:45:00,28.766,,,,,
9581,07/19/25 03:00:00,28.916,,,,,
9582,07/19/25 03:15:00,28.916,,,,,
9583,07/19/25 03:30:00,28.866,,,,,
9584,07/19/25 03:45:00,28.841,,,,,
9585,07/19/25 04:00:00,28.866,,,,,
9586,07/19/25 04:15:00,28.841,,,,,
9587,07/19/25 04:30:00,28.419,,,,,
9588,07/19/25 04:45:00,28.345,,,,,
9589,07/19/25 05:00:00,28.221,,,,,
9590,07/19/25 05:15:00,28.196,,,,,
9591,07/19/25 05:30:00,28.245,,,,,
9592,07/19/25 05:45:00,28.221,,,,,
9593,07/19/25 06:00:00,28.196,,,,,
9594,07/19/25 06:15:00,28.048,,,,,
9595,07/19/25 06:30:00,27.850,,,,,
9596,07/19/25 06:45:00,27.801,,,,,
9597,07/19/25 07:00:00,27.850,,,,,
9598,07/19/25 07:15:00,27.924,,,,,
9599,07/19/25 07:30:00,27.924,,,,,
9600,07/19/25 07:45:00,27.974,,,,,
9601,07/19/25 08:00:00,27.998,,,,,
9602,07/19/25 08:15:00,28.072,,,,,
9603,07/19/25 08:30:00,28.245,,,,,
9604,07/19/25 08:45:00,28.320,,,,,
9605,07/19/25 09:00:00,28.270,,,,,
9606,07/19/25 09:15:00,28.171,,,,,
9607,07/19/25 09:30:00,28.642,,,,,
9608,07/19/25 09:45:00,28.816,,,,,
9609,07/19/25 10:00:00,28.742,,,,,
9610,07/19/25 10:15:00,28.320,,,,,
9611,07/19/25 10:30:00,28.048,,,,,
9612,07/19/25 10:45:00,28.072,,,,,
9613,07/19/25 11:00:00,28.072,,,,,
9614,07/19/25 11:15:00,28.171,,,,,
9615,07/19/25 11:30:00,28.369,,,,,
9616,07/19/25 11:45:00,28.419,,,,,
9617,07/19/25 12:00:00,28.468,,,,,
9618,07/19/25 12:15:00,28.518,,,,,
9619,07/19/25 12:30:00,28.493,,,,,
9620,07/19/25 12:45:00,28.518,,,,,
9621,07/19/25 13:00:00,28.568,,,,,
9622,07/19/25 13:15:00,28.543,,,,,
9623,07/19/25 13:30:00,28.468,,,,,
9624,07/19/25 13:45:00,28.221,,,,,
9625,07/19/25 14:00:00,28.221,,,,,
9626,07/19/25 14:15:00,28.419,,,,,
9627,07/19/25 14:30:00,28.444,,,,,
9628,07/19/25 14:45:00,28.221,,,,,
9629,07/19/25 15:00:00,28.171,,,,,
9630,07/19/25 15:15:00,28.345,,,,,
9631,07/19/25 15:30:00,28.345,,,,,
9632,07/19/25 15:45:00,28.444,,,,,
9633,07/19/25 16:00:00,28.444,,,,,
9634,07/19/25 16:15:00,28.617,,,,,
9635,07/19/25 16:30:00,28.667,,,,,
9636,07/19/25 16:45:00,28.617,,,,,
9637,07/19/25 17:00:00,28.468,,,,,
9638,07/19/25 17:15:00,28.568,,,,,
9639,07/19/25 17:30:00,27.974,,,,,
9640,07/19/25 17:45:00,27.604,,,,,
9641,07/19/25 18:00:00,27.702,,,,,
9642,07/19/25 18:15:00,27.825,,,,,
9643,07/19/25 18:30:00,27.875,,,,,
9644,07/19/25 18:45:00,27.776,,,,,
9645,07/19/25 19:00:00,27.677,,,,,
9646,07/19/25 19:15:00,27.875,,,,,
9647,07/19/25 19:30:00,27.924,,,,,
9648,07/19/25 19:45:00,27.924,,,,,
9649,07/19/25 20:00:00,28.147,,,,,
9650,07/19/25 20:15:00,28.493,,,,,
9651,07/19/25 20:30:00,28.468,,,,,
9652,07/19/25 20:45:00,28.791,,,,,
9653,07/19/25 21:00:00,28.791,,,,,
9654,07/19/25 21:15:00,28.816,,,,,
9655,07/19/25 21:30:00,28.617,,,,,
9656,07/19/25 21:45:00,28.791,,,,,
9657,07/19/25 22:00:00,28.345,,,,,
9658,07/19/25 22:15:00,28.692,,,,,
9659,07/19/25 22:30:00,28.270,,,,,
9660,07/19/25 22:45:00,27.949,,,,,
9661,07/19/25 23:00:00,27.998,,,,,
9662,07/19/25 23:15:00,28.023,,,,,
9663,07/19/25 23:30:00,28.023,,,,,
9664,07/19/25 23:45:00,28.221,,,,,
9665,07/20/25 00:00:00,28.221,,,,,
9666,07/20/25 00:15:00,28.320,,,,,
9667,07/20/25 00:30:00,28.518,,,,,
9668,07/20/25 00:45:00,28.667,,,,,
9669,07/20/25 01:00:00,28.717,,,,,
9670,07/20/25 01:15:00,28.766,,,,,
9671,07/20/25 01:30:00,28.766,,,,,
9672,07/20/25 01:45:00,28.791,,,,,
9673,07/20/25 02:00:00,28.791,,,,,
9674,07/20/25 02:15:00,28.816,,,,,
9675,07/20/25 02:30:00,28.717,,,,,
9676,07/20/25 02:45:00,28.147,,,,,
9677,07/20/25 03:00:00,28.072,,,,,
9678,07/20/25 03:15:00,28.122,,,,,
9679,07/20/25 03:30:00,28.147,,,,,
9680,07/20/25 03:45:00,28.295,,,,,
9681,07/20/25 04:00:00,28.766,,,,,
9682,07/20/25 04:15:00,28.816,,,,,
9683,07/20/25 04:30:00,28.841,,,,,
9684,07/20/25 04:45:00,28.742,,,,,
9685,07/20/25 05:00:00,28.841,,,,,
9686,07/20/25 05:15:00,28.816,,,,,
9687,07/20/25 05:30:00,28.866,,,,,
9688,07/20/25 05:45:00,28.866,,,,,
9689,07/20/25 06:00:00,28.891,,,,,
9690,07/20/25 06:15:00,28.891,,,,,
9691,07/20/25 06:30:00,28.717,,,,,
9692,07/20/25 06:45:00,28.766,,,,,
9693,07/20/25 07:00:00,28.543,,,,,
9694,07/20/25 07:15:00,28.766,,,,,
9695,07/20/25 07:30:00,28.816,,,,,
9696,07/20/25 07:45:00,28.841,,,,,
9697,07/20/25 08:00:00,28.791,,,,,
9698,07/20/25 08:15:00,28.766,,,,,
9699,07/20/25 08:30:00,28.841,,,,,
9700,07/20/25 08:45:00,28.866,,,,,
9701,07/20/25 09:00:00,28.816,,,,,
9702,07/20/25 09:15:00,28.766,,,,,
9703,07/20/25 09:30:00,28.593,,,,,
9704,07/20/25 09:45:00,28.841,,,,,
9705,07/20/25 10:00:00,28.518,,,,,
9706,07/20/25 10:15:00,28.692,,,,,
9707,07/20/25 10:30:00,28.891,,,,,
9708,07/20/25 10:45:00,28.916,,,,,
9709,07/20/25 11:00:00,28.916,,,,,
9710,07/20/25 11:15:00,28.642,,,,,
9711,07/20/25 11:30:00,28.320,,,,,
9712,07/20/25 11:45:00,28.468,,,,,
9713,07/20/25 12:00:00,28.394,,,,,
9714,07/20/25 12:15:00,28.444,,,,,
9715,07/20/25 12:30:00,28.568,,,,,
9716,07/20/25 12:45:00,28.866,,,,,
9717,07/20/25 13:00:00,28.916,,,,,
9718,07/20/25 13:15:00,28.916,,,,,
9719,07/20/25 13:30:00,28.916,,,,,
9720,07/20/25 13:45:00,28.941,,,,,
9721,07/20/25 14:00:00,28.965,,,,,
9722,07/20/25 14:15:00,28.990,,,,,
9723,07/20/25 14:30:00,28.394,,,,,
9724,07/20/25 14:45:00,28.245,,,,,
9725,07/20/25 15:00:00,28.270,,,,,
9726,07/20/25 15:15:00,28.097,,,,,
9727,07/20/25 15:30:00,28.072,,,,,
9728,07/20/25 15:45:00,28.048,,,,,
9729,07/20/25 16:00:00,28.245,,,,,
9730,07/20/25 16:15:00,28.270,,,,,
9731,07/20/25 16:30:00,28.270,,,,,
9732,07/20/25 16:45:00,28.171,,,,,
9733,07/20/25 17:00:00,28.023,,,,,
9734,07/20/25 17:15:00,27.974,,,,,
9735,07/20/25 17:30:00,28.196,,,,,
9736,07/20/25 17:45:00,27.924,,,,,
9737,07/20/25 18:00:00,27.825,,,,,
9738,07/20/25 18:15:00,27.801,,,,,
9739,07/20/25 18:30:00,27.702,,,,,
9740,07/20/25 18:45:00,28.221,,,,,
9741,07/20/25 19:00:00,28.468,,,,,
9742,07/20/25 19:15:00,28.593,,,,,
9743,07/20/25 19:30:00,28.369,,,,,
9744,07/20/25 19:45:00,28.543,,,,,
9745,07/20/25 20:00:00,28.147,,,,,
9746,07/20/25 20:15:00,28.048,,,,,
9747,07/20/25 20:30:00,28.345,,,,,
9748,07/20/25 20:45:00,28.642,,,,,
9749,07/20/25 21:00:00,28.642,,,,,
9750,07/20/25 21:15:00,28.667,,,,,
9751,07/20/25 21:30:00,28.717,,,,,
9752,07/20/25 21:45:00,28.816,,,,,
9753,07/20/25 22:00:00,28.841,,,,,
9754,07/20/25 22:15:00,28.891,,,,,
9755,07/20/25 22:30:00,28.941,,,,,
9756,07/20/25 22:45:00,28.941,,,,,
9757,07/20/25 23:00:00,28.965,,,,,
9758,07/20/25 23:15:00,28.766,,,,,
9759,07/20/25 23:30:00,28.221,,,,,
9760,07/20/25 23:45:00,28.122,,,,,
9761,07/21/25 00:00:00,27.998,,,,,
9762,07/21/25 00:15:00,27.974,,,,,
9763,07/21/25 00:30:00,28.048,,,,,
9764,07/21/25 00:45:00,28.097,,,,,
9765,07/21/25 01:00:00,28.270,,,,,
9766,07/21/25 01:15:00,28.642,,,,,
9767,07/21/25 01:30:00,28.568,,,,,
9768,07/21/25 01:45:00,28.667,,,,,
9769,07/21/25 02:00:00,28.692,,,,,
9770,07/21/25 02:15:00,28.543,,,,,
9771,07/21/25 02:30:00,28.493,,,,,
9772,07/21/25 02:45:00,28.717,,,,,
9773,07/21/25 03:00:00,28.742,,,,,
9774,07/21/25 03:15:00,28.617,,,,,
9775,07/21/25 03:30:00,28.543,,,,,
9776,07/21/25 03:45:00,28.493,,,,,
9777,07/21/25 04:00:00,28.568,,,,,
9778,07/21/25 04:15:00,28.692,,,,,
9779,07/21/25 04:30:00,28.617,,,,,
9780,07/21/25 04:45:00,28.642,,,,,
9781,07/21/25 05:00:00,28.742,,,,,
9782,07/21/25 05:15:00,28.692,,,,,
9783,07/21/25 05:30:00,28.171,,,,,
9784,07/21/25 05:45:00,28.221,,,,,
9785,07/21/25 06:00:00,28.048,,,,,
9786,07/21/25 06:15:00,28.097,,,,,
9787,07/21/25 06:30:00,28.147,,,,,
9788,07/21/25 06:45:00,28.245,,,,,
9789,07/21/25 07:00:00,28.097,,,,,
9790,07/21/25 07:15:00,28.593,,,,,
9791,07/21/25 07:30:00,28.667,,,,,
9792,07/21/25 07:45:00,28.766,,,,,
9793,07/21/25 08:00:00,28.692,,,,,
9794,07/21/25 08:15:00,28.593,,,,,
9795,07/21/25 08:30:00,27.899,,,,,
9796,07/21/25 08:45:00,28.667,,,,,
9797,07/21/25 09:00:00,28.791,,,,,
9798,07/21/25 09:15:00,28.766,,,,,
9799,07/21/25 09:30:00,28.791,,,,,
9800,07/21/25 09:45:00,28.791,,,,,
9801,07/21/25 10:00:00,28.816,,,,,
9802,07/21/25 10:15:00,28.841,,,,,
9803,07/21/25 10:30:00,28.841,,,,,
9804,07/21/25 10:45:00,28.841,,,,,
9805,07/21/25 11:00:00,28.866,,,,,
9806,07/21/25 11:15:00,28.866,,,,,
9807,07/21/25 11:30:00,28.891,,,,,
9808,07/21/25 11:45:00,28.891,,,,,
9809,07/21/25 12:00:00,28.866,,,,,
9810,07/21/25 12:15:00,28.816,,,,,
9811,07/21/25 12:30:00,28.791,,,,,
9812,07/21/25 12:45:00,28.717,,,,,
9813,07/21/25 13:00:00,28.692,,,,,
9814,07/21/25 13:15:00,28.766,,,,,
9815,07/21/25 13:30:00,28.568,,,,,
9816,07/21/25 13:45:00,28.568,,,,,
9817,07/21/25 14:00:00,28.419,,,,,
9818,07/21/25 14:15:00,28.320,,,,,
9819,07/21/25 14:30:00,28.369,,,,,
9820,07/21/25 14:45:00,28.221,,,,,
9821,07/21/25 15:00:00,28.444,,,,,
9822,07/21/25 15:15:00,28.394,,,,,
9823,07/21/25 15:30:00,28.196,,,,,
9824,07/21/25 15:45:00,28.916,,,,,
9825,07/21/25 16:00:00,28.990,,,,,
9826,07/21/25 16:15:00,29.065,,,,,
9827,07/21/25 16:30:00,28.866,,,,,
9828,07/21/25 16:45:00,28.642,,,,,
9829,07/21/25 17:00:00,28.742,,,,,
9830,07/21/25 17:15:00,28.667,,,,,
9831,07/21/25 17:30:00,28.345,,,,,
9832,07/21/25 17:45:00,28.295,,,,,
9833,07/21/25 18:00:00,28.518,,,,,
9834,07/21/25 18:15:00,28.667,,,,,
9835,07/21/25 18:30:00,28.568,,,,,
9836,07/21/25 18:45:00,28.419,,,,,
9837,07/21/25 19:00:00,28.345,,,,,
9838,07/21/25 19:15:00,28.245,,,,,
9839,07/21/25 19:30:00,28.270,,,,,
9840,07/21/25 19:45:00,28.072,,,,,
9841,07/21/25 20:00:00,28.023,,,,,
9842,07/21/25 20:15:00,28.196,,,,,
9843,07/21/25 20:30:00,27.974,,,,,
9844,07/21/25 20:45:00,27.875,,,,,
9845,07/21/25 21:00:00,27.998,,,,,
9846,07/21/25 21:15:00,27.727,,,,,
9847,07/21/25 21:30:00,27.579,,,,,
9848,07/21/25 21:45:00,27.949,,,,,
9849,07/21/25 22:00:00,28.717,,,,,
9850,07/21/25 22:15:00,28.791,,,,,
9851,07/21/25 22:30:00,28.816,,,,,
9852,07/21/25 22:45:00,28.717,,,,,
9853,07/21/25 23:00:00,28.841,,,,,
9854,07/21/25 23:15:00,28.568,,,,,
9855,07/21/25 23:30:00,28.493,,,,,
9856,07/21/25 23:45:00,27.998,,,,,
9857,07/22/25 00:00:00,27.850,,,,,
9858,07/22/25 00:15:00,28.320,,,,,
9859,07/22/25 00:30:00,28.048,,,,,
9860,07/22/25 00:45:00,27.924,,,,,
9861,07/22/25 01:00:00,27.801,,,,,
9862,07/22/25 01:15:00,27.924,,,,,
9863,07/22/25 01:30:00,28.866,,,,,
9864,07/22/25 01:45:00,28.468,,,,,
9865,07/22/25 02:00:00,28.891,,,,,
9866,07/22/25 02:15:00,28.990,,,,,
9867,07/22/25 02:30:00,28.990,,,,,
9868,07/22/25 02:45:00,28.990,,,,,
9869,07/22/25 03:00:00,28.990,,,,,
9870,07/22/25 03:15:00,28.916,,,,,
9871,07/22/25 03:30:00,28.518,,,,,
9872,07/22/25 03:45:00,28.742,,,,,
9873,07/22/25 04:00:00,28.791,,,,,
9874,07/22/25 04:15:00,28.717,,,,,
9875,07/22/25 04:30:00,28.667,,,,,
9876,07/22/25 04:45:00,28.941,,,,,
9877,07/22/25 05:00:00,28.916,,,,,
9878,07/22/25 05:15:00,28.742,,,,,
9879,07/22/25 05:30:00,28.841,,,,,
9880,07/22/25 05:45:00,28.692,,,,,
9881,07/22/25 06:00:00,28.766,,,,,
9882,07/22/25 06:15:00,28.692,,,,,
9883,07/22/25 06:30:00,28.593,,,,,
9884,07/22/25 06:45:00,28.642,,,,,
9885,07/22/25 07:00:00,28.518,,,,,
9886,07/22/25 07:15:00,27.801,,,,,
9887,07/22/25 07:30:00,27.727,,,,,
9888,07/22/25 07:45:00,27.628,,,,,
9889,07/22/25 08:00:00,27.604,,,,,
9890,07/22/25 08:15:00,27.604,,,,,
9891,07/22/25 08:30:00,27.579,,,,,
9892,07/22/25 08:45:00,27.579,,,,,
9893,07/22/25 09:00:00,27.554,,,,,
9894,07/22/25 09:15:00,27.579,,,,,
9895,07/22/25 09:30:00,27.604,,,,,
9896,07/22/25 09:45:00,27.751,,,,,
9897,07/22/25 10:00:00,27.677,,,,,
9898,07/22/25 10:15:00,28.171,,,,,
9899,07/22/25 10:30:00,28.419,,,,,
9900,07/22/25 10:45:00,28.493,,,,,
9901,07/22/25 11:00:00,28.518,,,,,
9902,07/22/25 11:15:00,28.543,,,,,
9903,07/22/25 11:30:00,28.766,,,,,
9904,07/22/25 11:45:00,28.766,,,,,
9905,07/22/25 12:00:00,28.742,,,,,
9906,07/22/25 12:15:00,28.866,,,,,
9907,07/22/25 12:30:00,28.642,,,,,
9908,07/22/25 12:45:00,28.617,,,,,
9909,07/22/25 13:00:00,28.766,,,,,
9910,07/22/25 13:15:00,28.791,,,,,
9911,07/22/25 13:30:00,28.742,,,,,
9912,07/22/25 13:45:00,28.766,,,,,
9913,07/22/25 14:00:00,28.791,,,,,
9914,07/22/25 14:15:00,28.791,,,,,
9915,07/22/25 14:30:00,28.816,,,,,
9916,07/22/25 14:45:00,28.841,,,,,
9917,07/22/25 15:00:00,28.816,,,,,
9918,07/22/25 15:15:00,28.493,,,,,
9919,07/22/25 15:30:00,28.742,,,,,
9920,07/22/25 15:45:00,28.841,,,,,
9921,07/22/25 16:00:00,28.841,,,,,
9922,07/22/25 16:15:00,28.891,,,,,
9923,07/22/25 16:30:00,28.617,,,,,
9924,07/22/25 16:45:00,28.295,,,,,
9925,07/22/25 17:00:00,28.419,,,,,
9926,07/22/25 17:15:00,28.221,,,,,
9927,07/22/25 17:30:00,28.270,,,,,
9928,07/22/25 17:45:00,28.369,,,,,
9929,07/22/25 18:00:00,28.394,,,,,
9930,07/22/25 18:15:00,28.320,,,,,
9931,07/22/25 18:30:00,28.369,,,,,
9932,07/22/25 18:45:00,28.394,,,,,
9933,07/22/25 19:00:00,28.320,,,,,
9934,07/22/25 19:15:00,28.345,,,,,
9935,07/22/25 19:30:00,28.048,,,,,
9936,07/22/25 19:45:00,27.653,,,,,
9937,07/22/25 20:00:00,27.653,,,,,
9938,07/22/25 20:15:00,27.850,,,,,
9939,07/22/25 20:30:00,27.801,,,,,
9940,07/22/25 20:45:00,27.776,,,,,
9941,07/22/25 21:00:00,27.801,,,,,
9942,07/22/25 21:15:00,27.899,,,,,
9943,07/22/25 21:30:00,27.974,,,,,
9944,07/22/25 21:45:00,27.924,,,,,
9945,07/22/25 22:00:00,28.097,,,,,
9946,07/22/25 22:15:00,28.468,,,,,
9947,07/22/25 22:30:00,28.493,,,,,
9948,07/22/25 22:45:00,28.593,,,,,
9949,07/22/25 23:00:00,28.568,,,,,
9950,07/22/25 23:15:00,28.766,,,,,
9951,07/22/25 23:30:00,28.766,,,,,
9952,07/22/25 23:45:00,28.816,,,,,
9953,07/23/25 00:00:00,28.791,,,,,
9954,07/23/25 00:15:00,28.816,,,,,
9955,07/23/25 00:30:00,28.841,,,,,
9956,07/23/25 00:45:00,28.866,,,,,
9957,07/23/25 01:00:00,28.916,,,,,
9958,07/23/25 01:15:00,28.617,,,,,
9959,07/23/25 01:30:00,28.468,,,,,
9960,07/23/25 01:45:00,28.543,,,,,
9961,07/23/25 02:00:00,28.916,,,,,
9962,07/23/25 02:15:00,28.941,,,,,
9963,07/23/25 02:30:00,28.766,,,,,
9964,07/23/25 02:45:00,28.593,,,,,
9965,07/23/25 03:00:00,28.568,,,,,
9966,07/23/25 03:15:00,28.568,,,,,
9967,07/23/25 03:30:00,28.667,,,,,
9968,07/23/25 03:45:00,28.667,,,,,
9969,07/23/25 04:00:00,28.667,,,,,
9970,07/23/25 04:15:00,28.692,,,,,
9971,07/23/25 04:30:00,28.742,,,,,
9972,07/23/25 04:45:00,28.766,,,,,
9973,07/23/25 05:00:00,28.717,,,,,
9974,07/23/25 05:15:00,28.766,,,,,
9975,07/23/25 05:30:00,28.692,,,,,
9976,07/23/25 05:45:00,28.320,,,,,
9977,07/23/25 06:00:00,28.245,,,,,
9978,07/23/25 06:15:00,28.642,,,,,
9979,07/23/25 06:30:00,28.717,,,,,
9980,07/23/25 06:45:00,28.742,,,,,
9981,07/23/25 07:00:00,28.717,,,,,
9982,07/23/25 07:15:00,28.493,,,,,
9983,07/23/25 07:30:00,28.493,,,,,
9984,07/23/25 07:45:00,28.518,,,,,
9985,07/23/25 08:00:00,28.493,,,,,
9986,07/23/25 08:15:00,28.518,,,,,
9987,07/23/25 08:30:00,28.518,,,,,
9988,07/23/25 08:45:00,28.543,,,,,
9989,07/23/25 09:00:00,28.444,,,,,
9990,07/23/25 09:15:00,28.518,,,,,
9991,07/23/25 09:30:00,28.543,,,,,
9992,07/23/25 09:45:00,28.468,,,,,
9993,07/23/25 10:00:00,28.468,,,,,
9994,07/23/25 10:15:00,28.468,,,,,
9995,07/23/25 10:30:00,28.320,,,,,
9996,07/23/25 10:45:00,28.493,,,,,
9997,07/23/25 11:00:00,28.543,,,,,
9998,07/23/25 11:15:00,28.593,,,,,
9999,07/23/25 11:30:00,28.642,,,,,
10000,07/23/25 11:45:00,28.692,,,,,
10001,07/23/25 12:00:00,28.692,,,,,
10002,07/23/25 12:15:00,28.766,,,,,
10003,07/23/25 12:30:00,28.791,,,,,
10004,07/23/25 12:45:00,28.816,,,,,
10005,07/23/25 13:00:00,28.816,,,,,
10006,07/23/25 13:15:00,28.841,,,,,
10007,07/23/25 13:30:00,28.866,,,,,
10008,07/23/25 13:45:00,28.916,,,,,
10009,07/23/25 14:00:00,28.916,,,,,
10010,07/23/25 14:15:00,28.916,,,,,
10011,07/23/25 14:30:00,28.866,,,,,
10012,07/23/25 14:45:00,28.866,,,,,
10013,07/23/25 15:00:00,28.742,,,,,
10014,07/23/25 15:15:00,28.766,,,,,
10015,07/23/25 15:30:00,28.766,,,,,
10016,07/23/25 15:45:00,28.766,,,,,
10017,07/23/25 16:00:00,28.642,,,,,
10018,07/23/25 16:15:00,28.642,,,,,
10019,07/23/25 16:30:00,28.717,,,,,
10020,07/23/25 16:45:00,28.965,,,,,
10021,07/23/25 17:00:00,28.841,,,,,
10022,07/23/25 17:15:00,28.617,,,,,
10023,07/23/25 17:30:00,28.419,,,,,
10024,07/23/25 17:45:00,28.493,,,,,
10025,07/23/25 18:00:00,28.593,,,,,
10026,07/23/25 18:15:00,28.593,,,,,
10027,07/23/25 18:30:00,28.518,,,,,
10028,07/23/25 18:45:00,28.444,,,,,
10029,07/23/25 19:00:00,28.122,,,,,
10030,07/23/25 19:15:00,28.270,,,,,
10031,07/23/25 19:30:00,28.518,,,,,
10032,07/23/25 19:45:00,28.468,,,,,
10033,07/23/25 20:00:00,28.543,,,,,
10034,07/23/25 20:15:00,28.493,,,,,
10035,07/23/25 20:30:00,28.097,,,,,
10036,07/23/25 20:45:00,27.998,,,,,
10037,07/23/25 21:00:00,28.048,,,,,
10038,07/23/25 21:15:00,28.122,,,,,
10039,07/23/25 21:30:00,27.899,,,,,
10040,07/23/25 21:45:00,27.998,,,,,
10041,07/23/25 22:00:00,27.899,,,,,
10042,07/23/25 22:15:00,27.801,,,,,
10043,07/23/25 22:30:00,27.998,,,,,
10044,07/23/25 22:45:00,28.122,,,,,
10045,07/23/25 23:00:00,28.147,,,,,
10046,07/23/25 23:15:00,28.048,,,,,
10047,07/23/25 23:30:00,28.023,,,,,
10048,07/23/25 23:45:00,28.023,,,,,
10049,07/24/25 00:00:00,28.196,,,,,
10050,07/24/25 00:15:00,28.245,,,,,
10051,07/24/25 00:30:00,28.221,,,,,
10052,07/24/25 00:45:00,28.295,,,,,
10053,07/24/25 01:00:00,28.295,,,,,
10054,07/24/25 01:15:00,28.518,,,,,
10055,07/24/25 01:30:00,28.717,,,,,
10056,07/24/25 01:45:00,28.593,,,,,
10057,07/24/25 02:00:00,28.617,,,,,
10058,07/24/25 02:15:00,28.543,,,,,
10059,07/24/25 02:30:00,28.419,,,,,
10060,07/24/25 02:45:00,28.394,,,,,
10061,07/24/25 03:00:00,28.493,,,,,
10062,07/24/25 03:15:00,28.295,,,,,
10063,07/24/25 03:30:00,28.369,,,,,
10064,07/24/25 03:45:00,28.394,,,,,
10065,07/24/25 04:00:00,28.369,,,,,
10066,07/24/25 04:15:00,28.270,,,,,
10067,07/24/25 04:30:00,28.245,,,,,
10068,07/24/25 04:45:00,28.245,,,,,
10069,07/24/25 05:00:00,28.295,,,,,
10070,07/24/25 05:15:00,28.320,,,,,
10071,07/24/25 05:30:00,28.419,,,,,
10072,07/24/25 05:45:00,28.419,,,,,
10073,07/24/25 06:00:00,28.394,,,,,
10074,07/24/25 06:15:00,28.394,,,,,
10075,07/24/25 06:30:00,28.493,,,,,
10076,07/24/25 06:45:00,28.518,,,,,
10077,07/24/25 07:00:00,28.518,,,,,
10078,07/24/25 07:15:00,28.543,,,,,
10079,07/24/25 07:30:00,28.568,,,,,
10080,07/24/25 07:45:00,28.543,,,,,
10081,07/24/25 08:00:00,28.518,,,,,
10082,07/24/25 08:15:00,28.518,,,,,
10083,07/24/25 08:30:00,28.419,,,,,
10084,07/24/25 08:45:00,28.320,,,,,
10085,07/24/25 09:00:00,28.295,,,,,
10086,07/24/25 09:15:00,28.295,,,,,
10087,07/24/25 09:30:00,28.369,,,,,
10088,07/24/25 09:45:00,28.394,,,,,
10089,07/24/25 10:00:00,28.419,,,,,
10090,07/24/25 10:15:00,28.444,,,,,
10091,07/24/25 10:30:00,28.518,,,,,
10092,07/24/25 10:45:00,28.518,,,,,
10093,07/24/25 11:00:00,28.518,,,,,
10094,07/24/25 11:15:00,28.568,,,,,
10095,07/24/25 11:30:00,28.568,,,,,
10096,07/24/25 11:45:00,28.419,,,,,
10097,07/24/25 12:00:00,28.593,,,,,
10098,07/24/25 12:15:00,28.617,,,,,
10099,07/24/25 12:30:00,28.667,,,,,
10100,07/24/25 12:45:00,28.617,,,,,
10101,07/24/25 13:00:00,28.394,,,,,
10102,07/24/25 13:15:00,28.444,,,,,
10103,07/24/25 13:30:00,28.369,,,,,
10104,07/24/25 13:45:00,28.245,,,,,
10105,07/24/25 14:00:00,28.369,,,,,
10106,07/24/25 14:15:00,28.543,,,,,
10107,07/24/25 14:30:00,28.617,,,,,
10108,07/24/25 14:45:00,28.717,,,,,
10109,07/24/25 15:00:00,28.742,,,,,
10110,07/24/25 15:15:00,28.766,,,,,
10111,07/24/25 15:30:00,28.766,,,,,
10112,07/24/25 15:45:00,28.742,,,,,
10113,07/24/25 16:00:00,28.791,,,,,
10114,07/24/25 16:15:00,28.766,,,,,
10115,07/24/25 16:30:00,28.766,,,,,
10116,07/24/25 16:45:00,28.841,,,,,
10117,07/24/25 17:00:00,28.891,,,,,
10118,07/24/25 17:15:00,28.965,,,,,
10119,07/24/25 17:30:00,28.941,,,,,
10120,07/24/25 17:45:00,28.742,,,,,
10121,07/24/25 18:00:00,29.040,,,,,
10122,07/24/25 18:15:00,29.040,,,,,
10123,07/24/25 18:30:00,29.015,,,,,
10124,07/24/25 18:45:00,29.015,,,,,
10125,07/24/25 19:00:00,28.990,,,,,
10126,07/24/25 19:15:00,28.990,,,,,
10127,07/24/25 19:30:00,28.965,,,,,
10128,07/24/25 19:45:00,28.990,,,,,
10129,07/24/25 20:00:00,28.965,,,,,
10130,07/24/25 20:15:00,28.866,,,,,
10131,07/24/25 20:30:00,28.518,,,,,
10132,07/24/25 20:45:00,28.444,,,,,
10133,07/24/25 21:00:00,28.419,,,,,
10134,07/24/25 21:15:00,28.444,,,,,
10135,07/24/25 21:30:00,28.742,,,,,
10136,07/24/25 21:45:00,28.493,,,,,
10137,07/24/25 22:00:00,28.444,,,,,
10138,07/24/25 22:15:00,28.320,,,,,
10139,07/24/25 22:30:00,28.295,,,,,
10140,07/24/25 22:45:00,28.419,,,,,
10141,07/24/25 23:00:00,28.841,,,,,
10142,07/24/25 23:15:00,28.419,,,,,
10143,07/24/25 23:30:00,28.295,,,,,
10144,07/24/25 23:45:00,28.295,,,,,
10145,07/25/25 00:00:00,28.270,,,,,
10146,07/25/25 00:15:00,28.345,,,,,
10147,07/25/25 00:30:00,28.468,,,,,
10148,07/25/25 00:45:00,28.444,,,,,
10149,07/25/25 01:00:00,28.394,,,,,
10150,07/25/25 01:15:00,28.419,,,,,
10151,07/25/25 01:30:00,28.468,,,,,
10152,07/25/25 01:45:00,28.617,,,,,
10153,07/25/25 02:00:00,28.667,,,,,
10154,07/25/25 02:15:00,28.916,,,,,
10155,07/25/25 02:30:00,28.667,,,,,
10156,07/25/25 02:45:00,28.717,,,,,
10157,07/25/25 03:00:00,28.841,,,,,
10158,07/25/25 03:15:00,28.866,,,,,
10159,07/25/25 03:30:00,28.866,,,,,
10160,07/25/25 03:45:00,28.891,,,,,
10161,07/25/25 04:00:00,28.891,,,,,
10162,07/25/25 04:15:00,28.916,,,,,
10163,07/25/25 04:30:00,28.941,,,,,
10164,07/25/25 04:45:00,28.941,,,,,
10165,07/25/25 05:00:00,28.916,,,,,
10166,07/25/25 05:15:00,28.916,,,,,
10167,07/25/25 05:30:00,28.891,,,,,
10168,07/25/25 05:45:00,28.841,,,,,
10169,07/25/25 06:00:00,28.841,,,,,
10170,07/25/25 06:15:00,28.891,,,,,
10171,07/25/25 06:30:00,28.916,,,,,
10172,07/25/25 06:45:00,28.965,,,,,
10173,07/25/25 07:00:00,28.965,,,,,
10174,07/25/25 07:15:00,28.941,,,,,
10175,07/25/25 07:30:00,28.916,,,,,
10176,07/25/25 07:45:00,28.891,,,,,
10177,07/25/25 08:00:00,28.916,,,,,
10178,07/25/25 08:15:00,28.891,,,,,
10179,07/25/25 08:30:00,28.766,,,,,
10180,07/25/25 08:45:00,28.642,,,,,
10181,07/25/25 09:00:00,28.369,,,,,
10182,07/25/25 09:15:00,28.419,,,,,
10183,07/25/25 09:30:00,28.766,,,,,
10184,07/25/25 09:45:00,28.841,,,,,
10185,07/25/25 10:00:00,28.891,,,,,
10186,07/25/25 10:15:00,28.766,,,,,
10187,07/25/25 10:30:00,28.270,,,,,
10188,07/25/25 10:45:00,28.072,,,,,
10189,07/25/25 11:00:00,28.196,,,,,
10190,07/25/25 11:15:00,28.171,,,,,
10191,07/25/25 11:30:00,28.147,,,,,
10192,07/25/25 11:45:00,28.270,,,,,
10193,07/25/25 12:00:00,28.196,,,,,
10194,07/25/25 12:15:00,28.147,,,,,
10195,07/25/25 12:30:00,28.171,,,,,
10196,07/25/25 12:45:00,28.221,,,,,
10197,07/25/25 13:00:00,28.171,,,,,
10198,07/25/25 13:15:00,28.245,,,,,
10199,07/25/25 13:30:00,28.493,,,,,
10200,07/25/25 13:45:00,28.866,,,,,
10201,07/25/25 14:00:00,28.916,,,,,
10202,07/25/25 14:15:00,28.916,,,,,
10203,07/25/25 14:30:00,28.916,,,,,
10204,07/25/25 14:45:00,28.941,,,,,
10205,07/25/25 15:00:00,28.891,,,,,
10206,07/25/25 15:15:00,28.692,,,,,
10207,07/25/25 15:30:00,28.742,,,,,
10208,07/25/25 15:45:00,28.816,,,,,
10209,07/25/25 16:00:00,28.692,,,,,
10210,07/25/25 16:15:00,28.221,,,,,
10211,07/25/25 16:30:00,28.221,,,,,
10212,07/25/25 16:45:00,28.122,,,,,
10213,07/25/25 17:00:00,28.122,,,,,
10214,07/25/25 17:15:00,28.122,,,,,
10215,07/25/25 17:30:00,27.825,,,,,
10216,07/25/25 17:45:00,27.924,,,,,
10217,07/25/25 18:00:00,27.949,,,,,
10218,07/25/25 18:15:00,27.974,,,,,
10219,07/25/25 18:30:00,27.998,,,,,
10220,07/25/25 18:45:00,27.924,,,,,
10221,07/25/25 19:00:00,27.949,,,,,
10222,07/25/25 19:15:00,27.899,,,,,
10223,07/25/25 19:30:00,28.072,,,,,
10224,07/25/25 19:45:00,28.593,,,,,
10225,07/25/25 20:00:00,28.369,,,,,
10226,07/25/25 20:15:00,28.196,,,,,
10227,07/25/25 20:30:00,28.097,,,,,
10228,07/25/25 20:45:00,28.023,,,,,
10229,07/25/25 21:00:00,28.023,,,,,
10230,07/25/25 21:15:00,27.924,,,,,
10231,07/25/25 21:30:00,27.924,,,,,
10232,07/25/25 21:45:00,27.998,,,,,
10233,07/25/25 22:00:00,27.949,,,,,
10234,07/25/25 22:15:00,28.023,,,,,
10235,07/25/25 22:30:00,28.023,,,,,
10236,07/25/25 22:45:00,28.122,,,,,
10237,07/25/25 23:00:00,28.048,,,,,
10238,07/25/25 23:15:00,28.023,,,,,
10239,07/25/25 23:30:00,27.974,,,,,
10240,07/25/25 23:45:00,27.998,,,,,
10241,07/26/25 00:00:00,28.048,,,,,
10242,07/26/25 00:15:00,27.998,,,,,
10243,07/26/25 00:30:00,27.727,,,,,
10244,07/26/25 00:45:00,27.751,,,,,
10245,07/26/25 01:00:00,27.875,,,,,
10246,07/26/25 01:15:00,27.801,,,,,
10247,07/26/25 01:30:00,27.899,,,,,
10248,07/26/25 01:45:00,27.924,,,,,
10249,07/26/25 02:00:00,28.048,,,,,
10250,07/26/25 02:15:00,27.949,,,,,
10251,07/26/25 02:30:00,28.048,,,,,
10252,07/26/25 02:45:00,28.245,,,,,
10253,07/26/25 03:00:00,28.320,,,,,
10254,07/26/25 03:15:00,28.468,,,,,
10255,07/26/25 03:30:00,28.295,,,,,
10256,07/26/25 03:45:00,28.320,,,,,
10257,07/26/25 04:00:00,28.295,,,,,
10258,07/26/25 04:15:00,28.320,,,,,
10259,07/26/25 04:30:00,28.345,,,,,
10260,07/26/25 04:45:00,28.122,,,,,
10261,07/26/25 05:00:00,28.097,,,,,
10262,07/26/25 05:15:00,28.072,,,,,
10263,07/26/25 05:30:00,28.097,,,,,
10264,07/26/25 05:45:00,28.221,,,,,
10265,07/26/25 06:00:00,28.816,,,,,
10266,07/26/25 06:15:00,28.916,,,,,
10267,07/26/25 06:30:00,28.717,,,,,
10268,07/26/25 06:45:00,28.369,,,,,
10269,07/26/25 07:00:00,28.295,,,,,
10270,07/26/25 07:15:00,28.742,,,,,
10271,07/26/25 07:30:00,28.742,,,,,
10272,07/26/25 07:45:00,28.791,,,,,
10273,07/26/25 08:00:00,28.791,,,,,
10274,07/26/25 08:15:00,28.742,,,,,
10275,07/26/25 08:30:00,28.717,,,,,
10276,07/26/25 08:45:00,28.543,,,,,
10277,07/26/25 09:00:00,28.593,,,,,
10278,07/26/25 09:15:00,28.642,,,,,
10279,07/26/25 09:30:00,28.692,,,,,
10280,07/26/25 09:45:00,28.642,,,,,
10281,07/26/25 10:00:00,28.717,,,,,
10282,07/26/25 10:15:00,28.667,,,,,
10283,07/26/25 10:30:00,28.518,,,,,
10284,07/26/25 10:45:00,28.394,,,,,
10285,07/26/25 11:00:00,28.468,,,,,
10286,07/26/25 11:15:00,28.617,,,,,
10287,07/26/25 11:30:00,28.593,,,,,
10288,07/26/25 11:45:00,28.444,,,,,
10289,07/26/25 12:00:00,28.122,,,,,
10290,07/26/25 12:15:00,28.023,,,,,
10291,07/26/25 12:30:00,28.196,,,,,
10292,07/26/25 12:45:00,28.023,,,,,
10293,07/26/25 13:00:00,28.122,,,,,
10294,07/26/25 13:15:00,28.245,,,,,
10295,07/26/25 13:30:00,28.320,,,,,
10296,07/26/25 13:45:00,28.320,,,,,
10297,07/26/25 14:00:00,28.320,,,,,
10298,07/26/25 14:15:00,28.444,,,,,
10299,07/26/25 14:30:00,28.369,,,,,
10300,07/26/25 14:45:00,28.444,,,,,
10301,07/26/25 15:00:00,28.468,,,,,
10302,07/26/25 15:15:00,28.493,,,,,
10303,07/26/25 15:30:00,28.468,,,,,
10304,07/26/25 15:45:00,28.518,,,,,
10305,07/26/25 16:00:00,28.568,,,,,
10306,07/26/25 16:15:00,28.518,,,,,
10307,07/26/25 16:30:00,28.468,,,,,
10308,07/26/25 16:45:00,28.568,,,,,
10309,07/26/25 17:00:00,28.593,,,,,
10310,07/26/25 17:15:00,28.468,,,,,
10311,07/26/25 17:30:00,28.394,,,,,
10312,07/26/25 17:45:00,28.320,,,,,
10313,07/26/25 18:00:00,28.369,,,,,
10314,07/26/25 18:15:00,28.444,,,,,
10315,07/26/25 18:30:00,28.444,,,,,
10316,07/26/25 18:45:00,28.468,,,,,
10317,07/26/25 19:00:00,28.493,,,,,
10318,07/26/25 19:15:00,28.468,,,,,
10319,07/26/25 19:30:00,28.593,,,,,
10320,07/26/25 19:45:00,28.493,,,,,
10321,07/26/25 20:00:00,28.468,,,,,
10322,07/26/25 20:15:00,28.245,,,,,
10323,07/26/25 20:30:00,27.974,,,,,
10324,07/26/25 20:45:00,28.023,,,,,
10325,07/26/25 21:00:00,28.369,,,,,
10326,07/26/25 21:15:00,28.617,,,,,
10327,07/26/25 21:30:00,28.667,,,,,
10328,07/26/25 21:45:00,28.270,,,,,
10329,07/26/25 22:00:00,28.345,,,,,
10330,07/26/25 22:15:00,28.048,,,,,
10331,07/26/25 22:30:00,28.394,,,,,
10332,07/26/25 22:45:00,28.593,,,,,
10333,07/26/25 23:00:00,28.270,,,,,
10334,07/26/25 23:15:00,28.097,,,,,
10335,07/26/25 23:30:00,28.072,,,,,
10336,07/26/25 23:45:00,28.048,,,,,
10337,07/27/25 00:00:00,28.147,,,,,
10338,07/27/25 00:15:00,27.974,,,,,
10339,07/27/25 00:30:00,27.899,,,,,
10340,07/27/25 00:45:00,27.974,,,,,
10341,07/27/25 01:00:00,28.023,,,,,
10342,07/27/25 01:15:00,27.875,,,,,
10343,07/27/25 01:30:00,27.801,,,,,
10344,07/27/25 01:45:00,27.974,,,,,
10345,07/27/25 02:00:00,27.998,,,,,
10346,07/27/25 02:15:00,28.048,,,,,
10347,07/27/25 02:30:00,28.097,,,,,
10348,07/27/25 02:45:00,27.998,,,,,
10349,07/27/25 03:00:00,28.122,,,,,
10350,07/27/25 03:15:00,28.221,,,,,
10351,07/27/25 03:30:00,28.419,,,,,
10352,07/27/25 03:45:00,28.369,,,,,
10353,07/27/25 04:00:00,28.369,,,,,
10354,07/27/25 04:15:00,28.221,,,,,
10355,07/27/25 04:30:00,28.221,,,,,
10356,07/27/25 04:45:00,28.270,,,,,
10357,07/27/25 05:00:00,28.394,,,,,
10358,07/27/25 05:15:00,28.568,,,,,
10359,07/27/25 05:30:00,28.345,,,,,
10360,07/27/25 05:45:00,28.345,,,,,
10361,07/27/25 06:00:00,28.444,,,,,
10362,07/27/25 06:15:00,28.593,,,,,
10363,07/27/25 06:30:00,28.568,,,,,
10364,07/27/25 06:45:00,28.568,,,,,
10365,07/27/25 07:00:00,28.568,,,,,
10366,07/27/25 07:15:00,28.444,,,,,
10367,07/27/25 07:30:00,28.369,,,,,
10368,07/27/25 07:45:00,28.345,,,,,
10369,07/27/25 08:00:00,28.394,,,,,
10370,07/27/25 08:15:00,28.394,,,,,
10371,07/27/25 08:30:00,28.394,,,,,
10372,07/27/25 08:45:00,28.345,,,,,
10373,07/27/25 09:00:00,28.369,,,,,
10374,07/27/25 09:15:00,28.369,,,,,
10375,07/27/25 09:30:00,28.196,,,,,
10376,07/27/25 09:45:00,27.998,,,,,
10377,07/27/25 10:00:00,28.023,,,,,
10378,07/27/25 10:15:00,27.899,,,,,
10379,07/27/25 10:30:00,27.998,,,,,
10380,07/27/25 10:45:00,28.072,,,,,
10381,07/27/25 11:00:00,28.072,,,,,
10382,07/27/25 11:15:00,28.245,,,,,
10383,07/27/25 11:30:00,27.974,,,,,
10384,07/27/25 11:45:00,28.320,,,,,
10385,07/27/25 12:00:00,28.394,,,,,
10386,07/27/25 12:15:00,28.419,,,,,
10387,07/27/25 12:30:00,28.122,,,,,
10388,07/27/25 12:45:00,28.295,,,,,
10389,07/27/25 13:00:00,28.369,,,,,
10390,07/27/25 13:15:00,28.122,,,,,
10391,07/27/25 13:30:00,28.072,,,,,
10392,07/27/25 13:45:00,27.998,,,,,
10393,07/27/25 14:00:00,28.072,,,,,
10394,07/27/25 14:15:00,28.072,,,,,
10395,07/27/25 14:30:00,28.023,,,,,
10396,07/27/25 14:45:00,28.196,,,,,
10397,07/27/25 15:00:00,28.097,,,,,
10398,07/27/25 15:15:00,28.221,,,,,
10399,07/27/25 15:30:00,28.270,,,,,
10400,07/27/25 15:45:00,28.320,,,,,
10401,07/27/25 16:00:00,28.295,,,,,
10402,07/27/25 16:15:00,28.320,,,,,
10403,07/27/25 16:30:00,28.345,,,,,
10404,07/27/25 16:45:00,28.394,,,,,
10405,07/27/25 17:00:00,28.345,,,,,
10406,07/27/25 17:15:00,28.320,,,,,
10407,07/27/25 17:30:00,28.245,,,,,
10408,07/27/25 17:45:00,28.122,,,,,
10409,07/27/25 18:00:00,28.171,,,,,
10410,07/27/25 18:15:00,28.196,,,,,
10411,07/27/25 18:30:00,28.245,,,,,
10412,07/27/25 18:45:00,28.245,,,,,
10413,07/27/25 19:00:00,28.221,,,,,
10414,07/27/25 19:15:00,28.444,,,,,
10415,07/27/25 19:30:00,28.568,,,,,
10416,07/27/25 19:45:00,28.617,,,,,
10417,07/27/25 20:00:00,28.642,,,,,
10418,07/27/25 20:15:00,28.642,,,,,
10419,07/27/25 20:30:00,28.816,,,,,
10420,07/27/25 20:45:00,28.791,,,,,
10421,07/27/25 21:00:00,28.916,,,,,
10422,07/27/25 21:15:00,28.916,,,,,
10423,07/27/25 21:30:00,28.916,,,,,
10424,07/27/25 21:45:00,28.916,,,,,
10425,07/27/25 22:00:00,28.866,,,,,
10426,07/27/25 22:15:00,28.941,,,,,
10427,07/27/25 22:30:00,28.916,,,,,
10428,07/27/25 22:45:00,28.941,,,,,
10429,07/27/25 23:00:00,28.941,,,,,
10430,07/27/25 23:15:00,28.916,,,,,
10431,07/27/25 23:30:00,28.916,,,,,
10432,07/27/25 23:45:00,28.568,,,,,
10433,07/28/25 00:00:00,28.642,,,,,
10434,07/28/25 00:15:00,28.617,,,,,
10435,07/28/25 00:30:00,28.593,,,,,
10436,07/28/25 00:45:00,28.667,,,,,
10437,07/28/25 01:00:00,28.692,,,,,
10438,07/28/25 01:15:00,28.841,,,,,
10439,07/28/25 01:30:00,28.816,,,,,
10440,07/28/25 01:45:00,28.568,,,,,
10441,07/28/25 02:00:00,28.543,,,,,
10442,07/28/25 02:15:00,28.543,,,,,
10443,07/28/25 02:30:00,28.543,,,,,
10444,07/28/25 02:45:00,28.493,,,,,
10445,07/28/25 03:00:00,28.221,,,,,
10446,07/28/25 03:15:00,28.147,,,,,
10447,07/28/25 03:30:00,28.270,,,,,
10448,07/28/25 03:45:00,28.270,,,,,
10449,07/28/25 04:00:00,28.147,,,,,
10450,07/28/25 04:15:00,28.320,,,,,
10451,07/28/25 04:30:00,28.543,,,,,
10452,07/28/25 04:45:00,28.245,,,,,
10453,07/28/25 05:00:00,28.147,,,,,
10454,07/28/25 05:15:00,28.518,,,,,
10455,07/28/25 05:30:00,28.568,,,,,
10456,07/28/25 05:45:00,28.543,,,,,
10457,07/28/25 06:00:00,28.692,,,,,
10458,07/28/25 06:15:00,28.692,,,,,
10459,07/28/25 06:30:00,28.642,,,,,
10460,07/28/25 06:45:00,28.742,,,,,
10461,07/28/25 07:00:00,28.816,,,,,
10462,07/28/25 07:15:00,28.816,,,,,
10463,07/28/25 07:30:00,28.841,,,,,
10464,07/28/25 07:45:00,28.866,,,,,
10465,07/28/25 08:00:00,28.866,,,,,
10466,07/28/25 08:15:00,28.866,,,,,
10467,07/28/25 08:30:00,28.866,,,,,
10468,07/28/25 08:45:00,28.891,,,,,
10469,07/28/25 09:00:00,28.891,,,,,
10470,07/28/25 09:15:00,28.766,,,,,
10471,07/28/25 09:30:00,28.419,,,,,
10472,07/28/25 09:45:00,28.419,,,,,
10473,07/28/25 10:00:00,28.419,,,,,
10474,07/28/25 10:15:00,28.394,,,,,
10475,07/28/25 10:30:00,28.320,,,,,
10476,07/28/25 10:45:00,28.394,,,,,
10477,07/28/25 11:00:00,28.468,,,,,
10478,07/28/25 11:15:00,28.493,,,,,
10479,07/28/25 11:30:00,28.518,,,,,
10480,07/28/25 11:45:00,28.518,,,,,
10481,07/28/25 12:00:00,28.493,,,,,
10482,07/28/25 12:15:00,28.444,,,,,
10483,07/28/25 12:30:00,28.468,,,,,
10484,07/28/25 12:45:00,28.493,,,,,
10485,07/28/25 13:00:00,28.493,,,,,
10486,07/28/25 13:15:00,28.419,,,,,
10487,07/28/25 13:30:00,28.320,,,,,
10488,07/28/25 13:45:00,28.518,,,,,
10489,07/28/25 14:00:00,28.419,,,,,
10490,07/28/25 14:15:00,28.394,,,,,
10491,07/28/25 14:30:00,28.097,,,,,
10492,07/28/25 14:45:00,27.949,,,,,
10493,07/28/25 15:00:00,27.899,,,,,
10494,07/28/25 15:15:00,27.825,,,,,
10495,07/28/25 15:30:00,27.801,,,,,
10496,07/28/25 15:45:00,28.072,,,,,
10497,07/28/25 16:00:00,27.974,,,,,
10498,07/28/25 16:15:00,28.147,,,,,
10499,07/28/25 16:30:00,28.221,,,,,
10500,07/28/25 16:45:00,28.320,,,,,
10501,07/28/25 17:00:00,28.345,,,,,
10502,07/28/25 17:15:00,28.320,,,,,
10503,07/28/25 17:30:00,28.295,,,,,
10504,07/28/25 17:45:00,28.270,,,,,
10505,07/28/25 18:00:00,28.419,,,,,
10506,07/28/25 18:15:00,28.419,,,,,
10507,07/28/25 18:30:00,28.394,,,,,
10508,07/28/25 18:45:00,28.245,,,,,
10509,07/28/25 19:00:00,27.998,,,,,
10510,07/28/25 19:15:00,28.048,,,,,
10511,07/28/25 19:30:00,27.825,,,,,
10512,07/28/25 19:45:00,28.072,,,,,
10513,07/28/25 20:00:00,28.320,,,,,
10514,07/28/25 20:15:00,28.295,,,,,
10515,07/28/25 20:30:00,28.295,,,,,
10516,07/28/25 20:45:00,28.369,,,,,
10517,07/28/25 21:00:00,28.468,,,,,
10518,07/28/25 21:15:00,28.518,,,,,
10519,07/28/25 21:30:00,28.394,,,,,
10520,07/28/25 21:45:00,28.221,,,,,
10521,07/28/25 22:00:00,27.998,,,,,
10522,07/28/25 22:15:00,28.097,,,,,
10523,07/28/25 22:30:00,28.048,,,,,
10524,07/28/25 22:45:00,27.974,,,,,
10525,07/28/25 23:00:00,28.023,,,,,
10526,07/28/25 23:15:00,27.998,,,,,
10527,07/28/25 23:30:00,27.899,,,,,
10528,07/28/25 23:45:00,27.751,,,,,
10529,07/29/25 00:00:00,27.751,,,,,
10530,07/29/25 00:15:00,27.776,,,,,
10531,07/29/25 00:30:00,27.751,,,,,
10532,07/29/25 00:45:00,27.825,,,,,
10533,07/29/25 01:00:00,27.924,,,,,
10534,07/29/25 01:15:00,28.048,,,,,
10535,07/29/25 01:30:00,28.097,,,,,
10536,07/29/25 01:45:00,28.147,,,,,
10537,07/29/25 02:00:00,27.899,,,,,
10538,07/29/25 02:15:00,27.850,,,,,
10539,07/29/25 02:30:00,28.048,,,,,
10540,07/29/25 02:45:00,28.122,,,,,
10541,07/29/25 03:00:00,28.122,,,,,
10542,07/29/25 03:15:00,28.171,,,,,
10543,07/29/25 03:30:00,28.072,,,,,
10544,07/29/25 03:45:00,28.122,,,,,
10545,07/29/25 04:00:00,28.147,,,,,
10546,07/29/25 04:15:00,28.147,,,,,
10547,07/29/25 04:30:00,28.097,,,,,
10548,07/29/25 04:45:00,28.147,,,,,
10549,07/29/25 05:00:00,28.147,,,,,
10550,07/29/25 05:15:00,28.097,,,,,
10551,07/29/25 05:30:00,28.097,,,,,
10552,07/29/25 05:45:00,28.097,,,,,
10553,07/29/25 06:00:00,28.097,,,,,
10554,07/29/25 06:15:00,28.122,,,,,
10555,07/29/25 06:30:00,28.147,,,,,
10556,07/29/25 06:45:00,28.295,,,,,
10557,07/29/25 07:00:00,28.617,,,,,
10558,07/29/25 07:15:00,28.493,,,,,
10559,07/29/25 07:30:00,28.369,,,,,
10560,07/29/25 07:45:00,28.245,,,,,
10561,07/29/25 08:00:00,28.221,,,,,
10562,07/29/25 08:15:00,28.221,,,,,
10563,07/29/25 08:30:00,28.295,,,,,
10564,07/29/25 08:45:00,28.369,,,,,
10565,07/29/25 09:00:00,28.221,,,,,
10566,07/29/25 09:15:00,28.320,,,,,
10567,07/29/25 09:30:00,28.394,,,,,
10568,07/29/25 09:45:00,28.270,,,,,
10569,07/29/25 10:00:00,28.023,,,,,
10570,07/29/25 10:15:00,27.998,,,,,
10571,07/29/25 10:30:00,27.974,,,,,
10572,07/29/25 10:45:00,27.850,,,,,
10573,07/29/25 11:00:00,27.899,,,,,
10574,07/29/25 11:15:00,27.776,,,,,
10575,07/29/25 11:30:00,27.727,,,,,
10576,07/29/25 11:45:00,27.751,,,,,
10577,07/29/25 12:00:00,27.751,,,,,
10578,07/29/25 12:15:00,27.677,,,,,
10579,07/29/25 12:30:00,27.727,,,,,
10580,07/29/25 12:45:00,27.727,,,,,
10581,07/29/25 13:00:00,27.949,,,,,
10582,07/29/25 13:15:00,27.974,,,,,
10583,07/29/25 13:30:00,28.196,,,,,
10584,07/29/25 13:45:00,28.196,,,,,
10585,07/29/25 14:00:00,28.171,,,,,
10586,07/29/25 14:15:00,28.122,,,,,
10587,07/29/25 14:30:00,28.048,,,,,
10588,07/29/25 14:45:00,28.048,,,,,
10589,07/29/25 15:00:00,27.974,,,,,
10590,07/29/25 15:15:00,27.924,,,,,
10591,07/29/25 15:30:00,27.924,,,,,
10592,07/29/25 15:45:00,27.924,,,,,
10593,07/29/25 16:00:00,27.949,,,,,
10594,07/29/25 16:15:00,27.924,,,,,
10595,07/29/25 16:30:00,27.998,,,,,
10596,07/29/25 16:45:00,28.048,,,,,
10597,07/29/25 17:00:00,28.147,,,,,
10598,07/29/25 17:15:00,28.221,,,,,
10599,07/29/25 17:30:00,28.245,,,,,
10600,07/29/25 17:45:00,28.221,,,,,
10601,07/29/25 18:00:00,28.295,,,,,
10602,07/29/25 18:15:00,28.345,,,,,
10603,07/29/25 18:30:00,28.320,,,,,
10604,07/29/25 18:45:00,28.320,,,,,
10605,07/29/25 19:00:00,28.394,,,,,
10606,07/29/25 19:15:00,28.345,,,,,
10607,07/29/25 19:30:00,28.196,,,,,
10608,07/29/25 19:45:00,28.369,,,,,
10609,07/29/25 20:00:00,28.419,,,,,
10610,07/29/25 20:15:00,28.394,,,,,
10611,07/29/25 20:30:00,28.468,,,,,
10612,07/29/25 20:45:00,28.468,,,,,
10613,07/29/25 21:00:00,28.493,,,,,
10614,07/29/25 21:15:00,28.518,,,,,
10615,07/29/25 21:30:00,28.518,,,,,
10616,07/29/25 21:45:00,28.122,,,,,
10617,07/29/25 22:00:00,28.122,,,,,
10618,07/29/25 22:15:00,28.147,,,,,
10619,07/29/25 22:30:00,27.801,,,,,
10620,07/29/25 22:45:00,27.751,,,,,
10621,07/29/25 23:00:00,27.727,,,,,
10622,07/29/25 23:15:00,27.751,,,,,
10623,07/29/25 23:30:00,27.727,,,,,
10624,07/29/25 23:45:00,27.875,,,,,
10625,07/30/25 00:00:00,27.776,,,,,
10626,07/30/25 00:15:00,27.850,,,,,
10627,07/30/25 00:30:00,27.974,,,,,
10628,07/30/25 00:45:00,28.171,,,,,
10629,07/30/25 01:00:00,28.295,,,,,
10630,07/30/25 01:15:00,28.270,,,,,
10631,07/30/25 01:30:00,28.196,,,,,
10632,07/30/25 01:45:00,28.221,,,,,
10633,07/30/25 02:00:00,28.221,,,,,
10634,07/30/25 02:15:00,28.245,,,,,
10635,07/30/25 02:30:00,28.196,,,,,
10636,07/30/25 02:45:00,28.171,,,,,
10637,07/30/25 03:00:00,28.048,,,,,
10638,07/30/25 03:15:00,28.048,,,,,
10639,07/30/25 03:30:00,28.147,,,,,
10640,07/30/25 03:45:00,28.196,,,,,
10641,07/30/25 04:00:00,28.122,,,,,
10642,07/30/25 04:15:00,27.949,,,,,
10643,07/30/25 04:30:00,28.097,,,,,
10644,07/30/25 04:45:00,28.171,,,,,
10645,07/30/25 05:00:00,28.147,,,,,
10646,07/30/25 05:15:00,28.171,,,,,
10647,07/30/25 05:30:00,28.245,,,,,
10648,07/30/25 05:45:00,28.221,,,,,
10649,07/30/25 06:00:00,28.221,,,,,
10650,07/30/25 06:15:00,28.245,,,,,
10651,07/30/25 06:30:00,28.270,,,,,
10652,07/30/25 06:45:00,28.295,,,,,
10653,07/30/25 07:00:00,28.320,,,,,
10654,07/30/25 07:15:00,28.320,,,,,
10655,07/30/25 07:30:00,28.345,,,,,
10656,07/30/25 07:45:00,28.345,,,,,
10657,07/30/25 08:00:00,28.394,,,,,
10658,07/30/25 08:15:00,28.419,,,,,
10659,07/30/25 08:30:00,28.444,,,,,
10660,07/30/25 08:45:00,28.493,,,,,
10661,07/30/25 09:00:00,28.543,,,,,
10662,07/30/25 09:15:00,28.543,,,,,
10663,07/30/25 09:30:00,28.518,,,,,
10664,07/30/25 09:45:00,28.518,,,,,
10665,07/30/25 10:00:00,28.419,,,,,
10666,07/30/25 10:15:00,28.345,,,,,
10667,07/30/25 10:30:00,28.369,,,,,
10668,07/30/25 10:45:00,28.345,,,,,
10669,07/30/25 11:00:00,28.345,,,,,
10670,07/30/25 11:15:00,28.320,,,,,
10671,07/30/25 11:30:00,28.320,,,,,
10672,07/30/25 11:45:00,28.320,,,,,
10673,07/30/25 12:00:00,28.320,,,,,
10674,07/30/25 12:15:00,28.245,,,,,
10675,07/30/25 12:30:00,28.295,,,,,
10676,07/30/25 12:45:00,28.320,,,,,
10677,07/30/25 13:00:00,28.320,,,,,
10678,07/30/25 13:15:00,28.345,,,,,
10679,07/30/25 13:30:00,28.369,,,,,
10680,07/30/25 13:45:00,28.345,,,,,
10681,07/30/25 14:00:00,28.320,,,,,
10682,07/30/25 14:15:00,28.320,,,,,
10683,07/30/25 14:30:00,28.295,,,,,
10684,07/30/25 14:45:00,28.072,,,,,
10685,07/30/25 15:00:00,28.023,,,,,
10686,07/30/25 15:15:00,28.023,,,,,
10687,07/30/25 15:30:00,27.998,,,,,
10688,07/30/25 15:45:00,27.924,,,,,
10689,07/30/25 16:00:00,28.072,,,,,
10690,07/30/25 16:15:00,28.147,,,,,
10691,07/30/25 16:30:00,28.196,,,,,
10692,07/30/25 16:45:00,28.245,,,,,
10693,07/30/25 17:00:00,28.072,,,,,
10694,07/30/25 17:15:00,28.196,,,,,
10695,07/30/25 17:30:00,28.048,,,,,
10696,07/30/25 17:45:00,28.221,,,,,
10697,07/30/25 18:00:00,28.394,,,,,
10698,07/30/25 18:15:00,28.345,,,,,
10699,07/30/25 18:30:00,28.369,,,,,
10700,07/30/25 18:45:00,28.369,,,,,
10701,07/30/25 19:00:00,28.394,,,,,
10702,07/30/25 19:15:00,28.320,,,,,
10703,07/30/25 19:30:00,28.345,,,,,
10704,07/30/25 19:45:00,28.369,,,,,
10705,07/30/25 20:00:00,28.345,,,,,
10706,07/30/25 20:15:00,28.320,,,,,
10707,07/30/25 20:30:00,28.444,,,,,
10708,07/30/25 20:45:00,28.444,,,,,
10709,07/30/25 21:00:00,28.444,,,,,
10710,07/30/25 21:15:00,28.444,,,,,
10711,07/30/25 21:30:00,28.394,,,,,
10712,07/30/25 21:45:00,28.394,,,,,
10713,07/30/25 22:00:00,28.419,,,,,
10714,07/30/25 22:15:00,28.444,,,,,
10715,07/30/25 22:30:00,28.444,,,,,
10716,07/30/25 22:45:00,28.419,,,,,
10717,07/30/25 23:00:00,28.394,,,,,
10718,07/30/25 23:15:00,28.320,,,,,
10719,07/30/25 23:30:00,28.320,,,,,
10720,07/30/25 23:45:00,28.320,,,,,
10721,07/31/25 00:00:00,28.270,,,,,
10722,07/31/25 00:15:00,28.270,,,,,
10723,07/31/25 00:30:00,28.270,,,,,
10724,07/31/25 00:45:00,28.369,,,,,
10725,07/31/25 01:00:00,28.444,,,,,
10726,07/31/25 01:15:00,28.444,,,,,
10727,07/31/25 01:30:00,28.444,,,,,
10728,07/31/25 01:45:00,28.468,,,,,
10729,07/31/25 02:00:00,28.320,,,,,
10730,07/31/25 02:15:00,28.295,,,,,
10731,07/31/25 02:30:00,28.147,,,,,
10732,07/31/25 02:45:00,28.196,,,,,
10733,07/31/25 03:00:00,27.949,,,,,
10734,07/31/25 03:15:00,27.924,,,,,
10735,07/31/25 03:30:00,27.949,,,,,
10736,07/31/25 03:45:00,27.974,,,,,
10737,07/31/25 04:00:00,28.245,,,,,
10738,07/31/25 04:15:00,28.394,,,,,
10739,07/31/25 04:30:00,28.369,,,,,
10740,07/31/25 04:45:00,28.171,,,,,
10741,07/31/25 05:00:00,28.147,,,,,
10742,07/31/25 05:15:00,28.221,,,,,
10743,07/31/25 05:30:00,27.850,,,,,
10744,07/31/25 05:45:00,27.924,,,,,
10745,07/31/25 06:00:00,28.345,,,,,
10746,07/31/25 06:15:00,28.419,,,,,
10747,07/31/25 06:30:00,28.444,,,,,
10748,07/31/25 06:45:00,28.419,,,,,
10749,07/31/25 07:00:00,28.369,,,,,
10750,07/31/25 07:15:00,28.221,,,,,
10751,07/31/25 07:30:00,28.394,,,,,
10752,07/31/25 07:45:00,28.345,,,,,
10753,07/31/25 08:00:00,28.394,,,,,
10754,07/31/25 08:15:00,28.468,,,,,
10755,07/31/25 08:30:00,28.543,,,,,
10756,07/31/25 08:45:00,28.617,,,,,
10757,07/31/25 09:00:00,28.667,,,,,
10758,07/31/25 09:15:00,28.717,,,,,
10759,07/31/25 09:30:00,28.742,,,,,
10760,07/31/25 09:45:00,28.742,,,,,
10761,07/31/25 10:00:00,28.766,,,,,
10762,07/31/25 10:15:00,28.816,,,,,
10763,07/31/25 10:30:00,28.841,,,,,
10764,07/31/25 10:45:00,28.791,,,,,
10765,07/31/25 11:00:00,28.593,,,,,
10766,07/31/25 11:15:00,28.369,,,,,
10767,07/31/25 11:30:00,28.518,,,,,
10768,07/31/25 11:45:00,28.593,,,,,
10769,07/31/25 12:00:00,28.543,,,,,
10770,07/31/25 12:15:00,28.394,,,,,
10771,07/31/25 12:30:00,28.171,,,,,
10772,07/31/25 12:45:00,28.171,,,,,
10773,07/31/25 13:00:00,28.147,,,,,
10774,07/31/25 13:15:00,28.196,,,,,
10775,07/31/25 13:30:00,28.394,,,,,
10776,07/31/25 13:45:00,28.345,,,,,
10777,07/31/25 14:00:00,28.221,,,,,
10778,07/31/25 14:15:00,28.122,,,,,
10779,07/31/25 14:30:00,28.072,,,,,
10780,07/31/25 14:45:00,28.097,,,,,
10781,07/31/25 15:00:00,28.221,,,,,
10782,07/31/25 15:15:00,28.295,,,,,
10783,07/31/25 15:30:00,28.196,,,,,
10784,07/31/25 15:45:00,28.171,,,,,
10785,07/31/25 16:00:00,27.776,,,,,
10786,07/31/25 16:15:00,27.974,,,,,
10787,07/31/25 16:30:00,28.196,,,,,
10788,07/31/25 16:45:00,28.270,,,,,
10789,07/31/25 17:00:00,28.171,,,,,
10790,07/31/25 17:15:00,28.122,,,,,
10791,07/31/25 17:30:00,28.419,,,,,
10792,07/31/25 17:45:00,28.493,,,,,
10793,07/31/25 18:00:00,27.924,,,,,
10794,07/31/25 18:15:00,27.702,,,,,
10795,07/31/25 18:30:00,27.974,,,,,
10796,07/31/25 18:45:00,28.369,,,,,
10797,07/31/25 19:00:00,28.221,,,,,
10798,07/31/25 19:15:00,28.295,,,,,
10799,07/31/25 19:30:00,28.295,,,,,
10800,07/31/25 19:45:00,28.295,,,,,
10801,07/31/25 20:00:00,28.444,,,,,
10802,07/31/25 20:15:00,28.518,,,,,
10803,07/31/25 20:30:00,28.543,,,,,
10804,07/31/25 20:45:00,28.593,,,,,
10805,07/31/25 21:00:00,28.543,,,,,
10806,07/31/25 21:15:00,28.617,,,,,
10807,07/31/25 21:30:00,28.642,,,,,
10808,07/31/25 21:45:00,28.617,,,,,
10809,07/31/25 22:00:00,28.642,,,,,
10810,07/31/25 22:15:00,28.667,,,,,
10811,07/31/25 22:30:00,28.642,,,,,
10812,07/31/25 22:45:00,28.568,,,,,
10813,07/31/25 23:00:00,28.617,,,,,
10814,07/31/25 23:15:00,28.568,,,,,
10815,07/31/25 23:30:00,28.617,,,,,
10816,07/31/25 23:45:00,28.667,,,,,
10817,08/01/25 00:00:00,28.642,,,,,
10818,08/01/25 00:15:00,28.369,,,,,
10819,08/01/25 00:30:00,28.122,,,,,
10820,08/01/25 00:45:00,28.295,,,,,
10821,08/01/25 01:00:00,28.320,,,,,
10822,08/01/25 01:15:00,28.369,,,,,
10823,08/01/25 01:30:00,28.345,,,,,
10824,08/01/25 01:45:00,28.493,,,,,
10825,08/01/25 02:00:00,28.394,,,,,
10826,08/01/25 02:15:00,28.221,,,,,
10827,08/01/25 02:30:00,28.345,,,,,
10828,08/01/25 02:45:00,28.369,,,,,
10829,08/01/25 03:00:00,28.345,,,,,
10830,08/01/25 03:15:00,28.345,,,,,
10831,08/01/25 03:30:00,28.394,,,,,
10832,08/01/25 03:45:00,28.419,,,,,
10833,08/01/25 04:00:00,28.518,,,,,
10834,08/01/25 04:15:00,28.518,,,,,
10835,08/01/25 04:30:00,28.493,,,,,
10836,08/01/25 04:45:00,28.147,,,,,
10837,08/01/25 05:00:00,28.097,,,,,
10838,08/01/25 05:15:00,28.097,,,,,
10839,08/01/25 05:30:00,28.048,,,,,
10840,08/01/25 05:45:00,28.072,,,,,
10841,08/01/25 06:00:00,28.023,,,,,
10842,08/01/25 06:15:00,28.072,,,,,
10843,08/01/25 06:30:00,28.122,,,,,
10844,08/01/25 06:45:00,28.023,,,,,
10845,08/01/25 07:00:00,28.221,,,,,
10846,08/01/25 07:15:00,28.419,,,,,
10847,08/01/25 07:30:00,28.468,,,,,
10848,08/01/25 07:45:00,28.419,,,,,
10849,08/01/25 08:00:00,28.444,,,,,
10850,08/01/25 08:15:00,28.444,,,,,
10851,08/01/25 08:30:00,28.394,,,,,
10852,08/01/25 08:45:00,28.270,,,,,
10853,08/01/25 09:00:00,28.468,,,,,
10854,08/01/25 09:15:00,28.468,,,,,
10855,08/01/25 09:30:00,28.493,,,,,
10856,08/01/25 09:45:00,28.468,,,,,
10857,08/01/25 10:00:00,28.444,,,,,
10858,08/01/25 10:15:00,28.493,,,,,
10859,08/01/25 10:30:00,28.518,,,,,
10860,08/01/25 10:45:00,28.667,,,,,
10861,08/01/25 11:00:00,28.692,,,,,
10862,08/01/25 11:15:00,28.692,,,,,
10863,08/01/25 11:30:00,28.717,,,,,
10864,08/01/25 11:45:00,28.742,,,,,
10865,08/01/25 12:00:00,28.692,,,,,
10866,08/01/25 12:15:00,28.518,,,,,
10867,08/01/25 12:30:00,28.468,,,,,
10868,08/01/25 12:45:00,28.518,,,,,
10869,08/01/25 13:00:00,28.493,,,,,
10870,08/01/25 13:15:00,28.444,,,,,
10871,08/01/25 13:30:00,28.369,,,,,
10872,08/01/25 13:45:00,28.221,,,,,
10873,08/01/25 14:00:00,28.270,,,,,
10874,08/01/25 14:15:00,28.295,,,,,
10875,08/01/25 14:30:00,28.097,,,,,
10876,08/01/25 14:45:00,28.171,,,,,
10877,08/01/25 15:00:00,28.295,,,,,
10878,08/01/25 15:15:00,28.295,,,,,
10879,08/01/25 15:30:00,28.345,,,,,
10880,08/01/25 15:45:00,28.419,,,,,
10881,08/01/25 16:00:00,28.444,,,,,
10882,08/01/25 16:15:00,28.419,,,,,
10883,08/01/25 16:30:00,28.369,,,,,
10884,08/01/25 16:45:00,28.369,,,,,
10885,08/01/25 17:00:00,28.295,,,,,
10886,08/01/25 17:15:00,28.394,,,,,
10887,08/01/25 17:30:00,28.270,,,,,
10888,08/01/25 17:45:00,27.924,,,,,
10889,08/01/25 18:00:00,27.875,,,,,
10890,08/01/25 18:15:00,27.850,,,,,
10891,08/01/25 18:30:00,27.801,,,,,
10892,08/01/25 18:45:00,27.825,,,,,
10893,08/01/25 19:00:00,27.850,,,,,
10894,08/01/25 19:15:00,27.974,,,,,
10895,08/01/25 19:30:00,27.949,,,,,
10896,08/01/25 19:45:00,27.899,,,,,
10897,08/01/25 20:00:00,27.924,,,,,
10898,08/01/25 20:15:00,28.023,,,,,
10899,08/01/25 20:30:00,28.270,,,,,
10900,08/01/25 20:45:00,28.270,,,,,
10901,08/01/25 21:00:00,28.295,,,,,
10902,08/01/25 21:15:00,28.320,,,,,
10903,08/01/25 21:30:00,28.345,,,,,
10904,08/01/25 21:45:00,28.369,,,,,
10905,08/01/25 22:00:00,28.493,,,,,
10906,08/01/25 22:15:00,28.394,,,,,
10907,08/01/25 22:30:00,28.419,,,,,
10908,08/01/25 22:45:00,28.320,,,,,
10909,08/01/25 23:00:00,28.369,,,,,
10910,08/01/25 23:15:00,28.468,,,,,
10911,08/01/25 23:30:00,28.468,,,,,
10912,08/01/25 23:45:00,28.468,,,,,
10913,08/02/25 00:00:00,28.419,,,,,
10914,08/02/25 00:15:00,28.394,,,,,
10915,08/02/25 00:30:00,28.369,,,,,
10916,08/02/25 00:45:00,28.419,,,,,
10917,08/02/25 01:00:00,28.345,,,,,
10918,08/02/25 01:15:00,28.147,,,,,
10919,08/02/25 01:30:00,28.171,,,,,
10920,08/02/25 01:45:00,28.245,,,,,
10921,08/02/25 02:00:00,28.196,,,,,
10922,08/02/25 02:15:00,28.196,,,,,
10923,08/02/25 02:30:00,28.221,,,,,
10924,08/02/25 02:45:00,28.245,,,,,
10925,08/02/25 03:00:00,28.394,,,,,
10926,08/02/25 03:15:00,28.369,,,,,
10927,08/02/25 03:30:00,28.295,,,,,
10928,08/02/25 03:45:00,28.320,,,,,
10929,08/02/25 04:00:00,28.369,,,,,
10930,08/02/25 04:15:00,28.493,,,,,
10931,08/02/25 04:30:00,28.568,,,,,
10932,08/02/25 04:45:00,28.593,,,,,
10933,08/02/25 05:00:00,28.568,,,,,
10934,08/02/25 05:15:00,28.568,,,,,
10935,08/02/25 05:30:00,28.468,,,,,
10936,08/02/25 05:45:00,28.518,,,,,
10937,08/02/25 06:00:00,28.593,,,,,
10938,08/02/25 06:15:00,28.617,,,,,
10939,08/02/25 06:30:00,28.642,,,,,
10940,08/02/25 06:45:00,28.692,,,,,
10941,08/02/25 07:00:00,28.692,,,,,
10942,08/02/25 07:15:00,28.518,,,,,
10943,08/02/25 07:30:00,28.568,,,,,
10944,08/02/25 07:45:00,28.444,,,,,
10945,08/02/25 08:00:00,28.444,,,,,
10946,08/02/25 08:15:00,28.468,,,,,
10947,08/02/25 08:30:00,28.468,,,,,
10948,08/02/25 08:45:00,28.568,,,,,
10949,08/02/25 09:00:00,28.766,,,,,
10950,08/02/25 09:15:00,28.593,,,,,
10951,08/02/25 09:30:00,28.518,,,,,
10952,08/02/25 09:45:00,28.468,,,,,
10953,08/02/25 10:00:00,28.468,,,,,
10954,08/02/25 10:15:00,28.468,,,,,
10955,08/02/25 10:30:00,28.468,,,,,
10956,08/02/25 10:45:00,28.444,,,,,
10957,08/02/25 11:00:00,28.444,,,,,
10958,08/02/25 11:15:00,28.419,,,,,
10959,08/02/25 11:30:00,28.419,,,,,
10960,08/02/25 11:45:00,28.444,,,,,
10961,08/02/25 12:00:00,28.444,,,,,
10962,08/02/25 12:15:00,28.444,,,,,
10963,08/02/25 12:30:00,28.444,,,,,
10964,08/02/25 12:45:00,28.468,,,,,
10965,08/02/25 13:00:00,28.468,,,,,
10966,08/02/25 13:15:00,28.444,,,,,
10967,08/02/25 13:30:00,28.493,,,,,
10968,08/02/25 13:45:00,28.444,,,,,
10969,08/02/25 14:00:00,28.493,,,,,
10970,08/02/25 14:15:00,28.493,,,,,
10971,08/02/25 14:30:00,28.444,,,,,
10972,08/02/25 14:45:00,28.444,,,,,
10973,08/02/25 15:00:00,28.444,,,,,
10974,08/02/25 15:15:00,28.444,,,,,
10975,08/02/25 15:30:00,28.493,,,,,
10976,08/02/25 15:45:00,28.518,,,,,
10977,08/02/25 16:00:00,28.543,,,,,
10978,08/02/25 16:15:00,28.543,,,,,
10979,08/02/25 16:30:00,28.518,,,,,
10980,08/02/25 16:45:00,28.543,,,,,
10981,08/02/25 17:00:00,28.518,,,,,
10982,08/02/25 17:15:00,28.518,,,,,
10983,08/02/25 17:30:00,28.518,,,,,
10984,08/02/25 17:45:00,28.568,,,,,
10985,08/02/25 18:00:00,28.568,,,,,
10986,08/02/25 18:15:00,28.543,,,,,
10987,08/02/25 18:30:00,28.518,,,,,
10988,08/02/25 18:45:00,28.518,,,,,
10989,08/02/25 19:00:00,28.543,,,,,
10990,08/02/25 19:15:00,28.568,,,,,
10991,08/02/25 19:30:00,28.617,,,,,
10992,08/02/25 19:45:00,28.816,,,,,
10993,08/02/25 20:00:00,28.742,,,,,
10994,08/02/25 20:15:00,28.766,,,,,
10995,08/02/25 20:30:00,28.593,,,,,
10996,08/02/25 20:45:00,28.816,,,,,
10997,08/02/25 21:00:00,28.617,,,,,
10998,08/02/25 21:15:00,28.593,,,,,
10999,08/02/25 21:30:00,28.568,,,,,
11000,08/02/25 21:45:00,28.493,,,,,
11001,08/02/25 22:00:00,28.394,,,,,
11002,08/02/25 22:15:00,28.419,,,,,
11003,08/02/25 22:30:00,28.543,,,,,
11004,08/02/25 22:45:00,28.543,,,,,
11005,08/02/25 23:00:00,28.568,,,,,
11006,08/02/25 23:15:00,28.518,,,,,
11007,08/02/25 23:30:00,28.493,,,,,
11008,08/02/25 23:45:00,28.568,,,,,
11009,08/03/25 00:00:00,28.568,,,,,
11010,08/03/25 00:15:00,28.617,,,,,
11011,08/03/25 00:30:00,28.518,,,,,
11012,08/03/25 00:45:00,28.270,,,,,
11013,08/03/25 01:00:00,28.369,,,,,
11014,08/03/25 01:15:00,28.369,,,,,
11015,08/03/25 01:30:00,28.345,,,,,
11016,08/03/25 01:45:00,28.394,,,,,
11017,08/03/25 02:00:00,28.493,,,,,
11018,08/03/25 02:15:00,28.295,,,,,
11019,08/03/25 02:30:00,28.345,,,,,
11020,08/03/25 02:45:00,28.369,,,,,
11021,08/03/25 03:00:00,28.444,,,,,
11022,08/03/25 03:15:00,28.444,,,,,
11023,08/03/25 03:30:00,28.419,,,,,
11024,08/03/25 03:45:00,28.320,,,,,
11025,08/03/25 04:00:00,28.320,,,,,
11026,08/03/25 04:15:00,28.394,,,,,
11027,08/03/25 04:30:00,28.345,,,,,
11028,08/03/25 04:45:00,28.245,,,,,
11029,08/03/25 05:00:00,27.949,,,,,
11030,08/03/25 05:15:00,28.369,,,,,
11031,08/03/25 05:30:00,28.394,,,,,
11032,08/03/25 05:45:00,28.394,,,,,
11033,08/03/25 06:00:00,28.320,,,,,
11034,08/03/25 06:15:00,28.122,,,,,
11035,08/03/25 06:30:00,28.072,,,,,
11036,08/03/25 06:45:00,27.998,,,,,
11037,08/03/25 07:00:00,28.122,,,,,
11038,08/03/25 07:15:00,28.270,,,,,
11039,08/03/25 07:30:00,28.419,,,,,
11040,08/03/25 07:45:00,28.493,,,,,
11041,08/03/25 08:00:00,28.593,,,,,
11042,08/03/25 08:15:00,28.593,,,,,
11043,08/03/25 08:30:00,28.617,,,,,
11044,08/03/25 08:45:00,28.617,,,,,
11045,08/03/25 09:00:00,28.667,,,,,
11046,08/03/25 09:15:00,28.692,,,,,
11047,08/03/25 09:30:00,28.617,,,,,
11048,08/03/25 09:45:00,28.642,,,,,
11049,08/03/25 10:00:00,28.617,,,,,
11050,08/03/25 10:15:00,28.617,,,,,
11051,08/03/25 10:30:00,28.568,,,,,
11052,08/03/25 10:45:00,28.568,,,,,
11053,08/03/25 11:00:00,28.518,,,,,
11054,08/03/25 11:15:00,28.568,,,,,
11055,08/03/25 11:30:00,28.543,,,,,
11056,08/03/25 11:45:00,28.543,,,,,
11057,08/03/25 12:00:00,28.444,,,,,
11058,08/03/25 12:15:00,28.394,,,,,
11059,08/03/25 12:30:00,28.394,,,,,
11060,08/03/25 12:45:00,28.345,,,,,
11061,08/03/25 13:00:00,28.345,,,,,
11062,08/03/25 13:15:00,28.320,,,,,
11063,08/03/25 13:30:00,28.394,,,,,
11064,08/03/25 13:45:00,28.717,,,,,
11065,08/03/25 14:00:00,28.617,,,,,
11066,08/03/25 14:15:00,28.518,,,,,
11067,08/03/25 14:30:00,28.493,,,,,
11068,08/03/25 14:45:00,28.568,,,,,
11069,08/03/25 15:00:00,28.468,,,,,
11070,08/03/25 15:15:00,28.468,,,,,
11071,08/03/25 15:30:00,28.518,,,,,
11072,08/03/25 15:45:00,28.518,,,,,
11073,08/03/25 16:00:00,28.394,,,,,
11074,08/03/25 16:15:00,28.394,,,,,
11075,08/03/25 16:30:00,28.369,,,,,
11076,08/03/25 16:45:00,28.369,,,,,
11077,08/03/25 17:00:00,28.394,,,,,
11078,08/03/25 17:15:00,28.369,,,,,
11079,08/03/25 17:30:00,28.295,,,,,
11080,08/03/25 17:45:00,28.245,,,,,
11081,08/03/25 18:00:00,28.270,,,,,
11082,08/03/25 18:15:00,28.270,,,,,
11083,08/03/25 18:30:00,28.270,,,,,
11084,08/03/25 18:45:00,28.369,,,,,
11085,08/03/25 19:00:00,28.369,,,,,
11086,08/03/25 19:15:00,28.345,,,,,
11087,08/03/25 19:30:00,28.196,,,,,
11088,08/03/25 19:45:00,28.196,,,,,
11089,08/03/25 20:00:00,28.122,,,,,
11090,08/03/25 20:15:00,28.122,,,,,
11091,08/03/25 20:30:00,28.122,,,,,
11092,08/03/25 20:45:00,28.320,,,,,
11093,08/03/25 21:00:00,28.320,,,,,
11094,08/03/25 21:15:00,28.245,,,,,
11095,08/03/25 21:30:00,28.196,,,,,
11096,08/03/25 21:45:00,28.245,,,,,
11097,08/03/25 22:00:00,28.320,,,,,
11098,08/03/25 22:15:00,28.419,,,,,
11099,08/03/25 22:30:00,28.369,,,,,
11100,08/03/25 22:45:00,28.419,,,,,
11101,08/03/25 23:00:00,28.444,,,,,
11102,08/03/25 23:15:00,28.543,,,,,
11103,08/03/25 23:30:00,28.642,,,,,
11104,08/03/25 23:45:00,28.617,,,,,
11105,08/04/25 00:00:00,28.518,,,,,
11106,08/04/25 00:15:00,28.518,,,,,
11107,08/04/25 00:30:00,28.593,,,,,
11108,08/04/25 00:45:00,28.593,,,,,
11109,08/04/25 01:00:00,28.593,,,,,
11110,08/04/25 01:15:00,28.543,,,,,
11111,08/04/25 01:30:00,28.543,,,,,
11112,08/04/25 01:45:00,28.543,,,,,
11113,08/04/25 02:00:00,28.543,,,,,
11114,08/04/25 02:15:00,28.568,,,,,
11115,08/04/25 02:30:00,28.568,,,,,
11116,08/04/25 02:45:00,28.593,,,,,
11117,08/04/25 03:00:00,28.543,,,,,
11118,08/04/25 03:15:00,28.543,,,,,
11119,08/04/25 03:30:00,28.543,,,,,
11120,08/04/25 03:45:00,28.518,,,,,
11121,08/04/25 04:00:00,28.518,,,,,
11122,08/04/25 04:15:00,28.518,,,,,
11123,08/04/25 04:30:00,28.468,,,,,
11124,08/04/25 04:45:00,28.444,,,,,
11125,08/04/25 05:00:00,28.444,,,,,
11126,08/04/25 05:15:00,28.345,,,,,
11127,08/04/25 05:30:00,28.345,,,,,
11128,08/04/25 05:45:00,27.949,,,,,
11129,08/04/25 06:00:00,28.245,,,,,
11130,08/04/25 06:15:00,28.072,,,,,
11131,08/04/25 06:30:00,28.147,,,,,
11132,08/04/25 06:45:00,28.345,,,,,
11133,08/04/25 07:00:00,28.394,,,,,
11134,08/04/25 07:15:00,28.369,,,,,
11135,08/04/25 07:30:00,28.394,,,,,
11136,08/04/25 07:45:00,28.369,,,,,
11137,08/04/25 08:00:00,28.394,,,,,
11138,08/04/25 08:15:00,28.468,,,,,
11139,08/04/25 08:30:00,28.518,,,,,
11140,08/04/25 08:45:00,28.518,,,,,
11141,08/04/25 09:00:00,28.468,,,,,
11142,08/04/25 09:15:00,28.419,,,,,
11143,08/04/25 09:30:00,28.419,,,,,
11144,08/04/25 09:45:00,28.468,,,,,
11145,08/04/25 10:00:00,28.593,,,,,
11146,08/04/25 10:15:00,28.593,,,,,
11147,08/04/25 10:30:00,28.543,,,,,
11148,08/04/25 10:45:00,28.642,,,,,
11149,08/04/25 11:00:00,28.593,,,,,
11150,08/04/25 11:15:00,28.518,,,,,
11151,08/04/25 11:30:00,28.493,,,,,
11152,08/04/25 11:45:00,28.568,,,,,
11153,08/04/25 12:00:00,28.518,,,,,
11154,08/04/25 12:15:00,28.518,,,,,
11155,08/04/25 12:30:00,28.568,,,,,
11156,08/04/25 12:45:00,28.593,,,,,
11157,08/04/25 13:00:00,28.617,,,,,
11158,08/04/25 13:15:00,28.642,,,,,
11159,08/04/25 13:30:00,28.617,,,,,
11160,08/04/25 13:45:00,28.642,,,,,
11161,08/04/25 14:00:00,28.667,,,,,
11162,08/04/25 14:15:00,28.667,,,,,
11163,08/04/25 14:30:00,28.667,,,,,
11164,08/04/25 14:45:00,28.642,,,,,
11165,08/04/25 15:00:00,28.593,,,,,
11166,08/04/25 15:15:00,28.593,,,,,
11167,08/04/25 15:30:00,28.543,,,,,
11168,08/04/25 15:45:00,28.369,,,,,
11169,08/04/25 16:00:00,28.320,,,,,
11170,08/04/25 16:15:00,28.468,,,,,
11171,08/04/25 16:30:00,28.543,,,,,
11172,08/04/25 16:45:00,28.518,,,,,
11173,08/04/25 17:00:00,28.419,,,,,
11174,08/04/25 17:15:00,28.419,,,,,
11175,08/04/25 17:30:00,28.245,,,,,
11176,08/04/25 17:45:00,27.949,,,,,
11177,08/04/25 18:00:00,27.825,,,,,
11178,08/04/25 18:15:00,28.023,,,,,
11179,08/04/25 18:30:00,28.122,,,,,
11180,08/04/25 18:45:00,28.221,,,,,
11181,08/04/25 19:00:00,28.270,,,,,
11182,08/04/25 19:15:00,28.369,,,,,
11183,08/04/25 19:30:00,28.394,,,,,
11184,08/04/25 19:45:00,28.419,,,,,
11185,08/04/25 20:00:00,28.270,,,,,
11186,08/04/25 20:15:00,28.221,,,,,
11187,08/04/25 20:30:00,28.345,,,,,
11188,08/04/25 20:45:00,28.320,,,,,
11189,08/04/25 21:00:00,28.419,,,,,
11190,08/04/25 21:15:00,28.468,,,,,
11191,08/04/25 21:30:00,28.394,,,,,
11192,08/04/25 21:45:00,28.468,,,,,
11193,08/04/25 22:00:00,28.419,,,,,
11194,08/04/25 22:15:00,28.468,,,,,
11195,08/04/25 22:30:00,28.493,,,,,
11196,08/04/25 22:45:00,28.493,,,,,
11197,08/04/25 23:00:00,28.468,,,,,
11198,08/04/25 23:15:00,28.468,,,,,
11199,08/04/25 23:30:00,28.444,,,,,
11200,08/04/25 23:45:00,28.468,,,,,
11201,08/05/25 00:00:00,28.493,,,,,
11202,08/05/25 00:15:00,28.468,,,,,
11203,08/05/25 00:30:00,28.468,,,,,
11204,08/05/25 00:45:00,28.717,,,,,
11205,08/05/25 01:00:00,28.742,,,,,
11206,08/05/25 01:15:00,28.692,,,,,
11207,08/05/25 01:30:00,28.766,,,,,
11208,08/05/25 01:45:00,28.965,,,,,
11209,08/05/25 02:00:00,28.990,,,,,
11210,08/05/25 02:15:00,28.941,,,,,
11211,08/05/25 02:30:00,28.816,,,,,
11212,08/05/25 02:45:00,28.617,,,,,
11213,08/05/25 03:00:00,28.742,,,,,
11214,08/05/25 03:15:00,28.617,,,,,
11215,08/05/25 03:30:00,28.444,,,,,
11216,08/05/25 03:45:00,28.444,,,,,
11217,08/05/25 04:00:00,28.419,,,,,
11218,08/05/25 04:15:00,28.369,,,,,
11219,08/05/25 04:30:00,28.345,,,,,
11220,08/05/25 04:45:00,28.320,,,,,
11221,08/05/25 05:00:00,28.444,,,,,
11222,08/05/25 05:15:00,28.369,,,,,
11223,08/05/25 05:30:00,28.369,,,,,
11224,08/05/25 05:45:00,28.444,,,,,
11225,08/05/25 06:00:00,28.468,,,,,
11226,08/05/25 06:15:00,28.444,,,,,
11227,08/05/25 06:30:00,28.468,,,,,
11228,08/05/25 06:45:00,28.518,,,,,
11229,08/05/25 07:00:00,28.543,,,,,
11230,08/05/25 07:15:00,28.568,,,,,
11231,08/05/25 07:30:00,28.568,,,,,
11232,08/05/25 07:45:00,28.617,,,,,
11233,08/05/25 08:00:00,28.617,,,,,
11234,08/05/25 08:15:00,28.617,,,,,
11235,08/05/25 08:30:00,28.692,,,,,
11236,08/05/25 08:45:00,28.742,,,,,
11237,08/05/25 09:00:00,28.766,,,,,
11238,08/05/25 09:15:00,28.891,,,,,
11239,08/05/25 09:30:00,28.990,,,,,
11240,08/05/25 09:45:00,29.015,,,,,
11241,08/05/25 10:00:00,28.965,,,,,
11242,08/05/25 10:15:00,29.090,,,,,
11243,08/05/25 10:30:00,28.841,,,,,
11244,08/05/25 10:45:00,28.965,,,,,
11245,08/05/25 11:00:00,29.140,,,,,
11246,08/05/25 11:15:00,29.215,,,,,
11247,08/05/25 11:30:00,29.165,,,,,
11248,08/05/25 11:45:00,29.165,,,,,
11249,08/05/25 12:00:00,29.215,,,,,
11250,08/05/25 12:15:00,28.717,,,,,
11251,08/05/25 12:30:00,29.015,,,,,
11252,08/05/25 12:45:00,28.568,,,,,
11253,08/05/25 13:00:00,28.493,,,,,
11254,08/05/25 13:15:00,28.667,,,,,
11255,08/05/25 13:30:00,28.568,,,,,
11256,08/05/25 13:45:00,28.667,,,,,
11257,08/05/25 14:00:00,28.667,,,,,
11258,08/05/25 14:15:00,28.667,,,,,
11259,08/05/25 14:30:00,28.642,,,,,
11260,08/05/25 14:45:00,28.617,,,,,
11261,08/05/25 15:00:00,28.642,,,,,
11262,08/05/25 15:15:00,28.692,,,,,
11263,08/05/25 15:30:00,28.791,,,,,
11264,08/05/25 15:45:00,28.766,,,,,
11265,08/05/25 16:00:00,28.742,,,,,
11266,08/05/25 16:15:00,28.841,,,,,
11267,08/05/25 16:30:00,28.990,,,,,
11268,08/05/25 16:45:00,29.015,,,,,
11269,08/05/25 17:00:00,29.015,,,,,
11270,08/05/25 17:15:00,28.941,,,,,
11271,08/05/25 17:30:00,28.916,,,,,
11272,08/05/25 17:45:00,28.841,,,,,
11273,08/05/25 18:00:00,28.766,,,,,
11274,08/05/25 18:15:00,28.766,,,,,
11275,08/05/25 18:30:00,28.766,,,,,
11276,08/05/25 18:45:00,28.891,,,,,
11277,08/05/25 19:00:00,28.791,,,,,
11278,08/05/25 19:15:00,28.742,,,,,
11279,08/05/25 19:30:00,28.766,,,,,
11280,08/05/25 19:45:00,28.841,,,,,
11281,08/05/25 20:00:00,28.841,,,,,
11282,08/05/25 20:15:00,28.841,,,,,
11283,08/05/25 20:30:00,28.791,,,,,
11284,08/05/25 20:45:00,28.791,,,,,
11285,08/05/25 21:00:00,28.816,,,,,
11286,08/05/25 21:15:00,28.866,,,,,
11287,08/05/25 21:30:00,28.841,,,,,
11288,08/05/25 21:45:00,28.841,,,,,
11289,08/05/25 22:00:00,28.816,,,,,
11290,08/05/25 22:15:00,28.816,,,,,
11291,08/05/25 22:30:00,28.568,,,,,
11292,08/05/25 22:45:00,28.717,,,,,
11293,08/05/25 23:00:00,28.816,,,,,
11294,08/05/25 23:15:00,28.841,,,,,
11295,08/05/25 23:30:00,28.841,,,,,
11296,08/05/25 23:45:00,28.891,,,,,
11297,08/06/25 00:00:00,28.816,,,,,
11298,08/06/25 00:15:00,28.568,,,,,
11299,08/06/25 00:30:00,28.642,,,,,
11300,08/06/25 00:45:00,28.717,,,,,
11301,08/06/25 01:00:00,28.667,,,,,
11302,08/06/25 01:15:00,28.667,,,,,
11303,08/06/25 01:30:00,28.642,,,,,
11304,08/06/25 01:45:00,28.692,,,,,
11305,08/06/25 02:00:00,28.742,,,,,
11306,08/06/25 02:15:00,28.841,,,,,
11307,08/06/25 02:30:00,28.841,,,,,
11308,08/06/25 02:45:00,28.766,,,,,
11309,08/06/25 03:00:00,28.816,,,,,
11310,08/06/25 03:15:00,28.692,,,,,
11311,08/06/25 03:30:00,28.742,,,,,
11312,08/06/25 03:45:00,28.692,,,,,
11313,08/06/25 04:00:00,28.667,,,,,
11314,08/06/25 04:15:00,28.717,,,,,
11315,08/06/25 04:30:00,28.692,,,,,
11316,08/06/25 04:45:00,28.617,,,,,
11317,08/06/25 05:00:00,28.568,,,,,
11318,08/06/25 05:15:00,28.543,,,,,
11319,08/06/25 05:30:00,28.518,,,,,
11320,08/06/25 05:45:00,28.568,,,,,
11321,08/06/25 06:00:00,28.593,,,,,
11322,08/06/25 06:15:00,28.717,,,,,
11323,08/06/25 06:30:00,28.791,,,,,
11324,08/06/25 06:45:00,28.593,,,,,
11325,08/06/25 07:00:00,28.593,,,,,
11326,08/06/25 07:15:00,28.766,,,,,
11327,08/06/25 07:30:00,28.841,,,,,
11328,08/06/25 07:45:00,28.866,,,,,
11329,08/06/25 08:00:00,28.866,,,,,
11330,08/06/25 08:15:00,28.841,,,,,
11331,08/06/25 08:30:00,28.742,,,,,
11332,08/06/25 08:45:00,28.692,,,,,
11333,08/06/25 09:00:00,28.766,,,,,
11334,08/06/25 09:15:00,28.593,,,,,
11335,08/06/25 09:30:00,28.642,,,,,
11336,08/06/25 09:45:00,28.642,,,,,
11337,08/06/25 10:00:00,28.667,,,,,
11338,08/06/25 10:15:00,28.766,,,,,
11339,08/06/25 10:30:00,28.990,,,,,
11340,08/06/25 10:45:00,28.941,,,,,
11341,08/06/25 11:00:00,28.941,,,,,
11342,08/06/25 11:15:00,29.140,,,,,
11343,08/06/25 11:30:00,28.990,,,,,
11344,08/06/25 11:45:00,28.941,,,,,
11345,08/06/25 12:00:00,28.866,,,,,
11346,08/06/25 12:15:00,28.916,,,,,
11347,08/06/25 12:30:00,28.916,,,,,
11348,08/06/25 12:45:00,28.617,,,,,
11349,08/06/25 13:00:00,28.468,,,,,
11350,08/06/25 13:15:00,28.394,,,,,
11351,08/06/25 13:30:00,28.444,,,,,
11352,08/06/25 13:45:00,28.518,,,,,
11353,08/06/25 14:00:00,28.543,,,,,
11354,08/06/25 14:15:00,28.543,,,,,
11355,08/06/25 14:30:00,28.493,,,,,
11356,08/06/25 14:45:00,28.468,,,,,
11357,08/06/25 15:00:00,28.468,,,,,
11358,08/06/25 15:15:00,28.444,,,,,
11359,08/06/25 15:30:00,28.419,,,,,
11360,08/06/25 15:45:00,28.444,,,,,
11361,08/06/25 16:00:00,28.468,,,,,
11362,08/06/25 16:15:00,28.493,,,,,
11363,08/06/25 16:30:00,28.543,,,,,
11364,08/06/25 16:45:00,28.568,,,,,
11365,08/06/25 17:00:00,28.642,,,,,
11366,08/06/25 17:15:00,28.593,,,,,
11367,08/06/25 17:30:00,28.568,,,,,
11368,08/06/25 17:45:00,28.568,,,,,
11369,08/06/25 18:00:00,28.667,,,,,
11370,08/06/25 18:15:00,28.667,,,,,
11371,08/06/25 18:30:00,28.593,,,,,
11372,08/06/25 18:45:00,28.866,,,,,
11373,08/06/25 19:00:00,28.816,,,,,
11374,08/06/25 19:15:00,28.742,,,,,
11375,08/06/25 19:30:00,28.642,,,,,
11376,08/06/25 19:45:00,28.543,,,,,
11377,08/06/25 20:00:00,28.518,,,,,
11378,08/06/25 20:15:00,28.667,,,,,
11379,08/06/25 20:30:00,28.642,,,,,
11380,08/06/25 20:45:00,28.568,,,,,
11381,08/06/25 21:00:00,28.568,,,,,
11382,08/06/25 21:15:00,28.543,,,,,
11383,08/06/25 21:30:00,28.518,,,,,
11384,08/06/25 21:45:00,28.419,,,,,
11385,08/06/25 22:00:00,28.518,,,,,
11386,08/06/25 22:15:00,28.568,,,,,
11387,08/06/25 22:30:00,28.617,,,,,
11388,08/06/25 22:45:00,28.642,,,,,
11389,08/06/25 23:00:00,28.766,,,,,
11390,08/06/25 23:15:00,28.990,,,,,
11391,08/06/25 23:30:00,28.990,,,,,
11392,08/06/25 23:45:00,29.090,,,,,
11393,08/07/25 00:00:00,29.115,,,,,
11394,08/07/25 00:15:00,29.115,,,,,
11395,08/07/25 00:30:00,29.115,,,,,
11396,08/07/25 00:45:00,29.190,,,,,
11397,08/07/25 01:00:00,29.165,,,,,
11398,08/07/25 01:15:00,29.190,,,,,
11399,08/07/25 01:30:00,29.015,,,,,
11400,08/07/25 01:45:00,28.866,,,,,
11401,08/07/25 02:00:00,28.965,,,,,
11402,08/07/25 02:15:00,28.841,,,,,
11403,08/07/25 02:30:00,28.916,,,,,
11404,08/07/25 02:45:00,28.941,,,,,
11405,08/07/25 03:00:00,28.891,,,,,
11406,08/07/25 03:15:00,28.941,,,,,
11407,08/07/25 03:30:00,28.816,,,,,
11408,08/07/25 03:45:00,28.791,,,,,
11409,08/07/25 04:00:00,28.866,,,,,
11410,08/07/25 04:15:00,28.965,,,,,
11411,08/07/25 04:30:00,29.040,,,,,
11412,08/07/25 04:45:00,28.791,,,,,
11413,08/07/25 05:00:00,28.766,,,,,
11414,08/07/25 05:15:00,28.717,,,,,
11415,08/07/25 05:30:00,28.667,,,,,
11416,08/07/25 05:45:00,28.667,,,,,
11417,08/07/25 06:00:00,28.667,,,,,
11418,08/07/25 06:15:00,28.568,,,,,
11419,08/07/25 06:30:00,28.568,,,,,
11420,08/07/25 06:45:00,28.518,,,,,
11421,08/07/25 07:00:00,28.493,,,,,
11422,08/07/25 07:15:00,28.543,,,,,
11423,08/07/25 07:30:00,28.543,,,,,
11424,08/07/25 07:45:00,28.543,,,,,
11425,08/07/25 08:00:00,28.543,,,,,
11426,08/07/25 08:15:00,28.617,,,,,
11427,08/07/25 08:30:00,28.766,,,,,
11428,08/07/25 08:45:00,28.791,,,,,
11429,08/07/25 09:00:00,28.742,,,,,
11430,08/07/25 09:15:00,28.766,,,,,
11431,08/07/25 09:30:00,28.766,,,,,
11432,08/07/25 09:45:00,28.791,,,,,
11433,08/07/25 10:00:00,28.916,,,,,
11434,08/07/25 10:15:00,29.065,,,,,
11435,08/07/25 10:30:00,29.215,,,,,
11436,08/07/25 10:45:00,29.215,,,,,
11437,08/07/25 11:00:00,29.215,,,,,
11438,08/07/25 11:15:00,29.240,,,,,
11439,08/07/25 11:30:00,29.265,,,,,
11440,08/07/25 11:45:00,29.265,,,,,
11441,08/07/25 12:00:00,29.265,,,,,
11442,08/07/25 12:15:00,28.791,,,,,
11443,08/07/25 12:30:00,28.717,,,,,
11444,08/07/25 12:45:00,28.866,,,,,
11445,08/07/25 13:00:00,28.766,,,,,
11446,08/07/25 13:15:00,28.742,,,,,
11447,08/07/25 13:30:00,28.766,,,,,
11448,08/07/25 13:45:00,28.916,,,,,
11449,08/07/25 14:00:00,29.015,,,,,
11450,08/07/25 14:15:00,28.891,,,,,
11451,08/07/25 14:30:00,28.717,,,,,
11452,08/07/25 14:45:00,28.642,,,,,
11453,08/07/25 15:00:00,28.667,,,,,
11454,08/07/25 15:15:00,28.717,,,,,
11455,08/07/25 15:30:00,28.816,,,,,
11456,08/07/25 15:45:00,28.766,,,,,
11457,08/07/25 16:00:00,28.742,,,,,
11458,08/07/25 16:15:00,28.816,,,,,
11459,08/07/25 16:30:00,28.866,,,,,
11460,08/07/25 16:45:00,28.841,,,,,
11461,08/07/25 17:00:00,28.791,,,,,
11462,08/07/25 17:15:00,28.866,,,,,
11463,08/07/25 17:30:00,28.841,,,,,
11464,08/07/25 17:45:00,28.841,,,,,
11465,08/07/25 18:00:00,28.617,,,,,
11466,08/07/25 18:15:00,28.816,,,,,
11467,08/07/25 18:30:00,28.866,,,,,
11468,08/07/25 18:45:00,28.891,,,,,
11469,08/07/25 19:00:00,28.990,,,,,
11470,08/07/25 19:15:00,28.941,,,,,
11471,08/07/25 19:30:00,28.866,,,,,
11472,08/07/25 19:45:00,28.866,,,,,
11473,08/07/25 20:00:00,28.891,,,,,
11474,08/07/25 20:15:00,28.941,,,,,
11475,08/07/25 20:30:00,28.791,,,,,
11476,08/07/25 20:45:00,28.816,,,,,
11477,08/07/25 21:00:00,28.891,,,,,
11478,08/07/25 21:15:00,28.816,,,,,
11479,08/07/25 21:30:00,28.791,,,,,
11480,08/07/25 21:45:00,28.742,,,,,
11481,08/07/25 22:00:00,28.493,,,,,
11482,08/07/25 22:15:00,28.543,,,,,
11483,08/07/25 22:30:00,28.518,,,,,
11484,08/07/25 22:45:00,28.617,,,,,
11485,08/07/25 23:00:00,28.518,,,,,
11486,08/07/25 23:15:00,28.692,,,,,
11487,08/07/25 23:30:00,28.742,,,,,
11488,08/07/25 23:45:00,28.717,,,,,
11489,08/08/25 00:00:00,28.593,,,,,
11490,08/08/25 00:15:00,28.593,,,,,
11491,08/08/25 00:30:00,28.593,,,,,
11492,08/08/25 00:45:00,28.667,,,,,
11493,08/08/25 01:00:00,28.692,,,,,
11494,08/08/25 01:15:00,28.667,,,,,
11495,08/08/25 01:30:00,28.692,,,,,
11496,08/08/25 01:45:00,28.667,,,,,
11497,08/08/25 02:00:00,28.717,,,,,
11498,08/08/25 02:15:00,28.766,,,,,
11499,08/08/25 02:30:00,28.742,,,,,
11500,08/08/25 02:45:00,28.766,,,,,
11501,08/08/25 03:00:00,28.766,,,,,
11502,08/08/25 03:15:00,28.742,,,,,
11503,08/08/25 03:30:00,28.717,,,,,
11504,08/08/25 03:45:00,28.692,,,,,
11505,08/08/25 04:00:00,28.692,,,,,
11506,08/08/25 04:15:00,28.667,,,,,
11507,08/08/25 04:30:00,28.766,,,,,
11508,08/08/25 04:45:00,28.717,,,,,
11509,08/08/25 05:00:00,28.692,,,,,
11510,08/08/25 05:15:00,28.667,,,,,
11511,08/08/25 05:30:00,28.568,,,,,
11512,08/08/25 05:45:00,28.493,,,,,
11513,08/08/25 06:00:00,28.568,,,,,
11514,08/08/25 06:15:00,28.642,,,,,
11515,08/08/25 06:30:00,28.642,,,,,
11516,08/08/25 06:45:00,28.667,,,,,
11517,08/08/25 07:00:00,28.667,,,,,
11518,08/08/25 07:15:00,28.667,,,,,
11519,08/08/25 07:30:00,28.667,,,,,
11520,08/08/25 07:45:00,28.568,,,,,
11521,08/08/25 08:00:00,28.667,,,,,
11522,08/08/25 08:15:00,28.692,,,,,
11523,08/08/25 08:30:00,28.717,,,,,
11524,08/08/25 08:45:00,28.742,,,,,
11525,08/08/25 09:00:00,28.766,,,,,
11526,08/08/25 09:15:00,28.766,,,,,
11527,08/08/25 09:30:00,28.766,,,,,
11528,08/08/25 09:45:00,28.841,,,,,
11529,08/08/25 10:00:00,28.816,,,,,
11530,08/08/25 10:15:00,28.866,,,,,
11531,08/08/25 10:30:00,28.965,,,,,
11532,08/08/25 10:45:00,28.916,,,,,
11533,08/08/25 11:00:00,28.891,,,,,
11534,08/08/25 11:15:00,28.990,,,,,
11535,08/08/25 11:30:00,28.990,,,,,
11536,08/08/25 11:45:00,28.866,,,,,
11537,08/08/25 12:00:00,28.891,,,,,
11538,08/08/25 12:15:00,28.916,,,,,
11539,08/08/25 12:30:00,29.115,,,,,
11540,08/08/25 12:45:00,28.965,,,,,
11541,08/08/25 13:00:00,28.816,,,,,
11542,08/08/25 13:15:00,28.941,,,,,
11543,08/08/25 13:30:00,28.766,,,,,
11544,08/08/25 13:45:00,28.692,,,,,
11545,08/08/25 14:00:00,28.642,,,,,
11546,08/08/25 14:15:00,28.717,,,,,
11547,08/08/25 14:30:00,28.518,,,,,
11548,08/08/25 14:45:00,28.468,,,,,
11549,08/08/25 15:00:00,28.692,,,,,
11550,08/08/25 15:15:00,28.642,,,,,
11551,08/08/25 15:30:00,28.717,,,,,
11552,08/08/25 15:45:00,28.866,,,,,
11553,08/08/25 16:00:00,28.891,,,,,
11554,08/08/25 16:15:00,28.916,,,,,
11555,08/08/25 16:30:00,28.916,,,,,
11556,08/08/25 16:45:00,28.617,,,,,
11557,08/08/25 17:00:00,28.543,,,,,
11558,08/08/25 17:15:00,28.543,,,,,
11559,08/08/25 17:30:00,28.617,,,,,
11560,08/08/25 17:45:00,28.816,,,,,
11561,08/08/25 18:00:00,28.941,,,,,
11562,08/08/25 18:15:00,28.692,,,,,
11563,08/08/25 18:30:00,28.717,,,,,
11564,08/08/25 18:45:00,28.866,,,,,
11565,08/08/25 19:00:00,28.941,,,,,
11566,08/08/25 19:15:00,28.990,,,,,
11567,08/08/25 19:30:00,28.742,,,,,
11568,08/08/25 19:45:00,28.667,,,,,
11569,08/08/25 20:00:00,28.965,,,,,
11570,08/08/25 20:15:00,28.791,,,,,
11571,08/08/25 20:30:00,28.667,,,,,
11572,08/08/25 20:45:00,28.667,,,,,
11573,08/08/25 21:00:00,28.742,,,,,
11574,08/08/25 21:15:00,28.692,,,,,
11575,08/08/25 21:30:00,28.667,,,,,
11576,08/08/25 21:45:00,28.642,,,,,
11577,08/08/25 22:00:00,28.816,,,,,
11578,08/08/25 22:15:00,28.891,,,,,
11579,08/08/25 22:30:00,28.916,,,,,
11580,08/08/25 22:45:00,28.941,,,,,
11581,08/08/25 23:00:00,28.990,,,,,
11582,08/08/25 23:15:00,28.965,,,,,
11583,08/08/25 23:30:00,28.866,,,,,
11584,08/08/25 23:45:00,29.065,,,,,
11585,08/09/25 00:00:00,29.090,,,,,
11586,08/09/25 00:15:00,29.265,,,,,
11587,08/09/25 00:30:00,29.265,,,,,
11588,08/09/25 00:45:00,29.290,,,,,
11589,08/09/25 01:00:00,29.265,,,,,
11590,08/09/25 01:15:00,29.240,,,,,
11591,08/09/25 01:30:00,29.265,,,,,
11592,08/09/25 01:45:00,29.265,,,,,
11593,08/09/25 02:00:00,29.190,,,,,
11594,08/09/25 02:15:00,29.240,,,,,
11595,08/09/25 02:30:00,29.240,,,,,
11596,08/09/25 02:45:00,29.215,,,,,
11597,08/09/25 03:00:00,29.190,,,,,
11598,08/09/25 03:15:00,29.140,,,,,
11599,08/09/25 03:30:00,29.165,,,,,
11600,08/09/25 03:45:00,29.140,,,,,
11601,08/09/25 04:00:00,29.140,,,,,
11602,08/09/25 04:15:00,29.165,,,,,
11603,08/09/25 04:30:00,29.190,,,,,
11604,08/09/25 04:45:00,29.190,,,,,
11605,08/09/25 05:00:00,29.215,,,,,
11606,08/09/25 05:15:00,29.215,,,,,
11607,08/09/25 05:30:00,29.215,,,,,
11608,08/09/25 05:45:00,29.140,,,,,
11609,08/09/25 06:00:00,29.065,,,,,
11610,08/09/25 06:15:00,29.015,,,,,
11611,08/09/25 06:30:00,28.866,,,,,
11612,08/09/25 06:45:00,28.891,,,,,
11613,08/09/25 07:00:00,28.941,,,,,
11614,08/09/25 07:15:00,28.941,,,,,
11615,08/09/25 07:30:00,28.916,,,,,
11616,08/09/25 07:45:00,28.965,,,,,
11617,08/09/25 08:00:00,29.040,,,,,
11618,08/09/25 08:15:00,29.065,,,,,
11619,08/09/25 08:30:00,28.891,,,,,
11620,08/09/25 08:45:00,28.866,,,,,
11621,08/09/25 09:00:00,28.866,,,,,
11622,08/09/25 09:15:00,28.916,,,,,
11623,08/09/25 09:30:00,28.866,,,,,
11624,08/09/25 09:45:00,28.816,,,,,
11625,08/09/25 10:00:00,28.866,,,,,
11626,08/09/25 10:15:00,28.866,,,,,
11627,08/09/25 10:30:00,28.816,,,,,
11628,08/09/25 10:45:00,28.841,,,,,
11629,08/09/25 11:00:00,28.891,,,,,
11630,08/09/25 11:15:00,28.916,,,,,
11631,08/09/25 11:30:00,28.965,,,,,
11632,08/09/25 11:45:00,28.941,,,,,
11633,08/09/25 12:00:00,29.065,,,,,
11634,08/09/25 12:15:00,29.115,,,,,
11635,08/09/25 12:30:00,29.165,,,,,
11636,08/09/25 12:45:00,29.215,,,,,
11637,08/09/25 13:00:00,29.215,,,,,
11638,08/09/25 13:15:00,29.290,,,,,
11639,08/09/25 13:30:00,29.315,,,,,
11640,08/09/25 13:45:00,29.439,,,,,
11641,08/09/25 14:00:00,29.439,,,,,
11642,08/09/25 14:15:00,29.464,,,,,
11643,08/09/25 14:30:00,29.464,,,,,
11644,08/09/25 14:45:00,29.464,,,,,
11645,08/09/25 15:00:00,29.464,,,,,
11646,08/09/25 15:15:00,29.464,,,,,
11647,08/09/25 15:30:00,29.490,,,,,
11648,08/09/25 15:45:00,29.490,,,,,
11649,08/09/25 16:00:00,29.490,,,,,
11650,08/09/25 16:15:00,29.365,,,,,
11651,08/09/25 16:30:00,29.490,,,,,
11652,08/09/25 16:45:00,29.464,,,,,
11653,08/09/25 17:00:00,28.841,,,,,
11654,08/09/25 17:15:00,28.791,,,,,
11655,08/09/25 17:30:00,28.766,,,,,
11656,08/09/25 17:45:00,28.916,,,,,
11657,08/09/25 18:00:00,28.916,,,,,
11658,08/09/25 18:15:00,28.916,,,,,
11659,08/09/25 18:30:00,28.841,,,,,
11660,08/09/25 18:45:00,28.816,,,,,
11661,08/09/25 19:00:00,28.791,,,,,
11662,08/09/25 19:15:00,28.866,,,,,
11663,08/09/25 19:30:00,28.866,,,,,
11664,08/09/25 19:45:00,28.816,,,,,
11665,08/09/25 20:00:00,28.791,,,,,
11666,08/09/25 20:15:00,28.717,,,,,
11667,08/09/25 20:30:00,28.667,,,,,
11668,08/09/25 20:45:00,28.692,,,,,
11669,08/09/25 21:00:00,28.692,,,,,
11670,08/09/25 21:15:00,28.444,,,,,
11671,08/09/25 21:30:00,28.593,,,,,
11672,08/09/25 21:45:00,28.717,,,,,
11673,08/09/25 22:00:00,28.742,,,,,
11674,08/09/25 22:15:00,28.791,,,,,
11675,08/09/25 22:30:00,28.941,,,,,
11676,08/09/25 22:45:00,29.140,,,,,
11677,08/09/25 23:00:00,29.215,,,,,
11678,08/09/25 23:15:00,29.315,,,,,
11679,08/09/25 23:30:00,29.290,,,,,
11680,08/09/25 23:45:00,29.115,,,,,
11681,08/10/25 00:00:00,29.190,,,,,
11682,08/10/25 00:15:00,29.290,,,,,
11683,08/10/25 00:30:00,29.265,,,,,
11684,08/10/25 00:45:00,29.240,,,,,
11685,08/10/25 01:00:00,29.190,,,,,
11686,08/10/25 01:15:00,29.140,,,,,
11687,08/10/25 01:30:00,29.065,,,,,
11688,08/10/25 01:45:00,29.090,,,,,
11689,08/10/25 02:00:00,29.090,,,,,
11690,08/10/25 02:15:00,28.990,,,,,
11691,08/10/25 02:30:00,28.965,,,,,
11692,08/10/25 02:45:00,29.065,,,,,
11693,08/10/25 03:00:00,29.090,,,,,
11694,08/10/25 03:15:00,29.140,,,,,
11695,08/10/25 03:30:00,29.240,,,,,
11696,08/10/25 03:45:00,29.365,,,,,
11697,08/10/25 04:00:00,29.315,,,,,
11698,08/10/25 04:15:00,29.165,,,,,
11699,08/10/25 04:30:00,29.165,,,,,
11700,08/10/25 04:45:00,29.215,,,,,
11701,08/10/25 05:00:00,29.240,,,,,
11702,08/10/25 05:15:00,29.090,,,,,
11703,08/10/25 05:30:00,28.990,,,,,
11704,08/10/25 05:45:00,29.115,,,,,
11705,08/10/25 06:00:00,28.941,,,,,
11706,08/10/25 06:15:00,28.717,,,,,
11707,08/10/25 06:30:00,28.617,,,,,
11708,08/10/25 06:45:00,28.717,,,,,
11709,08/10/25 07:00:00,28.742,,,,,
11710,08/10/25 07:15:00,28.617,,,,,
11711,08/10/25 07:30:00,28.568,,,,,
11712,08/10/25 07:45:00,28.369,,,,,
11713,08/10/25 08:00:00,28.221,,,,,
11714,08/10/25 08:15:00,28.245,,,,,
11715,08/10/25 08:30:00,28.419,,,,,
11716,08/10/25 08:45:00,28.543,,,,,
11717,08/10/25 09:00:00,28.518,,,,,
11718,08/10/25 09:15:00,28.493,,,,,
11719,08/10/25 09:30:00,28.543,,,,,
11720,08/10/25 09:45:00,28.568,,,,,
11721,08/10/25 10:00:00,28.568,,,,,
11722,08/10/25 10:15:00,28.717,,,,,
11723,08/10/25 10:30:00,28.766,,,,,
11724,08/10/25 10:45:00,28.816,,,,,
11725,08/10/25 11:00:00,28.791,,,,,
11726,08/10/25 11:15:00,28.841,,,,,
11727,08/10/25 11:30:00,28.965,,,,,
11728,08/10/25 11:45:00,28.990,,,,,
11729,08/10/25 12:00:00,28.990,,,,,
11730,08/10/25 12:15:00,28.816,,,,,
11731,08/10/25 12:30:00,28.891,,,,,
11732,08/10/25 12:45:00,28.990,,,,,
11733,08/10/25 13:00:00,28.816,,,,,
11734,08/10/25 13:15:00,28.766,,,,,
11735,08/10/25 13:30:00,28.593,,,,,
11736,08/10/25 13:45:00,28.543,,,,,
11737,08/10/25 14:00:00,28.543,,,,,
11738,08/10/25 14:15:00,28.568,,,,,
11739,08/10/25 14:30:00,28.717,,,,,
11740,08/10/25 14:45:00,28.692,,,,,
11741,08/10/25 15:00:00,28.692,,,,,
11742,08/10/25 15:15:00,29.090,,,,,
11743,08/10/25 15:30:00,29.315,,,,,
11744,08/10/25 15:45:00,29.439,,,,,
11745,08/10/25 16:00:00,29.439,,,,,
11746,08/10/25 16:15:00,29.464,,,,,
11747,08/10/25 16:30:00,29.464,,,,,
11748,08/10/25 16:45:00,29.414,,,,,
11749,08/10/25 17:00:00,29.340,,,,,
11750,08/10/25 17:15:00,29.439,,,,,
11751,08/10/25 17:30:00,29.464,,,,,
11752,08/10/25 17:45:00,28.642,,,,,
11753,08/10/25 18:00:00,29.140,,,,,
11754,08/10/25 18:15:00,28.766,,,,,
11755,08/10/25 18:30:00,28.593,,,,,
11756,08/10/25 18:45:00,28.916,,,,,
11757,08/10/25 19:00:00,28.891,,,,,
11758,08/10/25 19:15:00,28.692,,,,,
11759,08/10/25 19:30:00,28.692,,,,,
11760,08/10/25 19:45:00,28.493,,,,,
11761,08/10/25 20:00:00,28.866,,,,,
11762,08/10/25 20:15:00,28.742,,,,,
11763,08/10/25 20:30:00,28.667,,,,,
11764,08/10/25 20:45:00,28.692,,,,,
11765,08/10/25 21:00:00,28.766,,,,,
11766,08/10/25 21:15:00,28.791,,,,,
11767,08/10/25 21:30:00,28.766,,,,,
11768,08/10/25 21:45:00,28.394,,,,,
11769,08/10/25 22:00:00,28.369,,,,,
11770,08/10/25 22:15:00,28.617,,,,,
11771,08/10/25 22:30:00,28.816,,,,,
11772,08/10/25 22:45:00,28.717,,,,,
11773,08/10/25 23:00:00,28.866,,,,,
11774,08/10/25 23:15:00,28.766,,,,,
11775,08/10/25 23:30:00,28.717,,,,,
11776,08/10/25 23:45:00,28.642,,,,,
11777,08/11/25 00:00:00,28.642,,,,,
11778,08/11/25 00:15:00,28.717,,,,,
11779,08/11/25 00:30:00,28.692,,,,,
11780,08/11/25 00:45:00,28.667,,,,,
11781,08/11/25 01:00:00,28.642,,,,,
11782,08/11/25 01:15:00,28.766,,,,,
11783,08/11/25 01:30:00,28.791,,,,,
11784,08/11/25 01:45:00,28.667,,,,,
11785,08/11/25 02:00:00,28.816,,,,,
11786,08/11/25 02:15:00,28.742,,,,,
11787,08/11/25 02:30:00,28.866,,,,,
11788,08/11/25 02:45:00,28.891,,,,,
11789,08/11/25 03:00:00,28.941,,,,,
11790,08/11/25 03:15:00,28.965,,,,,
11791,08/11/25 03:30:00,29.040,,,,,
11792,08/11/25 03:45:00,29.165,,,,,
11793,08/11/25 04:00:00,29.240,,,,,
11794,08/11/25 04:15:00,29.265,,,,,
11795,08/11/25 04:30:00,28.990,,,,,
11796,08/11/25 04:45:00,29.165,,,,,
11797,08/11/25 05:00:00,28.965,,,,,
11798,08/11/25 05:15:00,28.866,,,,,
11799,08/11/25 05:30:00,28.965,,,,,
11800,08/11/25 05:45:00,29.165,,,,,
11801,08/11/25 06:00:00,29.115,,,,,
11802,08/11/25 06:15:00,28.965,,,,,
11803,08/11/25 06:30:00,28.990,,,,,
11804,08/11/25 06:45:00,29.165,,,,,
11805,08/11/25 07:00:00,29.115,,,,,
11806,08/11/25 07:15:00,29.090,,,,,
11807,08/11/25 07:30:00,29.340,,,,,
11808,08/11/25 07:45:00,29.315,,,,,
11809,08/11/25 08:00:00,29.190,,,,,
11810,08/11/25 08:15:00,28.816,,,,,
11811,08/11/25 08:30:00,28.891,,,,,
11812,08/11/25 08:45:00,28.667,,,,,
11813,08/11/25 09:00:00,28.791,,,,,
11814,08/11/25 09:15:00,28.841,,,,,
11815,08/11/25 09:30:00,28.667,,,,,
11816,08/11/25 09:45:00,28.766,,,,,
11817,08/11/25 10:00:00,28.866,,,,,
11818,08/11/25 10:15:00,28.617,,,,,
11819,08/11/25 10:30:00,28.568,,,,,
11820,08/11/25 10:45:00,28.568,,,,,
11821,08/11/25 11:00:00,28.617,,,,,
11822,08/11/25 11:15:00,28.692,,,,,
11823,08/11/25 11:30:00,28.692,,,,,
11824,08/11/25 11:45:00,28.593,,,,,
11825,08/11/25 12:00:00,28.543,,,,,
11826,08/11/25 12:15:00,28.444,,,,,
11827,08/11/25 12:30:00,28.419,,,,,
11828,08/11/25 12:45:00,28.617,,,,,
11829,08/11/25 13:00:00,28.593,,,,,
11830,08/11/25 13:15:00,28.692,,,,,
11831,08/11/25 13:30:00,28.990,,,,,
11832,08/11/25 13:45:00,28.891,,,,,
11833,08/11/25 14:00:00,29.140,,,,,
11834,08/11/25 14:15:00,28.766,,,,,
11835,08/11/25 14:30:00,28.593,,,,,
11836,08/11/25 14:45:00,28.593,,,,,
11837,08/11/25 15:00:00,28.543,,,,,
11838,08/11/25 15:15:00,28.518,,,,,
11839,08/11/25 15:30:00,28.468,,,,,
11840,08/11/25 15:45:00,28.394,,,,,
11841,08/11/25 16:00:00,28.369,,,,,
11842,08/11/25 16:15:00,29.414,,,,,
11843,08/11/25 16:30:00,29.490,,,,,
11844,08/11/25 16:45:00,29.389,,,,,
11845,08/11/25 17:00:00,29.540,,,,,
11846,08/11/25 17:15:00,29.365,,,,,
11847,08/11/25 17:30:00,29.565,,,,,
11848,08/11/25 17:45:00,29.365,,,,,
11849,08/11/25 18:00:00,29.315,,,,,
11850,08/11/25 18:15:00,29.464,,,,,
11851,08/11/25 18:30:00,28.617,,,,,
11852,08/11/25 18:45:00,28.568,,,,,
11853,08/11/25 19:00:00,28.345,,,,,
11854,08/11/25 19:15:00,28.419,,,,,
11855,08/11/25 19:30:00,28.593,,,,,
11856,08/11/25 19:45:00,28.766,,,,,
11857,08/11/25 20:00:00,28.518,,,,,
11858,08/11/25 20:15:00,28.493,,,,,
11859,08/11/25 20:30:00,28.419,,,,,
11860,08/11/25 20:45:00,28.667,,,,,
11861,08/11/25 21:00:00,28.667,,,,,
11862,08/11/25 21:15:00,28.766,,,,,
11863,08/11/25 21:30:00,28.493,,,,,
11864,08/11/25 21:45:00,28.419,,,,,
11865,08/11/25 22:00:00,28.369,,,,,
11866,08/11/25 22:15:00,28.444,,,,,
11867,08/11/25 22:30:00,28.543,,,,,
11868,08/11/25 22:45:00,28.518,,,,,
11869,08/11/25 23:00:00,28.667,,,,,
11870,08/11/25 23:15:00,28.717,,,,,
11871,08/11/25 23:30:00,28.468,,,,,
11872,08/11/25 23:45:00,28.692,,,,,
11873,08/12/25 00:00:00,28.593,,,,,
11874,08/12/25 00:15:00,28.543,,,,,
11875,08/12/25 00:30:00,28.543,,,,,
11876,08/12/25 00:45:00,28.543,,,,,
11877,08/12/25 01:00:00,28.543,,,,,
11878,08/12/25 01:15:00,28.468,,,,,
11879,08/12/25 01:30:00,28.345,,,,,
11880,08/12/25 01:45:00,28.444,,,,,
11881,08/12/25 02:00:00,28.468,,,,,
11882,08/12/25 02:15:00,28.444,,,,,
11883,08/12/25 02:30:00,28.394,,,,,
11884,08/12/25 02:45:00,28.493,,,,,
11885,08/12/25 03:00:00,28.593,,,,,
11886,08/12/25 03:15:00,28.518,,,,,
11887,08/12/25 03:30:00,28.518,,,,,
11888,08/12/25 03:45:00,28.692,,,,,
11889,08/12/25 04:00:00,28.816,,,,,
11890,08/12/25 04:15:00,29.090,,,,,
11891,08/12/25 04:30:00,29.140,,,,,
11892,08/12/25 04:45:00,29.115,,,,,
11893,08/12/25 05:00:00,29.115,,,,,
11894,08/12/25 05:15:00,29.190,,,,,
11895,08/12/25 05:30:00,29.215,,,,,
11896,08/12/25 05:45:00,29.414,,,,,
11897,08/12/25 06:00:00,29.515,,,,,
11898,08/12/25 06:15:00,29.515,,,,,
11899,08/12/25 06:30:00,29.540,,,,,
11900,08/12/25 06:45:00,29.340,,,,,
11901,08/12/25 07:00:00,29.165,,,,,
11902,08/12/25 07:15:00,29.090,,,,,
11903,08/12/25 07:30:00,29.090,,,,,
11904,08/12/25 07:45:00,29.215,,,,,
11905,08/12/25 08:00:00,29.190,,,,,
11906,08/12/25 08:15:00,29.190,,,,,
11907,08/12/25 08:30:00,29.115,,,,,
11908,08/12/25 08:45:00,29.040,,,,,
11909,08/12/25 09:00:00,28.891,,,,,
11910,08/12/25 09:15:00,28.791,,,,,
11911,08/12/25 09:30:00,28.717,,,,,
11912,08/12/25 09:45:00,28.593,,,,,
11913,08/12/25 10:00:00,28.518,,,,,
11914,08/12/25 10:15:00,28.543,,,,,
11915,08/12/25 10:30:00,28.543,,,,,
11916,08/12/25 10:45:00,28.593,,,,,
11917,08/12/25 11:00:00,28.543,,,,,
11918,08/12/25 11:15:00,28.593,,,,,
11919,08/12/25 11:30:00,28.543,,,,,
11920,08/12/25 11:45:00,28.568,,,,,
11921,08/12/25 12:00:00,28.543,,,,,
11922,08/12/25 12:15:00,28.543,,,,,
11923,08/12/25 12:30:00,28.841,,,,,
11924,08/12/25 12:45:00,28.791,,,,,
11925,08/12/25 13:00:00,28.717,,,,,
11926,08/12/25 13:15:00,28.543,,,,,
11927,08/12/25 13:30:00,28.518,,,,,
11928,08/12/25 13:45:00,29.015,,,,,
11929,08/12/25 14:00:00,29.090,,,,,
11930,08/12/25 14:15:00,29.389,,,,,
11931,08/12/25 14:30:00,29.365,,,,,
11932,08/12/25 14:45:00,29.389,,,,,
11933,08/12/25 15:00:00,29.265,,,,,
11934,08/12/25 15:15:00,29.464,,,,,
11935,08/12/25 15:30:00,29.515,,,,,
11936,08/12/25 15:45:00,29.615,,,,,
11937,08/12/25 16:00:00,29.665,,,,,
11938,08/12/25 16:15:00,29.690,,,,,
11939,08/12/25 16:30:00,29.315,,,,,
11940,08/12/25 16:45:00,29.290,,,,,
11941,08/12/25 17:00:00,29.615,,,,,
11942,08/12/25 17:15:00,29.640,,,,,
11943,08/12/25 17:30:00,29.615,,,,,
11944,08/12/25 17:45:00,29.615,,,,,
11945,08/12/25 18:00:00,29.615,,,,,
11946,08/12/25 18:15:00,29.615,,,,,
11947,08/12/25 18:30:00,29.615,,,,,
11948,08/12/25 18:45:00,29.615,,,,,
11949,08/12/25 19:00:00,29.615,,,,,
11950,08/12/25 19:15:00,29.590,,,,,
11951,08/12/25 19:30:00,29.615,,,,,
11952,08/12/25 19:45:00,29.640,,,,,
11953,08/12/25 20:00:00,29.690,,,,,
11954,08/12/25 20:15:00,29.690,,,,,
11955,08/12/25 20:30:00,29.715,,,,,
11956,08/12/25 20:45:00,29.715,,,,,
11957,08/12/25 21:00:00,29.715,,,,,
11958,08/12/25 21:15:00,29.740,,,,,
11959,08/12/25 21:30:00,29.715,,,,,
11960,08/12/25 21:45:00,29.240,,,,,
11961,08/12/25 22:00:00,29.439,,,,,
11962,08/12/25 22:15:00,29.590,,,,,
11963,08/12/25 22:30:00,29.590,,,,,
11964,08/12/25 22:45:00,29.115,,,,,
11965,08/12/25 23:00:00,29.290,,,,,
11966,08/12/25 23:15:00,29.315,,,,,
11967,08/12/25 23:30:00,29.640,,,,,
11968,08/12/25 23:45:00,29.515,,,,,
11969,08/13/25 00:00:00,29.389,,,,,
11970,08/13/25 00:15:00,29.389,,,,,
11971,08/13/25 00:30:00,29.240,,,,,
11972,08/13/25 00:45:00,29.315,,,,,
11973,08/13/25 01:00:00,29.439,,,,,
11974,08/13/25 01:15:00,29.389,,,,,
11975,08/13/25 01:30:00,29.240,,,,,
11976,08/13/25 01:45:00,29.315,,,,,
11977,08/13/25 02:00:00,29.464,,,,,
11978,08/13/25 02:15:00,29.439,,,,,
11979,08/13/25 02:30:00,29.565,,,,,
11980,08/13/25 02:45:00,29.565,,,,,
11981,08/13/25 03:00:00,29.389,,,,,
11982,08/13/25 03:15:00,29.439,,,,,
11983,08/13/25 03:30:00,29.615,,,,,
11984,08/13/25 03:45:00,29.389,,,,,
11985,08/13/25 04:00:00,29.414,,,,,
11986,08/13/25 04:15:00,29.565,,,,,
11987,08/13/25 04:30:00,29.515,,,,,
11988,08/13/25 04:45:00,29.464,,,,,
11989,08/13/25 05:00:00,29.414,,,,,
11990,08/13/25 05:15:00,29.515,,,,,
11991,08/13/25 05:30:00,29.464,,,,,
11992,08/13/25 05:45:00,28.742,,,,,
11993,08/13/25 06:00:00,28.667,,,,,
11994,08/13/25 06:15:00,28.816,,,,,
11995,08/13/25 06:30:00,29.165,,,,,
11996,08/13/25 06:45:00,29.240,,,,,
11997,08/13/25 07:00:00,29.065,,,,,
11998,08/13/25 07:15:00,29.115,,,,,
11999,08/13/25 07:30:00,29.090,,,,,
12000,08/13/25 07:45:00,28.866,,,,,
12001,08/13/25 08:00:00,29.090,,,,,
12002,08/13/25 08:15:00,29.240,,,,,
12003,08/13/25 08:30:00,29.240,,,,,
12004,08/13/25 08:45:00,29.215,,,,,
12005,08/13/25 09:00:00,29.240,,,,,
12006,08/13/25 09:15:00,29.015,,,,,
12007,08/13/25 09:30:00,29.040,,,,,
12008,08/13/25 09:45:00,29.414,,,,,
12009,08/13/25 10:00:00,29.040,,,,,
12010,08/13/25 10:15:00,29.215,,,,,
12011,08/13/25 10:30:00,29.340,,,,,
12012,08/13/25 10:45:00,29.365,,,,,
12013,08/13/25 11:00:00,29.315,,,,,
12014,08/13/25 11:15:00,29.115,,,,,
12015,08/13/25 11:30:00,28.990,,,,,
12016,08/13/25 11:45:00,28.841,,,,,
12017,08/13/25 12:00:00,28.692,,,,,
12018,08/13/25 12:15:00,28.617,,,,,
12019,08/13/25 12:30:00,28.518,,,,,
12020,08/13/25 12:45:00,28.468,,,,,
12021,08/13/25 13:00:00,28.543,,,,,
12022,08/13/25 13:15:00,28.617,,,,,
12023,08/13/25 13:30:00,28.593,,,,,
12024,08/13/25 13:45:00,28.717,,,,,
12025,08/13/25 14:00:00,28.841,,,,,
12026,08/13/25 14:15:00,28.617,,,,,
12027,08/13/25 14:30:00,28.617,,,,,
12028,08/13/25 14:45:00,28.593,,,,,
12029,08/13/25 15:00:00,28.742,,,,,
12030,08/13/25 15:15:00,28.941,,,,,
12031,08/13/25 15:30:00,28.791,,,,,
12032,08/13/25 15:45:00,28.742,,,,,
12033,08/13/25 16:00:00,28.667,,,,,
12034,08/13/25 16:15:00,28.766,,,,,
12035,08/13/25 16:30:00,28.791,,,,,
12036,08/13/25 16:45:00,29.090,,,,,
12037,08/13/25 17:00:00,28.717,,,,,
12038,08/13/25 17:15:00,28.816,,,,,
12039,08/13/25 17:30:00,28.990,,,,,
12040,08/13/25 17:45:00,29.190,,,,,
12041,08/13/25 18:00:00,28.990,,,,,
12042,08/13/25 18:15:00,28.965,,,,,
12043,08/13/25 18:30:00,28.891,,,,,
12044,08/13/25 18:45:00,28.866,,,,,
12045,08/13/25 19:00:00,28.941,,,,,
12046,08/13/25 19:15:00,28.841,,,,,
12047,08/13/25 19:30:00,28.891,,,,,
12048,08/13/25 19:45:00,28.990,,,,,
12049,08/13/25 20:00:00,28.766,,,,,
12050,08/13/25 20:15:00,29.365,,,,,
12051,08/13/25 20:30:00,29.265,,,,,
12052,08/13/25 20:45:00,29.414,,,,,
12053,08/13/25 21:00:00,28.891,,,,,
12054,08/13/25 21:15:00,28.766,,,,,
12055,08/13/25 21:30:00,28.866,,,,,
12056,08/13/25 21:45:00,28.841,,,,,
12057,08/13/25 22:00:00,28.642,,,,,
12058,08/13/25 22:15:00,28.468,,,,,
12059,08/13/25 22:30:00,28.493,,,,,
12060,08/13/25 22:45:00,28.468,,,,,
12061,08/13/25 23:00:00,28.568,,,,,
12062,08/13/25 23:15:00,28.667,,,,,
12063,08/13/25 23:30:00,28.717,,,,,
12064,08/13/25 23:45:00,28.692,,,,,
12065,08/14/25 00:00:00,28.692,,,,,
12066,08/14/25 00:15:00,28.816,,,,,
12067,08/14/25 00:30:00,28.965,,,,,
12068,08/14/25 00:45:00,29.065,,,,,
12069,08/14/25 01:00:00,28.866,,,,,
12070,08/14/25 01:15:00,28.692,,,,,
12071,08/14/25 01:30:00,28.593,,,,,
12072,08/14/25 01:45:00,28.667,,,,,
12073,08/14/25 02:00:00,28.766,,,,,
12074,08/14/25 02:15:00,28.791,,,,,
12075,08/14/25 02:30:00,28.742,,,,,
12076,08/14/25 02:45:00,28.841,,,,,
12077,08/14/25 03:00:00,28.990,,,,,
12078,08/14/25 03:15:00,29.015,,,,,
12079,08/14/25 03:30:00,29.115,,,,,
12080,08/14/25 03:45:00,29.215,,,,,
12081,08/14/25 04:00:00,29.265,,,,,
12082,08/14/25 04:15:00,29.290,,,,,
12083,08/14/25 04:30:00,29.315,,,,,
12084,08/14/25 04:45:00,29.265,,,,,
12085,08/14/25 05:00:00,29.265,,,,,
12086,08/14/25 05:15:00,29.065,,,,,
12087,08/14/25 05:30:00,29.065,,,,,
12088,08/14/25 05:45:00,29.215,,,,,
12089,08/14/25 06:00:00,29.040,,,,,
12090,08/14/25 06:15:00,28.791,,,,,
12091,08/14/25 06:30:00,28.493,,,,,
12092,08/14/25 06:45:00,28.518,,,,,
12093,08/14/25 07:00:00,28.593,,,,,
12094,08/14/25 07:15:00,28.866,,,,,
12095,08/14/25 07:30:00,28.941,,,,,
12096,08/14/25 07:45:00,28.990,,,,,
12097,08/14/25 08:00:00,29.090,,,,,
12098,08/14/25 08:15:00,29.140,,,,,
12099,08/14/25 08:30:00,29.190,,,,,
12100,08/14/25 08:45:00,29.215,,,,,
12101,08/14/25 09:00:00,29.240,,,,,
12102,08/14/25 09:15:00,29.165,,,,,
12103,08/14/25 09:30:00,29.215,,,,,
12104,08/14/25 09:45:00,29.165,,,,,
12105,08/14/25 10:00:00,29.190,,,,,
12106,08/14/25 10:15:00,29.165,,,,,
12107,08/14/25 10:30:00,29.165,,,,,
12108,08/14/25 10:45:00,29.165,,,,,
12109,08/14/25 11:00:00,29.215,,,,,
12110,08/14/25 11:15:00,29.190,,,,,
12111,08/14/25 11:30:00,29.215,,,,,
12112,08/14/25 11:45:00,29.215,,,,,
12113,08/14/25 12:00:00,29.165,,,,,
12114,08/14/25 12:15:00,29.165,,,,,
12115,08/14/25 12:30:00,29.165,,,,,
12116,08/14/25 12:45:00,28.816,,,,,
12117,08/14/25 13:00:00,28.717,,,,,
12118,08/14/25 13:15:00,28.617,,,,,
12119,08/14/25 13:30:00,28.518,,,,,
12120,08/14/25 13:45:00,28.295,,,,,
12121,08/14/25 14:00:00,28.147,,,,,
12122,08/14/25 14:15:00,28.171,,,,,
12123,08/14/25 14:30:00,28.023,,,,,
12124,08/14/25 14:45:00,28.048,,,,,
12125,08/14/25 15:00:00,28.345,,,,,
12126,08/14/25 15:15:00,28.568,,,,,
12127,08/14/25 15:30:00,28.543,,,,,
12128,08/14/25 15:45:00,28.742,,,,,
12129,08/14/25 16:00:00,28.891,,,,,
12130,08/14/25 16:15:00,28.766,,,,,
12131,08/14/25 16:30:00,28.717,,,,,
12132,08/14/25 16:45:00,28.816,,,,,
12133,08/14/25 17:00:00,28.766,,,,,
12134,08/14/25 17:15:00,28.667,,,,,
12135,08/14/25 17:30:00,28.642,,,,,
12136,08/14/25 17:45:00,28.717,,,,,
12137,08/14/25 18:00:00,28.791,,,,,
12138,08/14/25 18:15:00,28.593,,,,,
12139,08/14/25 18:30:00,28.468,,,,,
12140,08/14/25 18:45:00,28.468,,,,,
12141,08/14/25 19:00:00,28.270,,,,,
12142,08/14/25 19:15:00,28.419,,,,,
12143,08/14/25 19:30:00,28.742,,,,,
12144,08/14/25 19:45:00,28.766,,,,,
12145,08/14/25 20:00:00,28.742,,,,,
12146,08/14/25 20:15:00,29.165,,,,,
12147,08/14/25 20:30:00,29.140,,,,,
12148,08/14/25 20:45:00,29.140,,,,,
12149,08/14/25 21:00:00,29.340,,,,,
12150,08/14/25 21:15:00,29.414,,,,,
12151,08/14/25 21:30:00,29.340,,,,,
12152,08/14/25 21:45:00,29.315,,,,,
12153,08/14/25 22:00:00,29.065,,,,,
12154,08/14/25 22:15:00,28.891,,,,,
12155,08/14/25 22:30:00,28.667,,,,,
12156,08/14/25 22:45:00,28.692,,,,,
12157,08/14/25 23:00:00,28.841,,,,,
12158,08/14/25 23:15:00,28.891,,,,,
12159,08/14/25 23:30:00,28.866,,,,,
12160,08/14/25 23:45:00,28.742,,,,,
12161,08/15/25 00:00:00,28.692,,,,,
12162,08/15/25 00:15:00,29.015,,,,,
12163,08/15/25 00:30:00,28.916,,,,,
12164,08/15/25 00:45:00,28.766,,,,,
12165,08/15/25 01:00:00,28.841,,,,,
12166,08/15/25 01:15:00,28.891,,,,,
12167,08/15/25 01:30:00,28.742,,,,,
12168,08/15/25 01:45:00,28.717,,,,,
12169,08/15/25 02:00:00,28.941,,,,,
12170,08/15/25 02:15:00,28.941,,,,,
12171,08/15/25 02:30:00,28.866,,,,,
12172,08/15/25 02:45:00,28.916,,,,,
12173,08/15/25 03:00:00,28.941,,,,,
12174,08/15/25 03:15:00,28.841,,,,,
12175,08/15/25 03:30:00,28.642,,,,,
12176,08/15/25 03:45:00,28.667,,,,,
12177,08/15/25 04:00:00,28.742,,,,,
12178,08/15/25 04:15:00,28.692,,,,,
12179,08/15/25 04:30:00,28.468,,,,,
12180,08/15/25 04:45:00,28.518,,,,,
12181,08/15/25 05:00:00,28.617,,,,,
12182,08/15/25 05:15:00,28.791,,,,,
12183,08/15/25 05:30:00,28.866,,,,,
12184,08/15/25 05:45:00,28.941,,,,,
12185,08/15/25 06:00:00,28.891,,,,,
12186,08/15/25 06:15:00,28.742,,,,,
12187,08/15/25 06:30:00,28.766,,,,,
12188,08/15/25 06:45:00,29.115,,,,,
12189,08/15/25 07:00:00,29.140,,,,,
12190,08/15/25 07:15:00,29.115,,,,,
12191,08/15/25 07:30:00,29.115,,,,,
12192,08/15/25 07:45:00,29.040,,,,,
12193,08/15/25 08:00:00,29.065,,,,,
12194,08/15/25 08:15:00,29.090,,,,,
12195,08/15/25 08:30:00,29.115,,,,,
12196,08/15/25 08:45:00,29.389,,,,,
12197,08/15/25 09:00:00,29.439,,,,,
12198,08/15/25 09:15:00,29.515,,,,,
12199,08/15/25 09:30:00,29.515,,,,,
12200,08/15/25 09:45:00,29.464,,,,,
12201,08/15/25 10:00:00,29.090,,,,,
12202,08/15/25 10:15:00,29.315,,,,,
12203,08/15/25 10:30:00,29.515,,,,,
12204,08/15/25 10:45:00,29.090,,,,,
12205,08/15/25 11:00:00,29.340,,,,,
12206,08/15/25 11:15:00,29.090,,,,,
12207,08/15/25 11:30:00,28.990,,,,,
12208,08/15/25 11:45:00,28.990,,,,,
12209,08/15/25 12:00:00,29.240,,,,,
12210,08/15/25 12:15:00,29.040,,,,,
12211,08/15/25 12:30:00,28.717,,,,,
12212,08/15/25 12:45:00,28.866,,,,,
12213,08/15/25 13:00:00,28.941,,,,,
12214,08/15/25 13:15:00,28.816,,,,,
12215,08/15/25 13:30:00,28.766,,,,,
12216,08/15/25 13:45:00,28.766,,,,,
12217,08/15/25 14:00:00,28.766,,,,,
12218,08/15/25 14:15:00,29.115,,,,,
12219,08/15/25 14:30:00,29.165,,,,,
12220,08/15/25 14:45:00,29.065,,,,,
12221,08/15/25 15:00:00,29.140,,,,,
12222,08/15/25 15:15:00,29.165,,,,,
12223,08/15/25 15:30:00,29.040,,,,,
12224,08/15/25 15:45:00,29.015,,,,,
12225,08/15/25 16:00:00,29.015,,,,,
12226,08/15/25 16:15:00,29.015,,,,,
12227,08/15/25 16:30:00,28.791,,,,,
12228,08/15/25 16:45:00,28.816,,,,,
12229,08/15/25 17:00:00,28.841,,,,,
12230,08/15/25 17:15:00,28.841,,,,,
12231,08/15/25 17:30:00,28.990,,,,,
12232,08/15/25 17:45:00,29.090,,,,,
12233,08/15/25 18:00:00,29.165,,,,,
12234,08/15/25 18:15:00,29.365,,,,,
12235,08/15/25 18:30:00,29.565,,,,,
12236,08/15/25 18:45:00,29.389,,,,,
12237,08/15/25 19:00:00,29.490,,,,,
12238,08/15/25 19:15:00,29.665,,,,,
12239,08/15/25 19:30:00,29.515,,,,,
12240,08/15/25 19:45:00,29.640,,,,,
12241,08/15/25 20:00:00,29.740,,,,,
12242,08/15/25 20:15:00,29.765,,,,,
12243,08/15/25 20:30:00,29.215,,,,,
12244,08/15/25 20:45:00,29.340,,,,,
12245,08/15/25 21:00:00,29.840,,,,,
12246,08/15/25 21:15:00,29.865,,,,,
12247,08/15/25 21:30:00,29.865,,,,,
12248,08/15/25 21:45:00,29.865,,,,,
12249,08/15/25 22:00:00,29.840,,,,,
12250,08/15/25 22:15:00,29.765,,,,,
12251,08/15/25 22:30:00,29.040,,,,,
12252,08/15/25 22:45:00,29.215,,,,,
12253,08/15/25 23:00:00,29.464,,,,,
12254,08/15/25 23:15:00,29.215,,,,,
12255,08/15/25 23:30:00,28.841,,,,,
12256,08/15/25 23:45:00,29.115,,,,,
12257,08/16/25 00:00:00,29.065,,,,,
12258,08/16/25 00:15:00,28.891,,,,,
12259,08/16/25 00:30:00,29.165,,,,,
12260,08/16/25 00:45:00,28.965,,,,,
12261,08/16/25 01:00:00,29.315,,,,,
12262,08/16/25 01:15:00,29.464,,,,,
12263,08/16/25 01:30:00,29.215,,,,,
12264,08/16/25 01:45:00,29.515,,,,,
12265,08/16/25 02:00:00,29.615,,,,,
12266,08/16/25 02:15:00,29.490,,,,,
12267,08/16/25 02:30:00,29.515,,,,,
12268,08/16/25 02:45:00,29.590,,,,,
12269,08/16/25 03:00:00,29.615,,,,,
12270,08/16/25 03:15:00,29.665,,,,,
12271,08/16/25 03:30:00,29.290,,,,,
12272,08/16/25 03:45:00,29.615,,,,,
12273,08/16/25 04:00:00,29.615,,,,,
12274,08/16/25 04:15:00,29.015,,,,,
12275,08/16/25 04:30:00,29.015,,,,,
12276,08/16/25 04:45:00,29.090,,,,,
12277,08/16/25 05:00:00,29.115,,,,,
12278,08/16/25 05:15:00,29.165,,,,,
12279,08/16/25 05:30:00,29.215,,,,,
12280,08/16/25 05:45:00,29.240,,,,,
12281,08/16/25 06:00:00,29.240,,,,,
12282,08/16/25 06:15:00,29.315,,,,,
12283,08/16/25 06:30:00,29.315,,,,,
12284,08/16/25 06:45:00,29.365,,,,,
12285,08/16/25 07:00:00,29.389,,,,,
12286,08/16/25 07:15:00,29.439,,,,,
12287,08/16/25 07:30:00,29.490,,,,,
12288,08/16/25 07:45:00,29.414,,,,,
12289,08/16/25 08:00:00,29.439,,,,,
12290,08/16/25 08:15:00,29.389,,,,,
12291,08/16/25 08:30:00,29.414,,,,,
12292,08/16/25 08:45:00,29.439,,,,,
12293,08/16/25 09:00:00,29.490,,,,,
12294,08/16/25 09:15:00,29.464,,,,,
12295,08/16/25 09:30:00,29.439,,,,,
12296,08/16/25 09:45:00,28.593,,,,,
12297,08/16/25 10:00:00,28.667,,,,,
12298,08/16/25 10:15:00,28.717,,,,,
12299,08/16/25 10:30:00,28.667,,,,,
12300,08/16/25 10:45:00,28.717,,,,,
12301,08/16/25 11:00:00,28.667,,,,,
12302,08/16/25 11:15:00,28.717,,,,,
12303,08/16/25 11:30:00,28.791,,,,,
12304,08/16/25 11:45:00,28.816,,,,,
12305,08/16/25 12:00:00,28.941,,,,,
12306,08/16/25 12:15:00,29.240,,,,,
12307,08/16/25 12:30:00,29.090,,,,,
12308,08/16/25 12:45:00,29.015,,,,,
12309,08/16/25 13:00:00,29.115,,,,,
12310,08/16/25 13:15:00,29.315,,,,,
12311,08/16/25 13:30:00,29.389,,,,,
12312,08/16/25 13:45:00,29.090,,,,,
12313,08/16/25 14:00:00,29.365,,,,,
12314,08/16/25 14:15:00,29.389,,,,,
12315,08/16/25 14:30:00,29.464,,,,,
12316,08/16/25 14:45:00,29.464,,,,,
12317,08/16/25 15:00:00,29.090,,,,,
12318,08/16/25 15:15:00,28.667,,,,,
12319,08/16/25 15:30:00,29.090,,,,,
12320,08/16/25 15:45:00,29.265,,,,,
12321,08/16/25 16:00:00,28.742,,,,,
12322,08/16/25 16:15:00,28.692,,,,,
12323,08/16/25 16:30:00,28.866,,,,,
12324,08/16/25 16:45:00,28.667,,,,,
12325,08/16/25 17:00:00,28.642,,,,,
12326,08/16/25 17:15:00,28.667,,,,,
12327,08/16/25 17:30:00,28.717,,,,,
12328,08/16/25 17:45:00,28.717,,,,,
12329,08/16/25 18:00:00,28.692,,,,,
12330,08/16/25 18:15:00,28.717,,,,,
12331,08/16/25 18:30:00,28.742,,,,,
12332,08/16/25 18:45:00,28.717,,,,,
12333,08/16/25 19:00:00,28.692,,,,,
12334,08/16/25 19:15:00,28.766,,,,,
12335,08/16/25 19:30:00,28.543,,,,,
12336,08/16/25 19:45:00,28.171,,,,,
12337,08/16/25 20:00:00,28.667,,,,,
12338,08/16/25 20:15:00,28.667,,,,,
12339,08/16/25 20:30:00,28.692,,,,,
12340,08/16/25 20:45:00,28.692,,,,,
12341,08/16/25 21:00:00,28.667,,,,,
12342,08/16/25 21:15:00,28.692,,,,,
12343,08/16/25 21:30:00,28.717,,,,,
12344,08/16/25 21:45:00,28.717,,,,,
12345,08/16/25 22:00:00,28.742,,,,,
12346,08/16/25 22:15:00,28.766,,,,,
12347,08/16/25 22:30:00,28.766,,,,,
12348,08/16/25 22:45:00,28.692,,,,,
12349,08/16/25 23:00:00,28.791,,,,,
12350,08/16/25 23:15:00,28.791,,,,,
12351,08/16/25 23:30:00,28.642,,,,,
12352,08/16/25 23:45:00,28.891,,,,,
12353,08/17/25 00:00:00,28.965,,,,,
12354,08/17/25 00:15:00,29.215,,,,,
12355,08/17/25 00:30:00,28.692,,,,,
12356,08/17/25 00:45:00,28.891,,,,,
12357,08/17/25 01:00:00,28.841,,,,,
12358,08/17/25 01:15:00,28.816,,,,,
12359,08/17/25 01:30:00,28.916,,,,,
12360,08/17/25 01:45:00,29.115,,,,,
12361,08/17/25 02:00:00,29.340,,,,,
12362,08/17/25 02:15:00,29.439,,,,,
12363,08/17/25 02:30:00,29.490,,,,,
12364,08/17/25 02:45:00,29.464,,,,,
12365,08/17/25 03:00:00,29.464,,,,,
12366,08/17/25 03:15:00,29.464,,,,,
12367,08/17/25 03:30:00,29.340,,,,,
12368,08/17/25 03:45:00,29.340,,,,,
12369,08/17/25 04:00:00,28.965,,,,,
12370,08/17/25 04:15:00,29.290,,,,,
12371,08/17/25 04:30:00,29.464,,,,,
12372,08/17/25 04:45:00,28.965,,,,,
12373,08/17/25 05:00:00,29.165,,,,,
12374,08/17/25 05:15:00,29.439,,,,,
12375,08/17/25 05:30:00,29.439,,,,,
12376,08/17/25 05:45:00,29.414,,,,,
12377,08/17/25 06:00:00,29.439,,,,,
12378,08/17/25 06:15:00,29.389,,,,,
12379,08/17/25 06:30:00,29.439,,,,,
12380,08/17/25 06:45:00,29.464,,,,,
12381,08/17/25 07:00:00,29.464,,,,,
12382,08/17/25 07:15:00,29.464,,,,,
12383,08/17/25 07:30:00,29.464,,,,,
12384,08/17/25 07:45:00,29.340,,,,,
12385,08/17/25 08:00:00,29.340,,,,,
12386,08/17/25 08:15:00,29.315,,,,,
12387,08/17/25 08:30:00,29.115,,,,,
12388,08/17/25 08:45:00,28.965,,,,,
12389,08/17/25 09:00:00,28.866,,,,,
12390,08/17/25 09:15:00,29.015,,,,,
12391,08/17/25 09:30:00,29.040,,,,,
12392,08/17/25 09:45:00,28.941,,,,,
12393,08/17/25 10:00:00,29.040,,,,,
12394,08/17/25 10:15:00,29.065,,,,,
12395,08/17/25 10:30:00,29.090,,,,,
12396,08/17/25 10:45:00,29.240,,,,,
12397,08/17/25 11:00:00,29.265,,,,,
12398,08/17/25 11:15:00,29.240,,,,,
12399,08/17/25 11:30:00,29.414,,,,,
12400,08/17/25 11:45:00,29.414,,,,,
12401,08/17/25 12:00:00,29.414,,,,,
12402,08/17/25 12:15:00,29.389,,,,,
12403,08/17/25 12:30:00,29.414,,,,,
12404,08/17/25 12:45:00,29.439,,,,,
12405,08/17/25 13:00:00,29.439,,,,,
12406,08/17/25 13:15:00,29.140,,,,,
12407,08/17/25 13:30:00,29.190,,,,,
12408,08/17/25 13:45:00,29.439,,,,,
12409,08/17/25 14:00:00,29.464,,,,,
12410,08/17/25 14:15:00,29.464,,,,,
12411,08/17/25 14:30:00,29.464,,,,,
12412,08/17/25 14:45:00,29.464,,,,,
12413,08/17/25 15:00:00,29.464,,,,,
12414,08/17/25 15:15:00,29.439,,,,,
12415,08/17/25 15:30:00,29.464,,,,,
12416,08/17/25 15:45:00,29.464,,,,,
12417,08/17/25 16:00:00,29.464,,,,,
12418,08/17/25 16:15:00,29.490,,,,,
12419,08/17/25 16:30:00,29.490,,,,,
12420,08/17/25 16:45:00,29.490,,,,,
12421,08/17/25 17:00:00,29.490,,,,,
12422,08/17/25 17:15:00,29.464,,,,,
12423,08/17/25 17:30:00,29.464,,,,,
12424,08/17/25 17:45:00,29.464,,,,,
12425,08/17/25 18:00:00,29.439,,,,,
12426,08/17/25 18:15:00,29.265,,,,,
12427,08/17/25 18:30:00,29.240,,,,,
12428,08/17/25 18:45:00,29.240,,,,,
12429,08/17/25 19:00:00,29.240,,,,,
12430,08/17/25 19:15:00,29.290,,,,,
12431,08/17/25 19:30:00,29.290,,,,,
12432,08/17/25 19:45:00,29.340,,,,,
12433,08/17/25 20:00:00,29.365,,,,,
12434,08/17/25 20:15:00,29.365,,,,,
12435,08/17/25 20:30:00,28.642,,,,,
12436,08/17/25 20:45:00,28.717,,,,,
12437,08/17/25 21:00:00,28.866,,,,,
12438,08/17/25 21:15:00,29.140,,,,,
12439,08/17/25 21:30:00,29.265,,,,,
12440,08/17/25 21:45:00,29.165,,,,,
12441,08/17/25 22:00:00,29.215,,,,,
12442,08/17/25 22:15:00,29.240,,,,,
12443,08/17/25 22:30:00,29.265,,,,,
12444,08/17/25 22:45:00,29.290,,,,,
12445,08/17/25 23:00:00,29.315,,,,,
12446,08/17/25 23:15:00,29.340,,,,,
12447,08/17/25 23:30:00,29.365,,,,,
12448,08/17/25 23:45:00,29.389,,,,,
12449,08/18/25 00:00:00,29.365,,,,,
12450,08/18/25 00:15:00,29.365,,,,,
12451,08/18/25 00:30:00,29.389,,,,,
12452,08/18/25 00:45:00,29.389,,,,,
12453,08/18/25 01:00:00,29.365,,,,,
12454,08/18/25 01:15:00,29.365,,,,,
12455,08/18/25 01:30:00,29.365,,,,,
12456,08/18/25 01:45:00,29.365,,,,,
12457,08/18/25 02:00:00,29.389,,,,,
12458,08/18/25 02:15:00,29.414,,,,,
12459,08/18/25 02:30:00,29.389,,,,,
12460,08/18/25 02:45:00,29.389,,,,,
12461,08/18/25 03:00:00,29.389,,,,,
12462,08/18/25 03:15:00,29.365,,,,,
12463,08/18/25 03:30:00,29.389,,,,,
12464,08/18/25 03:45:00,29.389,,,,,
12465,08/18/25 04:00:00,29.389,,,,,
12466,08/18/25 04:15:00,29.389,,,,,
12467,08/18/25 04:30:00,29.340,,,,,
12468,08/18/25 04:45:00,29.240,,,,,
12469,08/18/25 05:00:00,29.265,,,,,
12470,08/18/25 05:15:00,29.240,,,,,
12471,08/18/25 05:30:00,29.265,,,,,
12472,08/18/25 05:45:00,29.215,,,,,
12473,08/18/25 06:00:00,29.240,,,,,
12474,08/18/25 06:15:00,29.315,,,,,
12475,08/18/25 06:30:00,29.340,,,,,
12476,08/18/25 06:45:00,29.340,,,,,
12477,08/18/25 07:00:00,29.365,,,,,
12478,08/18/25 07:15:00,29.365,,,,,
12479,08/18/25 07:30:00,29.365,,,,,
12480,08/18/25 07:45:00,29.340,,,,,
12481,08/18/25 08:00:00,29.365,,,,,
12482,08/18/25 08:15:00,29.340,,,,,
12483,08/18/25 08:30:00,29.265,,,,,
12484,08/18/25 08:45:00,29.215,,,,,
12485,08/18/25 09:00:00,28.642,,,,,
12486,08/18/25 09:15:00,28.295,,,,,
12487,08/18/25 09:30:00,28.295,,,,,
12488,08/18/25 09:45:00,28.270,,,,,
12489,08/18/25 10:00:00,28.270,,,,,
12490,08/18/25 10:15:00,28.419,,,,,
12491,08/18/25 10:30:00,28.394,,,,,
12492,08/18/25 10:45:00,28.419,,,,,
12493,08/18/25 11:00:00,28.048,,,,,
12494,08/18/25 11:15:00,28.245,,,,,
12495,08/18/25 11:30:00,28.493,,,,,
12496,08/18/25 11:45:00,28.444,,,,,
12497,08/18/25 12:00:00,28.543,,,,,
12498,08/18/25 12:15:00,28.444,,,,,
12499,08/18/25 12:30:00,28.518,,,,,
12500,08/18/25 12:45:00,28.518,,,,,
12501,08/18/25 13:00:00,28.543,,,,,
12502,08/18/25 13:15:00,28.617,,,,,
12503,08/18/25 13:30:00,28.543,,,,,
12504,08/18/25 13:45:00,28.543,,,,,
12505,08/18/25 14:00:00,28.568,,,,,
12506,08/18/25 14:15:00,28.419,,,,,
12507,08/18/25 14:30:00,28.345,,,,,
12508,08/18/25 14:45:00,28.320,,,,,
12509,08/18/25 15:00:00,28.468,,,,,
12510,08/18/25 15:15:00,28.444,,,,,
12511,08/18/25 15:30:00,28.419,,,,,
12512,08/18/25 15:45:00,28.345,,,,,
12513,08/18/25 16:00:00,28.369,,,,,
12514,08/18/25 16:15:00,28.419,,,,,
12515,08/18/25 16:30:00,28.295,,,,,
12516,08/18/25 16:45:00,28.320,,,,,
12517,08/18/25 17:00:00,28.320,,,,,
12518,08/18/25 17:15:00,28.419,,,,,
12519,08/18/25 17:30:00,28.245,,,,,
12520,08/18/25 17:45:00,28.468,,,,,
12521,08/18/25 18:00:00,28.493,,,,,
12522,08/18/25 18:15:00,28.518,,,,,
12523,08/18/25 18:30:00,28.196,,,,,
12524,08/18/25 18:45:00,28.320,,,,,
12525,08/18/25 19:00:00,28.543,,,,,
12526,08/18/25 19:15:00,28.891,,,,,
12527,08/18/25 19:30:00,28.941,,,,,
12528,08/18/25 19:45:00,29.015,,,,,
12529,08/18/25 20:00:00,29.090,,,,,
12530,08/18/25 20:15:00,29.140,,,,,
12531,08/18/25 20:30:00,29.115,,,,,
12532,08/18/25 20:45:00,29.215,,,,,
12533,08/18/25 21:00:00,29.165,,,,,
12534,08/18/25 21:15:00,28.295,,,,,
12535,08/18/25 21:30:00,29.240,,,,,
12536,08/18/25 21:45:00,29.215,,,,,
12537,08/18/25 22:00:00,29.090,,,,,
12538,08/18/25 22:15:00,28.642,,,,,
12539,08/18/25 22:30:00,29.090,,,,,
12540,08/18/25 22:45:00,29.290,,,,,
12541,08/18/25 23:00:00,29.240,,,,,
12542,08/18/25 23:15:00,29.340,,,,,
12543,08/18/25 23:30:00,28.916,,,,,
12544,08/18/25 23:45:00,29.190,,,,,
12545,08/19/25 00:00:00,28.941,,,,,
12546,08/19/25 00:15:00,28.916,,,,,
12547,08/19/25 00:30:00,28.667,,,,,
12548,08/19/25 00:45:00,29.290,,,,,
12549,08/19/25 01:00:00,29.315,,,,,
12550,08/19/25 01:15:00,29.315,,,,,
12551,08/19/25 01:30:00,29.365,,,,,
12552,08/19/25 01:45:00,29.389,,,,,
12553,08/19/25 02:00:00,29.365,,,,,
12554,08/19/25 02:15:00,29.165,,,,,
12555,08/19/25 02:30:00,28.990,,,,,
12556,08/19/25 02:45:00,29.215,,,,,
12557,08/19/25 03:00:00,29.315,,,,,
12558,08/19/25 03:15:00,29.365,,,,,
12559,08/19/25 03:30:00,29.365,,,,,
12560,08/19/25 03:45:00,29.365,,,,,
12561,08/19/25 04:00:00,29.389,,,,,
12562,08/19/25 04:15:00,29.389,,,,,
12563,08/19/25 04:30:00,29.414,,,,,
12564,08/19/25 04:45:00,29.414,,,,,
12565,08/19/25 05:00:00,29.414,,,,,
12566,08/19/25 05:15:00,29.414,,,,,
12567,08/19/25 05:30:00,29.414,,,,,
12568,08/19/25 05:45:00,29.414,,,,,
12569,08/19/25 06:00:00,29.414,,,,,
12570,08/19/25 06:15:00,29.414,,,,,
12571,08/19/25 06:30:00,29.414,,,,,
12572,08/19/25 06:45:00,29.389,,,,,
12573,08/19/25 07:00:00,29.414,,,,,
12574,08/19/25 07:15:00,29.389,,,,,
12575,08/19/25 07:30:00,29.389,,,,,
12576,08/19/25 07:45:00,29.389,,,,,
12577,08/19/25 08:00:00,29.365,,,,,
12578,08/19/25 08:15:00,29.365,,,,,
12579,08/19/25 08:30:00,29.365,,,,,
12580,08/19/25 08:45:00,29.414,,,,,
12581,08/19/25 09:00:00,29.414,,,,,
12582,08/19/25 09:15:00,29.439,,,,,
12583,08/19/25 09:30:00,29.439,,,,,
12584,08/19/25 09:45:00,29.414,,,,,
12585,08/19/25 10:00:00,29.439,,,,,
12586,08/19/25 10:15:00,29.290,,,,,
12587,08/19/25 10:30:00,29.414,,,,,
12588,08/19/25 10:45:00,29.439,,,,,
12589,08/19/25 11:00:00,29.464,,,,,
12590,08/19/25 11:15:00,29.490,,,,,
12591,08/19/25 11:30:00,29.414,,,,,
12592,08/19/25 11:45:00,29.414,,,,,
12593,08/19/25 12:00:00,29.315,,,,,
12594,08/19/25 12:15:00,29.040,,,,,
12595,08/19/25 12:30:00,28.891,,,,,
12596,08/19/25 12:45:00,28.791,,,,,
12597,08/19/25 13:00:00,28.791,,,,,
12598,08/19/25 13:15:00,28.717,,,,,
12599,08/19/25 13:30:00,28.617,,,,,
12600,08/19/25 13:45:00,28.642,,,,,
12601,08/19/25 14:00:00,28.593,,,,,
12602,08/19/25 14:15:00,28.667,,,,,
12603,08/19/25 14:30:00,28.692,,,,,
12604,08/19/25 14:45:00,28.518,,,,,
12605,08/19/25 15:00:00,28.642,,,,,
12606,08/19/25 15:15:00,28.468,,,,,
12607,08/19/25 15:30:00,28.543,,,,,
12608,08/19/25 15:45:00,28.444,,,,,
12609,08/19/25 16:00:00,28.419,,,,,
12610,08/19/25 16:15:00,28.444,,,,,
12611,08/19/25 16:30:00,28.419,,,,,
12612,08/19/25 16:45:00,28.444,,,,,
12613,08/19/25 17:00:00,28.468,,,,,
12614,08/19/25 17:15:00,28.419,,,,,
12615,08/19/25 17:30:00,28.419,,,,,
12616,08/19/25 17:45:00,28.394,,,,,
12617,08/19/25 18:00:00,28.419,,,,,
12618,08/19/25 18:15:00,28.444,,,,,
12619,08/19/25 18:30:00,28.320,,,,,
12620,08/19/25 18:45:00,28.072,,,,,
12621,08/19/25 19:00:00,28.196,,,,,
12622,08/19/25 19:15:00,28.147,,,,,
12623,08/19/25 19:30:00,28.419,,,,,
12624,08/19/25 19:45:00,28.295,,,,,
12625,08/19/25 20:00:00,28.543,,,,,
12626,08/19/25 20:15:00,28.345,,,,,
12627,08/19/25 20:30:00,28.568,,,,,
12628,08/19/25 20:45:00,28.742,,,,,
12629,08/19/25 21:00:00,28.518,,,,,
12630,08/19/25 21:15:00,28.419,,,,,
12631,08/19/25 21:30:00,28.617,,,,,
12632,08/19/25 21:45:00,28.493,,,,,
12633,08/19/25 22:00:00,28.568,,,,,
12634,08/19/25 22:15:00,28.766,,,,,
12635,08/19/25 22:30:00,28.791,,,,,
12636,08/19/25 22:45:00,28.742,,,,,
12637,08/19/25 23:00:00,28.468,,,,,
12638,08/19/25 23:15:00,28.593,,,,,
12639,08/19/25 23:30:00,28.717,,,,,
12640,08/19/25 23:45:00,28.891,,,,,
12641,08/20/25 00:00:00,28.866,,,,,
12642,08/20/25 00:15:00,28.841,,,,,
12643,08/20/25 00:30:00,28.841,,,,,
12644,08/20/25 00:45:00,28.891,,,,,
12645,08/20/25 01:00:00,28.965,,,,,
12646,08/20/25 01:15:00,28.891,,,,,
12647,08/20/25 01:30:00,28.692,,,,,
12648,08/20/25 01:45:00,28.394,,,,,
12649,08/20/25 02:00:00,28.270,,,,,
12650,08/20/25 02:15:00,28.419,,,,,
12651,08/20/25 02:30:00,28.468,,,,,
12652,08/20/25 02:45:00,28.419,,,,,
12653,08/20/25 03:00:00,28.419,,,,,
12654,08/20/25 03:15:00,28.345,,,,,
12655,08/20/25 03:30:00,28.345,,,,,
12656,08/20/25 03:45:00,28.493,,,,,
12657,08/20/25 04:00:00,28.593,,,,,
12658,08/20/25 04:15:00,28.568,,,,,
12659,08/20/25 04:30:00,28.791,,,,,
12660,08/20/25 04:45:00,28.518,,,,,
12661,08/20/25 05:00:00,28.742,,,,,
12662,08/20/25 05:15:00,28.617,,,,,
12663,08/20/25 05:30:00,28.667,,,,,
12664,08/20/25 05:45:00,28.717,,,,,
12665,08/20/25 06:00:00,28.717,,,,,
12666,08/20/25 06:15:00,28.419,,,,,
12667,08/20/25 06:30:00,28.320,,,,,
12668,08/20/25 06:45:00,28.369,,,,,
12669,08/20/25 07:00:00,28.419,,,,,
12670,08/20/25 07:15:00,28.891,,,,,
12671,08/20/25 07:30:00,28.841,,,,,
12672,08/20/25 07:45:00,28.941,,,,,
12673,08/20/25 08:00:00,28.990,,,,,
12674,08/20/25 08:15:00,28.916,,,,,
12675,08/20/25 08:30:00,28.891,,,,,
12676,08/20/25 08:45:00,29.015,,,,,
12677,08/20/25 09:00:00,29.065,,,,,
12678,08/20/25 09:15:00,28.965,,,,,
12679,08/20/25 09:30:00,28.965,,,,,
12680,08/20/25 09:45:00,29.215,,,,,
12681,08/20/25 10:00:00,29.165,,,,,
12682,08/20/25 10:15:00,28.444,,,,,
12683,08/20/25 10:30:00,28.444,,,,,
12684,08/20/25 10:45:00,28.345,,,,,
12685,08/20/25 11:00:00,28.394,,,,,
12686,08/20/25 11:15:00,28.419,,,,,
12687,08/20/25 11:30:00,28.320,,,,,
12688,08/20/25 11:45:00,28.369,,,,,
12689,08/20/25 12:00:00,28.518,,,,,
12690,08/20/25 12:15:00,28.543,,,,,
12691,08/20/25 12:30:00,28.468,,,,,
12692,08/20/25 12:45:00,28.468,,,,,
12693,08/20/25 13:00:00,28.568,,,,,
12694,08/20/25 13:15:00,28.593,,,,,
12695,08/20/25 13:30:00,28.493,,,,,
12696,08/20/25 13:45:00,28.419,,,,,
12697,08/20/25 14:00:00,28.568,,,,,
12698,08/20/25 14:15:00,28.493,,,,,
12699,08/20/25 14:30:00,28.468,,,,,
12700,08/20/25 14:45:00,28.568,,,,,
12701,08/20/25 15:00:00,28.766,,,,,
12702,08/20/25 15:15:00,28.841,,,,,
12703,08/20/25 15:30:00,28.717,,,,,
12704,08/20/25 15:45:00,28.617,,,,,
12705,08/20/25 16:00:00,28.891,,,,,
12706,08/20/25 16:15:00,28.617,,,,,
12707,08/20/25 16:30:00,28.493,,,,,
12708,08/20/25 16:45:00,28.493,,,,,
12709,08/20/25 17:00:00,28.444,,,,,
12710,08/20/25 17:15:00,28.444,,,,,
12711,08/20/25 17:30:00,28.444,,,,,
12712,08/20/25 17:45:00,28.444,,,,,
12713,08/20/25 18:00:00,28.444,,,,,
12714,08/20/25 18:15:00,28.493,,,,,
12715,08/20/25 18:30:00,28.518,,,,,
12716,08/20/25 18:45:00,28.444,,,,,
12717,08/20/25 19:00:00,28.493,,,,,
12718,08/20/25 19:15:00,28.518,,,,,
12719,08/20/25 19:30:00,28.493,,,,,
12720,08/20/25 19:45:00,28.568,,,,,
12721,08/20/25 20:00:00,28.568,,,,,
12722,08/20/25 20:15:00,28.568,,,,,
12723,08/20/25 20:30:00,28.692,,,,,
12724,08/20/25 20:45:00,28.791,,,,,
12725,08/20/25 21:00:00,28.742,,,,,
12726,08/20/25 21:15:00,28.866,,,,,
12727,08/20/25 21:30:00,29.265,,,,,
12728,08/20/25 21:45:00,28.941,,,,,
12729,08/20/25 22:00:00,28.916,,,,,
12730,08/20/25 22:15:00,29.115,,,,,
12731,08/20/25 22:30:00,29.240,,,,,
12732,08/20/25 22:45:00,29.265,,,,,
12733,08/20/25 23:00:00,29.315,,,,,
12734,08/20/25 23:15:00,29.115,,,,,
12735,08/20/25 23:30:00,29.165,,,,,
12736,08/20/25 23:45:00,29.115,,,,,
12737,08/21/25 00:00:00,28.990,,,,,
12738,08/21/25 00:15:00,28.990,,,,,
12739,08/21/25 00:30:00,29.065,,,,,
12740,08/21/25 00:45:00,29.015,,,,,
12741,08/21/25 01:00:00,29.065,,,,,
12742,08/21/25 01:15:00,29.065,,,,,
12743,08/21/25 01:30:00,29.115,,,,,
12744,08/21/25 01:45:00,29.165,,,,,
12745,08/21/25 02:00:00,29.190,,,,,
12746,08/21/25 02:15:00,29.190,,,,,
12747,08/21/25 02:30:00,29.190,,,,,
12748,08/21/25 02:45:00,28.866,,,,,
12749,08/21/25 03:00:00,29.140,,,,,
12750,08/21/25 03:15:00,29.165,,,,,
12751,08/21/25 03:30:00,29.040,,,,,
12752,08/21/25 03:45:00,29.040,,,,,
12753,08/21/25 04:00:00,29.090,,,,,
12754,08/21/25 04:15:00,29.040,,,,,
12755,08/21/25 04:30:00,28.990,,,,,
12756,08/21/25 04:45:00,29.065,,,,,
12757,08/21/25 05:00:00,29.040,,,,,
12758,08/21/25 05:15:00,28.742,,,,,
12759,08/21/25 05:30:00,28.916,,,,,
12760,08/21/25 05:45:00,28.916,,,,,
12761,08/21/25 06:00:00,28.941,,,,,
12762,08/21/25 06:15:00,28.965,,,,,
12763,08/21/25 06:30:00,29.040,,,,,
12764,08/21/25 06:45:00,29.015,,,,,
12765,08/21/25 07:00:00,29.015,,,,,
12766,08/21/25 07:15:00,29.090,,,,,
12767,08/21/25 07:30:00,29.015,,,,,
12768,08/21/25 07:45:00,29.065,,,,,
12769,08/21/25 08:00:00,29.015,,,,,
12770,08/21/25 08:15:00,29.140,,,,,
12771,08/21/25 08:30:00,29.115,,,,,
12772,08/21/25 08:45:00,29.190,,,,,
12773,08/21/25 09:00:00,29.165,,,,,
12774,08/21/25 09:15:00,29.414,,,,,
12775,08/21/25 09:30:00,29.414,,,,,
12776,08/21/25 09:45:00,29.414,,,,,
12777,08/21/25 10:00:00,29.439,,,,,
12778,08/21/25 10:15:00,29.439,,,,,
12779,08/21/25 10:30:00,29.140,,,,,
12780,08/21/25 10:45:00,29.140,,,,,
12781,08/21/25 11:00:00,29.115,,,,,
12782,08/21/25 11:15:00,29.165,,,,,
12783,08/21/25 11:30:00,29.215,,,,,
12784,08/21/25 11:45:00,29.215,,,,,
12785,08/21/25 12:00:00,29.190,,,,,
12786,08/21/25 12:15:00,29.190,,,,,
12787,08/21/25 12:30:00,29.140,,,,,
12788,08/21/25 12:45:00,29.165,,,,,
12789,08/21/25 13:00:00,29.240,,,,,
12790,08/21/25 13:15:00,29.190,,,,,
12791,08/21/25 13:30:00,29.215,,,,,
12792,08/21/25 13:45:00,29.240,,,,,
12793,08/21/25 14:00:00,29.265,,,,,
12794,08/21/25 14:15:00,29.265,,,,,
12795,08/21/25 14:30:00,29.265,,,,,
12796,08/21/25 14:45:00,29.240,,,,,
12797,08/21/25 15:00:00,29.240,,,,,
12798,08/21/25 15:15:00,29.290,,,,,
12799,08/21/25 15:30:00,29.215,,,,,
12800,08/21/25 15:45:00,29.065,,,,,
12801,08/21/25 16:00:00,28.916,,,,,
12802,08/21/25 16:15:00,29.090,,,,,
12803,08/21/25 16:30:00,28.990,,,,,
12804,08/21/25 16:45:00,28.841,,,,,
12805,08/21/25 17:00:00,28.841,,,,,
12806,08/21/25 17:15:00,28.941,,,,,
12807,08/21/25 17:30:00,28.941,,,,,
12808,08/21/25 17:45:00,28.891,,,,,
12809,08/21/25 18:00:00,28.816,,,,,
12810,08/21/25 18:15:00,28.791,,,,,
12811,08/21/25 18:30:00,28.791,,,,,
12812,08/21/25 18:45:00,28.419,,,,,
12813,08/21/25 19:00:00,28.394,,,,,
12814,08/21/25 19:15:00,28.667,,,,,
12815,08/21/25 19:30:00,28.742,,,,,
12816,08/21/25 19:45:00,28.816,,,,,
12817,08/21/25 20:00:00,28.518,,,,,
12818,08/21/25 20:15:00,28.543,,,,,
12819,08/21/25 20:30:00,28.717,,,,,
12820,08/21/25 20:45:00,28.766,,,,,
12821,08/21/25 21:00:00,28.742,,,,,
12822,08/21/25 21:15:00,28.766,,,,,
12823,08/21/25 21:30:00,28.816,,,,,
12824,08/21/25 21:45:00,28.816,,,,,
12825,08/21/25 22:00:00,28.866,,,,,
12826,08/21/25 22:15:00,29.040,,,,,
12827,08/21/25 22:30:00,28.990,,,,,
12828,08/21/25 22:45:00,28.891,,,,,
12829,08/21/25 23:00:00,28.841,,,,,
12830,08/21/25 23:15:00,28.766,,,,,
12831,08/21/25 23:30:00,28.742,,,,,
12832,08/21/25 23:45:00,28.816,,,,,
12833,08/22/25 00:00:00,28.816,,,,,
12834,08/22/25 00:15:00,28.692,,,,,
12835,08/22/25 00:30:00,28.667,,,,,
12836,08/22/25 00:45:00,28.617,,,,,
12837,08/22/25 01:00:00,28.667,,,,,
12838,08/22/25 01:15:00,28.667,,,,,
12839,08/22/25 01:30:00,28.742,,,,,
12840,08/22/25 01:45:00,28.667,,,,,
12841,08/22/25 02:00:00,28.617,,,,,
12842,08/22/25 02:15:00,28.717,,,,,
12843,08/22/25 02:30:00,28.642,,,,,
12844,08/22/25 02:45:00,28.642,,,,,
12845,08/22/25 03:00:00,28.642,,,,,
12846,08/22/25 03:15:00,28.543,,,,,
12847,08/22/25 03:30:00,28.692,,,,,
12848,08/22/25 03:45:00,29.439,,,,,
12849,08/22/25 04:00:00,29.490,,,,,
12850,08/22/25 04:15:00,29.340,,,,,
12851,08/22/25 04:30:00,29.414,,,,,
12852,08/22/25 04:45:00,29.414,,,,,
12853,08/22/25 05:00:00,29.464,,,,,
12854,08/22/25 05:15:00,29.464,,,,,
12855,08/22/25 05:30:00,29.464,,,,,
12856,08/22/25 05:45:00,29.490,,,,,
12857,08/22/25 06:00:00,29.490,,,,,
12858,08/22/25 06:15:00,29.464,,,,,
12859,08/22/25 06:30:00,29.490,,,,,
12860,08/22/25 06:45:00,29.490,,,,,
12861,08/22/25 07:00:00,29.490,,,,,
12862,08/22/25 07:15:00,29.490,,,,,
12863,08/22/25 07:30:00,29.490,,,,,
12864,08/22/25 07:45:00,29.464,,,,,
12865,08/22/25 08:00:00,29.464,,,,,
12866,08/22/25 08:15:00,29.464,,,,,
12867,08/22/25 08:30:00,29.464,,,,,
12868,08/22/25 08:45:00,29.439,,,,,
12869,08/22/25 09:00:00,29.464,,,,,
12870,08/22/25 09:15:00,29.464,,,,,
12871,08/22/25 09:30:00,29.464,,,,,
12872,08/22/25 09:45:00,29.464,,,,,
12873,08/22/25 10:00:00,29.414,,,,,
12874,08/22/25 10:15:00,29.439,,,,,
12875,08/22/25 10:30:00,29.340,,,,,
12876,08/22/25 10:45:00,29.015,,,,,
12877,08/22/25 11:00:00,28.990,,,,,
12878,08/22/25 11:15:00,29.340,,,,,
12879,08/22/25 11:30:00,29.389,,,,,
12880,08/22/25 11:45:00,29.340,,,,,
12881,08/22/25 12:00:00,28.965,,,,,
12882,08/22/25 12:15:00,28.965,,,,,
12883,08/22/25 12:30:00,28.941,,,,,
12884,08/22/25 12:45:00,29.165,,,,,
12885,08/22/25 13:00:00,29.115,,,,,
12886,08/22/25 13:15:00,29.140,,,,,
12887,08/22/25 13:30:00,29.165,,,,,
12888,08/22/25 13:45:00,29.165,,,,,
12889,08/22/25 14:00:00,29.165,,,,,
12890,08/22/25 14:15:00,29.140,,,,,
12891,08/22/25 14:30:00,29.215,,,,,
12892,08/22/25 14:45:00,29.240,,,,,
12893,08/22/25 15:00:00,29.190,,,,,
12894,08/22/25 15:15:00,29.215,,,,,
12895,08/22/25 15:30:00,29.065,,,,,
12896,08/22/25 15:45:00,28.866,,,,,
12897,08/22/25 16:00:00,28.642,,,,,
12898,08/22/25 16:15:00,28.642,,,,,
12899,08/22/25 16:30:00,28.717,,,,,
12900,08/22/25 16:45:00,28.766,,,,,
12901,08/22/25 17:00:00,29.215,,,,,
12902,08/22/25 17:15:00,28.990,,,,,
12903,08/22/25 17:30:00,29.015,,,,,
12904,08/22/25 17:45:00,28.916,,,,,
12905,08/22/25 18:00:00,29.015,,,,,
12906,08/22/25 18:15:00,29.040,,,,,
12907,08/22/25 18:30:00,29.040,,,,,
12908,08/22/25 18:45:00,29.040,,,,,
12909,08/22/25 19:00:00,29.115,,,,,
12910,08/22/25 19:15:00,29.090,,,,,
12911,08/22/25 19:30:00,28.941,,,,,
12912,08/22/25 19:45:00,29.015,,,,,
12913,08/22/25 20:00:00,28.816,,,,,
12914,08/22/25 20:15:00,28.667,,,,,
12915,08/22/25 20:30:00,28.692,,,,,
12916,08/22/25 20:45:00,28.543,,,,,
12917,08/22/25 21:00:00,28.518,,,,,
12918,08/22/25 21:15:00,28.543,,,,,
12919,08/22/25 21:30:00,28.617,,,,,
12920,08/22/25 21:45:00,28.692,,,,,
12921,08/22/25 22:00:00,28.742,,,,,
12922,08/22/25 22:15:00,28.866,,,,,
12923,08/22/25 22:30:00,28.990,,,,,
12924,08/22/25 22:45:00,29.065,,,,,
12925,08/22/25 23:00:00,29.040,,,,,
12926,08/22/25 23:15:00,28.916,,,,,
12927,08/22/25 23:30:00,29.015,,,,,
12928,08/22/25 23:45:00,28.965,,,,,
12929,08/23/25 00:00:00,28.965,,,,,
12930,08/23/25 00:15:00,29.040,,,,,
12931,08/23/25 00:30:00,29.040,,,,,
12932,08/23/25 00:45:00,28.916,,,,,
12933,08/23/25 01:00:00,28.717,,,,,
12934,08/23/25 01:15:00,28.742,,,,,
12935,08/23/25 01:30:00,28.568,,,,,
12936,08/23/25 01:45:00,28.766,,,,,
12937,08/23/25 02:00:00,29.340,,,,,
12938,08/23/25 02:15:00,29.464,,,,,
12939,08/23/25 02:30:00,29.490,,,,,
12940,08/23/25 02:45:00,29.490,,,,,
12941,08/23/25 03:00:00,29.490,,,,,
12942,08/23/25 03:15:00,29.490,,,,,
12943,08/23/25 03:30:00,29.490,,,,,
12944,08/23/25 03:45:00,29.490,,,,,
12945,08/23/25 04:00:00,29.490,,,,,
12946,08/23/25 04:15:00,29.490,,,,,
12947,08/23/25 04:30:00,29.490,,,,,
12948,08/23/25 04:45:00,29.515,,,,,
12949,08/23/25 05:00:00,29.490,,,,,
12950,08/23/25 05:15:00,29.490,,,,,
12951,08/23/25 05:30:00,29.515,,,,,
12952,08/23/25 05:45:00,29.515,,,,,
12953,08/23/25 06:00:00,29.515,,,,,
12954,08/23/25 06:15:00,29.515,,,,,
12955,08/23/25 06:30:00,29.515,,,,,
12956,08/23/25 06:45:00,29.515,,,,,
12957,08/23/25 07:00:00,29.540,,,,,
12958,08/23/25 07:15:00,29.540,,,,,
12959,08/23/25 07:30:00,29.540,,,,,
12960,08/23/25 07:45:00,29.565,,,,,
12961,08/23/25 08:00:00,29.340,,,,,
12962,08/23/25 08:15:00,29.265,,,,,
12963,08/23/25 08:30:00,29.240,,,,,
12964,08/23/25 08:45:00,29.215,,,,,
12965,08/23/25 09:00:00,29.215,,,,,
12966,08/23/25 09:15:00,29.215,,,,,
12967,08/23/25 09:30:00,29.215,,,,,
12968,08/23/25 09:45:00,29.464,,,,,
12969,08/23/25 10:00:00,29.464,,,,,
12970,08/23/25 10:15:00,29.565,,,,,
12971,08/23/25 10:30:00,29.590,,,,,
12972,08/23/25 10:45:00,29.590,,,,,
12973,08/23/25 11:00:00,29.590,,,,,
12974,08/23/25 11:15:00,29.615,,,,,
12975,08/23/25 11:30:00,29.615,,,,,
12976,08/23/25 11:45:00,29.640,,,,,
12977,08/23/25 12:00:00,29.690,,,,,
12978,08/23/25 12:15:00,29.665,,,,,
12979,08/23/25 12:30:00,29.565,,,,,
12980,08/23/25 12:45:00,29.565,,,,,
12981,08/23/25 13:00:00,29.540,,,,,
12982,08/23/25 13:15:00,29.490,,,,,
12983,08/23/25 13:30:00,29.515,,,,,
12984,08/23/25 13:45:00,29.490,,,,,
12985,08/23/25 14:00:00,29.515,,,,,
12986,08/23/25 14:15:00,29.490,,,,,
12987,08/23/25 14:30:00,29.490,,,,,
12988,08/23/25 14:45:00,29.590,,,,,
12989,08/23/25 15:00:00,29.640,,,,,
12990,08/23/25 15:15:00,29.615,,,,,
12991,08/23/25 15:30:00,29.490,,,,,
12992,08/23/25 15:45:00,29.439,,,,,
12993,08/23/25 16:00:00,29.414,,,,,
12994,08/23/25 16:15:00,29.315,,,,,
12995,08/23/25 16:30:00,29.389,,,,,
12996,08/23/25 16:45:00,29.240,,,,,
12997,08/23/25 17:00:00,29.090,,,,,
12998,08/23/25 17:15:00,28.941,,,,,
12999,08/23/25 17:30:00,28.891,,,,,
13000,08/23/25 17:45:00,28.916,,,,,
13001,08/23/25 18:00:00,28.916,,,,,
13002,08/23/25 18:15:00,29.015,,,,,
13003,08/23/25 18:30:00,28.990,,,,,
13004,08/23/25 18:45:00,29.090,,,,,
13005,08/23/25 19:00:00,29.190,,,,,
13006,08/23/25 19:15:00,29.090,,,,,
13007,08/23/25 19:30:00,29.190,,,,,
13008,08/23/25 19:45:00,29.165,,,,,
13009,08/23/25 20:00:00,28.642,,,,,
13010,08/23/25 20:15:00,28.568,,,,,
13011,08/23/25 20:30:00,28.593,,,,,
13012,08/23/25 20:45:00,28.543,,,,,
13013,08/23/25 21:00:00,28.468,,,,,
13014,08/23/25 21:15:00,28.593,,,,,
13015,08/23/25 21:30:00,29.165,,,,,
13016,08/23/25 21:45:00,29.015,,,,,
13017,08/23/25 22:00:00,29.315,,,,,
13018,08/23/25 22:15:00,28.742,,,,,
13019,08/23/25 22:30:00,28.891,,,,,
13020,08/23/25 22:45:00,29.290,,,,,
13021,08/23/25 23:00:00,28.543,,,,,
13022,08/23/25 23:15:00,28.543,,,,,
13023,08/23/25 23:30:00,28.444,,,,,
13024,08/23/25 23:45:00,29.215,,,,,
13025,08/24/25 00:00:00,29.365,,,,,
13026,08/24/25 00:15:00,29.540,,,,,
13027,08/24/25 00:30:00,29.490,,,,,
13028,08/24/25 00:45:00,29.540,,,,,
13029,08/24/25 01:00:00,29.515,,,,,
13030,08/24/25 01:15:00,29.490,,,,,
13031,08/24/25 01:30:00,29.690,,,,,
13032,08/24/25 01:45:00,29.690,,,,,
13033,08/24/25 02:00:00,29.715,,,,,
13034,08/24/25 02:15:00,29.715,,,,,
13035,08/24/25 02:30:00,29.740,,,,,
13036,08/24/25 02:45:00,29.690,,,,,
13037,08/24/25 03:00:00,29.740,,,,,
13038,08/24/25 03:15:00,29.715,,,,,
13039,08/24/25 03:30:00,29.340,,,,,
13040,08/24/25 03:45:00,29.715,,,,,
13041,08/24/25 04:00:00,29.715,,,,,
13042,08/24/25 04:15:00,29.290,,,,,
13043,08/24/25 04:30:00,29.190,,,,,
13044,08/24/25 04:45:00,29.015,,,,,
13045,08/24/25 05:00:00,29.115,,,,,
13046,08/24/25 05:15:00,29.540,,,,,
13047,08/24/25 05:30:00,29.615,,,,,
13048,08/24/25 05:45:00,29.190,,,,,
13049,08/24/25 06:00:00,29.165,,,,,
13050,08/24/25 06:15:00,29.439,,,,,
13051,08/24/25 06:30:00,29.290,,,,,
13052,08/24/25 06:45:00,29.464,,,,,
13053,08/24/25 07:00:00,29.315,,,,,
13054,08/24/25 07:15:00,29.265,,,,,
13055,08/24/25 07:30:00,29.365,,,,,
13056,08/24/25 07:45:00,29.665,,,,,
13057,08/24/25 08:00:00,29.690,,,,,
13058,08/24/25 08:15:00,29.665,,,,,
13059,08/24/25 08:30:00,29.665,,,,,
13060,08/24/25 08:45:00,29.690,,,,,
13061,08/24/25 09:00:00,29.690,,,,,
13062,08/24/25 09:15:00,29.715,,,,,
13063,08/24/25 09:30:00,29.715,,,,,
13064,08/24/25 09:45:00,29.715,,,,,
13065,08/24/25 10:00:00,29.715,,,,,
13066,08/24/25 10:15:00,29.715,,,,,
13067,08/24/25 10:30:00,29.665,,,,,
13068,08/24/25 10:45:00,29.590,,,,,
13069,08/24/25 11:00:00,29.665,,,,,
13070,08/24/25 11:15:00,29.540,,,,,
13071,08/24/25 11:30:00,29.490,,,,,
13072,08/24/25 11:45:00,29.565,,,,,
13073,08/24/25 12:00:00,29.515,,,,,
13074,08/24/25 12:15:00,29.389,,,,,
13075,08/24/25 12:30:00,29.490,,,,,
13076,08/24/25 12:45:00,29.615,,,,,
13077,08/24/25 13:00:00,29.464,,,,,
13078,08/24/25 13:15:00,29.665,,,,,
13079,08/24/25 13:30:00,29.665,,,,,
13080,08/24/25 13:45:00,29.690,,,,,
13081,08/24/25 14:00:00,29.315,,,,,
13082,08/24/25 14:15:00,29.315,,,,,
13083,08/24/25 14:30:00,29.315,,,,,
13084,08/24/25 14:45:00,29.215,,,,,
13085,08/24/25 15:00:00,28.990,,,,,
13086,08/24/25 15:15:00,29.165,,,,,
13087,08/24/25 15:30:00,29.190,,,,,
13088,08/24/25 15:45:00,29.140,,,,,
13089,08/24/25 16:00:00,29.190,,,,,
13090,08/24/25 16:15:00,29.215,,,,,
13091,08/24/25 16:30:00,29.315,,,,,
13092,08/24/25 16:45:00,29.340,,,,,
13093,08/24/25 17:00:00,29.215,,,,,
13094,08/24/25 17:15:00,29.240,,,,,
13095,08/24/25 17:30:00,29.290,,,,,
13096,08/24/25 17:45:00,29.315,,,,,
13097,08/24/25 18:00:00,29.315,,,,,
13098,08/24/25 18:15:00,29.315,,,,,
13099,08/24/25 18:30:00,29.340,,,,,
13100,08/24/25 18:45:00,29.340,,,,,
13101,08/24/25 19:00:00,29.315,,,,,
13102,08/24/25 19:15:00,29.140,,,,,
13103,08/24/25 19:30:00,29.090,,,,,
13104,08/24/25 19:45:00,29.115,,,,,
13105,08/24/25 20:00:00,28.965,,,,,
13106,08/24/25 20:15:00,29.015,,,,,
13107,08/24/25 20:30:00,29.015,,,,,
13108,08/24/25 20:45:00,29.115,,,,,
13109,08/24/25 21:00:00,29.165,,,,,
13110,08/24/25 21:15:00,29.115,,,,,
13111,08/24/25 21:30:00,29.290,,,,,
13112,08/24/25 21:45:00,29.165,,,,,
13113,08/24/25 22:00:00,29.215,,,,,
13114,08/24/25 22:15:00,29.290,,,,,
13115,08/24/25 22:30:00,29.215,,,,,
13116,08/24/25 22:45:00,29.140,,,,,
13117,08/24/25 23:00:00,28.990,,,,,
13118,08/24/25 23:15:00,28.543,,,,,
13119,08/24/25 23:30:00,28.493,,,,,
13120,08/24/25 23:45:00,28.444,,,,,
13121,08/25/25 00:00:00,28.543,,,,,
13122,08/25/25 00:15:00,28.568,,,,,
13123,08/25/25 00:30:00,28.468,,,,,
13124,08/25/25 00:45:00,28.468,,,,,
13125,08/25/25 01:00:00,28.568,,,,,
13126,08/25/25 01:15:00,28.965,,,,,
13127,08/25/25 01:30:00,29.265,,,,,
13128,08/25/25 01:45:00,28.990,,,,,
13129,08/25/25 02:00:00,28.990,,,,,
13130,08/25/25 02:15:00,29.115,,,,,
13131,08/25/25 02:30:00,29.215,,,,,
13132,08/25/25 02:45:00,29.190,,,,,
13133,08/25/25 03:00:00,29.265,,,,,
13134,08/25/25 03:15:00,29.240,,,,,
13135,08/25/25 03:30:00,29.240,,,,,
13136,08/25/25 03:45:00,29.115,,,,,
13137,08/25/25 04:00:00,28.990,,,,,
13138,08/25/25 04:15:00,28.990,,,,,
13139,08/25/25 04:30:00,28.791,,,,,
13140,08/25/25 04:45:00,28.717,,,,,
13141,08/25/25 05:00:00,28.642,,,,,
13142,08/25/25 05:15:00,28.692,,,,,
13143,08/25/25 05:30:00,28.766,,,,,
13144,08/25/25 05:45:00,28.891,,,,,
13145,08/25/25 06:00:00,28.941,,,,,
13146,08/25/25 06:15:00,29.015,,,,,
13147,08/25/25 06:30:00,29.190,,,,,
13148,08/25/25 06:45:00,29.240,,,,,
13149,08/25/25 07:00:00,29.290,,,,,
13150,08/25/25 07:15:00,29.315,,,,,
13151,08/25/25 07:30:00,29.315,,,,,
13152,08/25/25 07:45:00,29.340,,,,,
13153,08/25/25 08:00:00,29.340,,,,,
13154,08/25/25 08:15:00,29.365,,,,,
13155,08/25/25 08:30:00,29.389,,,,,
13156,08/25/25 08:45:00,29.389,,,,,
13157,08/25/25 09:00:00,29.414,,,,,
13158,08/25/25 09:15:00,29.414,,,,,
13159,08/25/25 09:30:00,29.439,,,,,
13160,08/25/25 09:45:00,29.389,,,,,
13161,08/25/25 10:00:00,29.389,,,,,
13162,08/25/25 10:15:00,29.414,,,,,
13163,08/25/25 10:30:00,29.365,,,,,
13164,08/25/25 10:45:00,29.365,,,,,
13165,08/25/25 11:00:00,29.365,,,,,
13166,08/25/25 11:15:00,29.389,,,,,
13167,08/25/25 11:30:00,29.290,,,,,
13168,08/25/25 11:45:00,29.290,,,,,
13169,08/25/25 12:00:00,29.414,,,,,
13170,08/25/25 12:15:00,29.389,,,,,
13171,08/25/25 12:30:00,29.414,,,,,
13172,08/25/25 12:45:00,29.464,,,,,
13173,08/25/25 13:00:00,29.490,,,,,
13174,08/25/25 13:15:00,29.515,,,,,
13175,08/25/25 13:30:00,29.515,,,,,
13176,08/25/25 13:45:00,29.515,,,,,
13177,08/25/25 14:00:00,29.515,,,,,
13178,08/25/25 14:15:00,29.515,,,,,
13179,08/25/25 14:30:00,29.540,,,,,
13180,08/25/25 14:45:00,29.540,,,,,
13181,08/25/25 15:00:00,29.540,,,,,
13182,08/25/25 15:15:00,29.565,,,,,
13183,08/25/25 15:30:00,29.590,,,,,
13184,08/25/25 15:45:00,29.615,,,,,
13185,08/25/25 16:00:00,29.615,,,,,
13186,08/25/25 16:15:00,29.464,,,,,
13187,08/25/25 16:30:00,29.340,,,,,
13188,08/25/25 16:45:00,29.290,,,,,
13189,08/25/25 17:00:00,29.389,,,,,
13190,08/25/25 17:15:00,29.365,,,,,
13191,08/25/25 17:30:00,29.515,,,,,
13192,08/25/25 17:45:00,29.640,,,,,
13193,08/25/25 18:00:00,29.540,,,,,
13194,08/25/25 18:15:00,29.315,,,,,
13195,08/25/25 18:30:00,29.065,,,,,
13196,08/25/25 18:45:00,29.065,,,,,
13197,08/25/25 19:00:00,29.040,,,,,
13198,08/25/25 19:15:00,28.990,,,,,
13199,08/25/25 19:30:00,29.040,,,,,
13200,08/25/25 19:45:00,29.265,,,,,
13201,08/25/25 20:00:00,29.389,,,,,
13202,08/25/25 20:15:00,29.590,,,,,
13203,08/25/25 20:30:00,29.389,,,,,
13204,08/25/25 20:45:00,29.290,,,,,
13205,08/25/25 21:00:00,29.290,,,,,
13206,08/25/25 21:15:00,29.265,,,,,
13207,08/25/25 21:30:00,29.165,,,,,
13208,08/25/25 21:45:00,29.414,,,,,
13209,08/25/25 22:00:00,29.590,,,,,
13210,08/25/25 22:15:00,29.389,,,,,
13211,08/25/25 22:30:00,29.365,,,,,
13212,08/25/25 22:45:00,29.365,,,,,
13213,08/25/25 23:00:00,29.265,,,,,
13214,08/25/25 23:15:00,29.265,,,,,
13215,08/25/25 23:30:00,29.340,,,,,
13216,08/25/25 23:45:00,29.315,,,,,
13217,08/26/25 00:00:00,29.315,,,,,
13218,08/26/25 00:15:00,29.340,,,,,
13219,08/26/25 00:30:00,29.315,,,,,
13220,08/26/25 00:45:00,29.565,,,,,
13221,08/26/25 01:00:00,29.464,,,,,
13222,08/26/25 01:15:00,29.540,,,,,
13223,08/26/25 01:30:00,29.389,,,,,
13224,08/26/25 01:45:00,29.490,,,,,
13225,08/26/25 02:00:00,29.615,,,,,
13226,08/26/25 02:15:00,29.615,,,,,
13227,08/26/25 02:30:00,29.665,,,,,
13228,08/26/25 02:45:00,29.665,,,,,
13229,08/26/25 03:00:00,29.665,,,,,
13230,08/26/25 03:15:00,29.565,,,,,
13231,08/26/25 03:30:00,29.665,,,,,
13232,08/26/25 03:45:00,29.640,,,,,
13233,08/26/25 04:00:00,29.640,,,,,
13234,08/26/25 04:15:00,29.640,,,,,
13235,08/26/25 04:30:00,29.665,,,,,
13236,08/26/25 04:45:00,29.690,,,,,
13237,08/26/25 05:00:00,29.690,,,,,
13238,08/26/25 05:15:00,29.690,,,,,
13239,08/26/25 05:30:00,29.665,,,,,
13240,08/26/25 05:45:00,29.665,,,,,
13241,08/26/25 06:00:00,29.690,,,,,
13242,08/26/25 06:15:00,29.640,,,,,
13243,08/26/25 06:30:00,29.640,,,,,
13244,08/26/25 06:45:00,29.640,,,,,
13245,08/26/25 07:00:00,29.640,,,,,
13246,08/26/25 07:15:00,29.590,,,,,
13247,08/26/25 07:30:00,29.565,,,,,
13248,08/26/25 07:45:00,29.590,,,,,
13249,08/26/25 08:00:00,29.615,,,,,
13250,08/26/25 08:15:00,29.615,,,,,
13251,08/26/25 08:30:00,29.590,,,,,
13252,08/26/25 08:45:00,29.590,,,,,
13253,08/26/25 09:00:00,29.615,,,,,
13254,08/26/25 09:15:00,29.515,,,,,
13255,08/26/25 09:30:00,29.590,,,,,
13256,08/26/25 09:45:00,29.615,,,,,
13257,08/26/25 10:00:00,29.615,,,,,
13258,08/26/25 10:15:00,29.565,,,,,
13259,08/26/25 10:30:00,29.590,,,,,
13260,08/26/25 10:45:00,29.640,,,,,
13261,08/26/25 11:00:00,29.640,,,,,
13262,08/26/25 11:15:00,29.665,,,,,
13263,08/26/25 11:30:00,29.665,,,,,
13264,08/26/25 11:45:00,29.690,,,,,
13265,08/26/25 12:00:00,29.715,,,,,
13266,08/26/25 12:15:00,29.715,,,,,
13267,08/26/25 12:30:00,29.715,,,,,
13268,08/26/25 12:45:00,29.715,,,,,
13269,08/26/25 13:00:00,29.715,,,,,
13270,08/26/25 13:15:00,29.715,,,,,
13271,08/26/25 13:30:00,29.715,,,,,
13272,08/26/25 13:45:00,29.715,,,,,
13273,08/26/25 14:00:00,29.740,,,,,
13274,08/26/25 14:15:00,29.740,,,,,
13275,08/26/25 14:30:00,29.740,,,,,
13276,08/26/25 14:45:00,29.740,,,,,
13277,08/26/25 15:00:00,29.740,,,,,
13278,08/26/25 15:15:00,29.740,,,,,
13279,08/26/25 15:30:00,29.740,,,,,
13280,08/26/25 15:45:00,29.765,,,,,
13281,08/26/25 16:00:00,29.765,,,,,
13282,08/26/25 16:15:00,29.765,,,,,
13283,08/26/25 16:30:00,29.790,,,,,
13284,08/26/25 16:45:00,29.790,,,,,
13285,08/26/25 17:00:00,29.515,,,,,
13286,08/26/25 17:15:00,29.540,,,,,
13287,08/26/25 17:30:00,29.140,,,,,
13288,08/26/25 17:45:00,29.340,,,,,
13289,08/26/25 18:00:00,29.389,,,,,
13290,08/26/25 18:15:00,29.340,,,,,
13291,08/26/25 18:30:00,29.290,,,,,
13292,08/26/25 18:45:00,29.290,,,,,
13293,08/26/25 19:00:00,29.140,,,,,
13294,08/26/25 19:15:00,29.115,,,,,
13295,08/26/25 19:30:00,29.365,,,,,
13296,08/26/25 19:45:00,29.414,,,,,
13297,08/26/25 20:00:00,29.439,,,,,
13298,08/26/25 20:15:00,29.464,,,,,
13299,08/26/25 20:30:00,29.464,,,,,
13300,08/26/25 20:45:00,29.490,,,,,
13301,08/26/25 21:00:00,29.464,,,,,
13302,08/26/25 21:15:00,29.464,,,,,
13303,08/26/25 21:30:00,29.490,,,,,
13304,08/26/25 21:45:00,29.515,,,,,
13305,08/26/25 22:00:00,29.590,,,,,
13306,08/26/25 22:15:00,29.740,,,,,
13307,08/26/25 22:30:00,29.840,,,,,
13308,08/26/25 22:45:00,29.740,,,,,
13309,08/26/25 23:00:00,29.690,,,,,
13310,08/26/25 23:15:00,29.665,,,,,
13311,08/26/25 23:30:00,29.715,,,,,
13312,08/26/25 23:45:00,29.765,,,,,
13313,08/27/25 00:00:00,29.790,,,,,
13314,08/27/25 00:15:00,29.840,,,,,
13315,08/27/25 00:30:00,29.665,,,,,
13316,08/27/25 00:45:00,29.665,,,,,
13317,08/27/25 01:00:00,29.740,,,,,
13318,08/27/25 01:15:00,29.640,,,,,
13319,08/27/25 01:30:00,29.715,,,,,
13320,08/27/25 01:45:00,29.690,,,,,
13321,08/27/25 02:00:00,29.740,,,,,
13322,08/27/25 02:15:00,29.790,,,,,
13323,08/27/25 02:30:00,29.815,,,,,
13324,08/27/25 02:45:00,29.815,,,,,
13325,08/27/25 03:00:00,29.815,,,,,
13326,08/27/25 03:15:00,29.865,,,,,
13327,08/27/25 03:30:00,29.865,,,,,
13328,08/27/25 03:45:00,29.865,,,,,
13329,08/27/25 04:00:00,29.865,,,,,
13330,08/27/25 04:15:00,29.840,,,,,
13331,08/27/25 04:30:00,29.840,,,,,
13332,08/27/25 04:45:00,29.815,,,,,
13333,08/27/25 05:00:00,29.790,,,,,
13334,08/27/25 05:15:00,29.790,,,,,
13335,08/27/25 05:30:00,29.765,,,,,
13336,08/27/25 05:45:00,29.740,,,,,
13337,08/27/25 06:00:00,29.740,,,,,
13338,08/27/25 06:15:00,29.740,,,,,
13339,08/27/25 06:30:00,29.740,,,,,
13340,08/27/25 06:45:00,29.740,,,,,
13341,08/27/25 07:00:00,29.740,,,,,
13342,08/27/25 07:15:00,29.740,,,,,
13343,08/27/25 07:30:00,29.715,,,,,
13344,08/27/25 07:45:00,29.715,,,,,
13345,08/27/25 08:00:00,29.690,,,,,
13346,08/27/25 08:15:00,29.690,,,,,
13347,08/27/25 08:30:00,29.665,,,,,
13348,08/27/25 08:45:00,29.640,,,,,
13349,08/27/25 09:00:00,29.640,,,,,
13350,08/27/25 09:15:00,29.565,,,,,
13351,08/27/25 09:30:00,29.615,,,,,
13352,08/27/25 09:45:00,29.590,,,,,
13353,08/27/25 10:00:00,29.590,,,,,
13354,08/27/25 10:15:00,29.640,,,,,
13355,08/27/25 10:30:00,29.615,,,,,
13356,08/27/25 10:45:00,29.540,,,,,
13357,08/27/25 11:00:00,29.540,,,,,
13358,08/27/25 11:15:00,29.565,,,,,
13359,08/27/25 11:30:00,29.540,,,,,
13360,08/27/25 11:45:00,29.540,,,,,
13361,08/27/25 12:00:00,29.515,,,,,
13362,08/27/25 12:15:00,29.490,,,,,
13363,08/27/25 12:30:00,29.515,,,,,
13364,08/27/25 12:45:00,29.464,,,,,
13365,08/27/25 13:00:00,29.340,,,,,
13366,08/27/25 13:15:00,29.365,,,,,
13367,08/27/25 13:30:00,29.140,,,,,
13368,08/27/25 13:45:00,29.115,,,,,
13369,08/27/25 14:00:00,29.165,,,,,
13370,08/27/25 14:15:00,29.340,,,,,
13371,08/27/25 14:30:00,29.190,,,,,
13372,08/27/25 14:45:00,29.015,,,,,
13373,08/27/25 15:00:00,29.065,,,,,
13374,08/27/25 15:15:00,29.165,,,,,
13375,08/27/25 15:30:00,29.115,,,,,
13376,08/27/25 15:45:00,28.916,,,,,
13377,08/27/25 16:00:00,29.115,,,,,
13378,08/27/25 16:15:00,29.115,,,,,
13379,08/27/25 16:30:00,29.140,,,,,
13380,08/27/25 16:45:00,29.515,,,,,
13381,08/27/25 17:00:00,29.665,,,,,
13382,08/27/25 17:15:00,29.690,,,,,
13383,08/27/25 17:30:00,29.690,,,,,
13384,08/27/25 17:45:00,29.615,,,,,
13385,08/27/25 18:00:00,29.615,,,,,
13386,08/27/25 18:15:00,29.615,,,,,
13387,08/27/25 18:30:00,29.464,,,,,
13388,08/27/25 18:45:00,29.065,,,,,
13389,08/27/25 19:00:00,29.389,,,,,
13390,08/27/25 19:15:00,29.464,,,,,
13391,08/27/25 19:30:00,29.490,,,,,
13392,08/27/25 19:45:00,29.515,,,,,
13393,08/27/25 20:00:00,29.490,,,,,
13394,08/27/25 20:15:00,29.490,,,,,
13395,08/27/25 20:30:00,29.464,,,,,
13396,08/27/25 20:45:00,29.515,,,,,
13397,08/27/25 21:00:00,29.540,,,,,
13398,08/27/25 21:15:00,29.464,,,,,
13399,08/27/25 21:30:00,29.540,,,,,
13400,08/27/25 21:45:00,29.515,,,,,
13401,08/27/25 22:00:00,29.640,,,,,
13402,08/27/25 22:15:00,29.665,,,,,
13403,08/27/25 22:30:00,29.565,,,,,
13404,08/27/25 22:45:00,29.439,,,,,
13405,08/27/25 23:00:00,29.590,,,,,
13406,08/27/25 23:15:00,29.565,,,,,
13407,08/27/25 23:30:00,29.640,,,,,
13408,08/27/25 23:45:00,29.640,,,,,
13409,08/28/25 00:00:00,29.665,,,,,
13410,08/28/25 00:15:00,29.665,,,,,
13411,08/28/25 00:30:00,29.690,,,,,
13412,08/28/25 00:45:00,29.665,,,,,
13413,08/28/25 01:00:00,29.515,,,,,
13414,08/28/25 01:15:00,29.540,,,,,
13415,08/28/25 01:30:00,29.565,,,,,
13416,08/28/25 01:45:00,29.490,,,,,
13417,08/28/25 02:00:00,29.590,,,,,
13418,08/28/25 02:15:00,29.540,,,,,
13419,08/28/25 02:30:00,29.615,,,,,
13420,08/28/25 02:45:00,29.540,,,,,
13421,08/28/25 03:00:00,29.640,,,,,
13422,08/28/25 03:15:00,29.590,,,,,
13423,08/28/25 03:30:00,29.590,,,,,
13424,08/28/25 03:45:00,29.615,,,,,
13425,08/28/25 04:00:00,29.615,,,,,
13426,08/28/25 04:15:00,29.615,,,,,
13427,08/28/25 04:30:00,29.615,,,,,
13428,08/28/25 04:45:00,29.665,,,,,
13429,08/28/25 05:00:00,29.690,,,,,
13430,08/28/25 05:15:00,29.690,,,,,
13431,08/28/25 05:30:00,29.715,,,,,
13432,08/28/25 05:45:00,29.665,,,,,
13433,08/28/25 06:00:00,29.690,,,,,
13434,08/28/25 06:15:00,29.715,,,,,
13435,08/28/25 06:30:00,29.715,,,,,
13436,08/28/25 06:45:00,29.715,,,,,
13437,08/28/25 07:00:00,29.740,,,,,
13438,08/28/25 07:15:00,29.740,,,,,
13439,08/28/25 07:30:00,29.740,,,,,
13440,08/28/25 07:45:00,29.740,,,,,
13441,08/28/25 08:00:00,29.740,,,,,
13442,08/28/25 08:15:00,29.715,,,,,
13443,08/28/25 08:30:00,29.715,,,,,
13444,08/28/25 08:45:00,29.690,,,,,
13445,08/28/25 09:00:00,29.715,,,,,
13446,08/28/25 09:15:00,29.740,,,,,
13447,08/28/25 09:30:00,29.765,,,,,
13448,08/28/25 09:45:00,29.790,,,,,
13449,08/28/25 10:00:00,29.815,,,,,
13450,08/28/25 10:15:00,29.790,,,,,
13451,08/28/25 10:30:00,29.765,,,,,
13452,08/28/25 10:45:00,29.715,,,,,
13453,08/28/25 11:00:00,29.690,,,,,
13454,08/28/25 11:15:00,29.715,,,,,
13455,08/28/25 11:30:00,29.715,,,,,
13456,08/28/25 11:45:00,29.565,,,,,
13457,08/28/25 12:00:00,29.464,,,,,
13458,08/28/25 12:15:00,29.540,,,,,
13459,08/28/25 12:30:00,29.315,,,,,
13460,08/28/25 12:45:00,29.640,,,,,
13461,08/28/25 13:00:00,29.690,,,,,
13462,08/28/25 13:15:00,29.740,,,,,
13463,08/28/25 13:30:00,29.740,,,,,
13464,08/28/25 13:45:00,29.740,,,,,
13465,08/28/25 14:00:00,29.740,,,,,
13466,08/28/25 14:15:00,29.140,,,,,
13467,08/28/25 14:30:00,28.717,,,,,
13468,08/28/25 14:45:00,28.891,,,,,
13469,08/28/25 15:00:00,29.040,,,,,
13470,08/28/25 15:15:00,29.165,,,,,
13471,08/28/25 15:30:00,29.040,,,,,
13472,08/28/25 15:45:00,29.115,,,,,
13473,08/28/25 16:00:00,29.190,,,,,
13474,08/28/25 16:15:00,29.715,,,,,
13475,08/28/25 16:30:00,29.765,,,,,
13476,08/28/25 16:45:00,29.765,,,,,
13477,08/28/25 17:00:00,29.815,,,,,
13478,08/28/25 17:15:00,29.740,,,,,
13479,08/28/25 17:30:00,29.765,,,,,
13480,08/28/25 17:45:00,29.765,,,,,
13481,08/28/25 18:00:00,29.740,,,,,
13482,08/28/25 18:15:00,29.715,,,,,
13483,08/28/25 18:30:00,29.765,,,,,
13484,08/28/25 18:45:00,29.790,,,,,
13485,08/28/25 19:00:00,29.790,,,,,
13486,08/28/25 19:15:00,29.790,,,,,
13487,08/28/25 19:30:00,29.815,,,,,
13488,08/28/25 19:45:00,29.815,,,,,
13489,08/28/25 20:00:00,29.815,,,,,
13490,08/28/25 20:15:00,29.865,,,,,
13491,08/28/25 20:30:00,29.865,,,,,
13492,08/28/25 20:45:00,29.865,,,,,
13493,08/28/25 21:00:00,29.815,,,,,
13494,08/28/25 21:15:00,29.865,,,,,
13495,08/28/25 21:30:00,29.790,,,,,
13496,08/28/25 21:45:00,29.840,,,,,
13497,08/28/25 22:00:00,29.840,,,,,
13498,08/28/25 22:15:00,29.815,,,,,
13499,08/28/25 22:30:00,29.815,,,,,
13500,08/28/25 22:45:00,29.790,,,,,
13501,08/28/25 23:00:00,29.815,,,,,
13502,08/28/25 23:15:00,29.815,,,,,
13503,08/28/25 23:30:00,29.740,,,,,
13504,08/28/25 23:45:00,29.765,,,,,
13505,08/29/25 00:00:00,29.765,,,,,
13506,08/29/25 00:15:00,28.941,,,,,
13507,08/29/25 00:30:00,28.742,,,,,
13508,08/29/25 00:45:00,28.667,,,,,
13509,08/29/25 01:00:00,28.593,,,,,
13510,08/29/25 01:15:00,28.518,,,,,
13511,08/29/25 01:30:00,28.518,,,,,
13512,08/29/25 01:45:00,28.493,,,,,
13513,08/29/25 02:00:00,28.543,,,,,
13514,08/29/25 02:15:00,28.568,,,,,
13515,08/29/25 02:30:00,28.617,,,,,
13516,08/29/25 02:45:00,28.891,,,,,
13517,08/29/25 03:00:00,28.866,,,,,
13518,08/29/25 03:15:00,28.990,,,,,
13519,08/29/25 03:30:00,29.464,,,,,
13520,08/29/25 03:45:00,29.740,,,,,
13521,08/29/25 04:00:00,29.640,,,,,
13522,08/29/25 04:15:00,29.790,,,,,
13523,08/29/25 04:30:00,29.815,,,,,
13524,08/29/25 04:45:00,29.815,,,,,
13525,08/29/25 05:00:00,29.815,,,,,
13526,08/29/25 05:15:00,29.815,,,,,
13527,08/29/25 05:30:00,29.815,,,,,
13528,08/29/25 05:45:00,29.815,,,,,
13529,08/29/25 06:00:00,29.790,,,,,
13530,08/29/25 06:15:00,29.790,,,,,
13531,08/29/25 06:30:00,29.790,,,,,
13532,08/29/25 06:45:00,29.790,,,,,
13533,08/29/25 07:00:00,29.790,,,,,
13534,08/29/25 07:15:00,29.790,,,,,
13535,08/29/25 07:30:00,29.815,,,,,
13536,08/29/25 07:45:00,29.815,,,,,
13537,08/29/25 08:00:00,29.840,,,,,
13538,08/29/25 08:15:00,29.815,,,,,
13539,08/29/25 08:30:00,29.815,,,,,
13540,08/29/25 08:45:00,29.815,,,,,
13541,08/29/25 09:00:00,29.840,,,,,
13542,08/29/25 09:15:00,29.840,,,,,
13543,08/29/25 09:30:00,29.840,,,,,
13544,08/29/25 09:45:00,29.815,,,,,
13545,08/29/25 10:00:00,29.815,,,,,
13546,08/29/25 10:15:00,29.790,,,,,
13547,08/29/25 10:30:00,29.790,,,,,
13548,08/29/25 10:45:00,29.790,,,,,
13549,08/29/25 11:00:00,29.840,,,,,
13550,08/29/25 11:15:00,29.865,,,,,
13551,08/29/25 11:30:00,29.840,,,,,
13552,08/29/25 11:45:00,29.565,,,,,
13553,08/29/25 12:00:00,29.265,,,,,
13554,08/29/25 12:15:00,28.717,,,,,
13555,08/29/25 12:30:00,28.543,,,,,
13556,08/29/25 12:45:00,28.419,,,,,
13557,08/29/25 13:00:00,28.493,,,,,
13558,08/29/25 13:15:00,28.667,,,,,
13559,08/29/25 13:30:00,28.345,,,,,
13560,08/29/25 13:45:00,28.196,,,,,
13561,08/29/25 14:00:00,28.593,,,,,
13562,08/29/25 14:15:00,28.791,,,,,
13563,08/29/25 14:30:00,28.866,,,,,
13564,08/29/25 14:45:00,28.866,,,,,
13565,08/29/25 15:00:00,29.040,,,,,
13566,08/29/25 15:15:00,28.941,,,,,
13567,08/29/25 15:30:00,28.965,,,,,
13568,08/29/25 15:45:00,28.941,,,,,
13569,08/29/25 16:00:00,28.941,,,,,
13570,08/29/25 16:15:00,29.015,,,,,
13571,08/29/25 16:30:00,29.065,,,,,
13572,08/29/25 16:45:00,29.040,,,,,
13573,08/29/25 17:00:00,29.090,,,,,
13574,08/29/25 17:15:00,28.965,,,,,
13575,08/29/25 17:30:00,29.340,,,,,
13576,08/29/25 17:45:00,29.665,,,,,
13577,08/29/25 18:00:00,29.690,,,,,
13578,08/29/25 18:15:00,29.790,,,,,
13579,08/29/25 18:30:00,29.815,,,,,
13580,08/29/25 18:45:00,29.815,,,,,
13581,08/29/25 19:00:00,29.815,,,,,
13582,08/29/25 19:15:00,29.490,,,,,
13583,08/29/25 19:30:00,29.565,,,,,
13584,08/29/25 19:45:00,29.590,,,,,
13585,08/29/25 20:00:00,29.540,,,,,
13586,08/29/25 20:15:00,29.340,,,,,
13587,08/29/25 20:30:00,29.615,,,,,
13588,08/29/25 20:45:00,29.165,,,,,
13589,08/29/25 21:00:00,29.015,,,,,
13590,08/29/25 21:15:00,29.165,,,,,
13591,08/29/25 21:30:00,29.315,,,,,
13592,08/29/25 21:45:00,29.515,,,,,
13593,08/29/25 22:00:00,29.665,,,,,
13594,08/29/25 22:15:00,29.765,,,,,
13595,08/29/25 22:30:00,29.815,,,,,
13596,08/29/25 22:45:00,29.815,,,,,
13597,08/29/25 23:00:00,29.540,,,,,
13598,08/29/25 23:15:00,29.640,,,,,
13599,08/29/25 23:30:00,29.715,,,,,
13600,08/29/25 23:45:00,29.815,,,,,
13601,08/30/25 00:00:00,29.765,,,,,
13602,08/30/25 00:15:00,29.690,,,,,
13603,08/30/25 00:30:00,29.715,,,,,
13604,08/30/25 00:45:00,29.715,,,,,
13605,08/30/25 01:00:00,29.715,,,,,
13606,08/30/25 01:15:00,29.740,,,,,
13607,08/30/25 01:30:00,29.590,,,,,
13608,08/30/25 01:45:00,29.565,,,,,
13609,08/30/25 02:00:00,28.816,,,,,
13610,08/30/25 02:15:00,28.766,,,,,
13611,08/30/25 02:30:00,28.717,,,,,
13612,08/30/25 02:45:00,28.766,,,,,
13613,08/30/25 03:00:00,29.040,,,,,
13614,08/30/25 03:15:00,29.490,,,,,
13615,08/30/25 03:30:00,29.565,,,,,
13616,08/30/25 03:45:00,29.565,,,,,
13617,08/30/25 04:00:00,29.715,,,,,
13618,08/30/25 04:15:00,29.790,,,,,
13619,08/30/25 04:30:00,29.840,,,,,
13620,08/30/25 04:45:00,29.840,,,,,
13621,08/30/25 05:00:00,29.865,,,,,
13622,08/30/25 05:15:00,29.840,,,,,
13623,08/30/25 05:30:00,29.840,,,,,
13624,08/30/25 05:45:00,29.865,,,,,
13625,08/30/25 06:00:00,29.840,,,,,
13626,08/30/25 06:15:00,29.865,,,,,
13627,08/30/25 06:30:00,29.865,,,,,
13628,08/30/25 06:45:00,29.840,,,,,
13629,08/30/25 07:00:00,29.815,,,,,
13630,08/30/25 07:15:00,29.765,,,,,
13631,08/30/25 07:30:00,29.265,,,,,
13632,08/30/25 07:45:00,29.065,,,,,
13633,08/30/25 08:00:00,29.015,,,,,
13634,08/30/25 08:15:00,28.916,,,,,
13635,08/30/25 08:30:00,28.916,,,,,
13636,08/30/25 08:45:00,28.891,,,,,
13637,08/30/25 09:00:00,28.766,,,,,
13638,08/30/25 09:15:00,28.866,,,,,
13639,08/30/25 09:30:00,29.115,,,,,
13640,08/30/25 09:45:00,29.290,,,,,
13641,08/30/25 10:00:00,29.565,,,,,
13642,08/30/25 10:15:00,29.615,,,,,
13643,08/30/25 10:30:00,29.615,,,,,
13644,08/30/25 10:45:00,29.515,,,,,
13645,08/30/25 11:00:00,29.340,,,,,
13646,08/30/25 11:15:00,29.414,,,,,
13647,08/30/25 11:30:00,29.490,,,,,
13648,08/30/25 11:45:00,29.515,,,,,
13649,08/30/25 12:00:00,29.439,,,,,
13650,08/30/25 12:15:00,28.642,,,,,
13651,08/30/25 12:30:00,29.015,,,,,
13652,08/30/25 12:45:00,28.990,,,,,
13653,08/30/25 13:00:00,28.990,,,,,
13654,08/30/25 13:15:00,29.015,,,,,
13655,08/30/25 13:30:00,28.965,,,,,
13656,08/30/25 13:45:00,28.841,,,,,
13657,08/30/25 14:00:00,28.742,,,,,
13658,08/30/25 14:15:00,28.667,,,,,
13659,08/30/25 14:30:00,28.667,,,,,
13660,08/30/25 14:45:00,28.742,,,,,
13661,08/30/25 15:00:00,28.642,,,,,
13662,08/30/25 15:15:00,28.568,,,,,
13663,08/30/25 15:30:00,28.568,,,,,
13664,08/30/25 15:45:00,28.444,,,,,
13665,08/30/25 16:00:00,28.493,,,,,
13666,08/30/25 16:15:00,28.518,,,,,
13667,08/30/25 16:30:00,28.568,,,,,
13668,08/30/25 16:45:00,28.617,,,,,
13669,08/30/25 17:00:00,28.717,,,,,
13670,08/30/25 17:15:00,28.642,,,,,
13671,08/30/25 17:30:00,28.667,,,,,
13672,08/30/25 17:45:00,28.766,,,,,
13673,08/30/25 18:00:00,28.667,,,,,
13674,08/30/25 18:15:00,28.766,,,,,
13675,08/30/25 18:30:00,28.766,,,,,
13676,08/30/25 18:45:00,28.816,,,,,
13677,08/30/25 19:00:00,28.891,,,,,
13678,08/30/25 19:15:00,28.841,,,,,
13679,08/30/25 19:30:00,28.965,,,,,
13680,08/30/25 19:45:00,28.990,,,,,
13681,08/30/25 20:00:00,29.215,,,,,
13682,08/30/25 20:15:00,29.414,,,,,
13683,08/30/25 20:30:00,29.515,,,,,
13684,08/30/25 20:45:00,29.340,,,,,
13685,08/30/25 21:00:00,29.439,,,,,
13686,08/30/25 21:15:00,29.515,,,,,
13687,08/30/25 21:30:00,29.565,,,,,
13688,08/30/25 21:45:00,29.590,,,,,
13689,08/30/25 22:00:00,29.540,,,,,
13690,08/30/25 22:15:00,29.565,,,,,
13691,08/30/25 22:30:00,29.565,,,,,
13692,08/30/25 22:45:00,29.414,,,,,
13693,08/30/25 23:00:00,29.490,,,,,
13694,08/30/25 23:15:00,29.439,,,,,
13695,08/30/25 23:30:00,29.414,,,,,
13696,08/30/25 23:45:00,29.414,,,,,
13697,08/31/25 00:00:00,29.439,,,,,
13698,08/31/25 00:15:00,29.389,,,,,
13699,08/31/25 00:30:00,29.540,,,,,
13700,08/31/25 00:45:00,29.640,,,,,
13701,08/31/25 01:00:00,29.665,,,,,
13702,08/31/25 01:15:00,29.565,,,,,
13703,08/31/25 01:30:00,29.640,,,,,
13704,08/31/25 01:45:00,29.590,,,,,
13705,08/31/25 02:00:00,29.640,,,,,
13706,08/31/25 02:15:00,29.715,,,,,
13707,08/31/25 02:30:00,29.665,,,,,
13708,08/31/25 02:45:00,29.540,,,,,
13709,08/31/25 03:00:00,29.590,,,,,
13710,08/31/25 03:15:00,29.640,,,,,
13711,08/31/25 03:30:00,29.565,,,,,
13712,08/31/25 03:45:00,29.590,,,,,
13713,08/31/25 04:00:00,29.640,,,,,
13714,08/31/25 04:15:00,29.640,,,,,
13715,08/31/25 04:30:00,29.640,,,,,
13716,08/31/25 04:45:00,29.565,,,,,
13717,08/31/25 05:00:00,29.515,,,,,
13718,08/31/25 05:15:00,29.190,,,,,
13719,08/31/25 05:30:00,29.565,,,,,
13720,08/31/25 05:45:00,29.715,,,,,
13721,08/31/25 06:00:00,29.715,,,,,
13722,08/31/25 06:15:00,29.740,,,,,
13723,08/31/25 06:30:00,29.790,,,,,
13724,08/31/25 06:45:00,29.840,,,,,
13725,08/31/25 07:00:00,29.815,,,,,
13726,08/31/25 07:15:00,29.815,,,,,
13727,08/31/25 07:30:00,29.840,,,,,
13728,08/31/25 07:45:00,29.665,,,,,
13729,08/31/25 08:00:00,29.240,,,,,
13730,08/31/25 08:15:00,29.365,,,,,
13731,08/31/25 08:30:00,29.414,,,,,
13732,08/31/25 08:45:00,29.414,,,,,
13733,08/31/25 09:00:00,29.490,,,,,
13734,08/31/25 09:15:00,29.515,,,,,
13735,08/31/25 09:30:00,29.464,,,,,
13736,08/31/25 09:45:00,29.389,,,,,
13737,08/31/25 10:00:00,29.290,,,,,
13738,08/31/25 10:15:00,29.490,,,,,
13739,08/31/25 10:30:00,29.490,,,,,
13740,08/31/25 10:45:00,29.565,,,,,
13741,08/31/25 11:00:00,29.590,,,,,
13742,08/31/25 11:15:00,29.590,,,,,
13743,08/31/25 11:30:00,29.590,,,,,
13744,08/31/25 11:45:00,29.615,,,,,
13745,08/31/25 12:00:00,29.590,,,,,
13746,08/31/25 12:15:00,29.590,,,,,
13747,08/31/25 12:30:00,29.389,,,,,
13748,08/31/25 12:45:00,29.190,,,,,
13749,08/31/25 13:00:00,29.115,,,,,
13750,08/31/25 13:15:00,28.965,,,,,
13751,08/31/25 13:30:00,28.916,,,,,
13752,08/31/25 13:45:00,28.916,,,,,
13753,08/31/25 14:00:00,29.040,,,,,
13754,08/31/25 14:15:00,28.941,,,,,
13755,08/31/25 14:30:00,28.990,,,,,
13756,08/31/25 14:45:00,28.941,,,,,
13757,08/31/25 15:00:00,28.916,,,,,
13758,08/31/25 15:15:00,29.040,,,,,
13759,08/31/25 15:30:00,28.941,,,,,
13760,08/31/25 15:45:00,28.990,,,,,
13761,08/31/25 16:00:00,28.965,,,,,
13762,08/31/25 16:15:00,29.090,,,,,
13763,08/31/25 16:30:00,28.965,,,,,
13764,08/31/25 16:45:00,28.965,,,,,
13765,08/31/25 17:00:00,29.290,,,,,
13766,08/31/25 17:15:00,29.439,,,,,
13767,08/31/25 17:30:00,29.490,,,,,
13768,08/31/25 17:45:00,29.140,,,,,
13769,08/31/25 18:00:00,29.165,,,,,
13770,08/31/25 18:15:00,29.115,,,,,
13771,08/31/25 18:30:00,29.190,,,,,
13772,08/31/25 18:45:00,29.265,,,,,
13773,08/31/25 19:00:00,29.265,,,,,
13774,08/31/25 19:15:00,29.290,,,,,
13775,08/31/25 19:30:00,29.565,,,,,
13776,08/31/25 19:45:00,29.740,,,,,
13777,08/31/25 20:00:00,29.690,,,,,
13778,08/31/25 20:15:00,29.740,,,,,
13779,08/31/25 20:30:00,29.740,,,,,
13780,08/31/25 20:45:00,29.640,,,,,
13781,08/31/25 21:00:00,29.715,,,,,
13782,08/31/25 21:15:00,29.615,,,,,
13783,08/31/25 21:30:00,29.715,,,,,
13784,08/31/25 21:45:00,29.640,,,,,
13785,08/31/25 22:00:00,29.740,,,,,
13786,08/31/25 22:15:00,29.815,,,,,
13787,08/31/25 22:30:00,29.815,,,,,
13788,08/31/25 22:45:00,29.815,,,,,
13789,08/31/25 23:00:00,29.865,,,,,
13790,08/31/25 23:15:00,29.865,,,,,
13791,08/31/25 23:30:00,29.765,,,,,
13792,08/31/25 23:45:00,29.715,,,,,
13793,09/01/25 00:00:00,29.715,,,,,
13794,09/01/25 00:15:00,29.690,,,,,
13795,09/01/25 00:30:00,29.590,,,,,
13796,09/01/25 00:45:00,29.590,,,,,
13797,09/01/25 01:00:00,29.515,,,,,
13798,09/01/25 01:15:00,29.540,,,,,
13799,09/01/25 01:30:00,29.464,,,,,
13800,09/01/25 01:45:00,29.515,,,,,
13801,09/01/25 02:00:00,29.715,,,,,
13802,09/01/25 02:15:00,29.640,,,,,
13803,09/01/25 02:30:00,29.615,,,,,
13804,09/01/25 02:45:00,29.640,,,,,
13805,09/01/25 03:00:00,29.690,,,,,
13806,09/01/25 03:15:00,29.715,,,,,
13807,09/01/25 03:30:00,29.665,,,,,
13808,09/01/25 03:45:00,29.740,,,,,
13809,09/01/25 04:00:00,29.540,,,,,
13810,09/01/25 04:15:00,29.565,,,,,
13811,09/01/25 04:30:00,29.490,,,,,
13812,09/01/25 04:45:00,29.464,,,,,
13813,09/01/25 05:00:00,29.565,,,,,
13814,09/01/25 05:15:00,29.640,,,,,
13815,09/01/25 05:30:00,29.690,,,,,
13816,09/01/25 05:45:00,29.715,,,,,
13817,09/01/25 06:00:00,29.740,,,,,
13818,09/01/25 06:15:00,29.765,,,,,
13819,09/01/25 06:30:00,29.815,,,,,
13820,09/01/25 06:45:00,29.815,,,,,
13821,09/01/25 07:00:00,29.815,,,,,
13822,09/01/25 07:15:00,29.840,,,,,
13823,09/01/25 07:30:00,29.840,,,,,
13824,09/01/25 07:45:00,29.840,,,,,
13825,09/01/25 08:00:00,29.840,,,,,
13826,09/01/25 08:15:00,29.815,,,,,
13827,09/01/25 08:30:00,29.840,,,,,
13828,09/01/25 08:45:00,29.840,,,,,
13829,09/01/25 09:00:00,29.840,,,,,
13830,09/01/25 09:15:00,29.840,,,,,
13831,09/01/25 09:30:00,29.840,,,,,
13832,09/01/25 09:45:00,29.840,,,,,
13833,09/01/25 10:00:00,29.840,,,,,
13834,09/01/25 10:15:00,29.840,,,,,
13835,09/01/25 10:30:00,29.840,,,,,
13836,09/01/25 10:45:00,29.840,,,,,
13837,09/01/25 11:00:00,29.665,,,,,
13838,09/01/25 11:15:00,29.590,,,,,
13839,09/01/25 11:30:00,29.240,,,,,
13840,09/01/25 11:45:00,29.140,,,,,
13841,09/01/25 12:00:00,29.265,,,,,
13842,09/01/25 12:15:00,29.240,,,,,
13843,09/01/25 12:30:00,29.065,,,,,
13844,09/01/25 12:45:00,29.215,,,,,
13845,09/01/25 13:00:00,29.190,,,,,
13846,09/01/25 13:15:00,29.190,,,,,
13847,09/01/25 13:30:00,29.165,,,,,
13848,09/01/25 13:45:00,29.165,,,,,
13849,09/01/25 14:00:00,29.090,,,,,
13850,09/01/25 14:15:00,28.965,,,,,
13851,09/01/25 14:30:00,28.941,,,,,
13852,09/01/25 14:45:00,28.941,,,,,
13853,09/01/25 15:00:00,28.891,,,,,
13854,09/01/25 15:15:00,28.941,,,,,
13855,09/01/25 15:30:00,28.965,,,,,
13856,09/01/25 15:45:00,28.941,,,,,
13857,09/01/25 16:00:00,29.140,,,,,
13858,09/01/25 16:15:00,28.916,,,,,
13859,09/01/25 16:30:00,28.766,,,,,
13860,09/01/25 16:45:00,28.816,,,,,
13861,09/01/25 17:00:00,28.816,,,,,
13862,09/01/25 17:15:00,28.990,,,,,
13863,09/01/25 17:30:00,29.140,,,,,
13864,09/01/25 17:45:00,29.090,,,,,
13865,09/01/25 18:00:00,29.040,,,,,
13866,09/01/25 18:15:00,29.015,,,,,
13867,09/01/25 18:30:00,29.090,,,,,
13868,09/01/25 18:45:00,29.115,,,,,
13869,09/01/25 19:00:00,29.115,,,,,
13870,09/01/25 19:15:00,29.115,,,,,
13871,09/01/25 19:30:00,29.140,,,,,
13872,09/01/25 19:45:00,28.990,,,,,
13873,09/01/25 20:00:00,28.717,,,,,
13874,09/01/25 20:15:00,28.841,,,,,
13875,09/01/25 20:30:00,28.841,,,,,
13876,09/01/25 20:45:00,28.965,,,,,
13877,09/01/25 21:00:00,29.040,,,,,
13878,09/01/25 21:15:00,28.742,,,,,
13879,09/01/25 21:30:00,29.065,,,,,
13880,09/01/25 21:45:00,29.065,,,,,
13881,09/01/25 22:00:00,29.065,,,,,
13882,09/01/25 22:15:00,29.115,,,,,
13883,09/01/25 22:30:00,28.990,,,,,
13884,09/01/25 22:45:00,28.891,,,,,
13885,09/01/25 23:00:00,28.916,,,,,
13886,09/01/25 23:15:00,28.990,,,,,
13887,09/01/25 23:30:00,28.990,,,,,
13888,09/01/25 23:45:00,28.941,,,,,
13889,09/02/25 00:00:00,28.941,,,,,
13890,09/02/25 00:15:00,28.941,,,,,
13891,09/02/25 00:30:00,29.140,,,,,
13892,09/02/25 00:45:00,29.090,,,,,
13893,09/02/25 01:00:00,29.065,,,,,
13894,09/02/25 01:15:00,29.065,,,,,
13895,09/02/25 01:30:00,29.340,,,,,
13896,09/02/25 01:45:00,29.290,,,,,
13897,09/02/25 02:00:00,29.040,,,,,
13898,09/02/25 02:15:00,28.990,,,,,
13899,09/02/25 02:30:00,29.015,,,,,
13900,09/02/25 02:45:00,28.990,,,,,
13901,09/02/25 03:00:00,29.015,,,,,
13902,09/02/25 03:15:00,29.015,,,,,
13903,09/02/25 03:30:00,29.065,,,,,
13904,09/02/25 03:45:00,29.065,,,,,
13905,09/02/25 04:00:00,29.090,,,,,
13906,09/02/25 04:15:00,29.265,,,,,
13907,09/02/25 04:30:00,29.065,,,,,
13908,09/02/25 04:45:00,28.742,,,,,
13909,09/02/25 05:00:00,28.866,,,,,
13910,09/02/25 05:15:00,29.615,,,,,
13911,09/02/25 05:30:00,29.140,,,,,
13912,09/02/25 05:45:00,28.916,,,,,
13913,09/02/25 06:00:00,28.965,,,,,
13914,09/02/25 06:15:00,28.990,,,,,
13915,09/02/25 06:30:00,29.040,,,,,
13916,09/02/25 06:45:00,29.190,,,,,
13917,09/02/25 07:00:00,29.615,,,,,
13918,09/02/25 07:15:00,29.665,,,,,
13919,09/02/25 07:30:00,29.690,,,,,
13920,09/02/25 07:45:00,29.815,,,,,
13921,09/02/25 08:00:00,29.865,,,,,
13922,09/02/25 08:15:00,29.865,,,,,
13923,09/02/25 08:30:00,29.865,,,,,
13924,09/02/25 08:45:00,29.840,,,,,
13925,09/02/25 09:00:00,29.815,,,,,
13926,09/02/25 09:15:00,29.840,,,,,
13927,09/02/25 09:30:00,29.840,,,,,
13928,09/02/25 09:45:00,29.665,,,,,
13929,09/02/25 10:00:00,29.715,,,,,
13930,09/02/25 10:15:00,29.215,,,,,
13931,09/02/25 10:30:00,28.965,,,,,
13932,09/02/25 10:45:00,28.891,,,,,
13933,09/02/25 11:00:00,28.866,,,,,
13934,09/02/25 11:15:00,28.916,,,,,
13935,09/02/25 11:30:00,28.841,,,,,
13936,09/02/25 11:45:00,28.816,,,,,
13937,09/02/25 12:00:00,28.916,,,,,
13938,09/02/25 12:15:00,28.891,,,,,
13939,09/02/25 12:30:00,28.841,,,,,
13940,09/02/25 12:45:00,28.742,,,,,
13941,09/02/25 13:00:00,28.841,,,,,
13942,09/02/25 13:15:00,28.841,,,,,
13943,09/02/25 13:30:00,28.916,,,,,
13944,09/02/25 13:45:00,29.015,,,,,
13945,09/02/25 14:00:00,28.941,,,,,
13946,09/02/25 14:15:00,29.015,,,,,
13947,09/02/25 14:30:00,29.040,,,,,
13948,09/02/25 14:45:00,29.115,,,,,
13949,09/02/25 15:00:00,29.140,,,,,
13950,09/02/25 15:15:00,29.115,,,,,
13951,09/02/25 15:30:00,28.941,,,,,
13952,09/02/25 15:45:00,28.941,,,,,
13953,09/02/25 16:00:00,28.941,,,,,
13954,09/02/25 16:15:00,28.916,,,,,
13955,09/02/25 16:30:00,28.916,,,,,
13956,09/02/25 16:45:00,28.916,,,,,
13957,09/02/25 17:00:00,28.941,,,,,
13958,09/02/25 17:15:00,28.965,,,,,
13959,09/02/25 17:30:00,28.941,,,,,
13960,09/02/25 17:45:00,28.866,,,,,
13961,09/02/25 18:00:00,28.891,,,,,
13962,09/02/25 18:15:00,29.065,,,,,
13963,09/02/25 18:30:00,29.065,,,,,
13964,09/02/25 18:45:00,29.140,,,,,
13965,09/02/25 19:00:00,29.165,,,,,
13966,09/02/25 19:15:00,29.065,,,,,
13967,09/02/25 19:30:00,29.015,,,,,
13968,09/02/25 19:45:00,29.140,,,,,
13969,09/02/25 20:00:00,29.090,,,,,
13970,09/02/25 20:15:00,29.414,,,,,
13971,09/02/25 20:30:00,29.540,,,,,
13972,09/02/25 20:45:00,29.414,,,,,
13973,09/02/25 21:00:00,29.540,,,,,
13974,09/02/25 21:15:00,29.515,,,,,
13975,09/02/25 21:30:00,29.165,,,,,
13976,09/02/25 21:45:00,28.941,,,,,
13977,09/02/25 22:00:00,29.090,,,,,
13978,09/02/25 22:15:00,29.040,,,,,
13979,09/02/25 22:30:00,29.065,,,,,
13980,09/02/25 22:45:00,29.090,,,,,
13981,09/02/25 23:00:00,29.115,,,,,
13982,09/02/25 23:15:00,29.215,,,,,
13983,09/02/25 23:30:00,29.265,,,,,
13984,09/02/25 23:45:00,29.190,,,,,
13985,09/03/25 00:00:00,29.215,,,,,
13986,09/03/25 00:15:00,29.215,,,,,
13987,09/03/25 00:30:00,29.265,,,,,
13988,09/03/25 00:45:00,29.340,,,,,
13989,09/03/25 01:00:00,29.340,,,,,
13990,09/03/25 01:15:00,29.389,,,,,
13991,09/03/25 01:30:00,29.439,,,,,
13992,09/03/25 01:45:00,29.265,,,,,
13993,09/03/25 02:00:00,29.190,,,,,
13994,09/03/25 02:15:00,29.240,,,,,
13995,09/03/25 02:30:00,29.215,,,,,
13996,09/03/25 02:45:00,29.165,,,,,
13997,09/03/25 03:00:00,29.115,,,,,
13998,09/03/25 03:15:00,29.065,,,,,
13999,09/03/25 03:30:00,29.190,,,,,
14000,09/03/25 03:45:00,29.190,,,,,
14001,09/03/25 04:00:00,29.190,,,,,
14002,09/03/25 04:15:00,29.140,,,,,
14003,09/03/25 04:30:00,29.115,,,,,
14004,09/03/25 04:45:00,29.140,,,,,
14005,09/03/25 05:00:00,29.165,,,,,
14006,09/03/25 05:15:00,29.165,,,,,
14007,09/03/25 05:30:00,29.165,,,,,
14008,09/03/25 05:45:00,28.990,,,,,
14009,09/03/25 06:00:00,29.015,,,,,
14010,09/03/25 06:15:00,28.990,,,,,
14011,09/03/25 06:30:00,29.065,,,,,
14012,09/03/25 06:45:00,29.090,,,,,
14013,09/03/25 07:00:00,29.090,,,,,
14014,09/03/25 07:15:00,29.140,,,,,
14015,09/03/25 07:30:00,29.190,,,,,
14016,09/03/25 07:45:00,29.315,,,,,
14017,09/03/25 08:00:00,29.315,,,,,
14018,09/03/25 08:15:00,29.290,,,,,
14019,09/03/25 08:30:00,29.265,,,,,
14020,09/03/25 08:45:00,29.290,,,,,
14021,09/03/25 09:00:00,29.165,,,,,
14022,09/03/25 09:15:00,29.115,,,,,
14023,09/03/25 09:30:00,28.941,,,,,
14024,09/03/25 09:45:00,28.891,,,,,
14025,09/03/25 10:00:00,28.866,,,,,
14026,09/03/25 10:15:00,28.816,,,,,
14027,09/03/25 10:30:00,28.816,,,,,
14028,09/03/25 10:45:00,28.816,,,,,
14029,09/03/25 11:00:00,28.841,,,,,
14030,09/03/25 11:15:00,28.841,,,,,
14031,09/03/25 11:30:00,29.240,,,,,
14032,09/03/25 11:45:00,28.891,,,,,
14033,09/03/25 12:00:00,29.240,,,,,
14034,09/03/25 12:15:00,29.265,,,,,
14035,09/03/25 12:30:00,29.290,,,,,
14036,09/03/25 12:45:00,29.315,,,,,
14037,09/03/25 13:00:00,29.265,,,,,
14038,09/03/25 13:15:00,29.315,,,,,
14039,09/03/25 13:30:00,29.340,,,,,
14040,09/03/25 13:45:00,29.215,,,,,
14041,09/03/25 14:00:00,29.140,,,,,
14042,09/03/25 14:15:00,29.265,,,,,
14043,09/03/25 14:30:00,29.315,,,,,
14044,09/03/25 14:45:00,29.190,,,,,
14045,09/03/25 15:00:00,29.165,,,,,
14046,09/03/25 15:15:00,29.190,,,,,
14047,09/03/25 15:30:00,29.140,,,,,
14048,09/03/25 15:45:00,29.115,,,,,
14049,09/03/25 16:00:00,29.015,,,,,
14050,09/03/25 16:15:00,28.916,,,,,
14051,09/03/25 16:30:00,28.891,,,,,
14052,09/03/25 16:45:00,28.916,,,,,
14053,09/03/25 17:00:00,28.965,,,,,
14054,09/03/25 17:15:00,28.866,,,,,
14055,09/03/25 17:30:00,28.841,,,,,
14056,09/03/25 17:45:00,28.891,,,,,
14057,09/03/25 18:00:00,28.916,,,,,
14058,09/03/25 18:15:00,29.015,,,,,
14059,09/03/25 18:30:00,28.941,,,,,
14060,09/03/25 18:45:00,28.965,,,,,
14061,09/03/25 19:00:00,29.115,,,,,
14062,09/03/25 19:15:00,29.215,,,,,
14063,09/03/25 19:30:00,29.240,,,,,
14064,09/03/25 19:45:00,29.190,,,,,
14065,09/03/25 20:00:00,29.190,,,,,
14066,09/03/25 20:15:00,29.165,,,,,
14067,09/03/25 20:30:00,29.215,,,,,
14068,09/03/25 20:45:00,29.240,,,,,
14069,09/03/25 21:00:00,29.365,,,,,
14070,09/03/25 21:15:00,29.240,,,,,
14071,09/03/25 21:30:00,29.215,,,,,
14072,09/03/25 21:45:00,29.240,,,,,
14073,09/03/25 22:00:00,29.240,,,,,
14074,09/03/25 22:15:00,29.165,,,,,
14075,09/03/25 22:30:00,29.240,,,,,
14076,09/03/25 22:45:00,29.140,,,,,
14077,09/03/25 23:00:00,29.040,,,,,
14078,09/03/25 23:15:00,29.065,,,,,
14079,09/03/25 23:30:00,29.090,,,,,
14080,09/03/25 23:45:00,29.140,,,,,
14081,09/04/25 00:00:00,29.414,,,,,
14082,09/04/25 00:15:00,29.590,,,,,
14083,09/04/25 00:30:00,29.340,,,,,
14084,09/04/25 00:45:00,29.464,,,,,
14085,09/04/25 01:00:00,29.590,,,,,
14086,09/04/25 01:15:00,29.165,,,,,
14087,09/04/25 01:30:00,29.265,,,,,
14088,09/04/25 01:45:00,29.340,,,,,
14089,09/04/25 02:00:00,29.340,,,,,
14090,09/04/25 02:15:00,29.389,,,,,
14091,09/04/25 02:30:00,29.389,,,,,
14092,09/04/25 02:45:00,29.414,,,,,
14093,09/04/25 03:00:00,29.464,,,,,
14094,09/04/25 03:15:00,29.690,,,,,
14095,09/04/25 03:30:00,29.765,,,,,
14096,09/04/25 03:45:00,29.740,,,,,
14097,09/04/25 04:00:00,29.765,,,,,
14098,09/04/25 04:15:00,29.765,,,,,
14099,09/04/25 04:30:00,29.765,,,,,
14100,09/04/25 04:45:00,29.740,,,,,
14101,09/04/25 05:00:00,29.790,,,,,
14102,09/04/25 05:15:00,29.840,,,,,
14103,09/04/25 05:30:00,29.815,,,,,
14104,09/04/25 05:45:00,29.815,,,,,
14105,09/04/25 06:00:00,29.740,,,,,
14106,09/04/25 06:15:00,29.765,,,,,
14107,09/04/25 06:30:00,29.790,,,,,
14108,09/04/25 06:45:00,29.565,,,,,
14109,09/04/25 07:00:00,29.515,,,,,
14110,09/04/25 07:15:00,29.665,,,,,
14111,09/04/25 07:30:00,29.515,,,,,
14112,09/04/25 07:45:00,29.365,,,,,
14113,09/04/25 08:00:00,29.315,,,,,
14114,09/04/25 08:15:00,29.389,,,,,
14115,09/04/25 08:30:00,29.290,,,,,
14116,09/04/25 08:45:00,29.365,,,,,
14117,09/04/25 09:00:00,29.414,,,,,
14118,09/04/25 09:15:00,29.439,,,,,
14119,09/04/25 09:30:00,29.490,,,,,
14120,09/04/25 09:45:00,29.615,,,,,
14121,09/04/25 10:00:00,29.515,,,,,
14122,09/04/25 10:15:00,29.490,,,,,
14123,09/04/25 10:30:00,29.515,,,,,
14124,09/04/25 10:45:00,29.515,,,,,
14125,09/04/25 11:00:00,29.240,,,,,
14126,09/04/25 11:15:00,28.990,,,,,
14127,09/04/25 11:30:00,28.916,,,,,
14128,09/04/25 11:45:00,28.990,,,,,
14129,09/04/25 12:00:00,29.065,,,,,
14130,09/04/25 12:15:00,29.140,,,,,
14131,09/04/25 12:30:00,29.065,,,,,
14132,09/04/25 12:45:00,29.165,,,,,
14133,09/04/25 13:00:00,29.015,,,,,
14134,09/04/25 13:15:00,28.866,,,,,
14135,09/04/25 13:30:00,28.816,,,,,
14136,09/04/25 13:45:00,28.965,,,,,
14137,09/04/25 14:00:00,29.040,,,,,
14138,09/04/25 14:15:00,29.090,,,,,
14139,09/04/25 14:30:00,29.115,,,,,
14140,09/04/25 14:45:00,29.165,,,,,
14141,09/04/25 15:00:00,29.165,,,,,
14142,09/04/25 15:15:00,29.115,,,,,
14143,09/04/25 15:30:00,29.015,,,,,
14144,09/04/25 15:45:00,29.140,,,,,
14145,09/04/25 16:00:00,29.190,,,,,
14146,09/04/25 16:15:00,29.040,,,,,
14147,09/04/25 16:30:00,29.040,,,,,
14148,09/04/25 16:45:00,29.015,,,,,
14149,09/04/25 17:00:00,29.190,,,,,
14150,09/04/25 17:15:00,29.115,,,,,
14151,09/04/25 17:30:00,29.015,,,,,
14152,09/04/25 17:45:00,28.990,,,,,
14153,09/04/25 18:00:00,28.965,,,,,
14154,09/04/25 18:15:00,28.941,,,,,
14155,09/04/25 18:30:00,28.965,,,,,
14156,09/04/25 18:45:00,28.941,,,,,
14157,09/04/25 19:00:00,28.866,,,,,
14158,09/04/25 19:15:00,28.816,,,,,
14159,09/04/25 19:30:00,28.816,,,,,
14160,09/04/25 19:45:00,28.791,,,,,
14161,09/04/25 20:00:00,28.791,,,,,
14162,09/04/25 20:15:00,28.642,,,,,
14163,09/04/25 20:30:00,28.568,,,,,
14164,09/04/25 20:45:00,28.468,,,,,
14165,09/04/25 21:00:00,28.444,,,,,
14166,09/04/25 21:15:00,28.468,,,,,
14167,09/04/25 21:30:00,28.667,,,,,
14168,09/04/25 21:45:00,28.866,,,,,
14169,09/04/25 22:00:00,28.866,,,,,
14170,09/04/25 22:15:00,29.015,,,,,
14171,09/04/25 22:30:00,29.115,,,,,
14172,09/04/25 22:45:00,29.215,,,,,
14173,09/04/25 23:00:00,29.215,,,,,
14174,09/04/25 23:15:00,29.215,,,,,
14175,09/04/25 23:30:00,29.215,,,,,
14176,09/04/25 23:45:00,29.065,,,,,
14177,09/05/25 00:00:00,29.065,,,,,
14178,09/05/25 00:15:00,29.015,,,,,
14179,09/05/25 00:30:00,29.015,,,,,
14180,09/05/25 00:45:00,29.040,,,,,
14181,09/05/25 01:00:00,29.015,,,,,
14182,09/05/25 01:15:00,29.115,,,,,
14183,09/05/25 01:30:00,29.015,,,,,
14184,09/05/25 01:45:00,29.065,,,,,
14185,09/05/25 02:00:00,29.040,,,,,
14186,09/05/25 02:15:00,28.990,,,,,
14187,09/05/25 02:30:00,29.165,,,,,
14188,09/05/25 02:45:00,29.265,,,,,
14189,09/05/25 03:00:00,29.389,,,,,
14190,09/05/25 03:15:00,29.414,,,,,
14191,09/05/25 03:30:00,29.515,,,,,
14192,09/05/25 03:45:00,29.615,,,,,
14193,09/05/25 04:00:00,29.590,,,,,
14194,09/05/25 04:15:00,29.565,,,,,
14195,09/05/25 04:30:00,28.816,,,,,
14196,09/05/25 04:45:00,28.891,,,,,
14197,09/05/25 05:00:00,29.065,,,,,
14198,09/05/25 05:15:00,28.990,,,,,
14199,09/05/25 05:30:00,28.990,,,,,
14200,09/05/25 05:45:00,29.340,,,,,
14201,09/05/25 06:00:00,29.490,,,,,
14202,09/05/25 06:15:00,29.240,,,,,
14203,09/05/25 06:30:00,29.165,,,,,
14204,09/05/25 06:45:00,29.190,,,,,
14205,09/05/25 07:00:00,29.290,,,,,
14206,09/05/25 07:15:00,29.165,,,,,
14207,09/05/25 07:30:00,29.090,,,,,
14208,09/05/25 07:45:00,29.115,,,,,
14209,09/05/25 08:00:00,29.215,,,,,
14210,09/05/25 08:15:00,29.165,,,,,
14211,09/05/25 08:30:00,29.165,,,,,
14212,09/05/25 08:45:00,29.315,,,,,
14213,09/05/25 09:00:00,29.315,,,,,
14214,09/05/25 09:15:00,29.315,,,,,
14215,09/05/25 09:30:00,29.340,,,,,
14216,09/05/25 09:45:00,29.340,,,,,
14217,09/05/25 10:00:00,29.340,,,,,
14218,09/05/25 10:15:00,29.265,,,,,
14219,09/05/25 10:30:00,29.265,,,,,
14220,09/05/25 10:45:00,29.365,,,,,
14221,09/05/25 11:00:00,29.365,,,,,
14222,09/05/25 11:15:00,29.389,,,,,
14223,09/05/25 11:30:00,29.290,,,,,
14224,09/05/25 11:45:00,29.290,,,,,
14225,09/05/25 12:00:00,29.265,,,,,
14226,09/05/25 12:15:00,29.315,,,,,
14227,09/05/25 12:30:00,29.315,,,,,
14228,09/05/25 12:45:00,29.340,,,,,
14229,09/05/25 13:00:00,29.365,,,,,
14230,09/05/25 13:15:00,29.340,,,,,
14231,09/05/25 13:30:00,29.190,,,,,
14232,09/05/25 13:45:00,29.165,,,,,
14233,09/05/25 14:00:00,29.090,,,,,
14234,09/05/25 14:15:00,29.090,,,,,
14235,09/05/25 14:30:00,29.414,,,,,
14236,09/05/25 14:45:00,29.340,,,,,
14237,09/05/25 15:00:00,29.240,,,,,
14238,09/05/25 15:15:00,29.665,,,,,
14239,09/05/25 15:30:00,29.665,,,,,
14240,09/05/25 15:45:00,29.590,,,,,
14241,09/05/25 16:00:00,29.590,,,,,
14242,09/05/25 16:15:00,29.615,,,,,
14243,09/05/25 16:30:00,29.565,,,,,
14244,09/05/25 16:45:00,29.665,,,,,
14245,09/05/25 17:00:00,29.665,,,,,
14246,09/05/25 17:15:00,29.590,,,,,
14247,09/05/25 17:30:00,29.389,,,,,
14248,09/05/25 17:45:00,29.340,,,,,
14249,09/05/25 18:00:00,29.215,,,,,
14250,09/05/25 18:15:00,29.190,,,,,
14251,09/05/25 18:30:00,29.115,,,,,
14252,09/05/25 18:45:00,29.165,,,,,
14253,09/05/25 19:00:00,29.115,,,,,
14254,09/05/25 19:15:00,28.841,,,,,
14255,09/05/25 19:30:00,28.866,,,,,
14256,09/05/25 19:45:00,28.717,,,,,
14257,09/05/25 20:00:00,28.667,,,,,
14258,09/05/25 20:15:00,28.841,,,,,
14259,09/05/25 20:30:00,28.866,,,,,
14260,09/05/25 20:45:00,28.742,,,,,
14261,09/05/25 21:00:00,28.717,,,,,
14262,09/05/25 21:15:00,28.568,,,,,
14263,09/05/25 21:30:00,28.543,,,,,
14264,09/05/25 21:45:00,28.667,,,,,
14265,09/05/25 22:00:00,28.816,,,,,
14266,09/05/25 22:15:00,28.791,,,,,
14267,09/05/25 22:30:00,28.766,,,,,
14268,09/05/25 22:45:00,28.816,,,,,
14269,09/05/25 23:00:00,28.841,,,,,
14270,09/05/25 23:15:00,28.642,,,,,
14271,09/05/25 23:30:00,28.493,,,,,
14272,09/05/25 23:45:00,28.493,,,,,
14273,09/06/25 00:00:00,28.518,,,,,
14274,09/06/25 00:15:00,28.468,,,,,
14275,09/06/25 00:30:00,28.468,,,,,
14276,09/06/25 00:45:00,28.543,,,,,
14277,09/06/25 01:00:00,28.568,,,,,
14278,09/06/25 01:15:00,28.617,,,,,
14279,09/06/25 01:30:00,28.816,,,,,
14280,09/06/25 01:45:00,29.040,,,,,
14281,09/06/25 02:00:00,29.065,,,,,
14282,09/06/25 02:15:00,28.990,,,,,
14283,09/06/25 02:30:00,28.965,,,,,
14284,09/06/25 02:45:00,28.916,,,,,
14285,09/06/25 03:00:00,28.965,,,,,
14286,09/06/25 03:15:00,29.090,,,,,
14287,09/06/25 03:30:00,29.215,,,,,
14288,09/06/25 03:45:00,29.439,,,,,
14289,09/06/25 04:00:00,29.389,,,,,
14290,09/06/25 04:15:00,29.340,,,,,
14291,09/06/25 04:30:00,29.315,,,,,
14292,09/06/25 04:45:00,29.315,,,,,
14293,09/06/25 05:00:00,29.565,,,,,
14294,09/06/25 05:15:00,29.715,,,,,
14295,09/06/25 05:30:00,29.740,,,,,
14296,09/06/25 05:45:00,29.565,,,,,
14297,09/06/25 06:00:00,29.040,,,,,
14298,09/06/25 06:15:00,28.866,,,,,
14299,09/06/25 06:30:00,28.841,,,,,
14300,09/06/25 06:45:00,28.841,,,,,
14301,09/06/25 07:00:00,28.990,,,,,
14302,09/06/25 07:15:00,29.040,,,,,
14303,09/06/25 07:30:00,29.140,,,,,
14304,09/06/25 07:45:00,28.941,,,,,
14305,09/06/25 08:00:00,28.916,,,,,
14306,09/06/25 08:15:00,28.916,,,,,
14307,09/06/25 08:30:00,28.965,,,,,
14308,09/06/25 08:45:00,28.891,,,,,
14309,09/06/25 09:00:00,28.891,,,,,
14310,09/06/25 09:15:00,28.742,,,,,
14311,09/06/25 09:30:00,28.841,,,,,
14312,09/06/25 09:45:00,28.866,,,,,
14313,09/06/25 10:00:00,28.841,,,,,
14314,09/06/25 10:15:00,28.891,,,,,
14315,09/06/25 10:30:00,29.040,,,,,
14316,09/06/25 10:45:00,29.015,,,,,
14317,09/06/25 11:00:00,29.290,,,,,
14318,09/06/25 11:15:00,29.590,,,,,
14319,09/06/25 11:30:00,29.640,,,,,
14320,09/06/25 11:45:00,29.665,,,,,
14321,09/06/25 12:00:00,29.590,,,,,
14322,09/06/25 12:15:00,29.790,,,,,
14323,09/06/25 12:30:00,29.765,,,,,
14324,09/06/25 12:45:00,29.865,,,,,
14325,09/06/25 13:00:00,29.890,,,,,
14326,09/06/25 13:15:00,29.890,,,,,
14327,09/06/25 13:30:00,29.540,,,,,
14328,09/06/25 13:45:00,29.414,,,,,
14329,09/06/25 14:00:00,29.365,,,,,
14330,09/06/25 14:15:00,29.490,,,,,
14331,09/06/25 14:30:00,29.490,,,,,
14332,09/06/25 14:45:00,29.490,,,,,
14333,09/06/25 15:00:00,29.565,,,,,
14334,09/06/25 15:15:00,29.290,,,,,
14335,09/06/25 15:30:00,29.265,,,,,
14336,09/06/25 15:45:00,29.265,,,,,
14337,09/06/25 16:00:00,29.389,,,,,
14338,09/06/25 16:15:00,29.315,,,,,
14339,09/06/25 16:30:00,29.290,,,,,
14340,09/06/25 16:45:00,29.090,,,,,
14341,09/06/25 17:00:00,29.464,,,,,
14342,09/06/25 17:15:00,29.464,,,,,
14343,09/06/25 17:30:00,29.490,,,,,
14344,09/06/25 17:45:00,29.540,,,,,
14345,09/06/25 18:00:00,29.565,,,,,
14346,09/06/25 18:15:00,29.490,,,,,
14347,09/06/25 18:30:00,29.065,,,,,
14348,09/06/25 18:45:00,29.140,,,,,
14349,09/06/25 19:00:00,28.916,,,,,
14350,09/06/25 19:15:00,28.916,,,,,
14351,09/06/25 19:30:00,29.065,,,,,
14352,09/06/25 19:45:00,29.040,,,,,
14353,09/06/25 20:00:00,29.015,,,,,
14354,09/06/25 20:15:00,28.891,,,,,
14355,09/06/25 20:30:00,28.916,,,,,
14356,09/06/25 20:45:00,28.965,,,,,
14357,09/06/25 21:00:00,28.990,,,,,
14358,09/06/25 21:15:00,29.140,,,,,
14359,09/06/25 21:30:00,29.165,,,,,
14360,09/06/25 21:45:00,29.140,,,,,
14361,09/06/25 22:00:00,29.265,,,,,
14362,09/06/25 22:15:00,29.315,,,,,
14363,09/06/25 22:30:00,29.389,,,,,
14364,09/06/25 22:45:00,29.315,,,,,
14365,09/06/25 23:00:00,29.290,,,,,
14366,09/06/25 23:15:00,29.315,,,,,
14367,09/06/25 23:30:00,29.290,,,,,
14368,09/06/25 23:45:00,29.215,,,,,
14369,09/07/25 00:00:00,29.215,,,,,
14370,09/07/25 00:15:00,29.190,,,,,
14371,09/07/25 00:30:00,29.165,,,,,
14372,09/07/25 00:45:00,29.115,,,,,
14373,09/07/25 01:00:00,29.115,,,,,
14374,09/07/25 01:15:00,29.090,,,,,
14375,09/07/25 01:30:00,29.090,,,,,
14376,09/07/25 01:45:00,29.040,,,,,
14377,09/07/25 02:00:00,28.990,,,,,
14378,09/07/25 02:15:00,28.965,,,,,
14379,09/07/25 02:30:00,28.941,,,,,
14380,09/07/25 02:45:00,29.140,,,,,
14381,09/07/25 03:00:00,29.190,,,,,
14382,09/07/25 03:15:00,29.240,,,,,
14383,09/07/25 03:30:00,29.190,,,,,
14384,09/07/25 03:45:00,29.365,,,,,
14385,09/07/25 04:00:00,29.340,,,,,
14386,09/07/25 04:15:00,29.265,,,,,
14387,09/07/25 04:30:00,29.190,,,,,
14388,09/07/25 04:45:00,29.265,,,,,
14389,09/07/25 05:00:00,29.290,,,,,
14390,09/07/25 05:15:00,29.315,,,,,
14391,09/07/25 05:30:00,29.340,,,,,
14392,09/07/25 05:45:00,29.615,,,,,
14393,09/07/25 06:00:00,29.490,,,,,
14394,09/07/25 06:15:00,29.565,,,,,
14395,09/07/25 06:30:00,29.490,,,,,
14396,09/07/25 06:45:00,29.140,,,,,
14397,09/07/25 07:00:00,29.115,,,,,
14398,09/07/25 07:15:00,29.065,,,,,
14399,09/07/25 07:30:00,29.065,,,,,
14400,09/07/25 07:45:00,29.015,,,,,
14401,09/07/25 08:00:00,29.140,,,,,
14402,09/07/25 08:15:00,29.115,,,,,
14403,09/07/25 08:30:00,28.916,,,,,
14404,09/07/25 08:45:00,29.140,,,,,
14405,09/07/25 09:00:00,29.015,,,,,
14406,09/07/25 09:15:00,29.065,,,,,
14407,09/07/25 09:30:00,28.667,,,,,
14408,09/07/25 09:45:00,28.419,,,,,
14409,09/07/25 10:00:00,28.593,,,,,
14410,09/07/25 10:15:00,28.468,,,,,
14411,09/07/25 10:30:00,28.766,,,,,
14412,09/07/25 10:45:00,29.040,,,,,
14413,09/07/25 11:00:00,29.040,,,,,
14414,09/07/25 11:15:00,28.965,,,,,
14415,09/07/25 11:30:00,28.841,,,,,
14416,09/07/25 11:45:00,28.866,,,,,
14417,09/07/25 12:00:00,28.891,,,,,
14418,09/07/25 12:15:00,28.941,,,,,
14419,09/07/25 12:30:00,29.115,,,,,
14420,09/07/25 12:45:00,29.040,,,,,
14421,09/07/25 13:00:00,29.140,,,,,
14422,09/07/25 13:15:00,29.190,,,,,
14423,09/07/25 13:30:00,29.090,,,,,
14424,09/07/25 13:45:00,29.165,,,,,
14425,09/07/25 14:00:00,29.240,,,,,
14426,09/07/25 14:15:00,29.190,,,,,
14427,09/07/25 14:30:00,29.015,,,,,
14428,09/07/25 14:45:00,28.891,,,,,
14429,09/07/25 15:00:00,28.791,,,,,
14430,09/07/25 15:15:00,28.667,,,,,
14431,09/07/25 15:30:00,28.493,,,,,
14432,09/07/25 15:45:00,28.717,,,,,
14433,09/07/25 16:00:00,28.990,,,,,
14434,09/07/25 16:15:00,28.916,,,,,
14435,09/07/25 16:30:00,29.040,,,,,
14436,09/07/25 16:45:00,29.040,,,,,
14437,09/07/25 17:00:00,28.990,,,,,
14438,09/07/25 17:15:00,29.290,,,,,
14439,09/07/25 17:30:00,28.941,,,,,
14440,09/07/25 17:45:00,29.115,,,,,
14441,09/07/25 18:00:00,29.065,,,,,
14442,09/07/25 18:15:00,28.965,,,,,
14443,09/07/25 18:30:00,28.916,,,,,
14444,09/07/25 18:45:00,28.941,,,,,
14445,09/07/25 19:00:00,28.891,,,,,
14446,09/07/25 19:15:00,28.916,,,,,
14447,09/07/25 19:30:00,28.816,,,,,
14448,09/07/25 19:45:00,28.791,,,,,
14449,09/07/25 20:00:00,28.791,,,,,
14450,09/07/25 20:15:00,28.791,,,,,
14451,09/07/25 20:30:00,28.816,,,,,
14452,09/07/25 20:45:00,28.816,,,,,
14453,09/07/25 21:00:00,28.692,,,,,
14454,09/07/25 21:15:00,28.742,,,,,
14455,09/07/25 21:30:00,28.742,,,,,
14456,09/07/25 21:45:00,28.642,,,,,
14457,09/07/25 22:00:00,28.568,,,,,
14458,09/07/25 22:15:00,28.766,,,,,
14459,09/07/25 22:30:00,28.841,,,,,
14460,09/07/25 22:45:00,28.394,,,,,
14461,09/07/25 23:00:00,28.221,,,,,
14462,09/07/25 23:15:00,28.171,,,,,
14463,09/07/25 23:30:00,28.196,,,,,
14464,09/07/25 23:45:00,28.196,,,,,
14465,09/08/25 00:00:00,28.171,,,,,
14466,09/08/25 00:15:00,28.147,,,,,
14467,09/08/25 00:30:00,28.122,,,,,
14468,09/08/25 00:45:00,28.593,,,,,
14469,09/08/25 01:00:00,29.365,,,,,
14470,09/08/25 01:15:00,29.515,,,,,
14471,09/08/25 01:30:00,29.290,,,,,
14472,09/08/25 01:45:00,29.389,,,,,
14473,09/08/25 02:00:00,29.115,,,,,
14474,09/08/25 02:15:00,29.165,,,,,
14475,09/08/25 02:30:00,29.240,,,,,
14476,09/08/25 02:45:00,29.240,,,,,
14477,09/08/25 03:00:00,29.340,,,,,
14478,09/08/25 03:15:00,29.215,,,,,
14479,09/08/25 03:30:00,29.165,,,,,
14480,09/08/25 03:45:00,28.916,,,,,
14481,09/08/25 04:00:00,28.916,,,,,
14482,09/08/25 04:15:00,29.040,,,,,
14483,09/08/25 04:30:00,28.990,,,,,
14484,09/08/25 04:45:00,28.990,,,,,
14485,09/08/25 05:00:00,28.965,,,,,
14486,09/08/25 05:15:00,28.916,,,,,
14487,09/08/25 05:30:00,28.965,,,,,
14488,09/08/25 05:45:00,29.190,,,,,
14489,09/08/25 06:00:00,29.140,,,,,
14490,09/08/25 06:15:00,29.165,,,,,
14491,09/08/25 06:30:00,29.140,,,,,
14492,09/08/25 06:45:00,29.140,,,,,
14493,09/08/25 07:00:00,28.990,,,,,
14494,09/08/25 07:15:00,29.340,,,,,
14495,09/08/25 07:30:00,29.240,,,,,
14496,09/08/25 07:45:00,29.265,,,,,
14497,09/08/25 08:00:00,29.290,,,,,
14498,09/08/25 08:15:00,29.240,,,,,
14499,09/08/25 08:30:00,28.692,,,,,
14500,09/08/25 08:45:00,28.642,,,,,
14501,09/08/25 09:00:00,28.617,,,,,
14502,09/08/25 09:15:00,28.568,,,,,
14503,09/08/25 09:30:00,28.493,,,,,
14504,09/08/25 09:45:00,28.518,,,,,
14505,09/08/25 10:00:00,28.518,,,,,
14506,09/08/25 10:15:00,28.543,,,,,
14507,09/08/25 10:30:00,28.543,,,,,
14508,09/08/25 10:45:00,29.040,,,,,
14509,09/08/25 11:00:00,29.015,,,,,
14510,09/08/25 11:15:00,28.916,,,,,
14511,09/08/25 11:30:00,28.941,,,,,
14512,09/08/25 11:45:00,28.891,,,,,
14513,09/08/25 12:00:00,28.791,,,,,
14514,09/08/25 12:15:00,28.766,,,,,
14515,09/08/25 12:30:00,28.891,,,,,
14516,09/08/25 12:45:00,28.866,,,,,
14517,09/08/25 13:00:00,28.742,,,,,
14518,09/08/25 13:15:00,28.791,,,,,
14519,09/08/25 13:30:00,28.791,,,,,
14520,09/08/25 13:45:00,28.742,,,,,
14521,09/08/25 14:00:00,28.692,,,,,
14522,09/08/25 14:15:00,28.667,,,,,
14523,09/08/25 14:30:00,28.642,,,,,
14524,09/08/25 14:45:00,28.717,,,,,
14525,09/08/25 15:00:00,28.617,,,,,
14526,09/08/25 15:15:00,28.617,,,,,
14527,09/08/25 15:30:00,28.692,,,,,
14528,09/08/25 15:45:00,29.040,,,,,
14529,09/08/25 16:00:00,29.115,,,,,
14530,09/08/25 16:15:00,28.866,,,,,
14531,09/08/25 16:30:00,28.766,,,,,
14532,09/08/25 16:45:00,28.593,,,,,
14533,09/08/25 17:00:00,28.642,,,,,
14534,09/08/25 17:15:00,28.617,,,,,
14535,09/08/25 17:30:00,28.617,,,,,
14536,09/08/25 17:45:00,28.667,,,,,
14537,09/08/25 18:00:00,28.667,,,,,
14538,09/08/25 18:15:00,28.617,,,,,
14539,09/08/25 18:30:00,28.593,,,,,
14540,09/08/25 18:45:00,28.617,,,,,
14541,09/08/25 19:00:00,28.493,,,,,
14542,09/08/25 19:15:00,28.419,,,,,
14543,09/08/25 19:30:00,28.518,,,,,
14544,09/08/25 19:45:00,28.394,,,,,
14545,09/08/25 20:00:00,28.394,,,,,
14546,09/08/25 20:15:00,28.394,,,,,
14547,09/08/25 20:30:00,28.543,,,,,
14548,09/08/25 20:45:00,28.593,,,,,
14549,09/08/25 21:00:00,28.667,,,,,
14550,09/08/25 21:15:00,28.791,,,,,
14551,09/08/25 21:30:00,28.692,,,,,
14552,09/08/25 21:45:00,28.617,,,,,
14553,09/08/25 22:00:00,28.468,,,,,
14554,09/08/25 22:15:00,28.394,,,,,
14555,09/08/25 22:30:00,28.419,,,,,
14556,09/08/25 22:45:00,28.369,,,,,
14557,09/08/25 23:00:00,28.345,,,,,
14558,09/08/25 23:15:00,28.369,,,,,
14559,09/08/25 23:30:00,28.394,,,,,
14560,09/08/25 23:45:00,28.543,,,,,
14561,09/09/25 00:00:00,28.468,,,,,
14562,09/09/25 00:15:00,28.444,,,,,
14563,09/09/25 00:30:00,28.518,,,,,
14564,09/09/25 00:45:00,28.791,,,,,
14565,09/09/25 01:00:00,28.941,,,,,
14566,09/09/25 01:15:00,29.015,,,,,
14567,09/09/25 01:30:00,29.040,,,,,
14568,09/09/25 01:45:00,29.215,,,,,
14569,09/09/25 02:00:00,29.165,,,,,
14570,09/09/25 02:15:00,28.941,,,,,
14571,09/09/25 02:30:00,28.841,,,,,
14572,09/09/25 02:45:00,28.866,,,,,
14573,09/09/25 03:00:00,28.791,,,,,
14574,09/09/25 03:15:00,28.866,,,,,
14575,09/09/25 03:30:00,28.841,,,,,
14576,09/09/25 03:45:00,28.791,,,,,
14577,09/09/25 04:00:00,28.816,,,,,
14578,09/09/25 04:15:00,28.866,,,,,
14579,09/09/25 04:30:00,28.916,,,,,
14580,09/09/25 04:45:00,29.165,,,,,
14581,09/09/25 05:00:00,29.215,,,,,
14582,09/09/25 05:15:00,29.265,,,,,
14583,09/09/25 05:30:00,29.365,,,,,
14584,09/09/25 05:45:00,29.315,,,,,
14585,09/09/25 06:00:00,29.315,,,,,
14586,09/09/25 06:15:00,29.290,,,,,
14587,09/09/25 06:30:00,29.215,,,,,
14588,09/09/25 06:45:00,29.190,,,,,
14589,09/09/25 07:00:00,29.240,,,,,
14590,09/09/25 07:15:00,28.990,,,,,
14591,09/09/25 07:30:00,29.140,,,,,
14592,09/09/25 07:45:00,29.140,,,,,
14593,09/09/25 08:00:00,28.990,,,,,
14594,09/09/25 08:15:00,29.365,,,,,
14595,09/09/25 08:30:00,28.841,,,,,
14596,09/09/25 08:45:00,28.791,,,,,
14597,09/09/25 09:00:00,29.340,,,,,
14598,09/09/25 09:15:00,29.464,,,,,
14599,09/09/25 09:30:00,29.265,,,,,
14600,09/09/25 09:45:00,29.365,,,,,
14601,09/09/25 10:00:00,29.290,,,,,
14602,09/09/25 10:15:00,29.365,,,,,
14603,09/09/25 10:30:00,29.315,,,,,
14604,09/09/25 10:45:00,29.290,,,,,
14605,09/09/25 11:00:00,29.240,,,,,
14606,09/09/25 11:15:00,29.165,,,,,
14607,09/09/25 11:30:00,29.265,,,,,
14608,09/09/25 11:45:00,29.265,,,,,
14609,09/09/25 12:00:00,29.265,,,,,
14610,09/09/25 12:15:00,29.365,,,,,
14611,09/09/25 12:30:00,29.090,,,,,
14612,09/09/25 12:45:00,28.791,,,,,
14613,09/09/25 13:00:00,28.766,,,,,
14614,09/09/25 13:15:00,28.742,,,,,
14615,09/09/25 13:30:00,28.692,,,,,
14616,09/09/25 13:45:00,28.766,,,,,
14617,09/09/25 14:00:00,29.140,,,,,
14618,09/09/25 14:15:00,29.340,,,,,
14619,09/09/25 14:30:00,29.414,,,,,
14620,09/09/25 14:45:00,29.515,,,,,
14621,09/09/25 15:00:00,29.640,,,,,
14622,09/09/25 15:15:00,29.565,,,,,
14623,09/09/25 15:30:00,29.565,,,,,
14624,09/09/25 15:45:00,29.615,,,,,
14625,09/09/25 16:00:00,29.690,,,,,
14626,09/09/25 16:15:00,29.615,,,,,
14627,09/09/25 16:30:00,29.340,,,,,
14628,09/09/25 16:45:00,29.165,,,,,
14629,09/09/25 17:00:00,29.215,,,,,
14630,09/09/25 17:15:00,29.315,,,,,
14631,09/09/25 17:30:00,29.090,,,,,
14632,09/09/25 17:45:00,29.140,,,,,
14633,09/09/25 18:00:00,29.140,,,,,
14634,09/09/25 18:15:00,29.065,,,,,
14635,09/09/25 18:30:00,29.290,,,,,
14636,09/09/25 18:45:00,29.015,,,,,
14637,09/09/25 19:00:00,29.015,,,,,
14638,09/09/25 19:15:00,29.015,,,,,
14639,09/09/25 19:30:00,29.140,,,,,
14640,09/09/25 19:45:00,28.965,,,,,
14641,09/09/25 20:00:00,29.015,,,,,
14642,09/09/25 20:15:00,29.190,,,,,
14643,09/09/25 20:30:00,29.140,,,,,
14644,09/09/25 20:45:00,29.290,,,,,
14645,09/09/25 21:00:00,28.965,,,,,
14646,09/09/25 21:15:00,28.891,,,,,
14647,09/09/25 21:30:00,28.965,,,,,
14648,09/09/25 21:45:00,28.766,,,,,
14649,09/09/25 22:00:00,28.766,,,,,
14650,09/09/25 22:15:00,28.692,,,,,
14651,09/09/25 22:30:00,28.667,,,,,
14652,09/09/25 22:45:00,28.667,,,,,
14653,09/09/25 23:00:00,28.642,,,,,
14654,09/09/25 23:15:00,28.543,,,,,
14655,09/09/25 23:30:00,28.493,,,,,
14656,09/09/25 23:45:00,28.493,,,,,
14657,09/10/25 00:00:00,28.320,,,,,
14658,09/10/25 00:15:00,28.419,,,,,
14659,09/10/25 00:30:00,28.468,,,,,
14660,09/10/25 00:45:00,28.617,,,,,
14661,09/10/25 01:00:00,28.493,,,,,
14662,09/10/25 01:15:00,28.667,,,,,
14663,09/10/25 01:30:00,28.593,,,,,
14664,09/10/25 01:45:00,28.717,,,,,
14665,09/10/25 02:00:00,28.742,,,,,
14666,09/10/25 02:15:00,28.717,,,,,
14667,09/10/25 02:30:00,28.816,,,,,
14668,09/10/25 02:45:00,28.841,,,,,
14669,09/10/25 03:00:00,29.015,,,,,
14670,09/10/25 03:15:00,29.090,,,,,
14671,09/10/25 03:30:00,28.841,,,,,
14672,09/10/25 03:45:00,28.841,,,,,
14673,09/10/25 04:00:00,28.816,,,,,
14674,09/10/25 04:15:00,28.717,,,,,
14675,09/10/25 04:30:00,28.518,,,,,
14676,09/10/25 04:45:00,28.493,,,,,
14677,09/10/25 05:00:00,28.468,,,,,
14678,09/10/25 05:15:00,28.419,,,,,
14679,09/10/25 05:30:00,28.419,,,,,
14680,09/10/25 05:45:00,28.419,,,,,
14681,09/10/25 06:00:00,28.742,,,,,
14682,09/10/25 06:15:00,28.866,,,,,
14683,09/10/25 06:30:00,28.841,,,,,
14684,09/10/25 06:45:00,28.791,,,,,
14685,09/10/25 07:00:00,28.866,,,,,
14686,09/10/25 07:15:00,28.866,,,,,
14687,09/10/25 07:30:00,28.866,,,,,
14688,09/10/25 07:45:00,28.791,,,,,
14689,09/10/25 08:00:00,28.766,,,,,
14690,09/10/25 08:15:00,28.667,,,,,
14691,09/10/25 08:30:00,28.742,,,,,
14692,09/10/25 08:45:00,28.692,,,,,
14693,09/10/25 09:00:00,29.165,,,,,
14694,09/10/25 09:15:00,29.215,,,,,
14695,09/10/25 09:30:00,29.315,,,,,
14696,09/10/25 09:45:00,29.190,,,,,
14697,09/10/25 10:00:00,29.190,,,,,
14698,09/10/25 10:15:00,29.190,,,,,
14699,09/10/25 10:30:00,28.916,,,,,
14700,09/10/25 10:45:00,28.642,,,,,
14701,09/10/25 11:00:00,28.791,,,,,
14702,09/10/25 11:15:00,28.742,,,,,
14703,09/10/25 11:30:00,28.543,,,,,
14704,09/10/25 11:45:00,28.419,,,,,
14705,09/10/25 12:00:00,28.493,,,,,
14706,09/10/25 12:15:00,28.543,,,,,
14707,09/10/25 12:30:00,28.742,,,,,
14708,09/10/25 12:45:00,28.742,,,,,
14709,09/10/25 13:00:00,28.642,,,,,
14710,09/10/25 13:15:00,28.568,,,,,
14711,09/10/25 13:30:00,28.518,,,,,
14712,09/10/25 13:45:00,28.419,,,,,
14713,09/10/25 14:00:00,28.369,,,,,
14714,09/10/25 14:15:00,28.245,,,,,
14715,09/10/25 14:30:00,28.493,,,,,
14716,09/10/25 14:45:00,28.816,,,,,
14717,09/10/25 15:00:00,28.866,,,,,
14718,09/10/25 15:15:00,28.866,,,,,
14719,09/10/25 15:30:00,28.841,,,,,
14720,09/10/25 15:45:00,28.841,,,,,
14721,09/10/25 16:00:00,28.841,,,,,
14722,09/10/25 16:15:00,28.866,,,,,
14723,09/10/25 16:30:00,28.916,,,,,
14724,09/10/25 16:45:00,28.941,,,,,
14725,09/10/25 17:00:00,28.916,,,,,
14726,09/10/25 17:15:00,28.891,,,,,
14727,09/10/25 17:30:00,29.040,,,,,
14728,09/10/25 17:45:00,29.115,,,,,
14729,09/10/25 18:00:00,28.816,,,,,
14730,09/10/25 18:15:00,28.717,,,,,
14731,09/10/25 18:30:00,28.742,,,,,
14732,09/10/25 18:45:00,28.791,,,,,
14733,09/10/25 19:00:00,28.791,,,,,
14734,09/10/25 19:15:00,28.816,,,,,
14735,09/10/25 19:30:00,29.015,,,,,
14736,09/10/25 19:45:00,29.015,,,,,
14737,09/10/25 20:00:00,29.040,,,,,
14738,09/10/25 20:15:00,29.090,,,,,
14739,09/10/25 20:30:00,29.115,,,,,
14740,09/10/25 20:45:00,29.065,,,,,
14741,09/10/25 21:00:00,29.040,,,,,
14742,09/10/25 21:15:00,29.015,,,,,
14743,09/10/25 21:30:00,29.015,,,,,
14744,09/10/25 21:45:00,29.190,,,,,
14745,09/10/25 22:00:00,29.290,,,,,
14746,09/10/25 22:15:00,29.215,,,,,
14747,09/10/25 22:30:00,29.215,,,,,
14748,09/10/25 22:45:00,29.190,,,,,
14749,09/10/25 23:00:00,29.265,,,,,
14750,09/10/25 23:15:00,29.315,,,,,
14751,09/10/25 23:30:00,29.315,,,,,
14752,09/10/25 23:45:00,29.340,,,,,
14753,09/11/25 00:00:00,29.315,,,,,
14754,09/11/25 00:15:00,29.315,,,,,
14755,09/11/25 00:30:00,29.215,,,,,
14756,09/11/25 00:45:00,29.190,,,,,
14757,09/11/25 01:00:00,29.190,,,,,
14758,09/11/25 01:15:00,29.190,,,,,
14759,09/11/25 01:30:00,29.190,,,,,
14760,09/11/25 01:45:00,29.190,,,,,
14761,09/11/25 02:00:00,29.115,,,,,
14762,09/11/25 02:15:00,29.090,,,,,
14763,09/11/25 02:30:00,29.115,,,,,
14764,09/11/25 02:45:00,29.140,,,,,
14765,09/11/25 03:00:00,29.215,,,,,
14766,09/11/25 03:15:00,29.365,,,,,
14767,09/11/25 03:30:00,29.414,,,,,
14768,09/11/25 03:45:00,29.414,,,,,
14769,09/11/25 04:00:00,29.389,,,,,
14770,09/11/25 04:15:00,29.190,,,,,
14771,09/11/25 04:30:00,29.140,,,,,
14772,09/11/25 04:45:00,29.015,,,,,
14773,09/11/25 05:00:00,28.866,,,,,
14774,09/11/25 05:15:00,28.866,,,,,
14775,09/11/25 05:30:00,29.315,,,,,
14776,09/11/25 05:45:00,29.215,,,,,
14777,09/11/25 06:00:00,28.891,,,,,
14778,09/11/25 06:15:00,28.717,,,,,
14779,09/11/25 06:30:00,28.617,,,,,
14780,09/11/25 06:45:00,28.692,,,,,
14781,09/11/25 07:00:00,29.065,,,,,
14782,09/11/25 07:15:00,28.841,,,,,
14783,09/11/25 07:30:00,28.916,,,,,
14784,09/11/25 07:45:00,29.340,,,,,
14785,09/11/25 08:00:00,29.315,,,,,
14786,09/11/25 08:15:00,29.215,,,,,
14787,09/11/25 08:30:00,29.165,,,,,
14788,09/11/25 08:45:00,29.015,,,,,
14789,09/11/25 09:00:00,29.015,,,,,
14790,09/11/25 09:15:00,29.190,,,,,
14791,09/11/25 09:30:00,28.990,,,,,
14792,09/11/25 09:45:00,29.015,,,,,
14793,09/11/25 10:00:00,28.941,,,,,
14794,09/11/25 10:15:00,28.841,,,,,
14795,09/11/25 10:30:00,28.866,,,,,
14796,09/11/25 10:45:00,28.990,,,,,
14797,09/11/25 11:00:00,29.065,,,,,
14798,09/11/25 11:15:00,29.040,,,,,
14799,09/11/25 11:30:00,29.115,,,,,
14800,09/11/25 11:45:00,29.140,,,,,
14801,09/11/25 12:00:00,29.040,,,,,
14802,09/11/25 12:15:00,29.065,,,,,
14803,09/11/25 12:30:00,28.866,,,,,
14804,09/11/25 12:45:00,28.717,,,,,
14805,09/11/25 13:00:00,28.642,,,,,
14806,09/11/25 13:15:00,28.717,,,,,
14807,09/11/25 13:30:00,28.617,,,,,
14808,09/11/25 13:45:00,28.518,,,,,
14809,09/11/25 14:00:00,28.444,,,,,
14810,09/11/25 14:15:00,28.518,,,,,
14811,09/11/25 14:30:00,28.642,,,,,
14812,09/11/25 14:45:00,28.568,,,,,
14813,09/11/25 15:00:00,28.568,,,,,
14814,09/11/25 15:15:00,28.617,,,,,
14815,09/11/25 15:30:00,28.667,,,,,
14816,09/11/25 15:45:00,28.742,,,,,
14817,09/11/25 16:00:00,28.766,,,,,
14818,09/11/25 16:15:00,28.816,,,,,
14819,09/11/25 16:30:00,28.916,,,,,
14820,09/11/25 16:45:00,28.791,,,,,
14821,09/11/25 17:00:00,28.816,,,,,
14822,09/11/25 17:15:00,28.866,,,,,
14823,09/11/25 17:30:00,28.866,,,,,
14824,09/11/25 17:45:00,28.990,,,,,
14825,09/11/25 18:00:00,29.040,,,,,
14826,09/11/25 18:15:00,28.916,,,,,
14827,09/11/25 18:30:00,28.941,,,,,
14828,09/11/25 18:45:00,29.190,,,,,
14829,09/11/25 19:00:00,29.240,,,,,
14830,09/11/25 19:15:00,29.365,,,,,
14831,09/11/25 19:30:00,29.340,,,,,
14832,09/11/25 19:45:00,29.165,,,,,
14833,09/11/25 20:00:00,29.190,,,,,
14834,09/11/25 20:15:00,29.265,,,,,
14835,09/11/25 20:30:00,29.290,,,,,
14836,09/11/25 20:45:00,29.240,,,,,
14837,09/11/25 21:00:00,29.215,,,,,
14838,09/11/25 21:15:00,29.215,,,,,
14839,09/11/25 21:30:00,29.265,,,,,
14840,09/11/25 21:45:00,29.265,,,,,
14841,09/11/25 22:00:00,29.140,,,,,
14842,09/11/25 22:15:00,29.315,,,,,
14843,09/11/25 22:30:00,29.439,,,,,
14844,09/11/25 22:45:00,29.439,,,,,
14845,09/11/25 23:00:00,29.140,,,,,
14846,09/11/25 23:15:00,29.115,,,,,
14847,09/11/25 23:30:00,29.190,,,,,
14848,09/11/25 23:45:00,28.990,,,,,
14849,09/12/25 00:00:00,29.015,,,,,
14850,09/12/25 00:15:00,29.165,,,,,
14851,09/12/25 00:30:00,28.990,,,,,
14852,09/12/25 00:45:00,28.990,,,,,
14853,09/12/25 01:00:00,28.990,,,,,
14854,09/12/25 01:15:00,29.065,,,,,
14855,09/12/25 01:30:00,29.140,,,,,
14856,09/12/25 01:45:00,29.165,,,,,
14857,09/12/25 02:00:00,29.115,,,,,
14858,09/12/25 02:15:00,29.165,,,,,
14859,09/12/25 02:30:00,29.190,,,,,
14860,09/12/25 02:45:00,29.215,,,,,
14861,09/12/25 03:00:00,29.265,,,,,
14862,09/12/25 03:15:00,29.389,,,,,
14863,09/12/25 03:30:00,29.439,,,,,
14864,09/12/25 03:45:00,29.240,,,,,
14865,09/12/25 04:00:00,29.315,,,,,
14866,09/12/25 04:15:00,29.215,,,,,
14867,09/12/25 04:30:00,29.290,,,,,
14868,09/12/25 04:45:00,29.290,,,,,
14869,09/12/25 05:00:00,29.265,,,,,
14870,09/12/25 05:15:00,29.240,,,,,
14871,09/12/25 05:30:00,29.290,,,,,
14872,09/12/25 05:45:00,29.290,,,,,
14873,09/12/25 06:00:00,29.215,,,,,
14874,09/12/25 06:15:00,29.190,,,,,
14875,09/12/25 06:30:00,29.240,,,,,
14876,09/12/25 06:45:00,29.265,,,,,
14877,09/12/25 07:00:00,29.265,,,,,
14878,09/12/25 07:15:00,29.365,,,,,
14879,09/12/25 07:30:00,29.265,,,,,
14880,09/12/25 07:45:00,29.190,,,,,
14881,09/12/25 08:00:00,29.190,,,,,
14882,09/12/25 08:15:00,29.090,,,,,
14883,09/12/25 08:30:00,29.140,,,,,
14884,09/12/25 08:45:00,29.115,,,,,
14885,09/12/25 09:00:00,29.115,,,,,
14886,09/12/25 09:15:00,29.115,,,,,
14887,09/12/25 09:30:00,29.115,,,,,
14888,09/12/25 09:45:00,29.115,,,,,
14889,09/12/25 10:00:00,29.115,,,,,
14890,09/12/25 10:15:00,29.340,,,,,
14891,09/12/25 10:30:00,29.414,,,,,
14892,09/12/25 10:45:00,29.389,,,,,
14893,09/12/25 11:00:00,29.215,,,,,
14894,09/12/25 11:15:00,29.215,,,,,
14895,09/12/25 11:30:00,29.464,,,,,
14896,09/12/25 11:45:00,29.464,,,,,
14897,09/12/25 12:00:00,29.414,,,,,
14898,09/12/25 12:15:00,29.414,,,,,
14899,09/12/25 12:30:00,29.065,,,,,
14900,09/12/25 12:45:00,28.941,,,,,
14901,09/12/25 13:00:00,28.941,,,,,
14902,09/12/25 13:15:00,28.941,,,,,
14903,09/12/25 13:30:00,28.916,,,,,
14904,09/12/25 13:45:00,28.941,,,,,
14905,09/12/25 14:00:00,29.090,,,,,
14906,09/12/25 14:15:00,29.140,,,,,
14907,09/12/25 14:30:00,29.140,,,,,
14908,09/12/25 14:45:00,29.140,,,,,
14909,09/12/25 15:00:00,29.140,,,,,
14910,09/12/25 15:15:00,29.065,,,,,
14911,09/12/25 15:30:00,29.090,,,,,
14912,09/12/25 15:45:00,29.090,,,,,
14913,09/12/25 16:00:00,29.065,,,,,
14914,09/12/25 16:15:00,29.165,,,,,
14915,09/12/25 16:30:00,29.190,,,,,
14916,09/12/25 16:45:00,29.165,,,,,
14917,09/12/25 17:00:00,29.140,,,,,
14918,09/12/25 17:15:00,28.916,,,,,
14919,09/12/25 17:30:00,28.965,,,,,
14920,09/12/25 17:45:00,29.040,,,,,
14921,09/12/25 18:00:00,29.265,,,,,
14922,09/12/25 18:15:00,29.389,,,,,
14923,09/12/25 18:30:00,29.190,,,,,
14924,09/12/25 18:45:00,29.015,,,,,
14925,09/12/25 19:00:00,28.965,,,,,
14926,09/12/25 19:15:00,29.065,,,,,
14927,09/12/25 19:30:00,29.040,,,,,
14928,09/12/25 19:45:00,29.040,,,,,
14929,09/12/25 20:00:00,29.015,,,,,
14930,09/12/25 20:15:00,29.165,,,,,
14931,09/12/25 20:30:00,29.140,,,,,
14932,09/12/25 20:45:00,29.115,,,,,
14933,09/12/25 21:00:00,29.090,,,,,
14934,09/12/25 21:15:00,29.140,,,,,
14935,09/12/25 21:30:00,29.140,,,,,
14936,09/12/25 21:45:00,29.090,,,,,
14937,09/12/25 22:00:00,29.115,,,,,
14938,09/12/25 22:15:00,29.140,,,,,
14939,09/12/25 22:30:00,29.240,,,,,
14940,09/12/25 22:45:00,29.240,,,,,
14941,09/12/25 23:00:00,29.265,,,,,
14942,09/12/25 23:15:00,29.265,,,,,
14943,09/12/25 23:30:00,29.290,,,,,
14944,09/12/25 23:45:00,29.290,,,,,
14945,09/13/25 00:00:00,29.240,,,,,
14946,09/13/25 00:15:00,29.215,,,,,
14947,09/13/25 00:30:00,29.215,,,,,
14948,09/13/25 00:45:00,29.215,,,,,
14949,09/13/25 01:00:00,29.215,,,,,
14950,09/13/25 01:15:00,29.215,,,,,
14951,09/13/25 01:30:00,29.240,,,,,
14952,09/13/25 01:45:00,29.265,,,,,
14953,09/13/25 02:00:00,29.290,,,,,
14954,09/13/25 02:15:00,29.414,,,,,
14955,09/13/25 02:30:00,29.464,,,,,
14956,09/13/25 02:45:00,29.464,,,,,
14957,09/13/25 03:00:00,29.389,,,,,
14958,09/13/25 03:15:00,29.389,,,,,
14959,09/13/25 03:30:00,29.414,,,,,
14960,09/13/25 03:45:00,29.389,,,,,
14961,09/13/25 04:00:00,29.389,,,,,
14962,09/13/25 04:15:00,29.340,,,,,
14963,09/13/25 04:30:00,29.365,,,,,
14964,09/13/25 04:45:00,29.340,,,,,
14965,09/13/25 05:00:00,29.340,,,,,
14966,09/13/25 05:15:00,29.340,,,,,
14967,09/13/25 05:30:00,29.265,,,,,
14968,09/13/25 05:45:00,29.315,,,,,
14969,09/13/25 06:00:00,29.340,,,,,
14970,09/13/25 06:15:00,29.365,,,,,
14971,09/13/25 06:30:00,29.340,,,,,
14972,09/13/25 06:45:00,29.340,,,,,
14973,09/13/25 07:00:00,29.290,,,,,
14974,09/13/25 07:15:00,29.265,,,,,
14975,09/13/25 07:30:00,29.190,,,,,
14976,09/13/25 07:45:00,29.290,,,,,
14977,09/13/25 08:00:00,29.165,,,,,
14978,09/13/25 08:15:00,29.190,,,,,
14979,09/13/25 08:30:00,29.265,,,,,
14980,09/13/25 08:45:00,29.215,,,,,
14981,09/13/25 09:00:00,29.215,,,,,
14982,09/13/25 09:15:00,29.414,,,,,
14983,09/13/25 09:30:00,29.315,,,,,
14984,09/13/25 09:45:00,29.315,,,,,
14985,09/13/25 10:00:00,29.365,,,,,
14986,09/13/25 10:15:00,29.290,,,,,
14987,09/13/25 10:30:00,29.265,,,,,
14988,09/13/25 10:45:00,29.190,,,,,
14989,09/13/25 11:00:00,29.165,,,,,
14990,09/13/25 11:15:00,29.190,,,,,
14991,09/13/25 11:30:00,29.290,,,,,
14992,09/13/25 11:45:00,29.315,,,,,
14993,09/13/25 12:00:00,29.464,,,,,
14994,09/13/25 12:15:00,29.439,,,,,
14995,09/13/25 12:30:00,29.389,,,,,
14996,09/13/25 12:45:00,29.265,,,,,
14997,09/13/25 13:00:00,29.290,,,,,
14998,09/13/25 13:15:00,29.065,,,,,
14999,09/13/25 13:30:00,29.040,,,,,
15000,09/13/25 13:45:00,29.115,,,,,
15001,09/13/25 14:00:00,29.215,,,,,
15002,09/13/25 14:15:00,29.115,,,,,
15003,09/13/25 14:30:00,29.090,,,,,
15004,09/13/25 14:45:00,29.215,,,,,
15005,09/13/25 15:00:00,29.065,,,,,
15006,09/13/25 15:15:00,29.265,,,,,
15007,09/13/25 15:30:00,29.265,,,,,
15008,09/13/25 15:45:00,29.290,,,,,
15009,09/13/25 16:00:00,29.290,,,,,
15010,09/13/25 16:15:00,29.265,,,,,
15011,09/13/25 16:30:00,29.215,,,,,
15012,09/13/25 16:45:00,29.190,,,,,
15013,09/13/25 17:00:00,29.065,,,,,
15014,09/13/25 17:15:00,28.916,,,,,
15015,09/13/25 17:30:00,28.990,,,,,
15016,09/13/25 17:45:00,28.965,,,,,
15017,09/13/25 18:00:00,29.165,,,,,
15018,09/13/25 18:15:00,29.015,,,,,
15019,09/13/25 18:30:00,28.965,,,,,
15020,09/13/25 18:45:00,28.941,,,,,
15021,09/13/25 19:00:00,28.891,,,,,
15022,09/13/25 19:15:00,28.891,,,,,
15023,09/13/25 19:30:00,28.941,,,,,
15024,09/13/25 19:45:00,28.965,,,,,
15025,09/13/25 20:00:00,28.990,,,,,
15026,09/13/25 20:15:00,28.990,,,,,
15027,09/13/25 20:30:00,28.916,,,,,
15028,09/13/25 20:45:00,29.015,,,,,
15029,09/13/25 21:00:00,28.965,,,,,
15030,09/13/25 21:15:00,29.015,,,,,
15031,09/13/25 21:30:00,29.015,,,,,
15032,09/13/25 21:45:00,29.065,,,,,
15033,09/13/25 22:00:00,29.140,,,,,
15034,09/13/25 22:15:00,29.215,,,,,
15035,09/13/25 22:30:00,29.140,,,,,
15036,09/13/25 22:45:00,29.140,,,,,
15037,09/13/25 23:00:00,29.140,,,,,
15038,09/13/25 23:15:00,29.115,,,,,
15039,09/13/25 23:30:00,29.165,,,,,
15040,09/13/25 23:45:00,29.240,,,,,
15041,09/14/25 00:00:00,29.240,,,,,
15042,09/14/25 00:15:00,29.265,,,,,
15043,09/14/25 00:30:00,29.414,,,,,
15044,09/14/25 00:45:00,29.240,,,,,
15045,09/14/25 01:00:00,29.315,,,,,
15046,09/14/25 01:15:00,29.290,,,,,
15047,09/14/25 01:30:00,29.265,,,,,
15048,09/14/25 01:45:00,29.315,,,,,
15049,09/14/25 02:00:00,29.340,,,,,
15050,09/14/25 02:15:00,29.340,,,,,
15051,09/14/25 02:30:00,29.290,,,,,
15052,09/14/25 02:45:00,29.290,,,,,
15053,09/14/25 03:00:00,29.290,,,,,
15054,09/14/25 03:15:00,29.340,,,,,
15055,09/14/25 03:30:00,29.315,,,,,
15056,09/14/25 03:45:00,29.290,,,,,
15057,09/14/25 04:00:00,29.290,,,,,
15058,09/14/25 04:15:00,29.290,,,,,
15059,09/14/25 04:30:00,29.340,,,,,
15060,09/14/25 04:45:00,29.365,,,,,
15061,09/14/25 05:00:00,29.365,,,,,
15062,09/14/25 05:15:00,29.365,,,,,
15063,09/14/25 05:30:00,29.365,,,,,
15064,09/14/25 05:45:00,29.340,,,,,
15065,09/14/25 06:00:00,29.340,,,,,
15066,09/14/25 06:15:00,29.165,,,,,
15067,09/14/25 06:30:00,29.190,,,,,
15068,09/14/25 06:45:00,29.215,,,,,
15069,09/14/25 07:00:00,29.115,,,,,
15070,09/14/25 07:15:00,29.115,,,,,
15071,09/14/25 07:30:00,29.140,,,,,
15072,09/14/25 07:45:00,29.015,,,,,
15073,09/14/25 08:00:00,29.040,,,,,
15074,09/14/25 08:15:00,29.090,,,,,
15075,09/14/25 08:30:00,29.090,,,,,
15076,09/14/25 08:45:00,29.065,,,,,
15077,09/14/25 09:00:00,28.965,,,,,
15078,09/14/25 09:15:00,28.692,,,,,
15079,09/14/25 09:30:00,28.916,,,,,
15080,09/14/25 09:45:00,29.040,,,,,
15081,09/14/25 10:00:00,29.090,,,,,
15082,09/14/25 10:15:00,29.115,,,,,
15083,09/14/25 10:30:00,29.115,,,,,
15084,09/14/25 10:45:00,29.140,,,,,
15085,09/14/25 11:00:00,29.140,,,,,
15086,09/14/25 11:15:00,29.140,,,,,
15087,09/14/25 11:30:00,29.140,,,,,
15088,09/14/25 11:45:00,29.140,,,,,
15089,09/14/25 12:00:00,29.140,,,,,
15090,09/14/25 12:15:00,29.190,,,,,
15091,09/14/25 12:30:00,29.190,,,,,
15092,09/14/25 12:45:00,29.165,,,,,
15093,09/14/25 13:00:00,29.115,,,,,
15094,09/14/25 13:15:00,29.165,,,,,
15095,09/14/25 13:30:00,29.090,,,,,
15096,09/14/25 13:45:00,29.015,,,,,
15097,09/14/25 14:00:00,28.965,,,,,
15098,09/14/25 14:15:00,28.965,,,,,
15099,09/14/25 14:30:00,29.115,,,,,
15100,09/14/25 14:45:00,29.140,,,,,
15101,09/14/25 15:00:00,29.190,,,,,
15102,09/14/25 15:15:00,29.265,,,,,
15103,09/14/25 15:30:00,29.265,,,,,
15104,09/14/25 15:45:00,29.240,,,,,
15105,09/14/25 16:00:00,29.240,,,,,
15106,09/14/25 16:15:00,29.190,,,,,
15107,09/14/25 16:30:00,29.140,,,,,
15108,09/14/25 16:45:00,29.115,,,,,
15109,09/14/25 17:00:00,29.215,,,,,
15110,09/14/25 17:15:00,29.115,,,,,
15111,09/14/25 17:30:00,29.190,,,,,
15112,09/14/25 17:45:00,29.065,,,,,
15113,09/14/25 18:00:00,29.090,,,,,
15114,09/14/25 18:15:00,29.115,,,,,
15115,09/14/25 18:30:00,29.115,,,,,
15116,09/14/25 18:45:00,29.065,,,,,
15117,09/14/25 19:00:00,29.065,,,,,
15118,09/14/25 19:15:00,29.065,,,,,
15119,09/14/25 19:30:00,29.040,,,,,
15120,09/14/25 19:45:00,29.040,,,,,
15121,09/14/25 20:00:00,29.065,,,,,
15122,09/14/25 20:15:00,29.065,,,,,
15123,09/14/25 20:30:00,29.065,,,,,
15124,09/14/25 20:45:00,29.040,,,,,
15125,09/14/25 21:00:00,29.065,,,,,
15126,09/14/25 21:15:00,29.090,,,,,
15127,09/14/25 21:30:00,29.090,,,,,
15128,09/14/25 21:45:00,29.140,,,,,
15129,09/14/25 22:00:00,29.165,,,,,
15130,09/14/25 22:15:00,29.165,,,,,
15131,09/14/25 22:30:00,29.140,,,,,
15132,09/14/25 22:45:00,29.165,,,,,
15133,09/14/25 23:00:00,29.140,,,,,
15134,09/14/25 23:15:00,29.140,,,,,
15135,09/14/25 23:30:00,29.165,,,,,
15136,09/14/25 23:45:00,29.190,,,,,
15137,09/15/25 00:00:00,29.340,,,,,
15138,09/15/25 00:15:00,29.515,,,,,
15139,09/15/25 00:30:00,29.515,,,,,
15140,09/15/25 00:45:00,29.365,,,,,
15141,09/15/25 01:00:00,29.290,,,,,
15142,09/15/25 01:15:00,29.490,,,,,
15143,09/15/25 01:30:00,29.590,,,,,
15144,09/15/25 01:45:00,29.815,,,,,
15145,09/15/25 02:00:00,29.515,,,,,
15146,09/15/25 02:15:00,29.115,,,,,
15147,09/15/25 02:30:00,29.040,,,,,
15148,09/15/25 02:45:00,29.315,,,,,
15149,09/15/25 03:00:00,29.240,,,,,
15150,09/15/25 03:15:00,29.790,,,,,
15151,09/15/25 03:30:00,29.815,,,,,
15152,09/15/25 03:45:00,29.715,,,,,
15153,09/15/25 04:00:00,29.140,,,,,
15154,09/15/25 04:15:00,29.040,,,,,
15155,09/15/25 04:30:00,28.990,,,,,
15156,09/15/25 04:45:00,28.941,,,,,
15157,09/15/25 05:00:00,28.916,,,,,
15158,09/15/25 05:15:00,28.916,,,,,
15159,09/15/25 05:30:00,28.891,,,,,
15160,09/15/25 05:45:00,29.040,,,,,
15161,09/15/25 06:00:00,29.190,,,,,
15162,09/15/25 06:15:00,29.215,,,,,
15163,09/15/25 06:30:00,29.215,,,,,
15164,09/15/25 06:45:00,29.290,,,,,
15165,09/15/25 07:00:00,29.315,,,,,
15166,09/15/25 07:15:00,29.389,,,,,
15167,09/15/25 07:30:00,29.389,,,,,
15168,09/15/25 07:45:00,29.290,,,,,
15169,09/15/25 08:00:00,29.290,,,,,
15170,09/15/25 08:15:00,29.290,,,,,
15171,09/15/25 08:30:00,29.215,,,,,
15172,09/15/25 08:45:00,29.040,,,,,
15173,09/15/25 09:00:00,28.916,,,,,
15174,09/15/25 09:15:00,28.841,,,,,
15175,09/15/25 09:30:00,28.841,,,,,
15176,09/15/25 09:45:00,28.841,,,,,
15177,09/15/25 10:00:00,28.990,,,,,
15178,09/15/25 10:15:00,28.841,,,,,
15179,09/15/25 10:30:00,28.866,,,,,
15180,09/15/25 10:45:00,28.841,,,,,
15181,09/15/25 11:00:00,28.816,,,,,
15182,09/15/25 11:15:00,28.841,,,,,
15183,09/15/25 11:30:00,28.841,,,,,
15184,09/15/25 11:45:00,28.841,,,,,
15185,09/15/25 12:00:00,28.841,,,,,
15186,09/15/25 12:15:00,28.816,,,,,
15187,09/15/25 12:30:00,28.816,,,,,
15188,09/15/25 12:45:00,28.891,,,,,
15189,09/15/25 13:00:00,28.941,,,,,
15190,09/15/25 13:15:00,29.090,,,,,
15191,09/15/25 13:30:00,29.190,,,,,
15192,09/15/25 13:45:00,29.015,,,,,
15193,09/15/25 14:00:00,29.240,,,,,
15194,09/15/25 14:15:00,29.515,,,,,
15195,09/15/25 14:30:00,29.615,,,,,
15196,09/15/25 14:45:00,29.665,,,,,
15197,09/15/25 15:00:00,29.640,,,,,
15198,09/15/25 15:15:00,29.665,,,,,
15199,09/15/25 15:30:00,29.665,,,,,
15200,09/15/25 15:45:00,29.665,,,,,
15201,09/15/25 16:00:00,29.615,,,,,
15202,09/15/25 16:15:00,29.590,,,,,
15203,09/15/25 16:30:00,29.140,,,,,
15204,09/15/25 16:45:00,29.015,,,,,
15205,09/15/25 17:00:00,29.590,,,,,
15206,09/15/25 17:15:00,29.615,,,,,
15207,09/15/25 17:30:00,29.640,,,,,
15208,09/15/25 17:45:00,29.640,,,,,
15209,09/15/25 18:00:00,29.190,,,,,
15210,09/15/25 18:15:00,29.165,,,,,
15211,09/15/25 18:30:00,29.165,,,,,
15212,09/15/25 18:45:00,29.190,,,,,
15213,09/15/25 19:00:00,29.190,,,,,
15214,09/15/25 19:15:00,29.165,,,,,
15215,09/15/25 19:30:00,29.165,,,,,
15216,09/15/25 19:45:00,29.115,,,,,
15217,09/15/25 20:00:00,29.165,,,,,
15218,09/15/25 20:15:00,29.115,,,,,
15219,09/15/25 20:30:00,29.115,,,,,
15220,09/15/25 20:45:00,29.090,,,,,
15221,09/15/25 21:00:00,29.115,,,,,
15222,09/15/25 21:15:00,29.090,,,,,
15223,09/15/25 21:30:00,29.065,,,,,
15224,09/15/25 21:45:00,29.090,,,,,
15225,09/15/25 22:00:00,29.165,,,,,
15226,09/15/25 22:15:00,29.165,,,,,
15227,09/15/25 22:30:00,29.140,,,,,
15228,09/15/25 22:45:00,29.190,,,,,
15229,09/15/25 23:00:00,29.140,,,,,
15230,09/15/25 23:15:00,29.090,,,,,
15231,09/15/25 23:30:00,29.065,,,,,
15232,09/15/25 23:45:00,29.190,,,,,
15233,09/16/25 00:00:00,29.190,,,,,
15234,09/16/25 00:15:00,29.215,,,,,
15235,09/16/25 00:30:00,29.215,,,,,
15236,09/16/25 00:45:00,29.215,,,,,
15237,09/16/25 01:00:00,29.240,,,,,
15238,09/16/25 01:15:00,29.240,,,,,
15239,09/16/25 01:30:00,29.115,,,,,
15240,09/16/25 01:45:00,29.065,,,,,
15241,09/16/25 02:00:00,28.965,,,,,
15242,09/16/25 02:15:00,29.015,,,,,
15243,09/16/25 02:30:00,29.140,,,,,
15244,09/16/25 02:45:00,29.265,,,,,
15245,09/16/25 03:00:00,29.315,,,,,
15246,09/16/25 03:15:00,29.340,,,,,
15247,09/16/25 03:30:00,29.365,,,,,
15248,09/16/25 03:45:00,29.464,,,,,
15249,09/16/25 04:00:00,29.439,,,,,
15250,09/16/25 04:15:00,29.540,,,,,
15251,09/16/25 04:30:00,29.439,,,,,
15252,09/16/25 04:45:00,29.490,,,,,
15253,09/16/25 05:00:00,29.464,,,,,
15254,09/16/25 05:15:00,29.389,,,,,
15255,09/16/25 05:30:00,29.365,,,,,
15256,09/16/25 05:45:00,29.340,,,,,
15257,09/16/25 06:00:00,29.340,,,,,
15258,09/16/25 06:15:00,29.340,,,,,
15259,09/16/25 06:30:00,29.315,,,,,
15260,09/16/25 06:45:00,29.315,,,,,
15261,09/16/25 07:00:00,29.315,,,,,
15262,09/16/25 07:15:00,29.140,,,,,
15263,09/16/25 07:30:00,28.816,,,,,
15264,09/16/25 07:45:00,28.791,,,,,
15265,09/16/25 08:00:00,29.190,,,,,
15266,09/16/25 08:15:00,29.290,,,,,
15267,09/16/25 08:30:00,29.315,,,,,
15268,09/16/25 08:45:00,28.841,,,,,
15269,09/16/25 09:00:00,29.165,,,,,
15270,09/16/25 09:15:00,29.265,,,,,
15271,09/16/25 09:30:00,29.340,,,,,
15272,09/16/25 09:45:00,28.990,,,,,
15273,09/16/25 10:00:00,28.742,,,,,
15274,09/16/25 10:15:00,28.791,,,,,
15275,09/16/25 10:30:00,28.866,,,,,
15276,09/16/25 10:45:00,28.866,,,,,
15277,09/16/25 11:00:00,28.916,,,,,
15278,09/16/25 11:15:00,28.941,,,,,
15279,09/16/25 11:30:00,28.916,,,,,
15280,09/16/25 11:45:00,28.916,,,,,
15281,09/16/25 12:00:00,28.866,,,,,
15282,09/16/25 12:15:00,28.816,,,,,
15283,09/16/25 12:30:00,28.816,,,,,
15284,09/16/25 12:45:00,28.816,,,,,
15285,09/16/25 13:00:00,28.866,,,,,
15286,09/16/25 13:15:00,28.692,,,,,
15287,09/16/25 13:30:00,28.692,,,,,
15288,09/16/25 13:45:00,28.916,,,,,
15289,09/16/25 14:00:00,29.190,,,,,
15290,09/16/25 14:15:00,29.490,,,,,
15291,09/16/25 14:30:00,29.389,,,,,
15292,09/16/25 14:45:00,29.464,,,,,
15293,09/16/25 15:00:00,29.615,,,,,
15294,09/16/25 15:15:00,29.790,,,,,
15295,09/16/25 15:30:00,29.715,,,,,
15296,09/16/25 15:45:00,29.815,,,,,
15297,09/16/25 16:00:00,29.840,,,,,
15298,09/16/25 16:15:00,29.690,,,,,
15299,09/16/25 16:30:00,29.690,,,,,
15300,09/16/25 16:45:00,29.715,,,,,
15301,09/16/25 17:00:00,29.640,,,,,
15302,09/16/25 17:15:00,29.540,,,,,
15303,09/16/25 17:30:00,29.464,,,,,
15304,09/16/25 17:45:00,29.365,,,,,
15305,09/16/25 18:00:00,29.340,,,,,
15306,09/16/25 18:15:00,29.565,,,,,
15307,09/16/25 18:30:00,29.540,,,,,
15308,09/16/25 18:45:00,29.439,,,,,
15309,09/16/25 19:00:00,29.464,,,,,
15310,09/16/25 19:15:00,29.490,,,,,
15311,09/16/25 19:30:00,29.439,,,,,
15312,09/16/25 19:45:00,29.515,,,,,
15313,09/16/25 20:00:00,29.615,,,,,
15314,09/16/25 20:15:00,29.665,,,,,
15315,09/16/25 20:30:00,29.565,,,,,
15316,09/16/25 20:45:00,29.515,,,,,
15317,09/16/25 21:00:00,29.290,,,,,
15318,09/16/25 21:15:00,29.190,,,,,
15319,09/16/25 21:30:00,28.692,,,,,
15320,09/16/25 21:45:00,28.667,,,,,
15321,09/16/25 22:00:00,28.568,,,,,
15322,09/16/25 22:15:00,28.617,,,,,
15323,09/16/25 22:30:00,28.642,,,,,
15324,09/16/25 22:45:00,28.617,,,,,
15325,09/16/25 23:00:00,28.568,,,,,
15326,09/16/25 23:15:00,28.617,,,,,
15327,09/16/25 23:30:00,28.742,,,,,
15328,09/16/25 23:45:00,28.593,,,,,
15329,09/17/25 00:00:00,28.742,,,,,
15330,09/17/25 00:15:00,29.365,,,,,
15331,09/17/25 00:30:00,28.941,,,,,
15332,09/17/25 00:45:00,28.891,,,,,
15333,09/17/25 01:00:00,28.916,,,,,
15334,09/17/25 01:15:00,28.941,,,,,
15335,09/17/25 01:30:00,28.941,,,,,
15336,09/17/25 01:45:00,28.965,,,,,
15337,09/17/25 02:00:00,29.540,,,,,
15338,09/17/25 02:15:00,29.665,,,,,
15339,09/17/25 02:30:00,29.640,,,,,
15340,09/17/25 02:45:00,29.665,,,,,
15341,09/17/25 03:00:00,29.665,,,,,
15342,09/17/25 03:15:00,29.790,,,,,
15343,09/17/25 03:30:00,29.865,,,,,
15344,09/17/25 03:45:00,29.765,,,,,
15345,09/17/25 04:00:00,29.690,,,,,
15346,09/17/25 04:15:00,29.865,,,,,
15347,09/17/25 04:30:00,29.365,,,,,
15348,09/17/25 04:45:00,29.290,,,,,
15349,09/17/25 05:00:00,29.414,,,,,
15350,09/17/25 05:15:00,29.015,,,,,
15351,09/17/25 05:30:00,29.414,,,,,
15352,09/17/25 05:45:00,29.290,,,,,
15353,09/17/25 06:00:00,29.290,,,,,
15354,09/17/25 06:15:00,29.540,,,,,
15355,09/17/25 06:30:00,29.565,,,,,
15356,09/17/25 06:45:00,29.490,,,,,
15357,09/17/25 07:00:00,29.439,,,,,
15358,09/17/25 07:15:00,29.464,,,,,
15359,09/17/25 07:30:00,29.515,,,,,
15360,09/17/25 07:45:00,29.389,,,,,
15361,09/17/25 08:00:00,29.215,,,,,
15362,09/17/25 08:15:00,29.290,,,,,
15363,09/17/25 08:30:00,29.265,,,,,
15364,09/17/25 08:45:00,29.190,,,,,
15365,09/17/25 09:00:00,29.115,,,,,
15366,09/17/25 09:15:00,29.140,,,,,
15367,09/17/25 09:30:00,29.115,,,,,
15368,09/17/25 09:45:00,29.140,,,,,
15369,09/17/25 10:00:00,29.165,,,,,
15370,09/17/25 10:15:00,29.140,,,,,
15371,09/17/25 10:30:00,29.165,,,,,
15372,09/17/25 10:45:00,29.140,,,,,
15373,09/17/25 11:00:00,29.090,,,,,
15374,09/17/25 11:15:00,29.140,,,,,
15375,09/17/25 11:30:00,28.990,,,,,
15376,09/17/25 11:45:00,28.965,,,,,
15377,09/17/25 12:00:00,29.040,,,,,
15378,09/17/25 12:15:00,29.040,,,,,
15379,09/17/25 12:30:00,28.965,,,,,
15380,09/17/25 12:45:00,28.642,,,,,
15381,09/17/25 13:00:00,28.965,,,,,
15382,09/17/25 13:15:00,28.941,,,,,
15383,09/17/25 13:30:00,29.115,,,,,
15384,09/17/25 13:45:00,29.115,,,,,
15385,09/17/25 14:00:00,29.040,,,,,
15386,09/17/25 14:15:00,29.040,,,,,
15387,09/17/25 14:30:00,28.965,,,,,
15388,09/17/25 14:45:00,28.866,,,,,
15389,09/17/25 15:00:00,28.816,,,,,
15390,09/17/25 15:15:00,28.816,,,,,
15391,09/17/25 15:30:00,28.816,,,,,
15392,09/17/25 15:45:00,28.742,,,,,
15393,09/17/25 16:00:00,28.766,,,,,
15394,09/17/25 16:15:00,29.115,,,,,
15395,09/17/25 16:30:00,29.190,,,,,
15396,09/17/25 16:45:00,29.240,,,,,
15397,09/17/25 17:00:00,29.414,,,,,
15398,09/17/25 17:15:00,29.315,,,,,
15399,09/17/25 17:30:00,29.365,,,,,
15400,09/17/25 17:45:00,29.464,,,,,
15401,09/17/25 18:00:00,29.389,,,,,
15402,09/17/25 18:15:00,29.715,,,,,
15403,09/17/25 18:30:00,29.615,,,,,
15404,09/17/25 18:45:00,29.464,,,,,
15405,09/17/25 19:00:00,29.389,,,,,
15406,09/17/25 19:15:00,29.365,,,,,
15407,09/17/25 19:30:00,29.315,,,,,
15408,09/17/25 19:45:00,29.065,,,,,
15409,09/17/25 20:00:00,28.916,,,,,
15410,09/17/25 20:15:00,29.414,,,,,
15411,09/17/25 20:30:00,29.515,,,,,
15412,09/17/25 20:45:00,29.540,,,,,
15413,09/17/25 21:00:00,29.565,,,,,
15414,09/17/25 21:15:00,29.590,,,,,
15415,09/17/25 21:30:00,29.615,,,,,
15416,09/17/25 21:45:00,29.615,,,,,
15417,09/17/25 22:00:00,29.640,,,,,
15418,09/17/25 22:15:00,29.590,,,,,
15419,09/17/25 22:30:00,29.615,,,,,
15420,09/17/25 22:45:00,29.715,,,,,
15421,09/17/25 23:00:00,29.190,,,,,
15422,09/17/25 23:15:00,29.365,,,,,
15423,09/17/25 23:30:00,29.615,,,,,
15424,09/17/25 23:45:00,29.715,,,,,
15425,09/18/25 00:00:00,29.740,,,,,
15426,09/18/25 00:15:00,29.464,,,,,
15427,09/18/25 00:30:00,29.590,,,,,
15428,09/18/25 00:45:00,29.640,,,,,
15429,09/18/25 01:00:00,29.615,,,,,
15430,09/18/25 01:15:00,29.640,,,,,
15431,09/18/25 01:30:00,29.640,,,,,
15432,09/18/25 01:45:00,29.640,,,,,
15433,09/18/25 02:00:00,29.615,,,,,
15434,09/18/25 02:15:00,29.765,,,,,
15435,09/18/25 02:30:00,29.615,,,,,
15436,09/18/25 02:45:00,29.665,,,,,
15437,09/18/25 03:00:00,29.665,,,,,
15438,09/18/25 03:15:00,29.765,,,,,
15439,09/18/25 03:30:00,29.865,,,,,
15440,09/18/25 03:45:00,29.865,,,,,
15441,09/18/25 04:00:00,29.916,,,,,
15442,09/18/25 04:15:00,29.515,,,,,
15443,09/18/25 04:30:00,29.490,,,,,
15444,09/18/25 04:45:00,29.515,,,,,
15445,09/18/25 05:00:00,29.414,,,,,
15446,09/18/25 05:15:00,29.389,,,,,
15447,09/18/25 05:30:00,29.389,,,,,
15448,09/18/25 05:45:00,29.315,,,,,
15449,09/18/25 06:00:00,29.290,,,,,
15450,09/18/25 06:15:00,29.340,,,,,
15451,09/18/25 06:30:00,29.365,,,,,
15452,09/18/25 06:45:00,29.340,,,,,
15453,09/18/25 07:00:00,29.265,,,,,
15454,09/18/25 07:15:00,29.265,,,,,
15455,09/18/25 07:30:00,29.389,,,,,
15456,09/18/25 07:45:00,29.615,,,,,
15457,09/18/25 08:00:00,29.715,,,,,
15458,09/18/25 08:15:00,29.765,,,,,
15459,09/18/25 08:30:00,29.815,,,,,
15460,09/18/25 08:45:00,29.790,,,,,
15461,09/18/25 09:00:00,29.790,,,,,
15462,09/18/25 09:15:00,29.414,,,,,
15463,09/18/25 09:30:00,29.215,,,,,
15464,09/18/25 09:45:00,29.315,,,,,
15465,09/18/25 10:00:00,29.090,,,,,
15466,09/18/25 10:15:00,29.090,,,,,
15467,09/18/25 10:30:00,29.090,,,,,
15468,09/18/25 10:45:00,29.090,,,,,
15469,09/18/25 11:00:00,29.040,,,,,
15470,09/18/25 11:15:00,29.040,,,,,
15471,09/18/25 11:30:00,29.065,,,,,
15472,09/18/25 11:45:00,29.065,,,,,
15473,09/18/25 12:00:00,29.090,,,,,
15474,09/18/25 12:15:00,29.240,,,,,
15475,09/18/25 12:30:00,29.115,,,,,
15476,09/18/25 12:45:00,29.190,,,,,
15477,09/18/25 13:00:00,29.340,,,,,
15478,09/18/25 13:15:00,29.490,,,,,
15479,09/18/25 13:30:00,29.615,,,,,
15480,09/18/25 13:45:00,29.715,,,,,
15481,09/18/25 14:00:00,29.265,,,,,
15482,09/18/25 14:15:00,29.389,,,,,
15483,09/18/25 14:30:00,29.115,,,,,
15484,09/18/25 14:45:00,29.090,,,,,
15485,09/18/25 15:00:00,29.290,,,,,
15486,09/18/25 15:15:00,29.340,,,,,
15487,09/18/25 15:30:00,29.389,,,,,
15488,09/18/25 15:45:00,29.565,,,,,
15489,09/18/25 16:00:00,29.540,,,,,
15490,09/18/25 16:15:00,29.565,,,,,
15491,09/18/25 16:30:00,29.765,,,,,
15492,09/18/25 16:45:00,29.540,,,,,
15493,09/18/25 17:00:00,29.590,,,,,
15494,09/18/25 17:15:00,29.815,,,,,
15495,09/18/25 17:30:00,29.464,,,,,
15496,09/18/25 17:45:00,29.365,,,,,
15497,09/18/25 18:00:00,29.665,,,,,
15498,09/18/25 18:15:00,29.540,,,,,
15499,09/18/25 18:30:00,29.540,,,,,
15500,09/18/25 18:45:00,29.615,,,,,
15501,09/18/25 19:00:00,29.389,,,,,
15502,09/18/25 19:15:00,29.389,,,,,
15503,09/18/25 19:30:00,29.615,,,,,
15504,09/18/25 19:45:00,29.665,,,,,
15505,09/18/25 20:00:00,29.740,,,,,
15506,09/18/25 20:15:00,29.665,,,,,
15507,09/18/25 20:30:00,29.565,,,,,
15508,09/18/25 20:45:00,29.615,,,,,
15509,09/18/25 21:00:00,29.690,,,,,
15510,09/18/25 21:15:00,29.740,,,,,
15511,09/18/25 21:30:00,29.815,,,,,
15512,09/18/25 21:45:00,29.840,,,,,
15513,09/18/25 22:00:00,29.840,,,,,
15514,09/18/25 22:15:00,29.840,,,,,
15515,09/18/25 22:30:00,29.840,,,,,
15516,09/18/25 22:45:00,29.615,,,,,
15517,09/18/25 23:00:00,29.190,,,,,
15518,09/18/25 23:15:00,29.165,,,,,
15519,09/18/25 23:30:00,29.414,,,,,
15520,09/18/25 23:45:00,29.690,,,,,
15521,09/19/25 00:00:00,29.715,,,,,
15522,09/19/25 00:15:00,29.740,,,,,
15523,09/19/25 00:30:00,29.740,,,,,
15524,09/19/25 00:45:00,29.765,,,,,
15525,09/19/25 01:00:00,29.765,,,,,
15526,09/19/25 01:15:00,29.715,,,,,
15527,09/19/25 01:30:00,29.740,,,,,
15528,09/19/25 01:45:00,29.715,,,,,
15529,09/19/25 02:00:00,29.690,,,,,
15530,09/19/25 02:15:00,29.590,,,,,
15531,09/19/25 02:30:00,29.665,,,,,
15532,09/19/25 02:45:00,29.615,,,,,
15533,09/19/25 03:00:00,29.665,,,,,
15534,09/19/25 03:15:00,29.640,,,,,
15535,09/19/25 03:30:00,29.640,,,,,
15536,09/19/25 03:45:00,29.665,,,,,
15537,09/19/25 04:00:00,29.815,,,,,
15538,09/19/25 04:15:00,29.665,,,,,
15539,09/19/25 04:30:00,29.690,,,,,
15540,09/19/25 04:45:00,29.790,,,,,
15541,09/19/25 05:00:00,29.865,,,,,
15542,09/19/25 05:15:00,29.815,,,,,
15543,09/19/25 05:30:00,29.865,,,,,
15544,09/19/25 05:45:00,29.815,,,,,
15545,09/19/25 06:00:00,29.815,,,,,
15546,09/19/25 06:15:00,29.765,,,,,
15547,09/19/25 06:30:00,29.840,,,,,
15548,09/19/25 06:45:00,29.815,,,,,
15549,09/19/25 07:00:00,29.790,,,,,
15550,09/19/25 07:15:00,29.765,,,,,
15551,09/19/25 07:30:00,29.765,,,,,
15552,09/19/25 07:45:00,29.765,,,,,
15553,09/19/25 08:00:00,29.740,,,,,
15554,09/19/25 08:15:00,29.715,,,,,
15555,09/19/25 08:30:00,29.765,,,,,
15556,09/19/25 08:45:00,29.765,,,,,
15557,09/19/25 09:00:00,29.715,,,,,
15558,09/19/25 09:15:00,29.815,,,,,
15559,09/19/25 09:30:00,29.790,,,,,
15560,09/19/25 09:45:00,29.265,,,,,
15561,09/19/25 10:00:00,29.389,,,,,
15562,09/19/25 10:15:00,29.365,,,,,
15563,09/19/25 10:30:00,29.065,,,,,
15564,09/19/25 10:45:00,28.841,,,,,
15565,09/19/25 11:00:00,28.568,,,,,
15566,09/19/25 11:15:00,28.791,,,,,
15567,09/19/25 11:30:00,28.941,,,,,
15568,09/19/25 11:45:00,28.891,,,,,
15569,09/19/25 12:00:00,28.990,,,,,
15570,09/19/25 12:15:00,29.090,,,,,
15571,09/19/25 12:30:00,29.090,,,,,
15572,09/19/25 12:45:00,29.015,,,,,
15573,09/19/25 13:00:00,28.965,,,,,
15574,09/19/25 13:15:00,29.040,,,,,
15575,09/19/25 13:30:00,29.065,,,,,
15576,09/19/25 13:45:00,29.015,,,,,
15577,09/19/25 14:00:00,28.841,,,,,
15578,09/19/25 14:15:00,28.816,,,,,
15579,09/19/25 14:30:00,29.240,,,,,
15580,09/19/25 14:45:00,29.065,,,,,
15581,09/19/25 15:00:00,29.240,,,,,
15582,09/19/25 15:15:00,29.340,,,,,
15583,09/19/25 15:30:00,29.389,,,,,
15584,09/19/25 15:45:00,29.765,,,,,
15585,09/19/25 16:00:00,29.365,,,,,
15586,09/19/25 16:15:00,29.340,,,,,
15587,09/19/25 16:30:00,29.365,,,,,
15588,09/19/25 16:45:00,29.490,,,,,
15589,09/19/25 17:00:00,29.815,,,,,
15590,09/19/25 17:15:00,29.790,,,,,
15591,09/19/25 17:30:00,29.464,,,,,
15592,09/19/25 17:45:00,29.340,,,,,
15593,09/19/25 18:00:00,29.640,,,,,
15594,09/19/25 18:15:00,29.365,,,,,
15595,09/19/25 18:30:00,29.265,,,,,
15596,09/19/25 18:45:00,28.916,,,,,
15597,09/19/25 19:00:00,28.816,,,,,
15598,09/19/25 19:15:00,28.816,,,,,
15599,09/19/25 19:30:00,28.791,,,,,
15600,09/19/25 19:45:00,28.766,,,,,
15601,09/19/25 20:00:00,28.766,,,,,
15602,09/19/25 20:15:00,28.816,,,,,
15603,09/19/25 20:30:00,28.891,,,,,
15604,09/19/25 20:45:00,28.965,,,,,
15605,09/19/25 21:00:00,29.190,,,,,
15606,09/19/25 21:15:00,29.365,,,,,
15607,09/19/25 21:30:00,29.414,,,,,
15608,09/19/25 21:45:00,29.315,,,,,
15609,09/19/25 22:00:00,29.315,,,,,
15610,09/19/25 22:15:00,29.290,,,,,
15611,09/19/25 22:30:00,29.490,,,,,
15612,09/19/25 22:45:00,29.815,,,,,
15613,09/19/25 23:00:00,29.815,,,,,
15614,09/19/25 23:15:00,29.840,,,,,
15615,09/19/25 23:30:00,29.815,,,,,
15616,09/19/25 23:45:00,29.290,,,,,
15617,09/20/25 00:00:00,29.165,,,,,
15618,09/20/25 00:15:00,29.140,,,,,
15619,09/20/25 00:30:00,29.140,,,,,
15620,09/20/25 00:45:00,29.140,,,,,
15621,09/20/25 01:00:00,29.090,,,,,
15622,09/20/25 01:15:00,29.115,,,,,
15623,09/20/25 01:30:00,28.866,,,,,
15624,09/20/25 01:45:00,28.990,,,,,
15625,09/20/25 02:00:00,28.891,,,,,
15626,09/20/25 02:15:00,28.916,,,,,
15627,09/20/25 02:30:00,28.916,,,,,
15628,09/20/25 02:45:00,28.916,,,,,
15629,09/20/25 03:00:00,28.866,,,,,
15630,09/20/25 03:15:00,28.866,,,,,
15631,09/20/25 03:30:00,28.841,,,,,
15632,09/20/25 03:45:00,28.816,,,,,
15633,09/20/25 04:00:00,28.891,,,,,
15634,09/20/25 04:15:00,29.165,,,,,
15635,09/20/25 04:30:00,29.190,,,,,
15636,09/20/25 04:45:00,29.315,,,,,
15637,09/20/25 05:00:00,29.565,,,,,
15638,09/20/25 05:15:00,29.615,,,,,
15639,09/20/25 05:30:00,29.414,,,,,
15640,09/20/25 05:45:00,29.890,,,,,
15641,09/20/25 06:00:00,29.515,,,,,
15642,09/20/25 06:15:00,29.215,,,,,
15643,09/20/25 06:30:00,29.340,,,,,
15644,09/20/25 06:45:00,29.265,,,,,
15645,09/20/25 07:00:00,29.315,,,,,
15646,09/20/25 07:15:00,29.365,,,,,
15647,09/20/25 07:30:00,29.315,,,,,
15648,09/20/25 07:45:00,29.290,,,,,
15649,09/20/25 08:00:00,29.414,,,,,
15650,09/20/25 08:15:00,29.715,,,,,
15651,09/20/25 08:30:00,29.765,,,,,
15652,09/20/25 08:45:00,29.840,,,,,
15653,09/20/25 09:00:00,29.840,,,,,
15654,09/20/25 09:15:00,29.840,,,,,
15655,09/20/25 09:30:00,29.815,,,,,
15656,09/20/25 09:45:00,29.765,,,,,
15657,09/20/25 10:00:00,29.765,,,,,
15658,09/20/25 10:15:00,29.765,,,,,
15659,09/20/25 10:30:00,29.790,,,,,
15660,09/20/25 10:45:00,29.790,,,,,
15661,09/20/25 11:00:00,29.840,,,,,
15662,09/20/25 11:15:00,29.865,,,,,
15663,09/20/25 11:30:00,29.840,,,,,
15664,09/20/25 11:45:00,29.815,,,,,
15665,09/20/25 12:00:00,29.790,,,,,
15666,09/20/25 12:15:00,29.665,,,,,
15667,09/20/25 12:30:00,29.565,,,,,
15668,09/20/25 12:45:00,29.389,,,,,
15669,09/20/25 13:00:00,29.215,,,,,
15670,09/20/25 13:15:00,29.065,,,,,
15671,09/20/25 13:30:00,29.040,,,,,
15672,09/20/25 13:45:00,28.941,,,,,
15673,09/20/25 14:00:00,28.941,,,,,
15674,09/20/25 14:15:00,28.916,,,,,
15675,09/20/25 14:30:00,28.916,,,,,
15676,09/20/25 14:45:00,28.965,,,,,
15677,09/20/25 15:00:00,29.414,,,,,
15678,09/20/25 15:15:00,29.389,,,,,
15679,09/20/25 15:30:00,29.439,,,,,
15680,09/20/25 15:45:00,29.439,,,,,
15681,09/20/25 16:00:00,29.464,,,,,
15682,09/20/25 16:15:00,29.190,,,,,
15683,09/20/25 16:30:00,29.414,,,,,
15684,09/20/25 16:45:00,29.389,,,,,
15685,09/20/25 17:00:00,29.040,,,,,
15686,09/20/25 17:15:00,29.365,,,,,
15687,09/20/25 17:30:00,29.490,,,,,
15688,09/20/25 17:45:00,29.515,,,,,
15689,09/20/25 18:00:00,29.464,,,,,
15690,09/20/25 18:15:00,29.439,,,,,
15691,09/20/25 18:30:00,29.690,,,,,
15692,09/20/25 18:45:00,29.615,,,,,
15693,09/20/25 19:00:00,29.515,,,,,
15694,09/20/25 19:15:00,29.565,,,,,
15695,09/20/25 19:30:00,29.565,,,,,
15696,09/20/25 19:45:00,29.515,,,,,
15697,09/20/25 20:00:00,28.990,,,,,
15698,09/20/25 20:15:00,29.115,,,,,
15699,09/20/25 20:30:00,29.240,,,,,
15700,09/20/25 20:45:00,29.090,,,,,
15701,09/20/25 21:00:00,29.414,,,,,
15702,09/20/25 21:15:00,29.389,,,,,
15703,09/20/25 21:30:00,29.640,,,,,
15704,09/20/25 21:45:00,29.665,,,,,
15705,09/20/25 22:00:00,29.640,,,,,
15706,09/20/25 22:15:00,29.665,,,,,
15707,09/20/25 22:30:00,29.640,,,,,
15708,09/20/25 22:45:00,29.590,,,,,
15709,09/20/25 23:00:00,29.640,,,,,
15710,09/20/25 23:15:00,29.665,,,,,
15711,09/20/25 23:30:00,29.690,,,,,
15712,09/20/25 23:45:00,29.590,,,,,
15713,09/21/25 00:00:00,29.590,,,,,
15714,09/21/25 00:15:00,29.464,,,,,
15715,09/21/25 00:30:00,29.439,,,,,
15716,09/21/25 00:45:00,29.565,,,,,
15717,09/21/25 01:00:00,29.464,,,,,
15718,09/21/25 01:15:00,29.414,,,,,
15719,09/21/25 01:30:00,29.140,,,,,
15720,09/21/25 01:45:00,29.340,,,,,
15721,09/21/25 02:00:00,29.290,,,,,
15722,09/21/25 02:15:00,29.015,,,,,
15723,09/21/25 02:30:00,29.065,,,,,
15724,09/21/25 02:45:00,29.215,,,,,
15725,09/21/25 03:00:00,29.090,,,,,
15726,09/21/25 03:15:00,28.866,,,,,
15727,09/21/25 03:30:00,29.090,,,,,
15728,09/21/25 03:45:00,29.265,,,,,
15729,09/21/25 04:00:00,29.240,,,,,
15730,09/21/25 04:15:00,29.340,,,,,
15731,09/21/25 04:30:00,29.290,,,,,
15732,09/21/25 04:45:00,29.290,,,,,
15733,09/21/25 05:00:00,29.315,,,,,
15734,09/21/25 05:15:00,29.315,,,,,
15735,09/21/25 05:30:00,29.265,,,,,
15736,09/21/25 05:45:00,29.115,,,,,
15737,09/21/25 06:00:00,29.215,,,,,
15738,09/21/25 06:15:00,29.215,,,,,
15739,09/21/25 06:30:00,29.340,,,,,
15740,09/21/25 06:45:00,29.215,,,,,
15741,09/21/25 07:00:00,29.265,,,,,
15742,09/21/25 07:15:00,29.340,,,,,
15743,09/21/25 07:30:00,29.290,,,,,
15744,09/21/25 07:45:00,29.315,,,,,
15745,09/21/25 08:00:00,29.315,,,,,
15746,09/21/25 08:15:00,29.439,,,,,
15747,09/21/25 08:30:00,29.490,,,,,
15748,09/21/25 08:45:00,29.439,,,,,
15749,09/21/25 09:00:00,29.389,,,,,
15750,09/21/25 09:15:00,29.690,,,,,
15751,09/21/25 09:30:00,29.490,,,,,
15752,09/21/25 09:45:00,29.240,,,,,
15753,09/21/25 10:00:00,29.140,,,,,
15754,09/21/25 10:15:00,29.265,,,,,
15755,09/21/25 10:30:00,29.515,,,,,
15756,09/21/25 10:45:00,29.464,,,,,
15757,09/21/25 11:00:00,29.615,,,,,
15758,09/21/25 11:15:00,29.640,,,,,
15759,09/21/25 11:30:00,29.715,,,,,
15760,09/21/25 11:45:00,29.340,,,,,
15761,09/21/25 12:00:00,29.290,,,,,
15762,09/21/25 12:15:00,29.290,,,,,
15763,09/21/25 12:30:00,29.389,,,,,
15764,09/21/25 12:45:00,29.565,,,,,
15765,09/21/25 13:00:00,29.290,,,,,
15766,09/21/25 13:15:00,28.990,,,,,
15767,09/21/25 13:30:00,29.040,,,,,
15768,09/21/25 13:45:00,28.990,,,,,
15769,09/21/25 14:00:00,28.941,,,,,
15770,09/21/25 14:15:00,29.015,,,,,
15771,09/21/25 14:30:00,29.190,,,,,
15772,09/21/25 14:45:00,29.290,,,,,
15773,09/21/25 15:00:00,29.215,,,,,
15774,09/21/25 15:15:00,28.941,,,,,
15775,09/21/25 15:30:00,28.941,,,,,
15776,09/21/25 15:45:00,28.816,,,,,
15777,09/21/25 16:00:00,28.717,,,,,
15778,09/21/25 16:15:00,28.717,,,,,
15779,09/21/25 16:30:00,28.692,,,,,
15780,09/21/25 16:45:00,28.617,,,,,
15781,09/21/25 17:00:00,28.692,,,,,
15782,09/21/25 17:15:00,28.692,,,,,
15783,09/21/25 17:30:00,28.692,,,,,
15784,09/21/25 17:45:00,29.665,,,,,
15785,09/21/25 18:00:00,29.815,,,,,
15786,09/21/25 18:15:00,29.840,,,,,
15787,09/21/25 18:30:00,29.865,,,,,
15788,09/21/25 18:45:00,29.865,,,,,
15789,09/21/25 19:00:00,29.590,,,,,
15790,09/21/25 19:15:00,29.190,,,,,
15791,09/21/25 19:30:00,29.690,,,,,
15792,09/21/25 19:45:00,29.815,,,,,
15793,09/21/25 20:00:00,29.865,,,,,
15794,09/21/25 20:15:00,29.865,,,,,
15795,09/21/25 20:30:00,29.840,,,,,
15796,09/21/25 20:45:00,29.464,,,,,
15797,09/21/25 21:00:00,29.439,,,,,
15798,09/21/25 21:15:00,29.540,,,,,
15799,09/21/25 21:30:00,29.365,,,,,
15800,09/21/25 21:45:00,29.490,,,,,
15801,09/21/25 22:00:00,29.515,,,,,
15802,09/21/25 22:15:00,29.290,,,,,
15803,09/21/25 22:30:00,29.140,,,,,
15804,09/21/25 22:45:00,28.990,,,,,
15805,09/21/25 23:00:00,28.965,,,,,
15806,09/21/25 23:15:00,28.841,,,,,
15807,09/21/25 23:30:00,28.965,,,,,
15808,09/21/25 23:45:00,29.090,,,,,
15809,09/22/25 00:00:00,29.065,,,,,
15810,09/22/25 00:15:00,29.015,,,,,
15811,09/22/25 00:30:00,29.065,,,,,
15812,09/22/25 00:45:00,29.240,,,,,
15813,09/22/25 01:00:00,29.290,,,,,
15814,09/22/25 01:15:00,29.290,,,,,
15815,09/22/25 01:30:00,29.414,,,,,
15816,09/22/25 01:45:00,29.090,,,,,
15817,09/22/25 02:00:00,29.115,,,,,
15818,09/22/25 02:15:00,29.065,,,,,
15819,09/22/25 02:30:00,29.065,,,,,
15820,09/22/25 02:45:00,29.090,,,,,
15821,09/22/25 03:00:00,29.065,,,,,
15822,09/22/25 03:15:00,29.140,,,,,
15823,09/22/25 03:30:00,29.265,,,,,
15824,09/22/25 03:45:00,29.065,,,,,
15825,09/22/25 04:00:00,29.065,,,,,
15826,09/22/25 04:15:00,29.090,,,,,
15827,09/22/25 04:30:00,29.065,,,,,
15828,09/22/25 04:45:00,29.115,,,,,
15829,09/22/25 05:00:00,29.065,,,,,
15830,09/22/25 05:15:00,29.090,,,,,
15831,09/22/25 05:30:00,29.165,,,,,
15832,09/22/25 05:45:00,29.165,,,,,
15833,09/22/25 06:00:00,29.290,,,,,
15834,09/22/25 06:15:00,29.290,,,,,
15835,09/22/25 06:30:00,29.240,,,,,
15836,09/22/25 06:45:00,29.290,,,,,
15837,09/22/25 07:00:00,29.290,,,,,
15838,09/22/25 07:15:00,29.340,,,,,
15839,09/22/25 07:30:00,29.365,,,,,
15840,09/22/25 07:45:00,29.389,,,,,
15841,09/22/25 08:00:00,29.389,,,,,
15842,09/22/25 08:15:00,29.389,,,,,
15843,09/22/25 08:30:00,29.765,,,,,
15844,09/22/25 08:45:00,29.790,,,,,
15845,09/22/25 09:00:00,29.640,,,,,
15846,09/22/25 09:15:00,29.640,,,,,
15847,09/22/25 09:30:00,29.740,,,,,
15848,09/22/25 09:45:00,29.439,,,,,
15849,09/22/25 10:00:00,29.365,,,,,
15850,09/22/25 10:15:00,29.439,,,,,
15851,09/22/25 10:30:00,29.389,,,,,
15852,09/22/25 10:45:00,29.414,,,,,
15853,09/22/25 11:00:00,29.439,,,,,
15854,09/22/25 11:15:00,29.389,,,,,
15855,09/22/25 11:30:00,29.265,,,,,
15856,09/22/25 11:45:00,29.265,,,,,
15857,09/22/25 12:00:00,29.290,,,,,
15858,09/22/25 12:15:00,29.414,,,,,
15859,09/22/25 12:30:00,29.690,,,,,
15860,09/22/25 12:45:00,29.840,,,,,
15861,09/22/25 13:00:00,29.840,,,,,
15862,09/22/25 13:15:00,29.740,,,,,
15863,09/22/25 13:30:00,29.740,,,,,
15864,09/22/25 13:45:00,29.439,,,,,
15865,09/22/25 14:00:00,29.190,,,,,
15866,09/22/25 14:15:00,29.265,,,,,
15867,09/22/25 14:30:00,29.290,,,,,
15868,09/22/25 14:45:00,29.340,,,,,
15869,09/22/25 15:00:00,29.315,,,,,
15870,09/22/25 15:15:00,29.365,,,,,
15871,09/22/25 15:30:00,29.439,,,,,
15872,09/22/25 15:45:00,29.515,,,,,
15873,09/22/25 16:00:00,29.439,,,,,
15874,09/22/25 16:15:00,29.389,,,,,
15875,09/22/25 16:30:00,28.791,,,,,
15876,09/22/25 16:45:00,29.315,,,,,
15877,09/22/25 17:00:00,29.414,,,,,
15878,09/22/25 17:15:00,29.389,,,,,
15879,09/22/25 17:30:00,29.265,,,,,
15880,09/22/25 17:45:00,29.140,,,,,
15881,09/22/25 18:00:00,29.340,,,,,
15882,09/22/25 18:15:00,29.215,,,,,
15883,09/22/25 18:30:00,29.165,,,,,
15884,09/22/25 18:45:00,29.165,,,,,
15885,09/22/25 19:00:00,29.340,,,,,
15886,09/22/25 19:15:00,29.340,,,,,
15887,09/22/25 19:30:00,29.115,,,,,
15888,09/22/25 19:45:00,29.140,,,,,
15889,09/22/25 20:00:00,29.140,,,,,
15890,09/22/25 20:15:00,29.140,,,,,
15891,09/22/25 20:30:00,29.265,,,,,
15892,09/22/25 20:45:00,29.165,,,,,
15893,09/22/25 21:00:00,29.190,,,,,
15894,09/22/25 21:15:00,29.215,,,,,
15895,09/22/25 21:30:00,29.190,,,,,
15896,09/22/25 21:45:00,29.215,,,,,
15897,09/22/25 22:00:00,29.190,,,,,
15898,09/22/25 22:15:00,29.190,,,,,
15899,09/22/25 22:30:00,29.165,,,,,
15900,09/22/25 22:45:00,29.389,,,,,
15901,09/22/25 23:00:00,29.540,,,,,
15902,09/22/25 23:15:00,29.389,,,,,
15903,09/22/25 23:30:00,29.490,,,,,
15904,09/22/25 23:45:00,29.540,,,,,
15905,09/23/25 00:00:00,29.439,,,,,
15906,09/23/25 00:15:00,29.540,,,,,
15907,09/23/25 00:30:00,29.665,,,,,
15908,09/23/25 00:45:00,29.665,,,,,
15909,09/23/25 01:00:00,29.490,,,,,
15910,09/23/25 01:15:00,29.365,,,,,
15911,09/23/25 01:30:00,29.340,,,,,
15912,09/23/25 01:45:00,29.340,,,,,
15913,09/23/25 02:00:00,29.315,,,,,
15914,09/23/25 02:15:00,29.315,,,,,
15915,09/23/25 02:30:00,29.340,,,,,
15916,09/23/25 02:45:00,29.315,,,,,
15917,09/23/25 03:00:00,29.340,,,,,
15918,09/23/25 03:15:00,29.340,,,,,
15919,09/23/25 03:30:00,29.340,,,,,
15920,09/23/25 03:45:00,29.315,,,,,
15921,09/23/25 04:00:00,29.315,,,,,
15922,09/23/25 04:15:00,29.315,,,,,
15923,09/23/25 04:30:00,29.340,,,,,
15924,09/23/25 04:45:00,29.439,,,,,
15925,09/23/25 05:00:00,29.340,,,,,
15926,09/23/25 05:15:00,28.568,,,,,
15927,09/23/25 05:30:00,29.290,,,,,
15928,09/23/25 05:45:00,29.389,,,,,
15929,09/23/25 06:00:00,29.315,,,,,
15930,09/23/25 06:15:00,29.340,,,,,
15931,09/23/25 06:30:00,29.340,,,,,
15932,09/23/25 06:45:00,29.340,,,,,
15933,09/23/25 07:00:00,29.290,,,,,
15934,09/23/25 07:15:00,29.265,,,,,
15935,09/23/25 07:30:00,29.365,,,,,
15936,09/23/25 07:45:00,29.439,,,,,
15937,09/23/25 08:00:00,29.439,,,,,
15938,09/23/25 08:15:00,29.490,,,,,
15939,09/23/25 08:30:00,29.540,,,,,
15940,09/23/25 08:45:00,29.565,,,,,
15941,09/23/25 09:00:00,29.590,,,,,
15942,09/23/25 09:15:00,29.615,,,,,
15943,09/23/25 09:30:00,29.464,,,,,
15944,09/23/25 09:45:00,29.590,,,,,
15945,09/23/25 10:00:00,29.640,,,,,
15946,09/23/25 10:15:00,29.715,,,,,
15947,09/23/25 10:30:00,29.740,,,,,
15948,09/23/25 10:45:00,29.765,,,,,
15949,09/23/25 11:00:00,29.765,,,,,
15950,09/23/25 11:15:00,29.740,,,,,
15951,09/23/25 11:30:00,29.790,,,,,
15952,09/23/25 11:45:00,29.765,,,,,
15953,09/23/25 12:00:00,29.765,,,,,
15954,09/23/25 12:15:00,29.765,,,,,
15955,09/23/25 12:30:00,29.765,,,,,
15956,09/23/25 12:45:00,29.740,,,,,
15957,09/23/25 13:00:00,29.640,,,,,
15958,09/23/25 13:15:00,29.590,,,,,
15959,09/23/25 13:30:00,29.565,,,,,
15960,09/23/25 13:45:00,29.640,,,,,
15961,09/23/25 14:00:00,29.690,,,,,
15962,09/23/25 14:15:00,29.515,,,,,
15963,09/23/25 14:30:00,29.464,,,,,
15964,09/23/25 14:45:00,29.365,,,,,
15965,09/23/25 15:00:00,29.464,,,,,
15966,09/23/25 15:15:00,29.515,,,,,
15967,09/23/25 15:30:00,29.540,,,,,
15968,09/23/25 15:45:00,29.389,,,,,
15969,09/23/25 16:00:00,29.490,,,,,
15970,09/23/25 16:15:00,29.439,,,,,
15971,09/23/25 16:30:00,29.414,,,,,
15972,09/23/25 16:45:00,29.414,,,,,
15973,09/23/25 17:00:00,29.340,,,,,
15974,09/23/25 17:15:00,29.315,,,,,
15975,09/23/25 17:30:00,29.540,,,,,
15976,09/23/25 17:45:00,29.490,,,,,
15977,09/23/25 18:00:00,29.340,,,,,
15978,09/23/25 18:15:00,29.365,,,,,
15979,09/23/25 18:30:00,29.690,,,,,
15980,09/23/25 18:45:00,29.665,,,,,
15981,09/23/25 19:00:00,29.565,,,,,
15982,09/23/25 19:15:00,29.515,,,,,
15983,09/23/25 19:30:00,29.464,,,,,
15984,09/23/25 19:45:00,29.464,,,,,
15985,09/23/25 20:00:00,29.414,,,,,
15986,09/23/25 20:15:00,29.640,,,,,
15987,09/23/25 20:30:00,29.690,,,,,
15988,09/23/25 20:45:00,29.640,,,,,
15989,09/23/25 21:00:00,29.640,,,,,
15990,09/23/25 21:15:00,29.690,,,,,
15991,09/23/25 21:30:00,29.665,,,,,
15992,09/23/25 21:45:00,29.765,,,,,
15993,09/23/25 22:00:00,29.840,,,,,
15994,09/23/25 22:15:00,29.865,,,,,
15995,09/23/25 22:30:00,29.890,,,,,
15996,09/23/25 22:45:00,29.865,,,,,
15997,09/23/25 23:00:00,29.765,,,,,
15998,09/23/25 23:15:00,29.916,,,,,
15999,09/23/25 23:30:00,29.865,,,,,
16000,09/23/25 23:45:00,29.690,,,,,
16001,09/24/25 00:00:00,29.740,,,,,
16002,09/24/25 00:15:00,29.765,,,,,
16003,09/24/25 00:30:00,29.765,,,,,
16004,09/24/25 00:45:00,29.790,,,,,
16005,09/24/25 01:00:00,29.665,,,,,
16006,09/24/25 01:15:00,29.565,,,,,
16007,09/24/25 01:30:00,29.389,,,,,
16008,09/24/25 01:45:00,28.841,,,,,
16009,09/24/25 02:00:00,29.140,,,,,
16010,09/24/25 02:15:00,29.340,,,,,
16011,09/24/25 02:30:00,29.240,,,,,
16012,09/24/25 02:45:00,29.315,,,,,
16013,09/24/25 03:00:00,29.540,,,,,
16014,09/24/25 03:15:00,29.540,,,,,
16015,09/24/25 03:30:00,29.439,,,,,
16016,09/24/25 03:45:00,29.439,,,,,
16017,09/24/25 04:00:00,29.515,,,,,
16018,09/24/25 04:15:00,29.590,,,,,
16019,09/24/25 04:30:00,29.590,,,,,
16020,09/24/25 04:45:00,29.665,,,,,
16021,09/24/25 05:00:00,29.615,,,,,
16022,09/24/25 05:15:00,29.615,,,,,
16023,09/24/25 05:30:00,29.640,,,,,
16024,09/24/25 05:45:00,29.640,,,,,
16025,09/24/25 06:00:00,29.665,,,,,
16026,09/24/25 06:15:00,29.640,,,,,
16027,09/24/25 06:30:00,29.490,,,,,
16028,09/24/25 06:45:00,29.665,,,,,
16029,09/24/25 07:00:00,29.665,,,,,
16030,09/24/25 07:15:00,29.515,,,,,
16031,09/24/25 07:30:00,29.389,,,,,
16032,09/24/25 07:45:00,29.315,,,,,
16033,09/24/25 08:00:00,29.615,,,,,
16034,09/24/25 08:15:00,29.715,,,,,
16035,09/24/25 08:30:00,29.715,,,,,
16036,09/24/25 08:45:00,29.740,,,,,
16037,09/24/25 09:00:00,29.790,,,,,
16038,09/24/25 09:15:00,29.815,,,,,
16039,09/24/25 09:30:00,29.765,,,,,
16040,09/24/25 09:45:00,29.765,,,,,
16041,09/24/25 10:00:00,29.765,,,,,
16042,09/24/25 10:15:00,29.464,,,,,
16043,09/24/25 10:30:00,29.414,,,,,
16044,09/24/25 10:45:00,29.690,,,,,
16045,09/24/25 11:00:00,29.765,,,,,
16046,09/24/25 11:15:00,29.690,,,,,
16047,09/24/25 11:30:00,29.790,,,,,
16048,09/24/25 11:45:00,29.490,,,,,
16049,09/24/25 12:00:00,29.365,,,,,
16050,09/24/25 12:15:00,29.190,,,,,
16051,09/24/25 12:30:00,29.439,,,,,
16052,09/24/25 12:45:00,29.690,,,,,
16053,09/24/25 13:00:00,29.464,,,,,
16054,09/24/25 13:15:00,29.389,,,,,
16055,09/24/25 13:30:00,29.464,,,,,
16056,09/24/25 13:45:00,29.765,,,,,
16057,09/24/25 14:00:00,29.690,,,,,
16058,09/24/25 14:15:00,29.414,,,,,
16059,09/24/25 14:30:00,29.414,,,,,
16060,09/24/25 14:45:00,29.389,,,,,
16061,09/24/25 15:00:00,29.340,,,,,
16062,09/24/25 15:15:00,29.365,,,,,
16063,09/24/25 15:30:00,29.540,,,,,
16064,09/24/25 15:45:00,29.715,,,,,
16065,09/24/25 16:00:00,29.765,,,,,
16066,09/24/25 16:15:00,29.765,,,,,
16067,09/24/25 16:30:00,29.865,,,,,
16068,09/24/25 16:45:00,29.916,,,,,
16069,09/24/25 17:00:00,29.890,,,,,
16070,09/24/25 17:15:00,29.890,,,,,
16071,09/24/25 17:30:00,29.865,,,,,
16072,09/24/25 17:45:00,29.890,,,,,
16073,09/24/25 18:00:00,29.916,,,,,
16074,09/24/25 18:15:00,29.941,,,,,
16075,09/24/25 18:30:00,29.890,,,,,
16076,09/24/25 18:45:00,29.890,,,,,
16077,09/24/25 19:00:00,29.890,,,,,
16078,09/24/25 19:15:00,29.865,,,,,
16079,09/24/25 19:30:00,29.865,,,,,
16080,09/24/25 19:45:00,29.890,,,,,
16081,09/24/25 20:00:00,29.840,,,,,
16082,09/24/25 20:15:00,29.790,,,,,
16083,09/24/25 20:30:00,29.840,,,,,
16084,09/24/25 20:45:00,29.765,,,,,
16085,09/24/25 21:00:00,29.765,,,,,
16086,09/24/25 21:15:00,29.790,,,,,
16087,09/24/25 21:30:00,29.765,,,,,
16088,09/24/25 21:45:00,29.765,,,,,
16089,09/24/25 22:00:00,29.815,,,,,
16090,09/24/25 22:15:00,29.840,,,,,
16091,09/24/25 22:30:00,29.916,,,,,
16092,09/24/25 22:45:00,29.966,,,,,
16093,09/24/25 23:00:00,29.941,,,,,
16094,09/24/25 23:15:00,29.941,,,,,
16095,09/24/25 23:30:00,29.840,,,,,
16096,09/24/25 23:45:00,29.941,,,,,
16097,09/25/25 00:00:00,29.941,,,,,
16098,09/25/25 00:15:00,29.916,,,,,
16099,09/25/25 00:30:00,29.916,,,,,
16100,09/25/25 00:45:00,29.890,,,,,
16101,09/25/25 01:00:00,29.715,,,,,
16102,09/25/25 01:15:00,29.690,,,,,
16103,09/25/25 01:30:00,29.665,,,,,
16104,09/25/25 01:45:00,29.690,,,,,
16105,09/25/25 02:00:00,29.640,,,,,
16106,09/25/25 02:15:00,29.590,,,,,
16107,09/25/25 02:30:00,29.640,,,,,
16108,09/25/25 02:45:00,29.815,,,,,
16109,09/25/25 03:00:00,29.665,,,,,
16110,09/25/25 03:15:00,29.590,,,,,
16111,09/25/25 03:30:00,29.540,,,,,
16112,09/25/25 03:45:00,29.540,,,,,
16113,09/25/25 04:00:00,29.540,,,,,
16114,09/25/25 04:15:00,29.565,,,,,
16115,09/25/25 04:30:00,29.715,,,,,
16116,09/25/25 04:45:00,29.815,,,,,
16117,09/25/25 05:00:00,29.815,,,,,
16118,09/25/25 05:15:00,29.815,,,,,
16119,09/25/25 05:30:00,29.740,,,,,
16120,09/25/25 05:45:00,29.665,,,,,
16121,09/25/25 06:00:00,29.540,,,,,
16122,09/25/25 06:15:00,29.515,,,,,
16123,09/25/25 06:30:00,29.665,,,,,
16124,09/25/25 06:45:00,29.715,,,,,
16125,09/25/25 07:00:00,29.715,,,,,
16126,09/25/25 07:15:00,29.715,,,,,
16127,09/25/25 07:30:00,29.740,,,,,
16128,09/25/25 07:45:00,29.740,,,,,
16129,09/25/25 08:00:00,29.690,,,,,
16130,09/25/25 08:15:00,29.640,,,,,
16131,09/25/25 08:30:00,29.715,,,,,
16132,09/25/25 08:45:00,29.740,,,,,
16133,09/25/25 09:00:00,29.765,,,,,
16134,09/25/25 09:15:00,29.840,,,,,
16135,09/25/25 09:30:00,29.790,,,,,
16136,09/25/25 09:45:00,29.890,,,,,
16137,09/25/25 10:00:00,29.890,,,,,
16138,09/25/25 10:15:00,29.890,,,,,
16139,09/25/25 10:30:00,29.890,,,,,
16140,09/25/25 10:45:00,29.815,,,,,
16141,09/25/25 11:00:00,29.665,,,,,
16142,09/25/25 11:15:00,29.865,,,,,
16143,09/25/25 11:30:00,29.690,,,,,
16144,09/25/25 11:45:00,29.715,,,,,
16145,09/25/25 12:00:00,29.815,,,,,
16146,09/25/25 12:15:00,29.740,,,,,
16147,09/25/25 12:30:00,29.715,,,,,
16148,09/25/25 12:45:00,29.690,,,,,
16149,09/25/25 13:00:00,29.665,,,,,
16150,09/25/25 13:15:00,29.615,,,,,
16151,09/25/25 13:30:00,29.490,,,,,
16152,09/25/25 13:45:00,29.540,,,,,
16153,09/25/25 14:00:00,29.515,,,,,
16154,09/25/25 14:15:00,29.615,,,,,
16155,09/25/25 14:30:00,29.615,,,,,
16156,09/25/25 14:45:00,29.690,,,,,
16157,09/25/25 15:00:00,29.740,,,,,
16158,09/25/25 15:15:00,29.765,,,,,
16159,09/25/25 15:30:00,29.715,,,,,
16160,09/25/25 15:45:00,29.715,,,,,
16161,09/25/25 16:00:00,29.715,,,,,
16162,09/25/25 16:15:00,29.640,,,,,
16163,09/25/25 16:30:00,29.690,,,,,
16164,09/25/25 16:45:00,29.690,,,,,
16165,09/25/25 17:00:00,29.765,,,,,
16166,09/25/25 17:15:00,29.815,,,,,
16167,09/25/25 17:30:00,29.815,,,,,
16168,09/25/25 17:45:00,29.790,,,,,
16169,09/25/25 18:00:00,29.765,,,,,
16170,09/25/25 18:15:00,29.765,,,,,
16171,09/25/25 18:30:00,29.740,,,,,
16172,09/25/25 18:45:00,29.690,,,,,
16173,09/25/25 19:00:00,29.665,,,,,
16174,09/25/25 19:15:00,29.615,,,,,
16175,09/25/25 19:30:00,29.690,,,,,
16176,09/25/25 19:45:00,29.690,,,,,
16177,09/25/25 20:00:00,29.690,,,,,
16178,09/25/25 20:15:00,29.640,,,,,
16179,09/25/25 20:30:00,29.515,,,,,
16180,09/25/25 20:45:00,29.490,,,,,
16181,09/25/25 21:00:00,29.490,,,,,
16182,09/25/25 21:15:00,29.464,,,,,
16183,09/25/25 21:30:00,29.490,,,,,
16184,09/25/25 21:45:00,29.464,,,,,
16185,09/25/25 22:00:00,29.490,,,,,
16186,09/25/25 22:15:00,29.540,,,,,
16187,09/25/25 22:30:00,29.515,,,,,
16188,09/25/25 22:45:00,29.540,,,,,
16189,09/25/25 23:00:00,29.565,,,,,
16190,09/25/25 23:15:00,29.439,,,,,
16191,09/25/25 23:30:00,29.464,,,,,
16192,09/25/25 23:45:00,29.640,,,,,
16193,09/26/25 00:00:00,29.640,,,,,
16194,09/26/25 00:15:00,29.590,,,,,
16195,09/26/25 00:30:00,29.665,,,,,
16196,09/26/25 00:45:00,29.640,,,,,
16197,09/26/25 01:00:00,29.640,,,,,
16198,09/26/25 01:15:00,29.540,,,,,
16199,09/26/25 01:30:00,29.515,,,,,
16200,09/26/25 01:45:00,29.515,,,,,
16201,09/26/25 02:00:00,29.540,,,,,
16202,09/26/25 02:15:00,29.464,,,,,
16203,09/26/25 02:30:00,29.490,,,,,
16204,09/26/25 02:45:00,29.490,,,,,
16205,09/26/25 03:00:00,29.464,,,,,
16206,09/26/25 03:15:00,29.490,,,,,
16207,09/26/25 03:30:00,29.490,,,,,
16208,09/26/25 03:45:00,29.515,,,,,
16209,09/26/25 04:00:00,29.515,,,,,
16210,09/26/25 04:15:00,29.490,,,,,
16211,09/26/25 04:30:00,29.439,,,,,
16212,09/26/25 04:45:00,29.439,,,,,
16213,09/26/25 05:00:00,29.464,,,,,
16214,09/26/25 05:15:00,29.464,,,,,
16215,09/26/25 05:30:00,29.165,,,,,
16216,09/26/25 05:45:00,29.115,,,,,
16217,09/26/25 06:00:00,29.115,,,,,
16218,09/26/25 06:15:00,28.766,,,,,
16219,09/26/25 06:30:00,28.841,,,,,
16220,09/26/25 06:45:00,29.540,,,,,
16221,09/26/25 07:00:00,29.540,,,,,
16222,09/26/25 07:15:00,29.365,,,,,
16223,09/26/25 07:30:00,29.265,,,,,
16224,09/26/25 07:45:00,29.190,,,,,
16225,09/26/25 08:00:00,29.215,,,,,
16226,09/26/25 08:15:00,29.190,,,,,
16227,09/26/25 08:30:00,29.190,,,,,
16228,09/26/25 08:45:00,29.065,,,,,
16229,09/26/25 09:00:00,29.140,,,,,
16230,09/26/25 09:15:00,29.340,,,,,
16231,09/26/25 09:30:00,29.540,,,,,
16232,09/26/25 09:45:00,29.590,,,,,
16233,09/26/25 10:00:00,29.665,,,,,
16234,09/26/25 10:15:00,29.615,,,,,
16235,09/26/25 10:30:00,29.565,,,,,
16236,09/26/25 10:45:00,29.540,,,,,
16237,09/26/25 11:00:00,29.540,,,,,
16238,09/26/25 11:15:00,29.439,,,,,
16239,09/26/25 11:30:00,29.565,,,,,
16240,09/26/25 11:45:00,29.515,,,,,
16241,09/26/25 12:00:00,29.490,,,,,
16242,09/26/25 12:15:00,29.389,,,,,
16243,09/26/25 12:30:00,29.340,,,,,
16244,09/26/25 12:45:00,29.365,,,,,
16245,09/26/25 13:00:00,29.439,,,,,
16246,09/26/25 13:15:00,29.515,,,,,
16247,09/26/25 13:30:00,29.565,,,,,
16248,09/26/25 13:45:00,29.590,,,,,
16249,09/26/25 14:00:00,29.515,,,,,
16250,09/26/25 14:15:00,29.565,,,,,
16251,09/26/25 14:30:00,29.590,,,,,
16252,09/26/25 14:45:00,29.590,,,,,
16253,09/26/25 15:00:00,29.615,,,,,
16254,09/26/25 15:15:00,29.540,,,,,
16255,09/26/25 15:30:00,29.490,,,,,
16256,09/26/25 15:45:00,29.389,,,,,
16257,09/26/25 16:00:00,29.565,,,,,
16258,09/26/25 16:15:00,29.464,,,,,
16259,09/26/25 16:30:00,29.515,,,,,
16260,09/26/25 16:45:00,29.715,,,,,
16261,09/26/25 17:00:00,29.640,,,,,
16262,09/26/25 17:15:00,29.565,,,,,
16263,09/26/25 17:30:00,29.439,,,,,
16264,09/26/25 17:45:00,29.439,,,,,
16265,09/26/25 18:00:00,29.515,,,,,
16266,09/26/25 18:15:00,29.490,,,,,
16267,09/26/25 18:30:00,29.490,,,,,
16268,09/26/25 18:45:00,29.565,,,,,
16269,09/26/25 19:00:00,29.615,,,,,
16270,09/26/25 19:15:00,29.690,,,,,
16271,09/26/25 19:30:00,29.765,,,,,
16272,09/26/25 19:45:00,29.765,,,,,
16273,09/26/25 20:00:00,29.765,,,,,
16274,09/26/25 20:15:00,29.640,,,,,
16275,09/26/25 20:30:00,29.640,,,,,
16276,09/26/25 20:45:00,29.590,,,,,
16277,09/26/25 21:00:00,29.615,,,,,
16278,09/26/25 21:15:00,29.615,,,,,
16279,09/26/25 21:30:00,29.640,,,,,
16280,09/26/25 21:45:00,29.790,,,,,
16281,09/26/25 22:00:00,29.815,,,,,
16282,09/26/25 22:15:00,29.815,,,,,
16283,09/26/25 22:30:00,29.865,,,,,
16284,09/26/25 22:45:00,29.865,,,,,
16285,09/26/25 23:00:00,29.790,,,,,
16286,09/26/25 23:15:00,29.790,,,,,
16287,09/26/25 23:30:00,29.815,,,,,
16288,09/26/25 23:45:00,29.815,,,,,
16289,09/27/25 00:00:00,29.840,,,,,
16290,09/27/25 00:15:00,29.865,,,,,
16291,09/27/25 00:30:00,29.840,,,,,
16292,09/27/25 00:45:00,29.840,,,,,
16293,09/27/25 01:00:00,29.865,,,,,
16294,09/27/25 01:15:00,29.865,,,,,
16295,09/27/25 01:30:00,29.840,,,,,
16296,09/27/25 01:45:00,29.840,,,,,
16297,09/27/25 02:00:00,29.615,,,,,
16298,09/27/25 02:15:00,29.615,,,,,
16299,09/27/25 02:30:00,29.665,,,,,
16300,09/27/25 02:45:00,29.840,,,,,
16301,09/27/25 03:00:00,29.790,,,,,
16302,09/27/25 03:15:00,29.815,,,,,
16303,09/27/25 03:30:00,29.890,,,,,
16304,09/27/25 03:45:00,29.890,,,,,
16305,09/27/25 04:00:00,29.890,,,,,
16306,09/27/25 04:15:00,29.890,,,,,
16307,09/27/25 04:30:00,29.890,,,,,
16308,09/27/25 04:45:00,29.715,,,,,
16309,09/27/25 05:00:00,29.590,,,,,
16310,09/27/25 05:15:00,29.565,,,,,
16311,09/27/25 05:30:00,29.540,,,,,
16312,09/27/25 05:45:00,29.515,,,,,
16313,09/27/25 06:00:00,29.490,,,,,
16314,09/27/25 06:15:00,29.490,,,,,
16315,09/27/25 06:30:00,29.340,,,,,
16316,09/27/25 06:45:00,29.290,,,,,
16317,09/27/25 07:00:00,29.190,,,,,
16318,09/27/25 07:15:00,29.190,,,,,
16319,09/27/25 07:30:00,29.190,,,,,
16320,09/27/25 07:45:00,29.090,,,,,
16321,09/27/25 08:00:00,29.115,,,,,
16322,09/27/25 08:15:00,29.165,,,,,
16323,09/27/25 08:30:00,29.165,,,,,
16324,09/27/25 08:45:00,29.165,,,,,
16325,09/27/25 09:00:00,29.240,,,,,
16326,09/27/25 09:15:00,29.190,,,,,
16327,09/27/25 09:30:00,29.140,,,,,
16328,09/27/25 09:45:00,29.240,,,,,
16329,09/27/25 10:00:00,29.240,,,,,
16330,09/27/25 10:15:00,29.240,,,,,
16331,09/27/25 10:30:00,29.290,,,,,
16332,09/27/25 10:45:00,29.290,,,,,
16333,09/27/25 11:00:00,29.290,,,,,
16334,09/27/25 11:15:00,29.265,,,,,
16335,09/27/25 11:30:00,29.290,,,,,
16336,09/27/25 11:45:00,29.290,,,,,
16337,09/27/25 12:00:00,29.265,,,,,
16338,09/27/25 12:15:00,29.265,,,,,
16339,09/27/25 12:30:00,29.240,,,,,
16340,09/27/25 12:45:00,29.240,,,,,
16341,09/27/25 13:00:00,29.240,,,,,
16342,09/27/25 13:15:00,29.215,,,,,
16343,09/27/25 13:30:00,29.140,,,,,
16344,09/27/25 13:45:00,29.190,,,,,
16345,09/27/25 14:00:00,29.215,,,,,
16346,09/27/25 14:15:00,29.215,,,,,
16347,09/27/25 14:30:00,29.190,,,,,
16348,09/27/25 14:45:00,29.215,,,,,
16349,09/27/25 15:00:00,29.215,,,,,
16350,09/27/25 15:15:00,29.215,,,,,
16351,09/27/25 15:30:00,29.265,,,,,
16352,09/27/25 15:45:00,29.290,,,,,
16353,09/27/25 16:00:00,29.315,,,,,
16354,09/27/25 16:15:00,29.315,,,,,
16355,09/27/25 16:30:00,29.340,,,,,
16356,09/27/25 16:45:00,29.315,,,,,
16357,09/27/25 17:00:00,29.315,,,,,
16358,09/27/25 17:15:00,29.315,,,,,
16359,09/27/25 17:30:00,29.315,,,,,
16360,09/27/25 17:45:00,29.340,,,,,
16361,09/27/25 18:00:00,29.340,,,,,
16362,09/27/25 18:15:00,29.265,,,,,
16363,09/27/25 18:30:00,29.190,,,,,
16364,09/27/25 18:45:00,29.240,,,,,
16365,09/27/25 19:00:00,29.240,,,,,
16366,09/27/25 19:15:00,29.240,,,,,
16367,09/27/25 19:30:00,29.215,,,,,
16368,09/27/25 19:45:00,29.240,,,,,
16369,09/27/25 20:00:00,29.215,,,,,
16370,09/27/25 20:15:00,29.215,,,,,
16371,09/27/25 20:30:00,29.315,,,,,
16372,09/27/25 20:45:00,29.215,,,,,
16373,09/27/25 21:00:00,29.240,,,,,
16374,09/27/25 21:15:00,29.215,,,,,
16375,09/27/25 21:30:00,29.215,,,,,
16376,09/27/25 21:45:00,29.240,,,,,
16377,09/27/25 22:00:00,29.240,,,,,
16378,09/27/25 22:15:00,29.240,,,,,
16379,09/27/25 22:30:00,29.240,,,,,
16380,09/27/25 22:45:00,29.265,,,,,
16381,09/27/25 23:00:00,29.315,,,,,
16382,09/27/25 23:15:00,29.365,,,,,
16383,09/27/25 23:30:00,29.439,,,,,
16384,09/27/25 23:45:00,29.389,,,,,
16385,09/28/25 00:00:00,29.464,,,,,
16386,09/28/25 00:15:00,29.490,,,,,
16387,09/28/25 00:30:00,29.490,,,,,
16388,09/28/25 00:45:00,29.490,,,,,
16389,09/28/25 01:00:00,29.490,,,,,
16390,09/28/25 01:15:00,29.515,,,,,
16391,09/28/25 01:30:00,29.464,,,,,
16392,09/28/25 01:45:00,29.389,,,,,
16393,09/28/25 02:00:00,29.365,,,,,
16394,09/28/25 02:15:00,29.414,,,,,
16395,09/28/25 02:30:00,29.439,,,,,
16396,09/28/25 02:45:00,29.464,,,,,
16397,09/28/25 03:00:00,29.490,,,,,
16398,09/28/25 03:15:00,29.490,,,,,
16399,09/28/25 03:30:00,29.490,,,,,
16400,09/28/25 03:45:00,29.490,,,,,
16401,09/28/25 04:00:00,29.439,,,,,
16402,09/28/25 04:15:00,29.365,,,,,
16403,09/28/25 04:30:00,29.365,,,,,
16404,09/28/25 04:45:00,29.365,,,,,
16405,09/28/25 05:00:00,29.365,,,,,
16406,09/28/25 05:15:00,29.389,,,,,
16407,09/28/25 05:30:00,29.365,,,,,
16408,09/28/25 05:45:00,29.365,,,,,
16409,09/28/25 06:00:00,29.389,,,,,
16410,09/28/25 06:15:00,29.389,,,,,
16411,09/28/25 06:30:00,29.389,,,,,
16412,09/28/25 06:45:00,29.389,,,,,
16413,09/28/25 07:00:00,29.389,,,,,
16414,09/28/25 07:15:00,29.389,,,,,
16415,09/28/25 07:30:00,29.389,,,,,
16416,09/28/25 07:45:00,29.389,,,,,
16417,09/28/25 08:00:00,29.389,,,,,
16418,09/28/25 08:15:00,29.365,,,,,
16419,09/28/25 08:30:00,29.365,,,,,
16420,09/28/25 08:45:00,29.389,,,,,
16421,09/28/25 09:00:00,29.389,,,,,
16422,09/28/25 09:15:00,29.389,,,,,
16423,09/28/25 09:30:00,29.414,,,,,
16424,09/28/25 09:45:00,29.389,,,,,
16425,09/28/25 10:00:00,29.389,,,,,
16426,09/28/25 10:15:00,29.389,,,,,
16427,09/28/25 10:30:00,29.414,,,,,
16428,09/28/25 10:45:00,29.414,,,,,
16429,09/28/25 11:00:00,29.414,,,,,
16430,09/28/25 11:15:00,29.414,,,,,
16431,09/28/25 11:30:00,29.414,,,,,
16432,09/28/25 11:45:00,29.464,,,,,
16433,09/28/25 12:00:00,29.515,,,,,
16434,09/28/25 12:15:00,29.490,,,,,
16435,09/28/25 12:30:00,29.439,,,,,
16436,09/28/25 12:45:00,29.490,,,,,
16437,09/28/25 13:00:00,29.515,,,,,
16438,09/28/25 13:15:00,29.464,,,,,
16439,09/28/25 13:30:00,29.439,,,,,
16440,09/28/25 13:45:00,29.315,,,,,
16441,09/28/25 14:00:00,29.340,,,,,
16442,09/28/25 14:15:00,29.389,,,,,
16443,09/28/25 14:30:00,29.340,,,,,
16444,09/28/25 14:45:00,29.389,,,,,
16445,09/28/25 15:00:00,29.365,,,,,
16446,09/28/25 15:15:00,29.389,,,,,
16447,09/28/25 15:30:00,29.389,,,,,
16448,09/28/25 15:45:00,29.389,,,,,
16449,09/28/25 16:00:00,29.315,,,,,
16450,09/28/25 16:15:00,29.365,,,,,
16451,09/28/25 16:30:00,29.340,,,,,
16452,09/28/25 16:45:00,29.365,,,,,
16453,09/28/25 17:00:00,29.315,,,,,
16454,09/28/25 17:15:00,29.439,,,,,
16455,09/28/25 17:30:00,29.389,,,,,
16456,09/28/25 17:45:00,29.240,,,,,
16457,09/28/25 18:00:00,29.389,,,,,
16458,09/28/25 18:15:00,29.215,,,,,
16459,09/28/25 18:30:00,29.190,,,,,
16460,09/28/25 18:45:00,29.190,,,,,
16461,09/28/25 19:00:00,29.290,,,,,
16462,09/28/25 19:15:00,29.240,,,,,
16463,09/28/25 19:30:00,29.290,,,,,
16464,09/28/25 19:45:00,29.340,,,,,
16465,09/28/25 20:00:00,29.414,,,,,
16466,09/28/25 20:15:00,29.439,,,,,
16467,09/28/25 20:30:00,29.389,,,,,
16468,09/28/25 20:45:00,29.340,,,,,
16469,09/28/25 21:00:00,29.340,,,,,
16470,09/28/25 21:15:00,29.315,,,,,
16471,09/28/25 21:30:00,29.315,,,,,
16472,09/28/25 21:45:00,29.315,,,,,
16473,09/28/25 22:00:00,29.190,,,,,
16474,09/28/25 22:15:00,29.215,,,,,
16475,09/28/25 22:30:00,29.365,,,,,
16476,09/28/25 22:45:00,29.265,,,,,
16477,09/28/25 23:00:00,29.414,,,,,
16478,09/28/25 23:15:00,29.365,,,,,
16479,09/28/25 23:30:00,29.340,,,,,
16480,09/28/25 23:45:00,29.340,,,,,
16481,09/29/25 00:00:00,29.389,,,,,
16482,09/29/25 00:15:00,29.490,,,,,
16483,09/29/25 00:30:00,29.590,,,,,
16484,09/29/25 00:45:00,29.590,,,,,
16485,09/29/25 01:00:00,29.640,,,,,
16486,09/29/25 01:15:00,29.690,,,,,
16487,09/29/25 01:30:00,29.765,,,,,
16488,09/29/25 01:45:00,29.790,,,,,
16489,09/29/25 02:00:00,29.765,,,,,
16490,09/29/25 02:15:00,29.540,,,,,
16491,09/29/25 02:30:00,29.615,,,,,
16492,09/29/25 02:45:00,29.565,,,,,
16493,09/29/25 03:00:00,29.640,,,,,
16494,09/29/25 03:15:00,29.665,,,,,
16495,09/29/25 03:30:00,29.464,,,,,
16496,09/29/25 03:45:00,29.365,,,,,
16497,09/29/25 04:00:00,29.340,,,,,
16498,09/29/25 04:15:00,29.315,,,,,
16499,09/29/25 04:30:00,29.315,,,,,
16500,09/29/25 04:45:00,29.265,,,,,
16501,09/29/25 05:00:00,29.340,,,,,
16502,09/29/25 05:15:00,29.165,,,,,
16503,09/29/25 05:30:00,29.190,,,,,
16504,09/29/25 05:45:00,29.090,,,,,
16505,09/29/25 06:00:00,29.065,,,,,
16506,09/29/25 06:15:00,29.065,,,,,
16507,09/29/25 06:30:00,29.165,,,,,
16508,09/29/25 06:45:00,29.265,,,,,
16509,09/29/25 07:00:00,29.190,,,,,
16510,09/29/25 07:15:00,29.165,,,,,
16511,09/29/25 07:30:00,29.190,,,,,
16512,09/29/25 07:45:00,29.115,,,,,
16513,09/29/25 08:00:00,29.115,,,,,
16514,09/29/25 08:15:00,29.090,,,,,
16515,09/29/25 08:30:00,29.140,,,,,
16516,09/29/25 08:45:00,29.140,,,,,
16517,09/29/25 09:00:00,29.115,,,,,
16518,09/29/25 09:15:00,29.065,,,,,
16519,09/29/25 09:30:00,29.065,,,,,
16520,09/29/25 09:45:00,29.140,,,,,
16521,09/29/25 10:00:00,29.190,,,,,
16522,09/29/25 10:15:00,29.215,,,,,
16523,09/29/25 10:30:00,29.265,,,,,
16524,09/29/25 10:45:00,29.265,,,,,
16525,09/29/25 11:00:00,29.290,,,,,
16526,09/29/25 11:15:00,29.414,,,,,
16527,09/29/25 11:30:00,29.290,,,,,
16528,09/29/25 11:45:00,29.265,,,,,
16529,09/29/25 12:00:00,29.290,,,,,
16530,09/29/25 12:15:00,29.290,,,,,
16531,09/29/25 12:30:00,29.365,,,,,
16532,09/29/25 12:45:00,29.290,,,,,
16533,09/29/25 13:00:00,29.340,,,,,
16534,09/29/25 13:15:00,29.340,,,,,
16535,09/29/25 13:30:00,29.290,,,,,
16536,09/29/25 13:45:00,29.290,,,,,
16537,09/29/25 14:00:00,29.315,,,,,
16538,09/29/25 14:15:00,29.340,,,,,
16539,09/29/25 14:30:00,29.315,,,,,
16540,09/29/25 14:45:00,29.290,,,,,
16541,09/29/25 15:00:00,29.290,,,,,
16542,09/29/25 15:15:00,29.265,,,,,
16543,09/29/25 15:30:00,29.265,,,,,
16544,09/29/25 15:45:00,29.265,,,,,
16545,09/29/25 16:00:00,29.240,,,,,
16546,09/29/25 16:15:00,29.240,,,,,
16547,09/29/25 16:30:00,29.165,,,,,
16548,09/29/25 16:45:00,29.165,,,,,
16549,09/29/25 17:00:00,29.240,,,,,
16550,09/29/25 17:15:00,29.290,,,,,
16551,09/29/25 17:30:00,29.315,,,,,
16552,09/29/25 17:45:00,29.340,,,,,
16553,09/29/25 18:00:00,29.340,,,,,
16554,09/29/25 18:15:00,29.365,,,,,
16555,09/29/25 18:30:00,29.365,,,,,
16556,09/29/25 18:45:00,29.340,,,,,
16557,09/29/25 19:00:00,29.340,,,,,
16558,09/29/25 19:15:00,29.315,,,,,
16559,09/29/25 19:30:00,29.340,,,,,
16560,09/29/25 19:45:00,29.315,,,,,
16561,09/29/25 20:00:00,29.340,,,,,
16562,09/29/25 20:15:00,29.290,,,,,
16563,09/29/25 20:30:00,29.340,,,,,
16564,09/29/25 20:45:00,29.365,,,,,
16565,09/29/25 21:00:00,29.315,,,,,
16566,09/29/25 21:15:00,29.414,,,,,
16567,09/29/25 21:30:00,29.515,,,,,
16568,09/29/25 21:45:00,29.464,,,,,
16569,09/29/25 22:00:00,29.590,,,,,
16570,09/29/25 22:15:00,29.565,,,,,
16571,09/29/25 22:30:00,29.565,,,,,
16572,09/29/25 22:45:00,29.540,,,,,
16573,09/29/25 23:00:00,29.515,,,,,
16574,09/29/25 23:15:00,29.565,,,,,
16575,09/29/25 23:30:00,29.540,,,,,
16576,09/29/25 23:45:00,29.540,,,,,
16577,09/30/25 00:00:00,29.565,,,,,
16578,09/30/25 00:15:00,29.540,,,,,
16579,09/30/25 00:30:00,29.565,,,,,
16580,09/30/25 00:45:00,29.615,,,,,
16581,09/30/25 01:00:00,29.615,,,,,
16582,09/30/25 01:15:00,29.615,,,,,
16583,09/30/25 01:30:00,29.690,,,,,
16584,09/30/25 01:45:00,29.765,,,,,
16585,09/30/25 02:00:00,29.790,,,,,
16586,09/30/25 02:15:00,29.790,,,,,
16587,09/30/25 02:30:00,29.790,,,,,
16588,09/30/25 02:45:00,29.765,,,,,
16589,09/30/25 03:00:00,29.815,,,,,
16590,09/30/25 03:15:00,29.715,,,,,
16591,09/30/25 03:30:00,29.715,,,,,
16592,09/30/25 03:45:00,29.715,,,,,
16593,09/30/25 04:00:00,29.715,,,,,
16594,09/30/25 04:15:00,29.715,,,,,
16595,09/30/25 04:30:00,29.665,,,,,
16596,09/30/25 04:45:00,29.640,,,,,
16597,09/30/25 05:00:00,29.615,,,,,
16598,09/30/25 05:15:00,29.640,,,,,
16599,09/30/25 05:30:00,29.665,,,,,
16600,09/30/25 05:45:00,29.665,,,,,
16601,09/30/25 06:00:00,29.615,,,,,
16602,09/30/25 06:15:00,29.665,,,,,
16603,09/30/25 06:30:00,29.590,,,,,
16604,09/30/25 06:45:00,29.565,,,,,
16605,09/30/25 07:00:00,29.515,,,,,
16606,09/30/25 07:15:00,29.540,,,,,
16607,09/30/25 07:30:00,29.439,,,,,
16608,09/30/25 07:45:00,29.439,,,,,
16609,09/30/25 08:00:00,29.439,,,,,
16610,09/30/25 08:15:00,29.439,,,,,
16611,09/30/25 08:30:00,29.515,,,,,
16612,09/30/25 08:45:00,29.565,,,,,
16613,09/30/25 09:00:00,29.464,,,,,
16614,09/30/25 09:15:00,29.464,,,,,
16615,09/30/25 09:30:00,29.464,,,,,
16616,09/30/25 09:45:00,29.414,,,,,
16617,09/30/25 10:00:00,29.389,,,,,
16618,09/30/25 10:15:00,29.315,,,,,
16619,09/30/25 10:30:00,29.115,,,,,
16620,09/30/25 10:45:00,29.040,,,,,
16621,09/30/25 11:00:00,29.040,,,,,
16622,09/30/25 11:15:00,29.065,,,,,
16623,09/30/25 11:30:00,29.115,,,,,
16624,09/30/25 11:45:00,29.065,,,,,
16625,09/30/25 12:00:00,29.215,,,,,
16626,09/30/25 12:15:00,29.389,,,,,
16627,09/30/25 12:30:00,29.715,,,,,
16628,09/30/25 12:45:00,29.815,,,,,
16629,09/30/25 13:00:00,29.890,,,,,
16630,09/30/25 13:15:00,29.916,,,,,
16631,09/30/25 13:30:00,29.890,,,,,
16632,09/30/25 13:45:00,29.840,,,,,
16633,09/30/25 14:00:00,29.840,,,,,
16634,09/30/25 14:15:00,29.840,,,,,
16635,09/30/25 14:30:00,29.765,,,,,
16636,09/30/25 14:45:00,29.765,,,,,
16637,09/30/25 15:00:00,29.790,,,,,
16638,09/30/25 15:15:00,29.765,,,,,
16639,09/30/25 15:30:00,29.715,,,,,
16640,09/30/25 15:45:00,29.640,,,,,
16641,09/30/25 16:00:00,29.665,,,,,
16642,09/30/25 16:15:00,29.715,,,,,
16643,09/30/25 16:30:00,29.665,,,,,
16644,09/30/25 16:45:00,29.740,,,,,
16645,09/30/25 17:00:00,29.740,,,,,
16646,09/30/25 17:15:00,29.665,,,,,
16647,09/30/25 17:30:00,29.715,,,,,
16648,09/30/25 17:45:00,29.740,,,,,
16649,09/30/25 18:00:00,29.740,,,,,
16650,09/30/25 18:15:00,29.715,,,,,
16651,09/30/25 18:30:00,29.740,,,,,
16652,09/30/25 18:45:00,29.715,,,,,
16653,09/30/25 19:00:00,29.690,,,,,
16654,09/30/25 19:15:00,29.715,,,,,
16655,09/30/25 19:30:00,29.715,,,,,
16656,09/30/25 19:45:00,29.690,,,,,
16657,09/30/25 20:00:00,29.690,,,,,
16658,09/30/25 20:15:00,29.665,,,,,
16659,09/30/25 20:30:00,29.665,,,,,
16660,09/30/25 20:45:00,29.590,,,,,
16661,09/30/25 21:00:00,29.590,,,,,
16662,09/30/25 21:15:00,29.590,,,,,
16663,09/30/25 21:30:00,29.590,,,,,
16664,09/30/25 21:45:00,29.490,,,,,
16665,09/30/25 22:00:00,29.464,,,,,
16666,09/30/25 22:15:00,29.490,,,,,
16667,09/30/25 22:30:00,29.540,,,,,
16668,09/30/25 22:45:00,29.540,,,,,
16669,09/30/25 23:00:00,29.540,,,,,
16670,09/30/25 23:15:00,29.565,,,,,
16671,09/30/25 23:30:00,29.590,,,,,
16672,09/30/25 23:45:00,29.590,,,,,
16673,10/01/25 00:00:00,29.590,,,,,
16674,10/01/25 00:15:00,29.590,,,,,
16675,10/01/25 00:30:00,29.540,,,,,
16676,10/01/25 00:45:00,29.515,,,,,
16677,10/01/25 01:00:00,29.540,,,,,
16678,10/01/25 01:15:00,29.540,,,,,
16679,10/01/25 01:30:00,29.515,,,,,
16680,10/01/25 01:45:00,29.515,,,,,
16681,10/01/25 02:00:00,29.590,,,,,
16682,10/01/25 02:15:00,29.640,,,,,
16683,10/01/25 02:30:00,29.715,,,,,
16684,10/01/25 02:45:00,29.690,,,,,
16685,10/01/25 03:00:00,29.715,,,,,
16686,10/01/25 03:15:00,29.665,,,,,
16687,10/01/25 03:30:00,29.690,,,,,
16688,10/01/25 03:45:00,29.715,,,,,
16689,10/01/25 04:00:00,29.665,,,,,
16690,10/01/25 04:15:00,29.690,,,,,
16691,10/01/25 04:30:00,29.740,,,,,
16692,10/01/25 04:45:00,29.840,,,,,
16693,10/01/25 05:00:00,29.916,,,,,
16694,10/01/25 05:15:00,29.890,,,,,
16695,10/01/25 05:30:00,29.941,,,,,
16696,10/01/25 05:45:00,29.941,,,,,
16697,10/01/25 06:00:00,29.966,,,,,
16698,10/01/25 06:15:00,29.966,,,,,
16699,10/01/25 06:30:00,29.941,,,,,
16700,10/01/25 06:45:00,29.916,,,,,
16701,10/01/25 07:00:00,29.715,,,,,
16702,10/01/25 07:15:00,29.690,,,,,
16703,10/01/25 07:30:00,29.715,,,,,
16704,10/01/25 07:45:00,29.715,,,,,
16705,10/01/25 08:00:00,29.740,,,,,
16706,10/01/25 08:15:00,29.715,,,,,
16707,10/01/25 08:30:00,29.615,,,,,
16708,10/01/25 08:45:00,29.565,,,,,
16709,10/01/25 09:00:00,29.590,,,,,
16710,10/01/25 09:15:00,29.515,,,,,
16711,10/01/25 09:30:00,29.565,,,,,
16712,10/01/25 09:45:00,29.414,,,,,
16713,10/01/25 10:00:00,29.590,,,,,
16714,10/01/25 10:15:00,29.340,,,,,
16715,10/01/25 10:30:00,29.315,,,,,
16716,10/01/25 10:45:00,29.414,,,,,
16717,10/01/25 11:00:00,29.215,,,,,
16718,10/01/25 11:15:00,29.140,,,,,
16719,10/01/25 11:30:00,29.414,,,,,
16720,10/01/25 11:45:00,29.640,,,,,
16721,10/01/25 12:00:00,29.740,,,,,
16722,10/01/25 12:15:00,29.865,,,,,
16723,10/01/25 12:30:00,29.966,,,,,
16724,10/01/25 12:45:00,29.991,,,,,
16725,10/01/25 13:00:00,29.941,,,,,
16726,10/01/25 13:15:00,30.016,,,,,
16727,10/01/25 13:30:00,30.016,,,,,
16728,10/01/25 13:45:00,30.016,,,,,
16729,10/01/25 14:00:00,30.091,,,,,
16730,10/01/25 14:15:00,30.091,,,,,
16731,10/01/25 14:30:00,30.117,,,,,
16732,10/01/25 14:45:00,30.117,,,,,
16733,10/01/25 15:00:00,30.142,,,,,
16734,10/01/25 15:15:00,30.041,,,,,
16735,10/01/25 15:30:00,30.117,,,,,
16736,10/01/25 15:45:00,29.464,,,,,
16737,10/01/25 16:00:00,29.015,,,,,
16738,10/01/25 16:15:00,28.990,,,,,
16739,10/01/25 16:30:00,29.240,,,,,
16740,10/01/25 16:45:00,29.140,,,,,
16741,10/01/25 17:00:00,29.090,,,,,
16742,10/01/25 17:15:00,29.140,,,,,
16743,10/01/25 17:30:00,29.140,,,,,
16744,10/01/25 17:45:00,29.464,,,,,
16745,10/01/25 18:00:00,29.790,,,,,
16746,10/01/25 18:15:00,29.890,,,,,
16747,10/01/25 18:30:00,29.941,,,,,
16748,10/01/25 18:45:00,29.966,,,,,
16749,10/01/25 19:00:00,29.715,,,,,
16750,10/01/25 19:15:00,29.765,,,,,
16751,10/01/25 19:30:00,29.765,,,,,
16752,10/01/25 19:45:00,29.815,,,,,
16753,10/01/25 20:00:00,29.840,,,,,
16754,10/01/25 20:15:00,29.790,,,,,
16755,10/01/25 20:30:00,29.740,,,,,
16756,10/01/25 20:45:00,29.715,,,,,
16757,10/01/25 21:00:00,29.740,,,,,
16758,10/01/25 21:15:00,29.690,,,,,
16759,10/01/25 21:30:00,29.665,,,,,
16760,10/01/25 21:45:00,29.665,,,,,
16761,10/01/25 22:00:00,29.665,,,,,
16762,10/01/25 22:15:00,29.690,,,,,
16763,10/01/25 22:30:00,29.665,,,,,
16764,10/01/25 22:45:00,29.590,,,,,
16765,10/01/25 23:00:00,29.565,,,,,
16766,10/01/25 23:15:00,29.540,,,,,
16767,10/01/25 23:30:00,29.365,,,,,
16768,10/01/25 23:45:00,29.414,,,,,
16769,10/02/25 00:00:00,29.565,,,,,
16770,10/02/25 00:15:00,29.515,,,,,
16771,10/02/25 00:30:00,29.540,,,,,
16772,10/02/25 00:45:00,29.640,,,,,
16773,10/02/25 01:00:00,29.615,,,,,
16774,10/02/25 01:15:00,29.740,,,,,
16775,10/02/25 01:30:00,29.916,,,,,
16776,10/02/25 01:45:00,29.865,,,,,
16777,10/02/25 02:00:00,29.690,,,,,
16778,10/02/25 02:15:00,29.740,,,,,
16779,10/02/25 02:30:00,29.640,,,,,
16780,10/02/25 02:45:00,29.590,,,,,
16781,10/02/25 03:00:00,29.590,,,,,
16782,10/02/25 03:15:00,29.590,,,,,
16783,10/02/25 03:30:00,29.665,,,,,
16784,10/02/25 03:45:00,29.690,,,,,
16785,10/02/25 04:00:00,29.740,,,,,
16786,10/02/25 04:15:00,29.715,,,,,
16787,10/02/25 04:30:00,29.740,,,,,
16788,10/02/25 04:45:00,29.690,,,,,
16789,10/02/25 05:00:00,29.640,,,,,
16790,10/02/25 05:15:00,29.690,,,,,
16791,10/02/25 05:30:00,29.740,,,,,
16792,10/02/25 05:45:00,29.640,,,,,
16793,10/02/25 06:00:00,29.615,,,,,
16794,10/02/25 06:15:00,29.640,,,,,
16795,10/02/25 06:30:00,29.740,,,,,
16796,10/02/25 06:45:00,29.790,,,,,
16797,10/02/25 07:00:00,29.790,,,,,
16798,10/02/25 07:15:00,29.715,,,,,
16799,10/02/25 07:30:00,29.665,,,,,
16800,10/02/25 07:45:00,29.765,,,,,
16801,10/02/25 08:00:00,29.715,,,,,
16802,10/02/25 08:15:00,29.715,,,,,
16803,10/02/25 08:30:00,29.665,,,,,
16804,10/02/25 08:45:00,29.840,,,,,
16805,10/02/25 09:00:00,29.815,,,,,
16806,10/02/25 09:15:00,29.865,,,,,
16807,10/02/25 09:30:00,29.865,,,,,
16808,10/02/25 09:45:00,29.890,,,,,
16809,10/02/25 10:00:00,29.916,,,,,
16810,10/02/25 10:15:00,29.740,,,,,
16811,10/02/25 10:30:00,29.365,,,,,
16812,10/02/25 10:45:00,29.665,,,,,
16813,10/02/25 11:00:00,29.640,,,,,
16814,10/02/25 11:15:00,29.615,,,,,
16815,10/02/25 11:30:00,29.590,,,,,
16816,10/02/25 11:45:00,29.414,,,,,
16817,10/02/25 12:00:00,29.590,,,,,
16818,10/02/25 12:15:00,29.615,,,,,
16819,10/02/25 12:30:00,29.490,,,,,
16820,10/02/25 12:45:00,29.490,,,,,
16821,10/02/25 13:00:00,29.590,,,,,
16822,10/02/25 13:15:00,29.815,,,,,
16823,10/02/25 13:30:00,29.740,,,,,
16824,10/02/25 13:45:00,29.690,,,,,
16825,10/02/25 14:00:00,29.815,,,,,
16826,10/02/25 14:15:00,29.765,,,,,
16827,10/02/25 14:30:00,29.715,,,,,
16828,10/02/25 14:45:00,29.715,,,,,
16829,10/02/25 15:00:00,29.665,,,,,
16830,10/02/25 15:15:00,29.765,,,,,
16831,10/02/25 15:30:00,29.765,,,,,
16832,10/02/25 15:45:00,29.815,,,,,
16833,10/02/25 16:00:00,29.890,,,,,
16834,10/02/25 16:15:00,29.890,,,,,
16835,10/02/25 16:30:00,29.865,,,,,
16836,10/02/25 16:45:00,29.840,,,,,
16837,10/02/25 17:00:00,29.865,,,,,
16838,10/02/25 17:15:00,29.840,,,,,
16839,10/02/25 17:30:00,29.840,,,,,
16840,10/02/25 17:45:00,29.565,,,,,
16841,10/02/25 18:00:00,29.765,,,,,
16842,10/02/25 18:15:00,29.690,,,,,
16843,10/02/25 18:30:00,29.715,,,,,
16844,10/02/25 18:45:00,29.815,,,,,
16845,10/02/25 19:00:00,29.815,,,,,
16846,10/02/25 19:15:00,29.790,,,,,
16847,10/02/25 19:30:00,29.815,,,,,
16848,10/02/25 19:45:00,29.790,,,,,
16849,10/02/25 20:00:00,29.740,,,,,
16850,10/02/25 20:15:00,29.765,,,,,
16851,10/02/25 20:30:00,29.765,,,,,
16852,10/02/25 20:45:00,29.790,,,,,
16853,10/02/25 21:00:00,29.740,,,,,
16854,10/02/25 21:15:00,29.715,,,,,
16855,10/02/25 21:30:00,29.765,,,,,
16856,10/02/25 21:45:00,29.740,,,,,
16857,10/02/25 22:00:00,29.740,,,,,
16858,10/02/25 22:15:00,29.765,,,,,
16859,10/02/25 22:30:00,29.790,,,,,
16860,10/02/25 22:45:00,29.815,,,,,
16861,10/02/25 23:00:00,29.815,,,,,
16862,10/02/25 23:15:00,29.865,,,,,
16863,10/02/25 23:30:00,29.840,,,,,
16864,10/02/25 23:45:00,29.916,,,,,
16865,10/03/25 00:00:00,29.840,,,,,
16866,10/03/25 00:15:00,29.790,,,,,
16867,10/03/25 00:30:00,29.815,,,,,
16868,10/03/25 00:45:00,29.740,,,,,
16869,10/03/25 01:00:00,29.740,,,,,
16870,10/03/25 01:15:00,29.815,,,,,
16871,10/03/25 01:30:00,29.765,,,,,
16872,10/03/25 01:45:00,29.765,,,,,
16873,10/03/25 02:00:00,29.765,,,,,
16874,10/03/25 02:15:00,29.765,,,,,
16875,10/03/25 02:30:00,29.815,,,,,
16876,10/03/25 02:45:00,29.865,,,,,
16877,10/03/25 03:00:00,29.865,,,,,
16878,10/03/25 03:15:00,29.840,,,,,
16879,10/03/25 03:30:00,29.840,,,,,
16880,10/03/25 03:45:00,29.840,,,,,
16881,10/03/25 04:00:00,29.840,,,,,
16882,10/03/25 04:15:00,29.840,,,,,
16883,10/03/25 04:30:00,29.765,,,,,
16884,10/03/25 04:45:00,29.790,,,,,
16885,10/03/25 05:00:00,29.790,,,,,
16886,10/03/25 05:15:00,29.790,,,,,
16887,10/03/25 05:30:00,29.790,,,,,
16888,10/03/25 05:45:00,29.815,,,,,
16889,10/03/25 06:00:00,29.815,,,,,
16890,10/03/25 06:15:00,29.740,,,,,
16891,10/03/25 06:30:00,29.665,,,,,
16892,10/03/25 06:45:00,29.665,,,,,
16893,10/03/25 07:00:00,29.715,,,,,
16894,10/03/25 07:15:00,29.790,,,,,
16895,10/03/25 07:30:00,29.715,,,,,
16896,10/03/25 07:45:00,29.815,,,,,
16897,10/03/25 08:00:00,29.865,,,,,
16898,10/03/25 08:15:00,29.815,,,,,
16899,10/03/25 08:30:00,29.740,,,,,
16900,10/03/25 08:45:00,29.715,,,,,
16901,10/03/25 09:00:00,29.665,,,,,
16902,10/03/25 09:15:00,29.790,,,,,
16903,10/03/25 09:30:00,29.790,,,,,
16904,10/03/25 09:45:00,29.740,,,,,
16905,10/03/25 10:00:00,29.740,,,,,
16906,10/03/25 10:15:00,29.490,,,,,
16907,10/03/25 10:30:00,29.340,,,,,
16908,10/03/25 10:45:00,29.365,,,,,
16909,10/03/25 11:00:00,29.490,,,,,
16910,10/03/25 11:15:00,29.540,,,,,
16911,10/03/25 11:30:00,29.515,,,,,
16912,10/03/25 11:45:00,29.464,,,,,
16913,10/03/25 12:00:00,29.315,,,,,
16914,10/03/25 12:15:00,29.290,,,,,
16915,10/03/25 12:30:00,29.190,,,,,
16916,10/03/25 12:45:00,29.165,,,,,
16917,10/03/25 13:00:00,29.439,,,,,
16918,10/03/25 13:15:00,29.615,,,,,
16919,10/03/25 13:30:00,29.615,,,,,
16920,10/03/25 13:45:00,29.615,,,,,
16921,10/03/25 14:00:00,29.640,,,,,
16922,10/03/25 14:15:00,29.740,,,,,
16923,10/03/25 14:30:00,29.665,,,,,
16924,10/03/25 14:45:00,29.765,,,,,
16925,10/03/25 15:00:00,29.765,,,,,
16926,10/03/25 15:15:00,29.765,,,,,
16927,10/03/25 15:30:00,29.790,,,,,
16928,10/03/25 15:45:00,29.840,,,,,
16929,10/03/25 16:00:00,29.815,,,,,
16930,10/03/25 16:15:00,29.815,,,,,
16931,10/03/25 16:30:00,29.815,,,,,
16932,10/03/25 16:45:00,29.815,,,,,
16933,10/03/25 17:00:00,29.815,,,,,
16934,10/03/25 17:15:00,29.715,,,,,
16935,10/03/25 17:30:00,29.665,,,,,
16936,10/03/25 17:45:00,29.565,,,,,
16937,10/03/25 18:00:00,29.140,,,,,
16938,10/03/25 18:15:00,29.365,,,,,
16939,10/03/25 18:30:00,29.565,,,,,
16940,10/03/25 18:45:00,29.665,,,,,
16941,10/03/25 19:00:00,29.590,,,,,
16942,10/03/25 19:15:00,29.439,,,,,
16943,10/03/25 19:30:00,29.464,,,,,
16944,10/03/25 19:45:00,29.414,,,,,
16945,10/03/25 20:00:00,29.665,,,,,
16946,10/03/25 20:15:00,29.790,,,,,
16947,10/03/25 20:30:00,29.765,,,,,
16948,10/03/25 20:45:00,29.665,,,,,
16949,10/03/25 21:00:00,29.615,,,,,
16950,10/03/25 21:15:00,29.640,,,,,
16951,10/03/25 21:30:00,29.640,,,,,
16952,10/03/25 21:45:00,29.765,,,,,
16953,10/03/25 22:00:00,29.765,,,,,
16954,10/03/25 22:15:00,29.815,,,,,
16955,10/03/25 22:30:00,29.815,,,,,
16956,10/03/25 22:45:00,29.790,,,,,
16957,10/03/25 23:00:00,29.740,,,,,
16958,10/03/25 23:15:00,29.615,,,,,
16959,10/03/25 23:30:00,29.740,,,,,
16960,10/03/25 23:45:00,29.840,,,,,
16961,10/04/25 00:00:00,29.640,,,,,
16962,10/04/25 00:15:00,29.615,,,,,
16963,10/04/25 00:30:00,29.590,,,,,
16964,10/04/25 00:45:00,29.690,,,,,
16965,10/04/25 01:00:00,29.815,,,,,
16966,10/04/25 01:15:00,29.665,,,,,
16967,10/04/25 01:30:00,29.865,,,,,
16968,10/04/25 01:45:00,29.815,,,,,
16969,10/04/25 02:00:00,29.840,,,,,
16970,10/04/25 02:15:00,29.690,,,,,
16971,10/04/25 02:30:00,29.840,,,,,
16972,10/04/25 02:45:00,29.790,,,,,
16973,10/04/25 03:00:00,29.665,,,,,
16974,10/04/25 03:15:00,29.715,,,,,
16975,10/04/25 03:30:00,29.740,,,,,
16976,10/04/25 03:45:00,29.815,,,,,
16977,10/04/25 04:00:00,29.790,,,,,
16978,10/04/25 04:15:00,29.865,,,,,
16979,10/04/25 04:30:00,29.790,,,,,
16980,10/04/25 04:45:00,29.840,,,,,
16981,10/04/25 05:00:00,29.840,,,,,
16982,10/04/25 05:15:00,29.815,,,,,
16983,10/04/25 05:30:00,29.865,,,,,
16984,10/04/25 05:45:00,29.865,,,,,
16985,10/04/25 06:00:00,29.840,,,,,
16986,10/04/25 06:15:00,29.865,,,,,
16987,10/04/25 06:30:00,29.840,,,,,
16988,10/04/25 06:45:00,29.865,,,,,
16989,10/04/25 07:00:00,29.840,,,,,
16990,10/04/25 07:15:00,29.815,,,,,
16991,10/04/25 07:30:00,29.765,,,,,
16992,10/04/25 07:45:00,29.815,,,,,
16993,10/04/25 08:00:00,29.815,,,,,
16994,10/04/25 08:15:00,29.815,,,,,
16995,10/04/25 08:30:00,29.715,,,,,
16996,10/04/25 08:45:00,29.790,,,,,
16997,10/04/25 09:00:00,29.815,,,,,
16998,10/04/25 09:15:00,29.790,,,,,
16999,10/04/25 09:30:00,29.765,,,,,
17000,10/04/25 09:45:00,29.590,,,,,
17001,10/04/25 10:00:00,29.540,,,,,
17002,10/04/25 10:15:00,29.515,,,,,
17003,10/04/25 10:30:00,29.464,,,,,
17004,10/04/25 10:45:00,29.540,,,,,
17005,10/04/25 11:00:00,29.690,,,,,
17006,10/04/25 11:15:00,29.740,,,,,
17007,10/04/25 11:30:00,29.665,,,,,
17008,10/04/25 11:45:00,29.590,,,,,
17009,10/04/25 12:00:00,29.715,,,,,
17010,10/04/25 12:15:00,29.665,,,,,
17011,10/04/25 12:30:00,29.615,,,,,
17012,10/04/25 12:45:00,29.565,,,,,
17013,10/04/25 13:00:00,29.615,,,,,
17014,10/04/25 13:15:00,29.615,,,,,
17015,10/04/25 13:30:00,29.715,,,,,
17016,10/04/25 13:45:00,29.665,,,,,
17017,10/04/25 14:00:00,29.540,,,,,
17018,10/04/25 14:15:00,29.540,,,,,
17019,10/04/25 14:30:00,29.389,,,,,
17020,10/04/25 14:45:00,29.464,,,,,
17021,10/04/25 15:00:00,29.565,,,,,
17022,10/04/25 15:15:00,29.615,,,,,
17023,10/04/25 15:30:00,29.715,,,,,
17024,10/04/25 15:45:00,29.565,,,,,
17025,10/04/25 16:00:00,29.740,,,,,
17026,10/04/25 16:15:00,29.765,,,,,
17027,10/04/25 16:30:00,29.765,,,,,
17028,10/04/25 16:45:00,29.765,,,,,
17029,10/04/25 17:00:00,29.765,,,,,
17030,10/04/25 17:15:00,29.740,,,,,
17031,10/04/25 17:30:00,29.740,,,,,
17032,10/04/25 17:45:00,29.515,,,,,
17033,10/04/25 18:00:00,29.190,,,,,
17034,10/04/25 18:15:00,29.115,,,,,
17035,10/04/25 18:30:00,29.115,,,,,
17036,10/04/25 18:45:00,29.265,,,,,
17037,10/04/25 19:00:00,29.290,,,,,
17038,10/04/25 19:15:00,29.240,,,,,
17039,10/04/25 19:30:00,29.565,,,,,
17040,10/04/25 19:45:00,29.640,,,,,
17041,10/04/25 20:00:00,29.715,,,,,
17042,10/04/25 20:15:00,29.715,,,,,
17043,10/04/25 20:30:00,29.740,,,,,
17044,10/04/25 20:45:00,29.690,,,,,
17045,10/04/25 21:00:00,29.640,,,,,
17046,10/04/25 21:15:00,29.615,,,,,
17047,10/04/25 21:30:00,29.590,,,,,
17048,10/04/25 21:45:00,29.515,,,,,
17049,10/04/25 22:00:00,29.540,,,,,
17050,10/04/25 22:15:00,29.464,,,,,
17051,10/04/25 22:30:00,29.414,,,,,
17052,10/04/25 22:45:00,29.414,,,,,
17053,10/04/25 23:00:00,29.464,,,,,
17054,10/04/25 23:15:00,29.515,,,,,
17055,10/04/25 23:30:00,29.540,,,,,
17056,10/04/25 23:45:00,29.590,,,,,
17057,10/05/25 00:00:00,29.615,,,,,
17058,10/05/25 00:15:00,29.665,,,,,
17059,10/05/25 00:30:00,29.715,,,,,
17060,10/05/25 00:45:00,29.740,,,,,
17061,10/05/25 01:00:00,29.740,,,,,
17062,10/05/25 01:15:00,29.715,,,,,
17063,10/05/25 01:30:00,29.690,,,,,
17064,10/05/25 01:45:00,29.715,,,,,
17065,10/05/25 02:00:00,29.690,,,,,
17066,10/05/25 02:15:00,29.665,,,,,
17067,10/05/25 02:30:00,29.715,,,,,
17068,10/05/25 02:45:00,29.715,,,,,
17069,10/05/25 03:00:00,29.715,,,,,
17070,10/05/25 03:15:00,29.715,,,,,
17071,10/05/25 03:30:00,29.765,,,,,
17072,10/05/25 03:45:00,29.790,,,,,
17073,10/05/25 04:00:00,29.715,,,,,
17074,10/05/25 04:15:00,29.615,,,,,
17075,10/05/25 04:30:00,29.740,,,,,
17076,10/05/25 04:45:00,29.740,,,,,
17077,10/05/25 05:00:00,29.790,,,,,
17078,10/05/25 05:15:00,29.790,,,,,
17079,10/05/25 05:30:00,29.815,,,,,
17080,10/05/25 05:45:00,29.765,,,,,
17081,10/05/25 06:00:00,29.815,,,,,
17082,10/05/25 06:15:00,29.765,,,,,
17083,10/05/25 06:30:00,29.840,,,,,
17084,10/05/25 06:45:00,29.815,,,,,
17085,10/05/25 07:00:00,29.815,,,,,
17086,10/05/25 07:15:00,29.715,,,,,
17087,10/05/25 07:30:00,29.715,,,,,
17088,10/05/25 07:45:00,29.740,,,,,
17089,10/05/25 08:00:00,29.765,,,,,
17090,10/05/25 08:15:00,29.790,,,,,
17091,10/05/25 08:30:00,29.790,,,,,
17092,10/05/25 08:45:00,29.615,,,,,
17093,10/05/25 09:00:00,29.765,,,,,
17094,10/05/25 09:15:00,29.740,,,,,
17095,10/05/25 09:30:00,29.565,,,,,
17096,10/05/25 09:45:00,29.640,,,,,
17097,10/05/25 10:00:00,29.615,,,,,
17098,10/05/25 10:15:00,29.690,,,,,
17099,10/05/25 10:30:00,29.765,,,,,
17100,10/05/25 10:45:00,29.690,,,,,
17101,10/05/25 11:00:00,29.665,,,,,
17102,10/05/25 11:15:00,29.640,,,,,
17103,10/05/25 11:30:00,29.715,,,,,
17104,10/05/25 11:45:00,29.715,,,,,
17105,10/05/25 12:00:00,29.690,,,,,
17106,10/05/25 12:15:00,29.665,,,,,
17107,10/05/25 12:30:00,29.740,,,,,
17108,10/05/25 12:45:00,29.765,,,,,
17109,10/05/25 13:00:00,29.665,,,,,
17110,10/05/25 13:15:00,29.690,,,,,
17111,10/05/25 13:30:00,29.715,,,,,
17112,10/05/25 13:45:00,29.665,,,,,
17113,10/05/25 14:00:00,29.590,,,,,
17114,10/05/25 14:15:00,29.515,,,,,
17115,10/05/25 14:30:00,29.414,,,,,
17116,10/05/25 14:45:00,29.439,,,,,
17117,10/05/25 15:00:00,29.464,,,,,
17118,10/05/25 15:15:00,29.490,,,,,
17119,10/05/25 15:30:00,29.540,,,,,
17120,10/05/25 15:45:00,29.565,,,,,
17121,10/05/25 16:00:00,29.565,,,,,
17122,10/05/25 16:15:00,29.515,,,,,
17123,10/05/25 16:30:00,29.515,,,,,
17124,10/05/25 16:45:00,29.464,,,,,
17125,10/05/25 17:00:00,29.540,,,,,
17126,10/05/25 17:15:00,29.464,,,,,
17127,10/05/25 17:30:00,29.290,,,,,
17128,10/05/25 17:45:00,29.365,,,,,
17129,10/05/25 18:00:00,29.290,,,,,
17130,10/05/25 18:15:00,29.439,,,,,
17131,10/05/25 18:30:00,29.715,,,,,
17132,10/05/25 18:45:00,29.690,,,,,
17133,10/05/25 19:00:00,29.715,,,,,
17134,10/05/25 19:15:00,29.740,,,,,
17135,10/05/25 19:30:00,29.740,,,,,
17136,10/05/25 19:45:00,29.665,,,,,
17137,10/05/25 20:00:00,29.640,,,,,
17138,10/05/25 20:15:00,29.290,,,,,
17139,10/05/25 20:30:00,29.190,,,,,
17140,10/05/25 20:45:00,29.365,,,,,
17141,10/05/25 21:00:00,29.565,,,,,
17142,10/05/25 21:15:00,29.464,,,,,
17143,10/05/25 21:30:00,29.565,,,,,
17144,10/05/25 21:45:00,29.515,,,,,
17145,10/05/25 22:00:00,29.490,,,,,
17146,10/05/25 22:15:00,29.165,,,,,
17147,10/05/25 22:30:00,29.240,,,,,
17148,10/05/25 22:45:00,29.140,,,,,
17149,10/05/25 23:00:00,29.490,,,,,
17150,10/05/25 23:15:00,29.590,,,,,
17151,10/05/25 23:30:00,29.490,,,,,
17152,10/05/25 23:45:00,29.464,,,,,
17153,10/06/25 00:00:00,29.414,,,,,
17154,10/06/25 00:15:00,29.115,,,,,
17155,10/06/25 00:30:00,29.065,,,,,
17156,10/06/25 00:45:00,29.165,,,,,
17157,10/06/25 01:00:00,29.315,,,,,
17158,10/06/25 01:15:00,29.590,,,,,
17159,10/06/25 01:30:00,29.640,,,,,
17160,10/06/25 01:45:00,29.665,,,,,
17161,10/06/25 02:00:00,29.790,,,,,
17162,10/06/25 02:15:00,29.790,,,,,
17163,10/06/25 02:30:00,29.439,,,,,
17164,10/06/25 02:45:00,29.265,,,,,
17165,10/06/25 03:00:00,29.240,,,,,
17166,10/06/25 03:15:00,29.265,,,,,
17167,10/06/25 03:30:00,29.565,,,,,
17168,10/06/25 03:45:00,29.665,,,,,
17169,10/06/25 04:00:00,29.414,,,,,
17170,10/06/25 04:15:00,29.540,,,,,
17171,10/06/25 04:30:00,29.640,,,,,
17172,10/06/25 04:45:00,29.665,,,,,
17173,10/06/25 05:00:00,29.690,,,,,
17174,10/06/25 05:15:00,29.740,,,,,
17175,10/06/25 05:30:00,29.715,,,,,
17176,10/06/25 05:45:00,29.640,,,,,
17177,10/06/25 06:00:00,29.690,,,,,
17178,10/06/25 06:15:00,29.740,,,,,
17179,10/06/25 06:30:00,29.740,,,,,
17180,10/06/25 06:45:00,29.090,,,,,
17181,10/06/25 07:00:00,29.315,,,,,
17182,10/06/25 07:15:00,29.464,,,,,
17183,10/06/25 07:30:00,29.565,,,,,
17184,10/06/25 07:45:00,29.565,,,,,
17185,10/06/25 08:00:00,29.340,,,,,
17186,10/06/25 08:15:00,29.490,,,,,
17187,10/06/25 08:30:00,29.265,,,,,
17188,10/06/25 08:45:00,29.439,,,,,
17189,10/06/25 09:00:00,29.690,,,,,
17190,10/06/25 09:15:00,29.464,,,,,
17191,10/06/25 09:30:00,29.340,,,,,
17192,10/06/25 09:45:00,29.389,,,,,
17193,10/06/25 10:00:00,29.690,,,,,
17194,10/06/25 10:15:00,29.715,,,,,
17195,10/06/25 10:30:00,29.590,,,,,
17196,10/06/25 10:45:00,29.540,,,,,
17197,10/06/25 11:00:00,29.565,,,,,
17198,10/06/25 11:15:00,29.690,,,,,
17199,10/06/25 11:30:00,29.690,,,,,
17200,10/06/25 11:45:00,29.640,,,,,
17201,10/06/25 12:00:00,29.740,,,,,
17202,10/06/25 12:15:00,29.890,,,,,
17203,10/06/25 12:30:00,29.916,,,,,
17204,10/06/25 12:45:00,29.941,,,,,
17205,10/06/25 13:00:00,29.916,,,,,
17206,10/06/25 13:15:00,29.916,,,,,
17207,10/06/25 13:30:00,29.890,,,,,
17208,10/06/25 13:45:00,29.890,,,,,
17209,10/06/25 14:00:00,29.941,,,,,
17210,10/06/25 14:15:00,30.142,,,,,
17211,10/06/25 14:30:00,30.142,,,,,
17212,10/06/25 14:45:00,30.142,,,,,
17213,10/06/25 15:00:00,30.066,,,,,
17214,10/06/25 15:15:00,29.966,,,,,
17215,10/06/25 15:30:00,29.815,,,,,
17216,10/06/25 15:45:00,29.740,,,,,
17217,10/06/25 16:00:00,29.790,,,,,
17218,10/06/25 16:15:00,29.765,,,,,
17219,10/06/25 16:30:00,29.790,,,,,
17220,10/06/25 16:45:00,29.815,,,,,
17221,10/06/25 17:00:00,29.815,,,,,
17222,10/06/25 17:15:00,29.815,,,,,
17223,10/06/25 17:30:00,29.840,,,,,
17224,10/06/25 17:45:00,29.815,,,,,
17225,10/06/25 18:00:00,29.815,,,,,
17226,10/06/25 18:15:00,29.765,,,,,
17227,10/06/25 18:30:00,29.740,,,,,
17228,10/06/25 18:45:00,29.740,,,,,
17229,10/06/25 19:00:00,29.715,,,,,
17230,10/06/25 19:15:00,29.715,,,,,
17231,10/06/25 19:30:00,29.715,,,,,
17232,10/06/25 19:45:00,29.590,,,,,
17233,10/06/25 20:00:00,29.190,,,,,
17234,10/06/25 20:15:00,29.740,,,,,
17235,10/06/25 20:30:00,29.840,,,,,
17236,10/06/25 20:45:00,29.540,,,,,
17237,10/06/25 21:00:00,29.490,,,,,
17238,10/06/25 21:15:00,29.615,,,,,
17239,10/06/25 21:30:00,29.665,,,,,
17240,10/06/25 21:45:00,29.615,,,,,
17241,10/06/25 22:00:00,29.615,,,,,
17242,10/06/25 22:15:00,29.615,,,,,
17243,10/06/25 22:30:00,29.565,,,,,
17244,10/06/25 22:45:00,29.464,,,,,
17245,10/06/25 23:00:00,29.515,,,,,
17246,10/06/25 23:15:00,29.590,,,,,
17247,10/06/25 23:30:00,29.615,,,,,
17248,10/06/25 23:45:00,29.615,,,,,
17249,10/07/25 00:00:00,29.615,,,,,
17250,10/07/25 00:15:00,29.590,,,,,
17251,10/07/25 00:30:00,29.615,,,,,
17252,10/07/25 00:45:00,29.615,,,,,
17253,10/07/25 01:00:00,29.565,,,,,
17254,10/07/25 01:15:00,29.439,,,,,
17255,10/07/25 01:30:00,29.515,,,,,
17256,10/07/25 01:45:00,29.540,,,,,
17257,10/07/25 02:00:00,29.665,,,,,
17258,10/07/25 02:15:00,29.715,,,,,
17259,10/07/25 02:30:00,29.815,,,,,
17260,10/07/25 02:45:00,29.865,,,,,
17261,10/07/25 03:00:00,29.790,,,,,
17262,10/07/25 03:15:00,29.690,,,,,
17263,10/07/25 03:30:00,29.690,,,,,
17264,10/07/25 03:45:00,29.740,,,,,
17265,10/07/25 04:00:00,29.715,,,,,
17266,10/07/25 04:15:00,29.765,,,,,
17267,10/07/25 04:30:00,29.840,,,,,
17268,10/07/25 04:45:00,29.865,,,,,
17269,10/07/25 05:00:00,29.840,,,,,
17270,10/07/25 05:15:00,29.740,,,,,
17271,10/07/25 05:30:00,29.765,,,,,
17272,10/07/25 05:45:00,29.740,,,,,
17273,10/07/25 06:00:00,29.615,,,,,
17274,10/07/25 06:15:00,29.715,,,,,
17275,10/07/25 06:30:00,29.665,,,,,
17276,10/07/25 06:45:00,29.715,,,,,
17277,10/07/25 07:00:00,29.740,,,,,
17278,10/07/25 07:15:00,29.740,,,,,
17279,10/07/25 07:30:00,29.615,,,,,
17280,10/07/25 07:45:00,29.515,,,,,
17281,10/07/25 08:00:00,29.515,,,,,
17282,10/07/25 08:15:00,29.565,,,,,
17283,10/07/25 08:30:00,29.615,,,,,
17284,10/07/25 08:45:00,29.590,,,,,
17285,10/07/25 09:00:00,29.640,,,,,
17286,10/07/25 09:15:00,29.715,,,,,
17287,10/07/25 09:30:00,29.665,,,,,
17288,10/07/25 09:45:00,29.615,,,,,
17289,10/07/25 10:00:00,29.665,,,,,
17290,10/07/25 10:15:00,29.640,,,,,
17291,10/07/25 10:30:00,29.665,,,,,
17292,10/07/25 10:45:00,29.740,,,,,
17293,10/07/25 11:00:00,29.640,,,,,
17294,10/07/25 11:15:00,29.640,,,,,
17295,10/07/25 11:30:00,29.690,,,,,
17296,10/07/25 11:45:00,29.615,,,,,
17297,10/07/25 12:00:00,29.690,,,,,
17298,10/07/25 12:15:00,29.840,,,,,
17299,10/07/25 12:30:00,29.815,,,,,
17300,10/07/25 12:45:00,29.640,,,,,
17301,10/07/25 13:00:00,29.665,,,,,
17302,10/07/25 13:15:00,29.690,,,,,
17303,10/07/25 13:30:00,29.690,,,,,
17304,10/07/25 13:45:00,29.740,,,,,
17305,10/07/25 14:00:00,29.740,,,,,
17306,10/07/25 14:15:00,29.740,,,,,
17307,10/07/25 14:30:00,29.790,,,,,
17308,10/07/25 14:45:00,29.790,,,,,
17309,10/07/25 15:00:00,29.840,,,,,
17310,10/07/25 15:15:00,29.865,,,,,
17311,10/07/25 15:30:00,29.890,,,,,
17312,10/07/25 15:45:00,29.966,,,,,
17313,10/07/25 16:00:00,30.016,,,,,
17314,10/07/25 16:15:00,30.016,,,,,
17315,10/07/25 16:30:00,30.041,,,,,
17316,10/07/25 16:45:00,29.991,,,,,
17317,10/07/25 17:00:00,29.966,,,,,
17318,10/07/25 17:15:00,29.840,,,,,
17319,10/07/25 17:30:00,29.916,,,,,
17320,10/07/25 17:45:00,29.890,,,,,
17321,10/07/25 18:00:00,29.840,,,,,
17322,10/07/25 18:15:00,29.790,,,,,
17323,10/07/25 18:30:00,29.765,,,,,
17324,10/07/25 18:45:00,29.815,,,,,
17325,10/07/25 19:00:00,29.765,,,,,
17326,10/07/25 19:15:00,29.740,,,,,
17327,10/07/25 19:30:00,29.740,,,,,
17328,10/07/25 19:45:00,29.740,,,,,
17329,10/07/25 20:00:00,29.790,,,,,
17330,10/07/25 20:15:00,29.715,,,,,
17331,10/07/25 20:30:00,29.740,,,,,
17332,10/07/25 20:45:00,29.715,,,,,
17333,10/07/25 21:00:00,29.690,,,,,
17334,10/07/25 21:15:00,29.640,,,,,
17335,10/07/25 21:30:00,29.540,,,,,
17336,10/07/25 21:45:00,29.590,,,,,
17337,10/07/25 22:00:00,29.540,,,,,
17338,10/07/25 22:15:00,29.439,,,,,
17339,10/07/25 22:30:00,29.315,,,,,
17340,10/07/25 22:45:00,29.590,,,,,
17341,10/07/25 23:00:00,29.439,,,,,
17342,10/07/25 23:15:00,29.414,,,,,
17343,10/07/25 23:30:00,29.365,,,,,
17344,10/07/25 23:45:00,29.439,,,,,
17345,10/08/25 00:00:00,29.439,,,,,
17346,10/08/25 00:15:00,29.740,,,,,
17347,10/08/25 00:30:00,29.865,,,,,
17348,10/08/25 00:45:00,29.991,,,,,
17349,10/08/25 01:00:00,29.916,,,,,
17350,10/08/25 01:15:00,29.865,,,,,
17351,10/08/25 01:30:00,29.840,,,,,
17352,10/08/25 01:45:00,29.715,,,,,
17353,10/08/25 02:00:00,29.690,,,,,
17354,10/08/25 02:15:00,29.715,,,,,
17355,10/08/25 02:30:00,29.740,,,,,
17356,10/08/25 02:45:00,29.740,,,,,
17357,10/08/25 03:00:00,29.414,,,,,
17358,10/08/25 03:15:00,29.665,,,,,
17359,10/08/25 03:30:00,29.815,,,,,
17360,10/08/25 03:45:00,29.765,,,,,
17361,10/08/25 04:00:00,29.765,,,,,
17362,10/08/25 04:15:00,29.715,,,,,
17363,10/08/25 04:30:00,29.740,,,,,
17364,10/08/25 04:45:00,29.765,,,,,
17365,10/08/25 05:00:00,29.790,,,,,
17366,10/08/25 05:15:00,29.790,,,,,
17367,10/08/25 05:30:00,29.815,,,,,
17368,10/08/25 05:45:00,29.815,,,,,
17369,10/08/25 06:00:00,29.815,,,,,
17370,10/08/25 06:15:00,29.865,,,,,
17371,10/08/25 06:30:00,29.865,,,,,
17372,10/08/25 06:45:00,29.815,,,,,
17373,10/08/25 07:00:00,29.815,,,,,
17374,10/08/25 07:15:00,29.815,,,,,
17375,10/08/25 07:30:00,29.540,,,,,
17376,10/08/25 07:45:00,29.439,,,,,
17377,10/08/25 08:00:00,29.865,,,,,
17378,10/08/25 08:15:00,29.640,,,,,
17379,10/08/25 08:30:00,29.790,,,,,
17380,10/08/25 08:45:00,29.515,,,,,
17381,10/08/25 09:00:00,29.290,,,,,
17382,10/08/25 09:15:00,29.240,,,,,
17383,10/08/25 09:30:00,28.916,,,,,
17384,10/08/25 09:45:00,29.165,,,,,
17385,10/08/25 10:00:00,29.090,,,,,
17386,10/08/25 10:15:00,28.965,,,,,
17387,10/08/25 10:30:00,28.941,,,,,
17388,10/08/25 10:45:00,29.140,,,,,
17389,10/08/25 11:00:00,29.240,,,,,
17390,10/08/25 11:15:00,29.090,,,,,
17391,10/08/25 11:30:00,29.265,,,,,
17392,10/08/25 11:45:00,29.389,,,,,
17393,10/08/25 12:00:00,29.365,,,,,
17394,10/08/25 12:15:00,29.215,,,,,
17395,10/08/25 12:30:00,29.265,,,,,
17396,10/08/25 12:45:00,28.866,,,,,
17397,10/08/25 13:00:00,28.990,,,,,
17398,10/08/25 13:15:00,29.265,,,,,
17399,10/08/25 13:30:00,29.290,,,,,
17400,10/08/25 13:45:00,29.215,,,,,
17401,10/08/25 14:00:00,29.215,,,,,
17402,10/08/25 14:15:00,29.340,,,,,
17403,10/08/25 14:30:00,29.389,,,,,
17404,10/08/25 14:45:00,29.439,,,,,
17405,10/08/25 15:00:00,29.439,,,,,
17406,10/08/25 15:15:00,29.439,,,,,
17407,10/08/25 15:30:00,29.515,,,,,
17408,10/08/25 15:45:00,29.464,,,,,
17409,10/08/25 16:00:00,29.464,,,,,
17410,10/08/25 16:15:00,29.540,,,,,
17411,10/08/25 16:30:00,29.590,,,,,
17412,10/08/25 16:45:00,29.615,,,,,
17413,10/08/25 17:00:00,29.640,,,,,
17414,10/08/25 17:15:00,29.690,,,,,
17415,10/08/25 17:30:00,29.665,,,,,
17416,10/08/25 17:45:00,29.640,,,,,
17417,10/08/25 18:00:00,29.740,,,,,
17418,10/08/25 18:15:00,29.615,,,,,
17419,10/08/25 18:30:00,29.490,,,,,
17420,10/08/25 18:45:00,29.665,,,,,
17421,10/08/25 19:00:00,29.815,,,,,
17422,10/08/25 19:15:00,29.916,,,,,
17423,10/08/25 19:30:00,29.790,,,,,
17424,10/08/25 19:45:00,29.765,,,,,
17425,10/08/25 20:00:00,29.790,,,,,
17426,10/08/25 20:15:00,29.840,,,,,
17427,10/08/25 20:30:00,29.740,,,,,
17428,10/08/25 20:45:00,29.815,,,,,
17429,10/08/25 21:00:00,29.765,,,,,
17430,10/08/25 21:15:00,29.715,,,,,
17431,10/08/25 21:30:00,29.715,,,,,
17432,10/08/25 21:45:00,29.515,,,,,
17433,10/08/25 22:00:00,29.490,,,,,
17434,10/08/25 22:15:00,29.590,,,,,
17435,10/08/25 22:30:00,29.565,,,,,
17436,10/08/25 22:45:00,29.615,,,,,
17437,10/08/25 23:00:00,29.590,,,,,
17438,10/08/25 23:15:00,29.590,,,,,
17439,10/08/25 23:30:00,29.590,,,,,
17440,10/08/25 23:45:00,29.615,,,,,
17441,10/09/25 00:00:00,29.665,,,,,
17442,10/09/25 00:15:00,29.515,,,,,
17443,10/09/25 00:30:00,28.990,,,,,
17444,10/09/25 00:45:00,28.916,,,,,
17445,10/09/25 01:00:00,29.439,,,,,
17446,10/09/25 01:15:00,29.665,,,,,
17447,10/09/25 01:30:00,29.715,,,,,
17448,10/09/25 01:45:00,29.890,,,,,
17449,10/09/25 02:00:00,29.640,,,,,
17450,10/09/25 02:15:00,29.540,,,,,
17451,10/09/25 02:30:00,29.665,,,,,
17452,10/09/25 02:45:00,29.640,,,,,
17453,10/09/25 03:00:00,29.665,,,,,
17454,10/09/25 03:15:00,29.740,,,,,
17455,10/09/25 03:30:00,29.765,,,,,
17456,10/09/25 03:45:00,29.740,,,,,
17457,10/09/25 04:00:00,29.690,,,,,
17458,10/09/25 04:15:00,29.815,,,,,
17459,10/09/25 04:30:00,29.765,,,,,
17460,10/09/25 04:45:00,29.640,,,,,
17461,10/09/25 05:00:00,29.615,,,,,
17462,10/09/25 05:15:00,29.865,,,,,
17463,10/09/25 05:30:00,29.916,,,,,
17464,10/09/25 05:45:00,29.941,,,,,
17465,10/09/25 06:00:00,29.966,,,,,
17466,10/09/25 06:15:00,29.916,,,,,
17467,10/09/25 06:30:00,29.890,,,,,
17468,10/09/25 06:45:00,29.916,,,,,
17469,10/09/25 07:00:00,29.966,,,,,
17470,10/09/25 07:15:00,29.991,,,,,
17471,10/09/25 07:30:00,29.966,,,,,
17472,10/09/25 07:45:00,29.991,,,,,
17473,10/09/25 08:00:00,29.815,,,,,
17474,10/09/25 08:15:00,29.515,,,,,
17475,10/09/25 08:30:00,29.540,,,,,
17476,10/09/25 08:45:00,29.490,,,,,
17477,10/09/25 09:00:00,29.389,,,,,
17478,10/09/25 09:15:00,29.565,,,,,
17479,10/09/25 09:30:00,29.665,,,,,
17480,10/09/25 09:45:00,29.715,,,,,
17481,10/09/25 10:00:00,29.515,,,,,
17482,10/09/25 10:15:00,29.490,,,,,
17483,10/09/25 10:30:00,29.540,,,,,
17484,10/09/25 10:45:00,29.565,,,,,
17485,10/09/25 11:00:00,29.090,,,,,
17486,10/09/25 11:15:00,28.990,,,,,
17487,10/09/25 11:30:00,28.941,,,,,
17488,10/09/25 11:45:00,28.866,,,,,
17489,10/09/25 12:00:00,28.543,,,,,
17490,10/09/25 12:15:00,28.468,,,,,
17491,10/09/25 12:30:00,28.444,,,,,
17492,10/09/25 12:45:00,28.468,,,,,
17493,10/09/25 13:00:00,28.742,,,,,
17494,10/09/25 13:15:00,28.518,,,,,
17495,10/09/25 13:30:00,28.543,,,,,
17496,10/09/25 13:45:00,28.667,,,,,
17497,10/09/25 14:00:00,28.717,,,,,
17498,10/09/25 14:15:00,28.717,,,,,
17499,10/09/25 14:30:00,28.667,,,,,
17500,10/09/25 14:45:00,28.816,,,,,
17501,10/09/25 15:00:00,29.090,,,,,
17502,10/09/25 15:15:00,29.464,,,,,
17503,10/09/25 15:30:00,29.815,,,,,
17504,10/09/25 15:45:00,29.765,,,,,
17505,10/09/25 16:00:00,29.840,,,,,
17506,10/09/25 16:15:00,29.890,,,,,
17507,10/09/25 16:30:00,29.640,,,,,
17508,10/09/25 16:45:00,29.490,,,,,
17509,10/09/25 17:00:00,29.490,,,,,
17510,10/09/25 17:15:00,29.916,,,,,
17511,10/09/25 17:30:00,29.991,,,,,
17512,10/09/25 17:45:00,30.041,,,,,
17513,10/09/25 18:00:00,30.016,,,,,
17514,10/09/25 18:15:00,29.991,,,,,
17515,10/09/25 18:30:00,29.890,,,,,
17516,10/09/25 18:45:00,29.640,,,,,
17517,10/09/25 19:00:00,29.590,,,,,
17518,10/09/25 19:15:00,29.740,,,,,
17519,10/09/25 19:30:00,29.790,,,,,
17520,10/09/25 19:45:00,29.890,,,,,
17521,10/09/25 20:00:00,29.941,,,,,
17522,10/09/25 20:15:00,30.041,,,,,
17523,10/09/25 20:30:00,30.066,,,,,
17524,10/09/25 20:45:00,30.041,,,,,
17525,10/09/25 21:00:00,30.041,,,,,
17526,10/09/25 21:15:00,29.916,,,,,
17527,10/09/25 21:30:00,29.590,,,,,
17528,10/09/25 21:45:00,29.640,,,,,
17529,10/09/25 22:00:00,29.615,,,,,
17530,10/09/25 22:15:00,29.615,,,,,
17531,10/09/25 22:30:00,29.290,,,,,
17532,10/09/25 22:45:00,29.439,,,,,
17533,10/09/25 23:00:00,29.340,,,,,
17534,10/09/25 23:15:00,29.015,,,,,
17535,10/09/25 23:30:00,28.841,,,,,
17536,10/09/25 23:45:00,28.717,,,,,
17537,10/10/25 00:00:00,28.742,,,,,
17538,10/10/25 00:15:00,28.891,,,,,
17539,10/10/25 00:30:00,28.866,,,,,
17540,10/10/25 00:45:00,28.941,,,,,
17541,10/10/25 01:00:00,29.265,,,,,
17542,10/10/25 01:15:00,29.389,,,,,
17543,10/10/25 01:30:00,29.365,,,,,
17544,10/10/25 01:45:00,29.240,,,,,
17545,10/10/25 02:00:00,29.240,,,,,
17546,10/10/25 02:15:00,29.240,,,,,
17547,10/10/25 02:30:00,29.290,,,,,
17548,10/10/25 02:45:00,29.565,,,,,
17549,10/10/25 03:00:00,29.490,,,,,
17550,10/10/25 03:15:00,29.490,,,,,
17551,10/10/25 03:30:00,29.540,,,,,
17552,10/10/25 03:45:00,29.690,,,,,
17553,10/10/25 04:00:00,29.615,,,,,
17554,10/10/25 04:15:00,29.590,,,,,
17555,10/10/25 04:30:00,29.615,,,,,
17556,10/10/25 04:45:00,29.665,,,,,
17557,10/10/25 05:00:00,29.740,,,,,
17558,10/10/25 05:15:00,29.715,,,,,
17559,10/10/25 05:30:00,29.690,,,,,
17560,10/10/25 05:45:00,29.414,,,,,
17561,10/10/25 06:00:00,29.190,,,,,
17562,10/10/25 06:15:00,29.315,,,,,
17563,10/10/25 06:30:00,29.040,,,,,
17564,10/10/25 06:45:00,29.115,,,,,
17565,10/10/25 07:00:00,29.240,,,,,
17566,10/10/25 07:15:00,29.265,,,,,
17567,10/10/25 07:30:00,29.165,,,,,
17568,10/10/25 07:45:00,29.165,,,,,
17569,10/10/25 08:00:00,29.140,,,,,
17570,10/10/25 08:15:00,29.140,,,,,
17571,10/10/25 08:30:00,29.165,,,,,
17572,10/10/25 08:45:00,29.590,,,,,
17573,10/10/25 09:00:00,29.464,,,,,
17574,10/10/25 09:15:00,29.389,,,,,
17575,10/10/25 09:30:00,29.815,,,,,
17576,10/10/25 09:45:00,29.865,,,,,
17577,10/10/25 10:00:00,29.916,,,,,
17578,10/10/25 10:15:00,29.890,,,,,
17579,10/10/25 10:30:00,29.916,,,,,
17580,10/10/25 10:45:00,29.790,,,,,
17581,10/10/25 11:00:00,29.265,,,,,
17582,10/10/25 11:15:00,29.140,,,,,
17583,10/10/25 11:30:00,29.090,,,,,
17584,10/10/25 11:45:00,29.040,,,,,
17585,10/10/25 12:00:00,29.015,,,,,
17586,10/10/25 12:15:00,29.115,,,,,
17587,10/10/25 12:30:00,29.015,,,,,
17588,10/10/25 12:45:00,28.891,,,,,
17589,10/10/25 13:00:00,28.916,,,,,
17590,10/10/25 13:15:00,28.891,,,,,
17591,10/10/25 13:30:00,28.990,,,,,
17592,10/10/25 13:45:00,28.717,,,,,
17593,10/10/25 14:00:00,28.816,,,,,
17594,10/10/25 14:15:00,28.816,,,,,
17595,10/10/25 14:30:00,28.891,,,,,
17596,10/10/25 14:45:00,28.941,,,,,
17597,10/10/25 15:00:00,29.265,,,,,
17598,10/10/25 15:15:00,29.140,,,,,
17599,10/10/25 15:30:00,29.290,,,,,
17600,10/10/25 15:45:00,29.615,,,,,
17601,10/10/25 16:00:00,29.565,,,,,
17602,10/10/25 16:15:00,29.640,,,,,
17603,10/10/25 16:30:00,29.640,,,,,
17604,10/10/25 16:45:00,29.715,,,,,
17605,10/10/25 17:00:00,29.840,,,,,
17606,10/10/25 17:15:00,29.890,,,,,
17607,10/10/25 17:30:00,29.916,,,,,
17608,10/10/25 17:45:00,29.640,,,,,
17609,10/10/25 18:00:00,29.890,,,,,
17610,10/10/25 18:15:00,29.890,,,,,
17611,10/10/25 18:30:00,29.941,,,,,
17612,10/10/25 18:45:00,29.941,,,,,
17613,10/10/25 19:00:00,29.941,,,,,
17614,10/10/25 19:15:00,29.740,,,,,
17615,10/10/25 19:30:00,29.640,,,,,
17616,10/10/25 19:45:00,29.740,,,,,
17617,10/10/25 20:00:00,29.715,,,,,
17618,10/10/25 20:15:00,29.815,,,,,
17619,10/10/25 20:30:00,29.765,,,,,
17620,10/10/25 20:45:00,29.439,,,,,
17621,10/10/25 21:00:00,29.515,,,,,
17622,10/10/25 21:15:00,29.565,,,,,
17623,10/10/25 21:30:00,29.590,,,,,
17624,10/10/25 21:45:00,29.740,,,,,
17625,10/10/25 22:00:00,29.640,,,,,
17626,10/10/25 22:15:00,29.490,,,,,
17627,10/10/25 22:30:00,29.365,,,,,
17628,10/10/25 22:45:00,29.565,,,,,
17629,10/10/25 23:00:00,29.615,,,,,
17630,10/10/25 23:15:00,29.590,,,,,
17631,10/10/25 23:30:00,29.515,,,,,
17632,10/10/25 23:45:00,28.916,,,,,
17633,10/11/25 00:00:00,29.215,,,,,
17634,10/11/25 00:15:00,29.414,,,,,
17635,10/11/25 00:30:00,29.490,,,,,
17636,10/11/25 00:45:00,29.414,,,,,
17637,10/11/25 01:00:00,29.590,,,,,
17638,10/11/25 01:15:00,29.615,,,,,
17639,10/11/25 01:30:00,29.365,,,,,
17640,10/11/25 01:45:00,29.389,,,,,
17641,10/11/25 02:00:00,29.665,,,,,
17642,10/11/25 02:15:00,29.715,,,,,
17643,10/11/25 02:30:00,29.865,,,,,
17644,10/11/25 02:45:00,29.315,,,,,
17645,10/11/25 03:00:00,29.590,,,,,
17646,10/11/25 03:15:00,29.515,,,,,
17647,10/11/25 03:30:00,29.490,,,,,
17648,10/11/25 03:45:00,29.439,,,,,
17649,10/11/25 04:00:00,29.414,,,,,
17650,10/11/25 04:15:00,29.115,,,,,
17651,10/11/25 04:30:00,29.140,,,,,
17652,10/11/25 04:45:00,29.414,,,,,
17653,10/11/25 05:00:00,29.590,,,,,
17654,10/11/25 05:15:00,29.690,,,,,
17655,10/11/25 05:30:00,29.765,,,,,
17656,10/11/25 05:45:00,29.715,,,,,
17657,10/11/25 06:00:00,29.790,,,,,
17658,10/11/25 06:15:00,29.765,,,,,
17659,10/11/25 06:30:00,29.715,,,,,
17660,10/11/25 06:45:00,29.615,,,,,
17661,10/11/25 07:00:00,29.540,,,,,
17662,10/11/25 07:15:00,29.340,,,,,
17663,10/11/25 07:30:00,29.340,,,,,
17664,10/11/25 07:45:00,29.365,,,,,
17665,10/11/25 08:00:00,29.365,,,,,
17666,10/11/25 08:15:00,29.315,,,,,
17667,10/11/25 08:30:00,29.265,,,,,
17668,10/11/25 08:45:00,29.315,,,,,
17669,10/11/25 09:00:00,29.290,,,,,
17670,10/11/25 09:15:00,29.240,,,,,
17671,10/11/25 09:30:00,29.240,,,,,
17672,10/11/25 09:45:00,29.290,,,,,
17673,10/11/25 10:00:00,29.240,,,,,
17674,10/11/25 10:15:00,29.240,,,,,
17675,10/11/25 10:30:00,29.490,,,,,
17676,10/11/25 10:45:00,29.540,,,,,
17677,10/11/25 11:00:00,29.439,,,,,
17678,10/11/25 11:15:00,29.439,,,,,
17679,10/11/25 11:30:00,28.891,,,,,
17680,10/11/25 11:45:00,28.816,,,,,
17681,10/11/25 12:00:00,28.766,,,,,
17682,10/11/25 12:15:00,28.717,,,,,
17683,10/11/25 12:30:00,28.766,,,,,
17684,10/11/25 12:45:00,28.916,,,,,
17685,10/11/25 13:00:00,29.265,,,,,
17686,10/11/25 13:15:00,29.340,,,,,
17687,10/11/25 13:30:00,29.389,,,,,
17688,10/11/25 13:45:00,29.490,,,,,
17689,10/11/25 14:00:00,29.540,,,,,
17690,10/11/25 14:15:00,29.565,,,,,
17691,10/11/25 14:30:00,29.690,,,,,
17692,10/11/25 14:45:00,29.640,,,,,
17693,10/11/25 15:00:00,29.439,,,,,
17694,10/11/25 15:15:00,29.565,,,,,
17695,10/11/25 15:30:00,29.565,,,,,
17696,10/11/25 15:45:00,29.665,,,,,
17697,10/11/25 16:00:00,29.740,,,,,
17698,10/11/25 16:15:00,29.765,,,,,
17699,10/11/25 16:30:00,29.765,,,,,
17700,10/11/25 16:45:00,29.790,,,,,
17701,10/11/25 17:00:00,29.815,,,,,
17702,10/11/25 17:15:00,29.815,,,,,
17703,10/11/25 17:30:00,29.790,,,,,
17704,10/11/25 17:45:00,29.690,,,,,
17705,10/11/25 18:00:00,29.565,,,,,
17706,10/11/25 18:15:00,29.665,,,,,
17707,10/11/25 18:30:00,29.740,,,,,
17708,10/11/25 18:45:00,29.765,,,,,
17709,10/11/25 19:00:00,29.790,,,,,
17710,10/11/25 19:15:00,29.740,,,,,
17711,10/11/25 19:30:00,29.740,,,,,
17712,10/11/25 19:45:00,29.590,,,,,
17713,10/11/25 20:00:00,29.540,,,,,
17714,10/11/25 20:15:00,29.540,,,,,
17715,10/11/25 20:30:00,29.439,,,,,
17716,10/11/25 20:45:00,29.590,,,,,
17717,10/11/25 21:00:00,29.290,,,,,
17718,10/11/25 21:15:00,29.389,,,,,
17719,10/11/25 21:30:00,29.290,,,,,
17720,10/11/25 21:45:00,29.365,,,,,
17721,10/11/25 22:00:00,29.240,,,,,
17722,10/11/25 22:15:00,29.414,,,,,
17723,10/11/25 22:30:00,28.791,,,,,
17724,10/11/25 22:45:00,28.916,,,,,
17725,10/11/25 23:00:00,29.040,,,,,
17726,10/11/25 23:15:00,29.240,,,,,
17727,10/11/25 23:30:00,29.290,,,,,
17728,10/11/25 23:45:00,29.115,,,,,
17729,10/12/25 00:00:00,29.015,,,,,
17730,10/12/25 00:15:00,29.065,,,,,
17731,10/12/25 00:30:00,29.090,,,,,
17732,10/12/25 00:45:00,29.090,,,,,
17733,10/12/25 01:00:00,29.065,,,,,
17734,10/12/25 01:15:00,28.990,,,,,
17735,10/12/25 01:30:00,29.015,,,,,
17736,10/12/25 01:45:00,29.040,,,,,
17737,10/12/25 02:00:00,28.841,,,,,
17738,10/12/25 02:15:00,28.990,,,,,
17739,10/12/25 02:30:00,29.115,,,,,
17740,10/12/25 02:45:00,29.140,,,,,
17741,10/12/25 03:00:00,29.140,,,,,
17742,10/12/25 03:15:00,29.115,,,,,
17743,10/12/25 03:30:00,29.140,,,,,
17744,10/12/25 03:45:00,29.090,,,,,
17745,10/12/25 04:00:00,29.140,,,,,
17746,10/12/25 04:15:00,29.315,,,,,
17747,10/12/25 04:30:00,29.715,,,,,
17748,10/12/25 04:45:00,29.790,,,,,
17749,10/12/25 05:00:00,29.790,,,,,
17750,10/12/25 05:15:00,29.840,,,,,
17751,10/12/25 05:30:00,29.815,,,,,
17752,10/12/25 05:45:00,29.065,,,,,
17753,10/12/25 06:00:00,29.015,,,,,
17754,10/12/25 06:15:00,29.540,,,,,
17755,10/12/25 06:30:00,29.190,,,,,
17756,10/12/25 06:45:00,29.565,,,,,
17757,10/12/25 07:00:00,29.315,,,,,
17758,10/12/25 07:15:00,29.015,,,,,
17759,10/12/25 07:30:00,29.290,,,,,
17760,10/12/25 07:45:00,29.515,,,,,
17761,10/12/25 08:00:00,29.464,,,,,
17762,10/12/25 08:15:00,29.540,,,,,
17763,10/12/25 08:30:00,29.414,,,,,
17764,10/12/25 08:45:00,29.365,,,,,
17765,10/12/25 09:00:00,29.365,,,,,
17766,10/12/25 09:15:00,29.290,,,,,
17767,10/12/25 09:30:00,29.240,,,,,
17768,10/12/25 09:45:00,29.090,,,,,
17769,10/12/25 10:00:00,29.090,,,,,
17770,10/12/25 10:15:00,29.015,,,,,
17771,10/12/25 10:30:00,29.040,,,,,
17772,10/12/25 10:45:00,28.444,,,,,
17773,10/12/25 11:00:00,28.295,,,,,
17774,10/12/25 11:15:00,27.974,,,,,
17775,10/12/25 11:30:00,28.295,,,,,
17776,10/12/25 11:45:00,28.965,,,,,
17777,10/12/25 12:00:00,28.692,,,,,
17778,10/12/25 12:15:00,28.891,,,,,
17779,10/12/25 12:30:00,28.941,,,,,
17780,10/12/25 12:45:00,28.816,,,,,
17781,10/12/25 13:00:00,29.115,,,,,
17782,10/12/25 13:15:00,28.667,,,,,
17783,10/12/25 13:30:00,28.345,,,,,
17784,10/12/25 13:45:00,28.221,,,,,
17785,10/12/25 14:00:00,28.295,,,,,
17786,10/12/25 14:15:00,28.444,,,,,
17787,10/12/25 14:30:00,28.270,,,,,
17788,10/12/25 14:45:00,28.147,,,,,
17789,10/12/25 15:00:00,28.147,,,,,
17790,10/12/25 15:15:00,28.345,,,,,
17791,10/12/25 15:30:00,28.072,,,,,
17792,10/12/25 15:45:00,28.097,,,,,
17793,10/12/25 16:00:00,28.518,,,,,
17794,10/12/25 16:15:00,28.444,,,,,
17795,10/12/25 16:30:00,28.072,,,,,
17796,10/12/25 16:45:00,28.147,,,,,
17797,10/12/25 17:00:00,28.295,,,,,
17798,10/12/25 17:15:00,28.941,,,,,
17799,10/12/25 17:30:00,28.866,,,,,
17800,10/12/25 17:45:00,28.866,,,,,
17801,10/12/25 18:00:00,29.140,,,,,
17802,10/12/25 18:15:00,29.140,,,,,
17803,10/12/25 18:30:00,28.916,,,,,
17804,10/12/25 18:45:00,29.065,,,,,
17805,10/12/25 19:00:00,28.965,,,,,
17806,10/12/25 19:15:00,28.941,,,,,
17807,10/12/25 19:30:00,29.065,,,,,
17808,10/12/25 19:45:00,29.065,,,,,
17809,10/12/25 20:00:00,28.990,,,,,
17810,10/12/25 20:15:00,28.916,,,,,
17811,10/12/25 20:30:00,28.941,,,,,
17812,10/12/25 20:45:00,28.965,,,,,
17813,10/12/25 21:00:00,29.340,,,,,
17814,10/12/25 21:15:00,29.015,,,,,
17815,10/12/25 21:30:00,28.866,,,,,
17816,10/12/25 21:45:00,28.742,,,,,
17817,10/12/25 22:00:00,28.891,,,,,
17818,10/12/25 22:15:00,28.965,,,,,
17819,10/12/25 22:30:00,29.065,,,,,
17820,10/12/25 22:45:00,29.140,,,,,
17821,10/12/25 23:00:00,29.140,,,,,
17822,10/12/25 23:15:00,29.165,,,,,
17823,10/12/25 23:30:00,29.240,,,,,
17824,10/12/25 23:45:00,29.315,,,,,
17825,10/13/25 00:00:00,29.140,,,,,
17826,10/13/25 00:15:00,29.490,,,,,
17827,10/13/25 00:30:00,29.815,,,,,
17828,10/13/25 00:45:00,29.890,,,,,
17829,10/13/25 01:00:00,29.315,,,,,
17830,10/13/25 01:15:00,29.015,,,,,
17831,10/13/25 01:30:00,28.965,,,,,
17832,10/13/25 01:45:00,29.040,,,,,
17833,10/13/25 02:00:00,29.115,,,,,
17834,10/13/25 02:15:00,29.165,,,,,
17835,10/13/25 02:30:00,29.215,,,,,
17836,10/13/25 02:45:00,29.340,,,,,
17837,10/13/25 03:00:00,29.916,,,,,
17838,10/13/25 03:15:00,29.540,,,,,
17839,10/13/25 03:30:00,30.016,,,,,
17840,10/13/25 03:45:00,29.240,,,,,
17841,10/13/25 04:00:00,29.015,,,,,
17842,10/13/25 04:15:00,28.891,,,,,
17843,10/13/25 04:30:00,28.866,,,,,
17844,10/13/25 04:45:00,29.065,,,,,
17845,10/13/25 05:00:00,29.090,,,,,
17846,10/13/25 05:15:00,29.040,,,,,
17847,10/13/25 05:30:00,29.090,,,,,
17848,10/13/25 05:45:00,29.115,,,,,
17849,10/13/25 06:00:00,29.690,,,,,
17850,10/13/25 06:15:00,29.765,,,,,
17851,10/13/25 06:30:00,29.790,,,,,
17852,10/13/25 06:45:00,29.865,,,,,
17853,10/13/25 07:00:00,29.865,,,,,
17854,10/13/25 07:15:00,29.715,,,,,
17855,10/13/25 07:30:00,29.340,,,,,
17856,10/13/25 07:45:00,29.389,,,,,
17857,10/13/25 08:00:00,29.515,,,,,
17858,10/13/25 08:15:00,29.515,,,,,
17859,10/13/25 08:30:00,29.340,,,,,
17860,10/13/25 08:45:00,29.315,,,,,
17861,10/13/25 09:00:00,29.439,,,,,
17862,10/13/25 09:15:00,29.490,,,,,
17863,10/13/25 09:30:00,29.515,,,,,
17864,10/13/25 09:45:00,29.365,,,,,
17865,10/13/25 10:00:00,29.490,,,,,
17866,10/13/25 10:15:00,29.515,,,,,
17867,10/13/25 10:30:00,29.515,,,,,
17868,10/13/25 10:45:00,29.590,,,,,
17869,10/13/25 11:00:00,29.590,,,,,
17870,10/13/25 11:15:00,29.640,,,,,
17871,10/13/25 11:30:00,29.640,,,,,
17872,10/13/25 11:45:00,29.565,,,,,
17873,10/13/25 12:00:00,29.590,,,,,
17874,10/13/25 12:15:00,29.640,,,,,
17875,10/13/25 12:30:00,29.665,,,,,
17876,10/13/25 12:45:00,29.665,,,,,
17877,10/13/25 13:00:00,29.640,,,,,
17878,10/13/25 13:15:00,29.615,,,,,
17879,10/13/25 13:30:00,29.464,,,,,
17880,10/13/25 13:45:00,29.365,,,,,
17881,10/13/25 14:00:00,29.389,,,,,
17882,10/13/25 14:15:00,29.439,,,,,
17883,10/13/25 14:30:00,29.590,,,,,
17884,10/13/25 14:45:00,29.590,,,,,
17885,10/13/25 15:00:00,29.365,,,,,
17886,10/13/25 15:15:00,29.389,,,,,
17887,10/13/25 15:30:00,29.490,,,,,
17888,10/13/25 15:45:00,29.565,,,,,
17889,10/13/25 16:00:00,29.640,,,,,
17890,10/13/25 16:15:00,29.565,,,,,
17891,10/13/25 16:30:00,29.590,,,,,
17892,10/13/25 16:45:00,29.640,,,,,
17893,10/13/25 17:00:00,29.740,,,,,
17894,10/13/25 17:15:00,29.740,,,,,
17895,10/13/25 17:30:00,29.490,,,,,
17896,10/13/25 17:45:00,29.490,,,,,
17897,10/13/25 18:00:00,29.515,,,,,
17898,10/13/25 18:15:00,29.590,,,,,
17899,10/13/25 18:30:00,29.540,,,,,
17900,10/13/25 18:45:00,29.515,,,,,
17901,10/13/25 19:00:00,29.165,,,,,
17902,10/13/25 19:15:00,29.464,,,,,
17903,10/13/25 19:30:00,29.565,,,,,
17904,10/13/25 19:45:00,29.690,,,,,
17905,10/13/25 20:00:00,29.665,,,,,
17906,10/13/25 20:15:00,29.765,,,,,
17907,10/13/25 20:30:00,29.315,,,,,
17908,10/13/25 20:45:00,29.565,,,,,
17909,10/13/25 21:00:00,29.740,,,,,
17910,10/13/25 21:15:00,29.815,,,,,
17911,10/13/25 21:30:00,29.790,,,,,
17912,10/13/25 21:45:00,29.190,,,,,
17913,10/13/25 22:00:00,29.165,,,,,
17914,10/13/25 22:15:00,29.115,,,,,
17915,10/13/25 22:30:00,29.115,,,,,
17916,10/13/25 22:45:00,29.090,,,,,
17917,10/13/25 23:00:00,29.165,,,,,
17918,10/13/25 23:15:00,29.165,,,,,
17919,10/13/25 23:30:00,29.290,,,,,
17920,10/13/25 23:45:00,28.965,,,,,
17921,10/14/25 00:00:00,28.468,,,,,
17922,10/14/25 00:15:00,28.493,,,,,
17923,10/14/25 00:30:00,29.190,,,,,
17924,10/14/25 00:45:00,29.365,,,,,
17925,10/14/25 01:00:00,29.315,,,,,
17926,10/14/25 01:15:00,29.265,,,,,
17927,10/14/25 01:30:00,29.265,,,,,
17928,10/14/25 01:45:00,29.340,,,,,
17929,10/14/25 02:00:00,29.365,,,,,
17930,10/14/25 02:15:00,29.414,,,,,
17931,10/14/25 02:30:00,29.389,,,,,
17932,10/14/25 02:45:00,29.565,,,,,
17933,10/14/25 03:00:00,29.615,,,,,
17934,10/14/25 03:15:00,29.640,,,,,
17935,10/14/25 03:30:00,29.665,,,,,
17936,10/14/25 03:45:00,29.290,,,,,
17937,10/14/25 04:00:00,29.540,,,,,
17938,10/14/25 04:15:00,29.740,,,,,
17939,10/14/25 04:30:00,29.715,,,,,
17940,10/14/25 04:45:00,29.640,,,,,
17941,10/14/25 05:00:00,29.665,,,,,
17942,10/14/25 05:15:00,29.690,,,,,
17943,10/14/25 05:30:00,29.765,,,,,
17944,10/14/25 05:45:00,29.690,,,,,
17945,10/14/25 06:00:00,29.665,,,,,
17946,10/14/25 06:15:00,29.615,,,,,
17947,10/14/25 06:30:00,29.515,,,,,
17948,10/14/25 06:45:00,29.690,,,,,
17949,10/14/25 07:00:00,29.815,,,,,
17950,10/14/25 07:15:00,29.640,,,,,
17951,10/14/25 07:30:00,29.665,,,,,
17952,10/14/25 07:45:00,29.890,,,,,
17953,10/14/25 08:00:00,29.916,,,,,
17954,10/14/25 08:15:00,29.715,,,,,
17955,10/14/25 08:30:00,29.565,,,,,
17956,10/14/25 08:45:00,29.490,,,,,
17957,10/14/25 09:00:00,29.414,,,,,
17958,10/14/25 09:15:00,29.290,,,,,
17959,10/14/25 09:30:00,29.414,,,,,
17960,10/14/25 09:45:00,29.439,,,,,
17961,10/14/25 10:00:00,29.515,,,,,
17962,10/14/25 10:15:00,29.540,,,,,
17963,10/14/25 10:30:00,29.515,,,,,
17964,10/14/25 10:45:00,29.515,,,,,
17965,10/14/25 11:00:00,29.615,,,,,
17966,10/14/25 11:15:00,29.515,,,,,
17967,10/14/25 11:30:00,29.840,,,,,
17968,10/14/25 11:45:00,29.916,,,,,
17969,10/14/25 12:00:00,29.916,,,,,
17970,10/14/25 12:15:00,29.765,,,,,
17971,10/14/25 12:30:00,29.515,,,,,
17972,10/14/25 12:45:00,29.515,,,,,
17973,10/14/25 13:00:00,29.515,,,,,
17974,10/14/25 13:15:00,29.464,,,,,
17975,10/14/25 13:30:00,29.414,,,,,
17976,10/14/25 13:45:00,29.615,,,,,
17977,10/14/25 14:00:00,29.690,,,,,
17978,10/14/25 14:15:00,29.540,,,,,
17979,10/14/25 14:30:00,29.540,,,,,
17980,10/14/25 14:45:00,29.590,,,,,
17981,10/14/25 15:00:00,29.740,,,,,
17982,10/14/25 15:15:00,29.765,,,,,
17983,10/14/25 15:30:00,29.890,,,,,
17984,10/14/25 15:45:00,29.715,,,,,
17985,10/14/25 16:00:00,29.865,,,,,
17986,10/14/25 16:15:00,29.715,,,,,
17987,10/14/25 16:30:00,29.765,,,,,
17988,10/14/25 16:45:00,29.690,,,,,
17989,10/14/25 17:00:00,29.865,,,,,
17990,10/14/25 17:15:00,29.916,,,,,
17991,10/14/25 17:30:00,29.941,,,,,
17992,10/14/25 17:45:00,29.916,,,,,
17993,10/14/25 18:00:00,29.890,,,,,
17994,10/14/25 18:15:00,29.815,,,,,
17995,10/14/25 18:30:00,29.890,,,,,
17996,10/14/25 18:45:00,29.865,,,,,
17997,10/14/25 19:00:00,29.890,,,,,
17998,10/14/25 19:15:00,29.941,,,,,
17999,10/14/25 19:30:00,29.966,,,,,
18000,10/14/25 19:45:00,29.966,,,,,
18001,10/14/25 20:00:00,29.941,,,,,
18002,10/14/25 20:15:00,29.865,,,,,
18003,10/14/25 20:30:00,29.941,,,,,
18004,10/14/25 20:45:00,29.740,,,,,
18005,10/14/25 21:00:00,29.765,,,,,
18006,10/14/25 21:15:00,29.665,,,,,
18007,10/14/25 21:30:00,29.790,,,,,
18008,10/14/25 21:45:00,29.740,,,,,
18009,10/14/25 22:00:00,29.690,,,,,
18010,10/14/25 22:15:00,29.715,,,,,
18011,10/14/25 22:30:00,29.765,,,,,
18012,10/14/25 22:45:00,29.715,,,,,
18013,10/14/25 23:00:00,29.690,,,,,
18014,10/14/25 23:15:00,29.690,,,,,
18015,10/14/25 23:30:00,29.765,,,,,
18016,10/14/25 23:45:00,29.815,,,,,
18017,10/15/25 00:00:00,29.840,,,,,
18018,10/15/25 00:15:00,29.815,,,,,
18019,10/15/25 00:30:00,29.765,,,,,
18020,10/15/25 00:45:00,29.815,,,,,
18021,10/15/25 01:00:00,29.941,,,,,
18022,10/15/25 01:15:00,29.941,,,,,
18023,10/15/25 01:30:00,29.941,,,,,
18024,10/15/25 01:45:00,29.890,,,,,
18025,10/15/25 02:00:00,29.890,,,,,
18026,10/15/25 02:15:00,29.916,,,,,
18027,10/15/25 02:30:00,29.916,,,,,
18028,10/15/25 02:45:00,29.890,,,,,
18029,10/15/25 03:00:00,29.840,,,,,
18030,10/15/25 03:15:00,29.840,,,,,
18031,10/15/25 03:30:00,29.740,,,,,
18032,10/15/25 03:45:00,29.640,,,,,
18033,10/15/25 04:00:00,29.515,,,,,
18034,10/15/25 04:15:00,29.490,,,,,
18035,10/15/25 04:30:00,29.464,,,,,
18036,10/15/25 04:45:00,29.590,,,,,
18037,10/15/25 05:00:00,29.515,,,,,
18038,10/15/25 05:15:00,29.515,,,,,
18039,10/15/25 05:30:00,29.540,,,,,
18040,10/15/25 05:45:00,29.515,,,,,
18041,10/15/25 06:00:00,29.615,,,,,
18042,10/15/25 06:15:00,29.615,,,,,
18043,10/15/25 06:30:00,29.615,,,,,
18044,10/15/25 06:45:00,29.590,,,,,
18045,10/15/25 07:00:00,29.615,,,,,
18046,10/15/25 07:15:00,29.590,,,,,
18047,10/15/25 07:30:00,29.565,,,,,
18048,10/15/25 07:45:00,29.565,,,,,
18049,10/15/25 08:00:00,29.565,,,,,
18050,10/15/25 08:15:00,29.565,,,,,
18051,10/15/25 08:30:00,29.565,,,,,
18052,10/15/25 08:45:00,29.290,,,,,
18053,10/15/25 09:00:00,29.365,,,,,
18054,10/15/25 09:15:00,29.140,,,,,
18055,10/15/25 09:30:00,29.140,,,,,
18056,10/15/25 09:45:00,29.140,,,,,
18057,10/15/25 10:00:00,28.990,,,,,
18058,10/15/25 10:15:00,29.090,,,,,
18059,10/15/25 10:30:00,29.515,,,,,
18060,10/15/25 10:45:00,29.290,,,,,
18061,10/15/25 11:00:00,29.590,,,,,
18062,10/15/25 11:15:00,29.190,,,,,
18063,10/15/25 11:30:00,29.115,,,,,
18064,10/15/25 11:45:00,29.115,,,,,
18065,10/15/25 12:00:00,28.841,,,,,
18066,10/15/25 12:15:00,28.642,,,,,
18067,10/15/25 12:30:00,28.642,,,,,
18068,10/15/25 12:45:00,28.742,,,,,
18069,10/15/25 13:00:00,29.315,,,,,
18070,10/15/25 13:15:00,29.414,,,,,
18071,10/15/25 13:30:00,29.265,,,,,
18072,10/15/25 13:45:00,28.941,,,,,
18073,10/15/25 14:00:00,28.468,,,,,
18074,10/15/25 14:15:00,28.419,,,,,
18075,10/15/25 14:30:00,28.444,,,,,
18076,10/15/25 14:45:00,28.394,,,,,
18077,10/15/25 15:00:00,28.493,,,,,
18078,10/15/25 15:15:00,29.340,,,,,
18079,10/15/25 15:30:00,29.515,,,,,
18080,10/15/25 15:45:00,29.565,,,,,
18081,10/15/25 16:00:00,29.540,,,,,
18082,10/15/25 16:15:00,29.140,,,,,
18083,10/15/25 16:30:00,28.444,,,,,
18084,10/15/25 16:45:00,28.320,,,,,
18085,10/15/25 17:00:00,28.345,,,,,
18086,10/15/25 17:15:00,28.493,,,,,
18087,10/15/25 17:30:00,28.742,,,,,
18088,10/15/25 17:45:00,28.617,,,,,
18089,10/15/25 18:00:00,28.717,,,,,
18090,10/15/25 18:15:00,28.965,,,,,
18091,10/15/25 18:30:00,28.965,,,,,
18092,10/15/25 18:45:00,28.990,,,,,
18093,10/15/25 19:00:00,29.015,,,,,
18094,10/15/25 19:15:00,29.090,,,,,
18095,10/15/25 19:30:00,29.165,,,,,
18096,10/15/25 19:45:00,29.065,,,,,
18097,10/15/25 20:00:00,29.015,,,,,
18098,10/15/25 20:15:00,29.090,,,,,
18099,10/15/25 20:30:00,29.165,,,,,
18100,10/15/25 20:45:00,29.240,,,,,
18101,10/15/25 21:00:00,29.340,,,,,
18102,10/15/25 21:15:00,29.665,,,,,
18103,10/15/25 21:30:00,29.590,,,,,
18104,10/15/25 21:45:00,29.490,,,,,
18105,10/15/25 22:00:00,29.464,,,,,
18106,10/15/25 22:15:00,29.540,,,,,
18107,10/15/25 22:30:00,29.240,,,,,
18108,10/15/25 22:45:00,29.140,,,,,
18109,10/15/25 23:00:00,29.565,,,,,
18110,10/15/25 23:15:00,29.565,,,,,
18111,10/15/25 23:30:00,29.015,,,,,
18112,10/15/25 23:45:00,29.540,,,,,
18113,10/16/25 00:00:00,29.640,,,,,
18114,10/16/25 00:15:00,29.640,,,,,
18115,10/16/25 00:30:00,29.565,,,,,
18116,10/16/25 00:45:00,29.615,,,,,
18117,10/16/25 01:00:00,29.590,,,,,
18118,10/16/25 01:15:00,29.090,,,,,
18119,10/16/25 01:30:00,29.640,,,,,
18120,10/16/25 01:45:00,29.615,,,,,
18121,10/16/25 02:00:00,29.615,,,,,
18122,10/16/25 02:15:00,29.715,,,,,
18123,10/16/25 02:30:00,29.640,,,,,
18124,10/16/25 02:45:00,29.665,,,,,
18125,10/16/25 03:00:00,29.640,,,,,
18126,10/16/25 03:15:00,29.640,,,,,
18127,10/16/25 03:30:00,29.640,,,,,
18128,10/16/25 03:45:00,29.740,,,,,
18129,10/16/25 04:00:00,29.815,,,,,
18130,10/16/25 04:15:00,29.765,,,,,
18131,10/16/25 04:30:00,29.515,,,,,
18132,10/16/25 04:45:00,29.389,,,,,
18133,10/16/25 05:00:00,29.615,,,,,
18134,10/16/25 05:15:00,29.665,,,,,
18135,10/16/25 05:30:00,29.715,,,,,
18136,10/16/25 05:45:00,29.365,,,,,
18137,10/16/25 06:00:00,29.140,,,,,
18138,10/16/25 06:15:00,29.090,,,,,
18139,10/16/25 06:30:00,29.040,,,,,
18140,10/16/25 06:45:00,28.916,,,,,
18141,10/16/25 07:00:00,29.315,,,,,
18142,10/16/25 07:15:00,29.290,,,,,
18143,10/16/25 07:30:00,29.265,,,,,
18144,10/16/25 07:45:00,29.140,,,,,
18145,10/16/25 08:00:00,29.290,,,,,
18146,10/16/25 08:15:00,29.515,,,,,
18147,10/16/25 08:30:00,29.515,,,,,
18148,10/16/25 08:45:00,29.515,,,,,
18149,10/16/25 09:00:00,29.515,,,,,
18150,10/16/25 09:15:00,29.640,,,,,
18151,10/16/25 09:30:00,29.740,,,,,
18152,10/16/25 09:45:00,29.740,,,,,
18153,10/16/25 10:00:00,29.715,,,,,
18154,10/16/25 10:15:00,29.715,,,,,
18155,10/16/25 10:30:00,29.740,,,,,
18156,10/16/25 10:45:00,29.740,,,,,
18157,10/16/25 11:00:00,29.765,,,,,
18158,10/16/25 11:15:00,29.790,,,,,
18159,10/16/25 11:30:00,29.790,,,,,
18160,10/16/25 11:45:00,29.815,,,,,
18161,10/16/25 12:00:00,29.840,,,,,
18162,10/16/25 12:15:00,29.815,,,,,
18163,10/16/25 12:30:00,29.790,,,,,
18164,10/16/25 12:45:00,29.740,,,,,
18165,10/16/25 13:00:00,29.715,,,,,
18166,10/16/25 13:15:00,29.865,,,,,
18167,10/16/25 13:30:00,29.740,,,,,
18168,10/16/25 13:45:00,29.740,,,,,
18169,10/16/25 14:00:00,29.615,,,,,
18170,10/16/25 14:15:00,29.715,,,,,
18171,10/16/25 14:30:00,29.765,,,,,
18172,10/16/25 14:45:00,29.740,,,,,
18173,10/16/25 15:00:00,29.815,,,,,
18174,10/16/25 15:15:00,29.865,,,,,
18175,10/16/25 15:30:00,29.890,,,,,
18176,10/16/25 15:45:00,29.890,,,,,
18177,10/16/25 16:00:00,29.890,,,,,
18178,10/16/25 16:15:00,29.890,,,,,
18179,10/16/25 16:30:00,29.890,,,,,
18180,10/16/25 16:45:00,29.615,,,,,
18181,10/16/25 17:00:00,29.140,,,,,
18182,10/16/25 17:15:00,29.190,,,,,
18183,10/16/25 17:30:00,29.190,,,,,
18184,10/16/25 17:45:00,29.115,,,,,
18185,10/16/25 18:00:00,29.065,,,,,
18186,10/16/25 18:15:00,29.040,,,,,
18187,10/16/25 18:30:00,29.015,,,,,
18188,10/16/25 18:45:00,29.065,,,,,
18189,10/16/25 19:00:00,29.015,,,,,
18190,10/16/25 19:15:00,29.340,,,,,
18191,10/16/25 19:30:00,29.439,,,,,
18192,10/16/25 19:45:00,29.190,,,,,
18193,10/16/25 20:00:00,29.140,,,,,
18194,10/16/25 20:15:00,29.140,,,,,
18195,10/16/25 20:30:00,29.115,,,,,
18196,10/16/25 20:45:00,28.866,,,,,
18197,10/16/25 21:00:00,29.040,,,,,
18198,10/16/25 21:15:00,28.916,,,,,
18199,10/16/25 21:30:00,28.965,,,,,
18200,10/16/25 21:45:00,29.090,,,,,
18201,10/16/25 22:00:00,29.015,,,,,
18202,10/16/25 22:15:00,29.040,,,,,
18203,10/16/25 22:30:00,29.265,,,,,
18204,10/16/25 22:45:00,29.165,,,,,
18205,10/16/25 23:00:00,29.590,,,,,
18206,10/16/25 23:15:00,29.265,,,,,
18207,10/16/25 23:30:00,29.115,,,,,
18208,10/16/25 23:45:00,29.115,,,,,
18209,10/17/25 00:00:00,29.340,,,,,
18210,10/17/25 00:15:00,29.340,,,,,
18211,10/17/25 00:30:00,29.165,,,,,
18212,10/17/25 00:45:00,29.215,,,,,
18213,10/17/25 01:00:00,29.190,,,,,
18214,10/17/25 01:15:00,29.090,,,,,
18215,10/17/25 01:30:00,28.990,,,,,
18216,10/17/25 01:45:00,28.941,,,,,
18217,10/17/25 02:00:00,28.866,,,,,
18218,10/17/25 02:15:00,28.990,,,,,
18219,10/17/25 02:30:00,29.040,,,,,
18220,10/17/25 02:45:00,29.015,,,,,
18221,10/17/25 03:00:00,29.140,,,,,
18222,10/17/25 03:15:00,29.065,,,,,
18223,10/17/25 03:30:00,29.040,,,,,
18224,10/17/25 03:45:00,28.965,,,,,
18225,10/17/25 04:00:00,29.015,,,,,
18226,10/17/25 04:15:00,29.015,,,,,
18227,10/17/25 04:30:00,28.941,,,,,
18228,10/17/25 04:45:00,28.717,,,,,
18229,10/17/25 05:00:00,28.692,,,,,
18230,10/17/25 05:15:00,28.742,,,,,
18231,10/17/25 05:30:00,28.742,,,,,
18232,10/17/25 05:45:00,29.015,,,,,
18233,10/17/25 06:00:00,29.115,,,,,
18234,10/17/25 06:15:00,29.165,,,,,
18235,10/17/25 06:30:00,29.115,,,,,
18236,10/17/25 06:45:00,29.165,,,,,
18237,10/17/25 07:00:00,29.165,,,,,
18238,10/17/25 07:15:00,29.140,,,,,
18239,10/17/25 07:30:00,29.040,,,,,
18240,10/17/25 07:45:00,29.090,,,,,
18241,10/17/25 08:00:00,29.215,,,,,
18242,10/17/25 08:15:00,29.115,,,,,
18243,10/17/25 08:30:00,29.340,,,,,
18244,10/17/25 08:45:00,29.414,,,,,
18245,10/17/25 09:00:00,29.439,,,,,
18246,10/17/25 09:15:00,29.414,,,,,
18247,10/17/25 09:30:00,29.365,,,,,
18248,10/17/25 09:45:00,29.340,,,,,
18249,10/17/25 10:00:00,29.365,,,,,
18250,10/17/25 10:15:00,29.315,,,,,
18251,10/17/25 10:30:00,29.165,,,,,
18252,10/17/25 10:45:00,29.140,,,,,
18253,10/17/25 11:00:00,29.115,,,,,
18254,10/17/25 11:15:00,29.115,,,,,
18255,10/17/25 11:30:00,29.165,,,,,
18256,10/17/25 11:45:00,29.190,,,,,
18257,10/17/25 12:00:00,29.190,,,,,
18258,10/17/25 12:15:00,29.140,,,,,
18259,10/17/25 12:30:00,29.165,,,,,
18260,10/17/25 12:45:00,29.240,,,,,
18261,10/17/25 13:00:00,29.464,,,,,
18262,10/17/25 13:15:00,29.615,,,,,
18263,10/17/25 13:30:00,29.665,,,,,
18264,10/17/25 13:45:00,29.365,,,,,
18265,10/17/25 14:00:00,29.365,,,,,
18266,10/17/25 14:15:00,29.515,,,,,
18267,10/17/25 14:30:00,29.665,,,,,
18268,10/17/25 14:45:00,29.665,,,,,
18269,10/17/25 15:00:00,29.640,,,,,
18270,10/17/25 15:15:00,29.690,,,,,
18271,10/17/25 15:30:00,29.665,,,,,
18272,10/17/25 15:45:00,29.665,,,,,
18273,10/17/25 16:00:00,29.715,,,,,
18274,10/17/25 16:15:00,29.715,,,,,
18275,10/17/25 16:30:00,29.765,,,,,
18276,10/17/25 16:45:00,29.265,,,,,
18277,10/17/25 17:00:00,29.315,,,,,
18278,10/17/25 17:15:00,29.315,,,,,
18279,10/17/25 17:30:00,29.464,,,,,
18280,10/17/25 17:45:00,29.665,,,,,
18281,10/17/25 18:00:00,29.665,,,,,
18282,10/17/25 18:15:00,29.315,,,,,
18283,10/17/25 18:30:00,29.290,,,,,
18284,10/17/25 18:45:00,29.265,,,,,
18285,10/17/25 19:00:00,29.215,,,,,
18286,10/17/25 19:15:00,29.215,,,,,
18287,10/17/25 19:30:00,29.290,,,,,
18288,10/17/25 19:45:00,28.990,,,,,
18289,10/17/25 20:00:00,28.891,,,,,
18290,10/17/25 20:15:00,29.040,,,,,
18291,10/17/25 20:30:00,28.866,,,,,
18292,10/17/25 20:45:00,28.990,,,,,
18293,10/17/25 21:00:00,28.990,,,,,
18294,10/17/25 21:15:00,29.090,,,,,
18295,10/17/25 21:30:00,28.916,,,,,
18296,10/17/25 21:45:00,29.015,,,,,
18297,10/17/25 22:00:00,29.015,,,,,
18298,10/17/25 22:15:00,29.065,,,,,
18299,10/17/25 22:30:00,29.815,,,,,
18300,10/17/25 22:45:00,29.865,,,,,
18301,10/17/25 23:00:00,29.865,,,,,
18302,10/17/25 23:15:00,29.865,,,,,
18303,10/17/25 23:30:00,29.865,,,,,
18304,10/17/25 23:45:00,29.840,,,,,
18305,10/18/25 00:00:00,29.815,,,,,
18306,10/18/25 00:15:00,29.715,,,,,
18307,10/18/25 00:30:00,29.690,,,,,
18308,10/18/25 00:45:00,29.515,,,,,
18309,10/18/25 01:00:00,29.414,,,,,
18310,10/18/25 01:15:00,29.290,,,,,
18311,10/18/25 01:30:00,29.340,,,,,
18312,10/18/25 01:45:00,29.240,,,,,
18313,10/18/25 02:00:00,29.290,,,,,
18314,10/18/25 02:15:00,29.414,,,,,
18315,10/18/25 02:30:00,29.665,,,,,
18316,10/18/25 02:45:00,29.515,,,,,
18317,10/18/25 03:00:00,29.439,,,,,
18318,10/18/25 03:15:00,29.414,,,,,
18319,10/18/25 03:30:00,29.439,,,,,
18320,10/18/25 03:45:00,29.715,,,,,
18321,10/18/25 04:00:00,29.590,,,,,
18322,10/18/25 04:15:00,29.765,,,,,
18323,10/18/25 04:30:00,29.590,,,,,
18324,10/18/25 04:45:00,29.490,,,,,
18325,10/18/25 05:00:00,29.640,,,,,
18326,10/18/25 05:15:00,29.439,,,,,
18327,10/18/25 05:30:00,29.439,,,,,
18328,10/18/25 05:45:00,29.414,,,,,
18329,10/18/25 06:00:00,29.389,,,,,
18330,10/18/25 06:15:00,29.365,,,,,
18331,10/18/25 06:30:00,29.315,,,,,
18332,10/18/25 06:45:00,29.389,,,,,
18333,10/18/25 07:00:00,29.340,,,,,
18334,10/18/25 07:15:00,29.340,,,,,
18335,10/18/25 07:30:00,29.389,,,,,
18336,10/18/25 07:45:00,29.290,,,,,
18337,10/18/25 08:00:00,29.140,,,,,
18338,10/18/25 08:15:00,29.165,,,,,
18339,10/18/25 08:30:00,29.190,,,,,
18340,10/18/25 08:45:00,29.190,,,,,
18341,10/18/25 09:00:00,29.215,,,,,
18342,10/18/25 09:15:00,29.115,,,,,
18343,10/18/25 09:30:00,29.290,,,,,
18344,10/18/25 09:45:00,29.265,,,,,
18345,10/18/25 10:00:00,29.464,,,,,
18346,10/18/25 10:15:00,29.765,,,,,
18347,10/18/25 10:30:00,29.439,,,,,
18348,10/18/25 10:45:00,29.215,,,,,
18349,10/18/25 11:00:00,29.690,,,,,
18350,10/18/25 11:15:00,29.340,,,,,
18351,10/18/25 11:30:00,29.215,,,,,
18352,10/18/25 11:45:00,29.140,,,,,
18353,10/18/25 12:00:00,29.115,,,,,
18354,10/18/25 12:15:00,29.115,,,,,
18355,10/18/25 12:30:00,29.140,,,,,
18356,10/18/25 12:45:00,29.165,,,,,
18357,10/18/25 13:00:00,29.090,,,,,
18358,10/18/25 13:15:00,29.065,,,,,
18359,10/18/25 13:30:00,29.165,,,,,
18360,10/18/25 13:45:00,29.215,,,,,
18361,10/18/25 14:00:00,29.165,,,,,
18362,10/18/25 14:15:00,29.215,,,,,
18363,10/18/25 14:30:00,29.215,,,,,
18364,10/18/25 14:45:00,29.215,,,,,
18365,10/18/25 15:00:00,29.215,,,,,
18366,10/18/25 15:15:00,29.365,,,,,
18367,10/18/25 15:30:00,29.439,,,,,
18368,10/18/25 15:45:00,29.515,,,,,
18369,10/18/25 16:00:00,29.540,,,,,
18370,10/18/25 16:15:00,29.464,,,,,
18371,10/18/25 16:30:00,29.490,,,,,
18372,10/18/25 16:45:00,29.490,,,,,
18373,10/18/25 17:00:00,29.490,,,,,
18374,10/18/25 17:15:00,29.540,,,,,
18375,10/18/25 17:30:00,29.565,,,,,
18376,10/18/25 17:45:00,29.490,,,,,
18377,10/18/25 18:00:00,29.540,,,,,
18378,10/18/25 18:15:00,29.565,,,,,
18379,10/18/25 18:30:00,29.439,,,,,
18380,10/18/25 18:45:00,29.340,,,,,
18381,10/18/25 19:00:00,29.365,,,,,
18382,10/18/25 19:15:00,29.490,,,,,
18383,10/18/25 19:30:00,29.565,,,,,
18384,10/18/25 19:45:00,29.389,,,,,
18385,10/18/25 20:00:00,29.365,,,,,
18386,10/18/25 20:15:00,29.340,,,,,
18387,10/18/25 20:30:00,29.290,,,,,
18388,10/18/25 20:45:00,29.290,,,,,
18389,10/18/25 21:00:00,29.315,,,,,
18390,10/18/25 21:15:00,29.365,,,,,
18391,10/18/25 21:30:00,29.389,,,,,
18392,10/18/25 21:45:00,29.414,,,,,
18393,10/18/25 22:00:00,29.389,,,,,
18394,10/18/25 22:15:00,29.414,,,,,
18395,10/18/25 22:30:00,29.464,,,,,
18396,10/18/25 22:45:00,29.540,,,,,
18397,10/18/25 23:00:00,29.590,,,,,
18398,10/18/25 23:15:00,29.540,,,,,
18399,10/18/25 23:30:00,29.540,,,,,
18400,10/18/25 23:45:00,29.615,,,,,
18401,10/19/25 00:00:00,29.590,,,,,
18402,10/19/25 00:15:00,29.640,,,,,
18403,10/19/25 00:30:00,29.665,,,,,
18404,10/19/25 00:45:00,29.665,,,,,
18405,10/19/25 01:00:00,29.665,,,,,
18406,10/19/25 01:15:00,29.665,,,,,
18407,10/19/25 01:30:00,29.690,,,,,
18408,10/19/25 01:45:00,29.690,,,,,
18409,10/19/25 02:00:00,29.715,,,,,
18410,10/19/25 02:15:00,29.690,,,,,
18411,10/19/25 02:30:00,29.640,,,,,
18412,10/19/25 02:45:00,29.665,,,,,
18413,10/19/25 03:00:00,29.640,,,,,
18414,10/19/25 03:15:00,29.615,,,,,
18415,10/19/25 03:30:00,29.590,,,,,
18416,10/19/25 03:45:00,29.615,,,,,
18417,10/19/25 04:00:00,29.640,,,,,
18418,10/19/25 04:15:00,29.389,,,,,
18419,10/19/25 04:30:00,29.389,,,,,
18420,10/19/25 04:45:00,29.190,,,,,
18421,10/19/25 05:00:00,29.190,,,,,
18422,10/19/25 05:15:00,29.240,,,,,
18423,10/19/25 05:30:00,29.240,,,,,
18424,10/19/25 05:45:00,29.240,,,,,
18425,10/19/25 06:00:00,29.140,,,,,
18426,10/19/25 06:15:00,29.090,,,,,
18427,10/19/25 06:30:00,29.015,,,,,
18428,10/19/25 06:45:00,28.990,,,,,
18429,10/19/25 07:00:00,29.265,,,,,
18430,10/19/25 07:15:00,28.941,,,,,
18431,10/19/25 07:30:00,28.891,,,,,
18432,10/19/25 07:45:00,29.265,,,,,
18433,10/19/25 08:00:00,29.615,,,,,
18434,10/19/25 08:15:00,29.590,,,,,
18435,10/19/25 08:30:00,29.290,,,,,
18436,10/19/25 08:45:00,29.265,,,,,
18437,10/19/25 09:00:00,29.265,,,,,
18438,10/19/25 09:15:00,28.941,,,,,
18439,10/19/25 09:30:00,28.717,,,,,
18440,10/19/25 09:45:00,28.891,,,,,
18441,10/19/25 10:00:00,28.766,,,,,
18442,10/19/25 10:15:00,29.115,,,,,
18443,10/19/25 10:30:00,29.165,,,,,
18444,10/19/25 10:45:00,29.015,,,,,
18445,10/19/25 11:00:00,28.593,,,,,
18446,10/19/25 11:15:00,28.965,,,,,
18447,10/19/25 11:30:00,28.990,,,,,
18448,10/19/25 11:45:00,29.115,,,,,
18449,10/19/25 12:00:00,29.290,,,,,
18450,10/19/25 12:15:00,29.215,,,,,
18451,10/19/25 12:30:00,29.065,,,,,
18452,10/19/25 12:45:00,29.140,,,,,
18453,10/19/25 13:00:00,28.990,,,,,
18454,10/19/25 13:15:00,28.990,,,,,
18455,10/19/25 13:30:00,29.240,,,,,
18456,10/19/25 13:45:00,29.315,,,,,
18457,10/19/25 14:00:00,29.315,,,,,
18458,10/19/25 14:15:00,29.265,,,,,
18459,10/19/25 14:30:00,29.290,,,,,
18460,10/19/25 14:45:00,29.240,,,,,
18461,10/19/25 15:00:00,29.165,,,,,
18462,10/19/25 15:15:00,29.315,,,,,
18463,10/19/25 15:30:00,29.340,,,,,
18464,10/19/25 15:45:00,29.414,,,,,
18465,10/19/25 16:00:00,29.464,,,,,
18466,10/19/25 16:15:00,29.365,,,,,
18467,10/19/25 16:30:00,29.240,,,,,
18468,10/19/25 16:45:00,29.365,,,,,
18469,10/19/25 17:00:00,29.265,,,,,
18470,10/19/25 17:15:00,29.315,,,,,
18471,10/19/25 17:30:00,29.315,,,,,
18472,10/19/25 17:45:00,29.340,,,,,
18473,10/19/25 18:00:00,29.389,,,,,
18474,10/19/25 18:15:00,29.365,,,,,
18475,10/19/25 18:30:00,29.389,,,,,
18476,10/19/25 18:45:00,29.439,,,,,
18477,10/19/25 19:00:00,29.365,,,,,
18478,10/19/25 19:15:00,29.389,,,,,
18479,10/19/25 19:30:00,29.414,,,,,
18480,10/19/25 19:45:00,29.464,,,,,
18481,10/19/25 20:00:00,29.414,,,,,
18482,10/19/25 20:15:00,29.464,,,,,
18483,10/19/25 20:30:00,29.464,,,,,
18484,10/19/25 20:45:00,29.464,,,,,
18485,10/19/25 21:00:00,29.464,,,,,
18486,10/19/25 21:15:00,29.464,,,,,
18487,10/19/25 21:30:00,29.490,,,,,
18488,10/19/25 21:45:00,29.515,,,,,
18489,10/19/25 22:00:00,29.515,,,,,
18490,10/19/25 22:15:00,29.515,,,,,
18491,10/19/25 22:30:00,29.464,,,,,
18492,10/19/25 22:45:00,29.515,,,,,
18493,10/19/25 23:00:00,29.515,,,,,
18494,10/19/25 23:15:00,29.515,,,,,
18495,10/19/25 23:30:00,29.515,,,,,
18496,10/19/25 23:45:00,29.490,,,,,
18497,10/20/25 00:00:00,29.515,,,,,
18498,10/20/25 00:15:00,29.540,,,,,
18499,10/20/25 00:30:00,29.540,,,,,
18500,10/20/25 00:45:00,29.540,,,,,
18501,10/20/25 01:00:00,29.540,,,,,
18502,10/20/25 01:15:00,29.540,,,,,
18503,10/20/25 01:30:00,29.565,,,,,
18504,10/20/25 01:45:00,29.590,,,,,
18505,10/20/25 02:00:00,29.590,,,,,
18506,10/20/25 02:15:00,29.590,,,,,
18507,10/20/25 02:30:00,29.590,,,,,
18508,10/20/25 02:45:00,29.615,,,,,
18509,10/20/25 03:00:00,29.615,,,,,
18510,10/20/25 03:15:00,29.615,,,,,
18511,10/20/25 03:30:00,29.590,,,,,
18512,10/20/25 03:45:00,29.615,,,,,
18513,10/20/25 04:00:00,29.615,,,,,
18514,10/20/25 04:15:00,29.590,,,,,
18515,10/20/25 04:30:00,29.590,,,,,
18516,10/20/25 04:45:00,29.590,,,,,
18517,10/20/25 05:00:00,29.590,,,,,
18518,10/20/25 05:15:00,29.565,,,,,
18519,10/20/25 05:30:00,29.515,,,,,
18520,10/20/25 05:45:00,29.615,,,,,
18521,10/20/25 06:00:00,29.665,,,,,
18522,10/20/25 06:15:00,29.690,,,,,
18523,10/20/25 06:30:00,29.690,,,,,
18524,10/20/25 06:45:00,29.715,,,,,
18525,10/20/25 07:00:00,29.715,,,,,
18526,10/20/25 07:15:00,29.740,,,,,
18527,10/20/25 07:30:00,29.740,,,,,
18528,10/20/25 07:45:00,29.765,,,,,
18529,10/20/25 08:00:00,29.740,,,,,
18530,10/20/25 08:15:00,29.715,,,,,
18531,10/20/25 08:30:00,29.740,,,,,
18532,10/20/25 08:45:00,29.715,,,,,
18533,10/20/25 09:00:00,29.690,,,,,
18534,10/20/25 09:15:00,29.565,,,,,
18535,10/20/25 09:30:00,29.640,,,,,
18536,10/20/25 09:45:00,29.615,,,,,
18537,10/20/25 10:00:00,29.590,,,,,
18538,10/20/25 10:15:00,29.715,,,,,
18539,10/20/25 10:30:00,29.665,,,,,
18540,10/20/25 10:45:00,29.540,,,,,
18541,10/20/25 11:00:00,29.640,,,,,
18542,10/20/25 11:15:00,29.665,,,,,
18543,10/20/25 11:30:00,29.389,,,,,
18544,10/20/25 11:45:00,29.414,,,,,
18545,10/20/25 12:00:00,29.665,,,,,
18546,10/20/25 12:15:00,29.715,,,,,
18547,10/20/25 12:30:00,29.240,,,,,
18548,10/20/25 12:45:00,29.215,,,,,
18549,10/20/25 13:00:00,29.115,,,,,
18550,10/20/25 13:15:00,29.215,,,,,
18551,10/20/25 13:30:00,29.240,,,,,
18552,10/20/25 13:45:00,29.240,,,,,
18553,10/20/25 14:00:00,29.290,,,,,
18554,10/20/25 14:15:00,29.365,,,,,
18555,10/20/25 14:30:00,29.340,,,,,
18556,10/20/25 14:45:00,29.665,,,,,
18557,10/20/25 15:00:00,29.640,,,,,
18558,10/20/25 15:15:00,29.615,,,,,
18559,10/20/25 15:30:00,29.665,,,,,
18560,10/20/25 15:45:00,29.640,,,,,
18561,10/20/25 16:00:00,29.690,,,,,
18562,10/20/25 16:15:00,29.765,,,,,
18563,10/20/25 16:30:00,29.790,,,,,
18564,10/20/25 16:45:00,29.790,,,,,
18565,10/20/25 17:00:00,29.740,,,,,
18566,10/20/25 17:15:00,29.740,,,,,
18567,10/20/25 17:30:00,29.665,,,,,
18568,10/20/25 17:45:00,29.490,,,,,
18569,10/20/25 18:00:00,29.389,,,,,
18570,10/20/25 18:15:00,29.715,,,,,
18571,10/20/25 18:30:00,29.665,,,,,
18572,10/20/25 18:45:00,29.690,,,,,
18573,10/20/25 19:00:00,29.715,,,,,
18574,10/20/25 19:15:00,29.715,,,,,
18575,10/20/25 19:30:00,29.740,,,,,
18576,10/20/25 19:45:00,29.740,,,,,
18577,10/20/25 20:00:00,29.765,,,,,
18578,10/20/25 20:15:00,29.765,,,,,
18579,10/20/25 20:30:00,29.790,,,,,
18580,10/20/25 20:45:00,29.715,,,,,
18581,10/20/25 21:00:00,29.590,,,,,
18582,10/20/25 21:15:00,29.265,,,,,
18583,10/20/25 21:30:00,29.165,,,,,
18584,10/20/25 21:45:00,29.140,,,,,
18585,10/20/25 22:00:00,29.365,,,,,
18586,10/20/25 22:15:00,29.490,,,,,
18587,10/20/25 22:30:00,29.640,,,,,
18588,10/20/25 22:45:00,29.640,,,,,
18589,10/20/25 23:00:00,29.615,,,,,
18590,10/20/25 23:15:00,29.615,,,,,
18591,10/20/25 23:30:00,29.615,,,,,
18592,10/20/25 23:45:00,29.665,,,,,
18593,10/21/25 00:00:00,29.640,,,,,
18594,10/21/25 00:15:00,29.615,,,,,
18595,10/21/25 00:30:00,29.640,,,,,
18596,10/21/25 00:45:00,29.665,,,,,
18597,10/21/25 01:00:00,29.640,,,,,
18598,10/21/25 01:15:00,29.665,,,,,
18599,10/21/25 01:30:00,29.665,,,,,
18600,10/21/25 01:45:00,29.665,,,,,
18601,10/21/25 02:00:00,29.665,,,,,
18602,10/21/25 02:15:00,29.690,,,,,
18603,10/21/25 02:30:00,29.690,,,,,
18604,10/21/25 02:45:00,29.690,,,,,
18605,10/21/25 03:00:00,29.740,,,,,
18606,10/21/25 03:15:00,29.740,,,,,
18607,10/21/25 03:30:00,29.740,,,,,
18608,10/21/25 03:45:00,29.740,,,,,
18609,10/21/25 04:00:00,29.740,,,,,
18610,10/21/25 04:15:00,29.615,,,,,
18611,10/21/25 04:30:00,29.640,,,,,
18612,10/21/25 04:45:00,29.715,,,,,
18613,10/21/25 05:00:00,29.740,,,,,
18614,10/21/25 05:15:00,29.740,,,,,
18615,10/21/25 05:30:00,29.740,,,,,
18616,10/21/25 05:45:00,29.615,,,,,
18617,10/21/25 06:00:00,29.590,,,,,
18618,10/21/25 06:15:00,29.615,,,,,
18619,10/21/25 06:30:00,29.615,,,,,
18620,10/21/25 06:45:00,29.590,,,,,
18621,10/21/25 07:00:00,29.590,,,,,
18622,10/21/25 07:15:00,29.640,,,,,
18623,10/21/25 07:30:00,29.640,,,,,
18624,10/21/25 07:45:00,29.540,,,,,
18625,10/21/25 08:00:00,29.540,,,,,
18626,10/21/25 08:15:00,29.540,,,,,
18627,10/21/25 08:30:00,29.414,,,,,
18628,10/21/25 08:45:00,29.414,,,,,
18629,10/21/25 09:00:00,29.414,,,,,
18630,10/21/25 09:15:00,29.565,,,,,
18631,10/21/25 09:30:00,29.565,,,,,
18632,10/21/25 09:45:00,29.715,,,,,
18633,10/21/25 10:00:00,29.464,,,,,
18634,10/21/25 10:15:00,29.490,,,,,
18635,10/21/25 10:30:00,29.340,,,,,
18636,10/21/25 10:45:00,29.340,,,,,
18637,10/21/25 11:00:00,29.565,,,,,
18638,10/21/25 11:15:00,29.389,,,,,
18639,10/21/25 11:30:00,29.365,,,,,
18640,10/21/25 11:45:00,29.365,,,,,
18641,10/21/25 12:00:00,29.365,,,,,
18642,10/21/25 12:15:00,29.290,,,,,
18643,10/21/25 12:30:00,29.340,,,,,
18644,10/21/25 12:45:00,29.464,,,,,
18645,10/21/25 13:00:00,29.439,,,,,
18646,10/21/25 13:15:00,29.340,,,,,
18647,10/21/25 13:30:00,29.515,,,,,
18648,10/21/25 13:45:00,29.515,,,,,
18649,10/21/25 14:00:00,29.565,,,,,
18650,10/21/25 14:15:00,29.515,,,,,
18651,10/21/25 14:30:00,29.439,,,,,
18652,10/21/25 14:45:00,29.389,,,,,
18653,10/21/25 15:00:00,29.414,,,,,
18654,10/21/25 15:15:00,29.464,,,,,
18655,10/21/25 15:30:00,29.464,,,,,
18656,10/21/25 15:45:00,29.590,,,,,
18657,10/21/25 16:00:00,29.665,,,,,
18658,10/21/25 16:15:00,29.665,,,,,
18659,10/21/25 16:30:00,29.665,,,,,
18660,10/21/25 16:45:00,29.715,,,,,
18661,10/21/25 17:00:00,29.690,,,,,
18662,10/21/25 17:15:00,29.665,,,,,
18663,10/21/25 17:30:00,29.665,,,,,
18664,10/21/25 17:45:00,29.690,,,,,
18665,10/21/25 18:00:00,29.690,,,,,
18666,10/21/25 18:15:00,29.515,,,,,
18667,10/21/25 18:30:00,29.615,,,,,
18668,10/21/25 18:45:00,29.640,,,,,
18669,10/21/25 19:00:00,29.590,,,,,
18670,10/21/25 19:15:00,29.615,,,,,
18671,10/21/25 19:30:00,29.565,,,,,
18672,10/21/25 19:45:00,29.615,,,,,
18673,10/21/25 20:00:00,29.615,,,,,
18674,10/21/25 20:15:00,29.565,,,,,
18675,10/21/25 20:30:00,29.515,,,,,
18676,10/21/25 20:45:00,29.515,,,,,
18677,10/21/25 21:00:00,29.215,,,,,
18678,10/21/25 21:15:00,29.490,,,,,
18679,10/21/25 21:30:00,29.565,,,,,
18680,10/21/25 21:45:00,29.414,,,,,
18681,10/21/25 22:00:00,29.464,,,,,
18682,10/21/25 22:15:00,28.916,,,,,
18683,10/21/25 22:30:00,28.891,,,,,
18684,10/21/25 22:45:00,28.941,,,,,
18685,10/21/25 23:00:00,29.515,,,,,
18686,10/21/25 23:15:00,29.565,,,,,
18687,10/21/25 23:30:00,29.640,,,,,
18688,10/21/25 23:45:00,29.665,,,,,
18689,10/22/25 00:00:00,29.665,,,,,
18690,10/22/25 00:15:00,29.715,,,,,
18691,10/22/25 00:30:00,29.740,,,,,
18692,10/22/25 00:45:00,29.740,,,,,
18693,10/22/25 01:00:00,29.740,,,,,
18694,10/22/25 01:15:00,29.740,,,,,
18695,10/22/25 01:30:00,29.740,,,,,
18696,10/22/25 01:45:00,29.715,,,,,
18697,10/22/25 02:00:00,29.715,,,,,
18698,10/22/25 02:15:00,29.740,,,,,
18699,10/22/25 02:30:00,29.690,,,,,
18700,10/22/25 02:45:00,29.640,,,,,
18701,10/22/25 03:00:00,29.640,,,,,
18702,10/22/25 03:15:00,29.565,,,,,
18703,10/22/25 03:30:00,29.515,,,,,
18704,10/22/25 03:45:00,29.515,,,,,
18705,10/22/25 04:00:00,29.540,,,,,
18706,10/22/25 04:15:00,29.065,,,,,
18707,10/22/25 04:30:00,29.290,,,,,
18708,10/22/25 04:45:00,29.165,,,,,
18709,10/22/25 05:00:00,29.365,,,,,
18710,10/22/25 05:15:00,29.540,,,,,
18711,10/22/25 05:30:00,29.540,,,,,
18712,10/22/25 05:45:00,29.515,,,,,
18713,10/22/25 06:00:00,29.515,,,,,
18714,10/22/25 06:15:00,29.540,,,,,
18715,10/22/25 06:30:00,29.365,,,,,
18716,10/22/25 06:45:00,29.464,,,,,
18717,10/22/25 07:00:00,29.490,,,,,
18718,10/22/25 07:15:00,29.490,,,,,
18719,10/22/25 07:30:00,29.615,,,,,
18720,10/22/25 07:45:00,29.640,,,,,
18721,10/22/25 08:00:00,29.565,,,,,
18722,10/22/25 08:15:00,29.389,,,,,
18723,10/22/25 08:30:00,29.590,,,,,
18724,10/22/25 08:45:00,29.515,,,,,
18725,10/22/25 09:00:00,29.590,,,,,
18726,10/22/25 09:15:00,29.615,,,,,
18727,10/22/25 09:30:00,29.640,,,,,
18728,10/22/25 09:45:00,29.640,,,,,
18729,10/22/25 10:00:00,29.665,,,,,
18730,10/22/25 10:15:00,29.665,,,,,
18731,10/22/25 10:30:00,29.464,,,,,
18732,10/22/25 10:45:00,29.540,,,,,
18733,10/22/25 11:00:00,29.640,,,,,
18734,10/22/25 11:15:00,29.590,,,,,
18735,10/22/25 11:30:00,29.590,,,,,
18736,10/22/25 11:45:00,29.414,,,,,
18737,10/22/25 12:00:00,29.290,,,,,
18738,10/22/25 12:15:00,29.315,,,,,
18739,10/22/25 12:30:00,29.315,,,,,
18740,10/22/25 12:45:00,29.365,,,,,
18741,10/22/25 13:00:00,29.389,,,,,
18742,10/22/25 13:15:00,29.365,,,,,
18743,10/22/25 13:30:00,29.414,,,,,
18744,10/22/25 13:45:00,29.439,,,,,
18745,10/22/25 14:00:00,29.389,,,,,
18746,10/22/25 14:15:00,29.414,,,,,
18747,10/22/25 14:30:00,29.464,,,,,
18748,10/22/25 14:45:00,29.464,,,,,
18749,10/22/25 15:00:00,29.540,,,,,
18750,10/22/25 15:15:00,29.640,,,,,
18751,10/22/25 15:30:00,29.640,,,,,
18752,10/22/25 15:45:00,29.615,,,,,
18753,10/22/25 16:00:00,29.565,,,,,
18754,10/22/25 16:15:00,29.565,,,,,
18755,10/22/25 16:30:00,29.615,,,,,
18756,10/22/25 16:45:00,29.565,,,,,
18757,10/22/25 17:00:00,29.590,,,,,
18758,10/22/25 17:15:00,29.590,,,,,
18759,10/22/25 17:30:00,29.590,,,,,
18760,10/22/25 17:45:00,29.590,,,,,
18761,10/22/25 18:00:00,29.615,,,,,
18762,10/22/25 18:15:00,29.640,,,,,
18763,10/22/25 18:30:00,29.615,,,,,
18764,10/22/25 18:45:00,29.565,,,,,
18765,10/22/25 19:00:00,29.515,,,,,
18766,10/22/25 19:15:00,29.615,,,,,
18767,10/22/25 19:30:00,29.665,,,,,
18768,10/22/25 19:45:00,29.640,,,,,
18769,10/22/25 20:00:00,29.665,,,,,
18770,10/22/25 20:15:00,29.665,,,,,
18771,10/22/25 20:30:00,29.640,,,,,
18772,10/22/25 20:45:00,29.665,,,,,
18773,10/22/25 21:00:00,29.665,,,,,
18774,10/22/25 21:15:00,29.690,,,,,
18775,10/22/25 21:30:00,29.665,,,,,
18776,10/22/25 21:45:00,29.640,,,,,
18777,10/22/25 22:00:00,29.640,,,,,
18778,10/22/25 22:15:00,29.590,,,,,
18779,10/22/25 22:30:00,29.565,,,,,
18780,10/22/25 22:45:00,29.540,,,,,
18781,10/22/25 23:00:00,29.490,,,,,
18782,10/22/25 23:15:00,29.439,,,,,
18783,10/22/25 23:30:00,29.389,,,,,
18784,10/22/25 23:45:00,29.389,,,,,
18785,10/23/25 00:00:00,29.365,,,,,
18786,10/23/25 00:15:00,29.389,,,,,
18787,10/23/25 00:30:00,29.389,,,,,
18788,10/23/25 00:45:00,29.389,,,,,
18789,10/23/25 01:00:00,29.389,,,,,
18790,10/23/25 01:15:00,29.414,,,,,
18791,10/23/25 01:30:00,29.340,,,,,
18792,10/23/25 01:45:00,29.340,,,,,
18793,10/23/25 02:00:00,29.315,,,,,
18794,10/23/25 02:15:00,29.315,,,,,
18795,10/23/25 02:30:00,29.340,,,,,
18796,10/23/25 02:45:00,29.315,,,,,
18797,10/23/25 03:00:00,29.290,,,,,
18798,10/23/25 03:15:00,29.315,,,,,
18799,10/23/25 03:30:00,29.315,,,,,
18800,10/23/25 03:45:00,29.290,,,,,
18801,10/23/25 04:00:00,29.340,,,,,
18802,10/23/25 04:15:00,29.365,,,,,
18803,10/23/25 04:30:00,29.340,,,,,
18804,10/23/25 04:45:00,29.290,,,,,
18805,10/23/25 05:00:00,29.290,,,,,
18806,10/23/25 05:15:00,29.290,,,,,
18807,10/23/25 05:30:00,29.315,,,,,
18808,10/23/25 05:45:00,29.340,,,,,
18809,10/23/25 06:00:00,29.190,,,,,
18810,10/23/25 06:15:00,29.240,,,,,
18811,10/23/25 06:30:00,29.090,,,,,
18812,10/23/25 06:45:00,29.165,,,,,
18813,10/23/25 07:00:00,29.065,,,,,
18814,10/23/25 07:15:00,29.165,,,,,
18815,10/23/25 07:30:00,29.190,,,,,
18816,10/23/25 07:45:00,29.165,,,,,
18817,10/23/25 08:00:00,29.190,,,,,
18818,10/23/25 08:15:00,29.065,,,,,
18819,10/23/25 08:30:00,28.965,,,,,
18820,10/23/25 08:45:00,29.015,,,,,
18821,10/23/25 09:00:00,28.841,,,,,
18822,10/23/25 09:15:00,28.841,,,,,
18823,10/23/25 09:30:00,28.791,,,,,
18824,10/23/25 09:45:00,28.766,,,,,
18825,10/23/25 10:00:00,28.717,,,,,
18826,10/23/25 10:15:00,28.667,,,,,
18827,10/23/25 10:30:00,28.742,,,,,
18828,10/23/25 10:45:00,28.816,,,,,
18829,10/23/25 11:00:00,29.215,,,,,
18830,10/23/25 11:15:00,29.240,,,,,
18831,10/23/25 11:30:00,29.290,,,,,
18832,10/23/25 11:45:00,29.340,,,,,
18833,10/23/25 12:00:00,29.290,,,,,
18834,10/23/25 12:15:00,29.165,,,,,
18835,10/23/25 12:30:00,29.240,,,,,
18836,10/23/25 12:45:00,29.140,,,,,
18837,10/23/25 13:00:00,29.215,,,,,
18838,10/23/25 13:15:00,29.065,,,,,
18839,10/23/25 13:30:00,28.941,,,,,
18840,10/23/25 13:45:00,29.015,,,,,
18841,10/23/25 14:00:00,28.990,,,,,
18842,10/23/25 14:15:00,29.015,,,,,
18843,10/23/25 14:30:00,29.165,,,,,
18844,10/23/25 14:45:00,29.215,,,,,
18845,10/23/25 15:00:00,28.965,,,,,
18846,10/23/25 15:15:00,28.941,,,,,
18847,10/23/25 15:30:00,29.414,,,,,
18848,10/23/25 15:45:00,29.439,,,,,
18849,10/23/25 16:00:00,29.490,,,,,
18850,10/23/25 16:15:00,29.464,,,,,
18851,10/23/25 16:30:00,29.464,,,,,
18852,10/23/25 16:45:00,29.490,,,,,
18853,10/23/25 17:00:00,29.490,,,,,
18854,10/23/25 17:15:00,29.490,,,,,
18855,10/23/25 17:30:00,29.165,,,,,
18856,10/23/25 17:45:00,28.941,,,,,
18857,10/23/25 18:00:00,28.990,,,,,
18858,10/23/25 18:15:00,29.190,,,,,
18859,10/23/25 18:30:00,29.140,,,,,
18860,10/23/25 18:45:00,29.215,,,,,
18861,10/23/25 19:00:00,29.290,,,,,
18862,10/23/25 19:15:00,29.240,,,,,
18863,10/23/25 19:30:00,29.240,,,,,
18864,10/23/25 19:45:00,29.290,,,,,
18865,10/23/25 20:00:00,29.290,,,,,
18866,10/23/25 20:15:00,29.315,,,,,
18867,10/23/25 20:30:00,29.340,,,,,
18868,10/23/25 20:45:00,29.365,,,,,
18869,10/23/25 21:00:00,29.365,,,,,
18870,10/23/25 21:15:00,29.389,,,,,
18871,10/23/25 21:30:00,29.365,,,,,
18872,10/23/25 21:45:00,29.365,,,,,
18873,10/23/25 22:00:00,29.389,,,,,
18874,10/23/25 22:15:00,29.215,,,,,
18875,10/23/25 22:30:00,29.240,,,,,
18876,10/23/25 22:45:00,29.265,,,,,
18877,10/23/25 23:00:00,29.215,,,,,
18878,10/23/25 23:15:00,29.365,,,,,
18879,10/23/25 23:30:00,29.439,,,,,
18880,10/23/25 23:45:00,29.464,,,,,
18881,10/24/25 00:00:00,29.439,,,,,
18882,10/24/25 00:15:00,29.389,,,,,
18883,10/24/25 00:30:00,29.365,,,,,
18884,10/24/25 00:45:00,29.365,,,,,
18885,10/24/25 01:00:00,29.414,,,,,
18886,10/24/25 01:15:00,29.414,,,,,
18887,10/24/25 01:30:00,29.490,,,,,
18888,10/24/25 01:45:00,29.490,,,,,
18889,10/24/25 02:00:00,29.490,,,,,
18890,10/24/25 02:15:00,29.464,,,,,
18891,10/24/25 02:30:00,29.464,,,,,
18892,10/24/25 02:45:00,29.464,,,,,
18893,10/24/25 03:00:00,29.490,,,,,
18894,10/24/25 03:15:00,29.464,,,,,
18895,10/24/25 03:30:00,29.439,,,,,
18896,10/24/25 03:45:00,29.464,,,,,
18897,10/24/25 04:00:00,29.439,,,,,
18898,10/24/25 04:15:00,29.439,,,,,
18899,10/24/25 04:30:00,29.439,,,,,
18900,10/24/25 04:45:00,29.439,,,,,
18901,10/24/25 05:00:00,29.464,,,,,
18902,10/24/25 05:15:00,29.464,,,,,
18903,10/24/25 05:30:00,29.464,,,,,
18904,10/24/25 05:45:00,29.439,,,,,
18905,10/24/25 06:00:00,29.414,,,,,
18906,10/24/25 06:15:00,29.414,,,,,
18907,10/24/25 06:30:00,29.389,,,,,
18908,10/24/25 06:45:00,29.389,,,,,
18909,10/24/25 07:00:00,29.414,,,,,
18910,10/24/25 07:15:00,29.414,,,,,
18911,10/24/25 07:30:00,29.414,,,,,
18912,10/24/25 07:45:00,29.414,,,,,
18913,10/24/25 08:00:00,29.414,,,,,
18914,10/24/25 08:15:00,29.389,,,,,
18915,10/24/25 08:30:00,29.389,,,,,
18916,10/24/25 08:45:00,29.389,,,,,
18917,10/24/25 09:00:00,29.414,,,,,
18918,10/24/25 09:15:00,29.414,,,,,
18919,10/24/25 09:30:00,29.439,,,,,
18920,10/24/25 09:45:00,29.464,,,,,
18921,10/24/25 10:00:00,29.439,,,,,
18922,10/24/25 10:15:00,29.490,,,,,
18923,10/24/25 10:30:00,29.490,,,,,
18924,10/24/25 10:45:00,29.365,,,,,
18925,10/24/25 11:00:00,29.365,,,,,
18926,10/24/25 11:15:00,29.365,,,,,
18927,10/24/25 11:30:00,29.365,,,,,
18928,10/24/25 11:45:00,29.365,,,,,
18929,10/24/25 12:00:00,29.389,,,,,
18930,10/24/25 12:15:00,29.414,,,,,
18931,10/24/25 12:30:00,29.439,,,,,
18932,10/24/25 12:45:00,29.439,,,,,
18933,10/24/25 13:00:00,29.464,,,,,
18934,10/24/25 13:15:00,29.464,,,,,
18935,10/24/25 13:30:00,29.464,,,,,
18936,10/24/25 13:45:00,29.464,,,,,
18937,10/24/25 14:00:00,29.464,,,,,
18938,10/24/25 14:15:00,29.464,,,,,
18939,10/24/25 14:30:00,29.464,,,,,
18940,10/24/25 14:45:00,29.464,,,,,
18941,10/24/25 15:00:00,29.490,,,,,
18942,10/24/25 15:15:00,29.515,,,,,
18943,10/24/25 15:30:00,29.540,,,,,
18944,10/24/25 15:45:00,29.540,,,,,
18945,10/24/25 16:00:00,29.540,,,,,
18946,10/24/25 16:15:00,29.540,,,,,
18947,10/24/25 16:30:00,29.540,,,,,
18948,10/24/25 16:45:00,29.540,,,,,
18949,10/24/25 17:00:00,29.540,,,,,
18950,10/24/25 17:15:00,29.565,,,,,
18951,10/24/25 17:30:00,29.565,,,,,
18952,10/24/25 17:45:00,29.590,,,,,
18953,10/24/25 18:00:00,29.565,,,,,
18954,10/24/25 18:15:00,29.615,,,,,
18955,10/24/25 18:30:00,29.590,,,,,
18956,10/24/25 18:45:00,29.590,,,,,
18957,10/24/25 19:00:00,29.590,,,,,
18958,10/24/25 19:15:00,29.590,,,,,
18959,10/24/25 19:30:00,29.590,,,,,
18960,10/24/25 19:45:00,29.615,,,,,
18961,10/24/25 20:00:00,29.640,,,,,
18962,10/24/25 20:15:00,29.640,,,,,
18963,10/24/25 20:30:00,29.640,,,,,
18964,10/24/25 20:45:00,29.640,,,,,
18965,10/24/25 21:00:00,29.615,,,,,
18966,10/24/25 21:15:00,29.615,,,,,
18967,10/24/25 21:30:00,29.590,,,,,
18968,10/24/25 21:45:00,29.615,,,,,
18969,10/24/25 22:00:00,29.065,,,,,
18970,10/24/25 22:15:00,28.766,,,,,
18971,10/24/25 22:30:00,28.866,,,,,
18972,10/24/25 22:45:00,28.866,,,,,
18973,10/24/25 23:00:00,28.916,,,,,
18974,10/24/25 23:15:00,28.916,,,,,
18975,10/24/25 23:30:00,29.290,,,,,
18976,10/24/25 23:45:00,29.540,,,,,
18977,10/25/25 00:00:00,29.565,,,,,
18978,10/25/25 00:15:00,29.565,,,,,
18979,10/25/25 00:30:00,29.565,,,,,
18980,10/25/25 00:45:00,29.590,,,,,
18981,10/25/25 01:00:00,29.565,,,,,
18982,10/25/25 01:15:00,29.265,,,,,
18983,10/25/25 01:30:00,29.065,,,,,
18984,10/25/25 01:45:00,29.439,,,,,
18985,10/25/25 02:00:00,29.565,,,,,
18986,10/25/25 02:15:00,29.439,,,,,
18987,10/25/25 02:30:00,29.389,,,,,
18988,10/25/25 02:45:00,29.215,,,,,
18989,10/25/25 03:00:00,29.090,,,,,
18990,10/25/25 03:15:00,29.090,,,,,
18991,10/25/25 03:30:00,29.040,,,,,
18992,10/25/25 03:45:00,29.015,,,,,
18993,10/25/25 04:00:00,29.090,,,,,
18994,10/25/25 04:15:00,29.040,,,,,
18995,10/25/25 04:30:00,29.040,,,,,
18996,10/25/25 04:45:00,29.015,,,,,
18997,10/25/25 05:00:00,29.040,,,,,
18998,10/25/25 05:15:00,29.040,,,,,
18999,10/25/25 05:30:00,29.015,,,,,
19000,10/25/25 05:45:00,29.090,,,,,
19001,10/25/25 06:00:00,29.090,,,,,
19002,10/25/25 06:15:00,29.090,,,,,
19003,10/25/25 06:30:00,29.065,,,,,
19004,10/25/25 06:45:00,29.090,,,,,
19005,10/25/25 07:00:00,29.115,,,,,
19006,10/25/25 07:15:00,29.115,,,,,
19007,10/25/25 07:30:00,29.090,,,,,
19008,10/25/25 07:45:00,29.090,,,,,
19009,10/25/25 08:00:00,29.115,,,,,
19010,10/25/25 08:15:00,29.115,,,,,
19011,10/25/25 08:30:00,29.215,,,,,
19012,10/25/25 08:45:00,29.215,,,,,
19013,10/25/25 09:00:00,29.240,,,,,
19014,10/25/25 09:15:00,29.315,,,,,
19015,10/25/25 09:30:00,29.365,,,,,
19016,10/25/25 09:45:00,29.389,,,,,
19017,10/25/25 10:00:00,29.389,,,,,
19018,10/25/25 10:15:00,29.389,,,,,
19019,10/25/25 10:30:00,29.389,,,,,
19020,10/25/25 10:45:00,29.540,,,,,
19021,10/25/25 11:00:00,29.515,,,,,
19022,10/25/25 11:15:00,29.590,,,,,
19023,10/25/25 11:30:00,29.540,,,,,
19024,10/25/25 11:45:00,29.515,,,,,
19025,10/25/25 12:00:00,29.389,,,,,
19026,10/25/25 12:15:00,29.290,,,,,
19027,10/25/25 12:30:00,29.215,,,,,
19028,10/25/25 12:45:00,29.215,,,,,
19029,10/25/25 13:00:00,29.215,,,,,
19030,10/25/25 13:15:00,29.340,,,,,
19031,10/25/25 13:30:00,29.389,,,,,
19032,10/25/25 13:45:00,29.389,,,,,
19033,10/25/25 14:00:00,29.464,,,,,
19034,10/25/25 14:15:00,29.490,,,,,
19035,10/25/25 14:30:00,29.490,,,,,
19036,10/25/25 14:45:00,29.490,,,,,
19037,10/25/25 15:00:00,29.490,,,,,
19038,10/25/25 15:15:00,29.464,,,,,
19039,10/25/25 15:30:00,29.464,,,,,
19040,10/25/25 15:45:00,29.464,,,,,
19041,10/25/25 16:00:00,29.490,,,,,
19042,10/25/25 16:15:00,29.515,,,,,
19043,10/25/25 16:30:00,29.490,,,,,
19044,10/25/25 16:45:00,29.515,,,,,
19045,10/25/25 17:00:00,29.515,,,,,
19046,10/25/25 17:15:00,29.490,,,,,
19047,10/25/25 17:30:00,29.515,,,,,
19048,10/25/25 17:45:00,29.590,,,,,
19049,10/25/25 18:00:00,29.565,,,,,
19050,10/25/25 18:15:00,29.590,,,,,
19051,10/25/25 18:30:00,29.590,,,,,
19052,10/25/25 18:45:00,29.590,,,,,
19053,10/25/25 19:00:00,29.590,,,,,
19054,10/25/25 19:15:00,29.565,,,,,
19055,10/25/25 19:30:00,29.565,,,,,
19056,10/25/25 19:45:00,29.565,,,,,
19057,10/25/25 20:00:00,29.565,,,,,
19058,10/25/25 20:15:00,29.590,,,,,
19059,10/25/25 20:30:00,29.565,,,,,
19060,10/25/25 20:45:00,29.565,,,,,
19061,10/25/25 21:00:00,29.565,,,,,
19062,10/25/25 21:15:00,29.565,,,,,
19063,10/25/25 21:30:00,29.565,,,,,
19064,10/25/25 21:45:00,29.565,,,,,
19065,10/25/25 22:00:00,29.565,,,,,
19066,10/25/25 22:15:00,29.565,,,,,
19067,10/25/25 22:30:00,29.565,,,,,
19068,10/25/25 22:45:00,29.565,,,,,
19069,10/25/25 23:00:00,29.565,,,,,
19070,10/25/25 23:15:00,29.590,,,,,
19071,10/25/25 23:30:00,29.590,,,,,
19072,10/25/25 23:45:00,29.590,,,,,
19073,10/26/25 00:00:00,29.590,,,,,
19074,10/26/25 00:15:00,29.590,,,,,
19075,10/26/25 00:30:00,29.590,,,,,
19076,10/26/25 00:45:00,29.590,,,,,
19077,10/26/25 01:00:00,29.590,,,,,
19078,10/26/25 01:15:00,29.590,,,,,
19079,10/26/25 01:30:00,29.590,,,,,
19080,10/26/25 01:45:00,29.590,,,,,
19081,10/26/25 02:00:00,29.590,,,,,
19082,10/26/25 02:15:00,29.590,,,,,
19083,10/26/25 02:30:00,29.590,,,,,
19084,10/26/25 02:45:00,29.565,,,,,
19085,10/26/25 03:00:00,29.590,,,,,
19086,10/26/25 03:15:00,29.590,,,,,
19087,10/26/25 03:30:00,29.590,,,,,
19088,10/26/25 03:45:00,29.590,,,,,
19089,10/26/25 04:00:00,29.590,,,,,
19090,10/26/25 04:15:00,29.590,,,,,
19091,10/26/25 04:30:00,29.590,,,,,
19092,10/26/25 04:45:00,29.515,,,,,
19093,10/26/25 05:00:00,29.439,,,,,
19094,10/26/25 05:15:00,29.414,,,,,
19095,10/26/25 05:30:00,29.340,,,,,
19096,10/26/25 05:45:00,29.389,,,,,
19097,10/26/25 06:00:00,29.540,,,,,
19098,10/26/25 06:15:00,29.590,,,,,
19099,10/26/25 06:30:00,29.615,,,,,
19100,10/26/25 06:45:00,29.615,,,,,
19101,10/26/25 07:00:00,29.615,,,,,
19102,10/26/25 07:15:00,29.615,,,,,
19103,10/26/25 07:30:00,29.615,,,,,
19104,10/26/25 07:45:00,29.490,,,,,
19105,10/26/25 08:00:00,29.439,,,,,
19106,10/26/25 08:15:00,29.414,,,,,
19107,10/26/25 08:30:00,29.414,,,,,
19108,10/26/25 08:45:00,29.365,,,,,
19109,10/26/25 09:00:00,29.340,,,,,
19110,10/26/25 09:15:00,29.365,,,,,
19111,10/26/25 09:30:00,29.315,,,,,
19112,10/26/25 09:45:00,29.315,,,,,
19113,10/26/25 10:00:00,29.290,,,,,
19114,10/26/25 10:15:00,29.240,,,,,
19115,10/26/25 10:30:00,29.190,,,,,
19116,10/26/25 10:45:00,29.165,,,,,
19117,10/26/25 11:00:00,29.140,,,,,
19118,10/26/25 11:15:00,29.065,,,,,
19119,10/26/25 11:30:00,29.065,,,,,
19120,10/26/25 11:45:00,29.065,,,,,
19121,10/26/25 12:00:00,29.065,,,,,
19122,10/26/25 12:15:00,29.090,,,,,
19123,10/26/25 12:30:00,29.140,,,,,
19124,10/26/25 12:45:00,29.165,,,,,
19125,10/26/25 13:00:00,29.190,,,,,
19126,10/26/25 13:15:00,29.215,,,,,
19127,10/26/25 13:30:00,29.315,,,,,
19128,10/26/25 13:45:00,29.464,,,,,
19129,10/26/25 14:00:00,29.515,,,,,
19130,10/26/25 14:15:00,29.540,,,,,
19131,10/26/25 14:30:00,29.515,,,,,
19132,10/26/25 14:45:00,29.540,,,,,
19133,10/26/25 15:00:00,29.565,,,,,
19134,10/26/25 15:15:00,29.565,,,,,
19135,10/26/25 15:30:00,29.565,,,,,
19136,10/26/25 15:45:00,29.565,,,,,
19137,10/26/25 16:00:00,29.540,,,,,
19138,10/26/25 16:15:00,29.540,,,,,
19139,10/26/25 16:30:00,29.565,,,,,
19140,10/26/25 16:45:00,29.565,,,,,
19141,10/26/25 17:00:00,29.590,,,,,
19142,10/26/25 17:15:00,29.540,,,,,
19143,10/26/25 17:30:00,29.540,,,,,
19144,10/26/25 17:45:00,29.540,,,,,
19145,10/26/25 18:00:00,29.565,,,,,
19146,10/26/25 18:15:00,29.565,,,,,
19147,10/26/25 18:30:00,29.565,,,,,
19148,10/26/25 18:45:00,29.515,,,,,
19149,10/26/25 19:00:00,29.515,,,,,
19150,10/26/25 19:15:00,29.515,,,,,
19151,10/26/25 19:30:00,29.515,,,,,
19152,10/26/25 19:45:00,29.515,,,,,
19153,10/26/25 20:00:00,29.515,,,,,
19154,10/26/25 20:15:00,29.565,,,,,
19155,10/26/25 20:30:00,29.565,,,,,
19156,10/26/25 20:45:00,29.590,,,,,
19157,10/26/25 21:00:00,29.590,,,,,
19158,10/26/25 21:15:00,29.565,,,,,
19159,10/26/25 21:30:00,29.565,,,,,
19160,10/26/25 21:45:00,29.565,,,,,
19161,10/26/25 22:00:00,29.590,,,,,
19162,10/26/25 22:15:00,29.590,,,,,
19163,10/26/25 22:30:00,29.590,,,,,
19164,10/26/25 22:45:00,29.590,,,,,
19165,10/26/25 23:00:00,29.565,,,,,
19166,10/26/25 23:15:00,29.540,,,,,
19167,10/26/25 23:30:00,29.565,,,,,
19168,10/26/25 23:45:00,29.565,,,,,
19169,10/27/25 00:00:00,29.565,,,,,
19170,10/27/25 00:15:00,29.565,,,,,
19171,10/27/25 00:30:00,29.565,,,,,
19172,10/27/25 00:45:00,29.565,,,,,
19173,10/27/25 01:00:00,29.565,,,,,
19174,10/27/25 01:15:00,29.615,,,,,
19175,10/27/25 01:30:00,29.615,,,,,
19176,10/27/25 01:45:00,29.590,,,,,
19177,10/27/25 02:00:00,29.590,,,,,
19178,10/27/25 02:15:00,29.615,,,,,
19179,10/27/25 02:30:00,29.615,,,,,
19180,10/27/25 02:45:00,29.540,,,,,
19181,10/27/25 03:00:00,29.540,,,,,
19182,10/27/25 03:15:00,29.515,,,,,
19183,10/27/25 03:30:00,29.515,,,,,
19184,10/27/25 03:45:00,29.515,,,,,
19185,10/27/25 04:00:00,29.490,,,,,
19186,10/27/25 04:15:00,29.464,,,,,
19187,10/27/25 04:30:00,29.464,,,,,
19188,10/27/25 04:45:00,29.515,,,,,
19189,10/27/25 05:00:00,29.515,,,,,
19190,10/27/25 05:15:00,29.490,,,,,
19191,10/27/25 05:30:00,29.414,,,,,
19192,10/27/25 05:45:00,29.439,,,,,
19193,10/27/25 06:00:00,29.414,,,,,
19194,10/27/25 06:15:00,29.414,,,,,
19195,10/27/25 06:30:00,29.490,,,,,
19196,10/27/25 06:45:00,29.590,,,,,
19197,10/27/25 07:00:00,29.615,,,,,
19198,10/27/25 07:15:00,29.615,,,,,
19199,10/27/25 07:30:00,29.615,,,,,
19200,10/27/25 07:45:00,29.640,,,,,
19201,10/27/25 08:00:00,29.615,,,,,
19202,10/27/25 08:15:00,29.590,,,,,
19203,10/27/25 08:30:00,29.640,,,,,
19204,10/27/25 08:45:00,29.640,,,,,
19205,10/27/25 09:00:00,29.640,,,,,
19206,10/27/25 09:15:00,29.615,,,,,
19207,10/27/25 09:30:00,29.615,,,,,
19208,10/27/25 09:45:00,29.590,,,,,
19209,10/27/25 10:00:00,29.615,,,,,
19210,10/27/25 10:15:00,29.615,,,,,
19211,10/27/25 10:30:00,29.615,,,,,
19212,10/27/25 10:45:00,29.540,,,,,
19213,10/27/25 11:00:00,29.464,,,,,
19214,10/27/25 11:15:00,29.490,,,,,
19215,10/27/25 11:30:00,29.540,,,,,
19216,10/27/25 11:45:00,29.540,,,,,
19217,10/27/25 12:00:00,29.565,,,,,
19218,10/27/25 12:15:00,29.565,,,,,
19219,10/27/25 12:30:00,29.565,,,,,
19220,10/27/25 12:45:00,29.540,,,,,
19221,10/27/25 13:00:00,29.540,,,,,
19222,10/27/25 13:15:00,29.565,,,,,
19223,10/27/25 13:30:00,29.190,,,,,
19224,10/27/25 13:45:00,29.340,,,,,
19225,10/27/25 14:00:00,29.340,,,,,
19226,10/27/25 14:15:00,29.315,,,,,
19227,10/27/25 14:30:00,29.340,,,,,
19228,10/27/25 14:45:00,29.389,,,,,
19229,10/27/25 15:00:00,29.464,,,,,
19230,10/27/25 15:15:00,29.615,,,,,
19231,10/27/25 15:30:00,29.640,,,,,
19232,10/27/25 15:45:00,29.665,,,,,
19233,10/27/25 16:00:00,29.640,,,,,
19234,10/27/25 16:15:00,29.665,,,,,
19235,10/27/25 16:30:00,29.665,,,,,
19236,10/27/25 16:45:00,29.665,,,,,
19237,10/27/25 17:00:00,29.640,,,,,
19238,10/27/25 17:15:00,29.665,,,,,
19239,10/27/25 17:30:00,29.665,,,,,
19240,10/27/25 17:45:00,29.640,,,,,
19241,10/27/25 18:00:00,29.665,,,,,
19242,10/27/25 18:15:00,29.665,,,,,
19243,10/27/25 18:30:00,29.665,,,,,
19244,10/27/25 18:45:00,29.690,,,,,
19245,10/27/25 19:00:00,29.665,,,,,
19246,10/27/25 19:15:00,29.665,,,,,
19247,10/27/25 19:30:00,29.665,,,,,
19248,10/27/25 19:45:00,29.640,,,,,
19249,10/27/25 20:00:00,29.590,,,,,
19250,10/27/25 20:15:00,29.590,,,,,
19251,10/27/25 20:30:00,29.590,,,,,
19252,10/27/25 20:45:00,29.615,,,,,
19253,10/27/25 21:00:00,29.640,,,,,
19254,10/27/25 21:15:00,29.640,,,,,
19255,10/27/25 21:30:00,29.640,,,,,
19256,10/27/25 21:45:00,29.665,,,,,
19257,10/27/25 22:00:00,29.665,,,,,
19258,10/27/25 22:15:00,29.665,,,,,
19259,10/27/25 22:30:00,29.665,,,,,
19260,10/27/25 22:45:00,29.665,,,,,
19261,10/27/25 23:00:00,29.590,,,,,
19262,10/27/25 23:15:00,29.565,,,,,
19263,10/27/25 23:30:00,29.615,,,,,
19264,10/27/25 23:45:00,29.640,,,,,
19265,10/28/25 00:00:00,29.590,,,,,
19266,10/28/25 00:15:00,29.640,,,,,
19267,10/28/25 00:30:00,29.665,,,,,
19268,10/28/25 00:45:00,29.690,,,,,
19269,10/28/25 01:00:00,29.690,,,,,
19270,10/28/25 01:15:00,29.690,,,,,
19271,10/28/25 01:30:00,29.665,,,,,
19272,10/28/25 01:45:00,29.690,,,,,
19273,10/28/25 02:00:00,29.690,,,,,
19274,10/28/25 02:15:00,29.590,,,,,
19275,10/28/25 02:30:00,29.615,,,,,
19276,10/28/25 02:45:00,29.590,,,,,
19277,10/28/25 03:00:00,29.565,,,,,
19278,10/28/25 03:15:00,29.565,,,,,
19279,10/28/25 03:30:00,29.565,,,,,
19280,10/28/25 03:45:00,29.565,,,,,
19281,10/28/25 04:00:00,29.640,,,,,
19282,10/28/25 04:15:00,29.640,,,,,
19283,10/28/25 04:30:00,29.665,,,,,
19284,10/28/25 04:45:00,29.590,,,,,
19285,10/28/25 05:00:00,29.515,,,,,
19286,10/28/25 05:15:00,29.590,,,,,
19287,10/28/25 05:30:00,29.640,,,,,
19288,10/28/25 05:45:00,29.540,,,,,
19289,10/28/25 06:00:00,29.490,,,,,
19290,10/28/25 06:15:00,29.565,,,,,
19291,10/28/25 06:30:00,29.615,,,,,
19292,10/28/25 06:45:00,29.615,,,,,
19293,10/28/25 07:00:00,29.640,,,,,
19294,10/28/25 07:15:00,29.665,,,,,
19295,10/28/25 07:30:00,29.665,,,,,
19296,10/28/25 07:45:00,29.690,,,,,
19297,10/28/25 08:00:00,29.690,,,,,
19298,10/28/25 08:15:00,29.690,,,,,
19299,10/28/25 08:30:00,29.690,,,,,
19300,10/28/25 08:45:00,29.690,,,,,
19301,10/28/25 09:00:00,29.690,,,,,
19302,10/28/25 09:15:00,29.690,,,,,
19303,10/28/25 09:30:00,29.690,,,,,
19304,10/28/25 09:45:00,29.690,,,,,
19305,10/28/25 10:00:00,29.690,,,,,
19306,10/28/25 10:15:00,29.690,,,,,
19307,10/28/25 10:30:00,29.690,,,,,
19308,10/28/25 10:45:00,29.690,,,,,
19309,10/28/25 11:00:00,29.690,,,,,
19310,10/28/25 11:15:00,29.690,,,,,
19311,10/28/25 11:30:00,29.690,,,,,
19312,10/28/25 11:45:00,29.690,,,,,
19313,10/28/25 12:00:00,29.690,,,,,
19314,10/28/25 12:15:00,29.690,,,,,
19315,10/28/25 12:30:00,29.690,,,,,
19316,10/28/25 12:45:00,29.690,,,,,
19317,10/28/25 13:00:00,29.690,,,,,
19318,10/28/25 13:15:00,29.665,,,,,
19319,10/28/25 13:30:00,29.665,,,,,
19320,10/28/25 13:45:00,29.690,,,,,
19321,10/28/25 14:00:00,29.690,,,,,
19322,10/28/25 14:15:00,29.690,,,,,
19323,10/28/25 14:30:00,29.690,,,,,
19324,10/28/25 14:45:00,29.690,,,,,
19325,10/28/25 15:00:00,29.690,,,,,
19326,10/28/25 15:15:00,29.690,,,,,
19327,10/28/25 15:30:00,29.690,,,,,
19328,10/28/25 15:45:00,29.690,,,,,
19329,10/28/25 16:00:00,29.690,,,,,
19330,10/28/25 16:15:00,29.690,,,,,
19331,10/28/25 16:30:00,29.690,,,,,
19332,10/28/25 16:45:00,29.690,,,,,
19333,10/28/25 17:00:00,29.690,,,,,
19334,10/28/25 17:15:00,29.690,,,,,
19335,10/28/25 17:30:00,29.690,,,,,
19336,10/28/25 17:45:00,29.690,,,,,
19337,10/28/25 18:00:00,29.690,,,,,
19338,10/28/25 18:15:00,29.690,,,,,
19339,10/28/25 18:30:00,29.740,,,,,
19340,10/28/25 18:45:00,29.715,,,,,
19341,10/28/25 19:00:00,29.690,,,,,
19342,10/28/25 19:15:00,29.740,,,,,
19343,10/28/25 19:30:00,29.715,,,,,
19344,10/28/25 19:45:00,29.715,,,,,
19345,10/28/25 20:00:00,29.690,,,,,
19346,10/28/25 20:15:00,29.690,,,,,
19347,10/28/25 20:30:00,29.715,,,,,
19348,10/28/25 20:45:00,29.715,,,,,
19349,10/28/25 21:00:00,29.715,,,,,
19350,10/28/25 21:15:00,29.740,,,,,
19351,10/28/25 21:30:00,29.715,,,,,
19352,10/28/25 21:45:00,29.715,,,,,
19353,10/28/25 22:00:00,29.665,,,,,
19354,10/28/25 22:15:00,29.715,,,,,
19355,10/28/25 22:30:00,29.740,,,,,
19356,10/28/25 22:45:00,29.715,,,,,
19357,10/28/25 23:00:00,29.715,,,,,
19358,10/28/25 23:15:00,29.715,,,,,
19359,10/28/25 23:30:00,29.715,,,,,
19360,10/28/25 23:45:00,29.740,,,,,
19361,10/29/25 00:00:00,29.715,,,,,
19362,10/29/25 00:15:00,29.690,,,,,
19363,10/29/25 00:30:00,29.690,,,,,
19364,10/29/25 00:45:00,29.715,,,,,
19365,10/29/25 01:00:00,29.715,,,,,
19366,10/29/25 01:15:00,29.690,,,,,
19367,10/29/25 01:30:00,29.690,,,,,
19368,10/29/25 01:45:00,29.740,,,,,
19369,10/29/25 02:00:00,29.715,,,,,
19370,10/29/25 02:15:00,29.690,,,,,
19371,10/29/25 02:30:00,29.665,,,,,
19372,10/29/25 02:45:00,29.690,,,,,
19373,10/29/25 03:00:00,29.665,,,,,
19374,10/29/25 03:15:00,29.640,,,,,
19375,10/29/25 03:30:00,29.615,,,,,
19376,10/29/25 03:45:00,29.565,,,,,
19377,10/29/25 04:00:00,29.515,,,,,
19378,10/29/25 04:15:00,29.490,,,,,
19379,10/29/25 04:30:00,29.490,,,,,
19380,10/29/25 04:45:00,29.490,,,,,
19381,10/29/25 05:00:00,29.540,,,,,
19382,10/29/25 05:15:00,29.515,,,,,
19383,10/29/25 05:30:00,29.590,,,,,
19384,10/29/25 05:45:00,29.740,,,,,
19385,10/29/25 06:00:00,29.715,,,,,
19386,10/29/25 06:15:00,29.640,,,,,
19387,10/29/25 06:30:00,29.690,,,,,
19388,10/29/25 06:45:00,29.715,,,,,
19389,10/29/25 07:00:00,29.715,,,,,
19390,10/29/25 07:15:00,29.715,,,,,
19391,10/29/25 07:30:00,29.715,,,,,
19392,10/29/25 07:45:00,29.715,,,,,
19393,10/29/25 08:00:00,29.740,,,,,
19394,10/29/25 08:15:00,29.740,,,,,
19395,10/29/25 08:30:00,29.765,,,,,
19396,10/29/25 08:45:00,29.765,,,,,
19397,10/29/25 09:00:00,29.790,,,,,
19398,10/29/25 09:15:00,29.740,,,,,
19399,10/29/25 09:30:00,29.740,,,,,
19400,10/29/25 09:45:00,29.740,,,,,
19401,10/29/25 10:00:00,29.765,,,,,
19402,10/29/25 10:15:00,29.740,,,,,
19403,10/29/25 10:30:00,29.740,,,,,
19404,10/29/25 10:45:00,29.740,,,,,
19405,10/29/25 11:00:00,29.740,,,,,
19406,10/29/25 11:15:00,29.740,,,,,
19407,10/29/25 11:30:00,29.740,,,,,
19408,10/29/25 11:45:00,29.740,,,,,
19409,10/29/25 12:00:00,29.740,,,,,
19410,10/29/25 12:15:00,29.740,,,,,
19411,10/29/25 12:30:00,29.765,,,,,
19412,10/29/25 12:45:00,29.765,,,,,
19413,10/29/25 13:00:00,29.740,,,,,
19414,10/29/25 13:15:00,29.690,,,,,
19415,10/29/25 13:30:00,29.615,,,,,
19416,10/29/25 13:45:00,29.565,,,,,
19417,10/29/25 14:00:00,29.690,,,,,
19418,10/29/25 14:15:00,29.715,,,,,
19419,10/29/25 14:30:00,29.665,,,,,
19420,10/29/25 14:45:00,29.665,,,,,
19421,10/29/25 15:00:00,29.715,,,,,
19422,10/29/25 15:15:00,29.740,,,,,
19423,10/29/25 15:30:00,29.690,,,,,
19424,10/29/25 15:45:00,29.690,,,,,
19425,10/29/25 16:00:00,29.665,,,,,
19426,10/29/25 16:15:00,29.690,,,,,
19427,10/29/25 16:30:00,29.640,,,,,
19428,10/29/25 16:45:00,29.640,,,,,
19429,10/29/25 17:00:00,29.640,,,,,
19430,10/29/25 17:15:00,29.665,,,,,
19431,10/29/25 17:30:00,29.715,,,,,
19432,10/29/25 17:45:00,29.740,,,,,
19433,10/29/25 18:00:00,29.765,,,,,
19434,10/29/25 18:15:00,29.765,,,,,
19435,10/29/25 18:30:00,29.765,,,,,
19436,10/29/25 18:45:00,29.765,,,,,
19437,10/29/25 19:00:00,29.765,,,,,
19438,10/29/25 19:15:00,29.765,,,,,
19439,10/29/25 19:30:00,29.765,,,,,
19440,10/29/25 19:45:00,29.740,,,,,
19441,10/29/25 20:00:00,29.690,,,,,
19442,10/29/25 20:15:00,29.690,,,,,
19443,10/29/25 20:30:00,29.665,,,,,
19444,10/29/25 20:45:00,29.665,,,,,
19445,10/29/25 21:00:00,29.690,,,,,
19446,10/29/25 21:15:00,29.740,,,,,
19447,10/29/25 21:30:00,29.740,,,,,
19448,10/29/25 21:45:00,29.740,,,,,
19449,10/29/25 22:00:00,29.765,,,,,
19450,10/29/25 22:15:00,29.765,,,,,
19451,10/29/25 22:30:00,29.765,,,,,
19452,10/29/25 22:45:00,29.765,,,,,
19453,10/29/25 23:00:00,29.765,,,,,
19454,10/29/25 23:15:00,29.765,,,,,
19455,10/29/25 23:30:00,29.740,,,,,
19456,10/29/25 23:45:00,29.740,,,,,
19457,10/30/25 00:00:00,29.740,,,,,
19458,10/30/25 00:15:00,29.765,,,,,
19459,10/30/25 00:30:00,29.765,,,,,
19460,10/30/25 00:45:00,29.765,,,,,
19461,10/30/25 01:00:00,29.740,,,,,
19462,10/30/25 01:15:00,29.715,,,,,
19463,10/30/25 01:30:00,29.715,,,,,
19464,10/30/25 01:45:00,29.665,,,,,
19465,10/30/25 02:00:00,29.690,,,,,
19466,10/30/25 02:15:00,29.665,,,,,
19467,10/30/25 02:30:00,29.690,,,,,
19468,10/30/25 02:45:00,29.665,,,,,
19469,10/30/25 03:00:00,29.740,,,,,
19470,10/30/25 03:15:00,29.765,,,,,
19471,10/30/25 03:30:00,29.765,,,,,
19472,10/30/25 03:45:00,29.765,,,,,
19473,10/30/25 04:00:00,29.690,,,,,
19474,10/30/25 04:15:00,29.690,,,,,
19475,10/30/25 04:30:00,29.690,,,,,
19476,10/30/25 04:45:00,29.690,,,,,
19477,10/30/25 05:00:00,29.715,,,,,
19478,10/30/25 05:15:00,29.690,,,,,
19479,10/30/25 05:30:00,29.640,,,,,
19480,10/30/25 05:45:00,29.590,,,,,
19481,10/30/25 06:00:00,29.590,,,,,
19482,10/30/25 06:15:00,29.590,,,,,
19483,10/30/25 06:30:00,29.590,,,,,
19484,10/30/25 06:45:00,29.515,,,,,
19485,10/30/25 07:00:00,29.665,,,,,
19486,10/30/25 07:15:00,29.715,,,,,
19487,10/30/25 07:30:00,29.715,,,,,
19488,10/30/25 07:45:00,29.715,,,,,
19489,10/30/25 08:00:00,29.715,,,,,
19490,10/30/25 08:15:00,29.690,,,,,
19491,10/30/25 08:30:00,29.690,,,,,
19492,10/30/25 08:45:00,29.640,,,,,
19493,10/30/25 09:00:00,29.615,,,,,
19494,10/30/25 09:15:00,29.690,,,,,
19495,10/30/25 09:30:00,29.715,,,,,
19496,10/30/25 09:45:00,29.665,,,,,
19497,10/30/25 10:00:00,29.690,,,,,
19498,10/30/25 10:15:00,29.690,,,,,
19499,10/30/25 10:30:00,29.715,,,,,
19500,10/30/25 10:45:00,29.715,,,,,
19501,10/30/25 11:00:00,29.715,,,,,
19502,10/30/25 11:15:00,29.740,,,,,
19503,10/30/25 11:30:00,29.665,,,,,
19504,10/30/25 11:45:00,29.715,,,,,
19505,10/30/25 12:00:00,29.590,,,,,
19506,10/30/25 12:15:00,29.615,,,,,
19507,10/30/25 12:30:00,29.615,,,,,
19508,10/30/25 12:45:00,29.690,,,,,
19509,10/30/25 13:00:00,29.765,,,,,
19510,10/30/25 13:15:00,29.765,,,,,
19511,10/30/25 13:30:00,29.765,,,,,
19512,10/30/25 13:45:00,29.765,,,,,
19513,10/30/25 14:00:00,29.765,,,,,
19514,10/30/25 14:15:00,29.740,,,,,
19515,10/30/25 14:30:00,29.765,,,,,
19516,10/30/25 14:45:00,29.765,,,,,
19517,10/30/25 15:00:00,29.765,,,,,
19518,10/30/25 15:15:00,29.765,,,,,
19519,10/30/25 15:30:00,29.765,,,,,
19520,10/30/25 15:45:00,29.765,,,,,
19521,10/30/25 16:00:00,29.765,,,,,
19522,10/30/25 16:15:00,29.765,,,,,
19523,10/30/25 16:30:00,29.765,,,,,
19524,10/30/25 16:45:00,29.715,,,,,
19525,10/30/25 17:00:00,29.715,,,,,
19526,10/30/25 17:15:00,29.715,,,,,
19527,10/30/25 17:30:00,29.740,,,,,
19528,10/30/25 17:45:00,29.740,,,,,
19529,10/30/25 18:00:00,29.740,,,,,
19530,10/30/25 18:15:00,29.740,,,,,
19531,10/30/25 18:30:00,29.740,,,,,
19532,10/30/25 18:45:00,29.740,,,,,
19533,10/30/25 19:00:00,29.740,,,,,
19534,10/30/25 19:15:00,29.740,,,,,
19535,10/30/25 19:30:00,29.740,,,,,
19536,10/30/25 19:45:00,29.740,,,,,
19537,10/30/25 20:00:00,29.715,,,,,
19538,10/30/25 20:15:00,29.640,,,,,
19539,10/30/25 20:30:00,29.665,,,,,
19540,10/30/25 20:45:00,29.690,,,,,
19541,10/30/25 21:00:00,29.615,,,,,
19542,10/30/25 21:15:00,29.615,,,,,
19543,10/30/25 21:30:00,29.690,,,,,
19544,10/30/25 21:45:00,29.715,,,,,
19545,10/30/25 22:00:00,29.715,,,,,
19546,10/30/25 22:15:00,29.715,,,,,
19547,10/30/25 22:30:00,29.715,,,,,
19548,10/30/25 22:45:00,29.690,,,,,
19549,10/30/25 23:00:00,29.640,,,,,
19550,10/30/25 23:15:00,29.690,,,,,
19551,10/30/25 23:30:00,29.690,,,,,
19552,10/30/25 23:45:00,29.640,,,,,
19553,10/31/25 00:00:00,29.640,,,,,
19554,10/31/25 00:15:00,29.640,,,,,
19555,10/31/25 00:30:00,29.640,,,,,
19556,10/31/25 00:45:00,29.640,,,,,
19557,10/31/25 01:00:00,29.640,,,,,
19558,10/31/25 01:15:00,29.640,,,,,
19559,10/31/25 01:30:00,29.640,,,,,
19560,10/31/25 01:45:00,29.640,,,,,
19561,10/31/25 02:00:00,29.640,,,,,
19562,10/31/25 02:15:00,29.640,,,,,
19563,10/31/25 02:30:00,29.640,,,,,
19564,10/31/25 02:45:00,29.665,,,,,
19565,10/31/25 03:00:00,29.640,,,,,
19566,10/31/25 03:15:00,29.640,,,,,
19567,10/31/25 03:30:00,29.615,,,,,
19568,10/31/25 03:45:00,29.590,,,,,
19569,10/31/25 04:00:00,29.640,,,,,
19570,10/31/25 04:15:00,29.640,,,,,
19571,10/31/25 04:30:00,29.640,,,,,
19572,10/31/25 04:45:00,29.665,,,,,
19573,10/31/25 05:00:00,29.665,,,,,
19574,10/31/25 05:15:00,29.665,,,,,
19575,10/31/25 05:30:00,29.640,,,,,
19576,10/31/25 05:45:00,29.615,,,,,
19577,10/31/25 06:00:00,29.615,,,,,
19578,10/31/25 06:15:00,29.615,,,,,
19579,10/31/25 06:30:00,29.615,,,,,
19580,10/31/25 06:45:00,29.665,,,,,
19581,10/31/25 07:00:00,29.690,,,,,
19582,10/31/25 07:15:00,29.690,,,,,
19583,10/31/25 07:30:00,29.665,,,,,
19584,10/31/25 07:45:00,29.690,,,,,
19585,10/31/25 08:00:00,29.640,,,,,
19586,10/31/25 08:15:00,29.665,,,,,
19587,10/31/25 08:30:00,29.640,,,,,
19588,10/31/25 08:45:00,29.665,,,,,
19589,10/31/25 09:00:00,29.640,,,,,
19590,10/31/25 09:15:00,29.665,,,,,
19591,10/31/25 09:30:00,29.665,,,,,
19592,10/31/25 09:45:00,29.665,,,,,
19593,10/31/25 10:00:00,29.690,,,,,
19594,10/31/25 10:15:00,29.665,,,,,
19595,10/31/25 10:30:00,29.665,,,,,
19596,10/31/25 10:45:00,29.665,,,,,
19597,10/31/25 11:00:00,29.665,,,,,
19598,10/31/25 11:15:00,29.665,,,,,
19599,10/31/25 11:30:00,29.690,,,,,
19600,10/31/25 11:45:00,29.690,,,,,
19601,10/31/25 12:00:00,29.690,,,,,
19602,10/31/25 12:15:00,29.690,,,,,
19603,10/31/25 12:30:00,29.690,,,,,
19604,10/31/25 12:45:00,29.690,,,,,
19605,10/31/25 13:00:00,29.690,,,,,
19606,10/31/25 13:15:00,29.690,,,,,
19607,10/31/25 13:30:00,29.690,,,,,
19608,10/31/25 13:45:00,29.690,,,,,
19609,10/31/25 14:00:00,29.690,,,,,
19610,10/31/25 14:15:00,29.690,,,,,
19611,10/31/25 14:30:00,29.715,,,,,
19612,10/31/25 14:45:00,29.690,,,,,
19613,10/31/25 15:00:00,29.690,,,,,
19614,10/31/25 15:15:00,29.690,,,,,
19615,10/31/25 15:30:00,29.690,,,,,
19616,10/31/25 15:45:00,29.690,,,,,
19617,10/31/25 16:00:00,29.690,,,,,
19618,10/31/25 16:15:00,29.715,,,,,
19619,10/31/25 16:30:00,29.715,,,,,
19620,10/31/25 16:45:00,29.690,,,,,
19621,10/31/25 17:00:00,29.690,,,,,
19622,10/31/25 17:15:00,29.715,,,,,
19623,10/31/25 17:30:00,29.715,,,,,
19624,10/31/25 17:45:00,29.715,,,,,
19625,10/31/25 18:00:00,29.715,,,,,
19626,10/31/25 18:15:00,29.715,,,,,
19627,10/31/25 18:30:00,29.715,,,,,
19628,10/31/25 18:45:00,29.690,,,,,
19629,10/31/25 19:00:00,29.690,,,,,
19630,10/31/25 19:15:00,29.690,,,,,
19631,10/31/25 19:30:00,29.690,,,,,
19632,10/31/25 19:45:00,29.715,,,,,
19633,10/31/25 20:00:00,29.715,,,,,
19634,10/31/25 20:15:00,29.690,,,,,
19635,10/31/25 20:30:00,29.690,,,,,
19636,10/31/25 20:45:00,29.690,,,,,
19637,10/31/25 21:00:00,29.690,,,,,
19638,10/31/25 21:15:00,29.690,,,,,
19639,10/31/25 21:30:00,29.690,,,,,
19640,10/31/25 21:45:00,29.690,,,,,
19641,10/31/25 22:00:00,29.690,,,,,
19642,10/31/25 22:15:00,29.690,,,,,
19643,10/31/25 22:30:00,29.690,,,,,
19644,10/31/25 22:45:00,29.690,,,,,
19645,10/31/25 23:00:00,29.665,,,,,
19646,10/31/25 23:15:00,29.690,,,,,
19647,10/31/25 23:30:00,29.640,,,,,
19648,10/31/25 23:45:00,29.640,,,,,
19649,11/01/25 00:00:00,29.615,,,,,
19650,11/01/25 00:15:00,29.665,,,,,
19651,11/01/25 00:30:00,29.665,,,,,
19652,11/01/25 00:45:00,29.665,,,,,
19653,11/01/25 01:00:00,29.640,,,,,
19654,11/01/25 01:15:00,29.665,,,,,
19655,11/01/25 01:30:00,29.665,,,,,
19656,11/01/25 01:45:00,29.665,,,,,
19657,11/01/25 02:00:00,29.665,,,,,
19658,11/01/25 02:15:00,29.665,,,,,
19659,11/01/25 02:30:00,29.665,,,,,
19660,11/01/25 02:45:00,29.640,,,,,
19661,11/01/25 03:00:00,29.665,,,,,
19662,11/01/25 03:15:00,29.665,,,,,
19663,11/01/25 03:30:00,29.665,,,,,
19664,11/01/25 03:45:00,29.640,,,,,
19665,11/01/25 04:00:00,29.565,,,,,
19666,11/01/25 04:15:00,29.540,,,,,
19667,11/01/25 04:30:00,29.439,,,,,
19668,11/01/25 04:45:00,29.490,,,,,
19669,11/01/25 05:00:00,29.590,,,,,
19670,11/01/25 05:15:00,29.665,,,,,
19671,11/01/25 05:30:00,29.665,,,,,
19672,11/01/25 05:45:00,29.665,,,,,
19673,11/01/25 06:00:00,29.640,,,,,
19674,11/01/25 06:15:00,29.640,,,,,
19675,11/01/25 06:30:00,29.615,,,,,
19676,11/01/25 06:45:00,29.640,,,,,
19677,11/01/25 07:00:00,29.640,,,,,
19678,11/01/25 07:15:00,29.615,,,,,
19679,11/01/25 07:30:00,29.665,,,,,
19680,11/01/25 07:45:00,29.640,,,,,
19681,11/01/25 08:00:00,29.615,,,,,
19682,11/01/25 08:15:00,29.615,,,,,
19683,11/01/25 08:30:00,29.615,,,,,
19684,11/01/25 08:45:00,29.640,,,,,
19685,11/01/25 09:00:00,29.665,,,,,
19686,11/01/25 09:15:00,29.665,,,,,
19687,11/01/25 09:30:00,29.665,,,,,
19688,11/01/25 09:45:00,29.690,,,,,
19689,11/01/25 10:00:00,29.640,,,,,
19690,11/01/25 10:15:00,29.640,,,,,
19691,11/01/25 10:30:00,29.690,,,,,
19692,11/01/25 10:45:00,29.690,,,,,
19693,11/01/25 11:00:00,29.439,,,,,
19694,11/01/25 11:15:00,29.340,,,,,
19695,11/01/25 11:30:00,29.640,,,,,
19696,11/01/25 11:45:00,29.665,,,,,
19697,11/01/25 12:00:00,29.590,,,,,
19698,11/01/25 12:15:00,29.665,,,,,
19699,11/01/25 12:30:00,29.665,,,,,
19700,11/01/25 12:45:00,29.665,,,,,
19701,11/01/25 13:00:00,29.665,,,,,
19702,11/01/25 13:15:00,29.665,,,,,
19703,11/01/25 13:30:00,29.665,,,,,
19704,11/01/25 13:45:00,29.665,,,,,
19705,11/01/25 14:00:00,29.665,,,,,
19706,11/01/25 14:15:00,29.665,,,,,
19707,11/01/25 14:30:00,29.665,,,,,
19708,11/01/25 14:45:00,29.690,,,,,
19709,11/01/25 15:00:00,29.665,,,,,
19710,11/01/25 15:15:00,29.665,,,,,
19711,11/01/25 15:30:00,29.665,,,,,
19712,11/01/25 15:45:00,29.665,,,,,
19713,11/01/25 16:00:00,29.690,,,,,
19714,11/01/25 16:15:00,29.690,,,,,
19715,11/01/25 16:30:00,29.690,,,,,
19716,11/01/25 16:45:00,29.690,,,,,
19717,11/01/25 17:00:00,29.690,,,,,
19718,11/01/25 17:15:00,29.715,,,,,
19719,11/01/25 17:30:00,29.690,,,,,
19720,11/01/25 17:45:00,29.690,,,,,
19721,11/01/25 18:00:00,29.690,,,,,
19722,11/01/25 18:15:00,29.690,,,,,
19723,11/01/25 18:30:00,29.690,,,,,
19724,11/01/25 18:45:00,29.690,,,,,
19725,11/01/25 19:00:00,29.715,,,,,
19726,11/01/25 19:15:00,29.715,,,,,
19727,11/01/25 19:30:00,29.690,,,,,
19728,11/01/25 19:45:00,29.715,,,,,
19729,11/01/25 20:00:00,29.715,,,,,
19730,11/01/25 20:15:00,29.715,,,,,
19731,11/01/25 20:30:00,29.715,,,,,
19732,11/01/25 20:45:00,29.690,,,,,
19733,11/01/25 21:00:00,29.715,,,,,
19734,11/01/25 21:15:00,29.690,,,,,
19735,11/01/25 21:30:00,29.690,,,,,
19736,11/01/25 21:45:00,29.690,,,,,
19737,11/01/25 22:00:00,29.715,,,,,
19738,11/01/25 22:15:00,29.715,,,,,
19739,11/01/25 22:30:00,29.715,,,,,
19740,11/01/25 22:45:00,29.715,,,,,
19741,11/01/25 23:00:00,29.715,,,,,
19742,11/01/25 23:15:00,29.715,,,,,
19743,11/01/25 23:30:00,29.715,,,,,
19744,11/01/25 23:45:00,29.715,,,,,
19745,11/02/25 00:00:00,29.715,,,,,
19746,11/02/25 00:15:00,29.715,,,,,
19747,11/02/25 00:30:00,29.715,,,,,
19748,11/02/25 00:45:00,29.715,,,,,
19749,11/02/25 01:00:00,29.715,,,,,
19750,11/02/25 01:15:00,29.740,,,,,
19751,11/02/25 01:30:00,29.715,,,,,
19752,11/02/25 01:45:00,29.740,,,,,
19753,11/02/25 02:00:00,29.740,,,,,
19754,11/02/25 02:15:00,29.715,,,,,
19755,11/02/25 02:30:00,29.715,,,,,
19756,11/02/25 02:45:00,29.715,,,,,
19757,11/02/25 03:00:00,29.715,,,,,
19758,11/02/25 03:15:00,29.715,,,,,
19759,11/02/25 03:30:00,29.615,,,,,
19760,11/02/25 03:45:00,29.640,,,,,
19761,11/02/25 04:00:00,29.439,,,,,
19762,11/02/25 04:15:00,29.240,,,,,
19763,11/02/25 04:30:00,29.240,,,,,
19764,11/02/25 04:45:00,29.290,,,,,
19765,11/02/25 05:00:00,29.290,,,,,
19766,11/02/25 05:15:00,29.290,,,,,
19767,11/02/25 05:30:00,29.540,,,,,
19768,11/02/25 05:45:00,29.640,,,,,
19769,11/02/25 06:00:00,29.615,,,,,
19770,11/02/25 06:15:00,29.565,,,,,
19771,11/02/25 06:30:00,29.290,,,,,
19772,11/02/25 06:45:00,29.290,,,,,
19773,11/02/25 07:00:00,29.290,,,,,
19774,11/02/25 07:15:00,29.340,,,,,
19775,11/02/25 07:30:00,29.340,,,,,
19776,11/02/25 07:45:00,29.315,,,,,
19777,11/02/25 08:00:00,29.365,,,,,
19778,11/02/25 08:15:00,29.389,,,,,
19779,11/02/25 08:30:00,29.640,,,,,
19780,11/02/25 08:45:00,29.565,,,,,
19781,11/02/25 09:00:00,29.540,,,,,
19782,11/02/25 09:15:00,29.540,,,,,
19783,11/02/25 09:30:00,29.665,,,,,
19784,11/02/25 09:45:00,29.665,,,,,
19785,11/02/25 10:00:00,29.640,,,,,
19786,11/02/25 10:15:00,29.565,,,,,
19787,11/02/25 10:30:00,29.565,,,,,
19788,11/02/25 10:45:00,29.565,,,,,
19789,11/02/25 11:00:00,29.565,,,,,
19790,11/02/25 11:15:00,29.565,,,,,
19791,11/02/25 11:30:00,29.540,,,,,
19792,11/02/25 11:45:00,29.565,,,,,
19793,11/02/25 12:00:00,29.565,,,,,
19794,11/02/25 12:15:00,29.565,,,,,
19795,11/02/25 12:30:00,29.615,,,,,
19796,11/02/25 12:45:00,29.715,,,,,
19797,11/02/25 13:00:00,29.715,,,,,
19798,11/02/25 13:15:00,29.690,,,,,
19799,11/02/25 13:30:00,29.715,,,,,
19800,11/02/25 13:45:00,29.615,,,,,
19801,11/02/25 14:00:00,29.464,,,,,
19802,11/02/25 14:15:00,29.365,,,,,
19803,11/02/25 14:30:00,29.540,,,,,
19804,11/02/25 14:45:00,29.565,,,,,
19805,11/02/25 15:00:00,29.515,,,,,
19806,11/02/25 15:15:00,29.340,,,,,
19807,11/02/25 15:30:00,29.315,,,,,
19808,11/02/25 15:45:00,29.315,,,,,
19809,11/02/25 16:00:00,29.340,,,,,
19810,11/02/25 16:15:00,29.464,,,,,
19811,11/02/25 16:30:00,29.615,,,,,
19812,11/02/25 16:45:00,29.690,,,,,
19813,11/02/25 17:00:00,29.690,,,,,
19814,11/02/25 17:15:00,29.665,,,,,
19815,11/02/25 17:30:00,29.615,,,,,
19816,11/02/25 17:45:00,29.615,,,,,
19817,11/02/25 18:00:00,29.640,,,,,
19818,11/02/25 18:15:00,29.640,,,,,
19819,11/02/25 18:30:00,29.615,,,,,
19820,11/02/25 18:45:00,29.615,,,,,
19821,11/02/25 19:00:00,29.615,,,,,
19822,11/02/25 19:15:00,29.590,,,,,
19823,11/02/25 19:30:00,29.540,,,,,
19824,11/02/25 19:45:00,29.540,,,,,
19825,11/02/25 20:00:00,29.540,,,,,
19826,11/02/25 20:15:00,29.515,,,,,
19827,11/02/25 20:30:00,29.590,,,,,
19828,11/02/25 20:45:00,29.540,,,,,
19829,11/02/25 21:00:00,29.565,,,,,
19830,11/02/25 21:15:00,29.565,,,,,
19831,11/02/25 21:30:00,29.540,,,,,
19832,11/02/25 21:45:00,29.515,,,,,
19833,11/02/25 22:00:00,29.490,,,,,
19834,11/02/25 22:15:00,29.515,,,,,
19835,11/02/25 22:30:00,29.490,,,,,
19836,11/02/25 22:45:00,29.515,,,,,
19837,11/02/25 23:00:00,29.490,,,,,
19838,11/02/25 23:15:00,29.515,,,,,
19839,11/02/25 23:30:00,29.590,,,,,
19840,11/02/25 23:45:00,29.715,,,,,
19841,11/03/25 00:00:00,29.715,,,,,
19842,11/03/25 00:15:00,29.715,,,,,
19843,11/03/25 00:30:00,29.740,,,,,
19844,11/03/25 00:45:00,29.740,,,,,
19845,11/03/25 01:00:00,29.640,,,,,
19846,11/03/25 01:15:00,29.640,,,,,
19847,11/03/25 01:30:00,29.615,,,,,
19848,11/03/25 01:45:00,29.590,,,,,
19849,11/03/25 02:00:00,29.615,,,,,
19850,11/03/25 02:15:00,29.665,,,,,
19851,11/03/25 02:30:00,29.715,,,,,
19852,11/03/25 02:45:00,29.665,,,,,
19853,11/03/25 03:00:00,29.715,,,,,
19854,11/03/25 03:15:00,29.715,,,,,
19855,11/03/25 03:30:00,29.715,,,,,
19856,11/03/25 03:45:00,29.715,,,,,
19857,11/03/25 04:00:00,29.715,,,,,
19858,11/03/25 04:15:00,29.665,,,,,
19859,11/03/25 04:30:00,29.690,,,,,
19860,11/03/25 04:45:00,29.665,,,,,
19861,11/03/25 05:00:00,29.665,,,,,
19862,11/03/25 05:15:00,29.665,,,,,
19863,11/03/25 05:30:00,29.665,,,,,
19864,11/03/25 05:45:00,29.665,,,,,
19865,11/03/25 06:00:00,29.690,,,,,
19866,11/03/25 06:15:00,29.665,,,,,
19867,11/03/25 06:30:00,29.665,,,,,
19868,11/03/25 06:45:00,29.715,,,,,
19869,11/03/25 07:00:00,29.715,,,,,
19870,11/03/25 07:15:00,29.740,,,,,
19871,11/03/25 07:30:00,29.715,,,,,
19872,11/03/25 07:45:00,29.715,,,,,
19873,11/03/25 08:00:00,29.715,,,,,
19874,11/03/25 08:15:00,29.740,,,,,
19875,11/03/25 08:30:00,29.740,,,,,
19876,11/03/25 08:45:00,29.715,,,,,
19877,11/03/25 09:00:00,29.740,,,,,
19878,11/03/25 09:15:00,29.740,,,,,
19879,11/03/25 09:30:00,29.715,,,,,
19880,11/03/25 09:45:00,29.590,,,,,
19881,11/03/25 10:00:00,29.640,,,,,
19882,11/03/25 10:15:00,29.640,,,,,
19883,11/03/25 10:30:00,29.615,,,,,
19884,11/03/25 10:45:00,29.590,,,,,
19885,11/03/25 11:00:00,29.590,,,,,
19886,11/03/25 11:15:00,29.590,,,,,
19887,11/03/25 11:30:00,29.515,,,,,
19888,11/03/25 11:45:00,29.540,,,,,
19889,11/03/25 12:00:00,29.565,,,,,
19890,11/03/25 12:15:00,29.540,,,,,
19891,11/03/25 12:30:00,29.540,,,,,
19892,11/03/25 12:45:00,29.540,,,,,
19893,11/03/25 13:00:00,29.540,,,,,
19894,11/03/25 13:15:00,29.515,,,,,
19895,11/03/25 13:30:00,29.490,,,,,
19896,11/03/25 13:45:00,29.490,,,,,
19897,11/03/25 14:00:00,29.490,,,,,
19898,11/03/25 14:15:00,29.490,,,,,
19899,11/03/25 14:30:00,29.414,,,,,
19900,11/03/25 14:45:00,29.464,,,,,
19901,11/03/25 15:00:00,29.515,,,,,
19902,11/03/25 15:15:00,29.515,,,,,
19903,11/03/25 15:30:00,29.464,,,,,
19904,11/03/25 15:45:00,29.490,,,,,
19905,11/03/25 16:00:00,29.490,,,,,
19906,11/03/25 16:15:00,29.515,,,,,
19907,11/03/25 16:30:00,29.515,,,,,
19908,11/03/25 16:45:00,29.590,,,,,
19909,11/03/25 17:00:00,29.740,,,,,
19910,11/03/25 17:15:00,29.665,,,,,
19911,11/03/25 17:30:00,29.690,,,,,
19912,11/03/25 17:45:00,29.690,,,,,
19913,11/03/25 18:00:00,29.740,,,,,
19914,11/03/25 18:15:00,29.740,,,,,
19915,11/03/25 18:30:00,29.740,,,,,
19916,11/03/25 18:45:00,29.715,,,,,
19917,11/03/25 19:00:00,29.715,,,,,
19918,11/03/25 19:15:00,29.690,,,,,
19919,11/03/25 19:30:00,29.565,,,,,
19920,11/03/25 19:45:00,29.615,,,,,
19921,11/03/25 20:00:00,29.615,,,,,
19922,11/03/25 20:15:00,29.640,,,,,
19923,11/03/25 20:30:00,29.640,,,,,
19924,11/03/25 20:45:00,29.690,,,,,
19925,11/03/25 21:00:00,29.690,,,,,
19926,11/03/25 21:15:00,29.715,,,,,
19927,11/03/25 21:30:00,29.690,,,,,
19928,11/03/25 21:45:00,29.665,,,,,
19929,11/03/25 22:00:00,29.665,,,,,
19930,11/03/25 22:15:00,29.665,,,,,
19931,11/03/25 22:30:00,29.665,,,,,
19932,11/03/25 22:45:00,29.715,,,,,
19933,11/03/25 23:00:00,29.740,,,,,
19934,11/03/25 23:15:00,29.715,,,,,
19935,11/03/25 23:30:00,29.715,,,,,
19936,11/03/25 23:45:00,29.715,,,,,
19937,11/04/25 00:00:00,29.715,,,,,
19938,11/04/25 00:15:00,29.715,,,,,
19939,11/04/25 00:30:00,29.715,,,,,
19940,11/04/25 00:45:00,29.715,,,,,
19941,11/04/25 01:00:00,29.715,,,,,
19942,11/04/25 01:15:00,29.690,,,,,
19943,11/04/25 01:30:00,29.665,,,,,
19944,11/04/25 01:45:00,29.665,,,,,
19945,11/04/25 02:00:00,29.715,,,,,
19946,11/04/25 02:15:00,29.715,,,,,
19947,11/04/25 02:30:00,29.590,,,,,
19948,11/04/25 02:45:00,29.540,,,,,
19949,11/04/25 03:00:00,29.340,,,,,
19950,11/04/25 03:15:00,29.290,,,,,
19951,11/04/25 03:30:00,29.315,,,,,
19952,11/04/25 03:45:00,29.315,,,,,
19953,11/04/25 04:00:00,29.315,,,,,
19954,11/04/25 04:15:00,29.315,,,,,
19955,11/04/25 04:30:00,29.340,,,,,
19956,11/04/25 04:45:00,29.315,,,,,
19957,11/04/25 05:00:00,29.315,,,,,
19958,11/04/25 05:15:00,29.340,,,,,
19959,11/04/25 05:30:00,29.340,,,,,
19960,11/04/25 05:45:00,29.315,,,,,
19961,11/04/25 06:00:00,29.315,,,,,
19962,11/04/25 06:15:00,29.290,,,,,
19963,11/04/25 06:30:00,29.265,,,,,
19964,11/04/25 06:45:00,29.265,,,,,
19965,11/04/25 07:00:00,29.290,,,,,
19966,11/04/25 07:15:00,29.290,,,,,
19967,11/04/25 07:30:00,29.290,,,,,
19968,11/04/25 07:45:00,29.265,,,,,
19969,11/04/25 08:00:00,29.265,,,,,
19970,11/04/25 08:15:00,29.315,,,,,
19971,11/04/25 08:30:00,29.340,,,,,
19972,11/04/25 08:45:00,29.615,,,,,
19973,11/04/25 09:00:00,29.265,,,,,
19974,11/04/25 09:15:00,29.490,,,,,
19975,11/04/25 09:30:00,29.615,,,,,
19976,11/04/25 09:45:00,29.464,,,,,
19977,11/04/25 10:00:00,29.490,,,,,
19978,11/04/25 10:15:00,29.565,,,,,
19979,11/04/25 10:30:00,29.515,,,,,
19980,11/04/25 10:45:00,29.290,,,,,
19981,11/04/25 11:00:00,29.290,,,,,
19982,11/04/25 11:15:00,29.315,,,,,
19983,11/04/25 11:30:00,29.340,,,,,
19984,11/04/25 11:45:00,29.340,,,,,
19985,11/04/25 12:00:00,29.365,,,,,
19986,11/04/25 12:15:00,29.315,,,,,
19987,11/04/25 12:30:00,29.340,,,,,
19988,11/04/25 12:45:00,29.389,,,,,
19989,11/04/25 13:00:00,29.365,,,,,
19990,11/04/25 13:15:00,29.414,,,,,
19991,11/04/25 13:30:00,29.439,,,,,
19992,11/04/25 13:45:00,29.389,,,,,
19993,11/04/25 14:00:00,29.414,,,,,
19994,11/04/25 14:15:00,29.439,,,,,
19995,11/04/25 14:30:00,29.464,,,,,
19996,11/04/25 14:45:00,29.464,,,,,
19997,11/04/25 15:00:00,29.464,,,,,
19998,11/04/25 15:15:00,29.439,,,,,
19999,11/04/25 15:30:00,29.439,,,,,
20000,11/04/25 15:45:00,29.439,,,,,
20001,11/04/25 16:00:00,29.439,,,,,
20002,11/04/25 16:15:00,29.439,,,,,
20003,11/04/25 16:30:00,29.464,,,,,
20004,11/04/25 16:45:00,29.490,,,,,
20005,11/04/25 17:00:00,29.590,,,,,
20006,11/04/25 17:15:00,29.640,,,,,
20007,11/04/25 17:30:00,29.640,,,,,
20008,11/04/25 17:45:00,29.640,,,,,
20009,11/04/25 18:00:00,29.640,,,,,
20010,11/04/25 18:15:00,29.615,,,,,
20011,11/04/25 18:30:00,29.640,,,,,
20012,11/04/25 18:45:00,29.640,,,,,
20013,11/04/25 19:00:00,29.640,,,,,
20014,11/04/25 19:15:00,29.640,,,,,
20015,11/04/25 19:30:00,29.665,,,,,
20016,11/04/25 19:45:00,29.640,,,,,
20017,11/04/25 20:00:00,29.615,,,,,
20018,11/04/25 20:15:00,29.615,,,,,
20019,11/04/25 20:30:00,29.515,,,,,
20020,11/04/25 20:45:00,29.565,,,,,
20021,11/04/25 21:00:00,29.590,,,,,
20022,11/04/25 21:15:00,29.640,,,,,
20023,11/04/25 21:30:00,29.640,,,,,
20024,11/04/25 21:45:00,29.640,,,,,
20025,11/04/25 22:00:00,29.640,,,,,
20026,11/04/25 22:15:00,29.640,,,,,
20027,11/04/25 22:30:00,29.615,,,,,
20028,11/04/25 22:45:00,29.490,,,,,
20029,11/04/25 23:00:00,29.490,,,,,
20030,11/04/25 23:15:00,29.490,,,,,
20031,11/04/25 23:30:00,29.515,,,,,
20032,11/04/25 23:45:00,29.565,,,,,
20033,11/05/25 00:00:00,29.615,,,,,
20034,11/05/25 00:15:00,29.640,,,,,
20035,11/05/25 00:30:00,29.640,,,,,
20036,11/05/25 00:45:00,29.615,,,,,
20037,11/05/25 01:00:00,29.590,,,,,
20038,11/05/25 01:15:00,29.665,,,,,
20039,11/05/25 01:30:00,29.665,,,,,
20040,11/05/25 01:45:00,29.665,,,,,
20041,11/05/25 02:00:00,29.690,,,,,
20042,11/05/25 02:15:00,29.690,,,,,
20043,11/05/25 02:30:00,29.690,,,,,
20044,11/05/25 02:45:00,29.690,,,,,
20045,11/05/25 03:00:00,29.690,,,,,
20046,11/05/25 03:15:00,29.665,,,,,
20047,11/05/25 03:30:00,29.615,,,,,
20048,11/05/25 03:45:00,29.615,,,,,
20049,11/05/25 04:00:00,29.690,,,,,
20050,11/05/25 04:15:00,29.715,,,,,
20051,11/05/25 04:30:00,29.640,,,,,
20052,11/05/25 04:45:00,29.640,,,,,
20053,11/05/25 05:00:00,29.690,,,,,
20054,11/05/25 05:15:00,29.665,,,,,
20055,11/05/25 05:30:00,29.690,,,,,
20056,11/05/25 05:45:00,29.715,,,,,
20057,11/05/25 06:00:00,29.690,,,,,
20058,11/05/25 06:15:00,29.715,,,,,
20059,11/05/25 06:30:00,29.690,,,,,
20060,11/05/25 06:45:00,29.690,,,,,
20061,11/05/25 07:00:00,29.690,,,,,
20062,11/05/25 07:15:00,29.715,,,,,
20063,11/05/25 07:30:00,29.615,,,,,
20064,11/05/25 07:45:00,29.615,,,,,
20065,11/05/25 08:00:00,29.615,,,,,
20066,11/05/25 08:15:00,29.615,,,,,
20067,11/05/25 08:30:00,29.615,,,,,
20068,11/05/25 08:45:00,29.615,,,,,
20069,11/05/25 09:00:00,29.615,,,,,
20070,11/05/25 09:15:00,29.690,,,,,
20071,11/05/25 09:30:00,29.615,,,,,
20072,11/05/25 09:45:00,29.565,,,,,
20073,11/05/25 10:00:00,29.515,,,,,
20074,11/05/25 10:15:00,29.414,,,,,
20075,11/05/25 10:30:00,29.464,,,,,
20076,11/05/25 10:45:00,29.464,,,,,
20077,11/05/25 11:00:00,29.515,,,,,
20078,11/05/25 11:15:00,29.515,,,,,
20079,11/05/25 11:30:00,29.515,,,,,
20080,11/05/25 11:45:00,29.565,,,,,
20081,11/05/25 12:00:00,29.615,,,,,
20082,11/05/25 12:15:00,29.565,,,,,
20083,11/05/25 12:30:00,29.565,,,,,
20084,11/05/25 12:45:00,29.565,,,,,
20085,11/05/25 13:00:00,29.565,,,,,
20086,11/05/25 13:15:00,29.540,,,,,
20087,11/05/25 13:30:00,29.565,,,,,
20088,11/05/25 13:45:00,29.565,,,,,
20089,11/05/25 14:00:00,29.565,,,,,
20090,11/05/25 14:15:00,29.590,,,,,
20091,11/05/25 14:30:00,29.615,,,,,
20092,11/05/25 14:45:00,29.640,,,,,
20093,11/05/25 15:00:00,29.715,,,,,
20094,11/05/25 15:15:00,29.740,,,,,
20095,11/05/25 15:30:00,29.715,,,,,
20096,11/05/25 15:45:00,29.715,,,,,
20097,11/05/25 16:00:00,29.665,,,,,
20098,11/05/25 16:15:00,29.640,,,,,
20099,11/05/25 16:30:00,29.690,,,,,
20100,11/05/25 16:45:00,29.690,,,,,
20101,11/05/25 17:00:00,29.640,,,,,
20102,11/05/25 17:15:00,29.640,,,,,
20103,11/05/25 17:30:00,29.715,,,,,
20104,11/05/25 17:45:00,29.715,,,,,
20105,11/05/25 18:00:00,29.665,,,,,
20106,11/05/25 18:15:00,29.665,,,,,
20107,11/05/25 18:30:00,29.665,,,,,
20108,11/05/25 18:45:00,29.640,,,,,
20109,11/05/25 19:00:00,29.640,,,,,
20110,11/05/25 19:15:00,29.665,,,,,
20111,11/05/25 19:30:00,29.640,,,,,
20112,11/05/25 19:45:00,29.640,,,,,
20113,11/05/25 20:00:00,29.640,,,,,
20114,11/05/25 20:15:00,29.640,,,,,
20115,11/05/25 20:30:00,29.665,,,,,
20116,11/05/25 20:45:00,29.665,,,,,
20117,11/05/25 21:00:00,29.715,,,,,
20118,11/05/25 21:15:00,29.715,,,,,
20119,11/05/25 21:30:00,29.715,,,,,
20120,11/05/25 21:45:00,29.690,,,,,
20121,11/05/25 22:00:00,29.665,,,,,
20122,11/05/25 22:15:00,29.665,,,,,
20123,11/05/25 22:30:00,29.715,,,,,
20124,11/05/25 22:45:00,29.715,,,,,
20125,11/05/25 23:00:00,29.715,,,,,
20126,11/05/25 23:15:00,29.715,,,,,
20127,11/05/25 23:30:00,29.715,,,,,
20128,11/05/25 23:45:00,29.715,,,,,
20129,11/06/25 00:00:00,29.715,,,,,
20130,11/06/25 00:15:00,29.715,,,,,
20131,11/06/25 00:30:00,29.715,,,,,
20132,11/06/25 00:45:00,29.715,,,,,
20133,11/06/25 01:00:00,29.715,,,,,
20134,11/06/25 01:15:00,29.715,,,,,
20135,11/06/25 01:30:00,29.740,,,,,
20136,11/06/25 01:45:00,29.690,,,,,
20137,11/06/25 02:00:00,29.715,,,,,
20138,11/06/25 02:15:00,29.715,,,,,
20139,11/06/25 02:30:00,29.665,,,,,
20140,11/06/25 02:45:00,29.665,,,,,
20141,11/06/25 03:00:00,29.665,,,,,
20142,11/06/25 03:15:00,29.690,,,,,
20143,11/06/25 03:30:00,29.690,,,,,
20144,11/06/25 03:45:00,29.690,,,,,
20145,11/06/25 04:00:00,29.715,,,,,
20146,11/06/25 04:15:00,29.715,,,,,
20147,11/06/25 04:30:00,29.715,,,,,
20148,11/06/25 04:45:00,29.715,,,,,
20149,11/06/25 05:00:00,29.715,,,,,
20150,11/06/25 05:15:00,29.715,,,,,
20151,11/06/25 05:30:00,29.690,,,,,
20152,11/06/25 05:45:00,29.690,,,,,
20153,11/06/25 06:00:00,29.615,,,,,
20154,11/06/25 06:15:00,29.365,,,,,
20155,11/06/25 06:30:00,29.365,,,,,
20156,11/06/25 06:45:00,29.340,,,,,
20157,11/06/25 07:00:00,29.540,,,,,
20158,11/06/25 07:15:00,29.665,,,,,
20159,11/06/25 07:30:00,29.715,,,,,
20160,11/06/25 07:45:00,29.740,,,,,
20161,11/06/25 08:00:00,29.615,,,,,
20162,11/06/25 08:15:00,29.439,,,,,
20163,11/06/25 08:30:00,29.640,,,,,
20164,11/06/25 08:45:00,29.590,,,,,
20165,11/06/25 09:00:00,29.540,,,,,
20166,11/06/25 09:15:00,29.240,,,,,
20167,11/06/25 09:30:00,29.365,,,,,
20168,11/06/25 09:45:00,29.464,,,,,
20169,11/06/25 10:00:00,29.690,,,,,
20170,11/06/25 10:15:00,29.715,,,,,
20171,11/06/25 10:30:00,29.715,,,,,
20172,11/06/25 10:45:00,29.740,,,,,
20173,11/06/25 11:00:00,29.715,,,,,
20174,11/06/25 11:15:00,29.690,,,,,
20175,11/06/25 11:30:00,29.464,,,,,
20176,11/06/25 11:45:00,29.315,,,,,
20177,11/06/25 12:00:00,29.414,,,,,
20178,11/06/25 12:15:00,29.640,,,,,
20179,11/06/25 12:30:00,29.690,,,,,
20180,11/06/25 12:45:00,29.740,,,,,
20181,11/06/25 13:00:00,29.740,,,,,
20182,11/06/25 13:15:00,29.740,,,,,
20183,11/06/25 13:30:00,29.715,,,,,
20184,11/06/25 13:45:00,29.615,,,,,
20185,11/06/25 14:00:00,29.615,,,,,
20186,11/06/25 14:15:00,29.690,,,,,
20187,11/06/25 14:30:00,29.690,,,,,
20188,11/06/25 14:45:00,29.740,,,,,
20189,11/06/25 15:00:00,29.665,,,,,
20190,11/06/25 15:15:00,29.715,,,,,
20191,11/06/25 15:30:00,29.615,,,,,
20192,11/06/25 15:45:00,29.690,,,,,
20193,11/06/25 16:00:00,29.715,,,,,
20194,11/06/25 16:15:00,29.640,,,,,
20195,11/06/25 16:30:00,29.715,,,,,
20196,11/06/25 16:45:00,29.540,,,,,
20197,11/06/25 17:00:00,29.515,,,,,
20198,11/06/25 17:15:00,29.515,,,,,
20199,11/06/25 17:30:00,29.490,,,,,
20200,11/06/25 17:45:00,29.414,,,,,
20201,11/06/25 18:00:00,29.515,,,,,
20202,11/06/25 18:15:00,29.565,,,,,
20203,11/06/25 18:30:00,29.615,,,,,
20204,11/06/25 18:45:00,29.640,,,,,
20205,11/06/25 19:00:00,29.590,,,,,
20206,11/06/25 19:15:00,29.715,,,,,
20207,11/06/25 19:30:00,29.715,,,,,
20208,11/06/25 19:45:00,29.715,,,,,
20209,11/06/25 20:00:00,29.665,,,,,
20210,11/06/25 20:15:00,29.640,,,,,
20211,11/06/25 20:30:00,29.640,,,,,
20212,11/06/25 20:45:00,29.665,,,,,
20213,11/06/25 21:00:00,29.690,,,,,
20214,11/06/25 21:15:00,29.640,,,,,
20215,11/06/25 21:30:00,29.615,,,,,
20216,11/06/25 21:45:00,29.615,,,,,
20217,11/06/25 22:00:00,29.565,,,,,
20218,11/06/25 22:15:00,29.565,,,,,
20219,11/06/25 22:30:00,29.690,,,,,
20220,11/06/25 22:45:00,29.740,,,,,
20221,11/06/25 23:00:00,29.740,,,,,
20222,11/06/25 23:15:00,29.715,,,,,
20223,11/06/25 23:30:00,29.715,,,,,
20224,11/06/25 23:45:00,29.715,,,,,
20225,11/07/25 00:00:00,29.740,,,,,
20226,11/07/25 00:15:00,29.740,,,,,
20227,11/07/25 00:30:00,29.740,,,,,
20228,11/07/25 00:45:00,29.715,,,,,
20229,11/07/25 01:00:00,29.665,,,,,
20230,11/07/25 01:15:00,29.365,,,,,
20231,11/07/25 01:30:00,29.439,,,,,
20232,11/07/25 01:45:00,29.315,,,,,
20233,11/07/25 02:00:00,29.290,,,,,
20234,11/07/25 02:15:00,29.340,,,,,
20235,11/07/25 02:30:00,29.464,,,,,
20236,11/07/25 02:45:00,29.740,,,,,
20237,11/07/25 03:00:00,29.740,,,,,
20238,11/07/25 03:15:00,29.715,,,,,
20239,11/07/25 03:30:00,29.690,,,,,
20240,11/07/25 03:45:00,29.665,,,,,
20241,11/07/25 04:00:00,29.715,,,,,
20242,11/07/25 04:15:00,29.715,,,,,
20243,11/07/25 04:30:00,29.740,,,,,
20244,11/07/25 04:45:00,29.740,,,,,
20245,11/07/25 05:00:00,29.740,,,,,
20246,11/07/25 05:15:00,29.740,,,,,
20247,11/07/25 05:30:00,29.765,,,,,
20248,11/07/25 05:45:00,29.690,,,,,
20249,11/07/25 06:00:00,29.540,,,,,
20250,11/07/25 06:15:00,29.515,,,,,
20251,11/07/25 06:30:00,29.490,,,,,
20252,11/07/25 06:45:00,29.540,,,,,
20253,11/07/25 07:00:00,29.315,,,,,
20254,11/07/25 07:15:00,29.215,,,,,
20255,11/07/25 07:30:00,29.240,,,,,
20256,11/07/25 07:45:00,29.265,,,,,
20257,11/07/25 08:00:00,29.240,,,,,
20258,11/07/25 08:15:00,29.240,,,,,
20259,11/07/25 08:30:00,29.315,,,,,
20260,11/07/25 08:45:00,29.464,,,,,
20261,11/07/25 09:00:00,29.215,,,,,
20262,11/07/25 09:15:00,29.090,,,,,
20263,11/07/25 09:30:00,29.565,,,,,
20264,11/07/25 09:45:00,29.765,,,,,
20265,11/07/25 10:00:00,29.740,,,,,
20266,11/07/25 10:15:00,29.765,,,,,
20267,11/07/25 10:30:00,29.740,,,,,
20268,11/07/25 10:45:00,29.765,,,,,
20269,11/07/25 11:00:00,29.740,,,,,
20270,11/07/25 11:15:00,29.765,,,,,
20271,11/07/25 11:30:00,29.740,,,,,
20272,11/07/25 11:45:00,29.515,,,,,
20273,11/07/25 12:00:00,29.540,,,,,
20274,11/07/25 12:15:00,29.590,,,,,
20275,11/07/25 12:30:00,29.340,,,,,
20276,11/07/25 12:45:00,29.515,,,,,
20277,11/07/25 13:00:00,29.590,,,,,
20278,11/07/25 13:15:00,29.765,,,,,
20279,11/07/25 13:30:00,29.765,,,,,
20280,11/07/25 13:45:00,29.715,,,,,
20281,11/07/25 14:00:00,29.715,,,,,
20282,11/07/25 14:15:00,29.715,,,,,
20283,11/07/25 14:30:00,29.640,,,,,
20284,11/07/25 14:45:00,29.240,,,,,
20285,11/07/25 15:00:00,29.665,,,,,
20286,11/07/25 15:15:00,29.715,,,,,
20287,11/07/25 15:30:00,29.740,,,,,
20288,11/07/25 15:45:00,29.615,,,,,
20289,11/07/25 16:00:00,29.740,,,,,
20290,11/07/25 16:15:00,29.715,,,,,
20291,11/07/25 16:30:00,29.690,,,,,
20292,11/07/25 16:45:00,29.615,,,,,
20293,11/07/25 17:00:00,29.640,,,,,
20294,11/07/25 17:15:00,29.640,,,,,
20295,11/07/25 17:30:00,29.615,,,,,
20296,11/07/25 17:45:00,29.565,,,,,
20297,11/07/25 18:00:00,29.565,,,,,
20298,11/07/25 18:15:00,29.515,,,,,
20299,11/07/25 18:30:00,29.540,,,,,
20300,11/07/25 18:45:00,29.515,,,,,
20301,11/07/25 19:00:00,29.565,,,,,
20302,11/07/25 19:15:00,29.615,,,,,
20303,11/07/25 19:30:00,29.590,,,,,
20304,11/07/25 19:45:00,29.590,,,,,
20305,11/07/25 20:00:00,29.615,,,,,
20306,11/07/25 20:15:00,29.715,,,,,
20307,11/07/25 20:30:00,29.740,,,,,
20308,11/07/25 20:45:00,29.740,,,,,
20309,11/07/25 21:00:00,29.665,,,,,
20310,11/07/25 21:15:00,29.665,,,,,
20311,11/07/25 21:30:00,29.665,,,,,
20312,11/07/25 21:45:00,29.665,,,,,
20313,11/07/25 22:00:00,29.640,,,,,
20314,11/07/25 22:15:00,29.515,,,,,
20315,11/07/25 22:30:00,29.665,,,,,
20316,11/07/25 22:45:00,29.665,,,,,
20317,11/07/25 23:00:00,29.715,,,,,
20318,11/07/25 23:15:00,29.740,,,,,
20319,11/07/25 23:30:00,29.740,,,,,
20320,11/07/25 23:45:00,29.740,,,,,
20321,11/08/25 00:00:00,29.715,,,,,
20322,11/08/25 00:15:00,29.690,,,,,
20323,11/08/25 00:30:00,29.690,,,,,
20324,11/08/25 00:45:00,29.690,,,,,
20325,11/08/25 01:00:00,29.690,,,,,
20326,11/08/25 01:15:00,29.690,,,,,
20327,11/08/25 01:30:00,29.690,,,,,
20328,11/08/25 01:45:00,29.690,,,,,
20329,11/08/25 02:00:00,29.715,,,,,
20330,11/08/25 02:15:00,29.715,,,,,
20331,11/08/25 02:30:00,29.715,,,,,
20332,11/08/25 02:45:00,29.715,,,,,
20333,11/08/25 03:00:00,29.715,,,,,
20334,11/08/25 03:15:00,29.715,,,,,
20335,11/08/25 03:30:00,29.715,,,,,
20336,11/08/25 03:45:00,29.690,,,,,
20337,11/08/25 04:00:00,29.490,,,,,
20338,11/08/25 04:15:00,29.715,,,,,
20339,11/08/25 04:30:00,29.740,,,,,
20340,11/08/25 04:45:00,29.640,,,,,
20341,11/08/25 05:00:00,29.615,,,,,
20342,11/08/25 05:15:00,29.590,,,,,
20343,11/08/25 05:30:00,29.665,,,,,
20344,11/08/25 05:45:00,29.640,,,,,
20345,11/08/25 06:00:00,29.615,,,,,
20346,11/08/25 06:15:00,29.640,,,,,
20347,11/08/25 06:30:00,29.640,,,,,
20348,11/08/25 06:45:00,29.665,,,,,
20349,11/08/25 07:00:00,29.715,,,,,
20350,11/08/25 07:15:00,29.715,,,,,
20351,11/08/25 07:30:00,29.715,,,,,
20352,11/08/25 07:45:00,29.715,,,,,
20353,11/08/25 08:00:00,29.715,,,,,
20354,11/08/25 08:15:00,29.715,,,,,
20355,11/08/25 08:30:00,29.640,,,,,
20356,11/08/25 08:45:00,29.665,,,,,
20357,11/08/25 09:00:00,29.690,,,,,
20358,11/08/25 09:15:00,29.690,,,,,
20359,11/08/25 09:30:00,29.715,,,,,
20360,11/08/25 09:45:00,29.715,,,,,
20361,11/08/25 10:00:00,29.665,,,,,
20362,11/08/25 10:15:00,29.615,,,,,
20363,11/08/25 10:30:00,29.515,,,,,
20364,11/08/25 10:45:00,29.515,,,,,
20365,11/08/25 11:00:00,29.615,,,,,
20366,11/08/25 11:15:00,29.464,,,,,
20367,11/08/25 11:30:00,29.590,,,,,
20368,11/08/25 11:45:00,29.640,,,,,
20369,11/08/25 12:00:00,29.640,,,,,
20370,11/08/25 12:15:00,29.665,,,,,
20371,11/08/25 12:30:00,29.640,,,,,
20372,11/08/25 12:45:00,29.665,,,,,
20373,11/08/25 13:00:00,29.690,,,,,
20374,11/08/25 13:15:00,29.715,,,,,
20375,11/08/25 13:30:00,29.715,,,,,
20376,11/08/25 13:45:00,29.715,,,,,
20377,11/08/25 14:00:00,29.665,,,,,
20378,11/08/25 14:15:00,29.640,,,,,
20379,11/08/25 14:30:00,29.740,,,,,
20380,11/08/25 14:45:00,29.740,,,,,
20381,11/08/25 15:00:00,29.690,,,,,
20382,11/08/25 15:15:00,29.665,,,,,
20383,11/08/25 15:30:00,29.665,,,,,
20384,11/08/25 15:45:00,29.565,,,,,
20385,11/08/25 16:00:00,29.615,,,,,
20386,11/08/25 16:15:00,29.690,,,,,
20387,11/08/25 16:30:00,29.715,,,,,
20388,11/08/25 16:45:00,29.715,,,,,
20389,11/08/25 17:00:00,29.715,,,,,
20390,11/08/25 17:15:00,29.690,,,,,
20391,11/08/25 17:30:00,29.715,,,,,
20392,11/08/25 17:45:00,29.715,,,,,
20393,11/08/25 18:00:00,29.715,,,,,
20394,11/08/25 18:15:00,29.740,,,,,
20395,11/08/25 18:30:00,29.690,,,,,
20396,11/08/25 18:45:00,29.515,,,,,
20397,11/08/25 19:00:00,29.515,,,,,
20398,11/08/25 19:15:00,29.515,,,,,
20399,11/08/25 19:30:00,29.540,,,,,
20400,11/08/25 19:45:00,29.565,,,,,
20401,11/08/25 20:00:00,29.590,,,,,
20402,11/08/25 20:15:00,29.540,,,,,
20403,11/08/25 20:30:00,29.340,,,,,
20404,11/08/25 20:45:00,29.265,,,,,
20405,11/08/25 21:00:00,29.290,,,,,
20406,11/08/25 21:15:00,29.340,,,,,
20407,11/08/25 21:30:00,29.340,,,,,
20408,11/08/25 21:45:00,29.315,,,,,
20409,11/08/25 22:00:00,29.365,,,,,
20410,11/08/25 22:15:00,29.414,,,,,
20411,11/08/25 22:30:00,29.439,,,,,
20412,11/08/25 22:45:00,29.540,,,,,
20413,11/08/25 23:00:00,29.490,,,,,
20414,11/08/25 23:15:00,29.615,,,,,
20415,11/08/25 23:30:00,29.590,,,,,
20416,11/08/25 23:45:00,29.590,,,,,
20417,11/09/25 00:00:00,29.690,,,,,
20418,11/09/25 00:15:00,29.665,,,,,
20419,11/09/25 00:30:00,29.740,,,,,
20420,11/09/25 00:45:00,29.715,,,,,
20421,11/09/25 01:00:00,29.590,,,,,
20422,11/09/25 01:15:00,29.640,,,,,
20423,11/09/25 01:30:00,29.740,,,,,
20424,11/09/25 01:45:00,29.464,,,,,
20425,11/09/25 02:00:00,29.414,,,,,
20426,11/09/25 02:15:00,29.464,,,,,
20427,11/09/25 02:30:00,29.515,,,,,
20428,11/09/25 02:45:00,29.665,,,,,
20429,11/09/25 03:00:00,29.665,,,,,
20430,11/09/25 03:15:00,29.715,,,,,
20431,11/09/25 03:30:00,29.740,,,,,
20432,11/09/25 03:45:00,29.715,,,,,
20433,11/09/25 04:00:00,29.615,,,,,
20434,11/09/25 04:15:00,29.715,,,,,
20435,11/09/25 04:30:00,29.690,,,,,
20436,11/09/25 04:45:00,29.715,,,,,
20437,11/09/25 05:00:00,29.740,,,,,
20438,11/09/25 05:15:00,29.765,,,,,
20439,11/09/25 05:30:00,29.765,,,,,
20440,11/09/25 05:45:00,29.765,,,,,
20441,11/09/25 06:00:00,29.765,,,,,
20442,11/09/25 06:15:00,29.765,,,,,
20443,11/09/25 06:30:00,29.790,,,,,
20444,11/09/25 06:45:00,29.790,,,,,
20445,11/09/25 07:00:00,29.815,,,,,
20446,11/09/25 07:15:00,29.815,,,,,
20447,11/09/25 07:30:00,29.765,,,,,
20448,11/09/25 07:45:00,29.740,,,,,
20449,11/09/25 08:00:00,29.815,,,,,
20450,11/09/25 08:15:00,29.840,,,,,
20451,11/09/25 08:30:00,29.790,,,,,
20452,11/09/25 08:45:00,29.740,,,,,
20453,11/09/25 09:00:00,29.740,,,,,
20454,11/09/25 09:15:00,29.765,,,,,
20455,11/09/25 09:30:00,29.815,,,,,
20456,11/09/25 09:45:00,29.815,,,,,
20457,11/09/25 10:00:00,29.815,,,,,
20458,11/09/25 10:15:00,29.815,,,,,
20459,11/09/25 10:30:00,29.765,,,,,
20460,11/09/25 10:45:00,29.790,,,,,
20461,11/09/25 11:00:00,29.815,,,,,
20462,11/09/25 11:15:00,29.815,,,,,
20463,11/09/25 11:30:00,29.815,,,,,
20464,11/09/25 11:45:00,29.740,,,,,
20465,11/09/25 12:00:00,29.740,,,,,
20466,11/09/25 12:15:00,29.765,,,,,
20467,11/09/25 12:30:00,29.540,,,,,
20468,11/09/25 12:45:00,29.640,,,,,
20469,11/09/25 13:00:00,29.615,,,,,
20470,11/09/25 13:15:00,29.640,,,,,
20471,11/09/25 13:30:00,29.615,,,,,
20472,11/09/25 13:45:00,29.665,,,,,
20473,11/09/25 14:00:00,29.765,,,,,
20474,11/09/25 14:15:00,29.690,,,,,
20475,11/09/25 14:30:00,29.590,,,,,
20476,11/09/25 14:45:00,29.615,,,,,
20477,11/09/25 15:00:00,29.665,,,,,
20478,11/09/25 15:15:00,29.640,,,,,
20479,11/09/25 15:30:00,29.665,,,,,
20480,11/09/25 15:45:00,29.490,,,,,
20481,11/09/25 16:00:00,29.515,,,,,
20482,11/09/25 16:15:00,29.665,,,,,
20483,11/09/25 16:30:00,29.690,,,,,
20484,11/09/25 16:45:00,29.615,,,,,
20485,11/09/25 17:00:00,29.615,,,,,
20486,11/09/25 17:15:00,29.665,,,,,
20487,11/09/25 17:30:00,29.615,,,,,
20488,11/09/25 17:45:00,29.665,,,,,
20489,11/09/25 18:00:00,29.665,,,,,
20490,11/09/25 18:15:00,29.565,,,,,
20491,11/09/25 18:30:00,29.490,,,,,
20492,11/09/25 18:45:00,29.715,,,,,
20493,11/09/25 19:00:00,29.815,,,,,
20494,11/09/25 19:15:00,29.715,,,,,
20495,11/09/25 19:30:00,29.565,,,,,
20496,11/09/25 19:45:00,29.590,,,,,
20497,11/09/25 20:00:00,29.640,,,,,
20498,11/09/25 20:15:00,29.765,,,,,
20499,11/09/25 20:30:00,29.615,,,,,
20500,11/09/25 20:45:00,29.790,,,,,
20501,11/09/25 21:00:00,29.640,,,,,
20502,11/09/25 21:15:00,29.765,,,,,
20503,11/09/25 21:30:00,29.765,,,,,
20504,11/09/25 21:45:00,29.740,,,,,
20505,11/09/25 22:00:00,29.740,,,,,
20506,11/09/25 22:15:00,29.640,,,,,
20507,11/09/25 22:30:00,29.690,,,,,
20508,11/09/25 22:45:00,29.790,,,,,
20509,11/09/25 23:00:00,29.765,,,,,
20510,11/09/25 23:15:00,29.615,,,,,
20511,11/09/25 23:30:00,29.740,,,,,
20512,11/09/25 23:45:00,29.740,,,,,
20513,11/10/25 00:00:00,29.840,,,,,
20514,11/10/25 00:15:00,29.590,,,,,
20515,11/10/25 00:30:00,29.540,,,,,
20516,11/10/25 00:45:00,29.565,,,,,
20517,11/10/25 01:00:00,29.665,,,,,
20518,11/10/25 01:15:00,29.740,,,,,
20519,11/10/25 01:30:00,29.715,,,,,
20520,11/10/25 01:45:00,29.765,,,,,
20521,11/10/25 02:00:00,29.740,,,,,
20522,11/10/25 02:15:00,29.464,,,,,
20523,11/10/25 02:30:00,29.414,,,,,
20524,11/10/25 02:45:00,29.414,,,,,
20525,11/10/25 03:00:00,29.389,,,,,
20526,11/10/25 03:15:00,29.340,,,,,
20527,11/10/25 03:30:00,29.365,,,,,
20528,11/10/25 03:45:00,29.389,,,,,
20529,11/10/25 04:00:00,29.365,,,,,
20530,11/10/25 04:15:00,29.690,,,,,
20531,11/10/25 04:30:00,29.740,,,,,
20532,11/10/25 04:45:00,29.790,,,,,
20533,11/10/25 05:00:00,29.790,,,,,
20534,11/10/25 05:15:00,29.790,,,,,
20535,11/10/25 05:30:00,29.765,,,,,
20536,11/10/25 05:45:00,29.715,,,,,
20537,11/10/25 06:00:00,29.740,,,,,
20538,11/10/25 06:15:00,29.740,,,,,
20539,11/10/25 06:30:00,29.765,,,,,
20540,11/10/25 06:45:00,29.740,,,,,
20541,11/10/25 07:00:00,29.715,,,,,
20542,11/10/25 07:15:00,29.790,,,,,
20543,11/10/25 07:30:00,29.765,,,,,
20544,11/10/25 07:45:00,29.790,,,,,
20545,11/10/25 08:00:00,29.690,,,,,
20546,11/10/25 08:15:00,29.765,,,,,
20547,11/10/25 08:30:00,29.665,,,,,
20548,11/10/25 08:45:00,29.515,,,,,
20549,11/10/25 09:00:00,29.490,,,,,
20550,11/10/25 09:15:00,29.490,,,,,
20551,11/10/25 09:30:00,29.439,,,,,
20552,11/10/25 09:45:00,29.715,,,,,
20553,11/10/25 10:00:00,29.740,,,,,
20554,11/10/25 10:15:00,29.715,,,,,
20555,11/10/25 10:30:00,29.740,,,,,
20556,11/10/25 10:45:00,29.715,,,,,
20557,11/10/25 11:00:00,29.715,,,,,
20558,11/10/25 11:15:00,29.740,,,,,
20559,11/10/25 11:30:00,29.765,,,,,
20560,11/10/25 11:45:00,29.765,,,,,
20561,11/10/25 12:00:00,29.740,,,,,
20562,11/10/25 12:15:00,29.740,,,,,
20563,11/10/25 12:30:00,29.765,,,,,
20564,11/10/25 12:45:00,29.690,,,,,
20565,11/10/25 13:00:00,29.165,,,,,
20566,11/10/25 13:15:00,29.690,,,,,
20567,11/10/25 13:30:00,29.540,,,,,
20568,11/10/25 13:45:00,29.515,,,,,
20569,11/10/25 14:00:00,29.740,,,,,
20570,11/10/25 14:15:00,29.439,,,,,
20571,11/10/25 14:30:00,29.365,,,,,
20572,11/10/25 14:45:00,29.290,,,,,
20573,11/10/25 15:00:00,29.515,,,,,
20574,11/10/25 15:15:00,29.464,,,,,
20575,11/10/25 15:30:00,29.414,,,,,
20576,11/10/25 15:45:00,29.414,,,,,
20577,11/10/25 16:00:00,29.665,,,,,
20578,11/10/25 16:15:00,29.715,,,,,
20579,11/10/25 16:30:00,29.490,,,,,
20580,11/10/25 16:45:00,29.615,,,,,
20581,11/10/25 17:00:00,29.665,,,,,
20582,11/10/25 17:15:00,29.640,,,,,
20583,11/10/25 17:30:00,29.540,,,,,
20584,11/10/25 17:45:00,29.464,,,,,
20585,11/10/25 18:00:00,29.389,,,,,
20586,11/10/25 18:15:00,29.540,,,,,
20587,11/10/25 18:30:00,29.565,,,,,
20588,11/10/25 18:45:00,29.590,,,,,
20589,11/10/25 19:00:00,29.665,,,,,
20590,11/10/25 19:15:00,29.715,,,,,
20591,11/10/25 19:30:00,29.740,,,,,
20592,11/10/25 19:45:00,29.715,,,,,
20593,11/10/25 20:00:00,29.690,,,,,
20594,11/10/25 20:15:00,29.690,,,,,
20595,11/10/25 20:30:00,29.590,,,,,
20596,11/10/25 20:45:00,29.565,,,,,
20597,11/10/25 21:00:00,29.765,,,,,
20598,11/10/25 21:15:00,29.765,,,,,
20599,11/10/25 21:30:00,29.740,,,,,
20600,11/10/25 21:45:00,29.690,,,,,
20601,11/10/25 22:00:00,29.765,,,,,
20602,11/10/25 22:15:00,29.765,,,,,
20603,11/10/25 22:30:00,29.740,,,,,
20604,11/10/25 22:45:00,29.615,,,,,
20605,11/10/25 23:00:00,29.765,,,,,
20606,11/10/25 23:15:00,29.765,,,,,
20607,11/10/25 23:30:00,29.765,,,,,
20608,11/10/25 23:45:00,29.590,,,,,
20609,11/11/25 00:00:00,29.565,,,,,
20610,11/11/25 00:15:00,29.565,,,,,
20611,11/11/25 00:30:00,29.565,,,,,
20612,11/11/25 00:45:00,29.389,,,,,
20613,11/11/25 01:00:00,29.615,,,,,
20614,11/11/25 01:15:00,29.715,,,,,
20615,11/11/25 01:30:00,29.740,,,,,
20616,11/11/25 01:45:00,29.715,,,,,
20617,11/11/25 02:00:00,29.715,,,,,
20618,11/11/25 02:15:00,29.690,,,,,
20619,11/11/25 02:30:00,29.690,,,,,
20620,11/11/25 02:45:00,29.715,,,,,
20621,11/11/25 03:00:00,29.715,,,,,
20622,11/11/25 03:15:00,29.590,,,,,
20623,11/11/25 03:30:00,29.740,,,,,
20624,11/11/25 03:45:00,29.715,,,,,
20625,11/11/25 04:00:00,29.389,,,,,
20626,11/11/25 04:15:00,29.315,,,,,
20627,11/11/25 04:30:00,29.315,,,,,
20628,11/11/25 04:45:00,29.365,,,,,
20629,11/11/25 05:00:00,29.490,,,,,
20630,11/11/25 05:15:00,29.265,,,,,
20631,11/11/25 05:30:00,29.215,,,,,
20632,11/11/25 05:45:00,29.215,,,,,
20633,11/11/25 06:00:00,29.215,,,,,
20634,11/11/25 06:15:00,29.215,,,,,
20635,11/11/25 06:30:00,29.215,,,,,
20636,11/11/25 06:45:00,29.190,,,,,
20637,11/11/25 07:00:00,29.464,,,,,
20638,11/11/25 07:15:00,29.389,,,,,
20639,11/11/25 07:30:00,29.540,,,,,
20640,11/11/25 07:45:00,29.665,,,,,
20641,11/11/25 08:00:00,29.690,,,,,
20642,11/11/25 08:15:00,29.690,,,,,
20643,11/11/25 08:30:00,29.690,,,,,
20644,11/11/25 08:45:00,29.690,,,,,
20645,11/11/25 09:00:00,29.740,,,,,
20646,11/11/25 09:15:00,29.740,,,,,
20647,11/11/25 09:30:00,29.740,,,,,
20648,11/11/25 09:45:00,29.740,,,,,
20649,11/11/25 10:00:00,29.740,,,,,
20650,11/11/25 10:15:00,29.740,,,,,
20651,11/11/25 10:30:00,29.740,,,,,
20652,11/11/25 10:45:00,29.740,,,,,
20653,11/11/25 11:00:00,29.765,,,,,
20654,11/11/25 11:15:00,29.765,,,,,
20655,11/11/25 11:30:00,29.740,,,,,
20656,11/11/25 11:45:00,29.690,,,,,
20657,11/11/25 12:00:00,29.690,,,,,
20658,11/11/25 12:15:00,29.715,,,,,
20659,11/11/25 12:30:00,29.740,,,,,
20660,11/11/25 12:45:00,29.740,,,,,
20661,11/11/25 13:00:00,29.665,,,,,
20662,11/11/25 13:15:00,29.640,,,,,
20663,11/11/25 13:30:00,29.640,,,,,
20664,11/11/25 13:45:00,29.615,,,,,
20665,11/11/25 14:00:00,29.640,,,,,
20666,11/11/25 14:15:00,29.640,,,,,
20667,11/11/25 14:30:00,29.665,,,,,
20668,11/11/25 14:45:00,29.665,,,,,
20669,11/11/25 15:00:00,29.690,,,,,
20670,11/11/25 15:15:00,29.690,,,,,
20671,11/11/25 15:30:00,29.715,,,,,
20672,11/11/25 15:45:00,29.715,,,,,
20673,11/11/25 16:00:00,29.640,,,,,
20674,11/11/25 16:15:00,29.715,,,,,
20675,11/11/25 16:30:00,29.715,,,,,
20676,11/11/25 16:45:00,29.715,,,,,
20677,11/11/25 17:00:00,29.690,,,,,
20678,11/11/25 17:15:00,29.715,,,,,
20679,11/11/25 17:30:00,29.690,,,,,
20680,11/11/25 17:45:00,29.715,,,,,
20681,11/11/25 18:00:00,29.715,,,,,
20682,11/11/25 18:15:00,29.565,,,,,
20683,11/11/25 18:30:00,29.690,,,,,
20684,11/11/25 18:45:00,29.740,,,,,
20685,11/11/25 19:00:00,29.740,,,,,
20686,11/11/25 19:15:00,29.740,,,,,
20687,11/11/25 19:30:00,29.740,,,,,
20688,11/11/25 19:45:00,29.740,,,,,
20689,11/11/25 20:00:00,29.690,,,,,
20690,11/11/25 20:15:00,29.665,,,,,
20691,11/11/25 20:30:00,29.665,,,,,
20692,11/11/25 20:45:00,29.715,,,,,
20693,11/11/25 21:00:00,29.715,,,,,
20694,11/11/25 21:15:00,29.690,,,,,
20695,11/11/25 21:30:00,29.715,,,,,
20696,11/11/25 21:45:00,29.740,,,,,
20697,11/11/25 22:00:00,29.740,,,,,
20698,11/11/25 22:15:00,29.740,,,,,
20699,11/11/25 22:30:00,29.740,,,,,
20700,11/11/25 22:45:00,29.740,,,,,
20701,11/11/25 23:00:00,29.765,,,,,
20702,11/11/25 23:15:00,29.765,,,,,
20703,11/11/25 23:30:00,29.765,,,,,
20704,11/11/25 23:45:00,29.715,,,,,
20705,11/12/25 00:00:00,29.715,,,,,
20706,11/12/25 00:15:00,29.715,,,,,
20707,11/12/25 00:30:00,29.765,,,,,
20708,11/12/25 00:45:00,29.715,,,,,
20709,11/12/25 01:00:00,29.715,,,,,
20710,11/12/25 01:15:00,29.765,,,,,
20711,11/12/25 01:30:00,29.740,,,,,
20712,11/12/25 01:45:00,29.740,,,,,
20713,11/12/25 02:00:00,29.665,,,,,
20714,11/12/25 02:15:00,29.540,,,,,
20715,11/12/25 02:30:00,29.640,,,,,
20716,11/12/25 02:45:00,29.740,,,,,
20717,11/12/25 03:00:00,29.690,,,,,
20718,11/12/25 03:15:00,29.490,,,,,
20719,11/12/25 03:30:00,29.490,,,,,
20720,11/12/25 03:45:00,29.590,,,,,
20721,11/12/25 04:00:00,29.340,,,,,
20722,11/12/25 04:15:00,29.365,,,,,
20723,11/12/25 04:30:00,29.490,,,,,
20724,11/12/25 04:45:00,29.490,,,,,
20725,11/12/25 05:00:00,29.590,,,,,
20726,11/12/25 05:15:00,29.665,,,,,
20727,11/12/25 05:30:00,29.740,,,,,
20728,11/12/25 05:45:00,29.715,,,,,
20729,11/12/25 06:00:00,29.765,,,,,
20730,11/12/25 06:15:00,29.765,,,,,
20731,11/12/25 06:30:00,29.740,,,,,
20732,11/12/25 06:45:00,29.665,,,,,
20733,11/12/25 07:00:00,29.715,,,,,
20734,11/12/25 07:15:00,29.690,,,,,
20735,11/12/25 07:30:00,29.765,,,,,
20736,11/12/25 07:45:00,29.740,,,,,
20737,11/12/25 08:00:00,29.715,,,,,
20738,11/12/25 08:15:00,29.715,,,,,
20739,11/12/25 08:30:00,29.740,,,,,
20740,11/12/25 08:45:00,29.665,,,,,
20741,11/12/25 09:00:00,29.715,,,,,
20742,11/12/25 09:15:00,29.740,,,,,
20743,11/12/25 09:30:00,29.640,,,,,
20744,11/12/25 09:45:00,29.690,,,,,
20745,11/12/25 10:00:00,29.715,,,,,
20746,11/12/25 10:15:00,29.464,,,,,
20747,11/12/25 10:30:00,29.414,,,,,
20748,11/12/25 10:45:00,29.414,,,,,
20749,11/12/25 11:00:00,29.515,,,,,
20750,11/12/25 11:15:00,29.365,,,,,
20751,11/12/25 11:30:00,29.365,,,,,
20752,11/12/25 11:45:00,29.439,,,,,
20753,11/12/25 12:00:00,29.665,,,,,
20754,11/12/25 12:15:00,29.615,,,,,
20755,11/12/25 12:30:00,29.439,,,,,
20756,11/12/25 12:45:00,29.565,,,,,
20757,11/12/25 13:00:00,29.590,,,,,
20758,11/12/25 13:15:00,29.690,,,,,
20759,11/12/25 13:30:00,29.515,,,,,
20760,11/12/25 13:45:00,29.640,,,,,
20761,11/12/25 14:00:00,29.690,,,,,
20762,11/12/25 14:15:00,29.315,,,,,
20763,11/12/25 14:30:00,29.240,,,,,
20764,11/12/25 14:45:00,29.365,,,,,
20765,11/12/25 15:00:00,29.464,,,,,
20766,11/12/25 15:15:00,29.515,,,,,
20767,11/12/25 15:30:00,29.515,,,,,
20768,11/12/25 15:45:00,29.565,,,,,
20769,11/12/25 16:00:00,29.365,,,,,
20770,11/12/25 16:15:00,29.439,,,,,
20771,11/12/25 16:30:00,29.540,,,,,
20772,11/12/25 16:45:00,29.565,,,,,
20773,11/12/25 17:00:00,29.715,,,,,
20774,11/12/25 17:15:00,29.815,,,,,
20775,11/12/25 17:30:00,29.790,,,,,
20776,11/12/25 17:45:00,29.715,,,,,
20777,11/12/25 18:00:00,29.715,,,,,
20778,11/12/25 18:15:00,29.715,,,,,
20779,11/12/25 18:30:00,29.765,,,,,
20780,11/12/25 18:45:00,29.765,,,,,
20781,11/12/25 19:00:00,29.790,,,,,
20782,11/12/25 19:15:00,29.464,,,,,
20783,11/12/25 19:30:00,29.365,,,,,
20784,11/12/25 19:45:00,29.365,,,,,
20785,11/12/25 20:00:00,29.389,,,,,
20786,11/12/25 20:15:00,29.190,,,,,
20787,11/12/25 20:30:00,29.340,,,,,
20788,11/12/25 20:45:00,29.365,,,,,
20789,11/12/25 21:00:00,29.414,,,,,
20790,11/12/25 21:15:00,29.490,,,,,
20791,11/12/25 21:30:00,29.414,,,,,
20792,11/12/25 21:45:00,29.389,,,,,
20793,11/12/25 22:00:00,29.365,,,,,
20794,11/12/25 22:15:00,29.315,,,,,
20795,11/12/25 22:30:00,29.414,,,,,
20796,11/12/25 22:45:00,29.439,,,,,
20797,11/12/25 23:00:00,29.540,,,,,
20798,11/12/25 23:15:00,29.665,,,,,
20799,11/12/25 23:30:00,29.715,,,,,
20800,11/12/25 23:45:00,29.690,,,,,
20801,11/13/25 00:00:00,29.565,,,,,
20802,11/13/25 00:15:00,29.565,,,,,
20803,11/13/25 00:30:00,29.615,,,,,
20804,11/13/25 00:45:00,29.665,,,,,
20805,11/13/25 01:00:00,29.715,,,,,
20806,11/13/25 01:15:00,29.365,,,,,
20807,11/13/25 01:30:00,29.414,,,,,
20808,11/13/25 01:45:00,29.340,,,,,
20809,11/13/25 02:00:00,29.439,,,,,
20810,11/13/25 02:15:00,29.615,,,,,
20811,11/13/25 02:30:00,29.490,,,,,
20812,11/13/25 02:45:00,29.490,,,,,
20813,11/13/25 03:00:00,29.414,,,,,
20814,11/13/25 03:15:00,29.340,,,,,
20815,11/13/25 03:30:00,29.365,,,,,
20816,11/13/25 03:45:00,29.389,,,,,
20817,11/13/25 04:00:00,29.439,,,,,
20818,11/13/25 04:15:00,29.439,,,,,
20819,11/13/25 04:30:00,29.414,,,,,
20820,11/13/25 04:45:00,29.464,,,,,
20821,11/13/25 05:00:00,29.490,,,,,
20822,11/13/25 05:15:00,29.464,,,,,
20823,11/13/25 05:30:00,29.515,,,,,
20824,11/13/25 05:45:00,29.365,,,,,
20825,11/13/25 06:00:00,29.389,,,,,
20826,11/13/25 06:15:00,29.590,,,,,
20827,11/13/25 06:30:00,29.615,,,,,
20828,11/13/25 06:45:00,29.615,,,,,
20829,11/13/25 07:00:00,29.740,,,,,
20830,11/13/25 07:15:00,29.765,,,,,
20831,11/13/25 07:30:00,29.765,,,,,
20832,11/13/25 07:45:00,29.740,,,,,
20833,11/13/25 08:00:00,29.740,,,,,
20834,11/13/25 08:15:00,29.740,,,,,
20835,11/13/25 08:30:00,29.740,,,,,
20836,11/13/25 08:45:00,29.715,,,,,
20837,11/13/25 09:00:00,29.640,,,,,
20838,11/13/25 09:15:00,29.665,,,,,
20839,11/13/25 09:30:00,29.640,,,,,
20840,11/13/25 09:45:00,29.590,,,,,
20841,11/13/25 10:00:00,29.590,,,,,
20842,11/13/25 10:15:00,29.615,,,,,
20843,11/13/25 10:30:00,29.615,,,,,
20844,11/13/25 10:45:00,29.690,,,,,
20845,11/13/25 11:00:00,29.715,,,,,
20846,11/13/25 11:15:00,29.665,,,,,
20847,11/13/25 11:30:00,29.640,,,,,
20848,11/13/25 11:45:00,29.740,,,,,
20849,11/13/25 12:00:00,29.665,,,,,
20850,11/13/25 12:15:00,29.615,,,,,
20851,11/13/25 12:30:00,29.665,,,,,
20852,11/13/25 12:45:00,29.665,,,,,
20853,11/13/25 13:00:00,29.665,,,,,
20854,11/13/25 13:15:00,29.565,,,,,
20855,11/13/25 13:30:00,29.665,,,,,
20856,11/13/25 13:45:00,29.665,,,,,
20857,11/13/25 14:00:00,29.590,,,,,
20858,11/13/25 14:15:00,29.665,,,,,
20859,11/13/25 14:30:00,29.740,,,,,
20860,11/13/25 14:45:00,29.790,,,,,
20861,11/13/25 15:00:00,29.665,,,,,
20862,11/13/25 15:15:00,29.665,,,,,
20863,11/13/25 15:30:00,29.665,,,,,
20864,11/13/25 15:45:00,29.190,,,,,
20865,11/13/25 16:00:00,29.464,,,,,
20866,11/13/25 16:15:00,29.665,,,,,
20867,11/13/25 16:30:00,29.715,,,,,
20868,11/13/25 16:45:00,29.715,,,,,
20869,11/13/25 17:00:00,29.715,,,,,
20870,11/13/25 17:15:00,29.740,,,,,
20871,11/13/25 17:30:00,29.740,,,,,
20872,11/13/25 17:45:00,29.715,,,,,
20873,11/13/25 18:00:00,29.740,,,,,
20874,11/13/25 18:15:00,29.765,,,,,
20875,11/13/25 18:30:00,29.765,,,,,
20876,11/13/25 18:45:00,29.765,,,,,
20877,11/13/25 19:00:00,29.765,,,,,
20878,11/13/25 19:15:00,29.765,,,,,
20879,11/13/25 19:30:00,29.765,,,,,
20880,11/13/25 19:45:00,29.765,,,,,
20881,11/13/25 20:00:00,29.765,,,,,
20882,11/13/25 20:15:00,29.765,,,,,
20883,11/13/25 20:30:00,29.765,,,,,
20884,11/13/25 20:45:00,29.740,,,,,
20885,11/13/25 21:00:00,29.740,,,,,
20886,11/13/25 21:15:00,29.765,,,,,
20887,11/13/25 21:30:00,29.590,,,,,
20888,11/13/25 21:45:00,29.590,,,,,
20889,11/13/25 22:00:00,29.715,,,,,
20890,11/13/25 22:15:00,29.640,,,,,
20891,11/13/25 22:30:00,29.365,,,,,
20892,11/13/25 22:45:00,29.464,,,,,
20893,11/13/25 23:00:00,29.515,,,,,
20894,11/13/25 23:15:00,29.515,,,,,
20895,11/13/25 23:30:00,29.414,,,,,
20896,11/13/25 23:45:00,29.640,,,,,
20897,11/14/25 00:00:00,29.715,,,,,
20898,11/14/25 00:15:00,29.665,,,,,
20899,11/14/25 00:30:00,29.665,,,,,
20900,11/14/25 00:45:00,29.240,,,,,
20901,11/14/25 01:00:00,29.665,,,,,
20902,11/14/25 01:15:00,29.365,,,,,
20903,11/14/25 01:30:00,29.590,,,,,
20904,11/14/25 01:45:00,29.265,,,,,
20905,11/14/25 02:00:00,29.165,,,,,
20906,11/14/25 02:15:00,29.165,,,,,
20907,11/14/25 02:30:00,29.140,,,,,
20908,11/14/25 02:45:00,29.240,,,,,
20909,11/14/25 03:00:00,29.315,,,,,
20910,11/14/25 03:15:00,29.690,,,,,
20911,11/14/25 03:30:00,29.665,,,,,
20912,11/14/25 03:45:00,29.115,,,,,
20913,11/14/25 04:00:00,29.565,,,,,
20914,11/14/25 04:15:00,29.490,,,,,
20915,11/14/25 04:30:00,29.040,,,,,
20916,11/14/25 04:45:00,29.190,,,,,
20917,11/14/25 05:00:00,29.290,,,,,
20918,11/14/25 05:15:00,29.265,,,,,
20919,11/14/25 05:30:00,29.165,,,,,
20920,11/14/25 05:45:00,29.165,,,,,
20921,11/14/25 06:00:00,29.414,,,,,
20922,11/14/25 06:15:00,29.315,,,,,
20923,11/14/25 06:30:00,29.240,,,,,
20924,11/14/25 06:45:00,29.615,,,,,
20925,11/14/25 07:00:00,29.640,,,,,
20926,11/14/25 07:15:00,29.715,,,,,
20927,11/14/25 07:30:00,29.740,,,,,
20928,11/14/25 07:45:00,29.715,,,,,
20929,11/14/25 08:00:00,29.740,,,,,
20930,11/14/25 08:15:00,29.815,,,,,
20931,11/14/25 08:30:00,29.815,,,,,
20932,11/14/25 08:45:00,29.765,,,,,
20933,11/14/25 09:00:00,29.640,,,,,
20934,11/14/25 09:15:00,29.715,,,,,
20935,11/14/25 09:30:00,29.340,,,,,
20936,11/14/25 09:45:00,29.665,,,,,
20937,11/14/25 10:00:00,29.690,,,,,
20938,11/14/25 10:15:00,29.690,,,,,
20939,11/14/25 10:30:00,29.665,,,,,
20940,11/14/25 10:45:00,29.690,,,,,
20941,11/14/25 11:00:00,29.640,,,,,
20942,11/14/25 11:15:00,29.690,,,,,
20943,11/14/25 11:30:00,29.315,,,,,
20944,11/14/25 11:45:00,29.265,,,,,
20945,11/14/25 12:00:00,29.240,,,,,
20946,11/14/25 12:15:00,29.265,,,,,
20947,11/14/25 12:30:00,29.265,,,,,
20948,11/14/25 12:45:00,29.290,,,,,
20949,11/14/25 13:00:00,29.290,,,,,
20950,11/14/25 13:15:00,29.290,,,,,
20951,11/14/25 13:30:00,29.315,,,,,
20952,11/14/25 13:45:00,29.315,,,,,
20953,11/14/25 14:00:00,29.315,,,,,
20954,11/14/25 14:15:00,29.389,,,,,
20955,11/14/25 14:30:00,29.340,,,,,
20956,11/14/25 14:45:00,29.464,,,,,
20957,11/14/25 15:00:00,29.565,,,,,
20958,11/14/25 15:15:00,29.464,,,,,
20959,11/14/25 15:30:00,29.439,,,,,
20960,11/14/25 15:45:00,29.414,,,,,
20961,11/14/25 16:00:00,29.365,,,,,
20962,11/14/25 16:15:00,29.365,,,,,
20963,11/14/25 16:30:00,29.365,,,,,
20964,11/14/25 16:45:00,29.365,,,,,
20965,11/14/25 17:00:00,29.365,,,,,
20966,11/14/25 17:15:00,29.389,,,,,
20967,11/14/25 17:30:00,29.464,,,,,
20968,11/14/25 17:45:00,29.414,,,,,
20969,11/14/25 18:00:00,29.464,,,,,
20970,11/14/25 18:15:00,29.340,,,,,
20971,11/14/25 18:30:00,29.265,,,,,
20972,11/14/25 18:45:00,29.290,,,,,
20973,11/14/25 19:00:00,29.240,,,,,
20974,11/14/25 19:15:00,29.190,,,,,
20975,11/14/25 19:30:00,29.190,,,,,
20976,11/14/25 19:45:00,29.165,,,,,
20977,11/14/25 20:00:00,29.190,,,,,
20978,11/14/25 20:15:00,29.140,,,,,
20979,11/14/25 20:30:00,29.115,,,,,
20980,11/14/25 20:45:00,29.165,,,,,
20981,11/14/25 21:00:00,29.115,,,,,
20982,11/14/25 21:15:00,29.090,,,,,
20983,11/14/25 21:30:00,29.115,,,,,
20984,11/14/25 21:45:00,29.090,,,,,
20985,11/14/25 22:00:00,29.090,,,,,
20986,11/14/25 22:15:00,29.065,,,,,
20987,11/14/25 22:30:00,29.090,,,,,
20988,11/14/25 22:45:00,29.090,,,,,
20989,11/14/25 23:00:00,29.240,,,,,
20990,11/14/25 23:15:00,29.065,,,,,
20991,11/14/25 23:30:00,29.140,,,,,
20992,11/14/25 23:45:00,29.115,,,,,
20993,11/15/25 00:00:00,29.165,,,,,
20994,11/15/25 00:15:00,29.190,,,,,
20995,11/15/25 00:30:00,29.315,,,,,
20996,11/15/25 00:45:00,29.389,,,,,
20997,11/15/25 01:00:00,29.464,,,,,
20998,11/15/25 01:15:00,29.439,,,,,
20999,11/15/25 01:30:00,29.090,,,,,
21000,11/15/25 01:45:00,29.115,,,,,
21001,11/15/25 02:00:00,29.315,,,,,
21002,11/15/25 02:15:00,29.340,,,,,
21003,11/15/25 02:30:00,29.389,,,,,
21004,11/15/25 02:45:00,29.464,,,,,
21005,11/15/25 03:00:00,29.439,,,,,
21006,11/15/25 03:15:00,29.340,,,,,
21007,11/15/25 03:30:00,29.365,,,,,
21008,11/15/25 03:45:00,29.340,,,,,
21009,11/15/25 04:00:00,29.265,,,,,
21010,11/15/25 04:15:00,29.340,,,,,
21011,11/15/25 04:30:00,29.340,,,,,
21012,11/15/25 04:45:00,29.365,,,,,
21013,11/15/25 05:00:00,29.315,,,,,
21014,11/15/25 05:15:00,29.315,,,,,
21015,11/15/25 05:30:00,29.315,,,,,
21016,11/15/25 05:45:00,29.265,,,,,
21017,11/15/25 06:00:00,29.165,,,,,
21018,11/15/25 06:15:00,29.165,,,,,
21019,11/15/25 06:30:00,29.165,,,,,
21020,11/15/25 06:45:00,29.215,,,,,
21021,11/15/25 07:00:00,29.165,,,,,
21022,11/15/25 07:15:00,29.265,,,,,
21023,11/15/25 07:30:00,29.340,,,,,
21024,11/15/25 07:45:00,29.340,,,,,
21025,11/15/25 08:00:00,29.389,,,,,
21026,11/15/25 08:15:00,29.315,,,,,
21027,11/15/25 08:30:00,29.389,,,,,
21028,11/15/25 08:45:00,29.365,,,,,
21029,11/15/25 09:00:00,29.265,,,,,
21030,11/15/25 09:15:00,29.240,,,,,
21031,11/15/25 09:30:00,29.215,,,,,
21032,11/15/25 09:45:00,29.315,,,,,
21033,11/15/25 10:00:00,29.190,,,,,
21034,11/15/25 10:15:00,29.090,,,,,
21035,11/15/25 10:30:00,29.115,,,,,
21036,11/15/25 10:45:00,29.115,,,,,
21037,11/15/25 11:00:00,29.115,,,,,
21038,11/15/25 11:15:00,29.015,,,,,
21039,11/15/25 11:30:00,29.065,,,,,
21040,11/15/25 11:45:00,29.115,,,,,
21041,11/15/25 12:00:00,29.115,,,,,
21042,11/15/25 12:15:00,29.165,,,,,
21043,11/15/25 12:30:00,29.215,,,,,
21044,11/15/25 12:45:00,29.389,,,,,
21045,11/15/25 13:00:00,29.389,,,,,
21046,11/15/25 13:15:00,29.340,,,,,
21047,11/15/25 13:30:00,29.464,,,,,
21048,11/15/25 13:45:00,29.565,,,,,
21049,11/15/25 14:00:00,29.515,,,,,
21050,11/15/25 14:15:00,29.490,,,,,
21051,11/15/25 14:30:00,29.565,,,,,
21052,11/15/25 14:45:00,29.565,,,,,
21053,11/15/25 15:00:00,29.565,,,,,
21054,11/15/25 15:15:00,29.565,,,,,
21055,11/15/25 15:30:00,29.565,,,,,
21056,11/15/25 15:45:00,29.565,,,,,
21057,11/15/25 16:00:00,29.590,,,,,
21058,11/15/25 16:15:00,29.590,,,,,
21059,11/15/25 16:30:00,29.590,,,,,
21060,11/15/25 16:45:00,29.439,,,,,
21061,11/15/25 17:00:00,29.515,,,,,
21062,11/15/25 17:15:00,29.515,,,,,
21063,11/15/25 17:30:00,29.490,,,,,
21064,11/15/25 17:45:00,29.590,,,,,
21065,11/15/25 18:00:00,29.590,,,,,
21066,11/15/25 18:15:00,29.540,,,,,
21067,11/15/25 18:30:00,29.540,,,,,
21068,11/15/25 18:45:00,29.540,,,,,
21069,11/15/25 19:00:00,29.565,,,,,
21070,11/15/25 19:15:00,29.565,,,,,
21071,11/15/25 19:30:00,29.464,,,,,
21072,11/15/25 19:45:00,29.265,,,,,
21073,11/15/25 20:00:00,29.240,,,,,
21074,11/15/25 20:15:00,29.090,,,,,
21075,11/15/25 20:30:00,29.365,,,,,
21076,11/15/25 20:45:00,29.464,,,,,
21077,11/15/25 21:00:00,29.439,,,,,
21078,11/15/25 21:15:00,29.540,,,,,
21079,11/15/25 21:30:00,29.315,,,,,
21080,11/15/25 21:45:00,29.365,,,,,
21081,11/15/25 22:00:00,29.464,,,,,
21082,11/15/25 22:15:00,29.515,,,,,
21083,11/15/25 22:30:00,29.439,,,,,
21084,11/15/25 22:45:00,29.414,,,,,
21085,11/15/25 23:00:00,29.439,,,,,
21086,11/15/25 23:15:00,29.464,,,,,
21087,11/15/25 23:30:00,29.389,,,,,
21088,11/15/25 23:45:00,29.389,,,,,
21089,11/16/25 00:00:00,29.439,,,,,
21090,11/16/25 00:15:00,29.464,,,,,
21091,11/16/25 00:30:00,29.464,,,,,
21092,11/16/25 00:45:00,29.490,,,,,
21093,11/16/25 01:00:00,29.565,,,,,
21094,11/16/25 01:15:00,29.439,,,,,
21095,11/16/25 01:30:00,29.515,,,,,
21096,11/16/25 01:45:00,29.490,,,,,
21097,11/16/25 02:00:00,29.540,,,,,
21098,11/16/25 02:15:00,29.565,,,,,
21099,11/16/25 02:30:00,29.565,,,,,
21100,11/16/25 02:45:00,29.590,,,,,
21101,11/16/25 03:00:00,29.565,,,,,
21102,11/16/25 03:15:00,29.439,,,,,
21103,11/16/25 03:30:00,29.414,,,,,
21104,11/16/25 03:45:00,29.565,,,,,
21105,11/16/25 04:00:00,29.490,,,,,
21106,11/16/25 04:15:00,29.414,,,,,
21107,11/16/25 04:30:00,29.490,,,,,
21108,11/16/25 04:45:00,29.490,,,,,
21109,11/16/25 05:00:00,29.490,,,,,
21110,11/16/25 05:15:00,29.515,,,,,
21111,11/16/25 05:30:00,29.515,,,,,
21112,11/16/25 05:45:00,29.490,,,,,
21113,11/16/25 06:00:00,29.515,,,,,
21114,11/16/25 06:15:00,29.540,,,,,
21115,11/16/25 06:30:00,29.540,,,,,
21116,11/16/25 06:45:00,29.590,,,,,
21117,11/16/25 07:00:00,29.540,,,,,
21118,11/16/25 07:15:00,29.540,,,,,
21119,11/16/25 07:30:00,29.565,,,,,
21120,11/16/25 07:45:00,29.540,,,,,
21121,11/16/25 08:00:00,29.565,,,,,
21122,11/16/25 08:15:00,29.389,,,,,
21123,11/16/25 08:30:00,29.490,,,,,
21124,11/16/25 08:45:00,29.565,,,,,
21125,11/16/25 09:00:00,29.565,,,,,
21126,11/16/25 09:15:00,29.464,,,,,
21127,11/16/25 09:30:00,29.490,,,,,
21128,11/16/25 09:45:00,29.365,,,,,
21129,11/16/25 10:00:00,29.315,,,,,
21130,11/16/25 10:15:00,29.365,,,,,
21131,11/16/25 10:30:00,29.315,,,,,
21132,11/16/25 10:45:00,29.240,,,,,
21133,11/16/25 11:00:00,29.065,,,,,
21134,11/16/25 11:15:00,29.040,,,,,
21135,11/16/25 11:30:00,28.990,,,,,
21136,11/16/25 11:45:00,28.916,,,,,
21137,11/16/25 12:00:00,28.791,,,,,
21138,11/16/25 12:15:00,28.816,,,,,
21139,11/16/25 12:30:00,28.891,,,,,
21140,11/16/25 12:45:00,28.965,,,,,
21141,11/16/25 13:00:00,29.090,,,,,
21142,11/16/25 13:15:00,29.439,,,,,
21143,11/16/25 13:30:00,29.365,,,,,
21144,11/16/25 13:45:00,29.540,,,,,
21145,11/16/25 14:00:00,29.540,,,,,
21146,11/16/25 14:15:00,29.540,,,,,
21147,11/16/25 14:30:00,29.565,,,,,
21148,11/16/25 14:45:00,29.590,,,,,
21149,11/16/25 15:00:00,29.590,,,,,
21150,11/16/25 15:15:00,29.590,,,,,
21151,11/16/25 15:30:00,29.590,,,,,
21152,11/16/25 15:45:00,29.615,,,,,
21153,11/16/25 16:00:00,29.615,,,,,
21154,11/16/25 16:15:00,29.590,,,,,
21155,11/16/25 16:30:00,29.590,,,,,
21156,11/16/25 16:45:00,29.590,,,,,
21157,11/16/25 17:00:00,29.590,,,,,
21158,11/16/25 17:15:00,29.540,,,,,
21159,11/16/25 17:30:00,29.540,,,,,
21160,11/16/25 17:45:00,29.540,,,,,
21161,11/16/25 18:00:00,29.540,,,,,
21162,11/16/25 18:15:00,29.565,,,,,
21163,11/16/25 18:30:00,29.590,,,,,
21164,11/16/25 18:45:00,29.590,,,,,
21165,11/16/25 19:00:00,29.590,,,,,
21166,11/16/25 19:15:00,29.590,,,,,
21167,11/16/25 19:30:00,29.590,,,,,
21168,11/16/25 19:45:00,29.565,,,,,
21169,11/16/25 20:00:00,29.464,,,,,
21170,11/16/25 20:15:00,29.490,,,,,
21171,11/16/25 20:30:00,29.515,,,,,
21172,11/16/25 20:45:00,29.540,,,,,
21173,11/16/25 21:00:00,29.565,,,,,
21174,11/16/25 21:15:00,29.590,,,,,
21175,11/16/25 21:30:00,29.590,,,,,
21176,11/16/25 21:45:00,29.590,,,,,
21177,11/16/25 22:00:00,29.565,,,,,
21178,11/16/25 22:15:00,29.540,,,,,
21179,11/16/25 22:30:00,29.515,,,,,
21180,11/16/25 22:45:00,29.540,,,,,
21181,11/16/25 23:00:00,29.590,,,,,
21182,11/16/25 23:15:00,29.590,,,,,
21183,11/16/25 23:30:00,29.590,,,,,
21184,11/16/25 23:45:00,29.215,,,,,
21185,11/17/25 00:00:00,29.140,,,,,
21186,11/17/25 00:15:00,29.140,,,,,
21187,11/17/25 00:30:00,28.866,,,,,
21188,11/17/25 00:45:00,29.165,,,,,
21189,11/17/25 01:00:00,28.990,,,,,
21190,11/17/25 01:15:00,29.215,,,,,
21191,11/17/25 01:30:00,29.340,,,,,
21192,11/17/25 01:45:00,29.464,,,,,
21193,11/17/25 02:00:00,29.464,,,,,
21194,11/17/25 02:15:00,29.565,,,,,
21195,11/17/25 02:30:00,29.565,,,,,
21196,11/17/25 02:45:00,29.565,,,,,
21197,11/17/25 03:00:00,29.464,,,,,
21198,11/17/25 03:15:00,29.540,,,,,
21199,11/17/25 03:30:00,29.540,,,,,
21200,11/17/25 03:45:00,29.540,,,,,
21201,11/17/25 04:00:00,29.515,,,,,
21202,11/17/25 04:15:00,29.490,,,,,
21203,11/17/25 04:30:00,29.515,,,,,
21204,11/17/25 04:45:00,29.490,,,,,
21205,11/17/25 05:00:00,29.515,,,,,
21206,11/17/25 05:15:00,29.490,,,,,
21207,11/17/25 05:30:00,29.464,,,,,
21208,11/17/25 05:45:00,29.490,,,,,
21209,11/17/25 06:00:00,29.490,,,,,
21210,11/17/25 06:15:00,29.540,,,,,
21211,11/17/25 06:30:00,29.590,,,,,
21212,11/17/25 06:45:00,29.590,,,,,
21213,11/17/25 07:00:00,29.464,,,,,
21214,11/17/25 07:15:00,29.365,,,,,
21215,11/17/25 07:30:00,29.140,,,,,
21216,11/17/25 07:45:00,28.990,,,,,
21217,11/17/25 08:00:00,29.090,,,,,
21218,11/17/25 08:15:00,29.215,,,,,
21219,11/17/25 08:30:00,29.040,,,,,
21220,11/17/25 08:45:00,28.965,,,,,
21221,11/17/25 09:00:00,28.891,,,,,
21222,11/17/25 09:15:00,28.916,,,,,
21223,11/17/25 09:30:00,28.941,,,,,
21224,11/17/25 09:45:00,29.015,,,,,
21225,11/17/25 10:00:00,28.891,,,,,
21226,11/17/25 10:15:00,28.941,,,,,
21227,11/17/25 10:30:00,29.115,,,,,
21228,11/17/25 10:45:00,28.518,,,,,
21229,11/17/25 11:00:00,28.468,,,,,
21230,11/17/25 11:15:00,28.617,,,,,
21231,11/17/25 11:30:00,28.617,,,,,
21232,11/17/25 11:45:00,28.766,,,,,
21233,11/17/25 12:00:00,28.941,,,,,
21234,11/17/25 12:15:00,28.941,,,,,
21235,11/17/25 12:30:00,28.965,,,,,
21236,11/17/25 12:45:00,28.941,,,,,
21237,11/17/25 13:00:00,28.742,,,,,
21238,11/17/25 13:15:00,28.518,,,,,
21239,11/17/25 13:30:00,28.692,,,,,
21240,11/17/25 13:45:00,28.791,,,,,
21241,11/17/25 14:00:00,28.866,,,,,
21242,11/17/25 14:15:00,29.115,,,,,
21243,11/17/25 14:30:00,29.040,,,,,
21244,11/17/25 14:45:00,29.090,,,,,
21245,11/17/25 15:00:00,29.240,,,,,
21246,11/17/25 15:15:00,29.215,,,,,
21247,11/17/25 15:30:00,29.389,,,,,
21248,11/17/25 15:45:00,29.365,,,,,
21249,11/17/25 16:00:00,29.290,,,,,
21250,11/17/25 16:15:00,29.365,,,,,
21251,11/17/25 16:30:00,29.290,,,,,
21252,11/17/25 16:45:00,29.389,,,,,
21253,11/17/25 17:00:00,29.515,,,,,
21254,11/17/25 17:15:00,29.464,,,,,
21255,11/17/25 17:30:00,29.565,,,,,
21256,11/17/25 17:45:00,29.414,,,,,
21257,11/17/25 18:00:00,29.315,,,,,
21258,11/17/25 18:15:00,29.389,,,,,
21259,11/17/25 18:30:00,29.414,,,,,
21260,11/17/25 18:45:00,29.389,,,,,
21261,11/17/25 19:00:00,29.365,,,,,
21262,11/17/25 19:15:00,29.365,,,,,
21263,11/17/25 19:30:00,29.464,,,,,
21264,11/17/25 19:45:00,29.490,,,,,
21265,11/17/25 20:00:00,29.414,,,,,
21266,11/17/25 20:15:00,29.515,,,,,
21267,11/17/25 20:30:00,29.340,,,,,
21268,11/17/25 20:45:00,29.340,,,,,
21269,11/17/25 21:00:00,29.265,,,,,
21270,11/17/25 21:15:00,29.240,,,,,
21271,11/17/25 21:30:00,29.240,,,,,
21272,11/17/25 21:45:00,29.265,,,,,
21273,11/17/25 22:00:00,29.315,,,,,
21274,11/17/25 22:15:00,29.365,,,,,
21275,11/17/25 22:30:00,29.414,,,,,
21276,11/17/25 22:45:00,29.290,,,,,
21277,11/17/25 23:00:00,29.439,,,,,
21278,11/17/25 23:15:00,29.439,,,,,
21279,11/17/25 23:30:00,29.439,,,,,
21280,11/17/25 23:45:00,29.490,,,,,
21281,11/18/25 00:00:00,29.515,,,,,
21282,11/18/25 00:15:00,29.515,,,,,
21283,11/18/25 00:30:00,29.540,,,,,
21284,11/18/25 00:45:00,29.540,,,,,
21285,11/18/25 01:00:00,29.515,,,,,
21286,11/18/25 01:15:00,29.540,,,,,
21287,11/18/25 01:30:00,29.540,,,,,
21288,11/18/25 01:45:00,29.540,,,,,
21289,11/18/25 02:00:00,29.540,,,,,
21290,11/18/25 02:15:00,29.540,,,,,
21291,11/18/25 02:30:00,29.515,,,,,
21292,11/18/25 02:45:00,29.515,,,,,
21293,11/18/25 03:00:00,29.515,,,,,
21294,11/18/25 03:15:00,29.414,,,,,
21295,11/18/25 03:30:00,29.515,,,,,
21296,11/18/25 03:45:00,29.540,,,,,
21297,11/18/25 04:00:00,29.565,,,,,
21298,11/18/25 04:15:00,29.590,,,,,
21299,11/18/25 04:30:00,29.590,,,,,
21300,11/18/25 04:45:00,29.590,,,,,
21301,11/18/25 05:00:00,29.590,,,,,
21302,11/18/25 05:15:00,29.590,,,,,
21303,11/18/25 05:30:00,29.565,,,,,
21304,11/18/25 05:45:00,29.565,,,,,
21305,11/18/25 06:00:00,29.565,,,,,
21306,11/18/25 06:15:00,29.565,,,,,
21307,11/18/25 06:30:00,29.565,,,,,
21308,11/18/25 06:45:00,29.565,,,,,
21309,11/18/25 07:00:00,29.565,,,,,
21310,11/18/25 07:15:00,29.565,,,,,
21311,11/18/25 07:30:00,29.565,,,,,
21312,11/18/25 07:45:00,29.540,,,,,
21313,11/18/25 08:00:00,29.565,,,,,
21314,11/18/25 08:15:00,29.565,,,,,
21315,11/18/25 08:30:00,29.540,,,,,
21316,11/18/25 08:45:00,29.565,,,,,
21317,11/18/25 09:00:00,29.565,,,,,
21318,11/18/25 09:15:00,29.365,,,,,
21319,11/18/25 09:30:00,29.290,,,,,
21320,11/18/25 09:45:00,29.040,,,,,
21321,11/18/25 10:00:00,29.040,,,,,
21322,11/18/25 10:15:00,28.866,,,,,
21323,11/18/25 10:30:00,28.866,,,,,
21324,11/18/25 10:45:00,29.165,,,,,
21325,11/18/25 11:00:00,29.240,,,,,
21326,11/18/25 11:15:00,29.215,,,,,
21327,11/18/25 11:30:00,29.215,,,,,
21328,11/18/25 11:45:00,29.215,,,,,
21329,11/18/25 12:00:00,29.165,,,,,
21330,11/18/25 12:15:00,29.165,,,,,
21331,11/18/25 12:30:00,29.240,,,,,
21332,11/18/25 12:45:00,29.290,,,,,
21333,11/18/25 13:00:00,29.340,,,,,
21334,11/18/25 13:15:00,29.365,,,,,
21335,11/18/25 13:30:00,29.340,,,,,
21336,11/18/25 13:45:00,29.414,,,,,
21337,11/18/25 14:00:00,29.464,,,,,
21338,11/18/25 14:15:00,29.464,,,,,
21339,11/18/25 14:30:00,29.490,,,,,
21340,11/18/25 14:45:00,29.490,,,,,
21341,11/18/25 15:00:00,29.490,,,,,
21342,11/18/25 15:15:00,29.540,,,,,
21343,11/18/25 15:30:00,29.515,,,,,
21344,11/18/25 15:45:00,29.515,,,,,
21345,11/18/25 16:00:00,29.515,,,,,
21346,11/18/25 16:15:00,29.515,,,,,
21347,11/18/25 16:30:00,29.464,,,,,
21348,11/18/25 16:45:00,29.464,,,,,
21349,11/18/25 17:00:00,29.490,,,,,
21350,11/18/25 17:15:00,29.490,,,,,
21351,11/18/25 17:30:00,29.414,,,,,
21352,11/18/25 17:45:00,29.439,,,,,
21353,11/18/25 18:00:00,29.490,,,,,
21354,11/18/25 18:15:00,29.540,,,,,
21355,11/18/25 18:30:00,29.565,,,,,
21356,11/18/25 18:45:00,29.515,,,,,
21357,11/18/25 19:00:00,29.540,,,,,
21358,11/18/25 19:15:00,29.540,,,,,
21359,11/18/25 19:30:00,29.540,,,,,
21360,11/18/25 19:45:00,29.540,,,,,
21361,11/18/25 20:00:00,29.540,,,,,
21362,11/18/25 20:15:00,29.565,,,,,
21363,11/18/25 20:30:00,29.540,,,,,
21364,11/18/25 20:45:00,29.515,,,,,
21365,11/18/25 21:00:00,29.490,,,,,
21366,11/18/25 21:15:00,29.515,,,,,
21367,11/18/25 21:30:00,29.515,,,,,
21368,11/18/25 21:45:00,29.515,,,,,
21369,11/18/25 22:00:00,29.540,,,,,
21370,11/18/25 22:15:00,29.540,,,,,
21371,11/18/25 22:30:00,29.540,,,,,
21372,11/18/25 22:45:00,29.540,,,,,
21373,11/18/25 23:00:00,29.540,,,,,
21374,11/18/25 23:15:00,29.540,,,,,
21375,11/18/25 23:30:00,29.540,,,,,
21376,11/18/25 23:45:00,29.540,,,,,
21377,11/19/25 00:00:00,29.540,,,,,
21378,11/19/25 00:15:00,29.490,,,,,
21379,11/19/25 00:30:00,29.515,,,,,
21380,11/19/25 00:45:00,29.515,,,,,
21381,11/19/25 01:00:00,29.540,,,,,
21382,11/19/25 01:15:00,29.540,,,,,
21383,11/19/25 01:30:00,29.540,,,,,
21384,11/19/25 01:45:00,29.464,,,,,
21385,11/19/25 02:00:00,29.515,,,,,
21386,11/19/25 02:15:00,29.515,,,,,
21387,11/19/25 02:30:00,29.490,,,,,
21388,11/19/25 02:45:00,29.464,,,,,
21389,11/19/25 03:00:00,29.464,,,,,
21390,11/19/25 03:15:00,29.439,,,,,
21391,11/19/25 03:30:00,29.464,,,,,
21392,11/19/25 03:45:00,29.464,,,,,
21393,11/19/25 04:00:00,29.490,,,,,
21394,11/19/25 04:15:00,29.515,,,,,
21395,11/19/25 04:30:00,29.515,,,,,
21396,11/19/25 04:45:00,29.540,,,,,
21397,11/19/25 05:00:00,29.540,,,,,
21398,11/19/25 05:15:00,29.540,,,,,
21399,11/19/25 05:30:00,29.515,,,,,
21400,11/19/25 05:45:00,29.490,,,,,
21401,11/19/25 06:00:00,29.515,,,,,
21402,11/19/25 06:15:00,29.540,,,,,
21403,11/19/25 06:30:00,29.540,,,,,
21404,11/19/25 06:45:00,29.515,,,,,
21405,11/19/25 07:00:00,29.515,,,,,
21406,11/19/25 07:15:00,29.515,,,,,
21407,11/19/25 07:30:00,29.515,,,,,
21408,11/19/25 07:45:00,29.515,,,,,
21409,11/19/25 08:00:00,29.540,,,,,
21410,11/19/25 08:15:00,29.414,,,,,
21411,11/19/25 08:30:00,29.365,,,,,
21412,11/19/25 08:45:00,29.490,,,,,
21413,11/19/25 09:00:00,29.515,,,,,
21414,11/19/25 09:15:00,29.315,,,,,
21415,11/19/25 09:30:00,29.315,,,,,
21416,11/19/25 09:45:00,29.414,,,,,
21417,11/19/25 10:00:00,29.540,,,,,
21418,11/19/25 10:15:00,29.540,,,,,
21419,11/19/25 10:30:00,29.540,,,,,
21420,11/19/25 10:45:00,29.240,,,,,
21421,11/19/25 11:00:00,28.965,,,,,
21422,11/19/25 11:15:00,28.990,,,,,
21423,11/19/25 11:30:00,28.990,,,,,
21424,11/19/25 11:45:00,28.990,,,,,
21425,11/19/25 12:00:00,29.040,,,,,
21426,11/19/25 12:15:00,27.653,,,,,
21427,11/19/25 12:30:00,28.171,,,,,
21428,11/19/25 12:45:00,28.245,,,,,
21429,11/19/25 13:00:00,28.369,,,,,
21430,11/19/25 13:15:00,28.221,,,,,
21431,11/19/25 13:30:00,28.245,,,,,
21432,11/19/25 13:45:00,28.394,,,,,
21433,11/19/25 14:00:00,28.916,,,,,
21434,11/19/25 14:15:00,28.866,,,,,
21435,11/19/25 14:30:00,29.165,,,,,
21436,11/19/25 14:45:00,29.615,,,,,
21437,11/19/25 15:00:00,30.167,,,,,
21438,11/19/25 15:15:00,29.515,,,,,
21439,11/19/25 15:30:00,29.615,,,,,
21440,11/19/25 15:45:00,29.315,,,,,
21441,11/19/25 16:00:00,28.221,,,,,
21442,11/19/25 16:15:00,27.063,,,,,
21443,11/19/25 16:30:00,22.393,,,,,
21444,11/19/25 16:45:00,22.585,,,,,
21445,11/19/25 17:00:00,22.585,,,,,
21446,11/19/25 17:15:00,22.681,,,,,
21447,11/19/25 17:30:00,22.729,,,,,
21448,11/19/25 17:45:00,22.729,,,,,
21449,11/19/25 18:00:00,22.705,,,,,
21450,11/19/25 18:15:00,22.681,,,,,
21451,11/19/25 18:30:00,22.633,,,,,
21452,11/19/25 18:45:00,22.585,,,,,
21453,11/19/25 19:00:00,22.537,,,,,
21454,11/19/25 19:15:00,22.465,,,,,
21455,11/19/25 19:30:00,22.393,,,,,
21456,11/19/25 19:45:00,22.321,,,,,
21457,11/19/25 20:00:00,22.250,,,,,
21458,11/19/25 20:15:00,22.178,,,,,
21459,11/19/25 20:30:00,22.106,,,,,
21460,11/19/25 20:45:00,22.058,,,,,
21461,11/19/25 21:00:00,21.987,,,,,
21462,11/19/25 21:15:00,21.963,,,,,
21463,11/19/25 21:30:00,21.963,,,,,
21464,11/19/25 21:45:00,21.939,,,,,
21465,11/19/25 22:00:00,21.915,,,,,
21466,11/19/25 22:15:00,21.891,,,,,
21467,11/19/25 22:30:00,21.843,,,,,
21468,11/19/25 22:45:00,21.795,,,,,
21469,11/19/25 23:00:00,21.772,,,,,
21470,11/19/25 23:15:00,21.724,,,,,
21471,11/19/25 23:30:00,21.676,,,,,
21472,11/19/25 23:45:00,21.652,,,,,
21473,11/20/25 00:00:00,21.628,,,,,
21474,11/20/25 00:15:00,21.581,,,,,
21475,11/20/25 00:30:00,21.557,,,,,
21476,11/20/25 00:45:00,21.533,,,,,
21477,11/20/25 01:00:00,21.509,,,,,
21478,11/20/25 01:15:00,21.485,,,,,
21479,11/20/25 01:30:00,21.485,,,,,
21480,11/20/25 01:45:00,21.461,,,,,
21481,11/20/25 02:00:00,21.437,,,,,
21482,11/20/25 02:15:00,21.413,,,,,
21483,11/20/25 02:30:00,21.390,,,,,
21484,11/20/25 02:45:00,21.390,,,,,
21485,11/20/25 03:00:00,21.390,,,,,
21486,11/20/25 03:15:00,21.413,,,,,
21487,11/20/25 03:30:00,21.413,,,,,
21488,11/20/25 03:45:00,21.437,,,,,
21489,11/20/25 04:00:00,21.437,,,,,
21490,11/20/25 04:15:00,21.437,,,,,
21491,11/20/25 04:30:00,21.437,,,,,
21492,11/20/25 04:45:00,21.437,,,,,
21493,11/20/25 05:00:00,21.413,,,,,
21494,11/20/25 05:15:00,21.413,,,,,
21495,11/20/25 05:30:00,21.390,,,,,
21496,11/20/25 05:45:00,21.390,,,,,
21497,11/20/25 06:00:00,21.366,,,,,
21498,11/20/25 06:15:00,21.366,,,,,
21499,11/20/25 06:30:00,21.366,,,,,
21500,11/20/25 06:45:00,21.366,,,,,
21501,11/20/25 07:00:00,21.390,,,,,
21502,11/20/25 07:15:00,21.413,,,,,
21503,11/20/25 07:30:00,21.437,,,,,
21504,11/20/25 07:45:00,20.555,,,,,
21505,11/20/25 08:00:00,19.270,,,,,
21506,11/20/25 08:15:00,19.246,,,,,
21507,11/20/25 08:30:00,19.436,,,,,
21508,11/20/25 08:45:00,19.722,,,,,
21509,11/20/25 09:00:00,19.698,,,,,
21510,11/20/25 09:15:00,19.484,,,,,
21511,11/20/25 09:30:00,19.389,,,,,
21512,11/20/25 09:45:00,19.413,,,,,
21513,11/20/25 10:00:00,19.436,,,,,
21514,11/20/25 10:15:00,19.508,,,,,
21515,11/20/25 10:30:00,19.627,,,,,
21516,11/20/25 10:45:00,19.722,,,,,
21517,11/20/25 11:00:00,19.841,,,,,
21518,11/20/25 11:15:00,19.865,,,,,
21519,11/20/25 11:30:00,19.841,,,,,
21520,11/20/25 11:45:00,19.817,,,,,
21521,11/20/25 12:00:00,19.865,,,,,
21522,11/20/25 12:15:00,19.912,,,,,
21523,11/20/25 12:30:00,19.865,,,,,
21524,11/20/25 12:45:00,19.888,,,,,
21525,11/20/25 13:00:00,19.888,,,,,
21526,11/20/25 13:15:00,19.912,,,,,
21527,11/20/25 13:30:00,19.936,,,,,
21528,11/20/25 13:45:00,20.055,,,,,
21529,11/20/25 14:00:00,20.031,,,,,
21530,11/20/25 14:15:00,20.079,,,,,
21531,11/20/25 14:30:00,20.031,,,,,
21532,11/20/25 14:45:00,20.031,,,,,
21533,11/20/25 15:00:00,20.031,,,,,
21534,11/20/25 15:15:00,20.055,,,,,
21535,11/20/25 15:30:00,20.150,,,,,
21536,11/20/25 15:45:00,20.174,,,,,
21537,11/20/25 16:00:00,20.174,,,,,
21538,11/20/25 16:15:00,20.222,,,,,
21539,11/20/25 16:30:00,20.222,,,,,
21540,11/20/25 16:45:00,20.174,,,,,
21541,11/20/25 17:00:00,20.150,,,,,
21542,11/20/25 17:15:00,20.531,,,,,
21543,11/20/25 17:30:00,20.365,,,,,
21544,11/20/25 17:45:00,20.555,,,,,
21545,11/20/25 18:00:00,20.436,,,,,
21546,11/20/25 18:15:00,20.317,,,,,
21547,11/20/25 18:30:00,21.103,,,,,
21548,11/20/25 18:45:00,21.843,,,,,
21549,11/20/25 19:00:00,21.175,,,,,
21550,11/20/25 19:15:00,21.366,,,,,
21551,11/20/25 19:30:00,20.889,,,,,
21552,11/20/25 19:45:00,20.579,,,,,
21553,11/20/25 20:00:00,20.412,,,,,
21554,11/20/25 20:15:00,20.341,,,,,
21555,11/20/25 20:30:00,20.365,,,,,
21556,11/20/25 20:45:00,20.246,,,,,
21557,11/20/25 21:00:00,20.150,,,,,
21558,11/20/25 21:15:00,20.103,,,,,
21559,11/20/25 21:30:00,20.126,,,,,
21560,11/20/25 21:45:00,20.436,,,,,
21561,11/20/25 22:00:00,20.341,,,,,
21562,11/20/25 22:15:00,20.365,,,,,
21563,11/20/25 22:30:00,20.293,,,,,
21564,11/20/25 22:45:00,20.174,,,,,
21565,11/20/25 23:00:00,20.055,,,,,
21566,11/20/25 23:15:00,20.031,,,,,
21567,11/20/25 23:30:00,20.103,,,,,
21568,11/20/25 23:45:00,20.055,,,,,
21569,11/21/25 00:00:00,20.007,,,,,
21570,11/21/25 00:15:00,19.912,,,,,
21571,11/21/25 00:30:00,20.007,,,,,
21572,11/21/25 00:45:00,19.960,,,,,
21573,11/21/25 01:00:00,19.912,,,,,
21574,11/21/25 01:15:00,19.841,,,,,
21575,11/21/25 01:30:00,19.817,,,,,
21576,11/21/25 01:45:00,19.841,,,,,
21577,11/21/25 02:00:00,19.912,,,,,
21578,11/21/25 02:15:00,19.841,,,,,
21579,11/21/25 02:30:00,19.912,,,,,
21580,11/21/25 02:45:00,19.888,,,,,
21581,11/21/25 03:00:00,19.865,,,,,
21582,11/21/25 03:15:00,19.865,,,,,
21583,11/21/25 03:30:00,19.865,,,,,
21584,11/21/25 03:45:00,19.912,,,,,
21585,11/21/25 04:00:00,19.936,,,,,
21586,11/21/25 04:15:00,19.960,,,,,
21587,11/21/25 04:30:00,20.031,,,,,
21588,11/21/25 04:45:00,19.888,,,,,
21589,11/21/25 05:00:00,19.841,,,,,
21590,11/21/25 05:15:00,19.841,,,,,
21591,11/21/25 05:30:00,20.031,,,,,
21592,11/21/25 05:45:00,20.198,,,,,
21593,11/21/25 06:00:00,20.174,,,,,
21594,11/21/25 06:15:00,20.103,,,,,
21595,11/21/25 06:30:00,20.150,,,,,
21596,11/21/25 06:45:00,20.246,,,,,
21597,11/21/25 07:00:00,20.341,,,,,
21598,11/21/25 07:15:00,20.865,,,,,
21599,11/21/25 07:30:00,21.342,,,,,
21600,11/21/25 07:45:00,21.461,,,,,
21601,11/21/25 08:00:00,21.604,,,,,
21602,11/21/25 08:15:00,21.963,,,,,
21603,11/21/25 08:30:00,21.199,,,,,
21604,11/21/25 08:45:00,20.603,,,,,
21605,11/21/25 09:00:00,20.341,,,,,
21606,11/21/25 09:15:00,20.246,,,,,
21607,11/21/25 09:30:00,20.174,,,,,
21608,11/21/25 09:45:00,20.126,,,,,
21609,11/21/25 10:00:00,20.126,,,,,
21610,11/21/25 10:15:00,20.103,,,,,
21611,11/21/25 10:30:00,20.103,,,,,
21612,11/21/25 10:45:00,20.126,,,,,
21613,11/21/25 11:00:00,20.126,,,,,
21614,11/21/25 11:15:00,20.150,,,,,
21615,11/21/25 11:30:00,20.246,,,,,
21616,11/21/25 11:45:00,20.222,,,,,
21617,11/21/25 12:00:00,20.198,,,,,
21618,11/21/25 12:15:00,20.198,,,,,
21619,11/21/25 12:30:00,20.198,,,,,
21620,11/21/25 12:45:00,20.246,,,,,
21621,11/21/25 13:00:00,20.222,,,,,
21622,11/21/25 13:15:00,20.198,,,,,
21623,11/21/25 13:30:00,20.246,,,,,
21624,11/21/25 13:45:00,20.317,,,,,
21625,11/21/25 14:00:00,21.533,,,,,
21626,11/21/25 14:15:00,21.437,,,,,
21627,11/21/25 14:30:00,20.817,,,,,
21628,11/21/25 14:45:00,20.531,,,,,
21629,11/21/25 15:00:00,20.412,,,,,
21630,11/21/25 15:15:00,20.436,,,,,
21631,11/21/25 15:30:00,20.460,,,,,
21632,11/21/25 15:45:00,20.484,,,,,
21633,11/21/25 16:00:00,20.484,,,,,
21634,11/21/25 16:15:00,20.484,,,,,
21635,11/21/25 16:30:00,20.436,,,,,
21636,11/21/25 16:45:00,20.412,,,,,
21637,11/21/25 17:00:00,20.388,,,,,
21638,11/21/25 17:15:00,20.388,,,,,
21639,11/21/25 17:30:00,20.317,,,,,
21640,11/21/25 17:45:00,20.341,,,,,
21641,11/21/25 18:00:00,20.365,,,,,
21642,11/21/25 18:15:00,21.342,,,,,
21643,11/21/25 18:30:00,20.865,,,,,
21644,11/21/25 18:45:00,21.056,,,,,
21645,11/21/25 19:00:00,21.056,,,,,
21646,11/21/25 19:15:00,20.865,,,,,
21647,11/21/25 19:30:00,20.889,,,,,
21648,11/21/25 19:45:00,20.722,,,,,
21649,11/21/25 20:00:00,20.698,,,,,
21650,11/21/25 20:15:00,20.698,,,,,
21651,11/21/25 20:30:00,20.722,,,,,
21652,11/21/25 20:45:00,20.746,,,,,
21653,11/21/25 21:00:00,20.722,,,,,
21654,11/21/25 21:15:00,20.722,,,,,
21655,11/21/25 21:30:00,20.698,,,,,
21656,11/21/25 21:45:00,20.698,,,,,
21657,11/21/25 22:00:00,20.722,,,,,
21658,11/21/25 22:15:00,20.698,,,,,
21659,11/21/25 22:30:00,20.722,,,,,
21660,11/21/25 22:45:00,20.674,,,,,
21661,11/21/25 23:00:00,20.650,,,,,
21662,11/21/25 23:15:00,20.627,,,,,
21663,11/21/25 23:30:00,20.579,,,,,
21664,11/21/25 23:45:00,20.507,,,,,
21665,11/22/25 00:00:00,20.507,,,,,
21666,11/22/25 00:15:00,20.484,,,,,
21667,11/22/25 00:30:00,20.484,,,,,
21668,11/22/25 00:45:00,20.484,,,,,
21669,11/22/25 01:00:00,20.484,,,,,
21670,11/22/25 01:15:00,20.412,,,,,
21671,11/22/25 01:30:00,20.436,,,,,
21672,11/22/25 01:45:00,20.484,,,,,
21673,11/22/25 02:00:00,20.484,,,,,
21674,11/22/25 02:15:00,20.484,,,,,
21675,11/22/25 02:30:00,20.460,,,,,
21676,11/22/25 02:45:00,20.436,,,,,
21677,11/22/25 03:00:00,20.412,,,,,
21678,11/22/25 03:15:00,20.388,,,,,
21679,11/22/25 03:30:00,20.365,,,,,
21680,11/22/25 03:45:00,20.365,,,,,
21681,11/22/25 04:00:00,20.365,,,,,
21682,11/22/25 04:15:00,20.365,,,,,
21683,11/22/25 04:30:00,20.365,,,,,
21684,11/22/25 04:45:00,20.293,,,,,
21685,11/22/25 05:00:00,20.269,,,,,
21686,11/22/25 05:15:00,20.269,,,,,
21687,11/22/25 05:30:00,20.246,,,,,
21688,11/22/25 05:45:00,20.198,,,,,
21689,11/22/25 06:00:00,20.222,,,,,
21690,11/22/25 06:15:00,20.388,,,,,
21691,11/22/25 06:30:00,20.579,,,,,
21692,11/22/25 06:45:00,20.603,,,,,
21693,11/22/25 07:00:00,20.627,,,,,
21694,11/22/25 07:15:00,21.103,,,,,
21695,11/22/25 07:30:00,21.199,,,,,
21696,11/22/25 07:45:00,21.270,,,,,
21697,11/22/25 08:00:00,21.461,,,,,
21698,11/22/25 08:15:00,21.724,,,,,
21699,11/22/25 08:30:00,22.657,,,,,
21700,11/22/25 08:45:00,23.232,,,,,
21701,11/22/25 09:00:00,23.641,,,,,
21702,11/22/25 09:15:00,23.954,,,,,
21703,11/22/25 09:30:00,24.219,,,,,
21704,11/22/25 09:45:00,24.460,,,,,
21705,11/22/25 10:00:00,24.677,,,,,
21706,11/22/25 10:15:00,24.847,,,,,
21707,11/22/25 10:30:00,25.016,,,,,
21708,11/22/25 10:45:00,25.162,,,,,
21709,11/22/25 11:00:00,25.283,,,,,
21710,11/22/25 11:15:00,25.404,,,,,
21711,11/22/25 11:30:00,25.525,,,,,
21712,11/22/25 11:45:00,25.623,,,,,
21713,11/22/25 12:00:00,25.720,,,,,
21714,11/22/25 12:15:00,25.817,,,,,
21715,11/22/25 12:30:00,25.914,,,,,
21716,11/22/25 12:45:00,26.012,,,,,
21717,11/22/25 13:00:00,26.085,,,,,
21718,11/22/25 13:15:00,26.158,,,,,
21719,11/22/25 13:30:00,26.231,,,,,
21720,11/22/25 13:45:00,26.280,,,,,
21721,11/22/25 14:00:00,26.353,,,,,
21722,11/22/25 14:15:00,26.426,,,,,
21723,11/22/25 14:30:00,26.475,,,,,
21724,11/22/25 14:45:00,26.549,,,,,
21725,11/22/25 15:00:00,26.573,,,,,
21726,11/22/25 15:15:00,26.622,,,,,
21727,11/22/25 15:30:00,26.671,,,,,
21728,11/22/25 15:45:00,26.695,,,,,
21729,11/22/25 16:00:00,26.744,,,,,
21730,11/22/25 16:15:00,26.769,,,,,
21731,11/22/25 16:30:00,26.867,,,,,
21732,11/22/25 16:45:00,28.345,,,,,
21733,11/22/25 17:00:00,30.016,,,,,
21734,11/22/25 17:15:00,30.571,,,,,
21735,11/22/25 17:30:00,29.240,,,,,
21736,11/22/25 17:45:00,28.023,,,,,
21737,11/22/25 18:00:00,27.186,,,,,
21738,11/22/25 18:15:00,26.549,,,,,
21739,11/22/25 18:30:00,26.036,,,,,
21740,11/22/25 18:45:00,25.574,,,,,
21741,11/22/25 19:00:00,25.137,,,,,
21742,11/22/25 19:15:00,24.750,,,,,
21743,11/22/25 19:30:00,24.436,,,,,
21744,11/22/25 19:45:00,24.122,,,,,
21745,11/22/25 20:00:00,23.881,,,,,
21746,11/22/25 20:15:00,23.665,,,,,
21747,11/22/25 20:30:00,23.472,,,,,
21748,11/22/25 20:45:00,23.256,,,,,
21749,11/22/25 21:00:00,23.112,,,,,
21750,11/22/25 21:15:00,22.992,,,,,
21751,11/22/25 21:30:00,22.824,,,,,
21752,11/22/25 21:45:00,22.705,,,,,
21753,11/22/25 22:00:00,22.633,,,,,
21754,11/22/25 22:15:00,22.633,,,,,
21755,11/22/25 22:30:00,22.705,,,,,
21756,11/22/25 22:45:00,22.800,,,,,
21757,11/22/25 23:00:00,22.872,,,,,
21758,11/22/25 23:15:00,22.968,,,,,
21759,11/22/25 23:30:00,23.064,,,,,
21760,11/22/25 23:45:00,23.136,,,,,
21761,11/23/25 00:00:00,23.232,,,,,
21762,11/23/25 00:15:00,23.304,,,,,
21763,11/23/25 00:30:00,23.400,,,,,
21764,11/23/25 00:45:00,23.472,,,,,
21765,11/23/25 01:00:00,23.545,,,,,
21766,11/23/25 01:15:00,23.641,,,,,
21767,11/23/25 01:30:00,23.713,,,,,
21768,11/23/25 01:45:00,23.761,,,,,
21769,11/23/25 02:00:00,23.809,,,,,
21770,11/23/25 02:15:00,23.881,,,,,
21771,11/23/25 02:30:00,23.954,,,,,
21772,11/23/25 02:45:00,24.002,,,,,
21773,11/23/25 03:00:00,23.978,,,,,
21774,11/23/25 03:15:00,23.930,,,,,
21775,11/23/25 03:30:00,23.905,,,,,
21776,11/23/25 03:45:00,23.881,,,,,
21777,11/23/25 04:00:00,23.833,,,,,
21778,11/23/25 04:15:00,23.809,,,,,
21779,11/23/25 04:30:00,23.785,,,,,
21780,11/23/25 04:45:00,23.761,,,,,
21781,11/23/25 05:00:00,23.737,,,,,
21782,11/23/25 05:15:00,23.713,,,,,
21783,11/23/25 05:30:00,23.569,,,,,
21784,11/23/25 05:45:00,23.304,,,,,
21785,11/23/25 06:00:00,23.016,,,,,
21786,11/23/25 06:15:00,22.872,,,,,
21787,11/23/25 06:30:00,22.753,,,,,
21788,11/23/25 06:45:00,22.609,,,,,
21789,11/23/25 07:00:00,22.465,,,,,
21790,11/23/25 07:15:00,22.345,,,,,
21791,11/23/25 07:30:00,22.274,,,,,
21792,11/23/25 07:45:00,22.178,,,,,
21793,11/23/25 08:00:00,22.058,,,,,
21794,11/23/25 08:15:00,21.939,,,,,
21795,11/23/25 08:30:00,21.867,,,,,
21796,11/23/25 08:45:00,21.795,,,,,
21797,11/23/25 09:00:00,21.772,,,,,
21798,11/23/25 09:15:00,21.748,,,,,
21799,11/23/25 09:30:00,21.676,,,,,
21800,11/23/25 09:45:00,21.604,,,,,
21801,11/23/25 10:00:00,21.557,,,,,
21802,11/23/25 10:15:00,21.533,,,,,
21803,11/23/25 10:30:00,21.581,,,,,
21804,11/23/25 10:45:00,21.604,,,,,
21805,11/23/25 11:00:00,21.604,,,,,
21806,11/23/25 11:15:00,21.581,,,,,
21807,11/23/25 11:30:00,21.557,,,,,
21808,11/23/25 11:45:00,21.557,,,,,
21809,11/23/25 12:00:00,21.557,,,,,
21810,11/23/25 12:15:00,21.557,,,,,
21811,11/23/25 12:30:00,21.533,,,,,
21812,11/23/25 12:45:00,21.509,,,,,
21813,11/23/25 13:00:00,21.485,,,,,
21814,11/23/25 13:15:00,21.485,,,,,
21815,11/23/25 13:30:00,21.485,,,,,
21816,11/23/25 13:45:00,21.485,,,,,
21817,11/23/25 14:00:00,21.533,,,,,
21818,11/23/25 14:15:00,21.557,,,,,
21819,11/23/25 14:30:00,21.581,,,,,
21820,11/23/25 14:45:00,21.604,,,,,
21821,11/23/25 15:00:00,21.628,,,,,
21822,11/23/25 15:15:00,21.628,,,,,
21823,11/23/25 15:30:00,21.628,,,,,
21824,11/23/25 15:45:00,21.628,,,,,
21825,11/23/25 16:00:00,21.604,,,,,
21826,11/23/25 16:15:00,21.581,,,,,
21827,11/23/25 16:30:00,21.604,,,,,
21828,11/23/25 16:45:00,21.628,,,,,
21829,11/23/25 17:00:00,21.628,,,,,
21830,11/23/25 17:15:00,21.628,,,,,
21831,11/23/25 17:30:00,21.628,,,,,
21832,11/23/25 17:45:00,21.652,,,,,
21833,11/23/25 18:00:00,21.676,,,,,
21834,11/23/25 18:15:00,21.676,,,,,
21835,11/23/25 18:30:00,21.676,,,,,
21836,11/23/25 18:45:00,21.676,,,,,
21837,11/23/25 19:00:00,21.676,,,,,
21838,11/23/25 19:15:00,21.700,,,,,
21839,11/23/25 19:30:00,21.676,,,,,
21840,11/23/25 19:45:00,21.676,,,,,
21841,11/23/25 20:00:00,21.700,,,,,
21842,11/23/25 20:15:00,21.700,,,,,
21843,11/23/25 20:30:00,21.700,,,,,
21844,11/23/25 20:45:00,21.724,,,,,
21845,11/23/25 21:00:00,21.724,,,,,
21846,11/23/25 21:15:00,21.700,,,,,
21847,11/23/25 21:30:00,21.676,,,,,
21848,11/23/25 21:45:00,21.652,,,,,
21849,11/23/25 22:00:00,21.604,,,,,
21850,11/23/25 22:15:00,21.581,,,,,
21851,11/23/25 22:30:00,21.604,,,,,
21852,11/23/25 22:45:00,21.628,,,,,
21853,11/23/25 23:00:00,21.676,,,,,
21854,11/23/25 23:15:00,21.700,,,,,
21855,11/23/25 23:30:00,21.724,,,,,
21856,11/23/25 23:45:00,21.772,,,,,
21857,11/24/25 00:00:00,21.795,,,,,
21858,11/24/25 00:15:00,21.819,,,,,
21859,11/24/25 00:30:00,21.867,,,,,
21860,11/24/25 00:45:00,21.891,,,,,
21861,11/24/25 01:00:00,21.939,,,,,
21862,11/24/25 01:15:00,21.963,,,,,
21863,11/24/25 01:30:00,22.011,,,,,
21864,11/24/25 01:45:00,22.034,,,,,
21865,11/24/25 02:00:00,22.082,,,,,
21866,11/24/25 02:15:00,22.106,,,,,
21867,11/24/25 02:30:00,22.154,,,,,
21868,11/24/25 02:45:00,22.178,,,,,
21869,11/24/25 03:00:00,22.226,,,,,
21870,11/24/25 03:15:00,22.250,,,,,
21871,11/24/25 03:30:00,22.298,,,,,
21872,11/24/25 03:45:00,22.321,,,,,
21873,11/24/25 04:00:00,22.369,,,,,
21874,11/24/25 04:15:00,22.393,,,,,
21875,11/24/25 04:30:00,22.441,,,,,
21876,11/24/25 04:45:00,22.465,,,,,
21877,11/24/25 05:00:00,22.489,,,,,
21878,11/24/25 05:15:00,22.513,,,,,
21879,11/24/25 05:30:00,22.537,,,,,
21880,11/24/25 05:45:00,22.489,,,,,
21881,11/24/25 06:00:00,22.369,,,,,
21882,11/24/25 06:15:00,22.274,,,,,
21883,11/24/25 06:30:00,22.202,,,,,
21884,11/24/25 06:45:00,22.154,,,,,
21885,11/24/25 07:00:00,22.130,,,,,
21886,11/24/25 07:15:00,22.130,,,,,
21887,11/24/25 07:30:00,22.154,,,,,
21888,11/24/25 07:45:00,22.154,,,,,
21889,11/24/25 08:00:00,22.154,,,,,
21890,11/24/25 08:15:00,22.154,,,,,
21891,11/24/25 08:30:00,22.178,,,,,
21892,11/24/25 08:45:00,22.154,,,,,
21893,11/24/25 09:00:00,22.154,,,,,
21894,11/24/25 09:15:00,22.154,,,,,
21895,11/24/25 09:30:00,22.154,,,,,
21896,11/24/25 09:45:00,22.130,,,,,
21897,11/24/25 10:00:00,22.106,,,,,
21898,11/24/25 10:15:00,22.082,,,,,
21899,11/24/25 10:30:00,22.058,,,,,
21900,11/24/25 10:45:00,22.034,,,,,
21901,11/24/25 11:00:00,22.034,,,,,
21902,11/24/25 11:15:00,22.011,,,,,
21903,11/24/25 11:30:00,22.106,,,,,
21904,11/24/25 11:45:00,22.298,,,,,
21905,11/24/25 12:00:00,22.441,,,,,
21906,11/24/25 12:15:00,22.345,,,,,
21907,11/24/25 12:30:00,22.202,,,,,
21908,11/24/25 12:45:00,22.106,,,,,
21909,11/24/25 13:00:00,21.987,,,,,
21910,11/24/25 13:15:00,21.915,,,,,
21911,11/24/25 13:30:00,21.915,,,,,
21912,11/24/25 13:45:00,21.843,,,,,
21913,11/24/25 14:00:00,21.843,,,,,
21914,11/24/25 14:15:00,21.795,,,,,
21915,11/24/25 14:30:00,21.724,,,,,
21916,11/24/25 14:45:00,21.748,,,,,
21917,11/24/25 15:00:00,21.772,,,,,
21918,11/24/25 15:15:00,21.772,,,,,
21919,11/24/25 15:30:00,21.867,,,,,
21920,11/24/25 15:45:00,22.034,,,,,
21921,11/24/25 16:00:00,22.130,,,,,
21922,11/24/25 16:15:00,22.154,,,,,
21923,11/24/25 16:30:00,22.130,,,,,
21924,11/24/25 16:45:00,22.106,,,,,
21925,11/24/25 17:00:00,22.058,,,,,
21926,11/24/25 17:15:00,22.011,,,,,
21927,11/24/25 17:30:00,21.987,,,,,
21928,11/24/25 17:45:00,21.939,,,,,
21929,11/24/25 18:00:00,21.915,,,,,
21930,11/24/25 18:15:00,21.867,,,,,
21931,11/24/25 18:30:00,21.843,,,,,
21932,11/24/25 18:45:00,21.795,,,,,
21933,11/24/25 19:00:00,21.748,,,,,
21934,11/24/25 19:15:00,21.700,,,,,
21935,11/24/25 19:30:00,21.676,,,,,
21936,11/24/25 19:45:00,21.628,,,,,
21937,11/24/25 20:00:00,21.604,,,,,
21938,11/24/25 20:15:00,21.676,,,,,
21939,11/24/25 20:30:00,22.011,,,,,
21940,11/24/25 20:45:00,22.082,,,,,
21941,11/24/25 21:00:00,21.987,,,,,
21942,11/24/25 21:15:00,21.867,,,,,
21943,11/24/25 21:30:00,21.843,,,,,
21944,11/24/25 21:45:00,22.130,,,,,
21945,11/24/25 22:00:00,22.058,,,,,
21946,11/24/25 22:15:00,22.202,,,,,
21947,11/24/25 22:30:00,22.417,,,,,
21948,11/24/25 22:45:00,22.561,,,,,
21949,11/24/25 23:00:00,22.657,,,,,
21950,11/24/25 23:15:00,22.729,,,,,
21951,11/24/25 23:30:00,22.776,,,,,
21952,11/24/25 23:45:00,22.824,,,,,
21953,11/25/25 00:00:00,22.872,,,,,
21954,11/25/25 00:15:00,22.920,,,,,
21955,11/25/25 00:30:00,22.992,,,,,
21956,11/25/25 00:45:00,23.064,,,,,
21957,11/25/25 01:00:00,23.136,,,,,
21958,11/25/25 01:15:00,23.184,,,,,
21959,11/25/25 01:30:00,23.256,,,,,
21960,11/25/25 01:45:00,23.328,,,,,
21961,11/25/25 02:00:00,23.376,,,,,
21962,11/25/25 02:15:00,23.424,,,,,
21963,11/25/25 02:30:00,23.472,,,,,
21964,11/25/25 02:45:00,23.521,,,,,
21965,11/25/25 03:00:00,23.569,,,,,
21966,11/25/25 03:15:00,23.617,,,,,
21967,11/25/25 03:30:00,23.641,,,,,
21968,11/25/25 03:45:00,23.689,,,,,
21969,11/25/25 04:00:00,23.713,,,,,
21970,11/25/25 04:15:00,23.737,,,,,
21971,11/25/25 04:30:00,23.785,,,,,
21972,11/25/25 04:45:00,23.809,,,,,
21973,11/25/25 05:00:00,23.833,,,,,
21974,11/25/25 05:15:00,23.857,,,,,
21975,11/25/25 05:30:00,23.833,,,,,
21976,11/25/25 05:45:00,23.785,,,,,
21977,11/25/25 06:00:00,23.737,,,,,
21978,11/25/25 06:15:00,23.256,,,,,
21979,11/25/25 06:30:00,22.513,,,,,
21980,11/25/25 06:45:00,21.987,,,,,
21981,11/25/25 07:00:00,21.867,,,,,
21982,11/25/25 07:15:00,21.987,,,,,
21983,11/25/25 07:30:00,22.202,,,,,
21984,11/25/25 07:45:00,22.393,,,,,
21985,11/25/25 08:00:00,22.369,,,,,
21986,11/25/25 08:15:00,22.345,,,,,
21987,11/25/25 08:30:00,22.298,,,,,
21988,11/25/25 08:45:00,22.345,,,,,
21989,11/25/25 09:00:00,22.417,,,,,
21990,11/25/25 09:15:00,22.489,,,,,
21991,11/25/25 09:30:00,22.561,,,,,
21992,11/25/25 09:45:00,22.561,,,,,
21993,11/25/25 10:00:00,22.561,,,,,
21994,11/25/25 10:15:00,22.561,,,,,
21995,11/25/25 10:30:00,22.609,,,,,
21996,11/25/25 10:45:00,22.585,,,,,
21997,11/25/25 11:00:00,22.561,,,,,
21998,11/25/25 11:15:00,22.537,,,,,
21999,11/25/25 11:30:00,22.513,,,,,
22000,11/25/25 11:45:00,22.513,,,,,
22001,11/25/25 12:00:00,22.489,,,,,
22002,11/25/25 12:15:00,22.489,,,,,
22003,11/25/25 12:30:00,22.465,,,,,
22004,11/25/25 12:45:00,22.465,,,,,
22005,11/25/25 13:00:00,22.441,,,,,
22006,11/25/25 13:15:00,22.465,,,,,
22007,11/25/25 13:30:00,22.465,,,,,
22008,11/25/25 13:45:00,22.465,,,,,
22009,11/25/25 14:00:00,22.441,,,,,
22010,11/25/25 14:15:00,22.417,,,,,
22011,11/25/25 14:30:00,22.369,,,,,
22012,11/25/25 14:45:00,22.011,,,,,
22013,11/25/25 15:00:00,21.843,,,,,
22014,11/25/25 15:15:00,21.987,,,,,
22015,11/25/25 15:30:00,22.082,,,,,
22016,11/25/25 15:45:00,22.154,,,,,
22017,11/25/25 16:00:00,22.202,,,,,
22018,11/25/25 16:15:00,22.202,,,,,
22019,11/25/25 16:30:00,22.202,,,,,
22020,11/25/25 16:45:00,22.178,,,,,
22021,11/25/25 17:00:00,22.154,,,,,
22022,11/25/25 17:15:00,22.130,,,,,
22023,11/25/25 17:30:00,22.058,,,,,
22024,11/25/25 17:45:00,22.011,,,,,
22025,11/25/25 18:00:00,21.963,,,,,
22026,11/25/25 18:15:00,21.915,,,,,
22027,11/25/25 18:30:00,21.867,,,,,
22028,11/25/25 18:45:00,21.819,,,,,
22029,11/25/25 19:00:00,21.795,,,,,
22030,11/25/25 19:15:00,21.795,,,,,
22031,11/25/25 19:30:00,21.795,,,,,
22032,11/25/25 19:45:00,21.795,,,,,
22033,11/25/25 20:00:00,21.772,,,,,
22034,11/25/25 20:15:00,21.748,,,,,
22035,11/25/25 20:30:00,21.748,,,,,
22036,11/25/25 20:45:00,21.915,,,,,
22037,11/25/25 21:00:00,22.106,,,,,
22038,11/25/25 21:15:00,22.106,,,,,
22039,11/25/25 21:30:00,22.011,,,,,
22040,11/25/25 21:45:00,21.915,,,,,
22041,11/25/25 22:00:00,21.891,,,,,
22042,11/25/25 22:15:00,22.082,,,,,
22043,11/25/25 22:30:00,22.274,,,,,
22044,11/25/25 22:45:00,22.393,,,,,
22045,11/25/25 23:00:00,22.489,,,,,
22046,11/25/25 23:15:00,22.585,,,,,
22047,11/25/25 23:30:00,22.633,,,,,
22048,11/25/25 23:45:00,22.681,,,,,
22049,11/26/25 00:00:00,22.729,,,,,
22050,11/26/25 00:15:00,22.776,,,,,
22051,11/26/25 00:30:00,22.848,,,,,
22052,11/26/25 00:45:00,22.920,,,,,
22053,11/26/25 01:00:00,22.992,,,,,
22054,11/26/25 01:15:00,23.040,,,,,
22055,11/26/25 01:30:00,23.112,,,,,
22056,11/26/25 01:45:00,23.160,,,,,
22057,11/26/25 02:00:00,23.208,,,,,
22058,11/26/25 02:15:00,23.256,,,,,
22059,11/26/25 02:30:00,23.304,,,,,
22060,11/26/25 02:45:00,23.352,,,,,
22061,11/26/25 03:00:00,23.400,,,,,
22062,11/26/25 03:15:00,23.424,,,,,
22063,11/26/25 03:30:00,23.472,,,,,
22064,11/26/25 03:45:00,23.497,,,,,
22065,11/26/25 04:00:00,23.545,,,,,
22066,11/26/25 04:15:00,23.569,,,,,
22067,11/26/25 04:30:00,23.593,,,,,
22068,11/26/25 04:45:00,23.617,,,,,
22069,11/26/25 05:00:00,23.641,,,,,
22070,11/26/25 05:15:00,23.665,,,,,
22071,11/26/25 05:30:00,23.665,,,,,
22072,11/26/25 05:45:00,23.617,,,,,
22073,11/26/25 06:00:00,23.569,,,,,
22074,11/26/25 06:15:00,23.088,,,,,
22075,11/26/25 06:30:00,22.441,,,,,
22076,11/26/25 06:45:00,22.298,,,,,
22077,11/26/25 07:00:00,22.202,,,,,
22078,11/26/25 07:15:00,22.130,,,,,
22079,11/26/25 07:30:00,22.154,,,,,
22080,11/26/25 07:45:00,22.202,,,,,
22081,11/26/25 08:00:00,22.321,,,,,
22082,11/26/25 08:15:00,22.633,,,,,
22083,11/26/25 08:30:00,22.753,,,,,
22084,11/26/25 08:45:00,22.729,,,,,
22085,11/26/25 09:00:00,22.657,,,,,
22086,11/26/25 09:15:00,22.633,,,,,
22087,11/26/25 09:30:00,22.633,,,,,
22088,11/26/25 09:45:00,22.657,,,,,
22089,11/26/25 10:00:00,22.657,,,,,
22090,11/26/25 10:15:00,22.681,,,,,
22091,11/26/25 10:30:00,22.681,,,,,
22092,11/26/25 10:45:00,22.729,,,,,
22093,11/26/25 11:00:00,22.753,,,,,
22094,11/26/25 11:15:00,22.753,,,,,
22095,11/26/25 11:30:00,22.705,,,,,
22096,11/26/25 11:45:00,22.633,,,,,
22097,11/26/25 12:00:00,22.609,,,,,
22098,11/26/25 12:15:00,22.681,,,,,
22099,11/26/25 12:30:00,22.681,,,,,
22100,11/26/25 12:45:00,22.561,,,,,
22101,11/26/25 13:00:00,22.417,,,,,
22102,11/26/25 13:15:00,22.202,,,,,
22103,11/26/25 13:30:00,22.034,,,,,
22104,11/26/25 13:45:00,22.106,,,,,
22105,11/26/25 14:00:00,22.274,,,,,
22106,11/26/25 14:15:00,22.369,,,,,
22107,11/26/25 14:30:00,22.441,,,,,
22108,11/26/25 14:45:00,22.465,,,,,
22109,11/26/25 15:00:00,22.441,,,,,
22110,11/26/25 15:15:00,22.154,,,,,
22111,11/26/25 15:30:00,22.106,,,,,
22112,11/26/25 15:45:00,22.202,,,,,
22113,11/26/25 16:00:00,22.250,,,,,
22114,11/26/25 16:15:00,22.082,,,,,
22115,11/26/25 16:30:00,21.963,,,,,
22116,11/26/25 16:45:00,21.939,,,,,
22117,11/26/25 17:00:00,21.867,,,,,
22118,11/26/25 17:15:00,21.963,,,,,
22119,11/26/25 17:30:00,22.011,,,,,
22120,11/26/25 17:45:00,22.011,,,,,
22121,11/26/25 18:00:00,22.011,,,,,
22122,11/26/25 18:15:00,22.011,,,,,
22123,11/26/25 18:30:00,22.011,,,,,
22124,11/26/25 18:45:00,21.987,,,,,
22125,11/26/25 19:00:00,21.963,,,,,
22126,11/26/25 19:15:00,21.963,,,,,
22127,11/26/25 19:30:00,21.939,,,,,
22128,11/26/25 19:45:00,21.915,,,,,
22129,11/26/25 20:00:00,21.891,,,,,
22130,11/26/25 20:15:00,21.867,,,,,
22131,11/26/25 20:30:00,21.867,,,,,
22132,11/26/25 20:45:00,21.843,,,,,
22133,11/26/25 21:00:00,21.843,,,,,
22134,11/26/25 21:15:00,21.843,,,,,
22135,11/26/25 21:30:00,21.843,,,,,
22136,11/26/25 21:45:00,22.034,,,,,
22137,11/26/25 22:00:00,22.082,,,,,
22138,11/26/25 22:15:00,22.202,,,,,
22139,11/26/25 22:30:00,22.345,,,,,
22140,11/26/25 22:45:00,22.465,,,,,
22141,11/26/25 23:00:00,22.537,,,,,
22142,11/26/25 23:15:00,22.633,,,,,
22143,11/26/25 23:30:00,22.681,,,,,
22144,11/26/25 23:45:00,22.753,,,,,
22145,11/27/25 00:00:00,22.800,,,,,
22146,11/27/25 00:15:00,22.872,,,,,
22147,11/27/25 00:30:00,22.920,,,,,
22148,11/27/25 00:45:00,22.992,,,,,
22149,11/27/25 01:00:00,23.064,,,,,
22150,11/27/25 01:15:00,23.136,,,,,
22151,11/27/25 01:30:00,23.208,,,,,
22152,11/27/25 01:45:00,23.256,,,,,
22153,11/27/25 02:00:00,23.304,,,,,
22154,11/27/25 02:15:00,23.376,,,,,
22155,11/27/25 02:30:00,23.424,,,,,
22156,11/27/25 02:45:00,23.472,,,,,
22157,11/27/25 03:00:00,23.521,,,,,
22158,11/27/25 03:15:00,23.569,,,,,
22159,11/27/25 03:30:00,23.617,,,,,
22160,11/27/25 03:45:00,23.641,,,,,
22161,11/27/25 04:00:00,23.689,,,,,
22162,11/27/25 04:15:00,23.713,,,,,
22163,11/27/25 04:30:00,23.761,,,,,
22164,11/27/25 04:45:00,23.785,,,,,
22165,11/27/25 05:00:00,23.809,,,,,
22166,11/27/25 05:15:00,23.809,,,,,
22167,11/27/25 05:30:00,23.785,,,,,
22168,11/27/25 05:45:00,23.737,,,,,
22169,11/27/25 06:00:00,23.665,,,,,
22170,11/27/25 06:15:00,23.280,,,,,
22171,11/27/25 06:30:00,22.657,,,,,
22172,11/27/25 06:45:00,22.274,,,,,
22173,11/27/25 07:00:00,22.226,,,,,
22174,11/27/25 07:15:00,22.226,,,,,
22175,11/27/25 07:30:00,22.298,,,,,
22176,11/27/25 07:45:00,22.321,,,,,
22177,11/27/25 08:00:00,22.561,,,,,
22178,11/27/25 08:15:00,22.753,,,,,
22179,11/27/25 08:30:00,22.753,,,,,
22180,11/27/25 08:45:00,22.753,,,,,
22181,11/27/25 09:00:00,22.729,,,,,
22182,11/27/25 09:15:00,22.848,,,,,
22183,11/27/25 09:30:00,23.040,,,,,
22184,11/27/25 09:45:00,22.944,,,,,
22185,11/27/25 10:00:00,22.872,,,,,
22186,11/27/25 10:15:00,22.824,,,,,
22187,11/27/25 10:30:00,22.776,,,,,
22188,11/27/25 10:45:00,22.729,,,,,
22189,11/27/25 11:00:00,22.681,,,,,
22190,11/27/25 11:15:00,22.657,,,,,
22191,11/27/25 11:30:00,22.633,,,,,
22192,11/27/25 11:45:00,22.609,,,,,
22193,11/27/25 12:00:00,22.561,,,,,
22194,11/27/25 12:15:00,22.513,,,,,
22195,11/27/25 12:30:00,22.489,,,,,
22196,11/27/25 12:45:00,22.441,,,,,
22197,11/27/25 13:00:00,22.393,,,,,
22198,11/27/25 13:15:00,22.345,,,,,
22199,11/27/25 13:30:00,22.321,,,,,
22200,11/27/25 13:45:00,22.274,,,,,
22201,11/27/25 14:00:00,22.250,,,,,
22202,11/27/25 14:15:00,22.226,,,,,
22203,11/27/25 14:30:00,22.202,,,,,
22204,11/27/25 14:45:00,22.178,,,,,
22205,11/27/25 15:00:00,22.226,,,,,
22206,11/27/25 15:15:00,22.202,,,,,
22207,11/27/25 15:30:00,22.154,,,,,
22208,11/27/25 15:45:00,22.082,,,,,
22209,11/27/25 16:00:00,22.058,,,,,
22210,11/27/25 16:15:00,22.058,,,,,
22211,11/27/25 16:30:00,22.034,,,,,
22212,11/27/25 16:45:00,21.987,,,,,
22213,11/27/25 17:00:00,21.963,,,,,
22214,11/27/25 17:15:00,21.939,,,,,
22215,11/27/25 17:30:00,21.891,,,,,
22216,11/27/25 17:45:00,21.867,,,,,
22217,11/27/25 18:00:00,22.082,,,,,
22218,11/27/25 18:15:00,22.202,,,,,
22219,11/27/25 18:30:00,22.154,,,,,
22220,11/27/25 18:45:00,22.106,,,,,
22221,11/27/25 19:00:00,22.130,,,,,
22222,11/27/25 19:15:00,22.298,,,,,
22223,11/27/25 19:30:00,22.298,,,,,
22224,11/27/25 19:45:00,22.202,,,,,
22225,11/27/25 20:00:00,22.298,,,,,
22226,11/27/25 20:15:00,22.369,,,,,
22227,11/27/25 20:30:00,22.202,,,,,
22228,11/27/25 20:45:00,22.058,,,,,
22229,11/27/25 21:00:00,22.226,,,,,
22230,11/27/25 21:15:00,22.393,,,,,
22231,11/27/25 21:30:00,22.274,,,,,
22232,11/27/25 21:45:00,22.154,,,,,
22233,11/27/25 22:00:00,22.321,,,,,
22234,11/27/25 22:15:00,22.489,,,,,
22235,11/27/25 22:30:00,22.609,,,,,
22236,11/27/25 22:45:00,22.705,,,,,
22237,11/27/25 23:00:00,22.776,,,,,
22238,11/27/25 23:15:00,22.848,,,,,
22239,11/27/25 23:30:00,22.896,,,,,
22240,11/27/25 23:45:00,22.944,,,,,
22241,11/28/25 00:00:00,22.992,,,,,
22242,11/28/25 00:15:00,23.016,,,,,
22243,11/28/25 00:30:00,23.064,,,,,
22244,11/28/25 00:45:00,23.136,,,,,
22245,11/28/25 01:00:00,23.184,,,,,
22246,11/28/25 01:15:00,23.232,,,,,
22247,11/28/25 01:30:00,23.304,,,,,
22248,11/28/25 01:45:00,23.352,,,,,
22249,11/28/25 02:00:00,23.400,,,,,
22250,11/28/25 02:15:00,23.448,,,,,
22251,11/28/25 02:30:00,23.472,,,,,
22252,11/28/25 02:45:00,23.521,,,,,
22253,11/28/25 03:00:00,23.569,,,,,
22254,11/28/25 03:15:00,23.593,,,,,
22255,11/28/25 03:30:00,23.641,,,,,
22256,11/28/25 03:45:00,23.665,,,,,
22257,11/28/25 04:00:00,23.689,,,,,
22258,11/28/25 04:15:00,23.713,,,,,
22259,11/28/25 04:30:00,23.737,,,,,
22260,11/28/25 04:45:00,23.761,,,,,
22261,11/28/25 05:00:00,23.785,,,,,
22262,11/28/25 05:15:00,23.809,,,,,
22263,11/28/25 05:30:00,23.785,,,,,
22264,11/28/25 05:45:00,23.737,,,,,
22265,11/28/25 06:00:00,23.641,,,,,
22266,11/28/25 06:15:00,23.256,,,,,
22267,11/28/25 06:30:00,22.681,,,,,
22268,11/28/25 06:45:00,22.489,,,,,
22269,11/28/25 07:00:00,22.393,,,,,
22270,11/28/25 07:15:00,22.321,,,,,
22271,11/28/25 07:30:00,22.369,,,,,
22272,11/28/25 07:45:00,22.369,,,,,
22273,11/28/25 08:00:00,22.537,,,,,
22274,11/28/25 08:15:00,22.848,,,,,
22275,11/28/25 08:30:00,22.848,,,,,
22276,11/28/25 08:45:00,22.824,,,,,
22277,11/28/25 09:00:00,22.776,,,,,
22278,11/28/25 09:15:00,22.753,,,,,
22279,11/28/25 09:30:00,22.824,,,,,
22280,11/28/25 09:45:00,23.064,,,,,
22281,11/28/25 10:00:00,23.040,,,,,
22282,11/28/25 10:15:00,22.896,,,,,
22283,11/28/25 10:30:00,22.776,,,,,
22284,11/28/25 10:45:00,22.681,,,,,
22285,11/28/25 11:00:00,22.776,,,,,
22286,11/28/25 11:15:00,22.920,,,,,
22287,11/28/25 11:30:00,22.824,,,,,
22288,11/28/25 11:45:00,22.705,,,,,
22289,11/28/25 12:00:00,22.633,,,,,
22290,11/28/25 12:15:00,22.585,,,,,
22291,11/28/25 12:30:00,22.561,,,,,
22292,11/28/25 12:45:00,22.561,,,,,
22293,11/28/25 13:00:00,22.561,,,,,
22294,11/28/25 13:15:00,22.561,,,,,
22295,11/28/25 13:30:00,22.561,,,,,
22296,11/28/25 13:45:00,22.561,,,,,
22297,11/28/25 14:00:00,22.537,,,,,
22298,11/28/25 14:15:00,22.537,,,,,
22299,11/28/25 14:30:00,22.561,,,,,
22300,11/28/25 14:45:00,22.561,,,,,
22301,11/28/25 15:00:00,22.585,,,,,
22302,11/28/25 15:15:00,22.585,,,,,
22303,11/28/25 15:30:00,22.609,,,,,
22304,11/28/25 15:45:00,22.609,,,,,
22305,11/28/25 16:00:00,22.585,,,,,
22306,11/28/25 16:15:00,22.585,,,,,
22307,11/28/25 16:30:00,22.585,,,,,
22308,11/28/25 16:45:00,22.585,,,,,
22309,11/28/25 17:00:00,22.537,,,,,
22310,11/28/25 17:15:00,22.489,,,,,
22311,11/28/25 17:30:00,22.441,,,,,
22312,11/28/25 17:45:00,22.369,,,,,
22313,11/28/25 18:00:00,22.298,,,,,
22314,11/28/25 18:15:00,22.226,,,,,
22315,11/28/25 18:30:00,22.178,,,,,
22316,11/28/25 18:45:00,22.130,,,,,
22317,11/28/25 19:00:00,22.058,,,,,
22318,11/28/25 19:15:00,22.034,,,,,
22319,11/28/25 19:30:00,21.987,,,,,
22320,11/28/25 19:45:00,21.939,,,,,
22321,11/28/25 20:00:00,21.867,,,,,
22322,11/28/25 20:15:00,21.867,,,,,
22323,11/28/25 20:30:00,21.843,,,,,
22324,11/28/25 20:45:00,22.034,,,,,
22325,11/28/25 21:00:00,22.202,,,,,
22326,11/28/25 21:15:00,22.202,,,,,
22327,11/28/25 21:30:00,22.154,,,,,
22328,11/28/25 21:45:00,22.082,,,,,
22329,11/28/25 22:00:00,22.250,,,,,
22330,11/28/25 22:15:00,22.441,,,,,
22331,11/28/25 22:30:00,22.585,,,,,
22332,11/28/25 22:45:00,22.681,,,,,
22333,11/28/25 23:00:00,22.776,,,,,
22334,11/28/25 23:15:00,22.848,,,,,
22335,11/28/25 23:30:00,22.896,,,,,
22336,11/28/25 23:45:00,22.944,,,,,
22337,11/29/25 00:00:00,22.992,,,,,
22338,11/29/25 00:15:00,23.040,,,,,
22339,11/29/25 00:30:00,23.064,,,,,
22340,11/29/25 00:45:00,23.112,,,,,
22341,11/29/25 01:00:00,23.184,,,,,
22342,11/29/25 01:15:00,23.232,,,,,
22343,11/29/25 01:30:00,23.304,,,,,
22344,11/29/25 01:45:00,23.352,,,,,
22345,11/29/25 02:00:00,23.400,,,,,
22346,11/29/25 02:15:00,23.448,,,,,
22347,11/29/25 02:30:00,23.497,,,,,
22348,11/29/25 02:45:00,23.545,,,,,
22349,11/29/25 03:00:00,23.569,,,,,
22350,11/29/25 03:15:00,23.617,,,,,
22351,11/29/25 03:30:00,23.665,,,,,
22352,11/29/25 03:45:00,23.689,,,,,
22353,11/29/25 04:00:00,23.737,,,,,
22354,11/29/25 04:15:00,23.761,,,,,
22355,11/29/25 04:30:00,23.809,,,,,
22356,11/29/25 04:45:00,23.833,,,,,
22357,11/29/25 05:00:00,23.857,,,,,
22358,11/29/25 05:15:00,23.881,,,,,
22359,11/29/25 05:30:00,23.857,,,,,
22360,11/29/25 05:45:00,23.833,,,,,
22361,11/29/25 06:00:00,23.761,,,,,
22362,11/29/25 06:15:00,23.376,,,,,
22363,11/29/25 06:30:00,22.776,,,,,
22364,11/29/25 06:45:00,22.345,,,,,
22365,11/29/25 07:00:00,22.298,,,,,
22366,11/29/25 07:15:00,22.250,,,,,
22367,11/29/25 07:30:00,22.345,,,,,
22368,11/29/25 07:45:00,22.393,,,,,
22369,11/29/25 08:00:00,22.465,,,,,
22370,11/29/25 08:15:00,22.537,,,,,
22371,11/29/25 08:30:00,22.657,,,,,
22372,11/29/25 08:45:00,22.968,,,,,
22373,11/29/25 09:00:00,22.992,,,,,
22374,11/29/25 09:15:00,22.968,,,,,
22375,11/29/25 09:30:00,22.944,,,,,
22376,11/29/25 09:45:00,22.944,,,,,
22377,11/29/25 10:00:00,22.872,,,,,
22378,11/29/25 10:15:00,22.800,,,,,
22379,11/29/25 10:30:00,22.753,,,,,
22380,11/29/25 10:45:00,22.681,,,,,
22381,11/29/25 11:00:00,22.896,,,,,
22382,11/29/25 11:15:00,22.920,,,,,
22383,11/29/25 11:30:00,22.776,,,,,
22384,11/29/25 11:45:00,22.657,,,,,
22385,11/29/25 12:00:00,22.561,,,,,
22386,11/29/25 12:15:00,22.489,,,,,
22387,11/29/25 12:30:00,22.417,,,,,
22388,11/29/25 12:45:00,22.345,,,,,
22389,11/29/25 13:00:00,22.298,,,,,
22390,11/29/25 13:15:00,22.250,,,,,
22391,11/29/25 13:30:00,22.178,,,,,
22392,11/29/25 13:45:00,22.130,,,,,
22393,11/29/25 14:00:00,22.154,,,,,
22394,11/29/25 14:15:00,22.369,,,,,
22395,11/29/25 14:30:00,22.489,,,,,
22396,11/29/25 14:45:00,22.441,,,,,
22397,11/29/25 15:00:00,22.369,,,,,
22398,11/29/25 15:15:00,22.345,,,,,
22399,11/29/25 15:30:00,22.274,,,,,
22400,11/29/25 15:45:00,22.250,,,,,
22401,11/29/25 16:00:00,22.250,,,,,
22402,11/29/25 16:15:00,22.226,,,,,
22403,11/29/25 16:30:00,22.202,,,,,
22404,11/29/25 16:45:00,22.345,,,,,
22405,11/29/25 17:00:00,22.441,,,,,
22406,11/29/25 17:15:00,22.321,,,,,
22407,11/29/25 17:30:00,22.178,,,,,
22408,11/29/25 17:45:00,22.082,,,,,
22409,11/29/25 18:00:00,22.058,,,,,
22410,11/29/25 18:15:00,22.250,,,,,
22411,11/29/25 18:30:00,22.369,,,,,
22412,11/29/25 18:45:00,22.298,,,,,
22413,11/29/25 19:00:00,22.202,,,,,
22414,11/29/25 19:15:00,22.226,,,,,
22415,11/29/25 19:30:00,22.393,,,,,
22416,11/29/25 19:45:00,22.393,,,,,
22417,11/29/25 20:00:00,22.178,,,,,
22418,11/29/25 20:15:00,22.058,,,,,
22419,11/29/25 20:30:00,22.250,,,,,
22420,11/29/25 20:45:00,22.369,,,,,
22421,11/29/25 21:00:00,22.321,,,,,
22422,11/29/25 21:15:00,22.250,,,,,
22423,11/29/25 21:30:00,22.417,,,,,
22424,11/29/25 21:45:00,22.537,,,,,
22425,11/29/25 22:00:00,22.369,,,,,
22426,11/29/25 22:15:00,22.417,,,,,
22427,11/29/25 22:30:00,22.561,,,,,
22428,11/29/25 22:45:00,22.657,,,,,
22429,11/29/25 23:00:00,22.729,,,,,
22430,11/29/25 23:15:00,22.800,,,,,
22431,11/29/25 23:30:00,22.872,,,,,
22432,11/29/25 23:45:00,22.896,,,,,
22433,11/30/25 00:00:00,22.944,,,,,
22434,11/30/25 00:15:00,22.992,,,,,
22435,11/30/25 00:30:00,23.064,,,,,
22436,11/30/25 00:45:00,23.112,,,,,
22437,11/30/25 01:00:00,23.184,,,,,
22438,11/30/25 01:15:00,23.232,,,,,
22439,11/30/25 01:30:00,23.280,,,,,
22440,11/30/25 01:45:00,23.328,,,,,
22441,11/30/25 02:00:00,23.376,,,,,
22442,11/30/25 02:15:00,23.424,,,,,
22443,11/30/25 02:30:00,23.472,,,,,
22444,11/30/25 02:45:00,23.497,,,,,
22445,11/30/25 03:00:00,23.545,,,,,
22446,11/30/25 03:15:00,23.593,,,,,
22447,11/30/25 03:30:00,23.617,,,,,
22448,11/30/25 03:45:00,23.665,,,,,
22449,11/30/25 04:00:00,23.689,,,,,
22450,11/30/25 04:15:00,23.713,,,,,
22451,11/30/25 04:30:00,23.737,,,,,
22452,11/30/25 04:45:00,23.785,,,,,
22453,11/30/25 05:00:00,23.809,,,,,
22454,11/30/25 05:15:00,23.833,,,,,
22455,11/30/25 05:30:00,23.809,,,,,
22456,11/30/25 05:45:00,23.761,,,,,
22457,11/30/25 06:00:00,23.689,,,,,
22458,11/30/25 06:15:00,23.304,,,,,
22459,11/30/25 06:30:00,22.681,,,,,
22460,11/30/25 06:45:00,22.465,,,,,
22461,11/30/25 07:00:00,22.369,,,,,
22462,11/30/25 07:15:00,22.298,,,,,
22463,11/30/25 07:30:00,22.298,,,,,
22464,11/30/25 07:45:00,22.298,,,,,
22465,11/30/25 08:00:00,22.513,,,,,
22466,11/30/25 08:15:00,22.824,,,,,
22467,11/30/25 08:30:00,22.872,,,,,
22468,11/30/25 08:45:00,22.848,,,,,
22469,11/30/25 09:00:00,22.824,,,,,
22470,11/30/25 09:15:00,22.848,,,,,
22471,11/30/25 09:30:00,23.064,,,,,
22472,11/30/25 09:45:00,22.992,,,,,
22473,11/30/25 10:00:00,22.848,,,,,
22474,11/30/25 10:15:00,22.753,,,,,
22475,11/30/25 10:30:00,22.681,,,,,
22476,11/30/25 10:45:00,22.609,,,,,
22477,11/30/25 11:00:00,22.585,,,,,
22478,11/30/25 11:15:00,22.537,,,,,
22479,11/30/25 11:30:00,22.489,,,,,
22480,11/30/25 11:45:00,22.465,,,,,
22481,11/30/25 12:00:00,22.441,,,,,
22482,11/30/25 12:15:00,22.441,,,,,
22483,11/30/25 12:30:00,22.441,,,,,
22484,11/30/25 12:45:00,22.441,,,,,
22485,11/30/25 13:00:00,22.417,,,,,
22486,11/30/25 13:15:00,22.417,,,,,
22487,11/30/25 13:30:00,22.393,,,,,
22488,11/30/25 13:45:00,22.393,,,,,
22489,11/30/25 14:00:00,22.393,,,,,
22490,11/30/25 14:15:00,22.369,,,,,
22491,11/30/25 14:30:00,22.369,,,,,
22492,11/30/25 14:45:00,22.369,,,,,
22493,11/30/25 15:00:00,22.345,,,,,
22494,11/30/25 15:15:00,22.345,,,,,
22495,11/30/25 15:30:00,22.321,,,,,
22496,11/30/25 15:45:00,22.298,,,,,
22497,11/30/25 16:00:00,22.298,,,,,
22498,11/30/25 16:15:00,22.298,,,,,
22499,11/30/25 16:30:00,22.298,,,,,
22500,11/30/25 16:45:00,22.274,,,,,
22501,11/30/25 17:00:00,22.274,,,,,
22502,11/30/25 17:15:00,22.250,,,,,
22503,11/30/25 17:30:00,22.202,,,,,
22504,11/30/25 17:45:00,22.154,,,,,
22505,11/30/25 18:00:00,22.106,,,,,
22506,11/30/25 18:15:00,22.058,,,,,
22507,11/30/25 18:30:00,22.011,,,,,
22508,11/30/25 18:45:00,21.963,,,,,
22509,11/30/25 19:00:00,21.891,,,,,
22510,11/30/25 19:15:00,21.843,,,,,
22511,11/30/25 19:30:00,21.819,,,,,
22512,11/30/25 19:45:00,21.819,,,,,
22513,11/30/25 20:00:00,21.795,,,,,
22514,11/30/25 20:15:00,21.963,,,,,
22515,11/30/25 20:30:00,22.130,,,,,
22516,11/30/25 20:45:00,22.130,,,,,
22517,11/30/25 21:00:00,22.082,,,,,
22518,11/30/25 21:15:00,22.082,,,,,
22519,11/30/25 21:30:00,22.274,,,,,
22520,11/30/25 21:45:00,22.321,,,,,
22521,11/30/25 22:00:00,22.130,,,,,
22522,11/30/25 22:15:00,22.226,,,,,
22523,11/30/25 22:30:00,22.393,,,,,
22524,11/30/25 22:45:00,22.513,,,,,
22525,11/30/25 23:00:00,22.609,,,,,
22526,11/30/25 23:15:00,22.705,,,,,
22527,11/30/25 23:30:00,22.776,,,,,
22528,11/30/25 23:45:00,22.848,,,,,
22529,12/01/25 00:00:00,22.896,,,,,
22530,12/01/25 00:15:00,22.944,,,,,
22531,12/01/25 00:30:00,23.016,,,,,
22532,12/01/25 00:45:00,23.088,,,,,
22533,12/01/25 01:00:00,23.160,,,,,
22534,12/01/25 01:15:00,23.232,,,,,
22535,12/01/25 01:30:00,23.280,,,,,
22536,12/01/25 01:45:00,23.352,,,,,
22537,12/01/25 02:00:00,23.400,,,,,
22538,12/01/25 02:15:00,23.448,,,,,
22539,12/01/25 02:30:00,23.472,,,,,
22540,12/01/25 02:45:00,23.521,,,,,
22541,12/01/25 03:00:00,23.569,,,,,
22542,12/01/25 03:15:00,23.593,,,,,
22543,12/01/25 03:30:00,23.641,,,,,
22544,12/01/25 03:45:00,23.665,,,,,
22545,12/01/25 04:00:00,23.713,,,,,
22546,12/01/25 04:15:00,23.737,,,,,
22547,12/01/25 04:30:00,23.761,,,,,
22548,12/01/25 04:45:00,23.785,,,,,
22549,12/01/25 05:00:00,23.833,,,,,
22550,12/01/25 05:15:00,23.833,,,,,
22551,12/01/25 05:30:00,23.809,,,,,
22552,12/01/25 05:45:00,23.737,,,,,
22553,12/01/25 06:00:00,23.689,,,,,
22554,12/01/25 06:15:00,23.304,,,,,
22555,12/01/25 06:30:00,22.681,,,,,
22556,12/01/25 06:45:00,22.250,,,,,
22557,12/01/25 07:00:00,22.202,,,,,
22558,12/01/25 07:15:00,22.202,,,,,
22559,12/01/25 07:30:00,22.298,,,,,
22560,12/01/25 07:45:00,22.369,,,,,
22561,12/01/25 08:00:00,22.393,,,,,
22562,12/01/25 08:15:00,22.489,,,,,
22563,12/01/25 08:30:00,22.561,,,,,
22564,12/01/25 08:45:00,22.609,,,,,
22565,12/01/25 09:00:00,22.633,,,,,
22566,12/01/25 09:15:00,22.657,,,,,
22567,12/01/25 09:30:00,22.657,,,,,
22568,12/01/25 09:45:00,22.681,,,,,
22569,12/01/25 10:00:00,22.681,,,,,
22570,12/01/25 10:15:00,22.657,,,,,
22571,12/01/25 10:30:00,22.633,,,,,
22572,12/01/25 10:45:00,22.609,,,,,
22573,12/01/25 11:00:00,22.585,,,,,
22574,12/01/25 11:15:00,22.561,,,,,
22575,12/01/25 11:30:00,22.513,,,,,
22576,12/01/25 11:45:00,22.489,,,,,
22577,12/01/25 12:00:00,22.537,,,,,
22578,12/01/25 12:15:00,22.537,,,,,
22579,12/01/25 12:30:00,22.321,,,,,
22580,12/01/25 12:45:00,22.178,,,,,
22581,12/01/25 13:00:00,22.250,,,,,
22582,12/01/25 13:15:00,22.321,,,,,
22583,12/01/25 13:30:00,22.393,,,,,
22584,12/01/25 13:45:00,22.441,,,,,
22585,12/01/25 14:00:00,22.489,,,,,
22586,12/01/25 14:15:00,22.537,,,,,
22587,12/01/25 14:30:00,22.489,,,,,
22588,12/01/25 14:45:00,22.465,,,,,
22589,12/01/25 15:00:00,22.465,,,,,
22590,12/01/25 15:15:00,22.417,,,,,
22591,12/01/25 15:30:00,22.417,,,,,
22592,12/01/25 15:45:00,22.393,,,,,
22593,12/01/25 16:00:00,22.369,,,,,
22594,12/01/25 16:15:00,22.058,,,,,
22595,12/01/25 16:30:00,21.795,,,,,
22596,12/01/25 16:45:00,21.700,,,,,
22597,12/01/25 17:00:00,21.843,,,,,
22598,12/01/25 17:15:00,21.963,,,,,
22599,12/01/25 17:30:00,22.011,,,,,
22600,12/01/25 17:45:00,22.106,,,,,
22601,12/01/25 18:00:00,22.154,,,,,
22602,12/01/25 18:15:00,22.202,,,,,
22603,12/01/25 18:30:00,22.250,,,,,
22604,12/01/25 18:45:00,22.250,,,,,
22605,12/01/25 19:00:00,22.202,,,,,
22606,12/01/25 19:15:00,22.130,,,,,
22607,12/01/25 19:30:00,22.082,,,,,
22608,12/01/25 19:45:00,22.011,,,,,
22609,12/01/25 20:00:00,21.963,,,,,
22610,12/01/25 20:15:00,21.915,,,,,
22611,12/01/25 20:30:00,21.891,,,,,
22612,12/01/25 20:45:00,21.867,,,,,
22613,12/01/25 21:00:00,21.867,,,,,
22614,12/01/25 21:15:00,21.867,,,,,
22615,12/01/25 21:30:00,21.867,,,,,
22616,12/01/25 21:45:00,21.867,,,,,
22617,12/01/25 22:00:00,21.867,,,,,
22618,12/01/25 22:15:00,22.034,,,,,
22619,12/01/25 22:30:00,22.226,,,,,
22620,12/01/25 22:45:00,22.369,,,,,
22621,12/01/25 23:00:00,22.489,,,,,
22622,12/01/25 23:15:00,22.585,,,,,
22623,12/01/25 23:30:00,22.681,,,,,
22624,12/01/25 23:45:00,22.753,,,,,
22625,12/02/25 00:00:00,22.824,,,,,
22626,12/02/25 00:15:00,22.872,,,,,
22627,12/02/25 00:30:00,22.968,,,,,
22628,12/02/25 00:45:00,23.040,,,,,
22629,12/02/25 01:00:00,23.112,,,,,
22630,12/02/25 01:15:00,23.184,,,,,
22631,12/02/25 01:30:00,23.256,,,,,
22632,12/02/25 01:45:00,23.304,,,,,
22633,12/02/25 02:00:00,23.352,,,,,
22634,12/02/25 02:15:00,23.424,,,,,
22635,12/02/25 02:30:00,23.472,,,,,
22636,12/02/25 02:45:00,23.521,,,,,
22637,12/02/25 03:00:00,23.569,,,,,
22638,12/02/25 03:15:00,23.617,,,,,
22639,12/02/25 03:30:00,23.641,,,,,
22640,12/02/25 03:45:00,23.689,,,,,
22641,12/02/25 04:00:00,23.737,,,,,
22642,12/02/25 04:15:00,23.761,,,,,
22643,12/02/25 04:30:00,23.809,,,,,
22644,12/02/25 04:45:00,23.833,,,,,
22645,12/02/25 05:00:00,23.857,,,,,
22646,12/02/25 05:15:00,23.857,,,,,
22647,12/02/25 05:30:00,23.833,,,,,
22648,12/02/25 05:45:00,23.785,,,,,
22649,12/02/25 06:00:00,23.737,,,,,
22650,12/02/25 06:15:00,23.376,,,,,
22651,12/02/25 06:30:00,22.824,,,,,
22652,12/02/25 06:45:00,22.417,,,,,
22653,12/02/25 07:00:00,22.393,,,,,
22654,12/02/25 07:15:00,22.393,,,,,
22655,12/02/25 07:30:00,22.417,,,,,
22656,12/02/25 07:45:00,22.513,,,,,
22657,12/02/25 08:00:00,22.609,,,,,
22658,12/02/25 08:15:00,22.681,,,,,
22659,12/02/25 08:30:00,22.753,,,,,
22660,12/02/25 08:45:00,22.824,,,,,
22661,12/02/25 09:00:00,22.872,,,,,
22662,12/02/25 09:15:00,22.896,,,,,
22663,12/02/25 09:30:00,22.896,,,,,
22664,12/02/25 09:45:00,22.920,,,,,
22665,12/02/25 10:00:00,22.920,,,,,
22666,12/02/25 10:15:00,22.920,,,,,
22667,12/02/25 10:30:00,22.872,,,,,
22668,12/02/25 10:45:00,23.088,,,,,
22669,12/02/25 11:00:00,23.016,,,,,
22670,12/02/25 11:15:00,22.848,,,,,
22671,12/02/25 11:30:00,22.729,,,,,
22672,12/02/25 11:45:00,22.657,,,,,
22673,12/02/25 12:00:00,22.609,,,,,
22674,12/02/25 12:15:00,22.633,,,,,
22675,12/02/25 12:30:00,22.776,,,,,
22676,12/02/25 12:45:00,22.872,,,,,
22677,12/02/25 13:00:00,22.776,,,,,
22678,12/02/25 13:15:00,22.657,,,,,
22679,12/02/25 13:30:00,22.609,,,,,
22680,12/02/25 13:45:00,22.561,,,,,
22681,12/02/25 14:00:00,22.513,,,,,
22682,12/02/25 14:15:00,22.489,,,,,
22683,12/02/25 14:30:00,22.441,,,,,
22684,12/02/25 14:45:00,22.393,,,,,
22685,12/02/25 15:00:00,22.178,,,,,
22686,12/02/25 15:15:00,21.963,,,,,
22687,12/02/25 15:30:00,22.011,,,,,
22688,12/02/25 15:45:00,22.034,,,,,
22689,12/02/25 16:00:00,22.034,,,,,
22690,12/02/25 16:15:00,22.058,,,,,
22691,12/02/25 16:30:00,22.058,,,,,
22692,12/02/25 16:45:00,22.082,,,,,
22693,12/02/25 17:00:00,22.058,,,,,
22694,12/02/25 17:15:00,22.034,,,,,
22695,12/02/25 17:30:00,21.939,,,,,
22696,12/02/25 17:45:00,22.082,,,,,
22697,12/02/25 18:00:00,22.202,,,,,
22698,12/02/25 18:15:00,22.226,,,,,
22699,12/02/25 18:30:00,22.130,,,,,
22700,12/02/25 18:45:00,22.058,,,,,
22701,12/02/25 19:00:00,22.011,,,,,
22702,12/02/25 19:15:00,21.963,,,,,
22703,12/02/25 19:30:00,21.915,,,,,
22704,12/02/25 19:45:00,21.891,,,,,
22705,12/02/25 20:00:00,21.843,,,,,
22706,12/02/25 20:15:00,21.867,,,,,
22707,12/02/25 20:30:00,21.891,,,,,
22708,12/02/25 20:45:00,22.130,,,,,
22709,12/02/25 21:00:00,22.321,,,,,
22710,12/02/25 21:15:00,22.202,,,,,
22711,12/02/25 21:30:00,22.082,,,,,
22712,12/02/25 21:45:00,22.011,,,,,
22713,12/02/25 22:00:00,22.226,,,,,
22714,12/02/25 22:15:00,22.513,,,,,
22715,12/02/25 22:30:00,22.729,,,,,
22716,12/02/25 22:45:00,22.920,,,,,
22717,12/02/25 23:00:00,23.064,,,,,
22718,12/02/25 23:15:00,23.184,,,,,
22719,12/02/25 23:30:00,23.280,,,,,
22720,12/02/25 23:45:00,23.352,,,,,
22721,12/03/25 00:00:00,23.448,,,,,
22722,12/03/25 00:15:00,23.545,,,,,
22723,12/03/25 00:30:00,23.593,,,,,
22724,12/03/25 00:45:00,23.593,,,,,
22725,12/03/25 01:00:00,23.617,,,,,
22726,12/03/25 01:15:00,23.617,,,,,
22727,12/03/25 01:30:00,23.641,,,,,
22728,12/03/25 01:45:00,23.665,,,,,
22729,12/03/25 02:00:00,23.713,,,,,
22730,12/03/25 02:15:00,23.737,,,,,
22731,12/03/25 02:30:00,23.761,,,,,
22732,12/03/25 02:45:00,23.785,,,,,
22733,12/03/25 03:00:00,23.833,,,,,
22734,12/03/25 03:15:00,23.857,,,,,
22735,12/03/25 03:30:00,23.881,,,,,
22736,12/03/25 03:45:00,23.905,,,,,
22737,12/03/25 04:00:00,23.930,,,,,
22738,12/03/25 04:15:00,23.954,,,,,
22739,12/03/25 04:30:00,23.978,,,,,
22740,12/03/25 04:45:00,24.002,,,,,
22741,12/03/25 05:00:00,24.026,,,,,
22742,12/03/25 05:15:00,24.002,,,,,
22743,12/03/25 05:30:00,23.954,,,,,
22744,12/03/25 05:45:00,23.905,,,,,
22745,12/03/25 06:00:00,23.857,,,,,
22746,12/03/25 06:15:00,23.400,,,,,
22747,12/03/25 06:30:00,22.705,,,,,
22748,12/03/25 06:45:00,22.250,,,,,
22749,12/03/25 07:00:00,22.226,,,,,
22750,12/03/25 07:15:00,22.202,,,,,
22751,12/03/25 07:30:00,22.178,,,,,
22752,12/03/25 07:45:00,22.226,,,,,
22753,12/03/25 08:00:00,22.274,,,,,
22754,12/03/25 08:15:00,22.321,,,,,
22755,12/03/25 08:30:00,22.393,,,,,
22756,12/03/25 08:45:00,22.441,,,,,
22757,12/03/25 09:00:00,22.441,,,,,
22758,12/03/25 09:15:00,22.441,,,,,
22759,12/03/25 09:30:00,22.489,,,,,
22760,12/03/25 09:45:00,22.489,,,,,
22761,12/03/25 10:00:00,22.537,,,,,
22762,12/03/25 10:15:00,22.537,,,,,
22763,12/03/25 10:30:00,22.537,,,,,
22764,12/03/25 10:45:00,22.513,,,,,
22765,12/03/25 11:00:00,22.513,,,,,
22766,12/03/25 11:15:00,22.513,,,,,
22767,12/03/25 11:30:00,22.513,,,,,
22768,12/03/25 11:45:00,22.489,,,,,
22769,12/03/25 12:00:00,22.465,,,,,
22770,12/03/25 12:15:00,22.465,,,,,
22771,12/03/25 12:30:00,22.441,,,,,
22772,12/03/25 12:45:00,22.441,,,,,
22773,12/03/25 13:00:00,22.441,,,,,
22774,12/03/25 13:15:00,22.465,,,,,
22775,12/03/25 13:30:00,22.489,,,,,
22776,12/03/25 13:45:00,22.369,,,,,
22777,12/03/25 14:00:00,22.058,,,,,
22778,12/03/25 14:15:00,21.843,,,,,
22779,12/03/25 14:30:00,21.724,,,,,
22780,12/03/25 14:45:00,21.819,,,,,
22781,12/03/25 15:00:00,22.011,,,,,
22782,12/03/25 15:15:00,22.178,,,,,
22783,12/03/25 15:30:00,22.250,,,,,
22784,12/03/25 15:45:00,22.202,,,,,
22785,12/03/25 16:00:00,22.178,,,,,
22786,12/03/25 16:15:00,22.034,,,,,
22787,12/03/25 16:30:00,21.891,,,,,
22788,12/03/25 16:45:00,21.915,,,,,
22789,12/03/25 17:00:00,22.082,,,,,
22790,12/03/25 17:15:00,22.154,,,,,
22791,12/03/25 17:30:00,22.178,,,,,
22792,12/03/25 17:45:00,22.274,,,,,
22793,12/03/25 18:00:00,22.250,,,,,
22794,12/03/25 18:15:00,21.939,,,,,
22795,12/03/25 18:30:00,22.011,,,,,
22796,12/03/25 18:45:00,22.082,,,,,
22797,12/03/25 19:00:00,22.106,,,,,
22798,12/03/25 19:15:00,22.106,,,,,
22799,12/03/25 19:30:00,22.106,,,,,
22800,12/03/25 19:45:00,22.058,,,,,
22801,12/03/25 20:00:00,21.987,,,,,
22802,12/03/25 20:15:00,21.939,,,,,
22803,12/03/25 20:30:00,21.963,,,,,
22804,12/03/25 20:45:00,21.963,,,,,
22805,12/03/25 21:00:00,21.963,,,,,
22806,12/03/25 21:15:00,21.963,,,,,
22807,12/03/25 21:30:00,21.963,,,,,
22808,12/03/25 21:45:00,21.939,,,,,
22809,12/03/25 22:00:00,21.939,,,,,
22810,12/03/25 22:15:00,22.178,,,,,
22811,12/03/25 22:30:00,22.441,,,,,
22812,12/03/25 22:45:00,22.585,,,,,
22813,12/03/25 23:00:00,22.681,,,,,
22814,12/03/25 23:15:00,22.776,,,,,
22815,12/03/25 23:30:00,22.848,,,,,
22816,12/03/25 23:45:00,22.920,,,,,
22817,12/04/25 00:00:00,22.968,,,,,
22818,12/04/25 00:15:00,23.016,,,,,
22819,12/04/25 00:30:00,23.088,,,,,
22820,12/04/25 00:45:00,23.160,,,,,
22821,12/04/25 01:00:00,23.232,,,,,
22822,12/04/25 01:15:00,23.304,,,,,
22823,12/04/25 01:30:00,23.352,,,,,
22824,12/04/25 01:45:00,23.424,,,,,
22825,12/04/25 02:00:00,23.472,,,,,
22826,12/04/25 02:15:00,23.521,,,,,
22827,12/04/25 02:30:00,23.569,,,,,
22828,12/04/25 02:45:00,23.641,,,,,
22829,12/04/25 03:00:00,23.665,,,,,
22830,12/04/25 03:15:00,23.713,,,,,
22831,12/04/25 03:30:00,23.761,,,,,
22832,12/04/25 03:45:00,23.809,,,,,
22833,12/04/25 04:00:00,23.857,,,,,
22834,12/04/25 04:15:00,23.881,,,,,
22835,12/04/25 04:30:00,23.930,,,,,
22836,12/04/25 04:45:00,23.954,,,,,
22837,12/04/25 05:00:00,24.002,,,,,
22838,12/04/25 05:15:00,24.026,,,,,
22839,12/04/25 05:30:00,23.978,,,,,
22840,12/04/25 05:45:00,23.954,,,,,
22841,12/04/25 06:00:00,23.905,,,,,
22842,12/04/25 06:15:00,23.448,,,,,
22843,12/04/25 06:30:00,22.776,,,,,
22844,12/04/25 06:45:00,22.298,,,,,
22845,12/04/25 07:00:00,21.915,,,,,
22846,12/04/25 07:15:00,22.011,,,,,
22847,12/04/25 07:30:00,22.154,,,,,
22848,12/04/25 07:45:00,22.298,,,,,
22849,12/04/25 08:00:00,22.441,,,,,
22850,12/04/25 08:15:00,22.561,,,,,
22851,12/04/25 08:30:00,22.633,,,,,
22852,12/04/25 08:45:00,22.681,,,,,
22853,12/04/25 09:00:00,22.705,,,,,
22854,12/04/25 09:15:00,22.753,,,,,
22855,12/04/25 09:30:00,22.776,,,,,
22856,12/04/25 09:45:00,22.705,,,,,
22857,12/04/25 10:00:00,22.633,,,,,
22858,12/04/25 10:15:00,22.609,,,,,
22859,12/04/25 10:30:00,22.585,,,,,
22860,12/04/25 10:45:00,22.561,,,,,
22861,12/04/25 11:00:00,22.537,,,,,
22862,12/04/25 11:15:00,22.489,,,,,
22863,12/04/25 11:30:00,22.465,,,,,
22864,12/04/25 11:45:00,22.609,,,,,
22865,12/04/25 12:00:00,22.513,,,,,
22866,12/04/25 12:15:00,22.489,,,,,
22867,12/04/25 12:30:00,22.489,,,,,
22868,12/04/25 12:45:00,22.489,,,,,
22869,12/04/25 13:00:00,22.489,,,,,
22870,12/04/25 13:15:00,22.417,,,,,
22871,12/04/25 13:30:00,22.226,,,,,
22872,12/04/25 13:45:00,22.154,,,,,
22873,12/04/25 14:00:00,22.178,,,,,
22874,12/04/25 14:15:00,22.154,,,,,
22875,12/04/25 14:30:00,22.154,,,,,
22876,12/04/25 14:45:00,22.178,,,,,
22877,12/04/25 15:00:00,22.178,,,,,
22878,12/04/25 15:15:00,22.130,,,,,
22879,12/04/25 15:30:00,22.178,,,,,
22880,12/04/25 15:45:00,22.202,,,,,
22881,12/04/25 16:00:00,22.202,,,,,
22882,12/04/25 16:15:00,22.082,,,,,
22883,12/04/25 16:30:00,21.915,,,,,
22884,12/04/25 16:45:00,21.772,,,,,
22885,12/04/25 17:00:00,21.772,,,,,
22886,12/04/25 17:15:00,21.867,,,,,
22887,12/04/25 17:30:00,21.939,,,,,
22888,12/04/25 17:45:00,21.987,,,,,
22889,12/04/25 18:00:00,21.987,,,,,
22890,12/04/25 18:15:00,21.987,,,,,
22891,12/04/25 18:30:00,21.987,,,,,
22892,12/04/25 18:45:00,21.987,,,,,
22893,12/04/25 19:00:00,21.963,,,,,
22894,12/04/25 19:15:00,21.963,,,,,
22895,12/04/25 19:30:00,21.963,,,,,
22896,12/04/25 19:45:00,21.963,,,,,
22897,12/04/25 20:00:00,21.939,,,,,
22898,12/04/25 20:15:00,21.915,,,,,
22899,12/04/25 20:30:00,21.891,,,,,
22900,12/04/25 20:45:00,21.843,,,,,
22901,12/04/25 21:00:00,21.819,,,,,
22902,12/04/25 21:15:00,21.795,,,,,
22903,12/04/25 21:30:00,21.748,,,,,
22904,12/04/25 21:45:00,21.772,,,,,
22905,12/04/25 22:00:00,22.011,,,,,
22906,12/04/25 22:15:00,22.202,,,,,
22907,12/04/25 22:30:00,22.369,,,,,
22908,12/04/25 22:45:00,22.489,,,,,
22909,12/04/25 23:00:00,22.609,,,,,
22910,12/04/25 23:15:00,22.681,,,,,
22911,12/04/25 23:30:00,22.776,,,,,
22912,12/04/25 23:45:00,22.848,,,,,
22913,12/05/25 00:00:00,22.896,,,,,
22914,12/05/25 00:15:00,22.968,,,,,
22915,12/05/25 00:30:00,23.016,,,,,
22916,12/05/25 00:45:00,23.064,,,,,
22917,12/05/25 01:00:00,23.136,,,,,
22918,12/05/25 01:15:00,23.184,,,,,
22919,12/05/25 01:30:00,23.232,,,,,
22920,12/05/25 01:45:00,23.280,,,,,
22921,12/05/25 02:00:00,23.352,,,,,
22922,12/05/25 02:15:00,23.376,,,,,
22923,12/05/25 02:30:00,23.424,,,,,
22924,12/05/25 02:45:00,23.472,,,,,
22925,12/05/25 03:00:00,23.521,,,,,
22926,12/05/25 03:15:00,23.545,,,,,
22927,12/05/25 03:30:00,23.593,,,,,
22928,12/05/25 03:45:00,23.617,,,,,
22929,12/05/25 04:00:00,23.641,,,,,
22930,12/05/25 04:15:00,23.689,,,,,
22931,12/05/25 04:30:00,23.713,,,,,
22932,12/05/25 04:45:00,23.737,,,,,
22933,12/05/25 05:00:00,23.785,,,,,
22934,12/05/25 05:15:00,23.809,,,,,
22935,12/05/25 05:30:00,23.785,,,,,
22936,12/05/25 05:45:00,23.761,,,,,
22937,12/05/25 06:00:00,23.713,,,,,
22938,12/05/25 06:15:00,23.280,,,,,
22939,12/05/25 06:30:00,22.633,,,,,
22940,12/05/25 06:45:00,22.321,,,,,
22941,12/05/25 07:00:00,22.250,,,,,
22942,12/05/25 07:15:00,22.178,,,,,
22943,12/05/25 07:30:00,22.154,,,,,
22944,12/05/25 07:45:00,22.178,,,,,
22945,12/05/25 08:00:00,22.202,,,,,
22946,12/05/25 08:15:00,22.250,,,,,
22947,12/05/25 08:30:00,22.321,,,,,
22948,12/05/25 08:45:00,22.369,,,,,
22949,12/05/25 09:00:00,22.417,,,,,
22950,12/05/25 09:15:00,22.465,,,,,
22951,12/05/25 09:30:00,22.489,,,,,
22952,12/05/25 09:45:00,22.489,,,,,
22953,12/05/25 10:00:00,22.465,,,,,
22954,12/05/25 10:15:00,22.465,,,,,
22955,12/05/25 10:30:00,22.513,,,,,
22956,12/05/25 10:45:00,22.537,,,,,
22957,12/05/25 11:00:00,22.561,,,,,
22958,12/05/25 11:15:00,22.609,,,,,
22959,12/05/25 11:30:00,22.657,,,,,
22960,12/05/25 11:45:00,22.657,,,,,
22961,12/05/25 12:00:00,22.657,,,,,
22962,12/05/25 12:15:00,22.657,,,,,
22963,12/05/25 12:30:00,22.681,,,,,
22964,12/05/25 12:45:00,22.753,,,,,
22965,12/05/25 13:00:00,22.705,,,,,
22966,12/05/25 13:15:00,22.705,,,,,
22967,12/05/25 13:30:00,22.681,,,,,
22968,12/05/25 13:45:00,22.705,,,,,
22969,12/05/25 14:00:00,22.705,,,,,
22970,12/05/25 14:15:00,22.729,,,,,
22971,12/05/25 14:30:00,22.729,,,,,
22972,12/05/25 14:45:00,22.753,,,,,
22973,12/05/25 15:00:00,22.800,,,,,
22974,12/05/25 15:15:00,22.681,,,,,
22975,12/05/25 15:30:00,22.609,,,,,
22976,12/05/25 15:45:00,22.537,,,,,
22977,12/05/25 16:00:00,22.465,,,,,
22978,12/05/25 16:15:00,22.321,,,,,
22979,12/05/25 16:30:00,22.226,,,,,
22980,12/05/25 16:45:00,22.106,,,,,
22981,12/05/25 17:00:00,22.058,,,,,
22982,12/05/25 17:15:00,22.011,,,,,
22983,12/05/25 17:30:00,21.867,,,,,
22984,12/05/25 17:45:00,21.795,,,,,
22985,12/05/25 18:00:00,21.843,,,,,
22986,12/05/25 18:15:00,21.987,,,,,
22987,12/05/25 18:30:00,22.082,,,,,
22988,12/05/25 18:45:00,22.154,,,,,
22989,12/05/25 19:00:00,22.154,,,,,
22990,12/05/25 19:15:00,22.178,,,,,
22991,12/05/25 19:30:00,22.178,,,,,
22992,12/05/25 19:45:00,22.130,,,,,
22993,12/05/25 20:00:00,22.130,,,,,
22994,12/05/25 20:15:00,22.106,,,,,
22995,12/05/25 20:30:00,22.106,,,,,
22996,12/05/25 20:45:00,22.082,,,,,
22997,12/05/25 21:00:00,22.058,,,,,
22998,12/05/25 21:15:00,22.058,,,,,
22999,12/05/25 21:30:00,22.011,,,,,
23000,12/05/25 21:45:00,22.011,,,,,
23001,12/05/25 22:00:00,21.987,,,,,
23002,12/05/25 22:15:00,22.154,,,,,
23003,12/05/25 22:30:00,22.321,,,,,
23004,12/05/25 22:45:00,22.465,,,,,
23005,12/05/25 23:00:00,22.561,,,,,
23006,12/05/25 23:15:00,22.657,,,,,
23007,12/05/25 23:30:00,22.729,,,,,
23008,12/05/25 23:45:00,22.800,,,,,
23009,12/06/25 00:00:00,22.848,,,,,
23010,12/06/25 00:15:00,22.896,,,,,
23011,12/06/25 00:30:00,22.944,,,,,
23012,12/06/25 00:45:00,22.992,,,,,
23013,12/06/25 01:00:00,23.064,,,,,
23014,12/06/25 01:15:00,23.112,,,,,
23015,12/06/25 01:30:00,23.160,,,,,
23016,12/06/25 01:45:00,23.208,,,,,
23017,12/06/25 02:00:00,23.256,,,,,
23018,12/06/25 02:15:00,23.304,,,,,
23019,12/06/25 02:30:00,23.352,,,,,
23020,12/06/25 02:45:00,23.376,,,,,
23021,12/06/25 03:00:00,23.424,,,,,
23022,12/06/25 03:15:00,23.448,,,,,
23023,12/06/25 03:30:00,23.472,,,,,
23024,12/06/25 03:45:00,23.497,,,,,
23025,12/06/25 04:00:00,23.545,,,,,
23026,12/06/25 04:15:00,23.569,,,,,
23027,12/06/25 04:30:00,23.593,,,,,
23028,12/06/25 04:45:00,23.617,,,,,
23029,12/06/25 05:00:00,23.641,,,,,
23030,12/06/25 05:15:00,23.665,,,,,
23031,12/06/25 05:30:00,23.665,,,,,
23032,12/06/25 05:45:00,23.641,,,,,
23033,12/06/25 06:00:00,23.617,,,,,
23034,12/06/25 06:15:00,23.160,,,,,
23035,12/06/25 06:30:00,22.537,,,,,
23036,12/06/25 06:45:00,22.321,,,,,
23037,12/06/25 07:00:00,22.226,,,,,
23038,12/06/25 07:15:00,22.154,,,,,
23039,12/06/25 07:30:00,22.106,,,,,
23040,12/06/25 07:45:00,22.154,,,,,
23041,12/06/25 08:00:00,22.417,,,,,
23042,12/06/25 08:15:00,22.513,,,,,
23043,12/06/25 08:30:00,22.465,,,,,
23044,12/06/25 08:45:00,22.393,,,,,
23045,12/06/25 09:00:00,22.345,,,,,
23046,12/06/25 09:15:00,22.537,,,,,
23047,12/06/25 09:30:00,22.776,,,,,
23048,12/06/25 09:45:00,22.776,,,,,
23049,12/06/25 10:00:00,22.609,,,,,
23050,12/06/25 10:15:00,22.561,,,,,
23051,12/06/25 10:30:00,22.776,,,,,
23052,12/06/25 10:45:00,22.800,,,,,
23053,12/06/25 11:00:00,22.585,,,,,
23054,12/06/25 11:15:00,22.393,,,,,
23055,12/06/25 11:30:00,22.274,,,,,
23056,12/06/25 11:45:00,22.465,,,,,
23057,12/06/25 12:00:00,22.681,,,,,
23058,12/06/25 12:15:00,22.561,,,,,
23059,12/06/25 12:30:00,22.393,,,,,
23060,12/06/25 12:45:00,22.274,,,,,
23061,12/06/25 13:00:00,22.178,,,,,
23062,12/06/25 13:15:00,22.274,,,,,
23063,12/06/25 13:30:00,22.537,,,,,
23064,12/06/25 13:45:00,22.585,,,,,
23065,12/06/25 14:00:00,22.465,,,,,
23066,12/06/25 14:15:00,22.369,,,,,
23067,12/06/25 14:30:00,22.274,,,,,
23068,12/06/25 14:45:00,22.202,,,,,
23069,12/06/25 15:00:00,22.298,,,,,
23070,12/06/25 15:15:00,22.561,,,,,
23071,12/06/25 15:30:00,22.489,,,,,
23072,12/06/25 15:45:00,22.321,,,,,
23073,12/06/25 16:00:00,22.202,,,,,
23074,12/06/25 16:15:00,22.130,,,,,
23075,12/06/25 16:30:00,22.082,,,,,
23076,12/06/25 16:45:00,22.034,,,,,
23077,12/06/25 17:00:00,22.058,,,,,
23078,12/06/25 17:15:00,22.321,,,,,
23079,12/06/25 17:30:00,22.441,,,,,
23080,12/06/25 17:45:00,22.345,,,,,
23081,12/06/25 18:00:00,22.202,,,,,
23082,12/06/25 18:15:00,22.106,,,,,
23083,12/06/25 18:30:00,22.034,,,,,
23084,12/06/25 18:45:00,21.963,,,,,
23085,12/06/25 19:00:00,22.154,,,,,
23086,12/06/25 19:15:00,22.369,,,,,
23087,12/06/25 19:30:00,22.250,,,,,
23088,12/06/25 19:45:00,22.058,,,,,
23089,12/06/25 20:00:00,22.082,,,,,
23090,12/06/25 20:15:00,22.298,,,,,
23091,12/06/25 20:30:00,22.321,,,,,
23092,12/06/25 20:45:00,22.106,,,,,
23093,12/06/25 21:00:00,22.082,,,,,
23094,12/06/25 21:15:00,22.274,,,,,
23095,12/06/25 21:30:00,22.369,,,,,
23096,12/06/25 21:45:00,22.154,,,,,
23097,12/06/25 22:00:00,22.058,,,,,
23098,12/06/25 22:15:00,22.274,,,,,
23099,12/06/25 22:30:00,22.441,,,,,
23100,12/06/25 22:45:00,22.585,,,,,
23101,12/06/25 23:00:00,22.681,,,,,
23102,12/06/25 23:15:00,22.753,,,,,
23103,12/06/25 23:30:00,22.824,,,,,
23104,12/06/25 23:45:00,22.872,,,,,
23105,12/07/25 00:00:00,22.920,,,,,
23106,12/07/25 00:15:00,22.992,,,,,
23107,12/07/25 00:30:00,23.040,,,,,
23108,12/07/25 00:45:00,23.088,,,,,
23109,12/07/25 01:00:00,23.160,,,,,
23110,12/07/25 01:15:00,23.208,,,,,
23111,12/07/25 01:30:00,23.256,,,,,
23112,12/07/25 01:45:00,23.304,,,,,
23113,12/07/25 02:00:00,23.352,,,,,
23114,12/07/25 02:15:00,23.376,,,,,
23115,12/07/25 02:30:00,23.424,,,,,
23116,12/07/25 02:45:00,23.448,,,,,
23117,12/07/25 03:00:00,23.497,,,,,
23118,12/07/25 03:15:00,23.521,,,,,
23119,12/07/25 03:30:00,23.569,,,,,
23120,12/07/25 03:45:00,23.593,,,,,
23121,12/07/25 04:00:00,23.617,,,,,
23122,12/07/25 04:15:00,23.641,,,,,
23123,12/07/25 04:30:00,23.689,,,,,
23124,12/07/25 04:45:00,23.689,,,,,
23125,12/07/25 05:00:00,23.737,,,,,
23126,12/07/25 05:15:00,23.737,,,,,
23127,12/07/25 05:30:00,23.737,,,,,
23128,12/07/25 05:45:00,23.689,,,,,
23129,12/07/25 06:00:00,23.665,,,,,
23130,12/07/25 06:15:00,23.184,,,,,
23131,12/07/25 06:30:00,22.585,,,,,
23132,12/07/25 06:45:00,22.345,,,,,
23133,12/07/25 07:00:00,22.250,,,,,
23134,12/07/25 07:15:00,22.178,,,,,
23135,12/07/25 07:30:00,22.130,,,,,
23136,12/07/25 07:45:00,22.130,,,,,
23137,12/07/25 08:00:00,22.178,,,,,
23138,12/07/25 08:15:00,22.513,,,,,
23139,12/07/25 08:30:00,22.729,,,,,
23140,12/07/25 08:45:00,22.681,,,,,
23141,12/07/25 09:00:00,22.609,,,,,
23142,12/07/25 09:15:00,22.585,,,,,
23143,12/07/25 09:30:00,22.513,,,,,
23144,12/07/25 09:45:00,22.489,,,,,
23145,12/07/25 10:00:00,22.465,,,,,
23146,12/07/25 10:15:00,22.441,,,,,
23147,12/07/25 10:30:00,22.729,,,,,
23148,12/07/25 10:45:00,22.848,,,,,
23149,12/07/25 11:00:00,22.705,,,,,
23150,12/07/25 11:15:00,22.609,,,,,
23151,12/07/25 11:30:00,22.513,,,,,
23152,12/07/25 11:45:00,22.441,,,,,
23153,12/07/25 12:00:00,22.369,,,,,
23154,12/07/25 12:15:00,22.321,,,,,
23155,12/07/25 12:30:00,22.274,,,,,
23156,12/07/25 12:45:00,22.250,,,,,
23157,12/07/25 13:00:00,22.250,,,,,
23158,12/07/25 13:15:00,22.250,,,,,
23159,12/07/25 13:30:00,22.226,,,,,
23160,12/07/25 13:45:00,22.202,,,,,
23161,12/07/25 14:00:00,22.202,,,,,
23162,12/07/25 14:15:00,22.202,,,,,
23163,12/07/25 14:30:00,22.178,,,,,
23164,12/07/25 14:45:00,22.130,,,,,
23165,12/07/25 15:00:00,22.106,,,,,
23166,12/07/25 15:15:00,22.058,,,,,
23167,12/07/25 15:30:00,22.034,,,,,
23168,12/07/25 15:45:00,22.011,,,,,
23169,12/07/25 16:00:00,21.963,,,,,
23170,12/07/25 16:15:00,21.939,,,,,
23171,12/07/25 16:30:00,21.891,,,,,
23172,12/07/25 16:45:00,21.867,,,,,
23173,12/07/25 17:00:00,21.867,,,,,
23174,12/07/25 17:15:00,21.867,,,,,
23175,12/07/25 17:30:00,21.867,,,,,
23176,12/07/25 17:45:00,21.819,,,,,
23177,12/07/25 18:00:00,21.795,,,,,
23178,12/07/25 18:15:00,22.011,,,,,
23179,12/07/25 18:30:00,22.154,,,,,
23180,12/07/25 18:45:00,22.130,,,,,
23181,12/07/25 19:00:00,22.082,,,,,
23182,12/07/25 19:15:00,22.034,,,,,
23183,12/07/25 19:30:00,22.011,,,,,
23184,12/07/25 19:45:00,22.058,,,,,
23185,12/07/25 20:00:00,22.274,,,,,
23186,12/07/25 20:15:00,22.369,,,,,
23187,12/07/25 20:30:00,22.130,,,,,
23188,12/07/25 20:45:00,22.082,,,,,
23189,12/07/25 21:00:00,22.274,,,,,
23190,12/07/25 21:15:00,22.274,,,,,
23191,12/07/25 21:30:00,22.202,,,,,
23192,12/07/25 21:45:00,22.106,,,,,
23193,12/07/25 22:00:00,22.250,,,,,
23194,12/07/25 22:15:00,22.417,,,,,
23195,12/07/25 22:30:00,22.537,,,,,
23196,12/07/25 22:45:00,22.657,,,,,
23197,12/07/25 23:00:00,22.729,,,,,
23198,12/07/25 23:15:00,22.800,,,,,
23199,12/07/25 23:30:00,22.872,,,,,
23200,12/07/25 23:45:00,22.920,,,,,
23201,12/08/25 00:00:00,22.968,,,,,
23202,12/08/25 00:15:00,22.992,,,,,
23203,12/08/25 00:30:00,23.064,,,,,
23204,12/08/25 00:45:00,23.112,,,,,
23205,12/08/25 01:00:00,23.160,,,,,
23206,12/08/25 01:15:00,23.208,,,,,
23207,12/08/25 01:30:00,23.256,,,,,
23208,12/08/25 01:45:00,23.304,,,,,
23209,12/08/25 02:00:00,23.352,,,,,
23210,12/08/25 02:15:00,23.400,,,,,
23211,12/08/25 02:30:00,23.448,,,,,
23212,12/08/25 02:45:00,23.472,,,,,
23213,12/08/25 03:00:00,23.521,,,,,
23214,12/08/25 03:15:00,23.545,,,,,
23215,12/08/25 03:30:00,23.593,,,,,
23216,12/08/25 03:45:00,23.617,,,,,
23217,12/08/25 04:00:00,23.665,,,,,
23218,12/08/25 04:15:00,23.689,,,,,
23219,12/08/25 04:30:00,23.737,,,,,
23220,12/08/25 04:45:00,23.761,,,,,
23221,12/08/25 05:00:00,23.785,,,,,
23222,12/08/25 05:15:00,23.809,,,,,
23223,12/08/25 05:30:00,23.785,,,,,
23224,12/08/25 05:45:00,23.737,,,,,
23225,12/08/25 06:00:00,23.713,,,,,
23226,12/08/25 06:15:00,23.280,,,,,
23227,12/08/25 06:30:00,22.633,,,,,
23228,12/08/25 06:45:00,22.202,,,,,
23229,12/08/25 07:00:00,22.106,,,,,
23230,12/08/25 07:15:00,22.082,,,,,
23231,12/08/25 07:30:00,22.082,,,,,
23232,12/08/25 07:45:00,22.154,,,,,
23233,12/08/25 08:00:00,22.250,,,,,
23234,12/08/25 08:15:00,22.274,,,,,
23235,12/08/25 08:30:00,22.274,,,,,
23236,12/08/25 08:45:00,22.321,,,,,
23237,12/08/25 09:00:00,22.321,,,,,
23238,12/08/25 09:15:00,22.321,,,,,
23239,12/08/25 09:30:00,22.369,,,,,
23240,12/08/25 09:45:00,22.441,,,,,
23241,12/08/25 10:00:00,22.585,,,,,
23242,12/08/25 10:15:00,22.657,,,,,
23243,12/08/25 10:30:00,22.729,,,,,
23244,12/08/25 10:45:00,22.776,,,,,
23245,12/08/25 11:00:00,22.800,,,,,
23246,12/08/25 11:15:00,22.896,,,,,
23247,12/08/25 11:30:00,22.872,,,,,
23248,12/08/25 11:45:00,22.729,,,,,
23249,12/08/25 12:00:00,22.585,,,,,
23250,12/08/25 12:15:00,22.465,,,,,
23251,12/08/25 12:30:00,22.393,,,,,
23252,12/08/25 12:45:00,22.393,,,,,
23253,12/08/25 13:00:00,22.393,,,,,
23254,12/08/25 13:15:00,22.393,,,,,
23255,12/08/25 13:30:00,22.393,,,,,
23256,12/08/25 13:45:00,22.393,,,,,
23257,12/08/25 14:00:00,22.393,,,,,
23258,12/08/25 14:15:00,22.417,,,,,
23259,12/08/25 14:30:00,22.417,,,,,
23260,12/08/25 14:45:00,22.417,,,,,
23261,12/08/25 15:00:00,22.417,,,,,
23262,12/08/25 15:15:00,22.417,,,,,
23263,12/08/25 15:30:00,22.393,,,,,
23264,12/08/25 15:45:00,22.369,,,,,
23265,12/08/25 16:00:00,22.321,,,,,
23266,12/08/25 16:15:00,22.321,,,,,
23267,12/08/25 16:30:00,22.321,,,,,
23268,12/08/25 16:45:00,22.321,,,,,
23269,12/08/25 17:00:00,22.250,,,,,
23270,12/08/25 17:15:00,22.130,,,,,
23271,12/08/25 17:30:00,22.202,,,,,
23272,12/08/25 17:45:00,22.298,,,,,
23273,12/08/25 18:00:00,22.345,,,,,
23274,12/08/25 18:15:00,22.393,,,,,
23275,12/08/25 18:30:00,22.417,,,,,
23276,12/08/25 18:45:00,22.417,,,,,
23277,12/08/25 19:00:00,22.393,,,,,
23278,12/08/25 19:15:00,22.345,,,,,
23279,12/08/25 19:30:00,22.274,,,,,
23280,12/08/25 19:45:00,22.202,,,,,
23281,12/08/25 20:00:00,22.154,,,,,
23282,12/08/25 20:15:00,22.106,,,,,
23283,12/08/25 20:30:00,22.058,,,,,
23284,12/08/25 20:45:00,22.011,,,,,
23285,12/08/25 21:00:00,21.987,,,,,
23286,12/08/25 21:15:00,21.987,,,,,
23287,12/08/25 21:30:00,21.963,,,,,
23288,12/08/25 21:45:00,21.939,,,,,
23289,12/08/25 22:00:00,22.082,,,,,
23290,12/08/25 22:15:00,22.250,,,,,
23291,12/08/25 22:30:00,22.393,,,,,
23292,12/08/25 22:45:00,22.537,,,,,
23293,12/08/25 23:00:00,22.633,,,,,
23294,12/08/25 23:15:00,22.705,,,,,
23295,12/08/25 23:30:00,22.776,,,,,
23296,12/08/25 23:45:00,22.824,,,,,
23297,12/09/25 00:00:00,22.896,,,,,
23298,12/09/25 00:15:00,22.944,,,,,
23299,12/09/25 00:30:00,23.016,,,,,
23300,12/09/25 00:45:00,23.088,,,,,
23301,12/09/25 01:00:00,23.160,,,,,
23302,12/09/25 01:15:00,23.208,,,,,
23303,12/09/25 01:30:00,23.256,,,,,
23304,12/09/25 01:45:00,23.328,,,,,
23305,12/09/25 02:00:00,23.376,,,,,
23306,12/09/25 02:15:00,23.424,,,,,
23307,12/09/25 02:30:00,23.472,,,,,
23308,12/09/25 02:45:00,23.497,,,,,
23309,12/09/25 03:00:00,23.545,,,,,
23310,12/09/25 03:15:00,23.593,,,,,
23311,12/09/25 03:30:00,23.617,,,,,
23312,12/09/25 03:45:00,23.641,,,,,
23313,12/09/25 04:00:00,23.689,,,,,
23314,12/09/25 04:15:00,23.713,,,,,
23315,12/09/25 04:30:00,23.737,,,,,
23316,12/09/25 04:45:00,23.761,,,,,
23317,12/09/25 05:00:00,23.809,,,,,
23318,12/09/25 05:15:00,23.809,,,,,
23319,12/09/25 05:30:00,23.761,,,,,
23320,12/09/25 05:45:00,23.713,,,,,
23321,12/09/25 06:00:00,23.665,,,,,
23322,12/09/25 06:15:00,23.328,,,,,
23323,12/09/25 06:30:00,22.776,,,,,
23324,12/09/25 06:45:00,22.345,,,,,
23325,12/09/25 07:00:00,22.250,,,,,
23326,12/09/25 07:15:00,22.202,,,,,
23327,12/09/25 07:30:00,22.154,,,,,
23328,12/09/25 07:45:00,22.130,,,,,
23329,12/09/25 08:00:00,22.082,,,,,
23330,12/09/25 08:15:00,22.058,,,,,
23331,12/09/25 08:30:00,22.058,,,,,
23332,12/09/25 08:45:00,22.250,,,,,
23333,12/09/25 09:00:00,22.369,,,,,
23334,12/09/25 09:15:00,22.298,,,,,
23335,12/09/25 09:30:00,22.202,,,,,
23336,12/09/25 09:45:00,22.298,,,,,
23337,12/09/25 10:00:00,22.393,,,,,
23338,12/09/25 10:15:00,22.226,,,,,
23339,12/09/25 10:30:00,22.130,,,,,
23340,12/09/25 10:45:00,22.106,,,,,
23341,12/09/25 11:00:00,22.082,,,,,
23342,12/09/25 11:15:00,22.058,,,,,
23343,12/09/25 11:30:00,22.082,,,,,
23344,12/09/25 11:45:00,22.058,,,,,
23345,12/09/25 12:00:00,22.154,,,,,
23346,12/09/25 12:15:00,22.417,,,,,
23347,12/09/25 12:30:00,22.489,,,,,
23348,12/09/25 12:45:00,22.393,,,,,
23349,12/09/25 13:00:00,22.298,,,,,
23350,12/09/25 13:15:00,22.250,,,,,
23351,12/09/25 13:30:00,22.202,,,,,
23352,12/09/25 13:45:00,22.178,,,,,
23353,12/09/25 14:00:00,22.250,,,,,
23354,12/09/25 14:15:00,22.321,,,,,
23355,12/09/25 14:30:00,22.417,,,,,
23356,12/09/25 14:45:00,22.393,,,,,
23357,12/09/25 15:00:00,22.202,,,,,
23358,12/09/25 15:15:00,22.058,,,,,
23359,12/09/25 15:30:00,21.963,,,,,
23360,12/09/25 15:45:00,21.963,,,,,
23361,12/09/25 16:00:00,21.939,,,,,
23362,12/09/25 16:15:00,21.939,,,,,
23363,12/09/25 16:30:00,21.939,,,,,
23364,12/09/25 16:45:00,21.915,,,,,
23365,12/09/25 17:00:00,22.058,,,,,
23366,12/09/25 17:15:00,22.226,,,,,
23367,12/09/25 17:30:00,22.250,,,,,
23368,12/09/25 17:45:00,22.106,,,,,
23369,12/09/25 18:00:00,22.106,,,,,
23370,12/09/25 18:15:00,22.130,,,,,
23371,12/09/25 18:30:00,22.130,,,,,
23372,12/09/25 18:45:00,22.130,,,,,
23373,12/09/25 19:00:00,22.106,,,,,
23374,12/09/25 19:15:00,22.154,,,,,
23375,12/09/25 19:30:00,22.321,,,,,
23376,12/09/25 19:45:00,22.250,,,,,
23377,12/09/25 20:00:00,22.034,,,,,
23378,12/09/25 20:15:00,21.915,,,,,
23379,12/09/25 20:30:00,22.082,,,,,
23380,12/09/25 20:45:00,22.178,,,,,
23381,12/09/25 21:00:00,22.130,,,,,
23382,12/09/25 21:15:00,22.106,,,,,
23383,12/09/25 21:30:00,22.226,,,,,
23384,12/09/25 21:45:00,22.321,,,,,
23385,12/09/25 22:00:00,22.130,,,,,
23386,12/09/25 22:15:00,22.202,,,,,
23387,12/09/25 22:30:00,22.321,,,,,
23388,12/09/25 22:45:00,22.441,,,,,
23389,12/09/25 23:00:00,22.513,,,,,
23390,12/09/25 23:15:00,22.585,,,,,
23391,12/09/25 23:30:00,22.633,,,,,
23392,12/09/25 23:45:00,22.681,,,,,
23393,12/10/25 00:00:00,22.729,,,,,
23394,12/10/25 00:15:00,22.776,,,,,
23395,12/10/25 00:30:00,22.848,,,,,
23396,12/10/25 00:45:00,22.896,,,,,
23397,12/10/25 01:00:00,22.968,,,,,
23398,12/10/25 01:15:00,23.016,,,,,
23399,12/10/25 01:30:00,23.064,,,,,
23400,12/10/25 01:45:00,23.112,,,,,
23401,12/10/25 02:00:00,23.160,,,,,
23402,12/10/25 02:15:00,23.208,,,,,
23403,12/10/25 02:30:00,23.256,,,,,
23404,12/10/25 02:45:00,23.280,,,,,
23405,12/10/25 03:00:00,23.328,,,,,
23406,12/10/25 03:15:00,23.376,,,,,
23407,12/10/25 03:30:00,23.400,,,,,
23408,12/10/25 03:45:00,23.424,,,,,
23409,12/10/25 04:00:00,23.472,,,,,
23410,12/10/25 04:15:00,23.497,,,,,
23411,12/10/25 04:30:00,23.521,,,,,
23412,12/10/25 04:45:00,23.545,,,,,
23413,12/10/25 05:00:00,23.593,,,,,
23414,12/10/25 05:15:00,23.617,,,,,
23415,12/10/25 05:30:00,23.593,,,,,
23416,12/10/25 05:45:00,23.545,,,,,
23417,12/10/25 06:00:00,23.497,,,,,
23418,12/10/25 06:15:00,23.136,,,,,
23419,12/10/25 06:30:00,22.609,,,,,
23420,12/10/25 06:45:00,22.441,,,,,
23421,12/10/25 07:00:00,22.321,,,,,
23422,12/10/25 07:15:00,22.369,,,,,
23423,12/10/25 07:30:00,22.513,,,,,
23424,12/10/25 07:45:00,22.441,,,,,
23425,12/10/25 08:00:00,22.465,,,,,
23426,12/10/25 08:15:00,22.633,,,,,
23427,12/10/25 08:30:00,22.489,,,,,
23428,12/10/25 08:45:00,22.345,,,,,
23429,12/10/25 09:00:00,22.274,,,,,
23430,12/10/25 09:15:00,22.321,,,,,
23431,12/10/25 09:30:00,22.561,,,,,
23432,12/10/25 09:45:00,22.561,,,,,
23433,12/10/25 10:00:00,22.513,,,,,
23434,12/10/25 10:15:00,22.441,,,,,
23435,12/10/25 10:30:00,22.537,,,,,
23436,12/10/25 10:45:00,22.609,,,,,
23437,12/10/25 11:00:00,22.465,,,,,
23438,12/10/25 11:15:00,22.345,,,,,
23439,12/10/25 11:30:00,22.250,,,,,
23440,12/10/25 11:45:00,22.178,,,,,
23441,12/10/25 12:00:00,22.130,,,,,
23442,12/10/25 12:15:00,22.106,,,,,
23443,12/10/25 12:30:00,22.082,,,,,
23444,12/10/25 12:45:00,22.058,,,,,
23445,12/10/25 13:00:00,22.011,,,,,
23446,12/10/25 13:15:00,21.963,,,,,
23447,12/10/25 13:30:00,21.963,,,,,
23448,12/10/25 13:45:00,21.939,,,,,
23449,12/10/25 14:00:00,21.915,,,,,
23450,12/10/25 14:15:00,21.939,,,,,
23451,12/10/25 14:30:00,22.058,,,,,
23452,12/10/25 14:45:00,22.130,,,,,
23453,12/10/25 15:00:00,22.202,,,,,
23454,12/10/25 15:15:00,22.250,,,,,
23455,12/10/25 15:30:00,22.274,,,,,
23456,12/10/25 15:45:00,22.274,,,,,
23457,12/10/25 16:00:00,22.250,,,,,
23458,12/10/25 16:15:00,22.011,,,,,
23459,12/10/25 16:30:00,21.819,,,,,
23460,12/10/25 16:45:00,21.939,,,,,
23461,12/10/25 17:00:00,22.058,,,,,
23462,12/10/25 17:15:00,22.058,,,,,
23463,12/10/25 17:30:00,21.963,,,,,
23464,12/10/25 17:45:00,21.843,,,,,
23465,12/10/25 18:00:00,21.915,,,,,
23466,12/10/25 18:15:00,22.106,,,,,
23467,12/10/25 18:30:00,22.202,,,,,
23468,12/10/25 18:45:00,22.130,,,,,
23469,12/10/25 19:00:00,22.058,,,,,
23470,12/10/25 19:15:00,22.202,,,,,
23471,12/10/25 19:30:00,22.345,,,,,
23472,12/10/25 19:45:00,22.393,,,,,
23473,12/10/25 20:00:00,22.154,,,,,
23474,12/10/25 20:15:00,22.154,,,,,
23475,12/10/25 20:30:00,22.298,,,,,
23476,12/10/25 20:45:00,22.417,,,,,
23477,12/10/25 21:00:00,22.513,,,,,
23478,12/10/25 21:15:00,22.298,,,,,
23479,12/10/25 21:30:00,22.154,,,,,
23480,12/10/25 21:45:00,22.321,,,,,
23481,12/10/25 22:00:00,22.441,,,,,
23482,12/10/25 22:15:00,22.537,,,,,
23483,12/10/25 22:30:00,22.633,,,,,
23484,12/10/25 22:45:00,22.729,,,,,
23485,12/10/25 23:00:00,22.800,,,,,
23486,12/10/25 23:15:00,22.848,,,,,
23487,12/10/25 23:30:00,22.872,,,,,
23488,12/10/25 23:45:00,22.920,,,,,
23489,12/11/25 00:00:00,22.944,,,,,
23490,12/11/25 00:15:00,22.992,,,,,
23491,12/11/25 00:30:00,23.016,,,,,
23492,12/11/25 00:45:00,23.064,,,,,
23493,12/11/25 01:00:00,23.112,,,,,
23494,12/11/25 01:15:00,23.160,,,,,
23495,12/11/25 01:30:00,23.184,,,,,
23496,12/11/25 01:45:00,23.232,,,,,
23497,12/11/25 02:00:00,23.280,,,,,
23498,12/11/25 02:15:00,23.304,,,,,
23499,12/11/25 02:30:00,23.352,,,,,
23500,12/11/25 02:45:00,23.376,,,,,
23501,12/11/25 03:00:00,23.400,,,,,
23502,12/11/25 03:15:00,23.448,,,,,
23503,12/11/25 03:30:00,23.472,,,,,
23504,12/11/25 03:45:00,23.497,,,,,
23505,12/11/25 04:00:00,23.521,,,,,
23506,12/11/25 04:15:00,23.545,,,,,
23507,12/11/25 04:30:00,23.569,,,,,
23508,12/11/25 04:45:00,23.593,,,,,
23509,12/11/25 05:00:00,23.617,,,,,
23510,12/11/25 05:15:00,23.617,,,,,
23511,12/11/25 05:30:00,23.641,,,,,
23512,12/11/25 05:45:00,23.593,,,,,
23513,12/11/25 06:00:00,23.521,,,,,
23514,12/11/25 06:15:00,23.064,,,,,
23515,12/11/25 06:30:00,22.657,,,,,
23516,12/11/25 06:45:00,22.513,,,,,
23517,12/11/25 07:00:00,22.705,,,,,
23518,12/11/25 07:15:00,22.824,,,,,
23519,12/11/25 07:30:00,22.705,,,,,
23520,12/11/25 07:45:00,22.465,,,,,
23521,12/11/25 08:00:00,22.441,,,,,
23522,12/11/25 08:15:00,22.705,,,,,
23523,12/11/25 08:30:00,22.776,,,,,
23524,12/11/25 08:45:00,22.585,,,,,
23525,12/11/25 09:00:00,22.465,,,,,
23526,12/11/25 09:15:00,22.393,,,,,
23527,12/11/25 09:30:00,22.321,,,,,
23528,12/11/25 09:45:00,22.298,,,,,
23529,12/11/25 10:00:00,22.274,,,,,
23530,12/11/25 10:15:00,22.298,,,,,
23531,12/11/25 10:30:00,22.561,,,,,
23532,12/11/25 10:45:00,22.585,,,,,
23533,12/11/25 11:00:00,22.681,,,,,
23534,12/11/25 11:15:00,22.633,,,,,
23535,12/11/25 11:30:00,22.465,,,,,
23536,12/11/25 11:45:00,22.513,,,,,
23537,12/11/25 12:00:00,22.537,,,,,
23538,12/11/25 12:15:00,22.537,,,,,
23539,12/11/25 12:30:00,22.513,,,,,
23540,12/11/25 12:45:00,22.489,,,,,
23541,12/11/25 13:00:00,22.441,,,,,
23542,12/11/25 13:15:00,22.298,,,,,
23543,12/11/25 13:30:00,22.250,,,,,
23544,12/11/25 13:45:00,22.202,,,,,
23545,12/11/25 14:00:00,22.202,,,,,
23546,12/11/25 14:15:00,22.202,,,,,
23547,12/11/25 14:30:00,22.202,,,,,
23548,12/11/25 14:45:00,22.202,,,,,
23549,12/11/25 15:00:00,22.226,,,,,
23550,12/11/25 15:15:00,22.226,,,,,
23551,12/11/25 15:30:00,21.963,,,,,
23552,12/11/25 15:45:00,21.748,,,,,
23553,12/11/25 16:00:00,21.676,,,,,
23554,12/11/25 16:15:00,21.843,,,,,
23555,12/11/25 16:30:00,21.939,,,,,
23556,12/11/25 16:45:00,21.987,,,,,
23557,12/11/25 17:00:00,21.939,,,,,
23558,12/11/25 17:15:00,21.700,,,,,
23559,12/11/25 17:30:00,21.724,,,,,
23560,12/11/25 17:45:00,21.772,,,,,
23561,12/11/25 18:00:00,21.772,,,,,
23562,12/11/25 18:15:00,21.795,,,,,
23563,12/11/25 18:30:00,21.819,,,,,
23564,12/11/25 18:45:00,21.843,,,,,
23565,12/11/25 19:00:00,21.843,,,,,
23566,12/11/25 19:15:00,21.843,,,,,
23567,12/11/25 19:30:00,21.819,,,,,
23568,12/11/25 19:45:00,21.795,,,,,
23569,12/11/25 20:00:00,21.795,,,,,
23570,12/11/25 20:15:00,21.795,,,,,
23571,12/11/25 20:30:00,21.772,,,,,
23572,12/11/25 20:45:00,21.963,,,,,
23573,12/11/25 21:00:00,22.034,,,,,
23574,12/11/25 21:15:00,21.843,,,,,
23575,12/11/25 21:30:00,21.748,,,,,
23576,12/11/25 21:45:00,21.652,,,,,
23577,12/11/25 22:00:00,21.676,,,,,
23578,12/11/25 22:15:00,21.867,,,,,
23579,12/11/25 22:30:00,22.034,,,,,
23580,12/11/25 22:45:00,22.130,,,,,
23581,12/11/25 23:00:00,22.202,,,,,
23582,12/11/25 23:15:00,22.274,,,,,
23583,12/11/25 23:30:00,22.321,,,,,
23584,12/11/25 23:45:00,22.369,,,,,
23585,12/12/25 00:00:00,22.417,,,,,
23586,12/12/25 00:15:00,22.465,,,,,
23587,12/12/25 00:30:00,22.513,,,,,
23588,12/12/25 00:45:00,22.585,,,,,
23589,12/12/25 01:00:00,22.657,,,,,
23590,12/12/25 01:15:00,22.705,,,,,
23591,12/12/25 01:30:00,22.753,,,,,
23592,12/12/25 01:45:00,22.824,,,,,
23593,12/12/25 02:00:00,22.872,,,,,
23594,12/12/25 02:15:00,22.920,,,,,
23595,12/12/25 02:30:00,22.968,,,,,
23596,12/12/25 02:45:00,23.016,,,,,
23597,12/12/25 03:00:00,23.064,,,,,
23598,12/12/25 03:15:00,23.112,,,,,
23599,12/12/25 03:30:00,23.160,,,,,
23600,12/12/25 03:45:00,23.184,,,,,
23601,12/12/25 04:00:00,23.232,,,,,
23602,12/12/25 04:15:00,23.280,,,,,
23603,12/12/25 04:30:00,23.304,,,,,
23604,12/12/25 04:45:00,23.352,,,,,
23605,12/12/25 05:00:00,23.376,,,,,
23606,12/12/25 05:15:00,23.400,,,,,
23607,12/12/25 05:30:00,23.400,,,,,
23608,12/12/25 05:45:00,23.352,,,,,
23609,12/12/25 06:00:00,23.328,,,,,
23610,12/12/25 06:15:00,23.016,,,,,
23611,12/12/25 06:30:00,22.489,,,,,
23612,12/12/25 06:45:00,22.226,,,,,
23613,12/12/25 07:00:00,22.202,,,,,
23614,12/12/25 07:15:00,22.178,,,,,
23615,12/12/25 07:30:00,22.154,,,,,
23616,12/12/25 07:45:00,22.154,,,,,
23617,12/12/25 08:00:00,22.154,,,,,
23618,12/12/25 08:15:00,22.154,,,,,
23619,12/12/25 08:30:00,22.178,,,,,
23620,12/12/25 08:45:00,22.178,,,,,
23621,12/12/25 09:00:00,22.202,,,,,
23622,12/12/25 09:15:00,22.154,,,,,
23623,12/12/25 09:30:00,22.130,,,,,
23624,12/12/25 09:45:00,22.082,,,,,
23625,12/12/25 10:00:00,22.082,,,,,
23626,12/12/25 10:15:00,22.082,,,,,
23627,12/12/25 10:30:00,22.106,,,,,
23628,12/12/25 10:45:00,22.130,,,,,
23629,12/12/25 11:00:00,22.154,,,,,
23630,12/12/25 11:15:00,22.178,,,,,
23631,12/12/25 11:30:00,22.178,,,,,
23632,12/12/25 11:45:00,22.202,,,,,
23633,12/12/25 12:00:00,22.202,,,,,
23634,12/12/25 12:15:00,22.202,,,,,
23635,12/12/25 12:30:00,22.058,,,,,
23636,12/12/25 12:45:00,21.772,,,,,
23637,12/12/25 13:00:00,21.891,,,,,
23638,12/12/25 13:15:00,21.987,,,,,
23639,12/12/25 13:30:00,22.633,,,,,
23640,12/12/25 13:45:00,22.657,,,,,
23641,12/12/25 14:00:00,22.585,,,,,
23642,12/12/25 14:15:00,22.369,,,,,
23643,12/12/25 14:30:00,22.274,,,,,
23644,12/12/25 14:45:00,22.585,,,,,
23645,12/12/25 15:00:00,22.705,,,,,
23646,12/12/25 15:15:00,22.465,,,,,
23647,12/12/25 15:30:00,22.369,,,,,
23648,12/12/25 15:45:00,22.633,,,,,
23649,12/12/25 16:00:00,22.753,,,,,
23650,12/12/25 16:15:00,22.513,,,,,
23651,12/12/25 16:30:00,22.513,,,,,
23652,12/12/25 16:45:00,22.705,,,,,
23653,12/12/25 17:00:00,22.705,,,,,
23654,12/12/25 17:15:00,22.633,,,,,
23655,12/12/25 17:30:00,22.800,,,,,
23656,12/12/25 17:45:00,22.896,,,,,
23657,12/12/25 18:00:00,22.920,,,,,
23658,12/12/25 18:15:00,22.800,,,,,
23659,12/12/25 18:30:00,22.657,,,,,
23660,12/12/25 18:45:00,22.537,,,,,
23661,12/12/25 19:00:00,22.465,,,,,
23662,12/12/25 19:15:00,22.393,,,,,
23663,12/12/25 19:30:00,22.321,,,,,
23664,12/12/25 19:45:00,22.274,,,,,
23665,12/12/25 20:00:00,22.274,,,,,
23666,12/12/25 20:15:00,22.250,,,,,
23667,12/12/25 20:30:00,22.226,,,,,
23668,12/12/25 20:45:00,22.202,,,,,
23669,12/12/25 21:00:00,22.202,,,,,
23670,12/12/25 21:15:00,22.226,,,,,
23671,12/12/25 21:30:00,22.441,,,,,
23672,12/12/25 21:45:00,22.800,,,,,
23673,12/12/25 22:00:00,22.681,,,,,
23674,12/12/25 22:15:00,22.896,,,,,
23675,12/12/25 22:30:00,23.112,,,,,
23676,12/12/25 22:45:00,23.256,,,,,
23677,12/12/25 23:00:00,23.376,,,,,
23678,12/12/25 23:15:00,23.448,,,,,
23679,12/12/25 23:30:00,23.497,,,,,
23680,12/12/25 23:45:00,23.545,,,,,
23681,12/13/25 00:00:00,23.593,,,,,
23682,12/13/25 00:15:00,23.641,,,,,
23683,12/13/25 00:30:00,23.689,,,,,
23684,12/13/25 00:45:00,23.737,,,,,
23685,12/13/25 01:00:00,23.785,,,,,
23686,12/13/25 01:15:00,23.881,,,,,
23687,12/13/25 01:30:00,23.954,,,,,
23688,12/13/25 01:45:00,24.002,,,,,
23689,12/13/25 02:00:00,24.074,,,,,
23690,12/13/25 02:15:00,24.122,,,,,
23691,12/13/25 02:30:00,24.146,,,,,
23692,12/13/25 02:45:00,24.195,,,,,
23693,12/13/25 03:00:00,24.219,,,,,
23694,12/13/25 03:15:00,24.267,,,,,
23695,12/13/25 03:30:00,24.291,,,,,
23696,12/13/25 03:45:00,24.315,,,,,
23697,12/13/25 04:00:00,24.339,,,,,
23698,12/13/25 04:15:00,24.363,,,,,
23699,12/13/25 04:30:00,24.388,,,,,
23700,12/13/25 04:45:00,24.436,,,,,
23701,12/13/25 05:00:00,24.460,,,,,
23702,12/13/25 05:15:00,24.412,,,,,
23703,12/13/25 05:30:00,24.291,,,,,
23704,12/13/25 05:45:00,24.171,,,,,
23705,12/13/25 06:00:00,24.098,,,,,
23706,12/13/25 06:15:00,23.665,,,,,
23707,12/13/25 06:30:00,22.800,,,,,
23708,12/13/25 06:45:00,22.226,,,,,
23709,12/13/25 07:00:00,22.321,,,,,
23710,12/13/25 07:15:00,22.441,,,,,
23711,12/13/25 07:30:00,22.657,,,,,
23712,12/13/25 07:45:00,23.304,,,,,
23713,12/13/25 08:00:00,23.833,,,,,
23714,12/13/25 08:15:00,23.833,,,,,
23715,12/13/25 08:30:00,23.448,,,,,
23716,12/13/25 08:45:00,23.376,,,,,
23717,12/13/25 09:00:00,23.761,,,,,
23718,12/13/25 09:15:00,23.930,,,,,
23719,12/13/25 09:30:00,23.641,,,,,
23720,12/13/25 09:45:00,23.448,,,,,
23721,12/13/25 10:00:00,23.208,,,,,
23722,12/13/25 10:15:00,23.064,,,,,
23723,12/13/25 10:30:00,22.992,,,,,
23724,12/13/25 10:45:00,23.040,,,,,
23725,12/13/25 11:00:00,23.448,,,,,
23726,12/13/25 11:15:00,23.497,,,,,
23727,12/13/25 11:30:00,23.400,,,,,
23728,12/13/25 11:45:00,23.280,,,,,
23729,12/13/25 12:00:00,23.208,,,,,
23730,12/13/25 12:15:00,23.208,,,,,
23731,12/13/25 12:30:00,23.256,,,,,
23732,12/13/25 12:45:00,23.208,,,,,
23733,12/13/25 13:00:00,23.184,,,,,
23734,12/13/25 13:15:00,23.184,,,,,
23735,12/13/25 13:30:00,23.160,,,,,
23736,12/13/25 13:45:00,23.136,,,,,
23737,12/13/25 14:00:00,23.088,,,,,
23738,12/13/25 14:15:00,23.112,,,,,
23739,12/13/25 14:30:00,23.112,,,,,
23740,12/13/25 14:45:00,23.112,,,,,
23741,12/13/25 15:00:00,23.112,,,,,
23742,12/13/25 15:15:00,23.088,,,,,
23743,12/13/25 15:30:00,23.112,,,,,
23744,12/13/25 15:45:00,23.064,,,,,
23745,12/13/25 16:00:00,22.992,,,,,
23746,12/13/25 16:15:00,22.896,,,,,
23747,12/13/25 16:30:00,22.824,,,,,
23748,12/13/25 16:45:00,22.753,,,,,
23749,12/13/25 17:00:00,22.681,,,,,
23750,12/13/25 17:15:00,22.585,,,,,
23751,12/13/25 17:30:00,22.537,,,,,
23752,12/13/25 17:45:00,22.609,,,,,
23753,12/13/25 18:00:00,22.968,,,,,
23754,12/13/25 18:15:00,22.968,,,,,
23755,12/13/25 18:30:00,22.753,,,,,
23756,12/13/25 18:45:00,22.633,,,,,
23757,12/13/25 19:00:00,22.561,,,,,
23758,12/13/25 19:15:00,22.729,,,,,
23759,12/13/25 19:30:00,23.064,,,,,
23760,12/13/25 19:45:00,22.968,,,,,
23761,12/13/25 20:00:00,22.681,,,,,
23762,12/13/25 20:15:00,22.824,,,,,
23763,12/13/25 20:30:00,23.088,,,,,
23764,12/13/25 20:45:00,22.920,,,,,
23765,12/13/25 21:00:00,22.657,,,,,
23766,12/13/25 21:15:00,22.848,,,,,
23767,12/13/25 21:30:00,23.112,,,,,
23768,12/13/25 21:45:00,22.920,,,,,
23769,12/13/25 22:00:00,22.657,,,,,
23770,12/13/25 22:15:00,22.848,,,,,
23771,12/13/25 22:30:00,23.136,,,,,
23772,12/13/25 22:45:00,23.328,,,,,
23773,12/13/25 23:00:00,23.424,,,,,
23774,12/13/25 23:15:00,23.497,,,,,
23775,12/13/25 23:30:00,23.545,,,,,
23776,12/13/25 23:45:00,23.593,,,,,
23777,12/14/25 00:00:00,23.617,,,,,
23778,12/14/25 00:15:00,23.665,,,,,
23779,12/14/25 00:30:00,23.737,,,,,
23780,12/14/25 00:45:00,23.809,,,,,
23781,12/14/25 01:00:00,23.857,,,,,
23782,12/14/25 01:15:00,23.930,,,,,
23783,12/14/25 01:30:00,23.954,,,,,
23784,12/14/25 01:45:00,24.002,,,,,
23785,12/14/25 02:00:00,24.050,,,,,
23786,12/14/25 02:15:00,24.074,,,,,
23787,12/14/25 02:30:00,24.122,,,,,
23788,12/14/25 02:45:00,24.146,,,,,
23789,12/14/25 03:00:00,24.171,,,,,
23790,12/14/25 03:15:00,24.195,,,,,
23791,12/14/25 03:30:00,24.219,,,,,
23792,12/14/25 03:45:00,24.243,,,,,
23793,12/14/25 04:00:00,24.267,,,,,
23794,12/14/25 04:15:00,24.291,,,,,
23795,12/14/25 04:30:00,24.315,,,,,
23796,12/14/25 04:45:00,24.339,,,,,
23797,12/14/25 05:00:00,24.339,,,,,
23798,12/14/25 05:15:00,24.339,,,,,
23799,12/14/25 05:30:00,24.219,,,,,
23800,12/14/25 05:45:00,24.074,,,,,
23801,12/14/25 06:00:00,23.978,,,,,
23802,12/14/25 06:15:00,23.497,,,,,
23803,12/14/25 06:30:00,22.561,,,,,
23804,12/14/25 06:45:00,22.369,,,,,
23805,12/14/25 07:00:00,22.417,,,,,
23806,12/14/25 07:15:00,22.393,,,,,
23807,12/14/25 07:30:00,22.561,,,,,
23808,12/14/25 07:45:00,23.112,,,,,
23809,12/14/25 08:00:00,23.545,,,,,
23810,12/14/25 08:15:00,23.905,,,,,
23811,12/14/25 08:30:00,23.978,,,,,
23812,12/14/25 08:45:00,23.833,,,,,
23813,12/14/25 09:00:00,23.665,,,,,
23814,12/14/25 09:15:00,23.761,,,,,
23815,12/14/25 09:30:00,23.593,,,,,
23816,12/14/25 09:45:00,23.521,,,,,
23817,12/14/25 10:00:00,23.448,,,,,
23818,12/14/25 10:15:00,23.424,,,,,
23819,12/14/25 10:30:00,23.328,,,,,
23820,12/14/25 10:45:00,23.280,,,,,
23821,12/14/25 11:00:00,23.232,,,,,
23822,12/14/25 11:15:00,23.184,,,,,
23823,12/14/25 11:30:00,23.208,,,,,
23824,12/14/25 11:45:00,23.184,,,,,
23825,12/14/25 12:00:00,23.184,,,,,
23826,12/14/25 12:15:00,23.184,,,,,
23827,12/14/25 12:30:00,23.160,,,,,
23828,12/14/25 12:45:00,23.160,,,,,
23829,12/14/25 13:00:00,23.136,,,,,
23830,12/14/25 13:15:00,23.184,,,,,
23831,12/14/25 13:30:00,23.208,,,,,
23832,12/14/25 13:45:00,23.208,,,,,
23833,12/14/25 14:00:00,22.705,,,,,
23834,12/14/25 14:15:00,22.729,,,,,
23835,12/14/25 14:30:00,22.920,,,,,
23836,12/14/25 14:45:00,22.944,,,,,
23837,12/14/25 15:00:00,22.465,,,,,
23838,12/14/25 15:15:00,22.585,,,,,
23839,12/14/25 15:30:00,22.776,,,,,
23840,12/14/25 15:45:00,22.872,,,,,
23841,12/14/25 16:00:00,22.824,,,,,
23842,12/14/25 16:15:00,22.561,,,,,
23843,12/14/25 16:30:00,22.705,,,,,
23844,12/14/25 16:45:00,22.800,,,,,
23845,12/14/25 17:00:00,22.824,,,,,
23846,12/14/25 17:15:00,22.848,,,,,
23847,12/14/25 17:30:00,22.824,,,,,
23848,12/14/25 17:45:00,22.776,,,,,
23849,12/14/25 18:00:00,22.705,,,,,
23850,12/14/25 18:15:00,22.657,,,,,
23851,12/14/25 18:30:00,22.585,,,,,
23852,12/14/25 18:45:00,22.513,,,,,
23853,12/14/25 19:00:00,22.465,,,,,
23854,12/14/25 19:15:00,22.561,,,,,
23855,12/14/25 19:30:00,22.920,,,,,
23856,12/14/25 19:45:00,22.848,,,,,
23857,12/14/25 20:00:00,22.681,,,,,
23858,12/14/25 20:15:00,22.561,,,,,
23859,12/14/25 20:30:00,22.633,,,,,
23860,12/14/25 20:45:00,22.968,,,,,
23861,12/14/25 21:00:00,22.920,,,,,
23862,12/14/25 21:15:00,22.609,,,,,
23863,12/14/25 21:30:00,22.753,,,,,
23864,12/14/25 21:45:00,23.040,,,,,
23865,12/14/25 22:00:00,22.824,,,,,
23866,12/14/25 22:15:00,22.944,,,,,
23867,12/14/25 22:30:00,23.184,,,,,
23868,12/14/25 22:45:00,23.328,,,,,
23869,12/14/25 23:00:00,23.424,,,,,
23870,12/14/25 23:15:00,23.497,,,,,
23871,12/14/25 23:30:00,23.545,,,,,
23872,12/14/25 23:45:00,23.593,,,,,
23873,12/15/25 00:00:00,23.617,,,,,
23874,12/15/25 00:15:00,23.665,,,,,
23875,12/15/25 00:30:00,23.737,,,,,
23876,12/15/25 00:45:00,23.809,,,,,
23877,12/15/25 01:00:00,23.857,,,,,
23878,12/15/25 01:15:00,23.905,,,,,
23879,12/15/25 01:30:00,23.954,,,,,
23880,12/15/25 01:45:00,24.002,,,,,
23881,12/15/25 02:00:00,24.050,,,,,
23882,12/15/25 02:15:00,24.074,,,,,
23883,12/15/25 02:30:00,24.098,,,,,
23884,12/15/25 02:45:00,24.122,,,,,
23885,12/15/25 03:00:00,24.146,,,,,
23886,12/15/25 03:15:00,24.171,,,,,
23887,12/15/25 03:30:00,24.195,,,,,
23888,12/15/25 03:45:00,24.219,,,,,
23889,12/15/25 04:00:00,24.243,,,,,
23890,12/15/25 04:15:00,24.267,,,,,
23891,12/15/25 04:30:00,24.267,,,,,
23892,12/15/25 04:45:00,24.291,,,,,
23893,12/15/25 05:00:00,24.291,,,,,
23894,12/15/25 05:15:00,24.267,,,,,
23895,12/15/25 05:30:00,24.122,,,,,
23896,12/15/25 05:45:00,23.978,,,,,
23897,12/15/25 06:00:00,23.905,,,,,
23898,12/15/25 06:15:00,23.352,,,,,
23899,12/15/25 06:30:00,22.393,,,,,
23900,12/15/25 06:45:00,22.106,,,,,
23901,12/15/25 07:00:00,22.178,,,,,
23902,12/15/25 07:15:00,22.250,,,,,
23903,12/15/25 07:30:00,22.657,,,,,
23904,12/15/25 07:45:00,23.064,,,,,
23905,12/15/25 08:00:00,23.376,,,,,
23906,12/15/25 08:15:00,23.665,,,,,
23907,12/15/25 08:30:00,23.521,,,,,
23908,12/15/25 08:45:00,23.954,,,,,
23909,12/15/25 09:00:00,23.978,,,,,
23910,12/15/25 09:15:00,23.930,,,,,
23911,12/15/25 09:30:00,23.713,,,,,
23912,12/15/25 09:45:00,23.497,,,,,
23913,12/15/25 10:00:00,23.569,,,,,
23914,12/15/25 10:15:00,23.857,,,,,
23915,12/15/25 10:30:00,23.761,,,,,
23916,12/15/25 10:45:00,23.472,,,,,
23917,12/15/25 11:00:00,23.304,,,,,
23918,12/15/25 11:15:00,23.208,,,,,
23919,12/15/25 11:30:00,23.112,,,,,
23920,12/15/25 11:45:00,23.088,,,,,
23921,12/15/25 12:00:00,23.088,,,,,
23922,12/15/25 12:15:00,23.088,,,,,
23923,12/15/25 12:30:00,23.064,,,,,
23924,12/15/25 12:45:00,23.088,,,,,
23925,12/15/25 13:00:00,23.136,,,,,
23926,12/15/25 13:15:00,23.112,,,,,
23927,12/15/25 13:30:00,23.088,,,,,
23928,12/15/25 13:45:00,23.088,,,,,
23929,12/15/25 14:00:00,23.064,,,,,
23930,12/15/25 14:15:00,23.040,,,,,
23931,12/15/25 14:30:00,22.968,,,,,
23932,12/15/25 14:45:00,22.944,,,,,
23933,12/15/25 15:00:00,22.968,,,,,
23934,12/15/25 15:15:00,22.920,,,,,
23935,12/15/25 15:30:00,22.896,,,,,
23936,12/15/25 15:45:00,22.896,,,,,
23937,12/15/25 16:00:00,22.920,,,,,
23938,12/15/25 16:15:00,22.944,,,,,
23939,12/15/25 16:30:00,22.968,,,,,
23940,12/15/25 16:45:00,22.992,,,,,
23941,12/15/25 17:00:00,22.992,,,,,
23942,12/15/25 17:15:00,22.968,,,,,
23943,12/15/25 17:30:00,22.944,,,,,
23944,12/15/25 17:45:00,22.872,,,,,
23945,12/15/25 18:00:00,22.729,,,,,
23946,12/15/25 18:15:00,22.633,,,,,
23947,12/15/25 18:30:00,22.561,,,,,
23948,12/15/25 18:45:00,22.465,,,,,
23949,12/15/25 19:00:00,22.417,,,,,
23950,12/15/25 19:15:00,22.729,,,,,
23951,12/15/25 19:30:00,22.992,,,,,
23952,12/15/25 19:45:00,22.776,,,,,
23953,12/15/25 20:00:00,22.585,,,,,
23954,12/15/25 20:15:00,22.489,,,,,
23955,12/15/25 20:30:00,22.489,,,,,
23956,12/15/25 20:45:00,22.920,,,,,
23957,12/15/25 21:00:00,23.040,,,,,
23958,12/15/25 21:15:00,22.681,,,,,
23959,12/15/25 21:30:00,22.705,,,,,
23960,12/15/25 21:45:00,23.040,,,,,
23961,12/15/25 22:00:00,22.920,,,,,
23962,12/15/25 22:15:00,23.040,,,,,
23963,12/15/25 22:30:00,23.280,,,,,
23964,12/15/25 22:45:00,23.400,,,,,
23965,12/15/25 23:00:00,23.497,,,,,
23966,12/15/25 23:15:00,23.545,,,,,
23967,12/15/25 23:30:00,23.593,,,,,
23968,12/15/25 23:45:00,23.641,,,,,
23969,12/16/25 00:00:00,23.665,,,,,
23970,12/16/25 00:15:00,23.713,,,,,
23971,12/16/25 00:30:00,23.785,,,,,
23972,12/16/25 00:45:00,23.833,,,,,
23973,12/16/25 01:00:00,23.881,,,,,
23974,12/16/25 01:15:00,23.930,,,,,
23975,12/16/25 01:30:00,23.978,,,,,
23976,12/16/25 01:45:00,24.026,,,,,
23977,12/16/25 02:00:00,24.074,,,,,
23978,12/16/25 02:15:00,24.098,,,,,
23979,12/16/25 02:30:00,24.122,,,,,
23980,12/16/25 02:45:00,24.146,,,,,
23981,12/16/25 03:00:00,24.171,,,,,
23982,12/16/25 03:15:00,24.195,,,,,
23983,12/16/25 03:30:00,24.219,,,,,
23984,12/16/25 03:45:00,24.219,,,,,
23985,12/16/25 04:00:00,24.243,,,,,
23986,12/16/25 04:15:00,24.267,,,,,
23987,12/16/25 04:30:00,24.267,,,,,
23988,12/16/25 04:45:00,24.291,,,,,
23989,12/16/25 05:00:00,24.291,,,,,
23990,12/16/25 05:15:00,24.267,,,,,
23991,12/16/25 05:30:00,24.122,,,,,
23992,12/16/25 05:45:00,24.002,,,,,
23993,12/16/25 06:00:00,23.905,,,,,
23994,12/16/25 06:15:00,23.352,,,,,
23995,12/16/25 06:30:00,22.441,,,,,
23996,12/16/25 06:45:00,22.226,,,,,
23997,12/16/25 07:00:00,22.321,,,,,
23998,12/16/25 07:15:00,22.393,,,,,
23999,12/16/25 07:30:00,22.920,,,,,
24000,12/16/25 07:45:00,23.761,,,,,
24001,12/16/25 08:00:00,24.026,,,,,
24002,12/16/25 08:15:00,24.171,,,,,
24003,12/16/25 08:30:00,23.761,,,,,
24004,12/16/25 08:45:00,24.074,,,,,
24005,12/16/25 09:00:00,23.978,,,,,
24006,12/16/25 09:15:00,23.737,,,,,
24007,12/16/25 09:30:00,23.521,,,,,
24008,12/16/25 09:45:00,23.497,,,,,
24009,12/16/25 10:00:00,23.400,,,,,
24010,12/16/25 10:15:00,23.400,,,,,
24011,12/16/25 10:30:00,23.617,,,,,
24012,12/16/25 10:45:00,23.809,,,,,
24013,12/16/25 11:00:00,23.954,,,,,
24014,12/16/25 11:15:00,23.833,,,,,
24015,12/16/25 11:30:00,23.472,,,,,
24016,12/16/25 11:45:00,23.256,,,,,
24017,12/16/25 12:00:00,23.136,,,,,
24018,12/16/25 12:15:00,23.064,,,,,
24019,12/16/25 12:30:00,23.040,,,,,
24020,12/16/25 12:45:00,22.968,,,,,
24021,12/16/25 13:00:00,22.968,,,,,
24022,12/16/25 13:15:00,22.968,,,,,
24023,12/16/25 13:30:00,22.968,,,,,
24024,12/16/25 13:45:00,22.824,,,,,
24025,12/16/25 14:00:00,22.681,,,,,
24026,12/16/25 14:15:00,22.944,,,,,
24027,12/16/25 14:30:00,23.184,,,,,
24028,12/16/25 14:45:00,23.040,,,,,
24029,12/16/25 15:00:00,22.729,,,,,
24030,12/16/25 15:15:00,22.561,,,,,
24031,12/16/25 15:30:00,22.824,,,,,
24032,12/16/25 15:45:00,23.016,,,,,
24033,12/16/25 16:00:00,23.112,,,,,
24034,12/16/25 16:15:00,23.136,,,,,
24035,12/16/25 16:30:00,23.112,,,,,
24036,12/16/25 16:45:00,23.064,,,,,
24037,12/16/25 17:00:00,23.016,,,,,
24038,12/16/25 17:15:00,22.992,,,,,
24039,12/16/25 17:30:00,22.896,,,,,
24040,12/16/25 17:45:00,22.800,,,,,
24041,12/16/25 18:00:00,22.729,,,,,
24042,12/16/25 18:15:00,22.657,,,,,
24043,12/16/25 18:30:00,22.585,,,,,
24044,12/16/25 18:45:00,22.537,,,,,
24045,12/16/25 19:00:00,22.465,,,,,
24046,12/16/25 19:15:00,22.417,,,,,
24047,12/16/25 19:30:00,22.393,,,,,
24048,12/16/25 19:45:00,22.585,,,,,
24049,12/16/25 20:00:00,22.896,,,,,
24050,12/16/25 20:15:00,22.872,,,,,
24051,12/16/25 20:30:00,22.729,,,,,
24052,12/16/25 20:45:00,22.633,,,,,
24053,12/16/25 21:00:00,22.585,,,,,
24054,12/16/25 21:15:00,22.753,,,,,
24055,12/16/25 21:30:00,23.064,,,,,
24056,12/16/25 21:45:00,22.824,,,,,
24057,12/16/25 22:00:00,22.585,,,,,
24058,12/16/25 22:15:00,22.968,,,,,
24059,12/16/25 22:30:00,23.232,,,,,
24060,12/16/25 22:45:00,23.400,,,,,
24061,12/16/25 23:00:00,23.497,,,,,
24062,12/16/25 23:15:00,23.569,,,,,
24063,12/16/25 23:30:00,23.641,,,,,
24064,12/16/25 23:45:00,23.665,,,,,
24065,12/17/25 00:00:00,23.713,,,,,
24066,12/17/25 00:15:00,23.737,,,,,
24067,12/17/25 00:30:00,23.809,,,,,
24068,12/17/25 00:45:00,23.881,,,,,
24069,12/17/25 01:00:00,23.954,,,,,
24070,12/17/25 01:15:00,24.002,,,,,
24071,12/17/25 01:30:00,24.026,,,,,
24072,12/17/25 01:45:00,24.074,,,,,
24073,12/17/25 02:00:00,24.122,,,,,
24074,12/17/25 02:15:00,24.146,,,,,
24075,12/17/25 02:30:00,24.171,,,,,
24076,12/17/25 02:45:00,24.219,,,,,
24077,12/17/25 03:00:00,24.243,,,,,
24078,12/17/25 03:15:00,24.267,,,,,
24079,12/17/25 03:30:00,24.291,,,,,
24080,12/17/25 03:45:00,24.315,,,,,
24081,12/17/25 04:00:00,24.339,,,,,
24082,12/17/25 04:15:00,24.363,,,,,
24083,12/17/25 04:30:00,24.363,,,,,
24084,12/17/25 04:45:00,24.388,,,,,
24085,12/17/25 05:00:00,24.412,,,,,
24086,12/17/25 05:15:00,24.363,,,,,
24087,12/17/25 05:30:00,24.219,,,,,
24088,12/17/25 05:45:00,24.122,,,,,
24089,12/17/25 06:00:00,24.026,,,,,
24090,12/17/25 06:15:00,23.569,,,,,
24091,12/17/25 06:30:00,22.681,,,,,
24092,12/17/25 06:45:00,22.082,,,,,
24093,12/17/25 07:00:00,22.106,,,,,
24094,12/17/25 07:15:00,22.321,,,,,
24095,12/17/25 07:30:00,22.417,,,,,
24096,12/17/25 07:45:00,22.489,,,,,
24097,12/17/25 08:00:00,22.585,,,,,
24098,12/17/25 08:15:00,23.016,,,,,
24099,12/17/25 08:30:00,23.521,,,,,
24100,12/17/25 08:45:00,23.521,,,,,
24101,12/17/25 09:00:00,23.064,,,,,
24102,12/17/25 09:15:00,22.776,,,,,
24103,12/17/25 09:30:00,22.657,,,,,
24104,12/17/25 09:45:00,22.681,,,,,
24105,12/17/25 10:00:00,22.705,,,,,
24106,12/17/25 10:15:00,22.681,,,,,
24107,12/17/25 10:30:00,23.016,,,,,
24108,12/17/25 10:45:00,23.376,,,,,
24109,12/17/25 11:00:00,23.328,,,,,
24110,12/17/25 11:15:00,23.136,,,,,
24111,12/17/25 11:30:00,23.016,,,,,
24112,12/17/25 11:45:00,22.968,,,,,
24113,12/17/25 12:00:00,22.920,,,,,
24114,12/17/25 12:15:00,22.896,,,,,
24115,12/17/25 12:30:00,22.848,,,,,
24116,12/17/25 12:45:00,22.848,,,,,
24117,12/17/25 13:00:00,22.848,,,,,
24118,12/17/25 13:15:00,22.824,,,,,
24119,12/17/25 13:30:00,22.776,,,,,
24120,12/17/25 13:45:00,22.776,,,,,
24121,12/17/25 14:00:00,22.753,,,,,
24122,12/17/25 14:15:00,22.753,,,,,
24123,12/17/25 14:30:00,22.729,,,,,
24124,12/17/25 14:45:00,22.753,,,,,
24125,12/17/25 15:00:00,22.729,,,,,
24126,12/17/25 15:15:00,22.729,,,,,
24127,12/17/25 15:30:00,22.729,,,,,
24128,12/17/25 15:45:00,22.729,,,,,
24129,12/17/25 16:00:00,22.705,,,,,
24130,12/17/25 16:15:00,22.681,,,,,
24131,12/17/25 16:30:00,22.609,,,,,
24132,12/17/25 16:45:00,22.585,,,,,
24133,12/17/25 17:00:00,22.561,,,,,
24134,12/17/25 17:15:00,22.513,,,,,
24135,12/17/25 17:30:00,22.465,,,,,
24136,12/17/25 17:45:00,22.393,,,,,
24137,12/17/25 18:00:00,22.321,,,,,
24138,12/17/25 18:15:00,22.250,,,,,
24139,12/17/25 18:30:00,22.154,,,,,
24140,12/17/25 18:45:00,22.585,,,,,
24141,12/17/25 19:00:00,22.944,,,,,
24142,12/17/25 19:15:00,22.944,,,,,
24143,12/17/25 19:30:00,22.753,,,,,
24144,12/17/25 19:45:00,22.513,,,,,
24145,12/17/25 20:00:00,22.729,,,,,
24146,12/17/25 20:15:00,23.016,,,,,
24147,12/17/25 20:30:00,22.705,,,,,
24148,12/17/25 20:45:00,22.441,,,,,
24149,12/17/25 21:00:00,22.800,,,,,
24150,12/17/25 21:15:00,22.944,,,,,
24151,12/17/25 21:30:00,22.537,,,,,
24152,12/17/25 21:45:00,22.561,,,,,
24153,12/17/25 22:00:00,22.872,,,,,
24154,12/17/25 22:15:00,23.088,,,,,
24155,12/17/25 22:30:00,23.232,,,,,
24156,12/17/25 22:45:00,23.328,,,,,
24157,12/17/25 23:00:00,23.400,,,,,
24158,12/17/25 23:15:00,23.448,,,,,
24159,12/17/25 23:30:00,23.448,,,,,
24160,12/17/25 23:45:00,23.472,,,,,
24161,12/18/25 00:00:00,23.497,,,,,
24162,12/18/25 00:15:00,23.521,,,,,
24163,12/18/25 00:30:00,23.569,,,,,
24164,12/18/25 00:45:00,23.641,,,,,
24165,12/18/25 01:00:00,23.689,,,,,
24166,12/18/25 01:15:00,23.713,,,,,
24167,12/18/25 01:30:00,23.761,,,,,
24168,12/18/25 01:45:00,23.785,,,,,
24169,12/18/25 02:00:00,23.833,,,,,
24170,12/18/25 02:15:00,23.857,,,,,
24171,12/18/25 02:30:00,23.857,,,,,
24172,12/18/25 02:45:00,23.881,,,,,
24173,12/18/25 03:00:00,23.905,,,,,
24174,12/18/25 03:15:00,23.930,,,,,
24175,12/18/25 03:30:00,23.954,,,,,
24176,12/18/25 03:45:00,23.954,,,,,
24177,12/18/25 04:00:00,23.954,,,,,
24178,12/18/25 04:15:00,23.978,,,,,
24179,12/18/25 04:30:00,23.978,,,,,
24180,12/18/25 04:45:00,23.978,,,,,
24181,12/18/25 05:00:00,24.002,,,,,
24182,12/18/25 05:15:00,24.002,,,,,
24183,12/18/25 05:30:00,23.905,,,,,
24184,12/18/25 05:45:00,23.785,,,,,
24185,12/18/25 06:00:00,23.689,,,,,
24186,12/18/25 06:15:00,23.064,,,,,
24187,12/18/25 06:30:00,22.202,,,,,
24188,12/18/25 06:45:00,22.154,,,,,
24189,12/18/25 07:00:00,22.154,,,,,
24190,12/18/25 07:15:00,22.130,,,,,
24191,12/18/25 07:30:00,22.585,,,,,
24192,12/18/25 07:45:00,23.761,,,,,
24193,12/18/25 08:00:00,24.122,,,,,
24194,12/18/25 08:15:00,24.363,,,,,
24195,12/18/25 08:30:00,23.737,,,,,
24196,12/18/25 08:45:00,24.002,,,,,
24197,12/18/25 09:00:00,24.195,,,,,
24198,12/18/25 09:15:00,23.905,,,,,
24199,12/18/25 09:30:00,23.617,,,,,
24200,12/18/25 09:45:00,23.905,,,,,
24201,12/18/25 10:00:00,23.954,,,,,
24202,12/18/25 10:15:00,23.641,,,,,
24203,12/18/25 10:30:00,23.521,,,,,
24204,12/18/25 10:45:00,23.689,,,,,
24205,12/18/25 11:00:00,23.978,,,,,
24206,12/18/25 11:15:00,23.689,,,,,
24207,12/18/25 11:30:00,23.448,,,,,
24208,12/18/25 11:45:00,23.328,,,,,
24209,12/18/25 12:00:00,23.280,,,,,
24210,12/18/25 12:15:00,23.208,,,,,
24211,12/18/25 12:30:00,23.184,,,,,
24212,12/18/25 12:45:00,23.136,,,,,
24213,12/18/25 13:00:00,23.064,,,,,
24214,12/18/25 13:15:00,22.992,,,,,
24215,12/18/25 13:30:00,22.968,,,,,
24216,12/18/25 13:45:00,22.920,,,,,
24217,12/18/25 14:00:00,22.896,,,,,
24218,12/18/25 14:15:00,22.920,,,,,
24219,12/18/25 14:30:00,22.872,,,,,
24220,12/18/25 14:45:00,22.824,,,,,
24221,12/18/25 15:00:00,22.753,,,,,
24222,12/18/25 15:15:00,22.705,,,,,
24223,12/18/25 15:30:00,22.681,,,,,
24224,12/18/25 15:45:00,22.705,,,,,
24225,12/18/25 16:00:00,22.681,,,,,
24226,12/18/25 16:15:00,22.705,,,,,
24227,12/18/25 16:30:00,22.681,,,,,
24228,12/18/25 16:45:00,22.633,,,,,
24229,12/18/25 17:00:00,22.633,,,,,
24230,12/18/25 17:15:00,22.585,,,,,
24231,12/18/25 17:30:00,22.513,,,,,
24232,12/18/25 17:45:00,22.513,,,,,
24233,12/18/25 18:00:00,22.609,,,,,
24234,12/18/25 18:15:00,23.112,,,,,
24235,12/18/25 18:30:00,23.064,,,,,
24236,12/18/25 18:45:00,22.848,,,,,
24237,12/18/25 19:00:00,22.729,,,,,
24238,12/18/25 19:15:00,22.585,,,,,
24239,12/18/25 19:30:00,22.513,,,,,
24240,12/18/25 19:45:00,22.465,,,,,
24241,12/18/25 20:00:00,22.920,,,,,
24242,12/18/25 20:15:00,23.232,,,,,
24243,12/18/25 20:30:00,22.920,,,,,
24244,12/18/25 20:45:00,22.705,,,,,
24245,12/18/25 21:00:00,23.064,,,,,
24246,12/18/25 21:15:00,23.376,,,,,
24247,12/18/25 21:30:00,22.992,,,,,
24248,12/18/25 21:45:00,22.729,,,,,
24249,12/18/25 22:00:00,23.016,,,,,
24250,12/18/25 22:15:00,23.376,,,,,
24251,12/18/25 22:30:00,23.665,,,,,
24252,12/18/25 22:45:00,23.833,,,,,
24253,12/18/25 23:00:00,23.954,,,,,
24254,12/18/25 23:15:00,23.978,,,,,
24255,12/18/25 23:30:00,23.930,,,,,
24256,12/18/25 23:45:00,23.905,,,,,
24257,12/19/25 00:00:00,23.905,,,,,
24258,12/19/25 00:15:00,23.905,,,,,
24259,12/19/25 00:30:00,23.905,,,,,
24260,12/19/25 00:45:00,23.954,,,,,
24261,12/19/25 01:00:00,24.002,,,,,
24262,12/19/25 01:15:00,24.026,,,,,
24263,12/19/25 01:30:00,24.074,,,,,
24264,12/19/25 01:45:00,24.122,,,,,
24265,12/19/25 02:00:00,24.146,,,,,
24266,12/19/25 02:15:00,24.171,,,,,
24267,12/19/25 02:30:00,24.195,,,,,
24268,12/19/25 02:45:00,24.243,,,,,
24269,12/19/25 03:00:00,24.243,,,,,
24270,12/19/25 03:15:00,24.267,,,,,
24271,12/19/25 03:30:00,24.291,,,,,
24272,12/19/25 03:45:00,24.315,,,,,
24273,12/19/25 04:00:00,24.315,,,,,
24274,12/19/25 04:15:00,24.315,,,,,
24275,12/19/25 04:30:00,24.339,,,,,
24276,12/19/25 04:45:00,24.363,,,,,
24277,12/19/25 05:00:00,24.363,,,,,
24278,12/19/25 05:15:00,24.315,,,,,
24279,12/19/25 05:30:00,24.195,,,,,
24280,12/19/25 05:45:00,24.074,,,,,
24281,12/19/25 06:00:00,24.002,,,,,
24282,12/19/25 06:15:00,23.448,,,,,
24283,12/19/25 06:30:00,22.489,,,,,
24284,12/19/25 06:45:00,22.106,,,,,
24285,12/19/25 07:00:00,22.202,,,,,
24286,12/19/25 07:15:00,22.250,,,,,
24287,12/19/25 07:30:00,22.417,,,,,
24288,12/19/25 07:45:00,23.016,,,,,
24289,12/19/25 08:00:00,23.737,,,,,
24290,12/19/25 08:15:00,24.581,,,,,
24291,12/19/25 08:30:00,24.074,,,,,
24292,12/19/25 08:45:00,23.665,,,,,
24293,12/19/25 09:00:00,23.497,,,,,
24294,12/19/25 09:15:00,23.448,,,,,
24295,12/19/25 09:30:00,23.328,,,,,
24296,12/19/25 09:45:00,23.641,,,,,
24297,12/19/25 10:00:00,23.881,,,,,
24298,12/19/25 10:15:00,23.665,,,,,
24299,12/19/25 10:30:00,23.472,,,,,
24300,12/19/25 10:45:00,23.304,,,,,
24301,12/19/25 11:00:00,23.232,,,,,
24302,12/19/25 11:15:00,23.472,,,,,
24303,12/19/25 11:30:00,23.761,,,,,
24304,12/19/25 11:45:00,23.497,,,,,
24305,12/19/25 12:00:00,23.304,,,,,
24306,12/19/25 12:15:00,23.184,,,,,
24307,12/19/25 12:30:00,23.112,,,,,
24308,12/19/25 12:45:00,23.136,,,,,
24309,12/19/25 13:00:00,23.112,,,,,
24310,12/19/25 13:15:00,23.088,,,,,
24311,12/19/25 13:30:00,23.040,,,,,
24312,12/19/25 13:45:00,23.016,,,,,
24313,12/19/25 14:00:00,23.016,,,,,
24314,12/19/25 14:15:00,23.016,,,,,
24315,12/19/25 14:30:00,22.968,,,,,
24316,12/19/25 14:45:00,22.968,,,,,
24317,12/19/25 15:00:00,22.968,,,,,
24318,12/19/25 15:15:00,22.920,,,,,
24319,12/19/25 15:30:00,22.944,,,,,
24320,12/19/25 15:45:00,22.920,,,,,
24321,12/19/25 16:00:00,22.896,,,,,
24322,12/19/25 16:15:00,22.848,,,,,
24323,12/19/25 16:30:00,22.800,,,,,
24324,12/19/25 16:45:00,22.776,,,,,
24325,12/19/25 17:00:00,22.729,,,,,
24326,12/19/25 17:15:00,22.705,,,,,
24327,12/19/25 17:30:00,22.633,,,,,
24328,12/19/25 17:45:00,22.585,,,,,
24329,12/19/25 18:00:00,22.489,,,,,
24330,12/19/25 18:15:00,22.537,,,,,
24331,12/19/25 18:30:00,22.513,,,,,
24332,12/19/25 18:45:00,22.489,,,,,
24333,12/19/25 19:00:00,22.441,,,,,
24334,12/19/25 19:15:00,22.705,,,,,
24335,12/19/25 19:30:00,23.016,,,,,
24336,12/19/25 19:45:00,22.848,,,,,
24337,12/19/25 20:00:00,22.633,,,,,
24338,12/19/25 20:15:00,22.537,,,,,
24339,12/19/25 20:30:00,22.441,,,,,
24340,12/19/25 20:45:00,22.800,,,,,
24341,12/19/25 21:00:00,22.968,,,,,
24342,12/19/25 21:15:00,22.585,,,,,
24343,12/19/25 21:30:00,22.321,,,,,
24344,12/19/25 21:45:00,22.705,,,,,
24345,12/19/25 22:00:00,22.968,,,,,
24346,12/19/25 22:15:00,23.088,,,,,
24347,12/19/25 22:30:00,23.256,,,,,
24348,12/19/25 22:45:00,23.352,,,,,
24349,12/19/25 23:00:00,23.424,,,,,
24350,12/19/25 23:15:00,23.472,,,,,
24351,12/19/25 23:30:00,23.521,,,,,
24352,12/19/25 23:45:00,23.545,,,,,
24353,12/20/25 00:00:00,23.569,,,,,
24354,12/20/25 00:15:00,23.593,,,,,
24355,12/20/25 00:30:00,23.617,,,,,
24356,12/20/25 00:45:00,23.665,,,,,
24357,12/20/25 01:00:00,23.713,,,,,
24358,12/20/25 01:15:00,23.785,,,,,
24359,12/20/25 01:30:00,23.833,,,,,
24360,12/20/25 01:45:00,23.881,,,,,
24361,12/20/25 02:00:00,23.930,,,,,
24362,12/20/25 02:15:00,23.978,,,,,
24363,12/20/25 02:30:00,24.026,,,,,
24364,12/20/25 02:45:00,24.074,,,,,
24365,12/20/25 03:00:00,24.098,,,,,
24366,12/20/25 03:15:00,24.146,,,,,
24367,12/20/25 03:30:00,24.171,,,,,
24368,12/20/25 03:45:00,24.219,,,,,
24369,12/20/25 04:00:00,24.219,,,,,
24370,12/20/25 04:15:00,24.243,,,,,
24371,12/20/25 04:30:00,24.267,,,,,
24372,12/20/25 04:45:00,24.291,,,,,
24373,12/20/25 05:00:00,24.291,,,,,
24374,12/20/25 05:15:00,24.291,,,,,
24375,12/20/25 05:30:00,24.146,,,,,
24376,12/20/25 05:45:00,24.050,,,,,
24377,12/20/25 06:00:00,23.954,,,,,
24378,12/20/25 06:15:00,23.376,,,,,
24379,12/20/25 06:30:00,22.441,,,,,
24380,12/20/25 06:45:00,22.106,,,,,
24381,12/20/25 07:00:00,22.202,,,,,
24382,12/20/25 07:15:00,22.250,,,,,
24383,12/20/25 07:30:00,22.298,,,,,
24384,12/20/25 07:45:00,22.872,,,,,
24385,12/20/25 08:00:00,23.617,,,,,
24386,12/20/25 08:15:00,23.905,,,,,
24387,12/20/25 08:30:00,23.232,,,,,
24388,12/20/25 08:45:00,22.944,,,,,
24389,12/20/25 09:00:00,23.112,,,,,
24390,12/20/25 09:15:00,23.737,,,,,
24391,12/20/25 09:30:00,23.713,,,,,
24392,12/20/25 09:45:00,23.304,,,,,
24393,12/20/25 10:00:00,23.064,,,,,
24394,12/20/25 10:15:00,22.992,,,,,
24395,12/20/25 10:30:00,22.968,,,,,
24396,12/20/25 10:45:00,23.328,,,,,
24397,12/20/25 11:00:00,23.497,,,,,
24398,12/20/25 11:15:00,23.280,,,,,
24399,12/20/25 11:30:00,23.112,,,,,
24400,12/20/25 11:45:00,23.040,,,,,
24401,12/20/25 12:00:00,22.992,,,,,
24402,12/20/25 12:15:00,22.944,,,,,
24403,12/20/25 12:30:00,22.944,,,,,
24404,12/20/25 12:45:00,22.920,,,,,
24405,12/20/25 13:00:00,22.920,,,,,
24406,12/20/25 13:15:00,22.944,,,,,
24407,12/20/25 13:30:00,22.944,,,,,
24408,12/20/25 13:45:00,22.920,,,,,
24409,12/20/25 14:00:00,22.896,,,,,
24410,12/20/25 14:15:00,22.896,,,,,
24411,12/20/25 14:30:00,22.872,,,,,
24412,12/20/25 14:45:00,22.824,,,,,
24413,12/20/25 15:00:00,22.776,,,,,
24414,12/20/25 15:15:00,22.776,,,,,
24415,12/20/25 15:30:00,22.729,,,,,
24416,12/20/25 15:45:00,22.681,,,,,
24417,12/20/25 16:00:00,22.633,,,,,
24418,12/20/25 16:15:00,22.561,,,,,
24419,12/20/25 16:30:00,22.537,,,,,
24420,12/20/25 16:45:00,22.465,,,,,
24421,12/20/25 17:00:00,22.441,,,,,
24422,12/20/25 17:15:00,22.369,,,,,
24423,12/20/25 17:30:00,22.345,,,,,
24424,12/20/25 17:45:00,22.298,,,,,
24425,12/20/25 18:00:00,22.226,,,,,
24426,12/20/25 18:15:00,22.178,,,,,
24427,12/20/25 18:30:00,22.154,,,,,
24428,12/20/25 18:45:00,22.298,,,,,
24429,12/20/25 19:00:00,22.705,,,,,
24430,12/20/25 19:15:00,22.848,,,,,
24431,12/20/25 19:30:00,22.681,,,,,
24432,12/20/25 19:45:00,22.537,,,,,
24433,12/20/25 20:00:00,22.417,,,,,
24434,12/20/25 20:15:00,22.657,,,,,
24435,12/20/25 20:30:00,22.944,,,,,
24436,12/20/25 20:45:00,22.920,,,,,
24437,12/20/25 21:00:00,22.537,,,,,
24438,12/20/25 21:15:00,22.753,,,,,
24439,12/20/25 21:30:00,22.992,,,,,
24440,12/20/25 21:45:00,22.633,,,,,
24441,12/20/25 22:00:00,22.657,,,,,
24442,12/20/25 22:15:00,22.968,,,,,
24443,12/20/25 22:30:00,23.184,,,,,
24444,12/20/25 22:45:00,23.304,,,,,
24445,12/20/25 23:00:00,23.376,,,,,
24446,12/20/25 23:15:00,23.448,,,,,
24447,12/20/25 23:30:00,23.472,,,,,
24448,12/20/25 23:45:00,23.521,,,,,
24449,12/21/25 00:00:00,23.545,,,,,
24450,12/21/25 00:15:00,23.593,,,,,
24451,12/21/25 00:30:00,23.641,,,,,
24452,12/21/25 00:45:00,23.713,,,,,
24453,12/21/25 01:00:00,23.761,,,,,
24454,12/21/25 01:15:00,23.809,,,,,
24455,12/21/25 01:30:00,23.881,,,,,
24456,12/21/25 01:45:00,23.905,,,,,
24457,12/21/25 02:00:00,23.954,,,,,
24458,12/21/25 02:15:00,23.978,,,,,
24459,12/21/25 02:30:00,24.026,,,,,
24460,12/21/25 02:45:00,24.050,,,,,
24461,12/21/25 03:00:00,24.074,,,,,
24462,12/21/25 03:15:00,24.098,,,,,
24463,12/21/25 03:30:00,24.122,,,,,
24464,12/21/25 03:45:00,24.146,,,,,
24465,12/21/25 04:00:00,24.171,,,,,
24466,12/21/25 04:15:00,24.195,,,,,
24467,12/21/25 04:30:00,24.219,,,,,
24468,12/21/25 04:45:00,24.219,,,,,
24469,12/21/25 05:00:00,24.243,,,,,
24470,12/21/25 05:15:00,24.219,,,,,
24471,12/21/25 05:30:00,24.122,,,,,
24472,12/21/25 05:45:00,24.002,,,,,
24473,12/21/25 06:00:00,23.905,,,,,
24474,12/21/25 06:15:00,23.304,,,,,
24475,12/21/25 06:30:00,22.393,,,,,
24476,12/21/25 06:45:00,22.202,,,,,
24477,12/21/25 07:00:00,22.274,,,,,
24478,12/21/25 07:15:00,22.274,,,,,
24479,12/21/25 07:30:00,22.250,,,,,
24480,12/21/25 07:45:00,22.633,,,,,
24481,12/21/25 08:00:00,23.184,,,,,
24482,12/21/25 08:15:00,23.112,,,,,
24483,12/21/25 08:30:00,22.848,,,,,
24484,12/21/25 08:45:00,22.824,,,,,
24485,12/21/25 09:00:00,22.920,,,,,
24486,12/21/25 09:15:00,23.088,,,,,
24487,12/21/25 09:30:00,23.545,,,,,
24488,12/21/25 09:45:00,23.761,,,,,
24489,12/21/25 10:00:00,23.593,,,,,
24490,12/21/25 10:15:00,23.448,,,,,
24491,12/21/25 10:30:00,23.328,,,,,
24492,12/21/25 10:45:00,23.232,,,,,
24493,12/21/25 11:00:00,23.160,,,,,
24494,12/21/25 11:15:00,23.112,,,,,
24495,12/21/25 11:30:00,23.088,,,,,
24496,12/21/25 11:45:00,23.497,,,,,
24497,12/21/25 12:00:00,23.593,,,,,
24498,12/21/25 12:15:00,23.328,,,,,
24499,12/21/25 12:30:00,23.184,,,,,
24500,12/21/25 12:45:00,23.112,,,,,
24501,12/21/25 13:00:00,23.040,,,,,
24502,12/21/25 13:15:00,22.992,,,,,
24503,12/21/25 13:30:00,22.944,,,,,
24504,12/21/25 13:45:00,22.920,,,,,
24505,12/21/25 14:00:00,22.896,,,,,
24506,12/21/25 14:15:00,22.872,,,,,
24507,12/21/25 14:30:00,22.872,,,,,
24508,12/21/25 14:45:00,22.848,,,,,
24509,12/21/25 15:00:00,22.776,,,,,
24510,12/21/25 15:15:00,22.729,,,,,
24511,12/21/25 15:30:00,22.729,,,,,
24512,12/21/25 15:45:00,22.681,,,,,
24513,12/21/25 16:00:00,22.633,,,,,
24514,12/21/25 16:15:00,22.633,,,,,
24515,12/21/25 16:30:00,22.657,,,,,
24516,12/21/25 16:45:00,22.657,,,,,
24517,12/21/25 17:00:00,22.585,,,,,
24518,12/21/25 17:15:00,22.561,,,,,
24519,12/21/25 17:30:00,22.561,,,,,
24520,12/21/25 17:45:00,22.585,,,,,
24521,12/21/25 18:00:00,22.633,,,,,
24522,12/21/25 18:15:00,22.561,,,,,
24523,12/21/25 18:30:00,22.681,,,,,
24524,12/21/25 18:45:00,23.136,,,,,
24525,12/21/25 19:00:00,23.016,,,,,
24526,12/21/25 19:15:00,22.896,,,,,
24527,12/21/25 19:30:00,22.657,,,,,
24528,12/21/25 19:45:00,22.417,,,,,
24529,12/21/25 20:00:00,22.489,,,,,
24530,12/21/25 20:15:00,22.824,,,,,
24531,12/21/25 20:30:00,22.944,,,,,
24532,12/21/25 20:45:00,22.753,,,,,
24533,12/21/25 21:00:00,22.585,,,,,
24534,12/21/25 21:15:00,22.537,,,,,
24535,12/21/25 21:30:00,22.824,,,,,
24536,12/21/25 21:45:00,23.040,,,,,
24537,12/21/25 22:00:00,22.753,,,,,
24538,12/21/25 22:15:00,22.824,,,,,
24539,12/21/25 22:30:00,23.040,,,,,
24540,12/21/25 22:45:00,23.160,,,,,
24541,12/21/25 23:00:00,23.256,,,,,
24542,12/21/25 23:15:00,23.328,,,,,
24543,12/21/25 23:30:00,23.376,,,,,
24544,12/21/25 23:45:00,23.400,,,,,
24545,12/22/25 00:00:00,23.424,,,,,
24546,12/22/25 00:15:00,23.472,,,,,
24547,12/22/25 00:30:00,23.545,,,,,
24548,12/22/25 00:45:00,23.617,,,,,
24549,12/22/25 01:00:00,23.665,,,,,
24550,12/22/25 01:15:00,23.713,,,,,
24551,12/22/25 01:30:00,23.785,,,,,
24552,12/22/25 01:45:00,23.809,,,,,
24553,12/22/25 02:00:00,23.857,,,,,
24554,12/22/25 02:15:00,23.881,,,,,
24555,12/22/25 02:30:00,23.930,,,,,
24556,12/22/25 02:45:00,23.954,,,,,
24557,12/22/25 03:00:00,23.978,,,,,
24558,12/22/25 03:15:00,23.978,,,,,
24559,12/22/25 03:30:00,24.002,,,,,
24560,12/22/25 03:45:00,24.002,,,,,
24561,12/22/25 04:00:00,24.026,,,,,
24562,12/22/25 04:15:00,24.050,,,,,
24563,12/22/25 04:30:00,24.050,,,,,
24564,12/22/25 04:45:00,24.074,,,,,
24565,12/22/25 05:00:00,24.098,,,,,
24566,12/22/25 05:15:00,24.098,,,,,
24567,12/22/25 05:30:00,23.978,,,,,
24568,12/22/25 05:45:00,23.833,,,,,
24569,12/22/25 06:00:00,23.737,,,,,
24570,12/22/25 06:15:00,23.184,,,,,
24571,12/22/25 06:30:00,22.298,,,,,
24572,12/22/25 06:45:00,22.106,,,,,
24573,12/22/25 07:00:00,22.130,,,,,
24574,12/22/25 07:15:00,22.130,,,,,
24575,12/22/25 07:30:00,22.369,,,,,
24576,12/22/25 07:45:00,22.729,,,,,
24577,12/22/25 08:00:00,22.848,,,,,
24578,12/22/25 08:15:00,22.657,,,,,
24579,12/22/25 08:30:00,22.537,,,,,
24580,12/22/25 08:45:00,22.824,,,,,
24581,12/22/25 09:00:00,23.088,,,,,
24582,12/22/25 09:15:00,23.280,,,,,
24583,12/22/25 09:30:00,22.896,,,,,
24584,12/22/25 09:45:00,22.585,,,,,
24585,12/22/25 10:00:00,22.872,,,,,
24586,12/22/25 10:15:00,23.280,,,,,
24587,12/22/25 10:30:00,23.424,,,,,
24588,12/22/25 10:45:00,23.160,,,,,
24589,12/22/25 11:00:00,22.992,,,,,
24590,12/22/25 11:15:00,22.896,,,,,
24591,12/22/25 11:30:00,22.824,,,,,
24592,12/22/25 11:45:00,22.753,,,,,
24593,12/22/25 12:00:00,22.753,,,,,
24594,12/22/25 12:15:00,22.705,,,,,
24595,12/22/25 12:30:00,22.657,,,,,
24596,12/22/25 12:45:00,22.609,,,,,
24597,12/22/25 13:00:00,22.824,,,,,
24598,12/22/25 13:15:00,23.184,,,,,
24599,12/22/25 13:30:00,23.136,,,,,
24600,12/22/25 13:45:00,22.968,,,,,
24601,12/22/25 14:00:00,22.848,,,,,
24602,12/22/25 14:15:00,22.776,,,,,
24603,12/22/25 14:30:00,22.920,,,,,
24604,12/22/25 14:45:00,23.232,,,,,
24605,12/22/25 15:00:00,23.064,,,,,
24606,12/22/25 15:15:00,22.872,,,,,
24607,12/22/25 15:30:00,22.729,,,,,
24608,12/22/25 15:45:00,22.657,,,,,
24609,12/22/25 16:00:00,22.992,,,,,
24610,12/22/25 16:15:00,23.256,,,,,
24611,12/22/25 16:30:00,23.088,,,,,
24612,12/22/25 16:45:00,22.872,,,,,
24613,12/22/25 17:00:00,22.753,,,,,
24614,12/22/25 17:15:00,22.633,,,,,
24615,12/22/25 17:30:00,22.537,,,,,
24616,12/22/25 17:45:00,22.537,,,,,
24617,12/22/25 18:00:00,22.489,,,,,
24618,12/22/25 18:15:00,22.944,,,,,
24619,12/22/25 18:30:00,23.280,,,,,
24620,12/22/25 18:45:00,22.968,,,,,
24621,12/22/25 19:00:00,22.705,,,,,
24622,12/22/25 19:15:00,22.681,,,,,
24623,12/22/25 19:30:00,23.112,,,,,
24624,12/22/25 19:45:00,23.232,,,,,
24625,12/22/25 20:00:00,22.896,,,,,
24626,12/22/25 20:15:00,22.824,,,,,
24627,12/22/25 20:30:00,23.208,,,,,
24628,12/22/25 20:45:00,23.304,,,,,
24629,12/22/25 21:00:00,22.968,,,,,
24630,12/22/25 21:15:00,22.824,,,,,
24631,12/22/25 21:30:00,23.208,,,,,
24632,12/22/25 21:45:00,23.472,,,,,
24633,12/22/25 22:00:00,23.112,,,,,
24634,12/22/25 22:15:00,23.232,,,,,
24635,12/22/25 22:30:00,23.497,,,,,
24636,12/22/25 22:45:00,23.689,,,,,
24637,12/22/25 23:00:00,23.737,,,,,
24638,12/22/25 23:15:00,23.713,,,,,
24639,12/22/25 23:30:00,23.737,,,,,
24640,12/22/25 23:45:00,23.713,,,,,
24641,12/23/25 00:00:00,23.713,,,,,
24642,12/23/25 00:15:00,23.713,,,,,
24643,12/23/25 00:30:00,23.761,,,,,
24644,12/23/25 00:45:00,23.785,,,,,
24645,12/23/25 01:00:00,23.833,,,,,
24646,12/23/25 01:15:00,23.857,,,,,
24647,12/23/25 01:30:00,23.905,,,,,
24648,12/23/25 01:45:00,23.930,,,,,
24649,12/23/25 02:00:00,23.978,,,,,
24650,12/23/25 02:15:00,24.002,,,,,
24651,12/23/25 02:30:00,24.026,,,,,
24652,12/23/25 02:45:00,24.050,,,,,
24653,12/23/25 03:00:00,24.074,,,,,
24654,12/23/25 03:15:00,24.074,,,,,
24655,12/23/25 03:30:00,24.098,,,,,
24656,12/23/25 03:45:00,24.122,,,,,
24657,12/23/25 04:00:00,24.146,,,,,
24658,12/23/25 04:15:00,24.146,,,,,
24659,12/23/25 04:30:00,24.171,,,,,
24660,12/23/25 04:45:00,24.195,,,,,
24661,12/23/25 05:00:00,24.219,,,,,
24662,12/23/25 05:15:00,24.219,,,,,
24663,12/23/25 05:30:00,24.098,,,,,
24664,12/23/25 05:45:00,24.002,,,,,
24665,12/23/25 06:00:00,23.905,,,,,
24666,12/23/25 06:15:00,23.376,,,,,
24667,12/23/25 06:30:00,22.513,,,,,
24668,12/23/25 06:45:00,22.441,,,,,
24669,12/23/25 07:00:00,22.417,,,,,
24670,12/23/25 07:15:00,22.345,,,,,
24671,12/23/25 07:30:00,22.441,,,,,
24672,12/23/25 07:45:00,22.800,,,,,
24673,12/23/25 08:00:00,23.232,,,,,
24674,12/23/25 08:15:00,23.521,,,,,
24675,12/23/25 08:30:00,23.280,,,,,
24676,12/23/25 08:45:00,23.232,,,,,
24677,12/23/25 09:00:00,23.256,,,,,
24678,12/23/25 09:15:00,23.497,,,,,
24679,12/23/25 09:30:00,23.905,,,,,
24680,12/23/25 09:45:00,24.146,,,,,
24681,12/23/25 10:00:00,23.881,,,,,
24682,12/23/25 10:15:00,23.593,,,,,
24683,12/23/25 10:30:00,23.497,,,,,
24684,12/23/25 10:45:00,23.809,,,,,
24685,12/23/25 11:00:00,24.002,,,,,
24686,12/23/25 11:15:00,23.713,,,,,
24687,12/23/25 11:30:00,23.472,,,,,
24688,12/23/25 11:45:00,23.328,,,,,
24689,12/23/25 12:00:00,23.208,,,,,
24690,12/23/25 12:15:00,23.136,,,,,
24691,12/23/25 12:30:00,23.088,,,,,
24692,12/23/25 12:45:00,23.016,,,,,
24693,12/23/25 13:00:00,22.968,,,,,
24694,12/23/25 13:15:00,22.944,,,,,
24695,12/23/25 13:30:00,23.280,,,,,
24696,12/23/25 13:45:00,23.545,,,,,
24697,12/23/25 14:00:00,23.376,,,,,
24698,12/23/25 14:15:00,23.232,,,,,
24699,12/23/25 14:30:00,23.112,,,,,
24700,12/23/25 14:45:00,23.040,,,,,
24701,12/23/25 15:00:00,22.992,,,,,
24702,12/23/25 15:15:00,22.992,,,,,
24703,12/23/25 15:30:00,22.992,,,,,
24704,12/23/25 15:45:00,22.968,,,,,
24705,12/23/25 16:00:00,22.968,,,,,
24706,12/23/25 16:15:00,22.968,,,,,
24707,12/23/25 16:30:00,22.920,,,,,
24708,12/23/25 16:45:00,22.920,,,,,
24709,12/23/25 17:00:00,22.944,,,,,
24710,12/23/25 17:15:00,22.944,,,,,
24711,12/23/25 17:30:00,22.896,,,,,
24712,12/23/25 17:45:00,22.920,,,,,
24713,12/23/25 18:00:00,22.872,,,,,
24714,12/23/25 18:15:00,22.920,,,,,
24715,12/23/25 18:30:00,23.256,,,,,
24716,12/23/25 18:45:00,23.208,,,,,
24717,12/23/25 19:00:00,23.016,,,,,
24718,12/23/25 19:15:00,22.920,,,,,
24719,12/23/25 19:30:00,22.824,,,,,
24720,12/23/25 19:45:00,22.824,,,,,
24721,12/23/25 20:00:00,23.160,,,,,
24722,12/23/25 20:15:00,23.256,,,,,
24723,12/23/25 20:30:00,22.968,,,,,
24724,12/23/25 20:45:00,22.824,,,,,
24725,12/23/25 21:00:00,23.136,,,,,
24726,12/23/25 21:15:00,23.208,,,,,
24727,12/23/25 21:30:00,22.992,,,,,
24728,12/23/25 21:45:00,22.800,,,,,
24729,12/23/25 22:00:00,22.824,,,,,
24730,12/23/25 22:15:00,23.160,,,,,
24731,12/23/25 22:30:00,23.400,,,,,
24732,12/23/25 22:45:00,23.545,,,,,
24733,12/23/25 23:00:00,23.641,,,,,
24734,12/23/25 23:15:00,23.713,,,,,
24735,12/23/25 23:30:00,23.761,,,,,
24736,12/23/25 23:45:00,23.809,,,,,
24737,12/24/25 00:00:00,23.833,,,,,
24738,12/24/25 00:15:00,23.881,,,,,
24739,12/24/25 00:30:00,23.954,,,,,
24740,12/24/25 00:45:00,24.026,,,,,
24741,12/24/25 01:00:00,24.098,,,,,
24742,12/24/25 01:15:00,24.146,,,,,
24743,12/24/25 01:30:00,24.195,,,,,
24744,12/24/25 01:45:00,24.219,,,,,
24745,12/24/25 02:00:00,24.267,,,,,
24746,12/24/25 02:15:00,24.315,,,,,
24747,12/24/25 02:30:00,24.339,,,,,
24748,12/24/25 02:45:00,24.363,,,,,
24749,12/24/25 03:00:00,24.412,,,,,
24750,12/24/25 03:15:00,24.436,,,,,
24751,12/24/25 03:30:00,24.436,,,,,
24752,12/24/25 03:45:00,24.460,,,,,
24753,12/24/25 04:00:00,24.484,,,,,
24754,12/24/25 04:15:00,24.508,,,,,
24755,12/24/25 04:30:00,24.508,,,,,
24756,12/24/25 04:45:00,24.532,,,,,
24757,12/24/25 05:00:00,24.557,,,,,
24758,12/24/25 05:15:00,24.532,,,,,
24759,12/24/25 05:30:00,24.412,,,,,
24760,12/24/25 05:45:00,24.291,,,,,
24761,12/24/25 06:00:00,24.219,,,,,
24762,12/24/25 06:15:00,23.737,,,,,
24763,12/24/25 06:30:00,22.896,,,,,
24764,12/24/25 06:45:00,22.465,,,,,
24765,12/24/25 07:00:00,22.537,,,,,
24766,12/24/25 07:15:00,22.585,,,,,
24767,12/24/25 07:30:00,22.657,,,,,
24768,12/24/25 07:45:00,22.872,,,,,
24769,12/24/25 08:00:00,23.497,,,,,
24770,12/24/25 08:15:00,24.798,,,,,
24771,12/24/25 08:30:00,23.905,,,,,
24772,12/24/25 08:45:00,23.689,,,,,
24773,12/24/25 09:00:00,23.593,,,,,
24774,12/24/25 09:15:00,23.737,,,,,
24775,12/24/25 09:30:00,23.689,,,,,
24776,12/24/25 09:45:00,23.641,,,,,
24777,12/24/25 10:00:00,23.617,,,,,
24778,12/24/25 10:15:00,23.593,,,,,
24779,12/24/25 10:30:00,23.545,,,,,
24780,12/24/25 10:45:00,23.569,,,,,
24781,12/24/25 11:00:00,23.905,,,,,
24782,12/24/25 11:15:00,23.881,,,,,
24783,12/24/25 11:30:00,23.593,,,,,
24784,12/24/25 11:45:00,23.448,,,,,
24785,12/24/25 12:00:00,23.328,,,,,
24786,12/24/25 12:15:00,23.256,,,,,
24787,12/24/25 12:30:00,23.232,,,,,
24788,12/24/25 12:45:00,23.184,,,,,
24789,12/24/25 13:00:00,23.184,,,,,
24790,12/24/25 13:15:00,23.160,,,,,
24791,12/24/25 13:30:00,23.160,,,,,
24792,12/24/25 13:45:00,23.160,,,,,
24793,12/24/25 14:00:00,23.136,,,,,
24794,12/24/25 14:15:00,23.136,,,,,
24795,12/24/25 14:30:00,23.136,,,,,
24796,12/24/25 14:45:00,23.136,,,,,
24797,12/24/25 15:00:00,23.136,,,,,
24798,12/24/25 15:15:00,23.160,,,,,
24799,12/24/25 15:30:00,23.184,,,,,
24800,12/24/25 15:45:00,23.160,,,,,
24801,12/24/25 16:00:00,23.136,,,,,
24802,12/24/25 16:15:00,23.112,,,,,
24803,12/24/25 16:30:00,23.136,,,,,
24804,12/24/25 16:45:00,23.184,,,,,
24805,12/24/25 17:00:00,23.160,,,,,
24806,12/24/25 17:15:00,23.136,,,,,
24807,12/24/25 17:30:00,23.088,,,,,
24808,12/24/25 17:45:00,22.968,,,,,
24809,12/24/25 18:00:00,22.968,,,,,
24810,12/24/25 18:15:00,22.920,,,,,
24811,12/24/25 18:30:00,22.824,,,,,
24812,12/24/25 18:45:00,22.776,,,,,
24813,12/24/25 19:00:00,22.848,,,,,
24814,12/24/25 19:15:00,22.896,,,,,
24815,12/24/25 19:30:00,22.872,,,,,
24816,12/24/25 19:45:00,22.824,,,,,
24817,12/24/25 20:00:00,22.657,,,,,
24818,12/24/25 20:15:00,22.513,,,,,
24819,12/24/25 20:30:00,22.441,,,,,
24820,12/24/25 20:45:00,22.417,,,,,
24821,12/24/25 21:00:00,22.441,,,,,
24822,12/24/25 21:15:00,22.489,,,,,
24823,12/24/25 21:30:00,22.513,,,,,
24824,12/24/25 21:45:00,22.753,,,,,
24825,12/24/25 22:00:00,22.992,,,,,
24826,12/24/25 22:15:00,23.160,,,,,
24827,12/24/25 22:30:00,23.280,,,,,
24828,12/24/25 22:45:00,23.376,,,,,
24829,12/24/25 23:00:00,23.448,,,,,
24830,12/24/25 23:15:00,23.521,,,,,
24831,12/24/25 23:30:00,23.545,,,,,
24832,12/24/25 23:45:00,23.593,,,,,
24833,12/25/25 00:00:00,23.641,,,,,
24834,12/25/25 00:15:00,23.689,,,,,
24835,12/25/25 00:30:00,23.761,,,,,
24836,12/25/25 00:45:00,23.833,,,,,
24837,12/25/25 01:00:00,23.881,,,,,
24838,12/25/25 01:15:00,23.930,,,,,
24839,12/25/25 01:30:00,24.002,,,,,
24840,12/25/25 01:45:00,24.026,,,,,
24841,12/25/25 02:00:00,24.074,,,,,
24842,12/25/25 02:15:00,24.098,,,,,
24843,12/25/25 02:30:00,24.122,,,,,
24844,12/25/25 02:45:00,24.146,,,,,
24845,12/25/25 03:00:00,24.171,,,,,
24846,12/25/25 03:15:00,24.195,,,,,
24847,12/25/25 03:30:00,24.219,,,,,
24848,12/25/25 03:45:00,24.267,,,,,
24849,12/25/25 04:00:00,24.291,,,,,
24850,12/25/25 04:15:00,24.291,,,,,
24851,12/25/25 04:30:00,24.315,,,,,
24852,12/25/25 04:45:00,24.339,,,,,
24853,12/25/25 05:00:00,24.339,,,,,
24854,12/25/25 05:15:00,24.339,,,,,
24855,12/25/25 05:30:00,24.195,,,,,
24856,12/25/25 05:45:00,24.050,,,,,
24857,12/25/25 06:00:00,23.978,,,,,
24858,12/25/25 06:15:00,23.545,,,,,
24859,12/25/25 06:30:00,22.657,,,,,
24860,12/25/25 06:45:00,22.393,,,,,
24861,12/25/25 07:00:00,22.489,,,,,
24862,12/25/25 07:15:00,22.465,,,,,
24863,12/25/25 07:30:00,22.489,,,,,
24864,12/25/25 07:45:00,22.776,,,,,
24865,12/25/25 08:00:00,23.064,,,,,
24866,12/25/25 08:15:00,23.280,,,,,
24867,12/25/25 08:30:00,23.208,,,,,
24868,12/25/25 08:45:00,22.800,,,,,
24869,12/25/25 09:00:00,22.585,,,,,
24870,12/25/25 09:15:00,22.896,,,,,
24871,12/25/25 09:30:00,23.280,,,,,
24872,12/25/25 09:45:00,23.497,,,,,
24873,12/25/25 10:00:00,23.304,,,,,
24874,12/25/25 10:15:00,23.016,,,,,
24875,12/25/25 10:30:00,22.824,,,,,
24876,12/25/25 10:45:00,22.872,,,,,
24877,12/25/25 11:00:00,23.256,,,,,
24878,12/25/25 11:15:00,23.521,,,,,
24879,12/25/25 11:30:00,23.689,,,,,
24880,12/25/25 11:45:00,23.280,,,,,
24881,12/25/25 12:00:00,22.968,,,,,
24882,12/25/25 12:15:00,22.992,,,,,
24883,12/25/25 12:30:00,23.376,,,,,
24884,12/25/25 12:45:00,23.641,,,,,
24885,12/25/25 13:00:00,23.617,,,,,
24886,12/25/25 13:15:00,23.208,,,,,
24887,12/25/25 13:30:00,22.968,,,,,
24888,12/25/25 13:45:00,22.944,,,,,
24889,12/25/25 14:00:00,23.328,,,,,
24890,12/25/25 14:15:00,23.593,,,,,
24891,12/25/25 14:30:00,23.569,,,,,
24892,12/25/25 14:45:00,23.136,,,,,
24893,12/25/25 15:00:00,22.824,,,,,
24894,12/25/25 15:15:00,22.824,,,,,
24895,12/25/25 15:30:00,23.232,,,,,
24896,12/25/25 15:45:00,23.497,,,,,
24897,12/25/25 16:00:00,23.521,,,,,
24898,12/25/25 16:15:00,23.112,,,,,
24899,12/25/25 16:30:00,22.872,,,,,
24900,12/25/25 16:45:00,22.705,,,,,
24901,12/25/25 17:00:00,23.016,,,,,
24902,12/25/25 17:15:00,23.328,,,,,
24903,12/25/25 17:30:00,23.448,,,,,
24904,12/25/25 17:45:00,23.040,,,,,
24905,12/25/25 18:00:00,22.753,,,,,
24906,12/25/25 18:15:00,23.064,,,,,
24907,12/25/25 18:30:00,23.280,,,,,
24908,12/25/25 18:45:00,23.088,,,,,
24909,12/25/25 19:00:00,22.681,,,,,
24910,12/25/25 19:15:00,22.896,,,,,
24911,12/25/25 19:30:00,23.160,,,,,
24912,12/25/25 19:45:00,23.304,,,,,
24913,12/25/25 20:00:00,22.992,,,,,
24914,12/25/25 20:15:00,22.681,,,,,
24915,12/25/25 20:30:00,22.968,,,,,
24916,12/25/25 20:45:00,23.184,,,,,
24917,12/25/25 21:00:00,23.328,,,,,
24918,12/25/25 21:15:00,23.016,,,,,
24919,12/25/25 21:30:00,22.705,,,,,
24920,12/25/25 21:45:00,22.968,,,,,
24921,12/25/25 22:00:00,23.160,,,,,
24922,12/25/25 22:15:00,23.328,,,,,
24923,12/25/25 22:30:00,23.448,,,,,
24924,12/25/25 22:45:00,23.521,,,,,
24925,12/25/25 23:00:00,23.569,,,,,
24926,12/25/25 23:15:00,23.569,,,,,
24927,12/25/25 23:30:00,23.593,,,,,
24928,12/25/25 23:45:00,23.593,,,,,
24929,12/26/25 00:00:00,23.593,,,,,
24930,12/26/25 00:15:00,23.641,,,,,
24931,12/26/25 00:30:00,23.665,,,,,
24932,12/26/25 00:45:00,23.713,,,,,
24933,12/26/25 01:00:00,23.761,,,,,
24934,12/26/25 01:15:00,23.785,,,,,
24935,12/26/25 01:30:00,23.809,,,,,
24936,12/26/25 01:45:00,23.809,,,,,
24937,12/26/25 02:00:00,23.833,,,,,
24938,12/26/25 02:15:00,23.833,,,,,
24939,12/26/25 02:30:00,23.857,,,,,
24940,12/26/25 02:45:00,23.881,,,,,
24941,12/26/25 03:00:00,23.881,,,,,
24942,12/26/25 03:15:00,23.905,,,,,
24943,12/26/25 03:30:00,23.905,,,,,
24944,12/26/25 03:45:00,23.930,,,,,
24945,12/26/25 04:00:00,23.930,,,,,
24946,12/26/25 04:15:00,23.930,,,,,
24947,12/26/25 04:30:00,23.930,,,,,
24948,12/26/25 04:45:00,23.930,,,,,
24949,12/26/25 05:00:00,23.954,,,,,
24950,12/26/25 05:15:00,23.954,,,,,
24951,12/26/25 05:30:00,23.930,,,,,
24952,12/26/25 05:45:00,23.785,,,,,
24953,12/26/25 06:00:00,23.689,,,,,
24954,12/26/25 06:15:00,23.328,,,,,
24955,12/26/25 06:30:00,22.824,,,,,
24956,12/26/25 06:45:00,22.489,,,,,
24957,12/26/25 07:00:00,22.681,,,,,
24958,12/26/25 07:15:00,22.992,,,,,
24959,12/26/25 07:30:00,23.184,,,,,
24960,12/26/25 07:45:00,23.400,,,,,
24961,12/26/25 08:00:00,22.992,,,,,
24962,12/26/25 08:15:00,24.050,,,,,
24963,12/26/25 08:30:00,23.809,,,,,
24964,12/26/25 08:45:00,24.050,,,,,
24965,12/26/25 09:00:00,24.074,,,,,
24966,12/26/25 09:15:00,23.857,,,,,
24967,12/26/25 09:30:00,23.954,,,,,
24968,12/26/25 09:45:00,24.219,,,,,
24969,12/26/25 10:00:00,23.930,,,,,
24970,12/26/25 10:15:00,23.617,,,,,
24971,12/26/25 10:30:00,23.689,,,,,
24972,12/26/25 10:45:00,23.761,,,,,
24973,12/26/25 11:00:00,23.472,,,,,
24974,12/26/25 11:15:00,23.713,,,,,
24975,12/26/25 11:30:00,24.002,,,,,
24976,12/26/25 11:45:00,23.857,,,,,
24977,12/26/25 12:00:00,23.497,,,,,
24978,12/26/25 12:15:00,23.256,,,,,
24979,12/26/25 12:30:00,23.112,,,,,
24980,12/26/25 12:45:00,23.256,,,,,
24981,12/26/25 13:00:00,23.665,,,,,
24982,12/26/25 13:15:00,23.521,,,,,
24983,12/26/25 13:30:00,23.256,,,,,
24984,12/26/25 13:45:00,23.136,,,,,
24985,12/26/25 14:00:00,23.184,,,,,
24986,12/26/25 14:15:00,23.208,,,,,
24987,12/26/25 14:30:00,23.160,,,,,
24988,12/26/25 14:45:00,23.064,,,,,
24989,12/26/25 15:00:00,22.992,,,,,
24990,12/26/25 15:15:00,22.920,,,,,
24991,12/26/25 15:30:00,22.848,,,,,
24992,12/26/25 15:45:00,22.753,,,,,
24993,12/26/25 16:00:00,22.705,,,,,
24994,12/26/25 16:15:00,22.681,,,,,
24995,12/26/25 16:30:00,22.657,,,,,
24996,12/26/25 16:45:00,22.657,,,,,
24997,12/26/25 17:00:00,22.633,,,,,
24998,12/26/25 17:15:00,22.681,,,,,
24999,12/26/25 17:30:00,22.992,,,,,
25000,12/26/25 17:45:00,23.040,,,,,
25001,12/26/25 18:00:00,22.968,,,,,
25002,12/26/25 18:15:00,22.872,,,,,
25003,12/26/25 18:30:00,22.824,,,,,
25004,12/26/25 18:45:00,23.016,,,,,
25005,12/26/25 19:00:00,23.184,,,,,
25006,12/26/25 19:15:00,23.136,,,,,
25007,12/26/25 19:30:00,22.657,,,,,
25008,12/26/25 19:45:00,22.753,,,,,
25009,12/26/25 20:00:00,22.992,,,,,
25010,12/26/25 20:15:00,23.016,,,,,
25011,12/26/25 20:30:00,22.800,,,,,
25012,12/26/25 20:45:00,22.872,,,,,
25013,12/26/25 21:00:00,23.064,,,,,
25014,12/26/25 21:15:00,23.136,,,,,
25015,12/26/25 21:30:00,22.705,,,,,
25016,12/26/25 21:45:00,22.753,,,,,
25017,12/26/25 22:00:00,22.992,,,,,
25018,12/26/25 22:15:00,23.160,,,,,
25019,12/26/25 22:30:00,23.280,,,,,
25020,12/26/25 22:45:00,23.352,,,,,
25021,12/26/25 23:00:00,23.376,,,,,
25022,12/26/25 23:15:00,23.376,,,,,
25023,12/26/25 23:30:00,23.400,,,,,
25024,12/26/25 23:45:00,23.400,,,,,
25025,12/27/25 00:00:00,23.400,,,,,
25026,12/27/25 00:15:00,23.424,,,,,
25027,12/27/25 00:30:00,23.448,,,,,
25028,12/27/25 00:45:00,23.497,,,,,
25029,12/27/25 01:00:00,23.545,,,,,
25030,12/27/25 01:15:00,23.593,,,,,
25031,12/27/25 01:30:00,23.617,,,,,
25032,12/27/25 01:45:00,23.641,,,,,
25033,12/27/25 02:00:00,23.665,,,,,
25034,12/27/25 02:15:00,23.689,,,,,
25035,12/27/25 02:30:00,23.689,,,,,
25036,12/27/25 02:45:00,23.713,,,,,
25037,12/27/25 03:00:00,23.713,,,,,
25038,12/27/25 03:15:00,23.737,,,,,
25039,12/27/25 03:30:00,23.737,,,,,
25040,12/27/25 03:45:00,23.737,,,,,
25041,12/27/25 04:00:00,23.737,,,,,
25042,12/27/25 04:15:00,23.737,,,,,
25043,12/27/25 04:30:00,23.737,,,,,
25044,12/27/25 04:45:00,23.737,,,,,
25045,12/27/25 05:00:00,23.737,,,,,
25046,12/27/25 05:15:00,23.737,,,,,
25047,12/27/25 05:30:00,23.737,,,,,
25048,12/27/25 05:45:00,23.617,,,,,
25049,12/27/25 06:00:00,23.521,,,,,
25050,12/27/25 06:15:00,22.896,,,,,
25051,12/27/25 06:30:00,22.298,,,,,
25052,12/27/25 06:45:00,22.202,,,,,
25053,12/27/25 07:00:00,22.537,,,,,
25054,12/27/25 07:15:00,22.800,,,,,
25055,12/27/25 07:30:00,22.968,,,,,
25056,12/27/25 07:45:00,22.992,,,,,
25057,12/27/25 08:00:00,22.585,,,,,
25058,12/27/25 08:15:00,24.050,,,,,
25059,12/27/25 08:30:00,23.833,,,,,
25060,12/27/25 08:45:00,23.930,,,,,
25061,12/27/25 09:00:00,23.545,,,,,
25062,12/27/25 09:15:00,23.521,,,,,
25063,12/27/25 09:30:00,23.448,,,,,
25064,12/27/25 09:45:00,23.785,,,,,
25065,12/27/25 10:00:00,23.978,,,,,
25066,12/27/25 10:15:00,23.617,,,,,
25067,12/27/25 10:30:00,23.328,,,,,
25068,12/27/25 10:45:00,23.521,,,,,
25069,12/27/25 11:00:00,23.809,,,,,
25070,12/27/25 11:15:00,23.617,,,,,
25071,12/27/25 11:30:00,23.232,,,,,
25072,12/27/25 11:45:00,23.040,,,,,
25073,12/27/25 12:00:00,22.920,,,,,
25074,12/27/25 12:15:00,23.280,,,,,
25075,12/27/25 12:30:00,23.497,,,,,
25076,12/27/25 12:45:00,23.400,,,,,
25077,12/27/25 13:00:00,23.328,,,,,
25078,12/27/25 13:15:00,23.256,,,,,
25079,12/27/25 13:30:00,23.232,,,,,
25080,12/27/25 13:45:00,23.184,,,,,
25081,12/27/25 14:00:00,23.208,,,,,
25082,12/27/25 14:15:00,23.160,,,,,
25083,12/27/25 14:30:00,23.160,,,,,
25084,12/27/25 14:45:00,23.136,,,,,
25085,12/27/25 15:00:00,23.136,,,,,
25086,12/27/25 15:15:00,23.112,,,,,
25087,12/27/25 15:30:00,23.088,,,,,
25088,12/27/25 15:45:00,23.088,,,,,
25089,12/27/25 16:00:00,23.352,,,,,
25090,12/27/25 16:15:00,23.352,,,,,
25091,12/27/25 16:30:00,23.016,,,,,
25092,12/27/25 16:45:00,22.824,,,,,
25093,12/27/25 17:00:00,22.681,,,,,
25094,12/27/25 17:15:00,22.585,,,,,
25095,12/27/25 17:30:00,22.776,,,,,
25096,12/27/25 17:45:00,23.088,,,,,
25097,12/27/25 18:00:00,23.136,,,,,
25098,12/27/25 18:15:00,23.016,,,,,
25099,12/27/25 18:30:00,22.896,,,,,
25100,12/27/25 18:45:00,22.824,,,,,
25101,12/27/25 19:00:00,22.992,,,,,
25102,12/27/25 19:15:00,23.184,,,,,
25103,12/27/25 19:30:00,23.064,,,,,
25104,12/27/25 19:45:00,22.609,,,,,
25105,12/27/25 20:00:00,22.633,,,,,
25106,12/27/25 20:15:00,22.920,,,,,
25107,12/27/25 20:30:00,23.040,,,,,
25108,12/27/25 20:45:00,22.848,,,,,
25109,12/27/25 21:00:00,22.657,,,,,
25110,12/27/25 21:15:00,22.776,,,,,
25111,12/27/25 21:30:00,22.968,,,,,
25112,12/27/25 21:45:00,23.088,,,,,
25113,12/27/25 22:00:00,23.064,,,,,
25114,12/27/25 22:15:00,23.040,,,,,
25115,12/27/25 22:30:00,23.160,,,,,
25116,12/27/25 22:45:00,23.208,,,,,
25117,12/27/25 23:00:00,23.256,,,,,
25118,12/27/25 23:15:00,23.256,,,,,
25119,12/27/25 23:30:00,23.280,,,,,
25120,12/27/25 23:45:00,23.304,,,,,
25121,12/28/25 00:00:00,23.352,,,,,
25122,12/28/25 00:15:00,23.400,,,,,
25123,12/28/25 00:30:00,23.448,,,,,
25124,12/28/25 00:45:00,23.497,,,,,
25125,12/28/25 01:00:00,23.521,,,,,
25126,12/28/25 01:15:00,23.545,,,,,
25127,12/28/25 01:30:00,23.545,,,,,
25128,12/28/25 01:45:00,23.569,,,,,
25129,12/28/25 02:00:00,23.593,,,,,
25130,12/28/25 02:15:00,23.593,,,,,
25131,12/28/25 02:30:00,23.617,,,,,
25132,12/28/25 02:45:00,23.617,,,,,
25133,12/28/25 03:00:00,23.641,,,,,
25134,12/28/25 03:15:00,23.641,,,,,
25135,12/28/25 03:30:00,23.641,,,,,
25136,12/28/25 03:45:00,23.665,,,,,
25137,12/28/25 04:00:00,23.665,,,,,
25138,12/28/25 04:15:00,23.665,,,,,
25139,12/28/25 04:30:00,23.665,,,,,
25140,12/28/25 04:45:00,23.665,,,,,
25141,12/28/25 05:00:00,23.665,,,,,
25142,12/28/25 05:15:00,23.665,,,,,
25143,12/28/25 05:30:00,23.641,,,,,
25144,12/28/25 05:45:00,23.545,,,,,
25145,12/28/25 06:00:00,23.448,,,,,
25146,12/28/25 06:15:00,22.824,,,,,
25147,12/28/25 06:30:00,22.250,,,,,
25148,12/28/25 06:45:00,22.202,,,,,
25149,12/28/25 07:00:00,22.561,,,,,
25150,12/28/25 07:15:00,22.776,,,,,
25151,12/28/25 07:30:00,22.920,,,,,
25152,12/28/25 07:45:00,22.776,,,,,
25153,12/28/25 08:00:00,22.465,,,,,
25154,12/28/25 08:15:00,23.978,,,,,
25155,12/28/25 08:30:00,23.689,,,,,
25156,12/28/25 08:45:00,23.881,,,,,
25157,12/28/25 09:00:00,23.689,,,,,
25158,12/28/25 09:15:00,23.641,,,,,
25159,12/28/25 09:30:00,23.497,,,,,
25160,12/28/25 09:45:00,23.809,,,,,
25161,12/28/25 10:00:00,23.930,,,,,
25162,12/28/25 10:15:00,23.472,,,,,
25163,12/28/25 10:30:00,23.160,,,,,
25164,12/28/25 10:45:00,23.304,,,,,
25165,12/28/25 11:00:00,23.593,,,,,
25166,12/28/25 11:15:00,23.737,,,,,
25167,12/28/25 11:30:00,23.448,,,,,
25168,12/28/25 11:45:00,23.328,,,,,
25169,12/28/25 12:00:00,23.280,,,,,
25170,12/28/25 12:15:00,23.256,,,,,
25171,12/28/25 12:30:00,23.208,,,,,
25172,12/28/25 12:45:00,23.160,,,,,
25173,12/28/25 13:00:00,23.064,,,,,
25174,12/28/25 13:15:00,23.016,,,,,
25175,12/28/25 13:30:00,22.968,,,,,
25176,12/28/25 13:45:00,22.944,,,,,
25177,12/28/25 14:00:00,22.920,,,,,
25178,12/28/25 14:15:00,22.944,,,,,
25179,12/28/25 14:30:00,22.800,,,,,
25180,12/28/25 14:45:00,22.585,,,,,
25181,12/28/25 15:00:00,22.753,,,,,
25182,12/28/25 15:15:00,22.776,,,,,
25183,12/28/25 15:30:00,22.872,,,,,
25184,12/28/25 15:45:00,23.016,,,,,
25185,12/28/25 16:00:00,23.136,,,,,
25186,12/28/25 16:15:00,23.184,,,,,
25187,12/28/25 16:30:00,23.208,,,,,
25188,12/28/25 16:45:00,23.184,,,,,
25189,12/28/25 17:00:00,23.136,,,,,
25190,12/28/25 17:15:00,23.088,,,,,
25191,12/28/25 17:30:00,22.992,,,,,
25192,12/28/25 17:45:00,22.872,,,,,
25193,12/28/25 18:00:00,22.776,,,,,
25194,12/28/25 18:15:00,22.681,,,,,
25195,12/28/25 18:30:00,22.609,,,,,
25196,12/28/25 18:45:00,22.705,,,,,
25197,12/28/25 19:00:00,22.944,,,,,
25198,12/28/25 19:15:00,23.040,,,,,
25199,12/28/25 19:30:00,22.848,,,,,
25200,12/28/25 19:45:00,22.681,,,,,
25201,12/28/25 20:00:00,22.585,,,,,
25202,12/28/25 20:15:00,22.657,,,,,
25203,12/28/25 20:30:00,22.896,,,,,
25204,12/28/25 20:45:00,23.040,,,,,
25205,12/28/25 21:00:00,22.968,,,,,
25206,12/28/25 21:15:00,22.561,,,,,
25207,12/28/25 21:30:00,22.681,,,,,
25208,12/28/25 21:45:00,22.896,,,,,
25209,12/28/25 22:00:00,22.944,,,,,
25210,12/28/25 22:15:00,22.992,,,,,
25211,12/28/25 22:30:00,23.112,,,,,
25212,12/28/25 22:45:00,23.184,,,,,
25213,12/28/25 23:00:00,23.232,,,,,
25214,12/28/25 23:15:00,23.256,,,,,
25215,12/28/25 23:30:00,23.280,,,,,
25216,12/28/25 23:45:00,23.304,,,,,
25217,12/29/25 00:00:00,23.328,,,,,
25218,12/29/25 00:15:00,23.376,,,,,
25219,12/29/25 00:30:00,23.424,,,,,
25220,12/29/25 00:45:00,23.472,,,,,
25221,12/29/25 01:00:00,23.521,,,,,
25222,12/29/25 01:15:00,23.569,,,,,
25223,12/29/25 01:30:00,23.593,,,,,
25224,12/29/25 01:45:00,23.617,,,,,
25225,12/29/25 02:00:00,23.665,,,,,
25226,12/29/25 02:15:00,23.689,,,,,
25227,12/29/25 02:30:00,23.713,,,,,
25228,12/29/25 02:45:00,23.737,,,,,
25229,12/29/25 03:00:00,23.737,,,,,
25230,12/29/25 03:15:00,23.761,,,,,
25231,12/29/25 03:30:00,23.785,,,,,
25232,12/29/25 03:45:00,23.833,,,,,
25233,12/29/25 04:00:00,23.833,,,,,
25234,12/29/25 04:15:00,23.857,,,,,
25235,12/29/25 04:30:00,23.881,,,,,
25236,12/29/25 04:45:00,23.905,,,,,
25237,12/29/25 05:00:00,23.905,,,,,
25238,12/29/25 05:15:00,23.930,,,,,
25239,12/29/25 05:30:00,23.881,,,,,
25240,12/29/25 05:45:00,23.785,,,,,
25241,12/29/25 06:00:00,23.737,,,,,
25242,12/29/25 06:15:00,23.208,,,,,
25243,12/29/25 06:30:00,22.345,,,,,
25244,12/29/25 06:45:00,22.274,,,,,
25245,12/29/25 07:00:00,22.345,,,,,
25246,12/29/25 07:15:00,22.561,,,,,
25247,12/29/25 07:30:00,22.872,,,,,
25248,12/29/25 07:45:00,23.040,,,,,
25249,12/29/25 08:00:00,22.824,,,,,
25250,12/29/25 08:15:00,22.729,,,,,
25251,12/29/25 08:30:00,23.112,,,,,
25252,12/29/25 08:45:00,23.521,,,,,
25253,12/29/25 09:00:00,23.665,,,,,
25254,12/29/25 09:15:00,23.304,,,,,
25255,12/29/25 09:30:00,23.016,,,,,
25256,12/29/25 09:45:00,23.448,,,,,
25257,12/29/25 10:00:00,23.761,,,,,
25258,12/29/25 10:15:00,23.545,,,,,
25259,12/29/25 10:30:00,23.256,,,,,
25260,12/29/25 10:45:00,23.088,,,,,
25261,12/29/25 11:00:00,22.992,,,,,
25262,12/29/25 11:15:00,22.992,,,,,
25263,12/29/25 11:30:00,23.328,,,,,
25264,12/29/25 11:45:00,23.593,,,,,
25265,12/29/25 12:00:00,23.497,,,,,
25266,12/29/25 12:15:00,23.088,,,,,
25267,12/29/25 12:30:00,22.872,,,,,
25268,12/29/25 12:45:00,22.776,,,,,
25269,12/29/25 13:00:00,23.160,,,,,
25270,12/29/25 13:15:00,23.424,,,,,
25271,12/29/25 13:30:00,23.136,,,,,
25272,12/29/25 13:45:00,22.800,,,,,
25273,12/29/25 14:00:00,22.609,,,,,
25274,12/29/25 14:15:00,22.705,,,,,
25275,12/29/25 14:30:00,23.112,,,,,
25276,12/29/25 14:45:00,23.304,,,,,
25277,12/29/25 15:00:00,23.088,,,,,
25278,12/29/25 15:15:00,22.920,,,,,
25279,12/29/25 15:30:00,22.776,,,,,
25280,12/29/25 15:45:00,22.776,,,,,
25281,12/29/25 16:00:00,23.088,,,,,
25282,12/29/25 16:15:00,23.328,,,,,
25283,12/29/25 16:30:00,23.208,,,,,
25284,12/29/25 16:45:00,22.872,,,,,
25285,12/29/25 17:00:00,22.753,,,,,
25286,12/29/25 17:15:00,23.112,,,,,
25287,12/29/25 17:30:00,23.088,,,,,
25288,12/29/25 17:45:00,22.753,,,,,
25289,12/29/25 18:00:00,22.657,,,,,
25290,12/29/25 18:15:00,22.968,,,,,
25291,12/29/25 18:30:00,23.088,,,,,
25292,12/29/25 18:45:00,22.848,,,,,
25293,12/29/25 19:00:00,22.705,,,,,
25294,12/29/25 19:15:00,22.944,,,,,
25295,12/29/25 19:30:00,23.136,,,,,
25296,12/29/25 19:45:00,23.256,,,,,
25297,12/29/25 20:00:00,22.896,,,,,
25298,12/29/25 20:15:00,22.513,,,,,
25299,12/29/25 20:30:00,22.441,,,,,
25300,12/29/25 20:45:00,22.753,,,,,
25301,12/29/25 21:00:00,22.872,,,,,
25302,12/29/25 21:15:00,22.753,,,,,
25303,12/29/25 21:30:00,22.896,,,,,
25304,12/29/25 21:45:00,23.040,,,,,
25305,12/29/25 22:00:00,23.136,,,,,
25306,12/29/25 22:15:00,23.256,,,,,
25307,12/29/25 22:30:00,23.328,,,,,
25308,12/29/25 22:45:00,23.376,,,,,
25309,12/29/25 23:00:00,23.400,,,,,
25310,12/29/25 23:15:00,23.400,,,,,
25311,12/29/25 23:30:00,23.400,,,,,
25312,12/29/25 23:45:00,23.376,,,,,
25313,12/30/25 00:00:00,23.376,,,,,
25314,12/30/25 00:15:00,23.400,,,,,
25315,12/30/25 00:30:00,23.448,,,,,
25316,12/30/25 00:45:00,23.472,,,,,
25317,12/30/25 01:00:00,23.521,,,,,
25318,12/30/25 01:15:00,23.545,,,,,
25319,12/30/25 01:30:00,23.569,,,,,
25320,12/30/25 01:45:00,23.593,,,,,
25321,12/30/25 02:00:00,23.617,,,,,
25322,12/30/25 02:15:00,23.641,,,,,
25323,12/30/25 02:30:00,23.641,,,,,
25324,12/30/25 02:45:00,23.665,,,,,
25325,12/30/25 03:00:00,23.689,,,,,
25326,12/30/25 03:15:00,23.689,,,,,
25327,12/30/25 03:30:00,23.689,,,,,
25328,12/30/25 03:45:00,23.713,,,,,
25329,12/30/25 04:00:00,23.737,,,,,
25330,12/30/25 04:15:00,23.737,,,,,
25331,12/30/25 04:30:00,23.737,,,,,
25332,12/30/25 04:45:00,23.737,,,,,
25333,12/30/25 05:00:00,23.761,,,,,
25334,12/30/25 05:15:00,23.761,,,,,
25335,12/30/25 05:30:00,23.689,,,,,
25336,12/30/25 05:45:00,23.569,,,,,
25337,12/30/25 06:00:00,23.521,,,,,
25338,12/30/25 06:15:00,22.920,,,,,
25339,12/30/25 06:30:00,22.465,,,,,
25340,12/30/25 06:45:00,22.250,,,,,
25341,12/30/25 07:00:00,22.321,,,,,
25342,12/30/25 07:15:00,22.633,,,,,
25343,12/30/25 07:30:00,22.872,,,,,
25344,12/30/25 07:45:00,23.064,,,,,
25345,12/30/25 08:00:00,22.776,,,,,
25346,12/30/25 08:15:00,23.400,,,,,
25347,12/30/25 08:30:00,23.280,,,,,
25348,12/30/25 08:45:00,23.593,,,,,
25349,12/30/25 09:00:00,23.761,,,,,
25350,12/30/25 09:15:00,23.785,,,,,
25351,12/30/25 09:30:00,23.328,,,,,
25352,12/30/25 09:45:00,23.280,,,,,
25353,12/30/25 10:00:00,23.617,,,,,
25354,12/30/25 10:15:00,23.689,,,,,
25355,12/30/25 10:30:00,23.352,,,,,
25356,12/30/25 10:45:00,23.088,,,,,
25357,12/30/25 11:00:00,23.136,,,,,
25358,12/30/25 11:15:00,23.472,,,,,
25359,12/30/25 11:30:00,23.521,,,,,
25360,12/30/25 11:45:00,23.160,,,,,
25361,12/30/25 12:00:00,22.944,,,,,
25362,12/30/25 12:15:00,22.824,,,,,
25363,12/30/25 12:30:00,22.776,,,,,
25364,12/30/25 12:45:00,22.800,,,,,
25365,12/30/25 13:00:00,23.064,,,,,
25366,12/30/25 13:15:00,23.376,,,,,
25367,12/30/25 13:30:00,23.280,,,,,
25368,12/30/25 13:45:00,23.184,,,,,
25369,12/30/25 14:00:00,23.112,,,,,
25370,12/30/25 14:15:00,23.064,,,,,
25371,12/30/25 14:30:00,23.040,,,,,
25372,12/30/25 14:45:00,23.016,,,,,
25373,12/30/25 15:00:00,23.016,,,,,
25374,12/30/25 15:15:00,23.016,,,,,
25375,12/30/25 15:30:00,23.016,,,,,
25376,12/30/25 15:45:00,23.016,,,,,
25377,12/30/25 16:00:00,22.992,,,,,
25378,12/30/25 16:15:00,22.992,,,,,
25379,12/30/25 16:30:00,22.968,,,,,
25380,12/30/25 16:45:00,22.968,,,,,
25381,12/30/25 17:00:00,22.944,,,,,
25382,12/30/25 17:15:00,22.992,,,,,
25383,12/30/25 17:30:00,23.280,,,,,
25384,12/30/25 17:45:00,23.064,,,,,
25385,12/30/25 18:00:00,22.753,,,,,
25386,12/30/25 18:15:00,22.537,,,,,
25387,12/30/25 18:30:00,22.824,,,,,
25388,12/30/25 18:45:00,23.064,,,,,
25389,12/30/25 19:00:00,22.920,,,,,
25390,12/30/25 19:15:00,22.800,,,,,
25391,12/30/25 19:30:00,22.681,,,,,
25392,12/30/25 19:45:00,22.824,,,,,
25393,12/30/25 20:00:00,23.064,,,,,
25394,12/30/25 20:15:00,23.088,,,,,
25395,12/30/25 20:30:00,22.657,,,,,
25396,12/30/25 20:45:00,22.633,,,,,
25397,12/30/25 21:00:00,22.896,,,,,
25398,12/30/25 21:15:00,22.992,,,,,
25399,12/30/25 21:30:00,22.633,,,,,
25400,12/30/25 21:45:00,22.609,,,,,
25401,12/30/25 22:00:00,22.872,,,,,
25402,12/30/25 22:15:00,23.064,,,,,
25403,12/30/25 22:30:00,23.184,,,,,
25404,12/30/25 22:45:00,23.256,,,,,
25405,12/30/25 23:00:00,23.304,,,,,
25406,12/30/25 23:15:00,23.328,,,,,
25407,12/30/25 23:30:00,23.352,,,,,
25408,12/30/25 23:45:00,23.352,,,,,
25409,12/31/25 00:00:00,23.352,,,,,
25410,12/31/25 00:15:00,23.376,,,,,
25411,12/31/25 00:30:00,23.448,,,,,
25412,12/31/25 00:45:00,23.472,,,,,
25413,12/31/25 01:00:00,23.521,,,,,
25414,12/31/25 01:15:00,23.569,,,,,
25415,12/31/25 01:30:00,23.593,,,,,
25416,12/31/25 01:45:00,23.617,,,,,
25417,12/31/25 02:00:00,23.641,,,,,
25418,12/31/25 02:15:00,23.665,,,,,
25419,12/31/25 02:30:00,23.689,,,,,
25420,12/31/25 02:45:00,23.689,,,,,
25421,12/31/25 03:00:00,23.713,,,,,
25422,12/31/25 03:15:00,23.713,,,,,
25423,12/31/25 03:30:00,23.737,,,,,
25424,12/31/25 03:45:00,23.761,,,,,
25425,12/31/25 04:00:00,23.761,,,,,
25426,12/31/25 04:15:00,23.785,,,,,
25427,12/31/25 04:30:00,23.785,,,,,
25428,12/31/25 04:45:00,23.809,,,,,
25429,12/31/25 05:00:00,23.809,,,,,
25430,12/31/25 05:15:00,23.809,,,,,
25431,12/31/25 05:30:00,23.785,,,,,
25432,12/31/25 05:45:00,23.689,,,,,
25433,12/31/25 06:00:00,23.617,,,,,
25434,12/31/25 06:15:00,23.040,,,,,
25435,12/31/25 06:30:00,22.298,,,,,
25436,12/31/25 06:45:00,22.226,,,,,
25437,12/31/25 07:00:00,22.298,,,,,
25438,12/31/25 07:15:00,22.657,,,,,
25439,12/31/25 07:30:00,22.896,,,,,
25440,12/31/25 07:45:00,22.872,,,,,
25441,12/31/25 08:00:00,22.681,,,,,
25442,12/31/25 08:15:00,22.753,,,,,
25443,12/31/25 08:30:00,23.088,,,,,
25444,12/31/25 08:45:00,23.376,,,,,
25445,12/31/25 09:00:00,23.737,,,,,
25446,12/31/25 09:15:00,23.857,,,,,
25447,12/31/25 09:30:00,23.376,,,,,
25448,12/31/25 09:45:00,23.593,,,,,
25449,12/31/25 10:00:00,23.761,,,,,
25450,12/31/25 10:15:00,23.424,,,,,
25451,12/31/25 10:30:00,23.232,,,,,
25452,12/31/25 10:45:00,23.232,,,,,
25453,12/31/25 11:00:00,23.545,,,,,
25454,12/31/25 11:15:00,23.448,,,,,
25455,12/31/25 11:30:00,23.160,,,,,
25456,12/31/25 11:45:00,23.016,,,,,
25457,12/31/25 12:00:00,22.920,,,,,
25458,12/31/25 12:15:00,22.848,,,,,
25459,12/31/25 12:30:00,22.800,,,,,
25460,12/31/25 12:45:00,22.848,,,,,
25461,12/31/25 13:00:00,22.896,,,,,
25462,12/31/25 13:15:00,22.944,,,,,
25463,12/31/25 13:30:00,22.968,,,,,
25464,12/31/25 13:45:00,22.968,,,,,
25465,12/31/25 14:00:00,22.968,,,,,
25466,12/31/25 14:15:00,22.992,,,,,
25467,12/31/25 14:30:00,22.992,,,,,
25468,12/31/25 14:45:00,22.992,,,,,
25469,12/31/25 15:00:00,22.968,,,,,
25470,12/31/25 15:15:00,22.944,,,,,
25471,12/31/25 15:30:00,22.920,,,,,
25472,12/31/25 15:45:00,22.872,,,,,
25473,12/31/25 16:00:00,22.848,,,,,
25474,12/31/25 16:15:00,22.992,,,,,
25475,12/31/25 16:30:00,23.232,,,,,
25476,12/31/25 16:45:00,23.112,,,,,
25477,12/31/25 17:00:00,22.968,,,,,
25478,12/31/25 17:15:00,22.872,,,,,
25479,12/31/25 17:30:00,22.776,,,,,
25480,12/31/25 17:45:00,22.729,,,,,
25481,12/31/25 18:00:00,22.992,,,,,
25482,12/31/25 18:15:00,23.184,,,,,
25483,12/31/25 18:30:00,23.016,,,,,
25484,12/31/25 18:45:00,22.848,,,,,
25485,12/31/25 19:00:00,22.753,,,,,
25486,12/31/25 19:15:00,22.824,,,,,
25487,12/31/25 19:30:00,23.088,,,,,
25488,12/31/25 19:45:00,23.136,,,,,
25489,12/31/25 20:00:00,22.753,,,,,
25490,12/31/25 20:15:00,22.609,,,,,
25491,12/31/25 20:30:00,22.920,,,,,
25492,12/31/25 20:45:00,23.088,,,,,
25493,12/31/25 21:00:00,22.896,,,,,
25494,12/31/25 21:15:00,22.753,,,,,
25495,12/31/25 21:30:00,22.776,,,,,
25496,12/31/25 21:45:00,22.992,,,,,
25497,12/31/25 22:00:00,22.896,,,,,
25498,12/31/25 22:15:00,22.968,,,,,
25499,12/31/25 22:30:00,23.136,,,,,
25500,12/31/25 22:45:00,23.256,,,,,
25501,12/31/25 23:00:00,23.304,,,,,
25502,12/31/25 23:15:00,23.352,,,,,
25503,12/31/25 23:30:00,23.376,,,,,
25504,12/31/25 23:45:00,23.424,,,,,
25505,01/01/26 00:00:00,23.448,,,,,
25506,01/01/26 00:15:00,23.472,,,,,
25507,01/01/26 00:30:00,23.545,,,,,
25508,01/01/26 00:45:00,23.593,,,,,
25509,01/01/26 01:00:00,23.641,,,,,
25510,01/01/26 01:15:00,23.689,,,,,
25511,01/01/26 01:30:00,23.713,,,,,
25512,01/01/26 01:45:00,23.761,,,,,
25513,01/01/26 02:00:00,23.785,,,,,
25514,01/01/26 02:15:00,23.809,,,,,
25515,01/01/26 02:30:00,23.833,,,,,
25516,01/01/26 02:45:00,23.857,,,,,
25517,01/01/26 03:00:00,23.881,,,,,
25518,01/01/26 03:15:00,23.905,,,,,
25519,01/01/26 03:30:00,23.930,,,,,
25520,01/01/26 03:45:00,23.954,,,,,
25521,01/01/26 04:00:00,23.978,,,,,
25522,01/01/26 04:15:00,23.978,,,,,
25523,01/01/26 04:30:00,24.002,,,,,
25524,01/01/26 04:45:00,24.002,,,,,
25525,01/01/26 05:00:00,24.026,,,,,
25526,01/01/26 05:15:00,24.026,,,,,
25527,01/01/26 05:30:00,23.930,,,,,
25528,01/01/26 05:45:00,23.809,,,,,
25529,01/01/26 06:00:00,23.737,,,,,
25530,01/01/26 06:15:00,23.208,,,,,
25531,01/01/26 06:30:00,22.369,,,,,
25532,01/01/26 06:45:00,22.298,,,,,
25533,01/01/26 07:00:00,22.369,,,,,
25534,01/01/26 07:15:00,22.729,,,,,
25535,01/01/26 07:30:00,22.992,,,,,
25536,01/01/26 07:45:00,23.016,,,,,
25537,01/01/26 08:00:00,22.609,,,,,
25538,01/01/26 08:15:00,22.537,,,,,
25539,01/01/26 08:30:00,22.872,,,,,
25540,01/01/26 08:45:00,23.088,,,,,
25541,01/01/26 09:00:00,23.256,,,,,
25542,01/01/26 09:15:00,23.352,,,,,
25543,01/01/26 09:30:00,22.944,,,,,
25544,01/01/26 09:45:00,22.729,,,,,
25545,01/01/26 10:00:00,23.112,,,,,
25546,01/01/26 10:15:00,23.400,,,,,
25547,01/01/26 10:30:00,23.545,,,,,
25548,01/01/26 10:45:00,23.136,,,,,
25549,01/01/26 11:00:00,22.753,,,,,
25550,01/01/26 11:15:00,22.944,,,,,
25551,01/01/26 11:30:00,23.328,,,,,
25552,01/01/26 11:45:00,23.569,,,,,
25553,01/01/26 12:00:00,23.400,,,,,
25554,01/01/26 12:15:00,23.112,,,,,
25555,01/01/26 12:30:00,22.920,,,,,
25556,01/01/26 12:45:00,22.776,,,,,
25557,01/01/26 13:00:00,23.040,,,,,
25558,01/01/26 13:15:00,23.400,,,,,
25559,01/01/26 13:30:00,23.545,,,,,
25560,01/01/26 13:45:00,23.160,,,,,
25561,01/01/26 14:00:00,22.920,,,,,
25562,01/01/26 14:15:00,22.800,,,,,
25563,01/01/26 14:30:00,22.729,,,,,
25564,01/01/26 14:45:00,23.160,,,,,
25565,01/01/26 15:00:00,23.400,,,,,
25566,01/01/26 15:15:00,23.064,,,,,
25567,01/01/26 15:30:00,22.848,,,,,
25568,01/01/26 15:45:00,22.705,,,,,
25569,01/01/26 16:00:00,22.609,,,,,
25570,01/01/26 16:15:00,22.561,,,,,
25571,01/01/26 16:30:00,22.561,,,,,
25572,01/01/26 16:45:00,22.657,,,,,
25573,01/01/26 17:00:00,23.112,,,,,
25574,01/01/26 17:15:00,23.304,,,,,
25575,01/01/26 17:30:00,22.968,,,,,
25576,01/01/26 17:45:00,22.729,,,,,
25577,01/01/26 18:00:00,22.896,,,,,
25578,01/01/26 18:15:00,23.208,,,,,
25579,01/01/26 18:30:00,23.016,,,,,
25580,01/01/26 18:45:00,22.705,,,,,
25581,01/01/26 19:00:00,22.633,,,,,
25582,01/01/26 19:15:00,22.968,,,,,
25583,01/01/26 19:30:00,23.184,,,,,
25584,01/01/26 19:45:00,22.848,,,,,
25585,01/01/26 20:00:00,22.729,,,,,
25586,01/01/26 20:15:00,23.016,,,,,
25587,01/01/26 20:30:00,23.208,,,,,
25588,01/01/26 20:45:00,22.920,,,,,
25589,01/01/26 21:00:00,22.609,,,,,
25590,01/01/26 21:15:00,22.633,,,,,
25591,01/01/26 21:30:00,22.944,,,,,
25592,01/01/26 21:45:00,23.136,,,,,
25593,01/01/26 22:00:00,23.112,,,,,
25594,01/01/26 22:15:00,23.112,,,,,
25595,01/01/26 22:30:00,23.280,,,,,
25596,01/01/26 22:45:00,23.376,,,,,
25597,01/01/26 23:00:00,23.424,,,,,
25598,01/01/26 23:15:00,23.472,,,,,
25599,01/01/26 23:30:00,23.521,,,,,
25600,01/01/26 23:45:00,23.569,,,,,
25601,01/02/26 00:00:00,23.617,,,,,
25602,01/02/26 00:15:00,23.689,,,,,
25603,01/02/26 00:30:00,23.737,,,,,
25604,01/02/26 00:45:00,23.785,,,,,
25605,01/02/26 01:00:00,23.833,,,,,
25606,01/02/26 01:15:00,23.881,,,,,
25607,01/02/26 01:30:00,23.905,,,,,
25608,01/02/26 01:45:00,23.954,,,,,
25609,01/02/26 02:00:00,23.978,,,,,
25610,01/02/26 02:15:00,24.002,,,,,
25611,01/02/26 02:30:00,24.026,,,,,
25612,01/02/26 02:45:00,24.050,,,,,
25613,01/02/26 03:00:00,24.074,,,,,
25614,01/02/26 03:15:00,24.098,,,,,
25615,01/02/26 03:30:00,24.122,,,,,
25616,01/02/26 03:45:00,24.146,,,,,
25617,01/02/26 04:00:00,24.171,,,,,
25618,01/02/26 04:15:00,24.195,,,,,
25619,01/02/26 04:30:00,24.219,,,,,
25620,01/02/26 04:45:00,24.219,,,,,
25621,01/02/26 05:00:00,24.243,,,,,
25622,01/02/26 05:15:00,24.243,,,,,
25623,01/02/26 05:30:00,24.171,,,,,
25624,01/02/26 05:45:00,24.050,,,,,
25625,01/02/26 06:00:00,23.978,,,,,
25626,01/02/26 06:15:00,23.497,,,,,
25627,01/02/26 06:30:00,22.585,,,,,
25628,01/02/26 06:45:00,22.441,,,,,
25629,01/02/26 07:00:00,22.465,,,,,
25630,01/02/26 07:15:00,22.513,,,,,
25631,01/02/26 07:30:00,22.896,,,,,
25632,01/02/26 07:45:00,23.136,,,,,
25633,01/02/26 08:00:00,22.824,,,,,
25634,01/02/26 08:15:00,22.657,,,,,
25635,01/02/26 08:30:00,22.920,,,,,
25636,01/02/26 08:45:00,23.208,,,,,
25637,01/02/26 09:00:00,23.160,,,,,
25638,01/02/26 09:15:00,22.824,,,,,
25639,01/02/26 09:30:00,22.681,,,,,
25640,01/02/26 09:45:00,23.040,,,,,
25641,01/02/26 10:00:00,23.448,,,,,
25642,01/02/26 10:15:00,23.521,,,,,
25643,01/02/26 10:30:00,23.184,,,,,
25644,01/02/26 10:45:00,23.016,,,,,
25645,01/02/26 11:00:00,22.920,,,,,
25646,01/02/26 11:15:00,22.848,,,,,
25647,01/02/26 11:30:00,23.136,,,,,
25648,01/02/26 11:45:00,23.472,,,,,
25649,01/02/26 12:00:00,23.352,,,,,
25650,01/02/26 12:15:00,23.136,,,,,
25651,01/02/26 12:30:00,23.040,,,,,
25652,01/02/26 12:45:00,23.016,,,,,
25653,01/02/26 13:00:00,22.968,,,,,
25654,01/02/26 13:15:00,22.944,,,,,
25655,01/02/26 13:30:00,22.920,,,,,
25656,01/02/26 13:45:00,22.920,,,,,
25657,01/02/26 14:00:00,22.872,,,,,
25658,01/02/26 14:15:00,22.848,,,,,
25659,01/02/26 14:30:00,22.848,,,,,
25660,01/02/26 14:45:00,22.824,,,,,
25661,01/02/26 15:00:00,22.800,,,,,
25662,01/02/26 15:15:00,22.776,,,,,
25663,01/02/26 15:30:00,22.753,,,,,
25664,01/02/26 15:45:00,22.729,,,,,
25665,01/02/26 16:00:00,22.729,,,,,
25666,01/02/26 16:15:00,22.657,,,,,
25667,01/02/26 16:30:00,22.633,,,,,
25668,01/02/26 16:45:00,22.633,,,,,
25669,01/02/26 17:00:00,22.609,,,,,
25670,01/02/26 17:15:00,22.561,,,,,
25671,01/02/26 17:30:00,22.513,,,,,
25672,01/02/26 17:45:00,22.513,,,,,
25673,01/02/26 18:00:00,22.585,,,,,
25674,01/02/26 18:15:00,22.585,,,,,
25675,01/02/26 18:30:00,22.848,,,,,
25676,01/02/26 18:45:00,23.232,,,,,
25677,01/02/26 19:00:00,23.328,,,,,
25678,01/02/26 19:15:00,22.992,,,,,
25679,01/02/26 19:30:00,22.944,,,,,
25680,01/02/26 19:45:00,23.208,,,,,
25681,01/02/26 20:00:00,23.016,,,,,
25682,01/02/26 20:15:00,22.705,,,,,
25683,01/02/26 20:30:00,22.633,,,,,
25684,01/02/26 20:45:00,22.968,,,,,
25685,01/02/26 21:00:00,23.184,,,,,
25686,01/02/26 21:15:00,22.896,,,,,
25687,01/02/26 21:30:00,22.585,,,,,
25688,01/02/26 21:45:00,22.729,,,,,
25689,01/02/26 22:00:00,23.016,,,,,
25690,01/02/26 22:15:00,23.208,,,,,
25691,01/02/26 22:30:00,23.376,,,,,
25692,01/02/26 22:45:00,23.448,,,,,
25693,01/02/26 23:00:00,23.521,,,,,
25694,01/02/26 23:15:00,23.545,,,,,
25695,01/02/26 23:30:00,23.569,,,,,
25696,01/02/26 23:45:00,23.593,,,,,
25697,01/03/26 00:00:00,23.617,,,,,
25698,01/03/26 00:15:00,23.617,,,,,
25699,01/03/26 00:30:00,23.641,,,,,
25700,01/03/26 00:45:00,23.689,,,,,
25701,01/03/26 01:00:00,23.761,,,,,
25702,01/03/26 01:15:00,23.809,,,,,
25703,01/03/26 01:30:00,23.857,,,,,
25704,01/03/26 01:45:00,23.905,,,,,
25705,01/03/26 02:00:00,23.954,,,,,
25706,01/03/26 02:15:00,24.002,,,,,
25707,01/03/26 02:30:00,24.026,,,,,
25708,01/03/26 02:45:00,24.050,,,,,
25709,01/03/26 03:00:00,24.074,,,,,
25710,01/03/26 03:15:00,24.098,,,,,
25711,01/03/26 03:30:00,24.122,,,,,
25712,01/03/26 03:45:00,24.146,,,,,
25713,01/03/26 04:00:00,24.171,,,,,
25714,01/03/26 04:15:00,24.195,,,,,
25715,01/03/26 04:30:00,24.219,,,,,
25716,01/03/26 04:45:00,24.243,,,,,
25717,01/03/26 05:00:00,24.267,,,,,
25718,01/03/26 05:15:00,24.267,,,,,
25719,01/03/26 05:30:00,24.171,,,,,
25720,01/03/26 05:45:00,24.026,,,,,
25721,01/03/26 06:00:00,23.954,,,,,
25722,01/03/26 06:15:00,23.497,,,,,
25723,01/03/26 06:30:00,22.561,,,,,
25724,01/03/26 06:45:00,22.465,,,,,
25725,01/03/26 07:00:00,22.441,,,,,
25726,01/03/26 07:15:00,22.393,,,,,
25727,01/03/26 07:30:00,22.681,,,,,
25728,01/03/26 07:45:00,23.280,,,,,
25729,01/03/26 08:00:00,23.184,,,,,
25730,01/03/26 08:15:00,24.388,,,,,
25731,01/03/26 08:30:00,23.833,,,,,
25732,01/03/26 08:45:00,23.617,,,,,
25733,01/03/26 09:00:00,24.002,,,,,
25734,01/03/26 09:15:00,24.388,,,,,
25735,01/03/26 09:30:00,23.930,,,,,
25736,01/03/26 09:45:00,23.641,,,,,
25737,01/03/26 10:00:00,23.545,,,,,
25738,01/03/26 10:15:00,23.713,,,,,
25739,01/03/26 10:30:00,23.857,,,,,
25740,01/03/26 10:45:00,23.641,,,,,
25741,01/03/26 11:00:00,23.472,,,,,
25742,01/03/26 11:15:00,23.376,,,,,
25743,01/03/26 11:30:00,23.328,,,,,
25744,01/03/26 11:45:00,23.280,,,,,
25745,01/03/26 12:00:00,23.232,,,,,
25746,01/03/26 12:15:00,23.208,,,,,
25747,01/03/26 12:30:00,23.184,,,,,
25748,01/03/26 12:45:00,23.160,,,,,
25749,01/03/26 13:00:00,23.136,,,,,
25750,01/03/26 13:15:00,23.112,,,,,
25751,01/03/26 13:30:00,23.112,,,,,
25752,01/03/26 13:45:00,23.088,,,,,
25753,01/03/26 14:00:00,23.088,,,,,
25754,01/03/26 14:15:00,23.112,,,,,
25755,01/03/26 14:30:00,23.112,,,,,
25756,01/03/26 14:45:00,23.136,,,,,
25757,01/03/26 15:00:00,23.136,,,,,
25758,01/03/26 15:15:00,23.160,,,,,
25759,01/03/26 15:30:00,23.160,,,,,
25760,01/03/26 15:45:00,23.112,,,,,
25761,01/03/26 16:00:00,23.040,,,,,
25762,01/03/26 16:15:00,23.016,,,,,
25763,01/03/26 16:30:00,22.968,,,,,
25764,01/03/26 16:45:00,22.920,,,,,
25765,01/03/26 17:00:00,22.872,,,,,
25766,01/03/26 17:15:00,22.800,,,,,
25767,01/03/26 17:30:00,22.753,,,,,
25768,01/03/26 17:45:00,22.705,,,,,
25769,01/03/26 18:00:00,22.633,,,,,
25770,01/03/26 18:15:00,22.561,,,,,
25771,01/03/26 18:30:00,22.513,,,,,
25772,01/03/26 18:45:00,22.465,,,,,
25773,01/03/26 19:00:00,22.537,,,,,
25774,01/03/26 19:15:00,22.896,,,,,
25775,01/03/26 19:30:00,23.040,,,,,
25776,01/03/26 19:45:00,22.968,,,,,
25777,01/03/26 20:00:00,22.872,,,,,
25778,01/03/26 20:15:00,22.800,,,,,
25779,01/03/26 20:30:00,22.968,,,,,
25780,01/03/26 20:45:00,23.184,,,,,
25781,01/03/26 21:00:00,23.304,,,,,
25782,01/03/26 21:15:00,22.920,,,,,
25783,01/03/26 21:30:00,22.753,,,,,
25784,01/03/26 21:45:00,23.040,,,,,
25785,01/03/26 22:00:00,23.160,,,,,
25786,01/03/26 22:15:00,23.232,,,,,
25787,01/03/26 22:30:00,23.400,,,,,
25788,01/03/26 22:45:00,23.497,,,,,
25789,01/03/26 23:00:00,23.569,,,,,
25790,01/03/26 23:15:00,23.617,,,,,
25791,01/03/26 23:30:00,23.641,,,,,
25792,01/03/26 23:45:00,23.689,,,,,
25793,01/04/26 00:00:00,23.689,,,,,
25794,01/04/26 00:15:00,23.761,,,,,
25795,01/04/26 00:30:00,23.809,,,,,
25796,01/04/26 00:45:00,23.881,,,,,
25797,01/04/26 01:00:00,23.930,,,,,
25798,01/04/26 01:15:00,23.978,,,,,
25799,01/04/26 01:30:00,24.026,,,,,
25800,01/04/26 01:45:00,24.074,,,,,
25801,01/04/26 02:00:00,24.122,,,,,
25802,01/04/26 02:15:00,24.146,,,,,
25803,01/04/26 02:30:00,24.171,,,,,
25804,01/04/26 02:45:00,24.219,,,,,
25805,01/04/26 03:00:00,24.243,,,,,
25806,01/04/26 03:15:00,24.267,,,,,
25807,01/04/26 03:30:00,24.291,,,,,
25808,01/04/26 03:45:00,24.315,,,,,
25809,01/04/26 04:00:00,24.339,,,,,
25810,01/04/26 04:15:00,24.363,,,,,
25811,01/04/26 04:30:00,24.388,,,,,
25812,01/04/26 04:45:00,24.388,,,,,
25813,01/04/26 05:00:00,24.412,,,,,
25814,01/04/26 05:15:00,24.412,,,,,
25815,01/04/26 05:30:00,24.291,,,,,
25816,01/04/26 05:45:00,24.146,,,,,
25817,01/04/26 06:00:00,24.074,,,,,
25818,01/04/26 06:15:00,23.641,,,,,
25819,01/04/26 06:30:00,22.753,,,,,
25820,01/04/26 06:45:00,22.465,,,,,
25821,01/04/26 07:00:00,22.513,,,,,
25822,01/04/26 07:15:00,22.513,,,,,
25823,01/04/26 07:30:00,22.465,,,,,
25824,01/04/26 07:45:00,22.776,,,,,
25825,01/04/26 08:00:00,23.160,,,,,
25826,01/04/26 08:15:00,23.881,,,,,
25827,01/04/26 08:30:00,23.280,,,,,
25828,01/04/26 08:45:00,23.040,,,,,
25829,01/04/26 09:00:00,23.088,,,,,
25830,01/04/26 09:15:00,23.521,,,,,
25831,01/04/26 09:30:00,24.122,,,,,
25832,01/04/26 09:45:00,23.881,,,,,
25833,01/04/26 10:00:00,23.593,,,,,
25834,01/04/26 10:15:00,23.448,,,,,
25835,01/04/26 10:30:00,23.376,,,,,
25836,01/04/26 10:45:00,23.400,,,,,
25837,01/04/26 11:00:00,23.761,,,,,
25838,01/04/26 11:15:00,23.665,,,,,
25839,01/04/26 11:30:00,23.472,,,,,
25840,01/04/26 11:45:00,23.376,,,,,
25841,01/04/26 12:00:00,23.304,,,,,
25842,01/04/26 12:15:00,23.232,,,,,
25843,01/04/26 12:30:00,23.232,,,,,
25844,01/04/26 12:45:00,23.208,,,,,
25845,01/04/26 13:00:00,23.208,,,,,
25846,01/04/26 13:15:00,23.208,,,,,
25847,01/04/26 13:30:00,23.208,,,,,
25848,01/04/26 13:45:00,23.208,,,,,
25849,01/04/26 14:00:00,23.232,,,,,
25850,01/04/26 14:15:00,23.232,,,,,
25851,01/04/26 14:30:00,23.232,,,,,
25852,01/04/26 14:45:00,23.208,,,,,
25853,01/04/26 15:00:00,23.208,,,,,
25854,01/04/26 15:15:00,23.208,,,,,
25855,01/04/26 15:30:00,23.208,,,,,
25856,01/04/26 15:45:00,23.208,,,,,
25857,01/04/26 16:00:00,23.232,,,,,
25858,01/04/26 16:15:00,23.232,,,,,
25859,01/04/26 16:30:00,23.208,,,,,
25860,01/04/26 16:45:00,23.160,,,,,
25861,01/04/26 17:00:00,23.136,,,,,
25862,01/04/26 17:15:00,23.088,,,,,
25863,01/04/26 17:30:00,23.040,,,,,
25864,01/04/26 17:45:00,22.992,,,,,
25865,01/04/26 18:00:00,22.944,,,,,
25866,01/04/26 18:15:00,22.896,,,,,
25867,01/04/26 18:30:00,22.824,,,,,
25868,01/04/26 18:45:00,22.776,,,,,
25869,01/04/26 19:00:00,22.729,,,,,
25870,01/04/26 19:15:00,22.705,,,,,
25871,01/04/26 19:30:00,22.657,,,,,
25872,01/04/26 19:45:00,22.609,,,,,
25873,01/04/26 20:00:00,22.585,,,,,
25874,01/04/26 20:15:00,22.824,,,,,
25875,01/04/26 20:30:00,23.112,,,,,
25876,01/04/26 20:45:00,23.040,,,,,
25877,01/04/26 21:00:00,22.920,,,,,
25878,01/04/26 21:15:00,22.872,,,,,
25879,01/04/26 21:30:00,22.824,,,,,
25880,01/04/26 21:45:00,22.776,,,,,
25881,01/04/26 22:00:00,22.753,,,,,
25882,01/04/26 22:15:00,23.016,,,,,
25883,01/04/26 22:30:00,23.304,,,,,
25884,01/04/26 22:45:00,23.497,,,,,
25885,01/04/26 23:00:00,23.593,,,,,
25886,01/04/26 23:15:00,23.689,,,,,
25887,01/04/26 23:30:00,23.737,,,,,
25888,01/04/26 23:45:00,23.785,,,,,
25889,01/05/26 00:00:00,23.833,,,,,
25890,01/05/26 00:15:00,23.881,,,,,
25891,01/05/26 00:30:00,23.954,,,,,
25892,01/05/26 00:45:00,24.050,,,,,
25893,01/05/26 01:00:00,24.098,,,,,
25894,01/05/26 01:15:00,24.171,,,,,
25895,01/05/26 01:30:00,24.219,,,,,
25896,01/05/26 01:45:00,24.267,,,,,
25897,01/05/26 02:00:00,24.315,,,,,
25898,01/05/26 02:15:00,24.339,,,,,
25899,01/05/26 02:30:00,24.363,,,,,
25900,01/05/26 02:45:00,24.412,,,,,
25901,01/05/26 03:00:00,24.436,,,,,
25902,01/05/26 03:15:00,24.460,,,,,
25903,01/05/26 03:30:00,24.508,,,,,
25904,01/05/26 03:45:00,24.508,,,,,
25905,01/05/26 04:00:00,24.557,,,,,
25906,01/05/26 04:15:00,24.581,,,,,
25907,01/05/26 04:30:00,24.605,,,,,
25908,01/05/26 04:45:00,24.605,,,,,
25909,01/05/26 05:00:00,24.629,,,,,
25910,01/05/26 05:15:00,24.532,,,,,
25911,01/05/26 05:30:00,24.412,,,,,
25912,01/05/26 05:45:00,24.291,,,,,
25913,01/05/26 06:00:00,24.243,,,,,
25914,01/05/26 06:15:00,23.833,,,,,
25915,01/05/26 06:30:00,22.968,,,,,
25916,01/05/26 06:45:00,22.465,,,,,
25917,01/05/26 07:00:00,22.585,,,,,
25918,01/05/26 07:15:00,22.681,,,,,
25919,01/05/26 07:30:00,22.705,,,,,
25920,01/05/26 07:45:00,22.968,,,,,
25921,01/05/26 08:00:00,22.944,,,,,
25922,01/05/26 08:15:00,24.219,,,,,
25923,01/05/26 08:30:00,24.267,,,,,
25924,01/05/26 08:45:00,23.930,,,,,
25925,01/05/26 09:00:00,23.761,,,,,
25926,01/05/26 09:15:00,23.833,,,,,
25927,01/05/26 09:30:00,23.881,,,,,
25928,01/05/26 09:45:00,23.665,,,,,
25929,01/05/26 10:00:00,23.569,,,,,
25930,01/05/26 10:15:00,23.521,,,,,
25931,01/05/26 10:30:00,23.497,,,,,
25932,01/05/26 10:45:00,23.569,,,,,
25933,01/05/26 11:00:00,23.954,,,,,
25934,01/05/26 11:15:00,23.954,,,,,
25935,01/05/26 11:30:00,23.761,,,,,
25936,01/05/26 11:45:00,23.665,,,,,
25937,01/05/26 12:00:00,23.593,,,,,
25938,01/05/26 12:15:00,23.521,,,,,
25939,01/05/26 12:30:00,23.521,,,,,
25940,01/05/26 12:45:00,23.497,,,,,
25941,01/05/26 13:00:00,23.497,,,,,
25942,01/05/26 13:15:00,23.472,,,,,
25943,01/05/26 13:30:00,23.497,,,,,
25944,01/05/26 13:45:00,23.497,,,,,
25945,01/05/26 14:00:00,23.497,,,,,
25946,01/05/26 14:15:00,23.497,,,,,
25947,01/05/26 14:30:00,23.497,,,,,
25948,01/05/26 14:45:00,23.472,,,,,
25949,01/05/26 15:00:00,23.497,,,,,
25950,01/05/26 15:15:00,23.497,,,,,
25951,01/05/26 15:30:00,23.521,,,,,
25952,01/05/26 15:45:00,23.521,,,,,
25953,01/05/26 16:00:00,23.521,,,,,
25954,01/05/26 16:15:00,23.497,,,,,
25955,01/05/26 16:30:00,23.497,,,,,
25956,01/05/26 16:45:00,23.497,,,,,
25957,01/05/26 17:00:00,23.472,,,,,
25958,01/05/26 17:15:00,23.400,,,,,
25959,01/05/26 17:30:00,23.328,,,,,
25960,01/05/26 17:45:00,23.256,,,,,
25961,01/05/26 18:00:00,23.280,,,,,
25962,01/05/26 18:15:00,23.280,,,,,
25963,01/05/26 18:30:00,23.256,,,,,
25964,01/05/26 18:45:00,23.232,,,,,
25965,01/05/26 19:00:00,23.208,,,,,
25966,01/05/26 19:15:00,23.112,,,,,
25967,01/05/26 19:30:00,23.016,,,,,
25968,01/05/26 19:45:00,22.944,,,,,
25969,01/05/26 20:00:00,22.872,,,,,
25970,01/05/26 20:15:00,22.824,,,,,
25971,01/05/26 20:30:00,22.753,,,,,
25972,01/05/26 20:45:00,22.705,,,,,
25973,01/05/26 21:00:00,22.633,,,,,
25974,01/05/26 21:15:00,22.561,,,,,
25975,01/05/26 21:30:00,22.848,,,,,
25976,01/05/26 21:45:00,23.136,,,,,
25977,01/05/26 22:00:00,23.160,,,,,
25978,01/05/26 22:15:00,23.280,,,,,
25979,01/05/26 22:30:00,23.448,,,,,
25980,01/05/26 22:45:00,23.593,,,,,
25981,01/05/26 23:00:00,23.689,,,,,
25982,01/05/26 23:15:00,23.785,,,,,
25983,01/05/26 23:30:00,23.857,,,,,
25984,01/05/26 23:45:00,23.930,,,,,
25985,01/06/26 00:00:00,23.978,,,,,
25986,01/06/26 00:15:00,24.026,,,,,
25987,01/06/26 00:30:00,24.098,,,,,
25988,01/06/26 00:45:00,24.171,,,,,
25989,01/06/26 01:00:00,24.219,,,,,
25990,01/06/26 01:15:00,24.291,,,,,
25991,01/06/26 01:30:00,24.339,,,,,
25992,01/06/26 01:45:00,24.363,,,,,
25993,01/06/26 02:00:00,24.412,,,,,
25994,01/06/26 02:15:00,24.436,,,,,
25995,01/06/26 02:30:00,24.484,,,,,
25996,01/06/26 02:45:00,24.508,,,,,
25997,01/06/26 03:00:00,24.532,,,,,
25998,01/06/26 03:15:00,24.557,,,,,
25999,01/06/26 03:30:00,24.581,,,,,
26000,01/06/26 03:45:00,24.605,,,,,
26001,01/06/26 04:00:00,24.629,,,,,
26002,01/06/26 04:15:00,24.653,,,,,
26003,01/06/26 04:30:00,24.677,,,,,
26004,01/06/26 04:45:00,24.702,,,,,
26005,01/06/26 05:00:00,24.726,,,,,
26006,01/06/26 05:15:00,24.653,,,,,
26007,01/06/26 05:30:00,24.508,,,,,
26008,01/06/26 05:45:00,24.412,,,,,
26009,01/06/26 06:00:00,24.339,,,,,
26010,01/06/26 06:15:00,23.930,,,,,
26011,01/06/26 06:30:00,23.040,,,,,
26012,01/06/26 06:45:00,22.585,,,,,
26013,01/06/26 07:00:00,22.633,,,,,
26014,01/06/26 07:15:00,22.729,,,,,
26015,01/06/26 07:30:00,22.776,,,,,
26016,01/06/26 07:45:00,22.944,,,,,
26017,01/06/26 08:00:00,22.872,,,,,
26018,01/06/26 08:15:00,23.184,,,,,
26019,01/06/26 08:30:00,23.448,,,,,
26020,01/06/26 08:45:00,23.521,,,,,
26021,01/06/26 09:00:00,23.280,,,,,
26022,01/06/26 09:15:00,23.280,,,,,
26023,01/06/26 09:30:00,23.521,,,,,
26024,01/06/26 09:45:00,23.304,,,,,
26025,01/06/26 10:00:00,23.400,,,,,
26026,01/06/26 10:15:00,23.785,,,,,
26027,01/06/26 10:30:00,23.761,,,,,
26028,01/06/26 10:45:00,23.521,,,,,
26029,01/06/26 11:00:00,23.376,,,,,
26030,01/06/26 11:15:00,23.521,,,,,
26031,01/06/26 11:30:00,23.881,,,,,
26032,01/06/26 11:45:00,23.689,,,,,
26033,01/06/26 12:00:00,23.521,,,,,
26034,01/06/26 12:15:00,23.424,,,,,
26035,01/06/26 12:30:00,23.304,,,,,
26036,01/06/26 12:45:00,23.256,,,,,
26037,01/06/26 13:00:00,23.160,,,,,
26038,01/06/26 13:15:00,23.088,,,,,
26039,01/06/26 13:30:00,23.424,,,,,
26040,01/06/26 13:45:00,23.641,,,,,
26041,01/06/26 14:00:00,23.497,,,,,
26042,01/06/26 14:15:00,23.352,,,,,
26043,01/06/26 14:30:00,23.232,,,,,
26044,01/06/26 14:45:00,23.160,,,,,
26045,01/06/26 15:00:00,23.088,,,,,
26046,01/06/26 15:15:00,23.064,,,,,
26047,01/06/26 15:30:00,23.016,,,,,
26048,01/06/26 15:45:00,22.968,,,,,
26049,01/06/26 16:00:00,22.944,,,,,
26050,01/06/26 16:15:00,22.872,,,,,
26051,01/06/26 16:30:00,22.824,,,,,
26052,01/06/26 16:45:00,22.753,,,,,
26053,01/06/26 17:00:00,22.729,,,,,
26054,01/06/26 17:15:00,22.633,,,,,
26055,01/06/26 17:30:00,22.561,,,,,
26056,01/06/26 17:45:00,22.561,,,,,
26057,01/06/26 18:00:00,22.537,,,,,
26058,01/06/26 18:15:00,22.681,,,,,
26059,01/06/26 18:30:00,23.016,,,,,
26060,01/06/26 18:45:00,23.040,,,,,
26061,01/06/26 19:00:00,22.896,,,,,
26062,01/06/26 19:15:00,22.800,,,,,
26063,01/06/26 19:30:00,22.753,,,,,
26064,01/06/26 19:45:00,22.705,,,,,
26065,01/06/26 20:00:00,22.896,,,,,
26066,01/06/26 20:15:00,23.136,,,,,
26067,01/06/26 20:30:00,23.328,,,,,
26068,01/06/26 20:45:00,23.064,,,,,
26069,01/06/26 21:00:00,22.705,,,,,
26070,01/06/26 21:15:00,22.729,,,,,
26071,01/06/26 21:30:00,23.016,,,,,
26072,01/06/26 21:45:00,23.208,,,,,
26073,01/06/26 22:00:00,22.848,,,,,
26074,01/06/26 22:15:00,22.968,,,,,
26075,01/06/26 22:30:00,23.184,,,,,
26076,01/06/26 22:45:00,23.328,,,,,
26077,01/06/26 23:00:00,23.400,,,,,
26078,01/06/26 23:15:00,23.472,,,,,
26079,01/06/26 23:30:00,23.497,,,,,
26080,01/06/26 23:45:00,23.521,,,,,
26081,01/07/26 00:00:00,23.545,,,,,
26082,01/07/26 00:15:00,23.593,,,,,
26083,01/07/26 00:30:00,23.665,,,,,
26084,01/07/26 00:45:00,23.737,,,,,
26085,01/07/26 01:00:00,23.785,,,,,
26086,01/07/26 01:15:00,23.833,,,,,
26087,01/07/26 01:30:00,23.857,,,,,
26088,01/07/26 01:45:00,23.905,,,,,
26089,01/07/26 02:00:00,23.930,,,,,
26090,01/07/26 02:15:00,23.978,,,,,
26091,01/07/26 02:30:00,23.978,,,,,
26092,01/07/26 02:45:00,24.002,,,,,
26093,01/07/26 03:00:00,24.026,,,,,
26094,01/07/26 03:15:00,24.050,,,,,
26095,01/07/26 03:30:00,24.074,,,,,
26096,01/07/26 03:45:00,24.074,,,,,
26097,01/07/26 04:00:00,24.098,,,,,
26098,01/07/26 04:15:00,24.122,,,,,
26099,01/07/26 04:30:00,24.122,,,,,
26100,01/07/26 04:45:00,24.146,,,,,
26101,01/07/26 05:00:00,24.146,,,,,
26102,01/07/26 05:15:00,24.146,,,,,
26103,01/07/26 05:30:00,24.026,,,,,
26104,01/07/26 05:45:00,23.930,,,,,
26105,01/07/26 06:00:00,23.833,,,,,
26106,01/07/26 06:15:00,23.352,,,,,
26107,01/07/26 06:30:00,22.441,,,,,
26108,01/07/26 06:45:00,22.298,,,,,
26109,01/07/26 07:00:00,22.321,,,,,
26110,01/07/26 07:15:00,22.417,,,,,
26111,01/07/26 07:30:00,22.705,,,,,
26112,01/07/26 07:45:00,23.232,,,,,
26113,01/07/26 08:00:00,23.040,,,,,
26114,01/07/26 08:15:00,24.146,,,,,
26115,01/07/26 08:30:00,23.761,,,,,
26116,01/07/26 08:45:00,23.593,,,,,
26117,01/07/26 09:00:00,23.641,,,,,
26118,01/07/26 09:15:00,23.809,,,,,
26119,01/07/26 09:30:00,23.857,,,,,
26120,01/07/26 09:45:00,23.593,,,,,
26121,01/07/26 10:00:00,23.545,,,,,
26122,01/07/26 10:15:00,23.569,,,,,
26123,01/07/26 10:30:00,23.689,,,,,
26124,01/07/26 10:45:00,23.785,,,,,
26125,01/07/26 11:00:00,23.785,,,,,
26126,01/07/26 11:15:00,23.809,,,,,
26127,01/07/26 11:30:00,23.809,,,,,
26128,01/07/26 11:45:00,23.761,,,,,
26129,01/07/26 12:00:00,23.472,,,,,
26130,01/07/26 12:15:00,23.160,,,,,
26131,01/07/26 12:30:00,23.088,,,,,
26132,01/07/26 12:45:00,22.968,,,,,
26133,01/07/26 13:00:00,23.064,,,,,
26134,01/07/26 13:15:00,23.208,,,,,
26135,01/07/26 13:30:00,23.304,,,,,
26136,01/07/26 13:45:00,23.376,,,,,
26137,01/07/26 14:00:00,23.521,,,,,
26138,01/07/26 14:15:00,23.352,,,,,
26139,01/07/26 14:30:00,23.256,,,,,
26140,01/07/26 14:45:00,23.136,,,,,
26141,01/07/26 15:00:00,23.112,,,,,
26142,01/07/26 15:15:00,23.160,,,,,
26143,01/07/26 15:30:00,23.232,,,,,
26144,01/07/26 15:45:00,23.328,,,,,
26145,01/07/26 16:00:00,23.521,,,,,
26146,01/07/26 16:15:00,23.400,,,,,
26147,01/07/26 16:30:00,23.232,,,,,
26148,01/07/26 16:45:00,23.280,,,,,
26149,01/07/26 17:00:00,23.328,,,,,
26150,01/07/26 17:15:00,23.280,,,,,
26151,01/07/26 17:30:00,23.232,,,,,
26152,01/07/26 17:45:00,23.160,,,,,
26153,01/07/26 18:00:00,23.112,,,,,
26154,01/07/26 18:15:00,23.040,,,,,
26155,01/07/26 18:30:00,22.944,,,,,
26156,01/07/26 18:45:00,22.896,,,,,
26157,01/07/26 19:00:00,22.824,,,,,
26158,01/07/26 19:15:00,23.064,,,,,
26159,01/07/26 19:30:00,23.160,,,,,
26160,01/07/26 19:45:00,22.968,,,,,
26161,01/07/26 20:00:00,22.848,,,,,
26162,01/07/26 20:15:00,22.776,,,,,
26163,01/07/26 20:30:00,22.705,,,,,
26164,01/07/26 20:45:00,22.633,,,,,
26165,01/07/26 21:00:00,22.705,,,,,
26166,01/07/26 21:15:00,23.016,,,,,
26167,01/07/26 21:30:00,23.184,,,,,
26168,01/07/26 21:45:00,22.872,,,,,
26169,01/07/26 22:00:00,22.585,,,,,
26170,01/07/26 22:15:00,22.753,,,,,
26171,01/07/26 22:30:00,23.064,,,,,
26172,01/07/26 22:45:00,23.232,,,,,
26173,01/07/26 23:00:00,23.352,,,,,
26174,01/07/26 23:15:00,23.400,,,,,
26175,01/07/26 23:30:00,23.424,,,,,
26176,01/07/26 23:45:00,23.424,,,,,
26177,01/08/26 00:00:00,23.448,,,,,
26178,01/08/26 00:15:00,23.497,,,,,
26179,01/08/26 00:30:00,23.545,,,,,
26180,01/08/26 00:45:00,23.617,,,,,
26181,01/08/26 01:00:00,23.665,,,,,
26182,01/08/26 01:15:00,23.713,,,,,
26183,01/08/26 01:30:00,23.737,,,,,
26184,01/08/26 01:45:00,23.761,,,,,
26185,01/08/26 02:00:00,23.785,,,,,
26186,01/08/26 02:15:00,23.833,,,,,
26187,01/08/26 02:30:00,23.857,,,,,
26188,01/08/26 02:45:00,23.881,,,,,
26189,01/08/26 03:00:00,23.881,,,,,
26190,01/08/26 03:15:00,23.905,,,,,
26191,01/08/26 03:30:00,23.930,,,,,
26192,01/08/26 03:45:00,23.954,,,,,
26193,01/08/26 04:00:00,23.954,,,,,
26194,01/08/26 04:15:00,23.978,,,,,
26195,01/08/26 04:30:00,23.978,,,,,
26196,01/08/26 04:45:00,24.002,,,,,
26197,01/08/26 05:00:00,24.002,,,,,
26198,01/08/26 05:15:00,24.002,,,,,
26199,01/08/26 05:30:00,23.857,,,,,
26200,01/08/26 05:45:00,23.737,,,,,
26201,01/08/26 06:00:00,23.641,,,,,
26202,01/08/26 06:15:00,23.160,,,,,
26203,01/08/26 06:30:00,22.537,,,,,
26204,01/08/26 06:45:00,22.441,,,,,
26205,01/08/26 07:00:00,22.345,,,,,
26206,01/08/26 07:15:00,22.561,,,,,
26207,01/08/26 07:30:00,22.872,,,,,
26208,01/08/26 07:45:00,23.136,,,,,
26209,01/08/26 08:00:00,22.944,,,,,
26210,01/08/26 08:15:00,24.026,,,,,
26211,01/08/26 08:30:00,23.641,,,,,
26212,01/08/26 08:45:00,23.569,,,,,
26213,01/08/26 09:00:00,23.930,,,,,
26214,01/08/26 09:15:00,23.930,,,,,
26215,01/08/26 09:30:00,24.460,,,,,
26216,01/08/26 09:45:00,23.881,,,,,
26217,01/08/26 10:00:00,23.665,,,,,
26218,01/08/26 10:15:00,23.569,,,,,
26219,01/08/26 10:30:00,23.617,,,,,
26220,01/08/26 10:45:00,23.593,,,,,
26221,01/08/26 11:00:00,23.881,,,,,
26222,01/08/26 11:15:00,24.195,,,,,
26223,01/08/26 11:30:00,23.737,,,,,
26224,01/08/26 11:45:00,23.497,,,,,
26225,01/08/26 12:00:00,23.400,,,,,
26226,01/08/26 12:15:00,23.328,,,,,
26227,01/08/26 12:30:00,23.304,,,,,
26228,01/08/26 12:45:00,23.280,,,,,
26229,01/08/26 13:00:00,22.920,,,,,
26230,01/08/26 13:15:00,22.872,,,,,
26231,01/08/26 13:30:00,22.896,,,,,
26232,01/08/26 13:45:00,22.944,,,,,
26233,01/08/26 14:00:00,22.920,,,,,
26234,01/08/26 14:15:00,22.920,,,,,
26235,01/08/26 14:30:00,22.896,,,,,
26236,01/08/26 14:45:00,22.872,,,,,
26237,01/08/26 15:00:00,22.824,,,,,
26238,01/08/26 15:15:00,22.848,,,,,
26239,01/08/26 15:30:00,22.824,,,,,
26240,01/08/26 15:45:00,22.824,,,,,
26241,01/08/26 16:00:00,22.824,,,,,
26242,01/08/26 16:15:00,22.824,,,,,
26243,01/08/26 16:30:00,22.800,,,,,
26244,01/08/26 16:45:00,22.776,,,,,
26245,01/08/26 17:00:00,22.729,,,,,
26246,01/08/26 17:15:00,22.753,,,,,
26247,01/08/26 17:30:00,22.992,,,,,
26248,01/08/26 17:45:00,23.040,,,,,
26249,01/08/26 18:00:00,22.896,,,,,
26250,01/08/26 18:15:00,22.896,,,,,
26251,01/08/26 18:30:00,23.136,,,,,
26252,01/08/26 18:45:00,23.328,,,,,
26253,01/08/26 19:00:00,23.256,,,,,
26254,01/08/26 19:15:00,23.016,,,,,
26255,01/08/26 19:30:00,22.872,,,,,
26256,01/08/26 19:45:00,23.088,,,,,
26257,01/08/26 20:00:00,23.256,,,,,
26258,01/08/26 20:15:00,23.088,,,,,
26259,01/08/26 20:30:00,23.016,,,,,
26260,01/08/26 20:45:00,23.208,,,,,
26261,01/08/26 21:00:00,23.328,,,,,
26262,01/08/26 21:15:00,23.112,,,,,
26263,01/08/26 21:30:00,22.968,,,,,
26264,01/08/26 21:45:00,23.088,,,,,
26265,01/08/26 22:00:00,23.232,,,,,
26266,01/08/26 22:15:00,23.376,,,,,
26267,01/08/26 22:30:00,23.521,,,,,
26268,01/08/26 22:45:00,23.617,,,,,
26269,01/08/26 23:00:00,23.665,,,,,
26270,01/08/26 23:15:00,23.689,,,,,
26271,01/08/26 23:30:00,23.713,,,,,
26272,01/08/26 23:45:00,23.689,,,,,
26273,01/09/26 00:00:00,23.713,,,,,
26274,01/09/26 00:15:00,23.713,,,,,
26275,01/09/26 00:30:00,23.713,,,,,
26276,01/09/26 00:45:00,23.737,,,,,
26277,01/09/26 01:00:00,23.761,,,,,
26278,01/09/26 01:15:00,23.785,,,,,
26279,01/09/26 01:30:00,23.833,,,,,
26280,01/09/26 01:45:00,23.857,,,,,
26281,01/09/26 02:00:00,23.905,,,,,
26282,01/09/26 02:15:00,23.954,,,,,
26283,01/09/26 02:30:00,23.978,,,,,
26284,01/09/26 02:45:00,24.002,,,,,
26285,01/09/26 03:00:00,24.026,,,,,
26286,01/09/26 03:15:00,24.026,,,,,
26287,01/09/26 03:30:00,24.050,,,,,
26288,01/09/26 03:45:00,24.074,,,,,
26289,01/09/26 04:00:00,24.074,,,,,
26290,01/09/26 04:15:00,24.098,,,,,
26291,01/09/26 04:30:00,24.098,,,,,
26292,01/09/26 04:45:00,24.098,,,,,
26293,01/09/26 05:00:00,24.122,,,,,
26294,01/09/26 05:15:00,24.122,,,,,
26295,01/09/26 05:30:00,24.074,,,,,
26296,01/09/26 05:45:00,23.978,,,,,
26297,01/09/26 06:00:00,23.881,,,,,
26298,01/09/26 06:15:00,23.569,,,,,
26299,01/09/26 06:30:00,23.208,,,,,
26300,01/09/26 06:45:00,22.968,,,,,
26301,01/09/26 07:00:00,22.968,,,,,
26302,01/09/26 07:15:00,23.160,,,,,
26303,01/09/26 07:30:00,23.304,,,,,
26304,01/09/26 07:45:00,23.256,,,,,
26305,01/09/26 08:00:00,23.112,,,,,
26306,01/09/26 08:15:00,23.545,,,,,
26307,01/09/26 08:30:00,23.448,,,,,
26308,01/09/26 08:45:00,23.545,,,,,
26309,01/09/26 09:00:00,23.424,,,,,
26310,01/09/26 09:15:00,23.328,,,,,
26311,01/09/26 09:30:00,23.448,,,,,
26312,01/09/26 09:45:00,23.545,,,,,
26313,01/09/26 10:00:00,23.617,,,,,
26314,01/09/26 10:15:00,23.665,,,,,
26315,01/09/26 10:30:00,23.713,,,,,
26316,01/09/26 10:45:00,23.617,,,,,
26317,01/09/26 11:00:00,23.256,,,,,
26318,01/09/26 11:15:00,23.304,,,,,
26319,01/09/26 11:30:00,23.352,,,,,
26320,01/09/26 11:45:00,23.328,,,,,
26321,01/09/26 12:00:00,23.328,,,,,
26322,01/09/26 12:15:00,22.968,,,,,
26323,01/09/26 12:30:00,22.968,,,,,
26324,01/09/26 12:45:00,23.136,,,,,
26325,01/09/26 13:00:00,23.160,,,,,
26326,01/09/26 13:15:00,23.064,,,,,
26327,01/09/26 13:30:00,23.136,,,,,
26328,01/09/26 13:45:00,23.184,,,,,
26329,01/09/26 14:00:00,22.944,,,,,
26330,01/09/26 14:15:00,22.872,,,,,
26331,01/09/26 14:30:00,23.016,,,,,
26332,01/09/26 14:45:00,23.112,,,,,
26333,01/09/26 15:00:00,23.160,,,,,
26334,01/09/26 15:15:00,22.944,,,,,
26335,01/09/26 15:30:00,22.872,,,,,
26336,01/09/26 15:45:00,23.016,,,,,
26337,01/09/26 16:00:00,23.088,,,,,
26338,01/09/26 16:15:00,22.920,,,,,
26339,01/09/26 16:30:00,22.848,,,,,
26340,01/09/26 16:45:00,22.992,,,,,
26341,01/09/26 17:00:00,23.064,,,,,
26342,01/09/26 17:15:00,22.872,,,,,
26343,01/09/26 17:30:00,22.824,,,,,
26344,01/09/26 17:45:00,22.800,,,,,
26345,01/09/26 18:00:00,22.729,,,,,
26346,01/09/26 18:15:00,22.657,,,,,
26347,01/09/26 18:30:00,22.609,,,,,
26348,01/09/26 18:45:00,22.609,,,,,
26349,01/09/26 19:00:00,22.705,,,,,
26350,01/09/26 19:15:00,22.944,,,,,
26351,01/09/26 19:30:00,23.160,,,,,
26352,01/09/26 19:45:00,23.328,,,,,
26353,01/09/26 20:00:00,23.136,,,,,
26354,01/09/26 20:15:00,22.896,,,,,
26355,01/09/26 20:30:00,22.657,,,,,
26356,01/09/26 20:45:00,22.776,,,,,
26357,01/09/26 21:00:00,22.920,,,,,
26358,01/09/26 21:15:00,23.064,,,,,
26359,01/09/26 21:30:00,23.160,,,,,
26360,01/09/26 21:45:00,23.064,,,,,
26361,01/09/26 22:00:00,22.800,,,,,
26362,01/09/26 22:15:00,22.824,,,,,
26363,01/09/26 22:30:00,22.992,,,,,
26364,01/09/26 22:45:00,23.112,,,,,
26365,01/09/26 23:00:00,23.208,,,,,
26366,01/09/26 23:15:00,23.304,,,,,
26367,01/09/26 23:30:00,23.376,,,,,
26368,01/09/26 23:45:00,23.448,,,,,
26369,01/10/26 00:00:00,23.497,,,,,
26370,01/10/26 00:15:00,23.521,,,,,
26371,01/10/26 00:30:00,23.545,,,,,
26372,01/10/26 00:45:00,23.569,,,,,
26373,01/10/26 01:00:00,23.593,,,,,
26374,01/10/26 01:15:00,23.641,,,,,
26375,01/10/26 01:30:00,23.665,,,,,
26376,01/10/26 01:45:00,23.713,,,,,
26377,01/10/26 02:00:00,23.737,,,,,
26378,01/10/26 02:15:00,23.761,,,,,
26379,01/10/26 02:30:00,23.809,,,,,
26380,01/10/26 02:45:00,23.833,,,,,
26381,01/10/26 03:00:00,23.833,,,,,
26382,01/10/26 03:15:00,23.881,,,,,
26383,01/10/26 03:30:00,23.905,,,,,
26384,01/10/26 03:45:00,23.905,,,,,
26385,01/10/26 04:00:00,23.930,,,,,
26386,01/10/26 04:15:00,23.954,,,,,
26387,01/10/26 04:30:00,23.978,,,,,
26388,01/10/26 04:45:00,23.978,,,,,
26389,01/10/26 05:00:00,24.002,,,,,
26390,01/10/26 05:15:00,24.026,,,,,
26391,01/10/26 05:30:00,23.978,,,,,
26392,01/10/26 05:45:00,23.881,,,,,
26393,01/10/26 06:00:00,23.809,,,,,
26394,01/10/26 06:15:00,23.497,,,,,
26395,01/10/26 06:30:00,23.184,,,,,
26396,01/10/26 06:45:00,22.944,,,,,
26397,01/10/26 07:00:00,22.776,,,,,
26398,01/10/26 07:15:00,22.920,,,,,
26399,01/10/26 07:30:00,23.064,,,,,
26400,01/10/26 07:45:00,23.280,,,,,
26401,01/10/26 08:00:00,23.448,,,,,
26402,01/10/26 08:15:00,23.785,,,,,
26403,01/10/26 08:30:00,23.472,,,,,
26404,01/10/26 08:45:00,23.689,,,,,
26405,01/10/26 09:00:00,23.954,,,,,
26406,01/10/26 09:15:00,24.002,,,,,
26407,01/10/26 09:30:00,23.809,,,,,
26408,01/10/26 09:45:00,24.074,,,,,
26409,01/10/26 10:00:00,24.363,,,,,
26410,01/10/26 10:15:00,24.315,,,,,
26411,01/10/26 10:30:00,24.098,,,,,
26412,01/10/26 10:45:00,24.050,,,,,
26413,01/10/26 11:00:00,24.412,,,,,
26414,01/10/26 11:15:00,24.702,,,,,
26415,01/10/26 11:30:00,24.557,,,,,
26416,01/10/26 11:45:00,24.243,,,,,
26417,01/10/26 12:00:00,23.978,,,,,
26418,01/10/26 12:15:00,23.809,,,,,
26419,01/10/26 12:30:00,23.665,,,,,
26420,01/10/26 12:45:00,23.713,,,,,
26421,01/10/26 13:00:00,23.905,,,,,
26422,01/10/26 13:15:00,23.978,,,,,
26423,01/10/26 13:30:00,23.785,,,,,
26424,01/10/26 13:45:00,23.641,,,,,
26425,01/10/26 14:00:00,23.472,,,,,
26426,01/10/26 14:15:00,23.352,,,,,
26427,01/10/26 14:30:00,23.280,,,,,
26428,01/10/26 14:45:00,23.256,,,,,
26429,01/10/26 15:00:00,23.497,,,,,
26430,01/10/26 15:15:00,23.593,,,,,
26431,01/10/26 15:30:00,23.448,,,,,
26432,01/10/26 15:45:00,23.304,,,,,
26433,01/10/26 16:00:00,23.208,,,,,
26434,01/10/26 16:15:00,23.112,,,,,
26435,01/10/26 16:30:00,23.184,,,,,
26436,01/10/26 16:45:00,23.376,,,,,
26437,01/10/26 17:00:00,23.256,,,,,
26438,01/10/26 17:15:00,23.112,,,,,
26439,01/10/26 17:30:00,22.968,,,,,
26440,01/10/26 17:45:00,22.848,,,,,
26441,01/10/26 18:00:00,22.920,,,,,
26442,01/10/26 18:15:00,23.112,,,,,
26443,01/10/26 18:30:00,23.208,,,,,
26444,01/10/26 18:45:00,23.040,,,,,
26445,01/10/26 19:00:00,22.848,,,,,
26446,01/10/26 19:15:00,22.753,,,,,
26447,01/10/26 19:30:00,22.968,,,,,
26448,01/10/26 19:45:00,23.112,,,,,
26449,01/10/26 20:00:00,23.064,,,,,
26450,01/10/26 20:15:00,22.824,,,,,
26451,01/10/26 20:30:00,22.800,,,,,
26452,01/10/26 20:45:00,22.968,,,,,
26453,01/10/26 21:00:00,23.112,,,,,
26454,01/10/26 21:15:00,23.208,,,,,
26455,01/10/26 21:30:00,23.136,,,,,
26456,01/10/26 21:45:00,22.896,,,,,
26457,01/10/26 22:00:00,22.729,,,,,
26458,01/10/26 22:15:00,22.896,,,,,
26459,01/10/26 22:30:00,23.064,,,,,
26460,01/10/26 22:45:00,23.184,,,,,
26461,01/10/26 23:00:00,23.280,,,,,
26462,01/10/26 23:15:00,23.352,,,,,
26463,01/10/26 23:30:00,23.400,,,,,
26464,01/10/26 23:45:00,23.448,,,,,
26465,01/11/26 00:00:00,23.497,,,,,
26466,01/11/26 00:15:00,23.521,,,,,
26467,01/11/26 00:30:00,23.593,,,,,
26468,01/11/26 00:45:00,23.641,,,,,
26469,01/11/26 01:00:00,23.689,,,,,
26470,01/11/26 01:15:00,23.713,,,,,
26471,01/11/26 01:30:00,23.761,,,,,
26472,01/11/26 01:45:00,23.785,,,,,
26473,01/11/26 02:00:00,23.833,,,,,
26474,01/11/26 02:15:00,23.857,,,,,
26475,01/11/26 02:30:00,23.881,,,,,
26476,01/11/26 02:45:00,23.930,,,,,
26477,01/11/26 03:00:00,23.954,,,,,
26478,01/11/26 03:15:00,23.978,,,,,
26479,01/11/26 03:30:00,23.978,,,,,
26480,01/11/26 03:45:00,24.026,,,,,
26481,01/11/26 04:00:00,24.026,,,,,
26482,01/11/26 04:15:00,24.050,,,,,
26483,01/11/26 04:30:00,24.074,,,,,
26484,01/11/26 04:45:00,24.098,,,,,
26485,01/11/26 05:00:00,24.098,,,,,
26486,01/11/26 05:15:00,24.122,,,,,
26487,01/11/26 05:30:00,24.074,,,,,
26488,01/11/26 05:45:00,23.978,,,,,
26489,01/11/26 06:00:00,23.905,,,,,
26490,01/11/26 06:15:00,23.593,,,,,
26491,01/11/26 06:30:00,22.872,,,,,
26492,01/11/26 06:45:00,22.729,,,,,
26493,01/11/26 07:00:00,22.657,,,,,
26494,01/11/26 07:15:00,22.609,,,,,
26495,01/11/26 07:30:00,22.776,,,,,
26496,01/11/26 07:45:00,23.064,,,,,
26497,01/11/26 08:00:00,23.256,,,,,
26498,01/11/26 08:15:00,23.641,,,,,
26499,01/11/26 08:30:00,23.328,,,,,
26500,01/11/26 08:45:00,23.304,,,,,
26501,01/11/26 09:00:00,23.593,,,,,
26502,01/11/26 09:15:00,23.785,,,,,
26503,01/11/26 09:30:00,23.545,,,,,
26504,01/11/26 09:45:00,23.376,,,,,
26505,01/11/26 10:00:00,23.400,,,,,
26506,01/11/26 10:15:00,23.617,,,,,
26507,01/11/26 10:30:00,23.785,,,,,
26508,01/11/26 10:45:00,23.737,,,,,
26509,01/11/26 11:00:00,23.497,,,,,
26510,01/11/26 11:15:00,23.376,,,,,
26511,01/11/26 11:30:00,23.593,,,,,
26512,01/11/26 11:45:00,23.761,,,,,
26513,01/11/26 12:00:00,23.617,,,,,
26514,01/11/26 12:15:00,23.424,,,,,
26515,01/11/26 12:30:00,23.328,,,,,
26516,01/11/26 12:45:00,23.184,,,,,
26517,01/11/26 13:00:00,23.160,,,,,
26518,01/11/26 13:15:00,23.376,,,,,
26519,01/11/26 13:30:00,23.545,,,,,
26520,01/11/26 13:45:00,23.448,,,,,
26521,01/11/26 14:00:00,23.280,,,,,
26522,01/11/26 14:15:00,23.184,,,,,
26523,01/11/26 14:30:00,23.088,,,,,
26524,01/11/26 14:45:00,23.016,,,,,
26525,01/11/26 15:00:00,22.968,,,,,
26526,01/11/26 15:15:00,22.872,,,,,
26527,01/11/26 15:30:00,22.824,,,,,
26528,01/11/26 15:45:00,22.968,,,,,
26529,01/11/26 16:00:00,23.208,,,,,
26530,01/11/26 16:15:00,23.208,,,,,
26531,01/11/26 16:30:00,23.064,,,,,
26532,01/11/26 16:45:00,22.944,,,,,
26533,01/11/26 17:00:00,22.824,,,,,
26534,01/11/26 17:15:00,22.920,,,,,
26535,01/11/26 17:30:00,23.160,,,,,
26536,01/11/26 17:45:00,23.208,,,,,
26537,01/11/26 18:00:00,23.016,,,,,
26538,01/11/26 18:15:00,22.968,,,,,
26539,01/11/26 18:30:00,23.136,,,,,
26540,01/11/26 18:45:00,23.160,,,,,
26541,01/11/26 19:00:00,22.944,,,,,
26542,01/11/26 19:15:00,22.776,,,,,
26543,01/11/26 19:30:00,22.920,,,,,
26544,01/11/26 19:45:00,23.064,,,,,
26545,01/11/26 20:00:00,23.016,,,,,
26546,01/11/26 20:15:00,22.848,,,,,
26547,01/11/26 20:30:00,22.992,,,,,
26548,01/11/26 20:45:00,23.112,,,,,
26549,01/11/26 21:00:00,23.184,,,,,
26550,01/11/26 21:15:00,23.136,,,,,
26551,01/11/26 21:30:00,22.896,,,,,
26552,01/11/26 21:45:00,22.776,,,,,
26553,01/11/26 22:00:00,22.920,,,,,
26554,01/11/26 22:15:00,23.040,,,,,
26555,01/11/26 22:30:00,23.160,,,,,
26556,01/11/26 22:45:00,23.256,,,,,
26557,01/11/26 23:00:00,23.328,,,,,
26558,01/11/26 23:15:00,23.376,,,,,
26559,01/11/26 23:30:00,23.424,,,,,
26560,01/11/26 23:45:00,23.448,,,,,
26561,01/12/26 00:00:00,23.472,,,,,
26562,01/12/26 00:15:00,23.497,,,,,
26563,01/12/26 00:30:00,23.545,,,,,
26564,01/12/26 00:45:00,23.569,,,,,
26565,01/12/26 01:00:00,23.617,,,,,
26566,01/12/26 01:15:00,23.665,,,,,
26567,01/12/26 01:30:00,23.689,,,,,
26568,01/12/26 01:45:00,23.713,,,,,
26569,01/12/26 02:00:00,23.737,,,,,
26570,01/12/26 02:15:00,23.761,,,,,
26571,01/12/26 02:30:00,23.785,,,,,
26572,01/12/26 02:45:00,23.809,,,,,
26573,01/12/26 03:00:00,23.833,,,,,
26574,01/12/26 03:15:00,23.857,,,,,
26575,01/12/26 03:30:00,23.881,,,,,
26576,01/12/26 03:45:00,23.905,,,,,
26577,01/12/26 04:00:00,23.930,,,,,
26578,01/12/26 04:15:00,23.930,,,,,
26579,01/12/26 04:30:00,23.954,,,,,
26580,01/12/26 04:45:00,23.978,,,,,
26581,01/12/26 05:00:00,23.978,,,,,
26582,01/12/26 05:15:00,24.002,,,,,
26583,01/12/26 05:30:00,23.978,,,,,
26584,01/12/26 05:45:00,23.905,,,,,
26585,01/12/26 06:00:00,23.809,,,,,
26586,01/12/26 06:15:00,23.497,,,,,
26587,01/12/26 06:30:00,22.848,,,,,
26588,01/12/26 06:45:00,22.705,,,,,
26589,01/12/26 07:00:00,22.609,,,,,
26590,01/12/26 07:15:00,22.513,,,,,
26591,01/12/26 07:30:00,22.537,,,,,
26592,01/12/26 07:45:00,22.848,,,,,
26593,01/12/26 08:00:00,23.064,,,,,
26594,01/12/26 08:15:00,23.208,,,,,
26595,01/12/26 08:30:00,23.112,,,,,
26596,01/12/26 08:45:00,23.088,,,,,
26597,01/12/26 09:00:00,23.160,,,,,
26598,01/12/26 09:15:00,23.232,,,,,
26599,01/12/26 09:30:00,23.280,,,,,
26600,01/12/26 09:45:00,23.256,,,,,
26601,01/12/26 10:00:00,23.184,,,,,
26602,01/12/26 10:15:00,23.256,,,,,
26603,01/12/26 10:30:00,23.472,,,,,
26604,01/12/26 10:45:00,23.448,,,,,
26605,01/12/26 11:00:00,23.304,,,,,
26606,01/12/26 11:15:00,23.232,,,,,
26607,01/12/26 11:30:00,23.208,,,,,
26608,01/12/26 11:45:00,23.208,,,,,
26609,01/12/26 12:00:00,23.256,,,,,
26610,01/12/26 12:15:00,23.016,,,,,
26611,01/12/26 12:30:00,22.920,,,,,
26612,01/12/26 12:45:00,23.040,,,,,
26613,01/12/26 13:00:00,22.848,,,,,
26614,01/12/26 13:15:00,22.681,,,,,
26615,01/12/26 13:30:00,22.872,,,,,
26616,01/12/26 13:45:00,22.944,,,,,
26617,01/12/26 14:00:00,22.848,,,,,
26618,01/12/26 14:15:00,22.753,,,,,
26619,01/12/26 14:30:00,22.705,,,,,
26620,01/12/26 14:45:00,22.824,,,,,
26621,01/12/26 15:00:00,22.872,,,,,
26622,01/12/26 15:15:00,22.944,,,,,
26623,01/12/26 15:30:00,23.064,,,,,
26624,01/12/26 15:45:00,23.040,,,,,
26625,01/12/26 16:00:00,22.992,,,,,
26626,01/12/26 16:15:00,23.016,,,,,
26627,01/12/26 16:30:00,23.112,,,,,
26628,01/12/26 16:45:00,23.184,,,,,
26629,01/12/26 17:00:00,22.896,,,,,
26630,01/12/26 17:15:00,22.705,,,,,
26631,01/12/26 17:30:00,22.848,,,,,
26632,01/12/26 17:45:00,22.968,,,,,
26633,01/12/26 18:00:00,23.040,,,,,
26634,01/12/26 18:15:00,23.016,,,,,
26635,01/12/26 18:30:00,22.968,,,,,
26636,01/12/26 18:45:00,22.920,,,,,
26637,01/12/26 19:00:00,22.872,,,,,
26638,01/12/26 19:15:00,22.800,,,,,
26639,01/12/26 19:30:00,22.776,,,,,
26640,01/12/26 19:45:00,22.705,,,,,
26641,01/12/26 20:00:00,22.681,,,,,
26642,01/12/26 20:15:00,22.633,,,,,
26643,01/12/26 20:30:00,22.585,,,,,
26644,01/12/26 20:45:00,22.561,,,,,
26645,01/12/26 21:00:00,22.513,,,,,
26646,01/12/26 21:15:00,22.489,,,,,
26647,01/12/26 21:30:00,22.465,,,,,
26648,01/12/26 21:45:00,22.441,,,,,
26649,01/12/26 22:00:00,22.298,,,,,
26650,01/12/26 22:15:00,22.417,,,,,
26651,01/12/26 22:30:00,22.585,,,,,
26652,01/12/26 22:45:00,22.729,,,,,
26653,01/12/26 23:00:00,22.848,,,,,
26654,01/12/26 23:15:00,22.944,,,,,
26655,01/12/26 23:30:00,22.992,,,,,
26656,01/12/26 23:45:00,23.040,,,,,
26657,01/13/26 00:00:00,23.064,,,,,
26658,01/13/26 00:15:00,23.088,,,,,
26659,01/13/26 00:30:00,23.136,,,,,
26660,01/13/26 00:45:00,23.184,,,,,
26661,01/13/26 01:00:00,23.232,,,,,
26662,01/13/26 01:15:00,23.280,,,,,
26663,01/13/26 01:30:00,23.304,,,,,
26664,01/13/26 01:45:00,23.352,,,,,
26665,01/13/26 02:00:00,23.376,,,,,
26666,01/13/26 02:15:00,23.400,,,,,
26667,01/13/26 02:30:00,23.424,,,,,
26668,01/13/26 02:45:00,23.448,,,,,
26669,01/13/26 03:00:00,23.472,,,,,
26670,01/13/26 03:15:00,23.497,,,,,
26671,01/13/26 03:30:00,23.521,,,,,
26672,01/13/26 03:45:00,23.545,,,,,
26673,01/13/26 04:00:00,23.569,,,,,
26674,01/13/26 04:15:00,23.593,,,,,
26675,01/13/26 04:30:00,23.593,,,,,
26676,01/13/26 04:45:00,23.617,,,,,
26677,01/13/26 05:00:00,23.641,,,,,
26678,01/13/26 05:15:00,23.665,,,,,
26679,01/13/26 05:30:00,23.641,,,,,
26680,01/13/26 05:45:00,23.569,,,,,
26681,01/13/26 06:00:00,23.521,,,,,
26682,01/13/26 06:15:00,23.208,,,,,
26683,01/13/26 06:30:00,22.800,,,,,
26684,01/13/26 06:45:00,22.633,,,,,
26685,01/13/26 07:00:00,22.537,,,,,
26686,01/13/26 07:15:00,22.705,,,,,
26687,01/13/26 07:30:00,22.824,,,,,
26688,01/13/26 07:45:00,22.968,,,,,
26689,01/13/26 08:00:00,23.040,,,,,
26690,01/13/26 08:15:00,22.896,,,,,
26691,01/13/26 08:30:00,22.800,,,,,
26692,01/13/26 08:45:00,22.705,,,,,
26693,01/13/26 09:00:00,22.872,,,,,
26694,01/13/26 09:15:00,23.184,,,,,
26695,01/13/26 09:30:00,23.352,,,,,
26696,01/13/26 09:45:00,23.160,,,,,
26697,01/13/26 10:00:00,22.992,,,,,
26698,01/13/26 10:15:00,22.872,,,,,
26699,01/13/26 10:30:00,22.824,,,,,
26700,01/13/26 10:45:00,22.729,,,,,
26701,01/13/26 11:00:00,23.088,,,,,
26702,01/13/26 11:15:00,23.472,,,,,
26703,01/13/26 11:30:00,23.280,,,,,
26704,01/13/26 11:45:00,23.256,,,,,
26705,01/13/26 12:00:00,23.208,,,,,
26706,01/13/26 12:15:00,23.208,,,,,
26707,01/13/26 12:30:00,23.256,,,,,
26708,01/13/26 12:45:00,23.256,,,,,
26709,01/13/26 13:00:00,22.896,,,,,
26710,01/13/26 13:15:00,22.992,,,,,
26711,01/13/26 13:30:00,22.681,,,,,
26712,01/13/26 13:45:00,22.513,,,,,
26713,01/13/26 14:00:00,22.776,,,,,
26714,01/13/26 14:15:00,22.824,,,,,
26715,01/13/26 14:30:00,22.489,,,,,
26716,01/13/26 14:45:00,22.561,,,,,
26717,01/13/26 15:00:00,22.705,,,,,
26718,01/13/26 15:15:00,22.776,,,,,
26719,01/13/26 15:30:00,22.848,,,,,
26720,01/13/26 15:45:00,22.848,,,,,
26721,01/13/26 16:00:00,22.920,,,,,
26722,01/13/26 16:15:00,23.016,,,,,
26723,01/13/26 16:30:00,22.968,,,,,
26724,01/13/26 16:45:00,22.944,,,,,
26725,01/13/26 17:00:00,22.896,,,,,
26726,01/13/26 17:15:00,22.848,,,,,
26727,01/13/26 17:30:00,22.729,,,,,
26728,01/13/26 17:45:00,22.609,,,,,
26729,01/13/26 18:00:00,22.489,,,,,
26730,01/13/26 18:15:00,22.393,,,,,
26731,01/13/26 18:30:00,22.298,,,,,
26732,01/13/26 18:45:00,22.250,,,,,
26733,01/13/26 19:00:00,22.609,,,,,
26734,01/13/26 19:15:00,22.848,,,,,
26735,01/13/26 19:30:00,22.800,,,,,
26736,01/13/26 19:45:00,22.633,,,,,
26737,01/13/26 20:00:00,22.585,,,,,
26738,01/13/26 20:15:00,22.513,,,,,
26739,01/13/26 20:30:00,22.681,,,,,
26740,01/13/26 20:45:00,22.920,,,,,
26741,01/13/26 21:00:00,23.088,,,,,
26742,01/13/26 21:15:00,22.872,,,,,
26743,01/13/26 21:30:00,22.537,,,,,
26744,01/13/26 21:45:00,22.824,,,,,
26745,01/13/26 22:00:00,23.040,,,,,
26746,01/13/26 22:15:00,23.208,,,,,
26747,01/13/26 22:30:00,23.328,,,,,
26748,01/13/26 22:45:00,23.400,,,,,
26749,01/13/26 23:00:00,23.472,,,,,
26750,01/13/26 23:15:00,23.497,,,,,
26751,01/13/26 23:30:00,23.545,,,,,
26752,01/13/26 23:45:00,23.569,,,,,
26753,01/14/26 00:00:00,23.593,,,,,
26754,01/14/26 00:15:00,23.641,,,,,
26755,01/14/26 00:30:00,23.689,,,,,
26756,01/14/26 00:45:00,23.737,,,,,
26757,01/14/26 01:00:00,23.785,,,,,
26758,01/14/26 01:15:00,23.809,,,,,
26759,01/14/26 01:30:00,23.857,,,,,
26760,01/14/26 01:45:00,23.881,,,,,
26761,01/14/26 02:00:00,23.905,,,,,
26762,01/14/26 02:15:00,23.954,,,,,
26763,01/14/26 02:30:00,23.978,,,,,
26764,01/14/26 02:45:00,24.002,,,,,
26765,01/14/26 03:00:00,24.026,,,,,
26766,01/14/26 03:15:00,24.050,,,,,
26767,01/14/26 03:30:00,24.074,,,,,
26768,01/14/26 03:45:00,24.098,,,,,
26769,01/14/26 04:00:00,24.122,,,,,
26770,01/14/26 04:15:00,24.122,,,,,
26771,01/14/26 04:30:00,24.146,,,,,
26772,01/14/26 04:45:00,24.171,,,,,
26773,01/14/26 05:00:00,24.171,,,,,
26774,01/14/26 05:15:00,24.195,,,,,
26775,01/14/26 05:30:00,24.122,,,,,
26776,01/14/26 05:45:00,24.050,,,,,
26777,01/14/26 06:00:00,23.978,,,,,
26778,01/14/26 06:15:00,23.424,,,,,
26779,01/14/26 06:30:00,22.681,,,,,
26780,01/14/26 06:45:00,22.585,,,,,
26781,01/14/26 07:00:00,22.441,,,,,
26782,01/14/26 07:15:00,22.345,,,,,
26783,01/14/26 07:30:00,22.681,,,,,
26784,01/14/26 07:45:00,22.968,,,,,
26785,01/14/26 08:00:00,23.184,,,,,
26786,01/14/26 08:15:00,22.561,,,,,
26787,01/14/26 08:30:00,22.561,,,,,
26788,01/14/26 08:45:00,23.040,,,,,
26789,01/14/26 09:00:00,23.304,,,,,
26790,01/14/26 09:15:00,23.088,,,,,
26791,01/14/26 09:30:00,23.016,,,,,
26792,01/14/26 09:45:00,22.896,,,,,
26793,01/14/26 10:00:00,22.800,,,,,
26794,01/14/26 10:15:00,22.800,,,,,
26795,01/14/26 10:30:00,22.800,,,,,
26796,01/14/26 10:45:00,22.776,,,,,
26797,01/14/26 11:00:00,22.753,,,,,
26798,01/14/26 11:15:00,22.729,,,,,
26799,01/14/26 11:30:00,22.753,,,,,
26800,01/14/26 11:45:00,22.776,,,,,
26801,01/14/26 12:00:00,22.753,,,,,
26802,01/14/26 12:15:00,22.800,,,,,
26803,01/14/26 12:30:00,22.824,,,,,
26804,01/14/26 12:45:00,22.872,,,,,
26805,01/14/26 13:00:00,22.848,,,,,
26806,01/14/26 13:15:00,22.824,,,,,
26807,01/14/26 13:30:00,22.920,,,,,
26808,01/14/26 13:45:00,23.064,,,,,
26809,01/14/26 14:00:00,22.776,,,,,
26810,01/14/26 14:15:00,22.561,,,,,
26811,01/14/26 14:30:00,22.513,,,,,
26812,01/14/26 14:45:00,22.369,,,,,
26813,01/14/26 15:00:00,22.369,,,,,
26814,01/14/26 15:15:00,22.489,,,,,
26815,01/14/26 15:30:00,22.465,,,,,
26816,01/14/26 15:45:00,22.489,,,,,
26817,01/14/26 16:00:00,22.513,,,,,
26818,01/14/26 16:15:00,22.585,,,,,
26819,01/14/26 16:30:00,22.609,,,,,
26820,01/14/26 16:45:00,22.537,,,,,
26821,01/14/26 17:00:00,22.561,,,,,
26822,01/14/26 17:15:00,22.513,,,,,
26823,01/14/26 17:30:00,22.393,,,,,
26824,01/14/26 17:45:00,22.489,,,,,
26825,01/14/26 18:00:00,22.705,,,,,
26826,01/14/26 18:15:00,22.705,,,,,
26827,01/14/26 18:30:00,22.657,,,,,
26828,01/14/26 18:45:00,22.633,,,,,
26829,01/14/26 19:00:00,22.585,,,,,
26830,01/14/26 19:15:00,22.561,,,,,
26831,01/14/26 19:30:00,22.513,,,,,
26832,01/14/26 19:45:00,22.489,,,,,
26833,01/14/26 20:00:00,22.441,,,,,
26834,01/14/26 20:15:00,22.393,,,,,
26835,01/14/26 20:30:00,22.369,,,,,
26836,01/14/26 20:45:00,22.345,,,,,
26837,01/14/26 21:00:00,22.681,,,,,
26838,01/14/26 21:15:00,22.968,,,,,
26839,01/14/26 21:30:00,22.800,,,,,
26840,01/14/26 21:45:00,22.489,,,,,
26841,01/14/26 22:00:00,22.298,,,,,
26842,01/14/26 22:15:00,22.585,,,,,
26843,01/14/26 22:30:00,22.896,,,,,
26844,01/14/26 22:45:00,23.112,,,,,
26845,01/14/26 23:00:00,23.256,,,,,
26846,01/14/26 23:15:00,23.352,,,,,
26847,01/14/26 23:30:00,23.424,,,,,
26848,01/14/26 23:45:00,23.497,,,,,
26849,01/15/26 00:00:00,23.569,,,,,
26850,01/15/26 00:15:00,23.665,,,,,
26851,01/15/26 00:30:00,23.737,,,,,
26852,01/15/26 00:45:00,23.809,,,,,
26853,01/15/26 01:00:00,23.881,,,,,
26854,01/15/26 01:15:00,23.954,,,,,
26855,01/15/26 01:30:00,24.002,,,,,
26856,01/15/26 01:45:00,24.050,,,,,
26857,01/15/26 02:00:00,24.074,,,,,
26858,01/15/26 02:15:00,24.122,,,,,
26859,01/15/26 02:30:00,24.171,,,,,
26860,01/15/26 02:45:00,24.195,,,,,
26861,01/15/26 03:00:00,24.219,,,,,
26862,01/15/26 03:15:00,24.267,,,,,
26863,01/15/26 03:30:00,24.291,,,,,
26864,01/15/26 03:45:00,24.339,,,,,
26865,01/15/26 04:00:00,24.412,,,,,
26866,01/15/26 04:15:00,24.460,,,,,
26867,01/15/26 04:30:00,24.484,,,,,
26868,01/15/26 04:45:00,24.484,,,,,
26869,01/15/26 05:00:00,24.508,,,,,
26870,01/15/26 05:15:00,24.412,,,,,
26871,01/15/26 05:30:00,24.339,,,,,
26872,01/15/26 05:45:00,24.267,,,,,
26873,01/15/26 06:00:00,24.195,,,,,
26874,01/15/26 06:15:00,23.713,,,,,
26875,01/15/26 06:30:00,22.848,,,,,
26876,01/15/26 06:45:00,22.465,,,,,
26877,01/15/26 07:00:00,22.489,,,,,
26878,01/15/26 07:15:00,22.513,,,,,
26879,01/15/26 07:30:00,22.465,,,,,
26880,01/15/26 07:45:00,22.537,,,,,
26881,01/15/26 08:00:00,22.489,,,,,
26882,01/15/26 08:15:00,22.705,,,,,
26883,01/15/26 08:30:00,23.232,,,,,
26884,01/15/26 08:45:00,23.232,,,,,
26885,01/15/26 09:00:00,23.136,,,,,
26886,01/15/26 09:15:00,23.136,,,,,
26887,01/15/26 09:30:00,23.184,,,,,
26888,01/15/26 09:45:00,23.232,,,,,
26889,01/15/26 10:00:00,23.208,,,,,
26890,01/15/26 10:15:00,23.280,,,,,
26891,01/15/26 10:30:00,23.232,,,,,
26892,01/15/26 10:45:00,23.256,,,,,
26893,01/15/26 11:00:00,23.328,,,,,
26894,01/15/26 11:15:00,23.328,,,,,
26895,01/15/26 11:30:00,23.304,,,,,
26896,01/15/26 11:45:00,23.280,,,,,
26897,01/15/26 12:00:00,24.388,,,,,
26898,01/15/26 12:15:00,24.460,,,,,
26899,01/15/26 12:30:00,24.532,,,,,
26900,01/15/26 12:45:00,24.363,,,,,
26901,01/15/26 13:00:00,24.219,,,,,
26902,01/15/26 13:15:00,24.195,,,,,
26903,01/15/26 13:27:31,,,Logged,Logged,,
26904,01/15/26 13:27:38,,,,,Logged,Logged
