"#","Date Time, GMT-04:00","Temp, °C","Coupler Detached","Coupler Attached","Host Connected","Stopped","End Of File"
1,04/10/25 08:00:00,22.202,Logged,,,,
2,04/10/25 08:15:00,22.178,,,,,
3,04/10/25 08:30:00,22.154,,,,,
4,04/10/25 08:45:00,22.130,,,,,
5,04/10/25 09:00:00,22.106,,,,,
6,04/10/25 09:15:00,22.130,,,,,
7,04/10/25 09:30:00,22.202,,,,,
8,04/10/25 09:45:00,22.250,,,,,
9,04/10/25 10:00:00,22.274,,,,,
10,04/10/25 10:15:00,22.298,,,,,
11,04/10/25 10:30:00,22.321,,,,,
12,04/10/25 10:45:00,22.345,,,,,
13,04/10/25 11:00:00,22.369,,,,,
14,04/10/25 11:15:00,22.393,,,,,
15,04/10/25 11:30:00,22.465,,,,,
16,04/10/25 11:45:00,22.513,,,,,
17,04/10/25 12:00:00,22.537,,,,,
18,04/10/25 12:15:00,22.585,,,,,
19,04/10/25 12:30:00,22.609,,,,,
20,04/10/25 12:45:00,22.609,,,,,
21,04/10/25 13:00:00,22.609,,,,,
22,04/10/25 13:15:00,22.609,,,,,
23,04/10/25 13:30:00,22.681,,,,,
24,04/10/25 13:45:00,22.681,,,,,
25,04/10/25 14:00:00,22.657,,,,,
26,04/10/25 14:15:00,22.609,,,,,
27,04/10/25 14:30:00,22.585,,,,,
28,04/10/25 14:45:00,22.537,,,,,
29,04/10/25 15:00:00,22.489,,,,,
30,04/10/25 15:15:00,22.465,,,,,
31,04/10/25 15:30:00,22.561,,,,,
32,04/10/25 15:45:00,22.633,,,,,
33,04/10/25 16:00:00,22.633,,,,,
34,04/10/25 16:15:00,22.633,,,,,
35,04/10/25 16:30:00,22.609,,,,,
36,04/10/25 16:45:00,22.585,,,,,
37,04/10/25 17:00:00,22.561,,,,,
38,04/10/25 17:15:00,22.537,,,,,
39,04/10/25 17:30:00,22.513,,,,,
40,04/10/25 17:45:00,22.489,,,,,
41,04/10/25 18:00:00,22.465,,,,,
42,04/10/25 18:15:00,22.441,,,,,
43,04/10/25 18:30:00,22.393,,,,,
44,04/10/25 18:45:00,22.369,,,,,
45,04/10/25 19:00:00,22.298,,,,,
46,04/10/25 19:15:00,22.274,,,,,
47,04/10/25 19:30:00,22.250,,,,,
48,04/10/25 19:45:00,22.202,,,,,
49,04/10/25 20:00:00,22.178,,,,,
50,04/10/25 20:15:00,22.130,,,,,
51,04/10/25 20:30:00,22.082,,,,,
52,04/10/25 20:45:00,22.058,,,,,
53,04/10/25 21:00:00,22.011,,,,,
54,04/10/25 21:15:00,21.963,,,,,
55,04/10/25 21:30:00,21.939,,,,,
56,04/10/25 21:45:00,21.891,,,,,
57,04/10/25 22:00:00,21.867,,,,,
58,04/10/25 22:15:00,21.843,,,,,
59,04/10/25 22:30:00,21.843,,,,,
60,04/10/25 22:45:00,21.843,,,,,
61,04/10/25 23:00:00,21.843,,,,,
62,04/10/25 23:15:00,21.867,,,,,
63,04/10/25 23:30:00,21.891,,,,,
64,04/10/25 23:45:00,21.915,,,,,
65,04/11/25 00:00:00,21.915,,,,,
66,04/11/25 00:15:00,21.939,,,,,
67,04/11/25 00:30:00,21.963,,,,,
68,04/11/25 00:45:00,22.011,,,,,
69,04/11/25 01:00:00,22.011,,,,,
70,04/11/25 01:15:00,22.058,,,,,
71,04/11/25 01:30:00,22.082,,,,,
72,04/11/25 01:45:00,22.106,,,,,
73,04/11/25 02:00:00,22.130,,,,,
74,04/11/25 02:15:00,22.154,,,,,
75,04/11/25 02:30:00,22.178,,,,,
76,04/11/25 02:45:00,22.202,,,,,
77,04/11/25 03:00:00,22.226,,,,,
78,04/11/25 03:15:00,22.250,,,,,
79,04/11/25 03:30:00,22.298,,,,,
80,04/11/25 03:45:00,22.298,,,,,
81,04/11/25 04:00:00,22.345,,,,,
82,04/11/25 04:15:00,22.369,,,,,
83,04/11/25 04:30:00,22.393,,,,,
84,04/11/25 04:45:00,22.417,,,,,
85,04/11/25 05:00:00,22.441,,,,,
86,04/11/25 05:15:00,22.465,,,,,
87,04/11/25 05:30:00,22.489,,,,,
88,04/11/25 05:45:00,22.537,,,,,
89,04/11/25 06:00:00,22.585,,,,,
90,04/11/25 06:15:00,22.705,,,,,
91,04/11/25 06:30:00,22.824,,,,,
92,04/11/25 06:45:00,22.968,,,,,
93,04/11/25 07:00:00,23.088,,,,,
94,04/11/25 07:15:00,23.232,,,,,
95,04/11/25 07:30:00,23.352,,,,,
96,04/11/25 07:45:00,23.472,,,,,
97,04/11/25 08:00:00,23.593,,,,,
98,04/11/25 08:15:00,23.737,,,,,
99,04/11/25 08:30:00,23.857,,,,,
100,04/11/25 08:45:00,23.978,,,,,
101,04/11/25 09:00:00,24.098,,,,,
102,04/11/25 09:15:00,24.243,,,,,
103,04/11/25 09:30:00,24.363,,,,,
104,04/11/25 09:45:00,24.508,,,,,
105,04/11/25 10:00:00,24.629,,,,,
106,04/11/25 10:15:00,24.750,,,,,
107,04/11/25 10:30:00,24.871,,,,,
108,04/11/25 10:45:00,24.992,,,,,
109,04/11/25 11:00:00,25.089,,,,,
110,04/11/25 11:15:00,25.210,,,,,
111,04/11/25 11:30:00,25.307,,,,,
112,04/11/25 11:45:00,25.428,,,,,
113,04/11/25 12:00:00,25.525,,,,,
114,04/11/25 12:15:00,25.647,,,,,
115,04/11/25 12:30:00,25.744,,,,,
116,04/11/25 12:45:00,25.841,,,,,
117,04/11/25 13:00:00,25.939,,,,,
118,04/11/25 13:15:00,26.036,,,,,
119,04/11/25 13:30:00,26.134,,,,,
120,04/11/25 13:45:00,26.280,,,,,
121,04/11/25 14:00:00,26.549,,,,,
122,04/11/25 14:15:00,26.646,,,,,
123,04/11/25 14:30:00,26.916,,,,,
124,04/11/25 14:45:00,27.210,,,,,
125,04/11/25 15:00:00,27.505,,,,,
126,04/11/25 15:15:00,27.727,,,,,
127,04/11/25 15:30:00,27.924,,,,,
128,04/11/25 15:45:00,28.171,,,,,
129,04/11/25 16:00:00,29.065,,,,,
130,04/11/25 16:15:00,30.520,,,,,
131,04/11/25 16:30:00,28.593,,,,,
132,04/11/25 16:45:00,26.475,,,,,
133,04/11/25 17:00:00,24.726,,,,,
134,04/11/25 17:15:00,23.472,,,,,
135,04/11/25 17:30:00,22.872,,,,,
136,04/11/25 17:45:00,22.106,,,,,
137,04/11/25 18:00:00,21.461,,,,,
138,04/11/25 18:15:00,21.032,,,,,
139,04/11/25 18:30:00,20.603,,,,,
140,04/11/25 18:45:00,20.341,,,,,
141,04/11/25 19:00:00,20.055,,,,,
142,04/11/25 19:15:00,19.746,,,,,
143,04/11/25 19:30:00,19.674,,,,,
144,04/11/25 19:45:00,19.603,,,,,
145,04/11/25 20:00:00,19.484,,,,,
146,04/11/25 20:15:00,19.341,,,,,
147,04/11/25 20:30:00,19.246,,,,,
148,04/11/25 20:45:00,19.199,,,,,
149,04/11/25 21:00:00,19.175,,,,,
150,04/11/25 21:15:00,19.080,,,,,
151,04/11/25 21:30:00,19.008,,,,,
152,04/11/25 21:45:00,18.889,,,,,
153,04/11/25 22:00:00,18.794,,,,,
154,04/11/25 22:15:00,18.699,,,,,
155,04/11/25 22:30:00,18.652,,,,,
156,04/11/25 22:45:00,18.604,,,,,
157,04/11/25 23:00:00,18.533,,,,,
158,04/11/25 23:15:00,18.485,,,,,
159,04/11/25 23:30:00,18.438,,,,,
160,04/11/25 23:45:00,18.438,,,,,
161,04/12/25 00:00:00,18.533,,,,,
162,04/12/25 00:15:00,18.533,,,,,
163,04/12/25 00:30:00,18.485,,,,,
164,04/12/25 00:45:00,18.414,,,,,
165,04/12/25 01:00:00,18.366,,,,,
166,04/12/25 01:15:00,18.319,,,,,
167,04/12/25 01:30:00,18.319,,,,,
168,04/12/25 01:45:00,18.319,,,,,
169,04/12/25 02:00:00,18.295,,,,,
170,04/12/25 02:15:00,18.247,,,,,
171,04/12/25 02:30:00,18.247,,,,,
172,04/12/25 02:45:00,18.247,,,,,
173,04/12/25 03:00:00,18.366,,,,,
174,04/12/25 03:15:00,18.390,,,,,
175,04/12/25 03:30:00,18.390,,,,,
176,04/12/25 03:45:00,18.390,,,,,
177,04/12/25 04:00:00,18.580,,,,,
178,04/12/25 04:15:00,18.771,,,,,
179,04/12/25 04:30:00,18.842,,,,,
180,04/12/25 04:45:00,18.818,,,,,
181,04/12/25 05:00:00,18.842,,,,,
182,04/12/25 05:15:00,18.818,,,,,
183,04/12/25 05:30:00,18.866,,,,,
184,04/12/25 05:45:00,18.794,,,,,
185,04/12/25 06:00:00,18.818,,,,,
186,04/12/25 06:15:00,18.794,,,,,
187,04/12/25 06:30:00,18.818,,,,,
188,04/12/25 06:45:00,18.866,,,,,
189,04/12/25 07:00:00,19.103,,,,,
190,04/12/25 07:15:00,19.270,,,,,
191,04/12/25 07:30:00,19.246,,,,,
192,04/12/25 07:45:00,19.532,,,,,
193,04/12/25 08:00:00,21.963,,,,,
194,04/12/25 08:15:00,23.785,,,,,
195,04/12/25 08:30:00,25.404,,,,,
196,04/12/25 08:45:00,26.353,,,,,
197,04/12/25 09:00:00,28.916,,,,,
198,04/12/25 09:15:00,29.615,,,,,
199,04/12/25 09:30:00,29.640,,,,,
200,04/12/25 09:45:00,29.464,,,,,
201,04/12/25 10:00:00,30.142,,,,,
202,04/12/25 10:15:00,30.419,,,,,
203,04/12/25 10:30:00,30.394,,,,,
204,04/12/25 10:45:00,30.268,,,,,
205,04/12/25 11:00:00,30.016,,,,,
206,04/12/25 11:15:00,30.217,,,,,
207,04/12/25 11:30:00,30.268,,,,,
208,04/12/25 11:45:00,30.369,,,,,
209,04/12/25 12:00:00,30.217,,,,,
210,04/12/25 12:15:00,29.916,,,,,
211,04/12/25 12:30:00,29.715,,,,,
212,04/12/25 12:45:00,29.665,,,,,
213,04/12/25 13:00:00,29.615,,,,,
214,04/12/25 13:15:00,29.040,,,,,
215,04/12/25 13:30:00,28.916,,,,,
216,04/12/25 13:45:00,28.816,,,,,
217,04/12/25 14:00:00,28.766,,,,,
218,04/12/25 14:15:00,28.841,,,,,
219,04/12/25 14:30:00,28.816,,,,,
220,04/12/25 14:45:00,29.065,,,,,
221,04/12/25 15:00:00,29.815,,,,,
222,04/12/25 15:15:00,31.255,,,,,
223,04/12/25 15:30:00,28.072,,,,,
224,04/12/25 15:45:00,26.207,,,,,
225,04/12/25 16:00:00,24.798,,,,,
226,04/12/25 16:15:00,23.761,,,,,
227,04/12/25 16:30:00,22.968,,,,,
228,04/12/25 16:45:00,22.298,,,,,
229,04/12/25 17:00:00,21.772,,,,,
230,04/12/25 17:15:00,21.294,,,,,
231,04/12/25 17:30:00,20.984,,,,,
232,04/12/25 17:45:00,20.746,,,,,
233,04/12/25 18:00:00,20.555,,,,,
234,04/12/25 18:15:00,20.388,,,,,
235,04/12/25 18:30:00,20.222,,,,,
236,04/12/25 18:45:00,20.079,,,,,
237,04/12/25 19:00:00,19.960,,,,,
238,04/12/25 19:15:00,19.888,,,,,
239,04/12/25 19:30:00,19.841,,,,,
240,04/12/25 19:45:00,19.793,,,,,
241,04/12/25 20:00:00,19.770,,,,,
242,04/12/25 20:15:00,19.793,,,,,
243,04/12/25 20:30:00,19.770,,,,,
244,04/12/25 20:45:00,19.936,,,,,
245,04/12/25 21:00:00,20.103,,,,,
246,04/12/25 21:15:00,20.198,,,,,
247,04/12/25 21:30:00,20.317,,,,,
248,04/12/25 21:45:00,20.412,,,,,
249,04/12/25 22:00:00,20.507,,,,,
250,04/12/25 22:15:00,20.484,,,,,
251,04/12/25 22:30:00,20.317,,,,,
252,04/12/25 22:45:00,20.126,,,,,
253,04/12/25 23:00:00,19.960,,,,,
254,04/12/25 23:15:00,19.770,,,,,
255,04/12/25 23:30:00,19.651,,,,,
256,04/12/25 23:45:00,19.603,,,,,
257,04/13/25 00:00:00,19.532,,,,,
258,04/13/25 00:15:00,19.460,,,,,
259,04/13/25 00:30:00,19.413,,,,,
260,04/13/25 00:45:00,19.365,,,,,
261,04/13/25 01:00:00,19.294,,,,,
262,04/13/25 01:15:00,19.246,,,,,
263,04/13/25 01:30:00,19.246,,,,,
264,04/13/25 01:45:00,19.246,,,,,
265,04/13/25 02:00:00,19.222,,,,,
266,04/13/25 02:15:00,19.222,,,,,
267,04/13/25 02:30:00,19.222,,,,,
268,04/13/25 02:45:00,19.222,,,,,
269,04/13/25 03:00:00,19.175,,,,,
270,04/13/25 03:15:00,19.151,,,,,
271,04/13/25 03:30:00,19.103,,,,,
272,04/13/25 03:45:00,19.032,,,,,
273,04/13/25 04:00:00,18.985,,,,,
274,04/13/25 04:15:00,18.961,,,,,
275,04/13/25 04:30:00,18.889,,,,,
276,04/13/25 04:45:00,18.866,,,,,
277,04/13/25 05:00:00,18.842,,,,,
278,04/13/25 05:15:00,18.842,,,,,
279,04/13/25 05:30:00,18.889,,,,,
280,04/13/25 05:45:00,18.985,,,,,
281,04/13/25 06:00:00,19.008,,,,,
282,04/13/25 06:15:00,19.080,,,,,
283,04/13/25 06:30:00,19.222,,,,,
284,04/13/25 06:45:00,19.365,,,,,
285,04/13/25 07:00:00,19.389,,,,,
286,04/13/25 07:15:00,19.484,,,,,
287,04/13/25 07:30:00,19.770,,,,,
288,04/13/25 07:45:00,21.223,,,,,
289,04/13/25 08:00:00,22.345,,,,,
290,04/13/25 08:15:00,23.352,,,,,
291,04/13/25 08:30:00,27.235,,,,,
292,04/13/25 08:45:00,28.369,,,,,
293,04/13/25 09:00:00,29.240,,,,,
294,04/13/25 09:15:00,30.066,,,,,
295,04/13/25 09:30:00,31.077,,,,,
296,04/13/25 09:45:00,33.391,,,,,
297,04/13/25 10:00:00,35.770,,,,,
298,04/13/25 10:15:00,32.355,,,,,
299,04/13/25 10:30:00,31.459,,,,,
300,04/13/25 10:45:00,31.893,,,,,
301,04/13/25 11:00:00,31.331,,,,,
302,04/13/25 11:15:00,30.900,,,,,
303,04/13/25 11:30:00,30.545,,,,,
304,04/13/25 11:45:00,30.192,,,,,
305,04/13/25 12:00:00,29.916,,,,,
306,04/13/25 12:15:00,29.765,,,,,
307,04/13/25 12:30:00,28.941,,,,,
308,04/13/25 12:45:00,26.134,,,,,
309,04/13/25 13:00:00,25.501,,,,,
310,04/13/25 13:15:00,27.702,,,,,
311,04/13/25 13:30:00,28.642,,,,,
312,04/13/25 13:45:00,29.165,,,,,
313,04/13/25 14:00:00,29.565,,,,,
314,04/13/25 14:15:00,29.515,,,,,
315,04/13/25 14:30:00,29.290,,,,,
316,04/13/25 14:45:00,29.140,,,,,
317,04/13/25 15:00:00,29.515,,,,,
318,04/13/25 15:15:00,29.665,,,,,
319,04/13/25 15:30:00,30.066,,,,,
320,04/13/25 15:45:00,32.794,,,,,
321,04/13/25 16:00:00,28.023,,,,,
322,04/13/25 16:15:00,25.744,,,,,
323,04/13/25 16:30:00,24.026,,,,,
324,04/13/25 16:45:00,22.968,,,,,
325,04/13/25 17:00:00,22.274,,,,,
326,04/13/25 17:15:00,21.676,,,,,
327,04/13/25 17:30:00,21.103,,,,,
328,04/13/25 17:45:00,20.698,,,,,
329,04/13/25 18:00:00,20.365,,,,,
330,04/13/25 18:15:00,20.055,,,,,
331,04/13/25 18:30:00,19.817,,,,,
332,04/13/25 18:45:00,19.698,,,,,
333,04/13/25 19:00:00,19.579,,,,,
334,04/13/25 19:15:00,19.484,,,,,
335,04/13/25 19:30:00,19.413,,,,,
336,04/13/25 19:45:00,19.365,,,,,
337,04/13/25 20:00:00,19.294,,,,,
338,04/13/25 20:15:00,19.246,,,,,
339,04/13/25 20:30:00,19.365,,,,,
340,04/13/25 20:45:00,19.460,,,,,
341,04/13/25 21:00:00,19.532,,,,,
342,04/13/25 21:15:00,19.579,,,,,
343,04/13/25 21:30:00,19.627,,,,,
344,04/13/25 21:45:00,19.532,,,,,
345,04/13/25 22:00:00,19.436,,,,,
346,04/13/25 22:15:00,19.389,,,,,
347,04/13/25 22:30:00,19.341,,,,,
348,04/13/25 22:45:00,19.294,,,,,
349,04/13/25 23:00:00,19.294,,,,,
350,04/13/25 23:15:00,19.246,,,,,
351,04/13/25 23:30:00,19.222,,,,,
352,04/13/25 23:45:00,19.199,,,,,
353,04/14/25 00:00:00,19.175,,,,,
354,04/14/25 00:15:00,19.175,,,,,
355,04/14/25 00:30:00,19.151,,,,,
356,04/14/25 00:45:00,19.151,,,,,
357,04/14/25 01:00:00,19.127,,,,,
358,04/14/25 01:15:00,19.127,,,,,
359,04/14/25 01:30:00,19.103,,,,,
360,04/14/25 01:45:00,19.103,,,,,
361,04/14/25 02:00:00,19.080,,,,,
362,04/14/25 02:15:00,19.103,,,,,
363,04/14/25 02:30:00,19.080,,,,,
364,04/14/25 02:45:00,19.056,,,,,
365,04/14/25 03:00:00,19.032,,,,,
366,04/14/25 03:15:00,19.008,,,,,
367,04/14/25 03:30:00,18.985,,,,,
368,04/14/25 03:45:00,18.961,,,,,
369,04/14/25 04:00:00,18.937,,,,,
370,04/14/25 04:15:00,18.961,,,,,
371,04/14/25 04:30:00,19.008,,,,,
372,04/14/25 04:45:00,19.056,,,,,
373,04/14/25 05:00:00,19.103,,,,,
374,04/14/25 05:15:00,19.056,,,,,
375,04/14/25 05:30:00,19.032,,,,,
376,04/14/25 05:45:00,19.008,,,,,
377,04/14/25 06:00:00,19.008,,,,,
378,04/14/25 06:15:00,19.056,,,,,
379,04/14/25 06:30:00,19.056,,,,,
380,04/14/25 06:45:00,19.151,,,,,
381,04/14/25 07:00:00,19.246,,,,,
382,04/14/25 07:15:00,19.888,,,,,
383,04/14/25 07:30:00,20.436,,,,,
384,04/14/25 07:45:00,20.650,,,,,
385,04/14/25 08:00:00,20.793,,,,,
386,04/14/25 08:15:00,20.960,,,,,
387,04/14/25 08:30:00,21.008,,,,,
388,04/14/25 08:45:00,21.175,,,,,
389,04/14/25 09:00:00,21.294,,,,,
390,04/14/25 09:15:00,21.413,,,,,
391,04/14/25 09:30:00,21.485,,,,,
392,04/14/25 09:45:00,21.557,,,,,
393,04/14/25 10:00:00,21.628,,,,,
394,04/14/25 10:15:00,21.748,,,,,
395,04/14/25 10:30:00,21.700,,,,,
396,04/14/25 10:45:00,21.700,,,,,
397,04/14/25 11:00:00,21.748,,,,,
398,04/14/25 11:15:00,21.772,,,,,
399,04/14/25 11:30:00,21.795,,,,,
400,04/14/25 11:45:00,21.819,,,,,
401,04/14/25 12:00:00,21.843,,,,,
402,04/14/25 12:15:00,21.867,,,,,
403,04/14/25 12:30:00,21.915,,,,,
404,04/14/25 12:45:00,21.939,,,,,
405,04/14/25 13:00:00,21.963,,,,,
406,04/14/25 13:15:00,21.987,,,,,
407,04/14/25 13:30:00,21.987,,,,,
408,04/14/25 13:45:00,21.915,,,,,
409,04/14/25 14:00:00,21.867,,,,,
410,04/14/25 14:15:00,21.843,,,,,
411,04/14/25 14:30:00,21.795,,,,,
412,04/14/25 14:45:00,21.772,,,,,
413,04/14/25 15:00:00,21.772,,,,,
414,04/14/25 15:15:00,21.652,,,,,
415,04/14/25 15:30:00,21.676,,,,,
416,04/14/25 15:45:00,21.628,,,,,
417,04/14/25 16:00:00,21.557,,,,,
418,04/14/25 16:15:00,21.533,,,,,
419,04/14/25 16:30:00,21.533,,,,,
420,04/14/25 16:45:00,21.915,,,,,
421,04/14/25 17:00:00,23.785,,,,,
422,04/14/25 17:15:00,22.944,,,,,
423,04/14/25 17:30:00,22.345,,,,,
424,04/14/25 17:45:00,21.987,,,,,
425,04/14/25 18:00:00,21.700,,,,,
426,04/14/25 18:15:00,21.437,,,,,
427,04/14/25 18:30:00,21.294,,,,,
428,04/14/25 18:45:00,21.175,,,,,
429,04/14/25 19:00:00,21.103,,,,,
430,04/14/25 19:15:00,21.008,,,,,
431,04/14/25 19:30:00,20.936,,,,,
432,04/14/25 19:45:00,20.913,,,,,
433,04/14/25 20:00:00,20.960,,,,,
434,04/14/25 20:15:00,20.984,,,,,
435,04/14/25 20:30:00,21.008,,,,,
436,04/14/25 20:45:00,20.960,,,,,
437,04/14/25 21:00:00,20.936,,,,,
438,04/14/25 21:15:00,20.960,,,,,
439,04/14/25 21:30:00,21.056,,,,,
440,04/14/25 21:45:00,21.175,,,,,
441,04/14/25 22:00:00,21.246,,,,,
442,04/14/25 22:15:00,21.246,,,,,
443,04/14/25 22:30:00,21.246,,,,,
444,04/14/25 22:45:00,21.270,,,,,
445,04/14/25 23:00:00,21.175,,,,,
446,04/14/25 23:15:00,21.175,,,,,
447,04/14/25 23:30:00,21.151,,,,,
448,04/14/25 23:45:00,21.175,,,,,
449,04/15/25 00:00:00,21.270,,,,,
450,04/15/25 00:15:00,21.342,,,,,
451,04/15/25 00:30:00,21.294,,,,,
452,04/15/25 00:45:00,21.318,,,,,
453,04/15/25 01:00:00,21.294,,,,,
454,04/15/25 01:15:00,21.270,,,,,
455,04/15/25 01:30:00,21.223,,,,,
456,04/15/25 01:45:00,21.223,,,,,
457,04/15/25 02:00:00,21.246,,,,,
458,04/15/25 02:15:00,21.223,,,,,
459,04/15/25 02:30:00,21.246,,,,,
460,04/15/25 02:45:00,21.246,,,,,
461,04/15/25 03:00:00,21.223,,,,,
462,04/15/25 03:15:00,21.223,,,,,
463,04/15/25 03:30:00,21.151,,,,,
464,04/15/25 03:45:00,21.079,,,,,
465,04/15/25 04:00:00,20.984,,,,,
466,04/15/25 04:15:00,21.032,,,,,
467,04/15/25 04:30:00,21.032,,,,,
468,04/15/25 04:45:00,20.984,,,,,
469,04/15/25 05:00:00,20.841,,,,,
470,04/15/25 05:15:00,20.722,,,,,
471,04/15/25 05:30:00,20.603,,,,,
472,04/15/25 05:45:00,20.507,,,,,
473,04/15/25 06:00:00,20.460,,,,,
474,04/15/25 06:15:00,20.436,,,,,
475,04/15/25 06:30:00,20.412,,,,,
476,04/15/25 06:45:00,20.365,,,,,
477,04/15/25 07:00:00,20.365,,,,,
478,04/15/25 07:15:00,20.460,,,,,
479,04/15/25 07:30:00,20.698,,,,,
480,04/15/25 07:45:00,20.936,,,,,
481,04/15/25 08:00:00,21.151,,,,,
482,04/15/25 08:15:00,21.199,,,,,
483,04/15/25 08:30:00,21.032,,,,,
484,04/15/25 08:45:00,20.960,,,,,
485,04/15/25 09:00:00,21.032,,,,,
486,04/15/25 09:15:00,21.103,,,,,
487,04/15/25 09:30:00,21.103,,,,,
488,04/15/25 09:45:00,21.413,,,,,
489,04/15/25 10:00:00,21.795,,,,,
490,04/15/25 10:15:00,21.963,,,,,
491,04/15/25 10:30:00,21.819,,,,,
492,04/15/25 10:45:00,21.533,,,,,
493,04/15/25 11:00:00,21.485,,,,,
494,04/15/25 11:15:00,21.366,,,,,
495,04/15/25 11:30:00,21.270,,,,,
496,04/15/25 11:45:00,21.294,,,,,
497,04/15/25 12:00:00,21.246,,,,,
498,04/15/25 12:15:00,21.270,,,,,
499,04/15/25 12:30:00,21.270,,,,,
500,04/15/25 12:45:00,21.223,,,,,
501,04/15/25 13:00:00,21.151,,,,,
502,04/15/25 13:15:00,21.151,,,,,
503,04/15/25 13:30:00,21.056,,,,,
504,04/15/25 13:45:00,21.056,,,,,
505,04/15/25 14:00:00,21.032,,,,,
506,04/15/25 14:15:00,20.960,,,,,
507,04/15/25 14:30:00,20.817,,,,,
508,04/15/25 14:45:00,20.817,,,,,
509,04/15/25 15:00:00,20.841,,,,,
510,04/15/25 15:15:00,20.817,,,,,
511,04/15/25 15:30:00,20.841,,,,,
512,04/15/25 15:45:00,21.008,,,,,
513,04/15/25 16:00:00,21.437,,,,,
514,04/15/25 16:15:00,21.533,,,,,
515,04/15/25 16:30:00,21.533,,,,,
516,04/15/25 16:45:00,21.485,,,,,
517,04/15/25 17:00:00,21.461,,,,,
518,04/15/25 17:15:00,21.246,,,,,
519,04/15/25 17:30:00,21.151,,,,,
520,04/15/25 17:45:00,21.342,,,,,
521,04/15/25 18:00:00,21.342,,,,,
522,04/15/25 18:15:00,21.223,,,,,
523,04/15/25 18:30:00,21.103,,,,,
524,04/15/25 18:45:00,20.913,,,,,
525,04/15/25 19:00:00,20.722,,,,,
526,04/15/25 19:15:00,20.627,,,,,
527,04/15/25 19:30:00,20.531,,,,,
528,04/15/25 19:45:00,20.484,,,,,
529,04/15/25 20:00:00,20.412,,,,,
530,04/15/25 20:15:00,20.388,,,,,
531,04/15/25 20:30:00,20.341,,,,,
532,04/15/25 20:45:00,20.317,,,,,
533,04/15/25 21:00:00,20.293,,,,,
534,04/15/25 21:15:00,20.269,,,,,
535,04/15/25 21:30:00,20.269,,,,,
536,04/15/25 21:45:00,20.293,,,,,
537,04/15/25 22:00:00,20.388,,,,,
538,04/15/25 22:15:00,20.412,,,,,
539,04/15/25 22:30:00,20.412,,,,,
540,04/15/25 22:45:00,20.436,,,,,
541,04/15/25 23:00:00,20.412,,,,,
542,04/15/25 23:15:00,20.412,,,,,
543,04/15/25 23:30:00,20.436,,,,,
544,04/15/25 23:45:00,20.412,,,,,
545,04/16/25 00:00:00,20.388,,,,,
546,04/16/25 00:15:00,20.436,,,,,
547,04/16/25 00:30:00,20.460,,,,,
548,04/16/25 00:45:00,20.507,,,,,
549,04/16/25 01:00:00,20.531,,,,,
550,04/16/25 01:15:00,20.507,,,,,
551,04/16/25 01:30:00,20.436,,,,,
552,04/16/25 01:45:00,20.412,,,,,
553,04/16/25 02:00:00,20.388,,,,,
554,04/16/25 02:15:00,20.388,,,,,
555,04/16/25 02:30:00,20.388,,,,,
556,04/16/25 02:45:00,20.388,,,,,
557,04/16/25 03:00:00,20.436,,,,,
558,04/16/25 03:15:00,20.484,,,,,
559,04/16/25 03:30:00,20.484,,,,,
560,04/16/25 03:45:00,20.484,,,,,
561,04/16/25 04:00:00,20.460,,,,,
562,04/16/25 04:15:00,20.531,,,,,
563,04/16/25 04:30:00,20.650,,,,,
564,04/16/25 04:45:00,20.698,,,,,
565,04/16/25 05:00:00,20.650,,,,,
566,04/16/25 05:15:00,20.603,,,,,
567,04/16/25 05:30:00,20.531,,,,,
568,04/16/25 05:45:00,20.531,,,,,
569,04/16/25 06:00:00,20.579,,,,,
570,04/16/25 06:15:00,20.579,,,,,
571,04/16/25 06:30:00,20.555,,,,,
572,04/16/25 06:45:00,20.650,,,,,
573,04/16/25 07:00:00,20.650,,,,,
574,04/16/25 07:15:00,20.579,,,,,
575,04/16/25 07:30:00,20.650,,,,,
576,04/16/25 07:45:00,20.793,,,,,
577,04/16/25 08:00:00,21.867,,,,,
578,04/16/25 08:15:00,23.497,,,,,
579,04/16/25 08:30:00,24.968,,,,,
580,04/16/25 08:45:00,25.939,,,,,
581,04/16/25 09:00:00,26.573,,,,,
582,04/16/25 09:15:00,27.038,,,,,
583,04/16/25 09:30:00,27.382,,,,,
584,04/16/25 09:45:00,27.604,,,,,
585,04/16/25 10:00:00,27.850,,,,,
586,04/16/25 10:15:00,28.568,,,,,
587,04/16/25 10:30:00,29.115,,,,,
588,04/16/25 10:45:00,28.941,,,,,
589,04/16/25 11:00:00,27.604,,,,,
590,04/16/25 11:15:00,27.554,,,,,
591,04/16/25 11:30:00,27.579,,,,,
592,04/16/25 11:45:00,27.604,,,,,
593,04/16/25 12:00:00,27.628,,,,,
594,04/16/25 12:15:00,27.653,,,,,
595,04/16/25 12:30:00,27.677,,,,,
596,04/16/25 12:45:00,27.677,,,,,
597,04/16/25 13:00:00,27.677,,,,,
598,04/16/25 13:15:00,27.677,,,,,
599,04/16/25 13:30:00,27.702,,,,,
600,04/16/25 13:45:00,27.702,,,,,
601,04/16/25 14:00:00,27.702,,,,,
602,04/16/25 14:15:00,27.677,,,,,
603,04/16/25 14:30:00,27.702,,,,,
604,04/16/25 14:45:00,27.677,,,,,
605,04/16/25 15:00:00,27.702,,,,,
606,04/16/25 15:15:00,27.677,,,,,
607,04/16/25 15:30:00,27.702,,,,,
608,04/16/25 15:45:00,27.702,,,,,
609,04/16/25 16:00:00,27.702,,,,,
610,04/16/25 16:15:00,27.702,,,,,
611,04/16/25 16:30:00,27.702,,,,,
612,04/16/25 16:45:00,27.727,,,,,
613,04/16/25 17:00:00,27.727,,,,,
614,04/16/25 17:15:00,27.727,,,,,
615,04/16/25 17:30:00,27.727,,,,,
616,04/16/25 17:45:00,27.727,,,,,
617,04/16/25 18:00:00,27.751,,,,,
618,04/16/25 18:15:00,27.751,,,,,
619,04/16/25 18:30:00,27.751,,,,,
620,04/16/25 18:45:00,27.727,,,,,
621,04/16/25 19:00:00,27.727,,,,,
622,04/16/25 19:15:00,27.702,,,,,
623,04/16/25 19:30:00,27.702,,,,,
624,04/16/25 19:45:00,27.702,,,,,
625,04/16/25 20:00:00,27.702,,,,,
626,04/16/25 20:15:00,27.702,,,,,
627,04/16/25 20:30:00,27.702,,,,,
628,04/16/25 20:45:00,27.727,,,,,
629,04/16/25 21:00:00,27.727,,,,,
630,04/16/25 21:15:00,27.727,,,,,
631,04/16/25 21:30:00,27.751,,,,,
632,04/16/25 21:45:00,27.751,,,,,
633,04/16/25 22:00:00,27.751,,,,,
634,04/16/25 22:15:00,27.751,,,,,
635,04/16/25 22:30:00,27.751,,,,,
636,04/16/25 22:45:00,27.751,,,,,
637,04/16/25 23:00:00,27.751,,,,,
638,04/16/25 23:15:00,27.751,,,,,
639,04/16/25 23:30:00,27.751,,,,,
640,04/16/25 23:45:00,27.727,,,,,
641,04/17/25 00:00:00,27.727,,,,,
642,04/17/25 00:15:00,27.727,,,,,
643,04/17/25 00:30:00,27.727,,,,,
644,04/17/25 00:45:00,27.727,,,,,
645,04/17/25 01:00:00,27.727,,,,,
646,04/17/25 01:15:00,27.727,,,,,
647,04/17/25 01:30:00,27.727,,,,,
648,04/17/25 01:45:00,27.727,,,,,
649,04/17/25 02:00:00,27.727,,,,,
650,04/17/25 02:15:00,27.702,,,,,
651,04/17/25 02:30:00,27.702,,,,,
652,04/17/25 02:45:00,27.702,,,,,
653,04/17/25 03:00:00,27.702,,,,,
654,04/17/25 03:15:00,27.702,,,,,
655,04/17/25 03:30:00,27.702,,,,,
656,04/17/25 03:45:00,27.677,,,,,
657,04/17/25 04:00:00,27.579,,,,,
658,04/17/25 04:15:00,27.554,,,,,
659,04/17/25 04:30:00,27.554,,,,,
660,04/17/25 04:45:00,27.554,,,,,
661,04/17/25 05:00:00,27.579,,,,,
662,04/17/25 05:15:00,27.604,,,,,
663,04/17/25 05:30:00,27.628,,,,,
664,04/17/25 05:45:00,27.604,,,,,
665,04/17/25 06:00:00,27.604,,,,,
666,04/17/25 06:15:00,27.604,,,,,
667,04/17/25 06:30:00,27.604,,,,,
668,04/17/25 06:45:00,27.604,,,,,
669,04/17/25 07:00:00,27.604,,,,,
670,04/17/25 07:15:00,27.628,,,,,
671,04/17/25 07:30:00,27.628,,,,,
672,04/17/25 07:45:00,27.628,,,,,
673,04/17/25 08:00:00,27.653,,,,,
674,04/17/25 08:15:00,27.653,,,,,
675,04/17/25 08:30:00,27.653,,,,,
676,04/17/25 08:45:00,27.653,,,,,
677,04/17/25 09:00:00,27.653,,,,,
678,04/17/25 09:15:00,27.653,,,,,
679,04/17/25 09:30:00,27.653,,,,,
680,04/17/25 09:45:00,27.653,,,,,
681,04/17/25 10:00:00,27.653,,,,,
682,04/17/25 10:15:00,27.628,,,,,
683,04/17/25 10:30:00,27.677,,,,,
684,04/17/25 10:45:00,27.677,,,,,
685,04/17/25 11:00:00,27.677,,,,,
686,04/17/25 11:15:00,27.702,,,,,
687,04/17/25 11:30:00,27.727,,,,,
688,04/17/25 11:45:00,27.727,,,,,
689,04/17/25 12:00:00,27.727,,,,,
690,04/17/25 12:15:00,27.727,,,,,
691,04/17/25 12:30:00,27.727,,,,,
692,04/17/25 12:45:00,27.727,,,,,
693,04/17/25 13:00:00,27.727,,,,,
694,04/17/25 13:15:00,27.727,,,,,
695,04/17/25 13:30:00,27.702,,,,,
696,04/17/25 13:45:00,27.727,,,,,
697,04/17/25 14:00:00,27.702,,,,,
698,04/17/25 14:15:00,27.702,,,,,
699,04/17/25 14:30:00,27.727,,,,,
700,04/17/25 14:45:00,27.702,,,,,
701,04/17/25 15:00:00,27.702,,,,,
702,04/17/25 15:15:00,27.702,,,,,
703,04/17/25 15:30:00,27.702,,,,,
704,04/17/25 15:45:00,27.702,,,,,
705,04/17/25 16:00:00,27.702,,,,,
706,04/17/25 16:15:00,27.677,,,,,
707,04/17/25 16:30:00,27.677,,,,,
708,04/17/25 16:45:00,27.677,,,,,
709,04/17/25 17:00:00,27.677,,,,,
710,04/17/25 17:15:00,27.677,,,,,
711,04/17/25 17:30:00,27.677,,,,,
712,04/17/25 17:45:00,27.677,,,,,
713,04/17/25 18:00:00,27.677,,,,,
714,04/17/25 18:15:00,27.677,,,,,
715,04/17/25 18:30:00,27.677,,,,,
716,04/17/25 18:45:00,27.677,,,,,
717,04/17/25 19:00:00,27.677,,,,,
718,04/17/25 19:15:00,27.677,,,,,
719,04/17/25 19:30:00,27.677,,,,,
720,04/17/25 19:45:00,27.677,,,,,
721,04/17/25 20:00:00,27.677,,,,,
722,04/17/25 20:15:00,27.677,,,,,
723,04/17/25 20:30:00,27.677,,,,,
724,04/17/25 20:45:00,27.677,,,,,
725,04/17/25 21:00:00,27.677,,,,,
726,04/17/25 21:15:00,27.677,,,,,
727,04/17/25 21:30:00,27.653,,,,,
728,04/17/25 21:45:00,27.653,,,,,
729,04/17/25 22:00:00,27.653,,,,,
730,04/17/25 22:15:00,27.653,,,,,
731,04/17/25 22:30:00,27.653,,,,,
732,04/17/25 22:45:00,27.653,,,,,
733,04/17/25 23:00:00,27.653,,,,,
734,04/17/25 23:15:00,27.653,,,,,
735,04/17/25 23:30:00,27.653,,,,,
736,04/17/25 23:45:00,27.653,,,,,
737,04/18/25 00:00:00,27.653,,,,,
738,04/18/25 00:15:00,27.677,,,,,
739,04/18/25 00:30:00,27.677,,,,,
740,04/18/25 00:45:00,27.653,,,,,
741,04/18/25 01:00:00,27.653,,,,,
742,04/18/25 01:15:00,27.653,,,,,
743,04/18/25 01:30:00,27.653,,,,,
744,04/18/25 01:45:00,27.653,,,,,
745,04/18/25 02:00:00,27.653,,,,,
746,04/18/25 02:15:00,27.653,,,,,
747,04/18/25 02:30:00,27.653,,,,,
748,04/18/25 02:45:00,27.653,,,,,
749,04/18/25 03:00:00,27.653,,,,,
750,04/18/25 03:15:00,27.653,,,,,
751,04/18/25 03:30:00,27.653,,,,,
752,04/18/25 03:45:00,27.653,,,,,
753,04/18/25 04:00:00,27.653,,,,,
754,04/18/25 04:15:00,27.653,,,,,
755,04/18/25 04:30:00,27.653,,,,,
756,04/18/25 04:45:00,27.653,,,,,
757,04/18/25 05:00:00,27.653,,,,,
758,04/18/25 05:15:00,27.653,,,,,
759,04/18/25 05:30:00,27.653,,,,,
760,04/18/25 05:45:00,27.653,,,,,
761,04/18/25 06:00:00,27.653,,,,,
762,04/18/25 06:15:00,27.653,,,,,
763,04/18/25 06:30:00,27.653,,,,,
764,04/18/25 06:45:00,27.653,,,,,
765,04/18/25 07:00:00,27.653,,,,,
766,04/18/25 07:15:00,27.653,,,,,
767,04/18/25 07:30:00,27.653,,,,,
768,04/18/25 07:45:00,27.653,,,,,
769,04/18/25 08:00:00,27.653,,,,,
770,04/18/25 08:15:00,27.677,,,,,
771,04/18/25 08:30:00,27.677,,,,,
772,04/18/25 08:45:00,27.653,,,,,
773,04/18/25 09:00:00,27.677,,,,,
774,04/18/25 09:15:00,27.677,,,,,
775,04/18/25 09:30:00,27.677,,,,,
776,04/18/25 09:45:00,27.702,,,,,
777,04/18/25 10:00:00,27.702,,,,,
778,04/18/25 10:15:00,27.727,,,,,
779,04/18/25 10:30:00,27.727,,,,,
780,04/18/25 10:45:00,27.727,,,,,
781,04/18/25 11:00:00,27.727,,,,,
782,04/18/25 11:15:00,27.727,,,,,
783,04/18/25 11:30:00,27.727,,,,,
784,04/18/25 11:45:00,27.727,,,,,
785,04/18/25 12:00:00,27.751,,,,,
786,04/18/25 12:15:00,27.776,,,,,
787,04/18/25 12:30:00,27.776,,,,,
788,04/18/25 12:45:00,27.776,,,,,
789,04/18/25 13:00:00,27.776,,,,,
790,04/18/25 13:15:00,27.751,,,,,
791,04/18/25 13:30:00,27.751,,,,,
792,04/18/25 13:45:00,27.776,,,,,
793,04/18/25 14:00:00,27.776,,,,,
794,04/18/25 14:15:00,27.801,,,,,
795,04/18/25 14:30:00,27.825,,,,,
796,04/18/25 14:45:00,27.801,,,,,
797,04/18/25 15:00:00,27.801,,,,,
798,04/18/25 15:15:00,27.801,,,,,
799,04/18/25 15:30:00,27.801,,,,,
800,04/18/25 15:45:00,27.801,,,,,
801,04/18/25 16:00:00,27.801,,,,,
802,04/18/25 16:15:00,27.801,,,,,
803,04/18/25 16:30:00,27.801,,,,,
804,04/18/25 16:45:00,27.801,,,,,
805,04/18/25 17:00:00,27.825,,,,,
806,04/18/25 17:15:00,27.825,,,,,
807,04/18/25 17:30:00,27.825,,,,,
808,04/18/25 17:45:00,27.825,,,,,
809,04/18/25 18:00:00,27.825,,,,,
810,04/18/25 18:15:00,27.801,,,,,
811,04/18/25 18:30:00,27.801,,,,,
812,04/18/25 18:45:00,27.801,,,,,
813,04/18/25 19:00:00,27.801,,,,,
814,04/18/25 19:15:00,27.801,,,,,
815,04/18/25 19:30:00,27.801,,,,,
816,04/18/25 19:45:00,27.825,,,,,
817,04/18/25 20:00:00,27.825,,,,,
818,04/18/25 20:15:00,27.825,,,,,
819,04/18/25 20:30:00,27.825,,,,,
820,04/18/25 20:45:00,27.825,,,,,
821,04/18/25 21:00:00,27.801,,,,,
822,04/18/25 21:15:00,27.801,,,,,
823,04/18/25 21:30:00,27.801,,,,,
824,04/18/25 21:45:00,27.801,,,,,
825,04/18/25 22:00:00,27.801,,,,,
826,04/18/25 22:15:00,27.801,,,,,
827,04/18/25 22:30:00,27.801,,,,,
828,04/18/25 22:45:00,27.776,,,,,
829,04/18/25 23:00:00,27.776,,,,,
830,04/18/25 23:15:00,27.751,,,,,
831,04/18/25 23:30:00,27.751,,,,,
832,04/18/25 23:45:00,27.751,,,,,
833,04/19/25 00:00:00,27.751,,,,,
834,04/19/25 00:15:00,27.727,,,,,
835,04/19/25 00:30:00,27.727,,,,,
836,04/19/25 00:45:00,27.727,,,,,
837,04/19/25 01:00:00,27.751,,,,,
838,04/19/25 01:15:00,27.751,,,,,
839,04/19/25 01:30:00,27.751,,,,,
840,04/19/25 01:45:00,27.727,,,,,
841,04/19/25 02:00:00,27.727,,,,,
842,04/19/25 02:15:00,27.727,,,,,
843,04/19/25 02:30:00,27.702,,,,,
844,04/19/25 02:45:00,27.702,,,,,
845,04/19/25 03:00:00,27.702,,,,,
846,04/19/25 03:15:00,27.702,,,,,
847,04/19/25 03:30:00,27.702,,,,,
848,04/19/25 03:45:00,27.677,,,,,
849,04/19/25 04:00:00,27.677,,,,,
850,04/19/25 04:15:00,27.677,,,,,
851,04/19/25 04:30:00,27.677,,,,,
852,04/19/25 04:45:00,27.677,,,,,
853,04/19/25 05:00:00,27.677,,,,,
854,04/19/25 05:15:00,27.677,,,,,
855,04/19/25 05:30:00,27.677,,,,,
856,04/19/25 05:45:00,27.677,,,,,
857,04/19/25 06:00:00,27.653,,,,,
858,04/19/25 06:15:00,27.677,,,,,
859,04/19/25 06:30:00,27.677,,,,,
860,04/19/25 06:45:00,27.702,,,,,
861,04/19/25 07:00:00,27.702,,,,,
862,04/19/25 07:15:00,27.702,,,,,
863,04/19/25 07:30:00,27.702,,,,,
864,04/19/25 07:45:00,27.702,,,,,
865,04/19/25 08:00:00,27.702,,,,,
866,04/19/25 08:15:00,27.677,,,,,
867,04/19/25 08:30:00,27.702,,,,,
868,04/19/25 08:45:00,27.702,,,,,
869,04/19/25 09:00:00,27.702,,,,,
870,04/19/25 09:15:00,27.702,,,,,
871,04/19/25 09:30:00,27.702,,,,,
872,04/19/25 09:45:00,27.727,,,,,
873,04/19/25 10:00:00,27.727,,,,,
874,04/19/25 10:15:00,27.727,,,,,
875,04/19/25 10:30:00,27.751,,,,,
876,04/19/25 10:45:00,27.776,,,,,
877,04/19/25 11:00:00,27.801,,,,,
878,04/19/25 11:15:00,27.801,,,,,
879,04/19/25 11:30:00,27.825,,,,,
880,04/19/25 11:45:00,27.850,,,,,
881,04/19/25 12:00:00,27.825,,,,,
882,04/19/25 12:15:00,27.825,,,,,
883,04/19/25 12:30:00,27.850,,,,,
884,04/19/25 12:45:00,27.801,,,,,
885,04/19/25 13:00:00,27.801,,,,,
886,04/19/25 13:15:00,27.801,,,,,
887,04/19/25 13:30:00,27.801,,,,,
888,04/19/25 13:45:00,27.875,,,,,
889,04/19/25 14:00:00,27.899,,,,,
890,04/19/25 14:15:00,27.875,,,,,
891,04/19/25 14:30:00,27.850,,,,,
892,04/19/25 14:45:00,27.825,,,,,
893,04/19/25 15:00:00,27.776,,,,,
894,04/19/25 15:15:00,27.850,,,,,
895,04/19/25 15:30:00,27.875,,,,,
896,04/19/25 15:45:00,27.875,,,,,
897,04/19/25 16:00:00,27.899,,,,,
898,04/19/25 16:15:00,27.899,,,,,
899,04/19/25 16:30:00,27.875,,,,,
900,04/19/25 16:45:00,27.850,,,,,
901,04/19/25 17:00:00,27.850,,,,,
902,04/19/25 17:15:00,27.801,,,,,
903,04/19/25 17:30:00,27.825,,,,,
904,04/19/25 17:45:00,27.825,,,,,
905,04/19/25 18:00:00,27.825,,,,,
906,04/19/25 18:15:00,27.825,,,,,
907,04/19/25 18:30:00,27.801,,,,,
908,04/19/25 18:45:00,27.727,,,,,
909,04/19/25 19:00:00,27.727,,,,,
910,04/19/25 19:15:00,27.751,,,,,
911,04/19/25 19:30:00,27.776,,,,,
912,04/19/25 19:45:00,27.776,,,,,
913,04/19/25 20:00:00,27.776,,,,,
914,04/19/25 20:15:00,27.776,,,,,
915,04/19/25 20:30:00,27.776,,,,,
916,04/19/25 20:45:00,27.776,,,,,
917,04/19/25 21:00:00,27.776,,,,,
918,04/19/25 21:15:00,27.801,,,,,
919,04/19/25 21:30:00,27.776,,,,,
920,04/19/25 21:45:00,27.776,,,,,
921,04/19/25 22:00:00,27.751,,,,,
922,04/19/25 22:15:00,27.751,,,,,
923,04/19/25 22:30:00,27.727,,,,,
924,04/19/25 22:45:00,27.727,,,,,
925,04/19/25 23:00:00,27.727,,,,,
926,04/19/25 23:15:00,27.702,,,,,
927,04/19/25 23:30:00,27.702,,,,,
928,04/19/25 23:45:00,27.677,,,,,
929,04/20/25 00:00:00,27.702,,,,,
930,04/20/25 00:15:00,27.727,,,,,
931,04/20/25 00:30:00,27.727,,,,,
932,04/20/25 00:45:00,27.727,,,,,
933,04/20/25 01:00:00,27.727,,,,,
934,04/20/25 01:15:00,27.727,,,,,
935,04/20/25 01:30:00,27.727,,,,,
936,04/20/25 01:45:00,27.702,,,,,
937,04/20/25 02:00:00,27.702,,,,,
938,04/20/25 02:15:00,27.677,,,,,
939,04/20/25 02:30:00,27.677,,,,,
940,04/20/25 02:45:00,27.653,,,,,
941,04/20/25 03:00:00,27.653,,,,,
942,04/20/25 03:15:00,27.653,,,,,
943,04/20/25 03:30:00,27.653,,,,,
944,04/20/25 03:45:00,27.653,,,,,
945,04/20/25 04:00:00,27.653,,,,,
946,04/20/25 04:15:00,27.628,,,,,
947,04/20/25 04:30:00,27.628,,,,,
948,04/20/25 04:45:00,27.628,,,,,
949,04/20/25 05:00:00,27.628,,,,,
950,04/20/25 05:15:00,27.628,,,,,
951,04/20/25 05:30:00,27.628,,,,,
952,04/20/25 05:45:00,27.628,,,,,
953,04/20/25 06:00:00,27.554,,,,,
954,04/20/25 06:15:00,27.505,,,,,
955,04/20/25 06:30:00,27.505,,,,,
956,04/20/25 06:45:00,27.505,,,,,
957,04/20/25 07:00:00,27.481,,,,,
958,04/20/25 07:15:00,27.481,,,,,
959,04/20/25 07:30:00,27.481,,,,,
960,04/20/25 07:45:00,27.505,,,,,
961,04/20/25 08:00:00,27.505,,,,,
962,04/20/25 08:15:00,27.505,,,,,
963,04/20/25 08:30:00,27.505,,,,,
964,04/20/25 08:45:00,27.505,,,,,
965,04/20/25 09:00:00,27.505,,,,,
966,04/20/25 09:15:00,27.530,,,,,
967,04/20/25 09:30:00,27.530,,,,,
968,04/20/25 09:45:00,27.554,,,,,
969,04/20/25 10:00:00,27.579,,,,,
970,04/20/25 10:15:00,27.579,,,,,
971,04/20/25 10:30:00,27.604,,,,,
972,04/20/25 10:45:00,27.604,,,,,
973,04/20/25 11:00:00,27.628,,,,,
974,04/20/25 11:15:00,27.653,,,,,
975,04/20/25 11:30:00,27.653,,,,,
976,04/20/25 11:45:00,27.653,,,,,
977,04/20/25 12:00:00,27.653,,,,,
978,04/20/25 12:15:00,27.677,,,,,
979,04/20/25 12:30:00,27.677,,,,,
980,04/20/25 12:45:00,27.677,,,,,
981,04/20/25 13:00:00,27.677,,,,,
982,04/20/25 13:15:00,27.702,,,,,
983,04/20/25 13:30:00,27.727,,,,,
984,04/20/25 13:45:00,27.727,,,,,
985,04/20/25 14:00:00,27.727,,,,,
986,04/20/25 14:15:00,27.727,,,,,
987,04/20/25 14:30:00,27.677,,,,,
988,04/20/25 14:45:00,27.702,,,,,
989,04/20/25 15:00:00,27.702,,,,,
990,04/20/25 15:15:00,27.702,,,,,
991,04/20/25 15:30:00,27.702,,,,,
992,04/20/25 15:45:00,27.702,,,,,
993,04/20/25 16:00:00,27.702,,,,,
994,04/20/25 16:15:00,27.702,,,,,
995,04/20/25 16:30:00,27.702,,,,,
996,04/20/25 16:45:00,27.727,,,,,
997,04/20/25 17:00:00,27.727,,,,,
998,04/20/25 17:15:00,27.727,,,,,
999,04/20/25 17:30:00,27.727,,,,,
1000,04/20/25 17:45:00,27.727,,,,,
1001,04/20/25 18:00:00,27.727,,,,,
1002,04/20/25 18:15:00,27.727,,,,,
1003,04/20/25 18:30:00,27.727,,,,,
1004,04/20/25 18:45:00,27.727,,,,,
1005,04/20/25 19:00:00,27.751,,,,,
1006,04/20/25 19:15:00,27.751,,,,,
1007,04/20/25 19:30:00,27.751,,,,,
1008,04/20/25 19:45:00,27.751,,,,,
1009,04/20/25 20:00:00,27.727,,,,,
1010,04/20/25 20:15:00,27.727,,,,,
1011,04/20/25 20:30:00,27.702,,,,,
1012,04/20/25 20:45:00,27.677,,,,,
1013,04/20/25 21:00:00,27.677,,,,,
1014,04/20/25 21:15:00,27.653,,,,,
1015,04/20/25 21:30:00,27.677,,,,,
1016,04/20/25 21:45:00,27.677,,,,,
1017,04/20/25 22:00:00,27.677,,,,,
1018,04/20/25 22:15:00,27.677,,,,,
1019,04/20/25 22:30:00,27.653,,,,,
1020,04/20/25 22:45:00,27.653,,,,,
1021,04/20/25 23:00:00,27.653,,,,,
1022,04/20/25 23:15:00,27.653,,,,,
1023,04/20/25 23:30:00,27.628,,,,,
1024,04/20/25 23:45:00,27.628,,,,,
1025,04/21/25 00:00:00,27.628,,,,,
1026,04/21/25 00:15:00,27.628,,,,,
1027,04/21/25 00:30:00,27.604,,,,,
1028,04/21/25 00:45:00,27.604,,,,,
1029,04/21/25 01:00:00,27.604,,,,,
1030,04/21/25 01:15:00,27.579,,,,,
1031,04/21/25 01:30:00,27.579,,,,,
1032,04/21/25 01:45:00,27.604,,,,,
1033,04/21/25 02:00:00,27.604,,,,,
1034,04/21/25 02:15:00,27.604,,,,,
1035,04/21/25 02:30:00,27.628,,,,,
1036,04/21/25 02:45:00,27.604,,,,,
1037,04/21/25 03:00:00,27.579,,,,,
1038,04/21/25 03:15:00,27.579,,,,,
1039,04/21/25 03:30:00,27.579,,,,,
1040,04/21/25 03:45:00,27.579,,,,,
1041,04/21/25 04:00:00,27.579,,,,,
1042,04/21/25 04:15:00,27.579,,,,,
1043,04/21/25 04:30:00,27.579,,,,,
1044,04/21/25 04:45:00,27.579,,,,,
1045,04/21/25 05:00:00,27.554,,,,,
1046,04/21/25 05:15:00,27.554,,,,,
1047,04/21/25 05:30:00,27.554,,,,,
1048,04/21/25 05:45:00,27.554,,,,,
1049,04/21/25 06:00:00,27.554,,,,,
1050,04/21/25 06:15:00,27.530,,,,,
1051,04/21/25 06:30:00,27.456,,,,,
1052,04/21/25 06:45:00,27.382,,,,,
1053,04/21/25 07:00:00,27.382,,,,,
1054,04/21/25 07:15:00,27.382,,,,,
1055,04/21/25 07:30:00,27.382,,,,,
1056,04/21/25 07:45:00,27.382,,,,,
1057,04/21/25 08:00:00,27.407,,,,,
1058,04/21/25 08:15:00,27.431,,,,,
1059,04/21/25 08:30:00,27.431,,,,,
1060,04/21/25 08:45:00,27.456,,,,,
1061,04/21/25 09:00:00,27.481,,,,,
1062,04/21/25 09:15:00,27.481,,,,,
1063,04/21/25 09:30:00,27.505,,,,,
1064,04/21/25 09:45:00,27.530,,,,,
1065,04/21/25 10:00:00,27.554,,,,,
1066,04/21/25 10:15:00,27.579,,,,,
1067,04/21/25 10:30:00,27.579,,,,,
1068,04/21/25 10:45:00,27.604,,,,,
1069,04/21/25 11:00:00,27.604,,,,,
1070,04/21/25 11:15:00,27.604,,,,,
1071,04/21/25 11:30:00,27.628,,,,,
1072,04/21/25 11:45:00,27.628,,,,,
1073,04/21/25 12:00:00,27.628,,,,,
1074,04/21/25 12:15:00,27.628,,,,,
1075,04/21/25 12:30:00,27.653,,,,,
1076,04/21/25 12:45:00,27.628,,,,,
1077,04/21/25 13:00:00,27.653,,,,,
1078,04/21/25 13:15:00,27.653,,,,,
1079,04/21/25 13:30:00,27.653,,,,,
1080,04/21/25 13:45:00,27.653,,,,,
1081,04/21/25 14:00:00,27.653,,,,,
1082,04/21/25 14:15:00,27.653,,,,,
1083,04/21/25 14:30:00,27.677,,,,,
1084,04/21/25 14:45:00,27.677,,,,,
1085,04/21/25 15:00:00,27.677,,,,,
1086,04/21/25 15:15:00,27.677,,,,,
1087,04/21/25 15:30:00,27.653,,,,,
1088,04/21/25 15:45:00,27.677,,,,,
1089,04/21/25 16:00:00,27.677,,,,,
1090,04/21/25 16:15:00,27.677,,,,,
1091,04/21/25 16:30:00,27.677,,,,,
1092,04/21/25 16:45:00,27.677,,,,,
1093,04/21/25 17:00:00,27.677,,,,,
1094,04/21/25 17:15:00,27.677,,,,,
1095,04/21/25 17:30:00,27.653,,,,,
1096,04/21/25 17:45:00,27.628,,,,,
1097,04/21/25 18:00:00,27.628,,,,,
1098,04/21/25 18:15:00,27.628,,,,,
1099,04/21/25 18:30:00,27.628,,,,,
1100,04/21/25 18:45:00,27.604,,,,,
1101,04/21/25 19:00:00,27.604,,,,,
1102,04/21/25 19:15:00,27.579,,,,,
1103,04/21/25 19:30:00,27.579,,,,,
1104,04/21/25 19:45:00,27.579,,,,,
1105,04/21/25 20:00:00,27.579,,,,,
1106,04/21/25 20:15:00,27.554,,,,,
1107,04/21/25 20:30:00,27.530,,,,,
1108,04/21/25 20:45:00,27.530,,,,,
1109,04/21/25 21:00:00,27.530,,,,,
1110,04/21/25 21:15:00,27.530,,,,,
1111,04/21/25 21:30:00,27.505,,,,,
1112,04/21/25 21:45:00,27.505,,,,,
1113,04/21/25 22:00:00,27.481,,,,,
1114,04/21/25 22:15:00,27.481,,,,,
1115,04/21/25 22:30:00,27.431,,,,,
1116,04/21/25 22:45:00,27.431,,,,,
1117,04/21/25 23:00:00,27.431,,,,,
1118,04/21/25 23:15:00,27.456,,,,,
1119,04/21/25 23:30:00,27.481,,,,,
1120,04/21/25 23:45:00,27.505,,,,,
1121,04/22/25 00:00:00,27.505,,,,,
1122,04/22/25 00:15:00,27.505,,,,,
1123,04/22/25 00:30:00,27.505,,,,,
1124,04/22/25 00:45:00,27.505,,,,,
1125,04/22/25 01:00:00,27.505,,,,,
1126,04/22/25 01:15:00,27.505,,,,,
1127,04/22/25 01:30:00,27.505,,,,,
1128,04/22/25 01:45:00,27.481,,,,,
1129,04/22/25 02:00:00,27.481,,,,,
1130,04/22/25 02:15:00,27.456,,,,,
1131,04/22/25 02:30:00,27.431,,,,,
1132,04/22/25 02:45:00,27.431,,,,,
1133,04/22/25 03:00:00,27.431,,,,,
1134,04/22/25 03:15:00,27.456,,,,,
1135,04/22/25 03:30:00,27.456,,,,,
1136,04/22/25 03:45:00,27.481,,,,,
1137,04/22/25 04:00:00,27.481,,,,,
1138,04/22/25 04:15:00,27.481,,,,,
1139,04/22/25 04:30:00,27.481,,,,,
1140,04/22/25 04:45:00,27.481,,,,,
1141,04/22/25 05:00:00,27.481,,,,,
1142,04/22/25 05:15:00,27.481,,,,,
1143,04/22/25 05:30:00,27.456,,,,,
1144,04/22/25 05:45:00,27.431,,,,,
1145,04/22/25 06:00:00,27.382,,,,,
1146,04/22/25 06:15:00,27.358,,,,,
1147,04/22/25 06:30:00,27.333,,,,,
1148,04/22/25 06:45:00,27.333,,,,,
1149,04/22/25 07:00:00,27.259,,,,,
1150,04/22/25 07:15:00,27.235,,,,,
1151,04/22/25 07:30:00,27.235,,,,,
1152,04/22/25 07:45:00,27.210,,,,,
1153,04/22/25 08:00:00,27.235,,,,,
1154,04/22/25 08:15:00,27.259,,,,,
1155,04/22/25 08:30:00,27.308,,,,,
1156,04/22/25 08:45:00,27.333,,,,,
1157,04/22/25 09:00:00,27.333,,,,,
1158,04/22/25 09:15:00,27.382,,,,,
1159,04/22/25 09:30:00,27.431,,,,,
1160,04/22/25 09:45:00,27.456,,,,,
1161,04/22/25 10:00:00,27.481,,,,,
1162,04/22/25 10:15:00,27.505,,,,,
1163,04/22/25 10:30:00,27.530,,,,,
1164,04/22/25 10:45:00,27.554,,,,,
1165,04/22/25 11:00:00,27.579,,,,,
1166,04/22/25 11:15:00,27.579,,,,,
1167,04/22/25 11:30:00,27.604,,,,,
1168,04/22/25 11:45:00,27.604,,,,,
1169,04/22/25 12:00:00,27.604,,,,,
1170,04/22/25 12:15:00,27.604,,,,,
1171,04/22/25 12:30:00,27.604,,,,,
1172,04/22/25 12:45:00,27.628,,,,,
1173,04/22/25 13:00:00,27.604,,,,,
1174,04/22/25 13:15:00,27.628,,,,,
1175,04/22/25 13:30:00,27.653,,,,,
1176,04/22/25 13:45:00,27.653,,,,,
1177,04/22/25 14:00:00,27.653,,,,,
1178,04/22/25 14:15:00,27.653,,,,,
1179,04/22/25 14:30:00,27.677,,,,,
1180,04/22/25 14:45:00,27.677,,,,,
1181,04/22/25 15:00:00,27.677,,,,,
1182,04/22/25 15:15:00,27.677,,,,,
1183,04/22/25 15:30:00,27.677,,,,,
1184,04/22/25 15:45:00,27.653,,,,,
1185,04/22/25 16:00:00,27.628,,,,,
1186,04/22/25 16:15:00,27.628,,,,,
1187,04/22/25 16:30:00,27.628,,,,,
1188,04/22/25 16:45:00,27.628,,,,,
1189,04/22/25 17:00:00,27.628,,,,,
1190,04/22/25 17:15:00,27.628,,,,,
1191,04/22/25 17:30:00,27.628,,,,,
1192,04/22/25 17:45:00,27.628,,,,,
1193,04/22/25 18:00:00,27.604,,,,,
1194,04/22/25 18:15:00,27.604,,,,,
1195,04/22/25 18:30:00,27.604,,,,,
1196,04/22/25 18:45:00,27.579,,,,,
1197,04/22/25 19:00:00,27.554,,,,,
1198,04/22/25 19:15:00,27.530,,,,,
1199,04/22/25 19:30:00,27.530,,,,,
1200,04/22/25 19:45:00,27.530,,,,,
1201,04/22/25 20:00:00,27.530,,,,,
1202,04/22/25 20:15:00,27.554,,,,,
1203,04/22/25 20:30:00,27.554,,,,,
1204,04/22/25 20:45:00,27.554,,,,,
1205,04/22/25 21:00:00,27.554,,,,,
1206,04/22/25 21:15:00,27.554,,,,,
1207,04/22/25 21:30:00,27.554,,,,,
1208,04/22/25 21:45:00,27.530,,,,,
1209,04/22/25 22:00:00,27.530,,,,,
1210,04/22/25 22:15:00,27.481,,,,,
1211,04/22/25 22:30:00,27.481,,,,,
1212,04/22/25 22:45:00,27.481,,,,,
1213,04/22/25 23:00:00,27.505,,,,,
1214,04/22/25 23:15:00,27.505,,,,,
1215,04/22/25 23:30:00,27.505,,,,,
1216,04/22/25 23:45:00,27.530,,,,,
1217,04/23/25 00:00:00,27.530,,,,,
1218,04/23/25 00:15:00,27.530,,,,,
1219,04/23/25 00:30:00,27.530,,,,,
1220,04/23/25 00:45:00,27.530,,,,,
1221,04/23/25 01:00:00,27.530,,,,,
1222,04/23/25 01:15:00,27.530,,,,,
1223,04/23/25 01:30:00,27.481,,,,,
1224,04/23/25 01:45:00,27.456,,,,,
1225,04/23/25 02:00:00,27.431,,,,,
1226,04/23/25 02:15:00,27.431,,,,,
1227,04/23/25 02:30:00,27.431,,,,,
1228,04/23/25 02:45:00,27.407,,,,,
1229,04/23/25 03:00:00,27.284,,,,,
1230,04/23/25 03:15:00,27.186,,,,,
1231,04/23/25 03:30:00,27.161,,,,,
1232,04/23/25 03:45:00,27.235,,,,,
1233,04/23/25 04:00:00,27.210,,,,,
1234,04/23/25 04:15:00,27.235,,,,,
1235,04/23/25 04:30:00,27.235,,,,,
1236,04/23/25 04:45:00,27.235,,,,,
1237,04/23/25 05:00:00,27.210,,,,,
1238,04/23/25 05:15:00,27.210,,,,,
1239,04/23/25 05:30:00,27.161,,,,,
1240,04/23/25 05:45:00,27.136,,,,,
1241,04/23/25 06:00:00,27.136,,,,,
1242,04/23/25 06:15:00,27.136,,,,,
1243,04/23/25 06:30:00,27.136,,,,,
1244,04/23/25 06:45:00,27.161,,,,,
1245,04/23/25 07:00:00,27.186,,,,,
1246,04/23/25 07:15:00,27.235,,,,,
1247,04/23/25 07:30:00,27.284,,,,,
1248,04/23/25 07:45:00,27.308,,,,,
1249,04/23/25 08:00:00,27.333,,,,,
1250,04/23/25 08:15:00,27.358,,,,,
1251,04/23/25 08:30:00,27.382,,,,,
1252,04/23/25 08:45:00,27.382,,,,,
1253,04/23/25 09:00:00,27.407,,,,,
1254,04/23/25 09:15:00,27.407,,,,,
1255,04/23/25 09:30:00,27.407,,,,,
1256,04/23/25 09:45:00,27.431,,,,,
1257,04/23/25 10:00:00,27.456,,,,,
1258,04/23/25 10:15:00,27.481,,,,,
1259,04/23/25 10:30:00,27.505,,,,,
1260,04/23/25 10:45:00,27.554,,,,,
1261,04/23/25 11:00:00,27.554,,,,,
1262,04/23/25 11:15:00,27.579,,,,,
1263,04/23/25 11:30:00,27.579,,,,,
1264,04/23/25 11:45:00,27.604,,,,,
1265,04/23/25 12:00:00,27.604,,,,,
1266,04/23/25 12:15:00,27.628,,,,,
1267,04/23/25 12:30:00,27.653,,,,,
1268,04/23/25 12:45:00,27.628,,,,,
1269,04/23/25 13:00:00,27.628,,,,,
1270,04/23/25 13:15:00,27.628,,,,,
1271,04/23/25 13:30:00,27.604,,,,,
1272,04/23/25 13:45:00,27.604,,,,,
1273,04/23/25 14:00:00,27.604,,,,,
1274,04/23/25 14:15:00,27.604,,,,,
1275,04/23/25 14:30:00,27.579,,,,,
1276,04/23/25 14:45:00,27.604,,,,,
1277,04/23/25 15:00:00,27.604,,,,,
1278,04/23/25 15:15:00,27.579,,,,,
1279,04/23/25 15:30:00,27.579,,,,,
1280,04/23/25 15:45:00,27.554,,,,,
1281,04/23/25 16:00:00,27.554,,,,,
1282,04/23/25 16:15:00,27.554,,,,,
1283,04/23/25 16:30:00,27.554,,,,,
1284,04/23/25 16:45:00,27.554,,,,,
1285,04/23/25 17:00:00,27.530,,,,,
1286,04/23/25 17:15:00,27.554,,,,,
1287,04/23/25 17:30:00,27.530,,,,,
1288,04/23/25 17:45:00,27.530,,,,,
1289,04/23/25 18:00:00,27.530,,,,,
1290,04/23/25 18:15:00,27.530,,,,,
1291,04/23/25 18:30:00,27.530,,,,,
1292,04/23/25 18:45:00,27.530,,,,,
1293,04/23/25 19:00:00,27.530,,,,,
1294,04/23/25 19:15:00,27.530,,,,,
1295,04/23/25 19:30:00,27.530,,,,,
1296,04/23/25 19:45:00,27.530,,,,,
1297,04/23/25 20:00:00,27.530,,,,,
1298,04/23/25 20:15:00,27.530,,,,,
1299,04/23/25 20:30:00,27.530,,,,,
1300,04/23/25 20:45:00,27.530,,,,,
1301,04/23/25 21:00:00,27.530,,,,,
1302,04/23/25 21:15:00,27.530,,,,,
1303,04/23/25 21:30:00,27.530,,,,,
1304,04/23/25 21:45:00,27.530,,,,,
1305,04/23/25 22:00:00,27.530,,,,,
1306,04/23/25 22:15:00,27.505,,,,,
1307,04/23/25 22:30:00,27.505,,,,,
1308,04/23/25 22:45:00,27.505,,,,,
1309,04/23/25 23:00:00,27.481,,,,,
1310,04/23/25 23:15:00,27.481,,,,,
1311,04/23/25 23:30:00,27.481,,,,,
1312,04/23/25 23:45:00,27.481,,,,,
1313,04/24/25 00:00:00,27.481,,,,,
1314,04/24/25 00:15:00,27.456,,,,,
1315,04/24/25 00:30:00,27.456,,,,,
1316,04/24/25 00:45:00,27.431,,,,,
1317,04/24/25 01:00:00,27.382,,,,,
1318,04/24/25 01:15:00,27.358,,,,,
1319,04/24/25 01:30:00,27.333,,,,,
1320,04/24/25 01:45:00,27.333,,,,,
1321,04/24/25 02:00:00,27.333,,,,,
1322,04/24/25 02:15:00,27.333,,,,,
1323,04/24/25 02:30:00,27.333,,,,,
1324,04/24/25 02:45:00,27.308,,,,,
1325,04/24/25 03:00:00,27.308,,,,,
1326,04/24/25 03:15:00,27.235,,,,,
1327,04/24/25 03:30:00,27.186,,,,,
1328,04/24/25 03:45:00,27.186,,,,,
1329,04/24/25 04:00:00,27.186,,,,,
1330,04/24/25 04:15:00,27.186,,,,,
1331,04/24/25 04:30:00,27.210,,,,,
1332,04/24/25 04:45:00,27.259,,,,,
1333,04/24/25 05:00:00,27.259,,,,,
1334,04/24/25 05:15:00,27.308,,,,,
1335,04/24/25 05:30:00,27.308,,,,,
1336,04/24/25 05:45:00,27.333,,,,,
1337,04/24/25 06:00:00,27.333,,,,,
1338,04/24/25 06:15:00,27.333,,,,,
1339,04/24/25 06:30:00,27.358,,,,,
1340,04/24/25 06:45:00,27.333,,,,,
1341,04/24/25 07:00:00,27.308,,,,,
1342,04/24/25 07:15:00,27.308,,,,,
1343,04/24/25 07:30:00,27.308,,,,,
1344,04/24/25 07:45:00,27.333,,,,,
1345,04/24/25 08:00:00,27.358,,,,,
1346,04/24/25 08:15:00,27.358,,,,,
1347,04/24/25 08:30:00,27.407,,,,,
1348,04/24/25 08:45:00,27.431,,,,,
1349,04/24/25 09:00:00,27.481,,,,,
1350,04/24/25 09:15:00,27.481,,,,,
1351,04/24/25 09:30:00,27.481,,,,,
1352,04/24/25 09:45:00,27.505,,,,,
1353,04/24/25 10:00:00,27.530,,,,,
1354,04/24/25 10:15:00,27.554,,,,,
1355,04/24/25 10:30:00,27.554,,,,,
1356,04/24/25 10:45:00,27.579,,,,,
1357,04/24/25 11:00:00,27.604,,,,,
1358,04/24/25 11:15:00,27.628,,,,,
1359,04/24/25 11:30:00,27.628,,,,,
1360,04/24/25 11:45:00,27.653,,,,,
1361,04/24/25 12:00:00,27.653,,,,,
1362,04/24/25 12:15:00,27.653,,,,,
1363,04/24/25 12:30:00,27.653,,,,,
1364,04/24/25 12:45:00,27.653,,,,,
1365,04/24/25 13:00:00,27.628,,,,,
1366,04/24/25 13:15:00,27.628,,,,,
1367,04/24/25 13:30:00,27.628,,,,,
1368,04/24/25 13:45:00,27.628,,,,,
1369,04/24/25 14:00:00,27.653,,,,,
1370,04/24/25 14:15:00,27.677,,,,,
1371,04/24/25 14:30:00,27.677,,,,,
1372,04/24/25 14:45:00,27.653,,,,,
1373,04/24/25 15:00:00,27.653,,,,,
1374,04/24/25 15:15:00,27.653,,,,,
1375,04/24/25 15:30:00,27.628,,,,,
1376,04/24/25 15:45:00,27.628,,,,,
1377,04/24/25 16:00:00,27.628,,,,,
1378,04/24/25 16:15:00,27.628,,,,,
1379,04/24/25 16:30:00,27.628,,,,,
1380,04/24/25 16:45:00,27.628,,,,,
1381,04/24/25 17:00:00,27.628,,,,,
1382,04/24/25 17:15:00,27.628,,,,,
1383,04/24/25 17:30:00,27.628,,,,,
1384,04/24/25 17:45:00,27.628,,,,,
1385,04/24/25 18:00:00,27.604,,,,,
1386,04/24/25 18:15:00,27.604,,,,,
1387,04/24/25 18:30:00,27.604,,,,,
1388,04/24/25 18:45:00,27.579,,,,,
1389,04/24/25 19:00:00,27.579,,,,,
1390,04/24/25 19:15:00,27.579,,,,,
1391,04/24/25 19:30:00,27.579,,,,,
1392,04/24/25 19:45:00,27.579,,,,,
1393,04/24/25 20:00:00,27.579,,,,,
1394,04/24/25 20:15:00,27.579,,,,,
1395,04/24/25 20:30:00,27.579,,,,,
1396,04/24/25 20:45:00,27.579,,,,,
1397,04/24/25 21:00:00,27.579,,,,,
1398,04/24/25 21:15:00,27.579,,,,,
1399,04/24/25 21:30:00,27.604,,,,,
1400,04/24/25 21:45:00,27.604,,,,,
1401,04/24/25 22:00:00,27.604,,,,,
1402,04/24/25 22:15:00,27.604,,,,,
1403,04/24/25 22:30:00,27.604,,,,,
1404,04/24/25 22:45:00,27.604,,,,,
1405,04/24/25 23:00:00,27.604,,,,,
1406,04/24/25 23:15:00,27.604,,,,,
1407,04/24/25 23:30:00,27.604,,,,,
1408,04/24/25 23:45:00,27.604,,,,,
1409,04/25/25 00:00:00,27.604,,,,,
1410,04/25/25 00:15:00,27.604,,,,,
1411,04/25/25 00:30:00,27.604,,,,,
1412,04/25/25 00:45:00,27.604,,,,,
1413,04/25/25 01:00:00,27.579,,,,,
1414,04/25/25 01:15:00,27.579,,,,,
1415,04/25/25 01:30:00,27.579,,,,,
1416,04/25/25 01:45:00,27.579,,,,,
1417,04/25/25 02:00:00,27.554,,,,,
1418,04/25/25 02:15:00,27.554,,,,,
1419,04/25/25 02:30:00,27.530,,,,,
1420,04/25/25 02:45:00,27.481,,,,,
1421,04/25/25 03:00:00,27.456,,,,,
1422,04/25/25 03:15:00,27.456,,,,,
1423,04/25/25 03:30:00,27.456,,,,,
1424,04/25/25 03:45:00,27.481,,,,,
1425,04/25/25 04:00:00,27.481,,,,,
1426,04/25/25 04:15:00,27.481,,,,,
1427,04/25/25 04:30:00,27.505,,,,,
1428,04/25/25 04:45:00,27.530,,,,,
1429,04/25/25 05:00:00,27.530,,,,,
1430,04/25/25 05:15:00,27.530,,,,,
1431,04/25/25 05:30:00,27.554,,,,,
1432,04/25/25 05:45:00,27.554,,,,,
1433,04/25/25 06:00:00,27.554,,,,,
1434,04/25/25 06:15:00,27.554,,,,,
1435,04/25/25 06:30:00,27.554,,,,,
1436,04/25/25 06:45:00,27.554,,,,,
1437,04/25/25 07:00:00,27.505,,,,,
1438,04/25/25 07:15:00,27.530,,,,,
1439,04/25/25 07:30:00,27.530,,,,,
1440,04/25/25 07:45:00,27.554,,,,,
1441,04/25/25 08:00:00,27.554,,,,,
1442,04/25/25 08:15:00,27.554,,,,,
1443,04/25/25 08:30:00,27.579,,,,,
1444,04/25/25 08:45:00,27.579,,,,,
1445,04/25/25 09:00:00,27.579,,,,,
1446,04/25/25 09:15:00,27.579,,,,,
1447,04/25/25 09:30:00,27.579,,,,,
1448,04/25/25 09:45:00,27.604,,,,,
1449,04/25/25 10:00:00,27.628,,,,,
1450,04/25/25 10:15:00,27.628,,,,,
1451,04/25/25 10:30:00,27.628,,,,,
1452,04/25/25 10:45:00,27.628,,,,,
1453,04/25/25 11:00:00,27.653,,,,,
1454,04/25/25 11:15:00,27.653,,,,,
1455,04/25/25 11:30:00,27.653,,,,,
1456,04/25/25 11:45:00,27.628,,,,,
1457,04/25/25 12:00:00,27.628,,,,,
1458,04/25/25 12:15:00,27.677,,,,,
1459,04/25/25 12:30:00,27.677,,,,,
1460,04/25/25 12:45:00,27.677,,,,,
1461,04/25/25 13:00:00,27.628,,,,,
1462,04/25/25 13:15:00,27.628,,,,,
1463,04/25/25 13:30:00,27.604,,,,,
1464,04/25/25 13:45:00,27.604,,,,,
1465,04/25/25 14:00:00,27.579,,,,,
1466,04/25/25 14:15:00,27.579,,,,,
1467,04/25/25 14:30:00,27.604,,,,,
1468,04/25/25 14:45:00,27.604,,,,,
1469,04/25/25 15:00:00,27.628,,,,,
1470,04/25/25 15:15:00,27.628,,,,,
1471,04/25/25 15:30:00,27.628,,,,,
1472,04/25/25 15:45:00,27.628,,,,,
1473,04/25/25 16:00:00,27.653,,,,,
1474,04/25/25 16:15:00,27.653,,,,,
1475,04/25/25 16:30:00,27.653,,,,,
1476,04/25/25 16:45:00,27.628,,,,,
1477,04/25/25 17:00:00,27.628,,,,,
1478,04/25/25 17:15:00,27.628,,,,,
1479,04/25/25 17:30:00,27.628,,,,,
1480,04/25/25 17:45:00,27.628,,,,,
1481,04/25/25 18:00:00,27.628,,,,,
1482,04/25/25 18:15:00,27.628,,,,,
1483,04/25/25 18:30:00,27.628,,,,,
1484,04/25/25 18:45:00,27.628,,,,,
1485,04/25/25 19:00:00,27.604,,,,,
1486,04/25/25 19:15:00,27.604,,,,,
1487,04/25/25 19:30:00,27.604,,,,,
1488,04/25/25 19:45:00,27.604,,,,,
1489,04/25/25 20:00:00,27.604,,,,,
1490,04/25/25 20:15:00,27.604,,,,,
1491,04/25/25 20:30:00,27.604,,,,,
1492,04/25/25 20:45:00,27.604,,,,,
1493,04/25/25 21:00:00,27.604,,,,,
1494,04/25/25 21:15:00,27.604,,,,,
1495,04/25/25 21:30:00,27.604,,,,,
1496,04/25/25 21:45:00,27.579,,,,,
1497,04/25/25 22:00:00,27.579,,,,,
1498,04/25/25 22:15:00,27.579,,,,,
1499,04/25/25 22:30:00,27.579,,,,,
1500,04/25/25 22:45:00,27.579,,,,,
1501,04/25/25 23:00:00,27.579,,,,,
1502,04/25/25 23:15:00,27.579,,,,,
1503,04/25/25 23:30:00,27.579,,,,,
1504,04/25/25 23:45:00,27.579,,,,,
1505,04/26/25 00:00:00,27.579,,,,,
1506,04/26/25 00:15:00,27.579,,,,,
1507,04/26/25 00:30:00,27.579,,,,,
1508,04/26/25 00:45:00,27.579,,,,,
1509,04/26/25 01:00:00,27.579,,,,,
1510,04/26/25 01:15:00,27.579,,,,,
1511,04/26/25 01:30:00,27.579,,,,,
1512,04/26/25 01:45:00,27.579,,,,,
1513,04/26/25 02:00:00,27.604,,,,,
1514,04/26/25 02:15:00,27.604,,,,,
1515,04/26/25 02:30:00,27.604,,,,,
1516,04/26/25 02:45:00,27.579,,,,,
1517,04/26/25 03:00:00,27.579,,,,,
1518,04/26/25 03:15:00,27.579,,,,,
1519,04/26/25 03:30:00,27.579,,,,,
1520,04/26/25 03:45:00,27.579,,,,,
1521,04/26/25 04:00:00,27.579,,,,,
1522,04/26/25 04:15:00,27.579,,,,,
1523,04/26/25 04:30:00,27.554,,,,,
1524,04/26/25 04:45:00,27.554,,,,,
1525,04/26/25 05:00:00,27.554,,,,,
1526,04/26/25 05:15:00,27.554,,,,,
1527,04/26/25 05:30:00,27.554,,,,,
1528,04/26/25 05:45:00,27.554,,,,,
1529,04/26/25 06:00:00,27.554,,,,,
1530,04/26/25 06:15:00,27.554,,,,,
1531,04/26/25 06:30:00,27.554,,,,,
1532,04/26/25 06:45:00,27.554,,,,,
1533,04/26/25 07:00:00,27.554,,,,,
1534,04/26/25 07:15:00,27.554,,,,,
1535,04/26/25 07:30:00,27.579,,,,,
1536,04/26/25 07:45:00,27.579,,,,,
1537,04/26/25 08:00:00,27.579,,,,,
1538,04/26/25 08:15:00,27.579,,,,,
1539,04/26/25 08:30:00,27.604,,,,,
1540,04/26/25 08:45:00,27.579,,,,,
1541,04/26/25 09:00:00,27.579,,,,,
1542,04/26/25 09:15:00,27.579,,,,,
1543,04/26/25 09:30:00,27.579,,,,,
1544,04/26/25 09:45:00,27.579,,,,,
1545,04/26/25 10:00:00,27.579,,,,,
1546,04/26/25 10:15:00,27.604,,,,,
1547,04/26/25 10:30:00,27.604,,,,,
1548,04/26/25 10:45:00,27.604,,,,,
1549,04/26/25 11:00:00,27.628,,,,,
1550,04/26/25 11:15:00,27.628,,,,,
1551,04/26/25 11:30:00,27.628,,,,,
1552,04/26/25 11:45:00,27.628,,,,,
1553,04/26/25 12:00:00,27.628,,,,,
1554,04/26/25 12:15:00,27.628,,,,,
1555,04/26/25 12:30:00,27.628,,,,,
1556,04/26/25 12:45:00,27.628,,,,,
1557,04/26/25 13:00:00,27.579,,,,,
1558,04/26/25 13:15:00,27.579,,,,,
1559,04/26/25 13:30:00,27.579,,,,,
1560,04/26/25 13:45:00,27.604,,,,,
1561,04/26/25 14:00:00,27.579,,,,,
1562,04/26/25 14:15:00,27.628,,,,,
1563,04/26/25 14:30:00,27.579,,,,,
1564,04/26/25 14:45:00,27.579,,,,,
1565,04/26/25 15:00:00,27.579,,,,,
1566,04/26/25 15:15:00,27.579,,,,,
1567,04/26/25 15:30:00,27.579,,,,,
1568,04/26/25 15:45:00,27.579,,,,,
1569,04/26/25 16:00:00,27.579,,,,,
1570,04/26/25 16:15:00,27.579,,,,,
1571,04/26/25 16:30:00,27.579,,,,,
1572,04/26/25 16:45:00,27.579,,,,,
1573,04/26/25 17:00:00,27.579,,,,,
1574,04/26/25 17:15:00,27.579,,,,,
1575,04/26/25 17:30:00,27.579,,,,,
1576,04/26/25 17:45:00,27.604,,,,,
1577,04/26/25 18:00:00,27.604,,,,,
1578,04/26/25 18:15:00,27.604,,,,,
1579,04/26/25 18:30:00,27.604,,,,,
1580,04/26/25 18:45:00,27.579,,,,,
1581,04/26/25 19:00:00,27.579,,,,,
1582,04/26/25 19:15:00,27.554,,,,,
1583,04/26/25 19:30:00,27.554,,,,,
1584,04/26/25 19:45:00,27.554,,,,,
1585,04/26/25 20:00:00,27.579,,,,,
1586,04/26/25 20:15:00,27.579,,,,,
1587,04/26/25 20:30:00,27.579,,,,,
1588,04/26/25 20:45:00,27.554,,,,,
1589,04/26/25 21:00:00,27.554,,,,,
1590,04/26/25 21:15:00,27.554,,,,,
1591,04/26/25 21:30:00,27.554,,,,,
1592,04/26/25 21:45:00,27.554,,,,,
1593,04/26/25 22:00:00,27.554,,,,,
1594,04/26/25 22:15:00,27.554,,,,,
1595,04/26/25 22:30:00,27.554,,,,,
1596,04/26/25 22:45:00,27.554,,,,,
1597,04/26/25 23:00:00,27.554,,,,,
1598,04/26/25 23:15:00,27.554,,,,,
1599,04/26/25 23:30:00,27.554,,,,,
1600,04/26/25 23:45:00,27.554,,,,,
1601,04/27/25 00:00:00,27.554,,,,,
1602,04/27/25 00:15:00,27.554,,,,,
1603,04/27/25 00:30:00,27.554,,,,,
1604,04/27/25 00:45:00,27.554,,,,,
1605,04/27/25 01:00:00,27.554,,,,,
1606,04/27/25 01:15:00,27.554,,,,,
1607,04/27/25 01:30:00,27.554,,,,,
1608,04/27/25 01:45:00,27.554,,,,,
1609,04/27/25 02:00:00,27.530,,,,,
1610,04/27/25 02:15:00,27.530,,,,,
1611,04/27/25 02:30:00,27.530,,,,,
1612,04/27/25 02:45:00,27.505,,,,,
1613,04/27/25 03:00:00,27.481,,,,,
1614,04/27/25 03:15:00,27.481,,,,,
1615,04/27/25 03:30:00,27.481,,,,,
1616,04/27/25 03:45:00,27.481,,,,,
1617,04/27/25 04:00:00,27.481,,,,,
1618,04/27/25 04:15:00,27.481,,,,,
1619,04/27/25 04:30:00,27.481,,,,,
1620,04/27/25 04:45:00,27.456,,,,,
1621,04/27/25 05:00:00,27.481,,,,,
1622,04/27/25 05:15:00,27.481,,,,,
1623,04/27/25 05:30:00,27.505,,,,,
1624,04/27/25 05:45:00,27.530,,,,,
1625,04/27/25 06:00:00,27.554,,,,,
1626,04/27/25 06:15:00,27.554,,,,,
1627,04/27/25 06:30:00,27.554,,,,,
1628,04/27/25 06:45:00,27.554,,,,,
1629,04/27/25 07:00:00,27.554,,,,,
1630,04/27/25 07:15:00,27.554,,,,,
1631,04/27/25 07:30:00,27.554,,,,,
1632,04/27/25 07:45:00,27.554,,,,,
1633,04/27/25 08:00:00,27.554,,,,,
1634,04/27/25 08:15:00,27.554,,,,,
1635,04/27/25 08:30:00,27.579,,,,,
1636,04/27/25 08:45:00,27.554,,,,,
1637,04/27/25 09:00:00,27.579,,,,,
1638,04/27/25 09:15:00,27.579,,,,,
1639,04/27/25 09:30:00,27.579,,,,,
1640,04/27/25 09:45:00,27.579,,,,,
1641,04/27/25 10:00:00,27.604,,,,,
1642,04/27/25 10:15:00,27.604,,,,,
1643,04/27/25 10:30:00,27.579,,,,,
1644,04/27/25 10:45:00,27.604,,,,,
1645,04/27/25 11:00:00,27.604,,,,,
1646,04/27/25 11:15:00,27.604,,,,,
1647,04/27/25 11:30:00,27.604,,,,,
1648,04/27/25 11:45:00,27.604,,,,,
1649,04/27/25 12:00:00,27.604,,,,,
1650,04/27/25 12:15:00,27.604,,,,,
1651,04/27/25 12:30:00,27.604,,,,,
1652,04/27/25 12:45:00,27.604,,,,,
1653,04/27/25 13:00:00,27.604,,,,,
1654,04/27/25 13:15:00,27.604,,,,,
1655,04/27/25 13:30:00,27.604,,,,,
1656,04/27/25 13:45:00,27.604,,,,,
1657,04/27/25 14:00:00,27.604,,,,,
1658,04/27/25 14:15:00,27.604,,,,,
1659,04/27/25 14:30:00,27.604,,,,,
1660,04/27/25 14:45:00,27.628,,,,,
1661,04/27/25 15:00:00,27.604,,,,,
1662,04/27/25 15:15:00,27.604,,,,,
1663,04/27/25 15:30:00,27.604,,,,,
1664,04/27/25 15:45:00,27.628,,,,,
1665,04/27/25 16:00:00,27.604,,,,,
1666,04/27/25 16:15:00,27.604,,,,,
1667,04/27/25 16:30:00,27.604,,,,,
1668,04/27/25 16:45:00,27.604,,,,,
1669,04/27/25 17:00:00,27.604,,,,,
1670,04/27/25 17:15:00,27.604,,,,,
1671,04/27/25 17:30:00,27.604,,,,,
1672,04/27/25 17:45:00,27.604,,,,,
1673,04/27/25 18:00:00,27.628,,,,,
1674,04/27/25 18:15:00,27.628,,,,,
1675,04/27/25 18:30:00,27.604,,,,,
1676,04/27/25 18:45:00,27.604,,,,,
1677,04/27/25 19:00:00,27.579,,,,,
1678,04/27/25 19:15:00,27.579,,,,,
1679,04/27/25 19:30:00,27.554,,,,,
1680,04/27/25 19:45:00,27.554,,,,,
1681,04/27/25 20:00:00,27.554,,,,,
1682,04/27/25 20:15:00,27.554,,,,,
1683,04/27/25 20:30:00,27.579,,,,,
1684,04/27/25 20:45:00,27.579,,,,,
1685,04/27/25 21:00:00,27.579,,,,,
1686,04/27/25 21:15:00,27.579,,,,,
1687,04/27/25 21:30:00,27.579,,,,,
1688,04/27/25 21:45:00,27.579,,,,,
1689,04/27/25 22:00:00,27.579,,,,,
1690,04/27/25 22:15:00,27.604,,,,,
1691,04/27/25 22:30:00,27.604,,,,,
1692,04/27/25 22:45:00,27.604,,,,,
1693,04/27/25 23:00:00,27.604,,,,,
1694,04/27/25 23:15:00,27.604,,,,,
1695,04/27/25 23:30:00,27.604,,,,,
1696,04/27/25 23:45:00,27.579,,,,,
1697,04/28/25 00:00:00,27.579,,,,,
1698,04/28/25 00:15:00,27.579,,,,,
1699,04/28/25 00:30:00,27.579,,,,,
1700,04/28/25 00:45:00,27.579,,,,,
1701,04/28/25 01:00:00,27.579,,,,,
1702,04/28/25 01:15:00,27.579,,,,,
1703,04/28/25 01:30:00,27.579,,,,,
1704,04/28/25 01:45:00,27.579,,,,,
1705,04/28/25 02:00:00,27.554,,,,,
1706,04/28/25 02:15:00,27.554,,,,,
1707,04/28/25 02:30:00,27.554,,,,,
1708,04/28/25 02:45:00,27.554,,,,,
1709,04/28/25 03:00:00,27.554,,,,,
1710,04/28/25 03:15:00,27.554,,,,,
1711,04/28/25 03:30:00,27.554,,,,,
1712,04/28/25 03:45:00,27.530,,,,,
1713,04/28/25 04:00:00,27.530,,,,,
1714,04/28/25 04:15:00,27.554,,,,,
1715,04/28/25 04:30:00,27.554,,,,,
1716,04/28/25 04:45:00,27.554,,,,,
1717,04/28/25 05:00:00,27.554,,,,,
1718,04/28/25 05:15:00,27.530,,,,,
1719,04/28/25 05:30:00,27.481,,,,,
1720,04/28/25 05:45:00,27.456,,,,,
1721,04/28/25 06:00:00,27.431,,,,,
1722,04/28/25 06:15:00,27.456,,,,,
1723,04/28/25 06:30:00,27.481,,,,,
1724,04/28/25 06:45:00,27.530,,,,,
1725,04/28/25 07:00:00,27.554,,,,,
1726,04/28/25 07:15:00,27.579,,,,,
1727,04/28/25 07:30:00,27.579,,,,,
1728,04/28/25 07:45:00,27.604,,,,,
1729,04/28/25 08:00:00,27.628,,,,,
1730,04/28/25 08:15:00,27.628,,,,,
1731,04/28/25 08:30:00,27.628,,,,,
1732,04/28/25 08:45:00,27.628,,,,,
1733,04/28/25 09:00:00,27.628,,,,,
1734,04/28/25 09:15:00,27.653,,,,,
1735,04/28/25 09:30:00,27.628,,,,,
1736,04/28/25 09:45:00,27.653,,,,,
1737,04/28/25 10:00:00,27.653,,,,,
1738,04/28/25 10:15:00,27.653,,,,,
1739,04/28/25 10:30:00,27.677,,,,,
1740,04/28/25 10:45:00,27.677,,,,,
1741,04/28/25 11:00:00,27.677,,,,,
1742,04/28/25 11:15:00,27.677,,,,,
1743,04/28/25 11:30:00,27.677,,,,,
1744,04/28/25 11:45:00,27.702,,,,,
1745,04/28/25 12:00:00,27.702,,,,,
1746,04/28/25 12:15:00,27.702,,,,,
1747,04/28/25 12:30:00,27.727,,,,,
1748,04/28/25 12:45:00,27.727,,,,,
1749,04/28/25 13:00:00,27.751,,,,,
1750,04/28/25 13:15:00,27.751,,,,,
1751,04/28/25 13:30:00,27.751,,,,,
1752,04/28/25 13:45:00,27.751,,,,,
1753,04/28/25 14:00:00,27.751,,,,,
1754,04/28/25 14:15:00,27.776,,,,,
1755,04/28/25 14:30:00,27.776,,,,,
1756,04/28/25 14:45:00,27.776,,,,,
1757,04/28/25 15:00:00,27.776,,,,,
1758,04/28/25 15:15:00,27.801,,,,,
1759,04/28/25 15:30:00,27.801,,,,,
1760,04/28/25 15:45:00,27.801,,,,,
1761,04/28/25 16:00:00,27.801,,,,,
1762,04/28/25 16:15:00,27.801,,,,,
1763,04/28/25 16:30:00,27.776,,,,,
1764,04/28/25 16:45:00,27.776,,,,,
1765,04/28/25 17:00:00,27.751,,,,,
1766,04/28/25 17:15:00,27.702,,,,,
1767,04/28/25 17:30:00,27.677,,,,,
1768,04/28/25 17:45:00,27.677,,,,,
1769,04/28/25 18:00:00,27.702,,,,,
1770,04/28/25 18:15:00,27.727,,,,,
1771,04/28/25 18:30:00,27.727,,,,,
1772,04/28/25 18:45:00,27.677,,,,,
1773,04/28/25 19:00:00,27.677,,,,,
1774,04/28/25 19:15:00,27.677,,,,,
1775,04/28/25 19:30:00,27.677,,,,,
1776,04/28/25 19:45:00,27.677,,,,,
1777,04/28/25 20:00:00,27.628,,,,,
1778,04/28/25 20:15:00,27.554,,,,,
1779,04/28/25 20:30:00,27.554,,,,,
1780,04/28/25 20:45:00,27.579,,,,,
1781,04/28/25 21:00:00,27.579,,,,,
1782,04/28/25 21:15:00,27.653,,,,,
1783,04/28/25 21:30:00,27.702,,,,,
1784,04/28/25 21:45:00,27.727,,,,,
1785,04/28/25 22:00:00,27.727,,,,,
1786,04/28/25 22:15:00,27.727,,,,,
1787,04/28/25 22:30:00,27.727,,,,,
1788,04/28/25 22:45:00,27.727,,,,,
1789,04/28/25 23:00:00,27.727,,,,,
1790,04/28/25 23:15:00,27.727,,,,,
1791,04/28/25 23:30:00,27.727,,,,,
1792,04/28/25 23:45:00,27.727,,,,,
1793,04/29/25 00:00:00,27.727,,,,,
1794,04/29/25 00:15:00,27.727,,,,,
1795,04/29/25 00:30:00,27.702,,,,,
1796,04/29/25 00:45:00,27.702,,,,,
1797,04/29/25 01:00:00,27.702,,,,,
1798,04/29/25 01:15:00,27.702,,,,,
1799,04/29/25 01:30:00,27.677,,,,,
1800,04/29/25 01:45:00,27.677,,,,,
1801,04/29/25 02:00:00,27.677,,,,,
1802,04/29/25 02:15:00,27.677,,,,,
1803,04/29/25 02:30:00,27.677,,,,,
1804,04/29/25 02:45:00,27.677,,,,,
1805,04/29/25 03:00:00,27.677,,,,,
1806,04/29/25 03:15:00,27.653,,,,,
1807,04/29/25 03:30:00,27.653,,,,,
1808,04/29/25 03:45:00,27.653,,,,,
1809,04/29/25 04:00:00,27.653,,,,,
1810,04/29/25 04:15:00,27.653,,,,,
1811,04/29/25 04:30:00,27.653,,,,,
1812,04/29/25 04:45:00,27.653,,,,,
1813,04/29/25 05:00:00,27.653,,,,,
1814,04/29/25 05:15:00,27.653,,,,,
1815,04/29/25 05:30:00,27.628,,,,,
1816,04/29/25 05:45:00,27.579,,,,,
1817,04/29/25 06:00:00,27.579,,,,,
1818,04/29/25 06:15:00,27.604,,,,,
1819,04/29/25 06:30:00,27.628,,,,,
1820,04/29/25 06:45:00,27.628,,,,,
1821,04/29/25 07:00:00,27.628,,,,,
1822,04/29/25 07:15:00,27.653,,,,,
1823,04/29/25 07:30:00,27.653,,,,,
1824,04/29/25 07:45:00,27.677,,,,,
1825,04/29/25 08:00:00,27.677,,,,,
1826,04/29/25 08:15:00,27.677,,,,,
1827,04/29/25 08:30:00,27.677,,,,,
1828,04/29/25 08:45:00,27.677,,,,,
1829,04/29/25 09:00:00,27.702,,,,,
1830,04/29/25 09:15:00,27.727,,,,,
1831,04/29/25 09:30:00,27.727,,,,,
1832,04/29/25 09:45:00,27.727,,,,,
1833,04/29/25 10:00:00,27.702,,,,,
1834,04/29/25 10:15:00,27.702,,,,,
1835,04/29/25 10:30:00,27.702,,,,,
1836,04/29/25 10:45:00,27.727,,,,,
1837,04/29/25 11:00:00,27.727,,,,,
1838,04/29/25 11:15:00,27.727,,,,,
1839,04/29/25 11:30:00,27.727,,,,,
1840,04/29/25 11:45:00,27.727,,,,,
1841,04/29/25 12:00:00,27.751,,,,,
1842,04/29/25 12:15:00,27.751,,,,,
1843,04/29/25 12:30:00,27.751,,,,,
1844,04/29/25 12:45:00,27.751,,,,,
1845,04/29/25 13:00:00,27.751,,,,,
1846,04/29/25 13:15:00,27.751,,,,,
1847,04/29/25 13:30:00,27.751,,,,,
1848,04/29/25 13:45:00,27.751,,,,,
1849,04/29/25 14:00:00,27.727,,,,,
1850,04/29/25 14:15:00,27.727,,,,,
1851,04/29/25 14:30:00,27.727,,,,,
1852,04/29/25 14:45:00,27.727,,,,,
1853,04/29/25 15:00:00,27.727,,,,,
1854,04/29/25 15:15:00,27.727,,,,,
1855,04/29/25 15:30:00,27.751,,,,,
1856,04/29/25 15:45:00,27.751,,,,,
1857,04/29/25 16:00:00,27.776,,,,,
1858,04/29/25 16:15:00,27.776,,,,,
1859,04/29/25 16:30:00,27.776,,,,,
1860,04/29/25 16:45:00,27.776,,,,,
1861,04/29/25 17:00:00,27.776,,,,,
1862,04/29/25 17:15:00,27.776,,,,,
1863,04/29/25 17:30:00,27.751,,,,,
1864,04/29/25 17:45:00,27.751,,,,,
1865,04/29/25 18:00:00,27.751,,,,,
1866,04/29/25 18:15:00,27.727,,,,,
1867,04/29/25 18:30:00,27.727,,,,,
1868,04/29/25 18:45:00,27.727,,,,,
1869,04/29/25 19:00:00,27.702,,,,,
1870,04/29/25 19:15:00,27.702,,,,,
1871,04/29/25 19:30:00,27.702,,,,,
1872,04/29/25 19:45:00,27.702,,,,,
1873,04/29/25 20:00:00,27.702,,,,,
1874,04/29/25 20:15:00,27.727,,,,,
1875,04/29/25 20:30:00,27.751,,,,,
1876,04/29/25 20:45:00,27.751,,,,,
1877,04/29/25 21:00:00,27.751,,,,,
1878,04/29/25 21:15:00,27.727,,,,,
1879,04/29/25 21:30:00,27.727,,,,,
1880,04/29/25 21:45:00,27.702,,,,,
1881,04/29/25 22:00:00,27.702,,,,,
1882,04/29/25 22:15:00,27.702,,,,,
1883,04/29/25 22:30:00,27.677,,,,,
1884,04/29/25 22:45:00,27.677,,,,,
1885,04/29/25 23:00:00,27.677,,,,,
1886,04/29/25 23:15:00,27.677,,,,,
1887,04/29/25 23:30:00,27.677,,,,,
1888,04/29/25 23:45:00,27.702,,,,,
1889,04/30/25 00:00:00,27.702,,,,,
1890,04/30/25 00:15:00,27.702,,,,,
1891,04/30/25 00:30:00,27.702,,,,,
1892,04/30/25 00:45:00,27.702,,,,,
1893,04/30/25 01:00:00,27.702,,,,,
1894,04/30/25 01:15:00,27.702,,,,,
1895,04/30/25 01:30:00,27.677,,,,,
1896,04/30/25 01:45:00,27.677,,,,,
1897,04/30/25 02:00:00,27.653,,,,,
1898,04/30/25 02:15:00,27.653,,,,,
1899,04/30/25 02:30:00,27.653,,,,,
1900,04/30/25 02:45:00,27.653,,,,,
1901,04/30/25 03:00:00,27.653,,,,,
1902,04/30/25 03:15:00,27.653,,,,,
1903,04/30/25 03:30:00,27.677,,,,,
1904,04/30/25 03:45:00,27.677,,,,,
1905,04/30/25 04:00:00,27.653,,,,,
1906,04/30/25 04:15:00,27.628,,,,,
1907,04/30/25 04:30:00,27.628,,,,,
1908,04/30/25 04:45:00,27.628,,,,,
1909,04/30/25 05:00:00,27.604,,,,,
1910,04/30/25 05:15:00,27.604,,,,,
1911,04/30/25 05:30:00,27.604,,,,,
1912,04/30/25 05:45:00,27.579,,,,,
1913,04/30/25 06:00:00,27.579,,,,,
1914,04/30/25 06:15:00,27.554,,,,,
1915,04/30/25 06:30:00,27.554,,,,,
1916,04/30/25 06:45:00,27.554,,,,,
1917,04/30/25 07:00:00,27.505,,,,,
1918,04/30/25 07:15:00,27.481,,,,,
1919,04/30/25 07:30:00,27.481,,,,,
1920,04/30/25 07:45:00,27.481,,,,,
1921,04/30/25 08:00:00,27.530,,,,,
1922,04/30/25 08:15:00,27.579,,,,,
1923,04/30/25 08:30:00,27.604,,,,,
1924,04/30/25 08:45:00,27.628,,,,,
1925,04/30/25 09:00:00,27.677,,,,,
1926,04/30/25 09:15:00,27.677,,,,,
1927,04/30/25 09:30:00,27.702,,,,,
1928,04/30/25 09:45:00,27.702,,,,,
1929,04/30/25 10:00:00,27.702,,,,,
1930,04/30/25 10:15:00,27.727,,,,,
1931,04/30/25 10:30:00,27.727,,,,,
1932,04/30/25 10:45:00,27.727,,,,,
1933,04/30/25 11:00:00,27.751,,,,,
1934,04/30/25 11:15:00,27.727,,,,,
1935,04/30/25 11:30:00,27.727,,,,,
1936,04/30/25 11:45:00,27.727,,,,,
1937,04/30/25 12:00:00,27.727,,,,,
1938,04/30/25 12:15:00,27.751,,,,,
1939,04/30/25 12:30:00,27.751,,,,,
1940,04/30/25 12:45:00,27.776,,,,,
1941,04/30/25 13:00:00,27.776,,,,,
1942,04/30/25 13:15:00,27.776,,,,,
1943,04/30/25 13:30:00,27.751,,,,,
1944,04/30/25 13:45:00,27.751,,,,,
1945,04/30/25 14:00:00,27.776,,,,,
1946,04/30/25 14:15:00,27.751,,,,,
1947,04/30/25 14:30:00,27.751,,,,,
1948,04/30/25 14:45:00,27.727,,,,,
1949,04/30/25 15:00:00,27.727,,,,,
1950,04/30/25 15:15:00,27.727,,,,,
1951,04/30/25 15:30:00,27.751,,,,,
1952,04/30/25 15:45:00,27.751,,,,,
1953,04/30/25 16:00:00,27.751,,,,,
1954,04/30/25 16:15:00,27.751,,,,,
1955,04/30/25 16:30:00,27.751,,,,,
1956,04/30/25 16:45:00,27.751,,,,,
1957,04/30/25 17:00:00,27.751,,,,,
1958,04/30/25 17:15:00,27.751,,,,,
1959,04/30/25 17:30:00,27.751,,,,,
1960,04/30/25 17:45:00,27.727,,,,,
1961,04/30/25 18:00:00,27.727,,,,,
1962,04/30/25 18:15:00,27.727,,,,,
1963,04/30/25 18:30:00,27.727,,,,,
1964,04/30/25 18:45:00,27.727,,,,,
1965,04/30/25 19:00:00,27.727,,,,,
1966,04/30/25 19:15:00,27.727,,,,,
1967,04/30/25 19:30:00,27.727,,,,,
1968,04/30/25 19:45:00,27.702,,,,,
1969,04/30/25 20:00:00,27.702,,,,,
1970,04/30/25 20:15:00,27.677,,,,,
1971,04/30/25 20:30:00,27.677,,,,,
1972,04/30/25 20:45:00,27.677,,,,,
1973,04/30/25 21:00:00,27.677,,,,,
1974,04/30/25 21:15:00,27.677,,,,,
1975,04/30/25 21:30:00,27.677,,,,,
1976,04/30/25 21:45:00,27.677,,,,,
1977,04/30/25 22:00:00,27.702,,,,,
1978,04/30/25 22:15:00,27.702,,,,,
1979,04/30/25 22:30:00,27.702,,,,,
1980,04/30/25 22:45:00,27.702,,,,,
1981,04/30/25 23:00:00,27.702,,,,,
1982,04/30/25 23:15:00,27.702,,,,,
1983,04/30/25 23:30:00,27.702,,,,,
1984,04/30/25 23:45:00,27.702,,,,,
1985,05/01/25 00:00:00,27.702,,,,,
1986,05/01/25 00:15:00,27.702,,,,,
1987,05/01/25 00:30:00,27.677,,,,,
1988,05/01/25 00:45:00,27.677,,,,,
1989,05/01/25 01:00:00,27.677,,,,,
1990,05/01/25 01:15:00,27.702,,,,,
1991,05/01/25 01:30:00,27.677,,,,,
1992,05/01/25 01:45:00,27.677,,,,,
1993,05/01/25 02:00:00,27.677,,,,,
1994,05/01/25 02:15:00,27.702,,,,,
1995,05/01/25 02:30:00,27.677,,,,,
1996,05/01/25 02:45:00,27.677,,,,,
1997,05/01/25 03:00:00,27.677,,,,,
1998,05/01/25 03:15:00,27.677,,,,,
1999,05/01/25 03:30:00,27.677,,,,,
2000,05/01/25 03:45:00,27.677,,,,,
2001,05/01/25 04:00:00,27.677,,,,,
2002,05/01/25 04:15:00,27.677,,,,,
2003,05/01/25 04:30:00,27.677,,,,,
2004,05/01/25 04:45:00,27.677,,,,,
2005,05/01/25 05:00:00,27.677,,,,,
2006,05/01/25 05:15:00,27.653,,,,,
2007,05/01/25 05:30:00,27.653,,,,,
2008,05/01/25 05:45:00,27.653,,,,,
2009,05/01/25 06:00:00,27.604,,,,,
2010,05/01/25 06:15:00,27.579,,,,,
2011,05/01/25 06:30:00,27.579,,,,,
2012,05/01/25 06:45:00,27.579,,,,,
2013,05/01/25 07:00:00,27.579,,,,,
2014,05/01/25 07:15:00,27.604,,,,,
2015,05/01/25 07:30:00,27.604,,,,,
2016,05/01/25 07:45:00,27.554,,,,,
2017,05/01/25 08:00:00,27.530,,,,,
2018,05/01/25 08:15:00,27.530,,,,,
2019,05/01/25 08:30:00,27.579,,,,,
2020,05/01/25 08:45:00,27.579,,,,,
2021,05/01/25 09:00:00,27.604,,,,,
2022,05/01/25 09:15:00,27.628,,,,,
2023,05/01/25 09:30:00,27.653,,,,,
2024,05/01/25 09:45:00,27.653,,,,,
2025,05/01/25 10:00:00,27.677,,,,,
2026,05/01/25 10:15:00,27.677,,,,,
2027,05/01/25 10:30:00,27.677,,,,,
2028,05/01/25 10:45:00,27.702,,,,,
2029,05/01/25 11:00:00,27.702,,,,,
2030,05/01/25 11:15:00,27.727,,,,,
2031,05/01/25 11:30:00,27.727,,,,,
2032,05/01/25 11:45:00,27.727,,,,,
2033,05/01/25 12:00:00,27.702,,,,,
2034,05/01/25 12:15:00,27.702,,,,,
2035,05/01/25 12:30:00,27.702,,,,,
2036,05/01/25 12:45:00,27.702,,,,,
2037,05/01/25 13:00:00,27.727,,,,,
2038,05/01/25 13:15:00,27.727,,,,,
2039,05/01/25 13:30:00,27.727,,,,,
2040,05/01/25 13:45:00,27.727,,,,,
2041,05/01/25 14:00:00,27.727,,,,,
2042,05/01/25 14:15:00,27.702,,,,,
2043,05/01/25 14:30:00,27.727,,,,,
2044,05/01/25 14:45:00,27.702,,,,,
2045,05/01/25 15:00:00,27.702,,,,,
2046,05/01/25 15:15:00,27.702,,,,,
2047,05/01/25 15:30:00,27.702,,,,,
2048,05/01/25 15:45:00,27.702,,,,,
2049,05/01/25 16:00:00,27.702,,,,,
2050,05/01/25 16:15:00,27.702,,,,,
2051,05/01/25 16:30:00,27.702,,,,,
2052,05/01/25 16:45:00,27.727,,,,,
2053,05/01/25 17:00:00,27.727,,,,,
2054,05/01/25 17:15:00,27.727,,,,,
2055,05/01/25 17:30:00,27.727,,,,,
2056,05/01/25 17:45:00,27.727,,,,,
2057,05/01/25 18:00:00,27.727,,,,,
2058,05/01/25 18:15:00,27.727,,,,,
2059,05/01/25 18:30:00,27.727,,,,,
2060,05/01/25 18:45:00,27.727,,,,,
2061,05/01/25 19:00:00,27.727,,,,,
2062,05/01/25 19:15:00,27.727,,,,,
2063,05/01/25 19:30:00,27.727,,,,,
2064,05/01/25 19:45:00,27.727,,,,,
2065,05/01/25 20:00:00,27.727,,,,,
2066,05/01/25 20:15:00,27.702,,,,,
2067,05/01/25 20:30:00,27.702,,,,,
2068,05/01/25 20:45:00,27.677,,,,,
2069,05/01/25 21:00:00,27.677,,,,,
2070,05/01/25 21:15:00,27.702,,,,,
2071,05/01/25 21:30:00,27.677,,,,,
2072,05/01/25 21:45:00,27.702,,,,,
2073,05/01/25 22:00:00,27.702,,,,,
2074,05/01/25 22:15:00,27.702,,,,,
2075,05/01/25 22:30:00,27.702,,,,,
2076,05/01/25 22:45:00,27.677,,,,,
2077,05/01/25 23:00:00,27.677,,,,,
2078,05/01/25 23:15:00,27.677,,,,,
2079,05/01/25 23:30:00,27.677,,,,,
2080,05/01/25 23:45:00,27.677,,,,,
2081,05/02/25 00:00:00,27.677,,,,,
2082,05/02/25 00:15:00,27.677,,,,,
2083,05/02/25 00:30:00,27.677,,,,,
2084,05/02/25 00:45:00,27.677,,,,,
2085,05/02/25 01:00:00,27.677,,,,,
2086,05/02/25 01:15:00,27.677,,,,,
2087,05/02/25 01:30:00,27.677,,,,,
2088,05/02/25 01:45:00,27.677,,,,,
2089,05/02/25 02:00:00,27.677,,,,,
2090,05/02/25 02:15:00,27.677,,,,,
2091,05/02/25 02:30:00,27.677,,,,,
2092,05/02/25 02:45:00,27.677,,,,,
2093,05/02/25 03:00:00,27.677,,,,,
2094,05/02/25 03:15:00,27.677,,,,,
2095,05/02/25 03:30:00,27.702,,,,,
2096,05/02/25 03:45:00,27.702,,,,,
2097,05/02/25 04:00:00,27.702,,,,,
2098,05/02/25 04:15:00,27.702,,,,,
2099,05/02/25 04:30:00,27.702,,,,,
2100,05/02/25 04:45:00,27.677,,,,,
2101,05/02/25 05:00:00,27.677,,,,,
2102,05/02/25 05:15:00,27.677,,,,,
2103,05/02/25 05:30:00,27.653,,,,,
2104,05/02/25 05:45:00,27.628,,,,,
2105,05/02/25 06:00:00,27.579,,,,,
2106,05/02/25 06:15:00,27.554,,,,,
2107,05/02/25 06:30:00,27.554,,,,,
2108,05/02/25 06:45:00,27.554,,,,,
2109,05/02/25 07:00:00,27.554,,,,,
2110,05/02/25 07:15:00,27.554,,,,,
2111,05/02/25 07:30:00,27.554,,,,,
2112,05/02/25 07:45:00,27.554,,,,,
2113,05/02/25 08:00:00,27.554,,,,,
2114,05/02/25 08:15:00,27.554,,,,,
2115,05/02/25 08:30:00,27.579,,,,,
2116,05/02/25 08:45:00,27.604,,,,,
2117,05/02/25 09:00:00,27.653,,,,,
2118,05/02/25 09:15:00,27.677,,,,,
2119,05/02/25 09:30:00,27.702,,,,,
2120,05/02/25 09:45:00,27.702,,,,,
2121,05/02/25 10:00:00,27.727,,,,,
2122,05/02/25 10:15:00,27.727,,,,,
2123,05/02/25 10:30:00,27.751,,,,,
2124,05/02/25 10:45:00,27.751,,,,,
2125,05/02/25 11:00:00,27.751,,,,,
2126,05/02/25 11:15:00,27.751,,,,,
2127,05/02/25 11:30:00,27.751,,,,,
2128,05/02/25 11:45:00,27.751,,,,,
2129,05/02/25 12:00:00,27.776,,,,,
2130,05/02/25 12:15:00,27.776,,,,,
2131,05/02/25 12:30:00,27.801,,,,,
2132,05/02/25 12:45:00,27.801,,,,,
2133,05/02/25 13:00:00,27.801,,,,,
2134,05/02/25 13:15:00,27.825,,,,,
2135,05/02/25 13:30:00,27.801,,,,,
2136,05/02/25 13:45:00,27.801,,,,,
2137,05/02/25 14:00:00,27.825,,,,,
2138,05/02/25 14:15:00,27.825,,,,,
2139,05/02/25 14:30:00,27.801,,,,,
2140,05/02/25 14:45:00,27.801,,,,,
2141,05/02/25 15:00:00,27.751,,,,,
2142,05/02/25 15:15:00,27.751,,,,,
2143,05/02/25 15:30:00,27.776,,,,,
2144,05/02/25 15:45:00,27.776,,,,,
2145,05/02/25 16:00:00,27.776,,,,,
2146,05/02/25 16:15:00,27.801,,,,,
2147,05/02/25 16:30:00,27.776,,,,,
2148,05/02/25 16:45:00,27.776,,,,,
2149,05/02/25 17:00:00,27.776,,,,,
2150,05/02/25 17:15:00,27.776,,,,,
2151,05/02/25 17:30:00,27.776,,,,,
2152,05/02/25 17:45:00,27.776,,,,,
2153,05/02/25 18:00:00,27.776,,,,,
2154,05/02/25 18:15:00,27.751,,,,,
2155,05/02/25 18:30:00,27.751,,,,,
2156,05/02/25 18:45:00,27.751,,,,,
2157,05/02/25 19:00:00,27.727,,,,,
2158,05/02/25 19:15:00,27.727,,,,,
2159,05/02/25 19:30:00,27.727,,,,,
2160,05/02/25 19:45:00,27.727,,,,,
2161,05/02/25 20:00:00,27.727,,,,,
2162,05/02/25 20:15:00,27.727,,,,,
2163,05/02/25 20:30:00,27.727,,,,,
2164,05/02/25 20:45:00,27.727,,,,,
2165,05/02/25 21:00:00,27.727,,,,,
2166,05/02/25 21:15:00,27.727,,,,,
2167,05/02/25 21:30:00,27.727,,,,,
2168,05/02/25 21:45:00,27.727,,,,,
2169,05/02/25 22:00:00,27.727,,,,,
2170,05/02/25 22:15:00,27.727,,,,,
2171,05/02/25 22:30:00,27.727,,,,,
2172,05/02/25 22:45:00,27.751,,,,,
2173,05/02/25 23:00:00,27.776,,,,,
2174,05/02/25 23:15:00,27.751,,,,,
2175,05/02/25 23:30:00,27.727,,,,,
2176,05/02/25 23:45:00,27.727,,,,,
2177,05/03/25 00:00:00,27.702,,,,,
2178,05/03/25 00:15:00,27.702,,,,,
2179,05/03/25 00:30:00,27.702,,,,,
2180,05/03/25 00:45:00,27.702,,,,,
2181,05/03/25 01:00:00,27.702,,,,,
2182,05/03/25 01:15:00,27.677,,,,,
2183,05/03/25 01:30:00,27.677,,,,,
2184,05/03/25 01:45:00,27.677,,,,,
2185,05/03/25 02:00:00,27.677,,,,,
2186,05/03/25 02:15:00,27.677,,,,,
2187,05/03/25 02:30:00,27.677,,,,,
2188,05/03/25 02:45:00,27.677,,,,,
2189,05/03/25 03:00:00,27.677,,,,,
2190,05/03/25 03:15:00,27.677,,,,,
2191,05/03/25 03:30:00,27.677,,,,,
2192,05/03/25 03:45:00,27.677,,,,,
2193,05/03/25 04:00:00,27.677,,,,,
2194,05/03/25 04:15:00,27.677,,,,,
2195,05/03/25 04:30:00,27.677,,,,,
2196,05/03/25 04:45:00,27.677,,,,,
2197,05/03/25 05:00:00,27.677,,,,,
2198,05/03/25 05:15:00,27.677,,,,,
2199,05/03/25 05:30:00,27.653,,,,,
2200,05/03/25 05:45:00,27.653,,,,,
2201,05/03/25 06:00:00,27.653,,,,,
2202,05/03/25 06:15:00,27.653,,,,,
2203,05/03/25 06:30:00,27.653,,,,,
2204,05/03/25 06:45:00,27.653,,,,,
2205,05/03/25 07:00:00,27.653,,,,,
2206,05/03/25 07:15:00,27.628,,,,,
2207,05/03/25 07:30:00,27.579,,,,,
2208,05/03/25 07:45:00,27.530,,,,,
2209,05/03/25 08:00:00,27.530,,,,,
2210,05/03/25 08:15:00,27.530,,,,,
2211,05/03/25 08:30:00,27.530,,,,,
2212,05/03/25 08:45:00,27.554,,,,,
2213,05/03/25 09:00:00,27.554,,,,,
2214,05/03/25 09:15:00,27.604,,,,,
2215,05/03/25 09:30:00,27.628,,,,,
2216,05/03/25 09:45:00,27.628,,,,,
2217,05/03/25 10:00:00,27.653,,,,,
2218,05/03/25 10:15:00,27.677,,,,,
2219,05/03/25 10:30:00,27.677,,,,,
2220,05/03/25 10:45:00,27.677,,,,,
2221,05/03/25 11:00:00,27.677,,,,,
2222,05/03/25 11:15:00,27.677,,,,,
2223,05/03/25 11:30:00,27.677,,,,,
2224,05/03/25 11:45:00,27.702,,,,,
2225,05/03/25 12:00:00,27.702,,,,,
2226,05/03/25 12:15:00,27.727,,,,,
2227,05/03/25 12:30:00,27.727,,,,,
2228,05/03/25 12:45:00,27.727,,,,,
2229,05/03/25 13:00:00,27.727,,,,,
2230,05/03/25 13:15:00,27.727,,,,,
2231,05/03/25 13:30:00,27.751,,,,,
2232,05/03/25 13:45:00,27.776,,,,,
2233,05/03/25 14:00:00,27.727,,,,,
2234,05/03/25 14:15:00,27.727,,,,,
2235,05/03/25 14:30:00,27.702,,,,,
2236,05/03/25 14:45:00,27.702,,,,,
2237,05/03/25 15:00:00,27.702,,,,,
2238,05/03/25 15:15:00,27.677,,,,,
2239,05/03/25 15:30:00,27.677,,,,,
2240,05/03/25 15:45:00,27.677,,,,,
2241,05/03/25 16:00:00,27.677,,,,,
2242,05/03/25 16:15:00,27.677,,,,,
2243,05/03/25 16:30:00,27.677,,,,,
2244,05/03/25 16:45:00,27.677,,,,,
2245,05/03/25 17:00:00,27.677,,,,,
2246,05/03/25 17:15:00,27.677,,,,,
2247,05/03/25 17:30:00,27.677,,,,,
2248,05/03/25 17:45:00,27.677,,,,,
2249,05/03/25 18:00:00,27.677,,,,,
2250,05/03/25 18:15:00,27.677,,,,,
2251,05/03/25 18:30:00,27.677,,,,,
2252,05/03/25 18:45:00,27.653,,,,,
2253,05/03/25 19:00:00,27.653,,,,,
2254,05/03/25 19:15:00,27.653,,,,,
2255,05/03/25 19:30:00,27.653,,,,,
2256,05/03/25 19:45:00,27.653,,,,,
2257,05/03/25 20:00:00,27.653,,,,,
2258,05/03/25 20:15:00,27.628,,,,,
2259,05/03/25 20:30:00,27.628,,,,,
2260,05/03/25 20:45:00,27.628,,,,,
2261,05/03/25 21:00:00,27.628,,,,,
2262,05/03/25 21:15:00,27.628,,,,,
2263,05/03/25 21:30:00,27.653,,,,,
2264,05/03/25 21:45:00,27.653,,,,,
2265,05/03/25 22:00:00,27.653,,,,,
2266,05/03/25 22:15:00,27.653,,,,,
2267,05/03/25 22:30:00,27.653,,,,,
2268,05/03/25 22:45:00,27.653,,,,,
2269,05/03/25 23:00:00,27.653,,,,,
2270,05/03/25 23:15:00,27.653,,,,,
2271,05/03/25 23:30:00,27.653,,,,,
2272,05/03/25 23:45:00,27.628,,,,,
2273,05/04/25 00:00:00,27.628,,,,,
2274,05/04/25 00:15:00,27.628,,,,,
2275,05/04/25 00:30:00,27.628,,,,,
2276,05/04/25 00:45:00,27.653,,,,,
2277,05/04/25 01:00:00,27.653,,,,,
2278,05/04/25 01:15:00,27.653,,,,,
2279,05/04/25 01:30:00,27.653,,,,,
2280,05/04/25 01:45:00,27.628,,,,,
2281,05/04/25 02:00:00,27.604,,,,,
2282,05/04/25 02:15:00,27.604,,,,,
2283,05/04/25 02:30:00,27.628,,,,,
2284,05/04/25 02:45:00,27.604,,,,,
2285,05/04/25 03:00:00,27.628,,,,,
2286,05/04/25 03:15:00,27.628,,,,,
2287,05/04/25 03:30:00,27.628,,,,,
2288,05/04/25 03:45:00,27.628,,,,,
2289,05/04/25 04:00:00,27.628,,,,,
2290,05/04/25 04:15:00,27.628,,,,,
2291,05/04/25 04:30:00,27.604,,,,,
2292,05/04/25 04:45:00,27.604,,,,,
2293,05/04/25 05:00:00,27.604,,,,,
2294,05/04/25 05:15:00,27.604,,,,,
2295,05/04/25 05:30:00,27.604,,,,,
2296,05/04/25 05:45:00,27.579,,,,,
2297,05/04/25 06:00:00,27.530,,,,,
2298,05/04/25 06:15:00,27.530,,,,,
2299,05/04/25 06:30:00,27.554,,,,,
2300,05/04/25 06:45:00,27.579,,,,,
2301,05/04/25 07:00:00,27.628,,,,,
2302,05/04/25 07:15:00,27.653,,,,,
2303,05/04/25 07:30:00,27.653,,,,,
2304,05/04/25 07:45:00,27.677,,,,,
2305,05/04/25 08:00:00,27.677,,,,,
2306,05/04/25 08:15:00,27.702,,,,,
2307,05/04/25 08:30:00,27.702,,,,,
2308,05/04/25 08:45:00,27.604,,,,,
2309,05/04/25 09:00:00,27.579,,,,,
2310,05/04/25 09:15:00,27.554,,,,,
2311,05/04/25 09:30:00,27.530,,,,,
2312,05/04/25 09:45:00,27.530,,,,,
2313,05/04/25 10:00:00,27.579,,,,,
2314,05/04/25 10:15:00,27.604,,,,,
2315,05/04/25 10:30:00,27.653,,,,,
2316,05/04/25 10:45:00,27.702,,,,,
2317,05/04/25 11:00:00,27.751,,,,,
2318,05/04/25 11:15:00,27.801,,,,,
2319,05/04/25 11:30:00,27.825,,,,,
2320,05/04/25 11:45:00,27.825,,,,,
2321,05/04/25 12:00:00,27.825,,,,,
2322,05/04/25 12:15:00,27.850,,,,,
2323,05/04/25 12:30:00,27.825,,,,,
2324,05/04/25 12:45:00,27.825,,,,,
2325,05/04/25 13:00:00,27.850,,,,,
2326,05/04/25 13:15:00,27.875,,,,,
2327,05/04/25 13:30:00,27.875,,,,,
2328,05/04/25 13:45:00,27.875,,,,,
2329,05/04/25 14:00:00,27.899,,,,,
2330,05/04/25 14:15:00,27.899,,,,,
2331,05/04/25 14:30:00,27.924,,,,,
2332,05/04/25 14:45:00,27.899,,,,,
2333,05/04/25 15:00:00,27.875,,,,,
2334,05/04/25 15:15:00,27.850,,,,,
2335,05/04/25 15:30:00,27.825,,,,,
2336,05/04/25 15:45:00,27.825,,,,,
2337,05/04/25 16:00:00,27.850,,,,,
2338,05/04/25 16:15:00,27.850,,,,,
2339,05/04/25 16:30:00,27.850,,,,,
2340,05/04/25 16:45:00,27.850,,,,,
2341,05/04/25 17:00:00,27.825,,,,,
2342,05/04/25 17:15:00,27.850,,,,,
2343,05/04/25 17:30:00,27.825,,,,,
2344,05/04/25 17:45:00,27.825,,,,,
2345,05/04/25 18:00:00,27.825,,,,,
2346,05/04/25 18:15:00,27.850,,,,,
2347,05/04/25 18:30:00,27.850,,,,,
2348,05/04/25 18:45:00,27.850,,,,,
2349,05/04/25 19:00:00,27.850,,,,,
2350,05/04/25 19:15:00,27.850,,,,,
2351,05/04/25 19:30:00,27.850,,,,,
2352,05/04/25 19:45:00,27.850,,,,,
2353,05/04/25 20:00:00,27.825,,,,,
2354,05/04/25 20:15:00,27.825,,,,,
2355,05/04/25 20:30:00,27.850,,,,,
2356,05/04/25 20:45:00,27.850,,,,,
2357,05/04/25 21:00:00,27.850,,,,,
2358,05/04/25 21:15:00,27.850,,,,,
2359,05/04/25 21:30:00,27.850,,,,,
2360,05/04/25 21:45:00,27.850,,,,,
2361,05/04/25 22:00:00,27.850,,,,,
2362,05/04/25 22:15:00,27.850,,,,,
2363,05/04/25 22:30:00,27.850,,,,,
2364,05/04/25 22:45:00,27.850,,,,,
2365,05/04/25 23:00:00,27.825,,,,,
2366,05/04/25 23:15:00,27.825,,,,,
2367,05/04/25 23:30:00,27.825,,,,,
2368,05/04/25 23:45:00,27.825,,,,,
2369,05/05/25 00:00:00,27.825,,,,,
2370,05/05/25 00:15:00,27.825,,,,,
2371,05/05/25 00:30:00,27.801,,,,,
2372,05/05/25 00:45:00,27.801,,,,,
2373,05/05/25 01:00:00,27.801,,,,,
2374,05/05/25 01:15:00,27.801,,,,,
2375,05/05/25 01:30:00,27.776,,,,,
2376,05/05/25 01:45:00,27.776,,,,,
2377,05/05/25 02:00:00,27.776,,,,,
2378,05/05/25 02:15:00,27.776,,,,,
2379,05/05/25 02:30:00,27.776,,,,,
2380,05/05/25 02:45:00,27.776,,,,,
2381,05/05/25 03:00:00,27.776,,,,,
2382,05/05/25 03:15:00,27.776,,,,,
2383,05/05/25 03:30:00,27.776,,,,,
2384,05/05/25 03:45:00,27.751,,,,,
2385,05/05/25 04:00:00,27.751,,,,,
2386,05/05/25 04:15:00,27.751,,,,,
2387,05/05/25 04:30:00,27.751,,,,,
2388,05/05/25 04:45:00,27.751,,,,,
2389,05/05/25 05:00:00,27.751,,,,,
2390,05/05/25 05:15:00,27.727,,,,,
2391,05/05/25 05:30:00,27.727,,,,,
2392,05/05/25 05:45:00,27.751,,,,,
2393,05/05/25 06:00:00,27.751,,,,,
2394,05/05/25 06:15:00,27.751,,,,,
2395,05/05/25 06:30:00,27.751,,,,,
2396,05/05/25 06:45:00,27.751,,,,,
2397,05/05/25 07:00:00,27.776,,,,,
2398,05/05/25 07:15:00,27.776,,,,,
2399,05/05/25 07:30:00,27.776,,,,,
2400,05/05/25 07:45:00,27.776,,,,,
2401,05/05/25 08:00:00,27.776,,,,,
2402,05/05/25 08:15:00,27.776,,,,,
2403,05/05/25 08:30:00,27.776,,,,,
2404,05/05/25 08:45:00,27.801,,,,,
2405,05/05/25 09:00:00,27.801,,,,,
2406,05/05/25 09:15:00,27.825,,,,,
2407,05/05/25 09:30:00,27.825,,,,,
2408,05/05/25 09:45:00,27.825,,,,,
2409,05/05/25 10:00:00,27.825,,,,,
2410,05/05/25 10:15:00,27.850,,,,,
2411,05/05/25 10:30:00,27.875,,,,,
2412,05/05/25 10:45:00,27.875,,,,,
2413,05/05/25 11:00:00,27.875,,,,,
2414,05/05/25 11:15:00,27.875,,,,,
2415,05/05/25 11:30:00,27.875,,,,,
2416,05/05/25 11:45:00,27.899,,,,,
2417,05/05/25 12:00:00,27.924,,,,,
2418,05/05/25 12:15:00,27.899,,,,,
2419,05/05/25 12:30:00,27.899,,,,,
2420,05/05/25 12:45:00,27.924,,,,,
2421,05/05/25 13:00:00,27.949,,,,,
2422,05/05/25 13:15:00,27.924,,,,,
2423,05/05/25 13:30:00,27.924,,,,,
2424,05/05/25 13:45:00,27.924,,,,,
2425,05/05/25 14:00:00,27.924,,,,,
2426,05/05/25 14:15:00,27.924,,,,,
2427,05/05/25 14:30:00,27.949,,,,,
2428,05/05/25 14:45:00,27.949,,,,,
2429,05/05/25 15:00:00,27.949,,,,,
2430,05/05/25 15:15:00,27.924,,,,,
2431,05/05/25 15:30:00,27.924,,,,,
2432,05/05/25 15:45:00,27.924,,,,,
2433,05/05/25 16:00:00,27.899,,,,,
2434,05/05/25 16:15:00,27.899,,,,,
2435,05/05/25 16:30:00,27.899,,,,,
2436,05/05/25 16:45:00,27.899,,,,,
2437,05/05/25 17:00:00,27.875,,,,,
2438,05/05/25 17:15:00,27.875,,,,,
2439,05/05/25 17:30:00,27.875,,,,,
2440,05/05/25 17:45:00,27.875,,,,,
2441,05/05/25 18:00:00,27.875,,,,,
2442,05/05/25 18:15:00,27.899,,,,,
2443,05/05/25 18:30:00,27.875,,,,,
2444,05/05/25 18:45:00,27.899,,,,,
2445,05/05/25 19:00:00,27.899,,,,,
2446,05/05/25 19:15:00,27.899,,,,,
2447,05/05/25 19:30:00,27.875,,,,,
2448,05/05/25 19:45:00,27.875,,,,,
2449,05/05/25 20:00:00,27.875,,,,,
2450,05/05/25 20:15:00,27.899,,,,,
2451,05/05/25 20:30:00,27.875,,,,,
2452,05/05/25 20:45:00,27.875,,,,,
2453,05/05/25 21:00:00,27.875,,,,,
2454,05/05/25 21:15:00,27.875,,,,,
2455,05/05/25 21:30:00,27.875,,,,,
2456,05/05/25 21:45:00,27.875,,,,,
2457,05/05/25 22:00:00,27.899,,,,,
2458,05/05/25 22:15:00,27.899,,,,,
2459,05/05/25 22:30:00,27.899,,,,,
2460,05/05/25 22:45:00,27.899,,,,,
2461,05/05/25 23:00:00,27.924,,,,,
2462,05/05/25 23:15:00,27.949,,,,,
2463,05/05/25 23:30:00,27.949,,,,,
2464,05/05/25 23:45:00,27.949,,,,,
2465,05/06/25 00:00:00,27.949,,,,,
2466,05/06/25 00:15:00,27.949,,,,,
2467,05/06/25 00:30:00,27.949,,,,,
2468,05/06/25 00:45:00,27.949,,,,,
2469,05/06/25 01:00:00,27.924,,,,,
2470,05/06/25 01:15:00,27.924,,,,,
2471,05/06/25 01:30:00,27.924,,,,,
2472,05/06/25 01:45:00,27.924,,,,,
2473,05/06/25 02:00:00,27.924,,,,,
2474,05/06/25 02:15:00,27.899,,,,,
2475,05/06/25 02:30:00,27.899,,,,,
2476,05/06/25 02:45:00,27.825,,,,,
2477,05/06/25 03:00:00,27.825,,,,,
2478,05/06/25 03:15:00,27.801,,,,,
2479,05/06/25 03:30:00,27.801,,,,,
2480,05/06/25 03:45:00,27.801,,,,,
2481,05/06/25 04:00:00,27.776,,,,,
2482,05/06/25 04:15:00,27.776,,,,,
2483,05/06/25 04:30:00,27.776,,,,,
2484,05/06/25 04:45:00,27.776,,,,,
2485,05/06/25 05:00:00,27.801,,,,,
2486,05/06/25 05:15:00,27.801,,,,,
2487,05/06/25 05:30:00,27.801,,,,,
2488,05/06/25 05:45:00,27.776,,,,,
2489,05/06/25 06:00:00,27.776,,,,,
2490,05/06/25 06:15:00,27.776,,,,,
2491,05/06/25 06:30:00,27.776,,,,,
2492,05/06/25 06:45:00,27.776,,,,,
2493,05/06/25 07:00:00,27.801,,,,,
2494,05/06/25 07:15:00,27.776,,,,,
2495,05/06/25 07:30:00,27.801,,,,,
2496,05/06/25 07:45:00,27.801,,,,,
2497,05/06/25 08:00:00,27.801,,,,,
2498,05/06/25 08:15:00,27.801,,,,,
2499,05/06/25 08:30:00,27.801,,,,,
2500,05/06/25 08:45:00,27.825,,,,,
2501,05/06/25 09:00:00,27.825,,,,,
2502,05/06/25 09:15:00,27.825,,,,,
2503,05/06/25 09:30:00,27.850,,,,,
2504,05/06/25 09:45:00,27.850,,,,,
2505,05/06/25 10:00:00,27.850,,,,,
2506,05/06/25 10:15:00,27.875,,,,,
2507,05/06/25 10:30:00,27.899,,,,,
2508,05/06/25 10:45:00,27.899,,,,,
2509,05/06/25 11:00:00,27.875,,,,,
2510,05/06/25 11:15:00,27.875,,,,,
2511,05/06/25 11:30:00,27.875,,,,,
2512,05/06/25 11:45:00,27.875,,,,,
2513,05/06/25 12:00:00,27.875,,,,,
2514,05/06/25 12:15:00,27.875,,,,,
2515,05/06/25 12:30:00,27.875,,,,,
2516,05/06/25 12:45:00,27.899,,,,,
2517,05/06/25 13:00:00,27.899,,,,,
2518,05/06/25 13:15:00,27.875,,,,,
2519,05/06/25 13:30:00,27.875,,,,,
2520,05/06/25 13:45:00,27.850,,,,,
2521,05/06/25 14:00:00,27.850,,,,,
2522,05/06/25 14:15:00,27.875,,,,,
2523,05/06/25 14:30:00,27.850,,,,,
2524,05/06/25 14:45:00,27.875,,,,,
2525,05/06/25 15:00:00,27.899,,,,,
2526,05/06/25 15:15:00,27.899,,,,,
2527,05/06/25 15:30:00,27.875,,,,,
2528,05/06/25 15:45:00,27.875,,,,,
2529,05/06/25 16:00:00,27.875,,,,,
2530,05/06/25 16:15:00,27.899,,,,,
2531,05/06/25 16:30:00,27.899,,,,,
2532,05/06/25 16:45:00,27.899,,,,,
2533,05/06/25 17:00:00,27.875,,,,,
2534,05/06/25 17:15:00,27.875,,,,,
2535,05/06/25 17:30:00,27.875,,,,,
2536,05/06/25 17:45:00,27.899,,,,,
2537,05/06/25 18:00:00,27.899,,,,,
2538,05/06/25 18:15:00,27.899,,,,,
2539,05/06/25 18:30:00,27.899,,,,,
2540,05/06/25 18:45:00,27.875,,,,,
2541,05/06/25 19:00:00,27.875,,,,,
2542,05/06/25 19:15:00,27.875,,,,,
2543,05/06/25 19:30:00,27.875,,,,,
2544,05/06/25 19:45:00,27.875,,,,,
2545,05/06/25 20:00:00,27.875,,,,,
2546,05/06/25 20:15:00,27.875,,,,,
2547,05/06/25 20:30:00,27.875,,,,,
2548,05/06/25 20:45:00,27.875,,,,,
2549,05/06/25 21:00:00,27.875,,,,,
2550,05/06/25 21:15:00,27.875,,,,,
2551,05/06/25 21:30:00,27.875,,,,,
2552,05/06/25 21:45:00,27.850,,,,,
2553,05/06/25 22:00:00,27.875,,,,,
2554,05/06/25 22:15:00,27.875,,,,,
2555,05/06/25 22:30:00,27.875,,,,,
2556,05/06/25 22:45:00,27.875,,,,,
2557,05/06/25 23:00:00,27.875,,,,,
2558,05/06/25 23:15:00,27.875,,,,,
2559,05/06/25 23:30:00,27.875,,,,,
2560,05/06/25 23:45:00,27.875,,,,,
2561,05/07/25 00:00:00,27.875,,,,,
2562,05/07/25 00:15:00,27.875,,,,,
2563,05/07/25 00:30:00,27.875,,,,,
2564,05/07/25 00:45:00,27.850,,,,,
2565,05/07/25 01:00:00,27.850,,,,,
2566,05/07/25 01:15:00,27.825,,,,,
2567,05/07/25 01:30:00,27.825,,,,,
2568,05/07/25 01:45:00,27.825,,,,,
2569,05/07/25 02:00:00,27.825,,,,,
2570,05/07/25 02:15:00,27.825,,,,,
2571,05/07/25 02:30:00,27.825,,,,,
2572,05/07/25 02:45:00,27.825,,,,,
2573,05/07/25 03:00:00,27.825,,,,,
2574,05/07/25 03:15:00,27.825,,,,,
2575,05/07/25 03:30:00,27.825,,,,,
2576,05/07/25 03:45:00,27.825,,,,,
2577,05/07/25 04:00:00,27.825,,,,,
2578,05/07/25 04:15:00,27.825,,,,,
2579,05/07/25 04:30:00,27.825,,,,,
2580,05/07/25 04:45:00,27.825,,,,,
2581,05/07/25 05:00:00,27.825,,,,,
2582,05/07/25 05:15:00,27.825,,,,,
2583,05/07/25 05:30:00,27.825,,,,,
2584,05/07/25 05:45:00,27.801,,,,,
2585,05/07/25 06:00:00,27.801,,,,,
2586,05/07/25 06:15:00,27.801,,,,,
2587,05/07/25 06:30:00,27.801,,,,,
2588,05/07/25 06:45:00,27.801,,,,,
2589,05/07/25 07:00:00,27.801,,,,,
2590,05/07/25 07:15:00,27.801,,,,,
2591,05/07/25 07:30:00,27.801,,,,,
2592,05/07/25 07:45:00,27.801,,,,,
2593,05/07/25 08:00:00,27.825,,,,,
2594,05/07/25 08:15:00,27.825,,,,,
2595,05/07/25 08:30:00,27.825,,,,,
2596,05/07/25 08:45:00,27.801,,,,,
2597,05/07/25 09:00:00,27.776,,,,,
2598,05/07/25 09:15:00,27.776,,,,,
2599,05/07/25 09:30:00,27.776,,,,,
2600,05/07/25 09:45:00,27.801,,,,,
2601,05/07/25 10:00:00,27.825,,,,,
2602,05/07/25 10:15:00,27.850,,,,,
2603,05/07/25 10:30:00,27.875,,,,,
2604,05/07/25 10:45:00,27.899,,,,,
2605,05/07/25 11:00:00,27.949,,,,,
2606,05/07/25 11:15:00,27.998,,,,,
2607,05/07/25 11:30:00,28.023,,,,,
2608,05/07/25 11:45:00,28.023,,,,,
2609,05/07/25 12:00:00,27.974,,,,,
2610,05/07/25 12:15:00,27.949,,,,,
2611,05/07/25 12:30:00,27.974,,,,,
2612,05/07/25 12:45:00,27.924,,,,,
2613,05/07/25 13:00:00,27.924,,,,,
2614,05/07/25 13:15:00,27.899,,,,,
2615,05/07/25 13:30:00,27.899,,,,,
2616,05/07/25 13:45:00,27.899,,,,,
2617,05/07/25 14:00:00,27.924,,,,,
2618,05/07/25 14:15:00,27.924,,,,,
2619,05/07/25 14:30:00,27.875,,,,,
2620,05/07/25 14:45:00,27.924,,,,,
2621,05/07/25 15:00:00,27.875,,,,,
2622,05/07/25 15:15:00,27.875,,,,,
2623,05/07/25 15:30:00,27.899,,,,,
2624,05/07/25 15:45:00,27.875,,,,,
2625,05/07/25 16:00:00,27.899,,,,,
2626,05/07/25 16:15:00,27.924,,,,,
2627,05/07/25 16:30:00,27.949,,,,,
2628,05/07/25 16:45:00,27.949,,,,,
2629,05/07/25 17:00:00,27.949,,,,,
2630,05/07/25 17:15:00,27.949,,,,,
2631,05/07/25 17:30:00,27.949,,,,,
2632,05/07/25 17:45:00,27.924,,,,,
2633,05/07/25 18:00:00,27.924,,,,,
2634,05/07/25 18:15:00,27.899,,,,,
2635,05/07/25 18:30:00,27.899,,,,,
2636,05/07/25 18:45:00,27.899,,,,,
2637,05/07/25 19:00:00,27.875,,,,,
2638,05/07/25 19:15:00,27.875,,,,,
2639,05/07/25 19:30:00,27.899,,,,,
2640,05/07/25 19:45:00,27.899,,,,,
2641,05/07/25 20:00:00,27.899,,,,,
2642,05/07/25 20:15:00,27.899,,,,,
2643,05/07/25 20:30:00,27.899,,,,,
2644,05/07/25 20:45:00,27.899,,,,,
2645,05/07/25 21:00:00,27.899,,,,,
2646,05/07/25 21:15:00,27.899,,,,,
2647,05/07/25 21:30:00,27.899,,,,,
2648,05/07/25 21:45:00,27.899,,,,,
2649,05/07/25 22:00:00,27.875,,,,,
2650,05/07/25 22:15:00,27.875,,,,,
2651,05/07/25 22:30:00,27.875,,,,,
2652,05/07/25 22:45:00,27.875,,,,,
2653,05/07/25 23:00:00,27.875,,,,,
2654,05/07/25 23:15:00,27.875,,,,,
2655,05/07/25 23:30:00,27.875,,,,,
2656,05/07/25 23:45:00,27.875,,,,,
2657,05/08/25 00:00:00,27.875,,,,,
2658,05/08/25 00:15:00,27.875,,,,,
2659,05/08/25 00:30:00,27.875,,,,,
2660,05/08/25 00:45:00,27.875,,,,,
2661,05/08/25 01:00:00,27.875,,,,,
2662,05/08/25 01:15:00,27.899,,,,,
2663,05/08/25 01:30:00,27.899,,,,,
2664,05/08/25 01:45:00,27.875,,,,,
2665,05/08/25 02:00:00,27.899,,,,,
2666,05/08/25 02:15:00,27.899,,,,,
2667,05/08/25 02:30:00,27.875,,,,,
2668,05/08/25 02:45:00,27.875,,,,,
2669,05/08/25 03:00:00,27.875,,,,,
2670,05/08/25 03:15:00,27.850,,,,,
2671,05/08/25 03:30:00,27.850,,,,,
2672,05/08/25 03:45:00,27.850,,,,,
2673,05/08/25 04:00:00,27.850,,,,,
2674,05/08/25 04:15:00,27.875,,,,,
2675,05/08/25 04:30:00,27.875,,,,,
2676,05/08/25 04:45:00,27.875,,,,,
2677,05/08/25 05:00:00,27.924,,,,,
2678,05/08/25 05:15:00,27.875,,,,,
2679,05/08/25 05:30:00,27.899,,,,,
2680,05/08/25 05:45:00,27.899,,,,,
2681,05/08/25 06:00:00,27.899,,,,,
2682,05/08/25 06:15:00,27.899,,,,,
2683,05/08/25 06:30:00,27.899,,,,,
2684,05/08/25 06:45:00,27.899,,,,,
2685,05/08/25 07:00:00,27.899,,,,,
2686,05/08/25 07:15:00,27.899,,,,,
2687,05/08/25 07:30:00,27.924,,,,,
2688,05/08/25 07:45:00,27.924,,,,,
2689,05/08/25 08:00:00,27.924,,,,,
2690,05/08/25 08:15:00,27.949,,,,,
2691,05/08/25 08:30:00,27.949,,,,,
2692,05/08/25 08:45:00,27.949,,,,,
2693,05/08/25 09:00:00,27.949,,,,,
2694,05/08/25 09:15:00,27.924,,,,,
2695,05/08/25 09:30:00,27.924,,,,,
2696,05/08/25 09:45:00,27.949,,,,,
2697,05/08/25 10:00:00,27.998,,,,,
2698,05/08/25 10:15:00,27.998,,,,,
2699,05/08/25 10:30:00,28.023,,,,,
2700,05/08/25 10:45:00,28.023,,,,,
2701,05/08/25 11:00:00,28.023,,,,,
2702,05/08/25 11:15:00,28.048,,,,,
2703,05/08/25 11:30:00,28.048,,,,,
2704,05/08/25 11:45:00,28.072,,,,,
2705,05/08/25 12:00:00,28.072,,,,,
2706,05/08/25 12:15:00,28.097,,,,,
2707,05/08/25 12:30:00,28.097,,,,,
2708,05/08/25 12:45:00,28.122,,,,,
2709,05/08/25 13:00:00,28.122,,,,,
2710,05/08/25 13:15:00,28.097,,,,,
2711,05/08/25 13:30:00,28.072,,,,,
2712,05/08/25 13:45:00,28.072,,,,,
2713,05/08/25 14:00:00,28.097,,,,,
2714,05/08/25 14:15:00,28.122,,,,,
2715,05/08/25 14:30:00,28.097,,,,,
2716,05/08/25 14:45:00,28.097,,,,,
2717,05/08/25 15:00:00,28.072,,,,,
2718,05/08/25 15:15:00,28.048,,,,,
2719,05/08/25 15:30:00,28.048,,,,,
2720,05/08/25 15:45:00,28.048,,,,,
2721,05/08/25 16:00:00,28.048,,,,,
2722,05/08/25 16:15:00,28.048,,,,,
2723,05/08/25 16:30:00,28.023,,,,,
2724,05/08/25 16:45:00,28.023,,,,,
2725,05/08/25 17:00:00,28.023,,,,,
2726,05/08/25 17:15:00,28.023,,,,,
2727,05/08/25 17:30:00,27.998,,,,,
2728,05/08/25 17:45:00,27.998,,,,,
2729,05/08/25 18:00:00,27.998,,,,,
2730,05/08/25 18:15:00,27.974,,,,,
2731,05/08/25 18:30:00,27.974,,,,,
2732,05/08/25 18:45:00,27.974,,,,,
2733,05/08/25 19:00:00,27.949,,,,,
2734,05/08/25 19:15:00,27.924,,,,,
2735,05/08/25 19:30:00,27.924,,,,,
2736,05/08/25 19:45:00,27.924,,,,,
2737,05/08/25 20:00:00,27.924,,,,,
2738,05/08/25 20:15:00,27.949,,,,,
2739,05/08/25 20:30:00,27.949,,,,,
2740,05/08/25 20:45:00,27.974,,,,,
2741,05/08/25 21:00:00,27.998,,,,,
2742,05/08/25 21:15:00,27.998,,,,,
2743,05/08/25 21:30:00,27.998,,,,,
2744,05/08/25 21:45:00,27.998,,,,,
2745,05/08/25 22:00:00,27.998,,,,,
2746,05/08/25 22:15:00,27.998,,,,,
2747,05/08/25 22:30:00,27.998,,,,,
2748,05/08/25 22:45:00,27.998,,,,,
2749,05/08/25 23:00:00,27.998,,,,,
2750,05/08/25 23:15:00,27.998,,,,,
2751,05/08/25 23:30:00,27.998,,,,,
2752,05/08/25 23:45:00,27.974,,,,,
2753,05/09/25 00:00:00,27.974,,,,,
2754,05/09/25 00:15:00,27.974,,,,,
2755,05/09/25 00:30:00,27.974,,,,,
2756,05/09/25 00:45:00,27.974,,,,,
2757,05/09/25 01:00:00,27.974,,,,,
2758,05/09/25 01:15:00,27.974,,,,,
2759,05/09/25 01:30:00,27.949,,,,,
2760,05/09/25 01:45:00,27.949,,,,,
2761,05/09/25 02:00:00,27.949,,,,,
2762,05/09/25 02:15:00,27.949,,,,,
2763,05/09/25 02:30:00,27.949,,,,,
2764,05/09/25 02:45:00,27.949,,,,,
2765,05/09/25 03:00:00,27.949,,,,,
2766,05/09/25 03:15:00,27.924,,,,,
2767,05/09/25 03:30:00,27.924,,,,,
2768,05/09/25 03:45:00,27.924,,,,,
2769,05/09/25 04:00:00,27.924,,,,,
2770,05/09/25 04:15:00,27.924,,,,,
2771,05/09/25 04:30:00,27.924,,,,,
2772,05/09/25 04:45:00,27.899,,,,,
2773,05/09/25 05:00:00,27.899,,,,,
2774,05/09/25 05:15:00,27.899,,,,,
2775,05/09/25 05:30:00,27.875,,,,,
2776,05/09/25 05:45:00,27.875,,,,,
2777,05/09/25 06:00:00,27.875,,,,,
2778,05/09/25 06:15:00,27.875,,,,,
2779,05/09/25 06:30:00,27.899,,,,,
2780,05/09/25 06:45:00,27.899,,,,,
2781,05/09/25 07:00:00,27.899,,,,,
2782,05/09/25 07:15:00,27.899,,,,,
2783,05/09/25 07:30:00,27.899,,,,,
2784,05/09/25 07:45:00,27.899,,,,,
2785,05/09/25 08:00:00,27.899,,,,,
2786,05/09/25 08:15:00,27.899,,,,,
2787,05/09/25 08:30:00,27.924,,,,,
2788,05/09/25 08:45:00,27.924,,,,,
2789,05/09/25 09:00:00,27.924,,,,,
2790,05/09/25 09:15:00,27.924,,,,,
2791,05/09/25 09:30:00,27.924,,,,,
2792,05/09/25 09:45:00,27.924,,,,,
2793,05/09/25 10:00:00,27.949,,,,,
2794,05/09/25 10:15:00,27.949,,,,,
2795,05/09/25 10:30:00,27.974,,,,,
2796,05/09/25 10:45:00,27.974,,,,,
2797,05/09/25 11:00:00,27.974,,,,,
2798,05/09/25 11:15:00,27.998,,,,,
2799,05/09/25 11:30:00,27.998,,,,,
2800,05/09/25 11:45:00,28.023,,,,,
2801,05/09/25 12:00:00,27.998,,,,,
2802,05/09/25 12:15:00,28.023,,,,,
2803,05/09/25 12:30:00,27.998,,,,,
2804,05/09/25 12:45:00,27.998,,,,,
2805,05/09/25 13:00:00,28.023,,,,,
2806,05/09/25 13:15:00,28.023,,,,,
2807,05/09/25 13:30:00,28.023,,,,,
2808,05/09/25 13:45:00,27.949,,,,,
2809,05/09/25 14:00:00,27.974,,,,,
2810,05/09/25 14:15:00,27.974,,,,,
2811,05/09/25 14:30:00,28.023,,,,,
2812,05/09/25 14:45:00,27.998,,,,,
2813,05/09/25 15:00:00,27.998,,,,,
2814,05/09/25 15:15:00,27.998,,,,,
2815,05/09/25 15:30:00,27.998,,,,,
2816,05/09/25 15:45:00,28.023,,,,,
2817,05/09/25 16:00:00,28.023,,,,,
2818,05/09/25 16:15:00,28.023,,,,,
2819,05/09/25 16:30:00,27.998,,,,,
2820,05/09/25 16:45:00,27.998,,,,,
2821,05/09/25 17:00:00,27.998,,,,,
2822,05/09/25 17:15:00,27.998,,,,,
2823,05/09/25 17:30:00,27.974,,,,,
2824,05/09/25 17:45:00,27.974,,,,,
2825,05/09/25 18:00:00,27.949,,,,,
2826,05/09/25 18:15:00,27.949,,,,,
2827,05/09/25 18:30:00,27.924,,,,,
2828,05/09/25 18:45:00,27.924,,,,,
2829,05/09/25 19:00:00,27.899,,,,,
2830,05/09/25 19:15:00,27.875,,,,,
2831,05/09/25 19:30:00,27.875,,,,,
2832,05/09/25 19:45:00,27.875,,,,,
2833,05/09/25 20:00:00,27.850,,,,,
2834,05/09/25 20:15:00,27.850,,,,,
2835,05/09/25 20:30:00,27.850,,,,,
2836,05/09/25 20:45:00,27.850,,,,,
2837,05/09/25 21:00:00,27.850,,,,,
2838,05/09/25 21:15:00,27.850,,,,,
2839,05/09/25 21:30:00,27.850,,,,,
2840,05/09/25 21:45:00,27.850,,,,,
2841,05/09/25 22:00:00,27.850,,,,,
2842,05/09/25 22:15:00,27.850,,,,,
2843,05/09/25 22:30:00,27.850,,,,,
2844,05/09/25 22:45:00,27.875,,,,,
2845,05/09/25 23:00:00,27.875,,,,,
2846,05/09/25 23:15:00,27.875,,,,,
2847,05/09/25 23:30:00,27.875,,,,,
2848,05/09/25 23:45:00,27.875,,,,,
2849,05/10/25 00:00:00,27.875,,,,,
2850,05/10/25 00:15:00,27.875,,,,,
2851,05/10/25 00:30:00,27.875,,,,,
2852,05/10/25 00:45:00,27.875,,,,,
2853,05/10/25 01:00:00,27.875,,,,,
2854,05/10/25 01:15:00,27.875,,,,,
2855,05/10/25 01:30:00,27.875,,,,,
2856,05/10/25 01:45:00,27.875,,,,,
2857,05/10/25 02:00:00,27.875,,,,,
2858,05/10/25 02:15:00,27.875,,,,,
2859,05/10/25 02:30:00,27.875,,,,,
2860,05/10/25 02:45:00,27.875,,,,,
2861,05/10/25 03:00:00,27.875,,,,,
2862,05/10/25 03:15:00,27.850,,,,,
2863,05/10/25 03:30:00,27.850,,,,,
2864,05/10/25 03:45:00,27.850,,,,,
2865,05/10/25 04:00:00,27.850,,,,,
2866,05/10/25 04:15:00,27.850,,,,,
2867,05/10/25 04:30:00,27.850,,,,,
2868,05/10/25 04:45:00,27.850,,,,,
2869,05/10/25 05:00:00,27.850,,,,,
2870,05/10/25 05:15:00,27.850,,,,,
2871,05/10/25 05:30:00,27.850,,,,,
2872,05/10/25 05:45:00,27.850,,,,,
2873,05/10/25 06:00:00,27.850,,,,,
2874,05/10/25 06:15:00,27.850,,,,,
2875,05/10/25 06:30:00,27.850,,,,,
2876,05/10/25 06:45:00,27.850,,,,,
2877,05/10/25 07:00:00,27.850,,,,,
2878,05/10/25 07:15:00,27.850,,,,,
2879,05/10/25 07:30:00,27.825,,,,,
2880,05/10/25 07:45:00,27.825,,,,,
2881,05/10/25 08:00:00,27.825,,,,,
2882,05/10/25 08:15:00,27.825,,,,,
2883,05/10/25 08:30:00,27.825,,,,,
2884,05/10/25 08:45:00,27.825,,,,,
2885,05/10/25 09:00:00,27.825,,,,,
2886,05/10/25 09:15:00,27.850,,,,,
2887,05/10/25 09:30:00,27.850,,,,,
2888,05/10/25 09:45:00,27.875,,,,,
2889,05/10/25 10:00:00,27.875,,,,,
2890,05/10/25 10:15:00,27.899,,,,,
2891,05/10/25 10:30:00,27.899,,,,,
2892,05/10/25 10:45:00,27.899,,,,,
2893,05/10/25 11:00:00,27.899,,,,,
2894,05/10/25 11:15:00,27.899,,,,,
2895,05/10/25 11:30:00,27.899,,,,,
2896,05/10/25 11:45:00,27.899,,,,,
2897,05/10/25 12:00:00,27.924,,,,,
2898,05/10/25 12:15:00,27.924,,,,,
2899,05/10/25 12:30:00,27.924,,,,,
2900,05/10/25 12:45:00,27.924,,,,,
2901,05/10/25 13:00:00,27.949,,,,,
2902,05/10/25 13:15:00,27.949,,,,,
2903,05/10/25 13:30:00,27.974,,,,,
2904,05/10/25 13:45:00,27.974,,,,,
2905,05/10/25 14:00:00,27.974,,,,,
2906,05/10/25 14:15:00,27.974,,,,,
2907,05/10/25 14:30:00,27.974,,,,,
2908,05/10/25 14:45:00,27.974,,,,,
2909,05/10/25 15:00:00,27.998,,,,,
2910,05/10/25 15:15:00,28.023,,,,,
2911,05/10/25 15:30:00,28.023,,,,,
2912,05/10/25 15:45:00,28.023,,,,,
2913,05/10/25 16:00:00,28.048,,,,,
2914,05/10/25 16:15:00,28.023,,,,,
2915,05/10/25 16:30:00,27.998,,,,,
2916,05/10/25 16:45:00,27.974,,,,,
2917,05/10/25 17:00:00,27.974,,,,,
2918,05/10/25 17:15:00,27.974,,,,,
2919,05/10/25 17:30:00,27.974,,,,,
2920,05/10/25 17:45:00,27.974,,,,,
2921,05/10/25 18:00:00,27.974,,,,,
2922,05/10/25 18:15:00,27.949,,,,,
2923,05/10/25 18:30:00,27.949,,,,,
2924,05/10/25 18:45:00,27.949,,,,,
2925,05/10/25 19:00:00,27.949,,,,,
2926,05/10/25 19:15:00,27.949,,,,,
2927,05/10/25 19:30:00,27.949,,,,,
2928,05/10/25 19:45:00,27.949,,,,,
2929,05/10/25 20:00:00,27.949,,,,,
2930,05/10/25 20:15:00,27.949,,,,,
2931,05/10/25 20:30:00,27.949,,,,,
2932,05/10/25 20:45:00,27.949,,,,,
2933,05/10/25 21:00:00,27.949,,,,,
2934,05/10/25 21:15:00,27.949,,,,,
2935,05/10/25 21:30:00,27.998,,,,,
2936,05/10/25 21:45:00,27.998,,,,,
2937,05/10/25 22:00:00,27.998,,,,,
2938,05/10/25 22:15:00,27.998,,,,,
2939,05/10/25 22:30:00,27.998,,,,,
2940,05/10/25 22:45:00,27.974,,,,,
2941,05/10/25 23:00:00,27.974,,,,,
2942,05/10/25 23:15:00,27.974,,,,,
2943,05/10/25 23:30:00,27.949,,,,,
2944,05/10/25 23:45:00,27.924,,,,,
2945,05/11/25 00:00:00,27.924,,,,,
2946,05/11/25 00:15:00,27.924,,,,,
2947,05/11/25 00:30:00,27.949,,,,,
2948,05/11/25 00:45:00,27.949,,,,,
2949,05/11/25 01:00:00,27.949,,,,,
2950,05/11/25 01:15:00,27.949,,,,,
2951,05/11/25 01:30:00,27.974,,,,,
2952,05/11/25 01:45:00,27.974,,,,,
2953,05/11/25 02:00:00,27.974,,,,,
2954,05/11/25 02:15:00,27.998,,,,,
2955,05/11/25 02:30:00,27.998,,,,,
2956,05/11/25 02:45:00,27.998,,,,,
2957,05/11/25 03:00:00,28.023,,,,,
2958,05/11/25 03:15:00,28.023,,,,,
2959,05/11/25 03:30:00,28.023,,,,,
2960,05/11/25 03:45:00,28.023,,,,,
2961,05/11/25 04:00:00,28.023,,,,,
2962,05/11/25 04:15:00,28.023,,,,,
2963,05/11/25 04:30:00,27.998,,,,,
2964,05/11/25 04:45:00,27.974,,,,,
2965,05/11/25 05:00:00,27.949,,,,,
2966,05/11/25 05:15:00,27.949,,,,,
2967,05/11/25 05:30:00,27.949,,,,,
2968,05/11/25 05:45:00,27.949,,,,,
2969,05/11/25 06:00:00,27.949,,,,,
2970,05/11/25 06:15:00,27.974,,,,,
2971,05/11/25 06:30:00,27.974,,,,,
2972,05/11/25 06:45:00,27.974,,,,,
2973,05/11/25 07:00:00,27.998,,,,,
2974,05/11/25 07:15:00,27.998,,,,,
2975,05/11/25 07:30:00,28.023,,,,,
2976,05/11/25 07:45:00,27.998,,,,,
2977,05/11/25 08:00:00,27.974,,,,,
2978,05/11/25 08:15:00,27.974,,,,,
2979,05/11/25 08:30:00,27.974,,,,,
2980,05/11/25 08:45:00,27.998,,,,,
2981,05/11/25 09:00:00,28.023,,,,,
2982,05/11/25 09:15:00,28.048,,,,,
2983,05/11/25 09:30:00,28.072,,,,,
2984,05/11/25 09:45:00,28.097,,,,,
2985,05/11/25 10:00:00,28.122,,,,,
2986,05/11/25 10:15:00,28.122,,,,,
2987,05/11/25 10:30:00,28.097,,,,,
2988,05/11/25 10:45:00,28.097,,,,,
2989,05/11/25 11:00:00,28.097,,,,,
2990,05/11/25 11:15:00,28.122,,,,,
2991,05/11/25 11:30:00,28.097,,,,,
2992,05/11/25 11:45:00,28.072,,,,,
2993,05/11/25 12:00:00,28.072,,,,,
2994,05/11/25 12:15:00,28.097,,,,,
2995,05/11/25 12:30:00,28.122,,,,,
2996,05/11/25 12:45:00,28.147,,,,,
2997,05/11/25 13:00:00,28.171,,,,,
2998,05/11/25 13:15:00,28.196,,,,,
2999,05/11/25 13:30:00,28.221,,,,,
3000,05/11/25 13:45:00,28.245,,,,,
3001,05/11/25 14:00:00,28.270,,,,,
3002,05/11/25 14:15:00,28.295,,,,,
3003,05/11/25 14:30:00,28.320,,,,,
3004,05/11/25 14:45:00,28.345,,,,,
3005,05/11/25 15:00:00,28.345,,,,,
3006,05/11/25 15:15:00,28.345,,,,,
3007,05/11/25 15:30:00,28.345,,,,,
3008,05/11/25 15:45:00,28.345,,,,,
3009,05/11/25 16:00:00,28.345,,,,,
3010,05/11/25 16:15:00,28.295,,,,,
3011,05/11/25 16:30:00,28.320,,,,,
3012,05/11/25 16:45:00,28.320,,,,,
3013,05/11/25 17:00:00,28.320,,,,,
3014,05/11/25 17:15:00,28.295,,,,,
3015,05/11/25 17:30:00,28.295,,,,,
3016,05/11/25 17:45:00,28.295,,,,,
3017,05/11/25 18:00:00,28.320,,,,,
3018,05/11/25 18:15:00,28.394,,,,,
3019,05/11/25 18:30:00,28.468,,,,,
3020,05/11/25 18:45:00,28.518,,,,,
3021,05/11/25 19:00:00,28.518,,,,,
3022,05/11/25 19:15:00,28.518,,,,,
3023,05/11/25 19:30:00,28.493,,,,,
3024,05/11/25 19:45:00,28.444,,,,,
3025,05/11/25 20:00:00,28.419,,,,,
3026,05/11/25 20:15:00,28.419,,,,,
3027,05/11/25 20:30:00,28.419,,,,,
3028,05/11/25 20:45:00,28.419,,,,,
3029,05/11/25 21:00:00,28.419,,,,,
3030,05/11/25 21:15:00,28.419,,,,,
3031,05/11/25 21:30:00,28.419,,,,,
3032,05/11/25 21:45:00,28.419,,,,,
3033,05/11/25 22:00:00,28.419,,,,,
3034,05/11/25 22:15:00,28.419,,,,,
3035,05/11/25 22:30:00,28.419,,,,,
3036,05/11/25 22:45:00,28.419,,,,,
3037,05/11/25 23:00:00,28.419,,,,,
3038,05/11/25 23:15:00,28.419,,,,,
3039,05/11/25 23:30:00,28.419,,,,,
3040,05/11/25 23:45:00,28.394,,,,,
3041,05/12/25 00:00:00,28.394,,,,,
3042,05/12/25 00:15:00,28.394,,,,,
3043,05/12/25 00:30:00,28.369,,,,,
3044,05/12/25 00:45:00,28.345,,,,,
3045,05/12/25 01:00:00,28.345,,,,,
3046,05/12/25 01:15:00,28.345,,,,,
3047,05/12/25 01:30:00,28.345,,,,,
3048,05/12/25 01:45:00,28.320,,,,,
3049,05/12/25 02:00:00,28.320,,,,,
3050,05/12/25 02:15:00,28.320,,,,,
3051,05/12/25 02:30:00,28.320,,,,,
3052,05/12/25 02:45:00,28.295,,,,,
3053,05/12/25 03:00:00,28.245,,,,,
3054,05/12/25 03:15:00,28.196,,,,,
3055,05/12/25 03:30:00,28.196,,,,,
3056,05/12/25 03:45:00,28.147,,,,,
3057,05/12/25 04:00:00,28.147,,,,,
3058,05/12/25 04:15:00,28.122,,,,,
3059,05/12/25 04:30:00,28.147,,,,,
3060,05/12/25 04:45:00,28.196,,,,,
3061,05/12/25 05:00:00,28.221,,,,,
3062,05/12/25 05:15:00,28.245,,,,,
3063,05/12/25 05:30:00,28.270,,,,,
3064,05/12/25 05:45:00,28.270,,,,,
3065,05/12/25 06:00:00,28.270,,,,,
3066,05/12/25 06:15:00,28.270,,,,,
3067,05/12/25 06:30:00,28.295,,,,,
3068,05/12/25 06:45:00,28.320,,,,,
3069,05/12/25 07:00:00,28.320,,,,,
3070,05/12/25 07:15:00,28.320,,,,,
3071,05/12/25 07:30:00,28.320,,,,,
3072,05/12/25 07:45:00,28.320,,,,,
3073,05/12/25 08:00:00,28.295,,,,,
3074,05/12/25 08:15:00,28.295,,,,,
3075,05/12/25 08:30:00,28.295,,,,,
3076,05/12/25 08:45:00,28.295,,,,,
3077,05/12/25 09:00:00,28.295,,,,,
3078,05/12/25 09:15:00,28.295,,,,,
3079,05/12/25 09:30:00,28.295,,,,,
3080,05/12/25 09:45:00,28.295,,,,,
3081,05/12/25 10:00:00,28.295,,,,,
3082,05/12/25 10:15:00,28.295,,,,,
3083,05/12/25 10:30:00,28.320,,,,,
3084,05/12/25 10:45:00,28.345,,,,,
3085,05/12/25 11:00:00,28.369,,,,,
3086,05/12/25 11:15:00,28.394,,,,,
3087,05/12/25 11:30:00,28.419,,,,,
3088,05/12/25 11:45:00,28.419,,,,,
3089,05/12/25 12:00:00,28.444,,,,,
3090,05/12/25 12:15:00,28.468,,,,,
3091,05/12/25 12:30:00,28.468,,,,,
3092,05/12/25 12:45:00,28.493,,,,,
3093,05/12/25 13:00:00,28.493,,,,,
3094,05/12/25 13:15:00,28.518,,,,,
3095,05/12/25 13:30:00,28.518,,,,,
3096,05/12/25 13:45:00,28.543,,,,,
3097,05/12/25 14:00:00,28.543,,,,,
3098,05/12/25 14:15:00,28.543,,,,,
3099,05/12/25 14:30:00,28.518,,,,,
3100,05/12/25 14:45:00,28.518,,,,,
3101,05/12/25 15:00:00,28.518,,,,,
3102,05/12/25 15:15:00,28.518,,,,,
3103,05/12/25 15:30:00,28.518,,,,,
3104,05/12/25 15:45:00,28.493,,,,,
3105,05/12/25 16:00:00,28.493,,,,,
3106,05/12/25 16:15:00,28.493,,,,,
3107,05/12/25 16:30:00,28.493,,,,,
3108,05/12/25 16:45:00,28.493,,,,,
3109,05/12/25 17:00:00,28.493,,,,,
3110,05/12/25 17:15:00,28.468,,,,,
3111,05/12/25 17:30:00,28.493,,,,,
3112,05/12/25 17:45:00,28.493,,,,,
3113,05/12/25 18:00:00,28.468,,,,,
3114,05/12/25 18:15:00,28.468,,,,,
3115,05/12/25 18:30:00,28.444,,,,,
3116,05/12/25 18:45:00,28.444,,,,,
3117,05/12/25 19:00:00,28.468,,,,,
3118,05/12/25 19:15:00,28.468,,,,,
3119,05/12/25 19:30:00,28.468,,,,,
3120,05/12/25 19:45:00,28.468,,,,,
3121,05/12/25 20:00:00,28.468,,,,,
3122,05/12/25 20:15:00,28.444,,,,,
3123,05/12/25 20:30:00,28.419,,,,,
3124,05/12/25 20:45:00,28.419,,,,,
3125,05/12/25 21:00:00,28.419,,,,,
3126,05/12/25 21:15:00,28.419,,,,,
3127,05/12/25 21:30:00,28.419,,,,,
3128,05/12/25 21:45:00,28.419,,,,,
3129,05/12/25 22:00:00,28.419,,,,,
3130,05/12/25 22:15:00,28.419,,,,,
3131,05/12/25 22:30:00,28.394,,,,,
3132,05/12/25 22:45:00,28.394,,,,,
3133,05/12/25 23:00:00,28.369,,,,,
3134,05/12/25 23:15:00,28.369,,,,,
3135,05/12/25 23:30:00,28.369,,,,,
3136,05/12/25 23:45:00,28.369,,,,,
3137,05/13/25 00:00:00,28.345,,,,,
3138,05/13/25 00:15:00,28.320,,,,,
3139,05/13/25 00:30:00,28.320,,,,,
3140,05/13/25 00:45:00,28.320,,,,,
3141,05/13/25 01:00:00,28.320,,,,,
3142,05/13/25 01:15:00,28.295,,,,,
3143,05/13/25 01:30:00,28.270,,,,,
3144,05/13/25 01:45:00,28.270,,,,,
3145,05/13/25 02:00:00,28.270,,,,,
3146,05/13/25 02:15:00,28.221,,,,,
3147,05/13/25 02:30:00,28.221,,,,,
3148,05/13/25 02:45:00,28.221,,,,,
3149,05/13/25 03:00:00,28.221,,,,,
3150,05/13/25 03:15:00,28.270,,,,,
3151,05/13/25 03:30:00,28.270,,,,,
3152,05/13/25 03:45:00,28.245,,,,,
3153,05/13/25 04:00:00,28.196,,,,,
3154,05/13/25 04:15:00,28.171,,,,,
3155,05/13/25 04:30:00,28.122,,,,,
3156,05/13/25 04:45:00,28.097,,,,,
3157,05/13/25 05:00:00,28.097,,,,,
3158,05/13/25 05:15:00,28.122,,,,,
3159,05/13/25 05:30:00,28.122,,,,,
3160,05/13/25 05:45:00,28.147,,,,,
3161,05/13/25 06:00:00,28.171,,,,,
3162,05/13/25 06:15:00,28.171,,,,,
3163,05/13/25 06:30:00,28.171,,,,,
3164,05/13/25 06:45:00,28.196,,,,,
3165,05/13/25 07:00:00,28.221,,,,,
3166,05/13/25 07:15:00,28.245,,,,,
3167,05/13/25 07:30:00,28.245,,,,,
3168,05/13/25 07:45:00,28.245,,,,,
3169,05/13/25 08:00:00,28.245,,,,,
3170,05/13/25 08:15:00,28.270,,,,,
3171,05/13/25 08:30:00,28.295,,,,,
3172,05/13/25 08:45:00,28.320,,,,,
3173,05/13/25 09:00:00,28.320,,,,,
3174,05/13/25 09:15:00,28.320,,,,,
3175,05/13/25 09:30:00,28.320,,,,,
3176,05/13/25 09:45:00,28.345,,,,,
3177,05/13/25 10:00:00,28.345,,,,,
3178,05/13/25 10:15:00,28.345,,,,,
3179,05/13/25 10:30:00,28.345,,,,,
3180,05/13/25 10:45:00,28.345,,,,,
3181,05/13/25 11:00:00,28.345,,,,,
3182,05/13/25 11:15:00,28.369,,,,,
3183,05/13/25 11:30:00,28.369,,,,,
3184,05/13/25 11:45:00,28.369,,,,,
3185,05/13/25 12:00:00,28.369,,,,,
3186,05/13/25 12:15:00,28.345,,,,,
3187,05/13/25 12:30:00,28.369,,,,,
3188,05/13/25 12:45:00,28.369,,,,,
3189,05/13/25 13:00:00,28.369,,,,,
3190,05/13/25 13:15:00,28.394,,,,,
3191,05/13/25 13:30:00,28.394,,,,,
3192,05/13/25 13:45:00,28.394,,,,,
3193,05/13/25 14:00:00,28.394,,,,,
3194,05/13/25 14:15:00,28.394,,,,,
3195,05/13/25 14:30:00,28.394,,,,,
3196,05/13/25 14:45:00,28.394,,,,,
3197,05/13/25 15:00:00,28.394,,,,,
3198,05/13/25 15:15:00,28.369,,,,,
3199,05/13/25 15:30:00,28.369,,,,,
3200,05/13/25 15:45:00,28.369,,,,,
3201,05/13/25 16:00:00,28.369,,,,,
3202,05/13/25 16:15:00,28.369,,,,,
3203,05/13/25 16:30:00,28.369,,,,,
3204,05/13/25 16:45:00,28.369,,,,,
3205,05/13/25 17:00:00,28.345,,,,,
3206,05/13/25 17:15:00,28.345,,,,,
3207,05/13/25 17:30:00,28.345,,,,,
3208,05/13/25 17:45:00,28.345,,,,,
3209,05/13/25 18:00:00,28.345,,,,,
3210,05/13/25 18:15:00,28.345,,,,,
3211,05/13/25 18:30:00,28.320,,,,,
3212,05/13/25 18:45:00,28.320,,,,,
3213,05/13/25 19:00:00,28.320,,,,,
3214,05/13/25 19:15:00,28.345,,,,,
3215,05/13/25 19:30:00,28.320,,,,,
3216,05/13/25 19:45:00,28.320,,,,,
3217,05/13/25 20:00:00,28.320,,,,,
3218,05/13/25 20:15:00,28.295,,,,,
3219,05/13/25 20:30:00,28.295,,,,,
3220,05/13/25 20:45:00,28.270,,,,,
3221,05/13/25 21:00:00,28.270,,,,,
3222,05/13/25 21:15:00,28.270,,,,,
3223,05/13/25 21:30:00,28.270,,,,,
3224,05/13/25 21:45:00,28.270,,,,,
3225,05/13/25 22:00:00,28.270,,,,,
3226,05/13/25 22:15:00,28.245,,,,,
3227,05/13/25 22:30:00,28.245,,,,,
3228,05/13/25 22:45:00,28.245,,,,,
3229,05/13/25 23:00:00,28.245,,,,,
3230,05/13/25 23:15:00,28.245,,,,,
3231,05/13/25 23:30:00,28.245,,,,,
3232,05/13/25 23:45:00,28.245,,,,,
3233,05/14/25 00:00:00,28.245,,,,,
3234,05/14/25 00:15:00,28.245,,,,,
3235,05/14/25 00:30:00,28.245,,,,,
3236,05/14/25 00:45:00,28.245,,,,,
3237,05/14/25 01:00:00,28.221,,,,,
3238,05/14/25 01:15:00,28.221,,,,,
3239,05/14/25 01:30:00,28.196,,,,,
3240,05/14/25 01:45:00,28.097,,,,,
3241,05/14/25 02:00:00,28.072,,,,,
3242,05/14/25 02:15:00,28.048,,,,,
3243,05/14/25 02:30:00,28.023,,,,,
3244,05/14/25 02:45:00,27.998,,,,,
3245,05/14/25 03:00:00,27.998,,,,,
3246,05/14/25 03:15:00,27.998,,,,,
3247,05/14/25 03:30:00,27.974,,,,,
3248,05/14/25 03:45:00,27.974,,,,,
3249,05/14/25 04:00:00,27.974,,,,,
3250,05/14/25 04:15:00,27.974,,,,,
3251,05/14/25 04:30:00,27.974,,,,,
3252,05/14/25 04:45:00,27.974,,,,,
3253,05/14/25 05:00:00,27.974,,,,,
3254,05/14/25 05:15:00,27.850,,,,,
3255,05/14/25 05:30:00,27.825,,,,,
3256,05/14/25 05:45:00,27.801,,,,,
3257,05/14/25 06:00:00,27.825,,,,,
3258,05/14/25 06:15:00,27.825,,,,,
3259,05/14/25 06:30:00,27.850,,,,,
3260,05/14/25 06:45:00,27.974,,,,,
3261,05/14/25 07:00:00,28.023,,,,,
3262,05/14/25 07:15:00,28.147,,,,,
3263,05/14/25 07:30:00,28.171,,,,,
3264,05/14/25 07:45:00,28.196,,,,,
3265,05/14/25 08:00:00,28.171,,,,,
3266,05/14/25 08:15:00,28.171,,,,,
3267,05/14/25 08:30:00,28.221,,,,,
3268,05/14/25 08:45:00,28.221,,,,,
3269,05/14/25 09:00:00,28.221,,,,,
3270,05/14/25 09:15:00,28.221,,,,,
3271,05/14/25 09:30:00,28.245,,,,,
3272,05/14/25 09:45:00,28.270,,,,,
3273,05/14/25 10:00:00,28.320,,,,,
3274,05/14/25 10:15:00,28.320,,,,,
3275,05/14/25 10:30:00,28.320,,,,,
3276,05/14/25 10:45:00,28.320,,,,,
3277,05/14/25 11:00:00,28.345,,,,,
3278,05/14/25 11:15:00,28.345,,,,,
3279,05/14/25 11:30:00,28.369,,,,,
3280,05/14/25 11:45:00,28.369,,,,,
3281,05/14/25 12:00:00,28.369,,,,,
3282,05/14/25 12:15:00,28.394,,,,,
3283,05/14/25 12:30:00,28.419,,,,,
3284,05/14/25 12:45:00,28.419,,,,,
3285,05/14/25 13:00:00,28.419,,,,,
3286,05/14/25 13:15:00,28.419,,,,,
3287,05/14/25 13:30:00,28.444,,,,,
3288,05/14/25 13:45:00,28.468,,,,,
3289,05/14/25 14:00:00,28.493,,,,,
3290,05/14/25 14:15:00,28.468,,,,,
3291,05/14/25 14:30:00,28.468,,,,,
3292,05/14/25 14:45:00,28.468,,,,,
3293,05/14/25 15:00:00,28.444,,,,,
3294,05/14/25 15:15:00,28.444,,,,,
3295,05/14/25 15:30:00,28.444,,,,,
3296,05/14/25 15:45:00,28.444,,,,,
3297,05/14/25 16:00:00,28.419,,,,,
3298,05/14/25 16:15:00,28.419,,,,,
3299,05/14/25 16:30:00,28.419,,,,,
3300,05/14/25 16:45:00,28.419,,,,,
3301,05/14/25 17:00:00,28.394,,,,,
3302,05/14/25 17:15:00,28.369,,,,,
3303,05/14/25 17:30:00,28.369,,,,,
3304,05/14/25 17:45:00,28.369,,,,,
3305,05/14/25 18:00:00,28.369,,,,,
3306,05/14/25 18:15:00,28.369,,,,,
3307,05/14/25 18:30:00,28.369,,,,,
3308,05/14/25 18:45:00,28.369,,,,,
3309,05/14/25 19:00:00,28.345,,,,,
3310,05/14/25 19:15:00,28.345,,,,,
3311,05/14/25 19:30:00,28.345,,,,,
3312,05/14/25 19:45:00,28.369,,,,,
3313,05/14/25 20:00:00,28.345,,,,,
3314,05/14/25 20:15:00,28.369,,,,,
3315,05/14/25 20:30:00,28.345,,,,,
3316,05/14/25 20:45:00,28.320,,,,,
3317,05/14/25 21:00:00,28.320,,,,,
3318,05/14/25 21:15:00,28.320,,,,,
3319,05/14/25 21:30:00,28.320,,,,,
3320,05/14/25 21:45:00,28.320,,,,,
3321,05/14/25 22:00:00,28.320,,,,,
3322,05/14/25 22:15:00,28.320,,,,,
3323,05/14/25 22:30:00,28.320,,,,,
3324,05/14/25 22:45:00,28.320,,,,,
3325,05/14/25 23:00:00,28.320,,,,,
3326,05/14/25 23:15:00,28.320,,,,,
3327,05/14/25 23:30:00,28.320,,,,,
3328,05/14/25 23:45:00,28.320,,,,,
3329,05/15/25 00:00:00,28.320,,,,,
3330,05/15/25 00:15:00,28.320,,,,,
3331,05/15/25 00:30:00,28.320,,,,,
3332,05/15/25 00:45:00,28.295,,,,,
3333,05/15/25 01:00:00,28.295,,,,,
3334,05/15/25 01:15:00,28.320,,,,,
3335,05/15/25 01:30:00,28.320,,,,,
3336,05/15/25 01:45:00,28.320,,,,,
3337,05/15/25 02:00:00,28.320,,,,,
3338,05/15/25 02:15:00,28.320,,,,,
3339,05/15/25 02:30:00,28.320,,,,,
3340,05/15/25 02:45:00,28.320,,,,,
3341,05/15/25 03:00:00,28.320,,,,,
3342,05/15/25 03:15:00,28.320,,,,,
3343,05/15/25 03:30:00,28.320,,,,,
3344,05/15/25 03:45:00,28.320,,,,,
3345,05/15/25 04:00:00,28.320,,,,,
3346,05/15/25 04:15:00,28.320,,,,,
3347,05/15/25 04:30:00,28.320,,,,,
3348,05/15/25 04:45:00,28.320,,,,,
3349,05/15/25 05:00:00,28.320,,,,,
3350,05/15/25 05:15:00,28.320,,,,,
3351,05/15/25 05:30:00,28.320,,,,,
3352,05/15/25 05:45:00,28.171,,,,,
3353,05/15/25 06:00:00,28.122,,,,,
3354,05/15/25 06:15:00,28.147,,,,,
3355,05/15/25 06:30:00,28.221,,,,,
3356,05/15/25 06:45:00,28.270,,,,,
3357,05/15/25 07:00:00,28.270,,,,,
3358,05/15/25 07:15:00,28.295,,,,,
3359,05/15/25 07:30:00,28.295,,,,,
3360,05/15/25 07:45:00,28.295,,,,,
3361,05/15/25 08:00:00,28.320,,,,,
3362,05/15/25 08:15:00,28.320,,,,,
3363,05/15/25 08:30:00,28.345,,,,,
3364,05/15/25 08:45:00,28.320,,,,,
3365,05/15/25 09:00:00,28.320,,,,,
3366,05/15/25 09:15:00,28.270,,,,,
3367,05/15/25 09:30:00,28.270,,,,,
3368,05/15/25 09:45:00,28.270,,,,,
3369,05/15/25 10:00:00,28.270,,,,,
3370,05/15/25 10:15:00,28.270,,,,,
3371,05/15/25 10:30:00,28.270,,,,,
3372,05/15/25 10:45:00,28.295,,,,,
3373,05/15/25 11:00:00,28.320,,,,,
3374,05/15/25 11:15:00,28.345,,,,,
3375,05/15/25 11:30:00,28.345,,,,,
3376,05/15/25 11:45:00,28.369,,,,,
3377,05/15/25 12:00:00,28.345,,,,,
3378,05/15/25 12:15:00,28.369,,,,,
3379,05/15/25 12:30:00,28.394,,,,,
3380,05/15/25 12:45:00,28.369,,,,,
3381,05/15/25 13:00:00,28.394,,,,,
3382,05/15/25 13:15:00,28.394,,,,,
3383,05/15/25 13:30:00,28.394,,,,,
3384,05/15/25 13:45:00,28.394,,,,,
3385,05/15/25 14:00:00,28.369,,,,,
3386,05/15/25 14:15:00,28.369,,,,,
3387,05/15/25 14:30:00,28.369,,,,,
3388,05/15/25 14:45:00,28.369,,,,,
3389,05/15/25 15:00:00,28.369,,,,,
3390,05/15/25 15:15:00,28.369,,,,,
3391,05/15/25 15:30:00,28.369,,,,,
3392,05/15/25 15:45:00,28.345,,,,,
3393,05/15/25 16:00:00,28.345,,,,,
3394,05/15/25 16:15:00,28.320,,,,,
3395,05/15/25 16:30:00,28.320,,,,,
3396,05/15/25 16:45:00,28.320,,,,,
3397,05/15/25 17:00:00,28.320,,,,,
3398,05/15/25 17:15:00,28.320,,,,,
3399,05/15/25 17:30:00,28.320,,,,,
3400,05/15/25 17:45:00,28.320,,,,,
3401,05/15/25 18:00:00,28.320,,,,,
3402,05/15/25 18:15:00,28.320,,,,,
3403,05/15/25 18:30:00,28.320,,,,,
3404,05/15/25 18:45:00,28.320,,,,,
3405,05/15/25 19:00:00,28.320,,,,,
3406,05/15/25 19:15:00,28.320,,,,,
3407,05/15/25 19:30:00,28.295,,,,,
3408,05/15/25 19:45:00,28.295,,,,,
3409,05/15/25 20:00:00,28.295,,,,,
3410,05/15/25 20:15:00,28.295,,,,,
3411,05/15/25 20:30:00,28.320,,,,,
3412,05/15/25 20:45:00,28.320,,,,,
3413,05/15/25 21:00:00,28.320,,,,,
3414,05/15/25 21:15:00,28.320,,,,,
3415,05/15/25 21:30:00,28.320,,,,,
3416,05/15/25 21:45:00,28.320,,,,,
3417,05/15/25 22:00:00,28.320,,,,,
3418,05/15/25 22:15:00,28.295,,,,,
3419,05/15/25 22:30:00,28.295,,,,,
3420,05/15/25 22:45:00,28.295,,,,,
3421,05/15/25 23:00:00,28.295,,,,,
3422,05/15/25 23:15:00,28.295,,,,,
3423,05/15/25 23:30:00,28.295,,,,,
3424,05/15/25 23:45:00,28.295,,,,,
3425,05/16/25 00:00:00,28.295,,,,,
3426,05/16/25 00:15:00,28.295,,,,,
3427,05/16/25 00:30:00,28.295,,,,,
3428,05/16/25 00:45:00,28.295,,,,,
3429,05/16/25 01:00:00,28.270,,,,,
3430,05/16/25 01:15:00,28.270,,,,,
3431,05/16/25 01:30:00,28.270,,,,,
3432,05/16/25 01:45:00,28.270,,,,,
3433,05/16/25 02:00:00,28.270,,,,,
3434,05/16/25 02:15:00,28.270,,,,,
3435,05/16/25 02:30:00,28.270,,,,,
3436,05/16/25 02:45:00,28.270,,,,,
3437,05/16/25 03:00:00,28.245,,,,,
3438,05/16/25 03:15:00,28.245,,,,,
3439,05/16/25 03:30:00,28.221,,,,,
3440,05/16/25 03:45:00,28.221,,,,,
3441,05/16/25 04:00:00,28.221,,,,,
3442,05/16/25 04:15:00,28.221,,,,,
3443,05/16/25 04:30:00,28.221,,,,,
3444,05/16/25 04:45:00,28.221,,,,,
3445,05/16/25 05:00:00,28.196,,,,,
3446,05/16/25 05:15:00,28.171,,,,,
3447,05/16/25 05:30:00,28.147,,,,,
3448,05/16/25 05:45:00,28.072,,,,,
3449,05/16/25 06:00:00,28.048,,,,,
3450,05/16/25 06:15:00,28.023,,,,,
3451,05/16/25 06:30:00,28.122,,,,,
3452,05/16/25 06:45:00,28.122,,,,,
3453,05/16/25 07:00:00,28.171,,,,,
3454,05/16/25 07:15:00,28.221,,,,,
3455,05/16/25 07:30:00,28.221,,,,,
3456,05/16/25 07:45:00,28.245,,,,,
3457,05/16/25 08:00:00,28.245,,,,,
3458,05/16/25 08:15:00,28.270,,,,,
3459,05/16/25 08:30:00,28.270,,,,,
3460,05/16/25 08:45:00,28.270,,,,,
3461,05/16/25 09:00:00,28.270,,,,,
3462,05/16/25 09:15:00,28.270,,,,,
3463,05/16/25 09:30:00,28.270,,,,,
3464,05/16/25 09:45:00,28.270,,,,,
3465,05/16/25 10:00:00,28.270,,,,,
3466,05/16/25 10:15:00,28.295,,,,,
3467,05/16/25 10:30:00,28.295,,,,,
3468,05/16/25 10:45:00,28.295,,,,,
3469,05/16/25 11:00:00,28.295,,,,,
3470,05/16/25 11:15:00,28.295,,,,,
3471,05/16/25 11:30:00,28.320,,,,,
3472,05/16/25 11:45:00,28.320,,,,,
3473,05/16/25 12:00:00,28.295,,,,,
3474,05/16/25 12:15:00,28.320,,,,,
3475,05/16/25 12:30:00,28.320,,,,,
3476,05/16/25 12:45:00,28.320,,,,,
3477,05/16/25 13:00:00,28.320,,,,,
3478,05/16/25 13:15:00,28.320,,,,,
3479,05/16/25 13:30:00,28.320,,,,,
3480,05/16/25 13:45:00,28.320,,,,,
3481,05/16/25 14:00:00,28.345,,,,,
3482,05/16/25 14:15:00,28.345,,,,,
3483,05/16/25 14:30:00,28.345,,,,,
3484,05/16/25 14:45:00,28.345,,,,,
3485,05/16/25 15:00:00,28.345,,,,,
3486,05/16/25 15:15:00,28.369,,,,,
3487,05/16/25 15:30:00,28.345,,,,,
3488,05/16/25 15:45:00,28.345,,,,,
3489,05/16/25 16:00:00,28.320,,,,,
3490,05/16/25 16:15:00,28.320,,,,,
3491,05/16/25 16:30:00,28.345,,,,,
3492,05/16/25 16:45:00,28.345,,,,,
3493,05/16/25 17:00:00,28.345,,,,,
3494,05/16/25 17:15:00,28.320,,,,,
3495,05/16/25 17:30:00,28.320,,,,,
3496,05/16/25 17:45:00,28.320,,,,,
3497,05/16/25 18:00:00,28.320,,,,,
3498,05/16/25 18:15:00,28.320,,,,,
3499,05/16/25 18:30:00,28.295,,,,,
3500,05/16/25 18:45:00,28.295,,,,,
3501,05/16/25 19:00:00,28.295,,,,,
3502,05/16/25 19:15:00,28.295,,,,,
3503,05/16/25 19:30:00,28.295,,,,,
3504,05/16/25 19:45:00,28.270,,,,,
3505,05/16/25 20:00:00,28.270,,,,,
3506,05/16/25 20:15:00,28.270,,,,,
3507,05/16/25 20:30:00,28.270,,,,,
3508,05/16/25 20:45:00,28.270,,,,,
3509,05/16/25 21:00:00,28.295,,,,,
3510,05/16/25 21:15:00,28.295,,,,,
3511,05/16/25 21:30:00,28.295,,,,,
3512,05/16/25 21:45:00,28.270,,,,,
3513,05/16/25 22:00:00,28.295,,,,,
3514,05/16/25 22:15:00,28.270,,,,,
3515,05/16/25 22:30:00,28.295,,,,,
3516,05/16/25 22:45:00,28.295,,,,,
3517,05/16/25 23:00:00,28.270,,,,,
3518,05/16/25 23:15:00,28.270,,,,,
3519,05/16/25 23:30:00,28.270,,,,,
3520,05/16/25 23:45:00,28.245,,,,,
3521,05/17/25 00:00:00,28.245,,,,,
3522,05/17/25 00:15:00,28.245,,,,,
3523,05/17/25 00:30:00,28.245,,,,,
3524,05/17/25 00:45:00,28.245,,,,,
3525,05/17/25 01:00:00,28.245,,,,,
3526,05/17/25 01:15:00,28.245,,,,,
3527,05/17/25 01:30:00,28.245,,,,,
3528,05/17/25 01:45:00,28.245,,,,,
3529,05/17/25 02:00:00,28.245,,,,,
3530,05/17/25 02:15:00,28.245,,,,,
3531,05/17/25 02:30:00,28.245,,,,,
3532,05/17/25 02:45:00,28.245,,,,,
3533,05/17/25 03:00:00,28.221,,,,,
3534,05/17/25 03:15:00,28.221,,,,,
3535,05/17/25 03:30:00,28.221,,,,,
3536,05/17/25 03:45:00,28.221,,,,,
3537,05/17/25 04:00:00,28.221,,,,,
3538,05/17/25 04:15:00,28.221,,,,,
3539,05/17/25 04:30:00,28.196,,,,,
3540,05/17/25 04:45:00,28.171,,,,,
3541,05/17/25 05:00:00,28.171,,,,,
3542,05/17/25 05:15:00,28.171,,,,,
3543,05/17/25 05:30:00,28.147,,,,,
3544,05/17/25 05:45:00,28.171,,,,,
3545,05/17/25 06:00:00,28.171,,,,,
3546,05/17/25 06:15:00,28.171,,,,,
3547,05/17/25 06:30:00,28.171,,,,,
3548,05/17/25 06:45:00,28.171,,,,,
3549,05/17/25 07:00:00,28.171,,,,,
3550,05/17/25 07:15:00,28.171,,,,,
3551,05/17/25 07:30:00,28.171,,,,,
3552,05/17/25 07:45:00,28.196,,,,,
3553,05/17/25 08:00:00,28.171,,,,,
3554,05/17/25 08:15:00,28.171,,,,,
3555,05/17/25 08:30:00,28.171,,,,,
3556,05/17/25 08:45:00,28.171,,,,,
3557,05/17/25 09:00:00,28.171,,,,,
3558,05/17/25 09:15:00,28.196,,,,,
3559,05/17/25 09:30:00,28.196,,,,,
3560,05/17/25 09:45:00,28.196,,,,,
3561,05/17/25 10:00:00,28.196,,,,,
3562,05/17/25 10:15:00,28.196,,,,,
3563,05/17/25 10:30:00,28.196,,,,,
3564,05/17/25 10:45:00,28.196,,,,,
3565,05/17/25 11:00:00,28.196,,,,,
3566,05/17/25 11:15:00,28.171,,,,,
3567,05/17/25 11:30:00,28.171,,,,,
3568,05/17/25 11:45:00,28.171,,,,,
3569,05/17/25 12:00:00,28.196,,,,,
3570,05/17/25 12:15:00,28.171,,,,,
3571,05/17/25 12:30:00,28.171,,,,,
3572,05/17/25 12:45:00,28.171,,,,,
3573,05/17/25 13:00:00,28.171,,,,,
3574,05/17/25 13:15:00,28.171,,,,,
3575,05/17/25 13:30:00,28.171,,,,,
3576,05/17/25 13:45:00,28.171,,,,,
3577,05/17/25 14:00:00,28.171,,,,,
3578,05/17/25 14:15:00,28.171,,,,,
3579,05/17/25 14:30:00,28.171,,,,,
3580,05/17/25 14:45:00,28.171,,,,,
3581,05/17/25 15:00:00,28.171,,,,,
3582,05/17/25 15:15:00,28.171,,,,,
3583,05/17/25 15:30:00,28.171,,,,,
3584,05/17/25 15:45:00,28.196,,,,,
3585,05/17/25 16:00:00,28.171,,,,,
3586,05/17/25 16:15:00,28.171,,,,,
3587,05/17/25 16:30:00,28.171,,,,,
3588,05/17/25 16:45:00,28.171,,,,,
3589,05/17/25 17:00:00,28.171,,,,,
3590,05/17/25 17:15:00,28.171,,,,,
3591,05/17/25 17:30:00,28.171,,,,,
3592,05/17/25 17:45:00,28.171,,,,,
3593,05/17/25 18:00:00,28.171,,,,,
3594,05/17/25 18:15:00,28.171,,,,,
3595,05/17/25 18:30:00,28.171,,,,,
3596,05/17/25 18:45:00,28.171,,,,,
3597,05/17/25 19:00:00,28.171,,,,,
3598,05/17/25 19:15:00,28.171,,,,,
3599,05/17/25 19:30:00,28.171,,,,,
3600,05/17/25 19:45:00,28.171,,,,,
3601,05/17/25 20:00:00,28.171,,,,,
3602,05/17/25 20:15:00,28.147,,,,,
3603,05/17/25 20:30:00,28.147,,,,,
3604,05/17/25 20:45:00,28.171,,,,,
3605,05/17/25 21:00:00,28.196,,,,,
3606,05/17/25 21:15:00,28.196,,,,,
3607,05/17/25 21:30:00,28.196,,,,,
3608,05/17/25 21:45:00,28.196,,,,,
3609,05/17/25 22:00:00,28.221,,,,,
3610,05/17/25 22:15:00,28.221,,,,,
3611,05/17/25 22:30:00,28.221,,,,,
3612,05/17/25 22:45:00,28.221,,,,,
3613,05/17/25 23:00:00,28.221,,,,,
3614,05/17/25 23:15:00,28.221,,,,,
3615,05/17/25 23:30:00,28.221,,,,,
3616,05/17/25 23:45:00,28.221,,,,,
3617,05/18/25 00:00:00,28.221,,,,,
3618,05/18/25 00:15:00,28.221,,,,,
3619,05/18/25 00:30:00,28.221,,,,,
3620,05/18/25 00:45:00,28.221,,,,,
3621,05/18/25 01:00:00,28.221,,,,,
3622,05/18/25 01:15:00,28.221,,,,,
3623,05/18/25 01:30:00,28.221,,,,,
3624,05/18/25 01:45:00,28.196,,,,,
3625,05/18/25 02:00:00,28.196,,,,,
3626,05/18/25 02:15:00,28.196,,,,,
3627,05/18/25 02:30:00,28.196,,,,,
3628,05/18/25 02:45:00,28.196,,,,,
3629,05/18/25 03:00:00,28.196,,,,,
3630,05/18/25 03:15:00,28.171,,,,,
3631,05/18/25 03:30:00,28.171,,,,,
3632,05/18/25 03:45:00,28.171,,,,,
3633,05/18/25 04:00:00,28.171,,,,,
3634,05/18/25 04:15:00,28.171,,,,,
3635,05/18/25 04:30:00,28.171,,,,,
3636,05/18/25 04:45:00,28.171,,,,,
3637,05/18/25 05:00:00,28.171,,,,,
3638,05/18/25 05:15:00,28.171,,,,,
3639,05/18/25 05:30:00,28.171,,,,,
3640,05/18/25 05:45:00,28.171,,,,,
3641,05/18/25 06:00:00,28.171,,,,,
3642,05/18/25 06:15:00,28.171,,,,,
3643,05/18/25 06:30:00,28.147,,,,,
3644,05/18/25 06:45:00,28.122,,,,,
3645,05/18/25 07:00:00,28.122,,,,,
3646,05/18/25 07:15:00,28.122,,,,,
3647,05/18/25 07:30:00,28.122,,,,,
3648,05/18/25 07:45:00,28.097,,,,,
3649,05/18/25 08:00:00,28.097,,,,,
3650,05/18/25 08:15:00,28.122,,,,,
3651,05/18/25 08:30:00,28.122,,,,,
3652,05/18/25 08:45:00,28.122,,,,,
3653,05/18/25 09:00:00,28.122,,,,,
3654,05/18/25 09:15:00,28.122,,,,,
3655,05/18/25 09:30:00,28.147,,,,,
3656,05/18/25 09:45:00,28.147,,,,,
3657,05/18/25 10:00:00,28.171,,,,,
3658,05/18/25 10:15:00,28.171,,,,,
3659,05/18/25 10:30:00,28.196,,,,,
3660,05/18/25 10:45:00,28.221,,,,,
3661,05/18/25 11:00:00,28.221,,,,,
3662,05/18/25 11:15:00,28.221,,,,,
3663,05/18/25 11:30:00,28.245,,,,,
3664,05/18/25 11:45:00,28.245,,,,,
3665,05/18/25 12:00:00,28.245,,,,,
3666,05/18/25 12:15:00,28.270,,,,,
3667,05/18/25 12:30:00,28.295,,,,,
3668,05/18/25 12:45:00,28.320,,,,,
3669,05/18/25 13:00:00,28.320,,,,,
3670,05/18/25 13:15:00,28.320,,,,,
3671,05/18/25 13:30:00,28.295,,,,,
3672,05/18/25 13:45:00,28.295,,,,,
3673,05/18/25 14:00:00,28.320,,,,,
3674,05/18/25 14:15:00,28.320,,,,,
3675,05/18/25 14:30:00,28.320,,,,,
3676,05/18/25 14:45:00,28.320,,,,,
3677,05/18/25 15:00:00,28.320,,,,,
3678,05/18/25 15:15:00,28.320,,,,,
3679,05/18/25 15:30:00,28.345,,,,,
3680,05/18/25 15:45:00,28.345,,,,,
3681,05/18/25 16:00:00,28.320,,,,,
3682,05/18/25 16:15:00,28.320,,,,,
3683,05/18/25 16:30:00,28.320,,,,,
3684,05/18/25 16:45:00,28.320,,,,,
3685,05/18/25 17:00:00,28.295,,,,,
3686,05/18/25 17:15:00,28.295,,,,,
3687,05/18/25 17:30:00,28.295,,,,,
3688,05/18/25 17:45:00,28.295,,,,,
3689,05/18/25 18:00:00,28.295,,,,,
3690,05/18/25 18:15:00,28.295,,,,,
3691,05/18/25 18:30:00,28.295,,,,,
3692,05/18/25 18:45:00,28.295,,,,,
3693,05/18/25 19:00:00,28.295,,,,,
3694,05/18/25 19:15:00,28.295,,,,,
3695,05/18/25 19:30:00,28.295,,,,,
3696,05/18/25 19:45:00,28.295,,,,,
3697,05/18/25 20:00:00,28.295,,,,,
3698,05/18/25 20:15:00,28.295,,,,,
3699,05/18/25 20:30:00,28.270,,,,,
3700,05/18/25 20:45:00,28.270,,,,,
3701,05/18/25 21:00:00,28.270,,,,,
3702,05/18/25 21:15:00,28.270,,,,,
3703,05/18/25 21:30:00,28.270,,,,,
3704,05/18/25 21:45:00,28.270,,,,,
3705,05/18/25 22:00:00,28.270,,,,,
3706,05/18/25 22:15:00,28.270,,,,,
3707,05/18/25 22:30:00,28.270,,,,,
3708,05/18/25 22:45:00,28.270,,,,,
3709,05/18/25 23:00:00,28.270,,,,,
3710,05/18/25 23:15:00,28.270,,,,,
3711,05/18/25 23:30:00,28.245,,,,,
3712,05/18/25 23:45:00,28.245,,,,,
3713,05/19/25 00:00:00,28.245,,,,,
3714,05/19/25 00:15:00,28.245,,,,,
3715,05/19/25 00:30:00,28.245,,,,,
3716,05/19/25 00:45:00,28.221,,,,,
3717,05/19/25 01:00:00,28.221,,,,,
3718,05/19/25 01:15:00,28.245,,,,,
3719,05/19/25 01:30:00,28.221,,,,,
3720,05/19/25 01:45:00,28.221,,,,,
3721,05/19/25 02:00:00,28.221,,,,,
3722,05/19/25 02:15:00,28.221,,,,,
3723,05/19/25 02:30:00,28.221,,,,,
3724,05/19/25 02:45:00,28.245,,,,,
3725,05/19/25 03:00:00,28.245,,,,,
3726,05/19/25 03:15:00,28.245,,,,,
3727,05/19/25 03:30:00,28.245,,,,,
3728,05/19/25 03:45:00,28.245,,,,,
3729,05/19/25 04:00:00,28.245,,,,,
3730,05/19/25 04:15:00,28.245,,,,,
3731,05/19/25 04:30:00,28.245,,,,,
3732,05/19/25 04:45:00,28.245,,,,,
3733,05/19/25 05:00:00,28.270,,,,,
3734,05/19/25 05:15:00,28.270,,,,,
3735,05/19/25 05:30:00,28.270,,,,,
3736,05/19/25 05:45:00,28.270,,,,,
3737,05/19/25 06:00:00,28.270,,,,,
3738,05/19/25 06:15:00,28.270,,,,,
3739,05/19/25 06:30:00,28.270,,,,,
3740,05/19/25 06:45:00,28.270,,,,,
3741,05/19/25 07:00:00,28.245,,,,,
3742,05/19/25 07:15:00,28.245,,,,,
3743,05/19/25 07:30:00,28.245,,,,,
3744,05/19/25 07:45:00,28.221,,,,,
3745,05/19/25 08:00:00,28.221,,,,,
3746,05/19/25 08:15:00,28.221,,,,,
3747,05/19/25 08:30:00,28.221,,,,,
3748,05/19/25 08:45:00,28.245,,,,,
3749,05/19/25 09:00:00,28.270,,,,,
3750,05/19/25 09:15:00,28.270,,,,,
3751,05/19/25 09:30:00,28.295,,,,,
3752,05/19/25 09:45:00,28.320,,,,,
3753,05/19/25 10:00:00,28.345,,,,,
3754,05/19/25 10:15:00,28.394,,,,,
3755,05/19/25 10:30:00,28.419,,,,,
3756,05/19/25 10:45:00,28.444,,,,,
3757,05/19/25 11:00:00,28.444,,,,,
3758,05/19/25 11:15:00,28.444,,,,,
3759,05/19/25 11:30:00,28.444,,,,,
3760,05/19/25 11:45:00,28.468,,,,,
3761,05/19/25 12:00:00,28.468,,,,,
3762,05/19/25 12:15:00,28.468,,,,,
3763,05/19/25 12:30:00,28.493,,,,,
3764,05/19/25 12:45:00,28.468,,,,,
3765,05/19/25 13:00:00,28.468,,,,,
3766,05/19/25 13:15:00,28.468,,,,,
3767,05/19/25 13:30:00,28.468,,,,,
3768,05/19/25 13:45:00,28.468,,,,,
3769,05/19/25 14:00:00,28.468,,,,,
3770,05/19/25 14:15:00,28.444,,,,,
3771,05/19/25 14:30:00,28.444,,,,,
3772,05/19/25 14:45:00,28.468,,,,,
3773,05/19/25 15:00:00,28.444,,,,,
3774,05/19/25 15:15:00,28.444,,,,,
3775,05/19/25 15:30:00,28.444,,,,,
3776,05/19/25 15:45:00,28.444,,,,,
3777,05/19/25 16:00:00,28.468,,,,,
3778,05/19/25 16:15:00,28.468,,,,,
3779,05/19/25 16:30:00,28.468,,,,,
3780,05/19/25 16:45:00,28.493,,,,,
3781,05/19/25 17:00:00,28.518,,,,,
3782,05/19/25 17:15:00,28.518,,,,,
3783,05/19/25 17:30:00,28.543,,,,,
3784,05/19/25 17:45:00,28.568,,,,,
3785,05/19/25 18:00:00,28.593,,,,,
3786,05/19/25 18:15:00,28.593,,,,,
3787,05/19/25 18:30:00,28.593,,,,,
3788,05/19/25 18:45:00,28.593,,,,,
3789,05/19/25 19:00:00,28.568,,,,,
3790,05/19/25 19:15:00,28.568,,,,,
3791,05/19/25 19:30:00,28.568,,,,,
3792,05/19/25 19:45:00,28.593,,,,,
3793,05/19/25 20:00:00,28.568,,,,,
3794,05/19/25 20:15:00,28.593,,,,,
3795,05/19/25 20:30:00,28.617,,,,,
3796,05/19/25 20:45:00,28.617,,,,,
3797,05/19/25 21:00:00,28.617,,,,,
3798,05/19/25 21:15:00,28.617,,,,,
3799,05/19/25 21:30:00,28.617,,,,,
3800,05/19/25 21:45:00,28.617,,,,,
3801,05/19/25 22:00:00,28.593,,,,,
3802,05/19/25 22:15:00,28.593,,,,,
3803,05/19/25 22:30:00,28.593,,,,,
3804,05/19/25 22:45:00,28.593,,,,,
3805,05/19/25 23:00:00,28.568,,,,,
3806,05/19/25 23:15:00,28.568,,,,,
3807,05/19/25 23:30:00,28.593,,,,,
3808,05/19/25 23:45:00,28.593,,,,,
3809,05/20/25 00:00:00,28.593,,,,,
3810,05/20/25 00:15:00,28.568,,,,,
3811,05/20/25 00:30:00,28.568,,,,,
3812,05/20/25 00:45:00,28.568,,,,,
3813,05/20/25 01:00:00,28.568,,,,,
3814,05/20/25 01:15:00,28.543,,,,,
3815,05/20/25 01:30:00,28.543,,,,,
3816,05/20/25 01:45:00,28.543,,,,,
3817,05/20/25 02:00:00,28.543,,,,,
3818,05/20/25 02:15:00,28.543,,,,,
3819,05/20/25 02:30:00,28.518,,,,,
3820,05/20/25 02:45:00,28.518,,,,,
3821,05/20/25 03:00:00,28.518,,,,,
3822,05/20/25 03:15:00,28.518,,,,,
3823,05/20/25 03:30:00,28.518,,,,,
3824,05/20/25 03:45:00,28.518,,,,,
3825,05/20/25 04:00:00,28.518,,,,,
3826,05/20/25 04:15:00,28.493,,,,,
3827,05/20/25 04:30:00,28.493,,,,,
3828,05/20/25 04:45:00,28.493,,,,,
3829,05/20/25 05:00:00,28.493,,,,,
3830,05/20/25 05:15:00,28.493,,,,,
3831,05/20/25 05:30:00,28.493,,,,,
3832,05/20/25 05:45:00,28.468,,,,,
3833,05/20/25 06:00:00,28.493,,,,,
3834,05/20/25 06:15:00,28.468,,,,,
3835,05/20/25 06:30:00,28.468,,,,,
3836,05/20/25 06:45:00,28.468,,,,,
3837,05/20/25 07:00:00,28.468,,,,,
3838,05/20/25 07:15:00,28.468,,,,,
3839,05/20/25 07:30:00,28.468,,,,,
3840,05/20/25 07:45:00,28.468,,,,,
3841,05/20/25 08:00:00,28.468,,,,,
3842,05/20/25 08:15:00,28.468,,,,,
3843,05/20/25 08:30:00,28.493,,,,,
3844,05/20/25 08:45:00,28.493,,,,,
3845,05/20/25 09:00:00,28.468,,,,,
3846,05/20/25 09:15:00,28.493,,,,,
3847,05/20/25 09:30:00,28.518,,,,,
3848,05/20/25 09:45:00,28.518,,,,,
3849,05/20/25 10:00:00,28.518,,,,,
3850,05/20/25 10:15:00,28.518,,,,,
3851,05/20/25 10:30:00,28.518,,,,,
3852,05/20/25 10:45:00,28.518,,,,,
3853,05/20/25 11:00:00,28.518,,,,,
3854,05/20/25 11:15:00,28.493,,,,,
3855,05/20/25 11:30:00,28.543,,,,,
3856,05/20/25 11:45:00,28.543,,,,,
3857,05/20/25 12:00:00,28.568,,,,,
3858,05/20/25 12:15:00,28.543,,,,,
3859,05/20/25 12:30:00,28.568,,,,,
3860,05/20/25 12:45:00,28.568,,,,,
3861,05/20/25 13:00:00,28.593,,,,,
3862,05/20/25 13:15:00,28.593,,,,,
3863,05/20/25 13:30:00,28.593,,,,,
3864,05/20/25 13:45:00,28.593,,,,,
3865,05/20/25 14:00:00,28.617,,,,,
3866,05/20/25 14:15:00,28.617,,,,,
3867,05/20/25 14:30:00,28.617,,,,,
3868,05/20/25 14:45:00,28.642,,,,,
3869,05/20/25 15:00:00,28.642,,,,,
3870,05/20/25 15:15:00,28.667,,,,,
3871,05/20/25 15:30:00,28.667,,,,,
3872,05/20/25 15:45:00,28.667,,,,,
3873,05/20/25 16:00:00,28.667,,,,,
3874,05/20/25 16:15:00,28.667,,,,,
3875,05/20/25 16:30:00,28.617,,,,,
3876,05/20/25 16:45:00,28.617,,,,,
3877,05/20/25 17:00:00,28.617,,,,,
3878,05/20/25 17:15:00,28.593,,,,,
3879,05/20/25 17:30:00,28.593,,,,,
3880,05/20/25 17:45:00,28.568,,,,,
3881,05/20/25 18:00:00,28.568,,,,,
3882,05/20/25 18:15:00,28.568,,,,,
3883,05/20/25 18:30:00,28.568,,,,,
3884,05/20/25 18:45:00,28.568,,,,,
3885,05/20/25 19:00:00,28.568,,,,,
3886,05/20/25 19:15:00,28.568,,,,,
3887,05/20/25 19:30:00,28.568,,,,,
3888,05/20/25 19:45:00,28.568,,,,,
3889,05/20/25 20:00:00,28.568,,,,,
3890,05/20/25 20:15:00,28.568,,,,,
3891,05/20/25 20:30:00,28.593,,,,,
3892,05/20/25 20:45:00,28.593,,,,,
3893,05/20/25 21:00:00,28.593,,,,,
3894,05/20/25 21:15:00,28.593,,,,,
3895,05/20/25 21:30:00,28.593,,,,,
3896,05/20/25 21:45:00,28.593,,,,,
3897,05/20/25 22:00:00,28.568,,,,,
3898,05/20/25 22:15:00,28.568,,,,,
3899,05/20/25 22:30:00,28.593,,,,,
3900,05/20/25 22:45:00,28.568,,,,,
3901,05/20/25 23:00:00,28.568,,,,,
3902,05/20/25 23:15:00,28.568,,,,,
3903,05/20/25 23:30:00,28.568,,,,,
3904,05/20/25 23:45:00,28.568,,,,,
3905,05/21/25 00:00:00,28.543,,,,,
3906,05/21/25 00:15:00,28.543,,,,,
3907,05/21/25 00:30:00,28.543,,,,,
3908,05/21/25 00:45:00,28.543,,,,,
3909,05/21/25 01:00:00,28.543,,,,,
3910,05/21/25 01:15:00,28.543,,,,,
3911,05/21/25 01:30:00,28.543,,,,,
3912,05/21/25 01:45:00,28.543,,,,,
3913,05/21/25 02:00:00,28.543,,,,,
3914,05/21/25 02:15:00,28.543,,,,,
3915,05/21/25 02:30:00,28.543,,,,,
3916,05/21/25 02:45:00,28.543,,,,,
3917,05/21/25 03:00:00,28.543,,,,,
3918,05/21/25 03:15:00,28.543,,,,,
3919,05/21/25 03:30:00,28.543,,,,,
3920,05/21/25 03:45:00,28.543,,,,,
3921,05/21/25 04:00:00,28.543,,,,,
3922,05/21/25 04:15:00,28.543,,,,,
3923,05/21/25 04:30:00,28.543,,,,,
3924,05/21/25 04:45:00,28.543,,,,,
3925,05/21/25 05:00:00,28.543,,,,,
3926,05/21/25 05:15:00,28.518,,,,,
3927,05/21/25 05:30:00,28.518,,,,,
3928,05/21/25 05:45:00,28.518,,,,,
3929,05/21/25 06:00:00,28.518,,,,,
3930,05/21/25 06:15:00,28.518,,,,,
3931,05/21/25 06:30:00,28.518,,,,,
3932,05/21/25 06:45:00,28.518,,,,,
3933,05/21/25 07:00:00,28.493,,,,,
3934,05/21/25 07:15:00,28.493,,,,,
3935,05/21/25 07:30:00,28.468,,,,,
3936,05/21/25 07:45:00,28.468,,,,,
3937,05/21/25 08:00:00,28.444,,,,,
3938,05/21/25 08:15:00,28.444,,,,,
3939,05/21/25 08:30:00,28.419,,,,,
3940,05/21/25 08:45:00,28.444,,,,,
3941,05/21/25 09:00:00,28.468,,,,,
3942,05/21/25 09:15:00,28.468,,,,,
3943,05/21/25 09:30:00,28.518,,,,,
3944,05/21/25 09:45:00,28.518,,,,,
3945,05/21/25 10:00:00,28.543,,,,,
3946,05/21/25 10:15:00,28.568,,,,,
3947,05/21/25 10:30:00,28.593,,,,,
3948,05/21/25 10:45:00,28.617,,,,,
3949,05/21/25 11:00:00,28.642,,,,,
3950,05/21/25 11:15:00,28.642,,,,,
3951,05/21/25 11:30:00,28.642,,,,,
3952,05/21/25 11:45:00,28.667,,,,,
3953,05/21/25 12:00:00,28.667,,,,,
3954,05/21/25 12:15:00,28.667,,,,,
3955,05/21/25 12:30:00,28.717,,,,,
3956,05/21/25 12:45:00,28.717,,,,,
3957,05/21/25 13:00:00,28.717,,,,,
3958,05/21/25 13:15:00,28.717,,,,,
3959,05/21/25 13:30:00,28.717,,,,,
3960,05/21/25 13:45:00,28.692,,,,,
3961,05/21/25 14:00:00,28.717,,,,,
3962,05/21/25 14:15:00,28.667,,,,,
3963,05/21/25 14:30:00,28.667,,,,,
3964,05/21/25 14:45:00,28.692,,,,,
3965,05/21/25 15:00:00,28.692,,,,,
3966,05/21/25 15:15:00,28.667,,,,,
3967,05/21/25 15:30:00,28.667,,,,,
3968,05/21/25 15:45:00,28.692,,,,,
3969,05/21/25 16:00:00,28.667,,,,,
3970,05/21/25 16:15:00,28.642,,,,,
3971,05/21/25 16:30:00,28.642,,,,,
3972,05/21/25 16:45:00,28.617,,,,,
3973,05/21/25 17:00:00,28.617,,,,,
3974,05/21/25 17:15:00,28.617,,,,,
3975,05/21/25 17:30:00,28.617,,,,,
3976,05/21/25 17:45:00,28.617,,,,,
3977,05/21/25 18:00:00,28.617,,,,,
3978,05/21/25 18:15:00,28.617,,,,,
3979,05/21/25 18:30:00,28.642,,,,,
3980,05/21/25 18:45:00,28.642,,,,,
3981,05/21/25 19:00:00,28.642,,,,,
3982,05/21/25 19:15:00,28.642,,,,,
3983,05/21/25 19:30:00,28.568,,,,,
3984,05/21/25 19:45:00,28.617,,,,,
3985,05/21/25 20:00:00,28.642,,,,,
3986,05/21/25 20:15:00,28.667,,,,,
3987,05/21/25 20:30:00,28.667,,,,,
3988,05/21/25 20:45:00,28.667,,,,,
3989,05/21/25 21:00:00,28.642,,,,,
3990,05/21/25 21:15:00,28.642,,,,,
3991,05/21/25 21:30:00,28.642,,,,,
3992,05/21/25 21:45:00,28.642,,,,,
3993,05/21/25 22:00:00,28.642,,,,,
3994,05/21/25 22:15:00,28.642,,,,,
3995,05/21/25 22:30:00,28.642,,,,,
3996,05/21/25 22:45:00,28.642,,,,,
3997,05/21/25 23:00:00,28.617,,,,,
3998,05/21/25 23:15:00,28.543,,,,,
3999,05/21/25 23:30:00,28.568,,,,,
4000,05/21/25 23:45:00,28.568,,,,,
4001,05/22/25 00:00:00,28.568,,,,,
4002,05/22/25 00:15:00,28.568,,,,,
4003,05/22/25 00:30:00,28.568,,,,,
4004,05/22/25 00:45:00,28.568,,,,,
4005,05/22/25 01:00:00,28.593,,,,,
4006,05/22/25 01:15:00,28.593,,,,,
4007,05/22/25 01:30:00,28.593,,,,,
4008,05/22/25 01:45:00,28.593,,,,,
4009,05/22/25 02:00:00,28.593,,,,,
4010,05/22/25 02:15:00,28.568,,,,,
4011,05/22/25 02:30:00,28.593,,,,,
4012,05/22/25 02:45:00,28.593,,,,,
4013,05/22/25 03:00:00,28.593,,,,,
4014,05/22/25 03:15:00,28.568,,,,,
4015,05/22/25 03:30:00,28.568,,,,,
4016,05/22/25 03:45:00,28.568,,,,,
4017,05/22/25 04:00:00,28.568,,,,,
4018,05/22/25 04:15:00,28.568,,,,,
4019,05/22/25 04:30:00,28.568,,,,,
4020,05/22/25 04:45:00,28.568,,,,,
4021,05/22/25 05:00:00,28.543,,,,,
4022,05/22/25 05:15:00,28.543,,,,,
4023,05/22/25 05:30:00,28.543,,,,,
4024,05/22/25 05:45:00,28.543,,,,,
4025,05/22/25 06:00:00,28.518,,,,,
4026,05/22/25 06:15:00,28.518,,,,,
4027,05/22/25 06:30:00,28.518,,,,,
4028,05/22/25 06:45:00,28.518,,,,,
4029,05/22/25 07:00:00,28.518,,,,,
4030,05/22/25 07:15:00,28.518,,,,,
4031,05/22/25 07:30:00,28.518,,,,,
4032,05/22/25 07:45:00,28.518,,,,,
4033,05/22/25 08:00:00,28.518,,,,,
4034,05/22/25 08:15:00,28.543,,,,,
4035,05/22/25 08:30:00,28.543,,,,,
4036,05/22/25 08:45:00,28.543,,,,,
4037,05/22/25 09:00:00,28.568,,,,,
4038,05/22/25 09:15:00,28.568,,,,,
4039,05/22/25 09:30:00,28.568,,,,,
4040,05/22/25 09:45:00,28.568,,,,,
4041,05/22/25 10:00:00,28.568,,,,,
4042,05/22/25 10:15:00,28.593,,,,,
4043,05/22/25 10:30:00,28.617,,,,,
4044,05/22/25 10:45:00,28.617,,,,,
4045,05/22/25 11:00:00,28.617,,,,,
4046,05/22/25 11:15:00,28.642,,,,,
4047,05/22/25 11:30:00,28.617,,,,,
4048,05/22/25 11:45:00,28.617,,,,,
4049,05/22/25 12:00:00,28.617,,,,,
4050,05/22/25 12:15:00,28.617,,,,,
4051,05/22/25 12:30:00,28.642,,,,,
4052,05/22/25 12:45:00,28.617,,,,,
4053,05/22/25 13:00:00,28.617,,,,,
4054,05/22/25 13:15:00,28.617,,,,,
4055,05/22/25 13:30:00,28.642,,,,,
4056,05/22/25 13:45:00,28.617,,,,,
4057,05/22/25 14:00:00,28.617,,,,,
4058,05/22/25 14:15:00,28.642,,,,,
4059,05/22/25 14:30:00,28.617,,,,,
4060,05/22/25 14:45:00,28.642,,,,,
4061,05/22/25 15:00:00,28.642,,,,,
4062,05/22/25 15:15:00,28.667,,,,,
4063,05/22/25 15:30:00,28.667,,,,,
4064,05/22/25 15:45:00,28.667,,,,,
4065,05/22/25 16:00:00,28.642,,,,,
4066,05/22/25 16:15:00,28.642,,,,,
4067,05/22/25 16:30:00,28.642,,,,,
4068,05/22/25 16:45:00,28.642,,,,,
4069,05/22/25 17:00:00,28.617,,,,,
4070,05/22/25 17:15:00,28.617,,,,,
4071,05/22/25 17:30:00,28.617,,,,,
4072,05/22/25 17:45:00,28.617,,,,,
4073,05/22/25 18:00:00,28.617,,,,,
4074,05/22/25 18:15:00,28.617,,,,,
4075,05/22/25 18:30:00,28.617,,,,,
4076,05/22/25 18:45:00,28.617,,,,,
4077,05/22/25 19:00:00,28.617,,,,,
4078,05/22/25 19:15:00,28.617,,,,,
4079,05/22/25 19:30:00,28.617,,,,,
4080,05/22/25 19:45:00,28.617,,,,,
4081,05/22/25 20:00:00,28.617,,,,,
4082,05/22/25 20:15:00,28.617,,,,,
4083,05/22/25 20:30:00,28.617,,,,,
4084,05/22/25 20:45:00,28.617,,,,,
4085,05/22/25 21:00:00,28.617,,,,,
4086,05/22/25 21:15:00,28.617,,,,,
4087,05/22/25 21:30:00,28.617,,,,,
4088,05/22/25 21:45:00,28.617,,,,,
4089,05/22/25 22:00:00,28.617,,,,,
4090,05/22/25 22:15:00,28.617,,,,,
4091,05/22/25 22:30:00,28.617,,,,,
4092,05/22/25 22:45:00,28.593,,,,,
4093,05/22/25 23:00:00,28.593,,,,,
4094,05/22/25 23:15:00,28.593,,,,,
4095,05/22/25 23:30:00,28.593,,,,,
4096,05/22/25 23:45:00,28.593,,,,,
4097,05/23/25 00:00:00,28.593,,,,,
4098,05/23/25 00:15:00,28.593,,,,,
4099,05/23/25 00:30:00,28.568,,,,,
4100,05/23/25 00:45:00,28.568,,,,,
4101,05/23/25 01:00:00,28.568,,,,,
4102,05/23/25 01:15:00,28.568,,,,,
4103,05/23/25 01:30:00,28.568,,,,,
4104,05/23/25 01:45:00,28.568,,,,,
4105,05/23/25 02:00:00,28.568,,,,,
4106,05/23/25 02:15:00,28.568,,,,,
4107,05/23/25 02:30:00,28.543,,,,,
4108,05/23/25 02:45:00,28.543,,,,,
4109,05/23/25 03:00:00,28.543,,,,,
4110,05/23/25 03:15:00,28.543,,,,,
4111,05/23/25 03:30:00,28.543,,,,,
4112,05/23/25 03:45:00,28.543,,,,,
4113,05/23/25 04:00:00,28.543,,,,,
4114,05/23/25 04:15:00,28.543,,,,,
4115,05/23/25 04:30:00,28.543,,,,,
4116,05/23/25 04:45:00,28.543,,,,,
4117,05/23/25 05:00:00,28.543,,,,,
4118,05/23/25 05:15:00,28.543,,,,,
4119,05/23/25 05:30:00,28.543,,,,,
4120,05/23/25 05:45:00,28.543,,,,,
4121,05/23/25 06:00:00,28.543,,,,,
4122,05/23/25 06:15:00,28.543,,,,,
4123,05/23/25 06:30:00,28.518,,,,,
4124,05/23/25 06:45:00,28.543,,,,,
4125,05/23/25 07:00:00,28.518,,,,,
4126,05/23/25 07:15:00,28.543,,,,,
4127,05/23/25 07:30:00,28.518,,,,,
4128,05/23/25 07:45:00,28.543,,,,,
4129,05/23/25 08:00:00,28.543,,,,,
4130,05/23/25 08:15:00,28.543,,,,,
4131,05/23/25 08:30:00,28.543,,,,,
4132,05/23/25 08:45:00,28.543,,,,,
4133,05/23/25 09:00:00,28.543,,,,,
4134,05/23/25 09:15:00,28.543,,,,,
4135,05/23/25 09:30:00,28.568,,,,,
4136,05/23/25 09:45:00,28.543,,,,,
4137,05/23/25 10:00:00,28.518,,,,,
4138,05/23/25 10:15:00,28.518,,,,,
4139,05/23/25 10:30:00,28.543,,,,,
4140,05/23/25 10:45:00,28.543,,,,,
4141,05/23/25 11:00:00,28.568,,,,,
4142,05/23/25 11:15:00,28.593,,,,,
4143,05/23/25 11:30:00,28.617,,,,,
4144,05/23/25 11:45:00,28.593,,,,,
4145,05/23/25 12:00:00,28.617,,,,,
4146,05/23/25 12:15:00,28.593,,,,,
4147,05/23/25 12:30:00,28.568,,,,,
4148,05/23/25 12:45:00,28.568,,,,,
4149,05/23/25 13:00:00,28.568,,,,,
4150,05/23/25 13:15:00,28.593,,,,,
4151,05/23/25 13:30:00,28.593,,,,,
4152,05/23/25 13:45:00,28.617,,,,,
4153,05/23/25 14:00:00,28.617,,,,,
4154,05/23/25 14:15:00,28.617,,,,,
4155,05/23/25 14:30:00,28.617,,,,,
4156,05/23/25 14:45:00,28.642,,,,,
4157,05/23/25 15:00:00,28.642,,,,,
4158,05/23/25 15:15:00,28.642,,,,,
4159,05/23/25 15:30:00,28.642,,,,,
4160,05/23/25 15:45:00,28.642,,,,,
4161,05/23/25 16:00:00,28.642,,,,,
4162,05/23/25 16:15:00,28.667,,,,,
4163,05/23/25 16:30:00,28.667,,,,,
4164,05/23/25 16:45:00,28.667,,,,,
4165,05/23/25 17:00:00,28.692,,,,,
4166,05/23/25 17:15:00,28.692,,,,,
4167,05/23/25 17:30:00,28.642,,,,,
4168,05/23/25 17:45:00,28.667,,,,,
4169,05/23/25 18:00:00,28.667,,,,,
4170,05/23/25 18:15:00,28.642,,,,,
4171,05/23/25 18:30:00,28.667,,,,,
4172,05/23/25 18:45:00,28.667,,,,,
4173,05/23/25 19:00:00,28.667,,,,,
4174,05/23/25 19:15:00,28.692,,,,,
4175,05/23/25 19:30:00,28.667,,,,,
4176,05/23/25 19:45:00,28.667,,,,,
4177,05/23/25 20:00:00,28.667,,,,,
4178,05/23/25 20:15:00,28.692,,,,,
4179,05/23/25 20:30:00,28.692,,,,,
4180,05/23/25 20:45:00,28.692,,,,,
4181,05/23/25 21:00:00,28.692,,,,,
4182,05/23/25 21:15:00,28.692,,,,,
4183,05/23/25 21:30:00,28.692,,,,,
4184,05/23/25 21:45:00,28.642,,,,,
4185,05/23/25 22:00:00,28.642,,,,,
4186,05/23/25 22:15:00,28.642,,,,,
4187,05/23/25 22:30:00,28.642,,,,,
4188,05/23/25 22:45:00,28.617,,,,,
4189,05/23/25 23:00:00,28.617,,,,,
4190,05/23/25 23:15:00,28.642,,,,,
4191,05/23/25 23:30:00,28.642,,,,,
4192,05/23/25 23:45:00,28.642,,,,,
4193,05/24/25 00:00:00,28.642,,,,,
4194,05/24/25 00:15:00,28.617,,,,,
4195,05/24/25 00:30:00,28.642,,,,,
4196,05/24/25 00:45:00,28.642,,,,,
4197,05/24/25 01:00:00,28.642,,,,,
4198,05/24/25 01:15:00,28.642,,,,,
4199,05/24/25 01:30:00,28.642,,,,,
4200,05/24/25 01:45:00,28.642,,,,,
4201,05/24/25 02:00:00,28.642,,,,,
4202,05/24/25 02:15:00,28.617,,,,,
4203,05/24/25 02:30:00,28.617,,,,,
4204,05/24/25 02:45:00,28.617,,,,,
4205,05/24/25 03:00:00,28.617,,,,,
4206,05/24/25 03:15:00,28.617,,,,,
4207,05/24/25 03:30:00,28.617,,,,,
4208,05/24/25 03:45:00,28.593,,,,,
4209,05/24/25 04:00:00,28.568,,,,,
4210,05/24/25 04:15:00,28.568,,,,,
4211,05/24/25 04:30:00,28.568,,,,,
4212,05/24/25 04:45:00,28.568,,,,,
4213,05/24/25 05:00:00,28.543,,,,,
4214,05/24/25 05:15:00,28.543,,,,,
4215,05/24/25 05:30:00,28.543,,,,,
4216,05/24/25 05:45:00,28.518,,,,,
4217,05/24/25 06:00:00,28.518,,,,,
4218,05/24/25 06:15:00,28.518,,,,,
4219,05/24/25 06:30:00,28.518,,,,,
4220,05/24/25 06:45:00,28.518,,,,,
4221,05/24/25 07:00:00,28.518,,,,,
4222,05/24/25 07:15:00,28.518,,,,,
4223,05/24/25 07:30:00,28.518,,,,,
4224,05/24/25 07:45:00,28.518,,,,,
4225,05/24/25 08:00:00,28.518,,,,,
4226,05/24/25 08:15:00,28.518,,,,,
4227,05/24/25 08:30:00,28.518,,,,,
4228,05/24/25 08:45:00,28.518,,,,,
4229,05/24/25 09:00:00,28.543,,,,,
4230,05/24/25 09:15:00,28.518,,,,,
4231,05/24/25 09:30:00,28.543,,,,,
4232,05/24/25 09:45:00,28.543,,,,,
4233,05/24/25 10:00:00,28.568,,,,,
4234,05/24/25 10:15:00,28.568,,,,,
4235,05/24/25 10:30:00,28.568,,,,,
4236,05/24/25 10:45:00,28.568,,,,,
4237,05/24/25 11:00:00,28.568,,,,,
4238,05/24/25 11:15:00,28.593,,,,,
4239,05/24/25 11:30:00,28.617,,,,,
4240,05/24/25 11:45:00,28.617,,,,,
4241,05/24/25 12:00:00,28.568,,,,,
4242,05/24/25 12:15:00,28.593,,,,,
4243,05/24/25 12:30:00,28.593,,,,,
4244,05/24/25 12:45:00,28.593,,,,,
4245,05/24/25 13:00:00,28.617,,,,,
4246,05/24/25 13:15:00,28.617,,,,,
4247,05/24/25 13:30:00,28.617,,,,,
4248,05/24/25 13:45:00,28.617,,,,,
4249,05/24/25 14:00:00,28.617,,,,,
4250,05/24/25 14:15:00,28.617,,,,,
4251,05/24/25 14:30:00,28.617,,,,,
4252,05/24/25 14:45:00,28.617,,,,,
4253,05/24/25 15:00:00,28.617,,,,,
4254,05/24/25 15:15:00,28.667,,,,,
4255,05/24/25 15:30:00,28.692,,,,,
4256,05/24/25 15:45:00,28.766,,,,,
4257,05/24/25 16:00:00,28.816,,,,,
4258,05/24/25 16:15:00,28.816,,,,,
4259,05/24/25 16:30:00,28.841,,,,,
4260,05/24/25 16:45:00,28.841,,,,,
4261,05/24/25 17:00:00,28.841,,,,,
4262,05/24/25 17:15:00,28.866,,,,,
4263,05/24/25 17:30:00,28.841,,,,,
4264,05/24/25 17:45:00,28.816,,,,,
4265,05/24/25 18:00:00,28.816,,,,,
4266,05/24/25 18:15:00,28.841,,,,,
4267,05/24/25 18:30:00,28.841,,,,,
4268,05/24/25 18:45:00,28.816,,,,,
4269,05/24/25 19:00:00,28.816,,,,,
4270,05/24/25 19:15:00,28.791,,,,,
4271,05/24/25 19:30:00,28.791,,,,,
4272,05/24/25 19:45:00,28.791,,,,,
4273,05/24/25 20:00:00,28.791,,,,,
4274,05/24/25 20:15:00,28.791,,,,,
4275,05/24/25 20:30:00,28.766,,,,,
4276,05/24/25 20:45:00,28.766,,,,,
4277,05/24/25 21:00:00,28.766,,,,,
4278,05/24/25 21:15:00,28.766,,,,,
4279,05/24/25 21:30:00,28.742,,,,,
4280,05/24/25 21:45:00,28.742,,,,,
4281,05/24/25 22:00:00,28.717,,,,,
4282,05/24/25 22:15:00,28.717,,,,,
4283,05/24/25 22:30:00,28.717,,,,,
4284,05/24/25 22:45:00,28.717,,,,,
4285,05/24/25 23:00:00,28.717,,,,,
4286,05/24/25 23:15:00,28.717,,,,,
4287,05/24/25 23:30:00,28.692,,,,,
4288,05/24/25 23:45:00,28.692,,,,,
4289,05/25/25 00:00:00,28.692,,,,,
4290,05/25/25 00:15:00,28.692,,,,,
4291,05/25/25 00:30:00,28.667,,,,,
4292,05/25/25 00:45:00,28.667,,,,,
4293,05/25/25 01:00:00,28.667,,,,,
4294,05/25/25 01:15:00,28.667,,,,,
4295,05/25/25 01:30:00,28.667,,,,,
4296,05/25/25 01:45:00,28.642,,,,,
4297,05/25/25 02:00:00,28.642,,,,,
4298,05/25/25 02:15:00,28.617,,,,,
4299,05/25/25 02:30:00,28.617,,,,,
4300,05/25/25 02:45:00,28.617,,,,,
4301,05/25/25 03:00:00,28.617,,,,,
4302,05/25/25 03:15:00,28.593,,,,,
4303,05/25/25 03:30:00,28.593,,,,,
4304,05/25/25 03:45:00,28.568,,,,,
4305,05/25/25 04:00:00,28.568,,,,,
4306,05/25/25 04:15:00,28.568,,,,,
4307,05/25/25 04:30:00,28.568,,,,,
4308,05/25/25 04:45:00,28.568,,,,,
4309,05/25/25 05:00:00,28.593,,,,,
4310,05/25/25 05:15:00,28.593,,,,,
4311,05/25/25 05:30:00,28.593,,,,,
4312,05/25/25 05:45:00,28.593,,,,,
4313,05/25/25 06:00:00,28.593,,,,,
4314,05/25/25 06:15:00,28.593,,,,,
4315,05/25/25 06:30:00,28.593,,,,,
4316,05/25/25 06:45:00,28.593,,,,,
4317,05/25/25 07:00:00,28.593,,,,,
4318,05/25/25 07:15:00,28.593,,,,,
4319,05/25/25 07:30:00,28.593,,,,,
4320,05/25/25 07:45:00,28.593,,,,,
4321,05/25/25 08:00:00,28.593,,,,,
4322,05/25/25 08:15:00,28.617,,,,,
4323,05/25/25 08:30:00,28.593,,,,,
4324,05/25/25 08:45:00,28.593,,,,,
4325,05/25/25 09:00:00,28.593,,,,,
4326,05/25/25 09:15:00,28.617,,,,,
4327,05/25/25 09:30:00,28.642,,,,,
4328,05/25/25 09:45:00,28.642,,,,,
4329,05/25/25 10:00:00,28.667,,,,,
4330,05/25/25 10:15:00,28.692,,,,,
4331,05/25/25 10:30:00,28.692,,,,,
4332,05/25/25 10:45:00,28.717,,,,,
4333,05/25/25 11:00:00,28.717,,,,,
4334,05/25/25 11:15:00,28.742,,,,,
4335,05/25/25 11:30:00,28.742,,,,,
4336,05/25/25 11:45:00,28.766,,,,,
4337,05/25/25 12:00:00,28.766,,,,,
4338,05/25/25 12:15:00,28.766,,,,,
4339,05/25/25 12:30:00,28.742,,,,,
4340,05/25/25 12:45:00,28.617,,,,,
4341,05/25/25 13:00:00,28.568,,,,,
4342,05/25/25 13:15:00,28.568,,,,,
4343,05/25/25 13:30:00,28.617,,,,,
4344,05/25/25 13:45:00,28.617,,,,,
4345,05/25/25 14:00:00,28.617,,,,,
4346,05/25/25 14:15:00,28.667,,,,,
4347,05/25/25 14:30:00,28.692,,,,,
4348,05/25/25 14:45:00,28.667,,,,,
4349,05/25/25 15:00:00,28.667,,,,,
4350,05/25/25 15:15:00,28.692,,,,,
4351,05/25/25 15:30:00,28.667,,,,,
4352,05/25/25 15:45:00,28.692,,,,,
4353,05/25/25 16:00:00,28.717,,,,,
4354,05/25/25 16:15:00,28.717,,,,,
4355,05/25/25 16:30:00,28.717,,,,,
4356,05/25/25 16:45:00,28.742,,,,,
4357,05/25/25 17:00:00,28.742,,,,,
4358,05/25/25 17:15:00,28.742,,,,,
4359,05/25/25 17:30:00,28.717,,,,,
4360,05/25/25 17:45:00,28.717,,,,,
4361,05/25/25 18:00:00,28.717,,,,,
4362,05/25/25 18:15:00,28.717,,,,,
4363,05/25/25 18:30:00,28.692,,,,,
4364,05/25/25 18:45:00,28.717,,,,,
4365,05/25/25 19:00:00,28.717,,,,,
4366,05/25/25 19:15:00,28.692,,,,,
4367,05/25/25 19:30:00,28.692,,,,,
4368,05/25/25 19:45:00,28.692,,,,,
4369,05/25/25 20:00:00,28.667,,,,,
4370,05/25/25 20:15:00,28.667,,,,,
4371,05/25/25 20:30:00,28.667,,,,,
4372,05/25/25 20:45:00,28.667,,,,,
4373,05/25/25 21:00:00,28.667,,,,,
4374,05/25/25 21:15:00,28.642,,,,,
4375,05/25/25 21:30:00,28.667,,,,,
4376,05/25/25 21:45:00,28.642,,,,,
4377,05/25/25 22:00:00,28.642,,,,,
4378,05/25/25 22:15:00,28.642,,,,,
4379,05/25/25 22:30:00,28.642,,,,,
4380,05/25/25 22:45:00,28.642,,,,,
4381,05/25/25 23:00:00,28.642,,,,,
4382,05/25/25 23:15:00,28.642,,,,,
4383,05/25/25 23:30:00,28.642,,,,,
4384,05/25/25 23:45:00,28.642,,,,,
4385,05/26/25 00:00:00,28.642,,,,,
4386,05/26/25 00:15:00,28.642,,,,,
4387,05/26/25 00:30:00,28.667,,,,,
4388,05/26/25 00:45:00,28.667,,,,,
4389,05/26/25 01:00:00,28.642,,,,,
4390,05/26/25 01:15:00,28.642,,,,,
4391,05/26/25 01:30:00,28.642,,,,,
4392,05/26/25 01:45:00,28.642,,,,,
4393,05/26/25 02:00:00,28.642,,,,,
4394,05/26/25 02:15:00,28.642,,,,,
4395,05/26/25 02:30:00,28.642,,,,,
4396,05/26/25 02:45:00,28.642,,,,,
4397,05/26/25 03:00:00,28.617,,,,,
4398,05/26/25 03:15:00,28.593,,,,,
4399,05/26/25 03:30:00,28.593,,,,,
4400,05/26/25 03:45:00,28.593,,,,,
4401,05/26/25 04:00:00,28.593,,,,,
4402,05/26/25 04:15:00,28.593,,,,,
4403,05/26/25 04:30:00,28.593,,,,,
4404,05/26/25 04:45:00,28.593,,,,,
4405,05/26/25 05:00:00,28.568,,,,,
4406,05/26/25 05:15:00,28.568,,,,,
4407,05/26/25 05:30:00,28.568,,,,,
4408,05/26/25 05:45:00,28.568,,,,,
4409,05/26/25 06:00:00,28.568,,,,,
4410,05/26/25 06:15:00,28.568,,,,,
4411,05/26/25 06:30:00,28.568,,,,,
4412,05/26/25 06:45:00,28.568,,,,,
4413,05/26/25 07:00:00,28.568,,,,,
4414,05/26/25 07:15:00,28.568,,,,,
4415,05/26/25 07:30:00,28.568,,,,,
4416,05/26/25 07:45:00,28.568,,,,,
4417,05/26/25 08:00:00,28.568,,,,,
4418,05/26/25 08:15:00,28.568,,,,,
4419,05/26/25 08:30:00,28.593,,,,,
4420,05/26/25 08:45:00,28.593,,,,,
4421,05/26/25 09:00:00,28.593,,,,,
4422,05/26/25 09:15:00,28.617,,,,,
4423,05/26/25 09:30:00,28.617,,,,,
4424,05/26/25 09:45:00,28.617,,,,,
4425,05/26/25 10:00:00,28.617,,,,,
4426,05/26/25 10:15:00,28.617,,,,,
4427,05/26/25 10:30:00,28.642,,,,,
4428,05/26/25 10:45:00,28.642,,,,,
4429,05/26/25 11:00:00,28.667,,,,,
4430,05/26/25 11:15:00,28.667,,,,,
4431,05/26/25 11:30:00,28.667,,,,,
4432,05/26/25 11:45:00,28.692,,,,,
4433,05/26/25 12:00:00,28.692,,,,,
4434,05/26/25 12:15:00,28.692,,,,,
4435,05/26/25 12:30:00,28.692,,,,,
4436,05/26/25 12:45:00,28.717,,,,,
4437,05/26/25 13:00:00,28.717,,,,,
4438,05/26/25 13:15:00,28.717,,,,,
4439,05/26/25 13:30:00,28.692,,,,,
4440,05/26/25 13:45:00,28.692,,,,,
4441,05/26/25 14:00:00,28.692,,,,,
4442,05/26/25 14:15:00,28.692,,,,,
4443,05/26/25 14:30:00,28.717,,,,,
4444,05/26/25 14:45:00,28.717,,,,,
4445,05/26/25 15:00:00,28.717,,,,,
4446,05/26/25 15:15:00,28.717,,,,,
4447,05/26/25 15:30:00,28.692,,,,,
4448,05/26/25 15:45:00,28.667,,,,,
4449,05/26/25 16:00:00,28.642,,,,,
4450,05/26/25 16:15:00,28.642,,,,,
4451,05/26/25 16:30:00,28.642,,,,,
4452,05/26/25 16:45:00,28.642,,,,,
4453,05/26/25 17:00:00,28.667,,,,,
4454,05/26/25 17:15:00,28.667,,,,,
4455,05/26/25 17:30:00,28.667,,,,,
4456,05/26/25 17:45:00,28.692,,,,,
4457,05/26/25 18:00:00,28.667,,,,,
4458,05/26/25 18:15:00,28.667,,,,,
4459,05/26/25 18:30:00,28.642,,,,,
4460,05/26/25 18:45:00,28.667,,,,,
4461,05/26/25 19:00:00,28.667,,,,,
4462,05/26/25 19:15:00,28.667,,,,,
4463,05/26/25 19:30:00,28.667,,,,,
4464,05/26/25 19:45:00,28.667,,,,,
4465,05/26/25 20:00:00,28.667,,,,,
4466,05/26/25 20:15:00,28.667,,,,,
4467,05/26/25 20:30:00,28.667,,,,,
4468,05/26/25 20:45:00,28.667,,,,,
4469,05/26/25 21:00:00,28.667,,,,,
4470,05/26/25 21:15:00,28.667,,,,,
4471,05/26/25 21:30:00,28.667,,,,,
4472,05/26/25 21:45:00,28.642,,,,,
4473,05/26/25 22:00:00,28.667,,,,,
4474,05/26/25 22:15:00,28.667,,,,,
4475,05/26/25 22:30:00,28.667,,,,,
4476,05/26/25 22:45:00,28.667,,,,,
4477,05/26/25 23:00:00,28.667,,,,,
4478,05/26/25 23:15:00,28.667,,,,,
4479,05/26/25 23:30:00,28.667,,,,,
4480,05/26/25 23:45:00,28.667,,,,,
4481,05/27/25 00:00:00,28.642,,,,,
4482,05/27/25 00:15:00,28.642,,,,,
4483,05/27/25 00:30:00,28.642,,,,,
4484,05/27/25 00:45:00,28.642,,,,,
4485,05/27/25 01:00:00,28.642,,,,,
4486,05/27/25 01:15:00,28.617,,,,,
4487,05/27/25 01:30:00,28.593,,,,,
4488,05/27/25 01:45:00,28.568,,,,,
4489,05/27/25 02:00:00,28.568,,,,,
4490,05/27/25 02:15:00,28.568,,,,,
4491,05/27/25 02:30:00,28.568,,,,,
4492,05/27/25 02:45:00,28.568,,,,,
4493,05/27/25 03:00:00,28.568,,,,,
4494,05/27/25 03:15:00,28.568,,,,,
4495,05/27/25 03:30:00,28.568,,,,,
4496,05/27/25 03:45:00,28.568,,,,,
4497,05/27/25 04:00:00,28.593,,,,,
4498,05/27/25 04:15:00,28.593,,,,,
4499,05/27/25 04:30:00,28.593,,,,,
4500,05/27/25 04:45:00,28.593,,,,,
4501,05/27/25 05:00:00,28.593,,,,,
4502,05/27/25 05:15:00,28.593,,,,,
4503,05/27/25 05:30:00,28.593,,,,,
4504,05/27/25 05:45:00,28.593,,,,,
4505,05/27/25 06:00:00,28.593,,,,,
4506,05/27/25 06:15:00,28.593,,,,,
4507,05/27/25 06:30:00,28.593,,,,,
4508,05/27/25 06:45:00,28.593,,,,,
4509,05/27/25 07:00:00,28.568,,,,,
4510,05/27/25 07:15:00,28.568,,,,,
4511,05/27/25 07:30:00,28.568,,,,,
4512,05/27/25 07:45:00,28.568,,,,,
4513,05/27/25 08:00:00,28.593,,,,,
4514,05/27/25 08:15:00,28.593,,,,,
4515,05/27/25 08:30:00,28.593,,,,,
4516,05/27/25 08:45:00,28.617,,,,,
4517,05/27/25 09:00:00,28.617,,,,,
4518,05/27/25 09:15:00,28.617,,,,,
4519,05/27/25 09:30:00,28.617,,,,,
4520,05/27/25 09:45:00,28.617,,,,,
4521,05/27/25 10:00:00,28.617,,,,,
4522,05/27/25 10:15:00,28.617,,,,,
4523,05/27/25 10:30:00,28.642,,,,,
4524,05/27/25 10:45:00,28.667,,,,,
4525,05/27/25 11:00:00,28.667,,,,,
4526,05/27/25 11:15:00,28.667,,,,,
4527,05/27/25 11:30:00,28.692,,,,,
4528,05/27/25 11:45:00,28.692,,,,,
4529,05/27/25 12:00:00,28.692,,,,,
4530,05/27/25 12:15:00,28.717,,,,,
4531,05/27/25 12:30:00,28.717,,,,,
4532,05/27/25 12:45:00,28.692,,,,,
4533,05/27/25 13:00:00,28.692,,,,,
4534,05/27/25 13:15:00,28.742,,,,,
4535,05/27/25 13:30:00,28.742,,,,,
4536,05/27/25 13:45:00,28.717,,,,,
4537,05/27/25 14:00:00,28.742,,,,,
4538,05/27/25 14:15:00,28.717,,,,,
4539,05/27/25 14:30:00,28.717,,,,,
4540,05/27/25 14:45:00,28.742,,,,,
4541,05/27/25 15:00:00,28.742,,,,,
4542,05/27/25 15:15:00,28.717,,,,,
4543,05/27/25 15:30:00,28.667,,,,,
4544,05/27/25 15:45:00,28.642,,,,,
4545,05/27/25 16:00:00,28.642,,,,,
4546,05/27/25 16:15:00,28.642,,,,,
4547,05/27/25 16:30:00,28.642,,,,,
4548,05/27/25 16:45:00,28.617,,,,,
4549,05/27/25 17:00:00,28.617,,,,,
4550,05/27/25 17:15:00,28.617,,,,,
4551,05/27/25 17:30:00,28.617,,,,,
4552,05/27/25 17:45:00,28.617,,,,,
4553,05/27/25 18:00:00,28.617,,,,,
4554,05/27/25 18:15:00,28.617,,,,,
4555,05/27/25 18:30:00,28.617,,,,,
4556,05/27/25 18:45:00,28.642,,,,,
4557,05/27/25 19:00:00,28.642,,,,,
4558,05/27/25 19:15:00,28.642,,,,,
4559,05/27/25 19:30:00,28.642,,,,,
4560,05/27/25 19:45:00,28.617,,,,,
4561,05/27/25 20:00:00,28.617,,,,,
4562,05/27/25 20:15:00,28.617,,,,,
4563,05/27/25 20:30:00,28.617,,,,,
4564,05/27/25 20:45:00,28.617,,,,,
4565,05/27/25 21:00:00,28.617,,,,,
4566,05/27/25 21:15:00,28.617,,,,,
4567,05/27/25 21:30:00,28.617,,,,,
4568,05/27/25 21:45:00,28.593,,,,,
4569,05/27/25 22:00:00,28.593,,,,,
4570,05/27/25 22:15:00,28.593,,,,,
4571,05/27/25 22:30:00,28.593,,,,,
4572,05/27/25 22:45:00,28.593,,,,,
4573,05/27/25 23:00:00,28.593,,,,,
4574,05/27/25 23:15:00,28.568,,,,,
4575,05/27/25 23:30:00,28.568,,,,,
4576,05/27/25 23:45:00,28.568,,,,,
4577,05/28/25 00:00:00,28.568,,,,,
4578,05/28/25 00:15:00,28.568,,,,,
4579,05/28/25 00:30:00,28.543,,,,,
4580,05/28/25 00:45:00,28.543,,,,,
4581,05/28/25 01:00:00,28.543,,,,,
4582,05/28/25 01:15:00,28.543,,,,,
4583,05/28/25 01:30:00,28.543,,,,,
4584,05/28/25 01:45:00,28.518,,,,,
4585,05/28/25 02:00:00,28.543,,,,,
4586,05/28/25 02:15:00,28.543,,,,,
4587,05/28/25 02:30:00,28.568,,,,,
4588,05/28/25 02:45:00,28.568,,,,,
4589,05/28/25 03:00:00,28.593,,,,,
4590,05/28/25 03:15:00,28.568,,,,,
4591,05/28/25 03:30:00,28.568,,,,,
4592,05/28/25 03:45:00,28.568,,,,,
4593,05/28/25 04:00:00,28.568,,,,,
4594,05/28/25 04:15:00,28.543,,,,,
4595,05/28/25 04:30:00,28.518,,,,,
4596,05/28/25 04:45:00,28.468,,,,,
4597,05/28/25 05:00:00,28.419,,,,,
4598,05/28/25 05:15:00,28.419,,,,,
4599,05/28/25 05:30:00,28.419,,,,,
4600,05/28/25 05:45:00,28.419,,,,,
4601,05/28/25 06:00:00,28.419,,,,,
4602,05/28/25 06:15:00,28.419,,,,,
4603,05/28/25 06:30:00,28.394,,,,,
4604,05/28/25 06:45:00,28.419,,,,,
4605,05/28/25 07:00:00,28.419,,,,,
4606,05/28/25 07:15:00,28.419,,,,,
4607,05/28/25 07:30:00,28.419,,,,,
4608,05/28/25 07:45:00,28.419,,,,,
4609,05/28/25 08:00:00,28.444,,,,,
4610,05/28/25 08:15:00,28.468,,,,,
4611,05/28/25 08:30:00,28.468,,,,,
4612,05/28/25 08:45:00,28.468,,,,,
4613,05/28/25 09:00:00,28.468,,,,,
4614,05/28/25 09:15:00,28.468,,,,,
4615,05/28/25 09:30:00,28.493,,,,,
4616,05/28/25 09:45:00,28.518,,,,,
4617,05/28/25 10:00:00,28.568,,,,,
4618,05/28/25 10:15:00,28.593,,,,,
4619,05/28/25 10:30:00,28.617,,,,,
4620,05/28/25 10:45:00,28.617,,,,,
4621,05/28/25 11:00:00,28.642,,,,,
4622,05/28/25 11:15:00,28.667,,,,,
4623,05/28/25 11:30:00,28.667,,,,,
4624,05/28/25 11:45:00,28.667,,,,,
4625,05/28/25 12:00:00,28.667,,,,,
4626,05/28/25 12:15:00,28.692,,,,,
4627,05/28/25 12:30:00,28.692,,,,,
4628,05/28/25 12:45:00,28.717,,,,,
4629,05/28/25 13:00:00,28.717,,,,,
4630,05/28/25 13:15:00,28.692,,,,,
4631,05/28/25 13:30:00,28.717,,,,,
4632,05/28/25 13:45:00,28.692,,,,,
4633,05/28/25 14:00:00,28.692,,,,,
4634,05/28/25 14:15:00,28.692,,,,,
4635,05/28/25 14:30:00,28.642,,,,,
4636,05/28/25 14:45:00,28.642,,,,,
4637,05/28/25 15:00:00,28.667,,,,,
4638,05/28/25 15:15:00,28.667,,,,,
4639,05/28/25 15:30:00,28.692,,,,,
4640,05/28/25 15:45:00,28.642,,,,,
4641,05/28/25 16:00:00,28.642,,,,,
4642,05/28/25 16:15:00,28.642,,,,,
4643,05/28/25 16:30:00,28.642,,,,,
4644,05/28/25 16:45:00,28.617,,,,,
4645,05/28/25 17:00:00,28.617,,,,,
4646,05/28/25 17:15:00,28.617,,,,,
4647,05/28/25 17:30:00,28.593,,,,,
4648,05/28/25 17:45:00,28.593,,,,,
4649,05/28/25 18:00:00,28.593,,,,,
4650,05/28/25 18:15:00,28.617,,,,,
4651,05/28/25 18:30:00,28.617,,,,,
4652,05/28/25 18:45:00,28.617,,,,,
4653,05/28/25 19:00:00,28.642,,,,,
4654,05/28/25 19:15:00,28.617,,,,,
4655,05/28/25 19:30:00,28.617,,,,,
4656,05/28/25 19:45:00,28.617,,,,,
4657,05/28/25 20:00:00,28.617,,,,,
4658,05/28/25 20:15:00,28.617,,,,,
4659,05/28/25 20:30:00,28.617,,,,,
4660,05/28/25 20:45:00,28.617,,,,,
4661,05/28/25 21:00:00,28.593,,,,,
4662,05/28/25 21:15:00,28.593,,,,,
4663,05/28/25 21:30:00,28.593,,,,,
4664,05/28/25 21:45:00,28.593,,,,,
4665,05/28/25 22:00:00,28.593,,,,,
4666,05/28/25 22:15:00,28.568,,,,,
4667,05/28/25 22:30:00,28.568,,,,,
4668,05/28/25 22:45:00,28.568,,,,,
4669,05/28/25 23:00:00,28.568,,,,,
4670,05/28/25 23:15:00,28.568,,,,,
4671,05/28/25 23:30:00,28.568,,,,,
4672,05/28/25 23:45:00,28.543,,,,,
4673,05/29/25 00:00:00,28.543,,,,,
4674,05/29/25 00:15:00,28.543,,,,,
4675,05/29/25 00:30:00,28.543,,,,,
4676,05/29/25 00:45:00,28.518,,,,,
4677,05/29/25 01:00:00,28.518,,,,,
4678,05/29/25 01:15:00,28.518,,,,,
4679,05/29/25 01:30:00,28.518,,,,,
4680,05/29/25 01:45:00,28.518,,,,,
4681,05/29/25 02:00:00,28.518,,,,,
4682,05/29/25 02:15:00,28.518,,,,,
4683,05/29/25 02:30:00,28.518,,,,,
4684,05/29/25 02:45:00,28.518,,,,,
4685,05/29/25 03:00:00,28.493,,,,,
4686,05/29/25 03:15:00,28.493,,,,,
4687,05/29/25 03:30:00,28.468,,,,,
4688,05/29/25 03:45:00,28.468,,,,,
4689,05/29/25 04:00:00,28.444,,,,,
4690,05/29/25 04:15:00,28.444,,,,,
4691,05/29/25 04:30:00,28.419,,,,,
4692,05/29/25 04:45:00,28.419,,,,,
4693,05/29/25 05:00:00,28.419,,,,,
4694,05/29/25 05:15:00,28.419,,,,,
4695,05/29/25 05:30:00,28.419,,,,,
4696,05/29/25 05:45:00,28.369,,,,,
4697,05/29/25 06:00:00,28.295,,,,,
4698,05/29/25 06:15:00,28.270,,,,,
4699,05/29/25 06:30:00,28.245,,,,,
4700,05/29/25 06:45:00,28.320,,,,,
4701,05/29/25 07:00:00,28.295,,,,,
4702,05/29/25 07:15:00,28.320,,,,,
4703,05/29/25 07:30:00,28.369,,,,,
4704,05/29/25 07:45:00,28.394,,,,,
4705,05/29/25 08:00:00,28.419,,,,,
4706,05/29/25 08:15:00,28.419,,,,,
4707,05/29/25 08:30:00,28.419,,,,,
4708,05/29/25 08:45:00,28.444,,,,,
4709,05/29/25 09:00:00,28.444,,,,,
4710,05/29/25 09:15:00,28.419,,,,,
4711,05/29/25 09:30:00,28.419,,,,,
4712,05/29/25 09:45:00,28.444,,,,,
4713,05/29/25 10:00:00,28.468,,,,,
4714,05/29/25 10:15:00,28.518,,,,,
4715,05/29/25 10:30:00,28.543,,,,,
4716,05/29/25 10:45:00,28.593,,,,,
4717,05/29/25 11:00:00,28.593,,,,,
4718,05/29/25 11:15:00,28.617,,,,,
4719,05/29/25 11:30:00,28.617,,,,,
4720,05/29/25 11:45:00,28.617,,,,,
4721,05/29/25 12:00:00,28.642,,,,,
4722,05/29/25 12:15:00,28.642,,,,,
4723,05/29/25 12:30:00,28.667,,,,,
4724,05/29/25 12:45:00,28.667,,,,,
4725,05/29/25 13:00:00,28.692,,,,,
4726,05/29/25 13:15:00,28.692,,,,,
4727,05/29/25 13:30:00,28.692,,,,,
4728,05/29/25 13:45:00,28.717,,,,,
4729,05/29/25 14:00:00,28.717,,,,,
4730,05/29/25 14:15:00,28.692,,,,,
4731,05/29/25 14:30:00,28.692,,,,,
4732,05/29/25 14:45:00,28.692,,,,,
4733,05/29/25 15:00:00,28.667,,,,,
4734,05/29/25 15:15:00,28.667,,,,,
4735,05/29/25 15:30:00,28.667,,,,,
4736,05/29/25 15:45:00,28.667,,,,,
4737,05/29/25 16:00:00,28.667,,,,,
4738,05/29/25 16:15:00,28.667,,,,,
4739,05/29/25 16:30:00,28.667,,,,,
4740,05/29/25 16:45:00,28.667,,,,,
4741,05/29/25 17:00:00,28.642,,,,,
4742,05/29/25 17:15:00,28.642,,,,,
4743,05/29/25 17:30:00,28.642,,,,,
4744,05/29/25 17:45:00,28.642,,,,,
4745,05/29/25 18:00:00,28.642,,,,,
4746,05/29/25 18:15:00,28.642,,,,,
4747,05/29/25 18:30:00,28.617,,,,,
4748,05/29/25 18:45:00,28.617,,,,,
4749,05/29/25 19:00:00,28.642,,,,,
4750,05/29/25 19:15:00,28.642,,,,,
4751,05/29/25 19:30:00,28.617,,,,,
4752,05/29/25 19:45:00,28.617,,,,,
4753,05/29/25 20:00:00,28.617,,,,,
4754,05/29/25 20:15:00,28.617,,,,,
4755,05/29/25 20:30:00,28.617,,,,,
4756,05/29/25 20:45:00,28.617,,,,,
4757,05/29/25 21:00:00,28.617,,,,,
4758,05/29/25 21:15:00,28.617,,,,,
4759,05/29/25 21:30:00,28.617,,,,,
4760,05/29/25 21:45:00,28.617,,,,,
4761,05/29/25 22:00:00,28.617,,,,,
4762,05/29/25 22:15:00,28.617,,,,,
4763,05/29/25 22:30:00,28.617,,,,,
4764,05/29/25 22:45:00,28.617,,,,,
4765,05/29/25 23:00:00,28.617,,,,,
4766,05/29/25 23:15:00,28.617,,,,,
4767,05/29/25 23:30:00,28.617,,,,,
4768,05/29/25 23:45:00,28.617,,,,,
4769,05/30/25 00:00:00,28.617,,,,,
4770,05/30/25 00:15:00,28.593,,,,,
4771,05/30/25 00:30:00,28.593,,,,,
4772,05/30/25 00:45:00,28.593,,,,,
4773,05/30/25 01:00:00,28.568,,,,,
4774,05/30/25 01:15:00,28.568,,,,,
4775,05/30/25 01:30:00,28.568,,,,,
4776,05/30/25 01:45:00,28.568,,,,,
4777,05/30/25 02:00:00,28.568,,,,,
4778,05/30/25 02:15:00,28.568,,,,,
4779,05/30/25 02:30:00,28.593,,,,,
4780,05/30/25 02:45:00,28.593,,,,,
4781,05/30/25 03:00:00,28.593,,,,,
4782,05/30/25 03:15:00,28.568,,,,,
4783,05/30/25 03:30:00,28.568,,,,,
4784,05/30/25 03:45:00,28.568,,,,,
4785,05/30/25 04:00:00,28.568,,,,,
4786,05/30/25 04:15:00,28.543,,,,,
4787,05/30/25 04:30:00,28.518,,,,,
4788,05/30/25 04:45:00,28.518,,,,,
4789,05/30/25 05:00:00,28.518,,,,,
4790,05/30/25 05:15:00,28.518,,,,,
4791,05/30/25 05:30:00,28.468,,,,,
4792,05/30/25 05:45:00,28.468,,,,,
4793,05/30/25 06:00:00,28.444,,,,,
4794,05/30/25 06:15:00,28.444,,,,,
4795,05/30/25 06:30:00,28.419,,,,,
4796,05/30/25 06:45:00,28.419,,,,,
4797,05/30/25 07:00:00,28.419,,,,,
4798,05/30/25 07:15:00,28.419,,,,,
4799,05/30/25 07:30:00,28.419,,,,,
4800,05/30/25 07:45:00,28.394,,,,,
4801,05/30/25 08:00:00,28.394,,,,,
4802,05/30/25 08:15:00,28.369,,,,,
4803,05/30/25 08:30:00,28.394,,,,,
4804,05/30/25 08:45:00,28.394,,,,,
4805,05/30/25 09:00:00,28.419,,,,,
4806,05/30/25 09:15:00,28.444,,,,,
4807,05/30/25 09:30:00,28.468,,,,,
4808,05/30/25 09:45:00,28.518,,,,,
4809,05/30/25 10:00:00,28.518,,,,,
4810,05/30/25 10:15:00,28.543,,,,,
4811,05/30/25 10:30:00,28.543,,,,,
4812,05/30/25 10:45:00,28.568,,,,,
4813,05/30/25 11:00:00,28.568,,,,,
4814,05/30/25 11:15:00,28.593,,,,,
4815,05/30/25 11:30:00,28.617,,,,,
4816,05/30/25 11:45:00,28.617,,,,,
4817,05/30/25 12:00:00,28.617,,,,,
4818,05/30/25 12:15:00,28.617,,,,,
4819,05/30/25 12:30:00,28.642,,,,,
4820,05/30/25 12:45:00,28.642,,,,,
4821,05/30/25 13:00:00,28.642,,,,,
4822,05/30/25 13:15:00,28.667,,,,,
4823,05/30/25 13:30:00,28.667,,,,,
4824,05/30/25 13:45:00,28.667,,,,,
4825,05/30/25 14:00:00,28.667,,,,,
4826,05/30/25 14:15:00,28.667,,,,,
4827,05/30/25 14:30:00,28.642,,,,,
4828,05/30/25 14:45:00,28.667,,,,,
4829,05/30/25 15:00:00,28.667,,,,,
4830,05/30/25 15:15:00,28.667,,,,,
4831,05/30/25 15:30:00,28.667,,,,,
4832,05/30/25 15:45:00,28.667,,,,,
4833,05/30/25 16:00:00,28.667,,,,,
4834,05/30/25 16:15:00,28.642,,,,,
4835,05/30/25 16:30:00,28.642,,,,,
4836,05/30/25 16:45:00,28.642,,,,,
4837,05/30/25 17:00:00,28.617,,,,,
4838,05/30/25 17:15:00,28.617,,,,,
4839,05/30/25 17:30:00,28.617,,,,,
4840,05/30/25 17:45:00,28.617,,,,,
4841,05/30/25 18:00:00,28.617,,,,,
4842,05/30/25 18:15:00,28.617,,,,,
4843,05/30/25 18:30:00,28.593,,,,,
4844,05/30/25 18:45:00,28.593,,,,,
4845,05/30/25 19:00:00,28.568,,,,,
4846,05/30/25 19:15:00,28.568,,,,,
4847,05/30/25 19:30:00,28.568,,,,,
4848,05/30/25 19:45:00,28.568,,,,,
4849,05/30/25 20:00:00,28.543,,,,,
4850,05/30/25 20:15:00,28.543,,,,,
4851,05/30/25 20:30:00,28.543,,,,,
4852,05/30/25 20:45:00,28.543,,,,,
4853,05/30/25 21:00:00,28.543,,,,,
4854,05/30/25 21:15:00,28.543,,,,,
4855,05/30/25 21:30:00,28.543,,,,,
4856,05/30/25 21:45:00,28.543,,,,,
4857,05/30/25 22:00:00,28.543,,,,,
4858,05/30/25 22:15:00,28.543,,,,,
4859,05/30/25 22:30:00,28.543,,,,,
4860,05/30/25 22:45:00,28.543,,,,,
4861,05/30/25 23:00:00,28.543,,,,,
4862,05/30/25 23:15:00,28.543,,,,,
4863,05/30/25 23:30:00,28.543,,,,,
4864,05/30/25 23:45:00,28.543,,,,,
4865,05/31/25 00:00:00,28.543,,,,,
4866,05/31/25 00:15:00,28.543,,,,,
4867,05/31/25 00:30:00,28.543,,,,,
4868,05/31/25 00:45:00,28.568,,,,,
4869,05/31/25 01:00:00,28.568,,,,,
4870,05/31/25 01:15:00,28.568,,,,,
4871,05/31/25 01:30:00,28.568,,,,,
4872,05/31/25 01:45:00,28.543,,,,,
4873,05/31/25 02:00:00,28.543,,,,,
4874,05/31/25 02:15:00,28.543,,,,,
4875,05/31/25 02:30:00,28.543,,,,,
4876,05/31/25 02:45:00,28.543,,,,,
4877,05/31/25 03:00:00,28.543,,,,,
4878,05/31/25 03:15:00,28.543,,,,,
4879,05/31/25 03:30:00,28.543,,,,,
4880,05/31/25 03:45:00,28.518,,,,,
4881,05/31/25 04:00:00,28.543,,,,,
4882,05/31/25 04:15:00,28.518,,,,,
4883,05/31/25 04:30:00,28.543,,,,,
4884,05/31/25 04:45:00,28.518,,,,,
4885,05/31/25 05:00:00,28.543,,,,,
4886,05/31/25 05:15:00,28.543,,,,,
4887,05/31/25 05:30:00,28.543,,,,,
4888,05/31/25 05:45:00,28.518,,,,,
4889,05/31/25 06:00:00,28.518,,,,,
4890,05/31/25 06:15:00,28.518,,,,,
4891,05/31/25 06:30:00,28.493,,,,,
4892,05/31/25 06:45:00,28.468,,,,,
4893,05/31/25 07:00:00,28.444,,,,,
4894,05/31/25 07:15:00,28.444,,,,,
4895,05/31/25 07:30:00,28.444,,,,,
4896,05/31/25 07:45:00,28.444,,,,,
4897,05/31/25 08:00:00,28.468,,,,,
4898,05/31/25 08:15:00,28.468,,,,,
4899,05/31/25 08:30:00,28.493,,,,,
4900,05/31/25 08:45:00,28.518,,,,,
4901,05/31/25 09:00:00,28.518,,,,,
4902,05/31/25 09:15:00,28.518,,,,,
4903,05/31/25 09:30:00,28.543,,,,,
4904,05/31/25 09:45:00,28.568,,,,,
4905,05/31/25 10:00:00,28.568,,,,,
4906,05/31/25 10:15:00,28.568,,,,,
4907,05/31/25 10:30:00,28.593,,,,,
4908,05/31/25 10:45:00,28.593,,,,,
4909,05/31/25 11:00:00,28.617,,,,,
4910,05/31/25 11:15:00,28.617,,,,,
4911,05/31/25 11:30:00,28.642,,,,,
4912,05/31/25 11:45:00,28.642,,,,,
4913,05/31/25 12:00:00,28.642,,,,,
4914,05/31/25 12:15:00,28.617,,,,,
4915,05/31/25 12:30:00,28.617,,,,,
4916,05/31/25 12:45:00,28.617,,,,,
4917,05/31/25 13:00:00,28.617,,,,,
4918,05/31/25 13:15:00,28.617,,,,,
4919,05/31/25 13:30:00,28.617,,,,,
4920,05/31/25 13:45:00,28.617,,,,,
4921,05/31/25 14:00:00,28.617,,,,,
4922,05/31/25 14:15:00,28.617,,,,,
4923,05/31/25 14:30:00,28.617,,,,,
4924,05/31/25 14:45:00,28.617,,,,,
4925,05/31/25 15:00:00,28.642,,,,,
4926,05/31/25 15:15:00,28.617,,,,,
4927,05/31/25 15:30:00,28.642,,,,,
4928,05/31/25 15:45:00,28.642,,,,,
4929,05/31/25 16:00:00,28.617,,,,,
4930,05/31/25 16:15:00,28.617,,,,,
4931,05/31/25 16:30:00,28.617,,,,,
4932,05/31/25 16:45:00,28.617,,,,,
4933,05/31/25 17:00:00,28.617,,,,,
4934,05/31/25 17:15:00,28.617,,,,,
4935,05/31/25 17:30:00,28.617,,,,,
4936,05/31/25 17:45:00,28.617,,,,,
4937,05/31/25 18:00:00,28.617,,,,,
4938,05/31/25 18:15:00,28.617,,,,,
4939,05/31/25 18:30:00,28.593,,,,,
4940,05/31/25 18:45:00,28.617,,,,,
4941,05/31/25 19:00:00,28.617,,,,,
4942,05/31/25 19:15:00,28.617,,,,,
4943,05/31/25 19:30:00,28.593,,,,,
4944,05/31/25 19:45:00,28.593,,,,,
4945,05/31/25 20:00:00,28.593,,,,,
4946,05/31/25 20:15:00,28.593,,,,,
4947,05/31/25 20:30:00,28.593,,,,,
4948,05/31/25 20:45:00,28.593,,,,,
4949,05/31/25 21:00:00,28.593,,,,,
4950,05/31/25 21:15:00,28.593,,,,,
4951,05/31/25 21:30:00,28.593,,,,,
4952,05/31/25 21:45:00,28.568,,,,,
4953,05/31/25 22:00:00,28.568,,,,,
4954,05/31/25 22:15:00,28.568,,,,,
4955,05/31/25 22:30:00,28.568,,,,,
4956,05/31/25 22:45:00,28.568,,,,,
4957,05/31/25 23:00:00,28.568,,,,,
4958,05/31/25 23:15:00,28.568,,,,,
4959,05/31/25 23:30:00,28.568,,,,,
4960,05/31/25 23:45:00,28.568,,,,,
4961,06/01/25 00:00:00,28.568,,,,,
4962,06/01/25 00:15:00,28.568,,,,,
4963,06/01/25 00:30:00,28.568,,,,,
4964,06/01/25 00:45:00,28.568,,,,,
4965,06/01/25 01:00:00,28.543,,,,,
4966,06/01/25 01:15:00,28.543,,,,,
4967,06/01/25 01:30:00,28.543,,,,,
4968,06/01/25 01:45:00,28.543,,,,,
4969,06/01/25 02:00:00,28.543,,,,,
4970,06/01/25 02:15:00,28.543,,,,,
4971,06/01/25 02:30:00,28.543,,,,,
4972,06/01/25 02:45:00,28.518,,,,,
4973,06/01/25 03:00:00,28.518,,,,,
4974,06/01/25 03:15:00,28.518,,,,,
4975,06/01/25 03:30:00,28.518,,,,,
4976,06/01/25 03:45:00,28.518,,,,,
4977,06/01/25 04:00:00,28.518,,,,,
4978,06/01/25 04:15:00,28.543,,,,,
4979,06/01/25 04:30:00,28.543,,,,,
4980,06/01/25 04:45:00,28.518,,,,,
4981,06/01/25 05:00:00,28.518,,,,,
4982,06/01/25 05:15:00,28.543,,,,,
4983,06/01/25 05:30:00,28.543,,,,,
4984,06/01/25 05:45:00,28.518,,,,,
4985,06/01/25 06:00:00,28.518,,,,,
4986,06/01/25 06:15:00,28.518,,,,,
4987,06/01/25 06:30:00,28.518,,,,,
4988,06/01/25 06:45:00,28.518,,,,,
4989,06/01/25 07:00:00,28.518,,,,,
4990,06/01/25 07:15:00,28.493,,,,,
4991,06/01/25 07:30:00,28.468,,,,,
4992,06/01/25 07:45:00,28.444,,,,,
4993,06/01/25 08:00:00,28.444,,,,,
4994,06/01/25 08:15:00,28.444,,,,,
4995,06/01/25 08:30:00,28.468,,,,,
4996,06/01/25 08:45:00,28.468,,,,,
4997,06/01/25 09:00:00,28.493,,,,,
4998,06/01/25 09:15:00,28.493,,,,,
4999,06/01/25 09:30:00,28.518,,,,,
5000,06/01/25 09:45:00,28.518,,,,,
5001,06/01/25 10:00:00,28.543,,,,,
5002,06/01/25 10:15:00,28.568,,,,,
5003,06/01/25 10:30:00,28.568,,,,,
5004,06/01/25 10:45:00,28.593,,,,,
5005,06/01/25 11:00:00,28.593,,,,,
5006,06/01/25 11:15:00,28.593,,,,,
5007,06/01/25 11:30:00,28.617,,,,,
5008,06/01/25 11:45:00,28.593,,,,,
5009,06/01/25 12:00:00,28.617,,,,,
5010,06/01/25 12:15:00,28.617,,,,,
5011,06/01/25 12:30:00,28.617,,,,,
5012,06/01/25 12:45:00,28.617,,,,,
5013,06/01/25 13:00:00,28.617,,,,,
5014,06/01/25 13:15:00,28.642,,,,,
5015,06/01/25 13:30:00,28.642,,,,,
5016,06/01/25 13:45:00,28.642,,,,,
5017,06/01/25 14:00:00,28.642,,,,,
5018,06/01/25 14:15:00,28.642,,,,,
5019,06/01/25 14:30:00,28.642,,,,,
5020,06/01/25 14:45:00,28.642,,,,,
5021,06/01/25 15:00:00,28.642,,,,,
5022,06/01/25 15:15:00,28.642,,,,,
5023,06/01/25 15:30:00,28.667,,,,,
5024,06/01/25 15:45:00,28.667,,,,,
5025,06/01/25 16:00:00,28.667,,,,,
5026,06/01/25 16:15:00,28.667,,,,,
5027,06/01/25 16:30:00,28.667,,,,,
5028,06/01/25 16:45:00,28.667,,,,,
5029,06/01/25 17:00:00,28.642,,,,,
5030,06/01/25 17:15:00,28.642,,,,,
5031,06/01/25 17:30:00,28.642,,,,,
5032,06/01/25 17:45:00,28.642,,,,,
5033,06/01/25 18:00:00,28.642,,,,,
5034,06/01/25 18:15:00,28.642,,,,,
5035,06/01/25 18:30:00,28.617,,,,,
5036,06/01/25 18:45:00,28.617,,,,,
5037,06/01/25 19:00:00,28.642,,,,,
5038,06/01/25 19:15:00,28.617,,,,,
5039,06/01/25 19:30:00,28.617,,,,,
5040,06/01/25 19:45:00,28.617,,,,,
5041,06/01/25 20:00:00,28.617,,,,,
5042,06/01/25 20:15:00,28.642,,,,,
5043,06/01/25 20:30:00,28.617,,,,,
5044,06/01/25 20:45:00,28.617,,,,,
5045,06/01/25 21:00:00,28.617,,,,,
5046,06/01/25 21:15:00,28.617,,,,,
5047,06/01/25 21:30:00,28.593,,,,,
5048,06/01/25 21:45:00,28.593,,,,,
5049,06/01/25 22:00:00,28.617,,,,,
5050,06/01/25 22:15:00,28.617,,,,,
5051,06/01/25 22:30:00,28.617,,,,,
5052,06/01/25 22:45:00,28.617,,,,,
5053,06/01/25 23:00:00,28.617,,,,,
5054,06/01/25 23:15:00,28.642,,,,,
5055,06/01/25 23:30:00,28.642,,,,,
5056,06/01/25 23:45:00,28.617,,,,,
5057,06/02/25 00:00:00,28.617,,,,,
5058,06/02/25 00:15:00,28.617,,,,,
5059,06/02/25 00:30:00,28.617,,,,,
5060,06/02/25 00:45:00,28.642,,,,,
5061,06/02/25 01:00:00,28.642,,,,,
5062,06/02/25 01:15:00,28.642,,,,,
5063,06/02/25 01:30:00,28.642,,,,,
5064,06/02/25 01:45:00,28.617,,,,,
5065,06/02/25 02:00:00,28.617,,,,,
5066,06/02/25 02:15:00,28.617,,,,,
5067,06/02/25 02:30:00,28.617,,,,,
5068,06/02/25 02:45:00,28.617,,,,,
5069,06/02/25 03:00:00,28.617,,,,,
5070,06/02/25 03:15:00,28.617,,,,,
5071,06/02/25 03:30:00,28.617,,,,,
5072,06/02/25 03:45:00,28.617,,,,,
5073,06/02/25 04:00:00,28.617,,,,,
5074,06/02/25 04:15:00,28.617,,,,,
5075,06/02/25 04:30:00,28.617,,,,,
5076,06/02/25 04:45:00,28.617,,,,,
5077,06/02/25 05:00:00,28.617,,,,,
5078,06/02/25 05:15:00,28.617,,,,,
5079,06/02/25 05:30:00,28.617,,,,,
5080,06/02/25 05:45:00,28.593,,,,,
5081,06/02/25 06:00:00,28.593,,,,,
5082,06/02/25 06:15:00,28.593,,,,,
5083,06/02/25 06:30:00,28.593,,,,,
5084,06/02/25 06:45:00,28.593,,,,,
5085,06/02/25 07:00:00,28.593,,,,,
5086,06/02/25 07:15:00,28.568,,,,,
5087,06/02/25 07:30:00,28.568,,,,,
5088,06/02/25 07:45:00,28.568,,,,,
5089,06/02/25 08:00:00,28.568,,,,,
5090,06/02/25 08:15:00,28.593,,,,,
5091,06/02/25 08:30:00,28.593,,,,,
5092,06/02/25 08:45:00,28.617,,,,,
5093,06/02/25 09:00:00,28.617,,,,,
5094,06/02/25 09:15:00,28.617,,,,,
5095,06/02/25 09:30:00,28.617,,,,,
5096,06/02/25 09:45:00,28.617,,,,,
5097,06/02/25 10:00:00,28.593,,,,,
5098,06/02/25 10:15:00,28.617,,,,,
5099,06/02/25 10:30:00,28.593,,,,,
5100,06/02/25 10:45:00,28.593,,,,,
5101,06/02/25 11:00:00,28.617,,,,,
5102,06/02/25 11:15:00,28.642,,,,,
5103,06/02/25 11:30:00,28.642,,,,,
5104,06/02/25 11:45:00,28.667,,,,,
5105,06/02/25 12:00:00,28.692,,,,,
5106,06/02/25 12:15:00,28.667,,,,,
5107,06/02/25 12:30:00,28.667,,,,,
5108,06/02/25 12:45:00,28.692,,,,,
5109,06/02/25 13:00:00,28.692,,,,,
5110,06/02/25 13:15:00,28.717,,,,,
5111,06/02/25 13:30:00,28.717,,,,,
5112,06/02/25 13:45:00,28.742,,,,,
5113,06/02/25 14:00:00,28.742,,,,,
5114,06/02/25 14:15:00,28.717,,,,,
5115,06/02/25 14:30:00,28.717,,,,,
5116,06/02/25 14:45:00,28.717,,,,,
5117,06/02/25 15:00:00,28.717,,,,,
5118,06/02/25 15:15:00,28.692,,,,,
5119,06/02/25 15:30:00,28.692,,,,,
5120,06/02/25 15:45:00,28.692,,,,,
5121,06/02/25 16:00:00,28.692,,,,,
5122,06/02/25 16:15:00,28.692,,,,,
5123,06/02/25 16:30:00,28.692,,,,,
5124,06/02/25 16:45:00,28.667,,,,,
5125,06/02/25 17:00:00,28.667,,,,,
5126,06/02/25 17:15:00,28.667,,,,,
5127,06/02/25 17:30:00,28.642,,,,,
5128,06/02/25 17:45:00,28.642,,,,,
5129,06/02/25 18:00:00,28.642,,,,,
5130,06/02/25 18:15:00,28.667,,,,,
5131,06/02/25 18:30:00,28.667,,,,,
5132,06/02/25 18:45:00,28.667,,,,,
5133,06/02/25 19:00:00,28.667,,,,,
5134,06/02/25 19:15:00,28.642,,,,,
5135,06/02/25 19:30:00,28.642,,,,,
5136,06/02/25 19:45:00,28.642,,,,,
5137,06/02/25 20:00:00,28.642,,,,,
5138,06/02/25 20:15:00,28.642,,,,,
5139,06/02/25 20:30:00,28.642,,,,,
5140,06/02/25 20:45:00,28.642,,,,,
5141,06/02/25 21:00:00,28.642,,,,,
5142,06/02/25 21:15:00,28.642,,,,,
5143,06/02/25 21:30:00,28.642,,,,,
5144,06/02/25 21:45:00,28.642,,,,,
5145,06/02/25 22:00:00,28.642,,,,,
5146,06/02/25 22:15:00,28.642,,,,,
5147,06/02/25 22:30:00,28.642,,,,,
5148,06/02/25 22:45:00,28.642,,,,,
5149,06/02/25 23:00:00,28.617,,,,,
5150,06/02/25 23:15:00,28.617,,,,,
5151,06/02/25 23:30:00,28.617,,,,,
5152,06/02/25 23:45:00,28.617,,,,,
5153,06/03/25 00:00:00,28.617,,,,,
5154,06/03/25 00:15:00,28.642,,,,,
5155,06/03/25 00:30:00,28.667,,,,,
5156,06/03/25 00:45:00,28.667,,,,,
5157,06/03/25 01:00:00,28.667,,,,,
5158,06/03/25 01:15:00,28.642,,,,,
5159,06/03/25 01:30:00,28.642,,,,,
5160,06/03/25 01:45:00,28.642,,,,,
5161,06/03/25 02:00:00,28.642,,,,,
5162,06/03/25 02:15:00,28.642,,,,,
5163,06/03/25 02:30:00,28.642,,,,,
5164,06/03/25 02:45:00,28.617,,,,,
5165,06/03/25 03:00:00,28.617,,,,,
5166,06/03/25 03:15:00,28.593,,,,,
5167,06/03/25 03:30:00,28.543,,,,,
5168,06/03/25 03:45:00,28.518,,,,,
5169,06/03/25 04:00:00,28.543,,,,,
5170,06/03/25 04:15:00,28.518,,,,,
5171,06/03/25 04:30:00,28.518,,,,,
5172,06/03/25 04:45:00,28.518,,,,,
5173,06/03/25 05:00:00,28.518,,,,,
5174,06/03/25 05:15:00,28.518,,,,,
5175,06/03/25 05:30:00,28.518,,,,,
5176,06/03/25 05:45:00,28.543,,,,,
5177,06/03/25 06:00:00,28.543,,,,,
5178,06/03/25 06:15:00,28.543,,,,,
5179,06/03/25 06:30:00,28.568,,,,,
5180,06/03/25 06:45:00,28.568,,,,,
5181,06/03/25 07:00:00,28.568,,,,,
5182,06/03/25 07:15:00,28.543,,,,,
5183,06/03/25 07:30:00,28.543,,,,,
5184,06/03/25 07:45:00,28.543,,,,,
5185,06/03/25 08:00:00,28.543,,,,,
5186,06/03/25 08:15:00,28.568,,,,,
5187,06/03/25 08:30:00,28.568,,,,,
5188,06/03/25 08:45:00,28.568,,,,,
5189,06/03/25 09:00:00,28.568,,,,,
5190,06/03/25 09:15:00,28.568,,,,,
5191,06/03/25 09:30:00,28.568,,,,,
5192,06/03/25 09:45:00,28.568,,,,,
5193,06/03/25 10:00:00,28.568,,,,,
5194,06/03/25 10:15:00,28.593,,,,,
5195,06/03/25 10:30:00,28.593,,,,,
5196,06/03/25 10:45:00,28.617,,,,,
5197,06/03/25 11:00:00,28.667,,,,,
5198,06/03/25 11:15:00,28.667,,,,,
5199,06/03/25 11:30:00,28.667,,,,,
5200,06/03/25 11:45:00,28.692,,,,,
5201,06/03/25 12:00:00,28.692,,,,,
5202,06/03/25 12:15:00,28.692,,,,,
5203,06/03/25 12:30:00,28.717,,,,,
5204,06/03/25 12:45:00,28.717,,,,,
5205,06/03/25 13:00:00,28.717,,,,,
5206,06/03/25 13:15:00,28.717,,,,,
5207,06/03/25 13:30:00,28.742,,,,,
5208,06/03/25 13:45:00,28.742,,,,,
5209,06/03/25 14:00:00,28.742,,,,,
5210,06/03/25 14:15:00,28.766,,,,,
5211,06/03/25 14:30:00,28.742,,,,,
5212,06/03/25 14:45:00,28.742,,,,,
5213,06/03/25 15:00:00,28.717,,,,,
5214,06/03/25 15:15:00,28.717,,,,,
5215,06/03/25 15:30:00,28.742,,,,,
5216,06/03/25 15:45:00,28.717,,,,,
5217,06/03/25 16:00:00,28.766,,,,,
5218,06/03/25 16:15:00,28.816,,,,,
5219,06/03/25 16:30:00,28.841,,,,,
5220,06/03/25 16:45:00,28.791,,,,,
5221,06/03/25 17:00:00,28.766,,,,,
5222,06/03/25 17:15:00,28.742,,,,,
5223,06/03/25 17:30:00,28.717,,,,,
5224,06/03/25 17:45:00,28.692,,,,,
5225,06/03/25 18:00:00,28.717,,,,,
5226,06/03/25 18:15:00,28.742,,,,,
5227,06/03/25 18:30:00,28.717,,,,,
5228,06/03/25 18:45:00,28.717,,,,,
5229,06/03/25 19:00:00,28.692,,,,,
5230,06/03/25 19:15:00,28.692,,,,,
5231,06/03/25 19:30:00,28.667,,,,,
5232,06/03/25 19:45:00,28.667,,,,,
5233,06/03/25 20:00:00,28.667,,,,,
5234,06/03/25 20:15:00,28.667,,,,,
5235,06/03/25 20:30:00,28.642,,,,,
5236,06/03/25 20:45:00,28.642,,,,,
5237,06/03/25 21:00:00,28.642,,,,,
5238,06/03/25 21:15:00,28.642,,,,,
5239,06/03/25 21:30:00,28.642,,,,,
5240,06/03/25 21:45:00,28.642,,,,,
5241,06/03/25 22:00:00,28.642,,,,,
5242,06/03/25 22:15:00,28.617,,,,,
5243,06/03/25 22:30:00,28.617,,,,,
5244,06/03/25 22:45:00,28.617,,,,,
5245,06/03/25 23:00:00,28.593,,,,,
5246,06/03/25 23:15:00,28.593,,,,,
5247,06/03/25 23:30:00,28.617,,,,,
5248,06/03/25 23:45:00,28.617,,,,,
5249,06/04/25 00:00:00,28.617,,,,,
5250,06/04/25 00:15:00,28.617,,,,,
5251,06/04/25 00:30:00,28.617,,,,,
5252,06/04/25 00:45:00,28.593,,,,,
5253,06/04/25 01:00:00,28.593,,,,,
5254,06/04/25 01:15:00,28.593,,,,,
5255,06/04/25 01:30:00,28.568,,,,,
5256,06/04/25 01:45:00,28.568,,,,,
5257,06/04/25 02:00:00,28.568,,,,,
5258,06/04/25 02:15:00,28.568,,,,,
5259,06/04/25 02:30:00,28.568,,,,,
5260,06/04/25 02:45:00,28.568,,,,,
5261,06/04/25 03:00:00,28.568,,,,,
5262,06/04/25 03:15:00,28.568,,,,,
5263,06/04/25 03:30:00,28.568,,,,,
5264,06/04/25 03:45:00,28.568,,,,,
5265,06/04/25 04:00:00,28.568,,,,,
5266,06/04/25 04:15:00,28.568,,,,,
5267,06/04/25 04:30:00,28.568,,,,,
5268,06/04/25 04:45:00,28.568,,,,,
5269,06/04/25 05:00:00,28.543,,,,,
5270,06/04/25 05:15:00,28.468,,,,,
5271,06/04/25 05:30:00,28.468,,,,,
5272,06/04/25 05:45:00,28.468,,,,,
5273,06/04/25 06:00:00,28.468,,,,,
5274,06/04/25 06:15:00,28.493,,,,,
5275,06/04/25 06:30:00,28.518,,,,,
5276,06/04/25 06:45:00,28.518,,,,,
5277,06/04/25 07:00:00,28.518,,,,,
5278,06/04/25 07:15:00,28.518,,,,,
5279,06/04/25 07:30:00,28.518,,,,,
5280,06/04/25 07:45:00,28.493,,,,,
5281,06/04/25 08:00:00,28.468,,,,,
5282,06/04/25 08:15:00,28.468,,,,,
5283,06/04/25 08:30:00,28.444,,,,,
5284,06/04/25 08:45:00,28.419,,,,,
5285,06/04/25 09:00:00,28.444,,,,,
5286,06/04/25 09:15:00,28.468,,,,,
5287,06/04/25 09:30:00,28.518,,,,,
5288,06/04/25 09:45:00,28.518,,,,,
5289,06/04/25 10:00:00,28.543,,,,,
5290,06/04/25 10:15:00,28.568,,,,,
5291,06/04/25 10:30:00,28.568,,,,,
5292,06/04/25 10:45:00,28.593,,,,,
5293,06/04/25 11:00:00,28.617,,,,,
5294,06/04/25 11:15:00,28.642,,,,,
5295,06/04/25 11:30:00,28.642,,,,,
5296,06/04/25 11:45:00,28.667,,,,,
5297,06/04/25 12:00:00,28.692,,,,,
5298,06/04/25 12:15:00,28.667,,,,,
5299,06/04/25 12:30:00,28.667,,,,,
5300,06/04/25 12:45:00,28.667,,,,,
5301,06/04/25 13:00:00,28.667,,,,,
5302,06/04/25 13:15:00,28.692,,,,,
5303,06/04/25 13:30:00,28.692,,,,,
5304,06/04/25 13:45:00,28.692,,,,,
5305,06/04/25 14:00:00,28.692,,,,,
5306,06/04/25 14:15:00,28.692,,,,,
5307,06/04/25 14:30:00,28.717,,,,,
5308,06/04/25 14:45:00,28.717,,,,,
5309,06/04/25 15:00:00,28.717,,,,,
5310,06/04/25 15:15:00,28.742,,,,,
5311,06/04/25 15:30:00,28.742,,,,,
5312,06/04/25 15:45:00,28.766,,,,,
5313,06/04/25 16:00:00,28.816,,,,,
5314,06/04/25 16:15:00,28.791,,,,,
5315,06/04/25 16:30:00,28.791,,,,,
5316,06/04/25 16:45:00,28.766,,,,,
5317,06/04/25 17:00:00,28.766,,,,,
5318,06/04/25 17:15:00,28.742,,,,,
5319,06/04/25 17:30:00,28.692,,,,,
5320,06/04/25 17:45:00,28.667,,,,,
5321,06/04/25 18:00:00,28.642,,,,,
5322,06/04/25 18:15:00,28.617,,,,,
5323,06/04/25 18:30:00,28.667,,,,,
5324,06/04/25 18:45:00,28.717,,,,,
5325,06/04/25 19:00:00,28.692,,,,,
5326,06/04/25 19:15:00,28.667,,,,,
5327,06/04/25 19:30:00,28.642,,,,,
5328,06/04/25 19:45:00,28.642,,,,,
5329,06/04/25 20:00:00,28.642,,,,,
5330,06/04/25 20:15:00,28.642,,,,,
5331,06/04/25 20:30:00,28.642,,,,,
5332,06/04/25 20:45:00,28.617,,,,,
5333,06/04/25 21:00:00,28.617,,,,,
5334,06/04/25 21:15:00,28.617,,,,,
5335,06/04/25 21:30:00,28.617,,,,,
5336,06/04/25 21:45:00,28.617,,,,,
5337,06/04/25 22:00:00,28.617,,,,,
5338,06/04/25 22:15:00,28.617,,,,,
5339,06/04/25 22:30:00,28.617,,,,,
5340,06/04/25 22:45:00,28.617,,,,,
5341,06/04/25 23:00:00,28.617,,,,,
5342,06/04/25 23:15:00,28.617,,,,,
5343,06/04/25 23:30:00,28.617,,,,,
5344,06/04/25 23:45:00,28.617,,,,,
5345,06/05/25 00:00:00,28.593,,,,,
5346,06/05/25 00:15:00,28.593,,,,,
5347,06/05/25 00:30:00,28.593,,,,,
5348,06/05/25 00:45:00,28.568,,,,,
5349,06/05/25 01:00:00,28.568,,,,,
5350,06/05/25 01:15:00,28.568,,,,,
5351,06/05/25 01:30:00,28.543,,,,,
5352,06/05/25 01:45:00,28.568,,,,,
5353,06/05/25 02:00:00,28.568,,,,,
5354,06/05/25 02:15:00,28.568,,,,,
5355,06/05/25 02:30:00,28.568,,,,,
5356,06/05/25 02:45:00,28.593,,,,,
5357,06/05/25 03:00:00,28.593,,,,,
5358,06/05/25 03:15:00,28.593,,,,,
5359,06/05/25 03:30:00,28.568,,,,,
5360,06/05/25 03:45:00,28.568,,,,,
5361,06/05/25 04:00:00,28.568,,,,,
5362,06/05/25 04:15:00,28.568,,,,,
5363,06/05/25 04:30:00,28.568,,,,,
5364,06/05/25 04:45:00,28.568,,,,,
5365,06/05/25 05:00:00,28.568,,,,,
5366,06/05/25 05:15:00,28.568,,,,,
5367,06/05/25 05:30:00,28.568,,,,,
5368,06/05/25 05:45:00,28.568,,,,,
5369,06/05/25 06:00:00,28.568,,,,,
5370,06/05/25 06:15:00,28.568,,,,,
5371,06/05/25 06:30:00,28.568,,,,,
5372,06/05/25 06:45:00,28.568,,,,,
5373,06/05/25 07:00:00,28.568,,,,,
5374,06/05/25 07:15:00,28.568,,,,,
5375,06/05/25 07:30:00,28.568,,,,,
5376,06/05/25 07:45:00,28.568,,,,,
5377,06/05/25 08:00:00,28.568,,,,,
5378,06/05/25 08:15:00,28.593,,,,,
5379,06/05/25 08:30:00,28.593,,,,,
5380,06/05/25 08:45:00,28.593,,,,,
5381,06/05/25 09:00:00,28.593,,,,,
5382,06/05/25 09:15:00,28.617,,,,,
5383,06/05/25 09:30:00,28.617,,,,,
5384,06/05/25 09:45:00,28.642,,,,,
5385,06/05/25 10:00:00,28.642,,,,,
5386,06/05/25 10:15:00,28.667,,,,,
5387,06/05/25 10:30:00,28.667,,,,,
5388,06/05/25 10:45:00,28.692,,,,,
5389,06/05/25 11:00:00,28.667,,,,,
5390,06/05/25 11:15:00,28.667,,,,,
5391,06/05/25 11:30:00,28.692,,,,,
5392,06/05/25 11:45:00,28.692,,,,,
5393,06/05/25 12:00:00,28.692,,,,,
5394,06/05/25 12:15:00,28.692,,,,,
5395,06/05/25 12:30:00,28.717,,,,,
5396,06/05/25 12:45:00,28.717,,,,,
5397,06/05/25 13:00:00,28.742,,,,,
5398,06/05/25 13:15:00,28.742,,,,,
5399,06/05/25 13:30:00,28.742,,,,,
5400,06/05/25 13:45:00,28.742,,,,,
5401,06/05/25 14:00:00,28.742,,,,,
5402,06/05/25 14:15:00,28.742,,,,,
5403,06/05/25 14:30:00,28.766,,,,,
5404,06/05/25 14:45:00,28.791,,,,,
5405,06/05/25 15:00:00,28.791,,,,,
5406,06/05/25 15:15:00,28.766,,,,,
5407,06/05/25 15:30:00,28.717,,,,,
5408,06/05/25 15:45:00,28.642,,,,,
5409,06/05/25 16:00:00,28.642,,,,,
5410,06/05/25 16:15:00,28.692,,,,,
5411,06/05/25 16:30:00,28.742,,,,,
5412,06/05/25 16:45:00,28.717,,,,,
5413,06/05/25 17:00:00,28.717,,,,,
5414,06/05/25 17:15:00,28.692,,,,,
5415,06/05/25 17:30:00,28.667,,,,,
5416,06/05/25 17:45:00,28.667,,,,,
5417,06/05/25 18:00:00,28.667,,,,,
5418,06/05/25 18:15:00,28.642,,,,,
5419,06/05/25 18:30:00,28.642,,,,,
5420,06/05/25 18:45:00,28.642,,,,,
5421,06/05/25 19:00:00,28.642,,,,,
5422,06/05/25 19:15:00,28.642,,,,,
5423,06/05/25 19:30:00,28.642,,,,,
5424,06/05/25 19:45:00,28.642,,,,,
5425,06/05/25 20:00:00,28.642,,,,,
5426,06/05/25 20:15:00,28.642,,,,,
5427,06/05/25 20:30:00,28.642,,,,,
5428,06/05/25 20:45:00,28.667,,,,,
5429,06/05/25 21:00:00,28.642,,,,,
5430,06/05/25 21:15:00,28.642,,,,,
5431,06/05/25 21:30:00,28.642,,,,,
5432,06/05/25 21:45:00,28.642,,,,,
5433,06/05/25 22:00:00,28.642,,,,,
5434,06/05/25 22:15:00,28.667,,,,,
5435,06/05/25 22:30:00,28.642,,,,,
5436,06/05/25 22:45:00,28.642,,,,,
5437,06/05/25 23:00:00,28.642,,,,,
5438,06/05/25 23:15:00,28.642,,,,,
5439,06/05/25 23:30:00,28.617,,,,,
5440,06/05/25 23:45:00,28.617,,,,,
5441,06/06/25 00:00:00,28.617,,,,,
5442,06/06/25 00:15:00,28.617,,,,,
5443,06/06/25 00:30:00,28.617,,,,,
5444,06/06/25 00:45:00,28.617,,,,,
5445,06/06/25 01:00:00,28.617,,,,,
5446,06/06/25 01:15:00,28.617,,,,,
5447,06/06/25 01:30:00,28.593,,,,,
5448,06/06/25 01:45:00,28.593,,,,,
5449,06/06/25 02:00:00,28.593,,,,,
5450,06/06/25 02:15:00,28.593,,,,,
5451,06/06/25 02:30:00,28.593,,,,,
5452,06/06/25 02:45:00,28.568,,,,,
5453,06/06/25 03:00:00,28.568,,,,,
5454,06/06/25 03:15:00,28.543,,,,,
5455,06/06/25 03:30:00,28.543,,,,,
5456,06/06/25 03:45:00,28.518,,,,,
5457,06/06/25 04:00:00,28.518,,,,,
5458,06/06/25 04:15:00,28.493,,,,,
5459,06/06/25 04:30:00,28.493,,,,,
5460,06/06/25 04:45:00,28.493,,,,,
5461,06/06/25 05:00:00,28.493,,,,,
5462,06/06/25 05:15:00,28.493,,,,,
5463,06/06/25 05:30:00,28.493,,,,,
5464,06/06/25 05:45:00,28.493,,,,,
5465,06/06/25 06:00:00,28.493,,,,,
5466,06/06/25 06:15:00,28.493,,,,,
5467,06/06/25 06:30:00,28.493,,,,,
5468,06/06/25 06:45:00,28.493,,,,,
5469,06/06/25 07:00:00,28.493,,,,,
5470,06/06/25 07:15:00,28.518,,,,,
5471,06/06/25 07:30:00,28.518,,,,,
5472,06/06/25 07:45:00,28.444,,,,,
5473,06/06/25 08:00:00,28.444,,,,,
5474,06/06/25 08:15:00,28.468,,,,,
5475,06/06/25 08:30:00,28.493,,,,,
5476,06/06/25 08:45:00,28.543,,,,,
5477,06/06/25 09:00:00,28.568,,,,,
5478,06/06/25 09:15:00,28.568,,,,,
5479,06/06/25 09:30:00,28.593,,,,,
5480,06/06/25 09:45:00,28.543,,,,,
5481,06/06/25 10:00:00,28.518,,,,,
5482,06/06/25 10:15:00,28.518,,,,,
5483,06/06/25 10:30:00,28.543,,,,,
5484,06/06/25 10:45:00,28.568,,,,,
5485,06/06/25 11:00:00,28.593,,,,,
5486,06/06/25 11:15:00,28.642,,,,,
5487,06/06/25 11:30:00,28.667,,,,,
5488,06/06/25 11:45:00,28.717,,,,,
5489,06/06/25 12:00:00,28.717,,,,,
5490,06/06/25 12:15:00,28.717,,,,,
5491,06/06/25 12:30:00,28.692,,,,,
5492,06/06/25 12:45:00,28.667,,,,,
5493,06/06/25 13:00:00,28.667,,,,,
5494,06/06/25 13:15:00,28.667,,,,,
5495,06/06/25 13:30:00,28.667,,,,,
5496,06/06/25 13:45:00,28.692,,,,,
5497,06/06/25 14:00:00,28.692,,,,,
5498,06/06/25 14:15:00,28.692,,,,,
5499,06/06/25 14:30:00,28.717,,,,,
5500,06/06/25 14:45:00,28.717,,,,,
5501,06/06/25 15:00:00,28.742,,,,,
5502,06/06/25 15:15:00,28.742,,,,,
5503,06/06/25 15:30:00,28.742,,,,,
5504,06/06/25 15:45:00,28.766,,,,,
5505,06/06/25 16:00:00,28.816,,,,,
5506,06/06/25 16:15:00,28.816,,,,,
5507,06/06/25 16:30:00,28.816,,,,,
5508,06/06/25 16:45:00,28.717,,,,,
5509,06/06/25 17:00:00,28.717,,,,,
5510,06/06/25 17:15:00,28.692,,,,,
5511,06/06/25 17:30:00,28.667,,,,,
5512,06/06/25 17:45:00,28.717,,,,,
5513,06/06/25 18:00:00,28.717,,,,,
5514,06/06/25 18:15:00,28.667,,,,,
5515,06/06/25 18:30:00,28.667,,,,,
5516,06/06/25 18:45:00,28.642,,,,,
5517,06/06/25 19:00:00,28.642,,,,,
5518,06/06/25 19:15:00,28.642,,,,,
5519,06/06/25 19:30:00,28.642,,,,,
5520,06/06/25 19:45:00,28.617,,,,,
5521,06/06/25 20:00:00,28.642,,,,,
5522,06/06/25 20:15:00,28.642,,,,,
5523,06/06/25 20:30:00,28.642,,,,,
5524,06/06/25 20:45:00,28.642,,,,,
5525,06/06/25 21:00:00,28.642,,,,,
5526,06/06/25 21:15:00,28.642,,,,,
5527,06/06/25 21:30:00,28.617,,,,,
5528,06/06/25 21:45:00,28.642,,,,,
5529,06/06/25 22:00:00,28.642,,,,,
5530,06/06/25 22:15:00,28.642,,,,,
5531,06/06/25 22:30:00,28.667,,,,,
5532,06/06/25 22:45:00,28.667,,,,,
5533,06/06/25 23:00:00,28.642,,,,,
5534,06/06/25 23:15:00,28.642,,,,,
5535,06/06/25 23:30:00,28.642,,,,,
5536,06/06/25 23:45:00,28.642,,,,,
5537,06/07/25 00:00:00,28.642,,,,,
5538,06/07/25 00:15:00,28.642,,,,,
5539,06/07/25 00:30:00,28.642,,,,,
5540,06/07/25 00:45:00,28.642,,,,,
5541,06/07/25 01:00:00,28.617,,,,,
5542,06/07/25 01:15:00,28.617,,,,,
5543,06/07/25 01:30:00,28.593,,,,,
5544,06/07/25 01:45:00,28.593,,,,,
5545,06/07/25 02:00:00,28.568,,,,,
5546,06/07/25 02:15:00,28.568,,,,,
5547,06/07/25 02:30:00,28.568,,,,,
5548,06/07/25 02:45:00,28.568,,,,,
5549,06/07/25 03:00:00,28.568,,,,,
5550,06/07/25 03:15:00,28.568,,,,,
5551,06/07/25 03:30:00,28.568,,,,,
5552,06/07/25 03:45:00,28.568,,,,,
5553,06/07/25 04:00:00,28.568,,,,,
5554,06/07/25 04:15:00,28.543,,,,,
5555,06/07/25 04:30:00,28.543,,,,,
5556,06/07/25 04:45:00,28.543,,,,,
5557,06/07/25 05:00:00,28.543,,,,,
5558,06/07/25 05:15:00,28.543,,,,,
5559,06/07/25 05:30:00,28.543,,,,,
5560,06/07/25 05:45:00,28.543,,,,,
5561,06/07/25 06:00:00,28.543,,,,,
5562,06/07/25 06:15:00,28.543,,,,,
5563,06/07/25 06:30:00,28.543,,,,,
5564,06/07/25 06:45:00,28.543,,,,,
5565,06/07/25 07:00:00,28.518,,,,,
5566,06/07/25 07:15:00,28.518,,,,,
5567,06/07/25 07:30:00,28.543,,,,,
5568,06/07/25 07:45:00,28.543,,,,,
5569,06/07/25 08:00:00,28.543,,,,,
5570,06/07/25 08:15:00,28.568,,,,,
5571,06/07/25 08:30:00,28.568,,,,,
5572,06/07/25 08:45:00,28.568,,,,,
5573,06/07/25 09:00:00,28.568,,,,,
5574,06/07/25 09:15:00,28.568,,,,,
5575,06/07/25 09:30:00,28.568,,,,,
5576,06/07/25 09:45:00,28.593,,,,,
5577,06/07/25 10:00:00,28.593,,,,,
5578,06/07/25 10:15:00,28.593,,,,,
5579,06/07/25 10:30:00,28.593,,,,,
5580,06/07/25 10:45:00,28.617,,,,,
5581,06/07/25 11:00:00,28.593,,,,,
5582,06/07/25 11:15:00,28.617,,,,,
5583,06/07/25 11:30:00,28.617,,,,,
5584,06/07/25 11:45:00,28.617,,,,,
5585,06/07/25 12:00:00,28.617,,,,,
5586,06/07/25 12:15:00,28.617,,,,,
5587,06/07/25 12:30:00,28.642,,,,,
5588,06/07/25 12:45:00,28.617,,,,,
5589,06/07/25 13:00:00,28.617,,,,,
5590,06/07/25 13:15:00,28.642,,,,,
5591,06/07/25 13:30:00,28.667,,,,,
5592,06/07/25 13:45:00,28.642,,,,,
5593,06/07/25 14:00:00,28.642,,,,,
5594,06/07/25 14:15:00,28.617,,,,,
5595,06/07/25 14:30:00,28.617,,,,,
5596,06/07/25 14:45:00,28.617,,,,,
5597,06/07/25 15:00:00,28.642,,,,,
5598,06/07/25 15:15:00,28.667,,,,,
5599,06/07/25 15:30:00,28.642,,,,,
5600,06/07/25 15:45:00,28.642,,,,,
5601,06/07/25 16:00:00,28.642,,,,,
5602,06/07/25 16:15:00,28.642,,,,,
5603,06/07/25 16:30:00,28.642,,,,,
5604,06/07/25 16:45:00,28.667,,,,,
5605,06/07/25 17:00:00,28.642,,,,,
5606,06/07/25 17:15:00,28.617,,,,,
5607,06/07/25 17:30:00,28.617,,,,,
5608,06/07/25 17:45:00,28.617,,,,,
5609,06/07/25 18:00:00,28.593,,,,,
5610,06/07/25 18:15:00,28.593,,,,,
5611,06/07/25 18:30:00,28.568,,,,,
5612,06/07/25 18:45:00,28.568,,,,,
5613,06/07/25 19:00:00,28.568,,,,,
5614,06/07/25 19:15:00,28.568,,,,,
5615,06/07/25 19:30:00,28.593,,,,,
5616,06/07/25 19:45:00,28.568,,,,,
5617,06/07/25 20:00:00,28.568,,,,,
5618,06/07/25 20:15:00,28.568,,,,,
5619,06/07/25 20:30:00,28.593,,,,,
5620,06/07/25 20:45:00,28.593,,,,,
5621,06/07/25 21:00:00,28.593,,,,,
5622,06/07/25 21:15:00,28.593,,,,,
5623,06/07/25 21:30:00,28.593,,,,,
5624,06/07/25 21:45:00,28.593,,,,,
5625,06/07/25 22:00:00,28.593,,,,,
5626,06/07/25 22:15:00,28.593,,,,,
5627,06/07/25 22:30:00,28.593,,,,,
5628,06/07/25 22:45:00,28.593,,,,,
5629,06/07/25 23:00:00,28.593,,,,,
5630,06/07/25 23:15:00,28.593,,,,,
5631,06/07/25 23:30:00,28.593,,,,,
5632,06/07/25 23:45:00,28.593,,,,,
5633,06/08/25 00:00:00,28.593,,,,,
5634,06/08/25 00:15:00,28.593,,,,,
5635,06/08/25 00:30:00,28.568,,,,,
5636,06/08/25 00:45:00,28.568,,,,,
5637,06/08/25 01:00:00,28.568,,,,,
5638,06/08/25 01:15:00,28.568,,,,,
5639,06/08/25 01:30:00,28.568,,,,,
5640,06/08/25 01:45:00,28.568,,,,,
5641,06/08/25 02:00:00,28.568,,,,,
5642,06/08/25 02:15:00,28.568,,,,,
5643,06/08/25 02:30:00,28.568,,,,,
5644,06/08/25 02:45:00,28.543,,,,,
5645,06/08/25 03:00:00,28.543,,,,,
5646,06/08/25 03:15:00,28.543,,,,,
5647,06/08/25 03:30:00,28.543,,,,,
5648,06/08/25 03:45:00,28.543,,,,,
5649,06/08/25 04:00:00,28.543,,,,,
5650,06/08/25 04:15:00,28.543,,,,,
5651,06/08/25 04:30:00,28.518,,,,,
5652,06/08/25 04:45:00,28.518,,,,,
5653,06/08/25 05:00:00,28.518,,,,,
5654,06/08/25 05:15:00,28.518,,,,,
5655,06/08/25 05:30:00,28.518,,,,,
5656,06/08/25 05:45:00,28.518,,,,,
5657,06/08/25 06:00:00,28.518,,,,,
5658,06/08/25 06:15:00,28.518,,,,,
5659,06/08/25 06:30:00,28.518,,,,,
5660,06/08/25 06:45:00,28.518,,,,,
5661,06/08/25 07:00:00,28.518,,,,,
5662,06/08/25 07:15:00,28.518,,,,,
5663,06/08/25 07:30:00,28.518,,,,,
5664,06/08/25 07:45:00,28.518,,,,,
5665,06/08/25 08:00:00,28.518,,,,,
5666,06/08/25 08:15:00,28.543,,,,,
5667,06/08/25 08:30:00,28.518,,,,,
5668,06/08/25 08:45:00,28.493,,,,,
5669,06/08/25 09:00:00,28.493,,,,,
5670,06/08/25 09:15:00,28.518,,,,,
5671,06/08/25 09:30:00,28.518,,,,,
5672,06/08/25 09:45:00,28.518,,,,,
5673,06/08/25 10:00:00,28.543,,,,,
5674,06/08/25 10:15:00,28.568,,,,,
5675,06/08/25 10:30:00,28.593,,,,,
5676,06/08/25 10:45:00,28.617,,,,,
5677,06/08/25 11:00:00,28.617,,,,,
5678,06/08/25 11:15:00,28.617,,,,,
5679,06/08/25 11:30:00,28.642,,,,,
5680,06/08/25 11:45:00,28.642,,,,,
5681,06/08/25 12:00:00,28.642,,,,,
5682,06/08/25 12:15:00,28.642,,,,,
5683,06/08/25 12:30:00,28.667,,,,,
5684,06/08/25 12:45:00,28.667,,,,,
5685,06/08/25 13:00:00,28.667,,,,,
5686,06/08/25 13:15:00,28.667,,,,,
5687,06/08/25 13:30:00,28.642,,,,,
5688,06/08/25 13:45:00,28.667,,,,,
5689,06/08/25 14:00:00,28.667,,,,,
5690,06/08/25 14:15:00,28.667,,,,,
5691,06/08/25 14:30:00,28.642,,,,,
5692,06/08/25 14:45:00,28.642,,,,,
5693,06/08/25 15:00:00,28.667,,,,,
5694,06/08/25 15:15:00,28.642,,,,,
5695,06/08/25 15:30:00,28.642,,,,,
5696,06/08/25 15:45:00,28.642,,,,,
5697,06/08/25 16:00:00,28.642,,,,,
5698,06/08/25 16:15:00,28.642,,,,,
5699,06/08/25 16:30:00,28.642,,,,,
5700,06/08/25 16:45:00,28.642,,,,,
5701,06/08/25 17:00:00,28.667,,,,,
5702,06/08/25 17:15:00,28.667,,,,,
5703,06/08/25 17:30:00,28.642,,,,,
5704,06/08/25 17:45:00,28.642,,,,,
5705,06/08/25 18:00:00,28.642,,,,,
5706,06/08/25 18:15:00,28.642,,,,,
5707,06/08/25 18:30:00,28.642,,,,,
5708,06/08/25 18:45:00,28.617,,,,,
5709,06/08/25 19:00:00,28.617,,,,,
5710,06/08/25 19:15:00,28.593,,,,,
5711,06/08/25 19:30:00,28.593,,,,,
5712,06/08/25 19:45:00,28.593,,,,,
5713,06/08/25 20:00:00,28.593,,,,,
5714,06/08/25 20:15:00,28.593,,,,,
5715,06/08/25 20:30:00,28.593,,,,,
5716,06/08/25 20:45:00,28.593,,,,,
5717,06/08/25 21:00:00,28.568,,,,,
5718,06/08/25 21:15:00,28.568,,,,,
5719,06/08/25 21:30:00,28.568,,,,,
5720,06/08/25 21:45:00,28.568,,,,,
5721,06/08/25 22:00:00,28.568,,,,,
5722,06/08/25 22:15:00,28.568,,,,,
5723,06/08/25 22:30:00,28.568,,,,,
5724,06/08/25 22:45:00,28.568,,,,,
5725,06/08/25 23:00:00,28.568,,,,,
5726,06/08/25 23:15:00,28.568,,,,,
5727,06/08/25 23:30:00,28.568,,,,,
5728,06/08/25 23:45:00,28.543,,,,,
5729,06/09/25 00:00:00,28.543,,,,,
5730,06/09/25 00:15:00,28.543,,,,,
5731,06/09/25 00:30:00,28.543,,,,,
5732,06/09/25 00:45:00,28.568,,,,,
5733,06/09/25 01:00:00,28.568,,,,,
5734,06/09/25 01:15:00,28.568,,,,,
5735,06/09/25 01:30:00,28.568,,,,,
5736,06/09/25 01:45:00,28.568,,,,,
5737,06/09/25 02:00:00,28.568,,,,,
5738,06/09/25 02:15:00,28.568,,,,,
5739,06/09/25 02:30:00,28.543,,,,,
5740,06/09/25 02:45:00,28.543,,,,,
5741,06/09/25 03:00:00,28.543,,,,,
5742,06/09/25 03:15:00,28.543,,,,,
5743,06/09/25 03:30:00,28.543,,,,,
5744,06/09/25 03:45:00,28.543,,,,,
5745,06/09/25 04:00:00,28.543,,,,,
5746,06/09/25 04:15:00,28.518,,,,,
5747,06/09/25 04:30:00,28.518,,,,,
5748,06/09/25 04:45:00,28.518,,,,,
5749,06/09/25 05:00:00,28.518,,,,,
5750,06/09/25 05:15:00,28.518,,,,,
5751,06/09/25 05:30:00,28.518,,,,,
5752,06/09/25 05:45:00,28.518,,,,,
5753,06/09/25 06:00:00,28.518,,,,,
5754,06/09/25 06:15:00,28.493,,,,,
5755,06/09/25 06:30:00,28.493,,,,,
5756,06/09/25 06:45:00,28.493,,,,,
5757,06/09/25 07:00:00,28.493,,,,,
5758,06/09/25 07:15:00,28.493,,,,,
5759,06/09/25 07:30:00,28.493,,,,,
5760,06/09/25 07:45:00,28.468,,,,,
5761,06/09/25 08:00:00,28.493,,,,,
5762,06/09/25 08:15:00,28.493,,,,,
5763,06/09/25 08:30:00,28.518,,,,,
5764,06/09/25 08:45:00,28.518,,,,,
5765,06/09/25 09:00:00,28.543,,,,,
5766,06/09/25 09:15:00,28.543,,,,,
5767,06/09/25 09:30:00,28.543,,,,,
5768,06/09/25 09:45:00,28.543,,,,,
5769,06/09/25 10:00:00,28.543,,,,,
5770,06/09/25 10:15:00,28.568,,,,,
5771,06/09/25 10:30:00,28.568,,,,,
5772,06/09/25 10:45:00,28.568,,,,,
5773,06/09/25 11:00:00,28.568,,,,,
5774,06/09/25 11:15:00,28.568,,,,,
5775,06/09/25 11:30:00,28.568,,,,,
5776,06/09/25 11:45:00,28.568,,,,,
5777,06/09/25 12:00:00,28.593,,,,,
5778,06/09/25 12:15:00,28.568,,,,,
5779,06/09/25 12:30:00,28.593,,,,,
5780,06/09/25 12:45:00,28.593,,,,,
5781,06/09/25 13:00:00,28.593,,,,,
5782,06/09/25 13:15:00,28.617,,,,,
5783,06/09/25 13:30:00,28.617,,,,,
5784,06/09/25 13:45:00,28.593,,,,,
5785,06/09/25 14:00:00,28.593,,,,,
5786,06/09/25 14:15:00,28.593,,,,,
5787,06/09/25 14:30:00,28.593,,,,,
5788,06/09/25 14:45:00,28.568,,,,,
5789,06/09/25 15:00:00,28.543,,,,,
5790,06/09/25 15:15:00,28.543,,,,,
5791,06/09/25 15:30:00,28.543,,,,,
5792,06/09/25 15:45:00,28.543,,,,,
5793,06/09/25 16:00:00,28.568,,,,,
5794,06/09/25 16:15:00,28.568,,,,,
5795,06/09/25 16:30:00,28.593,,,,,
5796,06/09/25 16:45:00,28.568,,,,,
5797,06/09/25 17:00:00,28.593,,,,,
5798,06/09/25 17:15:00,28.593,,,,,
5799,06/09/25 17:30:00,28.593,,,,,
5800,06/09/25 17:45:00,28.593,,,,,
5801,06/09/25 18:00:00,28.593,,,,,
5802,06/09/25 18:15:00,28.593,,,,,
5803,06/09/25 18:30:00,28.617,,,,,
5804,06/09/25 18:45:00,28.617,,,,,
5805,06/09/25 19:00:00,28.617,,,,,
5806,06/09/25 19:15:00,28.617,,,,,
5807,06/09/25 19:30:00,28.617,,,,,
5808,06/09/25 19:45:00,28.593,,,,,
5809,06/09/25 20:00:00,28.568,,,,,
5810,06/09/25 20:15:00,28.568,,,,,
5811,06/09/25 20:30:00,28.568,,,,,
5812,06/09/25 20:45:00,28.543,,,,,
5813,06/09/25 21:00:00,28.543,,,,,
5814,06/09/25 21:15:00,28.543,,,,,
5815,06/09/25 21:30:00,28.518,,,,,
5816,06/09/25 21:45:00,28.518,,,,,
5817,06/09/25 22:00:00,28.518,,,,,
5818,06/09/25 22:15:00,28.518,,,,,
5819,06/09/25 22:30:00,28.518,,,,,
5820,06/09/25 22:45:00,28.493,,,,,
5821,06/09/25 23:00:00,28.493,,,,,
5822,06/09/25 23:15:00,28.493,,,,,
5823,06/09/25 23:30:00,28.518,,,,,
5824,06/09/25 23:45:00,28.493,,,,,
5825,06/10/25 00:00:00,28.518,,,,,
5826,06/10/25 00:15:00,28.493,,,,,
5827,06/10/25 00:30:00,28.493,,,,,
5828,06/10/25 00:45:00,28.493,,,,,
5829,06/10/25 01:00:00,28.493,,,,,
5830,06/10/25 01:15:00,28.468,,,,,
5831,06/10/25 01:30:00,28.468,,,,,
5832,06/10/25 01:45:00,28.468,,,,,
5833,06/10/25 02:00:00,28.468,,,,,
5834,06/10/25 02:15:00,28.468,,,,,
5835,06/10/25 02:30:00,28.468,,,,,
5836,06/10/25 02:45:00,28.468,,,,,
5837,06/10/25 03:00:00,28.444,,,,,
5838,06/10/25 03:15:00,28.444,,,,,
5839,06/10/25 03:30:00,28.444,,,,,
5840,06/10/25 03:45:00,28.444,,,,,
5841,06/10/25 04:00:00,28.444,,,,,
5842,06/10/25 04:15:00,28.419,,,,,
5843,06/10/25 04:30:00,28.394,,,,,
5844,06/10/25 04:45:00,28.369,,,,,
5845,06/10/25 05:00:00,28.394,,,,,
5846,06/10/25 05:15:00,28.394,,,,,
5847,06/10/25 05:30:00,28.394,,,,,
5848,06/10/25 05:45:00,28.419,,,,,
5849,06/10/25 06:00:00,28.419,,,,,
5850,06/10/25 06:15:00,28.419,,,,,
5851,06/10/25 06:30:00,28.419,,,,,
5852,06/10/25 06:45:00,28.419,,,,,
5853,06/10/25 07:00:00,28.419,,,,,
5854,06/10/25 07:15:00,28.419,,,,,
5855,06/10/25 07:30:00,28.419,,,,,
5856,06/10/25 07:45:00,28.444,,,,,
5857,06/10/25 08:00:00,28.444,,,,,
5858,06/10/25 08:15:00,28.444,,,,,
5859,06/10/25 08:30:00,28.444,,,,,
5860,06/10/25 08:45:00,28.444,,,,,
5861,06/10/25 09:00:00,28.444,,,,,
5862,06/10/25 09:15:00,28.444,,,,,
5863,06/10/25 09:30:00,28.468,,,,,
5864,06/10/25 09:45:00,28.468,,,,,
5865,06/10/25 10:00:00,28.493,,,,,
5866,06/10/25 10:15:00,28.493,,,,,
5867,06/10/25 10:30:00,28.518,,,,,
5868,06/10/25 10:45:00,28.518,,,,,
5869,06/10/25 11:00:00,28.518,,,,,
5870,06/10/25 11:15:00,28.518,,,,,
5871,06/10/25 11:30:00,28.518,,,,,
5872,06/10/25 11:45:00,28.518,,,,,
5873,06/10/25 12:00:00,28.518,,,,,
5874,06/10/25 12:15:00,28.518,,,,,
5875,06/10/25 12:30:00,28.543,,,,,
5876,06/10/25 12:45:00,28.568,,,,,
5877,06/10/25 13:00:00,28.568,,,,,
5878,06/10/25 13:15:00,28.543,,,,,
5879,06/10/25 13:30:00,28.543,,,,,
5880,06/10/25 13:45:00,28.518,,,,,
5881,06/10/25 14:00:00,28.518,,,,,
5882,06/10/25 14:15:00,28.543,,,,,
5883,06/10/25 14:30:00,28.518,,,,,
5884,06/10/25 14:45:00,28.518,,,,,
5885,06/10/25 15:00:00,28.518,,,,,
5886,06/10/25 15:15:00,28.518,,,,,
5887,06/10/25 15:30:00,28.518,,,,,
5888,06/10/25 15:45:00,28.493,,,,,
5889,06/10/25 16:00:00,28.518,,,,,
5890,06/10/25 16:15:00,28.518,,,,,
5891,06/10/25 16:30:00,28.493,,,,,
5892,06/10/25 16:45:00,28.518,,,,,
5893,06/10/25 17:00:00,28.493,,,,,
5894,06/10/25 17:15:00,28.493,,,,,
5895,06/10/25 17:30:00,28.493,,,,,
5896,06/10/25 17:45:00,28.493,,,,,
5897,06/10/25 18:00:00,28.468,,,,,
5898,06/10/25 18:15:00,28.468,,,,,
5899,06/10/25 18:30:00,28.468,,,,,
5900,06/10/25 18:45:00,28.468,,,,,
5901,06/10/25 19:00:00,28.468,,,,,
5902,06/10/25 19:15:00,28.468,,,,,
5903,06/10/25 19:30:00,28.468,,,,,
5904,06/10/25 19:45:00,28.444,,,,,
5905,06/10/25 20:00:00,28.444,,,,,
5906,06/10/25 20:15:00,28.444,,,,,
5907,06/10/25 20:30:00,28.444,,,,,
5908,06/10/25 20:45:00,28.468,,,,,
5909,06/10/25 21:00:00,28.444,,,,,
5910,06/10/25 21:15:00,28.444,,,,,
5911,06/10/25 21:30:00,28.444,,,,,
5912,06/10/25 21:45:00,28.444,,,,,
5913,06/10/25 22:00:00,28.444,,,,,
5914,06/10/25 22:15:00,28.419,,,,,
5915,06/10/25 22:30:00,28.419,,,,,
5916,06/10/25 22:45:00,28.419,,,,,
5917,06/10/25 23:00:00,28.419,,,,,
5918,06/10/25 23:15:00,28.394,,,,,
5919,06/10/25 23:30:00,28.394,,,,,
5920,06/10/25 23:45:00,28.394,,,,,
5921,06/11/25 00:00:00,28.394,,,,,
5922,06/11/25 00:15:00,28.394,,,,,
5923,06/11/25 00:30:00,28.369,,,,,
5924,06/11/25 00:45:00,28.369,,,,,
5925,06/11/25 01:00:00,28.369,,,,,
5926,06/11/25 01:15:00,28.369,,,,,
5927,06/11/25 01:30:00,28.369,,,,,
5928,06/11/25 01:45:00,28.345,,,,,
5929,06/11/25 02:00:00,28.345,,,,,
5930,06/11/25 02:15:00,28.345,,,,,
5931,06/11/25 02:30:00,28.320,,,,,
5932,06/11/25 02:45:00,28.320,,,,,
5933,06/11/25 03:00:00,28.320,,,,,
5934,06/11/25 03:15:00,28.320,,,,,
5935,06/11/25 03:30:00,28.320,,,,,
5936,06/11/25 03:45:00,28.320,,,,,
5937,06/11/25 04:00:00,28.345,,,,,
5938,06/11/25 04:15:00,28.345,,,,,
5939,06/11/25 04:30:00,28.345,,,,,
5940,06/11/25 04:45:00,28.320,,,,,
5941,06/11/25 05:00:00,28.320,,,,,
5942,06/11/25 05:15:00,28.320,,,,,
5943,06/11/25 05:30:00,28.320,,,,,
5944,06/11/25 05:45:00,28.320,,,,,
5945,06/11/25 06:00:00,28.320,,,,,
5946,06/11/25 06:15:00,28.320,,,,,
5947,06/11/25 06:30:00,28.320,,,,,
5948,06/11/25 06:45:00,28.320,,,,,
5949,06/11/25 07:00:00,28.320,,,,,
5950,06/11/25 07:15:00,28.320,,,,,
5951,06/11/25 07:30:00,28.320,,,,,
5952,06/11/25 07:45:00,28.320,,,,,
5953,06/11/25 08:00:00,28.320,,,,,
5954,06/11/25 08:15:00,28.320,,,,,
5955,06/11/25 08:30:00,28.320,,,,,
5956,06/11/25 08:45:00,28.345,,,,,
5957,06/11/25 09:00:00,28.345,,,,,
5958,06/11/25 09:15:00,28.345,,,,,
5959,06/11/25 09:30:00,28.369,,,,,
5960,06/11/25 09:45:00,28.369,,,,,
5961,06/11/25 10:00:00,28.394,,,,,
5962,06/11/25 10:15:00,28.394,,,,,
5963,06/11/25 10:30:00,28.394,,,,,
5964,06/11/25 10:45:00,28.419,,,,,
5965,06/11/25 11:00:00,28.444,,,,,
5966,06/11/25 11:15:00,28.444,,,,,
5967,06/11/25 11:30:00,28.468,,,,,
5968,06/11/25 11:45:00,28.468,,,,,
5969,06/11/25 12:00:00,28.468,,,,,
5970,06/11/25 12:15:00,28.468,,,,,
5971,06/11/25 12:30:00,28.493,,,,,
5972,06/11/25 12:45:00,28.518,,,,,
5973,06/11/25 13:00:00,28.493,,,,,
5974,06/11/25 13:15:00,28.468,,,,,
5975,06/11/25 13:30:00,28.468,,,,,
5976,06/11/25 13:45:00,28.468,,,,,
5977,06/11/25 14:00:00,28.468,,,,,
5978,06/11/25 14:15:00,28.468,,,,,
5979,06/11/25 14:30:00,28.493,,,,,
5980,06/11/25 14:45:00,28.468,,,,,
5981,06/11/25 15:00:00,28.468,,,,,
5982,06/11/25 15:15:00,28.468,,,,,
5983,06/11/25 15:30:00,28.468,,,,,
5984,06/11/25 15:45:00,28.468,,,,,
5985,06/11/25 16:00:00,28.468,,,,,
5986,06/11/25 16:15:00,28.468,,,,,
5987,06/11/25 16:30:00,28.468,,,,,
5988,06/11/25 16:45:00,28.444,,,,,
5989,06/11/25 17:00:00,28.444,,,,,
5990,06/11/25 17:15:00,28.444,,,,,
5991,06/11/25 17:30:00,28.419,,,,,
5992,06/11/25 17:45:00,28.419,,,,,
5993,06/11/25 18:00:00,28.419,,,,,
5994,06/11/25 18:15:00,28.419,,,,,
5995,06/11/25 18:30:00,28.419,,,,,
5996,06/11/25 18:45:00,28.419,,,,,
5997,06/11/25 19:00:00,28.444,,,,,
5998,06/11/25 19:15:00,28.468,,,,,
5999,06/11/25 19:30:00,28.468,,,,,
6000,06/11/25 19:45:00,28.468,,,,,
6001,06/11/25 20:00:00,28.444,,,,,
6002,06/11/25 20:15:00,28.419,,,,,
6003,06/11/25 20:30:00,28.419,,,,,
6004,06/11/25 20:45:00,28.419,,,,,
6005,06/11/25 21:00:00,28.419,,,,,
6006,06/11/25 21:15:00,28.394,,,,,
6007,06/11/25 21:30:00,28.394,,,,,
6008,06/11/25 21:45:00,28.394,,,,,
6009,06/11/25 22:00:00,28.394,,,,,
6010,06/11/25 22:15:00,28.369,,,,,
6011,06/11/25 22:30:00,28.369,,,,,
6012,06/11/25 22:45:00,28.369,,,,,
6013,06/11/25 23:00:00,28.369,,,,,
6014,06/11/25 23:15:00,28.369,,,,,
6015,06/11/25 23:30:00,28.369,,,,,
6016,06/11/25 23:45:00,28.369,,,,,
6017,06/12/25 00:00:00,28.345,,,,,
6018,06/12/25 00:15:00,28.345,,,,,
6019,06/12/25 00:30:00,28.345,,,,,
6020,06/12/25 00:45:00,28.320,,,,,
6021,06/12/25 01:00:00,28.320,,,,,
6022,06/12/25 01:15:00,28.320,,,,,
6023,06/12/25 01:30:00,28.320,,,,,
6024,06/12/25 01:45:00,28.320,,,,,
6025,06/12/25 02:00:00,28.320,,,,,
6026,06/12/25 02:15:00,28.345,,,,,
6027,06/12/25 02:30:00,28.345,,,,,
6028,06/12/25 02:45:00,28.369,,,,,
6029,06/12/25 03:00:00,28.369,,,,,
6030,06/12/25 03:15:00,28.369,,,,,
6031,06/12/25 03:30:00,28.369,,,,,
6032,06/12/25 03:45:00,28.369,,,,,
6033,06/12/25 04:00:00,28.369,,,,,
6034,06/12/25 04:15:00,28.369,,,,,
6035,06/12/25 04:30:00,28.369,,,,,
6036,06/12/25 04:45:00,28.369,,,,,
6037,06/12/25 05:00:00,28.369,,,,,
6038,06/12/25 05:15:00,28.369,,,,,
6039,06/12/25 05:30:00,28.369,,,,,
6040,06/12/25 05:45:00,28.369,,,,,
6041,06/12/25 06:00:00,28.369,,,,,
6042,06/12/25 06:15:00,28.369,,,,,
6043,06/12/25 06:30:00,28.320,,,,,
6044,06/12/25 06:45:00,28.245,,,,,
6045,06/12/25 07:00:00,28.221,,,,,
6046,06/12/25 07:15:00,28.221,,,,,
6047,06/12/25 07:30:00,28.245,,,,,
6048,06/12/25 07:45:00,28.270,,,,,
6049,06/12/25 08:00:00,28.270,,,,,
6050,06/12/25 08:15:00,28.320,,,,,
6051,06/12/25 08:30:00,28.369,,,,,
6052,06/12/25 08:45:00,28.369,,,,,
6053,06/12/25 09:00:00,28.394,,,,,
6054,06/12/25 09:15:00,28.394,,,,,
6055,06/12/25 09:30:00,28.419,,,,,
6056,06/12/25 09:45:00,28.419,,,,,
6057,06/12/25 10:00:00,28.419,,,,,
6058,06/12/25 10:15:00,28.419,,,,,
6059,06/12/25 10:30:00,28.419,,,,,
6060,06/12/25 10:45:00,28.444,,,,,
6061,06/12/25 11:00:00,28.444,,,,,
6062,06/12/25 11:15:00,28.468,,,,,
6063,06/12/25 11:30:00,28.468,,,,,
6064,06/12/25 11:45:00,28.493,,,,,
6065,06/12/25 12:00:00,28.493,,,,,
6066,06/12/25 12:15:00,28.518,,,,,
6067,06/12/25 12:30:00,28.518,,,,,
6068,06/12/25 12:45:00,28.518,,,,,
6069,06/12/25 13:00:00,28.543,,,,,
6070,06/12/25 13:15:00,28.518,,,,,
6071,06/12/25 13:30:00,28.518,,,,,
6072,06/12/25 13:45:00,28.518,,,,,
6073,06/12/25 14:00:00,28.518,,,,,
6074,06/12/25 14:15:00,28.518,,,,,
6075,06/12/25 14:30:00,28.518,,,,,
6076,06/12/25 14:45:00,28.518,,,,,
6077,06/12/25 15:00:00,28.493,,,,,
6078,06/12/25 15:15:00,28.493,,,,,
6079,06/12/25 15:30:00,28.493,,,,,
6080,06/12/25 15:45:00,28.468,,,,,
6081,06/12/25 16:00:00,28.493,,,,,
6082,06/12/25 16:15:00,28.493,,,,,
6083,06/12/25 16:30:00,28.468,,,,,
6084,06/12/25 16:45:00,28.468,,,,,
6085,06/12/25 17:00:00,28.468,,,,,
6086,06/12/25 17:15:00,28.468,,,,,
6087,06/12/25 17:30:00,28.468,,,,,
6088,06/12/25 17:45:00,28.468,,,,,
6089,06/12/25 18:00:00,28.468,,,,,
6090,06/12/25 18:15:00,28.444,,,,,
6091,06/12/25 18:30:00,28.419,,,,,
6092,06/12/25 18:45:00,28.419,,,,,
6093,06/12/25 19:00:00,28.419,,,,,
6094,06/12/25 19:15:00,28.444,,,,,
6095,06/12/25 19:30:00,28.444,,,,,
6096,06/12/25 19:45:00,28.444,,,,,
6097,06/12/25 20:00:00,28.444,,,,,
6098,06/12/25 20:15:00,28.468,,,,,
6099,06/12/25 20:30:00,28.468,,,,,
6100,06/12/25 20:45:00,28.493,,,,,
6101,06/12/25 21:00:00,28.518,,,,,
6102,06/12/25 21:15:00,28.518,,,,,
6103,06/12/25 21:30:00,28.518,,,,,
6104,06/12/25 21:45:00,28.518,,,,,
6105,06/12/25 22:00:00,28.518,,,,,
6106,06/12/25 22:15:00,28.493,,,,,
6107,06/12/25 22:30:00,28.493,,,,,
6108,06/12/25 22:45:00,28.493,,,,,
6109,06/12/25 23:00:00,28.468,,,,,
6110,06/12/25 23:15:00,28.468,,,,,
6111,06/12/25 23:30:00,28.468,,,,,
6112,06/12/25 23:45:00,28.468,,,,,
6113,06/13/25 00:00:00,28.444,,,,,
6114,06/13/25 00:15:00,28.444,,,,,
6115,06/13/25 00:30:00,28.444,,,,,
6116,06/13/25 00:45:00,28.419,,,,,
6117,06/13/25 01:00:00,28.419,,,,,
6118,06/13/25 01:15:00,28.419,,,,,
6119,06/13/25 01:30:00,28.419,,,,,
6120,06/13/25 01:45:00,28.419,,,,,
6121,06/13/25 02:00:00,28.419,,,,,
6122,06/13/25 02:15:00,28.419,,,,,
6123,06/13/25 02:30:00,28.419,,,,,
6124,06/13/25 02:45:00,28.394,,,,,
6125,06/13/25 03:00:00,28.394,,,,,
6126,06/13/25 03:15:00,28.394,,,,,
6127,06/13/25 03:30:00,28.369,,,,,
6128,06/13/25 03:45:00,28.369,,,,,
6129,06/13/25 04:00:00,28.369,,,,,
6130,06/13/25 04:15:00,28.369,,,,,
6131,06/13/25 04:30:00,28.345,,,,,
6132,06/13/25 04:45:00,28.345,,,,,
6133,06/13/25 05:00:00,28.345,,,,,
6134,06/13/25 05:15:00,28.320,,,,,
6135,06/13/25 05:30:00,28.320,,,,,
6136,06/13/25 05:45:00,28.295,,,,,
6137,06/13/25 06:00:00,28.270,,,,,
6138,06/13/25 06:15:00,28.245,,,,,
6139,06/13/25 06:30:00,28.221,,,,,
6140,06/13/25 06:45:00,28.221,,,,,
6141,06/13/25 07:00:00,28.196,,,,,
6142,06/13/25 07:15:00,28.196,,,,,
6143,06/13/25 07:30:00,28.270,,,,,
6144,06/13/25 07:45:00,28.345,,,,,
6145,06/13/25 08:00:00,28.369,,,,,
6146,06/13/25 08:15:00,28.419,,,,,
6147,06/13/25 08:30:00,28.419,,,,,
6148,06/13/25 08:45:00,28.419,,,,,
6149,06/13/25 09:00:00,28.444,,,,,
6150,06/13/25 09:15:00,28.468,,,,,
6151,06/13/25 09:30:00,28.468,,,,,
6152,06/13/25 09:45:00,28.468,,,,,
6153,06/13/25 10:00:00,28.468,,,,,
6154,06/13/25 10:15:00,28.493,,,,,
6155,06/13/25 10:30:00,28.493,,,,,
6156,06/13/25 10:45:00,28.493,,,,,
6157,06/13/25 11:00:00,28.518,,,,,
6158,06/13/25 11:15:00,28.518,,,,,
6159,06/13/25 11:30:00,28.518,,,,,
6160,06/13/25 11:45:00,28.518,,,,,
6161,06/13/25 12:00:00,28.518,,,,,
6162,06/13/25 12:15:00,28.518,,,,,
6163,06/13/25 12:30:00,28.493,,,,,
6164,06/13/25 12:45:00,28.493,,,,,
6165,06/13/25 13:00:00,28.493,,,,,
6166,06/13/25 13:15:00,28.518,,,,,
6167,06/13/25 13:30:00,28.518,,,,,
6168,06/13/25 13:45:00,28.518,,,,,
6169,06/13/25 14:00:00,28.518,,,,,
6170,06/13/25 14:15:00,28.518,,,,,
6171,06/13/25 14:30:00,28.543,,,,,
6172,06/13/25 14:45:00,28.518,,,,,
6173,06/13/25 15:00:00,28.543,,,,,
6174,06/13/25 15:15:00,28.543,,,,,
6175,06/13/25 15:30:00,28.543,,,,,
6176,06/13/25 15:45:00,28.543,,,,,
6177,06/13/25 16:00:00,28.518,,,,,
6178,06/13/25 16:15:00,28.543,,,,,
6179,06/13/25 16:30:00,28.518,,,,,
6180,06/13/25 16:45:00,28.518,,,,,
6181,06/13/25 17:00:00,28.518,,,,,
6182,06/13/25 17:15:00,28.518,,,,,
6183,06/13/25 17:30:00,28.518,,,,,
6184,06/13/25 17:45:00,28.518,,,,,
6185,06/13/25 18:00:00,28.493,,,,,
6186,06/13/25 18:15:00,28.493,,,,,
6187,06/13/25 18:30:00,28.493,,,,,
6188,06/13/25 18:45:00,28.493,,,,,
6189,06/13/25 19:00:00,28.493,,,,,
6190,06/13/25 19:15:00,28.493,,,,,
6191,06/13/25 19:30:00,28.518,,,,,
6192,06/13/25 19:45:00,28.518,,,,,
6193,06/13/25 20:00:00,28.518,,,,,
6194,06/13/25 20:15:00,28.518,,,,,
6195,06/13/25 20:30:00,28.518,,,,,
6196,06/13/25 20:45:00,28.518,,,,,
6197,06/13/25 21:00:00,28.543,,,,,
6198,06/13/25 21:15:00,28.543,,,,,
6199,06/13/25 21:30:00,28.543,,,,,
6200,06/13/25 21:45:00,28.543,,,,,
6201,06/13/25 22:00:00,28.543,,,,,
6202,06/13/25 22:15:00,28.518,,,,,
6203,06/13/25 22:30:00,28.543,,,,,
6204,06/13/25 22:45:00,28.518,,,,,
6205,06/13/25 23:00:00,28.518,,,,,
6206,06/13/25 23:15:00,28.493,,,,,
6207,06/13/25 23:30:00,28.468,,,,,
6208,06/13/25 23:45:00,28.444,,,,,
6209,06/14/25 00:00:00,28.444,,,,,
6210,06/14/25 00:15:00,28.419,,,,,
6211,06/14/25 00:30:00,28.419,,,,,
6212,06/14/25 00:45:00,28.419,,,,,
6213,06/14/25 01:00:00,28.419,,,,,
6214,06/14/25 01:15:00,28.419,,,,,
6215,06/14/25 01:30:00,28.419,,,,,
6216,06/14/25 01:45:00,28.419,,,,,
6217,06/14/25 02:00:00,28.394,,,,,
6218,06/14/25 02:15:00,28.394,,,,,
6219,06/14/25 02:30:00,28.394,,,,,
6220,06/14/25 02:45:00,28.394,,,,,
6221,06/14/25 03:00:00,28.394,,,,,
6222,06/14/25 03:15:00,28.394,,,,,
6223,06/14/25 03:30:00,28.369,,,,,
6224,06/14/25 03:45:00,28.369,,,,,
6225,06/14/25 04:00:00,28.369,,,,,
6226,06/14/25 04:15:00,28.369,,,,,
6227,06/14/25 04:30:00,28.345,,,,,
6228,06/14/25 04:45:00,28.369,,,,,
6229,06/14/25 05:00:00,28.345,,,,,
6230,06/14/25 05:15:00,28.345,,,,,
6231,06/14/25 05:30:00,28.345,,,,,
6232,06/14/25 05:45:00,28.345,,,,,
6233,06/14/25 06:00:00,28.345,,,,,
6234,06/14/25 06:15:00,28.345,,,,,
6235,06/14/25 06:30:00,28.345,,,,,
6236,06/14/25 06:45:00,28.345,,,,,
6237,06/14/25 07:00:00,28.320,,,,,
6238,06/14/25 07:15:00,28.345,,,,,
6239,06/14/25 07:30:00,28.345,,,,,
6240,06/14/25 07:45:00,28.345,,,,,
6241,06/14/25 08:00:00,28.369,,,,,
6242,06/14/25 08:15:00,28.419,,,,,
6243,06/14/25 08:30:00,28.394,,,,,
6244,06/14/25 08:45:00,28.419,,,,,
6245,06/14/25 09:00:00,28.493,,,,,
6246,06/14/25 09:15:00,28.518,,,,,
6247,06/14/25 09:30:00,28.518,,,,,
6248,06/14/25 09:45:00,28.543,,,,,
6249,06/14/25 10:00:00,28.543,,,,,
6250,06/14/25 10:15:00,28.568,,,,,
6251,06/14/25 10:30:00,28.568,,,,,
6252,06/14/25 10:45:00,28.568,,,,,
6253,06/14/25 11:00:00,28.593,,,,,
6254,06/14/25 11:15:00,28.593,,,,,
6255,06/14/25 11:30:00,28.593,,,,,
6256,06/14/25 11:45:00,28.617,,,,,
6257,06/14/25 12:00:00,28.593,,,,,
6258,06/14/25 12:15:00,28.617,,,,,
6259,06/14/25 12:30:00,28.617,,,,,
6260,06/14/25 12:45:00,28.617,,,,,
6261,06/14/25 13:00:00,28.593,,,,,
6262,06/14/25 13:15:00,28.617,,,,,
6263,06/14/25 13:30:00,28.617,,,,,
6264,06/14/25 13:45:00,28.617,,,,,
6265,06/14/25 14:00:00,28.617,,,,,
6266,06/14/25 14:15:00,28.617,,,,,
6267,06/14/25 14:30:00,28.617,,,,,
6268,06/14/25 14:45:00,28.617,,,,,
6269,06/14/25 15:00:00,28.617,,,,,
6270,06/14/25 15:15:00,28.642,,,,,
6271,06/14/25 15:30:00,28.642,,,,,
6272,06/14/25 15:45:00,28.642,,,,,
6273,06/14/25 16:00:00,28.642,,,,,
6274,06/14/25 16:15:00,28.667,,,,,
6275,06/14/25 16:30:00,28.692,,,,,
6276,06/14/25 16:45:00,28.667,,,,,
6277,06/14/25 17:00:00,28.692,,,,,
6278,06/14/25 17:15:00,28.667,,,,,
6279,06/14/25 17:30:00,28.667,,,,,
6280,06/14/25 17:45:00,28.667,,,,,
6281,06/14/25 18:00:00,28.667,,,,,
6282,06/14/25 18:15:00,28.642,,,,,
6283,06/14/25 18:30:00,28.642,,,,,
6284,06/14/25 18:45:00,28.642,,,,,
6285,06/14/25 19:00:00,28.617,,,,,
6286,06/14/25 19:15:00,28.617,,,,,
6287,06/14/25 19:30:00,28.593,,,,,
6288,06/14/25 19:45:00,28.617,,,,,
6289,06/14/25 20:00:00,28.617,,,,,
6290,06/14/25 20:15:00,28.617,,,,,
6291,06/14/25 20:30:00,28.593,,,,,
6292,06/14/25 20:45:00,28.593,,,,,
6293,06/14/25 21:00:00,28.568,,,,,
6294,06/14/25 21:15:00,28.568,,,,,
6295,06/14/25 21:30:00,28.568,,,,,
6296,06/14/25 21:45:00,28.568,,,,,
6297,06/14/25 22:00:00,28.568,,,,,
6298,06/14/25 22:15:00,28.568,,,,,
6299,06/14/25 22:30:00,28.543,,,,,
6300,06/14/25 22:45:00,28.543,,,,,
6301,06/14/25 23:00:00,28.518,,,,,
6302,06/14/25 23:15:00,28.518,,,,,
6303,06/14/25 23:30:00,28.518,,,,,
6304,06/14/25 23:45:00,28.518,,,,,
6305,06/15/25 00:00:00,28.518,,,,,
6306,06/15/25 00:15:00,28.518,,,,,
6307,06/15/25 00:30:00,28.518,,,,,
6308,06/15/25 00:45:00,28.493,,,,,
6309,06/15/25 01:00:00,28.493,,,,,
6310,06/15/25 01:15:00,28.493,,,,,
6311,06/15/25 01:30:00,28.493,,,,,
6312,06/15/25 01:45:00,28.493,,,,,
6313,06/15/25 02:00:00,28.493,,,,,
6314,06/15/25 02:15:00,28.468,,,,,
6315,06/15/25 02:30:00,28.468,,,,,
6316,06/15/25 02:45:00,28.468,,,,,
6317,06/15/25 03:00:00,28.444,,,,,
6318,06/15/25 03:15:00,28.394,,,,,
6319,06/15/25 03:30:00,28.369,,,,,
6320,06/15/25 03:45:00,28.345,,,,,
6321,06/15/25 04:00:00,28.369,,,,,
6322,06/15/25 04:15:00,28.369,,,,,
6323,06/15/25 04:30:00,28.345,,,,,
6324,06/15/25 04:45:00,28.345,,,,,
6325,06/15/25 05:00:00,28.345,,,,,
6326,06/15/25 05:15:00,28.345,,,,,
6327,06/15/25 05:30:00,28.345,,,,,
6328,06/15/25 05:45:00,28.345,,,,,
6329,06/15/25 06:00:00,28.369,,,,,
6330,06/15/25 06:15:00,28.369,,,,,
6331,06/15/25 06:30:00,28.369,,,,,
6332,06/15/25 06:45:00,28.369,,,,,
6333,06/15/25 07:00:00,28.369,,,,,
6334,06/15/25 07:15:00,28.369,,,,,
6335,06/15/25 07:30:00,28.369,,,,,
6336,06/15/25 07:45:00,28.345,,,,,
6337,06/15/25 08:00:00,28.345,,,,,
6338,06/15/25 08:15:00,28.369,,,,,
6339,06/15/25 08:30:00,28.369,,,,,
6340,06/15/25 08:45:00,28.394,,,,,
6341,06/15/25 09:00:00,28.419,,,,,
6342,06/15/25 09:15:00,28.444,,,,,
6343,06/15/25 09:30:00,28.444,,,,,
6344,06/15/25 09:45:00,28.468,,,,,
6345,06/15/25 10:00:00,28.468,,,,,
6346,06/15/25 10:15:00,28.468,,,,,
6347,06/15/25 10:30:00,28.468,,,,,
6348,06/15/25 10:45:00,28.518,,,,,
6349,06/15/25 11:00:00,28.518,,,,,
6350,06/15/25 11:15:00,28.493,,,,,
6351,06/15/25 11:30:00,28.518,,,,,
6352,06/15/25 11:45:00,28.543,,,,,
6353,06/15/25 12:00:00,28.543,,,,,
6354,06/15/25 12:15:00,28.568,,,,,
6355,06/15/25 12:30:00,28.568,,,,,
6356,06/15/25 12:45:00,28.568,,,,,
6357,06/15/25 13:00:00,28.593,,,,,
6358,06/15/25 13:15:00,28.568,,,,,
6359,06/15/25 13:30:00,28.568,,,,,
6360,06/15/25 13:45:00,28.568,,,,,
6361,06/15/25 14:00:00,28.543,,,,,
6362,06/15/25 14:15:00,28.543,,,,,
6363,06/15/25 14:30:00,28.543,,,,,
6364,06/15/25 14:45:00,28.543,,,,,
6365,06/15/25 15:00:00,28.543,,,,,
6366,06/15/25 15:15:00,28.543,,,,,
6367,06/15/25 15:30:00,28.543,,,,,
6368,06/15/25 15:45:00,28.543,,,,,
6369,06/15/25 16:00:00,28.518,,,,,
6370,06/15/25 16:15:00,28.543,,,,,
6371,06/15/25 16:30:00,28.543,,,,,
6372,06/15/25 16:45:00,28.568,,,,,
6373,06/15/25 17:00:00,28.568,,,,,
6374,06/15/25 17:15:00,28.568,,,,,
6375,06/15/25 17:30:00,28.593,,,,,
6376,06/15/25 17:45:00,28.568,,,,,
6377,06/15/25 18:00:00,28.568,,,,,
6378,06/15/25 18:15:00,28.568,,,,,
6379,06/15/25 18:30:00,28.568,,,,,
6380,06/15/25 18:45:00,28.568,,,,,
6381,06/15/25 19:00:00,28.568,,,,,
6382,06/15/25 19:15:00,28.568,,,,,
6383,06/15/25 19:30:00,28.568,,,,,
6384,06/15/25 19:45:00,28.568,,,,,
6385,06/15/25 20:00:00,28.568,,,,,
6386,06/15/25 20:15:00,28.568,,,,,
6387,06/15/25 20:30:00,28.568,,,,,
6388,06/15/25 20:45:00,28.568,,,,,
6389,06/15/25 21:00:00,28.568,,,,,
6390,06/15/25 21:15:00,28.568,,,,,
6391,06/15/25 21:30:00,28.543,,,,,
6392,06/15/25 21:45:00,28.543,,,,,
6393,06/15/25 22:00:00,28.543,,,,,
6394,06/15/25 22:15:00,28.543,,,,,
6395,06/15/25 22:30:00,28.543,,,,,
6396,06/15/25 22:45:00,28.518,,,,,
6397,06/15/25 23:00:00,28.518,,,,,
6398,06/15/25 23:15:00,28.518,,,,,
6399,06/15/25 23:30:00,28.518,,,,,
6400,06/15/25 23:45:00,28.518,,,,,
6401,06/16/25 00:00:00,28.518,,,,,
6402,06/16/25 00:15:00,28.518,,,,,
6403,06/16/25 00:30:00,28.518,,,,,
6404,06/16/25 00:45:00,28.518,,,,,
6405,06/16/25 01:00:00,28.518,,,,,
6406,06/16/25 01:15:00,28.518,,,,,
6407,06/16/25 01:30:00,28.518,,,,,
6408,06/16/25 01:45:00,28.518,,,,,
6409,06/16/25 02:00:00,28.518,,,,,
6410,06/16/25 02:15:00,28.518,,,,,
6411,06/16/25 02:30:00,28.518,,,,,
6412,06/16/25 02:45:00,28.518,,,,,
6413,06/16/25 03:00:00,28.518,,,,,
6414,06/16/25 03:15:00,28.493,,,,,
6415,06/16/25 03:30:00,28.493,,,,,
6416,06/16/25 03:45:00,28.493,,,,,
6417,06/16/25 04:00:00,28.493,,,,,
6418,06/16/25 04:15:00,28.493,,,,,
6419,06/16/25 04:30:00,28.493,,,,,
6420,06/16/25 04:45:00,28.493,,,,,
6421,06/16/25 05:00:00,28.493,,,,,
6422,06/16/25 05:15:00,28.493,,,,,
6423,06/16/25 05:30:00,28.493,,,,,
6424,06/16/25 05:45:00,28.493,,,,,
6425,06/16/25 06:00:00,28.493,,,,,
6426,06/16/25 06:15:00,28.493,,,,,
6427,06/16/25 06:30:00,28.468,,,,,
6428,06/16/25 06:45:00,28.468,,,,,
6429,06/16/25 07:00:00,28.468,,,,,
6430,06/16/25 07:15:00,28.444,,,,,
6431,06/16/25 07:30:00,28.419,,,,,
6432,06/16/25 07:45:00,28.394,,,,,
6433,06/16/25 08:00:00,28.394,,,,,
6434,06/16/25 08:15:00,28.419,,,,,
6435,06/16/25 08:30:00,28.419,,,,,
6436,06/16/25 08:45:00,28.419,,,,,
6437,06/16/25 09:00:00,28.419,,,,,
6438,06/16/25 09:15:00,28.394,,,,,
6439,06/16/25 09:30:00,28.419,,,,,
6440,06/16/25 09:45:00,28.444,,,,,
6441,06/16/25 10:00:00,28.444,,,,,
6442,06/16/25 10:15:00,28.468,,,,,
6443,06/16/25 10:30:00,28.493,,,,,
6444,06/16/25 10:45:00,28.543,,,,,
6445,06/16/25 11:00:00,28.543,,,,,
6446,06/16/25 11:15:00,28.568,,,,,
6447,06/16/25 11:30:00,28.568,,,,,
6448,06/16/25 11:45:00,28.568,,,,,
6449,06/16/25 12:00:00,28.568,,,,,
6450,06/16/25 12:15:00,28.593,,,,,
6451,06/16/25 12:30:00,28.617,,,,,
6452,06/16/25 12:45:00,28.642,,,,,
6453,06/16/25 13:00:00,28.642,,,,,
6454,06/16/25 13:15:00,28.642,,,,,
6455,06/16/25 13:30:00,28.642,,,,,
6456,06/16/25 13:45:00,28.642,,,,,
6457,06/16/25 14:00:00,28.667,,,,,
6458,06/16/25 14:15:00,28.667,,,,,
6459,06/16/25 14:30:00,28.642,,,,,
6460,06/16/25 14:45:00,28.642,,,,,
6461,06/16/25 15:00:00,28.617,,,,,
6462,06/16/25 15:15:00,28.617,,,,,
6463,06/16/25 15:30:00,28.617,,,,,
6464,06/16/25 15:45:00,28.642,,,,,
6465,06/16/25 16:00:00,28.642,,,,,
6466,06/16/25 16:15:00,28.642,,,,,
6467,06/16/25 16:30:00,28.617,,,,,
6468,06/16/25 16:45:00,28.617,,,,,
6469,06/16/25 17:00:00,28.617,,,,,
6470,06/16/25 17:15:00,28.617,,,,,
6471,06/16/25 17:30:00,28.617,,,,,
6472,06/16/25 17:45:00,28.617,,,,,
6473,06/16/25 18:00:00,28.593,,,,,
6474,06/16/25 18:15:00,28.593,,,,,
6475,06/16/25 18:30:00,28.593,,,,,
6476,06/16/25 18:45:00,28.593,,,,,
6477,06/16/25 19:00:00,28.593,,,,,
6478,06/16/25 19:15:00,28.642,,,,,
6479,06/16/25 19:30:00,28.667,,,,,
6480,06/16/25 19:45:00,28.717,,,,,
6481,06/16/25 20:00:00,28.717,,,,,
6482,06/16/25 20:15:00,28.766,,,,,
6483,06/16/25 20:30:00,28.766,,,,,
6484,06/16/25 20:45:00,28.766,,,,,
6485,06/16/25 21:00:00,28.766,,,,,
6486,06/16/25 21:15:00,28.742,,,,,
6487,06/16/25 21:30:00,28.742,,,,,
6488,06/16/25 21:45:00,28.742,,,,,
6489,06/16/25 22:00:00,28.717,,,,,
6490,06/16/25 22:15:00,28.692,,,,,
6491,06/16/25 22:30:00,28.667,,,,,
6492,06/16/25 22:45:00,28.617,,,,,
6493,06/16/25 23:00:00,28.593,,,,,
6494,06/16/25 23:15:00,28.543,,,,,
6495,06/16/25 23:30:00,28.543,,,,,
6496,06/16/25 23:45:00,28.543,,,,,
6497,06/17/25 00:00:00,28.543,,,,,
6498,06/17/25 00:15:00,28.543,,,,,
6499,06/17/25 00:30:00,28.568,,,,,
6500,06/17/25 00:45:00,28.568,,,,,
6501,06/17/25 01:00:00,28.568,,,,,
6502,06/17/25 01:15:00,28.568,,,,,
6503,06/17/25 01:30:00,28.568,,,,,
6504,06/17/25 01:45:00,28.568,,,,,
6505,06/17/25 02:00:00,28.568,,,,,
6506,06/17/25 02:15:00,28.568,,,,,
6507,06/17/25 02:30:00,28.568,,,,,
6508,06/17/25 02:45:00,28.568,,,,,
6509,06/17/25 03:00:00,28.568,,,,,
6510,06/17/25 03:15:00,28.568,,,,,
6511,06/17/25 03:30:00,28.568,,,,,
6512,06/17/25 03:45:00,28.568,,,,,
6513,06/17/25 04:00:00,28.568,,,,,
6514,06/17/25 04:15:00,28.568,,,,,
6515,06/17/25 04:30:00,28.568,,,,,
6516,06/17/25 04:45:00,28.568,,,,,
6517,06/17/25 05:00:00,28.568,,,,,
6518,06/17/25 05:15:00,28.568,,,,,
6519,06/17/25 05:30:00,28.568,,,,,
6520,06/17/25 05:45:00,28.568,,,,,
6521,06/17/25 06:00:00,28.568,,,,,
6522,06/17/25 06:15:00,28.568,,,,,
6523,06/17/25 06:30:00,28.568,,,,,
6524,06/17/25 06:45:00,28.568,,,,,
6525,06/17/25 07:00:00,28.568,,,,,
6526,06/17/25 07:15:00,28.593,,,,,
6527,06/17/25 07:30:00,28.593,,,,,
6528,06/17/25 07:45:00,28.568,,,,,
6529,06/17/25 08:00:00,28.593,,,,,
6530,06/17/25 08:15:00,28.568,,,,,
6531,06/17/25 08:30:00,28.568,,,,,
6532,06/17/25 08:45:00,28.593,,,,,
6533,06/17/25 09:00:00,28.593,,,,,
6534,06/17/25 09:15:00,28.593,,,,,
6535,06/17/25 09:30:00,28.617,,,,,
6536,06/17/25 09:45:00,28.617,,,,,
6537,06/17/25 10:00:00,28.617,,,,,
6538,06/17/25 10:15:00,28.617,,,,,
6539,06/17/25 10:30:00,28.617,,,,,
6540,06/17/25 10:45:00,28.617,,,,,
6541,06/17/25 11:00:00,28.593,,,,,
6542,06/17/25 11:15:00,28.617,,,,,
6543,06/17/25 11:30:00,28.617,,,,,
6544,06/17/25 11:45:00,28.617,,,,,
6545,06/17/25 12:00:00,28.617,,,,,
6546,06/17/25 12:15:00,28.617,,,,,
6547,06/17/25 12:30:00,28.617,,,,,
6548,06/17/25 12:45:00,28.642,,,,,
6549,06/17/25 13:00:00,28.642,,,,,
6550,06/17/25 13:15:00,28.667,,,,,
6551,06/17/25 13:30:00,28.642,,,,,
6552,06/17/25 13:45:00,28.642,,,,,
6553,06/17/25 14:00:00,28.642,,,,,
6554,06/17/25 14:15:00,28.642,,,,,
6555,06/17/25 14:30:00,28.617,,,,,
6556,06/17/25 14:45:00,28.642,,,,,
6557,06/17/25 15:00:00,28.667,,,,,
6558,06/17/25 15:15:00,28.692,,,,,
6559,06/17/25 15:30:00,28.717,,,,,
6560,06/17/25 15:45:00,28.742,,,,,
6561,06/17/25 16:00:00,28.742,,,,,
6562,06/17/25 16:15:00,28.742,,,,,
6563,06/17/25 16:30:00,28.766,,,,,
6564,06/17/25 16:45:00,28.742,,,,,
6565,06/17/25 17:00:00,28.742,,,,,
6566,06/17/25 17:15:00,28.742,,,,,
6567,06/17/25 17:30:00,28.742,,,,,
6568,06/17/25 17:45:00,28.717,,,,,
6569,06/17/25 18:00:00,28.742,,,,,
6570,06/17/25 18:15:00,28.717,,,,,
6571,06/17/25 18:30:00,28.717,,,,,
6572,06/17/25 18:45:00,28.667,,,,,
6573,06/17/25 19:00:00,28.617,,,,,
6574,06/17/25 19:15:00,28.617,,,,,
6575,06/17/25 19:30:00,28.593,,,,,
6576,06/17/25 19:45:00,28.568,,,,,
6577,06/17/25 20:00:00,28.568,,,,,
6578,06/17/25 20:15:00,28.543,,,,,
6579,06/17/25 20:30:00,28.518,,,,,
6580,06/17/25 20:45:00,28.518,,,,,
6581,06/17/25 21:00:00,28.493,,,,,
6582,06/17/25 21:15:00,28.493,,,,,
6583,06/17/25 21:30:00,28.543,,,,,
6584,06/17/25 21:45:00,28.518,,,,,
6585,06/17/25 22:00:00,28.518,,,,,
6586,06/17/25 22:15:00,28.518,,,,,
6587,06/17/25 22:30:00,28.518,,,,,
6588,06/17/25 22:45:00,28.518,,,,,
6589,06/17/25 23:00:00,28.493,,,,,
6590,06/17/25 23:15:00,28.493,,,,,
6591,06/17/25 23:30:00,28.493,,,,,
6592,06/17/25 23:45:00,28.468,,,,,
6593,06/18/25 00:00:00,28.444,,,,,
6594,06/18/25 00:15:00,28.444,,,,,
6595,06/18/25 00:30:00,28.444,,,,,
6596,06/18/25 00:45:00,28.468,,,,,
6597,06/18/25 01:00:00,28.493,,,,,
6598,06/18/25 01:15:00,28.518,,,,,
6599,06/18/25 01:30:00,28.518,,,,,
6600,06/18/25 01:45:00,28.518,,,,,
6601,06/18/25 02:00:00,28.518,,,,,
6602,06/18/25 02:15:00,28.518,,,,,
6603,06/18/25 02:30:00,28.543,,,,,
6604,06/18/25 02:45:00,28.543,,,,,
6605,06/18/25 03:00:00,28.543,,,,,
6606,06/18/25 03:15:00,28.543,,,,,
6607,06/18/25 03:30:00,28.543,,,,,
6608,06/18/25 03:45:00,28.543,,,,,
6609,06/18/25 04:00:00,28.543,,,,,
6610,06/18/25 04:15:00,28.543,,,,,
6611,06/18/25 04:30:00,28.543,,,,,
6612,06/18/25 04:45:00,28.543,,,,,
6613,06/18/25 05:00:00,28.568,,,,,
6614,06/18/25 05:15:00,28.568,,,,,
6615,06/18/25 05:30:00,28.568,,,,,
6616,06/18/25 05:45:00,28.568,,,,,
6617,06/18/25 06:00:00,28.568,,,,,
6618,06/18/25 06:15:00,28.568,,,,,
6619,06/18/25 06:30:00,28.568,,,,,
6620,06/18/25 06:45:00,28.568,,,,,
6621,06/18/25 07:00:00,28.568,,,,,
6622,06/18/25 07:15:00,28.543,,,,,
6623,06/18/25 07:30:00,28.518,,,,,
6624,06/18/25 07:45:00,28.493,,,,,
6625,06/18/25 08:00:00,28.493,,,,,
6626,06/18/25 08:15:00,28.468,,,,,
6627,06/18/25 08:30:00,28.419,,,,,
6628,06/18/25 08:45:00,28.394,,,,,
6629,06/18/25 09:00:00,28.419,,,,,
6630,06/18/25 09:15:00,28.419,,,,,
6631,06/18/25 09:30:00,28.419,,,,,
6632,06/18/25 09:45:00,28.419,,,,,
6633,06/18/25 10:00:00,28.419,,,,,
6634,06/18/25 10:15:00,28.419,,,,,
6635,06/18/25 10:30:00,28.369,,,,,
6636,06/18/25 10:45:00,28.345,,,,,
6637,06/18/25 11:00:00,28.320,,,,,
6638,06/18/25 11:15:00,28.320,,,,,
6639,06/18/25 11:30:00,28.295,,,,,
6640,06/18/25 11:45:00,28.345,,,,,
6641,06/18/25 12:00:00,28.345,,,,,
6642,06/18/25 12:15:00,28.394,,,,,
6643,06/18/25 12:30:00,28.444,,,,,
6644,06/18/25 12:45:00,28.493,,,,,
6645,06/18/25 13:00:00,28.493,,,,,
6646,06/18/25 13:15:00,28.518,,,,,
6647,06/18/25 13:30:00,28.543,,,,,
6648,06/18/25 13:45:00,28.543,,,,,
6649,06/18/25 14:00:00,28.543,,,,,
6650,06/18/25 14:15:00,28.568,,,,,
6651,06/18/25 14:30:00,28.568,,,,,
6652,06/18/25 14:45:00,28.593,,,,,
6653,06/18/25 15:00:00,28.568,,,,,
6654,06/18/25 15:15:00,28.593,,,,,
6655,06/18/25 15:30:00,28.593,,,,,
6656,06/18/25 15:45:00,28.593,,,,,
6657,06/18/25 16:00:00,28.593,,,,,
6658,06/18/25 16:15:00,28.593,,,,,
6659,06/18/25 16:30:00,28.593,,,,,
6660,06/18/25 16:45:00,28.593,,,,,
6661,06/18/25 17:00:00,28.593,,,,,
6662,06/18/25 17:15:00,28.593,,,,,
6663,06/18/25 17:30:00,28.593,,,,,
6664,06/18/25 17:45:00,28.593,,,,,
6665,06/18/25 18:00:00,28.593,,,,,
6666,06/18/25 18:15:00,28.593,,,,,
6667,06/18/25 18:30:00,28.568,,,,,
6668,06/18/25 18:45:00,28.568,,,,,
6669,06/18/25 19:00:00,28.568,,,,,
6670,06/18/25 19:15:00,28.568,,,,,
6671,06/18/25 19:30:00,28.543,,,,,
6672,06/18/25 19:45:00,28.518,,,,,
6673,06/18/25 20:00:00,28.518,,,,,
6674,06/18/25 20:15:00,28.518,,,,,
6675,06/18/25 20:30:00,28.518,,,,,
6676,06/18/25 20:45:00,28.518,,,,,
6677,06/18/25 21:00:00,28.518,,,,,
6678,06/18/25 21:15:00,28.518,,,,,
6679,06/18/25 21:30:00,28.518,,,,,
6680,06/18/25 21:45:00,28.518,,,,,
6681,06/18/25 22:00:00,28.518,,,,,
6682,06/18/25 22:15:00,28.543,,,,,
6683,06/18/25 22:30:00,28.543,,,,,
6684,06/18/25 22:45:00,28.543,,,,,
6685,06/18/25 23:00:00,28.568,,,,,
6686,06/18/25 23:15:00,28.568,,,,,
6687,06/18/25 23:30:00,28.568,,,,,
6688,06/18/25 23:45:00,28.568,,,,,
6689,06/19/25 00:00:00,28.568,,,,,
6690,06/19/25 00:15:00,28.568,,,,,
6691,06/19/25 00:30:00,28.568,,,,,
6692,06/19/25 00:45:00,28.568,,,,,
6693,06/19/25 01:00:00,28.568,,,,,
6694,06/19/25 01:15:00,28.568,,,,,
6695,06/19/25 01:30:00,28.568,,,,,
6696,06/19/25 01:45:00,28.568,,,,,
6697,06/19/25 02:00:00,28.568,,,,,
6698,06/19/25 02:15:00,28.568,,,,,
6699,06/19/25 02:30:00,28.568,,,,,
6700,06/19/25 02:45:00,28.543,,,,,
6701,06/19/25 03:00:00,28.568,,,,,
6702,06/19/25 03:15:00,28.543,,,,,
6703,06/19/25 03:30:00,28.543,,,,,
6704,06/19/25 03:45:00,28.543,,,,,
6705,06/19/25 04:00:00,28.543,,,,,
6706,06/19/25 04:15:00,28.543,,,,,
6707,06/19/25 04:30:00,28.543,,,,,
6708,06/19/25 04:45:00,28.543,,,,,
6709,06/19/25 05:00:00,28.543,,,,,
6710,06/19/25 05:15:00,28.543,,,,,
6711,06/19/25 05:30:00,28.543,,,,,
6712,06/19/25 05:45:00,28.568,,,,,
6713,06/19/25 06:00:00,28.543,,,,,
6714,06/19/25 06:15:00,28.543,,,,,
6715,06/19/25 06:30:00,28.543,,,,,
6716,06/19/25 06:45:00,28.543,,,,,
6717,06/19/25 07:00:00,28.543,,,,,
6718,06/19/25 07:15:00,28.543,,,,,
6719,06/19/25 07:30:00,28.543,,,,,
6720,06/19/25 07:45:00,28.568,,,,,
6721,06/19/25 08:00:00,28.568,,,,,
6722,06/19/25 08:15:00,28.568,,,,,
6723,06/19/25 08:30:00,28.568,,,,,
6724,06/19/25 08:45:00,28.568,,,,,
6725,06/19/25 09:00:00,28.518,,,,,
6726,06/19/25 09:15:00,28.518,,,,,
6727,06/19/25 09:30:00,28.518,,,,,
6728,06/19/25 09:45:00,28.518,,,,,
6729,06/19/25 10:00:00,28.518,,,,,
6730,06/19/25 10:15:00,28.518,,,,,
6731,06/19/25 10:30:00,28.543,,,,,
6732,06/19/25 10:45:00,28.543,,,,,
6733,06/19/25 11:00:00,28.568,,,,,
6734,06/19/25 11:15:00,28.568,,,,,
6735,06/19/25 11:30:00,28.568,,,,,
6736,06/19/25 11:45:00,28.593,,,,,
6737,06/19/25 12:00:00,28.593,,,,,
6738,06/19/25 12:15:00,28.617,,,,,
6739,06/19/25 12:30:00,28.617,,,,,
6740,06/19/25 12:45:00,28.617,,,,,
6741,06/19/25 13:00:00,28.642,,,,,
6742,06/19/25 13:15:00,28.642,,,,,
6743,06/19/25 13:30:00,28.667,,,,,
6744,06/19/25 13:45:00,28.642,,,,,
6745,06/19/25 14:00:00,28.617,,,,,
6746,06/19/25 14:15:00,28.593,,,,,
6747,06/19/25 14:30:00,28.593,,,,,
6748,06/19/25 14:45:00,28.593,,,,,
6749,06/19/25 15:00:00,28.593,,,,,
6750,06/19/25 15:15:00,28.593,,,,,
6751,06/19/25 15:30:00,28.617,,,,,
6752,06/19/25 15:45:00,28.642,,,,,
6753,06/19/25 16:00:00,28.667,,,,,
6754,06/19/25 16:15:00,28.667,,,,,
6755,06/19/25 16:30:00,28.667,,,,,
6756,06/19/25 16:45:00,28.642,,,,,
6757,06/19/25 17:00:00,28.617,,,,,
6758,06/19/25 17:15:00,28.617,,,,,
6759,06/19/25 17:30:00,28.617,,,,,
6760,06/19/25 17:45:00,28.617,,,,,
6761,06/19/25 18:00:00,28.617,,,,,
6762,06/19/25 18:15:00,28.617,,,,,
6763,06/19/25 18:30:00,28.617,,,,,
6764,06/19/25 18:45:00,28.593,,,,,
6765,06/19/25 19:00:00,28.593,,,,,
6766,06/19/25 19:15:00,28.593,,,,,
6767,06/19/25 19:30:00,28.593,,,,,
6768,06/19/25 19:45:00,28.593,,,,,
6769,06/19/25 20:00:00,28.593,,,,,
6770,06/19/25 20:15:00,28.593,,,,,
6771,06/19/25 20:30:00,28.593,,,,,
6772,06/19/25 20:45:00,28.568,,,,,
6773,06/19/25 21:00:00,28.568,,,,,
6774,06/19/25 21:15:00,28.568,,,,,
6775,06/19/25 21:30:00,28.568,,,,,
6776,06/19/25 21:45:00,28.568,,,,,
6777,06/19/25 22:00:00,28.568,,,,,
6778,06/19/25 22:15:00,28.543,,,,,
6779,06/19/25 22:30:00,28.518,,,,,
6780,06/19/25 22:45:00,28.518,,,,,
6781,06/19/25 23:00:00,28.518,,,,,
6782,06/19/25 23:15:00,28.543,,,,,
6783,06/19/25 23:30:00,28.543,,,,,
6784,06/19/25 23:45:00,28.543,,,,,
6785,06/20/25 00:00:00,28.543,,,,,
6786,06/20/25 00:15:00,28.568,,,,,
6787,06/20/25 00:30:00,28.568,,,,,
6788,06/20/25 00:45:00,28.568,,,,,
6789,06/20/25 01:00:00,28.543,,,,,
6790,06/20/25 01:15:00,28.543,,,,,
6791,06/20/25 01:30:00,28.543,,,,,
6792,06/20/25 01:45:00,28.568,,,,,
6793,06/20/25 02:00:00,28.568,,,,,
6794,06/20/25 02:15:00,28.543,,,,,
6795,06/20/25 02:30:00,28.543,,,,,
6796,06/20/25 02:45:00,28.543,,,,,
6797,06/20/25 03:00:00,28.543,,,,,
6798,06/20/25 03:15:00,28.543,,,,,
6799,06/20/25 03:30:00,28.543,,,,,
6800,06/20/25 03:45:00,28.543,,,,,
6801,06/20/25 04:00:00,28.543,,,,,
6802,06/20/25 04:15:00,28.543,,,,,
6803,06/20/25 04:30:00,28.543,,,,,
6804,06/20/25 04:45:00,28.543,,,,,
6805,06/20/25 05:00:00,28.543,,,,,
6806,06/20/25 05:15:00,28.543,,,,,
6807,06/20/25 05:30:00,28.543,,,,,
6808,06/20/25 05:45:00,28.543,,,,,
6809,06/20/25 06:00:00,28.518,,,,,
6810,06/20/25 06:15:00,28.543,,,,,
6811,06/20/25 06:30:00,28.543,,,,,
6812,06/20/25 06:45:00,28.543,,,,,
6813,06/20/25 07:00:00,28.543,,,,,
6814,06/20/25 07:15:00,28.543,,,,,
6815,06/20/25 07:30:00,28.543,,,,,
6816,06/20/25 07:45:00,28.543,,,,,
6817,06/20/25 08:00:00,28.543,,,,,
6818,06/20/25 08:15:00,28.568,,,,,
6819,06/20/25 08:30:00,28.568,,,,,
6820,06/20/25 08:45:00,28.568,,,,,
6821,06/20/25 09:00:00,28.593,,,,,
6822,06/20/25 09:15:00,28.593,,,,,
6823,06/20/25 09:30:00,28.593,,,,,
6824,06/20/25 09:45:00,28.568,,,,,
6825,06/20/25 10:00:00,28.593,,,,,
6826,06/20/25 10:15:00,28.617,,,,,
6827,06/20/25 10:30:00,28.617,,,,,
6828,06/20/25 10:45:00,28.642,,,,,
6829,06/20/25 11:00:00,28.667,,,,,
6830,06/20/25 11:15:00,28.667,,,,,
6831,06/20/25 11:30:00,28.667,,,,,
6832,06/20/25 11:45:00,28.642,,,,,
6833,06/20/25 12:00:00,28.642,,,,,
6834,06/20/25 12:15:00,28.642,,,,,
6835,06/20/25 12:30:00,28.642,,,,,
6836,06/20/25 12:45:00,28.642,,,,,
6837,06/20/25 13:00:00,28.692,,,,,
6838,06/20/25 13:15:00,28.667,,,,,
6839,06/20/25 13:30:00,28.667,,,,,
6840,06/20/25 13:45:00,28.667,,,,,
6841,06/20/25 14:00:00,28.667,,,,,
6842,06/20/25 14:15:00,28.667,,,,,
6843,06/20/25 14:30:00,28.667,,,,,
6844,06/20/25 14:45:00,28.667,,,,,
6845,06/20/25 15:00:00,28.667,,,,,
6846,06/20/25 15:15:00,28.692,,,,,
6847,06/20/25 15:30:00,28.667,,,,,
6848,06/20/25 15:45:00,28.667,,,,,
6849,06/20/25 16:00:00,28.642,,,,,
6850,06/20/25 16:15:00,28.642,,,,,
6851,06/20/25 16:30:00,28.642,,,,,
6852,06/20/25 16:45:00,28.617,,,,,
6853,06/20/25 17:00:00,28.593,,,,,
6854,06/20/25 17:15:00,28.568,,,,,
6855,06/20/25 17:30:00,28.568,,,,,
6856,06/20/25 17:45:00,28.593,,,,,
6857,06/20/25 18:00:00,28.593,,,,,
6858,06/20/25 18:15:00,28.593,,,,,
6859,06/20/25 18:30:00,28.568,,,,,
6860,06/20/25 18:45:00,28.568,,,,,
6861,06/20/25 19:00:00,28.568,,,,,
6862,06/20/25 19:15:00,28.568,,,,,
6863,06/20/25 19:30:00,28.568,,,,,
6864,06/20/25 19:45:00,28.568,,,,,
6865,06/20/25 20:00:00,28.568,,,,,
6866,06/20/25 20:15:00,28.543,,,,,
6867,06/20/25 20:30:00,28.543,,,,,
6868,06/20/25 20:45:00,28.543,,,,,
6869,06/20/25 21:00:00,28.543,,,,,
6870,06/20/25 21:15:00,28.543,,,,,
6871,06/20/25 21:30:00,28.543,,,,,
6872,06/20/25 21:45:00,28.543,,,,,
6873,06/20/25 22:00:00,28.518,,,,,
6874,06/20/25 22:15:00,28.518,,,,,
6875,06/20/25 22:30:00,28.518,,,,,
6876,06/20/25 22:45:00,28.518,,,,,
6877,06/20/25 23:00:00,28.493,,,,,
6878,06/20/25 23:15:00,28.419,,,,,
6879,06/20/25 23:30:00,28.394,,,,,
6880,06/20/25 23:45:00,28.369,,,,,
6881,06/21/25 00:00:00,28.345,,,,,
6882,06/21/25 00:15:00,28.345,,,,,
6883,06/21/25 00:30:00,28.295,,,,,
6884,06/21/25 00:45:00,28.295,,,,,
6885,06/21/25 01:00:00,28.295,,,,,
6886,06/21/25 01:15:00,28.320,,,,,
6887,06/21/25 01:30:00,28.320,,,,,
6888,06/21/25 01:45:00,28.320,,,,,
6889,06/21/25 02:00:00,28.295,,,,,
6890,06/21/25 02:15:00,28.419,,,,,
6891,06/21/25 02:30:00,28.419,,,,,
6892,06/21/25 02:45:00,28.419,,,,,
6893,06/21/25 03:00:00,28.394,,,,,
6894,06/21/25 03:15:00,28.394,,,,,
6895,06/21/25 03:30:00,28.369,,,,,
6896,06/21/25 03:45:00,28.369,,,,,
6897,06/21/25 04:00:00,28.345,,,,,
6898,06/21/25 04:15:00,28.345,,,,,
6899,06/21/25 04:30:00,28.369,,,,,
6900,06/21/25 04:45:00,28.394,,,,,
6901,06/21/25 05:00:00,28.419,,,,,
6902,06/21/25 05:15:00,28.419,,,,,
6903,06/21/25 05:30:00,28.444,,,,,
6904,06/21/25 05:45:00,28.468,,,,,
6905,06/21/25 06:00:00,28.444,,,,,
6906,06/21/25 06:15:00,28.468,,,,,
6907,06/21/25 06:30:00,28.419,,,,,
6908,06/21/25 06:45:00,28.369,,,,,
6909,06/21/25 07:00:00,28.320,,,,,
6910,06/21/25 07:15:00,28.320,,,,,
6911,06/21/25 07:30:00,28.295,,,,,
6912,06/21/25 07:45:00,28.270,,,,,
6913,06/21/25 08:00:00,28.196,,,,,
6914,06/21/25 08:15:00,28.196,,,,,
6915,06/21/25 08:30:00,28.196,,,,,
6916,06/21/25 08:45:00,28.171,,,,,
6917,06/21/25 09:00:00,28.122,,,,,
6918,06/21/25 09:15:00,28.097,,,,,
6919,06/21/25 09:30:00,28.097,,,,,
6920,06/21/25 09:45:00,28.097,,,,,
6921,06/21/25 10:00:00,28.122,,,,,
6922,06/21/25 10:15:00,28.122,,,,,
6923,06/21/25 10:30:00,28.147,,,,,
6924,06/21/25 10:45:00,28.171,,,,,
6925,06/21/25 11:00:00,28.196,,,,,
6926,06/21/25 11:15:00,28.221,,,,,
6927,06/21/25 11:30:00,28.245,,,,,
6928,06/21/25 11:45:00,28.245,,,,,
6929,06/21/25 12:00:00,28.245,,,,,
6930,06/21/25 12:15:00,28.245,,,,,
6931,06/21/25 12:30:00,28.245,,,,,
6932,06/21/25 12:45:00,28.270,,,,,
6933,06/21/25 13:00:00,28.270,,,,,
6934,06/21/25 13:15:00,28.245,,,,,
6935,06/21/25 13:30:00,28.221,,,,,
6936,06/21/25 13:45:00,28.221,,,,,
6937,06/21/25 14:00:00,28.245,,,,,
6938,06/21/25 14:15:00,28.270,,,,,
6939,06/21/25 14:30:00,28.245,,,,,
6940,06/21/25 14:45:00,28.270,,,,,
6941,06/21/25 15:00:00,28.295,,,,,
6942,06/21/25 15:15:00,28.320,,,,,
6943,06/21/25 15:30:00,28.345,,,,,
6944,06/21/25 15:45:00,28.369,,,,,
6945,06/21/25 16:00:00,28.369,,,,,
6946,06/21/25 16:15:00,28.369,,,,,
6947,06/21/25 16:30:00,28.394,,,,,
6948,06/21/25 16:45:00,28.369,,,,,
6949,06/21/25 17:00:00,28.369,,,,,
6950,06/21/25 17:15:00,28.345,,,,,
6951,06/21/25 17:30:00,28.295,,,,,
6952,06/21/25 17:45:00,28.270,,,,,
6953,06/21/25 18:00:00,28.245,,,,,
6954,06/21/25 18:15:00,28.245,,,,,
6955,06/21/25 18:30:00,28.221,,,,,
6956,06/21/25 18:45:00,28.221,,,,,
6957,06/21/25 19:00:00,28.221,,,,,
6958,06/21/25 19:15:00,28.221,,,,,
6959,06/21/25 19:30:00,28.221,,,,,
6960,06/21/25 19:45:00,28.270,,,,,
6961,06/21/25 20:00:00,28.245,,,,,
6962,06/21/25 20:15:00,28.270,,,,,
6963,06/21/25 20:30:00,28.270,,,,,
6964,06/21/25 20:45:00,28.295,,,,,
6965,06/21/25 21:00:00,28.295,,,,,
6966,06/21/25 21:15:00,28.295,,,,,
6967,06/21/25 21:30:00,28.320,,,,,
6968,06/21/25 21:45:00,28.320,,,,,
6969,06/21/25 22:00:00,28.270,,,,,
6970,06/21/25 22:15:00,28.270,,,,,
6971,06/21/25 22:30:00,28.270,,,,,
6972,06/21/25 22:45:00,28.270,,,,,
6973,06/21/25 23:00:00,28.270,,,,,
6974,06/21/25 23:15:00,28.270,,,,,
6975,06/21/25 23:30:00,28.245,,,,,
6976,06/21/25 23:45:00,28.245,,,,,
6977,06/22/25 00:00:00,28.245,,,,,
6978,06/22/25 00:15:00,28.245,,,,,
6979,06/22/25 00:30:00,28.245,,,,,
6980,06/22/25 00:45:00,28.245,,,,,
6981,06/22/25 01:00:00,28.270,,,,,
6982,06/22/25 01:15:00,28.270,,,,,
6983,06/22/25 01:30:00,28.270,,,,,
6984,06/22/25 01:45:00,28.270,,,,,
6985,06/22/25 02:00:00,28.270,,,,,
6986,06/22/25 02:15:00,28.270,,,,,
6987,06/22/25 02:30:00,28.270,,,,,
6988,06/22/25 02:45:00,28.245,,,,,
6989,06/22/25 03:00:00,28.245,,,,,
6990,06/22/25 03:15:00,28.245,,,,,
6991,06/22/25 03:30:00,28.245,,,,,
6992,06/22/25 03:45:00,28.245,,,,,
6993,06/22/25 04:00:00,28.245,,,,,
6994,06/22/25 04:15:00,28.245,,,,,
6995,06/22/25 04:30:00,28.245,,,,,
6996,06/22/25 04:45:00,28.245,,,,,
6997,06/22/25 05:00:00,28.245,,,,,
6998,06/22/25 05:15:00,28.221,,,,,
6999,06/22/25 05:30:00,28.196,,,,,
7000,06/22/25 05:45:00,28.196,,,,,
7001,06/22/25 06:00:00,28.196,,,,,
7002,06/22/25 06:15:00,28.196,,,,,
7003,06/22/25 06:30:00,28.345,,,,,
7004,06/22/25 06:45:00,28.369,,,,,
7005,06/22/25 07:00:00,28.345,,,,,
7006,06/22/25 07:15:00,28.345,,,,,
7007,06/22/25 07:30:00,28.369,,,,,
7008,06/22/25 07:45:00,28.369,,,,,
7009,06/22/25 08:00:00,28.369,,,,,
7010,06/22/25 08:15:00,28.369,,,,,
7011,06/22/25 08:30:00,28.369,,,,,
7012,06/22/25 08:45:00,28.369,,,,,
7013,06/22/25 09:00:00,28.345,,,,,
7014,06/22/25 09:15:00,28.320,,,,,
7015,06/22/25 09:30:00,28.320,,,,,
7016,06/22/25 09:45:00,28.320,,,,,
7017,06/22/25 10:00:00,28.295,,,,,
7018,06/22/25 10:15:00,28.245,,,,,
7019,06/22/25 10:30:00,28.245,,,,,
7020,06/22/25 10:45:00,28.245,,,,,
7021,06/22/25 11:00:00,28.270,,,,,
7022,06/22/25 11:15:00,28.270,,,,,
7023,06/22/25 11:30:00,28.270,,,,,
7024,06/22/25 11:45:00,28.295,,,,,
7025,06/22/25 12:00:00,28.320,,,,,
7026,06/22/25 12:15:00,28.345,,,,,
7027,06/22/25 12:30:00,28.345,,,,,
7028,06/22/25 12:45:00,28.295,,,,,
7029,06/22/25 13:00:00,28.270,,,,,
7030,06/22/25 13:15:00,28.295,,,,,
7031,06/22/25 13:30:00,28.320,,,,,
7032,06/22/25 13:45:00,28.320,,,,,
7033,06/22/25 14:00:00,28.320,,,,,
7034,06/22/25 14:15:00,28.369,,,,,
7035,06/22/25 14:30:00,28.369,,,,,
7036,06/22/25 14:45:00,28.369,,,,,
7037,06/22/25 15:00:00,28.345,,,,,
7038,06/22/25 15:15:00,28.345,,,,,
7039,06/22/25 15:30:00,28.369,,,,,
7040,06/22/25 15:45:00,28.369,,,,,
7041,06/22/25 16:00:00,28.369,,,,,
7042,06/22/25 16:15:00,28.369,,,,,
7043,06/22/25 16:30:00,28.369,,,,,
7044,06/22/25 16:45:00,28.345,,,,,
7045,06/22/25 17:00:00,28.345,,,,,
7046,06/22/25 17:15:00,28.320,,,,,
7047,06/22/25 17:30:00,28.320,,,,,
7048,06/22/25 17:45:00,28.320,,,,,
7049,06/22/25 18:00:00,28.320,,,,,
7050,06/22/25 18:15:00,28.320,,,,,
7051,06/22/25 18:30:00,28.320,,,,,
7052,06/22/25 18:45:00,28.320,,,,,
7053,06/22/25 19:00:00,28.320,,,,,
7054,06/22/25 19:15:00,28.320,,,,,
7055,06/22/25 19:30:00,28.320,,,,,
7056,06/22/25 19:45:00,28.320,,,,,
7057,06/22/25 20:00:00,28.320,,,,,
7058,06/22/25 20:15:00,28.320,,,,,
7059,06/22/25 20:30:00,28.320,,,,,
7060,06/22/25 20:45:00,28.320,,,,,
7061,06/22/25 21:00:00,28.320,,,,,
7062,06/22/25 21:15:00,28.320,,,,,
7063,06/22/25 21:30:00,28.295,,,,,
7064,06/22/25 21:45:00,28.295,,,,,
7065,06/22/25 22:00:00,28.295,,,,,
7066,06/22/25 22:15:00,28.295,,,,,
7067,06/22/25 22:30:00,28.320,,,,,
7068,06/22/25 22:45:00,28.320,,,,,
7069,06/22/25 23:00:00,28.345,,,,,
7070,06/22/25 23:15:00,28.345,,,,,
7071,06/22/25 23:30:00,28.345,,,,,
7072,06/22/25 23:45:00,28.345,,,,,
7073,06/23/25 00:00:00,28.345,,,,,
7074,06/23/25 00:15:00,28.320,,,,,
7075,06/23/25 00:30:00,28.320,,,,,
7076,06/23/25 00:45:00,28.295,,,,,
7077,06/23/25 01:00:00,28.295,,,,,
7078,06/23/25 01:15:00,28.295,,,,,
7079,06/23/25 01:30:00,28.295,,,,,
7080,06/23/25 01:45:00,28.320,,,,,
7081,06/23/25 02:00:00,28.320,,,,,
7082,06/23/25 02:15:00,28.295,,,,,
7083,06/23/25 02:30:00,28.295,,,,,
7084,06/23/25 02:45:00,28.295,,,,,
7085,06/23/25 03:00:00,28.295,,,,,
7086,06/23/25 03:15:00,28.295,,,,,
7087,06/23/25 03:30:00,28.270,,,,,
7088,06/23/25 03:45:00,28.270,,,,,
7089,06/23/25 04:00:00,28.270,,,,,
7090,06/23/25 04:15:00,28.270,,,,,
7091,06/23/25 04:30:00,28.245,,,,,
7092,06/23/25 04:45:00,28.221,,,,,
7093,06/23/25 05:00:00,28.221,,,,,
7094,06/23/25 05:15:00,28.147,,,,,
7095,06/23/25 05:30:00,28.122,,,,,
7096,06/23/25 05:45:00,28.147,,,,,
7097,06/23/25 06:00:00,28.147,,,,,
7098,06/23/25 06:15:00,28.171,,,,,
7099,06/23/25 06:30:00,28.171,,,,,
7100,06/23/25 06:45:00,28.147,,,,,
7101,06/23/25 07:00:00,28.147,,,,,
7102,06/23/25 07:15:00,28.147,,,,,
7103,06/23/25 07:30:00,28.147,,,,,
7104,06/23/25 07:45:00,28.171,,,,,
7105,06/23/25 08:00:00,28.147,,,,,
7106,06/23/25 08:15:00,28.147,,,,,
7107,06/23/25 08:30:00,28.171,,,,,
7108,06/23/25 08:45:00,28.171,,,,,
7109,06/23/25 09:00:00,28.196,,,,,
7110,06/23/25 09:15:00,28.221,,,,,
7111,06/23/25 09:30:00,28.245,,,,,
7112,06/23/25 09:45:00,28.245,,,,,
7113,06/23/25 10:00:00,28.245,,,,,
7114,06/23/25 10:15:00,28.270,,,,,
7115,06/23/25 10:30:00,28.270,,,,,
7116,06/23/25 10:45:00,28.295,,,,,
7117,06/23/25 11:00:00,28.320,,,,,
7118,06/23/25 11:15:00,28.369,,,,,
7119,06/23/25 11:30:00,28.394,,,,,
7120,06/23/25 11:45:00,28.419,,,,,
7121,06/23/25 12:00:00,28.419,,,,,
7122,06/23/25 12:15:00,28.419,,,,,
7123,06/23/25 12:30:00,28.444,,,,,
7124,06/23/25 12:45:00,28.444,,,,,
7125,06/23/25 13:00:00,28.444,,,,,
7126,06/23/25 13:15:00,28.444,,,,,
7127,06/23/25 13:30:00,28.468,,,,,
7128,06/23/25 13:45:00,28.468,,,,,
7129,06/23/25 14:00:00,28.468,,,,,
7130,06/23/25 14:15:00,28.468,,,,,
7131,06/23/25 14:30:00,28.468,,,,,
7132,06/23/25 14:45:00,28.468,,,,,
7133,06/23/25 15:00:00,28.468,,,,,
7134,06/23/25 15:15:00,28.468,,,,,
7135,06/23/25 15:30:00,28.493,,,,,
7136,06/23/25 15:45:00,28.518,,,,,
7137,06/23/25 16:00:00,28.543,,,,,
7138,06/23/25 16:15:00,28.568,,,,,
7139,06/23/25 16:30:00,28.593,,,,,
7140,06/23/25 16:45:00,28.568,,,,,
7141,06/23/25 17:00:00,28.568,,,,,
7142,06/23/25 17:15:00,28.568,,,,,
7143,06/23/25 17:30:00,28.593,,,,,
7144,06/23/25 17:45:00,28.617,,,,,
7145,06/23/25 18:00:00,28.617,,,,,
7146,06/23/25 18:15:00,28.617,,,,,
7147,06/23/25 18:30:00,28.617,,,,,
7148,06/23/25 18:45:00,28.593,,,,,
7149,06/23/25 19:00:00,28.518,,,,,
7150,06/23/25 19:15:00,28.493,,,,,
7151,06/23/25 19:30:00,28.493,,,,,
7152,06/23/25 19:45:00,28.493,,,,,
7153,06/23/25 20:00:00,28.468,,,,,
7154,06/23/25 20:15:00,28.444,,,,,
7155,06/23/25 20:30:00,28.369,,,,,
7156,06/23/25 20:45:00,28.369,,,,,
7157,06/23/25 21:00:00,28.345,,,,,
7158,06/23/25 21:15:00,28.345,,,,,
7159,06/23/25 21:30:00,28.345,,,,,
7160,06/23/25 21:45:00,28.320,,,,,
7161,06/23/25 22:00:00,28.295,,,,,
7162,06/23/25 22:15:00,28.295,,,,,
7163,06/23/25 22:30:00,28.295,,,,,
7164,06/23/25 22:45:00,28.270,,,,,
7165,06/23/25 23:00:00,28.295,,,,,
7166,06/23/25 23:15:00,28.270,,,,,
7167,06/23/25 23:30:00,28.345,,,,,
7168,06/23/25 23:45:00,28.369,,,,,
7169,06/24/25 00:00:00,28.369,,,,,
7170,06/24/25 00:15:00,28.345,,,,,
7171,06/24/25 00:30:00,28.345,,,,,
7172,06/24/25 00:45:00,28.345,,,,,
7173,06/24/25 01:00:00,28.345,,,,,
7174,06/24/25 01:15:00,28.345,,,,,
7175,06/24/25 01:30:00,28.345,,,,,
7176,06/24/25 01:45:00,28.345,,,,,
7177,06/24/25 02:00:00,28.345,,,,,
7178,06/24/25 02:15:00,28.345,,,,,
7179,06/24/25 02:30:00,28.345,,,,,
7180,06/24/25 02:45:00,28.345,,,,,
7181,06/24/25 03:00:00,28.345,,,,,
7182,06/24/25 03:15:00,28.345,,,,,
7183,06/24/25 03:30:00,28.345,,,,,
7184,06/24/25 03:45:00,28.345,,,,,
7185,06/24/25 04:00:00,28.345,,,,,
7186,06/24/25 04:15:00,28.320,,,,,
7187,06/24/25 04:30:00,28.295,,,,,
7188,06/24/25 04:45:00,28.270,,,,,
7189,06/24/25 05:00:00,28.270,,,,,
7190,06/24/25 05:15:00,28.270,,,,,
7191,06/24/25 05:30:00,28.270,,,,,
7192,06/24/25 05:45:00,28.270,,,,,
7193,06/24/25 06:00:00,28.245,,,,,
7194,06/24/25 06:15:00,28.245,,,,,
7195,06/24/25 06:30:00,28.245,,,,,
7196,06/24/25 06:45:00,28.221,,,,,
7197,06/24/25 07:00:00,28.221,,,,,
7198,06/24/25 07:15:00,28.196,,,,,
7199,06/24/25 07:30:00,28.171,,,,,
7200,06/24/25 07:45:00,28.147,,,,,
7201,06/24/25 08:00:00,28.147,,,,,
7202,06/24/25 08:15:00,28.147,,,,,
7203,06/24/25 08:30:00,28.147,,,,,
7204,06/24/25 08:45:00,28.147,,,,,
7205,06/24/25 09:00:00,28.171,,,,,
7206,06/24/25 09:15:00,28.196,,,,,
7207,06/24/25 09:30:00,28.196,,,,,
7208,06/24/25 09:45:00,28.196,,,,,
7209,06/24/25 10:00:00,28.221,,,,,
7210,06/24/25 10:15:00,28.270,,,,,
7211,06/24/25 10:30:00,28.245,,,,,
7212,06/24/25 10:45:00,28.270,,,,,
7213,06/24/25 11:00:00,28.320,,,,,
7214,06/24/25 11:15:00,28.320,,,,,
7215,06/24/25 11:30:00,28.345,,,,,
7216,06/24/25 11:45:00,28.345,,,,,
7217,06/24/25 12:00:00,28.345,,,,,
7218,06/24/25 12:15:00,28.345,,,,,
7219,06/24/25 12:30:00,28.369,,,,,
7220,06/24/25 12:45:00,28.369,,,,,
7221,06/24/25 13:00:00,28.345,,,,,
7222,06/24/25 13:15:00,28.320,,,,,
7223,06/24/25 13:30:00,28.320,,,,,
7224,06/24/25 13:45:00,28.345,,,,,
7225,06/24/25 14:00:00,28.345,,,,,
7226,06/24/25 14:15:00,28.345,,,,,
7227,06/24/25 14:30:00,28.345,,,,,
7228,06/24/25 14:45:00,28.345,,,,,
7229,06/24/25 15:00:00,28.345,,,,,
7230,06/24/25 15:15:00,28.345,,,,,
7231,06/24/25 15:30:00,28.345,,,,,
7232,06/24/25 15:45:00,28.345,,,,,
7233,06/24/25 16:00:00,28.345,,,,,
7234,06/24/25 16:15:00,28.345,,,,,
7235,06/24/25 16:30:00,28.369,,,,,
7236,06/24/25 16:45:00,28.369,,,,,
7237,06/24/25 17:00:00,28.369,,,,,
7238,06/24/25 17:15:00,28.369,,,,,
7239,06/24/25 17:30:00,28.369,,,,,
7240,06/24/25 17:45:00,28.369,,,,,
7241,06/24/25 18:00:00,28.369,,,,,
7242,06/24/25 18:15:00,28.369,,,,,
7243,06/24/25 18:30:00,28.369,,,,,
7244,06/24/25 18:45:00,28.369,,,,,
7245,06/24/25 19:00:00,28.369,,,,,
7246,06/24/25 19:15:00,28.345,,,,,
7247,06/24/25 19:30:00,28.320,,,,,
7248,06/24/25 19:45:00,28.320,,,,,
7249,06/24/25 20:00:00,28.320,,,,,
7250,06/24/25 20:15:00,28.320,,,,,
7251,06/24/25 20:30:00,28.320,,,,,
7252,06/24/25 20:45:00,28.320,,,,,
7253,06/24/25 21:00:00,28.345,,,,,
7254,06/24/25 21:15:00,28.345,,,,,
7255,06/24/25 21:30:00,28.320,,,,,
7256,06/24/25 21:45:00,28.320,,,,,
7257,06/24/25 22:00:00,28.320,,,,,
7258,06/24/25 22:15:00,28.320,,,,,
7259,06/24/25 22:30:00,28.320,,,,,
7260,06/24/25 22:45:00,28.295,,,,,
7261,06/24/25 23:00:00,28.295,,,,,
7262,06/24/25 23:15:00,28.295,,,,,
7263,06/24/25 23:30:00,28.295,,,,,
7264,06/24/25 23:45:00,28.295,,,,,
7265,06/25/25 00:00:00,28.295,,,,,
7266,06/25/25 00:15:00,28.270,,,,,
7267,06/25/25 00:30:00,28.270,,,,,
7268,06/25/25 00:45:00,28.270,,,,,
7269,06/25/25 01:00:00,28.270,,,,,
7270,06/25/25 01:15:00,28.270,,,,,
7271,06/25/25 01:30:00,28.270,,,,,
7272,06/25/25 01:45:00,28.245,,,,,
7273,06/25/25 02:00:00,28.245,,,,,
7274,06/25/25 02:15:00,28.245,,,,,
7275,06/25/25 02:30:00,28.245,,,,,
7276,06/25/25 02:45:00,28.270,,,,,
7277,06/25/25 03:00:00,28.295,,,,,
7278,06/25/25 03:15:00,28.295,,,,,
7279,06/25/25 03:30:00,28.295,,,,,
7280,06/25/25 03:45:00,28.295,,,,,
7281,06/25/25 04:00:00,28.295,,,,,
7282,06/25/25 04:15:00,28.295,,,,,
7283,06/25/25 04:30:00,28.270,,,,,
7284,06/25/25 04:45:00,28.245,,,,,
7285,06/25/25 05:00:00,28.245,,,,,
7286,06/25/25 05:15:00,28.245,,,,,
7287,06/25/25 05:30:00,28.245,,,,,
7288,06/25/25 05:45:00,28.245,,,,,
7289,06/25/25 06:00:00,28.245,,,,,
7290,06/25/25 06:15:00,28.245,,,,,
7291,06/25/25 06:30:00,28.245,,,,,
7292,06/25/25 06:45:00,28.245,,,,,
7293,06/25/25 07:00:00,28.245,,,,,
7294,06/25/25 07:15:00,28.221,,,,,
7295,06/25/25 07:30:00,28.221,,,,,
7296,06/25/25 07:45:00,28.221,,,,,
7297,06/25/25 08:00:00,28.221,,,,,
7298,06/25/25 08:15:00,28.221,,,,,
7299,06/25/25 08:30:00,28.245,,,,,
7300,06/25/25 08:45:00,28.245,,,,,
7301,06/25/25 09:00:00,28.270,,,,,
7302,06/25/25 09:15:00,28.270,,,,,
7303,06/25/25 09:30:00,28.270,,,,,
7304,06/25/25 09:45:00,28.295,,,,,
7305,06/25/25 10:00:00,28.295,,,,,
7306,06/25/25 10:15:00,28.320,,,,,
7307,06/25/25 10:30:00,28.320,,,,,
7308,06/25/25 10:45:00,28.345,,,,,
7309,06/25/25 11:00:00,28.345,,,,,
7310,06/25/25 11:15:00,28.320,,,,,
7311,06/25/25 11:30:00,28.345,,,,,
7312,06/25/25 11:45:00,28.320,,,,,
7313,06/25/25 12:00:00,28.345,,,,,
7314,06/25/25 12:15:00,28.369,,,,,
7315,06/25/25 12:30:00,28.295,,,,,
7316,06/25/25 12:45:00,28.320,,,,,
7317,06/25/25 13:00:00,28.295,,,,,
7318,06/25/25 13:15:00,28.369,,,,,
7319,06/25/25 13:30:00,28.369,,,,,
7320,06/25/25 13:45:00,28.394,,,,,
7321,06/25/25 14:00:00,28.419,,,,,
7322,06/25/25 14:15:00,28.419,,,,,
7323,06/25/25 14:30:00,28.444,,,,,
7324,06/25/25 14:45:00,28.468,,,,,
7325,06/25/25 15:00:00,28.468,,,,,
7326,06/25/25 15:15:00,28.493,,,,,
7327,06/25/25 15:30:00,28.518,,,,,
7328,06/25/25 15:45:00,28.468,,,,,
7329,06/25/25 16:00:00,28.468,,,,,
7330,06/25/25 16:15:00,28.468,,,,,
7331,06/25/25 16:30:00,28.468,,,,,
7332,06/25/25 16:45:00,28.493,,,,,
7333,06/25/25 17:00:00,28.518,,,,,
7334,06/25/25 17:15:00,28.518,,,,,
7335,06/25/25 17:30:00,28.518,,,,,
7336,06/25/25 17:45:00,28.518,,,,,
7337,06/25/25 18:00:00,28.518,,,,,
7338,06/25/25 18:15:00,28.468,,,,,
7339,06/25/25 18:30:00,28.444,,,,,
7340,06/25/25 18:45:00,28.419,,,,,
7341,06/25/25 19:00:00,28.394,,,,,
7342,06/25/25 19:15:00,28.369,,,,,
7343,06/25/25 19:30:00,28.320,,,,,
7344,06/25/25 19:45:00,28.320,,,,,
7345,06/25/25 20:00:00,28.320,,,,,
7346,06/25/25 20:15:00,28.320,,,,,
7347,06/25/25 20:30:00,28.320,,,,,
7348,06/25/25 20:45:00,28.320,,,,,
7349,06/25/25 21:00:00,28.320,,,,,
7350,06/25/25 21:15:00,28.320,,,,,
7351,06/25/25 21:30:00,28.320,,,,,
7352,06/25/25 21:45:00,28.320,,,,,
7353,06/25/25 22:00:00,28.270,,,,,
7354,06/25/25 22:15:00,28.196,,,,,
7355,06/25/25 22:30:00,28.196,,,,,
7356,06/25/25 22:45:00,28.196,,,,,
7357,06/25/25 23:00:00,28.221,,,,,
7358,06/25/25 23:15:00,28.245,,,,,
7359,06/25/25 23:30:00,28.245,,,,,
7360,06/25/25 23:45:00,28.245,,,,,
7361,06/26/25 00:00:00,28.270,,,,,
7362,06/26/25 00:15:00,28.270,,,,,
7363,06/26/25 00:30:00,28.270,,,,,
7364,06/26/25 00:45:00,28.270,,,,,
7365,06/26/25 01:00:00,28.270,,,,,
7366,06/26/25 01:15:00,28.245,,,,,
7367,06/26/25 01:30:00,28.245,,,,,
7368,06/26/25 01:45:00,28.245,,,,,
7369,06/26/25 02:00:00,28.245,,,,,
7370,06/26/25 02:15:00,28.245,,,,,
7371,06/26/25 02:30:00,28.221,,,,,
7372,06/26/25 02:45:00,28.196,,,,,
7373,06/26/25 03:00:00,28.171,,,,,
7374,06/26/25 03:15:00,28.171,,,,,
7375,06/26/25 03:30:00,28.171,,,,,
7376,06/26/25 03:45:00,28.171,,,,,
7377,06/26/25 04:00:00,28.147,,,,,
7378,06/26/25 04:15:00,28.147,,,,,
7379,06/26/25 04:30:00,28.147,,,,,
7380,06/26/25 04:45:00,28.147,,,,,
7381,06/26/25 05:00:00,28.147,,,,,
7382,06/26/25 05:15:00,28.147,,,,,
7383,06/26/25 05:30:00,28.147,,,,,
7384,06/26/25 05:45:00,28.147,,,,,
7385,06/26/25 06:00:00,28.147,,,,,
7386,06/26/25 06:15:00,28.147,,,,,
7387,06/26/25 06:30:00,28.122,,,,,
7388,06/26/25 06:45:00,28.097,,,,,
7389,06/26/25 07:00:00,28.072,,,,,
7390,06/26/25 07:15:00,28.072,,,,,
7391,06/26/25 07:30:00,28.097,,,,,
7392,06/26/25 07:45:00,28.097,,,,,
7393,06/26/25 08:00:00,28.122,,,,,
7394,06/26/25 08:15:00,28.122,,,,,
7395,06/26/25 08:30:00,28.122,,,,,
7396,06/26/25 08:45:00,28.147,,,,,
7397,06/26/25 09:00:00,28.171,,,,,
7398,06/26/25 09:15:00,28.196,,,,,
7399,06/26/25 09:30:00,28.196,,,,,
7400,06/26/25 09:45:00,28.221,,,,,
7401,06/26/25 10:00:00,28.245,,,,,
7402,06/26/25 10:15:00,28.245,,,,,
7403,06/26/25 10:30:00,28.270,,,,,
7404,06/26/25 10:45:00,28.270,,,,,
7405,06/26/25 11:00:00,28.270,,,,,
7406,06/26/25 11:15:00,28.320,,,,,
7407,06/26/25 11:30:00,28.320,,,,,
7408,06/26/25 11:45:00,28.320,,,,,
7409,06/26/25 12:00:00,28.345,,,,,
7410,06/26/25 12:15:00,28.369,,,,,
7411,06/26/25 12:30:00,28.369,,,,,
7412,06/26/25 12:45:00,28.369,,,,,
7413,06/26/25 13:00:00,28.369,,,,,
7414,06/26/25 13:15:00,28.369,,,,,
7415,06/26/25 13:30:00,28.394,,,,,
7416,06/26/25 13:45:00,28.419,,,,,
7417,06/26/25 14:00:00,28.394,,,,,
7418,06/26/25 14:15:00,28.394,,,,,
7419,06/26/25 14:30:00,28.419,,,,,
7420,06/26/25 14:45:00,28.419,,,,,
7421,06/26/25 15:00:00,28.444,,,,,
7422,06/26/25 15:15:00,28.419,,,,,
7423,06/26/25 15:30:00,28.394,,,,,
7424,06/26/25 15:45:00,28.419,,,,,
7425,06/26/25 16:00:00,28.394,,,,,
7426,06/26/25 16:15:00,28.394,,,,,
7427,06/26/25 16:30:00,28.394,,,,,
7428,06/26/25 16:45:00,28.369,,,,,
7429,06/26/25 17:00:00,28.394,,,,,
7430,06/26/25 17:15:00,28.394,,,,,
7431,06/26/25 17:30:00,28.394,,,,,
7432,06/26/25 17:45:00,28.369,,,,,
7433,06/26/25 18:00:00,28.369,,,,,
7434,06/26/25 18:15:00,28.369,,,,,
7435,06/26/25 18:30:00,28.394,,,,,
7436,06/26/25 18:45:00,28.419,,,,,
7437,06/26/25 19:00:00,28.419,,,,,
7438,06/26/25 19:15:00,28.419,,,,,
7439,06/26/25 19:30:00,28.419,,,,,
7440,06/26/25 19:45:00,28.394,,,,,
7441,06/26/25 20:00:00,28.394,,,,,
7442,06/26/25 20:15:00,28.369,,,,,
7443,06/26/25 20:30:00,28.369,,,,,
7444,06/26/25 20:45:00,28.369,,,,,
7445,06/26/25 21:00:00,28.369,,,,,
7446,06/26/25 21:15:00,28.369,,,,,
7447,06/26/25 21:30:00,28.369,,,,,
7448,06/26/25 21:45:00,28.345,,,,,
7449,06/26/25 22:00:00,28.369,,,,,
7450,06/26/25 22:15:00,28.345,,,,,
7451,06/26/25 22:30:00,28.345,,,,,
7452,06/26/25 22:45:00,28.345,,,,,
7453,06/26/25 23:00:00,28.345,,,,,
7454,06/26/25 23:15:00,28.320,,,,,
7455,06/26/25 23:30:00,28.320,,,,,
7456,06/26/25 23:45:00,28.320,,,,,
7457,06/27/25 00:00:00,28.320,,,,,
7458,06/27/25 00:15:00,28.320,,,,,
7459,06/27/25 00:30:00,28.345,,,,,
7460,06/27/25 00:45:00,28.320,,,,,
7461,06/27/25 01:00:00,28.320,,,,,
7462,06/27/25 01:15:00,28.320,,,,,
7463,06/27/25 01:30:00,28.320,,,,,
7464,06/27/25 01:45:00,28.320,,,,,
7465,06/27/25 02:00:00,28.320,,,,,
7466,06/27/25 02:15:00,28.295,,,,,
7467,06/27/25 02:30:00,28.295,,,,,
7468,06/27/25 02:45:00,28.295,,,,,
7469,06/27/25 03:00:00,28.295,,,,,
7470,06/27/25 03:15:00,28.270,,,,,
7471,06/27/25 03:30:00,28.270,,,,,
7472,06/27/25 03:45:00,28.270,,,,,
7473,06/27/25 04:00:00,28.270,,,,,
7474,06/27/25 04:15:00,28.221,,,,,
7475,06/27/25 04:30:00,28.221,,,,,
7476,06/27/25 04:45:00,28.221,,,,,
7477,06/27/25 05:00:00,28.221,,,,,
7478,06/27/25 05:15:00,28.221,,,,,
7479,06/27/25 05:30:00,28.221,,,,,
7480,06/27/25 05:45:00,28.221,,,,,
7481,06/27/25 06:00:00,28.221,,,,,
7482,06/27/25 06:15:00,28.221,,,,,
7483,06/27/25 06:30:00,28.196,,,,,
7484,06/27/25 06:45:00,28.171,,,,,
7485,06/27/25 07:00:00,28.147,,,,,
7486,06/27/25 07:15:00,28.147,,,,,
7487,06/27/25 07:30:00,28.097,,,,,
7488,06/27/25 07:45:00,28.072,,,,,
7489,06/27/25 08:00:00,28.097,,,,,
7490,06/27/25 08:15:00,28.097,,,,,
7491,06/27/25 08:30:00,28.097,,,,,
7492,06/27/25 08:45:00,28.072,,,,,
7493,06/27/25 09:00:00,28.097,,,,,
7494,06/27/25 09:15:00,28.122,,,,,
7495,06/27/25 09:30:00,28.147,,,,,
7496,06/27/25 09:45:00,28.171,,,,,
7497,06/27/25 10:00:00,28.221,,,,,
7498,06/27/25 10:15:00,28.245,,,,,
7499,06/27/25 10:30:00,28.270,,,,,
7500,06/27/25 10:45:00,28.295,,,,,
7501,06/27/25 11:00:00,28.295,,,,,
7502,06/27/25 11:15:00,28.320,,,,,
7503,06/27/25 11:30:00,28.320,,,,,
7504,06/27/25 11:45:00,28.345,,,,,
7505,06/27/25 12:00:00,28.369,,,,,
7506,06/27/25 12:15:00,28.295,,,,,
7507,06/27/25 12:30:00,28.320,,,,,
7508,06/27/25 12:45:00,28.270,,,,,
7509,06/27/25 13:00:00,28.270,,,,,
7510,06/27/25 13:15:00,28.320,,,,,
7511,06/27/25 13:30:00,28.295,,,,,
7512,06/27/25 13:45:00,28.320,,,,,
7513,06/27/25 14:00:00,28.320,,,,,
7514,06/27/25 14:15:00,28.345,,,,,
7515,06/27/25 14:30:00,28.369,,,,,
7516,06/27/25 14:45:00,28.369,,,,,
7517,06/27/25 15:00:00,28.369,,,,,
7518,06/27/25 15:15:00,28.369,,,,,
7519,06/27/25 15:30:00,28.394,,,,,
7520,06/27/25 15:45:00,28.394,,,,,
7521,06/27/25 16:00:00,28.419,,,,,
7522,06/27/25 16:15:00,28.394,,,,,
7523,06/27/25 16:30:00,28.394,,,,,
7524,06/27/25 16:45:00,28.394,,,,,
7525,06/27/25 17:00:00,28.369,,,,,
7526,06/27/25 17:15:00,28.394,,,,,
7527,06/27/25 17:30:00,28.394,,,,,
7528,06/27/25 17:45:00,28.369,,,,,
7529,06/27/25 18:00:00,28.394,,,,,
7530,06/27/25 18:15:00,28.369,,,,,
7531,06/27/25 18:30:00,28.444,,,,,
7532,06/27/25 18:45:00,28.493,,,,,
7533,06/27/25 19:00:00,28.518,,,,,
7534,06/27/25 19:15:00,28.468,,,,,
7535,06/27/25 19:30:00,28.419,,,,,
7536,06/27/25 19:45:00,28.345,,,,,
7537,06/27/25 20:00:00,28.295,,,,,
7538,06/27/25 20:15:00,28.295,,,,,
7539,06/27/25 20:30:00,28.295,,,,,
7540,06/27/25 20:45:00,28.270,,,,,
7541,06/27/25 21:00:00,28.270,,,,,
7542,06/27/25 21:15:00,28.245,,,,,
7543,06/27/25 21:30:00,28.270,,,,,
7544,06/27/25 21:45:00,28.270,,,,,
7545,06/27/25 22:00:00,28.270,,,,,
7546,06/27/25 22:15:00,28.270,,,,,
7547,06/27/25 22:30:00,28.270,,,,,
7548,06/27/25 22:45:00,28.270,,,,,
7549,06/27/25 23:00:00,28.270,,,,,
7550,06/27/25 23:15:00,28.270,,,,,
7551,06/27/25 23:30:00,28.270,,,,,
7552,06/27/25 23:45:00,28.270,,,,,
7553,06/28/25 00:00:00,28.245,,,,,
7554,06/28/25 00:15:00,28.245,,,,,
7555,06/28/25 00:30:00,28.245,,,,,
7556,06/28/25 00:45:00,28.221,,,,,
7557,06/28/25 01:00:00,28.221,,,,,
7558,06/28/25 01:15:00,28.221,,,,,
7559,06/28/25 01:30:00,28.221,,,,,
7560,06/28/25 01:45:00,28.221,,,,,
7561,06/28/25 02:00:00,28.221,,,,,
7562,06/28/25 02:15:00,28.221,,,,,
7563,06/28/25 02:30:00,28.221,,,,,
7564,06/28/25 02:45:00,28.221,,,,,
7565,06/28/25 03:00:00,28.221,,,,,
7566,06/28/25 03:15:00,28.196,,,,,
7567,06/28/25 03:30:00,28.171,,,,,
7568,06/28/25 03:45:00,28.171,,,,,
7569,06/28/25 04:00:00,28.171,,,,,
7570,06/28/25 04:15:00,28.147,,,,,
7571,06/28/25 04:30:00,28.147,,,,,
7572,06/28/25 04:45:00,28.122,,,,,
7573,06/28/25 05:00:00,28.122,,,,,
7574,06/28/25 05:15:00,28.122,,,,,
7575,06/28/25 05:30:00,28.122,,,,,
7576,06/28/25 05:45:00,28.097,,,,,
7577,06/28/25 06:00:00,28.097,,,,,
7578,06/28/25 06:15:00,28.097,,,,,
7579,06/28/25 06:30:00,28.122,,,,,
7580,06/28/25 06:45:00,28.122,,,,,
7581,06/28/25 07:00:00,28.122,,,,,
7582,06/28/25 07:15:00,28.122,,,,,
7583,06/28/25 07:30:00,28.147,,,,,
7584,06/28/25 07:45:00,28.147,,,,,
7585,06/28/25 08:00:00,28.171,,,,,
7586,06/28/25 08:15:00,28.171,,,,,
7587,06/28/25 08:30:00,28.196,,,,,
7588,06/28/25 08:45:00,28.221,,,,,
7589,06/28/25 09:00:00,28.221,,,,,
7590,06/28/25 09:15:00,28.245,,,,,
7591,06/28/25 09:30:00,28.270,,,,,
7592,06/28/25 09:45:00,28.270,,,,,
7593,06/28/25 10:00:00,28.295,,,,,
7594,06/28/25 10:15:00,28.295,,,,,
7595,06/28/25 10:30:00,28.295,,,,,
7596,06/28/25 10:45:00,28.320,,,,,
7597,06/28/25 11:00:00,28.320,,,,,
7598,06/28/25 11:15:00,28.345,,,,,
7599,06/28/25 11:30:00,28.320,,,,,
7600,06/28/25 11:45:00,28.320,,,,,
7601,06/28/25 12:00:00,28.345,,,,,
7602,06/28/25 12:15:00,28.345,,,,,
7603,06/28/25 12:30:00,28.345,,,,,
7604,06/28/25 12:45:00,28.369,,,,,
7605,06/28/25 13:00:00,28.369,,,,,
7606,06/28/25 13:15:00,28.394,,,,,
7607,06/28/25 13:30:00,28.369,,,,,
7608,06/28/25 13:45:00,28.369,,,,,
7609,06/28/25 14:00:00,28.369,,,,,
7610,06/28/25 14:15:00,28.419,,,,,
7611,06/28/25 14:30:00,28.419,,,,,
7612,06/28/25 14:45:00,28.394,,,,,
7613,06/28/25 15:00:00,28.444,,,,,
7614,06/28/25 15:15:00,28.468,,,,,
7615,06/28/25 15:30:00,28.493,,,,,
7616,06/28/25 15:45:00,28.518,,,,,
7617,06/28/25 16:00:00,28.518,,,,,
7618,06/28/25 16:15:00,28.493,,,,,
7619,06/28/25 16:30:00,28.493,,,,,
7620,06/28/25 16:45:00,28.444,,,,,
7621,06/28/25 17:00:00,28.419,,,,,
7622,06/28/25 17:15:00,28.419,,,,,
7623,06/28/25 17:30:00,28.419,,,,,
7624,06/28/25 17:45:00,28.369,,,,,
7625,06/28/25 18:00:00,28.419,,,,,
7626,06/28/25 18:15:00,28.468,,,,,
7627,06/28/25 18:30:00,28.468,,,,,
7628,06/28/25 18:45:00,28.468,,,,,
7629,06/28/25 19:00:00,28.493,,,,,
7630,06/28/25 19:15:00,28.468,,,,,
7631,06/28/25 19:30:00,28.468,,,,,
7632,06/28/25 19:45:00,28.444,,,,,
7633,06/28/25 20:00:00,28.468,,,,,
7634,06/28/25 20:15:00,28.444,,,,,
7635,06/28/25 20:30:00,28.444,,,,,
7636,06/28/25 20:45:00,28.419,,,,,
7637,06/28/25 21:00:00,28.419,,,,,
7638,06/28/25 21:15:00,28.419,,,,,
7639,06/28/25 21:30:00,28.394,,,,,
7640,06/28/25 21:45:00,28.394,,,,,
7641,06/28/25 22:00:00,28.369,,,,,
7642,06/28/25 22:15:00,28.369,,,,,
7643,06/28/25 22:30:00,28.369,,,,,
7644,06/28/25 22:45:00,28.369,,,,,
7645,06/28/25 23:00:00,28.369,,,,,
7646,06/28/25 23:15:00,28.369,,,,,
7647,06/28/25 23:30:00,28.369,,,,,
7648,06/28/25 23:45:00,28.369,,,,,
7649,06/29/25 00:00:00,28.345,,,,,
7650,06/29/25 00:15:00,28.345,,,,,
7651,06/29/25 00:30:00,28.345,,,,,
7652,06/29/25 00:45:00,28.345,,,,,
7653,06/29/25 01:00:00,28.320,,,,,
7654,06/29/25 01:15:00,28.320,,,,,
7655,06/29/25 01:30:00,28.320,,,,,
7656,06/29/25 01:45:00,28.320,,,,,
7657,06/29/25 02:00:00,28.320,,,,,
7658,06/29/25 02:15:00,28.320,,,,,
7659,06/29/25 02:30:00,28.320,,,,,
7660,06/29/25 02:45:00,28.320,,,,,
7661,06/29/25 03:00:00,28.295,,,,,
7662,06/29/25 03:15:00,28.295,,,,,
7663,06/29/25 03:30:00,28.295,,,,,
7664,06/29/25 03:45:00,28.295,,,,,
7665,06/29/25 04:00:00,28.295,,,,,
7666,06/29/25 04:15:00,28.270,,,,,
7667,06/29/25 04:30:00,28.270,,,,,
7668,06/29/25 04:45:00,28.270,,,,,
7669,06/29/25 05:00:00,28.270,,,,,
7670,06/29/25 05:15:00,28.270,,,,,
7671,06/29/25 05:30:00,28.245,,,,,
7672,06/29/25 05:45:00,28.245,,,,,
7673,06/29/25 06:00:00,28.245,,,,,
7674,06/29/25 06:15:00,28.221,,,,,
7675,06/29/25 06:30:00,28.221,,,,,
7676,06/29/25 06:45:00,28.196,,,,,
7677,06/29/25 07:00:00,28.171,,,,,
7678,06/29/25 07:15:00,28.171,,,,,
7679,06/29/25 07:30:00,28.171,,,,,
7680,06/29/25 07:45:00,28.171,,,,,
7681,06/29/25 08:00:00,28.171,,,,,
7682,06/29/25 08:15:00,28.196,,,,,
7683,06/29/25 08:30:00,28.221,,,,,
7684,06/29/25 08:45:00,28.221,,,,,
7685,06/29/25 09:00:00,28.245,,,,,
7686,06/29/25 09:15:00,28.245,,,,,
7687,06/29/25 09:30:00,28.270,,,,,
7688,06/29/25 09:45:00,28.270,,,,,
7689,06/29/25 10:00:00,28.295,,,,,
7690,06/29/25 10:15:00,28.320,,,,,
7691,06/29/25 10:30:00,28.345,,,,,
7692,06/29/25 10:45:00,28.320,,,,,
7693,06/29/25 11:00:00,28.345,,,,,
7694,06/29/25 11:15:00,28.320,,,,,
7695,06/29/25 11:30:00,28.320,,,,,
7696,06/29/25 11:45:00,28.369,,,,,
7697,06/29/25 12:00:00,28.394,,,,,
7698,06/29/25 12:15:00,28.394,,,,,
7699,06/29/25 12:30:00,28.320,,,,,
7700,06/29/25 12:45:00,28.320,,,,,
7701,06/29/25 13:00:00,28.320,,,,,
7702,06/29/25 13:15:00,28.345,,,,,
7703,06/29/25 13:30:00,28.369,,,,,
7704,06/29/25 13:45:00,28.394,,,,,
7705,06/29/25 14:00:00,28.419,,,,,
7706,06/29/25 14:15:00,28.419,,,,,
7707,06/29/25 14:30:00,28.419,,,,,
7708,06/29/25 14:45:00,28.419,,,,,
7709,06/29/25 15:00:00,28.444,,,,,
7710,06/29/25 15:15:00,28.444,,,,,
7711,06/29/25 15:30:00,28.444,,,,,
7712,06/29/25 15:45:00,28.444,,,,,
7713,06/29/25 16:00:00,28.369,,,,,
7714,06/29/25 16:15:00,28.419,,,,,
7715,06/29/25 16:30:00,28.369,,,,,
7716,06/29/25 16:45:00,28.419,,,,,
7717,06/29/25 17:00:00,28.419,,,,,
7718,06/29/25 17:15:00,28.419,,,,,
7719,06/29/25 17:30:00,28.320,,,,,
7720,06/29/25 17:45:00,28.345,,,,,
7721,06/29/25 18:00:00,28.369,,,,,
7722,06/29/25 18:15:00,28.369,,,,,
7723,06/29/25 18:30:00,28.369,,,,,
7724,06/29/25 18:45:00,28.345,,,,,
7725,06/29/25 19:00:00,28.345,,,,,
7726,06/29/25 19:15:00,28.345,,,,,
7727,06/29/25 19:30:00,28.345,,,,,
7728,06/29/25 19:45:00,28.345,,,,,
7729,06/29/25 20:00:00,28.320,,,,,
7730,06/29/25 20:15:00,28.320,,,,,
7731,06/29/25 20:30:00,28.345,,,,,
7732,06/29/25 20:45:00,28.345,,,,,
7733,06/29/25 21:00:00,28.345,,,,,
7734,06/29/25 21:15:00,28.394,,,,,
7735,06/29/25 21:30:00,28.394,,,,,
7736,06/29/25 21:45:00,28.369,,,,,
7737,06/29/25 22:00:00,28.369,,,,,
7738,06/29/25 22:15:00,28.369,,,,,
7739,06/29/25 22:30:00,28.369,,,,,
7740,06/29/25 22:45:00,28.369,,,,,
7741,06/29/25 23:00:00,28.369,,,,,
7742,06/29/25 23:15:00,28.369,,,,,
7743,06/29/25 23:30:00,28.369,,,,,
7744,06/29/25 23:45:00,28.369,,,,,
7745,06/30/25 00:00:00,28.369,,,,,
7746,06/30/25 00:15:00,28.369,,,,,
7747,06/30/25 00:30:00,28.369,,,,,
7748,06/30/25 00:45:00,28.345,,,,,
7749,06/30/25 01:00:00,28.345,,,,,
7750,06/30/25 01:15:00,28.345,,,,,
7751,06/30/25 01:30:00,28.345,,,,,
7752,06/30/25 01:45:00,28.320,,,,,
7753,06/30/25 02:00:00,28.320,,,,,
7754,06/30/25 02:15:00,28.320,,,,,
7755,06/30/25 02:30:00,28.320,,,,,
7756,06/30/25 02:45:00,28.320,,,,,
7757,06/30/25 03:00:00,28.320,,,,,
7758,06/30/25 03:15:00,28.320,,,,,
7759,06/30/25 03:30:00,28.320,,,,,
7760,06/30/25 03:45:00,28.320,,,,,
7761,06/30/25 04:00:00,28.320,,,,,
7762,06/30/25 04:15:00,28.320,,,,,
7763,06/30/25 04:30:00,28.320,,,,,
7764,06/30/25 04:45:00,28.295,,,,,
7765,06/30/25 05:00:00,28.295,,,,,
7766,06/30/25 05:15:00,28.221,,,,,
7767,06/30/25 05:30:00,28.245,,,,,
7768,06/30/25 05:45:00,28.245,,,,,
7769,06/30/25 06:00:00,28.245,,,,,
7770,06/30/25 06:15:00,28.270,,,,,
7771,06/30/25 06:30:00,28.270,,,,,
7772,06/30/25 06:45:00,28.270,,,,,
7773,06/30/25 07:00:00,28.270,,,,,
7774,06/30/25 07:15:00,28.270,,,,,
7775,06/30/25 07:30:00,28.270,,,,,
7776,06/30/25 07:45:00,28.270,,,,,
7777,06/30/25 08:00:00,28.245,,,,,
7778,06/30/25 08:15:00,28.221,,,,,
7779,06/30/25 08:30:00,28.196,,,,,
7780,06/30/25 08:45:00,28.196,,,,,
7781,06/30/25 09:00:00,28.196,,,,,
7782,06/30/25 09:15:00,28.221,,,,,
7783,06/30/25 09:30:00,28.245,,,,,
7784,06/30/25 09:45:00,28.270,,,,,
7785,06/30/25 10:00:00,28.295,,,,,
7786,06/30/25 10:15:00,28.320,,,,,
7787,06/30/25 10:30:00,28.320,,,,,
7788,06/30/25 10:45:00,28.369,,,,,
7789,06/30/25 11:00:00,28.369,,,,,
7790,06/30/25 11:15:00,28.394,,,,,
7791,06/30/25 11:30:00,28.419,,,,,
7792,06/30/25 11:45:00,28.394,,,,,
7793,06/30/25 12:00:00,28.419,,,,,
7794,06/30/25 12:15:00,28.444,,,,,
7795,06/30/25 12:30:00,28.468,,,,,
7796,06/30/25 12:45:00,28.468,,,,,
7797,06/30/25 13:00:00,28.468,,,,,
7798,06/30/25 13:15:00,28.518,,,,,
7799,06/30/25 13:30:00,28.543,,,,,
7800,06/30/25 13:45:00,28.543,,,,,
7801,06/30/25 14:00:00,28.518,,,,,
7802,06/30/25 14:15:00,28.518,,,,,
7803,06/30/25 14:30:00,28.518,,,,,
7804,06/30/25 14:45:00,28.468,,,,,
7805,06/30/25 15:00:00,28.468,,,,,
7806,06/30/25 15:15:00,28.468,,,,,
7807,06/30/25 15:30:00,28.468,,,,,
7808,06/30/25 15:45:00,28.493,,,,,
7809,06/30/25 16:00:00,28.518,,,,,
7810,06/30/25 16:15:00,28.493,,,,,
7811,06/30/25 16:30:00,28.518,,,,,
7812,06/30/25 16:45:00,28.543,,,,,
7813,06/30/25 17:00:00,28.518,,,,,
7814,06/30/25 17:15:00,28.518,,,,,
7815,06/30/25 17:30:00,28.518,,,,,
7816,06/30/25 17:45:00,28.493,,,,,
7817,06/30/25 18:00:00,28.493,,,,,
7818,06/30/25 18:15:00,28.468,,,,,
7819,06/30/25 18:30:00,28.468,,,,,
7820,06/30/25 18:45:00,28.444,,,,,
7821,06/30/25 19:00:00,28.444,,,,,
7822,06/30/25 19:15:00,28.444,,,,,
7823,06/30/25 19:30:00,28.444,,,,,
7824,06/30/25 19:45:00,28.419,,,,,
7825,06/30/25 20:00:00,28.394,,,,,
7826,06/30/25 20:15:00,28.394,,,,,
7827,06/30/25 20:30:00,28.394,,,,,
7828,06/30/25 20:45:00,28.394,,,,,
7829,06/30/25 21:00:00,28.394,,,,,
7830,06/30/25 21:15:00,28.394,,,,,
7831,06/30/25 21:30:00,28.419,,,,,
7832,06/30/25 21:45:00,28.419,,,,,
7833,06/30/25 22:00:00,28.394,,,,,
7834,06/30/25 22:15:00,28.394,,,,,
7835,06/30/25 22:30:00,28.394,,,,,
7836,06/30/25 22:45:00,28.394,,,,,
7837,06/30/25 23:00:00,28.394,,,,,
7838,06/30/25 23:15:00,28.419,,,,,
7839,06/30/25 23:30:00,28.419,,,,,
7840,06/30/25 23:45:00,28.419,,,,,
7841,07/01/25 00:00:00,28.419,,,,,
7842,07/01/25 00:15:00,28.369,,,,,
7843,07/01/25 00:30:00,28.369,,,,,
7844,07/01/25 00:45:00,28.369,,,,,
7845,07/01/25 01:00:00,28.369,,,,,
7846,07/01/25 01:15:00,28.345,,,,,
7847,07/01/25 01:30:00,28.345,,,,,
7848,07/01/25 01:45:00,28.369,,,,,
7849,07/01/25 02:00:00,28.369,,,,,
7850,07/01/25 02:15:00,28.369,,,,,
7851,07/01/25 02:30:00,28.369,,,,,
7852,07/01/25 02:45:00,28.369,,,,,
7853,07/01/25 03:00:00,28.345,,,,,
7854,07/01/25 03:15:00,28.345,,,,,
7855,07/01/25 03:30:00,28.345,,,,,
7856,07/01/25 03:45:00,28.345,,,,,
7857,07/01/25 04:00:00,28.345,,,,,
7858,07/01/25 04:15:00,28.345,,,,,
7859,07/01/25 04:30:00,28.320,,,,,
7860,07/01/25 04:45:00,28.320,,,,,
7861,07/01/25 05:00:00,28.320,,,,,
7862,07/01/25 05:15:00,28.320,,,,,
7863,07/01/25 05:30:00,28.320,,,,,
7864,07/01/25 05:45:00,28.320,,,,,
7865,07/01/25 06:00:00,28.320,,,,,
7866,07/01/25 06:15:00,28.320,,,,,
7867,07/01/25 06:30:00,28.320,,,,,
7868,07/01/25 06:45:00,28.295,,,,,
7869,07/01/25 07:00:00,28.320,,,,,
7870,07/01/25 07:15:00,28.295,,,,,
7871,07/01/25 07:30:00,28.320,,,,,
7872,07/01/25 07:45:00,28.295,,,,,
7873,07/01/25 08:00:00,28.320,,,,,
7874,07/01/25 08:15:00,28.320,,,,,
7875,07/01/25 08:30:00,28.320,,,,,
7876,07/01/25 08:45:00,28.295,,,,,
7877,07/01/25 09:00:00,28.295,,,,,
7878,07/01/25 09:15:00,28.295,,,,,
7879,07/01/25 09:30:00,28.295,,,,,
7880,07/01/25 09:45:00,28.320,,,,,
7881,07/01/25 10:00:00,28.320,,,,,
7882,07/01/25 10:15:00,28.320,,,,,
7883,07/01/25 10:30:00,28.320,,,,,
7884,07/01/25 10:45:00,28.320,,,,,
7885,07/01/25 11:00:00,28.345,,,,,
7886,07/01/25 11:15:00,28.369,,,,,
7887,07/01/25 11:30:00,28.394,,,,,
7888,07/01/25 11:45:00,28.320,,,,,
7889,07/01/25 12:00:00,28.345,,,,,
7890,07/01/25 12:15:00,28.369,,,,,
7891,07/01/25 12:30:00,28.394,,,,,
7892,07/01/25 12:45:00,28.419,,,,,
7893,07/01/25 13:00:00,28.444,,,,,
7894,07/01/25 13:15:00,28.468,,,,,
7895,07/01/25 13:30:00,28.493,,,,,
7896,07/01/25 13:45:00,28.493,,,,,
7897,07/01/25 14:00:00,28.468,,,,,
7898,07/01/25 14:15:00,28.468,,,,,
7899,07/01/25 14:30:00,28.468,,,,,
7900,07/01/25 14:45:00,28.468,,,,,
7901,07/01/25 15:00:00,28.493,,,,,
7902,07/01/25 15:15:00,28.518,,,,,
7903,07/01/25 15:30:00,28.518,,,,,
7904,07/01/25 15:45:00,28.518,,,,,
7905,07/01/25 16:00:00,28.518,,,,,
7906,07/01/25 16:15:00,28.493,,,,,
7907,07/01/25 16:30:00,28.468,,,,,
7908,07/01/25 16:45:00,28.468,,,,,
7909,07/01/25 17:00:00,28.419,,,,,
7910,07/01/25 17:15:00,28.419,,,,,
7911,07/01/25 17:30:00,28.419,,,,,
7912,07/01/25 17:45:00,28.419,,,,,
7913,07/01/25 18:00:00,28.419,,,,,
7914,07/01/25 18:15:00,28.419,,,,,
7915,07/01/25 18:30:00,28.419,,,,,
7916,07/01/25 18:45:00,28.419,,,,,
7917,07/01/25 19:00:00,28.419,,,,,
7918,07/01/25 19:15:00,28.419,,,,,
7919,07/01/25 19:30:00,28.419,,,,,
7920,07/01/25 19:45:00,28.419,,,,,
7921,07/01/25 20:00:00,28.394,,,,,
7922,07/01/25 20:15:00,28.394,,,,,
7923,07/01/25 20:30:00,28.419,,,,,
7924,07/01/25 20:45:00,28.394,,,,,
7925,07/01/25 21:00:00,28.394,,,,,
7926,07/01/25 21:15:00,28.394,,,,,
7927,07/01/25 21:30:00,28.369,,,,,
7928,07/01/25 21:45:00,28.369,,,,,
7929,07/01/25 22:00:00,28.369,,,,,
7930,07/01/25 22:15:00,28.394,,,,,
7931,07/01/25 22:30:00,28.394,,,,,
7932,07/01/25 22:45:00,28.394,,,,,
7933,07/01/25 23:00:00,28.394,,,,,
7934,07/01/25 23:15:00,28.394,,,,,
7935,07/01/25 23:30:00,28.394,,,,,
7936,07/01/25 23:45:00,28.394,,,,,
7937,07/02/25 00:00:00,28.394,,,,,
7938,07/02/25 00:15:00,28.394,,,,,
7939,07/02/25 00:30:00,28.394,,,,,
7940,07/02/25 00:45:00,28.369,,,,,
7941,07/02/25 01:00:00,28.369,,,,,
7942,07/02/25 01:15:00,28.369,,,,,
7943,07/02/25 01:30:00,28.369,,,,,
7944,07/02/25 01:45:00,28.369,,,,,
7945,07/02/25 02:00:00,28.369,,,,,
7946,07/02/25 02:15:00,28.369,,,,,
7947,07/02/25 02:30:00,28.369,,,,,
7948,07/02/25 02:45:00,28.369,,,,,
7949,07/02/25 03:00:00,28.369,,,,,
7950,07/02/25 03:15:00,28.369,,,,,
7951,07/02/25 03:30:00,28.369,,,,,
7952,07/02/25 03:45:00,28.369,,,,,
7953,07/02/25 04:00:00,28.369,,,,,
7954,07/02/25 04:15:00,28.369,,,,,
7955,07/02/25 04:30:00,28.369,,,,,
7956,07/02/25 04:45:00,28.369,,,,,
7957,07/02/25 05:00:00,28.345,,,,,
7958,07/02/25 05:15:00,28.345,,,,,
7959,07/02/25 05:30:00,28.345,,,,,
7960,07/02/25 05:45:00,28.320,,,,,
7961,07/02/25 06:00:00,28.320,,,,,
7962,07/02/25 06:15:00,28.320,,,,,
7963,07/02/25 06:30:00,28.320,,,,,
7964,07/02/25 06:45:00,28.320,,,,,
7965,07/02/25 07:00:00,28.295,,,,,
7966,07/02/25 07:15:00,28.295,,,,,
7967,07/02/25 07:30:00,28.295,,,,,
7968,07/02/25 07:45:00,28.320,,,,,
7969,07/02/25 08:00:00,28.320,,,,,
7970,07/02/25 08:15:00,28.295,,,,,
7971,07/02/25 08:30:00,28.295,,,,,
7972,07/02/25 08:45:00,28.320,,,,,
7973,07/02/25 09:00:00,28.320,,,,,
7974,07/02/25 09:15:00,28.345,,,,,
7975,07/02/25 09:30:00,28.345,,,,,
7976,07/02/25 09:45:00,28.295,,,,,
7977,07/02/25 10:00:00,28.320,,,,,
7978,07/02/25 10:15:00,28.345,,,,,
7979,07/02/25 10:30:00,28.369,,,,,
7980,07/02/25 10:45:00,28.369,,,,,
7981,07/02/25 11:00:00,28.394,,,,,
7982,07/02/25 11:15:00,28.419,,,,,
7983,07/02/25 11:30:00,28.444,,,,,
7984,07/02/25 11:45:00,28.468,,,,,
7985,07/02/25 12:00:00,28.444,,,,,
7986,07/02/25 12:15:00,28.444,,,,,
7987,07/02/25 12:30:00,28.444,,,,,
7988,07/02/25 12:45:00,28.468,,,,,
7989,07/02/25 13:00:00,28.444,,,,,
7990,07/02/25 13:15:00,28.444,,,,,
7991,07/02/25 13:30:00,28.444,,,,,
7992,07/02/25 13:45:00,28.444,,,,,
7993,07/02/25 14:00:00,28.468,,,,,
7994,07/02/25 14:15:00,28.518,,,,,
7995,07/02/25 14:30:00,28.593,,,,,
7996,07/02/25 14:45:00,28.642,,,,,
7997,07/02/25 15:00:00,28.642,,,,,
7998,07/02/25 15:15:00,28.642,,,,,
7999,07/02/25 15:30:00,28.642,,,,,
8000,07/02/25 15:45:00,28.642,,,,,
8001,07/02/25 16:00:00,28.642,,,,,
8002,07/02/25 16:15:00,28.642,,,,,
8003,07/02/25 16:30:00,28.642,,,,,
8004,07/02/25 16:45:00,28.642,,,,,
8005,07/02/25 17:00:00,28.642,,,,,
8006,07/02/25 17:15:00,28.642,,,,,
8007,07/02/25 17:30:00,28.642,,,,,
8008,07/02/25 17:45:00,28.642,,,,,
8009,07/02/25 18:00:00,28.642,,,,,
8010,07/02/25 18:15:00,28.642,,,,,
8011,07/02/25 18:30:00,28.617,,,,,
8012,07/02/25 18:45:00,28.617,,,,,
8013,07/02/25 19:00:00,28.617,,,,,
8014,07/02/25 19:15:00,28.617,,,,,
8015,07/02/25 19:30:00,28.593,,,,,
8016,07/02/25 19:45:00,28.593,,,,,
8017,07/02/25 20:00:00,28.593,,,,,
8018,07/02/25 20:15:00,28.593,,,,,
8019,07/02/25 20:30:00,28.593,,,,,
8020,07/02/25 20:45:00,28.568,,,,,
8021,07/02/25 21:00:00,28.568,,,,,
8022,07/02/25 21:15:00,28.568,,,,,
8023,07/02/25 21:30:00,28.568,,,,,
8024,07/02/25 21:45:00,28.543,,,,,
8025,07/02/25 22:00:00,28.518,,,,,
8026,07/02/25 22:15:00,28.518,,,,,
8027,07/02/25 22:30:00,28.493,,,,,
8028,07/02/25 22:45:00,28.493,,,,,
8029,07/02/25 23:00:00,28.493,,,,,
8030,07/02/25 23:15:00,28.493,,,,,
8031,07/02/25 23:30:00,28.493,,,,,
8032,07/02/25 23:45:00,28.468,,,,,
8033,07/03/25 00:00:00,28.468,,,,,
8034,07/03/25 00:15:00,28.468,,,,,
8035,07/03/25 00:30:00,28.468,,,,,
8036,07/03/25 00:45:00,28.468,,,,,
8037,07/03/25 01:00:00,28.468,,,,,
8038,07/03/25 01:15:00,28.468,,,,,
8039,07/03/25 01:30:00,28.468,,,,,
8040,07/03/25 01:45:00,28.468,,,,,
8041,07/03/25 02:00:00,28.468,,,,,
8042,07/03/25 02:15:00,28.468,,,,,
8043,07/03/25 02:30:00,28.493,,,,,
8044,07/03/25 02:45:00,28.468,,,,,
8045,07/03/25 03:00:00,28.468,,,,,
8046,07/03/25 03:15:00,28.468,,,,,
8047,07/03/25 03:30:00,28.468,,,,,
8048,07/03/25 03:45:00,28.468,,,,,
8049,07/03/25 04:00:00,28.468,,,,,
8050,07/03/25 04:15:00,28.468,,,,,
8051,07/03/25 04:30:00,28.468,,,,,
8052,07/03/25 04:45:00,28.468,,,,,
8053,07/03/25 05:00:00,28.468,,,,,
8054,07/03/25 05:15:00,28.468,,,,,
8055,07/03/25 05:30:00,28.468,,,,,
8056,07/03/25 05:45:00,28.444,,,,,
8057,07/03/25 06:00:00,28.444,,,,,
8058,07/03/25 06:15:00,28.444,,,,,
8059,07/03/25 06:30:00,28.444,,,,,
8060,07/03/25 06:45:00,28.444,,,,,
8061,07/03/25 07:00:00,28.444,,,,,
8062,07/03/25 07:15:00,28.444,,,,,
8063,07/03/25 07:30:00,28.419,,,,,
8064,07/03/25 07:45:00,28.419,,,,,
8065,07/03/25 08:00:00,28.394,,,,,
8066,07/03/25 08:15:00,28.369,,,,,
8067,07/03/25 08:30:00,28.369,,,,,
8068,07/03/25 08:45:00,28.369,,,,,
8069,07/03/25 09:00:00,28.394,,,,,
8070,07/03/25 09:15:00,28.419,,,,,
8071,07/03/25 09:30:00,28.444,,,,,
8072,07/03/25 09:45:00,28.444,,,,,
8073,07/03/25 10:00:00,28.468,,,,,
8074,07/03/25 10:15:00,28.493,,,,,
8075,07/03/25 10:30:00,28.518,,,,,
8076,07/03/25 10:45:00,28.518,,,,,
8077,07/03/25 11:00:00,28.518,,,,,
8078,07/03/25 11:15:00,28.518,,,,,
8079,07/03/25 11:30:00,28.518,,,,,
8080,07/03/25 11:45:00,28.543,,,,,
8081,07/03/25 12:00:00,28.568,,,,,
8082,07/03/25 12:15:00,28.568,,,,,
8083,07/03/25 12:30:00,28.568,,,,,
8084,07/03/25 12:45:00,28.543,,,,,
8085,07/03/25 13:00:00,28.518,,,,,
8086,07/03/25 13:15:00,28.493,,,,,
8087,07/03/25 13:30:00,28.468,,,,,
8088,07/03/25 13:45:00,28.468,,,,,
8089,07/03/25 14:00:00,28.468,,,,,
8090,07/03/25 14:15:00,28.444,,,,,
8091,07/03/25 14:30:00,28.444,,,,,
8092,07/03/25 14:45:00,28.468,,,,,
8093,07/03/25 15:00:00,28.493,,,,,
8094,07/03/25 15:15:00,28.493,,,,,
8095,07/03/25 15:30:00,28.518,,,,,
8096,07/03/25 15:45:00,28.518,,,,,
8097,07/03/25 16:00:00,28.518,,,,,
8098,07/03/25 16:15:00,28.493,,,,,
8099,07/03/25 16:30:00,28.493,,,,,
8100,07/03/25 16:45:00,28.493,,,,,
8101,07/03/25 17:00:00,28.468,,,,,
8102,07/03/25 17:15:00,28.468,,,,,
8103,07/03/25 17:30:00,28.468,,,,,
8104,07/03/25 17:45:00,28.468,,,,,
8105,07/03/25 18:00:00,28.468,,,,,
8106,07/03/25 18:15:00,28.468,,,,,
8107,07/03/25 18:30:00,28.468,,,,,
8108,07/03/25 18:45:00,28.468,,,,,
8109,07/03/25 19:00:00,28.468,,,,,
8110,07/03/25 19:15:00,28.493,,,,,
8111,07/03/25 19:30:00,28.493,,,,,
8112,07/03/25 19:45:00,28.493,,,,,
8113,07/03/25 20:00:00,28.493,,,,,
8114,07/03/25 20:15:00,28.468,,,,,
8115,07/03/25 20:30:00,28.468,,,,,
8116,07/03/25 20:45:00,28.468,,,,,
8117,07/03/25 21:00:00,28.493,,,,,
8118,07/03/25 21:15:00,28.493,,,,,
8119,07/03/25 21:30:00,28.493,,,,,
8120,07/03/25 21:45:00,28.468,,,,,
8121,07/03/25 22:00:00,28.468,,,,,
8122,07/03/25 22:15:00,28.468,,,,,
8123,07/03/25 22:30:00,28.444,,,,,
8124,07/03/25 22:45:00,28.444,,,,,
8125,07/03/25 23:00:00,28.468,,,,,
8126,07/03/25 23:15:00,28.468,,,,,
8127,07/03/25 23:30:00,28.468,,,,,
8128,07/03/25 23:45:00,28.468,,,,,
8129,07/04/25 00:00:00,28.468,,,,,
8130,07/04/25 00:15:00,28.468,,,,,
8131,07/04/25 00:30:00,28.468,,,,,
8132,07/04/25 00:45:00,28.468,,,,,
8133,07/04/25 01:00:00,28.493,,,,,
8134,07/04/25 01:15:00,28.493,,,,,
8135,07/04/25 01:30:00,28.468,,,,,
8136,07/04/25 01:45:00,28.468,,,,,
8137,07/04/25 02:00:00,28.468,,,,,
8138,07/04/25 02:15:00,28.444,,,,,
8139,07/04/25 02:30:00,28.444,,,,,
8140,07/04/25 02:45:00,28.444,,,,,
8141,07/04/25 03:00:00,28.444,,,,,
8142,07/04/25 03:15:00,28.419,,,,,
8143,07/04/25 03:30:00,28.394,,,,,
8144,07/04/25 03:45:00,28.419,,,,,
8145,07/04/25 04:00:00,28.419,,,,,
8146,07/04/25 04:15:00,28.419,,,,,
8147,07/04/25 04:30:00,28.419,,,,,
8148,07/04/25 04:45:00,28.394,,,,,
8149,07/04/25 05:00:00,28.369,,,,,
8150,07/04/25 05:15:00,28.394,,,,,
8151,07/04/25 05:30:00,28.369,,,,,
8152,07/04/25 05:45:00,28.369,,,,,
8153,07/04/25 06:00:00,28.369,,,,,
8154,07/04/25 06:15:00,28.369,,,,,
8155,07/04/25 06:30:00,28.394,,,,,
8156,07/04/25 06:45:00,28.394,,,,,
8157,07/04/25 07:00:00,28.394,,,,,
8158,07/04/25 07:15:00,28.369,,,,,
8159,07/04/25 07:30:00,28.369,,,,,
8160,07/04/25 07:45:00,28.369,,,,,
8161,07/04/25 08:00:00,28.369,,,,,
8162,07/04/25 08:15:00,28.394,,,,,
8163,07/04/25 08:30:00,28.419,,,,,
8164,07/04/25 08:45:00,28.419,,,,,
8165,07/04/25 09:00:00,28.419,,,,,
8166,07/04/25 09:15:00,28.419,,,,,
8167,07/04/25 09:30:00,28.369,,,,,
8168,07/04/25 09:45:00,28.419,,,,,
8169,07/04/25 10:00:00,28.419,,,,,
8170,07/04/25 10:15:00,28.444,,,,,
8171,07/04/25 10:30:00,28.468,,,,,
8172,07/04/25 10:45:00,28.493,,,,,
8173,07/04/25 11:00:00,28.518,,,,,
8174,07/04/25 11:15:00,28.543,,,,,
8175,07/04/25 11:30:00,28.543,,,,,
8176,07/04/25 11:45:00,28.568,,,,,
8177,07/04/25 12:00:00,28.593,,,,,
8178,07/04/25 12:15:00,28.617,,,,,
8179,07/04/25 12:30:00,28.568,,,,,
8180,07/04/25 12:45:00,28.593,,,,,
8181,07/04/25 13:00:00,28.568,,,,,
8182,07/04/25 13:15:00,28.568,,,,,
8183,07/04/25 13:30:00,28.543,,,,,
8184,07/04/25 13:45:00,28.518,,,,,
8185,07/04/25 14:00:00,28.518,,,,,
8186,07/04/25 14:15:00,28.543,,,,,
8187,07/04/25 14:30:00,28.568,,,,,
8188,07/04/25 14:45:00,28.568,,,,,
8189,07/04/25 15:00:00,28.593,,,,,
8190,07/04/25 15:15:00,28.617,,,,,
8191,07/04/25 15:30:00,28.617,,,,,
8192,07/04/25 15:45:00,28.617,,,,,
8193,07/04/25 16:00:00,28.617,,,,,
8194,07/04/25 16:15:00,28.617,,,,,
8195,07/04/25 16:30:00,28.642,,,,,
8196,07/04/25 16:45:00,28.642,,,,,
8197,07/04/25 17:00:00,28.667,,,,,
8198,07/04/25 17:15:00,28.667,,,,,
8199,07/04/25 17:30:00,28.692,,,,,
8200,07/04/25 17:45:00,28.692,,,,,
8201,07/04/25 18:00:00,28.692,,,,,
8202,07/04/25 18:15:00,28.692,,,,,
8203,07/04/25 18:30:00,28.692,,,,,
8204,07/04/25 18:45:00,28.593,,,,,
8205,07/04/25 19:00:00,28.667,,,,,
8206,07/04/25 19:15:00,28.642,,,,,
8207,07/04/25 19:30:00,28.667,,,,,
8208,07/04/25 19:45:00,28.692,,,,,
8209,07/04/25 20:00:00,28.617,,,,,
8210,07/04/25 20:15:00,28.593,,,,,
8211,07/04/25 20:30:00,28.593,,,,,
8212,07/04/25 20:45:00,28.543,,,,,
8213,07/04/25 21:00:00,28.543,,,,,
8214,07/04/25 21:15:00,28.543,,,,,
8215,07/04/25 21:30:00,28.543,,,,,
8216,07/04/25 21:45:00,28.568,,,,,
8217,07/04/25 22:00:00,28.568,,,,,
8218,07/04/25 22:15:00,28.568,,,,,
8219,07/04/25 22:30:00,28.543,,,,,
8220,07/04/25 22:45:00,28.518,,,,,
8221,07/04/25 23:00:00,28.518,,,,,
8222,07/04/25 23:15:00,28.518,,,,,
8223,07/04/25 23:30:00,28.543,,,,,
8224,07/04/25 23:45:00,28.543,,,,,
8225,07/05/25 00:00:00,28.543,,,,,
8226,07/05/25 00:15:00,28.568,,,,,
8227,07/05/25 00:30:00,28.568,,,,,
8228,07/05/25 00:45:00,28.543,,,,,
8229,07/05/25 01:00:00,28.518,,,,,
8230,07/05/25 01:15:00,28.543,,,,,
8231,07/05/25 01:30:00,28.543,,,,,
8232,07/05/25 01:45:00,28.518,,,,,
8233,07/05/25 02:00:00,28.518,,,,,
8234,07/05/25 02:15:00,28.518,,,,,
8235,07/05/25 02:30:00,28.518,,,,,
8236,07/05/25 02:45:00,28.518,,,,,
8237,07/05/25 03:00:00,28.518,,,,,
8238,07/05/25 03:15:00,28.518,,,,,
8239,07/05/25 03:30:00,28.518,,,,,
8240,07/05/25 03:45:00,28.518,,,,,
8241,07/05/25 04:00:00,28.518,,,,,
8242,07/05/25 04:15:00,28.518,,,,,
8243,07/05/25 04:30:00,28.518,,,,,
8244,07/05/25 04:45:00,28.518,,,,,
8245,07/05/25 05:00:00,28.518,,,,,
8246,07/05/25 05:15:00,28.518,,,,,
8247,07/05/25 05:30:00,28.518,,,,,
8248,07/05/25 05:45:00,28.518,,,,,
8249,07/05/25 06:00:00,28.518,,,,,
8250,07/05/25 06:15:00,28.518,,,,,
8251,07/05/25 06:30:00,28.493,,,,,
8252,07/05/25 06:45:00,28.493,,,,,
8253,07/05/25 07:00:00,28.493,,,,,
8254,07/05/25 07:15:00,28.468,,,,,
8255,07/05/25 07:30:00,28.444,,,,,
8256,07/05/25 07:45:00,28.444,,,,,
8257,07/05/25 08:00:00,28.468,,,,,
8258,07/05/25 08:15:00,28.493,,,,,
8259,07/05/25 08:30:00,28.518,,,,,
8260,07/05/25 08:45:00,28.518,,,,,
8261,07/05/25 09:00:00,28.543,,,,,
8262,07/05/25 09:15:00,28.568,,,,,
8263,07/05/25 09:30:00,28.568,,,,,
8264,07/05/25 09:45:00,28.568,,,,,
8265,07/05/25 10:00:00,28.568,,,,,
8266,07/05/25 10:15:00,28.593,,,,,
8267,07/05/25 10:30:00,28.593,,,,,
8268,07/05/25 10:45:00,28.568,,,,,
8269,07/05/25 11:00:00,28.568,,,,,
8270,07/05/25 11:15:00,28.568,,,,,
8271,07/05/25 11:30:00,28.593,,,,,
8272,07/05/25 11:45:00,28.593,,,,,
8273,07/05/25 12:00:00,28.568,,,,,
8274,07/05/25 12:15:00,28.568,,,,,
8275,07/05/25 12:30:00,28.568,,,,,
8276,07/05/25 12:45:00,28.568,,,,,
8277,07/05/25 13:00:00,28.593,,,,,
8278,07/05/25 13:15:00,28.593,,,,,
8279,07/05/25 13:30:00,28.593,,,,,
8280,07/05/25 13:45:00,28.617,,,,,
8281,07/05/25 14:00:00,28.617,,,,,
8282,07/05/25 14:15:00,28.617,,,,,
8283,07/05/25 14:30:00,28.617,,,,,
8284,07/05/25 14:45:00,28.617,,,,,
8285,07/05/25 15:00:00,28.617,,,,,
8286,07/05/25 15:15:00,28.617,,,,,
8287,07/05/25 15:30:00,28.593,,,,,
8288,07/05/25 15:45:00,28.593,,,,,
8289,07/05/25 16:00:00,28.568,,,,,
8290,07/05/25 16:15:00,28.568,,,,,
8291,07/05/25 16:30:00,28.568,,,,,
8292,07/05/25 16:45:00,28.568,,,,,
8293,07/05/25 17:00:00,28.568,,,,,
8294,07/05/25 17:15:00,28.568,,,,,
8295,07/05/25 17:30:00,28.568,,,,,
8296,07/05/25 17:45:00,28.593,,,,,
8297,07/05/25 18:00:00,28.593,,,,,
8298,07/05/25 18:15:00,28.568,,,,,
8299,07/05/25 18:30:00,28.543,,,,,
8300,07/05/25 18:45:00,28.518,,,,,
8301,07/05/25 19:00:00,28.518,,,,,
8302,07/05/25 19:15:00,28.518,,,,,
8303,07/05/25 19:30:00,28.518,,,,,
8304,07/05/25 19:45:00,28.518,,,,,
8305,07/05/25 20:00:00,28.518,,,,,
8306,07/05/25 20:15:00,28.518,,,,,
8307,07/05/25 20:30:00,28.543,,,,,
8308,07/05/25 20:45:00,28.543,,,,,
8309,07/05/25 21:00:00,28.543,,,,,
8310,07/05/25 21:15:00,28.543,,,,,
8311,07/05/25 21:30:00,28.543,,,,,
8312,07/05/25 21:45:00,28.543,,,,,
8313,07/05/25 22:00:00,28.543,,,,,
8314,07/05/25 22:15:00,28.543,,,,,
8315,07/05/25 22:30:00,28.543,,,,,
8316,07/05/25 22:45:00,28.543,,,,,
8317,07/05/25 23:00:00,28.543,,,,,
8318,07/05/25 23:15:00,28.543,,,,,
8319,07/05/25 23:30:00,28.543,,,,,
8320,07/05/25 23:45:00,28.543,,,,,
8321,07/06/25 00:00:00,28.543,,,,,
8322,07/06/25 00:15:00,28.543,,,,,
8323,07/06/25 00:30:00,28.543,,,,,
8324,07/06/25 00:45:00,28.543,,,,,
8325,07/06/25 01:00:00,28.543,,,,,
8326,07/06/25 01:15:00,28.518,,,,,
8327,07/06/25 01:30:00,28.518,,,,,
8328,07/06/25 01:45:00,28.543,,,,,
8329,07/06/25 02:00:00,28.543,,,,,
8330,07/06/25 02:15:00,28.543,,,,,
8331,07/06/25 02:30:00,28.543,,,,,
8332,07/06/25 02:45:00,28.543,,,,,
8333,07/06/25 03:00:00,28.543,,,,,
8334,07/06/25 03:15:00,28.543,,,,,
8335,07/06/25 03:30:00,28.543,,,,,
8336,07/06/25 03:45:00,28.543,,,,,
8337,07/06/25 04:00:00,28.543,,,,,
8338,07/06/25 04:15:00,28.543,,,,,
8339,07/06/25 04:30:00,28.543,,,,,
8340,07/06/25 04:45:00,28.543,,,,,
8341,07/06/25 05:00:00,28.543,,,,,
8342,07/06/25 05:15:00,28.543,,,,,
8343,07/06/25 05:30:00,28.518,,,,,
8344,07/06/25 05:45:00,28.518,,,,,
8345,07/06/25 06:00:00,28.518,,,,,
8346,07/06/25 06:15:00,28.518,,,,,
8347,07/06/25 06:30:00,28.543,,,,,
8348,07/06/25 06:45:00,28.543,,,,,
8349,07/06/25 07:00:00,28.518,,,,,
8350,07/06/25 07:15:00,28.518,,,,,
8351,07/06/25 07:30:00,28.518,,,,,
8352,07/06/25 07:45:00,28.493,,,,,
8353,07/06/25 08:00:00,28.518,,,,,
8354,07/06/25 08:15:00,28.518,,,,,
8355,07/06/25 08:30:00,28.518,,,,,
8356,07/06/25 08:45:00,28.518,,,,,
8357,07/06/25 09:00:00,28.543,,,,,
8358,07/06/25 09:15:00,28.543,,,,,
8359,07/06/25 09:30:00,28.568,,,,,
8360,07/06/25 09:45:00,28.568,,,,,
8361,07/06/25 10:00:00,28.568,,,,,
8362,07/06/25 10:15:00,28.593,,,,,
8363,07/06/25 10:30:00,28.617,,,,,
8364,07/06/25 10:45:00,28.617,,,,,
8365,07/06/25 11:00:00,28.617,,,,,
8366,07/06/25 11:15:00,28.642,,,,,
8367,07/06/25 11:30:00,28.617,,,,,
8368,07/06/25 11:45:00,28.617,,,,,
8369,07/06/25 12:00:00,28.617,,,,,
8370,07/06/25 12:15:00,28.617,,,,,
8371,07/06/25 12:30:00,28.617,,,,,
8372,07/06/25 12:45:00,28.617,,,,,
8373,07/06/25 13:00:00,28.617,,,,,
8374,07/06/25 13:15:00,28.617,,,,,
8375,07/06/25 13:30:00,28.642,,,,,
8376,07/06/25 13:45:00,28.642,,,,,
8377,07/06/25 14:00:00,28.518,,,,,
8378,07/06/25 14:15:00,28.419,,,,,
8379,07/06/25 14:30:00,28.468,,,,,
8380,07/06/25 14:45:00,28.493,,,,,
8381,07/06/25 15:00:00,28.468,,,,,
8382,07/06/25 15:15:00,28.518,,,,,
8383,07/06/25 15:30:00,28.518,,,,,
8384,07/06/25 15:45:00,28.493,,,,,
8385,07/06/25 16:00:00,28.493,,,,,
8386,07/06/25 16:15:00,28.468,,,,,
8387,07/06/25 16:30:00,28.444,,,,,
8388,07/06/25 16:45:00,28.444,,,,,
8389,07/06/25 17:00:00,28.444,,,,,
8390,07/06/25 17:15:00,28.419,,,,,
8391,07/06/25 17:30:00,28.419,,,,,
8392,07/06/25 17:45:00,28.369,,,,,
8393,07/06/25 18:00:00,28.369,,,,,
8394,07/06/25 18:15:00,28.369,,,,,
8395,07/06/25 18:30:00,28.369,,,,,
8396,07/06/25 18:45:00,28.369,,,,,
8397,07/06/25 19:00:00,28.369,,,,,
8398,07/06/25 19:15:00,28.369,,,,,
8399,07/06/25 19:30:00,28.394,,,,,
8400,07/06/25 19:45:00,28.419,,,,,
8401,07/06/25 20:00:00,28.493,,,,,
8402,07/06/25 20:15:00,28.593,,,,,
8403,07/06/25 20:30:00,28.667,,,,,
8404,07/06/25 20:45:00,28.692,,,,,
8405,07/06/25 21:00:00,28.717,,,,,
8406,07/06/25 21:15:00,28.692,,,,,
8407,07/06/25 21:30:00,28.717,,,,,
8408,07/06/25 21:45:00,28.692,,,,,
8409,07/06/25 22:00:00,28.667,,,,,
8410,07/06/25 22:15:00,28.642,,,,,
8411,07/06/25 22:30:00,28.617,,,,,
8412,07/06/25 22:45:00,28.617,,,,,
8413,07/06/25 23:00:00,28.617,,,,,
8414,07/06/25 23:15:00,28.593,,,,,
8415,07/06/25 23:30:00,28.593,,,,,
8416,07/06/25 23:45:00,28.593,,,,,
8417,07/07/25 00:00:00,28.593,,,,,
8418,07/07/25 00:15:00,28.568,,,,,
8419,07/07/25 00:30:00,28.568,,,,,
8420,07/07/25 00:45:00,28.568,,,,,
8421,07/07/25 01:00:00,28.518,,,,,
8422,07/07/25 01:15:00,28.518,,,,,
8423,07/07/25 01:30:00,28.518,,,,,
8424,07/07/25 01:45:00,28.518,,,,,
8425,07/07/25 02:00:00,28.518,,,,,
8426,07/07/25 02:15:00,28.518,,,,,
8427,07/07/25 02:30:00,28.518,,,,,
8428,07/07/25 02:45:00,28.518,,,,,
8429,07/07/25 03:00:00,28.518,,,,,
8430,07/07/25 03:15:00,28.518,,,,,
8431,07/07/25 03:30:00,28.493,,,,,
8432,07/07/25 03:45:00,28.493,,,,,
8433,07/07/25 04:00:00,28.518,,,,,
8434,07/07/25 04:15:00,28.518,,,,,
8435,07/07/25 04:30:00,28.518,,,,,
8436,07/07/25 04:45:00,28.518,,,,,
8437,07/07/25 05:00:00,28.518,,,,,
8438,07/07/25 05:15:00,28.518,,,,,
8439,07/07/25 05:30:00,28.518,,,,,
8440,07/07/25 05:45:00,28.518,,,,,
8441,07/07/25 06:00:00,28.518,,,,,
8442,07/07/25 06:15:00,28.518,,,,,
8443,07/07/25 06:30:00,28.518,,,,,
8444,07/07/25 06:45:00,28.518,,,,,
8445,07/07/25 07:00:00,28.518,,,,,
8446,07/07/25 07:15:00,28.493,,,,,
8447,07/07/25 07:30:00,28.493,,,,,
8448,07/07/25 07:45:00,28.493,,,,,
8449,07/07/25 08:00:00,28.468,,,,,
8450,07/07/25 08:15:00,28.468,,,,,
8451,07/07/25 08:30:00,28.468,,,,,
8452,07/07/25 08:45:00,28.493,,,,,
8453,07/07/25 09:00:00,28.518,,,,,
8454,07/07/25 09:15:00,28.543,,,,,
8455,07/07/25 09:30:00,28.543,,,,,
8456,07/07/25 09:45:00,28.568,,,,,
8457,07/07/25 10:00:00,28.568,,,,,
8458,07/07/25 10:15:00,28.593,,,,,
8459,07/07/25 10:30:00,28.617,,,,,
8460,07/07/25 10:45:00,28.642,,,,,
8461,07/07/25 11:00:00,28.617,,,,,
8462,07/07/25 11:15:00,28.617,,,,,
8463,07/07/25 11:30:00,28.617,,,,,
8464,07/07/25 11:45:00,28.667,,,,,
8465,07/07/25 12:00:00,28.667,,,,,
8466,07/07/25 12:15:00,28.667,,,,,
8467,07/07/25 12:30:00,28.667,,,,,
8468,07/07/25 12:45:00,28.617,,,,,
8469,07/07/25 13:00:00,28.617,,,,,
8470,07/07/25 13:15:00,28.642,,,,,
8471,07/07/25 13:30:00,28.667,,,,,
8472,07/07/25 13:45:00,28.667,,,,,
8473,07/07/25 14:00:00,28.667,,,,,
8474,07/07/25 14:15:00,28.667,,,,,
8475,07/07/25 14:30:00,28.692,,,,,
8476,07/07/25 14:45:00,28.667,,,,,
8477,07/07/25 15:00:00,28.667,,,,,
8478,07/07/25 15:15:00,28.667,,,,,
8479,07/07/25 15:30:00,28.692,,,,,
8480,07/07/25 15:45:00,28.642,,,,,
8481,07/07/25 16:00:00,28.617,,,,,
8482,07/07/25 16:15:00,28.642,,,,,
8483,07/07/25 16:30:00,28.692,,,,,
8484,07/07/25 16:45:00,28.692,,,,,
8485,07/07/25 17:00:00,28.667,,,,,
8486,07/07/25 17:15:00,28.617,,,,,
8487,07/07/25 17:30:00,28.568,,,,,
8488,07/07/25 17:45:00,28.543,,,,,
8489,07/07/25 18:00:00,28.543,,,,,
8490,07/07/25 18:15:00,28.518,,,,,
8491,07/07/25 18:30:00,28.518,,,,,
8492,07/07/25 18:45:00,28.518,,,,,
8493,07/07/25 19:00:00,28.493,,,,,
8494,07/07/25 19:15:00,28.518,,,,,
8495,07/07/25 19:30:00,28.518,,,,,
8496,07/07/25 19:45:00,28.518,,,,,
8497,07/07/25 20:00:00,28.518,,,,,
8498,07/07/25 20:15:00,28.518,,,,,
8499,07/07/25 20:30:00,28.493,,,,,
8500,07/07/25 20:45:00,28.468,,,,,
8501,07/07/25 21:00:00,28.468,,,,,
8502,07/07/25 21:15:00,28.468,,,,,
8503,07/07/25 21:30:00,28.468,,,,,
8504,07/07/25 21:45:00,28.468,,,,,
8505,07/07/25 22:00:00,28.468,,,,,
8506,07/07/25 22:15:00,28.468,,,,,
8507,07/07/25 22:30:00,28.468,,,,,
8508,07/07/25 22:45:00,28.468,,,,,
8509,07/07/25 23:00:00,28.468,,,,,
8510,07/07/25 23:15:00,28.468,,,,,
8511,07/07/25 23:30:00,28.468,,,,,
8512,07/07/25 23:45:00,28.468,,,,,
8513,07/08/25 00:00:00,28.468,,,,,
8514,07/08/25 00:15:00,28.444,,,,,
8515,07/08/25 00:30:00,28.419,,,,,
8516,07/08/25 00:45:00,28.419,,,,,
8517,07/08/25 01:00:00,28.419,,,,,
8518,07/08/25 01:15:00,28.419,,,,,
8519,07/08/25 01:30:00,28.444,,,,,
8520,07/08/25 01:45:00,28.468,,,,,
8521,07/08/25 02:00:00,28.468,,,,,
8522,07/08/25 02:15:00,28.419,,,,,
8523,07/08/25 02:30:00,28.369,,,,,
8524,07/08/25 02:45:00,28.345,,,,,
8525,07/08/25 03:00:00,28.345,,,,,
8526,07/08/25 03:15:00,28.419,,,,,
8527,07/08/25 03:30:00,28.419,,,,,
8528,07/08/25 03:45:00,28.419,,,,,
8529,07/08/25 04:00:00,28.419,,,,,
8530,07/08/25 04:15:00,28.394,,,,,
8531,07/08/25 04:30:00,28.320,,,,,
8532,07/08/25 04:45:00,28.245,,,,,
8533,07/08/25 05:00:00,28.245,,,,,
8534,07/08/25 05:15:00,28.245,,,,,
8535,07/08/25 05:30:00,28.270,,,,,
8536,07/08/25 05:45:00,28.270,,,,,
8537,07/08/25 06:00:00,28.270,,,,,
8538,07/08/25 06:15:00,28.245,,,,,
8539,07/08/25 06:30:00,28.245,,,,,
8540,07/08/25 06:45:00,28.221,,,,,
8541,07/08/25 07:00:00,28.196,,,,,
8542,07/08/25 07:15:00,28.196,,,,,
8543,07/08/25 07:30:00,28.221,,,,,
8544,07/08/25 07:45:00,28.245,,,,,
8545,07/08/25 08:00:00,28.270,,,,,
8546,07/08/25 08:15:00,28.295,,,,,
8547,07/08/25 08:30:00,28.295,,,,,
8548,07/08/25 08:45:00,28.295,,,,,
8549,07/08/25 09:00:00,28.320,,,,,
8550,07/08/25 09:15:00,28.320,,,,,
8551,07/08/25 09:30:00,28.345,,,,,
8552,07/08/25 09:45:00,28.369,,,,,
8553,07/08/25 10:00:00,28.369,,,,,
8554,07/08/25 10:15:00,28.394,,,,,
8555,07/08/25 10:30:00,28.444,,,,,
8556,07/08/25 10:45:00,28.493,,,,,
8557,07/08/25 11:00:00,28.518,,,,,
8558,07/08/25 11:15:00,28.568,,,,,
8559,07/08/25 11:30:00,28.568,,,,,
8560,07/08/25 11:45:00,28.617,,,,,
8561,07/08/25 12:00:00,28.617,,,,,
8562,07/08/25 12:15:00,28.642,,,,,
8563,07/08/25 12:30:00,28.667,,,,,
8564,07/08/25 12:45:00,28.667,,,,,
8565,07/08/25 13:00:00,28.667,,,,,
8566,07/08/25 13:15:00,28.692,,,,,
8567,07/08/25 13:30:00,28.667,,,,,
8568,07/08/25 13:45:00,28.617,,,,,
8569,07/08/25 14:00:00,28.617,,,,,
8570,07/08/25 14:15:00,28.568,,,,,
8571,07/08/25 14:30:00,28.568,,,,,
8572,07/08/25 14:45:00,28.568,,,,,
8573,07/08/25 15:00:00,28.568,,,,,
8574,07/08/25 15:15:00,28.568,,,,,
8575,07/08/25 15:30:00,28.568,,,,,
8576,07/08/25 15:45:00,28.568,,,,,
8577,07/08/25 16:00:00,28.543,,,,,
8578,07/08/25 16:15:00,28.543,,,,,
8579,07/08/25 16:30:00,28.543,,,,,
8580,07/08/25 16:45:00,28.518,,,,,
8581,07/08/25 17:00:00,28.518,,,,,
8582,07/08/25 17:15:00,28.493,,,,,
8583,07/08/25 17:30:00,28.493,,,,,
8584,07/08/25 17:45:00,28.493,,,,,
8585,07/08/25 18:00:00,28.493,,,,,
8586,07/08/25 18:15:00,28.493,,,,,
8587,07/08/25 18:30:00,28.493,,,,,
8588,07/08/25 18:45:00,28.493,,,,,
8589,07/08/25 19:00:00,28.493,,,,,
8590,07/08/25 19:15:00,28.493,,,,,
8591,07/08/25 19:30:00,28.518,,,,,
8592,07/08/25 19:45:00,28.518,,,,,
8593,07/08/25 20:00:00,28.518,,,,,
8594,07/08/25 20:15:00,28.518,,,,,
8595,07/08/25 20:30:00,28.518,,,,,
8596,07/08/25 20:45:00,28.518,,,,,
8597,07/08/25 21:00:00,28.518,,,,,
8598,07/08/25 21:15:00,28.518,,,,,
8599,07/08/25 21:30:00,28.518,,,,,
8600,07/08/25 21:45:00,28.518,,,,,
8601,07/08/25 22:00:00,28.518,,,,,
8602,07/08/25 22:15:00,28.518,,,,,
8603,07/08/25 22:30:00,28.518,,,,,
8604,07/08/25 22:45:00,28.518,,,,,
8605,07/08/25 23:00:00,28.518,,,,,
8606,07/08/25 23:15:00,28.518,,,,,
8607,07/08/25 23:30:00,28.518,,,,,
8608,07/08/25 23:45:00,28.518,,,,,
8609,07/09/25 00:00:00,28.518,,,,,
8610,07/09/25 00:15:00,28.518,,,,,
8611,07/09/25 00:30:00,28.518,,,,,
8612,07/09/25 00:45:00,28.493,,,,,
8613,07/09/25 01:00:00,28.493,,,,,
8614,07/09/25 01:15:00,28.493,,,,,
8615,07/09/25 01:30:00,28.493,,,,,
8616,07/09/25 01:45:00,28.468,,,,,
8617,07/09/25 02:00:00,28.468,,,,,
8618,07/09/25 02:15:00,28.468,,,,,
8619,07/09/25 02:30:00,28.419,,,,,
8620,07/09/25 02:45:00,28.345,,,,,
8621,07/09/25 03:00:00,28.320,,,,,
8622,07/09/25 03:15:00,28.320,,,,,
8623,07/09/25 03:30:00,28.320,,,,,
8624,07/09/25 03:45:00,28.320,,,,,
8625,07/09/25 04:00:00,28.320,,,,,
8626,07/09/25 04:15:00,28.345,,,,,
8627,07/09/25 04:30:00,28.345,,,,,
8628,07/09/25 04:45:00,28.345,,,,,
8629,07/09/25 05:00:00,28.345,,,,,
8630,07/09/25 05:15:00,28.369,,,,,
8631,07/09/25 05:30:00,28.369,,,,,
8632,07/09/25 05:45:00,28.394,,,,,
8633,07/09/25 06:00:00,28.394,,,,,
8634,07/09/25 06:15:00,28.419,,,,,
8635,07/09/25 06:30:00,28.419,,,,,
8636,07/09/25 06:45:00,28.444,,,,,
8637,07/09/25 07:00:00,28.444,,,,,
8638,07/09/25 07:15:00,28.468,,,,,
8639,07/09/25 07:30:00,28.468,,,,,
8640,07/09/25 07:45:00,28.419,,,,,
8641,07/09/25 08:00:00,28.419,,,,,
8642,07/09/25 08:15:00,28.419,,,,,
8643,07/09/25 08:30:00,28.419,,,,,
8644,07/09/25 08:45:00,28.419,,,,,
8645,07/09/25 09:00:00,28.419,,,,,
8646,07/09/25 09:15:00,28.444,,,,,
8647,07/09/25 09:30:00,28.444,,,,,
8648,07/09/25 09:45:00,28.468,,,,,
8649,07/09/25 10:00:00,28.468,,,,,
8650,07/09/25 10:15:00,28.493,,,,,
8651,07/09/25 10:30:00,28.518,,,,,
8652,07/09/25 10:45:00,28.518,,,,,
8653,07/09/25 11:00:00,28.543,,,,,
8654,07/09/25 11:15:00,28.568,,,,,
8655,07/09/25 11:30:00,28.568,,,,,
8656,07/09/25 11:45:00,28.593,,,,,
8657,07/09/25 12:00:00,28.617,,,,,
8658,07/09/25 12:15:00,28.642,,,,,
8659,07/09/25 12:30:00,28.642,,,,,
8660,07/09/25 12:45:00,28.667,,,,,
8661,07/09/25 13:00:00,28.692,,,,,
8662,07/09/25 13:15:00,28.717,,,,,
8663,07/09/25 13:30:00,28.717,,,,,
8664,07/09/25 13:45:00,28.692,,,,,
8665,07/09/25 14:00:00,28.667,,,,,
8666,07/09/25 14:15:00,28.667,,,,,
8667,07/09/25 14:30:00,28.667,,,,,
8668,07/09/25 14:45:00,28.667,,,,,
8669,07/09/25 15:00:00,28.642,,,,,
8670,07/09/25 15:15:00,28.642,,,,,
8671,07/09/25 15:30:00,28.642,,,,,
8672,07/09/25 15:45:00,28.642,,,,,
8673,07/09/25 16:00:00,28.642,,,,,
8674,07/09/25 16:15:00,28.642,,,,,
8675,07/09/25 16:30:00,28.642,,,,,
8676,07/09/25 16:45:00,28.667,,,,,
8677,07/09/25 17:00:00,28.667,,,,,
8678,07/09/25 17:15:00,28.692,,,,,
8679,07/09/25 17:30:00,28.692,,,,,
8680,07/09/25 17:45:00,28.617,,,,,
8681,07/09/25 18:00:00,28.568,,,,,
8682,07/09/25 18:15:00,28.518,,,,,
8683,07/09/25 18:30:00,28.518,,,,,
8684,07/09/25 18:45:00,28.518,,,,,
8685,07/09/25 19:00:00,28.518,,,,,
8686,07/09/25 19:15:00,28.568,,,,,
8687,07/09/25 19:30:00,28.568,,,,,
8688,07/09/25 19:45:00,28.568,,,,,
8689,07/09/25 20:00:00,28.568,,,,,
8690,07/09/25 20:15:00,28.568,,,,,
8691,07/09/25 20:30:00,28.518,,,,,
8692,07/09/25 20:45:00,28.518,,,,,
8693,07/09/25 21:00:00,28.518,,,,,
8694,07/09/25 21:15:00,28.493,,,,,
8695,07/09/25 21:30:00,28.518,,,,,
8696,07/09/25 21:45:00,28.518,,,,,
8697,07/09/25 22:00:00,28.543,,,,,
8698,07/09/25 22:15:00,28.543,,,,,
8699,07/09/25 22:30:00,28.543,,,,,
8700,07/09/25 22:45:00,28.543,,,,,
8701,07/09/25 23:00:00,28.543,,,,,
8702,07/09/25 23:15:00,28.543,,,,,
8703,07/09/25 23:30:00,28.543,,,,,
8704,07/09/25 23:45:00,28.543,,,,,
8705,07/10/25 00:00:00,28.518,,,,,
8706,07/10/25 00:15:00,28.518,,,,,
8707,07/10/25 00:30:00,28.543,,,,,
8708,07/10/25 00:45:00,28.543,,,,,
8709,07/10/25 01:00:00,28.543,,,,,
8710,07/10/25 01:15:00,28.543,,,,,
8711,07/10/25 01:30:00,28.518,,,,,
8712,07/10/25 01:45:00,28.518,,,,,
8713,07/10/25 02:00:00,28.493,,,,,
8714,07/10/25 02:15:00,28.493,,,,,
8715,07/10/25 02:30:00,28.468,,,,,
8716,07/10/25 02:45:00,28.468,,,,,
8717,07/10/25 03:00:00,28.444,,,,,
8718,07/10/25 03:15:00,28.444,,,,,
8719,07/10/25 03:30:00,28.444,,,,,
8720,07/10/25 03:45:00,28.419,,,,,
8721,07/10/25 04:00:00,28.419,,,,,
8722,07/10/25 04:15:00,28.419,,,,,
8723,07/10/25 04:30:00,28.419,,,,,
8724,07/10/25 04:45:00,28.419,,,,,
8725,07/10/25 05:00:00,28.419,,,,,
8726,07/10/25 05:15:00,28.419,,,,,
8727,07/10/25 05:30:00,28.394,,,,,
8728,07/10/25 05:45:00,28.369,,,,,
8729,07/10/25 06:00:00,28.369,,,,,
8730,07/10/25 06:15:00,28.345,,,,,
8731,07/10/25 06:30:00,28.320,,,,,
8732,07/10/25 06:45:00,28.320,,,,,
8733,07/10/25 07:00:00,28.320,,,,,
8734,07/10/25 07:15:00,28.320,,,,,
8735,07/10/25 07:30:00,28.320,,,,,
8736,07/10/25 07:45:00,28.345,,,,,
8737,07/10/25 08:00:00,28.345,,,,,
8738,07/10/25 08:15:00,28.320,,,,,
8739,07/10/25 08:30:00,28.320,,,,,
8740,07/10/25 08:45:00,28.295,,,,,
8741,07/10/25 09:00:00,28.320,,,,,
8742,07/10/25 09:15:00,28.320,,,,,
8743,07/10/25 09:30:00,28.345,,,,,
8744,07/10/25 09:45:00,28.394,,,,,
8745,07/10/25 10:00:00,28.419,,,,,
8746,07/10/25 10:15:00,28.419,,,,,
8747,07/10/25 10:30:00,28.444,,,,,
8748,07/10/25 10:45:00,28.468,,,,,
8749,07/10/25 11:00:00,28.468,,,,,
8750,07/10/25 11:15:00,28.444,,,,,
8751,07/10/25 11:30:00,28.468,,,,,
8752,07/10/25 11:45:00,28.468,,,,,
8753,07/10/25 12:00:00,28.493,,,,,
8754,07/10/25 12:15:00,28.518,,,,,
8755,07/10/25 12:30:00,28.518,,,,,
8756,07/10/25 12:45:00,28.518,,,,,
8757,07/10/25 13:00:00,28.543,,,,,
8758,07/10/25 13:15:00,28.543,,,,,
8759,07/10/25 13:30:00,28.568,,,,,
8760,07/10/25 13:45:00,28.568,,,,,
8761,07/10/25 14:00:00,28.568,,,,,
8762,07/10/25 14:15:00,28.568,,,,,
8763,07/10/25 14:30:00,28.593,,,,,
8764,07/10/25 14:45:00,28.593,,,,,
8765,07/10/25 15:00:00,28.593,,,,,
8766,07/10/25 15:15:00,28.593,,,,,
8767,07/10/25 15:30:00,28.593,,,,,
8768,07/10/25 15:45:00,28.593,,,,,
8769,07/10/25 16:00:00,28.593,,,,,
8770,07/10/25 16:15:00,28.593,,,,,
8771,07/10/25 16:30:00,28.568,,,,,
8772,07/10/25 16:45:00,28.568,,,,,
8773,07/10/25 17:00:00,28.568,,,,,
8774,07/10/25 17:15:00,28.568,,,,,
8775,07/10/25 17:30:00,28.568,,,,,
8776,07/10/25 17:45:00,28.568,,,,,
8777,07/10/25 18:00:00,28.543,,,,,
8778,07/10/25 18:15:00,28.543,,,,,
8779,07/10/25 18:30:00,28.543,,,,,
8780,07/10/25 18:45:00,28.518,,,,,
8781,07/10/25 19:00:00,28.493,,,,,
8782,07/10/25 19:15:00,28.468,,,,,
8783,07/10/25 19:30:00,28.468,,,,,
8784,07/10/25 19:45:00,28.468,,,,,
8785,07/10/25 20:00:00,28.468,,,,,
8786,07/10/25 20:15:00,28.468,,,,,
8787,07/10/25 20:30:00,28.468,,,,,
8788,07/10/25 20:45:00,28.468,,,,,
8789,07/10/25 21:00:00,28.493,,,,,
8790,07/10/25 21:15:00,28.493,,,,,
8791,07/10/25 21:30:00,28.493,,,,,
8792,07/10/25 21:45:00,28.518,,,,,
8793,07/10/25 22:00:00,28.518,,,,,
8794,07/10/25 22:15:00,28.518,,,,,
8795,07/10/25 22:30:00,28.518,,,,,
8796,07/10/25 22:45:00,28.518,,,,,
8797,07/10/25 23:00:00,28.493,,,,,
8798,07/10/25 23:15:00,28.493,,,,,
8799,07/10/25 23:30:00,28.493,,,,,
8800,07/10/25 23:45:00,28.468,,,,,
8801,07/11/25 00:00:00,28.468,,,,,
8802,07/11/25 00:15:00,28.468,,,,,
8803,07/11/25 00:30:00,28.468,,,,,
8804,07/11/25 00:45:00,28.444,,,,,
8805,07/11/25 01:00:00,28.444,,,,,
8806,07/11/25 01:15:00,28.444,,,,,
8807,07/11/25 01:30:00,28.419,,,,,
8808,07/11/25 01:45:00,28.419,,,,,
8809,07/11/25 02:00:00,28.419,,,,,
8810,07/11/25 02:15:00,28.419,,,,,
8811,07/11/25 02:30:00,28.419,,,,,
8812,07/11/25 02:45:00,28.419,,,,,
8813,07/11/25 03:00:00,28.419,,,,,
8814,07/11/25 03:15:00,28.419,,,,,
8815,07/11/25 03:30:00,28.419,,,,,
8816,07/11/25 03:45:00,28.419,,,,,
8817,07/11/25 04:00:00,28.419,,,,,
8818,07/11/25 04:15:00,28.419,,,,,
8819,07/11/25 04:30:00,28.419,,,,,
8820,07/11/25 04:45:00,28.394,,,,,
8821,07/11/25 05:00:00,28.394,,,,,
8822,07/11/25 05:15:00,28.394,,,,,
8823,07/11/25 05:30:00,28.394,,,,,
8824,07/11/25 05:45:00,28.394,,,,,
8825,07/11/25 06:00:00,28.394,,,,,
8826,07/11/25 06:15:00,28.394,,,,,
8827,07/11/25 06:30:00,28.394,,,,,
8828,07/11/25 06:45:00,28.394,,,,,
8829,07/11/25 07:00:00,28.394,,,,,
8830,07/11/25 07:15:00,28.394,,,,,
8831,07/11/25 07:30:00,28.419,,,,,
8832,07/11/25 07:45:00,28.419,,,,,
8833,07/11/25 08:00:00,28.419,,,,,
8834,07/11/25 08:15:00,28.444,,,,,
8835,07/11/25 08:30:00,28.444,,,,,
8836,07/11/25 08:45:00,28.444,,,,,
8837,07/11/25 09:00:00,28.444,,,,,
8838,07/11/25 09:15:00,28.444,,,,,
8839,07/11/25 09:30:00,28.444,,,,,
8840,07/11/25 09:45:00,28.444,,,,,
8841,07/11/25 10:00:00,28.444,,,,,
8842,07/11/25 10:15:00,28.468,,,,,
8843,07/11/25 10:30:00,28.468,,,,,
8844,07/11/25 10:45:00,28.468,,,,,
8845,07/11/25 11:00:00,28.493,,,,,
8846,07/11/25 11:15:00,28.493,,,,,
8847,07/11/25 11:30:00,28.518,,,,,
8848,07/11/25 11:45:00,28.518,,,,,
8849,07/11/25 12:00:00,28.518,,,,,
8850,07/11/25 12:15:00,28.543,,,,,
8851,07/11/25 12:30:00,28.543,,,,,
8852,07/11/25 12:45:00,28.543,,,,,
8853,07/11/25 13:00:00,28.543,,,,,
8854,07/11/25 13:15:00,28.568,,,,,
8855,07/11/25 13:30:00,28.568,,,,,
8856,07/11/25 13:45:00,28.568,,,,,
8857,07/11/25 14:00:00,28.593,,,,,
8858,07/11/25 14:15:00,28.593,,,,,
8859,07/11/25 14:30:00,28.543,,,,,
8860,07/11/25 14:45:00,28.518,,,,,
8861,07/11/25 15:00:00,28.543,,,,,
8862,07/11/25 15:15:00,28.543,,,,,
8863,07/11/25 15:30:00,28.543,,,,,
8864,07/11/25 15:45:00,28.493,,,,,
8865,07/11/25 16:00:00,28.468,,,,,
8866,07/11/25 16:15:00,28.468,,,,,
8867,07/11/25 16:30:00,28.419,,,,,
8868,07/11/25 16:45:00,28.419,,,,,
8869,07/11/25 17:00:00,28.419,,,,,
8870,07/11/25 17:15:00,28.419,,,,,
8871,07/11/25 17:30:00,28.419,,,,,
8872,07/11/25 17:45:00,28.444,,,,,
8873,07/11/25 18:00:00,28.468,,,,,
8874,07/11/25 18:15:00,28.493,,,,,
8875,07/11/25 18:30:00,28.493,,,,,
8876,07/11/25 18:45:00,28.518,,,,,
8877,07/11/25 19:00:00,28.518,,,,,
8878,07/11/25 19:15:00,28.518,,,,,
8879,07/11/25 19:30:00,28.518,,,,,
8880,07/11/25 19:45:00,28.518,,,,,
8881,07/11/25 20:00:00,28.518,,,,,
8882,07/11/25 20:15:00,28.518,,,,,
8883,07/11/25 20:30:00,28.518,,,,,
8884,07/11/25 20:45:00,28.493,,,,,
8885,07/11/25 21:00:00,28.493,,,,,
8886,07/11/25 21:15:00,28.493,,,,,
8887,07/11/25 21:30:00,28.493,,,,,
8888,07/11/25 21:45:00,28.493,,,,,
8889,07/11/25 22:00:00,28.493,,,,,
8890,07/11/25 22:15:00,28.518,,,,,
8891,07/11/25 22:30:00,28.518,,,,,
8892,07/11/25 22:45:00,28.543,,,,,
8893,07/11/25 23:00:00,28.543,,,,,
8894,07/11/25 23:15:00,28.543,,,,,
8895,07/11/25 23:30:00,28.543,,,,,
8896,07/11/25 23:45:00,28.543,,,,,
8897,07/12/25 00:00:00,28.543,,,,,
8898,07/12/25 00:15:00,28.543,,,,,
8899,07/12/25 00:30:00,28.543,,,,,
8900,07/12/25 00:45:00,28.543,,,,,
8901,07/12/25 01:00:00,28.543,,,,,
8902,07/12/25 01:15:00,28.543,,,,,
8903,07/12/25 01:30:00,28.543,,,,,
8904,07/12/25 01:45:00,28.543,,,,,
8905,07/12/25 02:00:00,28.543,,,,,
8906,07/12/25 02:15:00,28.543,,,,,
8907,07/12/25 02:30:00,28.543,,,,,
8908,07/12/25 02:45:00,28.543,,,,,
8909,07/12/25 03:00:00,28.543,,,,,
8910,07/12/25 03:15:00,28.543,,,,,
8911,07/12/25 03:30:00,28.543,,,,,
8912,07/12/25 03:45:00,28.543,,,,,
8913,07/12/25 04:00:00,28.518,,,,,
8914,07/12/25 04:15:00,28.518,,,,,
8915,07/12/25 04:30:00,28.493,,,,,
8916,07/12/25 04:45:00,28.468,,,,,
8917,07/12/25 05:00:00,28.468,,,,,
8918,07/12/25 05:15:00,28.468,,,,,
8919,07/12/25 05:30:00,28.468,,,,,
8920,07/12/25 05:45:00,28.468,,,,,
8921,07/12/25 06:00:00,28.444,,,,,
8922,07/12/25 06:15:00,28.468,,,,,
8923,07/12/25 06:30:00,28.468,,,,,
8924,07/12/25 06:45:00,28.444,,,,,
8925,07/12/25 07:00:00,28.444,,,,,
8926,07/12/25 07:15:00,28.444,,,,,
8927,07/12/25 07:30:00,28.444,,,,,
8928,07/12/25 07:45:00,28.419,,,,,
8929,07/12/25 08:00:00,28.444,,,,,
8930,07/12/25 08:15:00,28.444,,,,,
8931,07/12/25 08:30:00,28.468,,,,,
8932,07/12/25 08:45:00,28.493,,,,,
8933,07/12/25 09:00:00,28.518,,,,,
8934,07/12/25 09:15:00,28.518,,,,,
8935,07/12/25 09:30:00,28.543,,,,,
8936,07/12/25 09:45:00,28.543,,,,,
8937,07/12/25 10:00:00,28.568,,,,,
8938,07/12/25 10:15:00,28.568,,,,,
8939,07/12/25 10:30:00,28.617,,,,,
8940,07/12/25 10:45:00,28.642,,,,,
8941,07/12/25 11:00:00,28.667,,,,,
8942,07/12/25 11:15:00,28.692,,,,,
8943,07/12/25 11:30:00,28.717,,,,,
8944,07/12/25 11:45:00,28.766,,,,,
8945,07/12/25 12:00:00,28.791,,,,,
8946,07/12/25 12:15:00,28.816,,,,,
8947,07/12/25 12:30:00,28.866,,,,,
8948,07/12/25 12:45:00,28.891,,,,,
8949,07/12/25 13:00:00,28.916,,,,,
8950,07/12/25 13:15:00,28.941,,,,,
8951,07/12/25 13:30:00,28.965,,,,,
8952,07/12/25 13:45:00,28.990,,,,,
8953,07/12/25 14:00:00,29.015,,,,,
8954,07/12/25 14:15:00,29.040,,,,,
8955,07/12/25 14:30:00,29.040,,,,,
8956,07/12/25 14:45:00,29.040,,,,,
8957,07/12/25 15:00:00,28.916,,,,,
8958,07/12/25 15:15:00,28.990,,,,,
8959,07/12/25 15:30:00,29.040,,,,,
8960,07/12/25 15:45:00,29.065,,,,,
8961,07/12/25 16:00:00,29.065,,,,,
8962,07/12/25 16:15:00,29.065,,,,,
8963,07/12/25 16:30:00,29.065,,,,,
8964,07/12/25 16:45:00,29.090,,,,,
8965,07/12/25 17:00:00,29.065,,,,,
8966,07/12/25 17:15:00,28.965,,,,,
8967,07/12/25 17:30:00,28.916,,,,,
8968,07/12/25 17:45:00,28.841,,,,,
8969,07/12/25 18:00:00,28.816,,,,,
8970,07/12/25 18:15:00,28.766,,,,,
8971,07/12/25 18:30:00,28.766,,,,,
8972,07/12/25 18:45:00,28.766,,,,,
8973,07/12/25 19:00:00,28.766,,,,,
8974,07/12/25 19:15:00,28.717,,,,,
8975,07/12/25 19:30:00,28.717,,,,,
8976,07/12/25 19:45:00,28.717,,,,,
8977,07/12/25 20:00:00,28.692,,,,,
8978,07/12/25 20:15:00,28.717,,,,,
8979,07/12/25 20:30:00,28.742,,,,,
8980,07/12/25 20:45:00,28.742,,,,,
8981,07/12/25 21:00:00,28.742,,,,,
8982,07/12/25 21:15:00,28.717,,,,,
8983,07/12/25 21:30:00,28.717,,,,,
8984,07/12/25 21:45:00,28.742,,,,,
8985,07/12/25 22:00:00,28.766,,,,,
8986,07/12/25 22:15:00,28.742,,,,,
8987,07/12/25 22:30:00,28.717,,,,,
8988,07/12/25 22:45:00,28.717,,,,,
8989,07/12/25 23:00:00,28.742,,,,,
8990,07/12/25 23:15:00,28.766,,,,,
8991,07/12/25 23:30:00,28.766,,,,,
8992,07/12/25 23:45:00,28.766,,,,,
8993,07/13/25 00:00:00,28.766,,,,,
8994,07/13/25 00:15:00,28.742,,,,,
8995,07/13/25 00:30:00,28.717,,,,,
8996,07/13/25 00:45:00,28.692,,,,,
8997,07/13/25 01:00:00,28.667,,,,,
8998,07/13/25 01:15:00,28.667,,,,,
8999,07/13/25 01:30:00,28.667,,,,,
9000,07/13/25 01:45:00,28.667,,,,,
9001,07/13/25 02:00:00,28.692,,,,,
9002,07/13/25 02:15:00,28.692,,,,,
9003,07/13/25 02:30:00,28.692,,,,,
9004,07/13/25 02:45:00,28.692,,,,,
9005,07/13/25 03:00:00,28.692,,,,,
9006,07/13/25 03:15:00,28.667,,,,,
9007,07/13/25 03:30:00,28.617,,,,,
9008,07/13/25 03:45:00,28.617,,,,,
9009,07/13/25 04:00:00,28.617,,,,,
9010,07/13/25 04:15:00,28.593,,,,,
9011,07/13/25 04:30:00,28.593,,,,,
9012,07/13/25 04:45:00,28.593,,,,,
9013,07/13/25 05:00:00,28.617,,,,,
9014,07/13/25 05:15:00,28.617,,,,,
9015,07/13/25 05:30:00,28.617,,,,,
9016,07/13/25 05:45:00,28.642,,,,,
9017,07/13/25 06:00:00,28.642,,,,,
9018,07/13/25 06:15:00,28.642,,,,,
9019,07/13/25 06:30:00,28.642,,,,,
9020,07/13/25 06:45:00,28.642,,,,,
9021,07/13/25 07:00:00,28.642,,,,,
9022,07/13/25 07:15:00,28.642,,,,,
9023,07/13/25 07:30:00,28.667,,,,,
9024,07/13/25 07:45:00,28.667,,,,,
9025,07/13/25 08:00:00,28.667,,,,,
9026,07/13/25 08:15:00,28.667,,,,,
9027,07/13/25 08:30:00,28.667,,,,,
9028,07/13/25 08:45:00,28.667,,,,,
9029,07/13/25 09:00:00,28.667,,,,,
9030,07/13/25 09:15:00,28.667,,,,,
9031,07/13/25 09:30:00,28.667,,,,,
9032,07/13/25 09:45:00,28.667,,,,,
9033,07/13/25 10:00:00,28.692,,,,,
9034,07/13/25 10:15:00,28.692,,,,,
9035,07/13/25 10:30:00,28.692,,,,,
9036,07/13/25 10:45:00,28.667,,,,,
9037,07/13/25 11:00:00,28.692,,,,,
9038,07/13/25 11:15:00,28.692,,,,,
9039,07/13/25 11:30:00,28.692,,,,,
9040,07/13/25 11:45:00,28.692,,,,,
9041,07/13/25 12:00:00,28.717,,,,,
9042,07/13/25 12:15:00,28.717,,,,,
9043,07/13/25 12:30:00,28.717,,,,,
9044,07/13/25 12:45:00,28.742,,,,,
9045,07/13/25 13:00:00,28.766,,,,,
9046,07/13/25 13:15:00,28.791,,,,,
9047,07/13/25 13:30:00,28.816,,,,,
9048,07/13/25 13:45:00,28.816,,,,,
9049,07/13/25 14:00:00,28.841,,,,,
9050,07/13/25 14:15:00,28.841,,,,,
9051,07/13/25 14:30:00,28.841,,,,,
9052,07/13/25 14:45:00,28.841,,,,,
9053,07/13/25 15:00:00,28.841,,,,,
9054,07/13/25 15:15:00,28.866,,,,,
9055,07/13/25 15:30:00,28.866,,,,,
9056,07/13/25 15:45:00,28.866,,,,,
9057,07/13/25 16:00:00,28.866,,,,,
9058,07/13/25 16:15:00,28.866,,,,,
9059,07/13/25 16:30:00,28.891,,,,,
9060,07/13/25 16:45:00,28.916,,,,,
9061,07/13/25 17:00:00,28.916,,,,,
9062,07/13/25 17:15:00,28.866,,,,,
9063,07/13/25 17:30:00,28.866,,,,,
9064,07/13/25 17:45:00,28.816,,,,,
9065,07/13/25 18:00:00,28.816,,,,,
9066,07/13/25 18:15:00,28.791,,,,,
9067,07/13/25 18:30:00,28.766,,,,,
9068,07/13/25 18:45:00,28.766,,,,,
9069,07/13/25 19:00:00,28.766,,,,,
9070,07/13/25 19:15:00,28.766,,,,,
9071,07/13/25 19:30:00,28.742,,,,,
9072,07/13/25 19:45:00,28.742,,,,,
9073,07/13/25 20:00:00,28.742,,,,,
9074,07/13/25 20:15:00,28.742,,,,,
9075,07/13/25 20:30:00,28.742,,,,,
9076,07/13/25 20:45:00,28.742,,,,,
9077,07/13/25 21:00:00,28.742,,,,,
9078,07/13/25 21:15:00,28.742,,,,,
9079,07/13/25 21:30:00,28.742,,,,,
9080,07/13/25 21:45:00,28.742,,,,,
9081,07/13/25 22:00:00,28.742,,,,,
9082,07/13/25 22:15:00,28.742,,,,,
9083,07/13/25 22:30:00,28.742,,,,,
9084,07/13/25 22:45:00,28.742,,,,,
9085,07/13/25 23:00:00,28.742,,,,,
9086,07/13/25 23:15:00,28.742,,,,,
9087,07/13/25 23:30:00,28.742,,,,,
9088,07/13/25 23:45:00,28.742,,,,,
9089,07/14/25 00:00:00,28.742,,,,,
9090,07/14/25 00:15:00,28.717,,,,,
9091,07/14/25 00:30:00,28.717,,,,,
9092,07/14/25 00:45:00,28.717,,,,,
9093,07/14/25 01:00:00,28.717,,,,,
9094,07/14/25 01:15:00,28.692,,,,,
9095,07/14/25 01:30:00,28.717,,,,,
9096,07/14/25 01:45:00,28.717,,,,,
9097,07/14/25 02:00:00,28.692,,,,,
9098,07/14/25 02:15:00,28.667,,,,,
9099,07/14/25 02:30:00,28.667,,,,,
9100,07/14/25 02:45:00,28.667,,,,,
9101,07/14/25 03:00:00,28.667,,,,,
9102,07/14/25 03:15:00,28.667,,,,,
9103,07/14/25 03:30:00,28.667,,,,,
9104,07/14/25 03:45:00,28.667,,,,,
9105,07/14/25 04:00:00,28.667,,,,,
9106,07/14/25 04:15:00,28.642,,,,,
9107,07/14/25 04:30:00,28.642,,,,,
9108,07/14/25 04:45:00,28.642,,,,,
9109,07/14/25 05:00:00,28.642,,,,,
9110,07/14/25 05:15:00,28.642,,,,,
9111,07/14/25 05:30:00,28.642,,,,,
9112,07/14/25 05:45:00,28.617,,,,,
9113,07/14/25 06:00:00,28.617,,,,,
9114,07/14/25 06:15:00,28.642,,,,,
9115,07/14/25 06:30:00,28.642,,,,,
9116,07/14/25 06:45:00,28.642,,,,,
9117,07/14/25 07:00:00,28.642,,,,,
9118,07/14/25 07:15:00,28.642,,,,,
9119,07/14/25 07:30:00,28.642,,,,,
9120,07/14/25 07:45:00,28.642,,,,,
9121,07/14/25 08:00:00,28.642,,,,,
9122,07/14/25 08:15:00,28.642,,,,,
9123,07/14/25 08:30:00,28.642,,,,,
9124,07/14/25 08:45:00,28.642,,,,,
9125,07/14/25 09:00:00,28.617,,,,,
9126,07/14/25 09:15:00,28.617,,,,,
9127,07/14/25 09:30:00,28.617,,,,,
9128,07/14/25 09:45:00,28.617,,,,,
9129,07/14/25 10:00:00,28.642,,,,,
9130,07/14/25 10:15:00,28.692,,,,,
9131,07/14/25 10:30:00,28.717,,,,,
9132,07/14/25 10:45:00,28.717,,,,,
9133,07/14/25 11:00:00,28.717,,,,,
9134,07/14/25 11:15:00,28.717,,,,,
9135,07/14/25 11:30:00,28.742,,,,,
9136,07/14/25 11:45:00,28.742,,,,,
9137,07/14/25 12:00:00,28.766,,,,,
9138,07/14/25 12:15:00,28.742,,,,,
9139,07/14/25 12:30:00,28.717,,,,,
9140,07/14/25 12:45:00,28.742,,,,,
9141,07/14/25 13:00:00,28.742,,,,,
9142,07/14/25 13:15:00,28.742,,,,,
9143,07/14/25 13:30:00,28.766,,,,,
9144,07/14/25 13:45:00,28.766,,,,,
9145,07/14/25 14:00:00,28.766,,,,,
9146,07/14/25 14:15:00,28.742,,,,,
9147,07/14/25 14:30:00,28.717,,,,,
9148,07/14/25 14:45:00,28.667,,,,,
9149,07/14/25 15:00:00,28.667,,,,,
9150,07/14/25 15:15:00,28.667,,,,,
9151,07/14/25 15:30:00,28.667,,,,,
9152,07/14/25 15:45:00,28.667,,,,,
9153,07/14/25 16:00:00,28.667,,,,,
9154,07/14/25 16:15:00,28.667,,,,,
9155,07/14/25 16:30:00,28.692,,,,,
9156,07/14/25 16:45:00,28.717,,,,,
9157,07/14/25 17:00:00,28.742,,,,,
9158,07/14/25 17:15:00,28.766,,,,,
9159,07/14/25 17:30:00,28.766,,,,,
9160,07/14/25 17:45:00,28.791,,,,,
9161,07/14/25 18:00:00,28.791,,,,,
9162,07/14/25 18:15:00,28.816,,,,,
9163,07/14/25 18:30:00,28.816,,,,,
9164,07/14/25 18:45:00,28.766,,,,,
9165,07/14/25 19:00:00,28.766,,,,,
9166,07/14/25 19:15:00,28.766,,,,,
9167,07/14/25 19:30:00,28.766,,,,,
9168,07/14/25 19:45:00,28.742,,,,,
9169,07/14/25 20:00:00,28.742,,,,,
9170,07/14/25 20:15:00,28.742,,,,,
9171,07/14/25 20:30:00,28.742,,,,,
9172,07/14/25 20:45:00,28.742,,,,,
9173,07/14/25 21:00:00,28.742,,,,,
9174,07/14/25 21:15:00,28.766,,,,,
9175,07/14/25 21:30:00,28.791,,,,,
9176,07/14/25 21:45:00,28.791,,,,,
9177,07/14/25 22:00:00,28.791,,,,,
9178,07/14/25 22:15:00,28.766,,,,,
9179,07/14/25 22:30:00,28.766,,,,,
9180,07/14/25 22:45:00,28.742,,,,,
9181,07/14/25 23:00:00,28.742,,,,,
9182,07/14/25 23:15:00,28.717,,,,,
9183,07/14/25 23:30:00,28.717,,,,,
9184,07/14/25 23:45:00,28.717,,,,,
9185,07/15/25 00:00:00,28.717,,,,,
9186,07/15/25 00:15:00,28.717,,,,,
9187,07/15/25 00:30:00,28.717,,,,,
9188,07/15/25 00:45:00,28.717,,,,,
9189,07/15/25 01:00:00,28.717,,,,,
9190,07/15/25 01:15:00,28.692,,,,,
9191,07/15/25 01:30:00,28.692,,,,,
9192,07/15/25 01:45:00,28.692,,,,,
9193,07/15/25 02:00:00,28.692,,,,,
9194,07/15/25 02:15:00,28.692,,,,,
9195,07/15/25 02:30:00,28.692,,,,,
9196,07/15/25 02:45:00,28.667,,,,,
9197,07/15/25 03:00:00,28.667,,,,,
9198,07/15/25 03:15:00,28.667,,,,,
9199,07/15/25 03:30:00,28.667,,,,,
9200,07/15/25 03:45:00,28.667,,,,,
9201,07/15/25 04:00:00,28.667,,,,,
9202,07/15/25 04:15:00,28.667,,,,,
9203,07/15/25 04:30:00,28.667,,,,,
9204,07/15/25 04:45:00,28.667,,,,,
9205,07/15/25 05:00:00,28.642,,,,,
9206,07/15/25 05:15:00,28.617,,,,,
9207,07/15/25 05:30:00,28.568,,,,,
9208,07/15/25 05:45:00,28.568,,,,,
9209,07/15/25 06:00:00,28.568,,,,,
9210,07/15/25 06:15:00,28.593,,,,,
9211,07/15/25 06:30:00,28.617,,,,,
9212,07/15/25 06:45:00,28.617,,,,,
9213,07/15/25 07:00:00,28.617,,,,,
9214,07/15/25 07:15:00,28.617,,,,,
9215,07/15/25 07:30:00,28.617,,,,,
9216,07/15/25 07:45:00,28.568,,,,,
9217,07/15/25 08:00:00,28.493,,,,,
9218,07/15/25 08:15:00,28.419,,,,,
9219,07/15/25 08:30:00,28.444,,,,,
9220,07/15/25 08:45:00,28.493,,,,,
9221,07/15/25 09:00:00,28.518,,,,,
9222,07/15/25 09:15:00,28.568,,,,,
9223,07/15/25 09:30:00,28.617,,,,,
9224,07/15/25 09:45:00,28.667,,,,,
9225,07/15/25 10:00:00,28.692,,,,,
9226,07/15/25 10:15:00,28.717,,,,,
9227,07/15/25 10:30:00,28.742,,,,,
9228,07/15/25 10:45:00,28.742,,,,,
9229,07/15/25 11:00:00,28.766,,,,,
9230,07/15/25 11:15:00,28.766,,,,,
9231,07/15/25 11:30:00,28.791,,,,,
9232,07/15/25 11:45:00,28.791,,,,,
9233,07/15/25 12:00:00,28.816,,,,,
9234,07/15/25 12:15:00,28.816,,,,,
9235,07/15/25 12:30:00,28.816,,,,,
9236,07/15/25 12:45:00,28.816,,,,,
9237,07/15/25 13:00:00,28.791,,,,,
9238,07/15/25 13:15:00,28.742,,,,,
9239,07/15/25 13:30:00,28.717,,,,,
9240,07/15/25 13:45:00,28.766,,,,,
9241,07/15/25 14:00:00,28.766,,,,,
9242,07/15/25 14:15:00,28.816,,,,,
9243,07/15/25 14:30:00,28.816,,,,,
9244,07/15/25 14:45:00,28.816,,,,,
9245,07/15/25 15:00:00,28.816,,,,,
9246,07/15/25 15:15:00,28.816,,,,,
9247,07/15/25 15:30:00,28.816,,,,,
9248,07/15/25 15:45:00,28.841,,,,,
9249,07/15/25 16:00:00,28.841,,,,,
9250,07/15/25 16:15:00,28.841,,,,,
9251,07/15/25 16:30:00,28.841,,,,,
9252,07/15/25 16:45:00,28.841,,,,,
9253,07/15/25 17:00:00,28.866,,,,,
9254,07/15/25 17:15:00,28.841,,,,,
9255,07/15/25 17:30:00,28.841,,,,,
9256,07/15/25 17:45:00,28.866,,,,,
9257,07/15/25 18:00:00,28.866,,,,,
9258,07/15/25 18:15:00,28.841,,,,,
9259,07/15/25 18:30:00,28.766,,,,,
9260,07/15/25 18:45:00,28.766,,,,,
9261,07/15/25 19:00:00,28.766,,,,,
9262,07/15/25 19:15:00,28.766,,,,,
9263,07/15/25 19:30:00,28.742,,,,,
9264,07/15/25 19:45:00,28.742,,,,,
9265,07/15/25 20:00:00,28.742,,,,,
9266,07/15/25 20:15:00,28.717,,,,,
9267,07/15/25 20:30:00,28.717,,,,,
9268,07/15/25 20:45:00,28.717,,,,,
9269,07/15/25 21:00:00,28.642,,,,,
9270,07/15/25 21:15:00,28.667,,,,,
9271,07/15/25 21:30:00,28.642,,,,,
9272,07/15/25 21:45:00,28.593,,,,,
9273,07/15/25 22:00:00,28.617,,,,,
9274,07/15/25 22:15:00,28.642,,,,,
9275,07/15/25 22:30:00,28.667,,,,,
9276,07/15/25 22:45:00,28.667,,,,,
9277,07/15/25 23:00:00,28.667,,,,,
9278,07/15/25 23:15:00,28.667,,,,,
9279,07/15/25 23:30:00,28.692,,,,,
9280,07/15/25 23:45:00,28.717,,,,,
9281,07/16/25 00:00:00,28.717,,,,,
9282,07/16/25 00:15:00,28.717,,,,,
9283,07/16/25 00:30:00,28.717,,,,,
9284,07/16/25 00:45:00,28.667,,,,,
9285,07/16/25 01:00:00,28.667,,,,,
9286,07/16/25 01:15:00,28.667,,,,,
9287,07/16/25 01:30:00,28.642,,,,,
9288,07/16/25 01:45:00,28.642,,,,,
9289,07/16/25 02:00:00,28.642,,,,,
9290,07/16/25 02:15:00,28.642,,,,,
9291,07/16/25 02:30:00,28.642,,,,,
9292,07/16/25 02:45:00,28.642,,,,,
9293,07/16/25 03:00:00,28.642,,,,,
9294,07/16/25 03:15:00,28.642,,,,,
9295,07/16/25 03:30:00,28.667,,,,,
9296,07/16/25 03:45:00,28.667,,,,,
9297,07/16/25 04:00:00,28.667,,,,,
9298,07/16/25 04:15:00,28.667,,,,,
9299,07/16/25 04:30:00,28.667,,,,,
9300,07/16/25 04:45:00,28.667,,,,,
9301,07/16/25 05:00:00,28.667,,,,,
9302,07/16/25 05:15:00,28.667,,,,,
9303,07/16/25 05:30:00,28.667,,,,,
9304,07/16/25 05:45:00,28.642,,,,,
9305,07/16/25 06:00:00,28.642,,,,,
9306,07/16/25 06:15:00,28.617,,,,,
9307,07/16/25 06:30:00,28.617,,,,,
9308,07/16/25 06:45:00,28.617,,,,,
9309,07/16/25 07:00:00,28.593,,,,,
9310,07/16/25 07:15:00,28.493,,,,,
9311,07/16/25 07:30:00,28.468,,,,,
9312,07/16/25 07:45:00,28.468,,,,,
9313,07/16/25 08:00:00,28.468,,,,,
9314,07/16/25 08:15:00,28.493,,,,,
9315,07/16/25 08:30:00,28.518,,,,,
9316,07/16/25 08:45:00,28.543,,,,,
9317,07/16/25 09:00:00,28.518,,,,,
9318,07/16/25 09:15:00,28.518,,,,,
9319,07/16/25 09:30:00,28.518,,,,,
9320,07/16/25 09:45:00,28.543,,,,,
9321,07/16/25 10:00:00,28.568,,,,,
9322,07/16/25 10:15:00,28.617,,,,,
9323,07/16/25 10:30:00,28.642,,,,,
9324,07/16/25 10:45:00,28.667,,,,,
9325,07/16/25 11:00:00,28.692,,,,,
9326,07/16/25 11:15:00,28.717,,,,,
9327,07/16/25 11:30:00,28.742,,,,,
9328,07/16/25 11:45:00,28.742,,,,,
9329,07/16/25 12:00:00,28.766,,,,,
9330,07/16/25 12:15:00,28.816,,,,,
9331,07/16/25 12:30:00,28.866,,,,,
9332,07/16/25 12:45:00,28.891,,,,,
9333,07/16/25 13:00:00,28.916,,,,,
9334,07/16/25 13:15:00,28.916,,,,,
9335,07/16/25 13:30:00,28.941,,,,,
9336,07/16/25 13:45:00,28.941,,,,,
9337,07/16/25 14:00:00,28.965,,,,,
9338,07/16/25 14:15:00,28.965,,,,,
9339,07/16/25 14:30:00,28.965,,,,,
9340,07/16/25 14:45:00,28.965,,,,,
9341,07/16/25 15:00:00,28.965,,,,,
9342,07/16/25 15:15:00,28.990,,,,,
9343,07/16/25 15:30:00,29.040,,,,,
9344,07/16/25 15:45:00,29.040,,,,,
9345,07/16/25 16:00:00,29.040,,,,,
9346,07/16/25 16:15:00,29.040,,,,,
9347,07/16/25 16:30:00,29.040,,,,,
9348,07/16/25 16:45:00,29.040,,,,,
9349,07/16/25 17:00:00,29.040,,,,,
9350,07/16/25 17:15:00,29.065,,,,,
9351,07/16/25 17:30:00,29.040,,,,,
9352,07/16/25 17:45:00,29.040,,,,,
9353,07/16/25 18:00:00,28.965,,,,,
9354,07/16/25 18:15:00,28.990,,,,,
9355,07/16/25 18:30:00,28.965,,,,,
9356,07/16/25 18:45:00,28.965,,,,,
9357,07/16/25 19:00:00,29.015,,,,,
9358,07/16/25 19:15:00,28.990,,,,,
9359,07/16/25 19:30:00,28.891,,,,,
9360,07/16/25 19:45:00,28.866,,,,,
9361,07/16/25 20:00:00,28.841,,,,,
9362,07/16/25 20:15:00,28.791,,,,,
9363,07/16/25 20:30:00,28.816,,,,,
9364,07/16/25 20:45:00,28.816,,,,,
9365,07/16/25 21:00:00,28.816,,,,,
9366,07/16/25 21:15:00,28.791,,,,,
9367,07/16/25 21:30:00,28.816,,,,,
9368,07/16/25 21:45:00,28.841,,,,,
9369,07/16/25 22:00:00,28.866,,,,,
9370,07/16/25 22:15:00,28.866,,,,,
9371,07/16/25 22:30:00,28.866,,,,,
9372,07/16/25 22:45:00,28.841,,,,,
9373,07/16/25 23:00:00,28.841,,,,,
9374,07/16/25 23:15:00,28.841,,,,,
9375,07/16/25 23:30:00,28.841,,,,,
9376,07/16/25 23:45:00,28.841,,,,,
9377,07/17/25 00:00:00,28.816,,,,,
9378,07/17/25 00:15:00,28.816,,,,,
9379,07/17/25 00:30:00,28.816,,,,,
9380,07/17/25 00:45:00,28.791,,,,,
9381,07/17/25 01:00:00,28.816,,,,,
9382,07/17/25 01:15:00,28.841,,,,,
9383,07/17/25 01:30:00,28.841,,,,,
9384,07/17/25 01:45:00,28.866,,,,,
9385,07/17/25 02:00:00,28.841,,,,,
9386,07/17/25 02:15:00,28.816,,,,,
9387,07/17/25 02:30:00,28.816,,,,,
9388,07/17/25 02:45:00,28.816,,,,,
9389,07/17/25 03:00:00,28.816,,,,,
9390,07/17/25 03:15:00,28.791,,,,,
9391,07/17/25 03:30:00,28.791,,,,,
9392,07/17/25 03:45:00,28.791,,,,,
9393,07/17/25 04:00:00,28.791,,,,,
9394,07/17/25 04:15:00,28.791,,,,,
9395,07/17/25 04:30:00,28.766,,,,,
9396,07/17/25 04:45:00,28.766,,,,,
9397,07/17/25 05:00:00,28.766,,,,,
9398,07/17/25 05:15:00,28.766,,,,,
9399,07/17/25 05:30:00,28.766,,,,,
9400,07/17/25 05:45:00,28.766,,,,,
9401,07/17/25 06:00:00,28.766,,,,,
9402,07/17/25 06:15:00,28.766,,,,,
9403,07/17/25 06:30:00,28.766,,,,,
9404,07/17/25 06:45:00,28.766,,,,,
9405,07/17/25 07:00:00,28.742,,,,,
9406,07/17/25 07:15:00,28.717,,,,,
9407,07/17/25 07:30:00,28.742,,,,,
9408,07/17/25 07:45:00,28.742,,,,,
9409,07/17/25 08:00:00,28.742,,,,,
9410,07/17/25 08:15:00,28.742,,,,,
9411,07/17/25 08:30:00,28.742,,,,,
9412,07/17/25 08:45:00,28.742,,,,,
9413,07/17/25 09:00:00,28.742,,,,,
9414,07/17/25 09:15:00,28.742,,,,,
9415,07/17/25 09:30:00,28.742,,,,,
9416,07/17/25 09:45:00,28.742,,,,,
9417,07/17/25 10:00:00,28.742,,,,,
9418,07/17/25 10:15:00,28.791,,,,,
9419,07/17/25 10:30:00,28.791,,,,,
9420,07/17/25 10:45:00,28.816,,,,,
9421,07/17/25 11:00:00,28.816,,,,,
9422,07/17/25 11:15:00,28.816,,,,,
9423,07/17/25 11:30:00,28.841,,,,,
9424,07/17/25 11:45:00,28.816,,,,,
9425,07/17/25 12:00:00,28.791,,,,,
9426,07/17/25 12:15:00,28.791,,,,,
9427,07/17/25 12:30:00,28.791,,,,,
9428,07/17/25 12:45:00,28.816,,,,,
9429,07/17/25 13:00:00,28.866,,,,,
9430,07/17/25 13:15:00,28.891,,,,,
9431,07/17/25 13:30:00,28.916,,,,,
9432,07/17/25 13:45:00,28.916,,,,,
9433,07/17/25 14:00:00,28.916,,,,,
9434,07/17/25 14:15:00,28.965,,,,,
9435,07/17/25 14:30:00,29.015,,,,,
9436,07/17/25 14:45:00,29.040,,,,,
9437,07/17/25 15:00:00,29.040,,,,,
9438,07/17/25 15:15:00,28.990,,,,,
9439,07/17/25 15:30:00,28.965,,,,,
9440,07/17/25 15:45:00,28.965,,,,,
9441,07/17/25 16:00:00,28.990,,,,,
9442,07/17/25 16:15:00,29.015,,,,,
9443,07/17/25 16:30:00,29.015,,,,,
9444,07/17/25 16:45:00,28.990,,,,,
9445,07/17/25 17:00:00,29.015,,,,,
9446,07/17/25 17:15:00,29.015,,,,,
9447,07/17/25 17:30:00,29.015,,,,,
9448,07/17/25 17:45:00,29.015,,,,,
9449,07/17/25 18:00:00,29.040,,,,,
9450,07/17/25 18:15:00,29.040,,,,,
9451,07/17/25 18:30:00,29.065,,,,,
9452,07/17/25 18:45:00,29.090,,,,,
9453,07/17/25 19:00:00,29.090,,,,,
9454,07/17/25 19:15:00,29.090,,,,,
9455,07/17/25 19:30:00,29.090,,,,,
9456,07/17/25 19:45:00,29.090,,,,,
9457,07/17/25 20:00:00,29.090,,,,,
9458,07/17/25 20:15:00,29.090,,,,,
9459,07/17/25 20:30:00,29.115,,,,,
9460,07/17/25 20:45:00,29.140,,,,,
9461,07/17/25 21:00:00,29.140,,,,,
9462,07/17/25 21:15:00,29.140,,,,,
9463,07/17/25 21:30:00,29.115,,,,,
9464,07/17/25 21:45:00,29.090,,,,,
9465,07/17/25 22:00:00,29.065,,,,,
9466,07/17/25 22:15:00,29.065,,,,,
9467,07/17/25 22:30:00,29.065,,,,,
9468,07/17/25 22:45:00,29.090,,,,,
9469,07/17/25 23:00:00,29.065,,,,,
9470,07/17/25 23:15:00,29.065,,,,,
9471,07/17/25 23:30:00,29.065,,,,,
9472,07/17/25 23:45:00,29.065,,,,,
9473,07/18/25 00:00:00,29.065,,,,,
9474,07/18/25 00:15:00,29.040,,,,,
9475,07/18/25 00:30:00,29.040,,,,,
9476,07/18/25 00:45:00,28.990,,,,,
9477,07/18/25 01:00:00,28.965,,,,,
9478,07/18/25 01:15:00,28.965,,,,,
9479,07/18/25 01:30:00,28.965,,,,,
9480,07/18/25 01:45:00,28.965,,,,,
9481,07/18/25 02:00:00,28.965,,,,,
9482,07/18/25 02:15:00,28.941,,,,,
9483,07/18/25 02:30:00,28.965,,,,,
9484,07/18/25 02:45:00,28.965,,,,,
9485,07/18/25 03:00:00,28.941,,,,,
9486,07/18/25 03:15:00,28.941,,,,,
9487,07/18/25 03:30:00,28.916,,,,,
9488,07/18/25 03:45:00,28.916,,,,,
9489,07/18/25 04:00:00,28.916,,,,,
9490,07/18/25 04:15:00,28.891,,,,,
9491,07/18/25 04:30:00,28.891,,,,,
9492,07/18/25 04:45:00,28.891,,,,,
9493,07/18/25 05:00:00,28.891,,,,,
9494,07/18/25 05:15:00,28.891,,,,,
9495,07/18/25 05:30:00,28.891,,,,,
9496,07/18/25 05:45:00,28.891,,,,,
9497,07/18/25 06:00:00,28.891,,,,,
9498,07/18/25 06:15:00,28.866,,,,,
9499,07/18/25 06:30:00,28.866,,,,,
9500,07/18/25 06:45:00,28.866,,,,,
9501,07/18/25 07:00:00,28.866,,,,,
9502,07/18/25 07:15:00,28.866,,,,,
9503,07/18/25 07:30:00,28.866,,,,,
9504,07/18/25 07:45:00,28.866,,,,,
9505,07/18/25 08:00:00,28.866,,,,,
9506,07/18/25 08:15:00,28.866,,,,,
9507,07/18/25 08:30:00,28.866,,,,,
9508,07/18/25 08:45:00,28.891,,,,,
9509,07/18/25 09:00:00,28.891,,,,,
9510,07/18/25 09:15:00,28.891,,,,,
9511,07/18/25 09:30:00,28.891,,,,,
9512,07/18/25 09:45:00,28.916,,,,,
9513,07/18/25 10:00:00,28.866,,,,,
9514,07/18/25 10:15:00,28.891,,,,,
9515,07/18/25 10:30:00,28.916,,,,,
9516,07/18/25 10:45:00,28.965,,,,,
9517,07/18/25 11:00:00,28.965,,,,,
9518,07/18/25 11:15:00,28.990,,,,,
9519,07/18/25 11:30:00,28.941,,,,,
9520,07/18/25 11:45:00,28.916,,,,,
9521,07/18/25 12:00:00,28.916,,,,,
9522,07/18/25 12:15:00,28.841,,,,,
9523,07/18/25 12:30:00,28.766,,,,,
9524,07/18/25 12:45:00,28.742,,,,,
9525,07/18/25 13:00:00,28.766,,,,,
9526,07/18/25 13:15:00,28.766,,,,,
9527,07/18/25 13:30:00,28.791,,,,,
9528,07/18/25 13:45:00,28.816,,,,,
9529,07/18/25 14:00:00,28.841,,,,,
9530,07/18/25 14:15:00,28.866,,,,,
9531,07/18/25 14:30:00,28.866,,,,,
9532,07/18/25 14:45:00,28.891,,,,,
9533,07/18/25 15:00:00,28.891,,,,,
9534,07/18/25 15:15:00,28.916,,,,,
9535,07/18/25 15:30:00,28.990,,,,,
9536,07/18/25 15:45:00,28.941,,,,,
9537,07/18/25 16:00:00,28.891,,,,,
9538,07/18/25 16:15:00,28.916,,,,,
9539,07/18/25 16:30:00,28.866,,,,,
9540,07/18/25 16:45:00,28.866,,,,,
9541,07/18/25 17:00:00,28.891,,,,,
9542,07/18/25 17:15:00,28.891,,,,,
9543,07/18/25 17:30:00,28.891,,,,,
9544,07/18/25 17:45:00,28.916,,,,,
9545,07/18/25 18:00:00,28.891,,,,,
9546,07/18/25 18:15:00,28.916,,,,,
9547,07/18/25 18:30:00,28.916,,,,,
9548,07/18/25 18:45:00,28.916,,,,,
9549,07/18/25 19:00:00,28.916,,,,,
9550,07/18/25 19:15:00,28.941,,,,,
9551,07/18/25 19:30:00,28.941,,,,,
9552,07/18/25 19:45:00,28.965,,,,,
9553,07/18/25 20:00:00,28.965,,,,,
9554,07/18/25 20:15:00,28.990,,,,,
9555,07/18/25 20:30:00,29.015,,,,,
9556,07/18/25 20:45:00,29.015,,,,,
9557,07/18/25 21:00:00,29.015,,,,,
9558,07/18/25 21:15:00,29.015,,,,,
9559,07/18/25 21:30:00,29.015,,,,,
9560,07/18/25 21:45:00,29.015,,,,,
9561,07/18/25 22:00:00,28.990,,,,,
9562,07/18/25 22:15:00,28.990,,,,,
9563,07/18/25 22:30:00,28.990,,,,,
9564,07/18/25 22:45:00,28.965,,,,,
9565,07/18/25 23:00:00,28.965,,,,,
9566,07/18/25 23:15:00,28.965,,,,,
9567,07/18/25 23:30:00,28.965,,,,,
9568,07/18/25 23:45:00,28.941,,,,,
9569,07/19/25 00:00:00,28.941,,,,,
9570,07/19/25 00:15:00,28.941,,,,,
9571,07/19/25 00:30:00,28.941,,,,,
9572,07/19/25 00:45:00,28.941,,,,,
9573,07/19/25 01:00:00,28.941,,,,,
9574,07/19/25 01:15:00,28.941,,,,,
9575,07/19/25 01:30:00,28.916,,,,,
9576,07/19/25 01:45:00,28.916,,,,,
9577,07/19/25 02:00:00,28.891,,,,,
9578,07/19/25 02:15:00,28.891,,,,,
9579,07/19/25 02:30:00,28.891,,,,,
9580,07/19/25 02:45:00,28.866,,,,,
9581,07/19/25 03:00:00,28.866,,,,,
9582,07/19/25 03:15:00,28.866,,,,,
9583,07/19/25 03:30:00,28.866,,,,,
9584,07/19/25 03:45:00,28.866,,,,,
9585,07/19/25 04:00:00,28.866,,,,,
9586,07/19/25 04:15:00,28.866,,,,,
9587,07/19/25 04:30:00,28.866,,,,,
9588,07/19/25 04:45:00,28.866,,,,,
9589,07/19/25 05:00:00,28.866,,,,,
9590,07/19/25 05:15:00,28.866,,,,,
9591,07/19/25 05:30:00,28.866,,,,,
9592,07/19/25 05:45:00,28.866,,,,,
9593,07/19/25 06:00:00,28.866,,,,,
9594,07/19/25 06:15:00,28.866,,,,,
9595,07/19/25 06:30:00,28.841,,,,,
9596,07/19/25 06:45:00,28.841,,,,,
9597,07/19/25 07:00:00,28.841,,,,,
9598,07/19/25 07:15:00,28.866,,,,,
9599,07/19/25 07:30:00,28.866,,,,,
9600,07/19/25 07:45:00,28.866,,,,,
9601,07/19/25 08:00:00,28.866,,,,,
9602,07/19/25 08:15:00,28.866,,,,,
9603,07/19/25 08:30:00,28.841,,,,,
9604,07/19/25 08:45:00,28.841,,,,,
9605,07/19/25 09:00:00,28.866,,,,,
9606,07/19/25 09:15:00,28.866,,,,,
9607,07/19/25 09:30:00,28.891,,,,,
9608,07/19/25 09:45:00,28.916,,,,,
9609,07/19/25 10:00:00,28.916,,,,,
9610,07/19/25 10:15:00,28.916,,,,,
9611,07/19/25 10:30:00,28.941,,,,,
9612,07/19/25 10:45:00,28.965,,,,,
9613,07/19/25 11:00:00,28.965,,,,,
9614,07/19/25 11:15:00,28.990,,,,,
9615,07/19/25 11:30:00,28.965,,,,,
9616,07/19/25 11:45:00,28.965,,,,,
9617,07/19/25 12:00:00,28.965,,,,,
9618,07/19/25 12:15:00,28.941,,,,,
9619,07/19/25 12:30:00,28.965,,,,,
9620,07/19/25 12:45:00,28.941,,,,,
9621,07/19/25 13:00:00,28.965,,,,,
9622,07/19/25 13:15:00,28.965,,,,,
9623,07/19/25 13:30:00,28.965,,,,,
9624,07/19/25 13:45:00,28.990,,,,,
9625,07/19/25 14:00:00,28.990,,,,,
9626,07/19/25 14:15:00,28.965,,,,,
9627,07/19/25 14:30:00,28.965,,,,,
9628,07/19/25 14:45:00,28.965,,,,,
9629,07/19/25 15:00:00,29.015,,,,,
9630,07/19/25 15:15:00,28.990,,,,,
9631,07/19/25 15:30:00,29.015,,,,,
9632,07/19/25 15:45:00,29.015,,,,,
9633,07/19/25 16:00:00,29.015,,,,,
9634,07/19/25 16:15:00,29.015,,,,,
9635,07/19/25 16:30:00,29.015,,,,,
9636,07/19/25 16:45:00,28.990,,,,,
9637,07/19/25 17:00:00,28.990,,,,,
9638,07/19/25 17:15:00,28.965,,,,,
9639,07/19/25 17:30:00,28.965,,,,,
9640,07/19/25 17:45:00,28.965,,,,,
9641,07/19/25 18:00:00,28.965,,,,,
9642,07/19/25 18:15:00,28.941,,,,,
9643,07/19/25 18:30:00,28.941,,,,,
9644,07/19/25 18:45:00,28.965,,,,,
9645,07/19/25 19:00:00,28.965,,,,,
9646,07/19/25 19:15:00,28.965,,,,,
9647,07/19/25 19:30:00,28.965,,,,,
9648,07/19/25 19:45:00,28.990,,,,,
9649,07/19/25 20:00:00,28.990,,,,,
9650,07/19/25 20:15:00,28.990,,,,,
9651,07/19/25 20:30:00,28.990,,,,,
9652,07/19/25 20:45:00,28.990,,,,,
9653,07/19/25 21:00:00,29.015,,,,,
9654,07/19/25 21:15:00,29.015,,,,,
9655,07/19/25 21:30:00,29.015,,,,,
9656,07/19/25 21:45:00,29.015,,,,,
9657,07/19/25 22:00:00,29.015,,,,,
9658,07/19/25 22:15:00,29.015,,,,,
9659,07/19/25 22:30:00,29.015,,,,,
9660,07/19/25 22:45:00,29.015,,,,,
9661,07/19/25 23:00:00,28.990,,,,,
9662,07/19/25 23:15:00,28.990,,,,,
9663,07/19/25 23:30:00,28.965,,,,,
9664,07/19/25 23:45:00,28.965,,,,,
9665,07/20/25 00:00:00,28.941,,,,,
9666,07/20/25 00:15:00,28.941,,,,,
9667,07/20/25 00:30:00,28.941,,,,,
9668,07/20/25 00:45:00,28.941,,,,,
9669,07/20/25 01:00:00,28.965,,,,,
9670,07/20/25 01:15:00,28.965,,,,,
9671,07/20/25 01:30:00,28.941,,,,,
9672,07/20/25 01:45:00,28.941,,,,,
9673,07/20/25 02:00:00,28.941,,,,,
9674,07/20/25 02:15:00,28.941,,,,,
9675,07/20/25 02:30:00,28.941,,,,,
9676,07/20/25 02:45:00,28.941,,,,,
9677,07/20/25 03:00:00,28.941,,,,,
9678,07/20/25 03:15:00,28.916,,,,,
9679,07/20/25 03:30:00,28.916,,,,,
9680,07/20/25 03:45:00,28.916,,,,,
9681,07/20/25 04:00:00,28.916,,,,,
9682,07/20/25 04:15:00,28.916,,,,,
9683,07/20/25 04:30:00,28.916,,,,,
9684,07/20/25 04:45:00,28.916,,,,,
9685,07/20/25 05:00:00,28.916,,,,,
9686,07/20/25 05:15:00,28.891,,,,,
9687,07/20/25 05:30:00,28.891,,,,,
9688,07/20/25 05:45:00,28.916,,,,,
9689,07/20/25 06:00:00,28.891,,,,,
9690,07/20/25 06:15:00,28.891,,,,,
9691,07/20/25 06:30:00,28.891,,,,,
9692,07/20/25 06:45:00,28.866,,,,,
9693,07/20/25 07:00:00,28.891,,,,,
9694,07/20/25 07:15:00,28.866,,,,,
9695,07/20/25 07:30:00,28.866,,,,,
9696,07/20/25 07:45:00,28.866,,,,,
9697,07/20/25 08:00:00,28.866,,,,,
9698,07/20/25 08:15:00,28.841,,,,,
9699,07/20/25 08:30:00,28.841,,,,,
9700,07/20/25 08:45:00,28.841,,,,,
9701,07/20/25 09:00:00,28.841,,,,,
9702,07/20/25 09:15:00,28.866,,,,,
9703,07/20/25 09:30:00,28.891,,,,,
9704,07/20/25 09:45:00,28.916,,,,,
9705,07/20/25 10:00:00,28.916,,,,,
9706,07/20/25 10:15:00,28.916,,,,,
9707,07/20/25 10:30:00,28.941,,,,,
9708,07/20/25 10:45:00,28.965,,,,,
9709,07/20/25 11:00:00,28.990,,,,,
9710,07/20/25 11:15:00,28.990,,,,,
9711,07/20/25 11:30:00,28.990,,,,,
9712,07/20/25 11:45:00,28.990,,,,,
9713,07/20/25 12:00:00,28.990,,,,,
9714,07/20/25 12:15:00,29.015,,,,,
9715,07/20/25 12:30:00,29.015,,,,,
9716,07/20/25 12:45:00,29.015,,,,,
9717,07/20/25 13:00:00,29.015,,,,,
9718,07/20/25 13:15:00,28.990,,,,,
9719,07/20/25 13:30:00,28.965,,,,,
9720,07/20/25 13:45:00,28.965,,,,,
9721,07/20/25 14:00:00,28.990,,,,,
9722,07/20/25 14:15:00,28.990,,,,,
9723,07/20/25 14:30:00,28.990,,,,,
9724,07/20/25 14:45:00,29.015,,,,,
9725,07/20/25 15:00:00,28.990,,,,,
9726,07/20/25 15:15:00,28.990,,,,,
9727,07/20/25 15:30:00,29.015,,,,,
9728,07/20/25 15:45:00,29.040,,,,,
9729,07/20/25 16:00:00,29.040,,,,,
9730,07/20/25 16:15:00,29.040,,,,,
9731,07/20/25 16:30:00,29.065,,,,,
9732,07/20/25 16:45:00,29.065,,,,,
9733,07/20/25 17:00:00,29.040,,,,,
9734,07/20/25 17:15:00,29.040,,,,,
9735,07/20/25 17:30:00,29.015,,,,,
9736,07/20/25 17:45:00,28.990,,,,,
9737,07/20/25 18:00:00,28.990,,,,,
9738,07/20/25 18:15:00,28.990,,,,,
9739,07/20/25 18:30:00,28.990,,,,,
9740,07/20/25 18:45:00,28.990,,,,,
9741,07/20/25 19:00:00,28.990,,,,,
9742,07/20/25 19:15:00,28.990,,,,,
9743,07/20/25 19:30:00,28.990,,,,,
9744,07/20/25 19:45:00,28.990,,,,,
9745,07/20/25 20:00:00,28.990,,,,,
9746,07/20/25 20:15:00,28.990,,,,,
9747,07/20/25 20:30:00,28.990,,,,,
9748,07/20/25 20:45:00,28.990,,,,,
9749,07/20/25 21:00:00,28.990,,,,,
9750,07/20/25 21:15:00,29.015,,,,,
9751,07/20/25 21:30:00,29.015,,,,,
9752,07/20/25 21:45:00,29.015,,,,,
9753,07/20/25 22:00:00,29.015,,,,,
9754,07/20/25 22:15:00,28.990,,,,,
9755,07/20/25 22:30:00,28.965,,,,,
9756,07/20/25 22:45:00,28.965,,,,,
9757,07/20/25 23:00:00,28.965,,,,,
9758,07/20/25 23:15:00,28.965,,,,,
9759,07/20/25 23:30:00,28.965,,,,,
9760,07/20/25 23:45:00,28.941,,,,,
9761,07/21/25 00:00:00,28.941,,,,,
9762,07/21/25 00:15:00,28.941,,,,,
9763,07/21/25 00:30:00,28.941,,,,,
9764,07/21/25 00:45:00,28.916,,,,,
9765,07/21/25 01:00:00,28.916,,,,,
9766,07/21/25 01:15:00,28.916,,,,,
9767,07/21/25 01:30:00,28.916,,,,,
9768,07/21/25 01:45:00,28.891,,,,,
9769,07/21/25 02:00:00,28.891,,,,,
9770,07/21/25 02:15:00,28.866,,,,,
9771,07/21/25 02:30:00,28.866,,,,,
9772,07/21/25 02:45:00,28.891,,,,,
9773,07/21/25 03:00:00,28.916,,,,,
9774,07/21/25 03:15:00,28.916,,,,,
9775,07/21/25 03:30:00,28.916,,,,,
9776,07/21/25 03:45:00,28.916,,,,,
9777,07/21/25 04:00:00,28.916,,,,,
9778,07/21/25 04:15:00,28.916,,,,,
9779,07/21/25 04:30:00,28.916,,,,,
9780,07/21/25 04:45:00,28.916,,,,,
9781,07/21/25 05:00:00,28.916,,,,,
9782,07/21/25 05:15:00,28.916,,,,,
9783,07/21/25 05:30:00,28.916,,,,,
9784,07/21/25 05:45:00,28.916,,,,,
9785,07/21/25 06:00:00,28.891,,,,,
9786,07/21/25 06:15:00,28.891,,,,,
9787,07/21/25 06:30:00,28.891,,,,,
9788,07/21/25 06:45:00,28.891,,,,,
9789,07/21/25 07:00:00,28.891,,,,,
9790,07/21/25 07:15:00,28.891,,,,,
9791,07/21/25 07:30:00,28.891,,,,,
9792,07/21/25 07:45:00,28.891,,,,,
9793,07/21/25 08:00:00,28.916,,,,,
9794,07/21/25 08:15:00,28.916,,,,,
9795,07/21/25 08:30:00,28.916,,,,,
9796,07/21/25 08:45:00,28.916,,,,,
9797,07/21/25 09:00:00,28.916,,,,,
9798,07/21/25 09:15:00,28.916,,,,,
9799,07/21/25 09:30:00,28.941,,,,,
9800,07/21/25 09:45:00,28.916,,,,,
9801,07/21/25 10:00:00,28.916,,,,,
9802,07/21/25 10:15:00,28.941,,,,,
9803,07/21/25 10:30:00,28.941,,,,,
9804,07/21/25 10:45:00,28.965,,,,,
9805,07/21/25 11:00:00,28.965,,,,,
9806,07/21/25 11:15:00,28.990,,,,,
9807,07/21/25 11:30:00,29.015,,,,,
9808,07/21/25 11:45:00,29.040,,,,,
9809,07/21/25 12:00:00,29.040,,,,,
9810,07/21/25 12:15:00,29.040,,,,,
9811,07/21/25 12:30:00,29.015,,,,,
9812,07/21/25 12:45:00,29.015,,,,,
9813,07/21/25 13:00:00,29.015,,,,,
9814,07/21/25 13:15:00,29.015,,,,,
9815,07/21/25 13:30:00,29.015,,,,,
9816,07/21/25 13:45:00,29.015,,,,,
9817,07/21/25 14:00:00,29.040,,,,,
9818,07/21/25 14:15:00,29.040,,,,,
9819,07/21/25 14:30:00,29.040,,,,,
9820,07/21/25 14:45:00,29.065,,,,,
9821,07/21/25 15:00:00,29.090,,,,,
9822,07/21/25 15:15:00,29.115,,,,,
9823,07/21/25 15:30:00,29.165,,,,,
9824,07/21/25 15:45:00,29.190,,,,,
9825,07/21/25 16:00:00,29.215,,,,,
9826,07/21/25 16:15:00,29.215,,,,,
9827,07/21/25 16:30:00,29.215,,,,,
9828,07/21/25 16:45:00,29.265,,,,,
9829,07/21/25 17:00:00,29.290,,,,,
9830,07/21/25 17:15:00,29.265,,,,,
9831,07/21/25 17:30:00,29.265,,,,,
9832,07/21/25 17:45:00,29.240,,,,,
9833,07/21/25 18:00:00,29.215,,,,,
9834,07/21/25 18:15:00,29.240,,,,,
9835,07/21/25 18:30:00,29.215,,,,,
9836,07/21/25 18:45:00,29.190,,,,,
9837,07/21/25 19:00:00,29.140,,,,,
9838,07/21/25 19:15:00,29.165,,,,,
9839,07/21/25 19:30:00,29.165,,,,,
9840,07/21/25 19:45:00,29.165,,,,,
9841,07/21/25 20:00:00,29.165,,,,,
9842,07/21/25 20:15:00,29.190,,,,,
9843,07/21/25 20:30:00,29.165,,,,,
9844,07/21/25 20:45:00,29.165,,,,,
9845,07/21/25 21:00:00,29.140,,,,,
9846,07/21/25 21:15:00,29.140,,,,,
9847,07/21/25 21:30:00,29.140,,,,,
9848,07/21/25 21:45:00,29.140,,,,,
9849,07/21/25 22:00:00,29.140,,,,,
9850,07/21/25 22:15:00,29.140,,,,,
9851,07/21/25 22:30:00,29.140,,,,,
9852,07/21/25 22:45:00,29.115,,,,,
9853,07/21/25 23:00:00,29.115,,,,,
9854,07/21/25 23:15:00,29.115,,,,,
9855,07/21/25 23:30:00,29.090,,,,,
9856,07/21/25 23:45:00,29.090,,,,,
9857,07/22/25 00:00:00,29.090,,,,,
9858,07/22/25 00:15:00,29.090,,,,,
9859,07/22/25 00:30:00,29.090,,,,,
9860,07/22/25 00:45:00,29.115,,,,,
9861,07/22/25 01:00:00,29.115,,,,,
9862,07/22/25 01:15:00,29.115,,,,,
9863,07/22/25 01:30:00,29.115,,,,,
9864,07/22/25 01:45:00,29.090,,,,,
9865,07/22/25 02:00:00,29.090,,,,,
9866,07/22/25 02:15:00,29.090,,,,,
9867,07/22/25 02:30:00,29.090,,,,,
9868,07/22/25 02:45:00,29.090,,,,,
9869,07/22/25 03:00:00,29.090,,,,,
9870,07/22/25 03:15:00,29.090,,,,,
9871,07/22/25 03:30:00,29.090,,,,,
9872,07/22/25 03:45:00,29.065,,,,,
9873,07/22/25 04:00:00,29.065,,,,,
9874,07/22/25 04:15:00,29.065,,,,,
9875,07/22/25 04:30:00,29.065,,,,,
9876,07/22/25 04:45:00,29.065,,,,,
9877,07/22/25 05:00:00,29.065,,,,,
9878,07/22/25 05:15:00,29.065,,,,,
9879,07/22/25 05:30:00,29.040,,,,,
9880,07/22/25 05:45:00,29.040,,,,,
9881,07/22/25 06:00:00,29.040,,,,,
9882,07/22/25 06:15:00,29.040,,,,,
9883,07/22/25 06:30:00,29.040,,,,,
9884,07/22/25 06:45:00,29.015,,,,,
9885,07/22/25 07:00:00,29.040,,,,,
9886,07/22/25 07:15:00,29.040,,,,,
9887,07/22/25 07:30:00,29.040,,,,,
9888,07/22/25 07:45:00,29.015,,,,,
9889,07/22/25 08:00:00,29.015,,,,,
9890,07/22/25 08:15:00,29.040,,,,,
9891,07/22/25 08:30:00,29.040,,,,,
9892,07/22/25 08:45:00,29.040,,,,,
9893,07/22/25 09:00:00,29.040,,,,,
9894,07/22/25 09:15:00,29.065,,,,,
9895,07/22/25 09:30:00,29.065,,,,,
9896,07/22/25 09:45:00,29.065,,,,,
9897,07/22/25 10:00:00,29.065,,,,,
9898,07/22/25 10:15:00,29.090,,,,,
9899,07/22/25 10:30:00,29.115,,,,,
9900,07/22/25 10:45:00,29.115,,,,,
9901,07/22/25 11:00:00,29.115,,,,,
9902,07/22/25 11:15:00,29.115,,,,,
9903,07/22/25 11:30:00,29.140,,,,,
9904,07/22/25 11:45:00,29.140,,,,,
9905,07/22/25 12:00:00,29.165,,,,,
9906,07/22/25 12:15:00,29.165,,,,,
9907,07/22/25 12:30:00,29.140,,,,,
9908,07/22/25 12:45:00,29.140,,,,,
9909,07/22/25 13:00:00,29.140,,,,,
9910,07/22/25 13:15:00,29.165,,,,,
9911,07/22/25 13:30:00,29.165,,,,,
9912,07/22/25 13:45:00,29.190,,,,,
9913,07/22/25 14:00:00,29.165,,,,,
9914,07/22/25 14:15:00,29.165,,,,,
9915,07/22/25 14:30:00,29.190,,,,,
9916,07/22/25 14:45:00,29.190,,,,,
9917,07/22/25 15:00:00,29.190,,,,,
9918,07/22/25 15:15:00,29.190,,,,,
9919,07/22/25 15:30:00,29.215,,,,,
9920,07/22/25 15:45:00,29.215,,,,,
9921,07/22/25 16:00:00,29.265,,,,,
9922,07/22/25 16:15:00,29.265,,,,,
9923,07/22/25 16:30:00,29.265,,,,,
9924,07/22/25 16:45:00,29.215,,,,,
9925,07/22/25 17:00:00,29.140,,,,,
9926,07/22/25 17:15:00,29.140,,,,,
9927,07/22/25 17:30:00,29.140,,,,,
9928,07/22/25 17:45:00,29.115,,,,,
9929,07/22/25 18:00:00,29.115,,,,,
9930,07/22/25 18:15:00,29.115,,,,,
9931,07/22/25 18:30:00,29.115,,,,,
9932,07/22/25 18:45:00,29.115,,,,,
9933,07/22/25 19:00:00,29.115,,,,,
9934,07/22/25 19:15:00,29.115,,,,,
9935,07/22/25 19:30:00,29.115,,,,,
9936,07/22/25 19:45:00,29.115,,,,,
9937,07/22/25 20:00:00,29.115,,,,,
9938,07/22/25 20:15:00,29.115,,,,,
9939,07/22/25 20:30:00,29.115,,,,,
9940,07/22/25 20:45:00,29.115,,,,,
9941,07/22/25 21:00:00,29.090,,,,,
9942,07/22/25 21:15:00,29.015,,,,,
9943,07/22/25 21:30:00,29.015,,,,,
9944,07/22/25 21:45:00,29.015,,,,,
9945,07/22/25 22:00:00,29.015,,,,,
9946,07/22/25 22:15:00,29.015,,,,,
9947,07/22/25 22:30:00,28.990,,,,,
9948,07/22/25 22:45:00,29.015,,,,,
9949,07/22/25 23:00:00,29.040,,,,,
9950,07/22/25 23:15:00,29.065,,,,,
9951,07/22/25 23:30:00,29.065,,,,,
9952,07/22/25 23:45:00,29.065,,,,,
9953,07/23/25 00:00:00,29.065,,,,,
9954,07/23/25 00:15:00,29.090,,,,,
9955,07/23/25 00:30:00,29.065,,,,,
9956,07/23/25 00:45:00,29.065,,,,,
9957,07/23/25 01:00:00,29.065,,,,,
9958,07/23/25 01:15:00,29.065,,,,,
9959,07/23/25 01:30:00,29.065,,,,,
9960,07/23/25 01:45:00,29.065,,,,,
9961,07/23/25 02:00:00,29.065,,,,,
9962,07/23/25 02:15:00,29.040,,,,,
9963,07/23/25 02:30:00,29.040,,,,,
9964,07/23/25 02:45:00,29.040,,,,,
9965,07/23/25 03:00:00,29.015,,,,,
9966,07/23/25 03:15:00,28.990,,,,,
9967,07/23/25 03:30:00,28.990,,,,,
9968,07/23/25 03:45:00,28.990,,,,,
9969,07/23/25 04:00:00,28.965,,,,,
9970,07/23/25 04:15:00,28.965,,,,,
9971,07/23/25 04:30:00,28.965,,,,,
9972,07/23/25 04:45:00,28.965,,,,,
9973,07/23/25 05:00:00,28.941,,,,,
9974,07/23/25 05:15:00,28.941,,,,,
9975,07/23/25 05:30:00,28.941,,,,,
9976,07/23/25 05:45:00,28.941,,,,,
9977,07/23/25 06:00:00,28.941,,,,,
9978,07/23/25 06:15:00,28.916,,,,,
9979,07/23/25 06:30:00,28.916,,,,,
9980,07/23/25 06:45:00,28.916,,,,,
9981,07/23/25 07:00:00,28.916,,,,,
9982,07/23/25 07:15:00,28.916,,,,,
9983,07/23/25 07:30:00,28.916,,,,,
9984,07/23/25 07:45:00,28.916,,,,,
9985,07/23/25 08:00:00,28.916,,,,,
9986,07/23/25 08:15:00,28.941,,,,,
9987,07/23/25 08:30:00,28.941,,,,,
9988,07/23/25 08:45:00,28.941,,,,,
9989,07/23/25 09:00:00,28.941,,,,,
9990,07/23/25 09:15:00,28.965,,,,,
9991,07/23/25 09:30:00,28.965,,,,,
9992,07/23/25 09:45:00,28.965,,,,,
9993,07/23/25 10:00:00,28.990,,,,,
9994,07/23/25 10:15:00,28.990,,,,,
9995,07/23/25 10:30:00,28.990,,,,,
9996,07/23/25 10:45:00,28.990,,,,,
9997,07/23/25 11:00:00,29.015,,,,,
9998,07/23/25 11:15:00,29.015,,,,,
9999,07/23/25 11:30:00,29.040,,,,,
10000,07/23/25 11:45:00,29.040,,,,,
10001,07/23/25 12:00:00,29.015,,,,,
10002,07/23/25 12:15:00,29.015,,,,,
10003,07/23/25 12:30:00,29.015,,,,,
10004,07/23/25 12:45:00,29.015,,,,,
10005,07/23/25 13:00:00,29.040,,,,,
10006,07/23/25 13:15:00,29.065,,,,,
10007,07/23/25 13:30:00,29.090,,,,,
10008,07/23/25 13:45:00,29.090,,,,,
10009,07/23/25 14:00:00,29.090,,,,,
10010,07/23/25 14:15:00,29.090,,,,,
10011,07/23/25 14:30:00,29.115,,,,,
10012,07/23/25 14:45:00,29.140,,,,,
10013,07/23/25 15:00:00,29.140,,,,,
10014,07/23/25 15:15:00,29.140,,,,,
10015,07/23/25 15:30:00,29.140,,,,,
10016,07/23/25 15:45:00,29.140,,,,,
10017,07/23/25 16:00:00,29.115,,,,,
10018,07/23/25 16:15:00,29.115,,,,,
10019,07/23/25 16:30:00,29.115,,,,,
10020,07/23/25 16:45:00,29.115,,,,,
10021,07/23/25 17:00:00,29.090,,,,,
10022,07/23/25 17:15:00,29.090,,,,,
10023,07/23/25 17:30:00,29.115,,,,,
10024,07/23/25 17:45:00,29.065,,,,,
10025,07/23/25 18:00:00,29.065,,,,,
10026,07/23/25 18:15:00,29.065,,,,,
10027,07/23/25 18:30:00,29.090,,,,,
10028,07/23/25 18:45:00,29.115,,,,,
10029,07/23/25 19:00:00,29.040,,,,,
10030,07/23/25 19:15:00,29.065,,,,,
10031,07/23/25 19:30:00,29.015,,,,,
10032,07/23/25 19:45:00,28.965,,,,,
10033,07/23/25 20:00:00,28.941,,,,,
10034,07/23/25 20:15:00,28.941,,,,,
10035,07/23/25 20:30:00,28.941,,,,,
10036,07/23/25 20:45:00,28.916,,,,,
10037,07/23/25 21:00:00,28.941,,,,,
10038,07/23/25 21:15:00,28.941,,,,,
10039,07/23/25 21:30:00,28.965,,,,,
10040,07/23/25 21:45:00,28.965,,,,,
10041,07/23/25 22:00:00,28.965,,,,,
10042,07/23/25 22:15:00,28.990,,,,,
10043,07/23/25 22:30:00,28.990,,,,,
10044,07/23/25 22:45:00,28.990,,,,,
10045,07/23/25 23:00:00,28.916,,,,,
10046,07/23/25 23:15:00,28.941,,,,,
10047,07/23/25 23:30:00,28.916,,,,,
10048,07/23/25 23:45:00,28.916,,,,,
10049,07/24/25 00:00:00,28.916,,,,,
10050,07/24/25 00:15:00,28.916,,,,,
10051,07/24/25 00:30:00,28.916,,,,,
10052,07/24/25 00:45:00,28.916,,,,,
10053,07/24/25 01:00:00,28.916,,,,,
10054,07/24/25 01:15:00,28.941,,,,,
10055,07/24/25 01:30:00,28.941,,,,,
10056,07/24/25 01:45:00,28.941,,,,,
10057,07/24/25 02:00:00,28.916,,,,,
10058,07/24/25 02:15:00,28.916,,,,,
10059,07/24/25 02:30:00,28.941,,,,,
10060,07/24/25 02:45:00,28.916,,,,,
10061,07/24/25 03:00:00,28.916,,,,,
10062,07/24/25 03:15:00,28.916,,,,,
10063,07/24/25 03:30:00,28.916,,,,,
10064,07/24/25 03:45:00,28.891,,,,,
10065,07/24/25 04:00:00,28.891,,,,,
10066,07/24/25 04:15:00,28.866,,,,,
10067,07/24/25 04:30:00,28.866,,,,,
10068,07/24/25 04:45:00,28.841,,,,,
10069,07/24/25 05:00:00,28.841,,,,,
10070,07/24/25 05:15:00,28.816,,,,,
10071,07/24/25 05:30:00,28.816,,,,,
10072,07/24/25 05:45:00,28.791,,,,,
10073,07/24/25 06:00:00,28.766,,,,,
10074,07/24/25 06:15:00,28.766,,,,,
10075,07/24/25 06:30:00,28.791,,,,,
10076,07/24/25 06:45:00,28.791,,,,,
10077,07/24/25 07:00:00,28.791,,,,,
10078,07/24/25 07:15:00,28.816,,,,,
10079,07/24/25 07:30:00,28.816,,,,,
10080,07/24/25 07:45:00,28.816,,,,,
10081,07/24/25 08:00:00,28.816,,,,,
10082,07/24/25 08:15:00,28.841,,,,,
10083,07/24/25 08:30:00,28.841,,,,,
10084,07/24/25 08:45:00,28.841,,,,,
10085,07/24/25 09:00:00,28.866,,,,,
10086,07/24/25 09:15:00,28.866,,,,,
10087,07/24/25 09:30:00,28.866,,,,,
10088,07/24/25 09:45:00,28.891,,,,,
10089,07/24/25 10:00:00,28.891,,,,,
10090,07/24/25 10:15:00,28.891,,,,,
10091,07/24/25 10:30:00,28.916,,,,,
10092,07/24/25 10:45:00,28.891,,,,,
10093,07/24/25 11:00:00,28.916,,,,,
10094,07/24/25 11:15:00,28.941,,,,,
10095,07/24/25 11:30:00,28.965,,,,,
10096,07/24/25 11:45:00,28.965,,,,,
10097,07/24/25 12:00:00,28.941,,,,,
10098,07/24/25 12:15:00,28.965,,,,,
10099,07/24/25 12:30:00,29.015,,,,,
10100,07/24/25 12:45:00,29.015,,,,,
10101,07/24/25 13:00:00,29.040,,,,,
10102,07/24/25 13:15:00,29.040,,,,,
10103,07/24/25 13:30:00,29.040,,,,,
10104,07/24/25 13:45:00,29.040,,,,,
10105,07/24/25 14:00:00,29.040,,,,,
10106,07/24/25 14:15:00,29.040,,,,,
10107,07/24/25 14:30:00,29.040,,,,,
10108,07/24/25 14:45:00,29.065,,,,,
10109,07/24/25 15:00:00,29.065,,,,,
10110,07/24/25 15:15:00,29.065,,,,,
10111,07/24/25 15:30:00,29.065,,,,,
10112,07/24/25 15:45:00,29.065,,,,,
10113,07/24/25 16:00:00,29.065,,,,,
10114,07/24/25 16:15:00,29.065,,,,,
10115,07/24/25 16:30:00,29.065,,,,,
10116,07/24/25 16:45:00,29.040,,,,,
10117,07/24/25 17:00:00,29.040,,,,,
10118,07/24/25 17:15:00,29.040,,,,,
10119,07/24/25 17:30:00,29.040,,,,,
10120,07/24/25 17:45:00,29.015,,,,,
10121,07/24/25 18:00:00,29.015,,,,,
10122,07/24/25 18:15:00,29.015,,,,,
10123,07/24/25 18:30:00,28.990,,,,,
10124,07/24/25 18:45:00,28.990,,,,,
10125,07/24/25 19:00:00,29.015,,,,,
10126,07/24/25 19:15:00,29.015,,,,,
10127,07/24/25 19:30:00,29.040,,,,,
10128,07/24/25 19:45:00,29.065,,,,,
10129,07/24/25 20:00:00,29.140,,,,,
10130,07/24/25 20:15:00,29.165,,,,,
10131,07/24/25 20:30:00,29.140,,,,,
10132,07/24/25 20:45:00,29.115,,,,,
10133,07/24/25 21:00:00,29.115,,,,,
10134,07/24/25 21:15:00,29.090,,,,,
10135,07/24/25 21:30:00,29.090,,,,,
10136,07/24/25 21:45:00,29.065,,,,,
10137,07/24/25 22:00:00,29.065,,,,,
10138,07/24/25 22:15:00,29.040,,,,,
10139,07/24/25 22:30:00,29.040,,,,,
10140,07/24/25 22:45:00,29.015,,,,,
10141,07/24/25 23:00:00,29.015,,,,,
10142,07/24/25 23:15:00,29.015,,,,,
10143,07/24/25 23:30:00,28.990,,,,,
10144,07/24/25 23:45:00,28.990,,,,,
10145,07/25/25 00:00:00,28.990,,,,,
10146,07/25/25 00:15:00,28.965,,,,,
10147,07/25/25 00:30:00,28.965,,,,,
10148,07/25/25 00:45:00,28.965,,,,,
10149,07/25/25 01:00:00,28.965,,,,,
10150,07/25/25 01:15:00,28.965,,,,,
10151,07/25/25 01:30:00,28.965,,,,,
10152,07/25/25 01:45:00,28.965,,,,,
10153,07/25/25 02:00:00,28.965,,,,,
10154,07/25/25 02:15:00,28.941,,,,,
10155,07/25/25 02:30:00,28.941,,,,,
10156,07/25/25 02:45:00,28.941,,,,,
10157,07/25/25 03:00:00,28.941,,,,,
10158,07/25/25 03:15:00,28.941,,,,,
10159,07/25/25 03:30:00,28.941,,,,,
10160,07/25/25 03:45:00,28.916,,,,,
10161,07/25/25 04:00:00,28.916,,,,,
10162,07/25/25 04:15:00,28.916,,,,,
10163,07/25/25 04:30:00,28.916,,,,,
10164,07/25/25 04:45:00,28.891,,,,,
10165,07/25/25 05:00:00,28.891,,,,,
10166,07/25/25 05:15:00,28.891,,,,,
10167,07/25/25 05:30:00,28.866,,,,,
10168,07/25/25 05:45:00,28.866,,,,,
10169,07/25/25 06:00:00,28.866,,,,,
10170,07/25/25 06:15:00,28.866,,,,,
10171,07/25/25 06:30:00,28.866,,,,,
10172,07/25/25 06:45:00,28.866,,,,,
10173,07/25/25 07:00:00,28.866,,,,,
10174,07/25/25 07:15:00,28.891,,,,,
10175,07/25/25 07:30:00,28.891,,,,,
10176,07/25/25 07:45:00,28.891,,,,,
10177,07/25/25 08:00:00,28.866,,,,,
10178,07/25/25 08:15:00,28.891,,,,,
10179,07/25/25 08:30:00,28.891,,,,,
10180,07/25/25 08:45:00,28.916,,,,,
10181,07/25/25 09:00:00,28.916,,,,,
10182,07/25/25 09:15:00,28.941,,,,,
10183,07/25/25 09:30:00,28.941,,,,,
10184,07/25/25 09:45:00,28.941,,,,,
10185,07/25/25 10:00:00,28.965,,,,,
10186,07/25/25 10:15:00,28.990,,,,,
10187,07/25/25 10:30:00,29.015,,,,,
10188,07/25/25 10:45:00,29.015,,,,,
10189,07/25/25 11:00:00,29.040,,,,,
10190,07/25/25 11:15:00,29.065,,,,,
10191,07/25/25 11:30:00,29.090,,,,,
10192,07/25/25 11:45:00,29.115,,,,,
10193,07/25/25 12:00:00,29.115,,,,,
10194,07/25/25 12:15:00,29.140,,,,,
10195,07/25/25 12:30:00,29.140,,,,,
10196,07/25/25 12:45:00,29.140,,,,,
10197,07/25/25 13:00:00,29.115,,,,,
10198,07/25/25 13:15:00,29.115,,,,,
10199,07/25/25 13:30:00,29.065,,,,,
10200,07/25/25 13:45:00,29.090,,,,,
10201,07/25/25 14:00:00,29.040,,,,,
10202,07/25/25 14:15:00,29.040,,,,,
10203,07/25/25 14:30:00,29.040,,,,,
10204,07/25/25 14:45:00,29.015,,,,,
10205,07/25/25 15:00:00,29.015,,,,,
10206,07/25/25 15:15:00,29.015,,,,,
10207,07/25/25 15:30:00,29.040,,,,,
10208,07/25/25 15:45:00,29.065,,,,,
10209,07/25/25 16:00:00,29.090,,,,,
10210,07/25/25 16:15:00,29.190,,,,,
10211,07/25/25 16:30:00,29.215,,,,,
10212,07/25/25 16:45:00,29.190,,,,,
10213,07/25/25 17:00:00,29.065,,,,,
10214,07/25/25 17:15:00,29.015,,,,,
10215,07/25/25 17:30:00,29.015,,,,,
10216,07/25/25 17:45:00,28.990,,,,,
10217,07/25/25 18:00:00,28.990,,,,,
10218,07/25/25 18:15:00,28.990,,,,,
10219,07/25/25 18:30:00,28.965,,,,,
10220,07/25/25 18:45:00,28.965,,,,,
10221,07/25/25 19:00:00,29.015,,,,,
10222,07/25/25 19:15:00,29.015,,,,,
10223,07/25/25 19:30:00,29.015,,,,,
10224,07/25/25 19:45:00,28.990,,,,,
10225,07/25/25 20:00:00,28.990,,,,,
10226,07/25/25 20:15:00,29.015,,,,,
10227,07/25/25 20:30:00,29.015,,,,,
10228,07/25/25 20:45:00,29.015,,,,,
10229,07/25/25 21:00:00,28.990,,,,,
10230,07/25/25 21:15:00,28.965,,,,,
10231,07/25/25 21:30:00,28.965,,,,,
10232,07/25/25 21:45:00,28.965,,,,,
10233,07/25/25 22:00:00,28.965,,,,,
10234,07/25/25 22:15:00,28.965,,,,,
10235,07/25/25 22:30:00,28.941,,,,,
10236,07/25/25 22:45:00,28.941,,,,,
10237,07/25/25 23:00:00,28.941,,,,,
10238,07/25/25 23:15:00,28.916,,,,,
10239,07/25/25 23:30:00,28.916,,,,,
10240,07/25/25 23:45:00,28.916,,,,,
10241,07/26/25 00:00:00,28.916,,,,,
10242,07/26/25 00:15:00,28.941,,,,,
10243,07/26/25 00:30:00,28.941,,,,,
10244,07/26/25 00:45:00,28.916,,,,,
10245,07/26/25 01:00:00,28.916,,,,,
10246,07/26/25 01:15:00,28.916,,,,,
10247,07/26/25 01:30:00,28.891,,,,,
10248,07/26/25 01:45:00,28.866,,,,,
10249,07/26/25 02:00:00,28.866,,,,,
10250,07/26/25 02:15:00,28.866,,,,,
10251,07/26/25 02:30:00,28.866,,,,,
10252,07/26/25 02:45:00,28.841,,,,,
10253,07/26/25 03:00:00,28.841,,,,,
10254,07/26/25 03:15:00,28.816,,,,,
10255,07/26/25 03:30:00,28.816,,,,,
10256,07/26/25 03:45:00,28.816,,,,,
10257,07/26/25 04:00:00,28.816,,,,,
10258,07/26/25 04:15:00,28.816,,,,,
10259,07/26/25 04:30:00,28.791,,,,,
10260,07/26/25 04:45:00,28.791,,,,,
10261,07/26/25 05:00:00,28.791,,,,,
10262,07/26/25 05:15:00,28.791,,,,,
10263,07/26/25 05:30:00,28.791,,,,,
10264,07/26/25 05:45:00,28.791,,,,,
10265,07/26/25 06:00:00,28.791,,,,,
10266,07/26/25 06:15:00,28.791,,,,,
10267,07/26/25 06:30:00,28.791,,,,,
10268,07/26/25 06:45:00,28.791,,,,,
10269,07/26/25 07:00:00,28.791,,,,,
10270,07/26/25 07:15:00,28.791,,,,,
10271,07/26/25 07:30:00,28.816,,,,,
10272,07/26/25 07:45:00,28.816,,,,,
10273,07/26/25 08:00:00,28.816,,,,,
10274,07/26/25 08:15:00,28.841,,,,,
10275,07/26/25 08:30:00,28.866,,,,,
10276,07/26/25 08:45:00,28.916,,,,,
10277,07/26/25 09:00:00,28.916,,,,,
10278,07/26/25 09:15:00,28.891,,,,,
10279,07/26/25 09:30:00,28.891,,,,,
10280,07/26/25 09:45:00,28.916,,,,,
10281,07/26/25 10:00:00,28.916,,,,,
10282,07/26/25 10:15:00,28.941,,,,,
10283,07/26/25 10:30:00,28.916,,,,,
10284,07/26/25 10:45:00,28.916,,,,,
10285,07/26/25 11:00:00,28.916,,,,,
10286,07/26/25 11:15:00,28.941,,,,,
10287,07/26/25 11:30:00,28.965,,,,,
10288,07/26/25 11:45:00,28.990,,,,,
10289,07/26/25 12:00:00,29.015,,,,,
10290,07/26/25 12:15:00,29.015,,,,,
10291,07/26/25 12:30:00,29.040,,,,,
10292,07/26/25 12:45:00,29.040,,,,,
10293,07/26/25 13:00:00,29.040,,,,,
10294,07/26/25 13:15:00,29.015,,,,,
10295,07/26/25 13:30:00,29.015,,,,,
10296,07/26/25 13:45:00,29.015,,,,,
10297,07/26/25 14:00:00,28.990,,,,,
10298,07/26/25 14:15:00,29.015,,,,,
10299,07/26/25 14:30:00,29.015,,,,,
10300,07/26/25 14:45:00,29.040,,,,,
10301,07/26/25 15:00:00,29.065,,,,,
10302,07/26/25 15:15:00,29.065,,,,,
10303,07/26/25 15:30:00,29.065,,,,,
10304,07/26/25 15:45:00,29.065,,,,,
10305,07/26/25 16:00:00,29.065,,,,,
10306,07/26/25 16:15:00,29.040,,,,,
10307,07/26/25 16:30:00,29.040,,,,,
10308,07/26/25 16:45:00,29.015,,,,,
10309,07/26/25 17:00:00,29.015,,,,,
10310,07/26/25 17:15:00,29.015,,,,,
10311,07/26/25 17:30:00,28.990,,,,,
10312,07/26/25 17:45:00,28.990,,,,,
10313,07/26/25 18:00:00,29.015,,,,,
10314,07/26/25 18:15:00,29.015,,,,,
10315,07/26/25 18:30:00,29.015,,,,,
10316,07/26/25 18:45:00,29.040,,,,,
10317,07/26/25 19:00:00,29.040,,,,,
10318,07/26/25 19:15:00,29.040,,,,,
10319,07/26/25 19:30:00,29.040,,,,,
10320,07/26/25 19:45:00,29.040,,,,,
10321,07/26/25 20:00:00,29.040,,,,,
10322,07/26/25 20:15:00,29.065,,,,,
10323,07/26/25 20:30:00,29.090,,,,,
10324,07/26/25 20:45:00,29.090,,,,,
10325,07/26/25 21:00:00,29.065,,,,,
10326,07/26/25 21:15:00,29.065,,,,,
10327,07/26/25 21:30:00,29.065,,,,,
10328,07/26/25 21:45:00,29.040,,,,,
10329,07/26/25 22:00:00,29.040,,,,,
10330,07/26/25 22:15:00,29.040,,,,,
10331,07/26/25 22:30:00,29.015,,,,,
10332,07/26/25 22:45:00,28.990,,,,,
10333,07/26/25 23:00:00,28.965,,,,,
10334,07/26/25 23:15:00,28.965,,,,,
10335,07/26/25 23:30:00,28.965,,,,,
10336,07/26/25 23:45:00,28.941,,,,,
10337,07/27/25 00:00:00,28.941,,,,,
10338,07/27/25 00:15:00,28.941,,,,,
10339,07/27/25 00:30:00,28.941,,,,,
10340,07/27/25 00:45:00,28.941,,,,,
10341,07/27/25 01:00:00,28.941,,,,,
10342,07/27/25 01:15:00,28.916,,,,,
10343,07/27/25 01:30:00,28.941,,,,,
10344,07/27/25 01:45:00,28.941,,,,,
10345,07/27/25 02:00:00,28.941,,,,,
10346,07/27/25 02:15:00,28.941,,,,,
10347,07/27/25 02:30:00,28.916,,,,,
10348,07/27/25 02:45:00,28.891,,,,,
10349,07/27/25 03:00:00,28.891,,,,,
10350,07/27/25 03:15:00,28.891,,,,,
10351,07/27/25 03:30:00,28.916,,,,,
10352,07/27/25 03:45:00,28.941,,,,,
10353,07/27/25 04:00:00,28.965,,,,,
10354,07/27/25 04:15:00,28.965,,,,,
10355,07/27/25 04:30:00,28.965,,,,,
10356,07/27/25 04:45:00,28.941,,,,,
10357,07/27/25 05:00:00,28.941,,,,,
10358,07/27/25 05:15:00,28.941,,,,,
10359,07/27/25 05:30:00,28.916,,,,,
10360,07/27/25 05:45:00,28.916,,,,,
10361,07/27/25 06:00:00,28.916,,,,,
10362,07/27/25 06:15:00,28.891,,,,,
10363,07/27/25 06:30:00,28.866,,,,,
10364,07/27/25 06:45:00,28.841,,,,,
10365,07/27/25 07:00:00,28.841,,,,,
10366,07/27/25 07:15:00,28.841,,,,,
10367,07/27/25 07:30:00,28.841,,,,,
10368,07/27/25 07:45:00,28.866,,,,,
10369,07/27/25 08:00:00,28.866,,,,,
10370,07/27/25 08:15:00,28.891,,,,,
10371,07/27/25 08:30:00,28.891,,,,,
10372,07/27/25 08:45:00,28.916,,,,,
10373,07/27/25 09:00:00,28.916,,,,,
10374,07/27/25 09:15:00,28.916,,,,,
10375,07/27/25 09:30:00,28.941,,,,,
10376,07/27/25 09:45:00,28.941,,,,,
10377,07/27/25 10:00:00,28.941,,,,,
10378,07/27/25 10:15:00,28.965,,,,,
10379,07/27/25 10:30:00,28.965,,,,,
10380,07/27/25 10:45:00,28.965,,,,,
10381,07/27/25 11:00:00,28.965,,,,,
10382,07/27/25 11:15:00,28.990,,,,,
10383,07/27/25 11:30:00,29.015,,,,,
10384,07/27/25 11:45:00,29.040,,,,,
10385,07/27/25 12:00:00,29.015,,,,,
10386,07/27/25 12:15:00,29.015,,,,,
10387,07/27/25 12:30:00,29.015,,,,,
10388,07/27/25 12:45:00,29.015,,,,,
10389,07/27/25 13:00:00,29.015,,,,,
10390,07/27/25 13:15:00,29.015,,,,,
10391,07/27/25 13:30:00,29.015,,,,,
10392,07/27/25 13:45:00,29.015,,,,,
10393,07/27/25 14:00:00,28.990,,,,,
10394,07/27/25 14:15:00,28.990,,,,,
10395,07/27/25 14:30:00,28.990,,,,,
10396,07/27/25 14:45:00,28.990,,,,,
10397,07/27/25 15:00:00,28.990,,,,,
10398,07/27/25 15:15:00,28.990,,,,,
10399,07/27/25 15:30:00,28.990,,,,,
10400,07/27/25 15:45:00,28.990,,,,,
10401,07/27/25 16:00:00,29.015,,,,,
10402,07/27/25 16:15:00,29.015,,,,,
10403,07/27/25 16:30:00,28.990,,,,,
10404,07/27/25 16:45:00,28.990,,,,,
10405,07/27/25 17:00:00,28.990,,,,,
10406,07/27/25 17:15:00,28.990,,,,,
10407,07/27/25 17:30:00,29.015,,,,,
10408,07/27/25 17:45:00,29.015,,,,,
10409,07/27/25 18:00:00,29.015,,,,,
10410,07/27/25 18:15:00,29.015,,,,,
10411,07/27/25 18:30:00,29.015,,,,,
10412,07/27/25 18:45:00,29.015,,,,,
10413,07/27/25 19:00:00,28.990,,,,,
10414,07/27/25 19:15:00,28.990,,,,,
10415,07/27/25 19:30:00,28.990,,,,,
10416,07/27/25 19:45:00,28.990,,,,,
10417,07/27/25 20:00:00,28.990,,,,,
10418,07/27/25 20:15:00,28.990,,,,,
10419,07/27/25 20:30:00,28.990,,,,,
10420,07/27/25 20:45:00,28.990,,,,,
10421,07/27/25 21:00:00,28.990,,,,,
10422,07/27/25 21:15:00,28.965,,,,,
10423,07/27/25 21:30:00,28.965,,,,,
10424,07/27/25 21:45:00,28.965,,,,,
10425,07/27/25 22:00:00,28.941,,,,,
10426,07/27/25 22:15:00,28.941,,,,,
10427,07/27/25 22:30:00,28.965,,,,,
10428,07/27/25 22:45:00,28.965,,,,,
10429,07/27/25 23:00:00,28.965,,,,,
10430,07/27/25 23:15:00,28.990,,,,,
10431,07/27/25 23:30:00,28.990,,,,,
10432,07/27/25 23:45:00,28.990,,,,,
10433,07/28/25 00:00:00,28.990,,,,,
10434,07/28/25 00:15:00,28.990,,,,,
10435,07/28/25 00:30:00,28.990,,,,,
10436,07/28/25 00:45:00,28.990,,,,,
10437,07/28/25 01:00:00,28.990,,,,,
10438,07/28/25 01:15:00,28.990,,,,,
10439,07/28/25 01:30:00,28.990,,,,,
10440,07/28/25 01:45:00,28.965,,,,,
10441,07/28/25 02:00:00,28.965,,,,,
10442,07/28/25 02:15:00,28.965,,,,,
10443,07/28/25 02:30:00,28.965,,,,,
10444,07/28/25 02:45:00,28.965,,,,,
10445,07/28/25 03:00:00,28.965,,,,,
10446,07/28/25 03:15:00,28.965,,,,,
10447,07/28/25 03:30:00,28.965,,,,,
10448,07/28/25 03:45:00,28.965,,,,,
10449,07/28/25 04:00:00,28.965,,,,,
10450,07/28/25 04:15:00,28.965,,,,,
10451,07/28/25 04:30:00,28.941,,,,,
10452,07/28/25 04:45:00,28.916,,,,,
10453,07/28/25 05:00:00,28.916,,,,,
10454,07/28/25 05:15:00,28.891,,,,,
10455,07/28/25 05:30:00,28.891,,,,,
10456,07/28/25 05:45:00,28.891,,,,,
10457,07/28/25 06:00:00,28.891,,,,,
10458,07/28/25 06:15:00,28.891,,,,,
10459,07/28/25 06:30:00,28.916,,,,,
10460,07/28/25 06:45:00,28.891,,,,,
10461,07/28/25 07:00:00,28.891,,,,,
10462,07/28/25 07:15:00,28.866,,,,,
10463,07/28/25 07:30:00,28.866,,,,,
10464,07/28/25 07:45:00,28.866,,,,,
10465,07/28/25 08:00:00,28.891,,,,,
10466,07/28/25 08:15:00,28.891,,,,,
10467,07/28/25 08:30:00,28.916,,,,,
10468,07/28/25 08:45:00,28.941,,,,,
10469,07/28/25 09:00:00,28.965,,,,,
10470,07/28/25 09:15:00,28.990,,,,,
10471,07/28/25 09:30:00,29.015,,,,,
10472,07/28/25 09:45:00,29.015,,,,,
10473,07/28/25 10:00:00,29.015,,,,,
10474,07/28/25 10:15:00,29.040,,,,,
10475,07/28/25 10:30:00,29.040,,,,,
10476,07/28/25 10:45:00,29.040,,,,,
10477,07/28/25 11:00:00,29.040,,,,,
10478,07/28/25 11:15:00,29.040,,,,,
10479,07/28/25 11:30:00,29.015,,,,,
10480,07/28/25 11:45:00,29.040,,,,,
10481,07/28/25 12:00:00,29.015,,,,,
10482,07/28/25 12:15:00,29.040,,,,,
10483,07/28/25 12:30:00,29.040,,,,,
10484,07/28/25 12:45:00,29.040,,,,,
10485,07/28/25 13:00:00,29.065,,,,,
10486,07/28/25 13:15:00,29.065,,,,,
10487,07/28/25 13:30:00,29.065,,,,,
10488,07/28/25 13:45:00,29.065,,,,,
10489,07/28/25 14:00:00,29.065,,,,,
10490,07/28/25 14:15:00,29.065,,,,,
10491,07/28/25 14:30:00,29.065,,,,,
10492,07/28/25 14:45:00,29.065,,,,,
10493,07/28/25 15:00:00,29.065,,,,,
10494,07/28/25 15:15:00,29.065,,,,,
10495,07/28/25 15:30:00,29.065,,,,,
10496,07/28/25 15:45:00,29.065,,,,,
10497,07/28/25 16:00:00,29.065,,,,,
10498,07/28/25 16:15:00,29.065,,,,,
10499,07/28/25 16:30:00,29.065,,,,,
10500,07/28/25 16:45:00,29.065,,,,,
10501,07/28/25 17:00:00,29.065,,,,,
10502,07/28/25 17:15:00,29.065,,,,,
10503,07/28/25 17:30:00,29.040,,,,,
10504,07/28/25 17:45:00,29.040,,,,,
10505,07/28/25 18:00:00,29.040,,,,,
10506,07/28/25 18:15:00,29.015,,,,,
10507,07/28/25 18:30:00,29.015,,,,,
10508,07/28/25 18:45:00,29.015,,,,,
10509,07/28/25 19:00:00,28.990,,,,,
10510,07/28/25 19:15:00,28.990,,,,,
10511,07/28/25 19:30:00,28.990,,,,,
10512,07/28/25 19:45:00,28.990,,,,,
10513,07/28/25 20:00:00,28.990,,,,,
10514,07/28/25 20:15:00,28.990,,,,,
10515,07/28/25 20:30:00,28.990,,,,,
10516,07/28/25 20:45:00,28.990,,,,,
10517,07/28/25 21:00:00,28.990,,,,,
10518,07/28/25 21:15:00,28.990,,,,,
10519,07/28/25 21:30:00,28.990,,,,,
10520,07/28/25 21:45:00,28.990,,,,,
10521,07/28/25 22:00:00,28.990,,,,,
10522,07/28/25 22:15:00,28.990,,,,,
10523,07/28/25 22:30:00,28.990,,,,,
10524,07/28/25 22:45:00,28.990,,,,,
10525,07/28/25 23:00:00,29.015,,,,,
10526,07/28/25 23:15:00,29.015,,,,,
10527,07/28/25 23:30:00,29.015,,,,,
10528,07/28/25 23:45:00,29.015,,,,,
10529,07/29/25 00:00:00,29.015,,,,,
10530,07/29/25 00:15:00,29.015,,,,,
10531,07/29/25 00:30:00,28.990,,,,,
10532,07/29/25 00:45:00,28.990,,,,,
10533,07/29/25 01:00:00,28.990,,,,,
10534,07/29/25 01:15:00,28.990,,,,,
10535,07/29/25 01:30:00,28.990,,,,,
10536,07/29/25 01:45:00,28.990,,,,,
10537,07/29/25 02:00:00,28.990,,,,,
10538,07/29/25 02:15:00,29.015,,,,,
10539,07/29/25 02:30:00,28.990,,,,,
10540,07/29/25 02:45:00,28.990,,,,,
10541,07/29/25 03:00:00,28.990,,,,,
10542,07/29/25 03:15:00,28.990,,,,,
10543,07/29/25 03:30:00,28.965,,,,,
10544,07/29/25 03:45:00,28.965,,,,,
10545,07/29/25 04:00:00,28.965,,,,,
10546,07/29/25 04:15:00,28.965,,,,,
10547,07/29/25 04:30:00,28.965,,,,,
10548,07/29/25 04:45:00,28.965,,,,,
10549,07/29/25 05:00:00,28.965,,,,,
10550,07/29/25 05:15:00,28.965,,,,,
10551,07/29/25 05:30:00,28.965,,,,,
10552,07/29/25 05:45:00,28.965,,,,,
10553,07/29/25 06:00:00,28.941,,,,,
10554,07/29/25 06:15:00,28.941,,,,,
10555,07/29/25 06:30:00,28.941,,,,,
10556,07/29/25 06:45:00,28.941,,,,,
10557,07/29/25 07:00:00,28.941,,,,,
10558,07/29/25 07:15:00,28.941,,,,,
10559,07/29/25 07:30:00,28.941,,,,,
10560,07/29/25 07:45:00,28.941,,,,,
10561,07/29/25 08:00:00,28.965,,,,,
10562,07/29/25 08:15:00,28.965,,,,,
10563,07/29/25 08:30:00,28.965,,,,,
10564,07/29/25 08:45:00,28.965,,,,,
10565,07/29/25 09:00:00,28.965,,,,,
10566,07/29/25 09:15:00,28.965,,,,,
10567,07/29/25 09:30:00,28.990,,,,,
10568,07/29/25 09:45:00,28.990,,,,,
10569,07/29/25 10:00:00,29.015,,,,,
10570,07/29/25 10:15:00,28.990,,,,,
10571,07/29/25 10:30:00,29.015,,,,,
10572,07/29/25 10:45:00,29.015,,,,,
10573,07/29/25 11:00:00,29.015,,,,,
10574,07/29/25 11:15:00,29.040,,,,,
10575,07/29/25 11:30:00,29.040,,,,,
10576,07/29/25 11:45:00,29.040,,,,,
10577,07/29/25 12:00:00,29.040,,,,,
10578,07/29/25 12:15:00,29.040,,,,,
10579,07/29/25 12:30:00,29.040,,,,,
10580,07/29/25 12:45:00,29.040,,,,,
10581,07/29/25 13:00:00,29.065,,,,,
10582,07/29/25 13:15:00,29.040,,,,,
10583,07/29/25 13:30:00,29.065,,,,,
10584,07/29/25 13:45:00,29.065,,,,,
10585,07/29/25 14:00:00,29.065,,,,,
10586,07/29/25 14:15:00,29.065,,,,,
10587,07/29/25 14:30:00,29.090,,,,,
10588,07/29/25 14:45:00,29.065,,,,,
10589,07/29/25 15:00:00,29.065,,,,,
10590,07/29/25 15:15:00,29.065,,,,,
10591,07/29/25 15:30:00,29.040,,,,,
10592,07/29/25 15:45:00,29.065,,,,,
10593,07/29/25 16:00:00,29.065,,,,,
10594,07/29/25 16:15:00,29.090,,,,,
10595,07/29/25 16:30:00,29.090,,,,,
10596,07/29/25 16:45:00,29.065,,,,,
10597,07/29/25 17:00:00,29.040,,,,,
10598,07/29/25 17:15:00,29.040,,,,,
10599,07/29/25 17:30:00,29.040,,,,,
10600,07/29/25 17:45:00,29.040,,,,,
10601,07/29/25 18:00:00,29.040,,,,,
10602,07/29/25 18:15:00,29.015,,,,,
10603,07/29/25 18:30:00,29.015,,,,,
10604,07/29/25 18:45:00,29.015,,,,,
10605,07/29/25 19:00:00,29.015,,,,,
10606,07/29/25 19:15:00,29.015,,,,,
10607,07/29/25 19:30:00,29.015,,,,,
10608,07/29/25 19:45:00,28.990,,,,,
10609,07/29/25 20:00:00,28.990,,,,,
10610,07/29/25 20:15:00,28.965,,,,,
10611,07/29/25 20:30:00,28.965,,,,,
10612,07/29/25 20:45:00,28.965,,,,,
10613,07/29/25 21:00:00,28.965,,,,,
10614,07/29/25 21:15:00,28.965,,,,,
10615,07/29/25 21:30:00,28.965,,,,,
10616,07/29/25 21:45:00,28.965,,,,,
10617,07/29/25 22:00:00,28.965,,,,,
10618,07/29/25 22:15:00,28.965,,,,,
10619,07/29/25 22:30:00,28.965,,,,,
10620,07/29/25 22:45:00,28.965,,,,,
10621,07/29/25 23:00:00,28.965,,,,,
10622,07/29/25 23:15:00,28.965,,,,,
10623,07/29/25 23:30:00,28.941,,,,,
10624,07/29/25 23:45:00,28.941,,,,,
10625,07/30/25 00:00:00,28.941,,,,,
10626,07/30/25 00:15:00,28.990,,,,,
10627,07/30/25 00:30:00,28.990,,,,,
10628,07/30/25 00:45:00,28.990,,,,,
10629,07/30/25 01:00:00,28.990,,,,,
10630,07/30/25 01:15:00,28.965,,,,,
10631,07/30/25 01:30:00,28.965,,,,,
10632,07/30/25 01:45:00,28.965,,,,,
10633,07/30/25 02:00:00,28.965,,,,,
10634,07/30/25 02:15:00,28.965,,,,,
10635,07/30/25 02:30:00,28.965,,,,,
10636,07/30/25 02:45:00,28.965,,,,,
10637,07/30/25 03:00:00,28.965,,,,,
10638,07/30/25 03:15:00,28.965,,,,,
10639,07/30/25 03:30:00,28.965,,,,,
10640,07/30/25 03:45:00,28.841,,,,,
10641,07/30/25 04:00:00,28.791,,,,,
10642,07/30/25 04:15:00,28.791,,,,,
10643,07/30/25 04:30:00,28.816,,,,,
10644,07/30/25 04:45:00,28.866,,,,,
10645,07/30/25 05:00:00,28.891,,,,,
10646,07/30/25 05:15:00,28.916,,,,,
10647,07/30/25 05:30:00,28.916,,,,,
10648,07/30/25 05:45:00,28.916,,,,,
10649,07/30/25 06:00:00,28.891,,,,,
10650,07/30/25 06:15:00,28.866,,,,,
10651,07/30/25 06:30:00,28.866,,,,,
10652,07/30/25 06:45:00,28.816,,,,,
10653,07/30/25 07:00:00,28.742,,,,,
10654,07/30/25 07:15:00,28.742,,,,,
10655,07/30/25 07:30:00,28.742,,,,,
10656,07/30/25 07:45:00,28.766,,,,,
10657,07/30/25 08:00:00,28.766,,,,,
10658,07/30/25 08:15:00,28.791,,,,,
10659,07/30/25 08:30:00,28.816,,,,,
10660,07/30/25 08:45:00,28.841,,,,,
10661,07/30/25 09:00:00,28.866,,,,,
10662,07/30/25 09:15:00,28.916,,,,,
10663,07/30/25 09:30:00,28.965,,,,,
10664,07/30/25 09:45:00,29.015,,,,,
10665,07/30/25 10:00:00,29.040,,,,,
10666,07/30/25 10:15:00,29.065,,,,,
10667,07/30/25 10:30:00,29.065,,,,,
10668,07/30/25 10:45:00,29.115,,,,,
10669,07/30/25 11:00:00,29.115,,,,,
10670,07/30/25 11:15:00,29.140,,,,,
10671,07/30/25 11:30:00,29.140,,,,,
10672,07/30/25 11:45:00,29.140,,,,,
10673,07/30/25 12:00:00,29.140,,,,,
10674,07/30/25 12:15:00,29.140,,,,,
10675,07/30/25 12:30:00,29.140,,,,,
10676,07/30/25 12:45:00,29.165,,,,,
10677,07/30/25 13:00:00,29.190,,,,,
10678,07/30/25 13:15:00,29.215,,,,,
10679,07/30/25 13:30:00,29.215,,,,,
10680,07/30/25 13:45:00,29.215,,,,,
10681,07/30/25 14:00:00,29.190,,,,,
10682,07/30/25 14:15:00,29.190,,,,,
10683,07/30/25 14:30:00,29.190,,,,,
10684,07/30/25 14:45:00,29.115,,,,,
10685,07/30/25 15:00:00,29.140,,,,,
10686,07/30/25 15:15:00,29.190,,,,,
10687,07/30/25 15:30:00,29.190,,,,,
10688,07/30/25 15:45:00,29.190,,,,,
10689,07/30/25 16:00:00,29.190,,,,,
10690,07/30/25 16:15:00,29.190,,,,,
10691,07/30/25 16:30:00,29.165,,,,,
10692,07/30/25 16:45:00,29.115,,,,,
10693,07/30/25 17:00:00,29.090,,,,,
10694,07/30/25 17:15:00,29.065,,,,,
10695,07/30/25 17:30:00,29.065,,,,,
10696,07/30/25 17:45:00,29.090,,,,,
10697,07/30/25 18:00:00,29.090,,,,,
10698,07/30/25 18:15:00,29.090,,,,,
10699,07/30/25 18:30:00,29.090,,,,,
10700,07/30/25 18:45:00,29.115,,,,,
10701,07/30/25 19:00:00,29.115,,,,,
10702,07/30/25 19:15:00,29.115,,,,,
10703,07/30/25 19:30:00,29.115,,,,,
10704,07/30/25 19:45:00,29.115,,,,,
10705,07/30/25 20:00:00,29.115,,,,,
10706,07/30/25 20:15:00,29.065,,,,,
10707,07/30/25 20:30:00,29.065,,,,,
10708,07/30/25 20:45:00,29.065,,,,,
10709,07/30/25 21:00:00,29.090,,,,,
10710,07/30/25 21:15:00,29.065,,,,,
10711,07/30/25 21:30:00,29.065,,,,,
10712,07/30/25 21:45:00,29.065,,,,,
10713,07/30/25 22:00:00,29.065,,,,,
10714,07/30/25 22:15:00,29.040,,,,,
10715,07/30/25 22:30:00,29.040,,,,,
10716,07/30/25 22:45:00,29.040,,,,,
10717,07/30/25 23:00:00,29.065,,,,,
10718,07/30/25 23:15:00,29.090,,,,,
10719,07/30/25 23:30:00,29.090,,,,,
10720,07/30/25 23:45:00,29.090,,,,,
10721,07/31/25 00:00:00,29.065,,,,,
10722,07/31/25 00:15:00,29.015,,,,,
10723,07/31/25 00:30:00,29.015,,,,,
10724,07/31/25 00:45:00,29.040,,,,,
10725,07/31/25 01:00:00,29.040,,,,,
10726,07/31/25 01:15:00,29.040,,,,,
10727,07/31/25 01:30:00,29.040,,,,,
10728,07/31/25 01:45:00,29.040,,,,,
10729,07/31/25 02:00:00,29.015,,,,,
10730,07/31/25 02:15:00,29.015,,,,,
10731,07/31/25 02:30:00,29.015,,,,,
10732,07/31/25 02:45:00,29.015,,,,,
10733,07/31/25 03:00:00,28.990,,,,,
10734,07/31/25 03:15:00,28.990,,,,,
10735,07/31/25 03:30:00,28.990,,,,,
10736,07/31/25 03:45:00,28.990,,,,,
10737,07/31/25 04:00:00,28.990,,,,,
10738,07/31/25 04:15:00,29.015,,,,,
10739,07/31/25 04:30:00,28.990,,,,,
10740,07/31/25 04:45:00,28.990,,,,,
10741,07/31/25 05:00:00,28.990,,,,,
10742,07/31/25 05:15:00,28.990,,,,,
10743,07/31/25 05:30:00,28.990,,,,,
10744,07/31/25 05:45:00,28.990,,,,,
10745,07/31/25 06:00:00,28.990,,,,,
10746,07/31/25 06:15:00,28.990,,,,,
10747,07/31/25 06:30:00,28.965,,,,,
10748,07/31/25 06:45:00,28.965,,,,,
10749,07/31/25 07:00:00,28.965,,,,,
10750,07/31/25 07:15:00,28.965,,,,,
10751,07/31/25 07:30:00,28.965,,,,,
10752,07/31/25 07:45:00,28.965,,,,,
10753,07/31/25 08:00:00,28.941,,,,,
10754,07/31/25 08:15:00,28.941,,,,,
10755,07/31/25 08:30:00,28.941,,,,,
10756,07/31/25 08:45:00,28.941,,,,,
10757,07/31/25 09:00:00,28.916,,,,,
10758,07/31/25 09:15:00,28.916,,,,,
10759,07/31/25 09:30:00,28.965,,,,,
10760,07/31/25 09:45:00,28.990,,,,,
10761,07/31/25 10:00:00,29.040,,,,,
10762,07/31/25 10:15:00,29.040,,,,,
10763,07/31/25 10:30:00,29.065,,,,,
10764,07/31/25 10:45:00,29.065,,,,,
10765,07/31/25 11:00:00,29.090,,,,,
10766,07/31/25 11:15:00,29.115,,,,,
10767,07/31/25 11:30:00,29.165,,,,,
10768,07/31/25 11:45:00,29.165,,,,,
10769,07/31/25 12:00:00,29.165,,,,,
10770,07/31/25 12:15:00,29.190,,,,,
10771,07/31/25 12:30:00,29.190,,,,,
10772,07/31/25 12:45:00,29.190,,,,,
10773,07/31/25 13:00:00,29.190,,,,,
10774,07/31/25 13:15:00,29.190,,,,,
10775,07/31/25 13:30:00,29.215,,,,,
10776,07/31/25 13:45:00,29.215,,,,,
10777,07/31/25 14:00:00,29.240,,,,,
10778,07/31/25 14:15:00,29.240,,,,,
10779,07/31/25 14:30:00,29.240,,,,,
10780,07/31/25 14:45:00,29.240,,,,,
10781,07/31/25 15:00:00,29.215,,,,,
10782,07/31/25 15:15:00,29.215,,,,,
10783,07/31/25 15:30:00,29.215,,,,,
10784,07/31/25 15:45:00,29.215,,,,,
10785,07/31/25 16:00:00,29.215,,,,,
10786,07/31/25 16:15:00,29.190,,,,,
10787,07/31/25 16:30:00,29.215,,,,,
10788,07/31/25 16:45:00,29.165,,,,,
10789,07/31/25 17:00:00,29.165,,,,,
10790,07/31/25 17:15:00,29.165,,,,,
10791,07/31/25 17:30:00,29.165,,,,,
10792,07/31/25 17:45:00,29.165,,,,,
10793,07/31/25 18:00:00,29.165,,,,,
10794,07/31/25 18:15:00,29.165,,,,,
10795,07/31/25 18:30:00,29.190,,,,,
10796,07/31/25 18:45:00,29.165,,,,,
10797,07/31/25 19:00:00,29.165,,,,,
10798,07/31/25 19:15:00,29.165,,,,,
10799,07/31/25 19:30:00,29.165,,,,,
10800,07/31/25 19:45:00,29.165,,,,,
10801,07/31/25 20:00:00,29.165,,,,,
10802,07/31/25 20:15:00,29.165,,,,,
10803,07/31/25 20:30:00,29.140,,,,,
10804,07/31/25 20:45:00,29.115,,,,,
10805,07/31/25 21:00:00,29.115,,,,,
10806,07/31/25 21:15:00,29.115,,,,,
10807,07/31/25 21:30:00,29.115,,,,,
10808,07/31/25 21:45:00,29.090,,,,,
10809,07/31/25 22:00:00,29.090,,,,,
10810,07/31/25 22:15:00,29.090,,,,,
10811,07/31/25 22:30:00,29.090,,,,,
10812,07/31/25 22:45:00,29.090,,,,,
10813,07/31/25 23:00:00,29.040,,,,,
10814,07/31/25 23:15:00,29.065,,,,,
10815,07/31/25 23:30:00,29.065,,,,,
10816,07/31/25 23:45:00,29.065,,,,,
10817,08/01/25 00:00:00,29.065,,,,,
10818,08/01/25 00:15:00,29.065,,,,,
10819,08/01/25 00:30:00,29.065,,,,,
10820,08/01/25 00:45:00,29.065,,,,,
10821,08/01/25 01:00:00,29.065,,,,,
10822,08/01/25 01:15:00,29.065,,,,,
10823,08/01/25 01:30:00,29.065,,,,,
10824,08/01/25 01:45:00,29.040,,,,,
10825,08/01/25 02:00:00,29.040,,,,,
10826,08/01/25 02:15:00,29.040,,,,,
10827,08/01/25 02:30:00,29.040,,,,,
10828,08/01/25 02:45:00,29.040,,,,,
10829,08/01/25 03:00:00,29.040,,,,,
10830,08/01/25 03:15:00,29.040,,,,,
10831,08/01/25 03:30:00,29.040,,,,,
10832,08/01/25 03:45:00,29.040,,,,,
10833,08/01/25 04:00:00,29.040,,,,,
10834,08/01/25 04:15:00,29.040,,,,,
10835,08/01/25 04:30:00,29.040,,,,,
10836,08/01/25 04:45:00,29.015,,,,,
10837,08/01/25 05:00:00,29.015,,,,,
10838,08/01/25 05:15:00,29.015,,,,,
10839,08/01/25 05:30:00,29.015,,,,,
10840,08/01/25 05:45:00,29.015,,,,,
10841,08/01/25 06:00:00,29.015,,,,,
10842,08/01/25 06:15:00,29.015,,,,,
10843,08/01/25 06:30:00,29.015,,,,,
10844,08/01/25 06:45:00,29.015,,,,,
10845,08/01/25 07:00:00,29.015,,,,,
10846,08/01/25 07:15:00,29.015,,,,,
10847,08/01/25 07:30:00,29.015,,,,,
10848,08/01/25 07:45:00,29.015,,,,,
10849,08/01/25 08:00:00,29.015,,,,,
10850,08/01/25 08:15:00,29.015,,,,,
10851,08/01/25 08:30:00,29.015,,,,,
10852,08/01/25 08:45:00,29.040,,,,,
10853,08/01/25 09:00:00,29.040,,,,,
10854,08/01/25 09:15:00,29.065,,,,,
10855,08/01/25 09:30:00,29.065,,,,,
10856,08/01/25 09:45:00,29.065,,,,,
10857,08/01/25 10:00:00,29.090,,,,,
10858,08/01/25 10:15:00,29.090,,,,,
10859,08/01/25 10:30:00,29.090,,,,,
10860,08/01/25 10:45:00,29.115,,,,,
10861,08/01/25 11:00:00,29.065,,,,,
10862,08/01/25 11:15:00,29.090,,,,,
10863,08/01/25 11:30:00,29.115,,,,,
10864,08/01/25 11:45:00,29.115,,,,,
10865,08/01/25 12:00:00,29.140,,,,,
10866,08/01/25 12:15:00,29.165,,,,,
10867,08/01/25 12:30:00,29.165,,,,,
10868,08/01/25 12:45:00,29.190,,,,,
10869,08/01/25 13:00:00,29.215,,,,,
10870,08/01/25 13:15:00,29.240,,,,,
10871,08/01/25 13:30:00,29.240,,,,,
10872,08/01/25 13:45:00,29.215,,,,,
10873,08/01/25 14:00:00,29.190,,,,,
10874,08/01/25 14:15:00,29.140,,,,,
10875,08/01/25 14:30:00,29.115,,,,,
10876,08/01/25 14:45:00,29.115,,,,,
10877,08/01/25 15:00:00,29.115,,,,,
10878,08/01/25 15:15:00,29.115,,,,,
10879,08/01/25 15:30:00,29.115,,,,,
10880,08/01/25 15:45:00,29.115,,,,,
10881,08/01/25 16:00:00,29.015,,,,,
10882,08/01/25 16:15:00,28.990,,,,,
10883,08/01/25 16:30:00,29.040,,,,,
10884,08/01/25 16:45:00,29.040,,,,,
10885,08/01/25 17:00:00,29.040,,,,,
10886,08/01/25 17:15:00,29.065,,,,,
10887,08/01/25 17:30:00,29.065,,,,,
10888,08/01/25 17:45:00,29.065,,,,,
10889,08/01/25 18:00:00,29.015,,,,,
10890,08/01/25 18:15:00,29.015,,,,,
10891,08/01/25 18:30:00,29.015,,,,,
10892,08/01/25 18:45:00,29.015,,,,,
10893,08/01/25 19:00:00,29.015,,,,,
10894,08/01/25 19:15:00,29.015,,,,,
10895,08/01/25 19:30:00,29.015,,,,,
10896,08/01/25 19:45:00,29.065,,,,,
10897,08/01/25 20:00:00,29.090,,,,,
10898,08/01/25 20:15:00,29.115,,,,,
10899,08/01/25 20:30:00,29.115,,,,,
10900,08/01/25 20:45:00,29.140,,,,,
10901,08/01/25 21:00:00,29.140,,,,,
10902,08/01/25 21:15:00,29.165,,,,,
10903,08/01/25 21:30:00,29.165,,,,,
10904,08/01/25 21:45:00,29.165,,,,,
10905,08/01/25 22:00:00,29.140,,,,,
10906,08/01/25 22:15:00,29.140,,,,,
10907,08/01/25 22:30:00,29.115,,,,,
10908,08/01/25 22:45:00,29.115,,,,,
10909,08/01/25 23:00:00,29.115,,,,,
10910,08/01/25 23:15:00,29.115,,,,,
10911,08/01/25 23:30:00,29.115,,,,,
10912,08/01/25 23:45:00,29.115,,,,,
10913,08/02/25 00:00:00,29.115,,,,,
10914,08/02/25 00:15:00,29.115,,,,,
10915,08/02/25 00:30:00,29.115,,,,,
10916,08/02/25 00:45:00,29.090,,,,,
10917,08/02/25 01:00:00,29.090,,,,,
10918,08/02/25 01:15:00,29.090,,,,,
10919,08/02/25 01:30:00,29.090,,,,,
10920,08/02/25 01:45:00,29.090,,,,,
10921,08/02/25 02:00:00,29.090,,,,,
10922,08/02/25 02:15:00,29.090,,,,,
10923,08/02/25 02:30:00,29.065,,,,,
10924,08/02/25 02:45:00,29.065,,,,,
10925,08/02/25 03:00:00,29.065,,,,,
10926,08/02/25 03:15:00,29.065,,,,,
10927,08/02/25 03:30:00,29.090,,,,,
10928,08/02/25 03:45:00,29.090,,,,,
10929,08/02/25 04:00:00,29.115,,,,,
10930,08/02/25 04:15:00,29.115,,,,,
10931,08/02/25 04:30:00,29.115,,,,,
10932,08/02/25 04:45:00,29.115,,,,,
10933,08/02/25 05:00:00,29.115,,,,,
10934,08/02/25 05:15:00,29.115,,,,,
10935,08/02/25 05:30:00,29.140,,,,,
10936,08/02/25 05:45:00,29.140,,,,,
10937,08/02/25 06:00:00,29.165,,,,,
10938,08/02/25 06:15:00,29.140,,,,,
10939,08/02/25 06:30:00,29.140,,,,,
10940,08/02/25 06:45:00,29.140,,,,,
10941,08/02/25 07:00:00,29.140,,,,,
10942,08/02/25 07:15:00,29.115,,,,,
10943,08/02/25 07:30:00,29.115,,,,,
10944,08/02/25 07:45:00,29.140,,,,,
10945,08/02/25 08:00:00,29.140,,,,,
10946,08/02/25 08:15:00,29.115,,,,,
10947,08/02/25 08:30:00,29.115,,,,,
10948,08/02/25 08:45:00,29.115,,,,,
10949,08/02/25 09:00:00,29.065,,,,,
10950,08/02/25 09:15:00,29.065,,,,,
10951,08/02/25 09:30:00,29.065,,,,,
10952,08/02/25 09:45:00,29.015,,,,,
10953,08/02/25 10:00:00,29.015,,,,,
10954,08/02/25 10:15:00,29.040,,,,,
10955,08/02/25 10:30:00,29.040,,,,,
10956,08/02/25 10:45:00,29.065,,,,,
10957,08/02/25 11:00:00,29.090,,,,,
10958,08/02/25 11:15:00,29.090,,,,,
10959,08/02/25 11:30:00,29.115,,,,,
10960,08/02/25 11:45:00,29.115,,,,,
10961,08/02/25 12:00:00,29.140,,,,,
10962,08/02/25 12:15:00,29.140,,,,,
10963,08/02/25 12:30:00,29.165,,,,,
10964,08/02/25 12:45:00,29.165,,,,,
10965,08/02/25 13:00:00,29.165,,,,,
10966,08/02/25 13:15:00,29.165,,,,,
10967,08/02/25 13:30:00,29.165,,,,,
10968,08/02/25 13:45:00,29.165,,,,,
10969,08/02/25 14:00:00,29.165,,,,,
10970,08/02/25 14:15:00,29.165,,,,,
10971,08/02/25 14:30:00,29.165,,,,,
10972,08/02/25 14:45:00,29.165,,,,,
10973,08/02/25 15:00:00,29.165,,,,,
10974,08/02/25 15:15:00,29.165,,,,,
10975,08/02/25 15:30:00,29.165,,,,,
10976,08/02/25 15:45:00,29.165,,,,,
10977,08/02/25 16:00:00,29.165,,,,,
10978,08/02/25 16:15:00,29.165,,,,,
10979,08/02/25 16:30:00,29.165,,,,,
10980,08/02/25 16:45:00,29.165,,,,,
10981,08/02/25 17:00:00,29.165,,,,,
10982,08/02/25 17:15:00,29.165,,,,,
10983,08/02/25 17:30:00,29.165,,,,,
10984,08/02/25 17:45:00,29.165,,,,,
10985,08/02/25 18:00:00,29.165,,,,,
10986,08/02/25 18:15:00,29.165,,,,,
10987,08/02/25 18:30:00,29.165,,,,,
10988,08/02/25 18:45:00,29.165,,,,,
10989,08/02/25 19:00:00,29.165,,,,,
10990,08/02/25 19:15:00,29.165,,,,,
10991,08/02/25 19:30:00,29.165,,,,,
10992,08/02/25 19:45:00,29.165,,,,,
10993,08/02/25 20:00:00,29.165,,,,,
10994,08/02/25 20:15:00,29.165,,,,,
10995,08/02/25 20:30:00,29.165,,,,,
10996,08/02/25 20:45:00,29.165,,,,,
10997,08/02/25 21:00:00,29.165,,,,,
10998,08/02/25 21:15:00,29.140,,,,,
10999,08/02/25 21:30:00,29.140,,,,,
11000,08/02/25 21:45:00,29.140,,,,,
11001,08/02/25 22:00:00,29.165,,,,,
11002,08/02/25 22:15:00,29.165,,,,,
11003,08/02/25 22:30:00,29.165,,,,,
11004,08/02/25 22:45:00,29.165,,,,,
11005,08/02/25 23:00:00,29.165,,,,,
11006,08/02/25 23:15:00,29.140,,,,,
11007,08/02/25 23:30:00,29.140,,,,,
11008,08/02/25 23:45:00,29.140,,,,,
11009,08/03/25 00:00:00,29.140,,,,,
11010,08/03/25 00:15:00,29.140,,,,,
11011,08/03/25 00:30:00,29.140,,,,,
11012,08/03/25 00:45:00,29.140,,,,,
11013,08/03/25 01:00:00,29.140,,,,,
11014,08/03/25 01:15:00,29.140,,,,,
11015,08/03/25 01:30:00,29.140,,,,,
11016,08/03/25 01:45:00,29.140,,,,,
11017,08/03/25 02:00:00,29.140,,,,,
11018,08/03/25 02:15:00,29.140,,,,,
11019,08/03/25 02:30:00,29.115,,,,,
11020,08/03/25 02:45:00,29.115,,,,,
11021,08/03/25 03:00:00,29.115,,,,,
11022,08/03/25 03:15:00,29.115,,,,,
11023,08/03/25 03:30:00,29.115,,,,,
11024,08/03/25 03:45:00,29.115,,,,,
11025,08/03/25 04:00:00,29.140,,,,,
11026,08/03/25 04:15:00,29.140,,,,,
11027,08/03/25 04:30:00,29.140,,,,,
11028,08/03/25 04:45:00,29.140,,,,,
11029,08/03/25 05:00:00,29.115,,,,,
11030,08/03/25 05:15:00,29.115,,,,,
11031,08/03/25 05:30:00,29.115,,,,,
11032,08/03/25 05:45:00,29.115,,,,,
11033,08/03/25 06:00:00,29.115,,,,,
11034,08/03/25 06:15:00,29.090,,,,,
11035,08/03/25 06:30:00,29.090,,,,,
11036,08/03/25 06:45:00,29.115,,,,,
11037,08/03/25 07:00:00,29.090,,,,,
11038,08/03/25 07:15:00,29.090,,,,,
11039,08/03/25 07:30:00,29.115,,,,,
11040,08/03/25 07:45:00,29.090,,,,,
11041,08/03/25 08:00:00,29.090,,,,,
11042,08/03/25 08:15:00,29.090,,,,,
11043,08/03/25 08:30:00,29.090,,,,,
11044,08/03/25 08:45:00,29.115,,,,,
11045,08/03/25 09:00:00,29.115,,,,,
11046,08/03/25 09:15:00,29.140,,,,,
11047,08/03/25 09:30:00,29.165,,,,,
11048,08/03/25 09:45:00,29.165,,,,,
11049,08/03/25 10:00:00,29.190,,,,,
11050,08/03/25 10:15:00,29.215,,,,,
11051,08/03/25 10:30:00,29.215,,,,,
11052,08/03/25 10:45:00,29.215,,,,,
11053,08/03/25 11:00:00,29.215,,,,,
11054,08/03/25 11:15:00,29.240,,,,,
11055,08/03/25 11:30:00,29.215,,,,,
11056,08/03/25 11:45:00,29.215,,,,,
11057,08/03/25 12:00:00,29.215,,,,,
11058,08/03/25 12:15:00,29.265,,,,,
11059,08/03/25 12:30:00,29.265,,,,,
11060,08/03/25 12:45:00,29.290,,,,,
11061,08/03/25 13:00:00,29.290,,,,,
11062,08/03/25 13:15:00,29.315,,,,,
11063,08/03/25 13:30:00,29.315,,,,,
11064,08/03/25 13:45:00,29.315,,,,,
11065,08/03/25 14:00:00,29.340,,,,,
11066,08/03/25 14:15:00,29.340,,,,,
11067,08/03/25 14:30:00,29.315,,,,,
11068,08/03/25 14:45:00,29.365,,,,,
11069,08/03/25 15:00:00,29.365,,,,,
11070,08/03/25 15:15:00,29.340,,,,,
11071,08/03/25 15:30:00,29.340,,,,,
11072,08/03/25 15:45:00,29.340,,,,,
11073,08/03/25 16:00:00,29.340,,,,,
11074,08/03/25 16:15:00,29.315,,,,,
11075,08/03/25 16:30:00,29.315,,,,,
11076,08/03/25 16:45:00,29.290,,,,,
11077,08/03/25 17:00:00,29.265,,,,,
11078,08/03/25 17:15:00,29.240,,,,,
11079,08/03/25 17:30:00,29.215,,,,,
11080,08/03/25 17:45:00,29.215,,,,,
11081,08/03/25 18:00:00,29.215,,,,,
11082,08/03/25 18:15:00,29.215,,,,,
11083,08/03/25 18:30:00,29.215,,,,,
11084,08/03/25 18:45:00,29.215,,,,,
11085,08/03/25 19:00:00,29.215,,,,,
11086,08/03/25 19:15:00,29.215,,,,,
11087,08/03/25 19:30:00,29.215,,,,,
11088,08/03/25 19:45:00,29.215,,,,,
11089,08/03/25 20:00:00,29.215,,,,,
11090,08/03/25 20:15:00,29.215,,,,,
11091,08/03/25 20:30:00,29.215,,,,,
11092,08/03/25 20:45:00,29.215,,,,,
11093,08/03/25 21:00:00,29.215,,,,,
11094,08/03/25 21:15:00,29.215,,,,,
11095,08/03/25 21:30:00,29.215,,,,,
11096,08/03/25 21:45:00,29.215,,,,,
11097,08/03/25 22:00:00,29.215,,,,,
11098,08/03/25 22:15:00,29.215,,,,,
11099,08/03/25 22:30:00,29.215,,,,,
11100,08/03/25 22:45:00,29.215,,,,,
11101,08/03/25 23:00:00,29.215,,,,,
11102,08/03/25 23:15:00,29.215,,,,,
11103,08/03/25 23:30:00,29.215,,,,,
11104,08/03/25 23:45:00,29.215,,,,,
11105,08/04/25 00:00:00,29.215,,,,,
11106,08/04/25 00:15:00,29.215,,,,,
11107,08/04/25 00:30:00,29.215,,,,,
11108,08/04/25 00:45:00,29.215,,,,,
11109,08/04/25 01:00:00,29.215,,,,,
11110,08/04/25 01:15:00,29.215,,,,,
11111,08/04/25 01:30:00,29.190,,,,,
11112,08/04/25 01:45:00,29.190,,,,,
11113,08/04/25 02:00:00,29.165,,,,,
11114,08/04/25 02:15:00,29.190,,,,,
11115,08/04/25 02:30:00,29.190,,,,,
11116,08/04/25 02:45:00,29.190,,,,,
11117,08/04/25 03:00:00,29.190,,,,,
11118,08/04/25 03:15:00,29.190,,,,,
11119,08/04/25 03:30:00,29.190,,,,,
11120,08/04/25 03:45:00,29.215,,,,,
11121,08/04/25 04:00:00,29.215,,,,,
11122,08/04/25 04:15:00,29.190,,,,,
11123,08/04/25 04:30:00,29.215,,,,,
11124,08/04/25 04:45:00,29.215,,,,,
11125,08/04/25 05:00:00,29.190,,,,,
11126,08/04/25 05:15:00,29.190,,,,,
11127,08/04/25 05:30:00,29.165,,,,,
11128,08/04/25 05:45:00,29.165,,,,,
11129,08/04/25 06:00:00,29.140,,,,,
11130,08/04/25 06:15:00,29.140,,,,,
11131,08/04/25 06:30:00,29.140,,,,,
11132,08/04/25 06:45:00,29.140,,,,,
11133,08/04/25 07:00:00,29.140,,,,,
11134,08/04/25 07:15:00,29.140,,,,,
11135,08/04/25 07:30:00,29.115,,,,,
11136,08/04/25 07:45:00,29.140,,,,,
11137,08/04/25 08:00:00,29.140,,,,,
11138,08/04/25 08:15:00,29.140,,,,,
11139,08/04/25 08:30:00,29.115,,,,,
11140,08/04/25 08:45:00,29.115,,,,,
11141,08/04/25 09:00:00,29.115,,,,,
11142,08/04/25 09:15:00,29.140,,,,,
11143,08/04/25 09:30:00,29.140,,,,,
11144,08/04/25 09:45:00,29.140,,,,,
11145,08/04/25 10:00:00,29.140,,,,,
11146,08/04/25 10:15:00,29.140,,,,,
11147,08/04/25 10:30:00,29.140,,,,,
11148,08/04/25 10:45:00,29.190,,,,,
11149,08/04/25 11:00:00,29.215,,,,,
11150,08/04/25 11:15:00,29.265,,,,,
11151,08/04/25 11:30:00,29.290,,,,,
11152,08/04/25 11:45:00,29.315,,,,,
11153,08/04/25 12:00:00,29.315,,,,,
11154,08/04/25 12:15:00,29.290,,,,,
11155,08/04/25 12:30:00,29.290,,,,,
11156,08/04/25 12:45:00,29.290,,,,,
11157,08/04/25 13:00:00,29.290,,,,,
11158,08/04/25 13:15:00,29.315,,,,,
11159,08/04/25 13:30:00,29.315,,,,,
11160,08/04/25 13:45:00,29.340,,,,,
11161,08/04/25 14:00:00,29.365,,,,,
11162,08/04/25 14:15:00,29.365,,,,,
11163,08/04/25 14:30:00,29.340,,,,,
11164,08/04/25 14:45:00,29.265,,,,,
11165,08/04/25 15:00:00,29.265,,,,,
11166,08/04/25 15:15:00,29.340,,,,,
11167,08/04/25 15:30:00,29.365,,,,,
11168,08/04/25 15:45:00,29.365,,,,,
11169,08/04/25 16:00:00,29.315,,,,,
11170,08/04/25 16:15:00,29.315,,,,,
11171,08/04/25 16:30:00,29.365,,,,,
11172,08/04/25 16:45:00,29.365,,,,,
11173,08/04/25 17:00:00,29.389,,,,,
11174,08/04/25 17:15:00,29.340,,,,,
11175,08/04/25 17:30:00,29.340,,,,,
11176,08/04/25 17:45:00,29.389,,,,,
11177,08/04/25 18:00:00,29.414,,,,,
11178,08/04/25 18:15:00,29.365,,,,,
11179,08/04/25 18:30:00,29.290,,,,,
11180,08/04/25 18:45:00,29.265,,,,,
11181,08/04/25 19:00:00,29.265,,,,,
11182,08/04/25 19:15:00,29.240,,,,,
11183,08/04/25 19:30:00,29.240,,,,,
11184,08/04/25 19:45:00,29.240,,,,,
11185,08/04/25 20:00:00,29.240,,,,,
11186,08/04/25 20:15:00,29.240,,,,,
11187,08/04/25 20:30:00,29.265,,,,,
11188,08/04/25 20:45:00,29.290,,,,,
11189,08/04/25 21:00:00,29.290,,,,,
11190,08/04/25 21:15:00,29.315,,,,,
11191,08/04/25 21:30:00,29.315,,,,,
11192,08/04/25 21:45:00,29.315,,,,,
11193,08/04/25 22:00:00,29.315,,,,,
11194,08/04/25 22:15:00,29.315,,,,,
11195,08/04/25 22:30:00,29.315,,,,,
11196,08/04/25 22:45:00,29.315,,,,,
11197,08/04/25 23:00:00,29.290,,,,,
11198,08/04/25 23:15:00,29.290,,,,,
11199,08/04/25 23:30:00,29.290,,,,,
11200,08/04/25 23:45:00,29.290,,,,,
11201,08/05/25 00:00:00,29.290,,,,,
11202,08/05/25 00:15:00,29.265,,,,,
11203,08/05/25 00:30:00,29.265,,,,,
11204,08/05/25 00:45:00,29.290,,,,,
11205,08/05/25 01:00:00,29.290,,,,,
11206,08/05/25 01:15:00,29.290,,,,,
11207,08/05/25 01:30:00,29.290,,,,,
11208,08/05/25 01:45:00,29.290,,,,,
11209,08/05/25 02:00:00,29.265,,,,,
11210,08/05/25 02:15:00,29.265,,,,,
11211,08/05/25 02:30:00,29.240,,,,,
11212,08/05/25 02:45:00,29.215,,,,,
11213,08/05/25 03:00:00,29.240,,,,,
11214,08/05/25 03:15:00,29.240,,,,,
11215,08/05/25 03:30:00,29.240,,,,,
11216,08/05/25 03:45:00,29.240,,,,,
11217,08/05/25 04:00:00,29.265,,,,,
11218,08/05/25 04:15:00,29.265,,,,,
11219,08/05/25 04:30:00,29.265,,,,,
11220,08/05/25 04:45:00,29.265,,,,,
11221,08/05/25 05:00:00,29.265,,,,,
11222,08/05/25 05:15:00,29.265,,,,,
11223,08/05/25 05:30:00,29.265,,,,,
11224,08/05/25 05:45:00,29.240,,,,,
11225,08/05/25 06:00:00,29.240,,,,,
11226,08/05/25 06:15:00,29.215,,,,,
11227,08/05/25 06:30:00,29.215,,,,,
11228,08/05/25 06:45:00,29.190,,,,,
11229,08/05/25 07:00:00,29.190,,,,,
11230,08/05/25 07:15:00,29.215,,,,,
11231,08/05/25 07:30:00,29.240,,,,,
11232,08/05/25 07:45:00,29.240,,,,,
11233,08/05/25 08:00:00,29.240,,,,,
11234,08/05/25 08:15:00,29.215,,,,,
11235,08/05/25 08:30:00,29.215,,,,,
11236,08/05/25 08:45:00,29.215,,,,,
11237,08/05/25 09:00:00,29.215,,,,,
11238,08/05/25 09:15:00,29.215,,,,,
11239,08/05/25 09:30:00,29.190,,,,,
11240,08/05/25 09:45:00,29.215,,,,,
11241,08/05/25 10:00:00,29.240,,,,,
11242,08/05/25 10:15:00,29.265,,,,,
11243,08/05/25 10:30:00,29.315,,,,,
11244,08/05/25 10:45:00,29.340,,,,,
11245,08/05/25 11:00:00,29.365,,,,,
11246,08/05/25 11:15:00,29.389,,,,,
11247,08/05/25 11:30:00,29.414,,,,,
11248,08/05/25 11:45:00,29.414,,,,,
11249,08/05/25 12:00:00,29.414,,,,,
11250,08/05/25 12:15:00,29.464,,,,,
11251,08/05/25 12:30:00,29.464,,,,,
11252,08/05/25 12:45:00,29.439,,,,,
11253,08/05/25 13:00:00,29.464,,,,,
11254,08/05/25 13:15:00,29.464,,,,,
11255,08/05/25 13:30:00,29.464,,,,,
11256,08/05/25 13:45:00,29.515,,,,,
11257,08/05/25 14:00:00,29.540,,,,,
11258,08/05/25 14:15:00,29.565,,,,,
11259,08/05/25 14:30:00,29.590,,,,,
11260,08/05/25 14:45:00,29.590,,,,,
11261,08/05/25 15:00:00,29.615,,,,,
11262,08/05/25 15:15:00,29.615,,,,,
11263,08/05/25 15:30:00,29.615,,,,,
11264,08/05/25 15:45:00,29.590,,,,,
11265,08/05/25 16:00:00,29.590,,,,,
11266,08/05/25 16:15:00,29.565,,,,,
11267,08/05/25 16:30:00,29.615,,,,,
11268,08/05/25 16:45:00,29.615,,,,,
11269,08/05/25 17:00:00,29.590,,,,,
11270,08/05/25 17:15:00,29.565,,,,,
11271,08/05/25 17:30:00,29.540,,,,,
11272,08/05/25 17:45:00,29.515,,,,,
11273,08/05/25 18:00:00,29.464,,,,,
11274,08/05/25 18:15:00,29.490,,,,,
11275,08/05/25 18:30:00,29.490,,,,,
11276,08/05/25 18:45:00,29.515,,,,,
11277,08/05/25 19:00:00,29.515,,,,,
11278,08/05/25 19:15:00,29.515,,,,,
11279,08/05/25 19:30:00,29.540,,,,,
11280,08/05/25 19:45:00,29.540,,,,,
11281,08/05/25 20:00:00,29.540,,,,,
11282,08/05/25 20:15:00,29.540,,,,,
11283,08/05/25 20:30:00,29.540,,,,,
11284,08/05/25 20:45:00,29.490,,,,,
11285,08/05/25 21:00:00,29.490,,,,,
11286,08/05/25 21:15:00,29.464,,,,,
11287,08/05/25 21:30:00,29.464,,,,,
11288,08/05/25 21:45:00,29.464,,,,,
11289,08/05/25 22:00:00,29.464,,,,,
11290,08/05/25 22:15:00,29.490,,,,,
11291,08/05/25 22:30:00,29.490,,,,,
11292,08/05/25 22:45:00,29.490,,,,,
11293,08/05/25 23:00:00,29.490,,,,,
11294,08/05/25 23:15:00,29.490,,,,,
11295,08/05/25 23:30:00,29.515,,,,,
11296,08/05/25 23:45:00,29.515,,,,,
11297,08/06/25 00:00:00,29.515,,,,,
11298,08/06/25 00:15:00,29.540,,,,,
11299,08/06/25 00:30:00,29.540,,,,,
11300,08/06/25 00:45:00,29.540,,,,,
11301,08/06/25 01:00:00,29.515,,,,,
11302,08/06/25 01:15:00,29.515,,,,,
11303,08/06/25 01:30:00,29.515,,,,,
11304,08/06/25 01:45:00,29.515,,,,,
11305,08/06/25 02:00:00,29.515,,,,,
11306,08/06/25 02:15:00,29.515,,,,,
11307,08/06/25 02:30:00,29.515,,,,,
11308,08/06/25 02:45:00,29.515,,,,,
11309,08/06/25 03:00:00,29.515,,,,,
11310,08/06/25 03:15:00,29.515,,,,,
11311,08/06/25 03:30:00,29.490,,,,,
11312,08/06/25 03:45:00,29.464,,,,,
11313,08/06/25 04:00:00,29.464,,,,,
11314,08/06/25 04:15:00,29.414,,,,,
11315,08/06/25 04:30:00,29.414,,,,,
11316,08/06/25 04:45:00,29.414,,,,,
11317,08/06/25 05:00:00,29.389,,,,,
11318,08/06/25 05:15:00,29.389,,,,,
11319,08/06/25 05:30:00,29.365,,,,,
11320,08/06/25 05:45:00,29.340,,,,,
11321,08/06/25 06:00:00,29.340,,,,,
11322,08/06/25 06:15:00,29.315,,,,,
11323,08/06/25 06:30:00,29.315,,,,,
11324,08/06/25 06:45:00,29.315,,,,,
11325,08/06/25 07:00:00,29.315,,,,,
11326,08/06/25 07:15:00,29.290,,,,,
11327,08/06/25 07:30:00,29.290,,,,,
11328,08/06/25 07:45:00,29.315,,,,,
11329,08/06/25 08:00:00,29.315,,,,,
11330,08/06/25 08:15:00,29.340,,,,,
11331,08/06/25 08:30:00,29.365,,,,,
11332,08/06/25 08:45:00,29.389,,,,,
11333,08/06/25 09:00:00,29.389,,,,,
11334,08/06/25 09:15:00,29.414,,,,,
11335,08/06/25 09:30:00,29.414,,,,,
11336,08/06/25 09:45:00,29.414,,,,,
11337,08/06/25 10:00:00,29.439,,,,,
11338,08/06/25 10:15:00,29.464,,,,,
11339,08/06/25 10:30:00,29.490,,,,,
11340,08/06/25 10:45:00,29.490,,,,,
11341,08/06/25 11:00:00,29.515,,,,,
11342,08/06/25 11:15:00,29.515,,,,,
11343,08/06/25 11:30:00,29.515,,,,,
11344,08/06/25 11:45:00,29.540,,,,,
11345,08/06/25 12:00:00,29.540,,,,,
11346,08/06/25 12:15:00,29.515,,,,,
11347,08/06/25 12:30:00,29.540,,,,,
11348,08/06/25 12:45:00,29.565,,,,,
11349,08/06/25 13:00:00,29.565,,,,,
11350,08/06/25 13:15:00,29.515,,,,,
11351,08/06/25 13:30:00,29.464,,,,,
11352,08/06/25 13:45:00,29.439,,,,,
11353,08/06/25 14:00:00,29.464,,,,,
11354,08/06/25 14:15:00,29.464,,,,,
11355,08/06/25 14:30:00,29.464,,,,,
11356,08/06/25 14:45:00,29.439,,,,,
11357,08/06/25 15:00:00,29.439,,,,,
11358,08/06/25 15:15:00,29.414,,,,,
11359,08/06/25 15:30:00,29.389,,,,,
11360,08/06/25 15:45:00,29.414,,,,,
11361,08/06/25 16:00:00,29.389,,,,,
11362,08/06/25 16:15:00,29.389,,,,,
11363,08/06/25 16:30:00,29.389,,,,,
11364,08/06/25 16:45:00,29.365,,,,,
11365,08/06/25 17:00:00,29.365,,,,,
11366,08/06/25 17:15:00,29.365,,,,,
11367,08/06/25 17:30:00,29.365,,,,,
11368,08/06/25 17:45:00,29.365,,,,,
11369,08/06/25 18:00:00,29.389,,,,,
11370,08/06/25 18:15:00,29.365,,,,,
11371,08/06/25 18:30:00,29.365,,,,,
11372,08/06/25 18:45:00,29.365,,,,,
11373,08/06/25 19:00:00,29.365,,,,,
11374,08/06/25 19:15:00,29.365,,,,,
11375,08/06/25 19:30:00,29.389,,,,,
11376,08/06/25 19:45:00,29.414,,,,,
11377,08/06/25 20:00:00,29.414,,,,,
11378,08/06/25 20:15:00,29.414,,,,,
11379,08/06/25 20:30:00,29.439,,,,,
11380,08/06/25 20:45:00,29.439,,,,,
11381,08/06/25 21:00:00,29.439,,,,,
11382,08/06/25 21:15:00,29.439,,,,,
11383,08/06/25 21:30:00,29.439,,,,,
11384,08/06/25 21:45:00,29.439,,,,,
11385,08/06/25 22:00:00,29.439,,,,,
11386,08/06/25 22:15:00,29.439,,,,,
11387,08/06/25 22:30:00,29.439,,,,,
11388,08/06/25 22:45:00,29.439,,,,,
11389,08/06/25 23:00:00,29.464,,,,,
11390,08/06/25 23:15:00,29.490,,,,,
11391,08/06/25 23:30:00,29.464,,,,,
11392,08/06/25 23:45:00,29.464,,,,,
11393,08/07/25 00:00:00,29.464,,,,,
11394,08/07/25 00:15:00,29.439,,,,,
11395,08/07/25 00:30:00,29.439,,,,,
11396,08/07/25 00:45:00,29.439,,,,,
11397,08/07/25 01:00:00,29.439,,,,,
11398,08/07/25 01:15:00,29.414,,,,,
11399,08/07/25 01:30:00,29.414,,,,,
11400,08/07/25 01:45:00,29.414,,,,,
11401,08/07/25 02:00:00,29.414,,,,,
11402,08/07/25 02:15:00,29.414,,,,,
11403,08/07/25 02:30:00,29.414,,,,,
11404,08/07/25 02:45:00,29.414,,,,,
11405,08/07/25 03:00:00,29.389,,,,,
11406,08/07/25 03:15:00,29.389,,,,,
11407,08/07/25 03:30:00,29.389,,,,,
11408,08/07/25 03:45:00,29.389,,,,,
11409,08/07/25 04:00:00,29.365,,,,,
11410,08/07/25 04:15:00,29.365,,,,,
11411,08/07/25 04:30:00,29.365,,,,,
11412,08/07/25 04:45:00,29.365,,,,,
11413,08/07/25 05:00:00,29.365,,,,,
11414,08/07/25 05:15:00,29.365,,,,,
11415,08/07/25 05:30:00,29.365,,,,,
11416,08/07/25 05:45:00,29.365,,,,,
11417,08/07/25 06:00:00,29.365,,,,,
11418,08/07/25 06:15:00,29.365,,,,,
11419,08/07/25 06:30:00,29.365,,,,,
11420,08/07/25 06:45:00,29.365,,,,,
11421,08/07/25 07:00:00,29.365,,,,,
11422,08/07/25 07:15:00,29.365,,,,,
11423,08/07/25 07:30:00,29.365,,,,,
11424,08/07/25 07:45:00,29.365,,,,,
11425,08/07/25 08:00:00,29.365,,,,,
11426,08/07/25 08:15:00,29.365,,,,,
11427,08/07/25 08:30:00,29.365,,,,,
11428,08/07/25 08:45:00,29.365,,,,,
11429,08/07/25 09:00:00,29.365,,,,,
11430,08/07/25 09:15:00,29.365,,,,,
11431,08/07/25 09:30:00,29.365,,,,,
11432,08/07/25 09:45:00,29.365,,,,,
11433,08/07/25 10:00:00,29.365,,,,,
11434,08/07/25 10:15:00,29.389,,,,,
11435,08/07/25 10:30:00,29.414,,,,,
11436,08/07/25 10:45:00,29.439,,,,,
11437,08/07/25 11:00:00,29.439,,,,,
11438,08/07/25 11:15:00,29.464,,,,,
11439,08/07/25 11:30:00,29.490,,,,,
11440,08/07/25 11:45:00,29.515,,,,,
11441,08/07/25 12:00:00,29.515,,,,,
11442,08/07/25 12:15:00,29.540,,,,,
11443,08/07/25 12:30:00,29.540,,,,,
11444,08/07/25 12:45:00,29.540,,,,,
11445,08/07/25 13:00:00,29.515,,,,,
11446,08/07/25 13:15:00,29.515,,,,,
11447,08/07/25 13:30:00,29.515,,,,,
11448,08/07/25 13:45:00,29.540,,,,,
11449,08/07/25 14:00:00,29.540,,,,,
11450,08/07/25 14:15:00,29.540,,,,,
11451,08/07/25 14:30:00,29.565,,,,,
11452,08/07/25 14:45:00,29.565,,,,,
11453,08/07/25 15:00:00,29.540,,,,,
11454,08/07/25 15:15:00,29.515,,,,,
11455,08/07/25 15:30:00,29.540,,,,,
11456,08/07/25 15:45:00,29.515,,,,,
11457,08/07/25 16:00:00,29.540,,,,,
11458,08/07/25 16:15:00,29.565,,,,,
11459,08/07/25 16:30:00,29.590,,,,,
11460,08/07/25 16:45:00,29.565,,,,,
11461,08/07/25 17:00:00,29.590,,,,,
11462,08/07/25 17:15:00,29.540,,,,,
11463,08/07/25 17:30:00,29.515,,,,,
11464,08/07/25 17:45:00,29.515,,,,,
11465,08/07/25 18:00:00,29.515,,,,,
11466,08/07/25 18:15:00,29.515,,,,,
11467,08/07/25 18:30:00,29.540,,,,,
11468,08/07/25 18:45:00,29.565,,,,,
11469,08/07/25 19:00:00,29.565,,,,,
11470,08/07/25 19:15:00,29.565,,,,,
11471,08/07/25 19:30:00,29.540,,,,,
11472,08/07/25 19:45:00,29.540,,,,,
11473,08/07/25 20:00:00,29.515,,,,,
11474,08/07/25 20:15:00,29.515,,,,,
11475,08/07/25 20:30:00,29.490,,,,,
11476,08/07/25 20:45:00,29.515,,,,,
11477,08/07/25 21:00:00,29.515,,,,,
11478,08/07/25 21:15:00,29.515,,,,,
11479,08/07/25 21:30:00,29.515,,,,,
11480,08/07/25 21:45:00,29.490,,,,,
11481,08/07/25 22:00:00,29.464,,,,,
11482,08/07/25 22:15:00,29.464,,,,,
11483,08/07/25 22:30:00,29.464,,,,,
11484,08/07/25 22:45:00,29.464,,,,,
11485,08/07/25 23:00:00,29.464,,,,,
11486,08/07/25 23:15:00,29.439,,,,,
11487,08/07/25 23:30:00,29.464,,,,,
11488,08/07/25 23:45:00,29.439,,,,,
11489,08/08/25 00:00:00,29.439,,,,,
11490,08/08/25 00:15:00,29.439,,,,,
11491,08/08/25 00:30:00,29.439,,,,,
11492,08/08/25 00:45:00,29.439,,,,,
11493,08/08/25 01:00:00,29.439,,,,,
11494,08/08/25 01:15:00,29.414,,,,,
11495,08/08/25 01:30:00,29.414,,,,,
11496,08/08/25 01:45:00,29.414,,,,,
11497,08/08/25 02:00:00,29.389,,,,,
11498,08/08/25 02:15:00,29.414,,,,,
11499,08/08/25 02:30:00,29.439,,,,,
11500,08/08/25 02:45:00,29.439,,,,,
11501,08/08/25 03:00:00,29.439,,,,,
11502,08/08/25 03:15:00,29.439,,,,,
11503,08/08/25 03:30:00,29.439,,,,,
11504,08/08/25 03:45:00,29.439,,,,,
11505,08/08/25 04:00:00,29.439,,,,,
11506,08/08/25 04:15:00,29.439,,,,,
11507,08/08/25 04:30:00,29.439,,,,,
11508,08/08/25 04:45:00,29.414,,,,,
11509,08/08/25 05:00:00,29.414,,,,,
11510,08/08/25 05:15:00,29.414,,,,,
11511,08/08/25 05:30:00,29.414,,,,,
11512,08/08/25 05:45:00,29.414,,,,,
11513,08/08/25 06:00:00,29.414,,,,,
11514,08/08/25 06:15:00,29.389,,,,,
11515,08/08/25 06:30:00,29.315,,,,,
11516,08/08/25 06:45:00,29.340,,,,,
11517,08/08/25 07:00:00,29.340,,,,,
11518,08/08/25 07:15:00,29.315,,,,,
11519,08/08/25 07:30:00,29.315,,,,,
11520,08/08/25 07:45:00,29.315,,,,,
11521,08/08/25 08:00:00,29.315,,,,,
11522,08/08/25 08:15:00,29.315,,,,,
11523,08/08/25 08:30:00,29.315,,,,,
11524,08/08/25 08:45:00,29.315,,,,,
11525,08/08/25 09:00:00,29.315,,,,,
11526,08/08/25 09:15:00,29.315,,,,,
11527,08/08/25 09:30:00,29.315,,,,,
11528,08/08/25 09:45:00,29.340,,,,,
11529,08/08/25 10:00:00,29.365,,,,,
11530,08/08/25 10:15:00,29.389,,,,,
11531,08/08/25 10:30:00,29.414,,,,,
11532,08/08/25 10:45:00,29.414,,,,,
11533,08/08/25 11:00:00,29.439,,,,,
11534,08/08/25 11:15:00,29.464,,,,,
11535,08/08/25 11:30:00,29.515,,,,,
11536,08/08/25 11:45:00,29.540,,,,,
11537,08/08/25 12:00:00,29.540,,,,,
11538,08/08/25 12:15:00,29.464,,,,,
11539,08/08/25 12:30:00,29.464,,,,,
11540,08/08/25 12:45:00,29.464,,,,,
11541,08/08/25 13:00:00,29.490,,,,,
11542,08/08/25 13:15:00,29.490,,,,,
11543,08/08/25 13:30:00,29.515,,,,,
11544,08/08/25 13:45:00,29.515,,,,,
11545,08/08/25 14:00:00,29.515,,,,,
11546,08/08/25 14:15:00,29.515,,,,,
11547,08/08/25 14:30:00,29.515,,,,,
11548,08/08/25 14:45:00,29.540,,,,,
11549,08/08/25 15:00:00,29.540,,,,,
11550,08/08/25 15:15:00,29.565,,,,,
11551,08/08/25 15:30:00,29.565,,,,,
11552,08/08/25 15:45:00,29.565,,,,,
11553,08/08/25 16:00:00,29.565,,,,,
11554,08/08/25 16:15:00,29.565,,,,,
11555,08/08/25 16:30:00,29.565,,,,,
11556,08/08/25 16:45:00,29.565,,,,,
11557,08/08/25 17:00:00,29.565,,,,,
11558,08/08/25 17:15:00,29.565,,,,,
11559,08/08/25 17:30:00,29.565,,,,,
11560,08/08/25 17:45:00,29.565,,,,,
11561,08/08/25 18:00:00,29.565,,,,,
11562,08/08/25 18:15:00,29.565,,,,,
11563,08/08/25 18:30:00,29.590,,,,,
11564,08/08/25 18:45:00,29.565,,,,,
11565,08/08/25 19:00:00,29.515,,,,,
11566,08/08/25 19:15:00,29.515,,,,,
11567,08/08/25 19:30:00,29.515,,,,,
11568,08/08/25 19:45:00,29.540,,,,,
11569,08/08/25 20:00:00,29.515,,,,,
11570,08/08/25 20:15:00,29.515,,,,,
11571,08/08/25 20:30:00,29.490,,,,,
11572,08/08/25 20:45:00,29.490,,,,,
11573,08/08/25 21:00:00,29.490,,,,,
11574,08/08/25 21:15:00,29.490,,,,,
11575,08/08/25 21:30:00,29.490,,,,,
11576,08/08/25 21:45:00,29.490,,,,,
11577,08/08/25 22:00:00,29.464,,,,,
11578,08/08/25 22:15:00,29.464,,,,,
11579,08/08/25 22:30:00,29.464,,,,,
11580,08/08/25 22:45:00,29.464,,,,,
11581,08/08/25 23:00:00,29.464,,,,,
11582,08/08/25 23:15:00,29.490,,,,,
11583,08/08/25 23:30:00,29.490,,,,,
11584,08/08/25 23:45:00,29.515,,,,,
11585,08/09/25 00:00:00,29.515,,,,,
11586,08/09/25 00:15:00,29.515,,,,,
11587,08/09/25 00:30:00,29.490,,,,,
11588,08/09/25 00:45:00,29.490,,,,,
11589,08/09/25 01:00:00,29.490,,,,,
11590,08/09/25 01:15:00,29.464,,,,,
11591,08/09/25 01:30:00,29.464,,,,,
11592,08/09/25 01:45:00,29.464,,,,,
11593,08/09/25 02:00:00,29.439,,,,,
11594,08/09/25 02:15:00,29.439,,,,,
11595,08/09/25 02:30:00,29.439,,,,,
11596,08/09/25 02:45:00,29.439,,,,,
11597,08/09/25 03:00:00,29.439,,,,,
11598,08/09/25 03:15:00,29.414,,,,,
11599,08/09/25 03:30:00,29.414,,,,,
11600,08/09/25 03:45:00,29.389,,,,,
11601,08/09/25 04:00:00,29.389,,,,,
11602,08/09/25 04:15:00,29.365,,,,,
11603,08/09/25 04:30:00,29.365,,,,,
11604,08/09/25 04:45:00,29.365,,,,,
11605,08/09/25 05:00:00,29.389,,,,,
11606,08/09/25 05:15:00,29.389,,,,,
11607,08/09/25 05:30:00,29.389,,,,,
11608,08/09/25 05:45:00,29.389,,,,,
11609,08/09/25 06:00:00,29.389,,,,,
11610,08/09/25 06:15:00,29.389,,,,,
11611,08/09/25 06:30:00,29.414,,,,,
11612,08/09/25 06:45:00,29.414,,,,,
11613,08/09/25 07:00:00,29.414,,,,,
11614,08/09/25 07:15:00,29.414,,,,,
11615,08/09/25 07:30:00,29.414,,,,,
11616,08/09/25 07:45:00,29.414,,,,,
11617,08/09/25 08:00:00,29.414,,,,,
11618,08/09/25 08:15:00,29.414,,,,,
11619,08/09/25 08:30:00,29.414,,,,,
11620,08/09/25 08:45:00,29.414,,,,,
11621,08/09/25 09:00:00,29.414,,,,,
11622,08/09/25 09:15:00,29.414,,,,,
11623,08/09/25 09:30:00,29.439,,,,,
11624,08/09/25 09:45:00,29.464,,,,,
11625,08/09/25 10:00:00,29.464,,,,,
11626,08/09/25 10:15:00,29.464,,,,,
11627,08/09/25 10:30:00,29.464,,,,,
11628,08/09/25 10:45:00,29.490,,,,,
11629,08/09/25 11:00:00,29.515,,,,,
11630,08/09/25 11:15:00,29.515,,,,,
11631,08/09/25 11:30:00,29.515,,,,,
11632,08/09/25 11:45:00,29.540,,,,,
11633,08/09/25 12:00:00,29.540,,,,,
11634,08/09/25 12:15:00,29.540,,,,,
11635,08/09/25 12:30:00,29.540,,,,,
11636,08/09/25 12:45:00,29.540,,,,,
11637,08/09/25 13:00:00,29.565,,,,,
11638,08/09/25 13:15:00,29.540,,,,,
11639,08/09/25 13:30:00,29.565,,,,,
11640,08/09/25 13:45:00,29.565,,,,,
11641,08/09/25 14:00:00,29.540,,,,,
11642,08/09/25 14:15:00,29.540,,,,,
11643,08/09/25 14:30:00,29.540,,,,,
11644,08/09/25 14:45:00,29.515,,,,,
11645,08/09/25 15:00:00,29.515,,,,,
11646,08/09/25 15:15:00,29.515,,,,,
11647,08/09/25 15:30:00,29.515,,,,,
11648,08/09/25 15:45:00,29.515,,,,,
11649,08/09/25 16:00:00,29.515,,,,,
11650,08/09/25 16:15:00,29.515,,,,,
11651,08/09/25 16:30:00,29.490,,,,,
11652,08/09/25 16:45:00,29.490,,,,,
11653,08/09/25 17:00:00,29.515,,,,,
11654,08/09/25 17:15:00,29.515,,,,,
11655,08/09/25 17:30:00,29.515,,,,,
11656,08/09/25 17:45:00,29.515,,,,,
11657,08/09/25 18:00:00,29.515,,,,,
11658,08/09/25 18:15:00,29.490,,,,,
11659,08/09/25 18:30:00,29.490,,,,,
11660,08/09/25 18:45:00,29.490,,,,,
11661,08/09/25 19:00:00,29.490,,,,,
11662,08/09/25 19:15:00,29.490,,,,,
11663,08/09/25 19:30:00,29.515,,,,,
11664,08/09/25 19:45:00,29.515,,,,,
11665,08/09/25 20:00:00,29.515,,,,,
11666,08/09/25 20:15:00,29.515,,,,,
11667,08/09/25 20:30:00,29.540,,,,,
11668,08/09/25 20:45:00,29.540,,,,,
11669,08/09/25 21:00:00,29.540,,,,,
11670,08/09/25 21:15:00,29.540,,,,,
11671,08/09/25 21:30:00,29.515,,,,,
11672,08/09/25 21:45:00,29.515,,,,,
11673,08/09/25 22:00:00,29.515,,,,,
11674,08/09/25 22:15:00,29.515,,,,,
11675,08/09/25 22:30:00,29.515,,,,,
11676,08/09/25 22:45:00,29.490,,,,,
11677,08/09/25 23:00:00,29.490,,,,,
11678,08/09/25 23:15:00,29.490,,,,,
11679,08/09/25 23:30:00,29.490,,,,,
11680,08/09/25 23:45:00,29.490,,,,,
11681,08/10/25 00:00:00,29.490,,,,,
11682,08/10/25 00:15:00,29.490,,,,,
11683,08/10/25 00:30:00,29.490,,,,,
11684,08/10/25 00:45:00,29.464,,,,,
11685,08/10/25 01:00:00,29.464,,,,,
11686,08/10/25 01:15:00,29.464,,,,,
11687,08/10/25 01:30:00,29.464,,,,,
11688,08/10/25 01:45:00,29.464,,,,,
11689,08/10/25 02:00:00,29.464,,,,,
11690,08/10/25 02:15:00,29.464,,,,,
11691,08/10/25 02:30:00,29.439,,,,,
11692,08/10/25 02:45:00,29.439,,,,,
11693,08/10/25 03:00:00,29.439,,,,,
11694,08/10/25 03:15:00,29.439,,,,,
11695,08/10/25 03:30:00,29.414,,,,,
11696,08/10/25 03:45:00,29.414,,,,,
11697,08/10/25 04:00:00,29.414,,,,,
11698,08/10/25 04:15:00,29.414,,,,,
11699,08/10/25 04:30:00,29.414,,,,,
11700,08/10/25 04:45:00,29.414,,,,,
11701,08/10/25 05:00:00,29.414,,,,,
11702,08/10/25 05:15:00,29.414,,,,,
11703,08/10/25 05:30:00,29.414,,,,,
11704,08/10/25 05:45:00,29.414,,,,,
11705,08/10/25 06:00:00,29.414,,,,,
11706,08/10/25 06:15:00,29.414,,,,,
11707,08/10/25 06:30:00,29.414,,,,,
11708,08/10/25 06:45:00,29.414,,,,,
11709,08/10/25 07:00:00,29.414,,,,,
11710,08/10/25 07:15:00,29.414,,,,,
11711,08/10/25 07:30:00,29.414,,,,,
11712,08/10/25 07:45:00,29.439,,,,,
11713,08/10/25 08:00:00,29.439,,,,,
11714,08/10/25 08:15:00,29.439,,,,,
11715,08/10/25 08:30:00,29.414,,,,,
11716,08/10/25 08:45:00,29.439,,,,,
11717,08/10/25 09:00:00,29.439,,,,,
11718,08/10/25 09:15:00,29.439,,,,,
11719,08/10/25 09:30:00,29.389,,,,,
11720,08/10/25 09:45:00,29.389,,,,,
11721,08/10/25 10:00:00,29.414,,,,,
11722,08/10/25 10:15:00,29.439,,,,,
11723,08/10/25 10:30:00,29.439,,,,,
11724,08/10/25 10:45:00,29.464,,,,,
11725,08/10/25 11:00:00,29.490,,,,,
11726,08/10/25 11:15:00,29.515,,,,,
11727,08/10/25 11:30:00,29.540,,,,,
11728,08/10/25 11:45:00,29.540,,,,,
11729,08/10/25 12:00:00,29.540,,,,,
11730,08/10/25 12:15:00,29.540,,,,,
11731,08/10/25 12:30:00,29.540,,,,,
11732,08/10/25 12:45:00,29.565,,,,,
11733,08/10/25 13:00:00,29.590,,,,,
11734,08/10/25 13:15:00,29.565,,,,,
11735,08/10/25 13:30:00,29.565,,,,,
11736,08/10/25 13:45:00,29.590,,,,,
11737,08/10/25 14:00:00,29.615,,,,,
11738,08/10/25 14:15:00,29.640,,,,,
11739,08/10/25 14:30:00,29.640,,,,,
11740,08/10/25 14:45:00,29.640,,,,,
11741,08/10/25 15:00:00,29.565,,,,,
11742,08/10/25 15:15:00,29.565,,,,,
11743,08/10/25 15:30:00,29.565,,,,,
11744,08/10/25 15:45:00,29.565,,,,,
11745,08/10/25 16:00:00,29.565,,,,,
11746,08/10/25 16:15:00,29.565,,,,,
11747,08/10/25 16:30:00,29.565,,,,,
11748,08/10/25 16:45:00,29.540,,,,,
11749,08/10/25 17:00:00,29.540,,,,,
11750,08/10/25 17:15:00,29.540,,,,,
11751,08/10/25 17:30:00,29.540,,,,,
11752,08/10/25 17:45:00,29.565,,,,,
11753,08/10/25 18:00:00,29.590,,,,,
11754,08/10/25 18:15:00,29.590,,,,,
11755,08/10/25 18:30:00,29.565,,,,,
11756,08/10/25 18:45:00,29.540,,,,,
11757,08/10/25 19:00:00,29.540,,,,,
11758,08/10/25 19:15:00,29.540,,,,,
11759,08/10/25 19:30:00,29.515,,,,,
11760,08/10/25 19:45:00,29.515,,,,,
11761,08/10/25 20:00:00,29.515,,,,,
11762,08/10/25 20:15:00,29.540,,,,,
11763,08/10/25 20:30:00,29.540,,,,,
11764,08/10/25 20:45:00,29.540,,,,,
11765,08/10/25 21:00:00,29.540,,,,,
11766,08/10/25 21:15:00,29.540,,,,,
11767,08/10/25 21:30:00,29.515,,,,,
11768,08/10/25 21:45:00,29.515,,,,,
11769,08/10/25 22:00:00,29.515,,,,,
11770,08/10/25 22:15:00,29.515,,,,,
11771,08/10/25 22:30:00,29.515,,,,,
11772,08/10/25 22:45:00,29.515,,,,,
11773,08/10/25 23:00:00,29.515,,,,,
11774,08/10/25 23:15:00,29.515,,,,,
11775,08/10/25 23:30:00,29.490,,,,,
11776,08/10/25 23:45:00,29.490,,,,,
11777,08/11/25 00:00:00,29.515,,,,,
11778,08/11/25 00:15:00,29.490,,,,,
11779,08/11/25 00:30:00,29.515,,,,,
11780,08/11/25 00:45:00,29.490,,,,,
11781,08/11/25 01:00:00,29.490,,,,,
11782,08/11/25 01:15:00,29.490,,,,,
11783,08/11/25 01:30:00,29.490,,,,,
11784,08/11/25 01:45:00,29.490,,,,,
11785,08/11/25 02:00:00,29.490,,,,,
11786,08/11/25 02:15:00,29.464,,,,,
11787,08/11/25 02:30:00,29.464,,,,,
11788,08/11/25 02:45:00,29.464,,,,,
11789,08/11/25 03:00:00,29.464,,,,,
11790,08/11/25 03:15:00,29.464,,,,,
11791,08/11/25 03:30:00,29.464,,,,,
11792,08/11/25 03:45:00,29.464,,,,,
11793,08/11/25 04:00:00,29.439,,,,,
11794,08/11/25 04:15:00,29.439,,,,,
11795,08/11/25 04:30:00,29.439,,,,,
11796,08/11/25 04:45:00,29.414,,,,,
11797,08/11/25 05:00:00,29.389,,,,,
11798,08/11/25 05:15:00,29.389,,,,,
11799,08/11/25 05:30:00,29.389,,,,,
11800,08/11/25 05:45:00,29.389,,,,,
11801,08/11/25 06:00:00,29.389,,,,,
11802,08/11/25 06:15:00,29.389,,,,,
11803,08/11/25 06:30:00,29.389,,,,,
11804,08/11/25 06:45:00,29.389,,,,,
11805,08/11/25 07:00:00,29.414,,,,,
11806,08/11/25 07:15:00,29.414,,,,,
11807,08/11/25 07:30:00,29.414,,,,,
11808,08/11/25 07:45:00,29.439,,,,,
11809,08/11/25 08:00:00,29.439,,,,,
11810,08/11/25 08:15:00,29.464,,,,,
11811,08/11/25 08:30:00,29.464,,,,,
11812,08/11/25 08:45:00,29.490,,,,,
11813,08/11/25 09:00:00,29.490,,,,,
11814,08/11/25 09:15:00,29.490,,,,,
11815,08/11/25 09:30:00,29.490,,,,,
11816,08/11/25 09:45:00,29.515,,,,,
11817,08/11/25 10:00:00,29.515,,,,,
11818,08/11/25 10:15:00,29.515,,,,,
11819,08/11/25 10:30:00,29.540,,,,,
11820,08/11/25 10:45:00,29.540,,,,,
11821,08/11/25 11:00:00,29.565,,,,,
11822,08/11/25 11:15:00,29.565,,,,,
11823,08/11/25 11:30:00,29.590,,,,,
11824,08/11/25 11:45:00,29.565,,,,,
11825,08/11/25 12:00:00,29.565,,,,,
11826,08/11/25 12:15:00,29.565,,,,,
11827,08/11/25 12:30:00,29.565,,,,,
11828,08/11/25 12:45:00,29.590,,,,,
11829,08/11/25 13:00:00,29.565,,,,,
11830,08/11/25 13:15:00,29.590,,,,,
11831,08/11/25 13:30:00,29.615,,,,,
11832,08/11/25 13:45:00,29.615,,,,,
11833,08/11/25 14:00:00,29.615,,,,,
11834,08/11/25 14:15:00,29.615,,,,,
11835,08/11/25 14:30:00,29.615,,,,,
11836,08/11/25 14:45:00,29.615,,,,,
11837,08/11/25 15:00:00,29.615,,,,,
11838,08/11/25 15:15:00,29.590,,,,,
11839,08/11/25 15:30:00,29.565,,,,,
11840,08/11/25 15:45:00,29.590,,,,,
11841,08/11/25 16:00:00,29.565,,,,,
11842,08/11/25 16:15:00,29.590,,,,,
11843,08/11/25 16:30:00,29.565,,,,,
11844,08/11/25 16:45:00,29.565,,,,,
11845,08/11/25 17:00:00,29.565,,,,,
11846,08/11/25 17:15:00,29.565,,,,,
11847,08/11/25 17:30:00,29.565,,,,,
11848,08/11/25 17:45:00,29.565,,,,,
11849,08/11/25 18:00:00,29.540,,,,,
11850,08/11/25 18:15:00,29.540,,,,,
11851,08/11/25 18:30:00,29.540,,,,,
11852,08/11/25 18:45:00,29.540,,,,,
11853,08/11/25 19:00:00,29.565,,,,,
11854,08/11/25 19:15:00,29.590,,,,,
11855,08/11/25 19:30:00,29.665,,,,,
11856,08/11/25 19:45:00,29.665,,,,,
11857,08/11/25 20:00:00,29.665,,,,,
11858,08/11/25 20:15:00,29.640,,,,,
11859,08/11/25 20:30:00,29.640,,,,,
11860,08/11/25 20:45:00,29.615,,,,,
11861,08/11/25 21:00:00,29.615,,,,,
11862,08/11/25 21:15:00,29.590,,,,,
11863,08/11/25 21:30:00,29.590,,,,,
11864,08/11/25 21:45:00,29.565,,,,,
11865,08/11/25 22:00:00,29.565,,,,,
11866,08/11/25 22:15:00,29.565,,,,,
11867,08/11/25 22:30:00,29.565,,,,,
11868,08/11/25 22:45:00,29.540,,,,,
11869,08/11/25 23:00:00,29.540,,,,,
11870,08/11/25 23:15:00,29.515,,,,,
11871,08/11/25 23:30:00,29.515,,,,,
11872,08/11/25 23:45:00,29.515,,,,,
11873,08/12/25 00:00:00,29.515,,,,,
11874,08/12/25 00:15:00,29.515,,,,,
11875,08/12/25 00:30:00,29.515,,,,,
11876,08/12/25 00:45:00,29.515,,,,,
11877,08/12/25 01:00:00,29.515,,,,,
11878,08/12/25 01:15:00,29.515,,,,,
11879,08/12/25 01:30:00,29.515,,,,,
11880,08/12/25 01:45:00,29.515,,,,,
11881,08/12/25 02:00:00,29.490,,,,,
11882,08/12/25 02:15:00,29.490,,,,,
11883,08/12/25 02:30:00,29.490,,,,,
11884,08/12/25 02:45:00,29.490,,,,,
11885,08/12/25 03:00:00,29.490,,,,,
11886,08/12/25 03:15:00,29.515,,,,,
11887,08/12/25 03:30:00,29.490,,,,,
11888,08/12/25 03:45:00,29.490,,,,,
11889,08/12/25 04:00:00,29.490,,,,,
11890,08/12/25 04:15:00,29.464,,,,,
11891,08/12/25 04:30:00,29.439,,,,,
11892,08/12/25 04:45:00,29.414,,,,,
11893,08/12/25 05:00:00,29.414,,,,,
11894,08/12/25 05:15:00,29.365,,,,,
11895,08/12/25 05:30:00,29.340,,,,,
11896,08/12/25 05:45:00,29.340,,,,,
11897,08/12/25 06:00:00,29.365,,,,,
11898,08/12/25 06:15:00,29.389,,,,,
11899,08/12/25 06:30:00,29.389,,,,,
11900,08/12/25 06:45:00,29.414,,,,,
11901,08/12/25 07:00:00,29.414,,,,,
11902,08/12/25 07:15:00,29.414,,,,,
11903,08/12/25 07:30:00,29.414,,,,,
11904,08/12/25 07:45:00,29.439,,,,,
11905,08/12/25 08:00:00,29.439,,,,,
11906,08/12/25 08:15:00,29.464,,,,,
11907,08/12/25 08:30:00,29.464,,,,,
11908,08/12/25 08:45:00,29.464,,,,,
11909,08/12/25 09:00:00,29.490,,,,,
11910,08/12/25 09:15:00,29.515,,,,,
11911,08/12/25 09:30:00,29.565,,,,,
11912,08/12/25 09:45:00,29.590,,,,,
11913,08/12/25 10:00:00,29.615,,,,,
11914,08/12/25 10:15:00,29.615,,,,,
11915,08/12/25 10:30:00,29.615,,,,,
11916,08/12/25 10:45:00,29.615,,,,,
11917,08/12/25 11:00:00,29.615,,,,,
11918,08/12/25 11:15:00,29.615,,,,,
11919,08/12/25 11:30:00,29.615,,,,,
11920,08/12/25 11:45:00,29.615,,,,,
11921,08/12/25 12:00:00,29.615,,,,,
11922,08/12/25 12:15:00,29.615,,,,,
11923,08/12/25 12:30:00,29.590,,,,,
11924,08/12/25 12:45:00,29.615,,,,,
11925,08/12/25 13:00:00,29.640,,,,,
11926,08/12/25 13:15:00,29.640,,,,,
11927,08/12/25 13:30:00,29.640,,,,,
11928,08/12/25 13:45:00,29.640,,,,,
11929,08/12/25 14:00:00,29.665,,,,,
11930,08/12/25 14:15:00,29.665,,,,,
11931,08/12/25 14:30:00,29.665,,,,,
11932,08/12/25 14:45:00,29.665,,,,,
11933,08/12/25 15:00:00,29.690,,,,,
11934,08/12/25 15:15:00,29.690,,,,,
11935,08/12/25 15:30:00,29.690,,,,,
11936,08/12/25 15:45:00,29.715,,,,,
11937,08/12/25 16:00:00,29.715,,,,,
11938,08/12/25 16:15:00,29.690,,,,,
11939,08/12/25 16:30:00,29.665,,,,,
11940,08/12/25 16:45:00,29.640,,,,,
11941,08/12/25 17:00:00,29.640,,,,,
11942,08/12/25 17:15:00,29.615,,,,,
11943,08/12/25 17:30:00,29.615,,,,,
11944,08/12/25 17:45:00,29.615,,,,,
11945,08/12/25 18:00:00,29.615,,,,,
11946,08/12/25 18:15:00,29.615,,,,,
11947,08/12/25 18:30:00,29.615,,,,,
11948,08/12/25 18:45:00,29.615,,,,,
11949,08/12/25 19:00:00,29.590,,,,,
11950,08/12/25 19:15:00,29.590,,,,,
11951,08/12/25 19:30:00,29.590,,,,,
11952,08/12/25 19:45:00,29.590,,,,,
11953,08/12/25 20:00:00,29.590,,,,,
11954,08/12/25 20:15:00,29.590,,,,,
11955,08/12/25 20:30:00,29.615,,,,,
11956,08/12/25 20:45:00,29.640,,,,,
11957,08/12/25 21:00:00,29.665,,,,,
11958,08/12/25 21:15:00,29.690,,,,,
11959,08/12/25 21:30:00,29.715,,,,,
11960,08/12/25 21:45:00,29.715,,,,,
11961,08/12/25 22:00:00,29.715,,,,,
11962,08/12/25 22:15:00,29.715,,,,,
11963,08/12/25 22:30:00,29.715,,,,,
11964,08/12/25 22:45:00,29.715,,,,,
11965,08/12/25 23:00:00,29.715,,,,,
11966,08/12/25 23:15:00,29.715,,,,,
11967,08/12/25 23:30:00,29.690,,,,,
11968,08/12/25 23:45:00,29.690,,,,,
11969,08/13/25 00:00:00,29.690,,,,,
11970,08/13/25 00:15:00,29.690,,,,,
11971,08/13/25 00:30:00,29.690,,,,,
11972,08/13/25 00:45:00,29.690,,,,,
11973,08/13/25 01:00:00,29.690,,,,,
11974,08/13/25 01:15:00,29.690,,,,,
11975,08/13/25 01:30:00,29.690,,,,,
11976,08/13/25 01:45:00,29.690,,,,,
11977,08/13/25 02:00:00,29.690,,,,,
11978,08/13/25 02:15:00,29.665,,,,,
11979,08/13/25 02:30:00,29.665,,,,,
11980,08/13/25 02:45:00,29.665,,,,,
11981,08/13/25 03:00:00,29.665,,,,,
11982,08/13/25 03:15:00,29.640,,,,,
11983,08/13/25 03:30:00,29.615,,,,,
11984,08/13/25 03:45:00,29.590,,,,,
11985,08/13/25 04:00:00,29.590,,,,,
11986,08/13/25 04:15:00,29.590,,,,,
11987,08/13/25 04:30:00,29.590,,,,,
11988,08/13/25 04:45:00,29.590,,,,,
11989,08/13/25 05:00:00,29.590,,,,,
11990,08/13/25 05:15:00,29.615,,,,,
11991,08/13/25 05:30:00,29.615,,,,,
11992,08/13/25 05:45:00,29.615,,,,,
11993,08/13/25 06:00:00,29.565,,,,,
11994,08/13/25 06:15:00,29.565,,,,,
11995,08/13/25 06:30:00,29.565,,,,,
11996,08/13/25 06:45:00,29.540,,,,,
11997,08/13/25 07:00:00,29.540,,,,,
11998,08/13/25 07:15:00,29.540,,,,,
11999,08/13/25 07:30:00,29.515,,,,,
12000,08/13/25 07:45:00,29.490,,,,,
12001,08/13/25 08:00:00,29.464,,,,,
12002,08/13/25 08:15:00,29.464,,,,,
12003,08/13/25 08:30:00,29.439,,,,,
12004,08/13/25 08:45:00,29.464,,,,,
12005,08/13/25 09:00:00,29.515,,,,,
12006,08/13/25 09:15:00,29.540,,,,,
12007,08/13/25 09:30:00,29.590,,,,,
12008,08/13/25 09:45:00,29.665,,,,,
12009,08/13/25 10:00:00,29.665,,,,,
12010,08/13/25 10:15:00,29.715,,,,,
12011,08/13/25 10:30:00,29.740,,,,,
12012,08/13/25 10:45:00,29.765,,,,,
12013,08/13/25 11:00:00,29.740,,,,,
12014,08/13/25 11:15:00,29.740,,,,,
12015,08/13/25 11:30:00,29.740,,,,,
12016,08/13/25 11:45:00,29.740,,,,,
12017,08/13/25 12:00:00,29.765,,,,,
12018,08/13/25 12:15:00,29.765,,,,,
12019,08/13/25 12:30:00,29.765,,,,,
12020,08/13/25 12:45:00,29.765,,,,,
12021,08/13/25 13:00:00,29.790,,,,,
12022,08/13/25 13:15:00,29.790,,,,,
12023,08/13/25 13:30:00,29.765,,,,,
12024,08/13/25 13:45:00,29.765,,,,,
12025,08/13/25 14:00:00,29.765,,,,,
12026,08/13/25 14:15:00,29.765,,,,,
12027,08/13/25 14:30:00,29.790,,,,,
12028,08/13/25 14:45:00,29.790,,,,,
12029,08/13/25 15:00:00,29.790,,,,,
12030,08/13/25 15:15:00,29.815,,,,,
12031,08/13/25 15:30:00,29.815,,,,,
12032,08/13/25 15:45:00,29.765,,,,,
12033,08/13/25 16:00:00,29.765,,,,,
12034,08/13/25 16:15:00,29.765,,,,,
12035,08/13/25 16:30:00,29.765,,,,,
12036,08/13/25 16:45:00,29.765,,,,,
12037,08/13/25 17:00:00,29.740,,,,,
12038,08/13/25 17:15:00,29.740,,,,,
12039,08/13/25 17:30:00,29.740,,,,,
12040,08/13/25 17:45:00,29.715,,,,,
12041,08/13/25 18:00:00,29.690,,,,,
12042,08/13/25 18:15:00,29.665,,,,,
12043,08/13/25 18:30:00,29.665,,,,,
12044,08/13/25 18:45:00,29.665,,,,,
12045,08/13/25 19:00:00,29.665,,,,,
12046,08/13/25 19:15:00,29.665,,,,,
12047,08/13/25 19:30:00,29.665,,,,,
12048,08/13/25 19:45:00,29.665,,,,,
12049,08/13/25 20:00:00,29.665,,,,,
12050,08/13/25 20:15:00,29.665,,,,,
12051,08/13/25 20:30:00,29.640,,,,,
12052,08/13/25 20:45:00,29.665,,,,,
12053,08/13/25 21:00:00,29.665,,,,,
12054,08/13/25 21:15:00,29.665,,,,,
12055,08/13/25 21:30:00,29.665,,,,,
12056,08/13/25 21:45:00,29.665,,,,,
12057,08/13/25 22:00:00,29.665,,,,,
12058,08/13/25 22:15:00,29.640,,,,,
12059,08/13/25 22:30:00,29.640,,,,,
12060,08/13/25 22:45:00,29.615,,,,,
12061,08/13/25 23:00:00,29.615,,,,,
12062,08/13/25 23:15:00,29.615,,,,,
12063,08/13/25 23:30:00,29.615,,,,,
12064,08/13/25 23:45:00,29.615,,,,,
12065,08/14/25 00:00:00,29.615,,,,,
12066,08/14/25 00:15:00,29.615,,,,,
12067,08/14/25 00:30:00,29.590,,,,,
12068,08/14/25 00:45:00,29.590,,,,,
12069,08/14/25 01:00:00,29.590,,,,,
12070,08/14/25 01:15:00,29.590,,,,,
12071,08/14/25 01:30:00,29.590,,,,,
12072,08/14/25 01:45:00,29.590,,,,,
12073,08/14/25 02:00:00,29.590,,,,,
12074,08/14/25 02:15:00,29.590,,,,,
12075,08/14/25 02:30:00,29.590,,,,,
12076,08/14/25 02:45:00,29.565,,,,,
12077,08/14/25 03:00:00,29.565,,,,,
12078,08/14/25 03:15:00,29.565,,,,,
12079,08/14/25 03:30:00,29.565,,,,,
12080,08/14/25 03:45:00,29.565,,,,,
12081,08/14/25 04:00:00,29.590,,,,,
12082,08/14/25 04:15:00,29.590,,,,,
12083,08/14/25 04:30:00,29.590,,,,,
12084,08/14/25 04:45:00,29.590,,,,,
12085,08/14/25 05:00:00,29.590,,,,,
12086,08/14/25 05:15:00,29.590,,,,,
12087,08/14/25 05:30:00,29.565,,,,,
12088,08/14/25 05:45:00,29.565,,,,,
12089,08/14/25 06:00:00,29.565,,,,,
12090,08/14/25 06:15:00,29.540,,,,,
12091,08/14/25 06:30:00,29.515,,,,,
12092,08/14/25 06:45:00,29.490,,,,,
12093,08/14/25 07:00:00,29.490,,,,,
12094,08/14/25 07:15:00,29.490,,,,,
12095,08/14/25 07:30:00,29.464,,,,,
12096,08/14/25 07:45:00,29.464,,,,,
12097,08/14/25 08:00:00,29.439,,,,,
12098,08/14/25 08:15:00,29.439,,,,,
12099,08/14/25 08:30:00,29.464,,,,,
12100,08/14/25 08:45:00,29.490,,,,,
12101,08/14/25 09:00:00,29.515,,,,,
12102,08/14/25 09:15:00,29.515,,,,,
12103,08/14/25 09:30:00,29.540,,,,,
12104,08/14/25 09:45:00,29.565,,,,,
12105,08/14/25 10:00:00,29.590,,,,,
12106,08/14/25 10:15:00,29.615,,,,,
12107,08/14/25 10:30:00,29.640,,,,,
12108,08/14/25 10:45:00,29.640,,,,,
12109,08/14/25 11:00:00,29.640,,,,,
12110,08/14/25 11:15:00,29.665,,,,,
12111,08/14/25 11:30:00,29.640,,,,,
12112,08/14/25 11:45:00,29.640,,,,,
12113,08/14/25 12:00:00,29.640,,,,,
12114,08/14/25 12:15:00,29.665,,,,,
12115,08/14/25 12:30:00,29.665,,,,,
12116,08/14/25 12:45:00,29.690,,,,,
12117,08/14/25 13:00:00,29.715,,,,,
12118,08/14/25 13:15:00,29.715,,,,,
12119,08/14/25 13:30:00,29.715,,,,,
12120,08/14/25 13:45:00,29.740,,,,,
12121,08/14/25 14:00:00,29.740,,,,,
12122,08/14/25 14:15:00,29.740,,,,,
12123,08/14/25 14:30:00,29.715,,,,,
12124,08/14/25 14:45:00,29.715,,,,,
12125,08/14/25 15:00:00,29.690,,,,,
12126,08/14/25 15:15:00,29.690,,,,,
12127,08/14/25 15:30:00,29.690,,,,,
12128,08/14/25 15:45:00,29.715,,,,,
12129,08/14/25 16:00:00,29.715,,,,,
12130,08/14/25 16:15:00,29.715,,,,,
12131,08/14/25 16:30:00,29.715,,,,,
12132,08/14/25 16:45:00,29.715,,,,,
12133,08/14/25 17:00:00,29.715,,,,,
12134,08/14/25 17:15:00,29.740,,,,,
12135,08/14/25 17:30:00,29.715,,,,,
12136,08/14/25 17:45:00,29.715,,,,,
12137,08/14/25 18:00:00,29.740,,,,,
12138,08/14/25 18:15:00,29.715,,,,,
12139,08/14/25 18:30:00,29.715,,,,,
12140,08/14/25 18:45:00,29.715,,,,,
12141,08/14/25 19:00:00,29.715,,,,,
12142,08/14/25 19:15:00,29.740,,,,,
12143,08/14/25 19:30:00,29.740,,,,,
12144,08/14/25 19:45:00,29.740,,,,,
12145,08/14/25 20:00:00,29.740,,,,,
12146,08/14/25 20:15:00,29.740,,,,,
12147,08/14/25 20:30:00,29.740,,,,,
12148,08/14/25 20:45:00,29.740,,,,,
12149,08/14/25 21:00:00,29.715,,,,,
12150,08/14/25 21:15:00,29.715,,,,,
12151,08/14/25 21:30:00,29.690,,,,,
12152,08/14/25 21:45:00,29.665,,,,,
12153,08/14/25 22:00:00,29.665,,,,,
12154,08/14/25 22:15:00,29.665,,,,,
12155,08/14/25 22:30:00,29.665,,,,,
12156,08/14/25 22:45:00,29.665,,,,,
12157,08/14/25 23:00:00,29.665,,,,,
12158,08/14/25 23:15:00,29.665,,,,,
12159,08/14/25 23:30:00,29.665,,,,,
12160,08/14/25 23:45:00,29.665,,,,,
12161,08/15/25 00:00:00,29.665,,,,,
12162,08/15/25 00:15:00,29.665,,,,,
12163,08/15/25 00:30:00,29.640,,,,,
12164,08/15/25 00:45:00,29.615,,,,,
12165,08/15/25 01:00:00,29.615,,,,,
12166,08/15/25 01:15:00,29.615,,,,,
12167,08/15/25 01:30:00,29.615,,,,,
12168,08/15/25 01:45:00,29.615,,,,,
12169,08/15/25 02:00:00,29.615,,,,,
12170,08/15/25 02:15:00,29.590,,,,,
12171,08/15/25 02:30:00,29.590,,,,,
12172,08/15/25 02:45:00,29.590,,,,,
12173,08/15/25 03:00:00,29.590,,,,,
12174,08/15/25 03:15:00,29.590,,,,,
12175,08/15/25 03:30:00,29.590,,,,,
12176,08/15/25 03:45:00,29.565,,,,,
12177,08/15/25 04:00:00,29.565,,,,,
12178,08/15/25 04:15:00,29.565,,,,,
12179,08/15/25 04:30:00,29.565,,,,,
12180,08/15/25 04:45:00,29.565,,,,,
12181,08/15/25 05:00:00,29.565,,,,,
12182,08/15/25 05:15:00,29.565,,,,,
12183,08/15/25 05:30:00,29.565,,,,,
12184,08/15/25 05:45:00,29.540,,,,,
12185,08/15/25 06:00:00,29.490,,,,,
12186,08/15/25 06:15:00,29.490,,,,,
12187,08/15/25 06:30:00,29.490,,,,,
12188,08/15/25 06:45:00,29.490,,,,,
12189,08/15/25 07:00:00,29.464,,,,,
12190,08/15/25 07:15:00,29.365,,,,,
12191,08/15/25 07:30:00,29.340,,,,,
12192,08/15/25 07:45:00,29.365,,,,,
12193,08/15/25 08:00:00,29.365,,,,,
12194,08/15/25 08:15:00,29.389,,,,,
12195,08/15/25 08:30:00,29.414,,,,,
12196,08/15/25 08:45:00,29.464,,,,,
12197,08/15/25 09:00:00,29.490,,,,,
12198,08/15/25 09:15:00,29.490,,,,,
12199,08/15/25 09:30:00,29.490,,,,,
12200,08/15/25 09:45:00,29.515,,,,,
12201,08/15/25 10:00:00,29.540,,,,,
12202,08/15/25 10:15:00,29.590,,,,,
12203,08/15/25 10:30:00,29.640,,,,,
12204,08/15/25 10:45:00,29.665,,,,,
12205,08/15/25 11:00:00,29.715,,,,,
12206,08/15/25 11:15:00,29.740,,,,,
12207,08/15/25 11:30:00,29.740,,,,,
12208,08/15/25 11:45:00,29.740,,,,,
12209,08/15/25 12:00:00,29.740,,,,,
12210,08/15/25 12:15:00,29.765,,,,,
12211,08/15/25 12:30:00,29.765,,,,,
12212,08/15/25 12:45:00,29.790,,,,,
12213,08/15/25 13:00:00,29.790,,,,,
12214,08/15/25 13:15:00,29.815,,,,,
12215,08/15/25 13:30:00,29.790,,,,,
12216,08/15/25 13:45:00,29.790,,,,,
12217,08/15/25 14:00:00,29.790,,,,,
12218,08/15/25 14:15:00,29.790,,,,,
12219,08/15/25 14:30:00,29.765,,,,,
12220,08/15/25 14:45:00,29.790,,,,,
12221,08/15/25 15:00:00,29.815,,,,,
12222,08/15/25 15:15:00,29.840,,,,,
12223,08/15/25 15:30:00,29.865,,,,,
12224,08/15/25 15:45:00,29.916,,,,,
12225,08/15/25 16:00:00,29.941,,,,,
12226,08/15/25 16:15:00,29.941,,,,,
12227,08/15/25 16:30:00,29.941,,,,,
12228,08/15/25 16:45:00,29.941,,,,,
12229,08/15/25 17:00:00,29.941,,,,,
12230,08/15/25 17:15:00,29.941,,,,,
12231,08/15/25 17:30:00,29.966,,,,,
12232,08/15/25 17:45:00,29.966,,,,,
12233,08/15/25 18:00:00,29.966,,,,,
12234,08/15/25 18:15:00,29.966,,,,,
12235,08/15/25 18:30:00,29.966,,,,,
12236,08/15/25 18:45:00,29.966,,,,,
12237,08/15/25 19:00:00,29.991,,,,,
12238,08/15/25 19:15:00,29.991,,,,,
12239,08/15/25 19:30:00,29.991,,,,,
12240,08/15/25 19:45:00,29.991,,,,,
12241,08/15/25 20:00:00,29.966,,,,,
12242,08/15/25 20:15:00,29.966,,,,,
12243,08/15/25 20:30:00,29.941,,,,,
12244,08/15/25 20:45:00,29.941,,,,,
12245,08/15/25 21:00:00,29.941,,,,,
12246,08/15/25 21:15:00,29.941,,,,,
12247,08/15/25 21:30:00,29.941,,,,,
12248,08/15/25 21:45:00,29.916,,,,,
12249,08/15/25 22:00:00,29.916,,,,,
12250,08/15/25 22:15:00,29.916,,,,,
12251,08/15/25 22:30:00,29.916,,,,,
12252,08/15/25 22:45:00,29.916,,,,,
12253,08/15/25 23:00:00,29.890,,,,,
12254,08/15/25 23:15:00,29.890,,,,,
12255,08/15/25 23:30:00,29.865,,,,,
12256,08/15/25 23:45:00,29.865,,,,,
12257,08/16/25 00:00:00,29.865,,,,,
12258,08/16/25 00:15:00,29.865,,,,,
12259,08/16/25 00:30:00,29.840,,,,,
12260,08/16/25 00:45:00,29.840,,,,,
12261,08/16/25 01:00:00,29.840,,,,,
12262,08/16/25 01:15:00,29.840,,,,,
12263,08/16/25 01:30:00,29.840,,,,,
12264,08/16/25 01:45:00,29.840,,,,,
12265,08/16/25 02:00:00,29.840,,,,,
12266,08/16/25 02:15:00,29.840,,,,,
12267,08/16/25 02:30:00,29.840,,,,,
12268,08/16/25 02:45:00,29.840,,,,,
12269,08/16/25 03:00:00,29.815,,,,,
12270,08/16/25 03:15:00,29.815,,,,,
12271,08/16/25 03:30:00,29.815,,,,,
12272,08/16/25 03:45:00,29.815,,,,,
12273,08/16/25 04:00:00,29.815,,,,,
12274,08/16/25 04:15:00,29.815,,,,,
12275,08/16/25 04:30:00,29.815,,,,,
12276,08/16/25 04:45:00,29.790,,,,,
12277,08/16/25 05:00:00,29.790,,,,,
12278,08/16/25 05:15:00,29.790,,,,,
12279,08/16/25 05:30:00,29.640,,,,,
12280,08/16/25 05:45:00,29.690,,,,,
12281,08/16/25 06:00:00,29.690,,,,,
12282,08/16/25 06:15:00,29.640,,,,,
12283,08/16/25 06:30:00,29.665,,,,,
12284,08/16/25 06:45:00,29.640,,,,,
12285,08/16/25 07:00:00,29.665,,,,,
12286,08/16/25 07:15:00,29.615,,,,,
12287,08/16/25 07:30:00,29.615,,,,,
12288,08/16/25 07:45:00,29.640,,,,,
12289,08/16/25 08:00:00,29.665,,,,,
12290,08/16/25 08:15:00,29.665,,,,,
12291,08/16/25 08:30:00,29.690,,,,,
12292,08/16/25 08:45:00,29.715,,,,,
12293,08/16/25 09:00:00,29.740,,,,,
12294,08/16/25 09:15:00,29.765,,,,,
12295,08/16/25 09:30:00,29.790,,,,,
12296,08/16/25 09:45:00,29.790,,,,,
12297,08/16/25 10:00:00,29.790,,,,,
12298,08/16/25 10:15:00,29.815,,,,,
12299,08/16/25 10:30:00,29.790,,,,,
12300,08/16/25 10:45:00,29.765,,,,,
12301,08/16/25 11:00:00,29.765,,,,,
12302,08/16/25 11:15:00,29.765,,,,,
12303,08/16/25 11:30:00,29.765,,,,,
12304,08/16/25 11:45:00,29.765,,,,,
12305,08/16/25 12:00:00,29.740,,,,,
12306,08/16/25 12:15:00,29.665,,,,,
12307,08/16/25 12:30:00,29.665,,,,,
12308,08/16/25 12:45:00,29.690,,,,,
12309,08/16/25 13:00:00,29.690,,,,,
12310,08/16/25 13:15:00,29.690,,,,,
12311,08/16/25 13:30:00,29.690,,,,,
12312,08/16/25 13:45:00,29.690,,,,,
12313,08/16/25 14:00:00,29.690,,,,,
12314,08/16/25 14:15:00,29.665,,,,,
12315,08/16/25 14:30:00,29.665,,,,,
12316,08/16/25 14:45:00,29.665,,,,,
12317,08/16/25 15:00:00,29.665,,,,,
12318,08/16/25 15:15:00,29.690,,,,,
12319,08/16/25 15:30:00,29.690,,,,,
12320,08/16/25 15:45:00,29.590,,,,,
12321,08/16/25 16:00:00,29.565,,,,,
12322,08/16/25 16:15:00,29.515,,,,,
12323,08/16/25 16:30:00,29.515,,,,,
12324,08/16/25 16:45:00,29.540,,,,,
12325,08/16/25 17:00:00,29.540,,,,,
12326,08/16/25 17:15:00,29.565,,,,,
12327,08/16/25 17:30:00,29.590,,,,,
12328,08/16/25 17:45:00,29.590,,,,,
12329,08/16/25 18:00:00,29.615,,,,,
12330,08/16/25 18:15:00,29.615,,,,,
12331,08/16/25 18:30:00,29.615,,,,,
12332,08/16/25 18:45:00,29.615,,,,,
12333,08/16/25 19:00:00,29.615,,,,,
12334,08/16/25 19:15:00,29.615,,,,,
12335,08/16/25 19:30:00,29.590,,,,,
12336,08/16/25 19:45:00,29.615,,,,,
12337,08/16/25 20:00:00,29.615,,,,,
12338,08/16/25 20:15:00,29.590,,,,,
12339,08/16/25 20:30:00,29.590,,,,,
12340,08/16/25 20:45:00,29.590,,,,,
12341,08/16/25 21:00:00,29.590,,,,,
12342,08/16/25 21:15:00,29.590,,,,,
12343,08/16/25 21:30:00,29.590,,,,,
12344,08/16/25 21:45:00,29.565,,,,,
12345,08/16/25 22:00:00,29.565,,,,,
12346,08/16/25 22:15:00,29.565,,,,,
12347,08/16/25 22:30:00,29.565,,,,,
12348,08/16/25 22:45:00,29.540,,,,,
12349,08/16/25 23:00:00,29.515,,,,,
12350,08/16/25 23:15:00,29.515,,,,,
12351,08/16/25 23:30:00,29.515,,,,,
12352,08/16/25 23:45:00,29.515,,,,,
12353,08/17/25 00:00:00,29.540,,,,,
12354,08/17/25 00:15:00,29.540,,,,,
12355,08/17/25 00:30:00,29.540,,,,,
12356,08/17/25 00:45:00,29.540,,,,,
12357,08/17/25 01:00:00,29.540,,,,,
12358,08/17/25 01:15:00,29.540,,,,,
12359,08/17/25 01:30:00,29.515,,,,,
12360,08/17/25 01:45:00,29.540,,,,,
12361,08/17/25 02:00:00,29.515,,,,,
12362,08/17/25 02:15:00,29.515,,,,,
12363,08/17/25 02:30:00,29.515,,,,,
12364,08/17/25 02:45:00,29.515,,,,,
12365,08/17/25 03:00:00,29.515,,,,,
12366,08/17/25 03:15:00,29.515,,,,,
12367,08/17/25 03:30:00,29.515,,,,,
12368,08/17/25 03:45:00,29.515,,,,,
12369,08/17/25 04:00:00,29.515,,,,,
12370,08/17/25 04:15:00,29.515,,,,,
12371,08/17/25 04:30:00,29.515,,,,,
12372,08/17/25 04:45:00,29.490,,,,,
12373,08/17/25 05:00:00,29.490,,,,,
12374,08/17/25 05:15:00,29.464,,,,,
12375,08/17/25 05:30:00,29.464,,,,,
12376,08/17/25 05:45:00,29.439,,,,,
12377,08/17/25 06:00:00,29.439,,,,,
12378,08/17/25 06:15:00,29.439,,,,,
12379,08/17/25 06:30:00,29.439,,,,,
12380,08/17/25 06:45:00,29.439,,,,,
12381,08/17/25 07:00:00,29.439,,,,,
12382,08/17/25 07:15:00,29.414,,,,,
12383,08/17/25 07:30:00,29.414,,,,,
12384,08/17/25 07:45:00,29.414,,,,,
12385,08/17/25 08:00:00,29.414,,,,,
12386,08/17/25 08:15:00,29.414,,,,,
12387,08/17/25 08:30:00,29.414,,,,,
12388,08/17/25 08:45:00,29.389,,,,,
12389,08/17/25 09:00:00,29.365,,,,,
12390,08/17/25 09:15:00,29.315,,,,,
12391,08/17/25 09:30:00,29.265,,,,,
12392,08/17/25 09:45:00,29.290,,,,,
12393,08/17/25 10:00:00,29.340,,,,,
12394,08/17/25 10:15:00,29.414,,,,,
12395,08/17/25 10:30:00,29.414,,,,,
12396,08/17/25 10:45:00,29.464,,,,,
12397,08/17/25 11:00:00,29.464,,,,,
12398,08/17/25 11:15:00,29.464,,,,,
12399,08/17/25 11:30:00,29.464,,,,,
12400,08/17/25 11:45:00,29.464,,,,,
12401,08/17/25 12:00:00,29.464,,,,,
12402,08/17/25 12:15:00,29.464,,,,,
12403,08/17/25 12:30:00,29.439,,,,,
12404,08/17/25 12:45:00,29.439,,,,,
12405,08/17/25 13:00:00,29.414,,,,,
12406,08/17/25 13:15:00,29.414,,,,,
12407,08/17/25 13:30:00,29.439,,,,,
12408,08/17/25 13:45:00,29.439,,,,,
12409,08/17/25 14:00:00,29.439,,,,,
12410,08/17/25 14:15:00,29.464,,,,,
12411,08/17/25 14:30:00,29.464,,,,,
12412,08/17/25 14:45:00,29.464,,,,,
12413,08/17/25 15:00:00,29.464,,,,,
12414,08/17/25 15:15:00,29.490,,,,,
12415,08/17/25 15:30:00,29.490,,,,,
12416,08/17/25 15:45:00,29.490,,,,,
12417,08/17/25 16:00:00,29.490,,,,,
12418,08/17/25 16:15:00,29.490,,,,,
12419,08/17/25 16:30:00,29.490,,,,,
12420,08/17/25 16:45:00,29.490,,,,,
12421,08/17/25 17:00:00,29.490,,,,,
12422,08/17/25 17:15:00,29.490,,,,,
12423,08/17/25 17:30:00,29.464,,,,,
12424,08/17/25 17:45:00,29.464,,,,,
12425,08/17/25 18:00:00,29.464,,,,,
12426,08/17/25 18:15:00,29.464,,,,,
12427,08/17/25 18:30:00,29.464,,,,,
12428,08/17/25 18:45:00,29.464,,,,,
12429,08/17/25 19:00:00,29.464,,,,,
12430,08/17/25 19:15:00,29.464,,,,,
12431,08/17/25 19:30:00,29.464,,,,,
12432,08/17/25 19:45:00,29.464,,,,,
12433,08/17/25 20:00:00,29.464,,,,,
12434,08/17/25 20:15:00,29.464,,,,,
12435,08/17/25 20:30:00,29.464,,,,,
12436,08/17/25 20:45:00,29.490,,,,,
12437,08/17/25 21:00:00,29.490,,,,,
12438,08/17/25 21:15:00,29.490,,,,,
12439,08/17/25 21:30:00,29.490,,,,,
12440,08/17/25 21:45:00,29.464,,,,,
12441,08/17/25 22:00:00,29.464,,,,,
12442,08/17/25 22:15:00,29.439,,,,,
12443,08/17/25 22:30:00,29.439,,,,,
12444,08/17/25 22:45:00,29.439,,,,,
12445,08/17/25 23:00:00,29.439,,,,,
12446,08/17/25 23:15:00,29.439,,,,,
12447,08/17/25 23:30:00,29.464,,,,,
12448,08/17/25 23:45:00,29.464,,,,,
12449,08/18/25 00:00:00,29.464,,,,,
12450,08/18/25 00:15:00,29.464,,,,,
12451,08/18/25 00:30:00,29.464,,,,,
12452,08/18/25 00:45:00,29.464,,,,,
12453,08/18/25 01:00:00,29.464,,,,,
12454,08/18/25 01:15:00,29.464,,,,,
12455,08/18/25 01:30:00,29.464,,,,,
12456,08/18/25 01:45:00,29.439,,,,,
12457,08/18/25 02:00:00,29.439,,,,,
12458,08/18/25 02:15:00,29.439,,,,,
12459,08/18/25 02:30:00,29.439,,,,,
12460,08/18/25 02:45:00,29.439,,,,,
12461,08/18/25 03:00:00,29.439,,,,,
12462,08/18/25 03:15:00,29.464,,,,,
12463,08/18/25 03:30:00,29.464,,,,,
12464,08/18/25 03:45:00,29.464,,,,,
12465,08/18/25 04:00:00,29.464,,,,,
12466,08/18/25 04:15:00,29.439,,,,,
12467,08/18/25 04:30:00,29.439,,,,,
12468,08/18/25 04:45:00,29.439,,,,,
12469,08/18/25 05:00:00,29.439,,,,,
12470,08/18/25 05:15:00,29.439,,,,,
12471,08/18/25 05:30:00,29.439,,,,,
12472,08/18/25 05:45:00,29.414,,,,,
12473,08/18/25 06:00:00,29.414,,,,,
12474,08/18/25 06:15:00,29.414,,,,,
12475,08/18/25 06:30:00,29.414,,,,,
12476,08/18/25 06:45:00,29.389,,,,,
12477,08/18/25 07:00:00,29.389,,,,,
12478,08/18/25 07:15:00,29.389,,,,,
12479,08/18/25 07:30:00,29.389,,,,,
12480,08/18/25 07:45:00,29.414,,,,,
12481,08/18/25 08:00:00,29.414,,,,,
12482,08/18/25 08:15:00,29.439,,,,,
12483,08/18/25 08:30:00,29.439,,,,,
12484,08/18/25 08:45:00,29.464,,,,,
12485,08/18/25 09:00:00,29.464,,,,,
12486,08/18/25 09:15:00,29.464,,,,,
12487,08/18/25 09:30:00,29.464,,,,,
12488,08/18/25 09:45:00,29.464,,,,,
12489,08/18/25 10:00:00,29.464,,,,,
12490,08/18/25 10:15:00,29.490,,,,,
12491,08/18/25 10:30:00,29.490,,,,,
12492,08/18/25 10:45:00,29.515,,,,,
12493,08/18/25 11:00:00,29.490,,,,,
12494,08/18/25 11:15:00,29.515,,,,,
12495,08/18/25 11:30:00,29.515,,,,,
12496,08/18/25 11:45:00,29.490,,,,,
12497,08/18/25 12:00:00,29.464,,,,,
12498,08/18/25 12:15:00,29.490,,,,,
12499,08/18/25 12:30:00,29.490,,,,,
12500,08/18/25 12:45:00,29.515,,,,,
12501,08/18/25 13:00:00,29.515,,,,,
12502,08/18/25 13:15:00,29.490,,,,,
12503,08/18/25 13:30:00,29.490,,,,,
12504,08/18/25 13:45:00,29.464,,,,,
12505,08/18/25 14:00:00,29.490,,,,,
12506,08/18/25 14:15:00,29.515,,,,,
12507,08/18/25 14:30:00,29.540,,,,,
12508,08/18/25 14:45:00,29.540,,,,,
12509,08/18/25 15:00:00,29.565,,,,,
12510,08/18/25 15:15:00,29.565,,,,,
12511,08/18/25 15:30:00,29.565,,,,,
12512,08/18/25 15:45:00,29.590,,,,,
12513,08/18/25 16:00:00,29.590,,,,,
12514,08/18/25 16:15:00,29.590,,,,,
12515,08/18/25 16:30:00,29.590,,,,,
12516,08/18/25 16:45:00,29.590,,,,,
12517,08/18/25 17:00:00,29.590,,,,,
12518,08/18/25 17:15:00,29.590,,,,,
12519,08/18/25 17:30:00,29.590,,,,,
12520,08/18/25 17:45:00,29.590,,,,,
12521,08/18/25 18:00:00,29.590,,,,,
12522,08/18/25 18:15:00,29.565,,,,,
12523,08/18/25 18:30:00,29.540,,,,,
12524,08/18/25 18:45:00,29.515,,,,,
12525,08/18/25 19:00:00,29.490,,,,,
12526,08/18/25 19:15:00,29.490,,,,,
12527,08/18/25 19:30:00,29.464,,,,,
12528,08/18/25 19:45:00,29.490,,,,,
12529,08/18/25 20:00:00,29.464,,,,,
12530,08/18/25 20:15:00,29.464,,,,,
12531,08/18/25 20:30:00,29.464,,,,,
12532,08/18/25 20:45:00,29.464,,,,,
12533,08/18/25 21:00:00,29.464,,,,,
12534,08/18/25 21:15:00,29.464,,,,,
12535,08/18/25 21:30:00,29.464,,,,,
12536,08/18/25 21:45:00,29.464,,,,,
12537,08/18/25 22:00:00,29.464,,,,,
12538,08/18/25 22:15:00,29.464,,,,,
12539,08/18/25 22:30:00,29.464,,,,,
12540,08/18/25 22:45:00,29.464,,,,,
12541,08/18/25 23:00:00,29.464,,,,,
12542,08/18/25 23:15:00,29.464,,,,,
12543,08/18/25 23:30:00,29.464,,,,,
12544,08/18/25 23:45:00,29.464,,,,,
12545,08/19/25 00:00:00,29.439,,,,,
12546,08/19/25 00:15:00,29.439,,,,,
12547,08/19/25 00:30:00,29.439,,,,,
12548,08/19/25 00:45:00,29.439,,,,,
12549,08/19/25 01:00:00,29.439,,,,,
12550,08/19/25 01:15:00,29.439,,,,,
12551,08/19/25 01:30:00,29.439,,,,,
12552,08/19/25 01:45:00,29.439,,,,,
12553,08/19/25 02:00:00,29.414,,,,,
12554,08/19/25 02:15:00,29.414,,,,,
12555,08/19/25 02:30:00,29.414,,,,,
12556,08/19/25 02:45:00,29.414,,,,,
12557,08/19/25 03:00:00,29.414,,,,,
12558,08/19/25 03:15:00,29.414,,,,,
12559,08/19/25 03:30:00,29.414,,,,,
12560,08/19/25 03:45:00,29.389,,,,,
12561,08/19/25 04:00:00,29.389,,,,,
12562,08/19/25 04:15:00,29.389,,,,,
12563,08/19/25 04:30:00,29.365,,,,,
12564,08/19/25 04:45:00,29.365,,,,,
12565,08/19/25 05:00:00,29.365,,,,,
12566,08/19/25 05:15:00,29.365,,,,,
12567,08/19/25 05:30:00,29.340,,,,,
12568,08/19/25 05:45:00,29.340,,,,,
12569,08/19/25 06:00:00,29.340,,,,,
12570,08/19/25 06:15:00,29.365,,,,,
12571,08/19/25 06:30:00,29.365,,,,,
12572,08/19/25 06:45:00,29.365,,,,,
12573,08/19/25 07:00:00,29.389,,,,,
12574,08/19/25 07:15:00,29.389,,,,,
12575,08/19/25 07:30:00,29.365,,,,,
12576,08/19/25 07:45:00,29.389,,,,,
12577,08/19/25 08:00:00,29.365,,,,,
12578,08/19/25 08:15:00,29.365,,,,,
12579,08/19/25 08:30:00,29.389,,,,,
12580,08/19/25 08:45:00,29.389,,,,,
12581,08/19/25 09:00:00,29.414,,,,,
12582,08/19/25 09:15:00,29.389,,,,,
12583,08/19/25 09:30:00,29.414,,,,,
12584,08/19/25 09:45:00,29.439,,,,,
12585,08/19/25 10:00:00,29.439,,,,,
12586,08/19/25 10:15:00,29.464,,,,,
12587,08/19/25 10:30:00,29.490,,,,,
12588,08/19/25 10:45:00,29.515,,,,,
12589,08/19/25 11:00:00,29.515,,,,,
12590,08/19/25 11:15:00,29.540,,,,,
12591,08/19/25 11:30:00,29.540,,,,,
12592,08/19/25 11:45:00,29.565,,,,,
12593,08/19/25 12:00:00,29.565,,,,,
12594,08/19/25 12:15:00,29.565,,,,,
12595,08/19/25 12:30:00,29.640,,,,,
12596,08/19/25 12:45:00,29.665,,,,,
12597,08/19/25 13:00:00,29.665,,,,,
12598,08/19/25 13:15:00,29.690,,,,,
12599,08/19/25 13:30:00,29.715,,,,,
12600,08/19/25 13:45:00,29.715,,,,,
12601,08/19/25 14:00:00,29.715,,,,,
12602,08/19/25 14:15:00,29.715,,,,,
12603,08/19/25 14:30:00,29.715,,,,,
12604,08/19/25 14:45:00,29.715,,,,,
12605,08/19/25 15:00:00,29.715,,,,,
12606,08/19/25 15:15:00,29.715,,,,,
12607,08/19/25 15:30:00,29.690,,,,,
12608,08/19/25 15:45:00,29.690,,,,,
12609,08/19/25 16:00:00,29.715,,,,,
12610,08/19/25 16:15:00,29.715,,,,,
12611,08/19/25 16:30:00,29.715,,,,,
12612,08/19/25 16:45:00,29.715,,,,,
12613,08/19/25 17:00:00,29.715,,,,,
12614,08/19/25 17:15:00,29.715,,,,,
12615,08/19/25 17:30:00,29.715,,,,,
12616,08/19/25 17:45:00,29.665,,,,,
12617,08/19/25 18:00:00,29.640,,,,,
12618,08/19/25 18:15:00,29.640,,,,,
12619,08/19/25 18:30:00,29.615,,,,,
12620,08/19/25 18:45:00,29.615,,,,,
12621,08/19/25 19:00:00,29.615,,,,,
12622,08/19/25 19:15:00,29.615,,,,,
12623,08/19/25 19:30:00,29.615,,,,,
12624,08/19/25 19:45:00,29.615,,,,,
12625,08/19/25 20:00:00,29.615,,,,,
12626,08/19/25 20:15:00,29.615,,,,,
12627,08/19/25 20:30:00,29.615,,,,,
12628,08/19/25 20:45:00,29.615,,,,,
12629,08/19/25 21:00:00,29.615,,,,,
12630,08/19/25 21:15:00,29.615,,,,,
12631,08/19/25 21:30:00,29.615,,,,,
12632,08/19/25 21:45:00,29.640,,,,,
12633,08/19/25 22:00:00,29.640,,,,,
12634,08/19/25 22:15:00,29.640,,,,,
12635,08/19/25 22:30:00,29.640,,,,,
12636,08/19/25 22:45:00,29.640,,,,,
12637,08/19/25 23:00:00,29.665,,,,,
12638,08/19/25 23:15:00,29.665,,,,,
12639,08/19/25 23:30:00,29.665,,,,,
12640,08/19/25 23:45:00,29.665,,,,,
12641,08/20/25 00:00:00,29.640,,,,,
12642,08/20/25 00:15:00,29.615,,,,,
12643,08/20/25 00:30:00,29.615,,,,,
12644,08/20/25 00:45:00,29.615,,,,,
12645,08/20/25 01:00:00,29.615,,,,,
12646,08/20/25 01:15:00,29.615,,,,,
12647,08/20/25 01:30:00,29.615,,,,,
12648,08/20/25 01:45:00,29.615,,,,,
12649,08/20/25 02:00:00,29.590,,,,,
12650,08/20/25 02:15:00,29.565,,,,,
12651,08/20/25 02:30:00,29.540,,,,,
12652,08/20/25 02:45:00,29.540,,,,,
12653,08/20/25 03:00:00,29.540,,,,,
12654,08/20/25 03:15:00,29.515,,,,,
12655,08/20/25 03:30:00,29.515,,,,,
12656,08/20/25 03:45:00,29.515,,,,,
12657,08/20/25 04:00:00,29.515,,,,,
12658,08/20/25 04:15:00,29.515,,,,,
12659,08/20/25 04:30:00,29.515,,,,,
12660,08/20/25 04:45:00,29.515,,,,,
12661,08/20/25 05:00:00,29.540,,,,,
12662,08/20/25 05:15:00,29.540,,,,,
12663,08/20/25 05:30:00,29.540,,,,,
12664,08/20/25 05:45:00,29.540,,,,,
12665,08/20/25 06:00:00,29.540,,,,,
12666,08/20/25 06:15:00,29.540,,,,,
12667,08/20/25 06:30:00,29.540,,,,,
12668,08/20/25 06:45:00,29.540,,,,,
12669,08/20/25 07:00:00,29.540,,,,,
12670,08/20/25 07:15:00,29.565,,,,,
12671,08/20/25 07:30:00,29.565,,,,,
12672,08/20/25 07:45:00,29.565,,,,,
12673,08/20/25 08:00:00,29.590,,,,,
12674,08/20/25 08:15:00,29.590,,,,,
12675,08/20/25 08:30:00,29.590,,,,,
12676,08/20/25 08:45:00,29.590,,,,,
12677,08/20/25 09:00:00,29.590,,,,,
12678,08/20/25 09:15:00,29.590,,,,,
12679,08/20/25 09:30:00,29.590,,,,,
12680,08/20/25 09:45:00,29.615,,,,,
12681,08/20/25 10:00:00,29.615,,,,,
12682,08/20/25 10:15:00,29.590,,,,,
12683,08/20/25 10:30:00,29.615,,,,,
12684,08/20/25 10:45:00,29.615,,,,,
12685,08/20/25 11:00:00,29.615,,,,,
12686,08/20/25 11:15:00,29.615,,,,,
12687,08/20/25 11:30:00,29.640,,,,,
12688,08/20/25 11:45:00,29.665,,,,,
12689,08/20/25 12:00:00,29.640,,,,,
12690,08/20/25 12:15:00,29.640,,,,,
12691,08/20/25 12:30:00,29.665,,,,,
12692,08/20/25 12:45:00,29.690,,,,,
12693,08/20/25 13:00:00,29.690,,,,,
12694,08/20/25 13:15:00,29.715,,,,,
12695,08/20/25 13:30:00,29.715,,,,,
12696,08/20/25 13:45:00,29.715,,,,,
12697,08/20/25 14:00:00,29.690,,,,,
12698,08/20/25 14:15:00,29.690,,,,,
12699,08/20/25 14:30:00,29.715,,,,,
12700,08/20/25 14:45:00,29.715,,,,,
12701,08/20/25 15:00:00,29.715,,,,,
12702,08/20/25 15:15:00,29.715,,,,,
12703,08/20/25 15:30:00,29.690,,,,,
12704,08/20/25 15:45:00,29.665,,,,,
12705,08/20/25 16:00:00,29.640,,,,,
12706,08/20/25 16:15:00,29.615,,,,,
12707,08/20/25 16:30:00,29.640,,,,,
12708,08/20/25 16:45:00,29.640,,,,,
12709,08/20/25 17:00:00,29.665,,,,,
12710,08/20/25 17:15:00,29.665,,,,,
12711,08/20/25 17:30:00,29.640,,,,,
12712,08/20/25 17:45:00,29.640,,,,,
12713,08/20/25 18:00:00,29.640,,,,,
12714,08/20/25 18:15:00,29.640,,,,,
12715,08/20/25 18:30:00,29.665,,,,,
12716,08/20/25 18:45:00,29.640,,,,,
12717,08/20/25 19:00:00,29.590,,,,,
12718,08/20/25 19:15:00,29.615,,,,,
12719,08/20/25 19:30:00,29.615,,,,,
12720,08/20/25 19:45:00,29.615,,,,,
12721,08/20/25 20:00:00,29.590,,,,,
12722,08/20/25 20:15:00,29.615,,,,,
12723,08/20/25 20:30:00,29.615,,,,,
12724,08/20/25 20:45:00,29.615,,,,,
12725,08/20/25 21:00:00,29.615,,,,,
12726,08/20/25 21:15:00,29.590,,,,,
12727,08/20/25 21:30:00,29.590,,,,,
12728,08/20/25 21:45:00,29.590,,,,,
12729,08/20/25 22:00:00,29.590,,,,,
12730,08/20/25 22:15:00,29.590,,,,,
12731,08/20/25 22:30:00,29.590,,,,,
12732,08/20/25 22:45:00,29.590,,,,,
12733,08/20/25 23:00:00,29.590,,,,,
12734,08/20/25 23:15:00,29.590,,,,,
12735,08/20/25 23:30:00,29.540,,,,,
12736,08/20/25 23:45:00,29.515,,,,,
12737,08/21/25 00:00:00,29.515,,,,,
12738,08/21/25 00:15:00,29.515,,,,,
12739,08/21/25 00:30:00,29.540,,,,,
12740,08/21/25 00:45:00,29.540,,,,,
12741,08/21/25 01:00:00,29.565,,,,,
12742,08/21/25 01:15:00,29.565,,,,,
12743,08/21/25 01:30:00,29.565,,,,,
12744,08/21/25 01:45:00,29.565,,,,,
12745,08/21/25 02:00:00,29.565,,,,,
12746,08/21/25 02:15:00,29.565,,,,,
12747,08/21/25 02:30:00,29.565,,,,,
12748,08/21/25 02:45:00,29.540,,,,,
12749,08/21/25 03:00:00,29.515,,,,,
12750,08/21/25 03:15:00,29.439,,,,,
12751,08/21/25 03:30:00,29.414,,,,,
12752,08/21/25 03:45:00,29.389,,,,,
12753,08/21/25 04:00:00,29.389,,,,,
12754,08/21/25 04:15:00,29.389,,,,,
12755,08/21/25 04:30:00,29.389,,,,,
12756,08/21/25 04:45:00,29.414,,,,,
12757,08/21/25 05:00:00,29.414,,,,,
12758,08/21/25 05:15:00,29.414,,,,,
12759,08/21/25 05:30:00,29.414,,,,,
12760,08/21/25 05:45:00,29.414,,,,,
12761,08/21/25 06:00:00,29.414,,,,,
12762,08/21/25 06:15:00,29.414,,,,,
12763,08/21/25 06:30:00,29.414,,,,,
12764,08/21/25 06:45:00,29.414,,,,,
12765,08/21/25 07:00:00,29.439,,,,,
12766,08/21/25 07:15:00,29.439,,,,,
12767,08/21/25 07:30:00,29.439,,,,,
12768,08/21/25 07:45:00,29.464,,,,,
12769,08/21/25 08:00:00,29.464,,,,,
12770,08/21/25 08:15:00,29.464,,,,,
12771,08/21/25 08:30:00,29.490,,,,,
12772,08/21/25 08:45:00,29.490,,,,,
12773,08/21/25 09:00:00,29.515,,,,,
12774,08/21/25 09:15:00,29.515,,,,,
12775,08/21/25 09:30:00,29.515,,,,,
12776,08/21/25 09:45:00,29.515,,,,,
12777,08/21/25 10:00:00,29.540,,,,,
12778,08/21/25 10:15:00,29.565,,,,,
12779,08/21/25 10:30:00,29.590,,,,,
12780,08/21/25 10:45:00,29.590,,,,,
12781,08/21/25 11:00:00,29.590,,,,,
12782,08/21/25 11:15:00,29.615,,,,,
12783,08/21/25 11:30:00,29.615,,,,,
12784,08/21/25 11:45:00,29.615,,,,,
12785,08/21/25 12:00:00,29.640,,,,,
12786,08/21/25 12:15:00,29.640,,,,,
12787,08/21/25 12:30:00,29.665,,,,,
12788,08/21/25 12:45:00,29.665,,,,,
12789,08/21/25 13:00:00,29.665,,,,,
12790,08/21/25 13:15:00,29.665,,,,,
12791,08/21/25 13:30:00,29.690,,,,,
12792,08/21/25 13:45:00,29.690,,,,,
12793,08/21/25 14:00:00,29.690,,,,,
12794,08/21/25 14:15:00,29.690,,,,,
12795,08/21/25 14:30:00,29.715,,,,,
12796,08/21/25 14:45:00,29.715,,,,,
12797,08/21/25 15:00:00,29.715,,,,,
12798,08/21/25 15:15:00,29.690,,,,,
12799,08/21/25 15:30:00,29.690,,,,,
12800,08/21/25 15:45:00,29.690,,,,,
12801,08/21/25 16:00:00,29.715,,,,,
12802,08/21/25 16:15:00,29.740,,,,,
12803,08/21/25 16:30:00,29.765,,,,,
12804,08/21/25 16:45:00,29.740,,,,,
12805,08/21/25 17:00:00,29.740,,,,,
12806,08/21/25 17:15:00,29.715,,,,,
12807,08/21/25 17:30:00,29.715,,,,,
12808,08/21/25 17:45:00,29.715,,,,,
12809,08/21/25 18:00:00,29.640,,,,,
12810,08/21/25 18:15:00,29.540,,,,,
12811,08/21/25 18:30:00,29.515,,,,,
12812,08/21/25 18:45:00,29.540,,,,,
12813,08/21/25 19:00:00,29.540,,,,,
12814,08/21/25 19:15:00,29.515,,,,,
12815,08/21/25 19:30:00,29.464,,,,,
12816,08/21/25 19:45:00,29.464,,,,,
12817,08/21/25 20:00:00,29.439,,,,,
12818,08/21/25 20:15:00,29.439,,,,,
12819,08/21/25 20:30:00,29.439,,,,,
12820,08/21/25 20:45:00,29.439,,,,,
12821,08/21/25 21:00:00,29.464,,,,,
12822,08/21/25 21:15:00,29.464,,,,,
12823,08/21/25 21:30:00,29.490,,,,,
12824,08/21/25 21:45:00,29.490,,,,,
12825,08/21/25 22:00:00,29.515,,,,,
12826,08/21/25 22:15:00,29.515,,,,,
12827,08/21/25 22:30:00,29.515,,,,,
12828,08/21/25 22:45:00,29.515,,,,,
12829,08/21/25 23:00:00,29.540,,,,,
12830,08/21/25 23:15:00,29.565,,,,,
12831,08/21/25 23:30:00,29.565,,,,,
12832,08/21/25 23:45:00,29.565,,,,,
12833,08/22/25 00:00:00,29.540,,,,,
12834,08/22/25 00:15:00,29.565,,,,,
12835,08/22/25 00:30:00,29.540,,,,,
12836,08/22/25 00:45:00,29.540,,,,,
12837,08/22/25 01:00:00,29.540,,,,,
12838,08/22/25 01:15:00,29.515,,,,,
12839,08/22/25 01:30:00,29.515,,,,,
12840,08/22/25 01:45:00,29.515,,,,,
12841,08/22/25 02:00:00,29.515,,,,,
12842,08/22/25 02:15:00,29.515,,,,,
12843,08/22/25 02:30:00,29.515,,,,,
12844,08/22/25 02:45:00,29.515,,,,,
12845,08/22/25 03:00:00,29.515,,,,,
12846,08/22/25 03:15:00,29.515,,,,,
12847,08/22/25 03:30:00,29.515,,,,,
12848,08/22/25 03:45:00,29.515,,,,,
12849,08/22/25 04:00:00,29.490,,,,,
12850,08/22/25 04:15:00,29.490,,,,,
12851,08/22/25 04:30:00,29.490,,,,,
12852,08/22/25 04:45:00,29.515,,,,,
12853,08/22/25 05:00:00,29.515,,,,,
12854,08/22/25 05:15:00,29.515,,,,,
12855,08/22/25 05:30:00,29.515,,,,,
12856,08/22/25 05:45:00,29.490,,,,,
12857,08/22/25 06:00:00,29.490,,,,,
12858,08/22/25 06:15:00,29.464,,,,,
12859,08/22/25 06:30:00,29.464,,,,,
12860,08/22/25 06:45:00,29.464,,,,,
12861,08/22/25 07:00:00,29.464,,,,,
12862,08/22/25 07:15:00,29.464,,,,,
12863,08/22/25 07:30:00,29.464,,,,,
12864,08/22/25 07:45:00,29.490,,,,,
12865,08/22/25 08:00:00,29.490,,,,,
12866,08/22/25 08:15:00,29.490,,,,,
12867,08/22/25 08:30:00,29.490,,,,,
12868,08/22/25 08:45:00,29.490,,,,,
12869,08/22/25 09:00:00,29.490,,,,,
12870,08/22/25 09:15:00,29.515,,,,,
12871,08/22/25 09:30:00,29.515,,,,,
12872,08/22/25 09:45:00,29.540,,,,,
12873,08/22/25 10:00:00,29.540,,,,,
12874,08/22/25 10:15:00,29.565,,,,,
12875,08/22/25 10:30:00,29.565,,,,,
12876,08/22/25 10:45:00,29.590,,,,,
12877,08/22/25 11:00:00,29.615,,,,,
12878,08/22/25 11:15:00,29.615,,,,,
12879,08/22/25 11:30:00,29.640,,,,,
12880,08/22/25 11:45:00,29.665,,,,,
12881,08/22/25 12:00:00,29.665,,,,,
12882,08/22/25 12:15:00,29.690,,,,,
12883,08/22/25 12:30:00,29.715,,,,,
12884,08/22/25 12:45:00,29.715,,,,,
12885,08/22/25 13:00:00,29.740,,,,,
12886,08/22/25 13:15:00,29.765,,,,,
12887,08/22/25 13:30:00,29.765,,,,,
12888,08/22/25 13:45:00,29.765,,,,,
12889,08/22/25 14:00:00,29.790,,,,,
12890,08/22/25 14:15:00,29.790,,,,,
12891,08/22/25 14:30:00,29.790,,,,,
12892,08/22/25 14:45:00,29.815,,,,,
12893,08/22/25 15:00:00,29.840,,,,,
12894,08/22/25 15:15:00,29.815,,,,,
12895,08/22/25 15:30:00,29.840,,,,,
12896,08/22/25 15:45:00,29.815,,,,,
12897,08/22/25 16:00:00,29.815,,,,,
12898,08/22/25 16:15:00,29.815,,,,,
12899,08/22/25 16:30:00,29.840,,,,,
12900,08/22/25 16:45:00,29.840,,,,,
12901,08/22/25 17:00:00,29.840,,,,,
12902,08/22/25 17:15:00,29.840,,,,,
12903,08/22/25 17:30:00,29.840,,,,,
12904,08/22/25 17:45:00,29.840,,,,,
12905,08/22/25 18:00:00,29.815,,,,,
12906,08/22/25 18:15:00,29.790,,,,,
12907,08/22/25 18:30:00,29.790,,,,,
12908,08/22/25 18:45:00,29.765,,,,,
12909,08/22/25 19:00:00,29.765,,,,,
12910,08/22/25 19:15:00,29.765,,,,,
12911,08/22/25 19:30:00,29.765,,,,,
12912,08/22/25 19:45:00,29.765,,,,,
12913,08/22/25 20:00:00,29.765,,,,,
12914,08/22/25 20:15:00,29.765,,,,,
12915,08/22/25 20:30:00,29.765,,,,,
12916,08/22/25 20:45:00,29.765,,,,,
12917,08/22/25 21:00:00,29.740,,,,,
12918,08/22/25 21:15:00,29.740,,,,,
12919,08/22/25 21:30:00,29.740,,,,,
12920,08/22/25 21:45:00,29.740,,,,,
12921,08/22/25 22:00:00,29.740,,,,,
12922,08/22/25 22:15:00,29.740,,,,,
12923,08/22/25 22:30:00,29.765,,,,,
12924,08/22/25 22:45:00,29.765,,,,,
12925,08/22/25 23:00:00,29.765,,,,,
12926,08/22/25 23:15:00,29.765,,,,,
12927,08/22/25 23:30:00,29.765,,,,,
12928,08/22/25 23:45:00,29.765,,,,,
12929,08/23/25 00:00:00,29.765,,,,,
12930,08/23/25 00:15:00,29.765,,,,,
12931,08/23/25 00:30:00,29.765,,,,,
12932,08/23/25 00:45:00,29.765,,,,,
12933,08/23/25 01:00:00,29.765,,,,,
12934,08/23/25 01:15:00,29.765,,,,,
12935,08/23/25 01:30:00,29.765,,,,,
12936,08/23/25 01:45:00,29.765,,,,,
12937,08/23/25 02:00:00,29.765,,,,,
12938,08/23/25 02:15:00,29.765,,,,,
12939,08/23/25 02:30:00,29.765,,,,,
12940,08/23/25 02:45:00,29.765,,,,,
12941,08/23/25 03:00:00,29.715,,,,,
12942,08/23/25 03:15:00,29.665,,,,,
12943,08/23/25 03:30:00,29.640,,,,,
12944,08/23/25 03:45:00,29.640,,,,,
12945,08/23/25 04:00:00,29.640,,,,,
12946,08/23/25 04:15:00,29.640,,,,,
12947,08/23/25 04:30:00,29.640,,,,,
12948,08/23/25 04:45:00,29.640,,,,,
12949,08/23/25 05:00:00,29.640,,,,,
12950,08/23/25 05:15:00,29.640,,,,,
12951,08/23/25 05:30:00,29.640,,,,,
12952,08/23/25 05:45:00,29.640,,,,,
12953,08/23/25 06:00:00,29.640,,,,,
12954,08/23/25 06:15:00,29.640,,,,,
12955,08/23/25 06:30:00,29.640,,,,,
12956,08/23/25 06:45:00,29.640,,,,,
12957,08/23/25 07:00:00,29.640,,,,,
12958,08/23/25 07:15:00,29.665,,,,,
12959,08/23/25 07:30:00,29.665,,,,,
12960,08/23/25 07:45:00,29.665,,,,,
12961,08/23/25 08:00:00,29.665,,,,,
12962,08/23/25 08:15:00,29.665,,,,,
12963,08/23/25 08:30:00,29.665,,,,,
12964,08/23/25 08:45:00,29.690,,,,,
12965,08/23/25 09:00:00,29.690,,,,,
12966,08/23/25 09:15:00,29.715,,,,,
12967,08/23/25 09:30:00,29.715,,,,,
12968,08/23/25 09:45:00,29.715,,,,,
12969,08/23/25 10:00:00,29.740,,,,,
12970,08/23/25 10:15:00,29.765,,,,,
12971,08/23/25 10:30:00,29.765,,,,,
12972,08/23/25 10:45:00,29.765,,,,,
12973,08/23/25 11:00:00,29.790,,,,,
12974,08/23/25 11:15:00,29.790,,,,,
12975,08/23/25 11:30:00,29.815,,,,,
12976,08/23/25 11:45:00,29.815,,,,,
12977,08/23/25 12:00:00,29.815,,,,,
12978,08/23/25 12:15:00,29.840,,,,,
12979,08/23/25 12:30:00,29.840,,,,,
12980,08/23/25 12:45:00,29.815,,,,,
12981,08/23/25 13:00:00,29.765,,,,,
12982,08/23/25 13:15:00,29.715,,,,,
12983,08/23/25 13:30:00,29.640,,,,,
12984,08/23/25 13:45:00,29.615,,,,,
12985,08/23/25 14:00:00,29.640,,,,,
12986,08/23/25 14:15:00,29.665,,,,,
12987,08/23/25 14:30:00,29.665,,,,,
12988,08/23/25 14:45:00,29.690,,,,,
12989,08/23/25 15:00:00,29.715,,,,,
12990,08/23/25 15:15:00,29.715,,,,,
12991,08/23/25 15:30:00,29.765,,,,,
12992,08/23/25 15:45:00,29.840,,,,,
12993,08/23/25 16:00:00,29.865,,,,,
12994,08/23/25 16:15:00,29.916,,,,,
12995,08/23/25 16:30:00,29.991,,,,,
12996,08/23/25 16:45:00,30.041,,,,,
12997,08/23/25 17:00:00,30.041,,,,,
12998,08/23/25 17:15:00,30.066,,,,,
12999,08/23/25 17:30:00,30.041,,,,,
13000,08/23/25 17:45:00,30.041,,,,,
13001,08/23/25 18:00:00,30.041,,,,,
13002,08/23/25 18:15:00,30.066,,,,,
13003,08/23/25 18:30:00,30.066,,,,,
13004,08/23/25 18:45:00,30.041,,,,,
13005,08/23/25 19:00:00,30.041,,,,,
13006,08/23/25 19:15:00,30.016,,,,,
13007,08/23/25 19:30:00,30.016,,,,,
13008,08/23/25 19:45:00,30.016,,,,,
13009,08/23/25 20:00:00,30.016,,,,,
13010,08/23/25 20:15:00,29.991,,,,,
13011,08/23/25 20:30:00,29.966,,,,,
13012,08/23/25 20:45:00,29.941,,,,,
13013,08/23/25 21:00:00,29.916,,,,,
13014,08/23/25 21:15:00,29.916,,,,,
13015,08/23/25 21:30:00,29.916,,,,,
13016,08/23/25 21:45:00,29.916,,,,,
13017,08/23/25 22:00:00,29.890,,,,,
13018,08/23/25 22:15:00,29.890,,,,,
13019,08/23/25 22:30:00,29.865,,,,,
13020,08/23/25 22:45:00,29.865,,,,,
13021,08/23/25 23:00:00,29.865,,,,,
13022,08/23/25 23:15:00,29.840,,,,,
13023,08/23/25 23:30:00,29.840,,,,,
13024,08/23/25 23:45:00,29.840,,,,,
13025,08/24/25 00:00:00,29.840,,,,,
13026,08/24/25 00:15:00,29.840,,,,,
13027,08/24/25 00:30:00,29.840,,,,,
13028,08/24/25 00:45:00,29.840,,,,,
13029,08/24/25 01:00:00,29.815,,,,,
13030,08/24/25 01:15:00,29.815,,,,,
13031,08/24/25 01:30:00,29.815,,,,,
13032,08/24/25 01:45:00,29.815,,,,,
13033,08/24/25 02:00:00,29.815,,,,,
13034,08/24/25 02:15:00,29.815,,,,,
13035,08/24/25 02:30:00,29.815,,,,,
13036,08/24/25 02:45:00,29.790,,,,,
13037,08/24/25 03:00:00,29.790,,,,,
13038,08/24/25 03:15:00,29.790,,,,,
13039,08/24/25 03:30:00,29.790,,,,,
13040,08/24/25 03:45:00,29.790,,,,,
13041,08/24/25 04:00:00,29.790,,,,,
13042,08/24/25 04:15:00,29.790,,,,,
13043,08/24/25 04:30:00,29.790,,,,,
13044,08/24/25 04:45:00,29.790,,,,,
13045,08/24/25 05:00:00,29.815,,,,,
13046,08/24/25 05:15:00,29.815,,,,,
13047,08/24/25 05:30:00,29.815,,,,,
13048,08/24/25 05:45:00,29.815,,,,,
13049,08/24/25 06:00:00,29.815,,,,,
13050,08/24/25 06:15:00,29.815,,,,,
13051,08/24/25 06:30:00,29.790,,,,,
13052,08/24/25 06:45:00,29.790,,,,,
13053,08/24/25 07:00:00,29.790,,,,,
13054,08/24/25 07:15:00,29.765,,,,,
13055,08/24/25 07:30:00,29.765,,,,,
13056,08/24/25 07:45:00,29.765,,,,,
13057,08/24/25 08:00:00,29.740,,,,,
13058,08/24/25 08:15:00,29.740,,,,,
13059,08/24/25 08:30:00,29.765,,,,,
13060,08/24/25 08:45:00,29.765,,,,,
13061,08/24/25 09:00:00,29.765,,,,,
13062,08/24/25 09:15:00,29.765,,,,,
13063,08/24/25 09:30:00,29.765,,,,,
13064,08/24/25 09:45:00,29.765,,,,,
13065,08/24/25 10:00:00,29.765,,,,,
13066,08/24/25 10:15:00,29.790,,,,,
13067,08/24/25 10:30:00,29.815,,,,,
13068,08/24/25 10:45:00,29.815,,,,,
13069,08/24/25 11:00:00,29.815,,,,,
13070,08/24/25 11:15:00,29.815,,,,,
13071,08/24/25 11:30:00,29.840,,,,,
13072,08/24/25 11:45:00,29.865,,,,,
13073,08/24/25 12:00:00,29.890,,,,,
13074,08/24/25 12:15:00,29.916,,,,,
13075,08/24/25 12:30:00,29.941,,,,,
13076,08/24/25 12:45:00,29.941,,,,,
13077,08/24/25 13:00:00,29.966,,,,,
13078,08/24/25 13:15:00,29.991,,,,,
13079,08/24/25 13:30:00,29.941,,,,,
13080,08/24/25 13:45:00,29.916,,,,,
13081,08/24/25 14:00:00,29.941,,,,,
13082,08/24/25 14:15:00,29.941,,,,,
13083,08/24/25 14:30:00,29.966,,,,,
13084,08/24/25 14:45:00,29.991,,,,,
13085,08/24/25 15:00:00,30.016,,,,,
13086,08/24/25 15:15:00,30.016,,,,,
13087,08/24/25 15:30:00,30.041,,,,,
13088,08/24/25 15:45:00,30.066,,,,,
13089,08/24/25 16:00:00,30.016,,,,,
13090,08/24/25 16:15:00,29.916,,,,,
13091,08/24/25 16:30:00,29.890,,,,,
13092,08/24/25 16:45:00,29.865,,,,,
13093,08/24/25 17:00:00,29.865,,,,,
13094,08/24/25 17:15:00,29.840,,,,,
13095,08/24/25 17:30:00,29.815,,,,,
13096,08/24/25 17:45:00,29.765,,,,,
13097,08/24/25 18:00:00,29.715,,,,,
13098,08/24/25 18:15:00,29.715,,,,,
13099,08/24/25 18:30:00,29.690,,,,,
13100,08/24/25 18:45:00,29.665,,,,,
13101,08/24/25 19:00:00,29.665,,,,,
13102,08/24/25 19:15:00,29.615,,,,,
13103,08/24/25 19:30:00,29.615,,,,,
13104,08/24/25 19:45:00,29.590,,,,,
13105,08/24/25 20:00:00,29.565,,,,,
13106,08/24/25 20:15:00,29.565,,,,,
13107,08/24/25 20:30:00,29.565,,,,,
13108,08/24/25 20:45:00,29.565,,,,,
13109,08/24/25 21:00:00,29.565,,,,,
13110,08/24/25 21:15:00,29.565,,,,,
13111,08/24/25 21:30:00,29.565,,,,,
13112,08/24/25 21:45:00,29.565,,,,,
13113,08/24/25 22:00:00,29.565,,,,,
13114,08/24/25 22:15:00,29.565,,,,,
13115,08/24/25 22:30:00,29.565,,,,,
13116,08/24/25 22:45:00,29.590,,,,,
13117,08/24/25 23:00:00,29.590,,,,,
13118,08/24/25 23:15:00,29.615,,,,,
13119,08/24/25 23:30:00,29.640,,,,,
13120,08/24/25 23:45:00,29.640,,,,,
13121,08/25/25 00:00:00,29.640,,,,,
13122,08/25/25 00:15:00,29.640,,,,,
13123,08/25/25 00:30:00,29.665,,,,,
13124,08/25/25 00:45:00,29.665,,,,,
13125,08/25/25 01:00:00,29.665,,,,,
13126,08/25/25 01:15:00,29.665,,,,,
13127,08/25/25 01:30:00,29.665,,,,,
13128,08/25/25 01:45:00,29.615,,,,,
13129,08/25/25 02:00:00,29.615,,,,,
13130,08/25/25 02:15:00,29.590,,,,,
13131,08/25/25 02:30:00,29.590,,,,,
13132,08/25/25 02:45:00,29.590,,,,,
13133,08/25/25 03:00:00,29.590,,,,,
13134,08/25/25 03:15:00,29.590,,,,,
13135,08/25/25 03:30:00,29.590,,,,,
13136,08/25/25 03:45:00,29.590,,,,,
13137,08/25/25 04:00:00,29.590,,,,,
13138,08/25/25 04:15:00,29.590,,,,,
13139,08/25/25 04:30:00,29.590,,,,,
13140,08/25/25 04:45:00,29.615,,,,,
13141,08/25/25 05:00:00,29.615,,,,,
13142,08/25/25 05:15:00,29.615,,,,,
13143,08/25/25 05:30:00,29.590,,,,,
13144,08/25/25 05:45:00,29.590,,,,,
13145,08/25/25 06:00:00,29.615,,,,,
13146,08/25/25 06:15:00,29.615,,,,,
13147,08/25/25 06:30:00,29.615,,,,,
13148,08/25/25 06:45:00,29.615,,,,,
13149,08/25/25 07:00:00,29.590,,,,,
13150,08/25/25 07:15:00,29.615,,,,,
13151,08/25/25 07:30:00,29.615,,,,,
13152,08/25/25 07:45:00,29.615,,,,,
13153,08/25/25 08:00:00,29.615,,,,,
13154,08/25/25 08:15:00,29.640,,,,,
13155,08/25/25 08:30:00,29.615,,,,,
13156,08/25/25 08:45:00,29.640,,,,,
13157,08/25/25 09:00:00,29.640,,,,,
13158,08/25/25 09:15:00,29.640,,,,,
13159,08/25/25 09:30:00,29.665,,,,,
13160,08/25/25 09:45:00,29.665,,,,,
13161,08/25/25 10:00:00,29.665,,,,,
13162,08/25/25 10:15:00,29.665,,,,,
13163,08/25/25 10:30:00,29.690,,,,,
13164,08/25/25 10:45:00,29.715,,,,,
13165,08/25/25 11:00:00,29.715,,,,,
13166,08/25/25 11:15:00,29.715,,,,,
13167,08/25/25 11:30:00,29.715,,,,,
13168,08/25/25 11:45:00,29.740,,,,,
13169,08/25/25 12:00:00,29.740,,,,,
13170,08/25/25 12:15:00,29.740,,,,,
13171,08/25/25 12:30:00,29.740,,,,,
13172,08/25/25 12:45:00,29.765,,,,,
13173,08/25/25 13:00:00,29.765,,,,,
13174,08/25/25 13:15:00,29.765,,,,,
13175,08/25/25 13:30:00,29.765,,,,,
13176,08/25/25 13:45:00,29.765,,,,,
13177,08/25/25 14:00:00,29.790,,,,,
13178,08/25/25 14:15:00,29.790,,,,,
13179,08/25/25 14:30:00,29.790,,,,,
13180,08/25/25 14:45:00,29.790,,,,,
13181,08/25/25 15:00:00,29.790,,,,,
13182,08/25/25 15:15:00,29.790,,,,,
13183,08/25/25 15:30:00,29.790,,,,,
13184,08/25/25 15:45:00,29.790,,,,,
13185,08/25/25 16:00:00,29.790,,,,,
13186,08/25/25 16:15:00,29.790,,,,,
13187,08/25/25 16:30:00,29.790,,,,,
13188,08/25/25 16:45:00,29.790,,,,,
13189,08/25/25 17:00:00,29.765,,,,,
13190,08/25/25 17:15:00,29.790,,,,,
13191,08/25/25 17:30:00,29.790,,,,,
13192,08/25/25 17:45:00,29.815,,,,,
13193,08/25/25 18:00:00,29.815,,,,,
13194,08/25/25 18:15:00,29.865,,,,,
13195,08/25/25 18:30:00,29.941,,,,,
13196,08/25/25 18:45:00,29.941,,,,,
13197,08/25/25 19:00:00,29.916,,,,,
13198,08/25/25 19:15:00,29.916,,,,,
13199,08/25/25 19:30:00,29.916,,,,,
13200,08/25/25 19:45:00,29.916,,,,,
13201,08/25/25 20:00:00,29.890,,,,,
13202,08/25/25 20:15:00,29.890,,,,,
13203,08/25/25 20:30:00,29.865,,,,,
13204,08/25/25 20:45:00,29.840,,,,,
13205,08/25/25 21:00:00,29.840,,,,,
13206,08/25/25 21:15:00,29.840,,,,,
13207,08/25/25 21:30:00,29.840,,,,,
13208,08/25/25 21:45:00,29.840,,,,,
13209,08/25/25 22:00:00,29.840,,,,,
13210,08/25/25 22:15:00,29.840,,,,,
13211,08/25/25 22:30:00,29.840,,,,,
13212,08/25/25 22:45:00,29.840,,,,,
13213,08/25/25 23:00:00,29.840,,,,,
13214,08/25/25 23:15:00,29.840,,,,,
13215,08/25/25 23:30:00,29.815,,,,,
13216,08/25/25 23:45:00,29.840,,,,,
13217,08/26/25 00:00:00,29.865,,,,,
13218,08/26/25 00:15:00,29.865,,,,,
13219,08/26/25 00:30:00,29.840,,,,,
13220,08/26/25 00:45:00,29.865,,,,,
13221,08/26/25 01:00:00,29.865,,,,,
13222,08/26/25 01:15:00,29.865,,,,,
13223,08/26/25 01:30:00,29.865,,,,,
13224,08/26/25 01:45:00,29.865,,,,,
13225,08/26/25 02:00:00,29.840,,,,,
13226,08/26/25 02:15:00,29.840,,,,,
13227,08/26/25 02:30:00,29.840,,,,,
13228,08/26/25 02:45:00,29.840,,,,,
13229,08/26/25 03:00:00,29.840,,,,,
13230,08/26/25 03:15:00,29.840,,,,,
13231,08/26/25 03:30:00,29.840,,,,,
13232,08/26/25 03:45:00,29.840,,,,,
13233,08/26/25 04:00:00,29.815,,,,,
13234,08/26/25 04:15:00,29.715,,,,,
13235,08/26/25 04:30:00,29.715,,,,,
13236,08/26/25 04:45:00,29.715,,,,,
13237,08/26/25 05:00:00,29.715,,,,,
13238,08/26/25 05:15:00,29.740,,,,,
13239,08/26/25 05:30:00,29.740,,,,,
13240,08/26/25 05:45:00,29.765,,,,,
13241,08/26/25 06:00:00,29.765,,,,,
13242,08/26/25 06:15:00,29.765,,,,,
13243,08/26/25 06:30:00,29.790,,,,,
13244,08/26/25 06:45:00,29.790,,,,,
13245,08/26/25 07:00:00,29.815,,,,,
13246,08/26/25 07:15:00,29.815,,,,,
13247,08/26/25 07:30:00,29.815,,,,,
13248,08/26/25 07:45:00,29.815,,,,,
13249,08/26/25 08:00:00,29.815,,,,,
13250,08/26/25 08:15:00,29.815,,,,,
13251,08/26/25 08:30:00,29.790,,,,,
13252,08/26/25 08:45:00,29.790,,,,,
13253,08/26/25 09:00:00,29.815,,,,,
13254,08/26/25 09:15:00,29.790,,,,,
13255,08/26/25 09:30:00,29.740,,,,,
13256,08/26/25 09:45:00,29.765,,,,,
13257,08/26/25 10:00:00,29.765,,,,,
13258,08/26/25 10:15:00,29.765,,,,,
13259,08/26/25 10:30:00,29.765,,,,,
13260,08/26/25 10:45:00,29.765,,,,,
13261,08/26/25 11:00:00,29.765,,,,,
13262,08/26/25 11:15:00,29.790,,,,,
13263,08/26/25 11:30:00,29.790,,,,,
13264,08/26/25 11:45:00,29.815,,,,,
13265,08/26/25 12:00:00,29.815,,,,,
13266,08/26/25 12:15:00,29.815,,,,,
13267,08/26/25 12:30:00,29.815,,,,,
13268,08/26/25 12:45:00,29.815,,,,,
13269,08/26/25 13:00:00,29.815,,,,,
13270,08/26/25 13:15:00,29.790,,,,,
13271,08/26/25 13:30:00,29.790,,,,,
13272,08/26/25 13:45:00,29.815,,,,,
13273,08/26/25 14:00:00,29.815,,,,,
13274,08/26/25 14:15:00,29.815,,,,,
13275,08/26/25 14:30:00,29.840,,,,,
13276,08/26/25 14:45:00,29.865,,,,,
13277,08/26/25 15:00:00,29.916,,,,,
13278,08/26/25 15:15:00,29.941,,,,,
13279,08/26/25 15:30:00,29.941,,,,,
13280,08/26/25 15:45:00,29.941,,,,,
13281,08/26/25 16:00:00,29.916,,,,,
13282,08/26/25 16:15:00,29.890,,,,,
13283,08/26/25 16:30:00,29.865,,,,,
13284,08/26/25 16:45:00,29.865,,,,,
13285,08/26/25 17:00:00,29.840,,,,,
13286,08/26/25 17:15:00,29.840,,,,,
13287,08/26/25 17:30:00,29.840,,,,,
13288,08/26/25 17:45:00,29.840,,,,,
13289,08/26/25 18:00:00,29.840,,,,,
13290,08/26/25 18:15:00,29.840,,,,,
13291,08/26/25 18:30:00,29.840,,,,,
13292,08/26/25 18:45:00,29.840,,,,,
13293,08/26/25 19:00:00,29.840,,,,,
13294,08/26/25 19:15:00,29.815,,,,,
13295,08/26/25 19:30:00,29.815,,,,,
13296,08/26/25 19:45:00,29.815,,,,,
13297,08/26/25 20:00:00,29.815,,,,,
13298,08/26/25 20:15:00,29.815,,,,,
13299,08/26/25 20:30:00,29.815,,,,,
13300,08/26/25 20:45:00,29.815,,,,,
13301,08/26/25 21:00:00,29.815,,,,,
13302,08/26/25 21:15:00,29.815,,,,,
13303,08/26/25 21:30:00,29.815,,,,,
13304,08/26/25 21:45:00,29.815,,,,,
13305,08/26/25 22:00:00,29.815,,,,,
13306,08/26/25 22:15:00,29.815,,,,,
13307,08/26/25 22:30:00,29.815,,,,,
13308,08/26/25 22:45:00,29.840,,,,,
13309,08/26/25 23:00:00,29.840,,,,,
13310,08/26/25 23:15:00,29.840,,,,,
13311,08/26/25 23:30:00,29.815,,,,,
13312,08/26/25 23:45:00,29.815,,,,,
13313,08/27/25 00:00:00,29.815,,,,,
13314,08/27/25 00:15:00,29.815,,,,,
13315,08/27/25 00:30:00,29.815,,,,,
13316,08/27/25 00:45:00,29.790,,,,,
13317,08/27/25 01:00:00,29.790,,,,,
13318,08/27/25 01:15:00,29.790,,,,,
13319,08/27/25 01:30:00,29.790,,,,,
13320,08/27/25 01:45:00,29.790,,,,,
13321,08/27/25 02:00:00,29.790,,,,,
13322,08/27/25 02:15:00,29.790,,,,,
13323,08/27/25 02:30:00,29.790,,,,,
13324,08/27/25 02:45:00,29.765,,,,,
13325,08/27/25 03:00:00,29.765,,,,,
13326,08/27/25 03:15:00,29.765,,,,,
13327,08/27/25 03:30:00,29.765,,,,,
13328,08/27/25 03:45:00,29.740,,,,,
13329,08/27/25 04:00:00,29.740,,,,,
13330,08/27/25 04:15:00,29.715,,,,,
13331,08/27/25 04:30:00,29.665,,,,,
13332,08/27/25 04:45:00,29.615,,,,,
13333,08/27/25 05:00:00,29.590,,,,,
13334,08/27/25 05:15:00,29.590,,,,,
13335,08/27/25 05:30:00,29.615,,,,,
13336,08/27/25 05:45:00,29.590,,,,,
13337,08/27/25 06:00:00,29.590,,,,,
13338,08/27/25 06:15:00,29.590,,,,,
13339,08/27/25 06:30:00,29.590,,,,,
13340,08/27/25 06:45:00,29.590,,,,,
13341,08/27/25 07:00:00,29.640,,,,,
13342,08/27/25 07:15:00,29.715,,,,,
13343,08/27/25 07:30:00,29.740,,,,,
13344,08/27/25 07:45:00,29.765,,,,,
13345,08/27/25 08:00:00,29.765,,,,,
13346,08/27/25 08:15:00,29.765,,,,,
13347,08/27/25 08:30:00,29.790,,,,,
13348,08/27/25 08:45:00,29.790,,,,,
13349,08/27/25 09:00:00,29.790,,,,,
13350,08/27/25 09:15:00,29.790,,,,,
13351,08/27/25 09:30:00,29.790,,,,,
13352,08/27/25 09:45:00,29.815,,,,,
13353,08/27/25 10:00:00,29.815,,,,,
13354,08/27/25 10:15:00,29.815,,,,,
13355,08/27/25 10:30:00,29.815,,,,,
13356,08/27/25 10:45:00,29.840,,,,,
13357,08/27/25 11:00:00,29.840,,,,,
13358,08/27/25 11:15:00,29.840,,,,,
13359,08/27/25 11:30:00,29.840,,,,,
13360,08/27/25 11:45:00,29.865,,,,,
13361,08/27/25 12:00:00,29.865,,,,,
13362,08/27/25 12:15:00,29.865,,,,,
13363,08/27/25 12:30:00,29.890,,,,,
13364,08/27/25 12:45:00,29.916,,,,,
13365,08/27/25 13:00:00,29.916,,,,,
13366,08/27/25 13:15:00,29.916,,,,,
13367,08/27/25 13:30:00,29.916,,,,,
13368,08/27/25 13:45:00,29.941,,,,,
13369,08/27/25 14:00:00,29.916,,,,,
13370,08/27/25 14:15:00,29.916,,,,,
13371,08/27/25 14:30:00,29.916,,,,,
13372,08/27/25 14:45:00,29.890,,,,,
13373,08/27/25 15:00:00,29.890,,,,,
13374,08/27/25 15:15:00,29.865,,,,,
13375,08/27/25 15:30:00,29.865,,,,,
13376,08/27/25 15:45:00,29.840,,,,,
13377,08/27/25 16:00:00,29.840,,,,,
13378,08/27/25 16:15:00,29.840,,,,,
13379,08/27/25 16:30:00,29.840,,,,,
13380,08/27/25 16:45:00,29.840,,,,,
13381,08/27/25 17:00:00,29.840,,,,,
13382,08/27/25 17:15:00,29.865,,,,,
13383,08/27/25 17:30:00,29.865,,,,,
13384,08/27/25 17:45:00,29.865,,,,,
13385,08/27/25 18:00:00,29.865,,,,,
13386,08/27/25 18:15:00,29.865,,,,,
13387,08/27/25 18:30:00,29.865,,,,,
13388,08/27/25 18:45:00,29.865,,,,,
13389,08/27/25 19:00:00,29.840,,,,,
13390,08/27/25 19:15:00,29.840,,,,,
13391,08/27/25 19:30:00,29.840,,,,,
13392,08/27/25 19:45:00,29.840,,,,,
13393,08/27/25 20:00:00,29.840,,,,,
13394,08/27/25 20:15:00,29.840,,,,,
13395,08/27/25 20:30:00,29.840,,,,,
13396,08/27/25 20:45:00,29.840,,,,,
13397,08/27/25 21:00:00,29.840,,,,,
13398,08/27/25 21:15:00,29.865,,,,,
13399,08/27/25 21:30:00,29.865,,,,,
13400,08/27/25 21:45:00,29.865,,,,,
13401,08/27/25 22:00:00,29.865,,,,,
13402,08/27/25 22:15:00,29.865,,,,,
13403,08/27/25 22:30:00,29.865,,,,,
13404,08/27/25 22:45:00,29.865,,,,,
13405,08/27/25 23:00:00,29.840,,,,,
13406,08/27/25 23:15:00,29.840,,,,,
13407,08/27/25 23:30:00,29.840,,,,,
13408,08/27/25 23:45:00,29.815,,,,,
13409,08/28/25 00:00:00,29.840,,,,,
13410,08/28/25 00:15:00,29.840,,,,,
13411,08/28/25 00:30:00,29.840,,,,,
13412,08/28/25 00:45:00,29.815,,,,,
13413,08/28/25 01:00:00,29.815,,,,,
13414,08/28/25 01:15:00,29.790,,,,,
13415,08/28/25 01:30:00,29.765,,,,,
13416,08/28/25 01:45:00,29.765,,,,,
13417,08/28/25 02:00:00,29.765,,,,,
13418,08/28/25 02:15:00,29.765,,,,,
13419,08/28/25 02:30:00,29.765,,,,,
13420,08/28/25 02:45:00,29.765,,,,,
13421,08/28/25 03:00:00,29.765,,,,,
13422,08/28/25 03:15:00,29.765,,,,,
13423,08/28/25 03:30:00,29.765,,,,,
13424,08/28/25 03:45:00,29.765,,,,,
13425,08/28/25 04:00:00,29.790,,,,,
13426,08/28/25 04:15:00,29.765,,,,,
13427,08/28/25 04:30:00,29.765,,,,,
13428,08/28/25 04:45:00,29.765,,,,,
13429,08/28/25 05:00:00,29.765,,,,,
13430,08/28/25 05:15:00,29.740,,,,,
13431,08/28/25 05:30:00,29.740,,,,,
13432,08/28/25 05:45:00,29.690,,,,,
13433,08/28/25 06:00:00,29.665,,,,,
13434,08/28/25 06:15:00,29.640,,,,,
13435,08/28/25 06:30:00,29.615,,,,,
13436,08/28/25 06:45:00,29.615,,,,,
13437,08/28/25 07:00:00,29.615,,,,,
13438,08/28/25 07:15:00,29.615,,,,,
13439,08/28/25 07:30:00,29.615,,,,,
13440,08/28/25 07:45:00,29.640,,,,,
13441,08/28/25 08:00:00,29.665,,,,,
13442,08/28/25 08:15:00,29.665,,,,,
13443,08/28/25 08:30:00,29.715,,,,,
13444,08/28/25 08:45:00,29.715,,,,,
13445,08/28/25 09:00:00,29.740,,,,,
13446,08/28/25 09:15:00,29.765,,,,,
13447,08/28/25 09:30:00,29.765,,,,,
13448,08/28/25 09:45:00,29.765,,,,,
13449,08/28/25 10:00:00,29.765,,,,,
13450,08/28/25 10:15:00,29.765,,,,,
13451,08/28/25 10:30:00,29.765,,,,,
13452,08/28/25 10:45:00,29.765,,,,,
13453,08/28/25 11:00:00,29.790,,,,,
13454,08/28/25 11:15:00,29.790,,,,,
13455,08/28/25 11:30:00,29.790,,,,,
13456,08/28/25 11:45:00,29.790,,,,,
13457,08/28/25 12:00:00,29.815,,,,,
13458,08/28/25 12:15:00,29.815,,,,,
13459,08/28/25 12:30:00,29.840,,,,,
13460,08/28/25 12:45:00,29.865,,,,,
13461,08/28/25 13:00:00,29.865,,,,,
13462,08/28/25 13:15:00,29.890,,,,,
13463,08/28/25 13:30:00,29.916,,,,,
13464,08/28/25 13:45:00,29.916,,,,,
13465,08/28/25 14:00:00,29.916,,,,,
13466,08/28/25 14:15:00,29.916,,,,,
13467,08/28/25 14:30:00,29.916,,,,,
13468,08/28/25 14:45:00,29.916,,,,,
13469,08/28/25 15:00:00,29.916,,,,,
13470,08/28/25 15:15:00,29.916,,,,,
13471,08/28/25 15:30:00,29.916,,,,,
13472,08/28/25 15:45:00,29.916,,,,,
13473,08/28/25 16:00:00,29.916,,,,,
13474,08/28/25 16:15:00,29.890,,,,,
13475,08/28/25 16:30:00,29.865,,,,,
13476,08/28/25 16:45:00,29.865,,,,,
13477,08/28/25 17:00:00,29.865,,,,,
13478,08/28/25 17:15:00,29.865,,,,,
13479,08/28/25 17:30:00,29.865,,,,,
13480,08/28/25 17:45:00,29.865,,,,,
13481,08/28/25 18:00:00,29.865,,,,,
13482,08/28/25 18:15:00,29.865,,,,,
13483,08/28/25 18:30:00,29.840,,,,,
13484,08/28/25 18:45:00,29.840,,,,,
13485,08/28/25 19:00:00,29.840,,,,,
13486,08/28/25 19:15:00,29.815,,,,,
13487,08/28/25 19:30:00,29.815,,,,,
13488,08/28/25 19:45:00,29.815,,,,,
13489,08/28/25 20:00:00,29.815,,,,,
13490,08/28/25 20:15:00,29.815,,,,,
13491,08/28/25 20:30:00,29.815,,,,,
13492,08/28/25 20:45:00,29.790,,,,,
13493,08/28/25 21:00:00,29.790,,,,,
13494,08/28/25 21:15:00,29.790,,,,,
13495,08/28/25 21:30:00,29.790,,,,,
13496,08/28/25 21:45:00,29.790,,,,,
13497,08/28/25 22:00:00,29.790,,,,,
13498,08/28/25 22:15:00,29.790,,,,,
13499,08/28/25 22:30:00,29.790,,,,,
13500,08/28/25 22:45:00,29.790,,,,,
13501,08/28/25 23:00:00,29.790,,,,,
13502,08/28/25 23:15:00,29.790,,,,,
13503,08/28/25 23:30:00,29.790,,,,,
13504,08/28/25 23:45:00,29.790,,,,,
13505,08/29/25 00:00:00,29.790,,,,,
13506,08/29/25 00:15:00,29.790,,,,,
13507,08/29/25 00:30:00,29.790,,,,,
13508,08/29/25 00:45:00,29.790,,,,,
13509,08/29/25 01:00:00,29.790,,,,,
13510,08/29/25 01:15:00,29.790,,,,,
13511,08/29/25 01:30:00,29.790,,,,,
13512,08/29/25 01:45:00,29.790,,,,,
13513,08/29/25 02:00:00,29.790,,,,,
13514,08/29/25 02:15:00,29.790,,,,,
13515,08/29/25 02:30:00,29.790,,,,,
13516,08/29/25 02:45:00,29.790,,,,,
13517,08/29/25 03:00:00,29.790,,,,,
13518,08/29/25 03:15:00,29.790,,,,,
13519,08/29/25 03:30:00,29.765,,,,,
13520,08/29/25 03:45:00,29.765,,,,,
13521,08/29/25 04:00:00,29.715,,,,,
13522,08/29/25 04:15:00,29.715,,,,,
13523,08/29/25 04:30:00,29.715,,,,,
13524,08/29/25 04:45:00,29.715,,,,,
13525,08/29/25 05:00:00,29.715,,,,,
13526,08/29/25 05:15:00,29.715,,,,,
13527,08/29/25 05:30:00,29.715,,,,,
13528,08/29/25 05:45:00,29.690,,,,,
13529,08/29/25 06:00:00,29.690,,,,,
13530,08/29/25 06:15:00,29.690,,,,,
13531,08/29/25 06:30:00,29.690,,,,,
13532,08/29/25 06:45:00,29.690,,,,,
13533,08/29/25 07:00:00,29.690,,,,,
13534,08/29/25 07:15:00,29.690,,,,,
13535,08/29/25 07:30:00,29.665,,,,,
13536,08/29/25 07:45:00,29.640,,,,,
13537,08/29/25 08:00:00,29.615,,,,,
13538,08/29/25 08:15:00,29.615,,,,,
13539,08/29/25 08:30:00,29.615,,,,,
13540,08/29/25 08:45:00,29.640,,,,,
13541,08/29/25 09:00:00,29.690,,,,,
13542,08/29/25 09:15:00,29.740,,,,,
13543,08/29/25 09:30:00,29.765,,,,,
13544,08/29/25 09:45:00,29.765,,,,,
13545,08/29/25 10:00:00,29.790,,,,,
13546,08/29/25 10:15:00,29.815,,,,,
13547,08/29/25 10:30:00,29.815,,,,,
13548,08/29/25 10:45:00,29.840,,,,,
13549,08/29/25 11:00:00,29.840,,,,,
13550,08/29/25 11:15:00,29.840,,,,,
13551,08/29/25 11:30:00,29.840,,,,,
13552,08/29/25 11:45:00,29.815,,,,,
13553,08/29/25 12:00:00,29.840,,,,,
13554,08/29/25 12:15:00,29.890,,,,,
13555,08/29/25 12:30:00,29.865,,,,,
13556,08/29/25 12:45:00,29.890,,,,,
13557,08/29/25 13:00:00,29.865,,,,,
13558,08/29/25 13:15:00,29.865,,,,,
13559,08/29/25 13:30:00,29.865,,,,,
13560,08/29/25 13:45:00,29.865,,,,,
13561,08/29/25 14:00:00,29.865,,,,,
13562,08/29/25 14:15:00,29.865,,,,,
13563,08/29/25 14:30:00,29.865,,,,,
13564,08/29/25 14:45:00,29.840,,,,,
13565,08/29/25 15:00:00,29.865,,,,,
13566,08/29/25 15:15:00,29.865,,,,,
13567,08/29/25 15:30:00,29.865,,,,,
13568,08/29/25 15:45:00,29.890,,,,,
13569,08/29/25 16:00:00,29.865,,,,,
13570,08/29/25 16:15:00,29.865,,,,,
13571,08/29/25 16:30:00,29.865,,,,,
13572,08/29/25 16:45:00,29.865,,,,,
13573,08/29/25 17:00:00,29.890,,,,,
13574,08/29/25 17:15:00,29.890,,,,,
13575,08/29/25 17:30:00,29.890,,,,,
13576,08/29/25 17:45:00,29.865,,,,,
13577,08/29/25 18:00:00,29.865,,,,,
13578,08/29/25 18:15:00,29.865,,,,,
13579,08/29/25 18:30:00,29.865,,,,,
13580,08/29/25 18:45:00,29.840,,,,,
13581,08/29/25 19:00:00,29.815,,,,,
13582,08/29/25 19:15:00,29.840,,,,,
13583,08/29/25 19:30:00,29.840,,,,,
13584,08/29/25 19:45:00,29.815,,,,,
13585,08/29/25 20:00:00,29.815,,,,,
13586,08/29/25 20:15:00,29.815,,,,,
13587,08/29/25 20:30:00,29.815,,,,,
13588,08/29/25 20:45:00,29.815,,,,,
13589,08/29/25 21:00:00,29.815,,,,,
13590,08/29/25 21:15:00,29.815,,,,,
13591,08/29/25 21:30:00,29.815,,,,,
13592,08/29/25 21:45:00,29.815,,,,,
13593,08/29/25 22:00:00,29.815,,,,,
13594,08/29/25 22:15:00,29.815,,,,,
13595,08/29/25 22:30:00,29.840,,,,,
13596,08/29/25 22:45:00,29.840,,,,,
13597,08/29/25 23:00:00,29.840,,,,,
13598,08/29/25 23:15:00,29.840,,,,,
13599,08/29/25 23:30:00,29.840,,,,,
13600,08/29/25 23:45:00,29.840,,,,,
13601,08/30/25 00:00:00,29.840,,,,,
13602,08/30/25 00:15:00,29.840,,,,,
13603,08/30/25 00:30:00,29.840,,,,,
13604,08/30/25 00:45:00,29.840,,,,,
13605,08/30/25 01:00:00,29.840,,,,,
13606,08/30/25 01:15:00,29.840,,,,,
13607,08/30/25 01:30:00,29.840,,,,,
13608,08/30/25 01:45:00,29.840,,,,,
13609,08/30/25 02:00:00,29.840,,,,,
13610,08/30/25 02:15:00,29.840,,,,,
13611,08/30/25 02:30:00,29.840,,,,,
13612,08/30/25 02:45:00,29.815,,,,,
13613,08/30/25 03:00:00,29.815,,,,,
13614,08/30/25 03:15:00,29.815,,,,,
13615,08/30/25 03:30:00,29.815,,,,,
13616,08/30/25 03:45:00,29.815,,,,,
13617,08/30/25 04:00:00,29.815,,,,,
13618,08/30/25 04:15:00,29.815,,,,,
13619,08/30/25 04:30:00,29.815,,,,,
13620,08/30/25 04:45:00,29.815,,,,,
13621,08/30/25 05:00:00,29.815,,,,,
13622,08/30/25 05:15:00,29.815,,,,,
13623,08/30/25 05:30:00,29.815,,,,,
13624,08/30/25 05:45:00,29.790,,,,,
13625,08/30/25 06:00:00,29.790,,,,,
13626,08/30/25 06:15:00,29.790,,,,,
13627,08/30/25 06:30:00,29.790,,,,,
13628,08/30/25 06:45:00,29.765,,,,,
13629,08/30/25 07:00:00,29.715,,,,,
13630,08/30/25 07:15:00,29.715,,,,,
13631,08/30/25 07:30:00,29.715,,,,,
13632,08/30/25 07:45:00,29.715,,,,,
13633,08/30/25 08:00:00,29.715,,,,,
13634,08/30/25 08:15:00,29.715,,,,,
13635,08/30/25 08:30:00,29.715,,,,,
13636,08/30/25 08:45:00,29.740,,,,,
13637,08/30/25 09:00:00,29.740,,,,,
13638,08/30/25 09:15:00,29.765,,,,,
13639,08/30/25 09:30:00,29.790,,,,,
13640,08/30/25 09:45:00,29.790,,,,,
13641,08/30/25 10:00:00,29.790,,,,,
13642,08/30/25 10:15:00,29.815,,,,,
13643,08/30/25 10:30:00,29.840,,,,,
13644,08/30/25 10:45:00,29.840,,,,,
13645,08/30/25 11:00:00,29.840,,,,,
13646,08/30/25 11:15:00,29.840,,,,,
13647,08/30/25 11:30:00,29.865,,,,,
13648,08/30/25 11:45:00,29.865,,,,,
13649,08/30/25 12:00:00,29.865,,,,,
13650,08/30/25 12:15:00,29.865,,,,,
13651,08/30/25 12:30:00,29.890,,,,,
13652,08/30/25 12:45:00,29.890,,,,,
13653,08/30/25 13:00:00,29.916,,,,,
13654,08/30/25 13:15:00,29.941,,,,,
13655,08/30/25 13:30:00,29.941,,,,,
13656,08/30/25 13:45:00,29.966,,,,,
13657,08/30/25 14:00:00,29.991,,,,,
13658,08/30/25 14:15:00,29.991,,,,,
13659,08/30/25 14:30:00,29.991,,,,,
13660,08/30/25 14:45:00,30.016,,,,,
13661,08/30/25 15:00:00,30.016,,,,,
13662,08/30/25 15:15:00,30.016,,,,,
13663,08/30/25 15:30:00,30.041,,,,,
13664,08/30/25 15:45:00,30.066,,,,,
13665,08/30/25 16:00:00,30.091,,,,,
13666,08/30/25 16:15:00,30.091,,,,,
13667,08/30/25 16:30:00,30.066,,,,,
13668,08/30/25 16:45:00,30.066,,,,,
13669,08/30/25 17:00:00,30.066,,,,,
13670,08/30/25 17:15:00,30.091,,,,,
13671,08/30/25 17:30:00,30.091,,,,,
13672,08/30/25 17:45:00,30.091,,,,,
13673,08/30/25 18:00:00,30.066,,,,,
13674,08/30/25 18:15:00,30.016,,,,,
13675,08/30/25 18:30:00,29.966,,,,,
13676,08/30/25 18:45:00,29.941,,,,,
13677,08/30/25 19:00:00,29.916,,,,,
13678,08/30/25 19:15:00,29.865,,,,,
13679,08/30/25 19:30:00,29.865,,,,,
13680,08/30/25 19:45:00,29.865,,,,,
13681,08/30/25 20:00:00,29.865,,,,,
13682,08/30/25 20:15:00,29.840,,,,,
13683,08/30/25 20:30:00,29.840,,,,,
13684,08/30/25 20:45:00,29.840,,,,,
13685,08/30/25 21:00:00,29.865,,,,,
13686,08/30/25 21:15:00,29.865,,,,,
13687,08/30/25 21:30:00,29.865,,,,,
13688,08/30/25 21:45:00,29.865,,,,,
13689,08/30/25 22:00:00,29.865,,,,,
13690,08/30/25 22:15:00,29.865,,,,,
13691,08/30/25 22:30:00,29.840,,,,,
13692,08/30/25 22:45:00,29.840,,,,,
13693,08/30/25 23:00:00,29.840,,,,,
13694,08/30/25 23:15:00,29.840,,,,,
13695,08/30/25 23:30:00,29.840,,,,,
13696,08/30/25 23:45:00,29.840,,,,,
13697,08/31/25 00:00:00,29.840,,,,,
13698,08/31/25 00:15:00,29.815,,,,,
13699,08/31/25 00:30:00,29.815,,,,,
13700,08/31/25 00:45:00,29.815,,,,,
13701,08/31/25 01:00:00,29.815,,,,,
13702,08/31/25 01:15:00,29.815,,,,,
13703,08/31/25 01:30:00,29.790,,,,,
13704,08/31/25 01:45:00,29.790,,,,,
13705,08/31/25 02:00:00,29.790,,,,,
13706,08/31/25 02:15:00,29.790,,,,,
13707,08/31/25 02:30:00,29.765,,,,,
13708,08/31/25 02:45:00,29.765,,,,,
13709,08/31/25 03:00:00,29.765,,,,,
13710,08/31/25 03:15:00,29.740,,,,,
13711,08/31/25 03:30:00,29.740,,,,,
13712,08/31/25 03:45:00,29.740,,,,,
13713,08/31/25 04:00:00,29.740,,,,,
13714,08/31/25 04:15:00,29.740,,,,,
13715,08/31/25 04:30:00,29.715,,,,,
13716,08/31/25 04:45:00,29.715,,,,,
13717,08/31/25 05:00:00,29.715,,,,,
13718,08/31/25 05:15:00,29.690,,,,,
13719,08/31/25 05:30:00,29.665,,,,,
13720,08/31/25 05:45:00,29.615,,,,,
13721,08/31/25 06:00:00,29.615,,,,,
13722,08/31/25 06:15:00,29.615,,,,,
13723,08/31/25 06:30:00,29.665,,,,,
13724,08/31/25 06:45:00,29.715,,,,,
13725,08/31/25 07:00:00,29.715,,,,,
13726,08/31/25 07:15:00,29.690,,,,,
13727,08/31/25 07:30:00,29.690,,,,,
13728,08/31/25 07:45:00,29.715,,,,,
13729,08/31/25 08:00:00,29.765,,,,,
13730,08/31/25 08:15:00,29.790,,,,,
13731,08/31/25 08:30:00,29.790,,,,,
13732,08/31/25 08:45:00,29.815,,,,,
13733,08/31/25 09:00:00,29.765,,,,,
13734,08/31/25 09:15:00,29.740,,,,,
13735,08/31/25 09:30:00,29.815,,,,,
13736,08/31/25 09:45:00,29.840,,,,,
13737,08/31/25 10:00:00,29.840,,,,,
13738,08/31/25 10:15:00,29.865,,,,,
13739,08/31/25 10:30:00,29.865,,,,,
13740,08/31/25 10:45:00,29.865,,,,,
13741,08/31/25 11:00:00,29.840,,,,,
13742,08/31/25 11:15:00,29.865,,,,,
13743,08/31/25 11:30:00,29.890,,,,,
13744,08/31/25 11:45:00,29.916,,,,,
13745,08/31/25 12:00:00,29.916,,,,,
13746,08/31/25 12:15:00,29.941,,,,,
13747,08/31/25 12:30:00,29.941,,,,,
13748,08/31/25 12:45:00,29.966,,,,,
13749,08/31/25 13:00:00,29.991,,,,,
13750,08/31/25 13:15:00,30.016,,,,,
13751,08/31/25 13:30:00,29.966,,,,,
13752,08/31/25 13:45:00,29.966,,,,,
13753,08/31/25 14:00:00,29.966,,,,,
13754,08/31/25 14:15:00,29.966,,,,,
13755,08/31/25 14:30:00,29.966,,,,,
13756,08/31/25 14:45:00,29.966,,,,,
13757,08/31/25 15:00:00,29.966,,,,,
13758,08/31/25 15:15:00,29.991,,,,,
13759,08/31/25 15:30:00,29.966,,,,,
13760,08/31/25 15:45:00,29.991,,,,,
13761,08/31/25 16:00:00,30.016,,,,,
13762,08/31/25 16:15:00,30.016,,,,,
13763,08/31/25 16:30:00,29.991,,,,,
13764,08/31/25 16:45:00,29.966,,,,,
13765,08/31/25 17:00:00,29.966,,,,,
13766,08/31/25 17:15:00,29.966,,,,,
13767,08/31/25 17:30:00,29.966,,,,,
13768,08/31/25 17:45:00,29.966,,,,,
13769,08/31/25 18:00:00,29.941,,,,,
13770,08/31/25 18:15:00,29.941,,,,,
13771,08/31/25 18:30:00,29.941,,,,,
13772,08/31/25 18:45:00,29.941,,,,,
13773,08/31/25 19:00:00,29.941,,,,,
13774,08/31/25 19:15:00,29.941,,,,,
13775,08/31/25 19:30:00,29.941,,,,,
13776,08/31/25 19:45:00,29.941,,,,,
13777,08/31/25 20:00:00,29.941,,,,,
13778,08/31/25 20:15:00,29.941,,,,,
13779,08/31/25 20:30:00,29.941,,,,,
13780,08/31/25 20:45:00,29.941,,,,,
13781,08/31/25 21:00:00,29.941,,,,,
13782,08/31/25 21:15:00,29.941,,,,,
13783,08/31/25 21:30:00,29.941,,,,,
13784,08/31/25 21:45:00,29.941,,,,,
13785,08/31/25 22:00:00,29.941,,,,,
13786,08/31/25 22:15:00,29.966,,,,,
13787,08/31/25 22:30:00,29.966,,,,,
13788,08/31/25 22:45:00,29.966,,,,,
13789,08/31/25 23:00:00,29.941,,,,,
13790,08/31/25 23:15:00,29.941,,,,,
13791,08/31/25 23:30:00,29.941,,,,,
13792,08/31/25 23:45:00,29.941,,,,,
13793,09/01/25 00:00:00,29.916,,,,,
13794,09/01/25 00:15:00,29.916,,,,,
13795,09/01/25 00:30:00,29.916,,,,,
13796,09/01/25 00:45:00,29.916,,,,,
13797,09/01/25 01:00:00,29.890,,,,,
13798,09/01/25 01:15:00,29.890,,,,,
13799,09/01/25 01:30:00,29.890,,,,,
13800,09/01/25 01:45:00,29.865,,,,,
13801,09/01/25 02:00:00,29.865,,,,,
13802,09/01/25 02:15:00,29.865,,,,,
13803,09/01/25 02:30:00,29.865,,,,,
13804,09/01/25 02:45:00,29.865,,,,,
13805,09/01/25 03:00:00,29.840,,,,,
13806,09/01/25 03:15:00,29.840,,,,,
13807,09/01/25 03:30:00,29.840,,,,,
13808,09/01/25 03:45:00,29.815,,,,,
13809,09/01/25 04:00:00,29.815,,,,,
13810,09/01/25 04:15:00,29.815,,,,,
13811,09/01/25 04:30:00,29.815,,,,,
13812,09/01/25 04:45:00,29.815,,,,,
13813,09/01/25 05:00:00,29.790,,,,,
13814,09/01/25 05:15:00,29.765,,,,,
13815,09/01/25 05:30:00,29.765,,,,,
13816,09/01/25 05:45:00,29.765,,,,,
13817,09/01/25 06:00:00,29.765,,,,,
13818,09/01/25 06:15:00,29.765,,,,,
13819,09/01/25 06:30:00,29.765,,,,,
13820,09/01/25 06:45:00,29.765,,,,,
13821,09/01/25 07:00:00,29.765,,,,,
13822,09/01/25 07:15:00,29.765,,,,,
13823,09/01/25 07:30:00,29.765,,,,,
13824,09/01/25 07:45:00,29.765,,,,,
13825,09/01/25 08:00:00,29.765,,,,,
13826,09/01/25 08:15:00,29.765,,,,,
13827,09/01/25 08:30:00,29.765,,,,,
13828,09/01/25 08:45:00,29.765,,,,,
13829,09/01/25 09:00:00,29.765,,,,,
13830,09/01/25 09:15:00,29.790,,,,,
13831,09/01/25 09:30:00,29.815,,,,,
13832,09/01/25 09:45:00,29.815,,,,,
13833,09/01/25 10:00:00,29.840,,,,,
13834,09/01/25 10:15:00,29.865,,,,,
13835,09/01/25 10:30:00,29.890,,,,,
13836,09/01/25 10:45:00,29.916,,,,,
13837,09/01/25 11:00:00,29.916,,,,,
13838,09/01/25 11:15:00,29.941,,,,,
13839,09/01/25 11:30:00,29.941,,,,,
13840,09/01/25 11:45:00,29.966,,,,,
13841,09/01/25 12:00:00,29.966,,,,,
13842,09/01/25 12:15:00,29.966,,,,,
13843,09/01/25 12:30:00,29.991,,,,,
13844,09/01/25 12:45:00,29.991,,,,,
13845,09/01/25 13:00:00,29.991,,,,,
13846,09/01/25 13:15:00,29.991,,,,,
13847,09/01/25 13:30:00,29.966,,,,,
13848,09/01/25 13:45:00,29.966,,,,,
13849,09/01/25 14:00:00,29.966,,,,,
13850,09/01/25 14:15:00,29.991,,,,,
13851,09/01/25 14:30:00,29.991,,,,,
13852,09/01/25 14:45:00,29.991,,,,,
13853,09/01/25 15:00:00,29.991,,,,,
13854,09/01/25 15:15:00,29.991,,,,,
13855,09/01/25 15:30:00,29.991,,,,,
13856,09/01/25 15:45:00,29.991,,,,,
13857,09/01/25 16:00:00,29.991,,,,,
13858,09/01/25 16:15:00,29.966,,,,,
13859,09/01/25 16:30:00,29.966,,,,,
13860,09/01/25 16:45:00,29.966,,,,,
13861,09/01/25 17:00:00,29.966,,,,,
13862,09/01/25 17:15:00,29.966,,,,,
13863,09/01/25 17:30:00,29.966,,,,,
13864,09/01/25 17:45:00,29.966,,,,,
13865,09/01/25 18:00:00,29.966,,,,,
13866,09/01/25 18:15:00,29.966,,,,,
13867,09/01/25 18:30:00,29.941,,,,,
13868,09/01/25 18:45:00,29.966,,,,,
13869,09/01/25 19:00:00,29.916,,,,,
13870,09/01/25 19:15:00,29.916,,,,,
13871,09/01/25 19:30:00,29.916,,,,,
13872,09/01/25 19:45:00,29.941,,,,,
13873,09/01/25 20:00:00,29.941,,,,,
13874,09/01/25 20:15:00,29.941,,,,,
13875,09/01/25 20:30:00,29.941,,,,,
13876,09/01/25 20:45:00,29.941,,,,,
13877,09/01/25 21:00:00,29.916,,,,,
13878,09/01/25 21:15:00,29.941,,,,,
13879,09/01/25 21:30:00,29.941,,,,,
13880,09/01/25 21:45:00,29.941,,,,,
13881,09/01/25 22:00:00,29.941,,,,,
13882,09/01/25 22:15:00,29.941,,,,,
13883,09/01/25 22:30:00,29.941,,,,,
13884,09/01/25 22:45:00,29.941,,,,,
13885,09/01/25 23:00:00,29.941,,,,,
13886,09/01/25 23:15:00,29.941,,,,,
13887,09/01/25 23:30:00,29.916,,,,,
13888,09/01/25 23:45:00,29.916,,,,,
13889,09/02/25 00:00:00,29.916,,,,,
13890,09/02/25 00:15:00,29.916,,,,,
13891,09/02/25 00:30:00,29.916,,,,,
13892,09/02/25 00:45:00,29.916,,,,,
13893,09/02/25 01:00:00,29.916,,,,,
13894,09/02/25 01:15:00,29.916,,,,,
13895,09/02/25 01:30:00,29.916,,,,,
13896,09/02/25 01:45:00,29.916,,,,,
13897,09/02/25 02:00:00,29.916,,,,,
13898,09/02/25 02:15:00,29.916,,,,,
13899,09/02/25 02:30:00,29.916,,,,,
13900,09/02/25 02:45:00,29.916,,,,,
13901,09/02/25 03:00:00,29.916,,,,,
13902,09/02/25 03:15:00,29.890,,,,,
13903,09/02/25 03:30:00,29.890,,,,,
13904,09/02/25 03:45:00,29.890,,,,,
13905,09/02/25 04:00:00,29.890,,,,,
13906,09/02/25 04:15:00,29.890,,,,,
13907,09/02/25 04:30:00,29.865,,,,,
13908,09/02/25 04:45:00,29.865,,,,,
13909,09/02/25 05:00:00,29.865,,,,,
13910,09/02/25 05:15:00,29.815,,,,,
13911,09/02/25 05:30:00,29.815,,,,,
13912,09/02/25 05:45:00,29.815,,,,,
13913,09/02/25 06:00:00,29.815,,,,,
13914,09/02/25 06:15:00,29.815,,,,,
13915,09/02/25 06:30:00,29.815,,,,,
13916,09/02/25 06:45:00,29.815,,,,,
13917,09/02/25 07:00:00,29.790,,,,,
13918,09/02/25 07:15:00,29.790,,,,,
13919,09/02/25 07:30:00,29.790,,,,,
13920,09/02/25 07:45:00,29.765,,,,,
13921,09/02/25 08:00:00,29.765,,,,,
13922,09/02/25 08:15:00,29.740,,,,,
13923,09/02/25 08:30:00,29.740,,,,,
13924,09/02/25 08:45:00,29.740,,,,,
13925,09/02/25 09:00:00,29.740,,,,,
13926,09/02/25 09:15:00,29.740,,,,,
13927,09/02/25 09:30:00,29.765,,,,,
13928,09/02/25 09:45:00,29.790,,,,,
13929,09/02/25 10:00:00,29.815,,,,,
13930,09/02/25 10:15:00,29.840,,,,,
13931,09/02/25 10:30:00,29.865,,,,,
13932,09/02/25 10:45:00,29.865,,,,,
13933,09/02/25 11:00:00,29.865,,,,,
13934,09/02/25 11:15:00,29.890,,,,,
13935,09/02/25 11:30:00,29.890,,,,,
13936,09/02/25 11:45:00,29.890,,,,,
13937,09/02/25 12:00:00,29.890,,,,,
13938,09/02/25 12:15:00,29.916,,,,,
13939,09/02/25 12:30:00,29.916,,,,,
13940,09/02/25 12:45:00,29.941,,,,,
13941,09/02/25 13:00:00,29.966,,,,,
13942,09/02/25 13:15:00,29.966,,,,,
13943,09/02/25 13:30:00,29.966,,,,,
13944,09/02/25 13:45:00,29.991,,,,,
13945,09/02/25 14:00:00,29.966,,,,,
13946,09/02/25 14:15:00,29.941,,,,,
13947,09/02/25 14:30:00,29.941,,,,,
13948,09/02/25 14:45:00,29.941,,,,,
13949,09/02/25 15:00:00,29.941,,,,,
13950,09/02/25 15:15:00,29.941,,,,,
13951,09/02/25 15:30:00,29.941,,,,,
13952,09/02/25 15:45:00,29.941,,,,,
13953,09/02/25 16:00:00,29.916,,,,,
13954,09/02/25 16:15:00,29.916,,,,,
13955,09/02/25 16:30:00,29.916,,,,,
13956,09/02/25 16:45:00,29.916,,,,,
13957,09/02/25 17:00:00,29.916,,,,,
13958,09/02/25 17:15:00,29.916,,,,,
13959,09/02/25 17:30:00,29.916,,,,,
13960,09/02/25 17:45:00,29.916,,,,,
13961,09/02/25 18:00:00,29.916,,,,,
13962,09/02/25 18:15:00,29.916,,,,,
13963,09/02/25 18:30:00,29.916,,,,,
13964,09/02/25 18:45:00,29.916,,,,,
13965,09/02/25 19:00:00,29.916,,,,,
13966,09/02/25 19:15:00,29.916,,,,,
13967,09/02/25 19:30:00,29.916,,,,,
13968,09/02/25 19:45:00,29.916,,,,,
13969,09/02/25 20:00:00,29.916,,,,,
13970,09/02/25 20:15:00,29.916,,,,,
13971,09/02/25 20:30:00,29.941,,,,,
13972,09/02/25 20:45:00,29.941,,,,,
13973,09/02/25 21:00:00,29.941,,,,,
13974,09/02/25 21:15:00,29.941,,,,,
13975,09/02/25 21:30:00,29.941,,,,,
13976,09/02/25 21:45:00,29.941,,,,,
13977,09/02/25 22:00:00,29.941,,,,,
13978,09/02/25 22:15:00,29.941,,,,,
13979,09/02/25 22:30:00,29.941,,,,,
13980,09/02/25 22:45:00,29.941,,,,,
13981,09/02/25 23:00:00,29.941,,,,,
13982,09/02/25 23:15:00,29.916,,,,,
13983,09/02/25 23:30:00,29.916,,,,,
13984,09/02/25 23:45:00,29.916,,,,,
13985,09/03/25 00:00:00,29.890,,,,,
13986,09/03/25 00:15:00,29.890,,,,,
13987,09/03/25 00:30:00,29.890,,,,,
13988,09/03/25 00:45:00,29.865,,,,,
13989,09/03/25 01:00:00,29.865,,,,,
13990,09/03/25 01:15:00,29.840,,,,,
13991,09/03/25 01:30:00,29.840,,,,,
13992,09/03/25 01:45:00,29.840,,,,,
13993,09/03/25 02:00:00,29.815,,,,,
13994,09/03/25 02:15:00,29.815,,,,,
13995,09/03/25 02:30:00,29.815,,,,,
13996,09/03/25 02:45:00,29.815,,,,,
13997,09/03/25 03:00:00,29.815,,,,,
13998,09/03/25 03:15:00,29.790,,,,,
13999,09/03/25 03:30:00,29.790,,,,,
14000,09/03/25 03:45:00,29.790,,,,,
14001,09/03/25 04:00:00,29.790,,,,,
14002,09/03/25 04:15:00,29.815,,,,,
14003,09/03/25 04:30:00,29.790,,,,,
14004,09/03/25 04:45:00,29.790,,,,,
14005,09/03/25 05:00:00,29.815,,,,,
14006,09/03/25 05:15:00,29.815,,,,,
14007,09/03/25 05:30:00,29.765,,,,,
14008,09/03/25 05:45:00,29.715,,,,,
14009,09/03/25 06:00:00,29.690,,,,,
14010,09/03/25 06:15:00,29.690,,,,,
14011,09/03/25 06:30:00,29.715,,,,,
14012,09/03/25 06:45:00,29.740,,,,,
14013,09/03/25 07:00:00,29.765,,,,,
14014,09/03/25 07:15:00,29.765,,,,,
14015,09/03/25 07:30:00,29.765,,,,,
14016,09/03/25 07:45:00,29.765,,,,,
14017,09/03/25 08:00:00,29.765,,,,,
14018,09/03/25 08:15:00,29.715,,,,,
14019,09/03/25 08:30:00,29.690,,,,,
14020,09/03/25 08:45:00,29.665,,,,,
14021,09/03/25 09:00:00,29.640,,,,,
14022,09/03/25 09:15:00,29.640,,,,,
14023,09/03/25 09:30:00,29.665,,,,,
14024,09/03/25 09:45:00,29.740,,,,,
14025,09/03/25 10:00:00,29.790,,,,,
14026,09/03/25 10:15:00,29.840,,,,,
14027,09/03/25 10:30:00,29.865,,,,,
14028,09/03/25 10:45:00,29.865,,,,,
14029,09/03/25 11:00:00,29.865,,,,,
14030,09/03/25 11:15:00,29.865,,,,,
14031,09/03/25 11:30:00,29.916,,,,,
14032,09/03/25 11:45:00,29.916,,,,,
14033,09/03/25 12:00:00,29.916,,,,,
14034,09/03/25 12:15:00,29.916,,,,,
14035,09/03/25 12:30:00,29.941,,,,,
14036,09/03/25 12:45:00,29.941,,,,,
14037,09/03/25 13:00:00,29.941,,,,,
14038,09/03/25 13:15:00,29.941,,,,,
14039,09/03/25 13:30:00,29.966,,,,,
14040,09/03/25 13:45:00,29.966,,,,,
14041,09/03/25 14:00:00,29.966,,,,,
14042,09/03/25 14:15:00,29.966,,,,,
14043,09/03/25 14:30:00,29.966,,,,,
14044,09/03/25 14:45:00,29.991,,,,,
14045,09/03/25 15:00:00,29.991,,,,,
14046,09/03/25 15:15:00,29.991,,,,,
14047,09/03/25 15:30:00,29.991,,,,,
14048,09/03/25 15:45:00,30.016,,,,,
14049,09/03/25 16:00:00,29.991,,,,,
14050,09/03/25 16:15:00,29.991,,,,,
14051,09/03/25 16:30:00,29.991,,,,,
14052,09/03/25 16:45:00,29.966,,,,,
14053,09/03/25 17:00:00,29.966,,,,,
14054,09/03/25 17:15:00,29.966,,,,,
14055,09/03/25 17:30:00,29.966,,,,,
14056,09/03/25 17:45:00,29.966,,,,,
14057,09/03/25 18:00:00,29.941,,,,,
14058,09/03/25 18:15:00,29.941,,,,,
14059,09/03/25 18:30:00,29.941,,,,,
14060,09/03/25 18:45:00,29.941,,,,,
14061,09/03/25 19:00:00,29.941,,,,,
14062,09/03/25 19:15:00,29.941,,,,,
14063,09/03/25 19:30:00,29.941,,,,,
14064,09/03/25 19:45:00,29.941,,,,,
14065,09/03/25 20:00:00,29.941,,,,,
14066,09/03/25 20:15:00,29.941,,,,,
14067,09/03/25 20:30:00,29.941,,,,,
14068,09/03/25 20:45:00,29.941,,,,,
14069,09/03/25 21:00:00,29.941,,,,,
14070,09/03/25 21:15:00,29.941,,,,,
14071,09/03/25 21:30:00,29.916,,,,,
14072,09/03/25 21:45:00,29.916,,,,,
14073,09/03/25 22:00:00,29.916,,,,,
14074,09/03/25 22:15:00,29.916,,,,,
14075,09/03/25 22:30:00,29.916,,,,,
14076,09/03/25 22:45:00,29.916,,,,,
14077,09/03/25 23:00:00,29.916,,,,,
14078,09/03/25 23:15:00,29.890,,,,,
14079,09/03/25 23:30:00,29.890,,,,,
14080,09/03/25 23:45:00,29.865,,,,,
14081,09/04/25 00:00:00,29.865,,,,,
14082,09/04/25 00:15:00,29.865,,,,,
14083,09/04/25 00:30:00,29.865,,,,,
14084,09/04/25 00:45:00,29.840,,,,,
14085,09/04/25 01:00:00,29.840,,,,,
14086,09/04/25 01:15:00,29.840,,,,,
14087,09/04/25 01:30:00,29.815,,,,,
14088,09/04/25 01:45:00,29.815,,,,,
14089,09/04/25 02:00:00,29.815,,,,,
14090,09/04/25 02:15:00,29.790,,,,,
14091,09/04/25 02:30:00,29.790,,,,,
14092,09/04/25 02:45:00,29.765,,,,,
14093,09/04/25 03:00:00,29.765,,,,,
14094,09/04/25 03:15:00,29.765,,,,,
14095,09/04/25 03:30:00,29.765,,,,,
14096,09/04/25 03:45:00,29.740,,,,,
14097,09/04/25 04:00:00,29.740,,,,,
14098,09/04/25 04:15:00,29.740,,,,,
14099,09/04/25 04:30:00,29.740,,,,,
14100,09/04/25 04:45:00,29.740,,,,,
14101,09/04/25 05:00:00,29.740,,,,,
14102,09/04/25 05:15:00,29.715,,,,,
14103,09/04/25 05:30:00,29.690,,,,,
14104,09/04/25 05:45:00,29.690,,,,,
14105,09/04/25 06:00:00,29.740,,,,,
14106,09/04/25 06:15:00,29.790,,,,,
14107,09/04/25 06:30:00,29.815,,,,,
14108,09/04/25 06:45:00,29.815,,,,,
14109,09/04/25 07:00:00,29.815,,,,,
14110,09/04/25 07:15:00,29.815,,,,,
14111,09/04/25 07:30:00,29.815,,,,,
14112,09/04/25 07:45:00,29.815,,,,,
14113,09/04/25 08:00:00,29.840,,,,,
14114,09/04/25 08:15:00,29.840,,,,,
14115,09/04/25 08:30:00,29.815,,,,,
14116,09/04/25 08:45:00,29.815,,,,,
14117,09/04/25 09:00:00,29.840,,,,,
14118,09/04/25 09:15:00,29.840,,,,,
14119,09/04/25 09:30:00,29.865,,,,,
14120,09/04/25 09:45:00,29.890,,,,,
14121,09/04/25 10:00:00,29.916,,,,,
14122,09/04/25 10:15:00,29.916,,,,,
14123,09/04/25 10:30:00,29.916,,,,,
14124,09/04/25 10:45:00,29.916,,,,,
14125,09/04/25 11:00:00,29.916,,,,,
14126,09/04/25 11:15:00,29.916,,,,,
14127,09/04/25 11:30:00,29.916,,,,,
14128,09/04/25 11:45:00,29.941,,,,,
14129,09/04/25 12:00:00,29.941,,,,,
14130,09/04/25 12:15:00,29.966,,,,,
14131,09/04/25 12:30:00,29.991,,,,,
14132,09/04/25 12:45:00,29.991,,,,,
14133,09/04/25 13:00:00,29.991,,,,,
14134,09/04/25 13:15:00,30.016,,,,,
14135,09/04/25 13:30:00,29.991,,,,,
14136,09/04/25 13:45:00,29.991,,,,,
14137,09/04/25 14:00:00,29.991,,,,,
14138,09/04/25 14:15:00,29.991,,,,,
14139,09/04/25 14:30:00,29.991,,,,,
14140,09/04/25 14:45:00,29.966,,,,,
14141,09/04/25 15:00:00,29.916,,,,,
14142,09/04/25 15:15:00,29.941,,,,,
14143,09/04/25 15:30:00,29.991,,,,,
14144,09/04/25 15:45:00,30.016,,,,,
14145,09/04/25 16:00:00,29.941,,,,,
14146,09/04/25 16:15:00,29.916,,,,,
14147,09/04/25 16:30:00,29.916,,,,,
14148,09/04/25 16:45:00,29.890,,,,,
14149,09/04/25 17:00:00,29.890,,,,,
14150,09/04/25 17:15:00,29.890,,,,,
14151,09/04/25 17:30:00,29.916,,,,,
14152,09/04/25 17:45:00,29.890,,,,,
14153,09/04/25 18:00:00,29.890,,,,,
14154,09/04/25 18:15:00,29.890,,,,,
14155,09/04/25 18:30:00,29.916,,,,,
14156,09/04/25 18:45:00,29.916,,,,,
14157,09/04/25 19:00:00,29.916,,,,,
14158,09/04/25 19:15:00,29.916,,,,,
14159,09/04/25 19:30:00,29.916,,,,,
14160,09/04/25 19:45:00,29.916,,,,,
14161,09/04/25 20:00:00,29.916,,,,,
14162,09/04/25 20:15:00,29.916,,,,,
14163,09/04/25 20:30:00,29.916,,,,,
14164,09/04/25 20:45:00,29.916,,,,,
14165,09/04/25 21:00:00,29.916,,,,,
14166,09/04/25 21:15:00,29.916,,,,,
14167,09/04/25 21:30:00,29.916,,,,,
14168,09/04/25 21:45:00,29.916,,,,,
14169,09/04/25 22:00:00,29.916,,,,,
14170,09/04/25 22:15:00,29.916,,,,,
14171,09/04/25 22:30:00,29.916,,,,,
14172,09/04/25 22:45:00,29.916,,,,,
14173,09/04/25 23:00:00,29.916,,,,,
14174,09/04/25 23:15:00,29.916,,,,,
14175,09/04/25 23:30:00,29.916,,,,,
14176,09/04/25 23:45:00,29.916,,,,,
14177,09/05/25 00:00:00,29.890,,,,,
14178,09/05/25 00:15:00,29.890,,,,,
14179,09/05/25 00:30:00,29.890,,,,,
14180,09/05/25 00:45:00,29.865,,,,,
14181,09/05/25 01:00:00,29.865,,,,,
14182,09/05/25 01:15:00,29.840,,,,,
14183,09/05/25 01:30:00,29.840,,,,,
14184,09/05/25 01:45:00,29.840,,,,,
14185,09/05/25 02:00:00,29.840,,,,,
14186,09/05/25 02:15:00,29.815,,,,,
14187,09/05/25 02:30:00,29.815,,,,,
14188,09/05/25 02:45:00,29.815,,,,,
14189,09/05/25 03:00:00,29.815,,,,,
14190,09/05/25 03:15:00,29.840,,,,,
14191,09/05/25 03:30:00,29.840,,,,,
14192,09/05/25 03:45:00,29.840,,,,,
14193,09/05/25 04:00:00,29.840,,,,,
14194,09/05/25 04:15:00,29.840,,,,,
14195,09/05/25 04:30:00,29.840,,,,,
14196,09/05/25 04:45:00,29.840,,,,,
14197,09/05/25 05:00:00,29.840,,,,,
14198,09/05/25 05:15:00,29.840,,,,,
14199,09/05/25 05:30:00,29.840,,,,,
14200,09/05/25 05:45:00,29.840,,,,,
14201,09/05/25 06:00:00,29.815,,,,,
14202,09/05/25 06:15:00,29.815,,,,,
14203,09/05/25 06:30:00,29.815,,,,,
14204,09/05/25 06:45:00,29.815,,,,,
14205,09/05/25 07:00:00,29.815,,,,,
14206,09/05/25 07:15:00,29.790,,,,,
14207,09/05/25 07:30:00,29.790,,,,,
14208,09/05/25 07:45:00,29.815,,,,,
14209,09/05/25 08:00:00,29.815,,,,,
14210,09/05/25 08:15:00,29.815,,,,,
14211,09/05/25 08:30:00,29.815,,,,,
14212,09/05/25 08:45:00,29.840,,,,,
14213,09/05/25 09:00:00,29.840,,,,,
14214,09/05/25 09:15:00,29.840,,,,,
14215,09/05/25 09:30:00,29.840,,,,,
14216,09/05/25 09:45:00,29.840,,,,,
14217,09/05/25 10:00:00,29.840,,,,,
14218,09/05/25 10:15:00,29.865,,,,,
14219,09/05/25 10:30:00,29.890,,,,,
14220,09/05/25 10:45:00,29.916,,,,,
14221,09/05/25 11:00:00,29.941,,,,,
14222,09/05/25 11:15:00,29.966,,,,,
14223,09/05/25 11:30:00,29.966,,,,,
14224,09/05/25 11:45:00,29.991,,,,,
14225,09/05/25 12:00:00,29.991,,,,,
14226,09/05/25 12:15:00,30.041,,,,,
14227,09/05/25 12:30:00,29.991,,,,,
14228,09/05/25 12:45:00,29.991,,,,,
14229,09/05/25 13:00:00,29.991,,,,,
14230,09/05/25 13:15:00,30.016,,,,,
14231,09/05/25 13:30:00,30.016,,,,,
14232,09/05/25 13:45:00,30.016,,,,,
14233,09/05/25 14:00:00,29.966,,,,,
14234,09/05/25 14:15:00,29.991,,,,,
14235,09/05/25 14:30:00,29.991,,,,,
14236,09/05/25 14:45:00,29.991,,,,,
14237,09/05/25 15:00:00,29.991,,,,,
14238,09/05/25 15:15:00,29.991,,,,,
14239,09/05/25 15:30:00,29.991,,,,,
14240,09/05/25 15:45:00,29.991,,,,,
14241,09/05/25 16:00:00,29.966,,,,,
14242,09/05/25 16:15:00,29.966,,,,,
14243,09/05/25 16:30:00,29.941,,,,,
14244,09/05/25 16:45:00,29.916,,,,,
14245,09/05/25 17:00:00,29.916,,,,,
14246,09/05/25 17:15:00,29.916,,,,,
14247,09/05/25 17:30:00,29.916,,,,,
14248,09/05/25 17:45:00,29.916,,,,,
14249,09/05/25 18:00:00,29.916,,,,,
14250,09/05/25 18:15:00,29.916,,,,,
14251,09/05/25 18:30:00,29.916,,,,,
14252,09/05/25 18:45:00,29.916,,,,,
14253,09/05/25 19:00:00,29.916,,,,,
14254,09/05/25 19:15:00,29.916,,,,,
14255,09/05/25 19:30:00,29.916,,,,,
14256,09/05/25 19:45:00,29.941,,,,,
14257,09/05/25 20:00:00,29.941,,,,,
14258,09/05/25 20:15:00,29.941,,,,,
14259,09/05/25 20:30:00,29.916,,,,,
14260,09/05/25 20:45:00,29.916,,,,,
14261,09/05/25 21:00:00,29.916,,,,,
14262,09/05/25 21:15:00,29.916,,,,,
14263,09/05/25 21:30:00,29.916,,,,,
14264,09/05/25 21:45:00,29.916,,,,,
14265,09/05/25 22:00:00,29.916,,,,,
14266,09/05/25 22:15:00,29.916,,,,,
14267,09/05/25 22:30:00,29.916,,,,,
14268,09/05/25 22:45:00,29.890,,,,,
14269,09/05/25 23:00:00,29.890,,,,,
14270,09/05/25 23:15:00,29.890,,,,,
14271,09/05/25 23:30:00,29.890,,,,,
14272,09/05/25 23:45:00,29.865,,,,,
14273,09/06/25 00:00:00,29.865,,,,,
14274,09/06/25 00:15:00,29.865,,,,,
14275,09/06/25 00:30:00,29.865,,,,,
14276,09/06/25 00:45:00,29.865,,,,,
14277,09/06/25 01:00:00,29.865,,,,,
14278,09/06/25 01:15:00,29.840,,,,,
14279,09/06/25 01:30:00,29.840,,,,,
14280,09/06/25 01:45:00,29.840,,,,,
14281,09/06/25 02:00:00,29.815,,,,,
14282,09/06/25 02:15:00,29.815,,,,,
14283,09/06/25 02:30:00,29.815,,,,,
14284,09/06/25 02:45:00,29.815,,,,,
14285,09/06/25 03:00:00,29.790,,,,,
14286,09/06/25 03:15:00,29.790,,,,,
14287,09/06/25 03:30:00,29.790,,,,,
14288,09/06/25 03:45:00,29.790,,,,,
14289,09/06/25 04:00:00,29.765,,,,,
14290,09/06/25 04:15:00,29.765,,,,,
14291,09/06/25 04:30:00,29.740,,,,,
14292,09/06/25 04:45:00,29.715,,,,,
14293,09/06/25 05:00:00,29.715,,,,,
14294,09/06/25 05:15:00,29.715,,,,,
14295,09/06/25 05:30:00,29.715,,,,,
14296,09/06/25 05:45:00,29.715,,,,,
14297,09/06/25 06:00:00,29.715,,,,,
14298,09/06/25 06:15:00,29.740,,,,,
14299,09/06/25 06:30:00,29.715,,,,,
14300,09/06/25 06:45:00,29.715,,,,,
14301,09/06/25 07:00:00,29.715,,,,,
14302,09/06/25 07:15:00,29.715,,,,,
14303,09/06/25 07:30:00,29.715,,,,,
14304,09/06/25 07:45:00,29.715,,,,,
14305,09/06/25 08:00:00,29.690,,,,,
14306,09/06/25 08:15:00,29.690,,,,,
14307,09/06/25 08:30:00,29.665,,,,,
14308,09/06/25 08:45:00,29.690,,,,,
14309,09/06/25 09:00:00,29.715,,,,,
14310,09/06/25 09:15:00,29.765,,,,,
14311,09/06/25 09:30:00,29.740,,,,,
14312,09/06/25 09:45:00,29.740,,,,,
14313,09/06/25 10:00:00,29.740,,,,,
14314,09/06/25 10:15:00,29.790,,,,,
14315,09/06/25 10:30:00,29.840,,,,,
14316,09/06/25 10:45:00,29.890,,,,,
14317,09/06/25 11:00:00,29.916,,,,,
14318,09/06/25 11:15:00,29.941,,,,,
14319,09/06/25 11:30:00,29.966,,,,,
14320,09/06/25 11:45:00,30.016,,,,,
14321,09/06/25 12:00:00,30.066,,,,,
14322,09/06/25 12:15:00,30.091,,,,,
14323,09/06/25 12:30:00,30.091,,,,,
14324,09/06/25 12:45:00,30.091,,,,,
14325,09/06/25 13:00:00,30.091,,,,,
14326,09/06/25 13:15:00,30.117,,,,,
14327,09/06/25 13:30:00,30.117,,,,,
14328,09/06/25 13:45:00,30.117,,,,,
14329,09/06/25 14:00:00,30.142,,,,,
14330,09/06/25 14:15:00,30.142,,,,,
14331,09/06/25 14:30:00,30.167,,,,,
14332,09/06/25 14:45:00,30.192,,,,,
14333,09/06/25 15:00:00,30.217,,,,,
14334,09/06/25 15:15:00,30.217,,,,,
14335,09/06/25 15:30:00,30.217,,,,,
14336,09/06/25 15:45:00,30.243,,,,,
14337,09/06/25 16:00:00,30.217,,,,,
14338,09/06/25 16:15:00,30.217,,,,,
14339,09/06/25 16:30:00,30.217,,,,,
14340,09/06/25 16:45:00,30.243,,,,,
14341,09/06/25 17:00:00,30.217,,,,,
14342,09/06/25 17:15:00,30.167,,,,,
14343,09/06/25 17:30:00,30.117,,,,,
14344,09/06/25 17:45:00,30.091,,,,,
14345,09/06/25 18:00:00,30.117,,,,,
14346,09/06/25 18:15:00,30.091,,,,,
14347,09/06/25 18:30:00,30.091,,,,,
14348,09/06/25 18:45:00,30.091,,,,,
14349,09/06/25 19:00:00,30.091,,,,,
14350,09/06/25 19:15:00,30.066,,,,,
14351,09/06/25 19:30:00,30.066,,,,,
14352,09/06/25 19:45:00,30.066,,,,,
14353,09/06/25 20:00:00,30.066,,,,,
14354,09/06/25 20:15:00,30.091,,,,,
14355,09/06/25 20:30:00,30.091,,,,,
14356,09/06/25 20:45:00,30.117,,,,,
14357,09/06/25 21:00:00,30.142,,,,,
14358,09/06/25 21:15:00,30.117,,,,,
14359,09/06/25 21:30:00,30.066,,,,,
14360,09/06/25 21:45:00,30.041,,,,,
14361,09/06/25 22:00:00,30.041,,,,,
14362,09/06/25 22:15:00,30.041,,,,,
14363,09/06/25 22:30:00,30.041,,,,,
14364,09/06/25 22:45:00,30.041,,,,,
14365,09/06/25 23:00:00,30.041,,,,,
14366,09/06/25 23:15:00,30.041,,,,,
14367,09/06/25 23:30:00,30.041,,,,,
14368,09/06/25 23:45:00,30.016,,,,,
14369,09/07/25 00:00:00,30.016,,,,,
14370,09/07/25 00:15:00,30.016,,,,,
14371,09/07/25 00:30:00,30.016,,,,,
14372,09/07/25 00:45:00,30.016,,,,,
14373,09/07/25 01:00:00,30.016,,,,,
14374,09/07/25 01:15:00,30.016,,,,,
14375,09/07/25 01:30:00,30.016,,,,,
14376,09/07/25 01:45:00,30.016,,,,,
14377,09/07/25 02:00:00,30.016,,,,,
14378,09/07/25 02:15:00,29.991,,,,,
14379,09/07/25 02:30:00,29.991,,,,,
14380,09/07/25 02:45:00,29.991,,,,,
14381,09/07/25 03:00:00,29.991,,,,,
14382,09/07/25 03:15:00,29.991,,,,,
14383,09/07/25 03:30:00,29.991,,,,,
14384,09/07/25 03:45:00,29.991,,,,,
14385,09/07/25 04:00:00,29.966,,,,,
14386,09/07/25 04:15:00,29.966,,,,,
14387,09/07/25 04:30:00,29.966,,,,,
14388,09/07/25 04:45:00,29.966,,,,,
14389,09/07/25 05:00:00,29.966,,,,,
14390,09/07/25 05:15:00,29.966,,,,,
14391,09/07/25 05:30:00,29.966,,,,,
14392,09/07/25 05:45:00,29.966,,,,,
14393,09/07/25 06:00:00,29.941,,,,,
14394,09/07/25 06:15:00,29.966,,,,,
14395,09/07/25 06:30:00,29.966,,,,,
14396,09/07/25 06:45:00,29.966,,,,,
14397,09/07/25 07:00:00,29.966,,,,,
14398,09/07/25 07:15:00,29.966,,,,,
14399,09/07/25 07:30:00,29.966,,,,,
14400,09/07/25 07:45:00,29.966,,,,,
14401,09/07/25 08:00:00,29.966,,,,,
14402,09/07/25 08:15:00,29.991,,,,,
14403,09/07/25 08:30:00,29.991,,,,,
14404,09/07/25 08:45:00,29.966,,,,,
14405,09/07/25 09:00:00,29.991,,,,,
14406,09/07/25 09:15:00,29.991,,,,,
14407,09/07/25 09:30:00,29.991,,,,,
14408,09/07/25 09:45:00,29.991,,,,,
14409,09/07/25 10:00:00,29.991,,,,,
14410,09/07/25 10:15:00,30.016,,,,,
14411,09/07/25 10:30:00,30.016,,,,,
14412,09/07/25 10:45:00,30.016,,,,,
14413,09/07/25 11:00:00,30.016,,,,,
14414,09/07/25 11:15:00,30.016,,,,,
14415,09/07/25 11:30:00,30.041,,,,,
14416,09/07/25 11:45:00,30.041,,,,,
14417,09/07/25 12:00:00,30.016,,,,,
14418,09/07/25 12:15:00,30.016,,,,,
14419,09/07/25 12:30:00,30.016,,,,,
14420,09/07/25 12:45:00,30.041,,,,,
14421,09/07/25 13:00:00,30.041,,,,,
14422,09/07/25 13:15:00,30.041,,,,,
14423,09/07/25 13:30:00,30.016,,,,,
14424,09/07/25 13:45:00,30.016,,,,,
14425,09/07/25 14:00:00,30.016,,,,,
14426,09/07/25 14:15:00,30.041,,,,,
14427,09/07/25 14:30:00,30.016,,,,,
14428,09/07/25 14:45:00,30.016,,,,,
14429,09/07/25 15:00:00,30.041,,,,,
14430,09/07/25 15:15:00,30.041,,,,,
14431,09/07/25 15:30:00,30.041,,,,,
14432,09/07/25 15:45:00,30.016,,,,,
14433,09/07/25 16:00:00,30.016,,,,,
14434,09/07/25 16:15:00,30.016,,,,,
14435,09/07/25 16:30:00,30.016,,,,,
14436,09/07/25 16:45:00,30.016,,,,,
14437,09/07/25 17:00:00,30.016,,,,,
14438,09/07/25 17:15:00,30.016,,,,,
14439,09/07/25 17:30:00,29.991,,,,,
14440,09/07/25 17:45:00,29.991,,,,,
14441,09/07/25 18:00:00,29.991,,,,,
14442,09/07/25 18:15:00,29.991,,,,,
14443,09/07/25 18:30:00,29.966,,,,,
14444,09/07/25 18:45:00,29.966,,,,,
14445,09/07/25 19:00:00,29.966,,,,,
14446,09/07/25 19:15:00,29.966,,,,,
14447,09/07/25 19:30:00,29.966,,,,,
14448,09/07/25 19:45:00,29.991,,,,,
14449,09/07/25 20:00:00,29.966,,,,,
14450,09/07/25 20:15:00,29.991,,,,,
14451,09/07/25 20:30:00,29.991,,,,,
14452,09/07/25 20:45:00,29.991,,,,,
14453,09/07/25 21:00:00,29.991,,,,,
14454,09/07/25 21:15:00,29.991,,,,,
14455,09/07/25 21:30:00,29.991,,,,,
14456,09/07/25 21:45:00,29.991,,,,,
14457,09/07/25 22:00:00,29.991,,,,,
14458,09/07/25 22:15:00,29.991,,,,,
14459,09/07/25 22:30:00,29.966,,,,,
14460,09/07/25 22:45:00,29.966,,,,,
14461,09/07/25 23:00:00,29.941,,,,,
14462,09/07/25 23:15:00,29.916,,,,,
14463,09/07/25 23:30:00,29.916,,,,,
14464,09/07/25 23:45:00,29.916,,,,,
14465,09/08/25 00:00:00,29.916,,,,,
14466,09/08/25 00:15:00,29.916,,,,,
14467,09/08/25 00:30:00,29.916,,,,,
14468,09/08/25 00:45:00,29.916,,,,,
14469,09/08/25 01:00:00,29.941,,,,,
14470,09/08/25 01:15:00,29.941,,,,,
14471,09/08/25 01:30:00,29.941,,,,,
14472,09/08/25 01:45:00,29.941,,,,,
14473,09/08/25 02:00:00,29.941,,,,,
14474,09/08/25 02:15:00,29.941,,,,,
14475,09/08/25 02:30:00,29.941,,,,,
14476,09/08/25 02:45:00,29.941,,,,,
14477,09/08/25 03:00:00,29.916,,,,,
14478,09/08/25 03:15:00,29.916,,,,,
14479,09/08/25 03:30:00,29.916,,,,,
14480,09/08/25 03:45:00,29.916,,,,,
14481,09/08/25 04:00:00,29.890,,,,,
14482,09/08/25 04:15:00,29.890,,,,,
14483,09/08/25 04:30:00,29.890,,,,,
14484,09/08/25 04:45:00,29.890,,,,,
14485,09/08/25 05:00:00,29.890,,,,,
14486,09/08/25 05:15:00,29.890,,,,,
14487,09/08/25 05:30:00,29.890,,,,,
14488,09/08/25 05:45:00,29.890,,,,,
14489,09/08/25 06:00:00,29.890,,,,,
14490,09/08/25 06:15:00,29.890,,,,,
14491,09/08/25 06:30:00,29.890,,,,,
14492,09/08/25 06:45:00,29.890,,,,,
14493,09/08/25 07:00:00,29.890,,,,,
14494,09/08/25 07:15:00,29.890,,,,,
14495,09/08/25 07:30:00,29.890,,,,,
14496,09/08/25 07:45:00,29.890,,,,,
14497,09/08/25 08:00:00,29.865,,,,,
14498,09/08/25 08:15:00,29.890,,,,,
14499,09/08/25 08:30:00,29.890,,,,,
14500,09/08/25 08:45:00,29.890,,,,,
14501,09/08/25 09:00:00,29.890,,,,,
14502,09/08/25 09:15:00,29.890,,,,,
14503,09/08/25 09:30:00,29.890,,,,,
14504,09/08/25 09:45:00,29.890,,,,,
14505,09/08/25 10:00:00,29.916,,,,,
14506,09/08/25 10:15:00,29.916,,,,,
14507,09/08/25 10:30:00,29.916,,,,,
14508,09/08/25 10:45:00,29.941,,,,,
14509,09/08/25 11:00:00,29.941,,,,,
14510,09/08/25 11:15:00,29.966,,,,,
14511,09/08/25 11:30:00,29.966,,,,,
14512,09/08/25 11:45:00,29.991,,,,,
14513,09/08/25 12:00:00,29.966,,,,,
14514,09/08/25 12:15:00,29.966,,,,,
14515,09/08/25 12:30:00,29.991,,,,,
14516,09/08/25 12:45:00,29.966,,,,,
14517,09/08/25 13:00:00,29.966,,,,,
14518,09/08/25 13:15:00,29.991,,,,,
14519,09/08/25 13:30:00,29.991,,,,,
14520,09/08/25 13:45:00,29.966,,,,,
14521,09/08/25 14:00:00,29.966,,,,,
14522,09/08/25 14:15:00,29.991,,,,,
14523,09/08/25 14:30:00,29.991,,,,,
14524,09/08/25 14:45:00,30.016,,,,,
14525,09/08/25 15:00:00,30.016,,,,,
14526,09/08/25 15:15:00,30.016,,,,,
14527,09/08/25 15:30:00,30.016,,,,,
14528,09/08/25 15:45:00,30.016,,,,,
14529,09/08/25 16:00:00,30.016,,,,,
14530,09/08/25 16:15:00,30.016,,,,,
14531,09/08/25 16:30:00,30.016,,,,,
14532,09/08/25 16:45:00,30.016,,,,,
14533,09/08/25 17:00:00,29.991,,,,,
14534,09/08/25 17:15:00,29.991,,,,,
14535,09/08/25 17:30:00,29.966,,,,,
14536,09/08/25 17:45:00,29.966,,,,,
14537,09/08/25 18:00:00,29.941,,,,,
14538,09/08/25 18:15:00,29.941,,,,,
14539,09/08/25 18:30:00,29.941,,,,,
14540,09/08/25 18:45:00,29.941,,,,,
14541,09/08/25 19:00:00,29.941,,,,,
14542,09/08/25 19:15:00,29.941,,,,,
14543,09/08/25 19:30:00,29.941,,,,,
14544,09/08/25 19:45:00,29.941,,,,,
14545,09/08/25 20:00:00,29.941,,,,,
14546,09/08/25 20:15:00,29.941,,,,,
14547,09/08/25 20:30:00,29.941,,,,,
14548,09/08/25 20:45:00,29.941,,,,,
14549,09/08/25 21:00:00,29.941,,,,,
14550,09/08/25 21:15:00,29.941,,,,,
14551,09/08/25 21:30:00,29.941,,,,,
14552,09/08/25 21:45:00,29.941,,,,,
14553,09/08/25 22:00:00,29.916,,,,,
14554,09/08/25 22:15:00,29.916,,,,,
14555,09/08/25 22:30:00,29.916,,,,,
14556,09/08/25 22:45:00,29.916,,,,,
14557,09/08/25 23:00:00,29.916,,,,,
14558,09/08/25 23:15:00,29.916,,,,,
14559,09/08/25 23:30:00,29.916,,,,,
14560,09/08/25 23:45:00,29.916,,,,,
14561,09/09/25 00:00:00,29.916,,,,,
14562,09/09/25 00:15:00,29.916,,,,,
14563,09/09/25 00:30:00,29.916,,,,,
14564,09/09/25 00:45:00,29.916,,,,,
14565,09/09/25 01:00:00,29.890,,,,,
14566,09/09/25 01:15:00,29.890,,,,,
14567,09/09/25 01:30:00,29.890,,,,,
14568,09/09/25 01:45:00,29.890,,,,,
14569,09/09/25 02:00:00,29.890,,,,,
14570,09/09/25 02:15:00,29.890,,,,,
14571,09/09/25 02:30:00,29.865,,,,,
14572,09/09/25 02:45:00,29.865,,,,,
14573,09/09/25 03:00:00,29.840,,,,,
14574,09/09/25 03:15:00,29.840,,,,,
14575,09/09/25 03:30:00,29.815,,,,,
14576,09/09/25 03:45:00,29.815,,,,,
14577,09/09/25 04:00:00,29.815,,,,,
14578,09/09/25 04:15:00,29.815,,,,,
14579,09/09/25 04:30:00,29.790,,,,,
14580,09/09/25 04:45:00,29.790,,,,,
14581,09/09/25 05:00:00,29.765,,,,,
14582,09/09/25 05:15:00,29.765,,,,,
14583,09/09/25 05:30:00,29.765,,,,,
14584,09/09/25 05:45:00,29.765,,,,,
14585,09/09/25 06:00:00,29.740,,,,,
14586,09/09/25 06:15:00,29.715,,,,,
14587,09/09/25 06:30:00,29.690,,,,,
14588,09/09/25 06:45:00,29.665,,,,,
14589,09/09/25 07:00:00,29.665,,,,,
14590,09/09/25 07:15:00,29.690,,,,,
14591,09/09/25 07:30:00,29.690,,,,,
14592,09/09/25 07:45:00,29.715,,,,,
14593,09/09/25 08:00:00,29.765,,,,,
14594,09/09/25 08:15:00,29.840,,,,,
14595,09/09/25 08:30:00,29.890,,,,,
14596,09/09/25 08:45:00,29.916,,,,,
14597,09/09/25 09:00:00,29.916,,,,,
14598,09/09/25 09:15:00,29.941,,,,,
14599,09/09/25 09:30:00,29.941,,,,,
14600,09/09/25 09:45:00,29.966,,,,,
14601,09/09/25 10:00:00,29.991,,,,,
14602,09/09/25 10:15:00,29.966,,,,,
14603,09/09/25 10:30:00,29.966,,,,,
14604,09/09/25 10:45:00,29.991,,,,,
14605,09/09/25 11:00:00,29.991,,,,,
14606,09/09/25 11:15:00,29.991,,,,,
14607,09/09/25 11:30:00,29.991,,,,,
14608,09/09/25 11:45:00,30.016,,,,,
14609,09/09/25 12:00:00,30.016,,,,,
14610,09/09/25 12:15:00,30.016,,,,,
14611,09/09/25 12:30:00,30.016,,,,,
14612,09/09/25 12:45:00,30.016,,,,,
14613,09/09/25 13:00:00,30.016,,,,,
14614,09/09/25 13:15:00,30.016,,,,,
14615,09/09/25 13:30:00,30.041,,,,,
14616,09/09/25 13:45:00,30.041,,,,,
14617,09/09/25 14:00:00,30.041,,,,,
14618,09/09/25 14:15:00,30.041,,,,,
14619,09/09/25 14:30:00,30.016,,,,,
14620,09/09/25 14:45:00,30.016,,,,,
14621,09/09/25 15:00:00,30.016,,,,,
14622,09/09/25 15:15:00,30.041,,,,,
14623,09/09/25 15:30:00,30.041,,,,,
14624,09/09/25 15:45:00,30.041,,,,,
14625,09/09/25 16:00:00,30.041,,,,,
14626,09/09/25 16:15:00,30.041,,,,,
14627,09/09/25 16:30:00,30.041,,,,,
14628,09/09/25 16:45:00,30.016,,,,,
14629,09/09/25 17:00:00,30.016,,,,,
14630,09/09/25 17:15:00,30.016,,,,,
14631,09/09/25 17:30:00,30.016,,,,,
14632,09/09/25 17:45:00,30.016,,,,,
14633,09/09/25 18:00:00,30.016,,,,,
14634,09/09/25 18:15:00,30.016,,,,,
14635,09/09/25 18:30:00,30.016,,,,,
14636,09/09/25 18:45:00,30.016,,,,,
14637,09/09/25 19:00:00,29.991,,,,,
14638,09/09/25 19:15:00,29.991,,,,,
14639,09/09/25 19:30:00,30.016,,,,,
14640,09/09/25 19:45:00,30.016,,,,,
14641,09/09/25 20:00:00,29.991,,,,,
14642,09/09/25 20:15:00,29.991,,,,,
14643,09/09/25 20:30:00,29.991,,,,,
14644,09/09/25 20:45:00,29.991,,,,,
14645,09/09/25 21:00:00,29.991,,,,,
14646,09/09/25 21:15:00,29.991,,,,,
14647,09/09/25 21:30:00,29.991,,,,,
14648,09/09/25 21:45:00,29.991,,,,,
14649,09/09/25 22:00:00,29.991,,,,,
14650,09/09/25 22:15:00,29.991,,,,,
14651,09/09/25 22:30:00,29.991,,,,,
14652,09/09/25 22:45:00,29.991,,,,,
14653,09/09/25 23:00:00,29.991,,,,,
14654,09/09/25 23:15:00,29.966,,,,,
14655,09/09/25 23:30:00,29.966,,,,,
14656,09/09/25 23:45:00,29.966,,,,,
14657,09/10/25 00:00:00,29.966,,,,,
14658,09/10/25 00:15:00,29.966,,,,,
14659,09/10/25 00:30:00,29.941,,,,,
14660,09/10/25 00:45:00,29.941,,,,,
14661,09/10/25 01:00:00,29.941,,,,,
14662,09/10/25 01:15:00,29.916,,,,,
14663,09/10/25 01:30:00,29.916,,,,,
14664,09/10/25 01:45:00,29.916,,,,,
14665,09/10/25 02:00:00,29.916,,,,,
14666,09/10/25 02:15:00,29.916,,,,,
14667,09/10/25 02:30:00,29.916,,,,,
14668,09/10/25 02:45:00,29.916,,,,,
14669,09/10/25 03:00:00,29.916,,,,,
14670,09/10/25 03:15:00,29.916,,,,,
14671,09/10/25 03:30:00,29.916,,,,,
14672,09/10/25 03:45:00,29.890,,,,,
14673,09/10/25 04:00:00,29.865,,,,,
14674,09/10/25 04:15:00,29.890,,,,,
14675,09/10/25 04:30:00,29.890,,,,,
14676,09/10/25 04:45:00,29.865,,,,,
14677,09/10/25 05:00:00,29.865,,,,,
14678,09/10/25 05:15:00,29.865,,,,,
14679,09/10/25 05:30:00,29.916,,,,,
14680,09/10/25 05:45:00,29.890,,,,,
14681,09/10/25 06:00:00,29.840,,,,,
14682,09/10/25 06:15:00,29.815,,,,,
14683,09/10/25 06:30:00,29.815,,,,,
14684,09/10/25 06:45:00,29.790,,,,,
14685,09/10/25 07:00:00,29.790,,,,,
14686,09/10/25 07:15:00,29.765,,,,,
14687,09/10/25 07:30:00,29.740,,,,,
14688,09/10/25 07:45:00,29.715,,,,,
14689,09/10/25 08:00:00,29.715,,,,,
14690,09/10/25 08:15:00,29.690,,,,,
14691,09/10/25 08:30:00,29.690,,,,,
14692,09/10/25 08:45:00,29.715,,,,,
14693,09/10/25 09:00:00,29.740,,,,,
14694,09/10/25 09:15:00,29.765,,,,,
14695,09/10/25 09:30:00,29.790,,,,,
14696,09/10/25 09:45:00,29.815,,,,,
14697,09/10/25 10:00:00,29.865,,,,,
14698,09/10/25 10:15:00,29.890,,,,,
14699,09/10/25 10:30:00,29.916,,,,,
14700,09/10/25 10:45:00,29.941,,,,,
14701,09/10/25 11:00:00,29.966,,,,,
14702,09/10/25 11:15:00,29.966,,,,,
14703,09/10/25 11:30:00,29.966,,,,,
14704,09/10/25 11:45:00,29.966,,,,,
14705,09/10/25 12:00:00,29.991,,,,,
14706,09/10/25 12:15:00,29.966,,,,,
14707,09/10/25 12:30:00,29.966,,,,,
14708,09/10/25 12:45:00,29.966,,,,,
14709,09/10/25 13:00:00,29.966,,,,,
14710,09/10/25 13:15:00,29.966,,,,,
14711,09/10/25 13:30:00,29.991,,,,,
14712,09/10/25 13:45:00,29.991,,,,,
14713,09/10/25 14:00:00,30.016,,,,,
14714,09/10/25 14:15:00,30.016,,,,,
14715,09/10/25 14:30:00,30.041,,,,,
14716,09/10/25 14:45:00,30.041,,,,,
14717,09/10/25 15:00:00,30.016,,,,,
14718,09/10/25 15:15:00,30.016,,,,,
14719,09/10/25 15:30:00,29.991,,,,,
14720,09/10/25 15:45:00,29.991,,,,,
14721,09/10/25 16:00:00,29.991,,,,,
14722,09/10/25 16:15:00,29.991,,,,,
14723,09/10/25 16:30:00,30.016,,,,,
14724,09/10/25 16:45:00,30.016,,,,,
14725,09/10/25 17:00:00,30.016,,,,,
14726,09/10/25 17:15:00,30.016,,,,,
14727,09/10/25 17:30:00,29.941,,,,,
14728,09/10/25 17:45:00,29.941,,,,,
14729,09/10/25 18:00:00,29.966,,,,,
14730,09/10/25 18:15:00,29.916,,,,,
14731,09/10/25 18:30:00,29.941,,,,,
14732,09/10/25 18:45:00,29.941,,,,,
14733,09/10/25 19:00:00,29.941,,,,,
14734,09/10/25 19:15:00,29.941,,,,,
14735,09/10/25 19:30:00,29.966,,,,,
14736,09/10/25 19:45:00,29.966,,,,,
14737,09/10/25 20:00:00,29.966,,,,,
14738,09/10/25 20:15:00,29.991,,,,,
14739,09/10/25 20:30:00,29.991,,,,,
14740,09/10/25 20:45:00,29.991,,,,,
14741,09/10/25 21:00:00,30.016,,,,,
14742,09/10/25 21:15:00,30.016,,,,,
14743,09/10/25 21:30:00,30.016,,,,,
14744,09/10/25 21:45:00,30.016,,,,,
14745,09/10/25 22:00:00,30.016,,,,,
14746,09/10/25 22:15:00,30.016,,,,,
14747,09/10/25 22:30:00,30.016,,,,,
14748,09/10/25 22:45:00,30.041,,,,,
14749,09/10/25 23:00:00,30.041,,,,,
14750,09/10/25 23:15:00,30.066,,,,,
14751,09/10/25 23:30:00,30.066,,,,,
14752,09/10/25 23:45:00,30.066,,,,,
14753,09/11/25 00:00:00,30.066,,,,,
14754,09/11/25 00:15:00,30.066,,,,,
14755,09/11/25 00:30:00,30.066,,,,,
14756,09/11/25 00:45:00,30.041,,,,,
14757,09/11/25 01:00:00,30.016,,,,,
14758,09/11/25 01:15:00,30.016,,,,,
14759,09/11/25 01:30:00,30.016,,,,,
14760,09/11/25 01:45:00,30.016,,,,,
14761,09/11/25 02:00:00,30.016,,,,,
14762,09/11/25 02:15:00,30.016,,,,,
14763,09/11/25 02:30:00,29.991,,,,,
14764,09/11/25 02:45:00,29.991,,,,,
14765,09/11/25 03:00:00,29.966,,,,,
14766,09/11/25 03:15:00,29.966,,,,,
14767,09/11/25 03:30:00,29.941,,,,,
14768,09/11/25 03:45:00,29.941,,,,,
14769,09/11/25 04:00:00,29.941,,,,,
14770,09/11/25 04:15:00,29.916,,,,,
14771,09/11/25 04:30:00,29.890,,,,,
14772,09/11/25 04:45:00,29.890,,,,,
14773,09/11/25 05:00:00,29.865,,,,,
14774,09/11/25 05:15:00,29.865,,,,,
14775,09/11/25 05:30:00,29.815,,,,,
14776,09/11/25 05:45:00,29.890,,,,,
14777,09/11/25 06:00:00,29.815,,,,,
14778,09/11/25 06:15:00,29.815,,,,,
14779,09/11/25 06:30:00,29.815,,,,,
14780,09/11/25 06:45:00,29.840,,,,,
14781,09/11/25 07:00:00,29.840,,,,,
14782,09/11/25 07:15:00,29.840,,,,,
14783,09/11/25 07:30:00,29.840,,,,,
14784,09/11/25 07:45:00,29.840,,,,,
14785,09/11/25 08:00:00,29.840,,,,,
14786,09/11/25 08:15:00,29.865,,,,,
14787,09/11/25 08:30:00,29.865,,,,,
14788,09/11/25 08:45:00,29.865,,,,,
14789,09/11/25 09:00:00,29.865,,,,,
14790,09/11/25 09:15:00,29.865,,,,,
14791,09/11/25 09:30:00,29.890,,,,,
14792,09/11/25 09:45:00,29.916,,,,,
14793,09/11/25 10:00:00,29.916,,,,,
14794,09/11/25 10:15:00,29.941,,,,,
14795,09/11/25 10:30:00,29.966,,,,,
14796,09/11/25 10:45:00,29.966,,,,,
14797,09/11/25 11:00:00,29.991,,,,,
14798,09/11/25 11:15:00,29.991,,,,,
14799,09/11/25 11:30:00,29.991,,,,,
14800,09/11/25 11:45:00,30.016,,,,,
14801,09/11/25 12:00:00,30.016,,,,,
14802,09/11/25 12:15:00,30.041,,,,,
14803,09/11/25 12:30:00,30.066,,,,,
14804,09/11/25 12:45:00,30.066,,,,,
14805,09/11/25 13:00:00,30.066,,,,,
14806,09/11/25 13:15:00,30.066,,,,,
14807,09/11/25 13:30:00,30.066,,,,,
14808,09/11/25 13:45:00,30.066,,,,,
14809,09/11/25 14:00:00,30.066,,,,,
14810,09/11/25 14:15:00,30.091,,,,,
14811,09/11/25 14:30:00,30.117,,,,,
14812,09/11/25 14:45:00,30.117,,,,,
14813,09/11/25 15:00:00,30.142,,,,,
14814,09/11/25 15:15:00,30.142,,,,,
14815,09/11/25 15:30:00,30.117,,,,,
14816,09/11/25 15:45:00,30.117,,,,,
14817,09/11/25 16:00:00,30.117,,,,,
14818,09/11/25 16:15:00,30.117,,,,,
14819,09/11/25 16:30:00,30.117,,,,,
14820,09/11/25 16:45:00,30.091,,,,,
14821,09/11/25 17:00:00,30.066,,,,,
14822,09/11/25 17:15:00,30.041,,,,,
14823,09/11/25 17:30:00,30.041,,,,,
14824,09/11/25 17:45:00,30.016,,,,,
14825,09/11/25 18:00:00,30.041,,,,,
14826,09/11/25 18:15:00,30.041,,,,,
14827,09/11/25 18:30:00,30.041,,,,,
14828,09/11/25 18:45:00,30.041,,,,,
14829,09/11/25 19:00:00,30.041,,,,,
14830,09/11/25 19:15:00,30.041,,,,,
14831,09/11/25 19:30:00,30.041,,,,,
14832,09/11/25 19:45:00,30.016,,,,,
14833,09/11/25 20:00:00,30.041,,,,,
14834,09/11/25 20:15:00,30.041,,,,,
14835,09/11/25 20:30:00,30.041,,,,,
14836,09/11/25 20:45:00,30.016,,,,,
14837,09/11/25 21:00:00,30.016,,,,,
14838,09/11/25 21:15:00,30.016,,,,,
14839,09/11/25 21:30:00,29.991,,,,,
14840,09/11/25 21:45:00,29.966,,,,,
14841,09/11/25 22:00:00,29.966,,,,,
14842,09/11/25 22:15:00,29.966,,,,,
14843,09/11/25 22:30:00,29.966,,,,,
14844,09/11/25 22:45:00,29.966,,,,,
14845,09/11/25 23:00:00,29.966,,,,,
14846,09/11/25 23:15:00,29.966,,,,,
14847,09/11/25 23:30:00,29.991,,,,,
14848,09/11/25 23:45:00,29.991,,,,,
14849,09/12/25 00:00:00,29.991,,,,,
14850,09/12/25 00:15:00,29.991,,,,,
14851,09/12/25 00:30:00,29.991,,,,,
14852,09/12/25 00:45:00,29.991,,,,,
14853,09/12/25 01:00:00,30.016,,,,,
14854,09/12/25 01:15:00,30.016,,,,,
14855,09/12/25 01:30:00,30.016,,,,,
14856,09/12/25 01:45:00,30.016,,,,,
14857,09/12/25 02:00:00,30.016,,,,,
14858,09/12/25 02:15:00,29.991,,,,,
14859,09/12/25 02:30:00,29.966,,,,,
14860,09/12/25 02:45:00,29.966,,,,,
14861,09/12/25 03:00:00,29.916,,,,,
14862,09/12/25 03:15:00,29.916,,,,,
14863,09/12/25 03:30:00,29.916,,,,,
14864,09/12/25 03:45:00,29.941,,,,,
14865,09/12/25 04:00:00,29.916,,,,,
14866,09/12/25 04:15:00,29.916,,,,,
14867,09/12/25 04:30:00,29.916,,,,,
14868,09/12/25 04:45:00,29.890,,,,,
14869,09/12/25 05:00:00,29.890,,,,,
14870,09/12/25 05:15:00,29.890,,,,,
14871,09/12/25 05:30:00,29.890,,,,,
14872,09/12/25 05:45:00,29.865,,,,,
14873,09/12/25 06:00:00,29.865,,,,,
14874,09/12/25 06:15:00,29.865,,,,,
14875,09/12/25 06:30:00,29.815,,,,,
14876,09/12/25 06:45:00,29.765,,,,,
14877,09/12/25 07:00:00,29.765,,,,,
14878,09/12/25 07:15:00,29.765,,,,,
14879,09/12/25 07:30:00,29.765,,,,,
14880,09/12/25 07:45:00,29.790,,,,,
14881,09/12/25 08:00:00,29.815,,,,,
14882,09/12/25 08:15:00,29.815,,,,,
14883,09/12/25 08:30:00,29.865,,,,,
14884,09/12/25 08:45:00,29.890,,,,,
14885,09/12/25 09:00:00,29.916,,,,,
14886,09/12/25 09:15:00,29.941,,,,,
14887,09/12/25 09:30:00,29.966,,,,,
14888,09/12/25 09:45:00,29.991,,,,,
14889,09/12/25 10:00:00,30.016,,,,,
14890,09/12/25 10:15:00,30.016,,,,,
14891,09/12/25 10:30:00,30.016,,,,,
14892,09/12/25 10:45:00,29.991,,,,,
14893,09/12/25 11:00:00,30.016,,,,,
14894,09/12/25 11:15:00,30.041,,,,,
14895,09/12/25 11:30:00,30.041,,,,,
14896,09/12/25 11:45:00,30.066,,,,,
14897,09/12/25 12:00:00,30.066,,,,,
14898,09/12/25 12:15:00,30.066,,,,,
14899,09/12/25 12:30:00,30.066,,,,,
14900,09/12/25 12:45:00,30.091,,,,,
14901,09/12/25 13:00:00,30.091,,,,,
14902,09/12/25 13:15:00,30.117,,,,,
14903,09/12/25 13:30:00,30.142,,,,,
14904,09/12/25 13:45:00,30.142,,,,,
14905,09/12/25 14:00:00,30.167,,,,,
14906,09/12/25 14:15:00,30.167,,,,,
14907,09/12/25 14:30:00,30.167,,,,,
14908,09/12/25 14:45:00,30.167,,,,,
14909,09/12/25 15:00:00,30.192,,,,,
14910,09/12/25 15:15:00,30.117,,,,,
14911,09/12/25 15:30:00,30.142,,,,,
14912,09/12/25 15:45:00,30.167,,,,,
14913,09/12/25 16:00:00,30.167,,,,,
14914,09/12/25 16:15:00,30.142,,,,,
14915,09/12/25 16:30:00,30.117,,,,,
14916,09/12/25 16:45:00,30.117,,,,,
14917,09/12/25 17:00:00,30.117,,,,,
14918,09/12/25 17:15:00,30.091,,,,,
14919,09/12/25 17:30:00,30.091,,,,,
14920,09/12/25 17:45:00,30.091,,,,,
14921,09/12/25 18:00:00,30.091,,,,,
14922,09/12/25 18:15:00,30.091,,,,,
14923,09/12/25 18:30:00,30.117,,,,,
14924,09/12/25 18:45:00,30.066,,,,,
14925,09/12/25 19:00:00,30.066,,,,,
14926,09/12/25 19:15:00,30.066,,,,,
14927,09/12/25 19:30:00,29.991,,,,,
14928,09/12/25 19:45:00,29.966,,,,,
14929,09/12/25 20:00:00,29.966,,,,,
14930,09/12/25 20:15:00,29.941,,,,,
14931,09/12/25 20:30:00,29.966,,,,,
14932,09/12/25 20:45:00,29.966,,,,,
14933,09/12/25 21:00:00,29.966,,,,,
14934,09/12/25 21:15:00,29.966,,,,,
14935,09/12/25 21:30:00,29.991,,,,,
14936,09/12/25 21:45:00,29.991,,,,,
14937,09/12/25 22:00:00,29.991,,,,,
14938,09/12/25 22:15:00,29.991,,,,,
14939,09/12/25 22:30:00,29.991,,,,,
14940,09/12/25 22:45:00,29.991,,,,,
14941,09/12/25 23:00:00,29.991,,,,,
14942,09/12/25 23:15:00,30.016,,,,,
14943,09/12/25 23:30:00,30.016,,,,,
14944,09/12/25 23:45:00,30.016,,,,,
14945,09/13/25 00:00:00,30.041,,,,,
14946,09/13/25 00:15:00,30.041,,,,,
14947,09/13/25 00:30:00,30.041,,,,,
14948,09/13/25 00:45:00,30.016,,,,,
14949,09/13/25 01:00:00,30.016,,,,,
14950,09/13/25 01:15:00,30.016,,,,,
14951,09/13/25 01:30:00,30.016,,,,,
14952,09/13/25 01:45:00,30.016,,,,,
14953,09/13/25 02:00:00,30.041,,,,,
14954,09/13/25 02:15:00,30.016,,,,,
14955,09/13/25 02:30:00,30.041,,,,,
14956,09/13/25 02:45:00,30.041,,,,,
14957,09/13/25 03:00:00,30.041,,,,,
14958,09/13/25 03:15:00,30.016,,,,,
14959,09/13/25 03:30:00,29.991,,,,,
14960,09/13/25 03:45:00,29.991,,,,,
14961,09/13/25 04:00:00,29.966,,,,,
14962,09/13/25 04:15:00,29.966,,,,,
14963,09/13/25 04:30:00,29.966,,,,,
14964,09/13/25 04:45:00,29.966,,,,,
14965,09/13/25 05:00:00,29.966,,,,,
14966,09/13/25 05:15:00,29.966,,,,,
14967,09/13/25 05:30:00,29.916,,,,,
14968,09/13/25 05:45:00,29.765,,,,,
14969,09/13/25 06:00:00,29.865,,,,,
14970,09/13/25 06:15:00,29.890,,,,,
14971,09/13/25 06:30:00,29.765,,,,,
14972,09/13/25 06:45:00,29.840,,,,,
14973,09/13/25 07:00:00,29.916,,,,,
14974,09/13/25 07:15:00,29.916,,,,,
14975,09/13/25 07:30:00,29.890,,,,,
14976,09/13/25 07:45:00,29.890,,,,,
14977,09/13/25 08:00:00,29.890,,,,,
14978,09/13/25 08:15:00,29.916,,,,,
14979,09/13/25 08:30:00,29.916,,,,,
14980,09/13/25 08:45:00,29.916,,,,,
14981,09/13/25 09:00:00,29.916,,,,,
14982,09/13/25 09:15:00,29.941,,,,,
14983,09/13/25 09:30:00,29.941,,,,,
14984,09/13/25 09:45:00,29.941,,,,,
14985,09/13/25 10:00:00,29.991,,,,,
14986,09/13/25 10:15:00,30.016,,,,,
14987,09/13/25 10:30:00,30.041,,,,,
14988,09/13/25 10:45:00,30.066,,,,,
14989,09/13/25 11:00:00,30.091,,,,,
14990,09/13/25 11:15:00,30.117,,,,,
14991,09/13/25 11:30:00,30.142,,,,,
14992,09/13/25 11:45:00,30.167,,,,,
14993,09/13/25 12:00:00,30.167,,,,,
14994,09/13/25 12:15:00,30.167,,,,,
14995,09/13/25 12:30:00,30.167,,,,,
14996,09/13/25 12:45:00,30.142,,,,,
14997,09/13/25 13:00:00,30.167,,,,,
14998,09/13/25 13:15:00,30.167,,,,,
14999,09/13/25 13:30:00,30.192,,,,,
15000,09/13/25 13:45:00,30.167,,,,,
15001,09/13/25 14:00:00,30.167,,,,,
15002,09/13/25 14:15:00,30.167,,,,,
15003,09/13/25 14:30:00,30.167,,,,,
15004,09/13/25 14:45:00,30.192,,,,,
15005,09/13/25 15:00:00,30.217,,,,,
15006,09/13/25 15:15:00,30.217,,,,,
15007,09/13/25 15:30:00,30.192,,,,,
15008,09/13/25 15:45:00,30.167,,,,,
15009,09/13/25 16:00:00,30.167,,,,,
15010,09/13/25 16:15:00,30.142,,,,,
15011,09/13/25 16:30:00,30.117,,,,,
15012,09/13/25 16:45:00,30.117,,,,,
15013,09/13/25 17:00:00,30.117,,,,,
15014,09/13/25 17:15:00,30.091,,,,,
15015,09/13/25 17:30:00,30.091,,,,,
15016,09/13/25 17:45:00,30.091,,,,,
15017,09/13/25 18:00:00,30.091,,,,,
15018,09/13/25 18:15:00,30.091,,,,,
15019,09/13/25 18:30:00,30.091,,,,,
15020,09/13/25 18:45:00,30.066,,,,,
15021,09/13/25 19:00:00,30.066,,,,,
15022,09/13/25 19:15:00,30.066,,,,,
15023,09/13/25 19:30:00,30.041,,,,,
15024,09/13/25 19:45:00,30.041,,,,,
15025,09/13/25 20:00:00,30.016,,,,,
15026,09/13/25 20:15:00,30.016,,,,,
15027,09/13/25 20:30:00,30.016,,,,,
15028,09/13/25 20:45:00,29.991,,,,,
15029,09/13/25 21:00:00,29.991,,,,,
15030,09/13/25 21:15:00,29.991,,,,,
15031,09/13/25 21:30:00,30.016,,,,,
15032,09/13/25 21:45:00,30.016,,,,,
15033,09/13/25 22:00:00,30.016,,,,,
15034,09/13/25 22:15:00,30.016,,,,,
15035,09/13/25 22:30:00,30.041,,,,,
15036,09/13/25 22:45:00,30.041,,,,,
15037,09/13/25 23:00:00,30.066,,,,,
15038,09/13/25 23:15:00,30.066,,,,,
15039,09/13/25 23:30:00,30.066,,,,,
15040,09/13/25 23:45:00,30.066,,,,,
15041,09/14/25 00:00:00,30.066,,,,,
15042,09/14/25 00:15:00,30.041,,,,,
15043,09/14/25 00:30:00,30.041,,,,,
15044,09/14/25 00:45:00,30.041,,,,,
15045,09/14/25 01:00:00,30.041,,,,,
15046,09/14/25 01:15:00,30.041,,,,,
15047,09/14/25 01:30:00,30.041,,,,,
15048,09/14/25 01:45:00,30.041,,,,,
15049,09/14/25 02:00:00,30.016,,,,,
15050,09/14/25 02:15:00,29.966,,,,,
15051,09/14/25 02:30:00,29.966,,,,,
15052,09/14/25 02:45:00,29.966,,,,,
15053,09/14/25 03:00:00,29.991,,,,,
15054,09/14/25 03:15:00,29.991,,,,,
15055,09/14/25 03:30:00,29.991,,,,,
15056,09/14/25 03:45:00,29.991,,,,,
15057,09/14/25 04:00:00,29.991,,,,,
15058,09/14/25 04:15:00,29.991,,,,,
15059,09/14/25 04:30:00,29.966,,,,,
15060,09/14/25 04:45:00,29.966,,,,,
15061,09/14/25 05:00:00,29.966,,,,,
15062,09/14/25 05:15:00,29.941,,,,,
15063,09/14/25 05:30:00,29.916,,,,,
15064,09/14/25 05:45:00,29.916,,,,,
15065,09/14/25 06:00:00,29.916,,,,,
15066,09/14/25 06:15:00,29.865,,,,,
15067,09/14/25 06:30:00,29.840,,,,,
15068,09/14/25 06:45:00,29.840,,,,,
15069,09/14/25 07:00:00,29.840,,,,,
15070,09/14/25 07:15:00,29.815,,,,,
15071,09/14/25 07:30:00,29.840,,,,,
15072,09/14/25 07:45:00,29.840,,,,,
15073,09/14/25 08:00:00,29.840,,,,,
15074,09/14/25 08:15:00,29.840,,,,,
15075,09/14/25 08:30:00,29.865,,,,,
15076,09/14/25 08:45:00,29.865,,,,,
15077,09/14/25 09:00:00,29.890,,,,,
15078,09/14/25 09:15:00,29.916,,,,,
15079,09/14/25 09:30:00,29.916,,,,,
15080,09/14/25 09:45:00,29.916,,,,,
15081,09/14/25 10:00:00,29.941,,,,,
15082,09/14/25 10:15:00,29.916,,,,,
15083,09/14/25 10:30:00,29.916,,,,,
15084,09/14/25 10:45:00,29.966,,,,,
15085,09/14/25 11:00:00,29.941,,,,,
15086,09/14/25 11:15:00,29.966,,,,,
15087,09/14/25 11:30:00,30.016,,,,,
15088,09/14/25 11:45:00,30.016,,,,,
15089,09/14/25 12:00:00,30.016,,,,,
15090,09/14/25 12:15:00,30.066,,,,,
15091,09/14/25 12:30:00,30.091,,,,,
15092,09/14/25 12:45:00,30.117,,,,,
15093,09/14/25 13:00:00,30.142,,,,,
15094,09/14/25 13:15:00,30.142,,,,,
15095,09/14/25 13:30:00,30.016,,,,,
15096,09/14/25 13:45:00,29.991,,,,,
15097,09/14/25 14:00:00,29.966,,,,,
15098,09/14/25 14:15:00,29.966,,,,,
15099,09/14/25 14:30:00,30.016,,,,,
15100,09/14/25 14:45:00,30.041,,,,,
15101,09/14/25 15:00:00,30.016,,,,,
15102,09/14/25 15:15:00,29.991,,,,,
15103,09/14/25 15:30:00,29.991,,,,,
15104,09/14/25 15:45:00,29.991,,,,,
15105,09/14/25 16:00:00,30.016,,,,,
15106,09/14/25 16:15:00,30.016,,,,,
15107,09/14/25 16:30:00,30.016,,,,,
15108,09/14/25 16:45:00,30.016,,,,,
15109,09/14/25 17:00:00,30.016,,,,,
15110,09/14/25 17:15:00,30.016,,,,,
15111,09/14/25 17:30:00,30.041,,,,,
15112,09/14/25 17:45:00,30.016,,,,,
15113,09/14/25 18:00:00,29.991,,,,,
15114,09/14/25 18:15:00,29.991,,,,,
15115,09/14/25 18:30:00,29.966,,,,,
15116,09/14/25 18:45:00,29.966,,,,,
15117,09/14/25 19:00:00,29.991,,,,,
15118,09/14/25 19:15:00,29.966,,,,,
15119,09/14/25 19:30:00,29.966,,,,,
15120,09/14/25 19:45:00,29.966,,,,,
15121,09/14/25 20:00:00,29.966,,,,,
15122,09/14/25 20:15:00,29.966,,,,,
15123,09/14/25 20:30:00,29.966,,,,,
15124,09/14/25 20:45:00,29.991,,,,,
15125,09/14/25 21:00:00,29.991,,,,,
15126,09/14/25 21:15:00,29.991,,,,,
15127,09/14/25 21:30:00,29.991,,,,,
15128,09/14/25 21:45:00,29.991,,,,,
15129,09/14/25 22:00:00,29.991,,,,,
15130,09/14/25 22:15:00,29.991,,,,,
15131,09/14/25 22:30:00,29.991,,,,,
15132,09/14/25 22:45:00,29.966,,,,,
15133,09/14/25 23:00:00,29.966,,,,,
15134,09/14/25 23:15:00,29.966,,,,,
15135,09/14/25 23:30:00,29.966,,,,,
15136,09/14/25 23:45:00,29.966,,,,,
15137,09/15/25 00:00:00,29.966,,,,,
15138,09/15/25 00:15:00,29.966,,,,,
15139,09/15/25 00:30:00,29.966,,,,,
15140,09/15/25 00:45:00,29.916,,,,,
15141,09/15/25 01:00:00,29.941,,,,,
15142,09/15/25 01:15:00,29.916,,,,,
15143,09/15/25 01:30:00,29.916,,,,,
15144,09/15/25 01:45:00,29.916,,,,,
15145,09/15/25 02:00:00,29.916,,,,,
15146,09/15/25 02:15:00,29.916,,,,,
15147,09/15/25 02:30:00,29.916,,,,,
15148,09/15/25 02:45:00,29.916,,,,,
15149,09/15/25 03:00:00,29.916,,,,,
15150,09/15/25 03:15:00,29.941,,,,,
15151,09/15/25 03:30:00,29.941,,,,,
15152,09/15/25 03:45:00,29.941,,,,,
15153,09/15/25 04:00:00,29.941,,,,,
15154,09/15/25 04:15:00,29.941,,,,,
15155,09/15/25 04:30:00,29.941,,,,,
15156,09/15/25 04:45:00,29.941,,,,,
15157,09/15/25 05:00:00,29.916,,,,,
15158,09/15/25 05:15:00,29.916,,,,,
15159,09/15/25 05:30:00,29.916,,,,,
15160,09/15/25 05:45:00,29.890,,,,,
15161,09/15/25 06:00:00,29.865,,,,,
15162,09/15/25 06:15:00,29.865,,,,,
15163,09/15/25 06:30:00,29.840,,,,,
15164,09/15/25 06:45:00,29.815,,,,,
15165,09/15/25 07:00:00,29.790,,,,,
15166,09/15/25 07:15:00,29.790,,,,,
15167,09/15/25 07:30:00,29.815,,,,,
15168,09/15/25 07:45:00,29.840,,,,,
15169,09/15/25 08:00:00,29.840,,,,,
15170,09/15/25 08:15:00,29.840,,,,,
15171,09/15/25 08:30:00,29.840,,,,,
15172,09/15/25 08:45:00,29.840,,,,,
15173,09/15/25 09:00:00,29.865,,,,,
15174,09/15/25 09:15:00,29.890,,,,,
15175,09/15/25 09:30:00,29.890,,,,,
15176,09/15/25 09:45:00,29.916,,,,,
15177,09/15/25 10:00:00,29.916,,,,,
15178,09/15/25 10:15:00,29.916,,,,,
15179,09/15/25 10:30:00,29.941,,,,,
15180,09/15/25 10:45:00,29.966,,,,,
15181,09/15/25 11:00:00,29.966,,,,,
15182,09/15/25 11:15:00,30.016,,,,,
15183,09/15/25 11:30:00,30.016,,,,,
15184,09/15/25 11:45:00,30.041,,,,,
15185,09/15/25 12:00:00,29.991,,,,,
15186,09/15/25 12:15:00,30.016,,,,,
15187,09/15/25 12:30:00,30.016,,,,,
15188,09/15/25 12:45:00,30.066,,,,,
15189,09/15/25 13:00:00,30.066,,,,,
15190,09/15/25 13:15:00,30.066,,,,,
15191,09/15/25 13:30:00,30.091,,,,,
15192,09/15/25 13:45:00,30.117,,,,,
15193,09/15/25 14:00:00,30.117,,,,,
15194,09/15/25 14:15:00,30.091,,,,,
15195,09/15/25 14:30:00,30.091,,,,,
15196,09/15/25 14:45:00,30.091,,,,,
15197,09/15/25 15:00:00,30.091,,,,,
15198,09/15/25 15:15:00,30.117,,,,,
15199,09/15/25 15:30:00,30.091,,,,,
15200,09/15/25 15:45:00,30.091,,,,,
15201,09/15/25 16:00:00,30.091,,,,,
15202,09/15/25 16:15:00,30.091,,,,,
15203,09/15/25 16:30:00,30.091,,,,,
15204,09/15/25 16:45:00,30.066,,,,,
15205,09/15/25 17:00:00,30.066,,,,,
15206,09/15/25 17:15:00,30.066,,,,,
15207,09/15/25 17:30:00,30.066,,,,,
15208,09/15/25 17:45:00,30.066,,,,,
15209,09/15/25 18:00:00,30.066,,,,,
15210,09/15/25 18:15:00,30.066,,,,,
15211,09/15/25 18:30:00,30.066,,,,,
15212,09/15/25 18:45:00,30.066,,,,,
15213,09/15/25 19:00:00,30.066,,,,,
15214,09/15/25 19:15:00,30.041,,,,,
15215,09/15/25 19:30:00,30.041,,,,,
15216,09/15/25 19:45:00,30.041,,,,,
15217,09/15/25 20:00:00,30.041,,,,,
15218,09/15/25 20:15:00,30.066,,,,,
15219,09/15/25 20:30:00,30.066,,,,,
15220,09/15/25 20:45:00,30.066,,,,,
15221,09/15/25 21:00:00,30.041,,,,,
15222,09/15/25 21:15:00,29.991,,,,,
15223,09/15/25 21:30:00,30.016,,,,,
15224,09/15/25 21:45:00,30.041,,,,,
15225,09/15/25 22:00:00,30.016,,,,,
15226,09/15/25 22:15:00,30.016,,,,,
15227,09/15/25 22:30:00,30.016,,,,,
15228,09/15/25 22:45:00,30.041,,,,,
15229,09/15/25 23:00:00,30.041,,,,,
15230,09/15/25 23:15:00,30.041,,,,,
15231,09/15/25 23:30:00,29.941,,,,,
15232,09/15/25 23:45:00,29.890,,,,,
15233,09/16/25 00:00:00,29.941,,,,,
15234,09/16/25 00:15:00,29.815,,,,,
15235,09/16/25 00:30:00,29.840,,,,,
15236,09/16/25 00:45:00,29.865,,,,,
15237,09/16/25 01:00:00,29.916,,,,,
15238,09/16/25 01:15:00,29.941,,,,,
15239,09/16/25 01:30:00,29.941,,,,,
15240,09/16/25 01:45:00,29.916,,,,,
15241,09/16/25 02:00:00,29.890,,,,,
15242,09/16/25 02:15:00,29.840,,,,,
15243,09/16/25 02:30:00,29.840,,,,,
15244,09/16/25 02:45:00,29.815,,,,,
15245,09/16/25 03:00:00,29.840,,,,,
15246,09/16/25 03:15:00,29.840,,,,,
15247,09/16/25 03:30:00,29.815,,,,,
15248,09/16/25 03:45:00,29.815,,,,,
15249,09/16/25 04:00:00,29.790,,,,,
15250,09/16/25 04:15:00,29.790,,,,,
15251,09/16/25 04:30:00,29.790,,,,,
15252,09/16/25 04:45:00,29.790,,,,,
15253,09/16/25 05:00:00,29.815,,,,,
15254,09/16/25 05:15:00,29.815,,,,,
15255,09/16/25 05:30:00,29.840,,,,,
15256,09/16/25 05:45:00,29.840,,,,,
15257,09/16/25 06:00:00,29.815,,,,,
15258,09/16/25 06:15:00,29.840,,,,,
15259,09/16/25 06:30:00,29.840,,,,,
15260,09/16/25 06:45:00,29.840,,,,,
15261,09/16/25 07:00:00,29.840,,,,,
15262,09/16/25 07:15:00,29.840,,,,,
15263,09/16/25 07:30:00,29.840,,,,,
15264,09/16/25 07:45:00,29.840,,,,,
15265,09/16/25 08:00:00,29.865,,,,,
15266,09/16/25 08:15:00,29.865,,,,,
15267,09/16/25 08:30:00,29.865,,,,,
15268,09/16/25 08:45:00,29.890,,,,,
15269,09/16/25 09:00:00,29.840,,,,,
15270,09/16/25 09:15:00,29.790,,,,,
15271,09/16/25 09:30:00,29.865,,,,,
15272,09/16/25 09:45:00,29.890,,,,,
15273,09/16/25 10:00:00,29.890,,,,,
15274,09/16/25 10:15:00,29.840,,,,,
15275,09/16/25 10:30:00,29.790,,,,,
15276,09/16/25 10:45:00,29.840,,,,,
15277,09/16/25 11:00:00,29.865,,,,,
15278,09/16/25 11:15:00,29.916,,,,,
15279,09/16/25 11:30:00,29.941,,,,,
15280,09/16/25 11:45:00,29.941,,,,,
15281,09/16/25 12:00:00,29.966,,,,,
15282,09/16/25 12:15:00,30.016,,,,,
15283,09/16/25 12:30:00,30.041,,,,,
15284,09/16/25 12:45:00,30.041,,,,,
15285,09/16/25 13:00:00,30.066,,,,,
15286,09/16/25 13:15:00,30.066,,,,,
15287,09/16/25 13:30:00,30.091,,,,,
15288,09/16/25 13:45:00,30.091,,,,,
15289,09/16/25 14:00:00,30.117,,,,,
15290,09/16/25 14:15:00,30.142,,,,,
15291,09/16/25 14:30:00,30.167,,,,,
15292,09/16/25 14:45:00,30.192,,,,,
15293,09/16/25 15:00:00,30.217,,,,,
15294,09/16/25 15:15:00,30.217,,,,,
15295,09/16/25 15:30:00,30.217,,,,,
15296,09/16/25 15:45:00,30.217,,,,,
15297,09/16/25 16:00:00,30.217,,,,,
15298,09/16/25 16:15:00,30.192,,,,,
15299,09/16/25 16:30:00,30.192,,,,,
15300,09/16/25 16:45:00,30.167,,,,,
15301,09/16/25 17:00:00,30.142,,,,,
15302,09/16/25 17:15:00,30.117,,,,,
15303,09/16/25 17:30:00,30.117,,,,,
15304,09/16/25 17:45:00,30.117,,,,,
15305,09/16/25 18:00:00,30.117,,,,,
15306,09/16/25 18:15:00,30.117,,,,,
15307,09/16/25 18:30:00,30.142,,,,,
15308,09/16/25 18:45:00,30.142,,,,,
15309,09/16/25 19:00:00,30.142,,,,,
15310,09/16/25 19:15:00,30.142,,,,,
15311,09/16/25 19:30:00,30.142,,,,,
15312,09/16/25 19:45:00,30.117,,,,,
15313,09/16/25 20:00:00,30.117,,,,,
15314,09/16/25 20:15:00,30.117,,,,,
15315,09/16/25 20:30:00,30.117,,,,,
15316,09/16/25 20:45:00,30.117,,,,,
15317,09/16/25 21:00:00,30.117,,,,,
15318,09/16/25 21:15:00,30.091,,,,,
15319,09/16/25 21:30:00,30.066,,,,,
15320,09/16/25 21:45:00,30.041,,,,,
15321,09/16/25 22:00:00,30.016,,,,,
15322,09/16/25 22:15:00,30.016,,,,,
15323,09/16/25 22:30:00,29.991,,,,,
15324,09/16/25 22:45:00,29.966,,,,,
15325,09/16/25 23:00:00,29.966,,,,,
15326,09/16/25 23:15:00,29.916,,,,,
15327,09/16/25 23:30:00,29.890,,,,,
15328,09/16/25 23:45:00,29.840,,,,,
15329,09/17/25 00:00:00,29.840,,,,,
15330,09/17/25 00:15:00,29.815,,,,,
15331,09/17/25 00:30:00,29.840,,,,,
15332,09/17/25 00:45:00,29.865,,,,,
15333,09/17/25 01:00:00,29.865,,,,,
15334,09/17/25 01:15:00,29.890,,,,,
15335,09/17/25 01:30:00,29.916,,,,,
15336,09/17/25 01:45:00,29.916,,,,,
15337,09/17/25 02:00:00,29.916,,,,,
15338,09/17/25 02:15:00,29.916,,,,,
15339,09/17/25 02:30:00,29.916,,,,,
15340,09/17/25 02:45:00,29.890,,,,,
15341,09/17/25 03:00:00,29.890,,,,,
15342,09/17/25 03:15:00,29.890,,,,,
15343,09/17/25 03:30:00,29.890,,,,,
15344,09/17/25 03:45:00,29.890,,,,,
15345,09/17/25 04:00:00,29.890,,,,,
15346,09/17/25 04:15:00,29.890,,,,,
15347,09/17/25 04:30:00,29.865,,,,,
15348,09/17/25 04:45:00,29.840,,,,,
15349,09/17/25 05:00:00,29.815,,,,,
15350,09/17/25 05:15:00,29.815,,,,,
15351,09/17/25 05:30:00,29.790,,,,,
15352,09/17/25 05:45:00,29.790,,,,,
15353,09/17/25 06:00:00,29.790,,,,,
15354,09/17/25 06:15:00,29.790,,,,,
15355,09/17/25 06:30:00,29.790,,,,,
15356,09/17/25 06:45:00,29.815,,,,,
15357,09/17/25 07:00:00,29.740,,,,,
15358,09/17/25 07:15:00,29.665,,,,,
15359,09/17/25 07:30:00,29.640,,,,,
15360,09/17/25 07:45:00,29.640,,,,,
15361,09/17/25 08:00:00,29.640,,,,,
15362,09/17/25 08:15:00,29.640,,,,,
15363,09/17/25 08:30:00,29.690,,,,,
15364,09/17/25 08:45:00,29.740,,,,,
15365,09/17/25 09:00:00,29.765,,,,,
15366,09/17/25 09:15:00,29.890,,,,,
15367,09/17/25 09:30:00,29.865,,,,,
15368,09/17/25 09:45:00,29.840,,,,,
15369,09/17/25 10:00:00,29.840,,,,,
15370,09/17/25 10:15:00,29.865,,,,,
15371,09/17/25 10:30:00,29.916,,,,,
15372,09/17/25 10:45:00,29.916,,,,,
15373,09/17/25 11:00:00,29.890,,,,,
15374,09/17/25 11:15:00,29.941,,,,,
15375,09/17/25 11:30:00,29.966,,,,,
15376,09/17/25 11:45:00,29.991,,,,,
15377,09/17/25 12:00:00,30.016,,,,,
15378,09/17/25 12:15:00,30.066,,,,,
15379,09/17/25 12:30:00,30.066,,,,,
15380,09/17/25 12:45:00,30.091,,,,,
15381,09/17/25 13:00:00,29.966,,,,,
15382,09/17/25 13:15:00,29.966,,,,,
15383,09/17/25 13:30:00,29.991,,,,,
15384,09/17/25 13:45:00,29.991,,,,,
15385,09/17/25 14:00:00,30.016,,,,,
15386,09/17/25 14:15:00,29.991,,,,,
15387,09/17/25 14:30:00,30.016,,,,,
15388,09/17/25 14:45:00,30.041,,,,,
15389,09/17/25 15:00:00,30.041,,,,,
15390,09/17/25 15:15:00,30.041,,,,,
15391,09/17/25 15:30:00,30.066,,,,,
15392,09/17/25 15:45:00,30.066,,,,,
15393,09/17/25 16:00:00,30.091,,,,,
15394,09/17/25 16:15:00,30.091,,,,,
15395,09/17/25 16:30:00,30.117,,,,,
15396,09/17/25 16:45:00,30.091,,,,,
15397,09/17/25 17:00:00,30.117,,,,,
15398,09/17/25 17:15:00,30.091,,,,,
15399,09/17/25 17:30:00,30.091,,,,,
15400,09/17/25 17:45:00,30.091,,,,,
15401,09/17/25 18:00:00,30.117,,,,,
15402,09/17/25 18:15:00,30.117,,,,,
15403,09/17/25 18:30:00,30.117,,,,,
15404,09/17/25 18:45:00,30.091,,,,,
15405,09/17/25 19:00:00,30.066,,,,,
15406,09/17/25 19:15:00,30.066,,,,,
15407,09/17/25 19:30:00,30.091,,,,,
15408,09/17/25 19:45:00,30.091,,,,,
15409,09/17/25 20:00:00,30.091,,,,,
15410,09/17/25 20:15:00,30.066,,,,,
15411,09/17/25 20:30:00,30.066,,,,,
15412,09/17/25 20:45:00,30.066,,,,,
15413,09/17/25 21:00:00,30.041,,,,,
15414,09/17/25 21:15:00,30.041,,,,,
15415,09/17/25 21:30:00,30.016,,,,,
15416,09/17/25 21:45:00,30.016,,,,,
15417,09/17/25 22:00:00,30.041,,,,,
15418,09/17/25 22:15:00,30.016,,,,,
15419,09/17/25 22:30:00,30.066,,,,,
15420,09/17/25 22:45:00,30.041,,,,,
15421,09/17/25 23:00:00,30.041,,,,,
15422,09/17/25 23:15:00,29.991,,,,,
15423,09/17/25 23:30:00,30.016,,,,,
15424,09/17/25 23:45:00,30.016,,,,,
15425,09/18/25 00:00:00,30.016,,,,,
15426,09/18/25 00:15:00,29.966,,,,,
15427,09/18/25 00:30:00,29.966,,,,,
15428,09/18/25 00:45:00,29.916,,,,,
15429,09/18/25 01:00:00,29.916,,,,,
15430,09/18/25 01:15:00,29.916,,,,,
15431,09/18/25 01:30:00,29.941,,,,,
15432,09/18/25 01:45:00,29.966,,,,,
15433,09/18/25 02:00:00,29.966,,,,,
15434,09/18/25 02:15:00,29.941,,,,,
15435,09/18/25 02:30:00,29.916,,,,,
15436,09/18/25 02:45:00,29.916,,,,,
15437,09/18/25 03:00:00,29.916,,,,,
15438,09/18/25 03:15:00,29.916,,,,,
15439,09/18/25 03:30:00,29.890,,,,,
15440,09/18/25 03:45:00,29.890,,,,,
15441,09/18/25 04:00:00,29.865,,,,,
15442,09/18/25 04:15:00,29.865,,,,,
15443,09/18/25 04:30:00,29.865,,,,,
15444,09/18/25 04:45:00,29.840,,,,,
15445,09/18/25 05:00:00,29.815,,,,,
15446,09/18/25 05:15:00,29.815,,,,,
15447,09/18/25 05:30:00,29.790,,,,,
15448,09/18/25 05:45:00,29.790,,,,,
15449,09/18/25 06:00:00,29.765,,,,,
15450,09/18/25 06:15:00,29.765,,,,,
15451,09/18/25 06:30:00,29.790,,,,,
15452,09/18/25 06:45:00,29.790,,,,,
15453,09/18/25 07:00:00,29.765,,,,,
15454,09/18/25 07:15:00,29.815,,,,,
15455,09/18/25 07:30:00,29.815,,,,,
15456,09/18/25 07:45:00,29.840,,,,,
15457,09/18/25 08:00:00,29.840,,,,,
15458,09/18/25 08:15:00,29.865,,,,,
15459,09/18/25 08:30:00,29.865,,,,,
15460,09/18/25 08:45:00,29.865,,,,,
15461,09/18/25 09:00:00,29.865,,,,,
15462,09/18/25 09:15:00,29.865,,,,,
15463,09/18/25 09:30:00,29.890,,,,,
15464,09/18/25 09:45:00,29.890,,,,,
15465,09/18/25 10:00:00,29.890,,,,,
15466,09/18/25 10:15:00,29.890,,,,,
15467,09/18/25 10:30:00,29.916,,,,,
15468,09/18/25 10:45:00,29.916,,,,,
15469,09/18/25 11:00:00,29.916,,,,,
15470,09/18/25 11:15:00,29.916,,,,,
15471,09/18/25 11:30:00,29.916,,,,,
15472,09/18/25 11:45:00,29.916,,,,,
15473,09/18/25 12:00:00,29.916,,,,,
15474,09/18/25 12:15:00,29.916,,,,,
15475,09/18/25 12:30:00,29.916,,,,,
15476,09/18/25 12:45:00,29.916,,,,,
15477,09/18/25 13:00:00,29.916,,,,,
15478,09/18/25 13:15:00,29.916,,,,,
15479,09/18/25 13:30:00,29.916,,,,,
15480,09/18/25 13:45:00,29.916,,,,,
15481,09/18/25 14:00:00,29.916,,,,,
15482,09/18/25 14:15:00,29.916,,,,,
15483,09/18/25 14:30:00,29.916,,,,,
15484,09/18/25 14:45:00,29.916,,,,,
15485,09/18/25 15:00:00,29.916,,,,,
15486,09/18/25 15:15:00,29.941,,,,,
15487,09/18/25 15:30:00,29.941,,,,,
15488,09/18/25 15:45:00,29.941,,,,,
15489,09/18/25 16:00:00,29.966,,,,,
15490,09/18/25 16:15:00,29.966,,,,,
15491,09/18/25 16:30:00,29.966,,,,,
15492,09/18/25 16:45:00,29.966,,,,,
15493,09/18/25 17:00:00,29.966,,,,,
15494,09/18/25 17:15:00,29.966,,,,,
15495,09/18/25 17:30:00,29.966,,,,,
15496,09/18/25 17:45:00,29.966,,,,,
15497,09/18/25 18:00:00,29.916,,,,,
15498,09/18/25 18:15:00,29.916,,,,,
15499,09/18/25 18:30:00,29.916,,,,,
15500,09/18/25 18:45:00,29.916,,,,,
15501,09/18/25 19:00:00,29.916,,,,,
15502,09/18/25 19:15:00,29.890,,,,,
15503,09/18/25 19:30:00,29.890,,,,,
15504,09/18/25 19:45:00,29.865,,,,,
15505,09/18/25 20:00:00,29.865,,,,,
15506,09/18/25 20:15:00,29.865,,,,,
15507,09/18/25 20:30:00,29.865,,,,,
15508,09/18/25 20:45:00,29.865,,,,,
15509,09/18/25 21:00:00,29.840,,,,,
15510,09/18/25 21:15:00,29.840,,,,,
15511,09/18/25 21:30:00,29.815,,,,,
15512,09/18/25 21:45:00,29.815,,,,,
15513,09/18/25 22:00:00,29.815,,,,,
15514,09/18/25 22:15:00,29.815,,,,,
15515,09/18/25 22:30:00,29.815,,,,,
15516,09/18/25 22:45:00,29.790,,,,,
15517,09/18/25 23:00:00,29.790,,,,,
15518,09/18/25 23:15:00,29.765,,,,,
15519,09/18/25 23:30:00,29.765,,,,,
15520,09/18/25 23:45:00,29.765,,,,,
15521,09/19/25 00:00:00,29.765,,,,,
15522,09/19/25 00:15:00,29.765,,,,,
15523,09/19/25 00:30:00,29.740,,,,,
15524,09/19/25 00:45:00,29.740,,,,,
15525,09/19/25 01:00:00,29.715,,,,,
15526,09/19/25 01:15:00,29.715,,,,,
15527,09/19/25 01:30:00,29.715,,,,,
15528,09/19/25 01:45:00,29.690,,,,,
15529,09/19/25 02:00:00,29.690,,,,,
15530,09/19/25 02:15:00,29.665,,,,,
15531,09/19/25 02:30:00,29.640,,,,,
15532,09/19/25 02:45:00,29.615,,,,,
15533,09/19/25 03:00:00,29.615,,,,,
15534,09/19/25 03:15:00,29.590,,,,,
15535,09/19/25 03:30:00,29.590,,,,,
15536,09/19/25 03:45:00,29.565,,,,,
15537,09/19/25 04:00:00,29.540,,,,,
15538,09/19/25 04:15:00,29.540,,,,,
15539,09/19/25 04:30:00,29.515,,,,,
15540,09/19/25 04:45:00,29.515,,,,,
15541,09/19/25 05:00:00,29.515,,,,,
15542,09/19/25 05:15:00,29.515,,,,,
15543,09/19/25 05:30:00,29.515,,,,,
15544,09/19/25 05:45:00,29.515,,,,,
15545,09/19/25 06:00:00,29.540,,,,,
15546,09/19/25 06:15:00,29.540,,,,,
15547,09/19/25 06:30:00,29.565,,,,,
15548,09/19/25 06:45:00,29.565,,,,,
15549,09/19/25 07:00:00,29.590,,,,,
15550,09/19/25 07:15:00,29.590,,,,,
15551,09/19/25 07:30:00,29.615,,,,,
15552,09/19/25 07:45:00,29.615,,,,,
15553,09/19/25 08:00:00,29.640,,,,,
15554,09/19/25 08:15:00,29.640,,,,,
15555,09/19/25 08:30:00,29.640,,,,,
15556,09/19/25 08:45:00,29.640,,,,,
15557,09/19/25 09:00:00,29.615,,,,,
15558,09/19/25 09:15:00,29.615,,,,,
15559,09/19/25 09:30:00,29.640,,,,,
15560,09/19/25 09:45:00,29.665,,,,,
15561,09/19/25 10:00:00,29.690,,,,,
15562,09/19/25 10:15:00,29.715,,,,,
15563,09/19/25 10:30:00,29.740,,,,,
15564,09/19/25 10:45:00,29.765,,,,,
15565,09/19/25 11:00:00,29.765,,,,,
15566,09/19/25 11:15:00,29.765,,,,,
15567,09/19/25 11:30:00,29.790,,,,,
15568,09/19/25 11:45:00,29.790,,,,,
15569,09/19/25 12:00:00,29.790,,,,,
15570,09/19/25 12:15:00,29.815,,,,,
15571,09/19/25 12:30:00,29.815,,,,,
15572,09/19/25 12:45:00,29.840,,,,,
15573,09/19/25 13:00:00,29.815,,,,,
15574,09/19/25 13:15:00,29.916,,,,,
15575,09/19/25 13:30:00,29.916,,,,,
15576,09/19/25 13:45:00,29.865,,,,,
15577,09/19/25 14:00:00,29.865,,,,,
15578,09/19/25 14:15:00,29.865,,,,,
15579,09/19/25 14:30:00,29.865,,,,,
15580,09/19/25 14:45:00,29.840,,,,,
15581,09/19/25 15:00:00,29.840,,,,,
15582,09/19/25 15:15:00,29.840,,,,,
15583,09/19/25 15:30:00,29.840,,,,,
15584,09/19/25 15:45:00,29.865,,,,,
15585,09/19/25 16:00:00,29.865,,,,,
15586,09/19/25 16:15:00,29.890,,,,,
15587,09/19/25 16:30:00,29.890,,,,,
15588,09/19/25 16:45:00,29.890,,,,,
15589,09/19/25 17:00:00,29.890,,,,,
15590,09/19/25 17:15:00,29.890,,,,,
15591,09/19/25 17:30:00,29.916,,,,,
15592,09/19/25 17:45:00,29.916,,,,,
15593,09/19/25 18:00:00,29.916,,,,,
15594,09/19/25 18:15:00,29.916,,,,,
15595,09/19/25 18:30:00,29.916,,,,,
15596,09/19/25 18:45:00,29.916,,,,,
15597,09/19/25 19:00:00,29.916,,,,,
15598,09/19/25 19:15:00,29.916,,,,,
15599,09/19/25 19:30:00,29.916,,,,,
15600,09/19/25 19:45:00,29.916,,,,,
15601,09/19/25 20:00:00,29.916,,,,,
15602,09/19/25 20:15:00,29.916,,,,,
15603,09/19/25 20:30:00,29.916,,,,,
15604,09/19/25 20:45:00,29.916,,,,,
15605,09/19/25 21:00:00,29.916,,,,,
15606,09/19/25 21:15:00,29.916,,,,,
15607,09/19/25 21:30:00,29.890,,,,,
15608,09/19/25 21:45:00,29.890,,,,,
15609,09/19/25 22:00:00,29.865,,,,,
15610,09/19/25 22:15:00,29.865,,,,,
15611,09/19/25 22:30:00,29.865,,,,,
15612,09/19/25 22:45:00,29.840,,,,,
15613,09/19/25 23:00:00,29.840,,,,,
15614,09/19/25 23:15:00,29.840,,,,,
15615,09/19/25 23:30:00,29.840,,,,,
15616,09/19/25 23:45:00,29.840,,,,,
15617,09/20/25 00:00:00,29.840,,,,,
15618,09/20/25 00:15:00,29.815,,,,,
15619,09/20/25 00:30:00,29.815,,,,,
15620,09/20/25 00:45:00,29.815,,,,,
15621,09/20/25 01:00:00,29.815,,,,,
15622,09/20/25 01:15:00,29.815,,,,,
15623,09/20/25 01:30:00,29.790,,,,,
15624,09/20/25 01:45:00,29.790,,,,,
15625,09/20/25 02:00:00,29.790,,,,,
15626,09/20/25 02:15:00,29.790,,,,,
15627,09/20/25 02:30:00,29.790,,,,,
15628,09/20/25 02:45:00,29.790,,,,,
15629,09/20/25 03:00:00,29.790,,,,,
15630,09/20/25 03:15:00,29.765,,,,,
15631,09/20/25 03:30:00,29.765,,,,,
15632,09/20/25 03:45:00,29.740,,,,,
15633,09/20/25 04:00:00,29.715,,,,,
15634,09/20/25 04:15:00,29.690,,,,,
15635,09/20/25 04:30:00,29.665,,,,,
15636,09/20/25 04:45:00,29.665,,,,,
15637,09/20/25 05:00:00,29.665,,,,,
15638,09/20/25 05:15:00,29.665,,,,,
15639,09/20/25 05:30:00,29.640,,,,,
15640,09/20/25 05:45:00,29.640,,,,,
15641,09/20/25 06:00:00,29.640,,,,,
15642,09/20/25 06:15:00,29.640,,,,,
15643,09/20/25 06:30:00,29.615,,,,,
15644,09/20/25 06:45:00,29.590,,,,,
15645,09/20/25 07:00:00,29.590,,,,,
15646,09/20/25 07:15:00,29.615,,,,,
15647,09/20/25 07:30:00,29.615,,,,,
15648,09/20/25 07:45:00,29.640,,,,,
15649,09/20/25 08:00:00,29.640,,,,,
15650,09/20/25 08:15:00,29.640,,,,,
15651,09/20/25 08:30:00,29.665,,,,,
15652,09/20/25 08:45:00,29.665,,,,,
15653,09/20/25 09:00:00,29.665,,,,,
15654,09/20/25 09:15:00,29.715,,,,,
15655,09/20/25 09:30:00,29.715,,,,,
15656,09/20/25 09:45:00,29.740,,,,,
15657,09/20/25 10:00:00,29.765,,,,,
15658,09/20/25 10:15:00,29.790,,,,,
15659,09/20/25 10:30:00,29.790,,,,,
15660,09/20/25 10:45:00,29.790,,,,,
15661,09/20/25 11:00:00,29.815,,,,,
15662,09/20/25 11:15:00,29.815,,,,,
15663,09/20/25 11:30:00,29.840,,,,,
15664,09/20/25 11:45:00,29.840,,,,,
15665,09/20/25 12:00:00,29.865,,,,,
15666,09/20/25 12:15:00,29.890,,,,,
15667,09/20/25 12:30:00,29.890,,,,,
15668,09/20/25 12:45:00,29.890,,,,,
15669,09/20/25 13:00:00,29.916,,,,,
15670,09/20/25 13:15:00,29.941,,,,,
15671,09/20/25 13:30:00,29.966,,,,,
15672,09/20/25 13:45:00,29.991,,,,,
15673,09/20/25 14:00:00,30.016,,,,,
15674,09/20/25 14:15:00,30.041,,,,,
15675,09/20/25 14:30:00,30.041,,,,,
15676,09/20/25 14:45:00,30.066,,,,,
15677,09/20/25 15:00:00,30.091,,,,,
15678,09/20/25 15:15:00,30.117,,,,,
15679,09/20/25 15:30:00,30.091,,,,,
15680,09/20/25 15:45:00,30.041,,,,,
15681,09/20/25 16:00:00,30.041,,,,,
15682,09/20/25 16:15:00,30.041,,,,,
15683,09/20/25 16:30:00,30.066,,,,,
15684,09/20/25 16:45:00,30.066,,,,,
15685,09/20/25 17:00:00,30.117,,,,,
15686,09/20/25 17:15:00,30.117,,,,,
15687,09/20/25 17:30:00,30.091,,,,,
15688,09/20/25 17:45:00,30.016,,,,,
15689,09/20/25 18:00:00,30.016,,,,,
15690,09/20/25 18:15:00,29.916,,,,,
15691,09/20/25 18:30:00,29.865,,,,,
15692,09/20/25 18:45:00,29.865,,,,,
15693,09/20/25 19:00:00,29.865,,,,,
15694,09/20/25 19:15:00,29.865,,,,,
15695,09/20/25 19:30:00,29.865,,,,,
15696,09/20/25 19:45:00,29.865,,,,,
15697,09/20/25 20:00:00,29.865,,,,,
15698,09/20/25 20:15:00,29.840,,,,,
15699,09/20/25 20:30:00,29.840,,,,,
15700,09/20/25 20:45:00,29.840,,,,,
15701,09/20/25 21:00:00,29.840,,,,,
15702,09/20/25 21:15:00,29.840,,,,,
15703,09/20/25 21:30:00,29.865,,,,,
15704,09/20/25 21:45:00,29.865,,,,,
15705,09/20/25 22:00:00,29.840,,,,,
15706,09/20/25 22:15:00,29.840,,,,,
15707,09/20/25 22:30:00,29.840,,,,,
15708,09/20/25 22:45:00,29.840,,,,,
15709,09/20/25 23:00:00,29.865,,,,,
15710,09/20/25 23:15:00,29.865,,,,,
15711,09/20/25 23:30:00,29.865,,,,,
15712,09/20/25 23:45:00,29.865,,,,,
15713,09/21/25 00:00:00,29.865,,,,,
15714,09/21/25 00:15:00,29.865,,,,,
15715,09/21/25 00:30:00,29.865,,,,,
15716,09/21/25 00:45:00,29.865,,,,,
15717,09/21/25 01:00:00,29.865,,,,,
15718,09/21/25 01:15:00,29.865,,,,,
15719,09/21/25 01:30:00,29.865,,,,,
15720,09/21/25 01:45:00,29.865,,,,,
15721,09/21/25 02:00:00,29.865,,,,,
15722,09/21/25 02:15:00,29.865,,,,,
15723,09/21/25 02:30:00,29.865,,,,,
15724,09/21/25 02:45:00,29.865,,,,,
15725,09/21/25 03:00:00,29.865,,,,,
15726,09/21/25 03:15:00,29.865,,,,,
15727,09/21/25 03:30:00,29.865,,,,,
15728,09/21/25 03:45:00,29.865,,,,,
15729,09/21/25 04:00:00,29.865,,,,,
15730,09/21/25 04:15:00,29.840,,,,,
15731,09/21/25 04:30:00,29.815,,,,,
15732,09/21/25 04:45:00,29.815,,,,,
15733,09/21/25 05:00:00,29.790,,,,,
15734,09/21/25 05:15:00,29.790,,,,,
15735,09/21/25 05:30:00,29.790,,,,,
15736,09/21/25 05:45:00,29.790,,,,,
15737,09/21/25 06:00:00,29.790,,,,,
15738,09/21/25 06:15:00,29.790,,,,,
15739,09/21/25 06:30:00,29.790,,,,,
15740,09/21/25 06:45:00,29.790,,,,,
15741,09/21/25 07:00:00,29.790,,,,,
15742,09/21/25 07:15:00,29.815,,,,,
15743,09/21/25 07:30:00,29.815,,,,,
15744,09/21/25 07:45:00,29.815,,,,,
15745,09/21/25 08:00:00,29.815,,,,,
15746,09/21/25 08:15:00,29.815,,,,,
15747,09/21/25 08:30:00,29.815,,,,,
15748,09/21/25 08:45:00,29.815,,,,,
15749,09/21/25 09:00:00,29.815,,,,,
15750,09/21/25 09:15:00,29.815,,,,,
15751,09/21/25 09:30:00,29.815,,,,,
15752,09/21/25 09:45:00,29.815,,,,,
15753,09/21/25 10:00:00,29.840,,,,,
15754,09/21/25 10:15:00,29.815,,,,,
15755,09/21/25 10:30:00,29.840,,,,,
15756,09/21/25 10:45:00,29.840,,,,,
15757,09/21/25 11:00:00,29.840,,,,,
15758,09/21/25 11:15:00,29.815,,,,,
15759,09/21/25 11:30:00,29.815,,,,,
15760,09/21/25 11:45:00,29.790,,,,,
15761,09/21/25 12:00:00,29.790,,,,,
15762,09/21/25 12:15:00,29.815,,,,,
15763,09/21/25 12:30:00,29.815,,,,,
15764,09/21/25 12:45:00,29.840,,,,,
15765,09/21/25 13:00:00,29.865,,,,,
15766,09/21/25 13:15:00,29.890,,,,,
15767,09/21/25 13:30:00,29.890,,,,,
15768,09/21/25 13:45:00,29.916,,,,,
15769,09/21/25 14:00:00,29.916,,,,,
15770,09/21/25 14:15:00,29.941,,,,,
15771,09/21/25 14:30:00,29.916,,,,,
15772,09/21/25 14:45:00,29.916,,,,,
15773,09/21/25 15:00:00,29.916,,,,,
15774,09/21/25 15:15:00,29.916,,,,,
15775,09/21/25 15:30:00,29.916,,,,,
15776,09/21/25 15:45:00,29.890,,,,,
15777,09/21/25 16:00:00,29.890,,,,,
15778,09/21/25 16:15:00,29.890,,,,,
15779,09/21/25 16:30:00,29.890,,,,,
15780,09/21/25 16:45:00,29.890,,,,,
15781,09/21/25 17:00:00,29.916,,,,,
15782,09/21/25 17:15:00,29.916,,,,,
15783,09/21/25 17:30:00,29.890,,,,,
15784,09/21/25 17:45:00,29.916,,,,,
15785,09/21/25 18:00:00,29.916,,,,,
15786,09/21/25 18:15:00,29.916,,,,,
15787,09/21/25 18:30:00,29.890,,,,,
15788,09/21/25 18:45:00,29.865,,,,,
15789,09/21/25 19:00:00,29.840,,,,,
15790,09/21/25 19:15:00,29.840,,,,,
15791,09/21/25 19:30:00,29.815,,,,,
15792,09/21/25 19:45:00,29.815,,,,,
15793,09/21/25 20:00:00,29.815,,,,,
15794,09/21/25 20:15:00,29.790,,,,,
15795,09/21/25 20:30:00,29.790,,,,,
15796,09/21/25 20:45:00,29.790,,,,,
15797,09/21/25 21:00:00,29.790,,,,,
15798,09/21/25 21:15:00,29.790,,,,,
15799,09/21/25 21:30:00,29.790,,,,,
15800,09/21/25 21:45:00,29.790,,,,,
15801,09/21/25 22:00:00,29.790,,,,,
15802,09/21/25 22:15:00,29.790,,,,,
15803,09/21/25 22:30:00,29.790,,,,,
15804,09/21/25 22:45:00,29.790,,,,,
15805,09/21/25 23:00:00,29.815,,,,,
15806,09/21/25 23:15:00,29.815,,,,,
15807,09/21/25 23:30:00,29.815,,,,,
15808,09/21/25 23:45:00,29.815,,,,,
15809,09/22/25 00:00:00,29.815,,,,,
15810,09/22/25 00:15:00,29.815,,,,,
15811,09/22/25 00:30:00,29.815,,,,,
15812,09/22/25 00:45:00,29.790,,,,,
15813,09/22/25 01:00:00,29.790,,,,,
15814,09/22/25 01:15:00,29.790,,,,,
15815,09/22/25 01:30:00,29.790,,,,,
15816,09/22/25 01:45:00,29.790,,,,,
15817,09/22/25 02:00:00,29.765,,,,,
15818,09/22/25 02:15:00,29.765,,,,,
15819,09/22/25 02:30:00,29.765,,,,,
15820,09/22/25 02:45:00,29.765,,,,,
15821,09/22/25 03:00:00,29.790,,,,,
15822,09/22/25 03:15:00,29.840,,,,,
15823,09/22/25 03:30:00,29.815,,,,,
15824,09/22/25 03:45:00,29.815,,,,,
15825,09/22/25 04:00:00,29.815,,,,,
15826,09/22/25 04:15:00,29.815,,,,,
15827,09/22/25 04:30:00,29.815,,,,,
15828,09/22/25 04:45:00,29.815,,,,,
15829,09/22/25 05:00:00,29.765,,,,,
15830,09/22/25 05:15:00,29.765,,,,,
15831,09/22/25 05:30:00,29.765,,,,,
15832,09/22/25 05:45:00,29.765,,,,,
15833,09/22/25 06:00:00,29.740,,,,,
15834,09/22/25 06:15:00,29.740,,,,,
15835,09/22/25 06:30:00,29.715,,,,,
15836,09/22/25 06:45:00,29.690,,,,,
15837,09/22/25 07:00:00,29.690,,,,,
15838,09/22/25 07:15:00,29.690,,,,,
15839,09/22/25 07:30:00,29.690,,,,,
15840,09/22/25 07:45:00,29.690,,,,,
15841,09/22/25 08:00:00,29.690,,,,,
15842,09/22/25 08:15:00,29.715,,,,,
15843,09/22/25 08:30:00,29.715,,,,,
15844,09/22/25 08:45:00,29.715,,,,,
15845,09/22/25 09:00:00,29.715,,,,,
15846,09/22/25 09:15:00,29.740,,,,,
15847,09/22/25 09:30:00,29.765,,,,,
15848,09/22/25 09:45:00,29.765,,,,,
15849,09/22/25 10:00:00,29.790,,,,,
15850,09/22/25 10:15:00,29.790,,,,,
15851,09/22/25 10:30:00,29.790,,,,,
15852,09/22/25 10:45:00,29.815,,,,,
15853,09/22/25 11:00:00,29.815,,,,,
15854,09/22/25 11:15:00,29.840,,,,,
15855,09/22/25 11:30:00,29.840,,,,,
15856,09/22/25 11:45:00,29.865,,,,,
15857,09/22/25 12:00:00,29.890,,,,,
15858,09/22/25 12:15:00,29.890,,,,,
15859,09/22/25 12:30:00,29.890,,,,,
15860,09/22/25 12:45:00,29.916,,,,,
15861,09/22/25 13:00:00,29.941,,,,,
15862,09/22/25 13:15:00,29.941,,,,,
15863,09/22/25 13:30:00,29.941,,,,,
15864,09/22/25 13:45:00,29.966,,,,,
15865,09/22/25 14:00:00,29.966,,,,,
15866,09/22/25 14:15:00,29.991,,,,,
15867,09/22/25 14:30:00,29.966,,,,,
15868,09/22/25 14:45:00,29.966,,,,,
15869,09/22/25 15:00:00,29.941,,,,,
15870,09/22/25 15:15:00,29.966,,,,,
15871,09/22/25 15:30:00,29.966,,,,,
15872,09/22/25 15:45:00,29.966,,,,,
15873,09/22/25 16:00:00,29.966,,,,,
15874,09/22/25 16:15:00,29.941,,,,,
15875,09/22/25 16:30:00,29.916,,,,,
15876,09/22/25 16:45:00,29.916,,,,,
15877,09/22/25 17:00:00,29.916,,,,,
15878,09/22/25 17:15:00,29.916,,,,,
15879,09/22/25 17:30:00,29.890,,,,,
15880,09/22/25 17:45:00,29.890,,,,,
15881,09/22/25 18:00:00,29.890,,,,,
15882,09/22/25 18:15:00,29.865,,,,,
15883,09/22/25 18:30:00,29.890,,,,,
15884,09/22/25 18:45:00,29.890,,,,,
15885,09/22/25 19:00:00,29.890,,,,,
15886,09/22/25 19:15:00,29.890,,,,,
15887,09/22/25 19:30:00,29.890,,,,,
15888,09/22/25 19:45:00,29.890,,,,,
15889,09/22/25 20:00:00,29.916,,,,,
15890,09/22/25 20:15:00,29.916,,,,,
15891,09/22/25 20:30:00,29.916,,,,,
15892,09/22/25 20:45:00,29.916,,,,,
15893,09/22/25 21:00:00,29.916,,,,,
15894,09/22/25 21:15:00,29.890,,,,,
15895,09/22/25 21:30:00,29.865,,,,,
15896,09/22/25 21:45:00,29.865,,,,,
15897,09/22/25 22:00:00,29.840,,,,,
15898,09/22/25 22:15:00,29.840,,,,,
15899,09/22/25 22:30:00,29.840,,,,,
15900,09/22/25 22:45:00,29.840,,,,,
15901,09/22/25 23:00:00,29.815,,,,,
15902,09/22/25 23:15:00,29.815,,,,,
15903,09/22/25 23:30:00,29.815,,,,,
15904,09/22/25 23:45:00,29.815,,,,,
15905,09/23/25 00:00:00,29.815,,,,,
15906,09/23/25 00:15:00,29.790,,,,,
15907,09/23/25 00:30:00,29.790,,,,,
15908,09/23/25 00:45:00,29.765,,,,,
15909,09/23/25 01:00:00,29.765,,,,,
15910,09/23/25 01:15:00,29.765,,,,,
15911,09/23/25 01:30:00,29.740,,,,,
15912,09/23/25 01:45:00,29.740,,,,,
15913,09/23/25 02:00:00,29.740,,,,,
15914,09/23/25 02:15:00,29.740,,,,,
15915,09/23/25 02:30:00,29.740,,,,,
15916,09/23/25 02:45:00,29.715,,,,,
15917,09/23/25 03:00:00,29.715,,,,,
15918,09/23/25 03:15:00,29.715,,,,,
15919,09/23/25 03:30:00,29.715,,,,,
15920,09/23/25 03:45:00,29.715,,,,,
15921,09/23/25 04:00:00,29.715,,,,,
15922,09/23/25 04:15:00,29.715,,,,,
15923,09/23/25 04:30:00,29.740,,,,,
15924,09/23/25 04:45:00,29.740,,,,,
15925,09/23/25 05:00:00,29.740,,,,,
15926,09/23/25 05:15:00,29.740,,,,,
15927,09/23/25 05:30:00,29.740,,,,,
15928,09/23/25 05:45:00,29.715,,,,,
15929,09/23/25 06:00:00,29.715,,,,,
15930,09/23/25 06:15:00,29.715,,,,,
15931,09/23/25 06:30:00,29.715,,,,,
15932,09/23/25 06:45:00,29.865,,,,,
15933,09/23/25 07:00:00,29.765,,,,,
15934,09/23/25 07:15:00,29.765,,,,,
15935,09/23/25 07:30:00,29.916,,,,,
15936,09/23/25 07:45:00,29.966,,,,,
15937,09/23/25 08:00:00,29.966,,,,,
15938,09/23/25 08:15:00,29.991,,,,,
15939,09/23/25 08:30:00,29.991,,,,,
15940,09/23/25 08:45:00,29.991,,,,,
15941,09/23/25 09:00:00,29.991,,,,,
15942,09/23/25 09:15:00,29.991,,,,,
15943,09/23/25 09:30:00,30.016,,,,,
15944,09/23/25 09:45:00,30.016,,,,,
15945,09/23/25 10:00:00,30.016,,,,,
15946,09/23/25 10:15:00,30.016,,,,,
15947,09/23/25 10:30:00,30.041,,,,,
15948,09/23/25 10:45:00,30.066,,,,,
15949,09/23/25 11:00:00,30.066,,,,,
15950,09/23/25 11:15:00,30.041,,,,,
15951,09/23/25 11:30:00,30.016,,,,,
15952,09/23/25 11:45:00,29.966,,,,,
15953,09/23/25 12:00:00,30.016,,,,,
15954,09/23/25 12:15:00,30.016,,,,,
15955,09/23/25 12:30:00,30.041,,,,,
15956,09/23/25 12:45:00,30.041,,,,,
15957,09/23/25 13:00:00,30.066,,,,,
15958,09/23/25 13:15:00,30.066,,,,,
15959,09/23/25 13:30:00,30.066,,,,,
15960,09/23/25 13:45:00,30.066,,,,,
15961,09/23/25 14:00:00,30.117,,,,,
15962,09/23/25 14:15:00,30.117,,,,,
15963,09/23/25 14:30:00,30.117,,,,,
15964,09/23/25 14:45:00,30.142,,,,,
15965,09/23/25 15:00:00,30.142,,,,,
15966,09/23/25 15:15:00,30.142,,,,,
15967,09/23/25 15:30:00,30.142,,,,,
15968,09/23/25 15:45:00,30.117,,,,,
15969,09/23/25 16:00:00,30.117,,,,,
15970,09/23/25 16:15:00,30.117,,,,,
15971,09/23/25 16:30:00,30.117,,,,,
15972,09/23/25 16:45:00,30.142,,,,,
15973,09/23/25 17:00:00,30.142,,,,,
15974,09/23/25 17:15:00,30.142,,,,,
15975,09/23/25 17:30:00,30.142,,,,,
15976,09/23/25 17:45:00,30.142,,,,,
15977,09/23/25 18:00:00,30.117,,,,,
15978,09/23/25 18:15:00,30.091,,,,,
15979,09/23/25 18:30:00,30.117,,,,,
15980,09/23/25 18:45:00,30.117,,,,,
15981,09/23/25 19:00:00,30.091,,,,,
15982,09/23/25 19:15:00,30.091,,,,,
15983,09/23/25 19:30:00,30.091,,,,,
15984,09/23/25 19:45:00,30.091,,,,,
15985,09/23/25 20:00:00,30.091,,,,,
15986,09/23/25 20:15:00,30.091,,,,,
15987,09/23/25 20:30:00,30.041,,,,,
15988,09/23/25 20:45:00,30.041,,,,,
15989,09/23/25 21:00:00,30.016,,,,,
15990,09/23/25 21:15:00,30.016,,,,,
15991,09/23/25 21:30:00,29.991,,,,,
15992,09/23/25 21:45:00,29.966,,,,,
15993,09/23/25 22:00:00,29.966,,,,,
15994,09/23/25 22:15:00,29.941,,,,,
15995,09/23/25 22:30:00,29.916,,,,,
15996,09/23/25 22:45:00,29.890,,,,,
15997,09/23/25 23:00:00,29.890,,,,,
15998,09/23/25 23:15:00,29.890,,,,,
15999,09/23/25 23:30:00,29.916,,,,,
16000,09/23/25 23:45:00,29.916,,,,,
16001,09/24/25 00:00:00,29.916,,,,,
16002,09/24/25 00:15:00,29.890,,,,,
16003,09/24/25 00:30:00,29.890,,,,,
16004,09/24/25 00:45:00,29.890,,,,,
16005,09/24/25 01:00:00,29.890,,,,,
16006,09/24/25 01:15:00,29.991,,,,,
16007,09/24/25 01:30:00,29.991,,,,,
16008,09/24/25 01:45:00,30.016,,,,,
16009,09/24/25 02:00:00,30.016,,,,,
16010,09/24/25 02:15:00,30.041,,,,,
16011,09/24/25 02:30:00,30.066,,,,,
16012,09/24/25 02:45:00,30.066,,,,,
16013,09/24/25 03:00:00,30.066,,,,,
16014,09/24/25 03:15:00,30.066,,,,,
16015,09/24/25 03:30:00,30.066,,,,,
16016,09/24/25 03:45:00,30.066,,,,,
16017,09/24/25 04:00:00,30.066,,,,,
16018,09/24/25 04:15:00,30.091,,,,,
16019,09/24/25 04:30:00,30.091,,,,,
16020,09/24/25 04:45:00,30.091,,,,,
16021,09/24/25 05:00:00,30.091,,,,,
16022,09/24/25 05:15:00,30.066,,,,,
16023,09/24/25 05:30:00,30.016,,,,,
16024,09/24/25 05:45:00,29.941,,,,,
16025,09/24/25 06:00:00,29.890,,,,,
16026,09/24/25 06:15:00,29.966,,,,,
16027,09/24/25 06:30:00,29.966,,,,,
16028,09/24/25 06:45:00,29.941,,,,,
16029,09/24/25 07:00:00,29.890,,,,,
16030,09/24/25 07:15:00,29.840,,,,,
16031,09/24/25 07:30:00,29.840,,,,,
16032,09/24/25 07:45:00,29.865,,,,,
16033,09/24/25 08:00:00,29.865,,,,,
16034,09/24/25 08:15:00,29.890,,,,,
16035,09/24/25 08:30:00,29.916,,,,,
16036,09/24/25 08:45:00,29.890,,,,,
16037,09/24/25 09:00:00,29.865,,,,,
16038,09/24/25 09:15:00,29.815,,,,,
16039,09/24/25 09:30:00,29.790,,,,,
16040,09/24/25 09:45:00,29.765,,,,,
16041,09/24/25 10:00:00,29.765,,,,,
16042,09/24/25 10:15:00,29.790,,,,,
16043,09/24/25 10:30:00,29.840,,,,,
16044,09/24/25 10:45:00,29.865,,,,,
16045,09/24/25 11:00:00,29.865,,,,,
16046,09/24/25 11:15:00,29.890,,,,,
16047,09/24/25 11:30:00,29.916,,,,,
16048,09/24/25 11:45:00,29.941,,,,,
16049,09/24/25 12:00:00,29.966,,,,,
16050,09/24/25 12:15:00,29.966,,,,,
16051,09/24/25 12:30:00,29.966,,,,,
16052,09/24/25 12:45:00,29.966,,,,,
16053,09/24/25 13:00:00,29.991,,,,,
16054,09/24/25 13:15:00,29.991,,,,,
16055,09/24/25 13:30:00,29.991,,,,,
16056,09/24/25 13:45:00,29.966,,,,,
16057,09/24/25 14:00:00,29.966,,,,,
16058,09/24/25 14:15:00,29.991,,,,,
16059,09/24/25 14:30:00,29.991,,,,,
16060,09/24/25 14:45:00,29.991,,,,,
16061,09/24/25 15:00:00,29.991,,,,,
16062,09/24/25 15:15:00,29.991,,,,,
16063,09/24/25 15:30:00,30.016,,,,,
16064,09/24/25 15:45:00,30.016,,,,,
16065,09/24/25 16:00:00,30.016,,,,,
16066,09/24/25 16:15:00,30.016,,,,,
16067,09/24/25 16:30:00,30.016,,,,,
16068,09/24/25 16:45:00,30.016,,,,,
16069,09/24/25 17:00:00,29.991,,,,,
16070,09/24/25 17:15:00,30.016,,,,,
16071,09/24/25 17:30:00,30.016,,,,,
16072,09/24/25 17:45:00,30.016,,,,,
16073,09/24/25 18:00:00,29.991,,,,,
16074,09/24/25 18:15:00,29.991,,,,,
16075,09/24/25 18:30:00,29.991,,,,,
16076,09/24/25 18:45:00,29.966,,,,,
16077,09/24/25 19:00:00,29.966,,,,,
16078,09/24/25 19:15:00,29.966,,,,,
16079,09/24/25 19:30:00,29.941,,,,,
16080,09/24/25 19:45:00,29.941,,,,,
16081,09/24/25 20:00:00,29.916,,,,,
16082,09/24/25 20:15:00,29.916,,,,,
16083,09/24/25 20:30:00,29.916,,,,,
16084,09/24/25 20:45:00,29.916,,,,,
16085,09/24/25 21:00:00,29.916,,,,,
16086,09/24/25 21:15:00,29.890,,,,,
16087,09/24/25 21:30:00,29.916,,,,,
16088,09/24/25 21:45:00,29.916,,,,,
16089,09/24/25 22:00:00,29.941,,,,,
16090,09/24/25 22:15:00,29.941,,,,,
16091,09/24/25 22:30:00,29.941,,,,,
16092,09/24/25 22:45:00,29.941,,,,,
16093,09/24/25 23:00:00,29.916,,,,,
16094,09/24/25 23:15:00,29.916,,,,,
16095,09/24/25 23:30:00,29.916,,,,,
16096,09/24/25 23:45:00,29.916,,,,,
16097,09/25/25 00:00:00,29.941,,,,,
16098,09/25/25 00:15:00,29.941,,,,,
16099,09/25/25 00:30:00,29.941,,,,,
16100,09/25/25 00:45:00,29.916,,,,,
16101,09/25/25 01:00:00,29.916,,,,,
16102,09/25/25 01:15:00,29.916,,,,,
16103,09/25/25 01:30:00,29.916,,,,,
16104,09/25/25 01:45:00,29.890,,,,,
16105,09/25/25 02:00:00,29.916,,,,,
16106,09/25/25 02:15:00,29.916,,,,,
16107,09/25/25 02:30:00,29.916,,,,,
16108,09/25/25 02:45:00,29.916,,,,,
16109,09/25/25 03:00:00,29.840,,,,,
16110,09/25/25 03:15:00,29.740,,,,,
16111,09/25/25 03:30:00,29.740,,,,,
16112,09/25/25 03:45:00,29.740,,,,,
16113,09/25/25 04:00:00,29.715,,,,,
16114,09/25/25 04:15:00,29.715,,,,,
16115,09/25/25 04:30:00,29.715,,,,,
16116,09/25/25 04:45:00,29.715,,,,,
16117,09/25/25 05:00:00,29.690,,,,,
16118,09/25/25 05:15:00,29.715,,,,,
16119,09/25/25 05:30:00,29.715,,,,,
16120,09/25/25 05:45:00,29.740,,,,,
16121,09/25/25 06:00:00,29.715,,,,,
16122,09/25/25 06:15:00,29.715,,,,,
16123,09/25/25 06:30:00,29.715,,,,,
16124,09/25/25 06:45:00,29.715,,,,,
16125,09/25/25 07:00:00,29.715,,,,,
16126,09/25/25 07:15:00,29.740,,,,,
16127,09/25/25 07:30:00,29.740,,,,,
16128,09/25/25 07:45:00,29.740,,,,,
16129,09/25/25 08:00:00,29.740,,,,,
16130,09/25/25 08:15:00,29.740,,,,,
16131,09/25/25 08:30:00,29.765,,,,,
16132,09/25/25 08:45:00,29.740,,,,,
16133,09/25/25 09:00:00,29.740,,,,,
16134,09/25/25 09:15:00,29.740,,,,,
16135,09/25/25 09:30:00,29.740,,,,,
16136,09/25/25 09:45:00,29.740,,,,,
16137,09/25/25 10:00:00,29.765,,,,,
16138,09/25/25 10:15:00,29.765,,,,,
16139,09/25/25 10:30:00,29.765,,,,,
16140,09/25/25 10:45:00,29.765,,,,,
16141,09/25/25 11:00:00,29.790,,,,,
16142,09/25/25 11:15:00,29.815,,,,,
16143,09/25/25 11:30:00,29.815,,,,,
16144,09/25/25 11:45:00,29.815,,,,,
16145,09/25/25 12:00:00,29.815,,,,,
16146,09/25/25 12:15:00,29.840,,,,,
16147,09/25/25 12:30:00,29.840,,,,,
16148,09/25/25 12:45:00,29.865,,,,,
16149,09/25/25 13:00:00,29.890,,,,,
16150,09/25/25 13:15:00,29.890,,,,,
16151,09/25/25 13:30:00,29.865,,,,,
16152,09/25/25 13:45:00,29.865,,,,,
16153,09/25/25 14:00:00,29.890,,,,,
16154,09/25/25 14:15:00,29.865,,,,,
16155,09/25/25 14:30:00,29.865,,,,,
16156,09/25/25 14:45:00,29.890,,,,,
16157,09/25/25 15:00:00,29.865,,,,,
16158,09/25/25 15:15:00,29.865,,,,,
16159,09/25/25 15:30:00,29.890,,,,,
16160,09/25/25 15:45:00,29.890,,,,,
16161,09/25/25 16:00:00,29.890,,,,,
16162,09/25/25 16:15:00,29.916,,,,,
16163,09/25/25 16:30:00,29.890,,,,,
16164,09/25/25 16:45:00,29.890,,,,,
16165,09/25/25 17:00:00,29.890,,,,,
16166,09/25/25 17:15:00,29.890,,,,,
16167,09/25/25 17:30:00,29.890,,,,,
16168,09/25/25 17:45:00,29.890,,,,,
16169,09/25/25 18:00:00,29.890,,,,,
16170,09/25/25 18:15:00,29.890,,,,,
16171,09/25/25 18:30:00,29.865,,,,,
16172,09/25/25 18:45:00,29.865,,,,,
16173,09/25/25 19:00:00,29.865,,,,,
16174,09/25/25 19:15:00,29.865,,,,,
16175,09/25/25 19:30:00,29.865,,,,,
16176,09/25/25 19:45:00,29.865,,,,,
16177,09/25/25 20:00:00,29.865,,,,,
16178,09/25/25 20:15:00,29.865,,,,,
16179,09/25/25 20:30:00,29.865,,,,,
16180,09/25/25 20:45:00,29.865,,,,,
16181,09/25/25 21:00:00,29.865,,,,,
16182,09/25/25 21:15:00,29.865,,,,,
16183,09/25/25 21:30:00,29.865,,,,,
16184,09/25/25 21:45:00,29.865,,,,,
16185,09/25/25 22:00:00,29.865,,,,,
16186,09/25/25 22:15:00,29.865,,,,,
16187,09/25/25 22:30:00,29.865,,,,,
16188,09/25/25 22:45:00,29.865,,,,,
16189,09/25/25 23:00:00,29.865,,,,,
16190,09/25/25 23:15:00,29.865,,,,,
16191,09/25/25 23:30:00,29.865,,,,,
16192,09/25/25 23:45:00,29.865,,,,,
16193,09/26/25 00:00:00,29.865,,,,,
16194,09/26/25 00:15:00,29.865,,,,,
16195,09/26/25 00:30:00,29.865,,,,,
16196,09/26/25 00:45:00,29.840,,,,,
16197,09/26/25 01:00:00,29.840,,,,,
16198,09/26/25 01:15:00,29.840,,,,,
16199,09/26/25 01:30:00,29.815,,,,,
16200,09/26/25 01:45:00,29.815,,,,,
16201,09/26/25 02:00:00,29.790,,,,,
16202,09/26/25 02:15:00,29.790,,,,,
16203,09/26/25 02:30:00,29.790,,,,,
16204,09/26/25 02:45:00,29.865,,,,,
16205,09/26/25 03:00:00,29.865,,,,,
16206,09/26/25 03:15:00,29.865,,,,,
16207,09/26/25 03:30:00,29.865,,,,,
16208,09/26/25 03:45:00,29.865,,,,,
16209,09/26/25 04:00:00,29.865,,,,,
16210,09/26/25 04:15:00,29.865,,,,,
16211,09/26/25 04:30:00,29.865,,,,,
16212,09/26/25 04:45:00,29.865,,,,,
16213,09/26/25 05:00:00,29.865,,,,,
16214,09/26/25 05:15:00,29.865,,,,,
16215,09/26/25 05:30:00,29.865,,,,,
16216,09/26/25 05:45:00,29.865,,,,,
16217,09/26/25 06:00:00,29.865,,,,,
16218,09/26/25 06:15:00,29.865,,,,,
16219,09/26/25 06:30:00,29.865,,,,,
16220,09/26/25 06:45:00,29.865,,,,,
16221,09/26/25 07:00:00,29.865,,,,,
16222,09/26/25 07:15:00,29.865,,,,,
16223,09/26/25 07:30:00,29.865,,,,,
16224,09/26/25 07:45:00,29.865,,,,,
16225,09/26/25 08:00:00,29.865,,,,,
16226,09/26/25 08:15:00,29.890,,,,,
16227,09/26/25 08:30:00,29.890,,,,,
16228,09/26/25 08:45:00,29.890,,,,,
16229,09/26/25 09:00:00,29.890,,,,,
16230,09/26/25 09:15:00,29.890,,,,,
16231,09/26/25 09:30:00,29.890,,,,,
16232,09/26/25 09:45:00,29.916,,,,,
16233,09/26/25 10:00:00,29.916,,,,,
16234,09/26/25 10:15:00,29.916,,,,,
16235,09/26/25 10:30:00,29.916,,,,,
16236,09/26/25 10:45:00,29.916,,,,,
16237,09/26/25 11:00:00,29.916,,,,,
16238,09/26/25 11:15:00,29.916,,,,,
16239,09/26/25 11:30:00,29.916,,,,,
16240,09/26/25 11:45:00,29.916,,,,,
16241,09/26/25 12:00:00,29.916,,,,,
16242,09/26/25 12:15:00,29.941,,,,,
16243,09/26/25 12:30:00,29.916,,,,,
16244,09/26/25 12:45:00,29.941,,,,,
16245,09/26/25 13:00:00,29.966,,,,,
16246,09/26/25 13:15:00,29.966,,,,,
16247,09/26/25 13:30:00,29.941,,,,,
16248,09/26/25 13:45:00,29.991,,,,,
16249,09/26/25 14:00:00,29.991,,,,,
16250,09/26/25 14:15:00,29.991,,,,,
16251,09/26/25 14:30:00,29.991,,,,,
16252,09/26/25 14:45:00,29.991,,,,,
16253,09/26/25 15:00:00,29.991,,,,,
16254,09/26/25 15:15:00,30.016,,,,,
16255,09/26/25 15:30:00,30.016,,,,,
16256,09/26/25 15:45:00,30.016,,,,,
16257,09/26/25 16:00:00,30.016,,,,,
16258,09/26/25 16:15:00,30.016,,,,,
16259,09/26/25 16:30:00,29.991,,,,,
16260,09/26/25 16:45:00,29.991,,,,,
16261,09/26/25 17:00:00,30.016,,,,,
16262,09/26/25 17:15:00,29.991,,,,,
16263,09/26/25 17:30:00,29.991,,,,,
16264,09/26/25 17:45:00,29.991,,,,,
16265,09/26/25 18:00:00,29.991,,,,,
16266,09/26/25 18:15:00,29.991,,,,,
16267,09/26/25 18:30:00,29.966,,,,,
16268,09/26/25 18:45:00,29.966,,,,,
16269,09/26/25 19:00:00,29.941,,,,,
16270,09/26/25 19:15:00,29.941,,,,,
16271,09/26/25 19:30:00,29.941,,,,,
16272,09/26/25 19:45:00,29.966,,,,,
16273,09/26/25 20:00:00,29.966,,,,,
16274,09/26/25 20:15:00,29.966,,,,,
16275,09/26/25 20:30:00,29.991,,,,,
16276,09/26/25 20:45:00,30.016,,,,,
16277,09/26/25 21:00:00,30.016,,,,,
16278,09/26/25 21:15:00,30.016,,,,,
16279,09/26/25 21:30:00,30.016,,,,,
16280,09/26/25 21:45:00,30.016,,,,,
16281,09/26/25 22:00:00,29.991,,,,,
16282,09/26/25 22:15:00,29.991,,,,,
16283,09/26/25 22:30:00,29.966,,,,,
16284,09/26/25 22:45:00,29.966,,,,,
16285,09/26/25 23:00:00,29.966,,,,,
16286,09/26/25 23:15:00,29.966,,,,,
16287,09/26/25 23:30:00,29.941,,,,,
16288,09/26/25 23:45:00,29.916,,,,,
16289,09/27/25 00:00:00,29.916,,,,,
16290,09/27/25 00:15:00,29.890,,,,,
16291,09/27/25 00:30:00,29.865,,,,,
16292,09/27/25 00:45:00,29.865,,,,,
16293,09/27/25 01:00:00,29.890,,,,,
16294,09/27/25 01:15:00,29.890,,,,,
16295,09/27/25 01:30:00,29.890,,,,,
16296,09/27/25 01:45:00,29.890,,,,,
16297,09/27/25 02:00:00,29.890,,,,,
16298,09/27/25 02:15:00,29.890,,,,,
16299,09/27/25 02:30:00,29.890,,,,,
16300,09/27/25 02:45:00,29.890,,,,,
16301,09/27/25 03:00:00,29.865,,,,,
16302,09/27/25 03:15:00,29.840,,,,,
16303,09/27/25 03:30:00,29.815,,,,,
16304,09/27/25 03:45:00,29.790,,,,,
16305,09/27/25 04:00:00,29.815,,,,,
16306,09/27/25 04:15:00,29.815,,,,,
16307,09/27/25 04:30:00,29.815,,,,,
16308,09/27/25 04:45:00,29.840,,,,,
16309,09/27/25 05:00:00,29.815,,,,,
16310,09/27/25 05:15:00,29.815,,,,,
16311,09/27/25 05:30:00,29.815,,,,,
16312,09/27/25 05:45:00,29.815,,,,,
16313,09/27/25 06:00:00,29.815,,,,,
16314,09/27/25 06:15:00,29.815,,,,,
16315,09/27/25 06:30:00,29.815,,,,,
16316,09/27/25 06:45:00,29.865,,,,,
16317,09/27/25 07:00:00,29.865,,,,,
16318,09/27/25 07:15:00,29.865,,,,,
16319,09/27/25 07:30:00,29.865,,,,,
16320,09/27/25 07:45:00,29.865,,,,,
16321,09/27/25 08:00:00,29.865,,,,,
16322,09/27/25 08:15:00,29.865,,,,,
16323,09/27/25 08:30:00,29.865,,,,,
16324,09/27/25 08:45:00,29.890,,,,,
16325,09/27/25 09:00:00,29.890,,,,,
16326,09/27/25 09:15:00,29.890,,,,,
16327,09/27/25 09:30:00,29.890,,,,,
16328,09/27/25 09:45:00,29.890,,,,,
16329,09/27/25 10:00:00,29.916,,,,,
16330,09/27/25 10:15:00,29.916,,,,,
16331,09/27/25 10:30:00,29.916,,,,,
16332,09/27/25 10:45:00,29.941,,,,,
16333,09/27/25 11:00:00,29.916,,,,,
16334,09/27/25 11:15:00,29.916,,,,,
16335,09/27/25 11:30:00,29.890,,,,,
16336,09/27/25 11:45:00,29.865,,,,,
16337,09/27/25 12:00:00,29.865,,,,,
16338,09/27/25 12:15:00,29.865,,,,,
16339,09/27/25 12:30:00,29.865,,,,,
16340,09/27/25 12:45:00,29.865,,,,,
16341,09/27/25 13:00:00,29.890,,,,,
16342,09/27/25 13:15:00,29.890,,,,,
16343,09/27/25 13:30:00,29.890,,,,,
16344,09/27/25 13:45:00,29.865,,,,,
16345,09/27/25 14:00:00,29.865,,,,,
16346,09/27/25 14:15:00,29.865,,,,,
16347,09/27/25 14:30:00,29.865,,,,,
16348,09/27/25 14:45:00,29.865,,,,,
16349,09/27/25 15:00:00,29.890,,,,,
16350,09/27/25 15:15:00,29.916,,,,,
16351,09/27/25 15:30:00,29.916,,,,,
16352,09/27/25 15:45:00,29.916,,,,,
16353,09/27/25 16:00:00,29.941,,,,,
16354,09/27/25 16:15:00,29.941,,,,,
16355,09/27/25 16:30:00,29.941,,,,,
16356,09/27/25 16:45:00,29.916,,,,,
16357,09/27/25 17:00:00,29.916,,,,,
16358,09/27/25 17:15:00,29.916,,,,,
16359,09/27/25 17:30:00,29.916,,,,,
16360,09/27/25 17:45:00,29.916,,,,,
16361,09/27/25 18:00:00,29.890,,,,,
16362,09/27/25 18:15:00,29.890,,,,,
16363,09/27/25 18:30:00,29.890,,,,,
16364,09/27/25 18:45:00,29.890,,,,,
16365,09/27/25 19:00:00,29.890,,,,,
16366,09/27/25 19:15:00,29.890,,,,,
16367,09/27/25 19:30:00,29.890,,,,,
16368,09/27/25 19:45:00,29.890,,,,,
16369,09/27/25 20:00:00,29.890,,,,,
16370,09/27/25 20:15:00,29.890,,,,,
16371,09/27/25 20:30:00,29.916,,,,,
16372,09/27/25 20:45:00,29.916,,,,,
16373,09/27/25 21:00:00,29.916,,,,,
16374,09/27/25 21:15:00,29.916,,,,,
16375,09/27/25 21:30:00,29.916,,,,,
16376,09/27/25 21:45:00,29.916,,,,,
16377,09/27/25 22:00:00,29.916,,,,,
16378,09/27/25 22:15:00,29.916,,,,,
16379,09/27/25 22:30:00,29.916,,,,,
16380,09/27/25 22:45:00,29.916,,,,,
16381,09/27/25 23:00:00,29.890,,,,,
16382,09/27/25 23:15:00,29.865,,,,,
16383,09/27/25 23:30:00,29.865,,,,,
16384,09/27/25 23:45:00,29.865,,,,,
16385,09/28/25 00:00:00,29.865,,,,,
16386,09/28/25 00:15:00,29.865,,,,,
16387,09/28/25 00:30:00,29.840,,,,,
16388,09/28/25 00:45:00,29.840,,,,,
16389,09/28/25 01:00:00,29.840,,,,,
16390,09/28/25 01:15:00,29.865,,,,,
16391,09/28/25 01:30:00,29.865,,,,,
16392,09/28/25 01:45:00,29.865,,,,,
16393,09/28/25 02:00:00,29.865,,,,,
16394,09/28/25 02:15:00,29.865,,,,,
16395,09/28/25 02:30:00,29.865,,,,,
16396,09/28/25 02:45:00,29.865,,,,,
16397,09/28/25 03:00:00,29.865,,,,,
16398,09/28/25 03:15:00,29.865,,,,,
16399,09/28/25 03:30:00,29.865,,,,,
16400,09/28/25 03:45:00,29.865,,,,,
16401,09/28/25 04:00:00,29.865,,,,,
16402,09/28/25 04:15:00,29.865,,,,,
16403,09/28/25 04:30:00,29.840,,,,,
16404,09/28/25 04:45:00,29.840,,,,,
16405,09/28/25 05:00:00,29.815,,,,,
16406,09/28/25 05:15:00,29.815,,,,,
16407,09/28/25 05:30:00,29.790,,,,,
16408,09/28/25 05:45:00,29.790,,,,,
16409,09/28/25 06:00:00,29.790,,,,,
16410,09/28/25 06:15:00,29.790,,,,,
16411,09/28/25 06:30:00,29.765,,,,,
16412,09/28/25 06:45:00,29.690,,,,,
16413,09/28/25 07:00:00,29.690,,,,,
16414,09/28/25 07:15:00,29.715,,,,,
16415,09/28/25 07:30:00,29.765,,,,,
16416,09/28/25 07:45:00,29.790,,,,,
16417,09/28/25 08:00:00,29.790,,,,,
16418,09/28/25 08:15:00,29.790,,,,,
16419,09/28/25 08:30:00,29.790,,,,,
16420,09/28/25 08:45:00,29.790,,,,,
16421,09/28/25 09:00:00,29.715,,,,,
16422,09/28/25 09:15:00,29.665,,,,,
16423,09/28/25 09:30:00,29.640,,,,,
16424,09/28/25 09:45:00,29.615,,,,,
16425,09/28/25 10:00:00,29.640,,,,,
16426,09/28/25 10:15:00,29.665,,,,,
16427,09/28/25 10:30:00,29.690,,,,,
16428,09/28/25 10:45:00,29.740,,,,,
16429,09/28/25 11:00:00,29.815,,,,,
16430,09/28/25 11:15:00,29.865,,,,,
16431,09/28/25 11:30:00,29.890,,,,,
16432,09/28/25 11:45:00,29.916,,,,,
16433,09/28/25 12:00:00,29.941,,,,,
16434,09/28/25 12:15:00,29.941,,,,,
16435,09/28/25 12:30:00,29.991,,,,,
16436,09/28/25 12:45:00,30.016,,,,,
16437,09/28/25 13:00:00,30.041,,,,,
16438,09/28/25 13:15:00,30.066,,,,,
16439,09/28/25 13:30:00,30.066,,,,,
16440,09/28/25 13:45:00,30.066,,,,,
16441,09/28/25 14:00:00,30.066,,,,,
16442,09/28/25 14:15:00,30.066,,,,,
16443,09/28/25 14:30:00,30.066,,,,,
16444,09/28/25 14:45:00,30.091,,,,,
16445,09/28/25 15:00:00,30.091,,,,,
16446,09/28/25 15:15:00,30.091,,,,,
16447,09/28/25 15:30:00,30.091,,,,,
16448,09/28/25 15:45:00,30.091,,,,,
16449,09/28/25 16:00:00,30.066,,,,,
16450,09/28/25 16:15:00,30.066,,,,,
16451,09/28/25 16:30:00,30.091,,,,,
16452,09/28/25 16:45:00,30.041,,,,,
16453,09/28/25 17:00:00,30.016,,,,,
16454,09/28/25 17:15:00,30.016,,,,,
16455,09/28/25 17:30:00,30.016,,,,,
16456,09/28/25 17:45:00,30.016,,,,,
16457,09/28/25 18:00:00,30.016,,,,,
16458,09/28/25 18:15:00,29.991,,,,,
16459,09/28/25 18:30:00,29.991,,,,,
16460,09/28/25 18:45:00,29.966,,,,,
16461,09/28/25 19:00:00,29.966,,,,,
16462,09/28/25 19:15:00,29.966,,,,,
16463,09/28/25 19:30:00,29.966,,,,,
16464,09/28/25 19:45:00,29.966,,,,,
16465,09/28/25 20:00:00,29.966,,,,,
16466,09/28/25 20:15:00,29.991,,,,,
16467,09/28/25 20:30:00,29.991,,,,,
16468,09/28/25 20:45:00,29.966,,,,,
16469,09/28/25 21:00:00,29.966,,,,,
16470,09/28/25 21:15:00,29.966,,,,,
16471,09/28/25 21:30:00,29.991,,,,,
16472,09/28/25 21:45:00,29.991,,,,,
16473,09/28/25 22:00:00,29.991,,,,,
16474,09/28/25 22:15:00,29.991,,,,,
16475,09/28/25 22:30:00,29.966,,,,,
16476,09/28/25 22:45:00,29.941,,,,,
16477,09/28/25 23:00:00,29.941,,,,,
16478,09/28/25 23:15:00,29.941,,,,,
16479,09/28/25 23:30:00,29.941,,,,,
16480,09/28/25 23:45:00,29.941,,,,,
16481,09/29/25 00:00:00,29.941,,,,,
16482,09/29/25 00:15:00,29.941,,,,,
16483,09/29/25 00:30:00,29.941,,,,,
16484,09/29/25 00:45:00,29.941,,,,,
16485,09/29/25 01:00:00,29.941,,,,,
16486,09/29/25 01:15:00,29.941,,,,,
16487,09/29/25 01:30:00,29.941,,,,,
16488,09/29/25 01:45:00,29.941,,,,,
16489,09/29/25 02:00:00,29.941,,,,,
16490,09/29/25 02:15:00,29.941,,,,,
16491,09/29/25 02:30:00,29.941,,,,,
16492,09/29/25 02:45:00,29.941,,,,,
16493,09/29/25 03:00:00,29.941,,,,,
16494,09/29/25 03:15:00,29.966,,,,,
16495,09/29/25 03:30:00,29.966,,,,,
16496,09/29/25 03:45:00,29.941,,,,,
16497,09/29/25 04:00:00,29.941,,,,,
16498,09/29/25 04:15:00,29.966,,,,,
16499,09/29/25 04:30:00,29.941,,,,,
16500,09/29/25 04:45:00,29.941,,,,,
16501,09/29/25 05:00:00,29.941,,,,,
16502,09/29/25 05:15:00,29.941,,,,,
16503,09/29/25 05:30:00,29.941,,,,,
16504,09/29/25 05:45:00,29.916,,,,,
16505,09/29/25 06:00:00,29.916,,,,,
16506,09/29/25 06:15:00,29.941,,,,,
16507,09/29/25 06:30:00,29.916,,,,,
16508,09/29/25 06:45:00,29.941,,,,,
16509,09/29/25 07:00:00,29.941,,,,,
16510,09/29/25 07:15:00,29.916,,,,,
16511,09/29/25 07:30:00,29.916,,,,,
16512,09/29/25 07:45:00,29.941,,,,,
16513,09/29/25 08:00:00,29.941,,,,,
16514,09/29/25 08:15:00,29.941,,,,,
16515,09/29/25 08:30:00,29.941,,,,,
16516,09/29/25 08:45:00,29.966,,,,,
16517,09/29/25 09:00:00,29.966,,,,,
16518,09/29/25 09:15:00,29.966,,,,,
16519,09/29/25 09:30:00,29.991,,,,,
16520,09/29/25 09:45:00,29.966,,,,,
16521,09/29/25 10:00:00,29.966,,,,,
16522,09/29/25 10:15:00,29.991,,,,,
16523,09/29/25 10:30:00,29.991,,,,,
16524,09/29/25 10:45:00,29.991,,,,,
16525,09/29/25 11:00:00,29.991,,,,,
16526,09/29/25 11:15:00,29.991,,,,,
16527,09/29/25 11:30:00,29.991,,,,,
16528,09/29/25 11:45:00,29.991,,,,,
16529,09/29/25 12:00:00,29.991,,,,,
16530,09/29/25 12:15:00,29.991,,,,,
16531,09/29/25 12:30:00,29.991,,,,,
16532,09/29/25 12:45:00,29.991,,,,,
16533,09/29/25 13:00:00,29.966,,,,,
16534,09/29/25 13:15:00,29.991,,,,,
16535,09/29/25 13:30:00,30.016,,,,,
16536,09/29/25 13:45:00,30.016,,,,,
16537,09/29/25 14:00:00,29.991,,,,,
16538,09/29/25 14:15:00,29.966,,,,,
16539,09/29/25 14:30:00,29.966,,,,,
16540,09/29/25 14:45:00,29.966,,,,,
16541,09/29/25 15:00:00,29.966,,,,,
16542,09/29/25 15:15:00,29.991,,,,,
16543,09/29/25 15:30:00,29.966,,,,,
16544,09/29/25 15:45:00,29.991,,,,,
16545,09/29/25 16:00:00,29.991,,,,,
16546,09/29/25 16:15:00,29.966,,,,,
16547,09/29/25 16:30:00,29.991,,,,,
16548,09/29/25 16:45:00,29.991,,,,,
16549,09/29/25 17:00:00,29.991,,,,,
16550,09/29/25 17:15:00,29.966,,,,,
16551,09/29/25 17:30:00,29.966,,,,,
16552,09/29/25 17:45:00,29.966,,,,,
16553,09/29/25 18:00:00,29.966,,,,,
16554,09/29/25 18:15:00,29.966,,,,,
16555,09/29/25 18:30:00,29.991,,,,,
16556,09/29/25 18:45:00,29.991,,,,,
16557,09/29/25 19:00:00,29.991,,,,,
16558,09/29/25 19:15:00,29.966,,,,,
16559,09/29/25 19:30:00,29.991,,,,,
16560,09/29/25 19:45:00,29.991,,,,,
16561,09/29/25 20:00:00,29.991,,,,,
16562,09/29/25 20:15:00,29.991,,,,,
16563,09/29/25 20:30:00,29.991,,,,,
16564,09/29/25 20:45:00,29.991,,,,,
16565,09/29/25 21:00:00,30.016,,,,,
16566,09/29/25 21:15:00,30.016,,,,,
16567,09/29/25 21:30:00,30.016,,,,,
16568,09/29/25 21:45:00,30.016,,,,,
16569,09/29/25 22:00:00,30.016,,,,,
16570,09/29/25 22:15:00,30.016,,,,,
16571,09/29/25 22:30:00,29.941,,,,,
16572,09/29/25 22:45:00,29.941,,,,,
16573,09/29/25 23:00:00,29.916,,,,,
16574,09/29/25 23:15:00,29.916,,,,,
16575,09/29/25 23:30:00,29.916,,,,,
16576,09/29/25 23:45:00,29.916,,,,,
16577,09/30/25 00:00:00,29.916,,,,,
16578,09/30/25 00:15:00,29.916,,,,,
16579,09/30/25 00:30:00,29.916,,,,,
16580,09/30/25 00:45:00,29.941,,,,,
16581,09/30/25 01:00:00,29.916,,,,,
16582,09/30/25 01:15:00,29.916,,,,,
16583,09/30/25 01:30:00,29.916,,,,,
16584,09/30/25 01:45:00,29.890,,,,,
16585,09/30/25 02:00:00,29.916,,,,,
16586,09/30/25 02:15:00,29.890,,,,,
16587,09/30/25 02:30:00,29.840,,,,,
16588,09/30/25 02:45:00,29.865,,,,,
16589,09/30/25 03:00:00,29.865,,,,,
16590,09/30/25 03:15:00,29.865,,,,,
16591,09/30/25 03:30:00,29.815,,,,,
16592,09/30/25 03:45:00,29.815,,,,,
16593,09/30/25 04:00:00,29.865,,,,,
16594,09/30/25 04:15:00,29.865,,,,,
16595,09/30/25 04:30:00,29.865,,,,,
16596,09/30/25 04:45:00,29.865,,,,,
16597,09/30/25 05:00:00,29.865,,,,,
16598,09/30/25 05:15:00,29.840,,,,,
16599,09/30/25 05:30:00,29.840,,,,,
16600,09/30/25 05:45:00,29.840,,,,,
16601,09/30/25 06:00:00,29.790,,,,,
16602,09/30/25 06:15:00,29.815,,,,,
16603,09/30/25 06:30:00,29.815,,,,,
16604,09/30/25 06:45:00,29.815,,,,,
16605,09/30/25 07:00:00,29.815,,,,,
16606,09/30/25 07:15:00,29.815,,,,,
16607,09/30/25 07:30:00,29.815,,,,,
16608,09/30/25 07:45:00,29.815,,,,,
16609,09/30/25 08:00:00,29.840,,,,,
16610,09/30/25 08:15:00,29.840,,,,,
16611,09/30/25 08:30:00,29.840,,,,,
16612,09/30/25 08:45:00,29.815,,,,,
16613,09/30/25 09:00:00,29.815,,,,,
16614,09/30/25 09:15:00,29.840,,,,,
16615,09/30/25 09:30:00,29.840,,,,,
16616,09/30/25 09:45:00,29.815,,,,,
16617,09/30/25 10:00:00,29.890,,,,,
16618,09/30/25 10:15:00,29.941,,,,,
16619,09/30/25 10:30:00,30.016,,,,,
16620,09/30/25 10:45:00,30.041,,,,,
16621,09/30/25 11:00:00,30.066,,,,,
16622,09/30/25 11:15:00,30.091,,,,,
16623,09/30/25 11:30:00,30.066,,,,,
16624,09/30/25 11:45:00,30.066,,,,,
16625,09/30/25 12:00:00,30.091,,,,,
16626,09/30/25 12:15:00,30.117,,,,,
16627,09/30/25 12:30:00,30.117,,,,,
16628,09/30/25 12:45:00,30.117,,,,,
16629,09/30/25 13:00:00,30.117,,,,,
16630,09/30/25 13:15:00,30.117,,,,,
16631,09/30/25 13:30:00,30.117,,,,,
16632,09/30/25 13:45:00,30.142,,,,,
16633,09/30/25 14:00:00,30.142,,,,,
16634,09/30/25 14:15:00,30.142,,,,,
16635,09/30/25 14:30:00,30.117,,,,,
16636,09/30/25 14:45:00,30.091,,,,,
16637,09/30/25 15:00:00,30.091,,,,,
16638,09/30/25 15:15:00,30.091,,,,,
16639,09/30/25 15:30:00,30.117,,,,,
16640,09/30/25 15:45:00,30.117,,,,,
16641,09/30/25 16:00:00,30.117,,,,,
16642,09/30/25 16:15:00,30.117,,,,,
16643,09/30/25 16:30:00,30.117,,,,,
16644,09/30/25 16:45:00,30.117,,,,,
16645,09/30/25 17:00:00,30.091,,,,,
16646,09/30/25 17:15:00,30.117,,,,,
16647,09/30/25 17:30:00,30.117,,,,,
16648,09/30/25 17:45:00,30.091,,,,,
16649,09/30/25 18:00:00,30.066,,,,,
16650,09/30/25 18:15:00,30.066,,,,,
16651,09/30/25 18:30:00,30.066,,,,,
16652,09/30/25 18:45:00,30.066,,,,,
16653,09/30/25 19:00:00,30.066,,,,,
16654,09/30/25 19:15:00,30.066,,,,,
16655,09/30/25 19:30:00,30.066,,,,,
16656,09/30/25 19:45:00,30.066,,,,,
16657,09/30/25 20:00:00,30.041,,,,,
16658,09/30/25 20:15:00,30.041,,,,,
16659,09/30/25 20:30:00,30.041,,,,,
16660,09/30/25 20:45:00,30.066,,,,,
16661,09/30/25 21:00:00,30.041,,,,,
16662,09/30/25 21:15:00,30.041,,,,,
16663,09/30/25 21:30:00,30.041,,,,,
16664,09/30/25 21:45:00,30.041,,,,,
16665,09/30/25 22:00:00,30.041,,,,,
16666,09/30/25 22:15:00,30.041,,,,,
16667,09/30/25 22:30:00,30.041,,,,,
16668,09/30/25 22:45:00,30.041,,,,,
16669,09/30/25 23:00:00,30.016,,,,,
16670,09/30/25 23:15:00,30.041,,,,,
16671,09/30/25 23:30:00,30.016,,,,,
16672,09/30/25 23:45:00,30.016,,,,,
16673,10/01/25 00:00:00,30.016,,,,,
16674,10/01/25 00:15:00,30.016,,,,,
16675,10/01/25 00:30:00,30.016,,,,,
16676,10/01/25 00:45:00,29.991,,,,,
16677,10/01/25 01:00:00,29.991,,,,,
16678,10/01/25 01:15:00,29.991,,,,,
16679,10/01/25 01:30:00,29.991,,,,,
16680,10/01/25 01:45:00,29.991,,,,,
16681,10/01/25 02:00:00,29.966,,,,,
16682,10/01/25 02:15:00,29.966,,,,,
16683,10/01/25 02:30:00,29.966,,,,,
16684,10/01/25 02:45:00,29.966,,,,,
16685,10/01/25 03:00:00,29.966,,,,,
16686,10/01/25 03:15:00,29.941,,,,,
16687,10/01/25 03:30:00,29.941,,,,,
16688,10/01/25 03:45:00,29.941,,,,,
16689,10/01/25 04:00:00,29.941,,,,,
16690,10/01/25 04:15:00,29.941,,,,,
16691,10/01/25 04:30:00,29.941,,,,,
16692,10/01/25 04:45:00,29.916,,,,,
16693,10/01/25 05:00:00,29.890,,,,,
16694,10/01/25 05:15:00,29.865,,,,,
16695,10/01/25 05:30:00,29.865,,,,,
16696,10/01/25 05:45:00,29.840,,,,,
16697,10/01/25 06:00:00,29.840,,,,,
16698,10/01/25 06:15:00,29.916,,,,,
16699,10/01/25 06:30:00,29.890,,,,,
16700,10/01/25 06:45:00,29.966,,,,,
16701,10/01/25 07:00:00,30.041,,,,,
16702,10/01/25 07:15:00,30.041,,,,,
16703,10/01/25 07:30:00,30.091,,,,,
16704,10/01/25 07:45:00,30.091,,,,,
16705,10/01/25 08:00:00,30.117,,,,,
16706,10/01/25 08:15:00,30.142,,,,,
16707,10/01/25 08:30:00,30.167,,,,,
16708,10/01/25 08:45:00,30.167,,,,,
16709,10/01/25 09:00:00,30.167,,,,,
16710,10/01/25 09:15:00,30.167,,,,,
16711,10/01/25 09:30:00,30.142,,,,,
16712,10/01/25 09:45:00,30.066,,,,,
16713,10/01/25 10:00:00,30.041,,,,,
16714,10/01/25 10:15:00,30.041,,,,,
16715,10/01/25 10:30:00,30.041,,,,,
16716,10/01/25 10:45:00,30.066,,,,,
16717,10/01/25 11:00:00,30.066,,,,,
16718,10/01/25 11:15:00,30.091,,,,,
16719,10/01/25 11:30:00,30.091,,,,,
16720,10/01/25 11:45:00,30.117,,,,,
16721,10/01/25 12:00:00,30.142,,,,,
16722,10/01/25 12:15:00,30.167,,,,,
16723,10/01/25 12:30:00,30.192,,,,,
16724,10/01/25 12:45:00,30.243,,,,,
16725,10/01/25 13:00:00,30.243,,,,,
16726,10/01/25 13:15:00,30.243,,,,,
16727,10/01/25 13:30:00,30.268,,,,,
16728,10/01/25 13:45:00,30.293,,,,,
16729,10/01/25 14:00:00,30.293,,,,,
16730,10/01/25 14:15:00,30.268,,,,,
16731,10/01/25 14:30:00,30.268,,,,,
16732,10/01/25 14:45:00,30.243,,,,,
16733,10/01/25 15:00:00,30.243,,,,,
16734,10/01/25 15:15:00,30.243,,,,,
16735,10/01/25 15:30:00,30.217,,,,,
16736,10/01/25 15:45:00,30.192,,,,,
16737,10/01/25 16:00:00,30.217,,,,,
16738,10/01/25 16:15:00,30.217,,,,,
16739,10/01/25 16:30:00,30.243,,,,,
16740,10/01/25 16:45:00,30.268,,,,,
16741,10/01/25 17:00:00,30.243,,,,,
16742,10/01/25 17:15:00,30.268,,,,,
16743,10/01/25 17:30:00,30.318,,,,,
16744,10/01/25 17:45:00,30.293,,,,,
16745,10/01/25 18:00:00,30.217,,,,,
16746,10/01/25 18:15:00,30.192,,,,,
16747,10/01/25 18:30:00,30.167,,,,,
16748,10/01/25 18:45:00,30.117,,,,,
16749,10/01/25 19:00:00,30.142,,,,,
16750,10/01/25 19:15:00,30.142,,,,,
16751,10/01/25 19:30:00,30.117,,,,,
16752,10/01/25 19:45:00,30.117,,,,,
16753,10/01/25 20:00:00,30.117,,,,,
16754,10/01/25 20:15:00,30.091,,,,,
16755,10/01/25 20:30:00,30.066,,,,,
16756,10/01/25 20:45:00,30.066,,,,,
16757,10/01/25 21:00:00,30.041,,,,,
16758,10/01/25 21:15:00,30.041,,,,,
16759,10/01/25 21:30:00,30.041,,,,,
16760,10/01/25 21:45:00,30.041,,,,,
16761,10/01/25 22:00:00,30.041,,,,,
16762,10/01/25 22:15:00,30.016,,,,,
16763,10/01/25 22:30:00,30.016,,,,,
16764,10/01/25 22:45:00,30.016,,,,,
16765,10/01/25 23:00:00,30.016,,,,,
16766,10/01/25 23:15:00,30.016,,,,,
16767,10/01/25 23:30:00,30.016,,,,,
16768,10/01/25 23:45:00,30.016,,,,,
16769,10/02/25 00:00:00,30.016,,,,,
16770,10/02/25 00:15:00,30.016,,,,,
16771,10/02/25 00:30:00,30.016,,,,,
16772,10/02/25 00:45:00,30.016,,,,,
16773,10/02/25 01:00:00,30.016,,,,,
16774,10/02/25 01:15:00,30.016,,,,,
16775,10/02/25 01:30:00,30.016,,,,,
16776,10/02/25 01:45:00,30.016,,,,,
16777,10/02/25 02:00:00,29.991,,,,,
16778,10/02/25 02:15:00,29.991,,,,,
16779,10/02/25 02:30:00,29.966,,,,,
16780,10/02/25 02:45:00,29.966,,,,,
16781,10/02/25 03:00:00,29.966,,,,,
16782,10/02/25 03:15:00,29.966,,,,,
16783,10/02/25 03:30:00,29.941,,,,,
16784,10/02/25 03:45:00,29.941,,,,,
16785,10/02/25 04:00:00,29.941,,,,,
16786,10/02/25 04:15:00,29.916,,,,,
16787,10/02/25 04:30:00,29.916,,,,,
16788,10/02/25 04:45:00,29.916,,,,,
16789,10/02/25 05:00:00,29.916,,,,,
16790,10/02/25 05:15:00,29.916,,,,,
16791,10/02/25 05:30:00,29.890,,,,,
16792,10/02/25 05:45:00,29.890,,,,,
16793,10/02/25 06:00:00,29.890,,,,,
16794,10/02/25 06:15:00,29.890,,,,,
16795,10/02/25 06:30:00,29.890,,,,,
16796,10/02/25 06:45:00,29.916,,,,,
16797,10/02/25 07:00:00,29.890,,,,,
16798,10/02/25 07:15:00,29.890,,,,,
16799,10/02/25 07:30:00,29.890,,,,,
16800,10/02/25 07:45:00,29.865,,,,,
16801,10/02/25 08:00:00,29.840,,,,,
16802,10/02/25 08:15:00,29.865,,,,,
16803,10/02/25 08:30:00,29.890,,,,,
16804,10/02/25 08:45:00,29.916,,,,,
16805,10/02/25 09:00:00,29.916,,,,,
16806,10/02/25 09:15:00,29.916,,,,,
16807,10/02/25 09:30:00,29.941,,,,,
16808,10/02/25 09:45:00,29.966,,,,,
16809,10/02/25 10:00:00,29.991,,,,,
16810,10/02/25 10:15:00,29.991,,,,,
16811,10/02/25 10:30:00,30.016,,,,,
16812,10/02/25 10:45:00,30.016,,,,,
16813,10/02/25 11:00:00,30.041,,,,,
16814,10/02/25 11:15:00,30.066,,,,,
16815,10/02/25 11:30:00,30.066,,,,,
16816,10/02/25 11:45:00,30.091,,,,,
16817,10/02/25 12:00:00,30.117,,,,,
16818,10/02/25 12:15:00,30.142,,,,,
16819,10/02/25 12:30:00,30.167,,,,,
16820,10/02/25 12:45:00,30.167,,,,,
16821,10/02/25 13:00:00,30.167,,,,,
16822,10/02/25 13:15:00,30.192,,,,,
16823,10/02/25 13:30:00,30.243,,,,,
16824,10/02/25 13:45:00,30.268,,,,,
16825,10/02/25 14:00:00,30.293,,,,,
16826,10/02/25 14:15:00,30.318,,,,,
16827,10/02/25 14:30:00,30.293,,,,,
16828,10/02/25 14:45:00,30.268,,,,,
16829,10/02/25 15:00:00,30.268,,,,,
16830,10/02/25 15:15:00,30.293,,,,,
16831,10/02/25 15:30:00,30.293,,,,,
16832,10/02/25 15:45:00,30.268,,,,,
16833,10/02/25 16:00:00,30.268,,,,,
16834,10/02/25 16:15:00,30.243,,,,,
16835,10/02/25 16:30:00,30.217,,,,,
16836,10/02/25 16:45:00,30.192,,,,,
16837,10/02/25 17:00:00,30.192,,,,,
16838,10/02/25 17:15:00,30.192,,,,,
16839,10/02/25 17:30:00,30.192,,,,,
16840,10/02/25 17:45:00,30.167,,,,,
16841,10/02/25 18:00:00,30.167,,,,,
16842,10/02/25 18:15:00,30.167,,,,,
16843,10/02/25 18:30:00,30.142,,,,,
16844,10/02/25 18:45:00,30.142,,,,,
16845,10/02/25 19:00:00,30.142,,,,,
16846,10/02/25 19:15:00,30.142,,,,,
16847,10/02/25 19:30:00,30.142,,,,,
16848,10/02/25 19:45:00,30.142,,,,,
16849,10/02/25 20:00:00,30.142,,,,,
16850,10/02/25 20:15:00,30.142,,,,,
16851,10/02/25 20:30:00,30.142,,,,,
16852,10/02/25 20:45:00,30.142,,,,,
16853,10/02/25 21:00:00,30.142,,,,,
16854,10/02/25 21:15:00,30.142,,,,,
16855,10/02/25 21:30:00,30.142,,,,,
16856,10/02/25 21:45:00,30.142,,,,,
16857,10/02/25 22:00:00,30.142,,,,,
16858,10/02/25 22:15:00,30.117,,,,,
16859,10/02/25 22:30:00,30.016,,,,,
16860,10/02/25 22:45:00,29.991,,,,,
16861,10/02/25 23:00:00,30.016,,,,,
16862,10/02/25 23:15:00,30.066,,,,,
16863,10/02/25 23:30:00,30.091,,,,,
16864,10/02/25 23:45:00,30.091,,,,,
16865,10/03/25 00:00:00,30.091,,,,,
16866,10/03/25 00:15:00,30.091,,,,,
16867,10/03/25 00:30:00,30.091,,,,,
16868,10/03/25 00:45:00,30.091,,,,,
16869,10/03/25 01:00:00,30.091,,,,,
16870,10/03/25 01:15:00,30.091,,,,,
16871,10/03/25 01:30:00,30.117,,,,,
16872,10/03/25 01:45:00,30.091,,,,,
16873,10/03/25 02:00:00,30.091,,,,,
16874,10/03/25 02:15:00,30.091,,,,,
16875,10/03/25 02:30:00,30.091,,,,,
16876,10/03/25 02:45:00,30.117,,,,,
16877,10/03/25 03:00:00,30.117,,,,,
16878,10/03/25 03:15:00,30.117,,,,,
16879,10/03/25 03:30:00,30.117,,,,,
16880,10/03/25 03:45:00,30.117,,,,,
16881,10/03/25 04:00:00,30.142,,,,,
16882,10/03/25 04:15:00,30.142,,,,,
16883,10/03/25 04:30:00,30.142,,,,,
16884,10/03/25 04:45:00,30.142,,,,,
16885,10/03/25 05:00:00,30.142,,,,,
16886,10/03/25 05:15:00,30.142,,,,,
16887,10/03/25 05:30:00,30.142,,,,,
16888,10/03/25 05:45:00,30.142,,,,,
16889,10/03/25 06:00:00,30.142,,,,,
16890,10/03/25 06:15:00,30.142,,,,,
16891,10/03/25 06:30:00,30.142,,,,,
16892,10/03/25 06:45:00,30.142,,,,,
16893,10/03/25 07:00:00,30.142,,,,,
16894,10/03/25 07:15:00,30.142,,,,,
16895,10/03/25 07:30:00,30.142,,,,,
16896,10/03/25 07:45:00,30.142,,,,,
16897,10/03/25 08:00:00,30.142,,,,,
16898,10/03/25 08:15:00,30.167,,,,,
16899,10/03/25 08:30:00,30.167,,,,,
16900,10/03/25 08:45:00,30.167,,,,,
16901,10/03/25 09:00:00,30.167,,,,,
16902,10/03/25 09:15:00,30.167,,,,,
16903,10/03/25 09:30:00,30.167,,,,,
16904,10/03/25 09:45:00,30.167,,,,,
16905,10/03/25 10:00:00,30.192,,,,,
16906,10/03/25 10:15:00,30.192,,,,,
16907,10/03/25 10:30:00,30.167,,,,,
16908,10/03/25 10:45:00,30.192,,,,,
16909,10/03/25 11:00:00,30.192,,,,,
16910,10/03/25 11:15:00,30.192,,,,,
16911,10/03/25 11:30:00,30.192,,,,,
16912,10/03/25 11:45:00,30.217,,,,,
16913,10/03/25 12:00:00,30.243,,,,,
16914,10/03/25 12:15:00,30.268,,,,,
16915,10/03/25 12:30:00,30.268,,,,,
16916,10/03/25 12:45:00,30.268,,,,,
16917,10/03/25 13:00:00,30.268,,,,,
16918,10/03/25 13:15:00,30.268,,,,,
16919,10/03/25 13:30:00,30.293,,,,,
16920,10/03/25 13:45:00,30.318,,,,,
16921,10/03/25 14:00:00,30.343,,,,,
16922,10/03/25 14:15:00,30.343,,,,,
16923,10/03/25 14:30:00,30.343,,,,,
16924,10/03/25 14:45:00,30.343,,,,,
16925,10/03/25 15:00:00,30.318,,,,,
16926,10/03/25 15:15:00,30.293,,,,,
16927,10/03/25 15:30:00,30.293,,,,,
16928,10/03/25 15:45:00,30.268,,,,,
16929,10/03/25 16:00:00,30.293,,,,,
16930,10/03/25 16:15:00,30.293,,,,,
16931,10/03/25 16:30:00,30.293,,,,,
16932,10/03/25 16:45:00,30.293,,,,,
16933,10/03/25 17:00:00,30.318,,,,,
16934,10/03/25 17:15:00,30.318,,,,,
16935,10/03/25 17:30:00,30.318,,,,,
16936,10/03/25 17:45:00,30.318,,,,,
16937,10/03/25 18:00:00,30.318,,,,,
16938,10/03/25 18:15:00,30.318,,,,,
16939,10/03/25 18:30:00,30.293,,,,,
16940,10/03/25 18:45:00,30.293,,,,,
16941,10/03/25 19:00:00,30.293,,,,,
16942,10/03/25 19:15:00,30.293,,,,,
16943,10/03/25 19:30:00,30.293,,,,,
16944,10/03/25 19:45:00,30.293,,,,,
16945,10/03/25 20:00:00,30.268,,,,,
16946,10/03/25 20:15:00,30.293,,,,,
16947,10/03/25 20:30:00,30.293,,,,,
16948,10/03/25 20:45:00,30.318,,,,,
16949,10/03/25 21:00:00,30.343,,,,,
16950,10/03/25 21:15:00,30.318,,,,,
16951,10/03/25 21:30:00,30.318,,,,,
16952,10/03/25 21:45:00,30.318,,,,,
16953,10/03/25 22:00:00,30.318,,,,,
16954,10/03/25 22:15:00,30.318,,,,,
16955,10/03/25 22:30:00,30.293,,,,,
16956,10/03/25 22:45:00,30.243,,,,,
16957,10/03/25 23:00:00,30.192,,,,,
16958,10/03/25 23:15:00,30.217,,,,,
16959,10/03/25 23:30:00,30.217,,,,,
16960,10/03/25 23:45:00,30.217,,,,,
16961,10/04/25 00:00:00,30.243,,,,,
16962,10/04/25 00:15:00,30.268,,,,,
16963,10/04/25 00:30:00,30.268,,,,,
16964,10/04/25 00:45:00,30.268,,,,,
16965,10/04/25 01:00:00,30.268,,,,,
16966,10/04/25 01:15:00,30.268,,,,,
16967,10/04/25 01:30:00,30.268,,,,,
16968,10/04/25 01:45:00,30.268,,,,,
16969,10/04/25 02:00:00,30.268,,,,,
16970,10/04/25 02:15:00,30.268,,,,,
16971,10/04/25 02:30:00,30.268,,,,,
16972,10/04/25 02:45:00,30.268,,,,,
16973,10/04/25 03:00:00,30.243,,,,,
16974,10/04/25 03:15:00,30.243,,,,,
16975,10/04/25 03:30:00,30.243,,,,,
16976,10/04/25 03:45:00,30.217,,,,,
16977,10/04/25 04:00:00,30.217,,,,,
16978,10/04/25 04:15:00,30.217,,,,,
16979,10/04/25 04:30:00,30.217,,,,,
16980,10/04/25 04:45:00,30.217,,,,,
16981,10/04/25 05:00:00,30.192,,,,,
16982,10/04/25 05:15:00,30.192,,,,,
16983,10/04/25 05:30:00,30.192,,,,,
16984,10/04/25 05:45:00,30.167,,,,,
16985,10/04/25 06:00:00,30.192,,,,,
16986,10/04/25 06:15:00,30.192,,,,,
16987,10/04/25 06:30:00,30.167,,,,,
16988,10/04/25 06:45:00,30.142,,,,,
16989,10/04/25 07:00:00,30.142,,,,,
16990,10/04/25 07:15:00,30.142,,,,,
16991,10/04/25 07:30:00,30.142,,,,,
16992,10/04/25 07:45:00,30.167,,,,,
16993,10/04/25 08:00:00,30.167,,,,,
16994,10/04/25 08:15:00,30.167,,,,,
16995,10/04/25 08:30:00,30.167,,,,,
16996,10/04/25 08:45:00,30.142,,,,,
16997,10/04/25 09:00:00,30.117,,,,,
16998,10/04/25 09:15:00,30.117,,,,,
16999,10/04/25 09:30:00,30.117,,,,,
17000,10/04/25 09:45:00,30.117,,,,,
17001,10/04/25 10:00:00,30.117,,,,,
17002,10/04/25 10:15:00,30.142,,,,,
17003,10/04/25 10:30:00,30.142,,,,,
17004,10/04/25 10:45:00,30.167,,,,,
17005,10/04/25 11:00:00,30.167,,,,,
17006,10/04/25 11:15:00,30.167,,,,,
17007,10/04/25 11:30:00,30.192,,,,,
17008,10/04/25 11:45:00,30.217,,,,,
17009,10/04/25 12:00:00,30.217,,,,,
17010,10/04/25 12:15:00,30.217,,,,,
17011,10/04/25 12:30:00,30.243,,,,,
17012,10/04/25 12:45:00,30.217,,,,,
17013,10/04/25 13:00:00,30.217,,,,,
17014,10/04/25 13:15:00,30.243,,,,,
17015,10/04/25 13:30:00,30.243,,,,,
17016,10/04/25 13:45:00,30.243,,,,,
17017,10/04/25 14:00:00,30.243,,,,,
17018,10/04/25 14:15:00,30.243,,,,,
17019,10/04/25 14:30:00,30.243,,,,,
17020,10/04/25 14:45:00,30.243,,,,,
17021,10/04/25 15:00:00,30.268,,,,,
17022,10/04/25 15:15:00,30.268,,,,,
17023,10/04/25 15:30:00,30.268,,,,,
17024,10/04/25 15:45:00,30.268,,,,,
17025,10/04/25 16:00:00,30.268,,,,,
17026,10/04/25 16:15:00,30.243,,,,,
17027,10/04/25 16:30:00,30.243,,,,,
17028,10/04/25 16:45:00,30.243,,,,,
17029,10/04/25 17:00:00,30.243,,,,,
17030,10/04/25 17:15:00,30.243,,,,,
17031,10/04/25 17:30:00,30.243,,,,,
17032,10/04/25 17:45:00,30.243,,,,,
17033,10/04/25 18:00:00,30.243,,,,,
17034,10/04/25 18:15:00,30.243,,,,,
17035,10/04/25 18:30:00,30.243,,,,,
17036,10/04/25 18:45:00,30.243,,,,,
17037,10/04/25 19:00:00,30.243,,,,,
17038,10/04/25 19:15:00,30.243,,,,,
17039,10/04/25 19:30:00,30.243,,,,,
17040,10/04/25 19:45:00,30.243,,,,,
17041,10/04/25 20:00:00,30.243,,,,,
17042,10/04/25 20:15:00,30.243,,,,,
17043,10/04/25 20:30:00,30.243,,,,,
17044,10/04/25 20:45:00,30.243,,,,,
17045,10/04/25 21:00:00,30.243,,,,,
17046,10/04/25 21:15:00,30.243,,,,,
17047,10/04/25 21:30:00,30.243,,,,,
17048,10/04/25 21:45:00,30.217,,,,,
17049,10/04/25 22:00:00,30.217,,,,,
17050,10/04/25 22:15:00,30.192,,,,,
17051,10/04/25 22:30:00,30.192,,,,,
17052,10/04/25 22:45:00,30.217,,,,,
17053,10/04/25 23:00:00,30.217,,,,,
17054,10/04/25 23:15:00,30.217,,,,,
17055,10/04/25 23:30:00,30.217,,,,,
17056,10/04/25 23:45:00,30.217,,,,,
17057,10/05/25 00:00:00,30.217,,,,,
17058,10/05/25 00:15:00,30.192,,,,,
17059,10/05/25 00:30:00,30.217,,,,,
17060,10/05/25 00:45:00,30.192,,,,,
17061,10/05/25 01:00:00,30.192,,,,,
17062,10/05/25 01:15:00,30.192,,,,,
17063,10/05/25 01:30:00,30.192,,,,,
17064,10/05/25 01:45:00,30.167,,,,,
17065,10/05/25 02:00:00,30.167,,,,,
17066,10/05/25 02:15:00,30.142,,,,,
17067,10/05/25 02:30:00,30.142,,,,,
17068,10/05/25 02:45:00,30.117,,,,,
17069,10/05/25 03:00:00,30.066,,,,,
17070,10/05/25 03:15:00,30.041,,,,,
17071,10/05/25 03:30:00,30.016,,,,,
17072,10/05/25 03:45:00,29.991,,,,,
17073,10/05/25 04:00:00,29.941,,,,,
17074,10/05/25 04:15:00,29.916,,,,,
17075,10/05/25 04:30:00,29.916,,,,,
17076,10/05/25 04:45:00,29.916,,,,,
17077,10/05/25 05:00:00,29.916,,,,,
17078,10/05/25 05:15:00,29.890,,,,,
17079,10/05/25 05:30:00,29.865,,,,,
17080,10/05/25 05:45:00,29.840,,,,,
17081,10/05/25 06:00:00,29.865,,,,,
17082,10/05/25 06:15:00,29.865,,,,,
17083,10/05/25 06:30:00,29.916,,,,,
17084,10/05/25 06:45:00,29.916,,,,,
17085,10/05/25 07:00:00,29.941,,,,,
17086,10/05/25 07:15:00,29.941,,,,,
17087,10/05/25 07:30:00,29.916,,,,,
17088,10/05/25 07:45:00,29.916,,,,,
17089,10/05/25 08:00:00,29.916,,,,,
17090,10/05/25 08:15:00,29.916,,,,,
17091,10/05/25 08:30:00,29.941,,,,,
17092,10/05/25 08:45:00,29.941,,,,,
17093,10/05/25 09:00:00,29.966,,,,,
17094,10/05/25 09:15:00,29.991,,,,,
17095,10/05/25 09:30:00,29.991,,,,,
17096,10/05/25 09:45:00,30.016,,,,,
17097,10/05/25 10:00:00,30.016,,,,,
17098,10/05/25 10:15:00,30.041,,,,,
17099,10/05/25 10:30:00,30.066,,,,,
17100,10/05/25 10:45:00,30.066,,,,,
17101,10/05/25 11:00:00,30.091,,,,,
17102,10/05/25 11:15:00,30.091,,,,,
17103,10/05/25 11:30:00,30.117,,,,,
17104,10/05/25 11:45:00,30.117,,,,,
17105,10/05/25 12:00:00,30.117,,,,,
17106,10/05/25 12:15:00,30.142,,,,,
17107,10/05/25 12:30:00,30.142,,,,,
17108,10/05/25 12:45:00,30.167,,,,,
17109,10/05/25 13:00:00,30.167,,,,,
17110,10/05/25 13:15:00,30.167,,,,,
17111,10/05/25 13:30:00,30.167,,,,,
17112,10/05/25 13:45:00,30.167,,,,,
17113,10/05/25 14:00:00,30.167,,,,,
17114,10/05/25 14:15:00,30.167,,,,,
17115,10/05/25 14:30:00,30.142,,,,,
17116,10/05/25 14:45:00,30.142,,,,,
17117,10/05/25 15:00:00,30.142,,,,,
17118,10/05/25 15:15:00,30.167,,,,,
17119,10/05/25 15:30:00,30.167,,,,,
17120,10/05/25 15:45:00,30.167,,,,,
17121,10/05/25 16:00:00,30.167,,,,,
17122,10/05/25 16:15:00,30.167,,,,,
17123,10/05/25 16:30:00,30.167,,,,,
17124,10/05/25 16:45:00,30.167,,,,,
17125,10/05/25 17:00:00,30.167,,,,,
17126,10/05/25 17:15:00,30.167,,,,,
17127,10/05/25 17:30:00,30.167,,,,,
17128,10/05/25 17:45:00,30.167,,,,,
17129,10/05/25 18:00:00,30.192,,,,,
17130,10/05/25 18:15:00,30.192,,,,,
17131,10/05/25 18:30:00,30.192,,,,,
17132,10/05/25 18:45:00,30.192,,,,,
17133,10/05/25 19:00:00,30.192,,,,,
17134,10/05/25 19:15:00,30.192,,,,,
17135,10/05/25 19:30:00,30.167,,,,,
17136,10/05/25 19:45:00,30.167,,,,,
17137,10/05/25 20:00:00,30.167,,,,,
17138,10/05/25 20:15:00,30.167,,,,,
17139,10/05/25 20:30:00,30.167,,,,,
17140,10/05/25 20:45:00,30.192,,,,,
17141,10/05/25 21:00:00,30.192,,,,,
17142,10/05/25 21:15:00,30.192,,,,,
17143,10/05/25 21:30:00,30.192,,,,,
17144,10/05/25 21:45:00,30.192,,,,,
17145,10/05/25 22:00:00,30.192,,,,,
17146,10/05/25 22:15:00,30.192,,,,,
17147,10/05/25 22:30:00,30.192,,,,,
17148,10/05/25 22:45:00,30.192,,,,,
17149,10/05/25 23:00:00,30.192,,,,,
17150,10/05/25 23:15:00,30.192,,,,,
17151,10/05/25 23:30:00,30.167,,,,,
17152,10/05/25 23:45:00,30.142,,,,,
17153,10/06/25 00:00:00,30.066,,,,,
17154,10/06/25 00:15:00,30.066,,,,,
17155,10/06/25 00:30:00,30.016,,,,,
17156,10/06/25 00:45:00,29.991,,,,,
17157,10/06/25 01:00:00,29.991,,,,,
17158,10/06/25 01:15:00,29.941,,,,,
17159,10/06/25 01:30:00,29.916,,,,,
17160,10/06/25 01:45:00,29.916,,,,,
17161,10/06/25 02:00:00,29.916,,,,,
17162,10/06/25 02:15:00,29.916,,,,,
17163,10/06/25 02:30:00,29.916,,,,,
17164,10/06/25 02:45:00,29.916,,,,,
17165,10/06/25 03:00:00,29.916,,,,,
17166,10/06/25 03:15:00,29.916,,,,,
17167,10/06/25 03:30:00,29.916,,,,,
17168,10/06/25 03:45:00,29.916,,,,,
17169,10/06/25 04:00:00,29.890,,,,,
17170,10/06/25 04:15:00,29.916,,,,,
17171,10/06/25 04:30:00,29.916,,,,,
17172,10/06/25 04:45:00,29.916,,,,,
17173,10/06/25 05:00:00,29.916,,,,,
17174,10/06/25 05:15:00,29.916,,,,,
17175,10/06/25 05:30:00,29.916,,,,,
17176,10/06/25 05:45:00,29.916,,,,,
17177,10/06/25 06:00:00,29.916,,,,,
17178,10/06/25 06:15:00,29.890,,,,,
17179,10/06/25 06:30:00,29.890,,,,,
17180,10/06/25 06:45:00,29.890,,,,,
17181,10/06/25 07:00:00,29.865,,,,,
17182,10/06/25 07:15:00,29.865,,,,,
17183,10/06/25 07:30:00,29.916,,,,,
17184,10/06/25 07:45:00,29.941,,,,,
17185,10/06/25 08:00:00,29.941,,,,,
17186,10/06/25 08:15:00,29.966,,,,,
17187,10/06/25 08:30:00,29.966,,,,,
17188,10/06/25 08:45:00,29.966,,,,,
17189,10/06/25 09:00:00,29.966,,,,,
17190,10/06/25 09:15:00,29.991,,,,,
17191,10/06/25 09:30:00,30.016,,,,,
17192,10/06/25 09:45:00,30.016,,,,,
17193,10/06/25 10:00:00,30.041,,,,,
17194,10/06/25 10:15:00,30.041,,,,,
17195,10/06/25 10:30:00,30.066,,,,,
17196,10/06/25 10:45:00,30.091,,,,,
17197,10/06/25 11:00:00,30.117,,,,,
17198,10/06/25 11:15:00,30.066,,,,,
17199,10/06/25 11:30:00,30.091,,,,,
17200,10/06/25 11:45:00,30.117,,,,,
17201,10/06/25 12:00:00,30.192,,,,,
17202,10/06/25 12:15:00,30.217,,,,,
17203,10/06/25 12:30:00,30.243,,,,,
17204,10/06/25 12:45:00,30.243,,,,,
17205,10/06/25 13:00:00,30.268,,,,,
17206,10/06/25 13:15:00,30.293,,,,,
17207,10/06/25 13:30:00,30.318,,,,,
17208,10/06/25 13:45:00,30.293,,,,,
17209,10/06/25 14:00:00,30.293,,,,,
17210,10/06/25 14:15:00,30.293,,,,,
17211,10/06/25 14:30:00,30.293,,,,,
17212,10/06/25 14:45:00,30.293,,,,,
17213,10/06/25 15:00:00,30.293,,,,,
17214,10/06/25 15:15:00,30.293,,,,,
17215,10/06/25 15:30:00,30.318,,,,,
17216,10/06/25 15:45:00,30.318,,,,,
17217,10/06/25 16:00:00,30.318,,,,,
17218,10/06/25 16:15:00,30.318,,,,,
17219,10/06/25 16:30:00,30.318,,,,,
17220,10/06/25 16:45:00,30.318,,,,,
17221,10/06/25 17:00:00,30.343,,,,,
17222,10/06/25 17:15:00,30.343,,,,,
17223,10/06/25 17:30:00,30.369,,,,,
17224,10/06/25 17:45:00,30.369,,,,,
17225,10/06/25 18:00:00,30.343,,,,,
17226,10/06/25 18:15:00,30.318,,,,,
17227,10/06/25 18:30:00,30.318,,,,,
17228,10/06/25 18:45:00,30.293,,,,,
17229,10/06/25 19:00:00,30.293,,,,,
17230,10/06/25 19:15:00,30.293,,,,,
17231,10/06/25 19:30:00,30.293,,,,,
17232,10/06/25 19:45:00,30.293,,,,,
17233,10/06/25 20:00:00,30.293,,,,,
17234,10/06/25 20:15:00,30.293,,,,,
17235,10/06/25 20:30:00,30.293,,,,,
17236,10/06/25 20:45:00,30.268,,,,,
17237,10/06/25 21:00:00,30.268,,,,,
17238,10/06/25 21:15:00,30.268,,,,,
17239,10/06/25 21:30:00,30.268,,,,,
17240,10/06/25 21:45:00,30.268,,,,,
17241,10/06/25 22:00:00,30.268,,,,,
17242,10/06/25 22:15:00,30.268,,,,,
17243,10/06/25 22:30:00,30.268,,,,,
17244,10/06/25 22:45:00,30.268,,,,,
17245,10/06/25 23:00:00,30.268,,,,,
17246,10/06/25 23:15:00,30.268,,,,,
17247,10/06/25 23:30:00,30.268,,,,,
17248,10/06/25 23:45:00,30.268,,,,,
17249,10/07/25 00:00:00,30.268,,,,,
17250,10/07/25 00:15:00,30.268,,,,,
17251,10/07/25 00:30:00,30.268,,,,,
17252,10/07/25 00:45:00,30.268,,,,,
17253,10/07/25 01:00:00,30.268,,,,,
17254,10/07/25 01:15:00,30.192,,,,,
17255,10/07/25 01:30:00,30.167,,,,,
17256,10/07/25 01:45:00,30.192,,,,,
17257,10/07/25 02:00:00,30.243,,,,,
17258,10/07/25 02:15:00,30.217,,,,,
17259,10/07/25 02:30:00,30.217,,,,,
17260,10/07/25 02:45:00,30.217,,,,,
17261,10/07/25 03:00:00,30.217,,,,,
17262,10/07/25 03:15:00,30.217,,,,,
17263,10/07/25 03:30:00,30.167,,,,,
17264,10/07/25 03:45:00,30.117,,,,,
17265,10/07/25 04:00:00,30.066,,,,,
17266,10/07/25 04:15:00,30.041,,,,,
17267,10/07/25 04:30:00,30.016,,,,,
17268,10/07/25 04:45:00,30.016,,,,,
17269,10/07/25 05:00:00,30.016,,,,,
17270,10/07/25 05:15:00,30.041,,,,,
17271,10/07/25 05:30:00,30.066,,,,,
17272,10/07/25 05:45:00,30.066,,,,,
17273,10/07/25 06:00:00,30.066,,,,,
17274,10/07/25 06:15:00,30.041,,,,,
17275,10/07/25 06:30:00,30.066,,,,,
17276,10/07/25 06:45:00,30.041,,,,,
17277,10/07/25 07:00:00,30.041,,,,,
17278,10/07/25 07:15:00,29.991,,,,,
17279,10/07/25 07:30:00,29.941,,,,,
17280,10/07/25 07:45:00,29.916,,,,,
17281,10/07/25 08:00:00,29.941,,,,,
17282,10/07/25 08:15:00,29.941,,,,,
17283,10/07/25 08:30:00,29.966,,,,,
17284,10/07/25 08:45:00,29.991,,,,,
17285,10/07/25 09:00:00,29.991,,,,,
17286,10/07/25 09:15:00,30.016,,,,,
17287,10/07/25 09:30:00,30.041,,,,,
17288,10/07/25 09:45:00,30.041,,,,,
17289,10/07/25 10:00:00,30.066,,,,,
17290,10/07/25 10:15:00,30.091,,,,,
17291,10/07/25 10:30:00,30.066,,,,,
17292,10/07/25 10:45:00,30.066,,,,,
17293,10/07/25 11:00:00,30.066,,,,,
17294,10/07/25 11:15:00,30.066,,,,,
17295,10/07/25 11:30:00,30.066,,,,,
17296,10/07/25 11:45:00,30.066,,,,,
17297,10/07/25 12:00:00,30.091,,,,,
17298,10/07/25 12:15:00,30.091,,,,,
17299,10/07/25 12:30:00,30.091,,,,,
17300,10/07/25 12:45:00,30.091,,,,,
17301,10/07/25 13:00:00,30.091,,,,,
17302,10/07/25 13:15:00,30.091,,,,,
17303,10/07/25 13:30:00,30.117,,,,,
17304,10/07/25 13:45:00,30.117,,,,,
17305,10/07/25 14:00:00,30.117,,,,,
17306,10/07/25 14:15:00,30.117,,,,,
17307,10/07/25 14:30:00,30.117,,,,,
17308,10/07/25 14:45:00,30.117,,,,,
17309,10/07/25 15:00:00,30.117,,,,,
17310,10/07/25 15:15:00,30.117,,,,,
17311,10/07/25 15:30:00,30.117,,,,,
17312,10/07/25 15:45:00,30.117,,,,,
17313,10/07/25 16:00:00,30.117,,,,,
17314,10/07/25 16:15:00,30.117,,,,,
17315,10/07/25 16:30:00,30.142,,,,,
17316,10/07/25 16:45:00,30.142,,,,,
17317,10/07/25 17:00:00,30.142,,,,,
17318,10/07/25 17:15:00,30.117,,,,,
17319,10/07/25 17:30:00,30.117,,,,,
17320,10/07/25 17:45:00,30.117,,,,,
17321,10/07/25 18:00:00,30.117,,,,,
17322,10/07/25 18:15:00,30.117,,,,,
17323,10/07/25 18:30:00,30.117,,,,,
17324,10/07/25 18:45:00,30.117,,,,,
17325,10/07/25 19:00:00,30.142,,,,,
17326,10/07/25 19:15:00,30.142,,,,,
17327,10/07/25 19:30:00,30.142,,,,,
17328,10/07/25 19:45:00,30.142,,,,,
17329,10/07/25 20:00:00,30.142,,,,,
17330,10/07/25 20:15:00,30.142,,,,,
17331,10/07/25 20:30:00,30.142,,,,,
17332,10/07/25 20:45:00,30.142,,,,,
17333,10/07/25 21:00:00,30.167,,,,,
17334,10/07/25 21:15:00,30.142,,,,,
17335,10/07/25 21:30:00,30.142,,,,,
17336,10/07/25 21:45:00,30.142,,,,,
17337,10/07/25 22:00:00,30.142,,,,,
17338,10/07/25 22:15:00,30.142,,,,,
17339,10/07/25 22:30:00,30.117,,,,,
17340,10/07/25 22:45:00,30.117,,,,,
17341,10/07/25 23:00:00,30.117,,,,,
17342,10/07/25 23:15:00,30.117,,,,,
17343,10/07/25 23:30:00,30.117,,,,,
17344,10/07/25 23:45:00,30.117,,,,,
17345,10/08/25 00:00:00,30.117,,,,,
17346,10/08/25 00:15:00,30.117,,,,,
17347,10/08/25 00:30:00,30.117,,,,,
17348,10/08/25 00:45:00,30.142,,,,,
17349,10/08/25 01:00:00,30.142,,,,,
17350,10/08/25 01:15:00,30.142,,,,,
17351,10/08/25 01:30:00,30.167,,,,,
17352,10/08/25 01:45:00,30.167,,,,,
17353,10/08/25 02:00:00,30.167,,,,,
17354,10/08/25 02:15:00,30.167,,,,,
17355,10/08/25 02:30:00,30.167,,,,,
17356,10/08/25 02:45:00,30.167,,,,,
17357,10/08/25 03:00:00,30.167,,,,,
17358,10/08/25 03:15:00,30.167,,,,,
17359,10/08/25 03:30:00,30.167,,,,,
17360,10/08/25 03:45:00,30.167,,,,,
17361,10/08/25 04:00:00,30.117,,,,,
17362,10/08/25 04:15:00,30.066,,,,,
17363,10/08/25 04:30:00,29.991,,,,,
17364,10/08/25 04:45:00,29.941,,,,,
17365,10/08/25 05:00:00,29.890,,,,,
17366,10/08/25 05:15:00,29.840,,,,,
17367,10/08/25 05:30:00,29.815,,,,,
17368,10/08/25 05:45:00,29.815,,,,,
17369,10/08/25 06:00:00,29.916,,,,,
17370,10/08/25 06:15:00,30.016,,,,,
17371,10/08/25 06:30:00,30.066,,,,,
17372,10/08/25 06:45:00,30.066,,,,,
17373,10/08/25 07:00:00,30.091,,,,,
17374,10/08/25 07:15:00,30.091,,,,,
17375,10/08/25 07:30:00,30.117,,,,,
17376,10/08/25 07:45:00,30.167,,,,,
17377,10/08/25 08:00:00,30.167,,,,,
17378,10/08/25 08:15:00,30.192,,,,,
17379,10/08/25 08:30:00,30.192,,,,,
17380,10/08/25 08:45:00,30.192,,,,,
17381,10/08/25 09:00:00,30.192,,,,,
17382,10/08/25 09:15:00,30.192,,,,,
17383,10/08/25 09:30:00,30.217,,,,,
17384,10/08/25 09:45:00,30.192,,,,,
17385,10/08/25 10:00:00,30.217,,,,,
17386,10/08/25 10:15:00,30.192,,,,,
17387,10/08/25 10:30:00,30.167,,,,,
17388,10/08/25 10:45:00,30.117,,,,,
17389,10/08/25 11:00:00,30.117,,,,,
17390,10/08/25 11:15:00,30.142,,,,,
17391,10/08/25 11:30:00,30.142,,,,,
17392,10/08/25 11:45:00,30.192,,,,,
17393,10/08/25 12:00:00,30.192,,,,,
17394,10/08/25 12:15:00,30.192,,,,,
17395,10/08/25 12:30:00,30.192,,,,,
17396,10/08/25 12:45:00,30.217,,,,,
17397,10/08/25 13:00:00,30.217,,,,,
17398,10/08/25 13:15:00,30.217,,,,,
17399,10/08/25 13:30:00,30.217,,,,,
17400,10/08/25 13:45:00,30.217,,,,,
17401,10/08/25 14:00:00,30.243,,,,,
17402,10/08/25 14:15:00,30.243,,,,,
17403,10/08/25 14:30:00,30.243,,,,,
17404,10/08/25 14:45:00,30.243,,,,,
17405,10/08/25 15:00:00,30.217,,,,,
17406,10/08/25 15:15:00,30.217,,,,,
17407,10/08/25 15:30:00,30.217,,,,,
17408,10/08/25 15:45:00,30.217,,,,,
17409,10/08/25 16:00:00,30.217,,,,,
17410,10/08/25 16:15:00,30.217,,,,,
17411,10/08/25 16:30:00,30.217,,,,,
17412,10/08/25 16:45:00,30.217,,,,,
17413,10/08/25 17:00:00,30.217,,,,,
17414,10/08/25 17:15:00,30.217,,,,,
17415,10/08/25 17:30:00,30.217,,,,,
17416,10/08/25 17:45:00,30.217,,,,,
17417,10/08/25 18:00:00,30.217,,,,,
17418,10/08/25 18:15:00,30.217,,,,,
17419,10/08/25 18:30:00,30.217,,,,,
17420,10/08/25 18:45:00,30.217,,,,,
17421,10/08/25 19:00:00,30.217,,,,,
17422,10/08/25 19:15:00,30.217,,,,,
17423,10/08/25 19:30:00,30.217,,,,,
17424,10/08/25 19:45:00,30.217,,,,,
17425,10/08/25 20:00:00,30.217,,,,,
17426,10/08/25 20:15:00,30.192,,,,,
17427,10/08/25 20:30:00,30.192,,,,,
17428,10/08/25 20:45:00,30.192,,,,,
17429,10/08/25 21:00:00,30.192,,,,,
17430,10/08/25 21:15:00,30.192,,,,,
17431,10/08/25 21:30:00,30.192,,,,,
17432,10/08/25 21:45:00,30.192,,,,,
17433,10/08/25 22:00:00,30.192,,,,,
17434,10/08/25 22:15:00,30.192,,,,,
17435,10/08/25 22:30:00,30.192,,,,,
17436,10/08/25 22:45:00,30.192,,,,,
17437,10/08/25 23:00:00,30.167,,,,,
17438,10/08/25 23:15:00,30.167,,,,,
17439,10/08/25 23:30:00,30.167,,,,,
17440,10/08/25 23:45:00,30.167,,,,,
17441,10/09/25 00:00:00,30.167,,,,,
17442,10/09/25 00:15:00,30.142,,,,,
17443,10/09/25 00:30:00,30.117,,,,,
17444,10/09/25 00:45:00,30.117,,,,,
17445,10/09/25 01:00:00,30.117,,,,,
17446,10/09/25 01:15:00,30.117,,,,,
17447,10/09/25 01:30:00,30.142,,,,,
17448,10/09/25 01:45:00,30.192,,,,,
17449,10/09/25 02:00:00,30.167,,,,,
17450,10/09/25 02:15:00,30.142,,,,,
17451,10/09/25 02:30:00,30.117,,,,,
17452,10/09/25 02:45:00,30.117,,,,,
17453,10/09/25 03:00:00,30.142,,,,,
17454,10/09/25 03:15:00,30.167,,,,,
17455,10/09/25 03:30:00,30.142,,,,,
17456,10/09/25 03:45:00,30.142,,,,,
17457,10/09/25 04:00:00,30.142,,,,,
17458,10/09/25 04:15:00,30.117,,,,,
17459,10/09/25 04:30:00,30.117,,,,,
17460,10/09/25 04:45:00,30.091,,,,,
17461,10/09/25 05:00:00,30.066,,,,,
17462,10/09/25 05:15:00,29.991,,,,,
17463,10/09/25 05:30:00,29.991,,,,,
17464,10/09/25 05:45:00,29.890,,,,,
17465,10/09/25 06:00:00,29.840,,,,,
17466,10/09/25 06:15:00,29.865,,,,,
17467,10/09/25 06:30:00,29.916,,,,,
17468,10/09/25 06:45:00,29.966,,,,,
17469,10/09/25 07:00:00,29.966,,,,,
17470,10/09/25 07:15:00,29.941,,,,,
17471,10/09/25 07:30:00,29.941,,,,,
17472,10/09/25 07:45:00,29.941,,,,,
17473,10/09/25 08:00:00,29.941,,,,,
17474,10/09/25 08:15:00,29.966,,,,,
17475,10/09/25 08:30:00,29.966,,,,,
17476,10/09/25 08:45:00,29.991,,,,,
17477,10/09/25 09:00:00,29.991,,,,,
17478,10/09/25 09:15:00,30.016,,,,,
17479,10/09/25 09:30:00,30.041,,,,,
17480,10/09/25 09:45:00,30.041,,,,,
17481,10/09/25 10:00:00,30.066,,,,,
17482,10/09/25 10:15:00,30.066,,,,,
17483,10/09/25 10:30:00,30.091,,,,,
17484,10/09/25 10:45:00,30.117,,,,,
17485,10/09/25 11:00:00,30.117,,,,,
17486,10/09/25 11:15:00,30.117,,,,,
17487,10/09/25 11:30:00,30.117,,,,,
17488,10/09/25 11:45:00,30.142,,,,,
17489,10/09/25 12:00:00,30.142,,,,,
17490,10/09/25 12:15:00,30.142,,,,,
17491,10/09/25 12:30:00,30.142,,,,,
17492,10/09/25 12:45:00,30.142,,,,,
17493,10/09/25 13:00:00,30.142,,,,,
17494,10/09/25 13:15:00,30.142,,,,,
17495,10/09/25 13:30:00,30.142,,,,,
17496,10/09/25 13:45:00,30.117,,,,,
17497,10/09/25 14:00:00,30.117,,,,,
17498,10/09/25 14:15:00,30.091,,,,,
17499,10/09/25 14:30:00,30.117,,,,,
17500,10/09/25 14:45:00,30.117,,,,,
17501,10/09/25 15:00:00,30.117,,,,,
17502,10/09/25 15:15:00,30.117,,,,,
17503,10/09/25 15:30:00,30.142,,,,,
17504,10/09/25 15:45:00,30.142,,,,,
17505,10/09/25 16:00:00,30.142,,,,,
17506,10/09/25 16:15:00,30.167,,,,,
17507,10/09/25 16:30:00,30.142,,,,,
17508,10/09/25 16:45:00,30.142,,,,,
17509,10/09/25 17:00:00,30.142,,,,,
17510,10/09/25 17:15:00,30.142,,,,,
17511,10/09/25 17:30:00,30.142,,,,,
17512,10/09/25 17:45:00,30.142,,,,,
17513,10/09/25 18:00:00,30.142,,,,,
17514,10/09/25 18:15:00,30.167,,,,,
17515,10/09/25 18:30:00,30.167,,,,,
17516,10/09/25 18:45:00,30.142,,,,,
17517,10/09/25 19:00:00,30.142,,,,,
17518,10/09/25 19:15:00,30.142,,,,,
17519,10/09/25 19:30:00,30.142,,,,,
17520,10/09/25 19:45:00,30.142,,,,,
17521,10/09/25 20:00:00,30.142,,,,,
17522,10/09/25 20:15:00,30.142,,,,,
17523,10/09/25 20:30:00,30.142,,,,,
17524,10/09/25 20:45:00,30.167,,,,,
17525,10/09/25 21:00:00,30.167,,,,,
17526,10/09/25 21:15:00,30.167,,,,,
17527,10/09/25 21:30:00,30.167,,,,,
17528,10/09/25 21:45:00,30.167,,,,,
17529,10/09/25 22:00:00,30.192,,,,,
17530,10/09/25 22:15:00,30.192,,,,,
17531,10/09/25 22:30:00,30.167,,,,,
17532,10/09/25 22:45:00,30.192,,,,,
17533,10/09/25 23:00:00,30.192,,,,,
17534,10/09/25 23:15:00,30.192,,,,,
17535,10/09/25 23:30:00,30.192,,,,,
17536,10/09/25 23:45:00,30.217,,,,,
17537,10/10/25 00:00:00,30.217,,,,,
17538,10/10/25 00:15:00,30.192,,,,,
17539,10/10/25 00:30:00,30.192,,,,,
17540,10/10/25 00:45:00,30.192,,,,,
17541,10/10/25 01:00:00,30.192,,,,,
17542,10/10/25 01:15:00,30.167,,,,,
17543,10/10/25 01:30:00,30.167,,,,,
17544,10/10/25 01:45:00,30.167,,,,,
17545,10/10/25 02:00:00,30.167,,,,,
17546,10/10/25 02:15:00,30.167,,,,,
17547,10/10/25 02:30:00,30.167,,,,,
17548,10/10/25 02:45:00,30.167,,,,,
17549,10/10/25 03:00:00,30.167,,,,,
17550,10/10/25 03:15:00,30.142,,,,,
17551,10/10/25 03:30:00,30.142,,,,,
17552,10/10/25 03:45:00,30.117,,,,,
17553,10/10/25 04:00:00,30.117,,,,,
17554,10/10/25 04:15:00,30.117,,,,,
17555,10/10/25 04:30:00,30.091,,,,,
17556,10/10/25 04:45:00,30.066,,,,,
17557,10/10/25 05:00:00,30.117,,,,,
17558,10/10/25 05:15:00,30.142,,,,,
17559,10/10/25 05:30:00,30.117,,,,,
17560,10/10/25 05:45:00,30.142,,,,,
17561,10/10/25 06:00:00,30.117,,,,,
17562,10/10/25 06:15:00,30.091,,,,,
17563,10/10/25 06:30:00,30.066,,,,,
17564,10/10/25 06:45:00,30.016,,,,,
17565,10/10/25 07:00:00,29.966,,,,,
17566,10/10/25 07:15:00,29.966,,,,,
17567,10/10/25 07:30:00,29.966,,,,,
17568,10/10/25 07:45:00,29.991,,,,,
17569,10/10/25 08:00:00,29.991,,,,,
17570,10/10/25 08:15:00,29.991,,,,,
17571,10/10/25 08:30:00,29.991,,,,,
17572,10/10/25 08:45:00,30.016,,,,,
17573,10/10/25 09:00:00,30.016,,,,,
17574,10/10/25 09:15:00,30.041,,,,,
17575,10/10/25 09:30:00,30.041,,,,,
17576,10/10/25 09:45:00,30.016,,,,,
17577,10/10/25 10:00:00,30.016,,,,,
17578,10/10/25 10:15:00,30.016,,,,,
17579,10/10/25 10:30:00,30.041,,,,,
17580,10/10/25 10:45:00,30.066,,,,,
17581,10/10/25 11:00:00,30.091,,,,,
17582,10/10/25 11:15:00,30.117,,,,,
17583,10/10/25 11:30:00,30.142,,,,,
17584,10/10/25 11:45:00,30.167,,,,,
17585,10/10/25 12:00:00,30.167,,,,,
17586,10/10/25 12:15:00,30.167,,,,,
17587,10/10/25 12:30:00,30.167,,,,,
17588,10/10/25 12:45:00,30.167,,,,,
17589,10/10/25 13:00:00,30.192,,,,,
17590,10/10/25 13:15:00,30.217,,,,,
17591,10/10/25 13:30:00,30.243,,,,,
17592,10/10/25 13:45:00,30.268,,,,,
17593,10/10/25 14:00:00,30.268,,,,,
17594,10/10/25 14:15:00,30.243,,,,,
17595,10/10/25 14:30:00,30.243,,,,,
17596,10/10/25 14:45:00,30.243,,,,,
17597,10/10/25 15:00:00,30.243,,,,,
17598,10/10/25 15:15:00,30.243,,,,,
17599,10/10/25 15:30:00,30.243,,,,,
17600,10/10/25 15:45:00,30.243,,,,,
17601,10/10/25 16:00:00,30.243,,,,,
17602,10/10/25 16:15:00,30.217,,,,,
17603,10/10/25 16:30:00,30.217,,,,,
17604,10/10/25 16:45:00,30.217,,,,,
17605,10/10/25 17:00:00,30.217,,,,,
17606,10/10/25 17:15:00,30.217,,,,,
17607,10/10/25 17:30:00,30.217,,,,,
17608,10/10/25 17:45:00,30.217,,,,,
17609,10/10/25 18:00:00,30.217,,,,,
17610,10/10/25 18:15:00,30.217,,,,,
17611,10/10/25 18:30:00,30.217,,,,,
17612,10/10/25 18:45:00,30.217,,,,,
17613,10/10/25 19:00:00,30.217,,,,,
17614,10/10/25 19:15:00,30.217,,,,,
17615,10/10/25 19:30:00,30.217,,,,,
17616,10/10/25 19:45:00,30.192,,,,,
17617,10/10/25 20:00:00,30.192,,,,,
17618,10/10/25 20:15:00,30.217,,,,,
17619,10/10/25 20:30:00,30.217,,,,,
17620,10/10/25 20:45:00,30.217,,,,,
17621,10/10/25 21:00:00,30.217,,,,,
17622,10/10/25 21:15:00,30.217,,,,,
17623,10/10/25 21:30:00,30.217,,,,,
17624,10/10/25 21:45:00,30.217,,,,,
17625,10/10/25 22:00:00,30.217,,,,,
17626,10/10/25 22:15:00,30.192,,,,,
17627,10/10/25 22:30:00,30.192,,,,,
17628,10/10/25 22:45:00,30.192,,,,,
17629,10/10/25 23:00:00,30.192,,,,,
17630,10/10/25 23:15:00,30.192,,,,,
17631,10/10/25 23:30:00,30.192,,,,,
17632,10/10/25 23:45:00,30.192,,,,,
17633,10/11/25 00:00:00,30.167,,,,,
17634,10/11/25 00:15:00,30.142,,,,,
17635,10/11/25 00:30:00,30.117,,,,,
17636,10/11/25 00:45:00,30.142,,,,,
17637,10/11/25 01:00:00,30.192,,,,,
17638,10/11/25 01:15:00,30.192,,,,,
17639,10/11/25 01:30:00,30.192,,,,,
17640,10/11/25 01:45:00,30.192,,,,,
17641,10/11/25 02:00:00,30.192,,,,,
17642,10/11/25 02:15:00,30.192,,,,,
17643,10/11/25 02:30:00,30.192,,,,,
17644,10/11/25 02:45:00,30.217,,,,,
17645,10/11/25 03:00:00,30.192,,,,,
17646,10/11/25 03:15:00,30.167,,,,,
17647,10/11/25 03:30:00,30.192,,,,,
17648,10/11/25 03:45:00,30.217,,,,,
17649,10/11/25 04:00:00,30.217,,,,,
17650,10/11/25 04:15:00,30.217,,,,,
17651,10/11/25 04:30:00,30.117,,,,,
17652,10/11/25 04:45:00,30.066,,,,,
17653,10/11/25 05:00:00,30.041,,,,,
17654,10/11/25 05:15:00,30.041,,,,,
17655,10/11/25 05:30:00,30.041,,,,,
17656,10/11/25 05:45:00,30.066,,,,,
17657,10/11/25 06:00:00,30.117,,,,,
17658,10/11/25 06:15:00,30.142,,,,,
17659,10/11/25 06:30:00,30.167,,,,,
17660,10/11/25 06:45:00,30.192,,,,,
17661,10/11/25 07:00:00,30.192,,,,,
17662,10/11/25 07:15:00,30.192,,,,,
17663,10/11/25 07:30:00,30.192,,,,,
17664,10/11/25 07:45:00,30.192,,,,,
17665,10/11/25 08:00:00,30.192,,,,,
17666,10/11/25 08:15:00,30.217,,,,,
17667,10/11/25 08:30:00,30.217,,,,,
17668,10/11/25 08:45:00,30.217,,,,,
17669,10/11/25 09:00:00,30.243,,,,,
17670,10/11/25 09:15:00,30.217,,,,,
17671,10/11/25 09:30:00,30.217,,,,,
17672,10/11/25 09:45:00,30.167,,,,,
17673,10/11/25 10:00:00,30.167,,,,,
17674,10/11/25 10:15:00,30.142,,,,,
17675,10/11/25 10:30:00,30.142,,,,,
17676,10/11/25 10:45:00,30.167,,,,,
17677,10/11/25 11:00:00,30.192,,,,,
17678,10/11/25 11:15:00,30.192,,,,,
17679,10/11/25 11:30:00,30.192,,,,,
17680,10/11/25 11:45:00,30.167,,,,,
17681,10/11/25 12:00:00,30.192,,,,,
17682,10/11/25 12:15:00,30.243,,,,,
17683,10/11/25 12:30:00,30.243,,,,,
17684,10/11/25 12:45:00,30.268,,,,,
17685,10/11/25 13:00:00,30.268,,,,,
17686,10/11/25 13:15:00,30.268,,,,,
17687,10/11/25 13:30:00,30.243,,,,,
17688,10/11/25 13:45:00,30.243,,,,,
17689,10/11/25 14:00:00,30.192,,,,,
17690,10/11/25 14:15:00,30.192,,,,,
17691,10/11/25 14:30:00,30.217,,,,,
17692,10/11/25 14:45:00,30.243,,,,,
17693,10/11/25 15:00:00,30.243,,,,,
17694,10/11/25 15:15:00,30.217,,,,,
17695,10/11/25 15:30:00,30.243,,,,,
17696,10/11/25 15:45:00,30.217,,,,,
17697,10/11/25 16:00:00,30.217,,,,,
17698,10/11/25 16:15:00,30.142,,,,,
17699,10/11/25 16:30:00,30.091,,,,,
17700,10/11/25 16:45:00,30.091,,,,,
17701,10/11/25 17:00:00,30.142,,,,,
17702,10/11/25 17:15:00,30.142,,,,,
17703,10/11/25 17:30:00,30.167,,,,,
17704,10/11/25 17:45:00,30.167,,,,,
17705,10/11/25 18:00:00,30.167,,,,,
17706,10/11/25 18:15:00,30.167,,,,,
17707,10/11/25 18:30:00,30.192,,,,,
17708,10/11/25 18:45:00,30.192,,,,,
17709,10/11/25 19:00:00,30.192,,,,,
17710,10/11/25 19:15:00,30.217,,,,,
17711,10/11/25 19:30:00,30.217,,,,,
17712,10/11/25 19:45:00,30.217,,,,,
17713,10/11/25 20:00:00,30.217,,,,,
17714,10/11/25 20:15:00,30.217,,,,,
17715,10/11/25 20:30:00,30.217,,,,,
17716,10/11/25 20:45:00,30.217,,,,,
17717,10/11/25 21:00:00,30.192,,,,,
17718,10/11/25 21:15:00,30.192,,,,,
17719,10/11/25 21:30:00,30.192,,,,,
17720,10/11/25 21:45:00,30.192,,,,,
17721,10/11/25 22:00:00,30.192,,,,,
17722,10/11/25 22:15:00,30.192,,,,,
17723,10/11/25 22:30:00,30.192,,,,,
17724,10/11/25 22:45:00,30.167,,,,,
17725,10/11/25 23:00:00,30.142,,,,,
17726,10/11/25 23:15:00,30.066,,,,,
17727,10/11/25 23:30:00,30.066,,,,,
17728,10/11/25 23:45:00,30.041,,,,,
17729,10/12/25 00:00:00,30.016,,,,,
17730,10/12/25 00:15:00,29.991,,,,,
17731,10/12/25 00:30:00,29.966,,,,,
17732,10/12/25 00:45:00,29.966,,,,,
17733,10/12/25 01:00:00,29.966,,,,,
17734,10/12/25 01:15:00,29.966,,,,,
17735,10/12/25 01:30:00,29.991,,,,,
17736,10/12/25 01:45:00,30.041,,,,,
17737,10/12/25 02:00:00,30.066,,,,,
17738,10/12/25 02:15:00,30.041,,,,,
17739,10/12/25 02:30:00,30.041,,,,,
17740,10/12/25 02:45:00,30.041,,,,,
17741,10/12/25 03:00:00,30.066,,,,,
17742,10/12/25 03:15:00,30.066,,,,,
17743,10/12/25 03:30:00,30.066,,,,,
17744,10/12/25 03:45:00,30.041,,,,,
17745,10/12/25 04:00:00,30.041,,,,,
17746,10/12/25 04:15:00,30.041,,,,,
17747,10/12/25 04:30:00,30.041,,,,,
17748,10/12/25 04:45:00,30.041,,,,,
17749,10/12/25 05:00:00,30.041,,,,,
17750,10/12/25 05:15:00,30.041,,,,,
17751,10/12/25 05:30:00,30.041,,,,,
17752,10/12/25 05:45:00,30.041,,,,,
17753,10/12/25 06:00:00,30.041,,,,,
17754,10/12/25 06:15:00,30.041,,,,,
17755,10/12/25 06:30:00,30.016,,,,,
17756,10/12/25 06:45:00,30.016,,,,,
17757,10/12/25 07:00:00,29.991,,,,,
17758,10/12/25 07:15:00,29.941,,,,,
17759,10/12/25 07:30:00,29.890,,,,,
17760,10/12/25 07:45:00,29.865,,,,,
17761,10/12/25 08:00:00,29.865,,,,,
17762,10/12/25 08:15:00,29.941,,,,,
17763,10/12/25 08:30:00,29.966,,,,,
17764,10/12/25 08:45:00,29.916,,,,,
17765,10/12/25 09:00:00,29.890,,,,,
17766,10/12/25 09:15:00,29.865,,,,,
17767,10/12/25 09:30:00,29.916,,,,,
17768,10/12/25 09:45:00,29.916,,,,,
17769,10/12/25 10:00:00,29.916,,,,,
17770,10/12/25 10:15:00,29.916,,,,,
17771,10/12/25 10:30:00,29.916,,,,,
17772,10/12/25 10:45:00,29.941,,,,,
17773,10/12/25 11:00:00,29.941,,,,,
17774,10/12/25 11:15:00,29.941,,,,,
17775,10/12/25 11:30:00,29.991,,,,,
17776,10/12/25 11:45:00,30.016,,,,,
17777,10/12/25 12:00:00,30.041,,,,,
17778,10/12/25 12:15:00,30.041,,,,,
17779,10/12/25 12:30:00,30.066,,,,,
17780,10/12/25 12:45:00,30.041,,,,,
17781,10/12/25 13:00:00,30.066,,,,,
17782,10/12/25 13:15:00,30.066,,,,,
17783,10/12/25 13:30:00,30.066,,,,,
17784,10/12/25 13:45:00,30.091,,,,,
17785,10/12/25 14:00:00,30.117,,,,,
17786,10/12/25 14:15:00,30.091,,,,,
17787,10/12/25 14:30:00,30.091,,,,,
17788,10/12/25 14:45:00,30.091,,,,,
17789,10/12/25 15:00:00,30.091,,,,,
17790,10/12/25 15:15:00,30.091,,,,,
17791,10/12/25 15:30:00,30.091,,,,,
17792,10/12/25 15:45:00,30.091,,,,,
17793,10/12/25 16:00:00,30.091,,,,,
17794,10/12/25 16:15:00,30.117,,,,,
17795,10/12/25 16:30:00,30.091,,,,,
17796,10/12/25 16:45:00,30.066,,,,,
17797,10/12/25 17:00:00,30.091,,,,,
17798,10/12/25 17:15:00,30.117,,,,,
17799,10/12/25 17:30:00,30.117,,,,,
17800,10/12/25 17:45:00,30.091,,,,,
17801,10/12/25 18:00:00,30.091,,,,,
17802,10/12/25 18:15:00,30.117,,,,,
17803,10/12/25 18:30:00,30.117,,,,,
17804,10/12/25 18:45:00,30.117,,,,,
17805,10/12/25 19:00:00,30.117,,,,,
17806,10/12/25 19:15:00,30.091,,,,,
17807,10/12/25 19:30:00,30.091,,,,,
17808,10/12/25 19:45:00,30.117,,,,,
17809,10/12/25 20:00:00,30.117,,,,,
17810,10/12/25 20:15:00,30.117,,,,,
17811,10/12/25 20:30:00,30.117,,,,,
17812,10/12/25 20:45:00,30.117,,,,,
17813,10/12/25 21:00:00,30.117,,,,,
17814,10/12/25 21:15:00,30.117,,,,,
17815,10/12/25 21:30:00,30.117,,,,,
17816,10/12/25 21:45:00,30.091,,,,,
17817,10/12/25 22:00:00,30.091,,,,,
17818,10/12/25 22:15:00,30.066,,,,,
17819,10/12/25 22:30:00,30.066,,,,,
17820,10/12/25 22:45:00,30.066,,,,,
17821,10/12/25 23:00:00,30.016,,,,,
17822,10/12/25 23:15:00,29.991,,,,,
17823,10/12/25 23:30:00,29.966,,,,,
17824,10/12/25 23:45:00,29.966,,,,,
17825,10/13/25 00:00:00,29.941,,,,,
17826,10/13/25 00:15:00,29.916,,,,,
17827,10/13/25 00:30:00,29.916,,,,,
17828,10/13/25 00:45:00,29.865,,,,,
17829,10/13/25 01:00:00,29.865,,,,,
17830,10/13/25 01:15:00,29.865,,,,,
17831,10/13/25 01:30:00,29.840,,,,,
17832,10/13/25 01:45:00,29.815,,,,,
17833,10/13/25 02:00:00,29.790,,,,,
17834,10/13/25 02:15:00,29.765,,,,,
17835,10/13/25 02:30:00,29.715,,,,,
17836,10/13/25 02:45:00,29.715,,,,,
17837,10/13/25 03:00:00,29.715,,,,,
17838,10/13/25 03:15:00,29.765,,,,,
17839,10/13/25 03:30:00,29.765,,,,,
17840,10/13/25 03:45:00,29.765,,,,,
17841,10/13/25 04:00:00,29.765,,,,,
17842,10/13/25 04:15:00,29.765,,,,,
17843,10/13/25 04:30:00,29.790,,,,,
17844,10/13/25 04:45:00,29.815,,,,,
17845,10/13/25 05:00:00,29.865,,,,,
17846,10/13/25 05:15:00,29.941,,,,,
17847,10/13/25 05:30:00,29.966,,,,,
17848,10/13/25 05:45:00,29.991,,,,,
17849,10/13/25 06:00:00,29.991,,,,,
17850,10/13/25 06:15:00,30.016,,,,,
17851,10/13/25 06:30:00,30.066,,,,,
17852,10/13/25 06:45:00,30.066,,,,,
17853,10/13/25 07:00:00,30.066,,,,,
17854,10/13/25 07:15:00,30.041,,,,,
17855,10/13/25 07:30:00,30.016,,,,,
17856,10/13/25 07:45:00,29.966,,,,,
17857,10/13/25 08:00:00,29.615,,,,,
17858,10/13/25 08:15:00,29.640,,,,,
17859,10/13/25 08:30:00,29.916,,,,,
17860,10/13/25 08:45:00,30.016,,,,,
17861,10/13/25 09:00:00,30.041,,,,,
17862,10/13/25 09:15:00,30.041,,,,,
17863,10/13/25 09:30:00,30.016,,,,,
17864,10/13/25 09:45:00,30.016,,,,,
17865,10/13/25 10:00:00,30.041,,,,,
17866,10/13/25 10:15:00,30.041,,,,,
17867,10/13/25 10:30:00,30.016,,,,,
17868,10/13/25 10:45:00,30.041,,,,,
17869,10/13/25 11:00:00,30.041,,,,,
17870,10/13/25 11:15:00,30.066,,,,,
17871,10/13/25 11:30:00,30.066,,,,,
17872,10/13/25 11:45:00,30.091,,,,,
17873,10/13/25 12:00:00,30.117,,,,,
17874,10/13/25 12:15:00,30.117,,,,,
17875,10/13/25 12:30:00,30.142,,,,,
17876,10/13/25 12:45:00,30.167,,,,,
17877,10/13/25 13:00:00,30.167,,,,,
17878,10/13/25 13:15:00,30.117,,,,,
17879,10/13/25 13:30:00,30.142,,,,,
17880,10/13/25 13:45:00,30.117,,,,,
17881,10/13/25 14:00:00,30.091,,,,,
17882,10/13/25 14:15:00,30.066,,,,,
17883,10/13/25 14:30:00,30.041,,,,,
17884,10/13/25 14:45:00,30.066,,,,,
17885,10/13/25 15:00:00,30.041,,,,,
17886,10/13/25 15:15:00,30.041,,,,,
17887,10/13/25 15:30:00,30.016,,,,,
17888,10/13/25 15:45:00,29.991,,,,,
17889,10/13/25 16:00:00,29.991,,,,,
17890,10/13/25 16:15:00,29.991,,,,,
17891,10/13/25 16:30:00,29.991,,,,,
17892,10/13/25 16:45:00,29.991,,,,,
17893,10/13/25 17:00:00,29.991,,,,,
17894,10/13/25 17:15:00,30.016,,,,,
17895,10/13/25 17:30:00,30.066,,,,,
17896,10/13/25 17:45:00,30.066,,,,,
17897,10/13/25 18:00:00,30.041,,,,,
17898,10/13/25 18:15:00,29.991,,,,,
17899,10/13/25 18:30:00,29.966,,,,,
17900,10/13/25 18:45:00,29.966,,,,,
17901,10/13/25 19:00:00,29.966,,,,,
17902,10/13/25 19:15:00,29.966,,,,,
17903,10/13/25 19:30:00,29.941,,,,,
17904,10/13/25 19:45:00,29.941,,,,,
17905,10/13/25 20:00:00,29.966,,,,,
17906,10/13/25 20:15:00,29.941,,,,,
17907,10/13/25 20:30:00,29.941,,,,,
17908,10/13/25 20:45:00,29.941,,,,,
17909,10/13/25 21:00:00,29.916,,,,,
17910,10/13/25 21:15:00,29.916,,,,,
17911,10/13/25 21:30:00,29.916,,,,,
17912,10/13/25 21:45:00,29.916,,,,,
17913,10/13/25 22:00:00,29.916,,,,,
17914,10/13/25 22:15:00,29.890,,,,,
17915,10/13/25 22:30:00,29.890,,,,,
17916,10/13/25 22:45:00,29.865,,,,,
17917,10/13/25 23:00:00,29.890,,,,,
17918,10/13/25 23:15:00,29.890,,,,,
17919,10/13/25 23:30:00,29.890,,,,,
17920,10/13/25 23:45:00,29.890,,,,,
17921,10/14/25 00:00:00,29.890,,,,,
17922,10/14/25 00:15:00,29.890,,,,,
17923,10/14/25 00:30:00,29.890,,,,,
17924,10/14/25 00:45:00,29.916,,,,,
17925,10/14/25 01:00:00,29.941,,,,,
17926,10/14/25 01:15:00,29.941,,,,,
17927,10/14/25 01:30:00,29.966,,,,,
17928,10/14/25 01:45:00,29.966,,,,,
17929,10/14/25 02:00:00,29.966,,,,,
17930,10/14/25 02:15:00,29.966,,,,,
17931,10/14/25 02:30:00,29.966,,,,,
17932,10/14/25 02:45:00,29.941,,,,,
17933,10/14/25 03:00:00,29.941,,,,,
17934,10/14/25 03:15:00,29.916,,,,,
17935,10/14/25 03:30:00,29.865,,,,,
17936,10/14/25 03:45:00,29.840,,,,,
17937,10/14/25 04:00:00,29.815,,,,,
17938,10/14/25 04:15:00,29.815,,,,,
17939,10/14/25 04:30:00,29.815,,,,,
17940,10/14/25 04:45:00,29.815,,,,,
17941,10/14/25 05:00:00,29.790,,,,,
17942,10/14/25 05:15:00,29.765,,,,,
17943,10/14/25 05:30:00,29.765,,,,,
17944,10/14/25 05:45:00,29.740,,,,,
17945,10/14/25 06:00:00,29.715,,,,,
17946,10/14/25 06:15:00,29.715,,,,,
17947,10/14/25 06:30:00,29.690,,,,,
17948,10/14/25 06:45:00,29.640,,,,,
17949,10/14/25 07:00:00,29.590,,,,,
17950,10/14/25 07:15:00,29.615,,,,,
17951,10/14/25 07:30:00,29.615,,,,,
17952,10/14/25 07:45:00,29.615,,,,,
17953,10/14/25 08:00:00,29.640,,,,,
17954,10/14/25 08:15:00,29.590,,,,,
17955,10/14/25 08:30:00,29.565,,,,,
17956,10/14/25 08:45:00,29.565,,,,,
17957,10/14/25 09:00:00,29.615,,,,,
17958,10/14/25 09:15:00,29.665,,,,,
17959,10/14/25 09:30:00,29.740,,,,,
17960,10/14/25 09:45:00,29.840,,,,,
17961,10/14/25 10:00:00,29.966,,,,,
17962,10/14/25 10:15:00,30.016,,,,,
17963,10/14/25 10:30:00,30.041,,,,,
17964,10/14/25 10:45:00,30.041,,,,,
17965,10/14/25 11:00:00,30.016,,,,,
17966,10/14/25 11:15:00,30.041,,,,,
17967,10/14/25 11:30:00,30.066,,,,,
17968,10/14/25 11:45:00,30.066,,,,,
17969,10/14/25 12:00:00,30.091,,,,,
17970,10/14/25 12:15:00,30.117,,,,,
17971,10/14/25 12:30:00,30.117,,,,,
17972,10/14/25 12:45:00,30.117,,,,,
17973,10/14/25 13:00:00,30.167,,,,,
17974,10/14/25 13:15:00,30.167,,,,,
17975,10/14/25 13:30:00,30.142,,,,,
17976,10/14/25 13:45:00,30.142,,,,,
17977,10/14/25 14:00:00,30.117,,,,,
17978,10/14/25 14:15:00,30.117,,,,,
17979,10/14/25 14:30:00,30.117,,,,,
17980,10/14/25 14:45:00,30.117,,,,,
17981,10/14/25 15:00:00,30.066,,,,,
17982,10/14/25 15:15:00,30.066,,,,,
17983,10/14/25 15:30:00,30.066,,,,,
17984,10/14/25 15:45:00,30.066,,,,,
17985,10/14/25 16:00:00,30.066,,,,,
17986,10/14/25 16:15:00,30.091,,,,,
17987,10/14/25 16:30:00,30.091,,,,,
17988,10/14/25 16:45:00,30.091,,,,,
17989,10/14/25 17:00:00,30.091,,,,,
17990,10/14/25 17:15:00,30.117,,,,,
17991,10/14/25 17:30:00,30.117,,,,,
17992,10/14/25 17:45:00,30.117,,,,,
17993,10/14/25 18:00:00,30.117,,,,,
17994,10/14/25 18:15:00,30.142,,,,,
17995,10/14/25 18:30:00,30.142,,,,,
17996,10/14/25 18:45:00,30.167,,,,,
17997,10/14/25 19:00:00,30.117,,,,,
17998,10/14/25 19:15:00,30.091,,,,,
17999,10/14/25 19:30:00,30.091,,,,,
18000,10/14/25 19:45:00,30.091,,,,,
18001,10/14/25 20:00:00,30.117,,,,,
18002,10/14/25 20:15:00,30.167,,,,,
18003,10/14/25 20:30:00,30.167,,,,,
18004,10/14/25 20:45:00,30.066,,,,,
18005,10/14/25 21:00:00,30.041,,,,,
18006,10/14/25 21:15:00,30.041,,,,,
18007,10/14/25 21:30:00,30.041,,,,,
18008,10/14/25 21:45:00,30.066,,,,,
18009,10/14/25 22:00:00,30.117,,,,,
18010,10/14/25 22:15:00,30.167,,,,,
18011,10/14/25 22:30:00,30.091,,,,,
18012,10/14/25 22:45:00,30.016,,,,,
18013,10/14/25 23:00:00,29.966,,,,,
18014,10/14/25 23:15:00,29.966,,,,,
18015,10/14/25 23:30:00,29.941,,,,,
18016,10/14/25 23:45:00,29.916,,,,,
18017,10/15/25 00:00:00,29.916,,,,,
18018,10/15/25 00:15:00,29.890,,,,,
18019,10/15/25 00:30:00,29.865,,,,,
18020,10/15/25 00:45:00,29.840,,,,,
18021,10/15/25 01:00:00,29.840,,,,,
18022,10/15/25 01:15:00,29.815,,,,,
18023,10/15/25 01:30:00,29.815,,,,,
18024,10/15/25 01:45:00,29.815,,,,,
18025,10/15/25 02:00:00,29.815,,,,,
18026,10/15/25 02:15:00,29.815,,,,,
18027,10/15/25 02:30:00,29.815,,,,,
18028,10/15/25 02:45:00,29.815,,,,,
18029,10/15/25 03:00:00,29.815,,,,,
18030,10/15/25 03:15:00,29.815,,,,,
18031,10/15/25 03:30:00,29.815,,,,,
18032,10/15/25 03:45:00,29.815,,,,,
18033,10/15/25 04:00:00,29.815,,,,,
18034,10/15/25 04:15:00,29.840,,,,,
18035,10/15/25 04:30:00,29.840,,,,,
18036,10/15/25 04:45:00,29.815,,,,,
18037,10/15/25 05:00:00,29.840,,,,,
18038,10/15/25 05:15:00,29.815,,,,,
18039,10/15/25 05:30:00,29.815,,,,,
18040,10/15/25 05:45:00,29.840,,,,,
18041,10/15/25 06:00:00,29.840,,,,,
18042,10/15/25 06:15:00,29.840,,,,,
18043,10/15/25 06:30:00,29.840,,,,,
18044,10/15/25 06:45:00,29.840,,,,,
18045,10/15/25 07:00:00,29.840,,,,,
18046,10/15/25 07:15:00,29.840,,,,,
18047,10/15/25 07:30:00,29.840,,,,,
18048,10/15/25 07:45:00,29.865,,,,,
18049,10/15/25 08:00:00,29.865,,,,,
18050,10/15/25 08:15:00,29.865,,,,,
18051,10/15/25 08:30:00,29.865,,,,,
18052,10/15/25 08:45:00,29.865,,,,,
18053,10/15/25 09:00:00,29.890,,,,,
18054,10/15/25 09:15:00,29.890,,,,,
18055,10/15/25 09:30:00,29.890,,,,,
18056,10/15/25 09:45:00,29.865,,,,,
18057,10/15/25 10:00:00,29.865,,,,,
18058,10/15/25 10:15:00,29.865,,,,,
18059,10/15/25 10:30:00,29.865,,,,,
18060,10/15/25 10:45:00,29.890,,,,,
18061,10/15/25 11:00:00,29.890,,,,,
18062,10/15/25 11:15:00,29.890,,,,,
18063,10/15/25 11:30:00,29.890,,,,,
18064,10/15/25 11:45:00,29.890,,,,,
18065,10/15/25 12:00:00,29.916,,,,,
18066,10/15/25 12:15:00,29.916,,,,,
18067,10/15/25 12:30:00,29.890,,,,,
18068,10/15/25 12:45:00,29.890,,,,,
18069,10/15/25 13:00:00,29.890,,,,,
18070,10/15/25 13:15:00,29.890,,,,,
18071,10/15/25 13:30:00,29.890,,,,,
18072,10/15/25 13:45:00,29.890,,,,,
18073,10/15/25 14:00:00,29.916,,,,,
18074,10/15/25 14:15:00,29.916,,,,,
18075,10/15/25 14:30:00,29.916,,,,,
18076,10/15/25 14:45:00,29.916,,,,,
18077,10/15/25 15:00:00,29.890,,,,,
18078,10/15/25 15:15:00,29.916,,,,,
18079,10/15/25 15:30:00,29.916,,,,,
18080,10/15/25 15:45:00,29.916,,,,,
18081,10/15/25 16:00:00,29.941,,,,,
18082,10/15/25 16:15:00,29.941,,,,,
18083,10/15/25 16:30:00,29.941,,,,,
18084,10/15/25 16:45:00,29.916,,,,,
18085,10/15/25 17:00:00,29.916,,,,,
18086,10/15/25 17:15:00,29.916,,,,,
18087,10/15/25 17:30:00,29.916,,,,,
18088,10/15/25 17:45:00,29.916,,,,,
18089,10/15/25 18:00:00,29.941,,,,,
18090,10/15/25 18:15:00,29.966,,,,,
18091,10/15/25 18:30:00,29.966,,,,,
18092,10/15/25 18:45:00,29.966,,,,,
18093,10/15/25 19:00:00,29.966,,,,,
18094,10/15/25 19:15:00,29.966,,,,,
18095,10/15/25 19:30:00,29.966,,,,,
18096,10/15/25 19:45:00,29.966,,,,,
18097,10/15/25 20:00:00,29.941,,,,,
18098,10/15/25 20:15:00,29.916,,,,,
18099,10/15/25 20:30:00,29.916,,,,,
18100,10/15/25 20:45:00,29.916,,,,,
18101,10/15/25 21:00:00,29.916,,,,,
18102,10/15/25 21:15:00,29.916,,,,,
18103,10/15/25 21:30:00,29.916,,,,,
18104,10/15/25 21:45:00,29.916,,,,,
18105,10/15/25 22:00:00,29.916,,,,,
18106,10/15/25 22:15:00,29.916,,,,,
18107,10/15/25 22:30:00,29.916,,,,,
18108,10/15/25 22:45:00,29.916,,,,,
18109,10/15/25 23:00:00,29.916,,,,,
18110,10/15/25 23:15:00,29.916,,,,,
18111,10/15/25 23:30:00,29.916,,,,,
18112,10/15/25 23:45:00,29.916,,,,,
18113,10/16/25 00:00:00,29.916,,,,,
18114,10/16/25 00:15:00,29.890,,,,,
18115,10/16/25 00:30:00,29.890,,,,,
18116,10/16/25 00:45:00,29.865,,,,,
18117,10/16/25 01:00:00,29.890,,,,,
18118,10/16/25 01:15:00,29.890,,,,,
18119,10/16/25 01:30:00,29.865,,,,,
18120,10/16/25 01:45:00,29.840,,,,,
18121,10/16/25 02:00:00,29.840,,,,,
18122,10/16/25 02:15:00,29.865,,,,,
18123,10/16/25 02:30:00,29.840,,,,,
18124,10/16/25 02:45:00,29.840,,,,,
18125,10/16/25 03:00:00,29.815,,,,,
18126,10/16/25 03:15:00,29.815,,,,,
18127,10/16/25 03:30:00,29.815,,,,,
18128,10/16/25 03:45:00,29.790,,,,,
18129,10/16/25 04:00:00,29.790,,,,,
18130,10/16/25 04:15:00,29.765,,,,,
18131,10/16/25 04:30:00,29.740,,,,,
18132,10/16/25 04:45:00,29.740,,,,,
18133,10/16/25 05:00:00,29.740,,,,,
18134,10/16/25 05:15:00,29.740,,,,,
18135,10/16/25 05:30:00,29.740,,,,,
18136,10/16/25 05:45:00,29.715,,,,,
18137,10/16/25 06:00:00,29.740,,,,,
18138,10/16/25 06:15:00,29.715,,,,,
18139,10/16/25 06:30:00,29.715,,,,,
18140,10/16/25 06:45:00,29.740,,,,,
18141,10/16/25 07:00:00,29.765,,,,,
18142,10/16/25 07:15:00,29.765,,,,,
18143,10/16/25 07:30:00,29.765,,,,,
18144,10/16/25 07:45:00,29.740,,,,,
18145,10/16/25 08:00:00,29.715,,,,,
18146,10/16/25 08:15:00,29.690,,,,,
18147,10/16/25 08:30:00,29.690,,,,,
18148,10/16/25 08:45:00,29.715,,,,,
18149,10/16/25 09:00:00,29.740,,,,,
18150,10/16/25 09:15:00,29.765,,,,,
18151,10/16/25 09:30:00,29.790,,,,,
18152,10/16/25 09:45:00,29.815,,,,,
18153,10/16/25 10:00:00,29.815,,,,,
18154,10/16/25 10:15:00,29.815,,,,,
18155,10/16/25 10:30:00,29.840,,,,,
18156,10/16/25 10:45:00,29.865,,,,,
18157,10/16/25 11:00:00,29.890,,,,,
18158,10/16/25 11:15:00,29.916,,,,,
18159,10/16/25 11:30:00,29.916,,,,,
18160,10/16/25 11:45:00,29.916,,,,,
18161,10/16/25 12:00:00,29.916,,,,,
18162,10/16/25 12:15:00,29.916,,,,,
18163,10/16/25 12:30:00,29.916,,,,,
18164,10/16/25 12:45:00,29.916,,,,,
18165,10/16/25 13:00:00,29.941,,,,,
18166,10/16/25 13:15:00,29.941,,,,,
18167,10/16/25 13:30:00,29.941,,,,,
18168,10/16/25 13:45:00,29.966,,,,,
18169,10/16/25 14:00:00,29.966,,,,,
18170,10/16/25 14:15:00,30.016,,,,,
18171,10/16/25 14:30:00,30.091,,,,,
18172,10/16/25 14:45:00,30.117,,,,,
18173,10/16/25 15:00:00,30.142,,,,,
18174,10/16/25 15:15:00,30.142,,,,,
18175,10/16/25 15:30:00,30.167,,,,,
18176,10/16/25 15:45:00,30.167,,,,,
18177,10/16/25 16:00:00,30.091,,,,,
18178,10/16/25 16:15:00,30.066,,,,,
18179,10/16/25 16:30:00,30.066,,,,,
18180,10/16/25 16:45:00,30.066,,,,,
18181,10/16/25 17:00:00,30.066,,,,,
18182,10/16/25 17:15:00,30.091,,,,,
18183,10/16/25 17:30:00,30.091,,,,,
18184,10/16/25 17:45:00,30.091,,,,,
18185,10/16/25 18:00:00,30.091,,,,,
18186,10/16/25 18:15:00,30.091,,,,,
18187,10/16/25 18:30:00,30.091,,,,,
18188,10/16/25 18:45:00,30.091,,,,,
18189,10/16/25 19:00:00,30.091,,,,,
18190,10/16/25 19:15:00,30.091,,,,,
18191,10/16/25 19:30:00,30.091,,,,,
18192,10/16/25 19:45:00,30.091,,,,,
18193,10/16/25 20:00:00,30.091,,,,,
18194,10/16/25 20:15:00,30.091,,,,,
18195,10/16/25 20:30:00,30.091,,,,,
18196,10/16/25 20:45:00,30.066,,,,,
18197,10/16/25 21:00:00,30.066,,,,,
18198,10/16/25 21:15:00,30.066,,,,,
18199,10/16/25 21:30:00,30.066,,,,,
18200,10/16/25 21:45:00,30.066,,,,,
18201,10/16/25 22:00:00,30.066,,,,,
18202,10/16/25 22:15:00,30.066,,,,,
18203,10/16/25 22:30:00,30.066,,,,,
18204,10/16/25 22:45:00,30.066,,,,,
18205,10/16/25 23:00:00,30.041,,,,,
18206,10/16/25 23:15:00,30.016,,,,,
18207,10/16/25 23:30:00,30.016,,,,,
18208,10/16/25 23:45:00,29.991,,,,,
18209,10/17/25 00:00:00,29.991,,,,,
18210,10/17/25 00:15:00,30.016,,,,,
18211,10/17/25 00:30:00,30.041,,,,,
18212,10/17/25 00:45:00,30.066,,,,,
18213,10/17/25 01:00:00,30.041,,,,,
18214,10/17/25 01:15:00,30.041,,,,,
18215,10/17/25 01:30:00,30.016,,,,,
18216,10/17/25 01:45:00,30.041,,,,,
18217,10/17/25 02:00:00,30.041,,,,,
18218,10/17/25 02:15:00,30.041,,,,,
18219,10/17/25 02:30:00,30.016,,,,,
18220,10/17/25 02:45:00,30.016,,,,,
18221,10/17/25 03:00:00,30.016,,,,,
18222,10/17/25 03:15:00,29.991,,,,,
18223,10/17/25 03:30:00,29.966,,,,,
18224,10/17/25 03:45:00,29.966,,,,,
18225,10/17/25 04:00:00,29.966,,,,,
18226,10/17/25 04:15:00,29.966,,,,,
18227,10/17/25 04:30:00,29.966,,,,,
18228,10/17/25 04:45:00,29.916,,,,,
18229,10/17/25 05:00:00,29.890,,,,,
18230,10/17/25 05:15:00,29.890,,,,,
18231,10/17/25 05:30:00,29.916,,,,,
18232,10/17/25 05:45:00,29.941,,,,,
18233,10/17/25 06:00:00,29.916,,,,,
18234,10/17/25 06:15:00,29.916,,,,,
18235,10/17/25 06:30:00,29.890,,,,,
18236,10/17/25 06:45:00,29.840,,,,,
18237,10/17/25 07:00:00,29.840,,,,,
18238,10/17/25 07:15:00,29.815,,,,,
18239,10/17/25 07:30:00,29.815,,,,,
18240,10/17/25 07:45:00,29.865,,,,,
18241,10/17/25 08:00:00,29.865,,,,,
18242,10/17/25 08:15:00,29.865,,,,,
18243,10/17/25 08:30:00,29.840,,,,,
18244,10/17/25 08:45:00,29.840,,,,,
18245,10/17/25 09:00:00,29.840,,,,,
18246,10/17/25 09:15:00,29.865,,,,,
18247,10/17/25 09:30:00,29.865,,,,,
18248,10/17/25 09:45:00,29.815,,,,,
18249,10/17/25 10:00:00,29.815,,,,,
18250,10/17/25 10:15:00,29.840,,,,,
18251,10/17/25 10:30:00,29.840,,,,,
18252,10/17/25 10:45:00,29.840,,,,,
18253,10/17/25 11:00:00,29.840,,,,,
18254,10/17/25 11:15:00,29.790,,,,,
18255,10/17/25 11:30:00,29.765,,,,,
18256,10/17/25 11:45:00,29.765,,,,,
18257,10/17/25 12:00:00,29.765,,,,,
18258,10/17/25 12:15:00,29.765,,,,,
18259,10/17/25 12:30:00,29.840,,,,,
18260,10/17/25 12:45:00,29.890,,,,,
18261,10/17/25 13:00:00,29.941,,,,,
18262,10/17/25 13:15:00,29.916,,,,,
18263,10/17/25 13:30:00,29.890,,,,,
18264,10/17/25 13:45:00,29.890,,,,,
18265,10/17/25 14:00:00,29.890,,,,,
18266,10/17/25 14:15:00,29.865,,,,,
18267,10/17/25 14:30:00,29.865,,,,,
18268,10/17/25 14:45:00,29.865,,,,,
18269,10/17/25 15:00:00,29.865,,,,,
18270,10/17/25 15:15:00,29.865,,,,,
18271,10/17/25 15:30:00,29.865,,,,,
18272,10/17/25 15:45:00,29.865,,,,,
18273,10/17/25 16:00:00,29.840,,,,,
18274,10/17/25 16:15:00,29.840,,,,,
18275,10/17/25 16:30:00,29.815,,,,,
18276,10/17/25 16:45:00,29.815,,,,,
18277,10/17/25 17:00:00,29.790,,,,,
18278,10/17/25 17:15:00,29.790,,,,,
18279,10/17/25 17:30:00,29.790,,,,,
18280,10/17/25 17:45:00,29.790,,,,,
18281,10/17/25 18:00:00,29.790,,,,,
18282,10/17/25 18:15:00,29.765,,,,,
18283,10/17/25 18:30:00,29.765,,,,,
18284,10/17/25 18:45:00,29.765,,,,,
18285,10/17/25 19:00:00,29.790,,,,,
18286,10/17/25 19:15:00,29.790,,,,,
18287,10/17/25 19:30:00,29.790,,,,,
18288,10/17/25 19:45:00,29.790,,,,,
18289,10/17/25 20:00:00,29.790,,,,,
18290,10/17/25 20:15:00,29.790,,,,,
18291,10/17/25 20:30:00,29.790,,,,,
18292,10/17/25 20:45:00,29.790,,,,,
18293,10/17/25 21:00:00,29.765,,,,,
18294,10/17/25 21:15:00,29.765,,,,,
18295,10/17/25 21:30:00,29.740,,,,,
18296,10/17/25 21:45:00,29.715,,,,,
18297,10/17/25 22:00:00,29.715,,,,,
18298,10/17/25 22:15:00,29.715,,,,,
18299,10/17/25 22:30:00,29.740,,,,,
18300,10/17/25 22:45:00,29.740,,,,,
18301,10/17/25 23:00:00,29.740,,,,,
18302,10/17/25 23:15:00,29.740,,,,,
18303,10/17/25 23:30:00,29.740,,,,,
18304,10/17/25 23:45:00,29.715,,,,,
18305,10/18/25 00:00:00,29.715,,,,,
18306,10/18/25 00:15:00,29.715,,,,,
18307,10/18/25 00:30:00,29.715,,,,,
18308,10/18/25 00:45:00,29.715,,,,,
18309,10/18/25 01:00:00,29.690,,,,,
18310,10/18/25 01:15:00,29.690,,,,,
18311,10/18/25 01:30:00,29.690,,,,,
18312,10/18/25 01:45:00,29.690,,,,,
18313,10/18/25 02:00:00,29.515,,,,,
18314,10/18/25 02:15:00,29.464,,,,,
18315,10/18/25 02:30:00,29.464,,,,,
18316,10/18/25 02:45:00,29.640,,,,,
18317,10/18/25 03:00:00,29.765,,,,,
18318,10/18/25 03:15:00,29.765,,,,,
18319,10/18/25 03:30:00,29.790,,,,,
18320,10/18/25 03:45:00,29.765,,,,,
18321,10/18/25 04:00:00,29.765,,,,,
18322,10/18/25 04:15:00,29.790,,,,,
18323,10/18/25 04:30:00,29.765,,,,,
18324,10/18/25 04:45:00,29.765,,,,,
18325,10/18/25 05:00:00,29.715,,,,,
18326,10/18/25 05:15:00,29.590,,,,,
18327,10/18/25 05:30:00,29.565,,,,,
18328,10/18/25 05:45:00,29.590,,,,,
18329,10/18/25 06:00:00,29.590,,,,,
18330,10/18/25 06:15:00,29.615,,,,,
18331,10/18/25 06:30:00,29.615,,,,,
18332,10/18/25 06:45:00,29.615,,,,,
18333,10/18/25 07:00:00,29.590,,,,,
18334,10/18/25 07:15:00,29.590,,,,,
18335,10/18/25 07:30:00,29.590,,,,,
18336,10/18/25 07:45:00,29.590,,,,,
18337,10/18/25 08:00:00,29.615,,,,,
18338,10/18/25 08:15:00,29.615,,,,,
18339,10/18/25 08:30:00,29.615,,,,,
18340,10/18/25 08:45:00,29.615,,,,,
18341,10/18/25 09:00:00,29.615,,,,,
18342,10/18/25 09:15:00,29.615,,,,,
18343,10/18/25 09:30:00,29.615,,,,,
18344,10/18/25 09:45:00,29.640,,,,,
18345,10/18/25 10:00:00,29.640,,,,,
18346,10/18/25 10:15:00,29.665,,,,,
18347,10/18/25 10:30:00,29.665,,,,,
18348,10/18/25 10:45:00,29.690,,,,,
18349,10/18/25 11:00:00,29.715,,,,,
18350,10/18/25 11:15:00,29.715,,,,,
18351,10/18/25 11:30:00,29.715,,,,,
18352,10/18/25 11:45:00,29.715,,,,,
18353,10/18/25 12:00:00,29.740,,,,,
18354,10/18/25 12:15:00,29.740,,,,,
18355,10/18/25 12:30:00,29.740,,,,,
18356,10/18/25 12:45:00,29.765,,,,,
18357,10/18/25 13:00:00,29.765,,,,,
18358,10/18/25 13:15:00,29.765,,,,,
18359,10/18/25 13:30:00,29.790,,,,,
18360,10/18/25 13:45:00,29.815,,,,,
18361,10/18/25 14:00:00,29.815,,,,,
18362,10/18/25 14:15:00,29.815,,,,,
18363,10/18/25 14:30:00,29.815,,,,,
18364,10/18/25 14:45:00,29.790,,,,,
18365,10/18/25 15:00:00,29.815,,,,,
18366,10/18/25 15:15:00,29.790,,,,,
18367,10/18/25 15:30:00,29.790,,,,,
18368,10/18/25 15:45:00,29.815,,,,,
18369,10/18/25 16:00:00,29.815,,,,,
18370,10/18/25 16:15:00,29.815,,,,,
18371,10/18/25 16:30:00,29.815,,,,,
18372,10/18/25 16:45:00,29.815,,,,,
18373,10/18/25 17:00:00,29.815,,,,,
18374,10/18/25 17:15:00,29.815,,,,,
18375,10/18/25 17:30:00,29.815,,,,,
18376,10/18/25 17:45:00,29.815,,,,,
18377,10/18/25 18:00:00,29.815,,,,,
18378,10/18/25 18:15:00,29.790,,,,,
18379,10/18/25 18:30:00,29.790,,,,,
18380,10/18/25 18:45:00,29.790,,,,,
18381,10/18/25 19:00:00,29.790,,,,,
18382,10/18/25 19:15:00,29.790,,,,,
18383,10/18/25 19:30:00,29.790,,,,,
18384,10/18/25 19:45:00,29.790,,,,,
18385,10/18/25 20:00:00,29.790,,,,,
18386,10/18/25 20:15:00,29.790,,,,,
18387,10/18/25 20:30:00,29.790,,,,,
18388,10/18/25 20:45:00,29.790,,,,,
18389,10/18/25 21:00:00,29.790,,,,,
18390,10/18/25 21:15:00,29.790,,,,,
18391,10/18/25 21:30:00,29.790,,,,,
18392,10/18/25 21:45:00,29.790,,,,,
18393,10/18/25 22:00:00,29.790,,,,,
18394,10/18/25 22:15:00,29.790,,,,,
18395,10/18/25 22:30:00,29.790,,,,,
18396,10/18/25 22:45:00,29.790,,,,,
18397,10/18/25 23:00:00,29.790,,,,,
18398,10/18/25 23:15:00,29.790,,,,,
18399,10/18/25 23:30:00,29.790,,,,,
18400,10/18/25 23:45:00,29.765,,,,,
18401,10/19/25 00:00:00,29.765,,,,,
18402,10/19/25 00:15:00,29.765,,,,,
18403,10/19/25 00:30:00,29.765,,,,,
18404,10/19/25 00:45:00,29.740,,,,,
18405,10/19/25 01:00:00,29.740,,,,,
18406,10/19/25 01:15:00,29.740,,,,,
18407,10/19/25 01:30:00,29.765,,,,,
18408,10/19/25 01:45:00,29.765,,,,,
18409,10/19/25 02:00:00,29.765,,,,,
18410,10/19/25 02:15:00,29.765,,,,,
18411,10/19/25 02:30:00,29.765,,,,,
18412,10/19/25 02:45:00,29.740,,,,,
18413,10/19/25 03:00:00,29.740,,,,,
18414,10/19/25 03:15:00,29.740,,,,,
18415,10/19/25 03:30:00,29.765,,,,,
18416,10/19/25 03:45:00,29.765,,,,,
18417,10/19/25 04:00:00,29.765,,,,,
18418,10/19/25 04:15:00,29.765,,,,,
18419,10/19/25 04:30:00,29.740,,,,,
18420,10/19/25 04:45:00,29.765,,,,,
18421,10/19/25 05:00:00,29.765,,,,,
18422,10/19/25 05:15:00,29.765,,,,,
18423,10/19/25 05:30:00,29.765,,,,,
18424,10/19/25 05:45:00,29.765,,,,,
18425,10/19/25 06:00:00,29.765,,,,,
18426,10/19/25 06:15:00,29.765,,,,,
18427,10/19/25 06:30:00,29.765,,,,,
18428,10/19/25 06:45:00,29.765,,,,,
18429,10/19/25 07:00:00,29.765,,,,,
18430,10/19/25 07:15:00,29.765,,,,,
18431,10/19/25 07:30:00,29.740,,,,,
18432,10/19/25 07:45:00,29.665,,,,,
18433,10/19/25 08:00:00,29.615,,,,,
18434,10/19/25 08:15:00,29.690,,,,,
18435,10/19/25 08:30:00,29.790,,,,,
18436,10/19/25 08:45:00,29.815,,,,,
18437,10/19/25 09:00:00,29.815,,,,,
18438,10/19/25 09:15:00,29.815,,,,,
18439,10/19/25 09:30:00,29.815,,,,,
18440,10/19/25 09:45:00,29.815,,,,,
18441,10/19/25 10:00:00,29.815,,,,,
18442,10/19/25 10:15:00,29.840,,,,,
18443,10/19/25 10:30:00,29.840,,,,,
18444,10/19/25 10:45:00,29.840,,,,,
18445,10/19/25 11:00:00,29.840,,,,,
18446,10/19/25 11:15:00,29.865,,,,,
18447,10/19/25 11:30:00,29.865,,,,,
18448,10/19/25 11:45:00,29.865,,,,,
18449,10/19/25 12:00:00,29.865,,,,,
18450,10/19/25 12:15:00,29.865,,,,,
18451,10/19/25 12:30:00,29.890,,,,,
18452,10/19/25 12:45:00,29.890,,,,,
18453,10/19/25 13:00:00,29.890,,,,,
18454,10/19/25 13:15:00,29.890,,,,,
18455,10/19/25 13:30:00,29.890,,,,,
18456,10/19/25 13:45:00,29.890,,,,,
18457,10/19/25 14:00:00,29.890,,,,,
18458,10/19/25 14:15:00,29.916,,,,,
18459,10/19/25 14:30:00,29.916,,,,,
18460,10/19/25 14:45:00,29.916,,,,,
18461,10/19/25 15:00:00,29.916,,,,,
18462,10/19/25 15:15:00,29.916,,,,,
18463,10/19/25 15:30:00,29.916,,,,,
18464,10/19/25 15:45:00,29.890,,,,,
18465,10/19/25 16:00:00,29.865,,,,,
18466,10/19/25 16:15:00,29.890,,,,,
18467,10/19/25 16:30:00,29.890,,,,,
18468,10/19/25 16:45:00,29.890,,,,,
18469,10/19/25 17:00:00,29.890,,,,,
18470,10/19/25 17:15:00,29.890,,,,,
18471,10/19/25 17:30:00,29.890,,,,,
18472,10/19/25 17:45:00,29.890,,,,,
18473,10/19/25 18:00:00,29.890,,,,,
18474,10/19/25 18:15:00,29.865,,,,,
18475,10/19/25 18:30:00,29.865,,,,,
18476,10/19/25 18:45:00,29.865,,,,,
18477,10/19/25 19:00:00,29.865,,,,,
18478,10/19/25 19:15:00,29.865,,,,,
18479,10/19/25 19:30:00,29.865,,,,,
18480,10/19/25 19:45:00,29.865,,,,,
18481,10/19/25 20:00:00,29.865,,,,,
18482,10/19/25 20:15:00,29.865,,,,,
18483,10/19/25 20:30:00,29.865,,,,,
18484,10/19/25 20:45:00,29.840,,,,,
18485,10/19/25 21:00:00,29.840,,,,,
18486,10/19/25 21:15:00,29.840,,,,,
18487,10/19/25 21:30:00,29.840,,,,,
18488,10/19/25 21:45:00,29.815,,,,,
18489,10/19/25 22:00:00,29.790,,,,,
18490,10/19/25 22:15:00,29.790,,,,,
18491,10/19/25 22:30:00,29.790,,,,,
18492,10/19/25 22:45:00,29.765,,,,,
18493,10/19/25 23:00:00,29.765,,,,,
18494,10/19/25 23:15:00,29.740,,,,,
18495,10/19/25 23:30:00,29.740,,,,,
18496,10/19/25 23:45:00,29.740,,,,,
18497,10/20/25 00:00:00,29.740,,,,,
18498,10/20/25 00:15:00,29.740,,,,,
18499,10/20/25 00:30:00,29.740,,,,,
18500,10/20/25 00:45:00,29.740,,,,,
18501,10/20/25 01:00:00,29.740,,,,,
18502,10/20/25 01:15:00,29.740,,,,,
18503,10/20/25 01:30:00,29.765,,,,,
18504,10/20/25 01:45:00,29.790,,,,,
18505,10/20/25 02:00:00,29.815,,,,,
18506,10/20/25 02:15:00,29.815,,,,,
18507,10/20/25 02:30:00,29.815,,,,,
18508,10/20/25 02:45:00,29.815,,,,,
18509,10/20/25 03:00:00,29.815,,,,,
18510,10/20/25 03:15:00,29.840,,,,,
18511,10/20/25 03:30:00,29.840,,,,,
18512,10/20/25 03:45:00,29.840,,,,,
18513,10/20/25 04:00:00,29.815,,,,,
18514,10/20/25 04:15:00,29.815,,,,,
18515,10/20/25 04:30:00,29.815,,,,,
18516,10/20/25 04:45:00,29.815,,,,,
18517,10/20/25 05:00:00,29.815,,,,,
18518,10/20/25 05:15:00,29.815,,,,,
18519,10/20/25 05:30:00,29.790,,,,,
18520,10/20/25 05:45:00,29.765,,,,,
18521,10/20/25 06:00:00,29.740,,,,,
18522,10/20/25 06:15:00,29.665,,,,,
18523,10/20/25 06:30:00,29.590,,,,,
18524,10/20/25 06:45:00,29.590,,,,,
18525,10/20/25 07:00:00,29.565,,,,,
18526,10/20/25 07:15:00,29.565,,,,,
18527,10/20/25 07:30:00,29.590,,,,,
18528,10/20/25 07:45:00,29.590,,,,,
18529,10/20/25 08:00:00,29.615,,,,,
18530,10/20/25 08:15:00,29.615,,,,,
18531,10/20/25 08:30:00,29.640,,,,,
18532,10/20/25 08:45:00,29.640,,,,,
18533,10/20/25 09:00:00,29.640,,,,,
18534,10/20/25 09:15:00,29.640,,,,,
18535,10/20/25 09:30:00,29.640,,,,,
18536,10/20/25 09:45:00,29.665,,,,,
18537,10/20/25 10:00:00,29.665,,,,,
18538,10/20/25 10:15:00,29.690,,,,,
18539,10/20/25 10:30:00,29.690,,,,,
18540,10/20/25 10:45:00,29.715,,,,,
18541,10/20/25 11:00:00,29.715,,,,,
18542,10/20/25 11:15:00,29.740,,,,,
18543,10/20/25 11:30:00,29.740,,,,,
18544,10/20/25 11:45:00,29.765,,,,,
18545,10/20/25 12:00:00,29.765,,,,,
18546,10/20/25 12:15:00,29.790,,,,,
18547,10/20/25 12:30:00,29.790,,,,,
18548,10/20/25 12:45:00,29.815,,,,,
18549,10/20/25 13:00:00,29.815,,,,,
18550,10/20/25 13:15:00,29.815,,,,,
18551,10/20/25 13:30:00,29.815,,,,,
18552,10/20/25 13:45:00,29.765,,,,,
18553,10/20/25 14:00:00,29.765,,,,,
18554,10/20/25 14:15:00,29.765,,,,,
18555,10/20/25 14:30:00,29.790,,,,,
18556,10/20/25 14:45:00,29.790,,,,,
18557,10/20/25 15:00:00,29.790,,,,,
18558,10/20/25 15:15:00,29.790,,,,,
18559,10/20/25 15:30:00,29.790,,,,,
18560,10/20/25 15:45:00,29.790,,,,,
18561,10/20/25 16:00:00,29.815,,,,,
18562,10/20/25 16:15:00,29.815,,,,,
18563,10/20/25 16:30:00,29.815,,,,,
18564,10/20/25 16:45:00,29.815,,,,,
18565,10/20/25 17:00:00,29.790,,,,,
18566,10/20/25 17:15:00,29.790,,,,,
18567,10/20/25 17:30:00,29.765,,,,,
18568,10/20/25 17:45:00,29.765,,,,,
18569,10/20/25 18:00:00,29.765,,,,,
18570,10/20/25 18:15:00,29.765,,,,,
18571,10/20/25 18:30:00,29.765,,,,,
18572,10/20/25 18:45:00,29.740,,,,,
18573,10/20/25 19:00:00,29.740,,,,,
18574,10/20/25 19:15:00,29.740,,,,,
18575,10/20/25 19:30:00,29.740,,,,,
18576,10/20/25 19:45:00,29.740,,,,,
18577,10/20/25 20:00:00,29.715,,,,,
18578,10/20/25 20:15:00,29.715,,,,,
18579,10/20/25 20:30:00,29.715,,,,,
18580,10/20/25 20:45:00,29.715,,,,,
18581,10/20/25 21:00:00,29.715,,,,,
18582,10/20/25 21:15:00,29.715,,,,,
18583,10/20/25 21:30:00,29.715,,,,,
18584,10/20/25 21:45:00,29.665,,,,,
18585,10/20/25 22:00:00,29.640,,,,,
18586,10/20/25 22:15:00,29.640,,,,,
18587,10/20/25 22:30:00,29.640,,,,,
18588,10/20/25 22:45:00,29.640,,,,,
18589,10/20/25 23:00:00,29.640,,,,,
18590,10/20/25 23:15:00,29.640,,,,,
18591,10/20/25 23:30:00,29.640,,,,,
18592,10/20/25 23:45:00,29.640,,,,,
18593,10/21/25 00:00:00,29.640,,,,,
18594,10/21/25 00:15:00,29.640,,,,,
18595,10/21/25 00:30:00,29.640,,,,,
18596,10/21/25 00:45:00,29.640,,,,,
18597,10/21/25 01:00:00,29.640,,,,,
18598,10/21/25 01:15:00,29.665,,,,,
18599,10/21/25 01:30:00,29.690,,,,,
18600,10/21/25 01:45:00,29.690,,,,,
18601,10/21/25 02:00:00,29.665,,,,,
18602,10/21/25 02:15:00,29.665,,,,,
18603,10/21/25 02:30:00,29.640,,,,,
18604,10/21/25 02:45:00,29.615,,,,,
18605,10/21/25 03:00:00,29.590,,,,,
18606,10/21/25 03:15:00,29.615,,,,,
18607,10/21/25 03:30:00,29.590,,,,,
18608,10/21/25 03:45:00,29.590,,,,,
18609,10/21/25 04:00:00,29.615,,,,,
18610,10/21/25 04:15:00,29.665,,,,,
18611,10/21/25 04:30:00,29.690,,,,,
18612,10/21/25 04:45:00,29.690,,,,,
18613,10/21/25 05:00:00,29.715,,,,,
18614,10/21/25 05:15:00,29.715,,,,,
18615,10/21/25 05:30:00,29.715,,,,,
18616,10/21/25 05:45:00,29.715,,,,,
18617,10/21/25 06:00:00,29.715,,,,,
18618,10/21/25 06:15:00,29.715,,,,,
18619,10/21/25 06:30:00,29.690,,,,,
18620,10/21/25 06:45:00,29.640,,,,,
18621,10/21/25 07:00:00,29.615,,,,,
18622,10/21/25 07:15:00,29.590,,,,,
18623,10/21/25 07:30:00,29.565,,,,,
18624,10/21/25 07:45:00,29.565,,,,,
18625,10/21/25 08:00:00,29.565,,,,,
18626,10/21/25 08:15:00,29.565,,,,,
18627,10/21/25 08:30:00,29.565,,,,,
18628,10/21/25 08:45:00,29.565,,,,,
18629,10/21/25 09:00:00,29.590,,,,,
18630,10/21/25 09:15:00,29.590,,,,,
18631,10/21/25 09:30:00,29.590,,,,,
18632,10/21/25 09:45:00,29.615,,,,,
18633,10/21/25 10:00:00,29.615,,,,,
18634,10/21/25 10:15:00,29.615,,,,,
18635,10/21/25 10:30:00,29.590,,,,,
18636,10/21/25 10:45:00,29.615,,,,,
18637,10/21/25 11:00:00,29.615,,,,,
18638,10/21/25 11:15:00,29.640,,,,,
18639,10/21/25 11:30:00,29.665,,,,,
18640,10/21/25 11:45:00,29.665,,,,,
18641,10/21/25 12:00:00,29.640,,,,,
18642,10/21/25 12:15:00,29.640,,,,,
18643,10/21/25 12:30:00,29.665,,,,,
18644,10/21/25 12:45:00,29.665,,,,,
18645,10/21/25 13:00:00,29.640,,,,,
18646,10/21/25 13:15:00,29.665,,,,,
18647,10/21/25 13:30:00,29.665,,,,,
18648,10/21/25 13:45:00,29.690,,,,,
18649,10/21/25 14:00:00,29.690,,,,,
18650,10/21/25 14:15:00,29.690,,,,,
18651,10/21/25 14:30:00,29.715,,,,,
18652,10/21/25 14:45:00,29.715,,,,,
18653,10/21/25 15:00:00,29.715,,,,,
18654,10/21/25 15:15:00,29.690,,,,,
18655,10/21/25 15:30:00,29.690,,,,,
18656,10/21/25 15:45:00,29.690,,,,,
18657,10/21/25 16:00:00,29.690,,,,,
18658,10/21/25 16:15:00,29.690,,,,,
18659,10/21/25 16:30:00,29.690,,,,,
18660,10/21/25 16:45:00,29.690,,,,,
18661,10/21/25 17:00:00,29.690,,,,,
18662,10/21/25 17:15:00,29.690,,,,,
18663,10/21/25 17:30:00,29.690,,,,,
18664,10/21/25 17:45:00,29.665,,,,,
18665,10/21/25 18:00:00,29.665,,,,,
18666,10/21/25 18:15:00,29.665,,,,,
18667,10/21/25 18:30:00,29.665,,,,,
18668,10/21/25 18:45:00,29.665,,,,,
18669,10/21/25 19:00:00,29.665,,,,,
18670,10/21/25 19:15:00,29.665,,,,,
18671,10/21/25 19:30:00,29.690,,,,,
18672,10/21/25 19:45:00,29.715,,,,,
18673,10/21/25 20:00:00,29.715,,,,,
18674,10/21/25 20:15:00,29.715,,,,,
18675,10/21/25 20:30:00,29.715,,,,,
18676,10/21/25 20:45:00,29.715,,,,,
18677,10/21/25 21:00:00,29.690,,,,,
18678,10/21/25 21:15:00,29.690,,,,,
18679,10/21/25 21:30:00,29.690,,,,,
18680,10/21/25 21:45:00,29.690,,,,,
18681,10/21/25 22:00:00,29.690,,,,,
18682,10/21/25 22:15:00,29.690,,,,,
18683,10/21/25 22:30:00,29.690,,,,,
18684,10/21/25 22:45:00,29.640,,,,,
18685,10/21/25 23:00:00,29.565,,,,,
18686,10/21/25 23:15:00,29.615,,,,,
18687,10/21/25 23:30:00,29.640,,,,,
18688,10/21/25 23:45:00,29.615,,,,,
18689,10/22/25 00:00:00,29.565,,,,,
18690,10/22/25 00:15:00,29.565,,,,,
18691,10/22/25 00:30:00,29.565,,,,,
18692,10/22/25 00:45:00,29.490,,,,,
18693,10/22/25 01:00:00,29.439,,,,,
18694,10/22/25 01:15:00,29.340,,,,,
18695,10/22/25 01:30:00,29.414,,,,,
18696,10/22/25 01:45:00,29.690,,,,,
18697,10/22/25 02:00:00,29.765,,,,,
18698,10/22/25 02:15:00,29.740,,,,,
18699,10/22/25 02:30:00,29.715,,,,,
18700,10/22/25 02:45:00,29.715,,,,,
18701,10/22/25 03:00:00,29.640,,,,,
18702,10/22/25 03:15:00,29.540,,,,,
18703,10/22/25 03:30:00,29.490,,,,,
18704,10/22/25 03:45:00,29.439,,,,,
18705,10/22/25 04:00:00,29.414,,,,,
18706,10/22/25 04:15:00,29.439,,,,,
18707,10/22/25 04:30:00,29.365,,,,,
18708,10/22/25 04:45:00,29.315,,,,,
18709,10/22/25 05:00:00,29.265,,,,,
18710,10/22/25 05:15:00,29.290,,,,,
18711,10/22/25 05:30:00,29.340,,,,,
18712,10/22/25 05:45:00,29.389,,,,,
18713,10/22/25 06:00:00,29.439,,,,,
18714,10/22/25 06:15:00,29.464,,,,,
18715,10/22/25 06:30:00,29.340,,,,,
18716,10/22/25 06:45:00,29.315,,,,,
18717,10/22/25 07:00:00,29.340,,,,,
18718,10/22/25 07:15:00,29.315,,,,,
18719,10/22/25 07:30:00,29.315,,,,,
18720,10/22/25 07:45:00,29.315,,,,,
18721,10/22/25 08:00:00,29.340,,,,,
18722,10/22/25 08:15:00,29.315,,,,,
18723,10/22/25 08:30:00,29.340,,,,,
18724,10/22/25 08:45:00,29.389,,,,,
18725,10/22/25 09:00:00,29.414,,,,,
18726,10/22/25 09:15:00,29.439,,,,,
18727,10/22/25 09:30:00,29.490,,,,,
18728,10/22/25 09:45:00,29.515,,,,,
18729,10/22/25 10:00:00,29.515,,,,,
18730,10/22/25 10:15:00,29.540,,,,,
18731,10/22/25 10:30:00,29.565,,,,,
18732,10/22/25 10:45:00,29.565,,,,,
18733,10/22/25 11:00:00,29.565,,,,,
18734,10/22/25 11:15:00,29.590,,,,,
18735,10/22/25 11:30:00,29.590,,,,,
18736,10/22/25 11:45:00,29.615,,,,,
18737,10/22/25 12:00:00,29.615,,,,,
18738,10/22/25 12:15:00,29.615,,,,,
18739,10/22/25 12:30:00,29.615,,,,,
18740,10/22/25 12:45:00,29.640,,,,,
18741,10/22/25 13:00:00,29.640,,,,,
18742,10/22/25 13:15:00,29.640,,,,,
18743,10/22/25 13:30:00,29.640,,,,,
18744,10/22/25 13:45:00,29.665,,,,,
18745,10/22/25 14:00:00,29.640,,,,,
18746,10/22/25 14:15:00,29.665,,,,,
18747,10/22/25 14:30:00,29.640,,,,,
18748,10/22/25 14:45:00,29.665,,,,,
18749,10/22/25 15:00:00,29.665,,,,,
18750,10/22/25 15:15:00,29.615,,,,,
18751,10/22/25 15:30:00,29.615,,,,,
18752,10/22/25 15:45:00,29.640,,,,,
18753,10/22/25 16:00:00,29.640,,,,,
18754,10/22/25 16:15:00,29.640,,,,,
18755,10/22/25 16:30:00,29.640,,,,,
18756,10/22/25 16:45:00,29.640,,,,,
18757,10/22/25 17:00:00,29.640,,,,,
18758,10/22/25 17:15:00,29.640,,,,,
18759,10/22/25 17:30:00,29.640,,,,,
18760,10/22/25 17:45:00,29.640,,,,,
18761,10/22/25 18:00:00,29.615,,,,,
18762,10/22/25 18:15:00,29.615,,,,,
18763,10/22/25 18:30:00,29.615,,,,,
18764,10/22/25 18:45:00,29.615,,,,,
18765,10/22/25 19:00:00,29.615,,,,,
18766,10/22/25 19:15:00,29.615,,,,,
18767,10/22/25 19:30:00,29.615,,,,,
18768,10/22/25 19:45:00,29.665,,,,,
18769,10/22/25 20:00:00,29.715,,,,,
18770,10/22/25 20:15:00,29.690,,,,,
18771,10/22/25 20:30:00,29.690,,,,,
18772,10/22/25 20:45:00,29.690,,,,,
18773,10/22/25 21:00:00,29.690,,,,,
18774,10/22/25 21:15:00,29.665,,,,,
18775,10/22/25 21:30:00,29.615,,,,,
18776,10/22/25 21:45:00,29.590,,,,,
18777,10/22/25 22:00:00,29.590,,,,,
18778,10/22/25 22:15:00,29.615,,,,,
18779,10/22/25 22:30:00,29.615,,,,,
18780,10/22/25 22:45:00,29.640,,,,,
18781,10/22/25 23:00:00,29.640,,,,,
18782,10/22/25 23:15:00,29.615,,,,,
18783,10/22/25 23:30:00,29.615,,,,,
18784,10/22/25 23:45:00,29.615,,,,,
18785,10/23/25 00:00:00,29.615,,,,,
18786,10/23/25 00:15:00,29.590,,,,,
18787,10/23/25 00:30:00,29.590,,,,,
18788,10/23/25 00:45:00,29.590,,,,,
18789,10/23/25 01:00:00,29.565,,,,,
18790,10/23/25 01:15:00,29.464,,,,,
18791,10/23/25 01:30:00,29.414,,,,,
18792,10/23/25 01:45:00,29.464,,,,,
18793,10/23/25 02:00:00,29.439,,,,,
18794,10/23/25 02:15:00,29.365,,,,,
18795,10/23/25 02:30:00,29.340,,,,,
18796,10/23/25 02:45:00,29.290,,,,,
18797,10/23/25 03:00:00,29.265,,,,,
18798,10/23/25 03:15:00,29.190,,,,,
18799,10/23/25 03:30:00,29.165,,,,,
18800,10/23/25 03:45:00,29.165,,,,,
18801,10/23/25 04:00:00,29.190,,,,,
18802,10/23/25 04:15:00,29.215,,,,,
18803,10/23/25 04:30:00,29.240,,,,,
18804,10/23/25 04:45:00,29.240,,,,,
18805,10/23/25 05:00:00,29.240,,,,,
18806,10/23/25 05:15:00,29.215,,,,,
18807,10/23/25 05:30:00,29.240,,,,,
18808,10/23/25 05:45:00,29.265,,,,,
18809,10/23/25 06:00:00,29.265,,,,,
18810,10/23/25 06:15:00,29.290,,,,,
18811,10/23/25 06:30:00,29.315,,,,,
18812,10/23/25 06:45:00,29.315,,,,,
18813,10/23/25 07:00:00,29.340,,,,,
18814,10/23/25 07:15:00,29.340,,,,,
18815,10/23/25 07:30:00,29.340,,,,,
18816,10/23/25 07:45:00,29.340,,,,,
18817,10/23/25 08:00:00,29.365,,,,,
18818,10/23/25 08:15:00,29.365,,,,,
18819,10/23/25 08:30:00,29.365,,,,,
18820,10/23/25 08:45:00,29.389,,,,,
18821,10/23/25 09:00:00,29.389,,,,,
18822,10/23/25 09:15:00,29.389,,,,,
18823,10/23/25 09:30:00,29.389,,,,,
18824,10/23/25 09:45:00,29.414,,,,,
18825,10/23/25 10:00:00,29.439,,,,,
18826,10/23/25 10:15:00,29.464,,,,,
18827,10/23/25 10:30:00,29.464,,,,,
18828,10/23/25 10:45:00,29.464,,,,,
18829,10/23/25 11:00:00,29.490,,,,,
18830,10/23/25 11:15:00,29.490,,,,,
18831,10/23/25 11:30:00,29.490,,,,,
18832,10/23/25 11:45:00,29.490,,,,,
18833,10/23/25 12:00:00,29.490,,,,,
18834,10/23/25 12:15:00,29.515,,,,,
18835,10/23/25 12:30:00,29.515,,,,,
18836,10/23/25 12:45:00,29.515,,,,,
18837,10/23/25 13:00:00,29.515,,,,,
18838,10/23/25 13:15:00,29.515,,,,,
18839,10/23/25 13:30:00,29.515,,,,,
18840,10/23/25 13:45:00,29.515,,,,,
18841,10/23/25 14:00:00,29.515,,,,,
18842,10/23/25 14:15:00,29.515,,,,,
18843,10/23/25 14:30:00,29.540,,,,,
18844,10/23/25 14:45:00,29.540,,,,,
18845,10/23/25 15:00:00,29.540,,,,,
18846,10/23/25 15:15:00,29.540,,,,,
18847,10/23/25 15:30:00,29.540,,,,,
18848,10/23/25 15:45:00,29.540,,,,,
18849,10/23/25 16:00:00,29.515,,,,,
18850,10/23/25 16:15:00,29.540,,,,,
18851,10/23/25 16:30:00,29.515,,,,,
18852,10/23/25 16:45:00,29.515,,,,,
18853,10/23/25 17:00:00,29.515,,,,,
18854,10/23/25 17:15:00,29.540,,,,,
18855,10/23/25 17:30:00,29.540,,,,,
18856,10/23/25 17:45:00,29.540,,,,,
18857,10/23/25 18:00:00,29.540,,,,,
18858,10/23/25 18:15:00,29.540,,,,,
18859,10/23/25 18:30:00,29.540,,,,,
18860,10/23/25 18:45:00,29.540,,,,,
18861,10/23/25 19:00:00,29.540,,,,,
18862,10/23/25 19:15:00,29.540,,,,,
18863,10/23/25 19:30:00,29.515,,,,,
18864,10/23/25 19:45:00,29.540,,,,,
18865,10/23/25 20:00:00,29.540,,,,,
18866,10/23/25 20:15:00,29.515,,,,,
18867,10/23/25 20:30:00,29.540,,,,,
18868,10/23/25 20:45:00,29.540,,,,,
18869,10/23/25 21:00:00,29.540,,,,,
18870,10/23/25 21:15:00,29.515,,,,,
18871,10/23/25 21:30:00,29.515,,,,,
18872,10/23/25 21:45:00,29.515,,,,,
18873,10/23/25 22:00:00,29.490,,,,,
18874,10/23/25 22:15:00,29.490,,,,,
18875,10/23/25 22:30:00,29.490,,,,,
18876,10/23/25 22:45:00,29.490,,,,,
18877,10/23/25 23:00:00,29.464,,,,,
18878,10/23/25 23:15:00,29.439,,,,,
18879,10/23/25 23:30:00,29.439,,,,,
18880,10/23/25 23:45:00,29.439,,,,,
18881,10/24/25 00:00:00,29.439,,,,,
18882,10/24/25 00:15:00,29.464,,,,,
18883,10/24/25 00:30:00,29.439,,,,,
18884,10/24/25 00:45:00,29.439,,,,,
18885,10/24/25 01:00:00,29.389,,,,,
18886,10/24/25 01:15:00,29.365,,,,,
18887,10/24/25 01:30:00,29.365,,,,,
18888,10/24/25 01:45:00,29.365,,,,,
18889,10/24/25 02:00:00,29.365,,,,,
18890,10/24/25 02:15:00,29.365,,,,,
18891,10/24/25 02:30:00,29.340,,,,,
18892,10/24/25 02:45:00,29.315,,,,,
18893,10/24/25 03:00:00,29.340,,,,,
18894,10/24/25 03:15:00,29.340,,,,,
18895,10/24/25 03:30:00,29.365,,,,,
18896,10/24/25 03:45:00,29.365,,,,,
18897,10/24/25 04:00:00,29.389,,,,,
18898,10/24/25 04:15:00,29.389,,,,,
18899,10/24/25 04:30:00,29.414,,,,,
18900,10/24/25 04:45:00,29.439,,,,,
18901,10/24/25 05:00:00,29.464,,,,,
18902,10/24/25 05:15:00,29.464,,,,,
18903,10/24/25 05:30:00,29.490,,,,,
18904,10/24/25 05:45:00,29.490,,,,,
18905,10/24/25 06:00:00,29.490,,,,,
18906,10/24/25 06:15:00,29.515,,,,,
18907,10/24/25 06:30:00,29.515,,,,,
18908,10/24/25 06:45:00,29.515,,,,,
18909,10/24/25 07:00:00,29.515,,,,,
18910,10/24/25 07:15:00,29.515,,,,,
18911,10/24/25 07:30:00,29.515,,,,,
18912,10/24/25 07:45:00,29.515,,,,,
18913,10/24/25 08:00:00,29.490,,,,,
18914,10/24/25 08:15:00,29.490,,,,,
18915,10/24/25 08:30:00,29.490,,,,,
18916,10/24/25 08:45:00,29.490,,,,,
18917,10/24/25 09:00:00,29.515,,,,,
18918,10/24/25 09:15:00,29.515,,,,,
18919,10/24/25 09:30:00,29.515,,,,,
18920,10/24/25 09:45:00,29.540,,,,,
18921,10/24/25 10:00:00,29.540,,,,,
18922,10/24/25 10:15:00,29.540,,,,,
18923,10/24/25 10:30:00,29.540,,,,,
18924,10/24/25 10:45:00,29.540,,,,,
18925,10/24/25 11:00:00,29.540,,,,,
18926,10/24/25 11:15:00,29.540,,,,,
18927,10/24/25 11:30:00,29.540,,,,,
18928,10/24/25 11:45:00,29.565,,,,,
18929,10/24/25 12:00:00,29.615,,,,,
18930,10/24/25 12:15:00,29.615,,,,,
18931,10/24/25 12:30:00,29.640,,,,,
18932,10/24/25 12:45:00,29.665,,,,,
18933,10/24/25 13:00:00,29.665,,,,,
18934,10/24/25 13:15:00,29.690,,,,,
18935,10/24/25 13:30:00,29.715,,,,,
18936,10/24/25 13:45:00,29.715,,,,,
18937,10/24/25 14:00:00,29.690,,,,,
18938,10/24/25 14:15:00,29.690,,,,,
18939,10/24/25 14:30:00,29.665,,,,,
18940,10/24/25 14:45:00,29.665,,,,,
18941,10/24/25 15:00:00,29.665,,,,,
18942,10/24/25 15:15:00,29.665,,,,,
18943,10/24/25 15:30:00,29.665,,,,,
18944,10/24/25 15:45:00,29.640,,,,,
18945,10/24/25 16:00:00,29.640,,,,,
18946,10/24/25 16:15:00,29.640,,,,,
18947,10/24/25 16:30:00,29.640,,,,,
18948,10/24/25 16:45:00,29.615,,,,,
18949,10/24/25 17:00:00,29.615,,,,,
18950,10/24/25 17:15:00,29.615,,,,,
18951,10/24/25 17:30:00,29.615,,,,,
18952,10/24/25 17:45:00,29.615,,,,,
18953,10/24/25 18:00:00,29.615,,,,,
18954,10/24/25 18:15:00,29.615,,,,,
18955,10/24/25 18:30:00,29.615,,,,,
18956,10/24/25 18:45:00,29.615,,,,,
18957,10/24/25 19:00:00,29.615,,,,,
18958,10/24/25 19:15:00,29.615,,,,,
18959,10/24/25 19:30:00,29.615,,,,,
18960,10/24/25 19:45:00,29.615,,,,,
18961,10/24/25 20:00:00,29.615,,,,,
18962,10/24/25 20:15:00,29.590,,,,,
18963,10/24/25 20:30:00,29.590,,,,,
18964,10/24/25 20:45:00,29.590,,,,,
18965,10/24/25 21:00:00,29.590,,,,,
18966,10/24/25 21:15:00,29.590,,,,,
18967,10/24/25 21:30:00,29.615,,,,,
18968,10/24/25 21:45:00,29.615,,,,,
18969,10/24/25 22:00:00,29.615,,,,,
18970,10/24/25 22:15:00,29.615,,,,,
18971,10/24/25 22:30:00,29.615,,,,,
18972,10/24/25 22:45:00,29.615,,,,,
18973,10/24/25 23:00:00,29.615,,,,,
18974,10/24/25 23:15:00,29.615,,,,,
18975,10/24/25 23:30:00,29.615,,,,,
18976,10/24/25 23:45:00,29.615,,,,,
18977,10/25/25 00:00:00,29.615,,,,,
18978,10/25/25 00:15:00,29.615,,,,,
18979,10/25/25 00:30:00,29.615,,,,,
18980,10/25/25 00:45:00,29.615,,,,,
18981,10/25/25 01:00:00,29.615,,,,,
18982,10/25/25 01:15:00,29.590,,,,,
18983,10/25/25 01:30:00,29.590,,,,,
18984,10/25/25 01:45:00,29.565,,,,,
18985,10/25/25 02:00:00,29.540,,,,,
18986,10/25/25 02:15:00,29.540,,,,,
18987,10/25/25 02:30:00,29.540,,,,,
18988,10/25/25 02:45:00,29.540,,,,,
18989,10/25/25 03:00:00,29.515,,,,,
18990,10/25/25 03:15:00,29.490,,,,,
18991,10/25/25 03:30:00,29.490,,,,,
18992,10/25/25 03:45:00,29.515,,,,,
18993,10/25/25 04:00:00,29.540,,,,,
18994,10/25/25 04:15:00,29.540,,,,,
18995,10/25/25 04:30:00,29.515,,,,,
18996,10/25/25 04:45:00,29.515,,,,,
18997,10/25/25 05:00:00,29.515,,,,,
18998,10/25/25 05:15:00,29.490,,,,,
18999,10/25/25 05:30:00,29.490,,,,,
19000,10/25/25 05:45:00,29.540,,,,,
19001,10/25/25 06:00:00,29.565,,,,,
19002,10/25/25 06:15:00,29.565,,,,,
19003,10/25/25 06:30:00,29.565,,,,,
19004,10/25/25 06:45:00,29.540,,,,,
19005,10/25/25 07:00:00,29.540,,,,,
19006,10/25/25 07:15:00,29.540,,,,,
19007,10/25/25 07:30:00,29.540,,,,,
19008,10/25/25 07:45:00,29.515,,,,,
19009,10/25/25 08:00:00,29.515,,,,,
19010,10/25/25 08:15:00,29.490,,,,,
19011,10/25/25 08:30:00,29.414,,,,,
19012,10/25/25 08:45:00,29.389,,,,,
19013,10/25/25 09:00:00,29.414,,,,,
19014,10/25/25 09:15:00,29.389,,,,,
19015,10/25/25 09:30:00,29.414,,,,,
19016,10/25/25 09:45:00,29.414,,,,,
19017,10/25/25 10:00:00,29.439,,,,,
19018,10/25/25 10:15:00,29.490,,,,,
19019,10/25/25 10:30:00,29.515,,,,,
19020,10/25/25 10:45:00,29.540,,,,,
19021,10/25/25 11:00:00,29.565,,,,,
19022,10/25/25 11:15:00,29.565,,,,,
19023,10/25/25 11:30:00,29.565,,,,,
19024,10/25/25 11:45:00,29.565,,,,,
19025,10/25/25 12:00:00,29.590,,,,,
19026,10/25/25 12:15:00,29.590,,,,,
19027,10/25/25 12:30:00,29.590,,,,,
19028,10/25/25 12:45:00,29.615,,,,,
19029,10/25/25 13:00:00,29.615,,,,,
19030,10/25/25 13:15:00,29.615,,,,,
19031,10/25/25 13:30:00,29.615,,,,,
19032,10/25/25 13:45:00,29.615,,,,,
19033,10/25/25 14:00:00,29.615,,,,,
19034,10/25/25 14:15:00,29.640,,,,,
19035,10/25/25 14:30:00,29.640,,,,,
19036,10/25/25 14:45:00,29.640,,,,,
19037,10/25/25 15:00:00,29.640,,,,,
19038,10/25/25 15:15:00,29.640,,,,,
19039,10/25/25 15:30:00,29.640,,,,,
19040,10/25/25 15:45:00,29.640,,,,,
19041,10/25/25 16:00:00,29.640,,,,,
19042,10/25/25 16:15:00,29.640,,,,,
19043,10/25/25 16:30:00,29.640,,,,,
19044,10/25/25 16:45:00,29.640,,,,,
19045,10/25/25 17:00:00,29.640,,,,,
19046,10/25/25 17:15:00,29.640,,,,,
19047,10/25/25 17:30:00,29.640,,,,,
19048,10/25/25 17:45:00,29.640,,,,,
19049,10/25/25 18:00:00,29.640,,,,,
19050,10/25/25 18:15:00,29.640,,,,,
19051,10/25/25 18:30:00,29.665,,,,,
19052,10/25/25 18:45:00,29.665,,,,,
19053,10/25/25 19:00:00,29.665,,,,,
19054,10/25/25 19:15:00,29.665,,,,,
19055,10/25/25 19:30:00,29.640,,,,,
19056,10/25/25 19:45:00,29.640,,,,,
19057,10/25/25 20:00:00,29.640,,,,,
19058,10/25/25 20:15:00,29.640,,,,,
19059,10/25/25 20:30:00,29.640,,,,,
19060,10/25/25 20:45:00,29.640,,,,,
19061,10/25/25 21:00:00,29.640,,,,,
19062,10/25/25 21:15:00,29.615,,,,,
19063,10/25/25 21:30:00,29.615,,,,,
19064,10/25/25 21:45:00,29.615,,,,,
19065,10/25/25 22:00:00,29.615,,,,,
19066,10/25/25 22:15:00,29.615,,,,,
19067,10/25/25 22:30:00,29.615,,,,,
19068,10/25/25 22:45:00,29.615,,,,,
19069,10/25/25 23:00:00,29.615,,,,,
19070,10/25/25 23:15:00,29.615,,,,,
19071,10/25/25 23:30:00,29.590,,,,,
19072,10/25/25 23:45:00,29.590,,,,,
19073,10/26/25 00:00:00,29.590,,,,,
19074,10/26/25 00:15:00,29.590,,,,,
19075,10/26/25 00:30:00,29.590,,,,,
19076,10/26/25 00:45:00,29.590,,,,,
19077,10/26/25 01:00:00,29.565,,,,,
19078,10/26/25 01:15:00,29.565,,,,,
19079,10/26/25 01:30:00,29.565,,,,,
19080,10/26/25 01:45:00,29.540,,,,,
19081,10/26/25 02:00:00,29.565,,,,,
19082,10/26/25 02:15:00,29.515,,,,,
19083,10/26/25 02:30:00,29.515,,,,,
19084,10/26/25 02:45:00,29.490,,,,,
19085,10/26/25 03:00:00,29.490,,,,,
19086,10/26/25 03:15:00,29.464,,,,,
19087,10/26/25 03:30:00,29.464,,,,,
19088,10/26/25 03:45:00,29.439,,,,,
19089,10/26/25 04:00:00,29.439,,,,,
19090,10/26/25 04:15:00,29.414,,,,,
19091,10/26/25 04:30:00,29.414,,,,,
19092,10/26/25 04:45:00,29.414,,,,,
19093,10/26/25 05:00:00,29.414,,,,,
19094,10/26/25 05:15:00,29.414,,,,,
19095,10/26/25 05:30:00,29.389,,,,,
19096,10/26/25 05:45:00,29.389,,,,,
19097,10/26/25 06:00:00,29.365,,,,,
19098,10/26/25 06:15:00,29.340,,,,,
19099,10/26/25 06:30:00,29.365,,,,,
19100,10/26/25 06:45:00,29.389,,,,,
19101,10/26/25 07:00:00,29.439,,,,,
19102,10/26/25 07:15:00,29.464,,,,,
19103,10/26/25 07:30:00,29.490,,,,,
19104,10/26/25 07:45:00,29.515,,,,,
19105,10/26/25 08:00:00,29.515,,,,,
19106,10/26/25 08:15:00,29.515,,,,,
19107,10/26/25 08:30:00,29.515,,,,,
19108,10/26/25 08:45:00,29.515,,,,,
19109,10/26/25 09:00:00,29.515,,,,,
19110,10/26/25 09:15:00,29.515,,,,,
19111,10/26/25 09:30:00,29.540,,,,,
19112,10/26/25 09:45:00,29.540,,,,,
19113,10/26/25 10:00:00,29.540,,,,,
19114,10/26/25 10:15:00,29.565,,,,,
19115,10/26/25 10:30:00,29.565,,,,,
19116,10/26/25 10:45:00,29.540,,,,,
19117,10/26/25 11:00:00,29.540,,,,,
19118,10/26/25 11:15:00,29.565,,,,,
19119,10/26/25 11:30:00,29.565,,,,,
19120,10/26/25 11:45:00,29.590,,,,,
19121,10/26/25 12:00:00,29.565,,,,,
19122,10/26/25 12:15:00,29.565,,,,,
19123,10/26/25 12:30:00,29.565,,,,,
19124,10/26/25 12:45:00,29.590,,,,,
19125,10/26/25 13:00:00,29.590,,,,,
19126,10/26/25 13:15:00,29.590,,,,,
19127,10/26/25 13:30:00,29.590,,,,,
19128,10/26/25 13:45:00,29.590,,,,,
19129,10/26/25 14:00:00,29.590,,,,,
19130,10/26/25 14:15:00,29.615,,,,,
19131,10/26/25 14:30:00,29.615,,,,,
19132,10/26/25 14:45:00,29.615,,,,,
19133,10/26/25 15:00:00,29.615,,,,,
19134,10/26/25 15:15:00,29.615,,,,,
19135,10/26/25 15:30:00,29.615,,,,,
19136,10/26/25 15:45:00,29.640,,,,,
19137,10/26/25 16:00:00,29.640,,,,,
19138,10/26/25 16:15:00,29.615,,,,,
19139,10/26/25 16:30:00,29.615,,,,,
19140,10/26/25 16:45:00,29.615,,,,,
19141,10/26/25 17:00:00,29.615,,,,,
19142,10/26/25 17:15:00,29.590,,,,,
19143,10/26/25 17:30:00,29.590,,,,,
19144,10/26/25 17:45:00,29.590,,,,,
19145,10/26/25 18:00:00,29.590,,,,,
19146,10/26/25 18:15:00,29.590,,,,,
19147,10/26/25 18:30:00,29.590,,,,,
19148,10/26/25 18:45:00,29.615,,,,,
19149,10/26/25 19:00:00,29.615,,,,,
19150,10/26/25 19:15:00,29.615,,,,,
19151,10/26/25 19:30:00,29.615,,,,,
19152,10/26/25 19:45:00,29.615,,,,,
19153,10/26/25 20:00:00,29.590,,,,,
19154,10/26/25 20:15:00,29.615,,,,,
19155,10/26/25 20:30:00,29.615,,,,,
19156,10/26/25 20:45:00,29.615,,,,,
19157,10/26/25 21:00:00,29.590,,,,,
19158,10/26/25 21:15:00,29.590,,,,,
19159,10/26/25 21:30:00,29.590,,,,,
19160,10/26/25 21:45:00,29.565,,,,,
19161,10/26/25 22:00:00,29.565,,,,,
19162,10/26/25 22:15:00,29.565,,,,,
19163,10/26/25 22:30:00,29.565,,,,,
19164,10/26/25 22:45:00,29.565,,,,,
19165,10/26/25 23:00:00,29.565,,,,,
19166,10/26/25 23:15:00,29.565,,,,,
19167,10/26/25 23:30:00,29.565,,,,,
19168,10/26/25 23:45:00,29.590,,,,,
19169,10/27/25 00:00:00,29.590,,,,,
19170,10/27/25 00:15:00,29.590,,,,,
19171,10/27/25 00:30:00,29.590,,,,,
19172,10/27/25 00:45:00,29.590,,,,,
19173,10/27/25 01:00:00,29.590,,,,,
19174,10/27/25 01:15:00,29.590,,,,,
19175,10/27/25 01:30:00,29.565,,,,,
19176,10/27/25 01:45:00,29.565,,,,,
19177,10/27/25 02:00:00,29.565,,,,,
19178,10/27/25 02:15:00,29.565,,,,,
19179,10/27/25 02:30:00,29.565,,,,,
19180,10/27/25 02:45:00,29.565,,,,,
19181,10/27/25 03:00:00,29.565,,,,,
19182,10/27/25 03:15:00,29.565,,,,,
19183,10/27/25 03:30:00,29.515,,,,,
19184,10/27/25 03:45:00,29.515,,,,,
19185,10/27/25 04:00:00,29.464,,,,,
19186,10/27/25 04:15:00,29.439,,,,,
19187,10/27/25 04:30:00,29.439,,,,,
19188,10/27/25 04:45:00,29.439,,,,,
19189,10/27/25 05:00:00,29.439,,,,,
19190,10/27/25 05:15:00,29.414,,,,,
19191,10/27/25 05:30:00,29.414,,,,,
19192,10/27/25 05:45:00,29.439,,,,,
19193,10/27/25 06:00:00,29.490,,,,,
19194,10/27/25 06:15:00,29.515,,,,,
19195,10/27/25 06:30:00,29.540,,,,,
19196,10/27/25 06:45:00,29.540,,,,,
19197,10/27/25 07:00:00,29.540,,,,,
19198,10/27/25 07:15:00,29.540,,,,,
19199,10/27/25 07:30:00,29.540,,,,,
19200,10/27/25 07:45:00,29.540,,,,,
19201,10/27/25 08:00:00,29.540,,,,,
19202,10/27/25 08:15:00,29.540,,,,,
19203,10/27/25 08:30:00,29.565,,,,,
19204,10/27/25 08:45:00,29.565,,,,,
19205,10/27/25 09:00:00,29.565,,,,,
19206,10/27/25 09:15:00,29.565,,,,,
19207,10/27/25 09:30:00,29.565,,,,,
19208,10/27/25 09:45:00,29.565,,,,,
19209,10/27/25 10:00:00,29.565,,,,,
19210,10/27/25 10:15:00,29.540,,,,,
19211,10/27/25 10:30:00,29.540,,,,,
19212,10/27/25 10:45:00,29.540,,,,,
19213,10/27/25 11:00:00,29.565,,,,,
19214,10/27/25 11:15:00,29.565,,,,,
19215,10/27/25 11:30:00,29.565,,,,,
19216,10/27/25 11:45:00,29.565,,,,,
19217,10/27/25 12:00:00,29.565,,,,,
19218,10/27/25 12:15:00,29.565,,,,,
19219,10/27/25 12:30:00,29.590,,,,,
19220,10/27/25 12:45:00,29.565,,,,,
19221,10/27/25 13:00:00,29.590,,,,,
19222,10/27/25 13:15:00,29.590,,,,,
19223,10/27/25 13:30:00,29.590,,,,,
19224,10/27/25 13:45:00,29.590,,,,,
19225,10/27/25 14:00:00,29.590,,,,,
19226,10/27/25 14:15:00,29.590,,,,,
19227,10/27/25 14:30:00,29.590,,,,,
19228,10/27/25 14:45:00,29.590,,,,,
19229,10/27/25 15:00:00,29.590,,,,,
19230,10/27/25 15:15:00,29.590,,,,,
19231,10/27/25 15:30:00,29.590,,,,,
19232,10/27/25 15:45:00,29.590,,,,,
19233,10/27/25 16:00:00,29.590,,,,,
19234,10/27/25 16:15:00,29.590,,,,,
19235,10/27/25 16:30:00,29.590,,,,,
19236,10/27/25 16:45:00,29.590,,,,,
19237,10/27/25 17:00:00,29.590,,,,,
19238,10/27/25 17:15:00,29.565,,,,,
19239,10/27/25 17:30:00,29.565,,,,,
19240,10/27/25 17:45:00,29.565,,,,,
19241,10/27/25 18:00:00,29.565,,,,,
19242,10/27/25 18:15:00,29.565,,,,,
19243,10/27/25 18:30:00,29.565,,,,,
19244,10/27/25 18:45:00,29.565,,,,,
19245,10/27/25 19:00:00,29.565,,,,,
19246,10/27/25 19:15:00,29.565,,,,,
19247,10/27/25 19:30:00,29.565,,,,,
19248,10/27/25 19:45:00,29.565,,,,,
19249,10/27/25 20:00:00,29.565,,,,,
19250,10/27/25 20:15:00,29.565,,,,,
19251,10/27/25 20:30:00,29.565,,,,,
19252,10/27/25 20:45:00,29.540,,,,,
19253,10/27/25 21:00:00,29.540,,,,,
19254,10/27/25 21:15:00,29.540,,,,,
19255,10/27/25 21:30:00,29.540,,,,,
19256,10/27/25 21:45:00,29.540,,,,,
19257,10/27/25 22:00:00,29.515,,,,,
19258,10/27/25 22:15:00,29.515,,,,,
19259,10/27/25 22:30:00,29.515,,,,,
19260,10/27/25 22:45:00,29.515,,,,,
19261,10/27/25 23:00:00,29.515,,,,,
19262,10/27/25 23:15:00,29.515,,,,,
19263,10/27/25 23:30:00,29.515,,,,,
19264,10/27/25 23:45:00,29.490,,,,,
19265,10/28/25 00:00:00,29.490,,,,,
19266,10/28/25 00:15:00,29.490,,,,,
19267,10/28/25 00:30:00,29.490,,,,,
19268,10/28/25 00:45:00,29.490,,,,,
19269,10/28/25 01:00:00,29.490,,,,,
19270,10/28/25 01:15:00,29.464,,,,,
19271,10/28/25 01:30:00,29.439,,,,,
19272,10/28/25 01:45:00,29.439,,,,,
19273,10/28/25 02:00:00,29.439,,,,,
19274,10/28/25 02:15:00,29.439,,,,,
19275,10/28/25 02:30:00,29.439,,,,,
19276,10/28/25 02:45:00,29.439,,,,,
19277,10/28/25 03:00:00,29.439,,,,,
19278,10/28/25 03:15:00,29.439,,,,,
19279,10/28/25 03:30:00,29.414,,,,,
19280,10/28/25 03:45:00,29.414,,,,,
19281,10/28/25 04:00:00,29.414,,,,,
19282,10/28/25 04:15:00,29.389,,,,,
19283,10/28/25 04:30:00,29.365,,,,,
19284,10/28/25 04:45:00,29.365,,,,,
19285,10/28/25 05:00:00,29.365,,,,,
19286,10/28/25 05:15:00,29.365,,,,,
19287,10/28/25 05:30:00,29.389,,,,,
19288,10/28/25 05:45:00,29.389,,,,,
19289,10/28/25 06:00:00,29.389,,,,,
19290,10/28/25 06:15:00,29.414,,,,,
19291,10/28/25 06:30:00,29.365,,,,,
19292,10/28/25 06:45:00,29.265,,,,,
19293,10/28/25 07:00:00,29.215,,,,,
19294,10/28/25 07:15:00,29.165,,,,,
19295,10/28/25 07:30:00,29.165,,,,,
19296,10/28/25 07:45:00,29.165,,,,,
19297,10/28/25 08:00:00,29.190,,,,,
19298,10/28/25 08:15:00,29.215,,,,,
19299,10/28/25 08:30:00,29.240,,,,,
19300,10/28/25 08:45:00,29.290,,,,,
19301,10/28/25 09:00:00,29.315,,,,,
19302,10/28/25 09:15:00,29.340,,,,,
19303,10/28/25 09:30:00,29.389,,,,,
19304,10/28/25 09:45:00,29.414,,,,,
19305,10/28/25 10:00:00,29.439,,,,,
19306,10/28/25 10:15:00,29.464,,,,,
19307,10/28/25 10:30:00,29.490,,,,,
19308,10/28/25 10:45:00,29.490,,,,,
19309,10/28/25 11:00:00,29.515,,,,,
19310,10/28/25 11:15:00,29.515,,,,,
19311,10/28/25 11:30:00,29.515,,,,,
19312,10/28/25 11:45:00,29.515,,,,,
19313,10/28/25 12:00:00,29.515,,,,,
19314,10/28/25 12:15:00,29.540,,,,,
19315,10/28/25 12:30:00,29.540,,,,,
19316,10/28/25 12:45:00,29.540,,,,,
19317,10/28/25 13:00:00,29.540,,,,,
19318,10/28/25 13:15:00,29.565,,,,,
19319,10/28/25 13:30:00,29.565,,,,,
19320,10/28/25 13:45:00,29.565,,,,,
19321,10/28/25 14:00:00,29.565,,,,,
19322,10/28/25 14:15:00,29.590,,,,,
19323,10/28/25 14:30:00,29.590,,,,,
19324,10/28/25 14:45:00,29.590,,,,,
19325,10/28/25 15:00:00,29.590,,,,,
19326,10/28/25 15:15:00,29.590,,,,,
19327,10/28/25 15:30:00,29.615,,,,,
19328,10/28/25 15:45:00,29.615,,,,,
19329,10/28/25 16:00:00,29.615,,,,,
19330,10/28/25 16:15:00,29.590,,,,,
19331,10/28/25 16:30:00,29.590,,,,,
19332,10/28/25 16:45:00,29.590,,,,,
19333,10/28/25 17:00:00,29.590,,,,,
19334,10/28/25 17:15:00,29.590,,,,,
19335,10/28/25 17:30:00,29.590,,,,,
19336,10/28/25 17:45:00,29.590,,,,,
19337,10/28/25 18:00:00,29.565,,,,,
19338,10/28/25 18:15:00,29.565,,,,,
19339,10/28/25 18:30:00,29.565,,,,,
19340,10/28/25 18:45:00,29.565,,,,,
19341,10/28/25 19:00:00,29.565,,,,,
19342,10/28/25 19:15:00,29.565,,,,,
19343,10/28/25 19:30:00,29.565,,,,,
19344,10/28/25 19:45:00,29.565,,,,,
19345,10/28/25 20:00:00,29.565,,,,,
19346,10/28/25 20:15:00,29.590,,,,,
19347,10/28/25 20:30:00,29.590,,,,,
19348,10/28/25 20:45:00,29.590,,,,,
19349,10/28/25 21:00:00,29.590,,,,,
19350,10/28/25 21:15:00,29.590,,,,,
19351,10/28/25 21:30:00,29.590,,,,,
19352,10/28/25 21:45:00,29.590,,,,,
19353,10/28/25 22:00:00,29.565,,,,,
19354,10/28/25 22:15:00,29.565,,,,,
19355,10/28/25 22:30:00,29.540,,,,,
19356,10/28/25 22:45:00,29.540,,,,,
19357,10/28/25 23:00:00,29.540,,,,,
19358,10/28/25 23:15:00,29.515,,,,,
19359,10/28/25 23:30:00,29.515,,,,,
19360,10/28/25 23:45:00,29.515,,,,,
19361,10/29/25 00:00:00,29.515,,,,,
19362,10/29/25 00:15:00,29.490,,,,,
19363,10/29/25 00:30:00,29.464,,,,,
19364,10/29/25 00:45:00,29.464,,,,,
19365,10/29/25 01:00:00,29.464,,,,,
19366,10/29/25 01:15:00,29.464,,,,,
19367,10/29/25 01:30:00,29.464,,,,,
19368,10/29/25 01:45:00,29.464,,,,,
19369,10/29/25 02:00:00,29.464,,,,,
19370,10/29/25 02:15:00,29.464,,,,,
19371,10/29/25 02:30:00,29.464,,,,,
19372,10/29/25 02:45:00,29.464,,,,,
19373,10/29/25 03:00:00,29.439,,,,,
19374,10/29/25 03:15:00,29.439,,,,,
19375,10/29/25 03:30:00,29.464,,,,,
19376,10/29/25 03:45:00,29.464,,,,,
19377,10/29/25 04:00:00,29.464,,,,,
19378,10/29/25 04:15:00,29.439,,,,,
19379,10/29/25 04:30:00,29.414,,,,,
19380,10/29/25 04:45:00,29.414,,,,,
19381,10/29/25 05:00:00,29.414,,,,,
19382,10/29/25 05:15:00,29.389,,,,,
19383,10/29/25 05:30:00,29.365,,,,,
19384,10/29/25 05:45:00,29.315,,,,,
19385,10/29/25 06:00:00,29.340,,,,,
19386,10/29/25 06:15:00,29.340,,,,,
19387,10/29/25 06:30:00,29.315,,,,,
19388,10/29/25 06:45:00,29.240,,,,,
19389,10/29/25 07:00:00,29.215,,,,,
19390,10/29/25 07:15:00,29.190,,,,,
19391,10/29/25 07:30:00,29.190,,,,,
19392,10/29/25 07:45:00,29.215,,,,,
19393,10/29/25 08:00:00,29.265,,,,,
19394,10/29/25 08:15:00,29.315,,,,,
19395,10/29/25 08:30:00,29.365,,,,,
19396,10/29/25 08:45:00,29.414,,,,,
19397,10/29/25 09:00:00,29.464,,,,,
19398,10/29/25 09:15:00,29.464,,,,,
19399,10/29/25 09:30:00,29.490,,,,,
19400,10/29/25 09:45:00,29.515,,,,,
19401,10/29/25 10:00:00,29.515,,,,,
19402,10/29/25 10:15:00,29.515,,,,,
19403,10/29/25 10:30:00,29.540,,,,,
19404,10/29/25 10:45:00,29.540,,,,,
19405,10/29/25 11:00:00,29.540,,,,,
19406,10/29/25 11:15:00,29.540,,,,,
19407,10/29/25 11:30:00,29.540,,,,,
19408,10/29/25 11:45:00,29.565,,,,,
19409,10/29/25 12:00:00,29.565,,,,,
19410,10/29/25 12:15:00,29.565,,,,,
19411,10/29/25 12:30:00,29.565,,,,,
19412,10/29/25 12:45:00,29.565,,,,,
19413,10/29/25 13:00:00,29.565,,,,,
19414,10/29/25 13:15:00,29.590,,,,,
19415,10/29/25 13:30:00,29.590,,,,,
19416,10/29/25 13:45:00,29.590,,,,,
19417,10/29/25 14:00:00,29.590,,,,,
19418,10/29/25 14:15:00,29.590,,,,,
19419,10/29/25 14:30:00,29.590,,,,,
19420,10/29/25 14:45:00,29.590,,,,,
19421,10/29/25 15:00:00,29.615,,,,,
19422,10/29/25 15:15:00,29.615,,,,,
19423,10/29/25 15:30:00,29.615,,,,,
19424,10/29/25 15:45:00,29.615,,,,,
19425,10/29/25 16:00:00,29.615,,,,,
19426,10/29/25 16:15:00,29.615,,,,,
19427,10/29/25 16:30:00,29.615,,,,,
19428,10/29/25 16:45:00,29.615,,,,,
19429,10/29/25 17:00:00,29.615,,,,,
19430,10/29/25 17:15:00,29.615,,,,,
19431,10/29/25 17:30:00,29.615,,,,,
19432,10/29/25 17:45:00,29.615,,,,,
19433,10/29/25 18:00:00,29.615,,,,,
19434,10/29/25 18:15:00,29.615,,,,,
19435,10/29/25 18:30:00,29.590,,,,,
19436,10/29/25 18:45:00,29.590,,,,,
19437,10/29/25 19:00:00,29.590,,,,,
19438,10/29/25 19:15:00,29.590,,,,,
19439,10/29/25 19:30:00,29.565,,,,,
19440,10/29/25 19:45:00,29.565,,,,,
19441,10/29/25 20:00:00,29.565,,,,,
19442,10/29/25 20:15:00,29.565,,,,,
19443,10/29/25 20:30:00,29.565,,,,,
19444,10/29/25 20:45:00,29.565,,,,,
19445,10/29/25 21:00:00,29.565,,,,,
19446,10/29/25 21:15:00,29.565,,,,,
19447,10/29/25 21:30:00,29.565,,,,,
19448,10/29/25 21:45:00,29.565,,,,,
19449,10/29/25 22:00:00,29.565,,,,,
19450,10/29/25 22:15:00,29.565,,,,,
19451,10/29/25 22:30:00,29.565,,,,,
19452,10/29/25 22:45:00,29.540,,,,,
19453,10/29/25 23:00:00,29.515,,,,,
19454,10/29/25 23:15:00,29.515,,,,,
19455,10/29/25 23:30:00,29.515,,,,,
19456,10/29/25 23:45:00,29.515,,,,,
19457,10/30/25 00:00:00,29.515,,,,,
19458,10/30/25 00:15:00,29.515,,,,,
19459,10/30/25 00:30:00,29.515,,,,,
19460,10/30/25 00:45:00,29.515,,,,,
19461,10/30/25 01:00:00,29.515,,,,,
19462,10/30/25 01:15:00,29.515,,,,,
19463,10/30/25 01:30:00,29.515,,,,,
19464,10/30/25 01:45:00,29.490,,,,,
19465,10/30/25 02:00:00,29.515,,,,,
19466,10/30/25 02:15:00,29.490,,,,,
19467,10/30/25 02:30:00,29.490,,,,,
19468,10/30/25 02:45:00,29.490,,,,,
19469,10/30/25 03:00:00,29.490,,,,,
19470,10/30/25 03:15:00,29.490,,,,,
19471,10/30/25 03:30:00,29.490,,,,,
19472,10/30/25 03:45:00,29.439,,,,,
19473,10/30/25 04:00:00,29.414,,,,,
19474,10/30/25 04:15:00,29.389,,,,,
19475,10/30/25 04:30:00,29.389,,,,,
19476,10/30/25 04:45:00,29.389,,,,,
19477,10/30/25 05:00:00,29.389,,,,,
19478,10/30/25 05:15:00,29.389,,,,,
19479,10/30/25 05:30:00,29.340,,,,,
19480,10/30/25 05:45:00,29.340,,,,,
19481,10/30/25 06:00:00,29.315,,,,,
19482,10/30/25 06:15:00,29.315,,,,,
19483,10/30/25 06:30:00,29.315,,,,,
19484,10/30/25 06:45:00,29.315,,,,,
19485,10/30/25 07:00:00,29.290,,,,,
19486,10/30/25 07:15:00,29.315,,,,,
19487,10/30/25 07:30:00,29.315,,,,,
19488,10/30/25 07:45:00,29.315,,,,,
19489,10/30/25 08:00:00,29.290,,,,,
19490,10/30/25 08:15:00,29.340,,,,,
19491,10/30/25 08:30:00,29.389,,,,,
19492,10/30/25 08:45:00,29.414,,,,,
19493,10/30/25 09:00:00,29.464,,,,,
19494,10/30/25 09:15:00,29.490,,,,,
19495,10/30/25 09:30:00,29.490,,,,,
19496,10/30/25 09:45:00,29.490,,,,,
19497,10/30/25 10:00:00,29.515,,,,,
19498,10/30/25 10:15:00,29.515,,,,,
19499,10/30/25 10:30:00,29.515,,,,,
19500,10/30/25 10:45:00,29.515,,,,,
19501,10/30/25 11:00:00,29.540,,,,,
19502,10/30/25 11:15:00,29.515,,,,,
19503,10/30/25 11:30:00,29.540,,,,,
19504,10/30/25 11:45:00,29.540,,,,,
19505,10/30/25 12:00:00,29.540,,,,,
19506,10/30/25 12:15:00,29.540,,,,,
19507,10/30/25 12:30:00,29.565,,,,,
19508,10/30/25 12:45:00,29.565,,,,,
19509,10/30/25 13:00:00,29.590,,,,,
19510,10/30/25 13:15:00,29.590,,,,,
19511,10/30/25 13:30:00,29.590,,,,,
19512,10/30/25 13:45:00,29.590,,,,,
19513,10/30/25 14:00:00,29.590,,,,,
19514,10/30/25 14:15:00,29.590,,,,,
19515,10/30/25 14:30:00,29.590,,,,,
19516,10/30/25 14:45:00,29.590,,,,,
19517,10/30/25 15:00:00,29.615,,,,,
19518,10/30/25 15:15:00,29.615,,,,,
19519,10/30/25 15:30:00,29.615,,,,,
19520,10/30/25 15:45:00,29.615,,,,,
19521,10/30/25 16:00:00,29.615,,,,,
19522,10/30/25 16:15:00,29.615,,,,,
19523,10/30/25 16:30:00,29.615,,,,,
19524,10/30/25 16:45:00,29.615,,,,,
19525,10/30/25 17:00:00,29.615,,,,,
19526,10/30/25 17:15:00,29.615,,,,,
19527,10/30/25 17:30:00,29.615,,,,,
19528,10/30/25 17:45:00,29.615,,,,,
19529,10/30/25 18:00:00,29.615,,,,,
19530,10/30/25 18:15:00,29.615,,,,,
19531,10/30/25 18:30:00,29.615,,,,,
19532,10/30/25 18:45:00,29.615,,,,,
19533,10/30/25 19:00:00,29.615,,,,,
19534,10/30/25 19:15:00,29.615,,,,,
19535,10/30/25 19:30:00,29.590,,,,,
19536,10/30/25 19:45:00,29.590,,,,,
19537,10/30/25 20:00:00,29.590,,,,,
19538,10/30/25 20:15:00,29.590,,,,,
19539,10/30/25 20:30:00,29.590,,,,,
19540,10/30/25 20:45:00,29.590,,,,,
19541,10/30/25 21:00:00,29.565,,,,,
19542,10/30/25 21:15:00,29.590,,,,,
19543,10/30/25 21:30:00,29.590,,,,,
19544,10/30/25 21:45:00,29.565,,,,,
19545,10/30/25 22:00:00,29.565,,,,,
19546,10/30/25 22:15:00,29.565,,,,,
19547,10/30/25 22:30:00,29.565,,,,,
19548,10/30/25 22:45:00,29.565,,,,,
19549,10/30/25 23:00:00,29.565,,,,,
19550,10/30/25 23:15:00,29.565,,,,,
19551,10/30/25 23:30:00,29.565,,,,,
19552,10/30/25 23:45:00,29.565,,,,,
19553,10/31/25 00:00:00,29.565,,,,,
19554,10/31/25 00:15:00,29.565,,,,,
19555,10/31/25 00:30:00,29.565,,,,,
19556,10/31/25 00:45:00,29.565,,,,,
19557,10/31/25 01:00:00,29.540,,,,,
19558,10/31/25 01:15:00,29.540,,,,,
19559,10/31/25 01:30:00,29.540,,,,,
19560,10/31/25 01:45:00,29.540,,,,,
19561,10/31/25 02:00:00,29.540,,,,,
19562,10/31/25 02:15:00,29.540,,,,,
19563,10/31/25 02:30:00,29.540,,,,,
19564,10/31/25 02:45:00,29.515,,,,,
19565,10/31/25 03:00:00,29.515,,,,,
19566,10/31/25 03:15:00,29.515,,,,,
19567,10/31/25 03:30:00,29.515,,,,,
19568,10/31/25 03:45:00,29.515,,,,,
19569,10/31/25 04:00:00,29.515,,,,,
19570,10/31/25 04:15:00,29.515,,,,,
19571,10/31/25 04:30:00,29.515,,,,,
19572,10/31/25 04:45:00,29.490,,,,,
19573,10/31/25 05:00:00,29.464,,,,,
19574,10/31/25 05:15:00,29.439,,,,,
19575,10/31/25 05:30:00,29.414,,,,,
19576,10/31/25 05:45:00,29.414,,,,,
19577,10/31/25 06:00:00,29.414,,,,,
19578,10/31/25 06:15:00,29.414,,,,,
19579,10/31/25 06:30:00,29.414,,,,,
19580,10/31/25 06:45:00,29.389,,,,,
19581,10/31/25 07:00:00,29.365,,,,,
19582,10/31/25 07:15:00,29.340,,,,,
19583,10/31/25 07:30:00,29.340,,,,,
19584,10/31/25 07:45:00,29.315,,,,,
19585,10/31/25 08:00:00,29.315,,,,,
19586,10/31/25 08:15:00,29.315,,,,,
19587,10/31/25 08:30:00,29.315,,,,,
19588,10/31/25 08:45:00,29.315,,,,,
19589,10/31/25 09:00:00,29.340,,,,,
19590,10/31/25 09:15:00,29.389,,,,,
19591,10/31/25 09:30:00,29.389,,,,,
19592,10/31/25 09:45:00,29.439,,,,,
19593,10/31/25 10:00:00,29.464,,,,,
19594,10/31/25 10:15:00,29.490,,,,,
19595,10/31/25 10:30:00,29.490,,,,,
19596,10/31/25 10:45:00,29.490,,,,,
19597,10/31/25 11:00:00,29.515,,,,,
19598,10/31/25 11:15:00,29.540,,,,,
19599,10/31/25 11:30:00,29.540,,,,,
19600,10/31/25 11:45:00,29.565,,,,,
19601,10/31/25 12:00:00,29.565,,,,,
19602,10/31/25 12:15:00,29.565,,,,,
19603,10/31/25 12:30:00,29.565,,,,,
19604,10/31/25 12:45:00,29.565,,,,,
19605,10/31/25 13:00:00,29.565,,,,,
19606,10/31/25 13:15:00,29.590,,,,,
19607,10/31/25 13:30:00,29.590,,,,,
19608,10/31/25 13:45:00,29.590,,,,,
19609,10/31/25 14:00:00,29.590,,,,,
19610,10/31/25 14:15:00,29.590,,,,,
19611,10/31/25 14:30:00,29.590,,,,,
19612,10/31/25 14:45:00,29.615,,,,,
19613,10/31/25 15:00:00,29.615,,,,,
19614,10/31/25 15:15:00,29.615,,,,,
19615,10/31/25 15:30:00,29.640,,,,,
19616,10/31/25 15:45:00,29.640,,,,,
19617,10/31/25 16:00:00,29.640,,,,,
19618,10/31/25 16:15:00,29.640,,,,,
19619,10/31/25 16:30:00,29.640,,,,,
19620,10/31/25 16:45:00,29.640,,,,,
19621,10/31/25 17:00:00,29.640,,,,,
19622,10/31/25 17:15:00,29.640,,,,,
19623,10/31/25 17:30:00,29.640,,,,,
19624,10/31/25 17:45:00,29.615,,,,,
19625,10/31/25 18:00:00,29.615,,,,,
19626,10/31/25 18:15:00,29.615,,,,,
19627,10/31/25 18:30:00,29.615,,,,,
19628,10/31/25 18:45:00,29.615,,,,,
19629,10/31/25 19:00:00,29.615,,,,,
19630,10/31/25 19:15:00,29.615,,,,,
19631,10/31/25 19:30:00,29.615,,,,,
19632,10/31/25 19:45:00,29.615,,,,,
19633,10/31/25 20:00:00,29.615,,,,,
19634,10/31/25 20:15:00,29.615,,,,,
19635,10/31/25 20:30:00,29.615,,,,,
19636,10/31/25 20:45:00,29.615,,,,,
19637,10/31/25 21:00:00,29.615,,,,,
19638,10/31/25 21:15:00,29.615,,,,,
19639,10/31/25 21:30:00,29.615,,,,,
19640,10/31/25 21:45:00,29.615,,,,,
19641,10/31/25 22:00:00,29.590,,,,,
19642,10/31/25 22:15:00,29.590,,,,,
19643,10/31/25 22:30:00,29.590,,,,,
19644,10/31/25 22:45:00,29.590,,,,,
19645,10/31/25 23:00:00,29.590,,,,,
19646,10/31/25 23:15:00,29.590,,,,,
19647,10/31/25 23:30:00,29.590,,,,,
19648,10/31/25 23:45:00,29.565,,,,,
19649,11/01/25 00:00:00,29.565,,,,,
19650,11/01/25 00:15:00,29.565,,,,,
19651,11/01/25 00:30:00,29.565,,,,,
19652,11/01/25 00:45:00,29.540,,,,,
19653,11/01/25 01:00:00,29.540,,,,,
19654,11/01/25 01:15:00,29.540,,,,,
19655,11/01/25 01:30:00,29.515,,,,,
19656,11/01/25 01:45:00,29.515,,,,,
19657,11/01/25 02:00:00,29.515,,,,,
19658,11/01/25 02:15:00,29.515,,,,,
19659,11/01/25 02:30:00,29.515,,,,,
19660,11/01/25 02:45:00,29.515,,,,,
19661,11/01/25 03:00:00,29.515,,,,,
19662,11/01/25 03:15:00,29.515,,,,,
19663,11/01/25 03:30:00,29.515,,,,,
19664,11/01/25 03:45:00,29.515,,,,,
19665,11/01/25 04:00:00,29.515,,,,,
19666,11/01/25 04:15:00,29.515,,,,,
19667,11/01/25 04:30:00,29.515,,,,,
19668,11/01/25 04:45:00,29.515,,,,,
19669,11/01/25 05:00:00,29.490,,,,,
19670,11/01/25 05:15:00,29.464,,,,,
19671,11/01/25 05:30:00,29.464,,,,,
19672,11/01/25 05:45:00,29.439,,,,,
19673,11/01/25 06:00:00,29.439,,,,,
19674,11/01/25 06:15:00,29.439,,,,,
19675,11/01/25 06:30:00,29.439,,,,,
19676,11/01/25 06:45:00,29.515,,,,,
19677,11/01/25 07:00:00,29.515,,,,,
19678,11/01/25 07:15:00,29.389,,,,,
19679,11/01/25 07:30:00,29.240,,,,,
19680,11/01/25 07:45:00,29.215,,,,,
19681,11/01/25 08:00:00,29.215,,,,,
19682,11/01/25 08:15:00,29.389,,,,,
19683,11/01/25 08:30:00,29.590,,,,,
19684,11/01/25 08:45:00,29.640,,,,,
19685,11/01/25 09:00:00,29.640,,,,,
19686,11/01/25 09:15:00,29.615,,,,,
19687,11/01/25 09:30:00,29.615,,,,,
19688,11/01/25 09:45:00,29.640,,,,,
19689,11/01/25 10:00:00,29.640,,,,,
19690,11/01/25 10:15:00,29.640,,,,,
19691,11/01/25 10:30:00,29.640,,,,,
19692,11/01/25 10:45:00,29.640,,,,,
19693,11/01/25 11:00:00,29.640,,,,,
19694,11/01/25 11:15:00,29.665,,,,,
19695,11/01/25 11:30:00,29.665,,,,,
19696,11/01/25 11:45:00,29.665,,,,,
19697,11/01/25 12:00:00,29.665,,,,,
19698,11/01/25 12:15:00,29.665,,,,,
19699,11/01/25 12:30:00,29.665,,,,,
19700,11/01/25 12:45:00,29.665,,,,,
19701,11/01/25 13:00:00,29.665,,,,,
19702,11/01/25 13:15:00,29.640,,,,,
19703,11/01/25 13:30:00,29.665,,,,,
19704,11/01/25 13:45:00,29.640,,,,,
19705,11/01/25 14:00:00,29.640,,,,,
19706,11/01/25 14:15:00,29.640,,,,,
19707,11/01/25 14:30:00,29.615,,,,,
19708,11/01/25 14:45:00,29.640,,,,,
19709,11/01/25 15:00:00,29.615,,,,,
19710,11/01/25 15:15:00,29.640,,,,,
19711,11/01/25 15:30:00,29.615,,,,,
19712,11/01/25 15:45:00,29.615,,,,,
19713,11/01/25 16:00:00,29.615,,,,,
19714,11/01/25 16:15:00,29.615,,,,,
19715,11/01/25 16:30:00,29.590,,,,,
19716,11/01/25 16:45:00,29.565,,,,,
19717,11/01/25 17:00:00,29.590,,,,,
19718,11/01/25 17:15:00,29.615,,,,,
19719,11/01/25 17:30:00,29.590,,,,,
19720,11/01/25 17:45:00,29.565,,,,,
19721,11/01/25 18:00:00,29.565,,,,,
19722,11/01/25 18:15:00,29.540,,,,,
19723,11/01/25 18:30:00,29.540,,,,,
19724,11/01/25 18:45:00,29.540,,,,,
19725,11/01/25 19:00:00,29.540,,,,,
19726,11/01/25 19:15:00,29.515,,,,,
19727,11/01/25 19:30:00,29.490,,,,,
19728,11/01/25 19:45:00,29.490,,,,,
19729,11/01/25 20:00:00,29.490,,,,,
19730,11/01/25 20:15:00,29.490,,,,,
19731,11/01/25 20:30:00,29.515,,,,,
19732,11/01/25 20:45:00,29.515,,,,,
19733,11/01/25 21:00:00,29.515,,,,,
19734,11/01/25 21:15:00,29.540,,,,,
19735,11/01/25 21:30:00,29.540,,,,,
19736,11/01/25 21:45:00,29.540,,,,,
19737,11/01/25 22:00:00,29.515,,,,,
19738,11/01/25 22:15:00,29.515,,,,,
19739,11/01/25 22:30:00,29.464,,,,,
19740,11/01/25 22:45:00,29.464,,,,,
19741,11/01/25 23:00:00,29.464,,,,,
19742,11/01/25 23:15:00,29.439,,,,,
19743,11/01/25 23:30:00,29.464,,,,,
19744,11/01/25 23:45:00,29.490,,,,,
19745,11/02/25 00:00:00,29.515,,,,,
19746,11/02/25 00:15:00,29.515,,,,,
19747,11/02/25 00:30:00,29.515,,,,,
19748,11/02/25 00:45:00,29.515,,,,,
19749,11/02/25 01:00:00,29.515,,,,,
19750,11/02/25 01:15:00,29.490,,,,,
19751,11/02/25 01:30:00,29.490,,,,,
19752,11/02/25 01:45:00,29.464,,,,,
19753,11/02/25 02:00:00,29.464,,,,,
19754,11/02/25 02:15:00,29.414,,,,,
19755,11/02/25 02:30:00,29.389,,,,,
19756,11/02/25 02:45:00,29.290,,,,,
19757,11/02/25 03:00:00,29.215,,,,,
19758,11/02/25 03:15:00,29.165,,,,,
19759,11/02/25 03:30:00,29.165,,,,,
19760,11/02/25 03:45:00,29.165,,,,,
19761,11/02/25 04:00:00,29.140,,,,,
19762,11/02/25 04:15:00,29.165,,,,,
19763,11/02/25 04:30:00,29.165,,,,,
19764,11/02/25 04:45:00,29.165,,,,,
19765,11/02/25 05:00:00,29.165,,,,,
19766,11/02/25 05:15:00,29.165,,,,,
19767,11/02/25 05:30:00,29.215,,,,,
19768,11/02/25 05:45:00,29.240,,,,,
19769,11/02/25 06:00:00,29.265,,,,,
19770,11/02/25 06:15:00,29.265,,,,,
19771,11/02/25 06:30:00,29.265,,,,,
19772,11/02/25 06:45:00,29.265,,,,,
19773,11/02/25 07:00:00,29.290,,,,,
19774,11/02/25 07:15:00,29.265,,,,,
19775,11/02/25 07:30:00,29.265,,,,,
19776,11/02/25 07:45:00,29.240,,,,,
19777,11/02/25 08:00:00,29.240,,,,,
19778,11/02/25 08:15:00,29.265,,,,,
19779,11/02/25 08:30:00,29.265,,,,,
19780,11/02/25 08:45:00,29.290,,,,,
19781,11/02/25 09:00:00,29.315,,,,,
19782,11/02/25 09:15:00,29.315,,,,,
19783,11/02/25 09:30:00,29.340,,,,,
19784,11/02/25 09:45:00,29.365,,,,,
19785,11/02/25 10:00:00,29.365,,,,,
19786,11/02/25 10:15:00,29.365,,,,,
19787,11/02/25 10:30:00,29.365,,,,,
19788,11/02/25 10:45:00,29.389,,,,,
19789,11/02/25 11:00:00,29.389,,,,,
19790,11/02/25 11:15:00,29.414,,,,,
19791,11/02/25 11:30:00,29.414,,,,,
19792,11/02/25 11:45:00,29.414,,,,,
19793,11/02/25 12:00:00,29.414,,,,,
19794,11/02/25 12:15:00,29.439,,,,,
19795,11/02/25 12:30:00,29.439,,,,,
19796,11/02/25 12:45:00,29.439,,,,,
19797,11/02/25 13:00:00,29.439,,,,,
19798,11/02/25 13:15:00,29.464,,,,,
19799,11/02/25 13:30:00,29.464,,,,,
19800,11/02/25 13:45:00,29.464,,,,,
19801,11/02/25 14:00:00,29.464,,,,,
19802,11/02/25 14:15:00,29.490,,,,,
19803,11/02/25 14:30:00,29.464,,,,,
19804,11/02/25 14:45:00,29.439,,,,,
19805,11/02/25 15:00:00,29.439,,,,,
19806,11/02/25 15:15:00,29.439,,,,,
19807,11/02/25 15:30:00,29.439,,,,,
19808,11/02/25 15:45:00,29.439,,,,,
19809,11/02/25 16:00:00,29.439,,,,,
19810,11/02/25 16:15:00,29.439,,,,,
19811,11/02/25 16:30:00,29.439,,,,,
19812,11/02/25 16:45:00,29.439,,,,,
19813,11/02/25 17:00:00,29.439,,,,,
19814,11/02/25 17:15:00,29.439,,,,,
19815,11/02/25 17:30:00,29.439,,,,,
19816,11/02/25 17:45:00,29.414,,,,,
19817,11/02/25 18:00:00,29.414,,,,,
19818,11/02/25 18:15:00,29.414,,,,,
19819,11/02/25 18:30:00,29.414,,,,,
19820,11/02/25 18:45:00,29.414,,,,,
19821,11/02/25 19:00:00,29.414,,,,,
19822,11/02/25 19:15:00,29.389,,,,,
19823,11/02/25 19:30:00,29.389,,,,,
19824,11/02/25 19:45:00,29.389,,,,,
19825,11/02/25 20:00:00,29.389,,,,,
19826,11/02/25 20:15:00,29.389,,,,,
19827,11/02/25 20:30:00,29.365,,,,,
19828,11/02/25 20:45:00,29.365,,,,,
19829,11/02/25 21:00:00,29.365,,,,,
19830,11/02/25 21:15:00,29.365,,,,,
19831,11/02/25 21:30:00,29.365,,,,,
19832,11/02/25 21:45:00,29.365,,,,,
19833,11/02/25 22:00:00,29.365,,,,,
19834,11/02/25 22:15:00,29.365,,,,,
19835,11/02/25 22:30:00,29.389,,,,,
19836,11/02/25 22:45:00,29.414,,,,,
19837,11/02/25 23:00:00,29.389,,,,,
19838,11/02/25 23:15:00,29.414,,,,,
19839,11/02/25 23:30:00,29.414,,,,,
19840,11/02/25 23:45:00,29.439,,,,,
19841,11/03/25 00:00:00,29.464,,,,,
19842,11/03/25 00:15:00,29.439,,,,,
19843,11/03/25 00:30:00,29.439,,,,,
19844,11/03/25 00:45:00,29.439,,,,,
19845,11/03/25 01:00:00,29.414,,,,,
19846,11/03/25 01:15:00,29.414,,,,,
19847,11/03/25 01:30:00,29.414,,,,,
19848,11/03/25 01:45:00,29.414,,,,,
19849,11/03/25 02:00:00,29.414,,,,,
19850,11/03/25 02:15:00,29.414,,,,,
19851,11/03/25 02:30:00,29.414,,,,,
19852,11/03/25 02:45:00,29.389,,,,,
19853,11/03/25 03:00:00,29.389,,,,,
19854,11/03/25 03:15:00,29.389,,,,,
19855,11/03/25 03:30:00,29.389,,,,,
19856,11/03/25 03:45:00,29.389,,,,,
19857,11/03/25 04:00:00,29.389,,,,,
19858,11/03/25 04:15:00,29.389,,,,,
19859,11/03/25 04:30:00,29.389,,,,,
19860,11/03/25 04:45:00,29.365,,,,,
19861,11/03/25 05:00:00,29.365,,,,,
19862,11/03/25 05:15:00,29.365,,,,,
19863,11/03/25 05:30:00,29.365,,,,,
19864,11/03/25 05:45:00,29.365,,,,,
19865,11/03/25 06:00:00,29.365,,,,,
19866,11/03/25 06:15:00,29.365,,,,,
19867,11/03/25 06:30:00,29.389,,,,,
19868,11/03/25 06:45:00,29.389,,,,,
19869,11/03/25 07:00:00,29.389,,,,,
19870,11/03/25 07:15:00,29.389,,,,,
19871,11/03/25 07:30:00,29.389,,,,,
19872,11/03/25 07:45:00,29.389,,,,,
19873,11/03/25 08:00:00,29.389,,,,,
19874,11/03/25 08:15:00,29.365,,,,,
19875,11/03/25 08:30:00,29.414,,,,,
19876,11/03/25 08:45:00,29.389,,,,,
19877,11/03/25 09:00:00,29.365,,,,,
19878,11/03/25 09:15:00,29.365,,,,,
19879,11/03/25 09:30:00,29.365,,,,,
19880,11/03/25 09:45:00,29.365,,,,,
19881,11/03/25 10:00:00,29.365,,,,,
19882,11/03/25 10:15:00,29.365,,,,,
19883,11/03/25 10:30:00,29.365,,,,,
19884,11/03/25 10:45:00,29.389,,,,,
19885,11/03/25 11:00:00,29.389,,,,,
19886,11/03/25 11:15:00,29.389,,,,,
19887,11/03/25 11:30:00,29.414,,,,,
19888,11/03/25 11:45:00,29.414,,,,,
19889,11/03/25 12:00:00,29.414,,,,,
19890,11/03/25 12:15:00,29.414,,,,,
19891,11/03/25 12:30:00,29.414,,,,,
19892,11/03/25 12:45:00,29.439,,,,,
19893,11/03/25 13:00:00,29.439,,,,,
19894,11/03/25 13:15:00,29.464,,,,,
19895,11/03/25 13:30:00,29.439,,,,,
19896,11/03/25 13:45:00,29.464,,,,,
19897,11/03/25 14:00:00,29.464,,,,,
19898,11/03/25 14:15:00,29.490,,,,,
19899,11/03/25 14:30:00,29.490,,,,,
19900,11/03/25 14:45:00,29.490,,,,,
19901,11/03/25 15:00:00,29.515,,,,,
19902,11/03/25 15:15:00,29.490,,,,,
19903,11/03/25 15:30:00,29.464,,,,,
19904,11/03/25 15:45:00,29.464,,,,,
19905,11/03/25 16:00:00,29.464,,,,,
19906,11/03/25 16:15:00,29.464,,,,,
19907,11/03/25 16:30:00,29.439,,,,,
19908,11/03/25 16:45:00,29.439,,,,,
19909,11/03/25 17:00:00,29.439,,,,,
19910,11/03/25 17:15:00,29.439,,,,,
19911,11/03/25 17:30:00,29.439,,,,,
19912,11/03/25 17:45:00,29.439,,,,,
19913,11/03/25 18:00:00,29.439,,,,,
19914,11/03/25 18:15:00,29.490,,,,,
19915,11/03/25 18:30:00,29.515,,,,,
19916,11/03/25 18:45:00,29.515,,,,,
19917,11/03/25 19:00:00,29.515,,,,,
19918,11/03/25 19:15:00,29.515,,,,,
19919,11/03/25 19:30:00,29.515,,,,,
19920,11/03/25 19:45:00,29.490,,,,,
19921,11/03/25 20:00:00,29.490,,,,,
19922,11/03/25 20:15:00,29.464,,,,,
19923,11/03/25 20:30:00,29.389,,,,,
19924,11/03/25 20:45:00,29.389,,,,,
19925,11/03/25 21:00:00,29.389,,,,,
19926,11/03/25 21:15:00,29.389,,,,,
19927,11/03/25 21:30:00,29.389,,,,,
19928,11/03/25 21:45:00,29.389,,,,,
19929,11/03/25 22:00:00,29.389,,,,,
19930,11/03/25 22:15:00,29.389,,,,,
19931,11/03/25 22:30:00,29.389,,,,,
19932,11/03/25 22:45:00,29.389,,,,,
19933,11/03/25 23:00:00,29.365,,,,,
19934,11/03/25 23:15:00,29.365,,,,,
19935,11/03/25 23:30:00,29.365,,,,,
19936,11/03/25 23:45:00,29.340,,,,,
19937,11/04/25 00:00:00,29.340,,,,,
19938,11/04/25 00:15:00,29.340,,,,,
19939,11/04/25 00:30:00,29.340,,,,,
19940,11/04/25 00:45:00,29.340,,,,,
19941,11/04/25 01:00:00,29.315,,,,,
19942,11/04/25 01:15:00,29.290,,,,,
19943,11/04/25 01:30:00,29.265,,,,,
19944,11/04/25 01:45:00,29.265,,,,,
19945,11/04/25 02:00:00,29.265,,,,,
19946,11/04/25 02:15:00,29.240,,,,,
19947,11/04/25 02:30:00,29.240,,,,,
19948,11/04/25 02:45:00,29.265,,,,,
19949,11/04/25 03:00:00,29.290,,,,,
19950,11/04/25 03:15:00,29.340,,,,,
19951,11/04/25 03:30:00,29.365,,,,,
19952,11/04/25 03:45:00,29.389,,,,,
19953,11/04/25 04:00:00,29.389,,,,,
19954,11/04/25 04:15:00,29.389,,,,,
19955,11/04/25 04:30:00,29.389,,,,,
19956,11/04/25 04:45:00,29.389,,,,,
19957,11/04/25 05:00:00,29.389,,,,,
19958,11/04/25 05:15:00,29.389,,,,,
19959,11/04/25 05:30:00,29.389,,,,,
19960,11/04/25 05:45:00,29.389,,,,,
19961,11/04/25 06:00:00,29.389,,,,,
19962,11/04/25 06:15:00,29.389,,,,,
19963,11/04/25 06:30:00,29.389,,,,,
19964,11/04/25 06:45:00,29.365,,,,,
19965,11/04/25 07:00:00,29.340,,,,,
19966,11/04/25 07:15:00,29.290,,,,,
19967,11/04/25 07:30:00,29.265,,,,,
19968,11/04/25 07:45:00,29.240,,,,,
19969,11/04/25 08:00:00,29.215,,,,,
19970,11/04/25 08:15:00,29.215,,,,,
19971,11/04/25 08:30:00,29.190,,,,,
19972,11/04/25 08:45:00,29.215,,,,,
19973,11/04/25 09:00:00,29.240,,,,,
19974,11/04/25 09:15:00,29.265,,,,,
19975,11/04/25 09:30:00,29.290,,,,,
19976,11/04/25 09:45:00,29.315,,,,,
19977,11/04/25 10:00:00,29.365,,,,,
19978,11/04/25 10:15:00,29.365,,,,,
19979,11/04/25 10:30:00,29.389,,,,,
19980,11/04/25 10:45:00,29.414,,,,,
19981,11/04/25 11:00:00,29.439,,,,,
19982,11/04/25 11:15:00,29.439,,,,,
19983,11/04/25 11:30:00,29.464,,,,,
19984,11/04/25 11:45:00,29.464,,,,,
19985,11/04/25 12:00:00,29.490,,,,,
19986,11/04/25 12:15:00,29.515,,,,,
19987,11/04/25 12:30:00,29.515,,,,,
19988,11/04/25 12:45:00,29.490,,,,,
19989,11/04/25 13:00:00,29.490,,,,,
19990,11/04/25 13:15:00,29.490,,,,,
19991,11/04/25 13:30:00,29.490,,,,,
19992,11/04/25 13:45:00,29.515,,,,,
19993,11/04/25 14:00:00,29.515,,,,,
19994,11/04/25 14:15:00,29.515,,,,,
19995,11/04/25 14:30:00,29.490,,,,,
19996,11/04/25 14:45:00,29.515,,,,,
19997,11/04/25 15:00:00,29.490,,,,,
19998,11/04/25 15:15:00,29.490,,,,,
19999,11/04/25 15:30:00,29.464,,,,,
20000,11/04/25 15:45:00,29.464,,,,,
20001,11/04/25 16:00:00,29.464,,,,,
20002,11/04/25 16:15:00,29.464,,,,,
20003,11/04/25 16:30:00,29.464,,,,,
20004,11/04/25 16:45:00,29.490,,,,,
20005,11/04/25 17:00:00,29.490,,,,,
20006,11/04/25 17:15:00,29.490,,,,,
20007,11/04/25 17:30:00,29.490,,,,,
20008,11/04/25 17:45:00,29.490,,,,,
20009,11/04/25 18:00:00,29.464,,,,,
20010,11/04/25 18:15:00,29.464,,,,,
20011,11/04/25 18:30:00,29.464,,,,,
20012,11/04/25 18:45:00,29.464,,,,,
20013,11/04/25 19:00:00,29.464,,,,,
20014,11/04/25 19:15:00,29.464,,,,,
20015,11/04/25 19:30:00,29.464,,,,,
20016,11/04/25 19:45:00,29.464,,,,,
20017,11/04/25 20:00:00,29.439,,,,,
20018,11/04/25 20:15:00,29.439,,,,,
20019,11/04/25 20:30:00,29.439,,,,,
20020,11/04/25 20:45:00,29.464,,,,,
20021,11/04/25 21:00:00,29.464,,,,,
20022,11/04/25 21:15:00,29.439,,,,,
20023,11/04/25 21:30:00,29.439,,,,,
20024,11/04/25 21:45:00,29.439,,,,,
20025,11/04/25 22:00:00,29.439,,,,,
20026,11/04/25 22:15:00,29.439,,,,,
20027,11/04/25 22:30:00,29.439,,,,,
20028,11/04/25 22:45:00,29.439,,,,,
20029,11/04/25 23:00:00,29.439,,,,,
20030,11/04/25 23:15:00,29.439,,,,,
20031,11/04/25 23:30:00,29.414,,,,,
20032,11/04/25 23:45:00,29.414,,,,,
20033,11/05/25 00:00:00,29.414,,,,,
20034,11/05/25 00:15:00,29.414,,,,,
20035,11/05/25 00:30:00,29.414,,,,,
20036,11/05/25 00:45:00,29.414,,,,,
20037,11/05/25 01:00:00,29.389,,,,,
20038,11/05/25 01:15:00,29.389,,,,,
20039,11/05/25 01:30:00,29.389,,,,,
20040,11/05/25 01:45:00,29.389,,,,,
20041,11/05/25 02:00:00,29.389,,,,,
20042,11/05/25 02:15:00,29.389,,,,,
20043,11/05/25 02:30:00,29.365,,,,,
20044,11/05/25 02:45:00,29.365,,,,,
20045,11/05/25 03:00:00,29.365,,,,,
20046,11/05/25 03:15:00,29.365,,,,,
20047,11/05/25 03:30:00,29.340,,,,,
20048,11/05/25 03:45:00,29.290,,,,,
20049,11/05/25 04:00:00,29.290,,,,,
20050,11/05/25 04:15:00,29.265,,,,,
20051,11/05/25 04:30:00,29.265,,,,,
20052,11/05/25 04:45:00,29.240,,,,,
20053,11/05/25 05:00:00,29.215,,,,,
20054,11/05/25 05:15:00,29.215,,,,,
20055,11/05/25 05:30:00,29.215,,,,,
20056,11/05/25 05:45:00,29.190,,,,,
20057,11/05/25 06:00:00,29.190,,,,,
20058,11/05/25 06:15:00,29.190,,,,,
20059,11/05/25 06:30:00,29.190,,,,,
20060,11/05/25 06:45:00,29.190,,,,,
20061,11/05/25 07:00:00,29.190,,,,,
20062,11/05/25 07:15:00,29.215,,,,,
20063,11/05/25 07:30:00,29.215,,,,,
20064,11/05/25 07:45:00,29.240,,,,,
20065,11/05/25 08:00:00,29.265,,,,,
20066,11/05/25 08:15:00,29.290,,,,,
20067,11/05/25 08:30:00,29.290,,,,,
20068,11/05/25 08:45:00,29.290,,,,,
20069,11/05/25 09:00:00,29.315,,,,,
20070,11/05/25 09:15:00,29.315,,,,,
20071,11/05/25 09:30:00,29.340,,,,,
20072,11/05/25 09:45:00,29.340,,,,,
20073,11/05/25 10:00:00,29.340,,,,,
20074,11/05/25 10:15:00,29.365,,,,,
20075,11/05/25 10:30:00,29.389,,,,,
20076,11/05/25 10:45:00,29.414,,,,,
20077,11/05/25 11:00:00,29.414,,,,,
20078,11/05/25 11:15:00,29.414,,,,,
20079,11/05/25 11:30:00,29.439,,,,,
20080,11/05/25 11:45:00,29.439,,,,,
20081,11/05/25 12:00:00,29.439,,,,,
20082,11/05/25 12:15:00,29.414,,,,,
20083,11/05/25 12:30:00,29.414,,,,,
20084,11/05/25 12:45:00,29.414,,,,,
20085,11/05/25 13:00:00,29.414,,,,,
20086,11/05/25 13:15:00,29.414,,,,,
20087,11/05/25 13:30:00,29.414,,,,,
20088,11/05/25 13:45:00,29.414,,,,,
20089,11/05/25 14:00:00,29.464,,,,,
20090,11/05/25 14:15:00,29.464,,,,,
20091,11/05/25 14:30:00,29.439,,,,,
20092,11/05/25 14:45:00,29.439,,,,,
20093,11/05/25 15:00:00,29.439,,,,,
20094,11/05/25 15:15:00,29.439,,,,,
20095,11/05/25 15:30:00,29.439,,,,,
20096,11/05/25 15:45:00,29.439,,,,,
20097,11/05/25 16:00:00,29.439,,,,,
20098,11/05/25 16:15:00,29.464,,,,,
20099,11/05/25 16:30:00,29.439,,,,,
20100,11/05/25 16:45:00,29.439,,,,,
20101,11/05/25 17:00:00,29.439,,,,,
20102,11/05/25 17:15:00,29.439,,,,,
20103,11/05/25 17:30:00,29.439,,,,,
20104,11/05/25 17:45:00,29.439,,,,,
20105,11/05/25 18:00:00,29.439,,,,,
20106,11/05/25 18:15:00,29.439,,,,,
20107,11/05/25 18:30:00,29.439,,,,,
20108,11/05/25 18:45:00,29.439,,,,,
20109,11/05/25 19:00:00,29.439,,,,,
20110,11/05/25 19:15:00,29.439,,,,,
20111,11/05/25 19:30:00,29.439,,,,,
20112,11/05/25 19:45:00,29.414,,,,,
20113,11/05/25 20:00:00,29.414,,,,,
20114,11/05/25 20:15:00,29.414,,,,,
20115,11/05/25 20:30:00,29.414,,,,,
20116,11/05/25 20:45:00,29.389,,,,,
20117,11/05/25 21:00:00,29.389,,,,,
20118,11/05/25 21:15:00,29.389,,,,,
20119,11/05/25 21:30:00,29.389,,,,,
20120,11/05/25 21:45:00,29.365,,,,,
20121,11/05/25 22:00:00,29.365,,,,,
20122,11/05/25 22:15:00,29.365,,,,,
20123,11/05/25 22:30:00,29.365,,,,,
20124,11/05/25 22:45:00,29.365,,,,,
20125,11/05/25 23:00:00,29.365,,,,,
20126,11/05/25 23:15:00,29.340,,,,,
20127,11/05/25 23:30:00,29.340,,,,,
20128,11/05/25 23:45:00,29.315,,,,,
20129,11/06/25 00:00:00,29.315,,,,,
20130,11/06/25 00:15:00,29.315,,,,,
20131,11/06/25 00:30:00,29.290,,,,,
20132,11/06/25 00:45:00,29.290,,,,,
20133,11/06/25 01:00:00,29.290,,,,,
20134,11/06/25 01:15:00,29.265,,,,,
20135,11/06/25 01:30:00,29.265,,,,,
20136,11/06/25 01:45:00,29.265,,,,,
20137,11/06/25 02:00:00,29.240,,,,,
20138,11/06/25 02:15:00,29.265,,,,,
20139,11/06/25 02:30:00,29.240,,,,,
20140,11/06/25 02:45:00,29.215,,,,,
20141,11/06/25 03:00:00,29.240,,,,,
20142,11/06/25 03:15:00,29.215,,,,,
20143,11/06/25 03:30:00,29.215,,,,,
20144,11/06/25 03:45:00,29.190,,,,,
20145,11/06/25 04:00:00,29.165,,,,,
20146,11/06/25 04:15:00,29.115,,,,,
20147,11/06/25 04:30:00,29.115,,,,,
20148,11/06/25 04:45:00,29.140,,,,,
20149,11/06/25 05:00:00,29.115,,,,,
20150,11/06/25 05:15:00,29.040,,,,,
20151,11/06/25 05:30:00,29.015,,,,,
20152,11/06/25 05:45:00,29.015,,,,,
20153,11/06/25 06:00:00,29.140,,,,,
20154,11/06/25 06:15:00,29.240,,,,,
20155,11/06/25 06:30:00,29.290,,,,,
20156,11/06/25 06:45:00,29.315,,,,,
20157,11/06/25 07:00:00,29.340,,,,,
20158,11/06/25 07:15:00,29.315,,,,,
20159,11/06/25 07:30:00,29.340,,,,,
20160,11/06/25 07:45:00,29.340,,,,,
20161,11/06/25 08:00:00,29.340,,,,,
20162,11/06/25 08:15:00,29.340,,,,,
20163,11/06/25 08:30:00,29.365,,,,,
20164,11/06/25 08:45:00,29.365,,,,,
20165,11/06/25 09:00:00,29.365,,,,,
20166,11/06/25 09:15:00,29.365,,,,,
20167,11/06/25 09:30:00,29.365,,,,,
20168,11/06/25 09:45:00,29.365,,,,,
20169,11/06/25 10:00:00,29.389,,,,,
20170,11/06/25 10:15:00,29.389,,,,,
20171,11/06/25 10:30:00,29.389,,,,,
20172,11/06/25 10:45:00,29.389,,,,,
20173,11/06/25 11:00:00,29.389,,,,,
20174,11/06/25 11:15:00,29.389,,,,,
20175,11/06/25 11:30:00,29.414,,,,,
20176,11/06/25 11:45:00,29.414,,,,,
20177,11/06/25 12:00:00,29.414,,,,,
20178,11/06/25 12:15:00,29.414,,,,,
20179,11/06/25 12:30:00,29.414,,,,,
20180,11/06/25 12:45:00,29.389,,,,,
20181,11/06/25 13:00:00,29.414,,,,,
20182,11/06/25 13:15:00,29.414,,,,,
20183,11/06/25 13:30:00,29.389,,,,,
20184,11/06/25 13:45:00,29.389,,,,,
20185,11/06/25 14:00:00,29.389,,,,,
20186,11/06/25 14:15:00,29.414,,,,,
20187,11/06/25 14:30:00,29.389,,,,,
20188,11/06/25 14:45:00,29.389,,,,,
20189,11/06/25 15:00:00,29.389,,,,,
20190,11/06/25 15:15:00,29.389,,,,,
20191,11/06/25 15:30:00,29.389,,,,,
20192,11/06/25 15:45:00,29.389,,,,,
20193,11/06/25 16:00:00,29.414,,,,,
20194,11/06/25 16:15:00,29.414,,,,,
20195,11/06/25 16:30:00,29.389,,,,,
20196,11/06/25 16:45:00,29.389,,,,,
20197,11/06/25 17:00:00,29.389,,,,,
20198,11/06/25 17:15:00,29.389,,,,,
20199,11/06/25 17:30:00,29.389,,,,,
20200,11/06/25 17:45:00,29.389,,,,,
20201,11/06/25 18:00:00,29.389,,,,,
20202,11/06/25 18:15:00,29.389,,,,,
20203,11/06/25 18:30:00,29.389,,,,,
20204,11/06/25 18:45:00,29.389,,,,,
20205,11/06/25 19:00:00,29.365,,,,,
20206,11/06/25 19:15:00,29.365,,,,,
20207,11/06/25 19:30:00,29.365,,,,,
20208,11/06/25 19:45:00,29.365,,,,,
20209,11/06/25 20:00:00,29.365,,,,,
20210,11/06/25 20:15:00,29.365,,,,,
20211,11/06/25 20:30:00,29.365,,,,,
20212,11/06/25 20:45:00,29.365,,,,,
20213,11/06/25 21:00:00,29.365,,,,,
20214,11/06/25 21:15:00,29.365,,,,,
20215,11/06/25 21:30:00,29.365,,,,,
20216,11/06/25 21:45:00,29.365,,,,,
20217,11/06/25 22:00:00,29.365,,,,,
20218,11/06/25 22:15:00,29.365,,,,,
20219,11/06/25 22:30:00,29.340,,,,,
20220,11/06/25 22:45:00,29.340,,,,,
20221,11/06/25 23:00:00,29.340,,,,,
20222,11/06/25 23:15:00,29.315,,,,,
20223,11/06/25 23:30:00,29.315,,,,,
20224,11/06/25 23:45:00,29.315,,,,,
20225,11/07/25 00:00:00,29.315,,,,,
20226,11/07/25 00:15:00,29.265,,,,,
20227,11/07/25 00:30:00,29.190,,,,,
20228,11/07/25 00:45:00,29.190,,,,,
20229,11/07/25 01:00:00,29.240,,,,,
20230,11/07/25 01:15:00,29.190,,,,,
20231,11/07/25 01:30:00,29.165,,,,,
20232,11/07/25 01:45:00,29.165,,,,,
20233,11/07/25 02:00:00,29.190,,,,,
20234,11/07/25 02:15:00,29.215,,,,,
20235,11/07/25 02:30:00,29.265,,,,,
20236,11/07/25 02:45:00,29.290,,,,,
20237,11/07/25 03:00:00,29.265,,,,,
20238,11/07/25 03:15:00,29.265,,,,,
20239,11/07/25 03:30:00,29.265,,,,,
20240,11/07/25 03:45:00,29.240,,,,,
20241,11/07/25 04:00:00,29.215,,,,,
20242,11/07/25 04:15:00,29.240,,,,,
20243,11/07/25 04:30:00,29.240,,,,,
20244,11/07/25 04:45:00,29.265,,,,,
20245,11/07/25 05:00:00,29.265,,,,,
20246,11/07/25 05:15:00,29.265,,,,,
20247,11/07/25 05:30:00,29.290,,,,,
20248,11/07/25 05:45:00,29.290,,,,,
20249,11/07/25 06:00:00,29.290,,,,,
20250,11/07/25 06:15:00,29.290,,,,,
20251,11/07/25 06:30:00,29.315,,,,,
20252,11/07/25 06:45:00,29.315,,,,,
20253,11/07/25 07:00:00,29.315,,,,,
20254,11/07/25 07:15:00,29.315,,,,,
20255,11/07/25 07:30:00,29.290,,,,,
20256,11/07/25 07:45:00,29.315,,,,,
20257,11/07/25 08:00:00,29.315,,,,,
20258,11/07/25 08:15:00,29.315,,,,,
20259,11/07/25 08:30:00,29.315,,,,,
20260,11/07/25 08:45:00,29.315,,,,,
20261,11/07/25 09:00:00,29.315,,,,,
20262,11/07/25 09:15:00,29.315,,,,,
20263,11/07/25 09:30:00,29.315,,,,,
20264,11/07/25 09:45:00,29.315,,,,,
20265,11/07/25 10:00:00,29.315,,,,,
20266,11/07/25 10:15:00,29.340,,,,,
20267,11/07/25 10:30:00,29.340,,,,,
20268,11/07/25 10:45:00,29.340,,,,,
20269,11/07/25 11:00:00,29.340,,,,,
20270,11/07/25 11:15:00,29.365,,,,,
20271,11/07/25 11:30:00,29.365,,,,,
20272,11/07/25 11:45:00,29.340,,,,,
20273,11/07/25 12:00:00,29.340,,,,,
20274,11/07/25 12:15:00,29.365,,,,,
20275,11/07/25 12:30:00,29.365,,,,,
20276,11/07/25 12:45:00,29.365,,,,,
20277,11/07/25 13:00:00,29.389,,,,,
20278,11/07/25 13:15:00,29.365,,,,,
20279,11/07/25 13:30:00,29.389,,,,,
20280,11/07/25 13:45:00,29.389,,,,,
20281,11/07/25 14:00:00,29.389,,,,,
20282,11/07/25 14:15:00,29.389,,,,,
20283,11/07/25 14:30:00,29.365,,,,,
20284,11/07/25 14:45:00,29.365,,,,,
20285,11/07/25 15:00:00,29.365,,,,,
20286,11/07/25 15:15:00,29.365,,,,,
20287,11/07/25 15:30:00,29.365,,,,,
20288,11/07/25 15:45:00,29.365,,,,,
20289,11/07/25 16:00:00,29.365,,,,,
20290,11/07/25 16:15:00,29.365,,,,,
20291,11/07/25 16:30:00,29.365,,,,,
20292,11/07/25 16:45:00,29.340,,,,,
20293,11/07/25 17:00:00,29.340,,,,,
20294,11/07/25 17:15:00,29.340,,,,,
20295,11/07/25 17:30:00,29.340,,,,,
20296,11/07/25 17:45:00,29.340,,,,,
20297,11/07/25 18:00:00,29.340,,,,,
20298,11/07/25 18:15:00,29.340,,,,,
20299,11/07/25 18:30:00,29.340,,,,,
20300,11/07/25 18:45:00,29.340,,,,,
20301,11/07/25 19:00:00,29.340,,,,,
20302,11/07/25 19:15:00,29.340,,,,,
20303,11/07/25 19:30:00,29.340,,,,,
20304,11/07/25 19:45:00,29.315,,,,,
20305,11/07/25 20:00:00,29.315,,,,,
20306,11/07/25 20:15:00,29.315,,,,,
20307,11/07/25 20:30:00,29.315,,,,,
20308,11/07/25 20:45:00,29.315,,,,,
20309,11/07/25 21:00:00,29.315,,,,,
20310,11/07/25 21:15:00,29.315,,,,,
20311,11/07/25 21:30:00,29.315,,,,,
20312,11/07/25 21:45:00,29.315,,,,,
20313,11/07/25 22:00:00,29.290,,,,,
20314,11/07/25 22:15:00,29.290,,,,,
20315,11/07/25 22:30:00,29.290,,,,,
20316,11/07/25 22:45:00,29.290,,,,,
20317,11/07/25 23:00:00,29.265,,,,,
20318,11/07/25 23:15:00,29.265,,,,,
20319,11/07/25 23:30:00,29.265,,,,,
20320,11/07/25 23:45:00,29.240,,,,,
20321,11/08/25 00:00:00,29.240,,,,,
20322,11/08/25 00:15:00,29.240,,,,,
20323,11/08/25 00:30:00,29.240,,,,,
20324,11/08/25 00:45:00,29.215,,,,,
20325,11/08/25 01:00:00,29.115,,,,,
20326,11/08/25 01:15:00,29.065,,,,,
20327,11/08/25 01:30:00,29.065,,,,,
20328,11/08/25 01:45:00,29.040,,,,,
20329,11/08/25 02:00:00,29.040,,,,,
20330,11/08/25 02:15:00,29.065,,,,,
20331,11/08/25 02:30:00,29.065,,,,,
20332,11/08/25 02:45:00,29.090,,,,,
20333,11/08/25 03:00:00,29.115,,,,,
20334,11/08/25 03:15:00,29.140,,,,,
20335,11/08/25 03:30:00,29.165,,,,,
20336,11/08/25 03:45:00,29.140,,,,,
20337,11/08/25 04:00:00,29.140,,,,,
20338,11/08/25 04:15:00,29.040,,,,,
20339,11/08/25 04:30:00,29.040,,,,,
20340,11/08/25 04:45:00,29.065,,,,,
20341,11/08/25 05:00:00,29.040,,,,,
20342,11/08/25 05:15:00,29.065,,,,,
20343,11/08/25 05:30:00,29.115,,,,,
20344,11/08/25 05:45:00,29.040,,,,,
20345,11/08/25 06:00:00,29.015,,,,,
20346,11/08/25 06:15:00,29.015,,,,,
20347,11/08/25 06:30:00,29.015,,,,,
20348,11/08/25 06:45:00,29.040,,,,,
20349,11/08/25 07:00:00,29.065,,,,,
20350,11/08/25 07:15:00,29.115,,,,,
20351,11/08/25 07:30:00,29.115,,,,,
20352,11/08/25 07:45:00,29.040,,,,,
20353,11/08/25 08:00:00,29.015,,,,,
20354,11/08/25 08:15:00,29.040,,,,,
20355,11/08/25 08:30:00,29.065,,,,,
20356,11/08/25 08:45:00,29.065,,,,,
20357,11/08/25 09:00:00,29.065,,,,,
20358,11/08/25 09:15:00,29.090,,,,,
20359,11/08/25 09:30:00,29.140,,,,,
20360,11/08/25 09:45:00,29.190,,,,,
20361,11/08/25 10:00:00,29.240,,,,,
20362,11/08/25 10:15:00,29.265,,,,,
20363,11/08/25 10:30:00,29.265,,,,,
20364,11/08/25 10:45:00,29.265,,,,,
20365,11/08/25 11:00:00,29.265,,,,,
20366,11/08/25 11:15:00,29.290,,,,,
20367,11/08/25 11:30:00,29.315,,,,,
20368,11/08/25 11:45:00,29.315,,,,,
20369,11/08/25 12:00:00,29.315,,,,,
20370,11/08/25 12:15:00,29.315,,,,,
20371,11/08/25 12:30:00,29.340,,,,,
20372,11/08/25 12:45:00,29.340,,,,,
20373,11/08/25 13:00:00,29.340,,,,,
20374,11/08/25 13:15:00,29.365,,,,,
20375,11/08/25 13:30:00,29.365,,,,,
20376,11/08/25 13:45:00,29.365,,,,,
20377,11/08/25 14:00:00,29.365,,,,,
20378,11/08/25 14:15:00,29.365,,,,,
20379,11/08/25 14:30:00,29.365,,,,,
20380,11/08/25 14:45:00,29.389,,,,,
20381,11/08/25 15:00:00,29.389,,,,,
20382,11/08/25 15:15:00,29.389,,,,,
20383,11/08/25 15:30:00,29.365,,,,,
20384,11/08/25 15:45:00,29.365,,,,,
20385,11/08/25 16:00:00,29.389,,,,,
20386,11/08/25 16:15:00,29.365,,,,,
20387,11/08/25 16:30:00,29.365,,,,,
20388,11/08/25 16:45:00,29.365,,,,,
20389,11/08/25 17:00:00,29.365,,,,,
20390,11/08/25 17:15:00,29.365,,,,,
20391,11/08/25 17:30:00,29.365,,,,,
20392,11/08/25 17:45:00,29.365,,,,,
20393,11/08/25 18:00:00,29.365,,,,,
20394,11/08/25 18:15:00,29.340,,,,,
20395,11/08/25 18:30:00,29.340,,,,,
20396,11/08/25 18:45:00,29.340,,,,,
20397,11/08/25 19:00:00,29.340,,,,,
20398,11/08/25 19:15:00,29.340,,,,,
20399,11/08/25 19:30:00,29.315,,,,,
20400,11/08/25 19:45:00,29.315,,,,,
20401,11/08/25 20:00:00,29.315,,,,,
20402,11/08/25 20:15:00,29.315,,,,,
20403,11/08/25 20:30:00,29.315,,,,,
20404,11/08/25 20:45:00,29.315,,,,,
20405,11/08/25 21:00:00,29.365,,,,,
20406,11/08/25 21:15:00,29.365,,,,,
20407,11/08/25 21:30:00,29.365,,,,,
20408,11/08/25 21:45:00,29.365,,,,,
20409,11/08/25 22:00:00,29.365,,,,,
20410,11/08/25 22:15:00,29.365,,,,,
20411,11/08/25 22:30:00,29.340,,,,,
20412,11/08/25 22:45:00,29.340,,,,,
20413,11/08/25 23:00:00,29.340,,,,,
20414,11/08/25 23:15:00,29.315,,,,,
20415,11/08/25 23:30:00,29.315,,,,,
20416,11/08/25 23:45:00,29.340,,,,,
20417,11/09/25 00:00:00,29.340,,,,,
20418,11/09/25 00:15:00,29.315,,,,,
20419,11/09/25 00:30:00,29.315,,,,,
20420,11/09/25 00:45:00,29.290,,,,,
20421,11/09/25 01:00:00,29.290,,,,,
20422,11/09/25 01:15:00,29.315,,,,,
20423,11/09/25 01:30:00,29.315,,,,,
20424,11/09/25 01:45:00,29.315,,,,,
20425,11/09/25 02:00:00,29.315,,,,,
20426,11/09/25 02:15:00,29.290,,,,,
20427,11/09/25 02:30:00,29.290,,,,,
20428,11/09/25 02:45:00,29.290,,,,,
20429,11/09/25 03:00:00,29.290,,,,,
20430,11/09/25 03:15:00,29.290,,,,,
20431,11/09/25 03:30:00,29.240,,,,,
20432,11/09/25 03:45:00,29.165,,,,,
20433,11/09/25 04:00:00,29.140,,,,,
20434,11/09/25 04:15:00,29.115,,,,,
20435,11/09/25 04:30:00,29.115,,,,,
20436,11/09/25 04:45:00,29.115,,,,,
20437,11/09/25 05:00:00,29.115,,,,,
20438,11/09/25 05:15:00,29.090,,,,,
20439,11/09/25 05:30:00,29.090,,,,,
20440,11/09/25 05:45:00,29.115,,,,,
20441,11/09/25 06:00:00,29.115,,,,,
20442,11/09/25 06:15:00,29.090,,,,,
20443,11/09/25 06:30:00,29.065,,,,,
20444,11/09/25 06:45:00,29.065,,,,,
20445,11/09/25 07:00:00,29.065,,,,,
20446,11/09/25 07:15:00,29.065,,,,,
20447,11/09/25 07:30:00,29.065,,,,,
20448,11/09/25 07:45:00,29.040,,,,,
20449,11/09/25 08:00:00,28.990,,,,,
20450,11/09/25 08:15:00,28.965,,,,,
20451,11/09/25 08:30:00,28.965,,,,,
20452,11/09/25 08:45:00,28.990,,,,,
20453,11/09/25 09:00:00,29.015,,,,,
20454,11/09/25 09:15:00,29.040,,,,,
20455,11/09/25 09:30:00,29.040,,,,,
20456,11/09/25 09:45:00,29.065,,,,,
20457,11/09/25 10:00:00,29.065,,,,,
20458,11/09/25 10:15:00,29.090,,,,,
20459,11/09/25 10:30:00,29.140,,,,,
20460,11/09/25 10:45:00,29.240,,,,,
20461,11/09/25 11:00:00,29.315,,,,,
20462,11/09/25 11:15:00,29.315,,,,,
20463,11/09/25 11:30:00,29.389,,,,,
20464,11/09/25 11:45:00,29.464,,,,,
20465,11/09/25 12:00:00,29.464,,,,,
20466,11/09/25 12:15:00,29.464,,,,,
20467,11/09/25 12:30:00,29.490,,,,,
20468,11/09/25 12:45:00,29.515,,,,,
20469,11/09/25 13:00:00,29.515,,,,,
20470,11/09/25 13:15:00,29.515,,,,,
20471,11/09/25 13:30:00,29.515,,,,,
20472,11/09/25 13:45:00,29.490,,,,,
20473,11/09/25 14:00:00,29.464,,,,,
20474,11/09/25 14:15:00,29.439,,,,,
20475,11/09/25 14:30:00,29.439,,,,,
20476,11/09/25 14:45:00,29.439,,,,,
20477,11/09/25 15:00:00,29.414,,,,,
20478,11/09/25 15:15:00,29.414,,,,,
20479,11/09/25 15:30:00,29.414,,,,,
20480,11/09/25 15:45:00,29.414,,,,,
20481,11/09/25 16:00:00,29.414,,,,,
20482,11/09/25 16:15:00,29.414,,,,,
20483,11/09/25 16:30:00,29.414,,,,,
20484,11/09/25 16:45:00,29.414,,,,,
20485,11/09/25 17:00:00,29.414,,,,,
20486,11/09/25 17:15:00,29.414,,,,,
20487,11/09/25 17:30:00,29.414,,,,,
20488,11/09/25 17:45:00,29.414,,,,,
20489,11/09/25 18:00:00,29.414,,,,,
20490,11/09/25 18:15:00,29.414,,,,,
20491,11/09/25 18:30:00,29.414,,,,,
20492,11/09/25 18:45:00,29.414,,,,,
20493,11/09/25 19:00:00,29.414,,,,,
20494,11/09/25 19:15:00,29.414,,,,,
20495,11/09/25 19:30:00,29.414,,,,,
20496,11/09/25 19:45:00,29.389,,,,,
20497,11/09/25 20:00:00,29.389,,,,,
20498,11/09/25 20:15:00,29.389,,,,,
20499,11/09/25 20:30:00,29.389,,,,,
20500,11/09/25 20:45:00,29.389,,,,,
20501,11/09/25 21:00:00,29.365,,,,,
20502,11/09/25 21:15:00,29.365,,,,,
20503,11/09/25 21:30:00,29.340,,,,,
20504,11/09/25 21:45:00,29.340,,,,,
20505,11/09/25 22:00:00,29.315,,,,,
20506,11/09/25 22:15:00,29.315,,,,,
20507,11/09/25 22:30:00,29.315,,,,,
20508,11/09/25 22:45:00,29.315,,,,,
20509,11/09/25 23:00:00,29.315,,,,,
20510,11/09/25 23:15:00,29.315,,,,,
20511,11/09/25 23:30:00,29.315,,,,,
20512,11/09/25 23:45:00,29.315,,,,,
20513,11/10/25 00:00:00,29.290,,,,,
20514,11/10/25 00:15:00,29.290,,,,,
20515,11/10/25 00:30:00,29.290,,,,,
20516,11/10/25 00:45:00,29.290,,,,,
20517,11/10/25 01:00:00,29.290,,,,,
20518,11/10/25 01:15:00,29.290,,,,,
20519,11/10/25 01:30:00,29.290,,,,,
20520,11/10/25 01:45:00,29.290,,,,,
20521,11/10/25 02:00:00,29.290,,,,,
20522,11/10/25 02:15:00,29.265,,,,,
20523,11/10/25 02:30:00,29.265,,,,,
20524,11/10/25 02:45:00,29.265,,,,,
20525,11/10/25 03:00:00,29.265,,,,,
20526,11/10/25 03:15:00,29.265,,,,,
20527,11/10/25 03:30:00,29.240,,,,,
20528,11/10/25 03:45:00,29.240,,,,,
20529,11/10/25 04:00:00,29.240,,,,,
20530,11/10/25 04:15:00,29.215,,,,,
20531,11/10/25 04:30:00,29.140,,,,,
20532,11/10/25 04:45:00,29.065,,,,,
20533,11/10/25 05:00:00,29.040,,,,,
20534,11/10/25 05:15:00,29.015,,,,,
20535,11/10/25 05:30:00,29.015,,,,,
20536,11/10/25 05:45:00,29.015,,,,,
20537,11/10/25 06:00:00,28.990,,,,,
20538,11/10/25 06:15:00,28.965,,,,,
20539,11/10/25 06:30:00,28.916,,,,,
20540,11/10/25 06:45:00,28.916,,,,,
20541,11/10/25 07:00:00,28.941,,,,,
20542,11/10/25 07:15:00,28.965,,,,,
20543,11/10/25 07:30:00,28.990,,,,,
20544,11/10/25 07:45:00,29.015,,,,,
20545,11/10/25 08:00:00,29.015,,,,,
20546,11/10/25 08:15:00,29.040,,,,,
20547,11/10/25 08:30:00,29.040,,,,,
20548,11/10/25 08:45:00,29.065,,,,,
20549,11/10/25 09:00:00,29.065,,,,,
20550,11/10/25 09:15:00,29.115,,,,,
20551,11/10/25 09:30:00,29.140,,,,,
20552,11/10/25 09:45:00,29.190,,,,,
20553,11/10/25 10:00:00,29.215,,,,,
20554,11/10/25 10:15:00,29.240,,,,,
20555,11/10/25 10:30:00,29.240,,,,,
20556,11/10/25 10:45:00,29.240,,,,,
20557,11/10/25 11:00:00,29.265,,,,,
20558,11/10/25 11:15:00,29.265,,,,,
20559,11/10/25 11:30:00,29.265,,,,,
20560,11/10/25 11:45:00,29.265,,,,,
20561,11/10/25 12:00:00,29.265,,,,,
20562,11/10/25 12:15:00,29.265,,,,,
20563,11/10/25 12:30:00,29.265,,,,,
20564,11/10/25 12:45:00,29.265,,,,,
20565,11/10/25 13:00:00,29.265,,,,,
20566,11/10/25 13:15:00,29.265,,,,,
20567,11/10/25 13:30:00,29.265,,,,,
20568,11/10/25 13:45:00,29.265,,,,,
20569,11/10/25 14:00:00,29.265,,,,,
20570,11/10/25 14:15:00,29.265,,,,,
20571,11/10/25 14:30:00,29.290,,,,,
20572,11/10/25 14:45:00,29.290,,,,,
20573,11/10/25 15:00:00,29.265,,,,,
20574,11/10/25 15:15:00,29.290,,,,,
20575,11/10/25 15:30:00,29.290,,,,,
20576,11/10/25 15:45:00,29.265,,,,,
20577,11/10/25 16:00:00,29.265,,,,,
20578,11/10/25 16:15:00,29.290,,,,,
20579,11/10/25 16:30:00,29.290,,,,,
20580,11/10/25 16:45:00,29.290,,,,,
20581,11/10/25 17:00:00,29.290,,,,,
20582,11/10/25 17:15:00,29.290,,,,,
20583,11/10/25 17:30:00,29.315,,,,,
20584,11/10/25 17:45:00,29.315,,,,,
20585,11/10/25 18:00:00,29.315,,,,,
20586,11/10/25 18:15:00,29.315,,,,,
20587,11/10/25 18:30:00,29.315,,,,,
20588,11/10/25 18:45:00,29.315,,,,,
20589,11/10/25 19:00:00,29.315,,,,,
20590,11/10/25 19:15:00,29.315,,,,,
20591,11/10/25 19:30:00,29.315,,,,,
20592,11/10/25 19:45:00,29.315,,,,,
20593,11/10/25 20:00:00,29.315,,,,,
20594,11/10/25 20:15:00,29.315,,,,,
20595,11/10/25 20:30:00,29.315,,,,,
20596,11/10/25 20:45:00,29.315,,,,,
20597,11/10/25 21:00:00,29.315,,,,,
20598,11/10/25 21:15:00,29.315,,,,,
20599,11/10/25 21:30:00,29.315,,,,,
20600,11/10/25 21:45:00,29.290,,,,,
20601,11/10/25 22:00:00,29.290,,,,,
20602,11/10/25 22:15:00,29.290,,,,,
20603,11/10/25 22:30:00,29.290,,,,,
20604,11/10/25 22:45:00,29.265,,,,,
20605,11/10/25 23:00:00,29.265,,,,,
20606,11/10/25 23:15:00,29.265,,,,,
20607,11/10/25 23:30:00,29.265,,,,,
20608,11/10/25 23:45:00,29.265,,,,,
20609,11/11/25 00:00:00,29.240,,,,,
20610,11/11/25 00:15:00,29.240,,,,,
20611,11/11/25 00:30:00,29.215,,,,,
20612,11/11/25 00:45:00,29.215,,,,,
20613,11/11/25 01:00:00,29.215,,,,,
20614,11/11/25 01:15:00,29.190,,,,,
20615,11/11/25 01:30:00,29.190,,,,,
20616,11/11/25 01:45:00,29.190,,,,,
20617,11/11/25 02:00:00,29.190,,,,,
20618,11/11/25 02:15:00,29.165,,,,,
20619,11/11/25 02:30:00,29.165,,,,,
20620,11/11/25 02:45:00,29.165,,,,,
20621,11/11/25 03:00:00,29.165,,,,,
20622,11/11/25 03:15:00,29.165,,,,,
20623,11/11/25 03:30:00,29.190,,,,,
20624,11/11/25 03:45:00,29.165,,,,,
20625,11/11/25 04:00:00,29.165,,,,,
20626,11/11/25 04:15:00,29.140,,,,,
20627,11/11/25 04:30:00,29.115,,,,,
20628,11/11/25 04:45:00,29.140,,,,,
20629,11/11/25 05:00:00,29.115,,,,,
20630,11/11/25 05:15:00,29.115,,,,,
20631,11/11/25 05:30:00,29.115,,,,,
20632,11/11/25 05:45:00,29.115,,,,,
20633,11/11/25 06:00:00,29.065,,,,,
20634,11/11/25 06:15:00,29.015,,,,,
20635,11/11/25 06:30:00,28.965,,,,,
20636,11/11/25 06:45:00,28.965,,,,,
20637,11/11/25 07:00:00,28.965,,,,,
20638,11/11/25 07:15:00,28.941,,,,,
20639,11/11/25 07:30:00,28.916,,,,,
20640,11/11/25 07:45:00,28.941,,,,,
20641,11/11/25 08:00:00,28.965,,,,,
20642,11/11/25 08:15:00,29.015,,,,,
20643,11/11/25 08:30:00,29.040,,,,,
20644,11/11/25 08:45:00,29.040,,,,,
20645,11/11/25 09:00:00,29.065,,,,,
20646,11/11/25 09:15:00,29.090,,,,,
20647,11/11/25 09:30:00,29.115,,,,,
20648,11/11/25 09:45:00,29.140,,,,,
20649,11/11/25 10:00:00,29.140,,,,,
20650,11/11/25 10:15:00,29.165,,,,,
20651,11/11/25 10:30:00,29.190,,,,,
20652,11/11/25 10:45:00,29.215,,,,,
20653,11/11/25 11:00:00,29.240,,,,,
20654,11/11/25 11:15:00,29.240,,,,,
20655,11/11/25 11:30:00,29.240,,,,,
20656,11/11/25 11:45:00,29.240,,,,,
20657,11/11/25 12:00:00,29.240,,,,,
20658,11/11/25 12:15:00,29.240,,,,,
20659,11/11/25 12:30:00,29.265,,,,,
20660,11/11/25 12:45:00,29.265,,,,,
20661,11/11/25 13:00:00,29.265,,,,,
20662,11/11/25 13:15:00,29.265,,,,,
20663,11/11/25 13:30:00,29.265,,,,,
20664,11/11/25 13:45:00,29.290,,,,,
20665,11/11/25 14:00:00,29.290,,,,,
20666,11/11/25 14:15:00,29.265,,,,,
20667,11/11/25 14:30:00,29.265,,,,,
20668,11/11/25 14:45:00,29.265,,,,,
20669,11/11/25 15:00:00,29.290,,,,,
20670,11/11/25 15:15:00,29.290,,,,,
20671,11/11/25 15:30:00,29.290,,,,,
20672,11/11/25 15:45:00,29.290,,,,,
20673,11/11/25 16:00:00,29.290,,,,,
20674,11/11/25 16:15:00,29.290,,,,,
20675,11/11/25 16:30:00,29.290,,,,,
20676,11/11/25 16:45:00,29.290,,,,,
20677,11/11/25 17:00:00,29.290,,,,,
20678,11/11/25 17:15:00,29.290,,,,,
20679,11/11/25 17:30:00,29.290,,,,,
20680,11/11/25 17:45:00,29.265,,,,,
20681,11/11/25 18:00:00,29.265,,,,,
20682,11/11/25 18:15:00,29.265,,,,,
20683,11/11/25 18:30:00,29.265,,,,,
20684,11/11/25 18:45:00,29.265,,,,,
20685,11/11/25 19:00:00,29.265,,,,,
20686,11/11/25 19:15:00,29.265,,,,,
20687,11/11/25 19:30:00,29.290,,,,,
20688,11/11/25 19:45:00,29.290,,,,,
20689,11/11/25 20:00:00,29.290,,,,,
20690,11/11/25 20:15:00,29.290,,,,,
20691,11/11/25 20:30:00,29.290,,,,,
20692,11/11/25 20:45:00,29.290,,,,,
20693,11/11/25 21:00:00,29.265,,,,,
20694,11/11/25 21:15:00,29.265,,,,,
20695,11/11/25 21:30:00,29.265,,,,,
20696,11/11/25 21:45:00,29.265,,,,,
20697,11/11/25 22:00:00,29.265,,,,,
20698,11/11/25 22:15:00,29.265,,,,,
20699,11/11/25 22:30:00,29.265,,,,,
20700,11/11/25 22:45:00,29.265,,,,,
20701,11/11/25 23:00:00,29.265,,,,,
20702,11/11/25 23:15:00,29.265,,,,,
20703,11/11/25 23:30:00,29.265,,,,,
20704,11/11/25 23:45:00,29.265,,,,,
20705,11/12/25 00:00:00,29.265,,,,,
20706,11/12/25 00:15:00,29.265,,,,,
20707,11/12/25 00:30:00,29.240,,,,,
20708,11/12/25 00:45:00,29.240,,,,,
20709,11/12/25 01:00:00,29.240,,,,,
20710,11/12/25 01:15:00,29.240,,,,,
20711,11/12/25 01:30:00,29.240,,,,,
20712,11/12/25 01:45:00,29.240,,,,,
20713,11/12/25 02:00:00,29.240,,,,,
20714,11/12/25 02:15:00,29.215,,,,,
20715,11/12/25 02:30:00,29.215,,,,,
20716,11/12/25 02:45:00,29.215,,,,,
20717,11/12/25 03:00:00,29.215,,,,,
20718,11/12/25 03:15:00,29.215,,,,,
20719,11/12/25 03:30:00,29.215,,,,,
20720,11/12/25 03:45:00,29.190,,,,,
20721,11/12/25 04:00:00,29.190,,,,,
20722,11/12/25 04:15:00,29.190,,,,,
20723,11/12/25 04:30:00,29.190,,,,,
20724,11/12/25 04:45:00,29.190,,,,,
20725,11/12/25 05:00:00,29.165,,,,,
20726,11/12/25 05:15:00,29.165,,,,,
20727,11/12/25 05:30:00,29.165,,,,,
20728,11/12/25 05:45:00,29.165,,,,,
20729,11/12/25 06:00:00,29.165,,,,,
20730,11/12/25 06:15:00,29.165,,,,,
20731,11/12/25 06:30:00,29.165,,,,,
20732,11/12/25 06:45:00,29.165,,,,,
20733,11/12/25 07:00:00,29.165,,,,,
20734,11/12/25 07:15:00,29.165,,,,,
20735,11/12/25 07:30:00,29.165,,,,,
20736,11/12/25 07:45:00,29.115,,,,,
20737,11/12/25 08:00:00,29.115,,,,,
20738,11/12/25 08:15:00,29.065,,,,,
20739,11/12/25 08:30:00,29.015,,,,,
20740,11/12/25 08:45:00,28.990,,,,,
20741,11/12/25 09:00:00,28.990,,,,,
20742,11/12/25 09:15:00,28.990,,,,,
20743,11/12/25 09:30:00,28.990,,,,,
20744,11/12/25 09:45:00,29.015,,,,,
20745,11/12/25 10:00:00,29.040,,,,,
20746,11/12/25 10:15:00,29.065,,,,,
20747,11/12/25 10:30:00,29.090,,,,,
20748,11/12/25 10:45:00,29.140,,,,,
20749,11/12/25 11:00:00,29.165,,,,,
20750,11/12/25 11:15:00,29.165,,,,,
20751,11/12/25 11:30:00,29.165,,,,,
20752,11/12/25 11:45:00,29.190,,,,,
20753,11/12/25 12:00:00,29.190,,,,,
20754,11/12/25 12:15:00,29.215,,,,,
20755,11/12/25 12:30:00,29.240,,,,,
20756,11/12/25 12:45:00,29.265,,,,,
20757,11/12/25 13:00:00,29.265,,,,,
20758,11/12/25 13:15:00,29.265,,,,,
20759,11/12/25 13:30:00,29.290,,,,,
20760,11/12/25 13:45:00,29.315,,,,,
20761,11/12/25 14:00:00,29.315,,,,,
20762,11/12/25 14:15:00,29.340,,,,,
20763,11/12/25 14:30:00,29.414,,,,,
20764,11/12/25 14:45:00,29.439,,,,,
20765,11/12/25 15:00:00,29.414,,,,,
20766,11/12/25 15:15:00,29.414,,,,,
20767,11/12/25 15:30:00,29.389,,,,,
20768,11/12/25 15:45:00,29.365,,,,,
20769,11/12/25 16:00:00,29.365,,,,,
20770,11/12/25 16:15:00,29.365,,,,,
20771,11/12/25 16:30:00,29.340,,,,,
20772,11/12/25 16:45:00,29.340,,,,,
20773,11/12/25 17:00:00,29.340,,,,,
20774,11/12/25 17:15:00,29.315,,,,,
20775,11/12/25 17:30:00,29.315,,,,,
20776,11/12/25 17:45:00,29.315,,,,,
20777,11/12/25 18:00:00,29.315,,,,,
20778,11/12/25 18:15:00,29.315,,,,,
20779,11/12/25 18:30:00,29.315,,,,,
20780,11/12/25 18:45:00,29.315,,,,,
20781,11/12/25 19:00:00,29.340,,,,,
20782,11/12/25 19:15:00,29.365,,,,,
20783,11/12/25 19:30:00,29.340,,,,,
20784,11/12/25 19:45:00,29.365,,,,,
20785,11/12/25 20:00:00,29.340,,,,,
20786,11/12/25 20:15:00,29.340,,,,,
20787,11/12/25 20:30:00,29.340,,,,,
20788,11/12/25 20:45:00,29.365,,,,,
20789,11/12/25 21:00:00,29.389,,,,,
20790,11/12/25 21:15:00,29.389,,,,,
20791,11/12/25 21:30:00,29.389,,,,,
20792,11/12/25 21:45:00,29.389,,,,,
20793,11/12/25 22:00:00,29.389,,,,,
20794,11/12/25 22:15:00,29.365,,,,,
20795,11/12/25 22:30:00,29.365,,,,,
20796,11/12/25 22:45:00,29.315,,,,,
20797,11/12/25 23:00:00,29.265,,,,,
20798,11/12/25 23:15:00,29.215,,,,,
20799,11/12/25 23:30:00,29.190,,,,,
20800,11/12/25 23:45:00,29.190,,,,,
20801,11/13/25 00:00:00,29.190,,,,,
20802,11/13/25 00:15:00,29.190,,,,,
20803,11/13/25 00:30:00,29.190,,,,,
20804,11/13/25 00:45:00,29.190,,,,,
20805,11/13/25 01:00:00,29.190,,,,,
20806,11/13/25 01:15:00,29.190,,,,,
20807,11/13/25 01:30:00,29.165,,,,,
20808,11/13/25 01:45:00,29.140,,,,,
20809,11/13/25 02:00:00,29.140,,,,,
20810,11/13/25 02:15:00,29.115,,,,,
20811,11/13/25 02:30:00,29.115,,,,,
20812,11/13/25 02:45:00,29.090,,,,,
20813,11/13/25 03:00:00,29.090,,,,,
20814,11/13/25 03:15:00,29.040,,,,,
20815,11/13/25 03:30:00,29.040,,,,,
20816,11/13/25 03:45:00,29.040,,,,,
20817,11/13/25 04:00:00,29.015,,,,,
20818,11/13/25 04:15:00,29.015,,,,,
20819,11/13/25 04:30:00,28.965,,,,,
20820,11/13/25 04:45:00,28.965,,,,,
20821,11/13/25 05:00:00,28.965,,,,,
20822,11/13/25 05:15:00,28.965,,,,,
20823,11/13/25 05:30:00,28.990,,,,,
20824,11/13/25 05:45:00,28.965,,,,,
20825,11/13/25 06:00:00,28.965,,,,,
20826,11/13/25 06:15:00,28.941,,,,,
20827,11/13/25 06:30:00,28.916,,,,,
20828,11/13/25 06:45:00,28.891,,,,,
20829,11/13/25 07:00:00,28.891,,,,,
20830,11/13/25 07:15:00,28.916,,,,,
20831,11/13/25 07:30:00,28.891,,,,,
20832,11/13/25 07:45:00,28.916,,,,,
20833,11/13/25 08:00:00,28.965,,,,,
20834,11/13/25 08:15:00,28.990,,,,,
20835,11/13/25 08:30:00,29.015,,,,,
20836,11/13/25 08:45:00,29.015,,,,,
20837,11/13/25 09:00:00,29.015,,,,,
20838,11/13/25 09:15:00,29.040,,,,,
20839,11/13/25 09:30:00,29.065,,,,,
20840,11/13/25 09:45:00,29.090,,,,,
20841,11/13/25 10:00:00,29.090,,,,,
20842,11/13/25 10:15:00,29.115,,,,,
20843,11/13/25 10:30:00,29.115,,,,,
20844,11/13/25 10:45:00,29.140,,,,,
20845,11/13/25 11:00:00,29.140,,,,,
20846,11/13/25 11:15:00,29.165,,,,,
20847,11/13/25 11:30:00,29.165,,,,,
20848,11/13/25 11:45:00,29.190,,,,,
20849,11/13/25 12:00:00,29.190,,,,,
20850,11/13/25 12:15:00,29.215,,,,,
20851,11/13/25 12:30:00,29.215,,,,,
20852,11/13/25 12:45:00,29.215,,,,,
20853,11/13/25 13:00:00,29.240,,,,,
20854,11/13/25 13:15:00,29.240,,,,,
20855,11/13/25 13:30:00,29.265,,,,,
20856,11/13/25 13:45:00,29.265,,,,,
20857,11/13/25 14:00:00,29.240,,,,,
20858,11/13/25 14:15:00,29.240,,,,,
20859,11/13/25 14:30:00,29.240,,,,,
20860,11/13/25 14:45:00,29.240,,,,,
20861,11/13/25 15:00:00,29.240,,,,,
20862,11/13/25 15:15:00,29.240,,,,,
20863,11/13/25 15:30:00,29.240,,,,,
20864,11/13/25 15:45:00,29.240,,,,,
20865,11/13/25 16:00:00,29.265,,,,,
20866,11/13/25 16:15:00,29.240,,,,,
20867,11/13/25 16:30:00,29.240,,,,,
20868,11/13/25 16:45:00,29.240,,,,,
20869,11/13/25 17:00:00,29.215,,,,,
20870,11/13/25 17:15:00,29.215,,,,,
20871,11/13/25 17:30:00,29.215,,,,,
20872,11/13/25 17:45:00,29.215,,,,,
20873,11/13/25 18:00:00,29.215,,,,,
20874,11/13/25 18:15:00,29.215,,,,,
20875,11/13/25 18:30:00,29.215,,,,,
20876,11/13/25 18:45:00,29.265,,,,,
20877,11/13/25 19:00:00,29.265,,,,,
20878,11/13/25 19:15:00,29.240,,,,,
20879,11/13/25 19:30:00,29.240,,,,,
20880,11/13/25 19:45:00,29.265,,,,,
20881,11/13/25 20:00:00,29.265,,,,,
20882,11/13/25 20:15:00,29.240,,,,,
20883,11/13/25 20:30:00,29.240,,,,,
20884,11/13/25 20:45:00,29.240,,,,,
20885,11/13/25 21:00:00,29.240,,,,,
20886,11/13/25 21:15:00,29.240,,,,,
20887,11/13/25 21:30:00,29.240,,,,,
20888,11/13/25 21:45:00,29.215,,,,,
20889,11/13/25 22:00:00,29.215,,,,,
20890,11/13/25 22:15:00,29.215,,,,,
20891,11/13/25 22:30:00,29.215,,,,,
20892,11/13/25 22:45:00,29.215,,,,,
20893,11/13/25 23:00:00,29.215,,,,,
20894,11/13/25 23:15:00,29.215,,,,,
20895,11/13/25 23:30:00,29.190,,,,,
20896,11/13/25 23:45:00,29.190,,,,,
20897,11/14/25 00:00:00,29.165,,,,,
20898,11/14/25 00:15:00,29.165,,,,,
20899,11/14/25 00:30:00,29.140,,,,,
20900,11/14/25 00:45:00,29.140,,,,,
20901,11/14/25 01:00:00,29.140,,,,,
20902,11/14/25 01:15:00,29.115,,,,,
20903,11/14/25 01:30:00,29.115,,,,,
20904,11/14/25 01:45:00,29.090,,,,,
20905,11/14/25 02:00:00,29.015,,,,,
20906,11/14/25 02:15:00,29.015,,,,,
20907,11/14/25 02:30:00,29.040,,,,,
20908,11/14/25 02:45:00,29.040,,,,,
20909,11/14/25 03:00:00,29.065,,,,,
20910,11/14/25 03:15:00,29.065,,,,,
20911,11/14/25 03:30:00,29.090,,,,,
20912,11/14/25 03:45:00,29.090,,,,,
20913,11/14/25 04:00:00,29.090,,,,,
20914,11/14/25 04:15:00,29.090,,,,,
20915,11/14/25 04:30:00,29.090,,,,,
20916,11/14/25 04:45:00,29.090,,,,,
20917,11/14/25 05:00:00,29.065,,,,,
20918,11/14/25 05:15:00,28.965,,,,,
20919,11/14/25 05:30:00,28.941,,,,,
20920,11/14/25 05:45:00,28.916,,,,,
20921,11/14/25 06:00:00,28.916,,,,,
20922,11/14/25 06:15:00,28.891,,,,,
20923,11/14/25 06:30:00,28.916,,,,,
20924,11/14/25 06:45:00,28.891,,,,,
20925,11/14/25 07:00:00,28.916,,,,,
20926,11/14/25 07:15:00,28.891,,,,,
20927,11/14/25 07:30:00,28.891,,,,,
20928,11/14/25 07:45:00,28.891,,,,,
20929,11/14/25 08:00:00,28.891,,,,,
20930,11/14/25 08:15:00,28.916,,,,,
20931,11/14/25 08:30:00,28.941,,,,,
20932,11/14/25 08:45:00,28.965,,,,,
20933,11/14/25 09:00:00,28.965,,,,,
20934,11/14/25 09:15:00,28.990,,,,,
20935,11/14/25 09:30:00,29.015,,,,,
20936,11/14/25 09:45:00,29.015,,,,,
20937,11/14/25 10:00:00,29.065,,,,,
20938,11/14/25 10:15:00,29.090,,,,,
20939,11/14/25 10:30:00,29.090,,,,,
20940,11/14/25 10:45:00,29.115,,,,,
20941,11/14/25 11:00:00,29.090,,,,,
20942,11/14/25 11:15:00,29.090,,,,,
20943,11/14/25 11:30:00,29.115,,,,,
20944,11/14/25 11:45:00,29.115,,,,,
20945,11/14/25 12:00:00,29.115,,,,,
20946,11/14/25 12:15:00,29.115,,,,,
20947,11/14/25 12:30:00,29.115,,,,,
20948,11/14/25 12:45:00,29.140,,,,,
20949,11/14/25 13:00:00,29.140,,,,,
20950,11/14/25 13:15:00,29.140,,,,,
20951,11/14/25 13:30:00,29.140,,,,,
20952,11/14/25 13:45:00,29.140,,,,,
20953,11/14/25 14:00:00,29.140,,,,,
20954,11/14/25 14:15:00,29.140,,,,,
20955,11/14/25 14:30:00,29.115,,,,,
20956,11/14/25 14:45:00,29.115,,,,,
20957,11/14/25 15:00:00,29.140,,,,,
20958,11/14/25 15:15:00,29.115,,,,,
20959,11/14/25 15:30:00,29.115,,,,,
20960,11/14/25 15:45:00,29.140,,,,,
20961,11/14/25 16:00:00,29.140,,,,,
20962,11/14/25 16:15:00,29.140,,,,,
20963,11/14/25 16:30:00,29.140,,,,,
20964,11/14/25 16:45:00,29.165,,,,,
20965,11/14/25 17:00:00,29.165,,,,,
20966,11/14/25 17:15:00,29.165,,,,,
20967,11/14/25 17:30:00,29.165,,,,,
20968,11/14/25 17:45:00,29.165,,,,,
20969,11/14/25 18:00:00,29.165,,,,,
20970,11/14/25 18:15:00,29.165,,,,,
20971,11/14/25 18:30:00,29.165,,,,,
20972,11/14/25 18:45:00,29.165,,,,,
20973,11/14/25 19:00:00,29.165,,,,,
20974,11/14/25 19:15:00,29.165,,,,,
20975,11/14/25 19:30:00,29.165,,,,,
20976,11/14/25 19:45:00,29.140,,,,,
20977,11/14/25 20:00:00,29.140,,,,,
20978,11/14/25 20:15:00,29.140,,,,,
20979,11/14/25 20:30:00,29.140,,,,,
20980,11/14/25 20:45:00,29.115,,,,,
20981,11/14/25 21:00:00,29.115,,,,,
20982,11/14/25 21:15:00,29.115,,,,,
20983,11/14/25 21:30:00,29.115,,,,,
20984,11/14/25 21:45:00,29.115,,,,,
20985,11/14/25 22:00:00,29.115,,,,,
20986,11/14/25 22:15:00,29.090,,,,,
20987,11/14/25 22:30:00,29.065,,,,,
20988,11/14/25 22:45:00,29.040,,,,,
20989,11/14/25 23:00:00,29.040,,,,,
20990,11/14/25 23:15:00,29.065,,,,,
20991,11/14/25 23:30:00,29.065,,,,,
20992,11/14/25 23:45:00,29.090,,,,,
20993,11/15/25 00:00:00,29.065,,,,,
20994,11/15/25 00:15:00,29.065,,,,,
20995,11/15/25 00:30:00,29.040,,,,,
20996,11/15/25 00:45:00,28.965,,,,,
20997,11/15/25 01:00:00,28.941,,,,,
20998,11/15/25 01:15:00,28.941,,,,,
20999,11/15/25 01:30:00,28.965,,,,,
21000,11/15/25 01:45:00,28.965,,,,,
21001,11/15/25 02:00:00,28.965,,,,,
21002,11/15/25 02:15:00,28.965,,,,,
21003,11/15/25 02:30:00,28.965,,,,,
21004,11/15/25 02:45:00,28.891,,,,,
21005,11/15/25 03:00:00,28.816,,,,,
21006,11/15/25 03:15:00,28.816,,,,,
21007,11/15/25 03:30:00,28.816,,,,,
21008,11/15/25 03:45:00,28.841,,,,,
21009,11/15/25 04:00:00,28.866,,,,,
21010,11/15/25 04:15:00,28.891,,,,,
21011,11/15/25 04:30:00,28.891,,,,,
21012,11/15/25 04:45:00,28.916,,,,,
21013,11/15/25 05:00:00,28.916,,,,,
21014,11/15/25 05:15:00,28.891,,,,,
21015,11/15/25 05:30:00,28.866,,,,,
21016,11/15/25 05:45:00,28.866,,,,,
21017,11/15/25 06:00:00,28.866,,,,,
21018,11/15/25 06:15:00,28.866,,,,,
21019,11/15/25 06:30:00,28.891,,,,,
21020,11/15/25 06:45:00,28.941,,,,,
21021,11/15/25 07:00:00,28.941,,,,,
21022,11/15/25 07:15:00,28.965,,,,,
21023,11/15/25 07:30:00,28.965,,,,,
21024,11/15/25 07:45:00,28.916,,,,,
21025,11/15/25 08:00:00,28.891,,,,,
21026,11/15/25 08:15:00,28.891,,,,,
21027,11/15/25 08:30:00,28.891,,,,,
21028,11/15/25 08:45:00,28.891,,,,,
21029,11/15/25 09:00:00,28.891,,,,,
21030,11/15/25 09:15:00,28.866,,,,,
21031,11/15/25 09:30:00,28.866,,,,,
21032,11/15/25 09:45:00,28.866,,,,,
21033,11/15/25 10:00:00,28.916,,,,,
21034,11/15/25 10:15:00,28.941,,,,,
21035,11/15/25 10:30:00,28.965,,,,,
21036,11/15/25 10:45:00,29.015,,,,,
21037,11/15/25 11:00:00,29.065,,,,,
21038,11/15/25 11:15:00,29.090,,,,,
21039,11/15/25 11:30:00,29.115,,,,,
21040,11/15/25 11:45:00,29.115,,,,,
21041,11/15/25 12:00:00,29.140,,,,,
21042,11/15/25 12:15:00,29.140,,,,,
21043,11/15/25 12:30:00,29.165,,,,,
21044,11/15/25 12:45:00,29.165,,,,,
21045,11/15/25 13:00:00,29.165,,,,,
21046,11/15/25 13:15:00,29.190,,,,,
21047,11/15/25 13:30:00,29.190,,,,,
21048,11/15/25 13:45:00,29.190,,,,,
21049,11/15/25 14:00:00,29.190,,,,,
21050,11/15/25 14:15:00,29.215,,,,,
21051,11/15/25 14:30:00,29.215,,,,,
21052,11/15/25 14:45:00,29.215,,,,,
21053,11/15/25 15:00:00,29.215,,,,,
21054,11/15/25 15:15:00,29.215,,,,,
21055,11/15/25 15:30:00,29.215,,,,,
21056,11/15/25 15:45:00,29.215,,,,,
21057,11/15/25 16:00:00,29.190,,,,,
21058,11/15/25 16:15:00,29.190,,,,,
21059,11/15/25 16:30:00,29.215,,,,,
21060,11/15/25 16:45:00,29.190,,,,,
21061,11/15/25 17:00:00,29.190,,,,,
21062,11/15/25 17:15:00,29.190,,,,,
21063,11/15/25 17:30:00,29.190,,,,,
21064,11/15/25 17:45:00,29.190,,,,,
21065,11/15/25 18:00:00,29.190,,,,,
21066,11/15/25 18:15:00,29.165,,,,,
21067,11/15/25 18:30:00,29.165,,,,,
21068,11/15/25 18:45:00,29.165,,,,,
21069,11/15/25 19:00:00,29.165,,,,,
21070,11/15/25 19:15:00,29.165,,,,,
21071,11/15/25 19:30:00,29.165,,,,,
21072,11/15/25 19:45:00,29.165,,,,,
21073,11/15/25 20:00:00,29.165,,,,,
21074,11/15/25 20:15:00,29.165,,,,,
21075,11/15/25 20:30:00,29.165,,,,,
21076,11/15/25 20:45:00,29.140,,,,,
21077,11/15/25 21:00:00,29.140,,,,,
21078,11/15/25 21:15:00,29.140,,,,,
21079,11/15/25 21:30:00,29.115,,,,,
21080,11/15/25 21:45:00,29.140,,,,,
21081,11/15/25 22:00:00,29.140,,,,,
21082,11/15/25 22:15:00,29.140,,,,,
21083,11/15/25 22:30:00,29.140,,,,,
21084,11/15/25 22:45:00,29.115,,,,,
21085,11/15/25 23:00:00,29.115,,,,,
21086,11/15/25 23:15:00,29.115,,,,,
21087,11/15/25 23:30:00,29.115,,,,,
21088,11/15/25 23:45:00,29.115,,,,,
21089,11/16/25 00:00:00,29.115,,,,,
21090,11/16/25 00:15:00,29.115,,,,,
21091,11/16/25 00:30:00,29.115,,,,,
21092,11/16/25 00:45:00,29.115,,,,,
21093,11/16/25 01:00:00,29.090,,,,,
21094,11/16/25 01:15:00,29.090,,,,,
21095,11/16/25 01:30:00,29.090,,,,,
21096,11/16/25 01:45:00,29.090,,,,,
21097,11/16/25 02:00:00,29.090,,,,,
21098,11/16/25 02:15:00,29.090,,,,,
21099,11/16/25 02:30:00,29.065,,,,,
21100,11/16/25 02:45:00,29.065,,,,,
21101,11/16/25 03:00:00,29.065,,,,,
21102,11/16/25 03:15:00,29.040,,,,,
21103,11/16/25 03:30:00,28.990,,,,,
21104,11/16/25 03:45:00,28.965,,,,,
21105,11/16/25 04:00:00,28.965,,,,,
21106,11/16/25 04:15:00,28.941,,,,,
21107,11/16/25 04:30:00,28.941,,,,,
21108,11/16/25 04:45:00,28.941,,,,,
21109,11/16/25 05:00:00,28.965,,,,,
21110,11/16/25 05:15:00,28.990,,,,,
21111,11/16/25 05:30:00,29.015,,,,,
21112,11/16/25 05:45:00,29.040,,,,,
21113,11/16/25 06:00:00,29.040,,,,,
21114,11/16/25 06:15:00,29.040,,,,,
21115,11/16/25 06:30:00,29.040,,,,,
21116,11/16/25 06:45:00,29.040,,,,,
21117,11/16/25 07:00:00,29.040,,,,,
21118,11/16/25 07:15:00,29.040,,,,,
21119,11/16/25 07:30:00,29.040,,,,,
21120,11/16/25 07:45:00,29.015,,,,,
21121,11/16/25 08:00:00,28.965,,,,,
21122,11/16/25 08:15:00,28.965,,,,,
21123,11/16/25 08:30:00,28.965,,,,,
21124,11/16/25 08:45:00,28.941,,,,,
21125,11/16/25 09:00:00,28.965,,,,,
21126,11/16/25 09:15:00,28.990,,,,,
21127,11/16/25 09:30:00,29.015,,,,,
21128,11/16/25 09:45:00,29.015,,,,,
21129,11/16/25 10:00:00,29.065,,,,,
21130,11/16/25 10:15:00,29.065,,,,,
21131,11/16/25 10:30:00,29.090,,,,,
21132,11/16/25 10:45:00,29.090,,,,,
21133,11/16/25 11:00:00,29.115,,,,,
21134,11/16/25 11:15:00,29.090,,,,,
21135,11/16/25 11:30:00,29.090,,,,,
21136,11/16/25 11:45:00,29.115,,,,,
21137,11/16/25 12:00:00,29.115,,,,,
21138,11/16/25 12:15:00,29.115,,,,,
21139,11/16/25 12:30:00,29.090,,,,,
21140,11/16/25 12:45:00,29.115,,,,,
21141,11/16/25 13:00:00,29.115,,,,,
21142,11/16/25 13:15:00,29.115,,,,,
21143,11/16/25 13:30:00,29.140,,,,,
21144,11/16/25 13:45:00,29.140,,,,,
21145,11/16/25 14:00:00,29.140,,,,,
21146,11/16/25 14:15:00,29.140,,,,,
21147,11/16/25 14:30:00,29.140,,,,,
21148,11/16/25 14:45:00,29.165,,,,,
21149,11/16/25 15:00:00,29.140,,,,,
21150,11/16/25 15:15:00,29.165,,,,,
21151,11/16/25 15:30:00,29.140,,,,,
21152,11/16/25 15:45:00,29.140,,,,,
21153,11/16/25 16:00:00,29.140,,,,,
21154,11/16/25 16:15:00,29.165,,,,,
21155,11/16/25 16:30:00,29.165,,,,,
21156,11/16/25 16:45:00,29.165,,,,,
21157,11/16/25 17:00:00,29.140,,,,,
21158,11/16/25 17:15:00,29.115,,,,,
21159,11/16/25 17:30:00,29.115,,,,,
21160,11/16/25 17:45:00,29.115,,,,,
21161,11/16/25 18:00:00,29.115,,,,,
21162,11/16/25 18:15:00,29.090,,,,,
21163,11/16/25 18:30:00,29.090,,,,,
21164,11/16/25 18:45:00,29.115,,,,,
21165,11/16/25 19:00:00,29.115,,,,,
21166,11/16/25 19:15:00,29.090,,,,,
21167,11/16/25 19:30:00,29.090,,,,,
21168,11/16/25 19:45:00,29.090,,,,,
21169,11/16/25 20:00:00,29.090,,,,,
21170,11/16/25 20:15:00,29.090,,,,,
21171,11/16/25 20:30:00,29.090,,,,,
21172,11/16/25 20:45:00,29.090,,,,,
21173,11/16/25 21:00:00,29.090,,,,,
21174,11/16/25 21:15:00,29.090,,,,,
21175,11/16/25 21:30:00,29.090,,,,,
21176,11/16/25 21:45:00,29.115,,,,,
21177,11/16/25 22:00:00,29.090,,,,,
21178,11/16/25 22:15:00,29.090,,,,,
21179,11/16/25 22:30:00,29.115,,,,,
21180,11/16/25 22:45:00,29.090,,,,,
21181,11/16/25 23:00:00,29.090,,,,,
21182,11/16/25 23:15:00,29.090,,,,,
21183,11/16/25 23:30:00,29.090,,,,,
21184,11/16/25 23:45:00,29.090,,,,,
21185,11/17/25 00:00:00,29.090,,,,,
21186,11/17/25 00:15:00,29.090,,,,,
21187,11/17/25 00:30:00,29.065,,,,,
21188,11/17/25 00:45:00,29.065,,,,,
21189,11/17/25 01:00:00,29.065,,,,,
21190,11/17/25 01:15:00,29.065,,,,,
21191,11/17/25 01:30:00,29.065,,,,,
21192,11/17/25 01:45:00,29.065,,,,,
21193,11/17/25 02:00:00,29.040,,,,,
21194,11/17/25 02:15:00,29.040,,,,,
21195,11/17/25 02:30:00,29.040,,,,,
21196,11/17/25 02:45:00,29.040,,,,,
21197,11/17/25 03:00:00,29.015,,,,,
21198,11/17/25 03:15:00,29.015,,,,,
21199,11/17/25 03:30:00,29.015,,,,,
21200,11/17/25 03:45:00,28.990,,,,,
21201,11/17/25 04:00:00,28.965,,,,,
21202,11/17/25 04:15:00,28.965,,,,,
21203,11/17/25 04:30:00,28.965,,,,,
21204,11/17/25 04:45:00,28.941,,,,,
21205,11/17/25 05:00:00,28.916,,,,,
21206,11/17/25 05:15:00,28.866,,,,,
21207,11/17/25 05:30:00,28.841,,,,,
21208,11/17/25 05:45:00,28.816,,,,,
21209,11/17/25 06:00:00,28.866,,,,,
21210,11/17/25 06:15:00,28.866,,,,,
21211,11/17/25 06:30:00,28.891,,,,,
21212,11/17/25 06:45:00,28.916,,,,,
21213,11/17/25 07:00:00,28.965,,,,,
21214,11/17/25 07:15:00,28.990,,,,,
21215,11/17/25 07:30:00,29.015,,,,,
21216,11/17/25 07:45:00,29.065,,,,,
21217,11/17/25 08:00:00,29.090,,,,,
21218,11/17/25 08:15:00,29.090,,,,,
21219,11/17/25 08:30:00,29.115,,,,,
21220,11/17/25 08:45:00,29.115,,,,,
21221,11/17/25 09:00:00,29.115,,,,,
21222,11/17/25 09:15:00,29.115,,,,,
21223,11/17/25 09:30:00,29.115,,,,,
21224,11/17/25 09:45:00,29.115,,,,,
21225,11/17/25 10:00:00,29.140,,,,,
21226,11/17/25 10:15:00,29.140,,,,,
21227,11/17/25 10:30:00,29.140,,,,,
21228,11/17/25 10:45:00,29.165,,,,,
21229,11/17/25 11:00:00,29.165,,,,,
21230,11/17/25 11:15:00,29.165,,,,,
21231,11/17/25 11:30:00,29.215,,,,,
21232,11/17/25 11:45:00,29.315,,,,,
21233,11/17/25 12:00:00,29.365,,,,,
21234,11/17/25 12:15:00,29.365,,,,,
21235,11/17/25 12:30:00,29.315,,,,,
21236,11/17/25 12:45:00,29.240,,,,,
21237,11/17/25 13:00:00,29.190,,,,,
21238,11/17/25 13:15:00,29.165,,,,,
21239,11/17/25 13:30:00,29.190,,,,,
21240,11/17/25 13:45:00,29.190,,,,,
21241,11/17/25 14:00:00,29.190,,,,,
21242,11/17/25 14:15:00,29.190,,,,,
21243,11/17/25 14:30:00,29.190,,,,,
21244,11/17/25 14:45:00,29.190,,,,,
21245,11/17/25 15:00:00,29.190,,,,,
21246,11/17/25 15:15:00,29.190,,,,,
21247,11/17/25 15:30:00,29.190,,,,,
21248,11/17/25 15:45:00,29.190,,,,,
21249,11/17/25 16:00:00,29.165,,,,,
21250,11/17/25 16:15:00,29.165,,,,,
21251,11/17/25 16:30:00,29.165,,,,,
21252,11/17/25 16:45:00,29.165,,,,,
21253,11/17/25 17:00:00,29.165,,,,,
21254,11/17/25 17:15:00,29.165,,,,,
21255,11/17/25 17:30:00,29.190,,,,,
21256,11/17/25 17:45:00,29.190,,,,,
21257,11/17/25 18:00:00,29.190,,,,,
21258,11/17/25 18:15:00,29.190,,,,,
21259,11/17/25 18:30:00,29.190,,,,,
21260,11/17/25 18:45:00,29.190,,,,,
21261,11/17/25 19:00:00,29.165,,,,,
21262,11/17/25 19:15:00,29.165,,,,,
21263,11/17/25 19:30:00,29.165,,,,,
21264,11/17/25 19:45:00,29.165,,,,,
21265,11/17/25 20:00:00,29.165,,,,,
21266,11/17/25 20:15:00,29.140,,,,,
21267,11/17/25 20:30:00,29.165,,,,,
21268,11/17/25 20:45:00,29.140,,,,,
21269,11/17/25 21:00:00,29.165,,,,,
21270,11/17/25 21:15:00,29.140,,,,,
21271,11/17/25 21:30:00,29.140,,,,,
21272,11/17/25 21:45:00,29.165,,,,,
21273,11/17/25 22:00:00,29.165,,,,,
21274,11/17/25 22:15:00,29.165,,,,,
21275,11/17/25 22:30:00,29.090,,,,,
21276,11/17/25 22:45:00,29.090,,,,,
21277,11/17/25 23:00:00,29.140,,,,,
21278,11/17/25 23:15:00,29.140,,,,,
21279,11/17/25 23:30:00,29.140,,,,,
21280,11/17/25 23:45:00,29.115,,,,,
21281,11/18/25 00:00:00,29.165,,,,,
21282,11/18/25 00:15:00,29.190,,,,,
21283,11/18/25 00:30:00,29.190,,,,,
21284,11/18/25 00:45:00,29.140,,,,,
21285,11/18/25 01:00:00,29.065,,,,,
21286,11/18/25 01:15:00,29.115,,,,,
21287,11/18/25 01:30:00,29.215,,,,,
21288,11/18/25 01:45:00,29.215,,,,,
21289,11/18/25 02:00:00,29.190,,,,,
21290,11/18/25 02:15:00,28.916,,,,,
21291,11/18/25 02:30:00,28.866,,,,,
21292,11/18/25 02:45:00,28.866,,,,,
21293,11/18/25 03:00:00,28.841,,,,,
21294,11/18/25 03:15:00,28.866,,,,,
21295,11/18/25 03:30:00,28.941,,,,,
21296,11/18/25 03:45:00,28.916,,,,,
21297,11/18/25 04:00:00,28.891,,,,,
21298,11/18/25 04:15:00,28.891,,,,,
21299,11/18/25 04:30:00,28.891,,,,,
21300,11/18/25 04:45:00,28.866,,,,,
21301,11/18/25 05:00:00,28.841,,,,,
21302,11/18/25 05:15:00,28.816,,,,,
21303,11/18/25 05:30:00,28.841,,,,,
21304,11/18/25 05:45:00,28.841,,,,,
21305,11/18/25 06:00:00,28.841,,,,,
21306,11/18/25 06:15:00,28.791,,,,,
21307,11/18/25 06:30:00,28.766,,,,,
21308,11/18/25 06:45:00,28.742,,,,,
21309,11/18/25 07:00:00,28.766,,,,,
21310,11/18/25 07:15:00,28.791,,,,,
21311,11/18/25 07:30:00,28.816,,,,,
21312,11/18/25 07:45:00,28.866,,,,,
21313,11/18/25 08:00:00,28.916,,,,,
21314,11/18/25 08:15:00,28.990,,,,,
21315,11/18/25 08:30:00,29.015,,,,,
21316,11/18/25 08:45:00,29.015,,,,,
21317,11/18/25 09:00:00,29.015,,,,,
21318,11/18/25 09:15:00,29.040,,,,,
21319,11/18/25 09:30:00,29.065,,,,,
21320,11/18/25 09:45:00,29.065,,,,,
21321,11/18/25 10:00:00,29.065,,,,,
21322,11/18/25 10:15:00,29.090,,,,,
21323,11/18/25 10:30:00,29.090,,,,,
21324,11/18/25 10:45:00,29.090,,,,,
21325,11/18/25 11:00:00,29.090,,,,,
21326,11/18/25 11:15:00,29.090,,,,,
21327,11/18/25 11:30:00,29.065,,,,,
21328,11/18/25 11:45:00,29.090,,,,,
21329,11/18/25 12:00:00,29.090,,,,,
21330,11/18/25 12:15:00,29.215,,,,,
21331,11/18/25 12:30:00,29.190,,,,,
21332,11/18/25 12:45:00,29.215,,,,,
21333,11/18/25 13:00:00,29.240,,,,,
21334,11/18/25 13:15:00,29.215,,,,,
21335,11/18/25 13:30:00,29.215,,,,,
21336,11/18/25 13:45:00,29.190,,,,,
21337,11/18/25 14:00:00,29.140,,,,,
21338,11/18/25 14:15:00,29.115,,,,,
21339,11/18/25 14:30:00,29.115,,,,,
21340,11/18/25 14:45:00,29.115,,,,,
21341,11/18/25 15:00:00,29.115,,,,,
21342,11/18/25 15:15:00,29.115,,,,,
21343,11/18/25 15:30:00,29.115,,,,,
21344,11/18/25 15:45:00,29.115,,,,,
21345,11/18/25 16:00:00,29.115,,,,,
21346,11/18/25 16:15:00,29.115,,,,,
21347,11/18/25 16:30:00,29.115,,,,,
21348,11/18/25 16:45:00,29.115,,,,,
21349,11/18/25 17:00:00,29.115,,,,,
21350,11/18/25 17:15:00,29.090,,,,,
21351,11/18/25 17:30:00,29.090,,,,,
21352,11/18/25 17:45:00,29.090,,,,,
21353,11/18/25 18:00:00,29.090,,,,,
21354,11/18/25 18:15:00,29.090,,,,,
21355,11/18/25 18:30:00,29.065,,,,,
21356,11/18/25 18:45:00,29.065,,,,,
21357,11/18/25 19:00:00,29.065,,,,,
21358,11/18/25 19:15:00,29.040,,,,,
21359,11/18/25 19:30:00,29.065,,,,,
21360,11/18/25 19:45:00,29.040,,,,,
21361,11/18/25 20:00:00,29.040,,,,,
21362,11/18/25 20:15:00,29.040,,,,,
21363,11/18/25 20:30:00,29.040,,,,,
21364,11/18/25 20:45:00,29.040,,,,,
21365,11/18/25 21:00:00,29.040,,,,,
21366,11/18/25 21:15:00,29.065,,,,,
21367,11/18/25 21:30:00,29.090,,,,,
21368,11/18/25 21:45:00,29.090,,,,,
21369,11/18/25 22:00:00,29.090,,,,,
21370,11/18/25 22:15:00,29.065,,,,,
21371,11/18/25 22:30:00,29.065,,,,,
21372,11/18/25 22:45:00,28.990,,,,,
21373,11/18/25 23:00:00,28.941,,,,,
21374,11/18/25 23:15:00,28.941,,,,,
21375,11/18/25 23:30:00,28.916,,,,,
21376,11/18/25 23:45:00,28.891,,,,,
21377,11/19/25 00:00:00,28.866,,,,,
21378,11/19/25 00:15:00,28.891,,,,,
21379,11/19/25 00:30:00,28.941,,,,,
21380,11/19/25 00:45:00,28.941,,,,,
21381,11/19/25 01:00:00,28.941,,,,,
21382,11/19/25 01:15:00,28.916,,,,,
21383,11/19/25 01:30:00,28.916,,,,,
21384,11/19/25 01:45:00,28.866,,,,,
21385,11/19/25 02:00:00,28.841,,,,,
21386,11/19/25 02:15:00,28.866,,,,,
21387,11/19/25 02:30:00,28.866,,,,,
21388,11/19/25 02:45:00,28.866,,,,,
21389,11/19/25 03:00:00,28.866,,,,,
21390,11/19/25 03:15:00,28.866,,,,,
21391,11/19/25 03:30:00,28.866,,,,,
21392,11/19/25 03:45:00,28.841,,,,,
21393,11/19/25 04:00:00,28.816,,,,,
21394,11/19/25 04:15:00,28.766,,,,,
21395,11/19/25 04:30:00,28.717,,,,,
21396,11/19/25 04:45:00,28.692,,,,,
21397,11/19/25 05:00:00,28.667,,,,,
21398,11/19/25 05:15:00,28.692,,,,,
21399,11/19/25 05:30:00,28.692,,,,,
21400,11/19/25 05:45:00,28.717,,,,,
21401,11/19/25 06:00:00,28.742,,,,,
21402,11/19/25 06:15:00,28.766,,,,,
21403,11/19/25 06:30:00,28.816,,,,,
21404,11/19/25 06:45:00,28.841,,,,,
21405,11/19/25 07:00:00,28.841,,,,,
21406,11/19/25 07:15:00,28.866,,,,,
21407,11/19/25 07:30:00,28.891,,,,,
21408,11/19/25 07:45:00,28.891,,,,,
21409,11/19/25 08:00:00,28.891,,,,,
21410,11/19/25 08:15:00,28.891,,,,,
21411,11/19/25 08:30:00,28.891,,,,,
21412,11/19/25 08:45:00,28.916,,,,,
21413,11/19/25 09:00:00,28.916,,,,,
21414,11/19/25 09:15:00,28.916,,,,,
21415,11/19/25 09:30:00,28.916,,,,,
21416,11/19/25 09:45:00,28.916,,,,,
21417,11/19/25 10:00:00,28.916,,,,,
21418,11/19/25 10:15:00,28.941,,,,,
21419,11/19/25 10:30:00,28.891,,,,,
21420,11/19/25 10:45:00,28.916,,,,,
21421,11/19/25 11:00:00,28.941,,,,,
21422,11/19/25 11:15:00,28.990,,,,,
21423,11/19/25 11:30:00,28.990,,,,,
21424,11/19/25 11:45:00,29.015,,,,,
21425,11/19/25 12:00:00,29.015,,,,,
21426,11/19/25 12:15:00,29.040,,,,,
21427,11/19/25 12:30:00,29.040,,,,,
21428,11/19/25 12:45:00,29.065,,,,,
21429,11/19/25 13:00:00,29.065,,,,,
21430,11/19/25 13:15:00,29.065,,,,,
21431,11/19/25 13:30:00,29.090,,,,,
21432,11/19/25 13:45:00,29.090,,,,,
21433,11/19/25 14:00:00,29.090,,,,,
21434,11/19/25 14:15:00,29.090,,,,,
21435,11/19/25 14:30:00,29.115,,,,,
21436,11/19/25 14:45:00,29.115,,,,,
21437,11/19/25 15:00:00,29.115,,,,,
21438,11/19/25 15:15:00,29.115,,,,,
21439,11/19/25 15:30:00,29.115,,,,,
21440,11/19/25 15:45:00,29.115,,,,,
21441,11/19/25 16:00:00,29.115,,,,,
21442,11/19/25 16:15:00,29.115,,,,,
21443,11/19/25 16:30:00,29.115,,,,,
21444,11/19/25 16:45:00,29.115,,,,,
21445,11/19/25 17:00:00,29.115,,,,,
21446,11/19/25 17:15:00,29.115,,,,,
21447,11/19/25 17:30:00,29.115,,,,,
21448,11/19/25 17:45:00,29.115,,,,,
21449,11/19/25 18:00:00,29.115,,,,,
21450,11/19/25 18:15:00,29.115,,,,,
21451,11/19/25 18:30:00,29.115,,,,,
21452,11/19/25 18:45:00,29.115,,,,,
21453,11/19/25 19:00:00,29.115,,,,,
21454,11/19/25 19:15:00,29.115,,,,,
21455,11/19/25 19:30:00,29.090,,,,,
21456,11/19/25 19:45:00,29.090,,,,,
21457,11/19/25 20:00:00,29.090,,,,,
21458,11/19/25 20:15:00,29.065,,,,,
21459,11/19/25 20:30:00,29.065,,,,,
21460,11/19/25 20:45:00,29.065,,,,,
21461,11/19/25 21:00:00,29.065,,,,,
21462,11/19/25 21:15:00,28.990,,,,,
21463,11/19/25 21:30:00,28.941,,,,,
21464,11/19/25 21:45:00,28.965,,,,,
21465,11/19/25 22:00:00,28.990,,,,,
21466,11/19/25 22:15:00,29.015,,,,,
21467,11/19/25 22:30:00,29.015,,,,,
21468,11/19/25 22:45:00,28.941,,,,,
21469,11/19/25 23:00:00,28.891,,,,,
21470,11/19/25 23:15:00,28.891,,,,,
21471,11/19/25 23:30:00,28.891,,,,,
21472,11/19/25 23:45:00,28.941,,,,,
21473,11/20/25 00:00:00,28.990,,,,,
21474,11/20/25 00:15:00,28.990,,,,,
21475,11/20/25 00:30:00,28.990,,,,,
21476,11/20/25 00:45:00,28.990,,,,,
21477,11/20/25 01:00:00,28.941,,,,,
21478,11/20/25 01:15:00,28.916,,,,,
21479,11/20/25 01:30:00,28.916,,,,,
21480,11/20/25 01:45:00,28.941,,,,,
21481,11/20/25 02:00:00,28.941,,,,,
21482,11/20/25 02:15:00,28.965,,,,,
21483,11/20/25 02:30:00,28.965,,,,,
21484,11/20/25 02:45:00,28.965,,,,,
21485,11/20/25 03:00:00,28.965,,,,,
21486,11/20/25 03:15:00,28.965,,,,,
21487,11/20/25 03:30:00,28.965,,,,,
21488,11/20/25 03:45:00,28.990,,,,,
21489,11/20/25 04:00:00,28.990,,,,,
21490,11/20/25 04:15:00,28.990,,,,,
21491,11/20/25 04:30:00,28.990,,,,,
21492,11/20/25 04:45:00,28.990,,,,,
21493,11/20/25 05:00:00,28.990,,,,,
21494,11/20/25 05:15:00,28.990,,,,,
21495,11/20/25 05:30:00,28.990,,,,,
21496,11/20/25 05:45:00,29.015,,,,,
21497,11/20/25 06:00:00,29.015,,,,,
21498,11/20/25 06:15:00,29.040,,,,,
21499,11/20/25 06:30:00,29.090,,,,,
21500,11/20/25 06:45:00,29.090,,,,,
21501,11/20/25 07:00:00,29.115,,,,,
21502,11/20/25 07:15:00,29.140,,,,,
21503,11/20/25 07:30:00,29.115,,,,,
21504,11/20/25 07:45:00,29.065,,,,,
21505,11/20/25 08:00:00,29.065,,,,,
21506,11/20/25 08:15:00,29.065,,,,,
21507,11/20/25 08:30:00,29.065,,,,,
21508,11/20/25 08:45:00,29.040,,,,,
21509,11/20/25 09:00:00,29.040,,,,,
21510,11/20/25 09:15:00,29.040,,,,,
21511,11/20/25 09:30:00,29.040,,,,,
21512,11/20/25 09:45:00,29.040,,,,,
21513,11/20/25 10:00:00,29.040,,,,,
21514,11/20/25 10:15:00,29.065,,,,,
21515,11/20/25 10:30:00,29.065,,,,,
21516,11/20/25 10:45:00,29.065,,,,,
21517,11/20/25 11:00:00,29.090,,,,,
21518,11/20/25 11:15:00,29.090,,,,,
21519,11/20/25 11:30:00,29.090,,,,,
21520,11/20/25 11:45:00,29.090,,,,,
21521,11/20/25 12:00:00,29.090,,,,,
21522,11/20/25 12:15:00,29.090,,,,,
21523,11/20/25 12:30:00,29.090,,,,,
21524,11/20/25 12:45:00,29.090,,,,,
21525,11/20/25 13:00:00,29.090,,,,,
21526,11/20/25 13:15:00,29.115,,,,,
21527,11/20/25 13:30:00,29.115,,,,,
21528,11/20/25 13:45:00,29.090,,,,,
21529,11/20/25 14:00:00,29.065,,,,,
21530,11/20/25 14:15:00,29.040,,,,,
21531,11/20/25 14:30:00,29.040,,,,,
21532,11/20/25 14:45:00,29.040,,,,,
21533,11/20/25 15:00:00,29.065,,,,,
21534,11/20/25 15:15:00,29.065,,,,,
21535,11/20/25 15:30:00,29.040,,,,,
21536,11/20/25 15:45:00,29.040,,,,,
21537,11/20/25 16:00:00,29.040,,,,,
21538,11/20/25 16:15:00,29.040,,,,,
21539,11/20/25 16:30:00,29.040,,,,,
21540,11/20/25 16:45:00,29.040,,,,,
21541,11/20/25 17:00:00,29.040,,,,,
21542,11/20/25 17:15:00,29.040,,,,,
21543,11/20/25 17:30:00,29.040,,,,,
21544,11/20/25 17:45:00,29.040,,,,,
21545,11/20/25 18:00:00,29.040,,,,,
21546,11/20/25 18:15:00,29.040,,,,,
21547,11/20/25 18:30:00,29.040,,,,,
21548,11/20/25 18:45:00,29.040,,,,,
21549,11/20/25 19:00:00,29.015,,,,,
21550,11/20/25 19:15:00,28.990,,,,,
21551,11/20/25 19:30:00,29.015,,,,,
21552,11/20/25 19:45:00,29.015,,,,,
21553,11/20/25 20:00:00,29.040,,,,,
21554,11/20/25 20:15:00,29.040,,,,,
21555,11/20/25 20:30:00,29.040,,,,,
21556,11/20/25 20:45:00,29.065,,,,,
21557,11/20/25 21:00:00,29.040,,,,,
21558,11/20/25 21:15:00,29.040,,,,,
21559,11/20/25 21:30:00,29.040,,,,,
21560,11/20/25 21:45:00,29.015,,,,,
21561,11/20/25 22:00:00,29.015,,,,,
21562,11/20/25 22:15:00,29.015,,,,,
21563,11/20/25 22:30:00,29.015,,,,,
21564,11/20/25 22:45:00,29.015,,,,,
21565,11/20/25 23:00:00,29.015,,,,,
21566,11/20/25 23:15:00,29.015,,,,,
21567,11/20/25 23:30:00,29.015,,,,,
21568,11/20/25 23:45:00,29.015,,,,,
21569,11/21/25 00:00:00,29.015,,,,,
21570,11/21/25 00:15:00,29.015,,,,,
21571,11/21/25 00:30:00,29.015,,,,,
21572,11/21/25 00:45:00,29.015,,,,,
21573,11/21/25 01:00:00,28.990,,,,,
21574,11/21/25 01:15:00,28.965,,,,,
21575,11/21/25 01:30:00,28.990,,,,,
21576,11/21/25 01:45:00,28.990,,,,,
21577,11/21/25 02:00:00,28.990,,,,,
21578,11/21/25 02:15:00,28.941,,,,,
21579,11/21/25 02:30:00,28.866,,,,,
21580,11/21/25 02:45:00,28.816,,,,,
21581,11/21/25 03:00:00,28.816,,,,,
21582,11/21/25 03:15:00,28.816,,,,,
21583,11/21/25 03:30:00,28.816,,,,,
21584,11/21/25 03:45:00,28.816,,,,,
21585,11/21/25 04:00:00,28.816,,,,,
21586,11/21/25 04:15:00,28.866,,,,,
21587,11/21/25 04:30:00,28.891,,,,,
21588,11/21/25 04:45:00,29.015,,,,,
21589,11/21/25 05:00:00,29.065,,,,,
21590,11/21/25 05:15:00,29.065,,,,,
21591,11/21/25 05:30:00,29.040,,,,,
21592,11/21/25 05:45:00,29.015,,,,,
21593,11/21/25 06:00:00,28.965,,,,,
21594,11/21/25 06:15:00,28.941,,,,,
21595,11/21/25 06:30:00,28.941,,,,,
21596,11/21/25 06:45:00,28.941,,,,,
21597,11/21/25 07:00:00,28.916,,,,,
21598,11/21/25 07:15:00,28.916,,,,,
21599,11/21/25 07:30:00,28.916,,,,,
21600,11/21/25 07:45:00,28.916,,,,,
21601,11/21/25 08:00:00,28.941,,,,,
21602,11/21/25 08:15:00,28.990,,,,,
21603,11/21/25 08:30:00,28.941,,,,,
21604,11/21/25 08:45:00,28.916,,,,,
21605,11/21/25 09:00:00,28.891,,,,,
21606,11/21/25 09:15:00,28.891,,,,,
21607,11/21/25 09:30:00,28.891,,,,,
21608,11/21/25 09:45:00,28.891,,,,,
21609,11/21/25 10:00:00,28.891,,,,,
21610,11/21/25 10:15:00,28.916,,,,,
21611,11/21/25 10:30:00,28.916,,,,,
21612,11/21/25 10:45:00,28.916,,,,,
21613,11/21/25 11:00:00,28.916,,,,,
21614,11/21/25 11:15:00,28.941,,,,,
21615,11/21/25 11:30:00,28.941,,,,,
21616,11/21/25 11:45:00,28.965,,,,,
21617,11/21/25 12:00:00,28.965,,,,,
21618,11/21/25 12:15:00,28.990,,,,,
21619,11/21/25 12:30:00,28.990,,,,,
21620,11/21/25 12:45:00,29.015,,,,,
21621,11/21/25 13:00:00,29.015,,,,,
21622,11/21/25 13:15:00,29.015,,,,,
21623,11/21/25 13:30:00,29.015,,,,,
21624,11/21/25 13:45:00,29.015,,,,,
21625,11/21/25 14:00:00,29.040,,,,,
21626,11/21/25 14:15:00,29.040,,,,,
21627,11/21/25 14:30:00,29.040,,,,,
21628,11/21/25 14:45:00,29.040,,,,,
21629,11/21/25 15:00:00,29.040,,,,,
21630,11/21/25 15:15:00,29.040,,,,,
21631,11/21/25 15:30:00,29.065,,,,,
21632,11/21/25 15:45:00,29.065,,,,,
21633,11/21/25 16:00:00,29.065,,,,,
21634,11/21/25 16:15:00,29.040,,,,,
21635,11/21/25 16:30:00,29.040,,,,,
21636,11/21/25 16:45:00,29.040,,,,,
21637,11/21/25 17:00:00,29.040,,,,,
21638,11/21/25 17:15:00,29.040,,,,,
21639,11/21/25 17:30:00,29.040,,,,,
21640,11/21/25 17:45:00,29.015,,,,,
21641,11/21/25 18:00:00,29.015,,,,,
21642,11/21/25 18:15:00,29.015,,,,,
21643,11/21/25 18:30:00,28.990,,,,,
21644,11/21/25 18:45:00,28.990,,,,,
21645,11/21/25 19:00:00,29.015,,,,,
21646,11/21/25 19:15:00,29.015,,,,,
21647,11/21/25 19:30:00,29.015,,,,,
21648,11/21/25 19:45:00,29.015,,,,,
21649,11/21/25 20:00:00,29.015,,,,,
21650,11/21/25 20:15:00,29.015,,,,,
21651,11/21/25 20:30:00,29.015,,,,,
21652,11/21/25 20:45:00,29.015,,,,,
21653,11/21/25 21:00:00,28.990,,,,,
21654,11/21/25 21:15:00,28.990,,,,,
21655,11/21/25 21:30:00,28.990,,,,,
21656,11/21/25 21:45:00,28.965,,,,,
21657,11/21/25 22:00:00,28.965,,,,,
21658,11/21/25 22:15:00,28.965,,,,,
21659,11/21/25 22:30:00,28.941,,,,,
21660,11/21/25 22:45:00,28.941,,,,,
21661,11/21/25 23:00:00,28.941,,,,,
21662,11/21/25 23:15:00,28.916,,,,,
21663,11/21/25 23:30:00,28.916,,,,,
21664,11/21/25 23:45:00,28.791,,,,,
21665,11/22/25 00:00:00,28.717,,,,,
21666,11/22/25 00:15:00,28.717,,,,,
21667,11/22/25 00:30:00,28.717,,,,,
21668,11/22/25 00:45:00,28.742,,,,,
21669,11/22/25 01:00:00,28.742,,,,,
21670,11/22/25 01:15:00,28.742,,,,,
21671,11/22/25 01:30:00,28.742,,,,,
21672,11/22/25 01:45:00,28.742,,,,,
21673,11/22/25 02:00:00,28.742,,,,,
21674,11/22/25 02:15:00,28.692,,,,,
21675,11/22/25 02:30:00,28.667,,,,,
21676,11/22/25 02:45:00,28.667,,,,,
21677,11/22/25 03:00:00,28.667,,,,,
21678,11/22/25 03:15:00,28.642,,,,,
21679,11/22/25 03:30:00,28.593,,,,,
21680,11/22/25 03:45:00,28.593,,,,,
21681,11/22/25 04:00:00,28.568,,,,,
21682,11/22/25 04:15:00,28.543,,,,,
21683,11/22/25 04:30:00,28.568,,,,,
21684,11/22/25 04:45:00,28.617,,,,,
21685,11/22/25 05:00:00,28.617,,,,,
21686,11/22/25 05:15:00,28.642,,,,,
21687,11/22/25 05:30:00,28.742,,,,,
21688,11/22/25 05:45:00,28.791,,,,,
21689,11/22/25 06:00:00,28.791,,,,,
21690,11/22/25 06:15:00,28.791,,,,,
21691,11/22/25 06:30:00,28.891,,,,,
21692,11/22/25 06:45:00,28.941,,,,,
21693,11/22/25 07:00:00,28.965,,,,,
21694,11/22/25 07:15:00,28.941,,,,,
21695,11/22/25 07:30:00,28.891,,,,,
21696,11/22/25 07:45:00,28.916,,,,,
21697,11/22/25 08:00:00,28.866,,,,,
21698,11/22/25 08:15:00,28.841,,,,,
21699,11/22/25 08:30:00,28.841,,,,,
21700,11/22/25 08:45:00,28.841,,,,,
21701,11/22/25 09:00:00,28.866,,,,,
21702,11/22/25 09:15:00,28.891,,,,,
21703,11/22/25 09:30:00,28.916,,,,,
21704,11/22/25 09:45:00,28.941,,,,,
21705,11/22/25 10:00:00,28.941,,,,,
21706,11/22/25 10:15:00,28.965,,,,,
21707,11/22/25 10:30:00,28.941,,,,,
21708,11/22/25 10:45:00,28.941,,,,,
21709,11/22/25 11:00:00,28.941,,,,,
21710,11/22/25 11:15:00,28.965,,,,,
21711,11/22/25 11:30:00,28.965,,,,,
21712,11/22/25 11:45:00,28.941,,,,,
21713,11/22/25 12:00:00,28.965,,,,,
21714,11/22/25 12:15:00,28.965,,,,,
21715,11/22/25 12:30:00,28.965,,,,,
21716,11/22/25 12:45:00,28.941,,,,,
21717,11/22/25 13:00:00,26.891,,,,,
21718,11/22/25 13:15:00,25.574,,,,,
21719,11/22/25 13:30:00,25.793,,,,,
21720,11/22/25 13:45:00,26.304,,,,,
21721,11/22/25 14:00:00,26.646,,,,,
21722,11/22/25 14:15:00,27.284,,,,,
21723,11/22/25 14:30:00,27.259,,,,,
21724,11/22/25 14:45:00,27.087,,,,,
21725,11/22/25 15:00:00,26.891,,,,,
21726,11/22/25 15:15:00,27.038,,,,,
21727,11/22/25 15:30:00,26.989,,,,,
21728,11/22/25 15:45:00,26.989,,,,,
21729,11/22/25 16:00:00,26.891,,,,,
21730,11/22/25 16:15:00,26.769,,,,,
21731,11/22/25 16:30:00,25.987,,,,,
21732,11/22/25 16:45:00,26.695,,,,,
21733,11/22/25 17:00:00,23.448,,,,,
21734,11/22/25 17:15:00,23.184,,,,,
21735,11/22/25 17:30:00,22.992,,,,,
21736,11/22/25 17:45:00,22.800,,,,,
21737,11/22/25 18:00:00,22.609,,,,,
21738,11/22/25 18:15:00,22.489,,,,,
21739,11/22/25 18:30:00,22.345,,,,,
21740,11/22/25 18:45:00,22.298,,,,,
21741,11/22/25 19:00:00,22.226,,,,,
21742,11/22/25 19:15:00,22.130,,,,,
21743,11/22/25 19:30:00,22.082,,,,,
21744,11/22/25 19:45:00,22.011,,,,,
21745,11/22/25 20:00:00,21.915,,,,,
21746,11/22/25 20:15:00,21.843,,,,,
21747,11/22/25 20:30:00,21.772,,,,,
21748,11/22/25 20:45:00,21.724,,,,,
21749,11/22/25 21:00:00,21.676,,,,,
21750,11/22/25 21:15:00,21.581,,,,,
21751,11/22/25 21:30:00,21.533,,,,,
21752,11/22/25 21:45:00,21.485,,,,,
21753,11/22/25 22:00:00,21.437,,,,,
21754,11/22/25 22:15:00,21.413,,,,,
21755,11/22/25 22:30:00,21.437,,,,,
21756,11/22/25 22:45:00,21.485,,,,,
21757,11/22/25 23:00:00,21.533,,,,,
21758,11/22/25 23:15:00,21.604,,,,,
21759,11/22/25 23:30:00,21.652,,,,,
21760,11/22/25 23:45:00,21.724,,,,,
21761,11/23/25 00:00:00,21.795,,,,,
21762,11/23/25 00:15:00,21.843,,,,,
21763,11/23/25 00:30:00,21.915,,,,,
21764,11/23/25 00:45:00,21.987,,,,,
21765,11/23/25 01:00:00,22.058,,,,,
21766,11/23/25 01:15:00,22.130,,,,,
21767,11/23/25 01:30:00,22.202,,,,,
21768,11/23/25 01:45:00,22.274,,,,,
21769,11/23/25 02:00:00,22.345,,,,,
21770,11/23/25 02:15:00,22.417,,,,,
21771,11/23/25 02:30:00,22.489,,,,,
21772,11/23/25 02:45:00,22.561,,,,,
21773,11/23/25 03:00:00,22.609,,,,,
21774,11/23/25 03:15:00,22.633,,,,,
21775,11/23/25 03:30:00,22.681,,,,,
21776,11/23/25 03:45:00,22.705,,,,,
21777,11/23/25 04:00:00,22.753,,,,,
21778,11/23/25 04:15:00,22.776,,,,,
21779,11/23/25 04:30:00,22.800,,,,,
21780,11/23/25 04:45:00,22.824,,,,,
21781,11/23/25 05:00:00,22.848,,,,,
21782,11/23/25 05:15:00,22.872,,,,,
21783,11/23/25 05:30:00,22.848,,,,,
21784,11/23/25 05:45:00,22.800,,,,,
21785,11/23/25 06:00:00,22.609,,,,,
21786,11/23/25 06:15:00,22.489,,,,,
21787,11/23/25 06:30:00,22.441,,,,,
21788,11/23/25 06:45:00,22.369,,,,,
21789,11/23/25 07:00:00,22.250,,,,,
21790,11/23/25 07:15:00,22.154,,,,,
21791,11/23/25 07:30:00,22.106,,,,,
21792,11/23/25 07:45:00,22.058,,,,,
21793,11/23/25 08:00:00,22.011,,,,,
21794,11/23/25 08:15:00,21.915,,,,,
21795,11/23/25 08:30:00,21.867,,,,,
21796,11/23/25 08:45:00,21.795,,,,,
21797,11/23/25 09:00:00,21.748,,,,,
21798,11/23/25 09:15:00,21.724,,,,,
21799,11/23/25 09:30:00,21.652,,,,,
21800,11/23/25 09:45:00,21.604,,,,,
21801,11/23/25 10:00:00,21.533,,,,,
21802,11/23/25 10:15:00,21.485,,,,,
21803,11/23/25 10:30:00,21.485,,,,,
21804,11/23/25 10:45:00,21.437,,,,,
21805,11/23/25 11:00:00,21.413,,,,,
21806,11/23/25 11:15:00,21.390,,,,,
21807,11/23/25 11:30:00,21.342,,,,,
21808,11/23/25 11:45:00,21.318,,,,,
21809,11/23/25 12:00:00,21.318,,,,,
21810,11/23/25 12:15:00,21.318,,,,,
21811,11/23/25 12:30:00,21.294,,,,,
21812,11/23/25 12:45:00,21.246,,,,,
21813,11/23/25 13:00:00,21.223,,,,,
21814,11/23/25 13:15:00,21.199,,,,,
21815,11/23/25 13:30:00,21.175,,,,,
21816,11/23/25 13:45:00,21.175,,,,,
21817,11/23/25 14:00:00,21.175,,,,,
21818,11/23/25 14:15:00,21.199,,,,,
21819,11/23/25 14:30:00,21.199,,,,,
21820,11/23/25 14:45:00,21.223,,,,,
21821,11/23/25 15:00:00,21.223,,,,,
21822,11/23/25 15:15:00,21.223,,,,,
21823,11/23/25 15:30:00,21.223,,,,,
21824,11/23/25 15:45:00,21.223,,,,,
21825,11/23/25 16:00:00,21.199,,,,,
21826,11/23/25 16:15:00,21.175,,,,,
21827,11/23/25 16:30:00,21.199,,,,,
21828,11/23/25 16:45:00,21.199,,,,,
21829,11/23/25 17:00:00,21.199,,,,,
21830,11/23/25 17:15:00,21.175,,,,,
21831,11/23/25 17:30:00,21.175,,,,,
21832,11/23/25 17:45:00,21.175,,,,,
21833,11/23/25 18:00:00,21.199,,,,,
21834,11/23/25 18:15:00,21.199,,,,,
21835,11/23/25 18:30:00,21.175,,,,,
21836,11/23/25 18:45:00,21.175,,,,,
21837,11/23/25 19:00:00,21.175,,,,,
21838,11/23/25 19:15:00,21.175,,,,,
21839,11/23/25 19:30:00,21.175,,,,,
21840,11/23/25 19:45:00,21.175,,,,,
21841,11/23/25 20:00:00,21.175,,,,,
21842,11/23/25 20:15:00,21.175,,,,,
21843,11/23/25 20:30:00,21.175,,,,,
21844,11/23/25 20:45:00,21.199,,,,,
21845,11/23/25 21:00:00,21.175,,,,,
21846,11/23/25 21:15:00,21.175,,,,,
21847,11/23/25 21:30:00,21.175,,,,,
21848,11/23/25 21:45:00,21.151,,,,,
21849,11/23/25 22:00:00,21.127,,,,,
21850,11/23/25 22:15:00,21.127,,,,,
21851,11/23/25 22:30:00,21.151,,,,,
21852,11/23/25 22:45:00,21.199,,,,,
21853,11/23/25 23:00:00,21.246,,,,,
21854,11/23/25 23:15:00,21.270,,,,,
21855,11/23/25 23:30:00,21.318,,,,,
21856,11/23/25 23:45:00,21.342,,,,,
21857,11/24/25 00:00:00,21.390,,,,,
21858,11/24/25 00:15:00,21.437,,,,,
21859,11/24/25 00:30:00,21.461,,,,,
21860,11/24/25 00:45:00,21.485,,,,,
21861,11/24/25 01:00:00,21.533,,,,,
21862,11/24/25 01:15:00,21.557,,,,,
21863,11/24/25 01:30:00,21.604,,,,,
21864,11/24/25 01:45:00,21.628,,,,,
21865,11/24/25 02:00:00,21.676,,,,,
21866,11/24/25 02:15:00,21.724,,,,,
21867,11/24/25 02:30:00,21.748,,,,,
21868,11/24/25 02:45:00,21.795,,,,,
21869,11/24/25 03:00:00,21.819,,,,,
21870,11/24/25 03:15:00,21.867,,,,,
21871,11/24/25 03:30:00,21.915,,,,,
21872,11/24/25 03:45:00,21.939,,,,,
21873,11/24/25 04:00:00,21.963,,,,,
21874,11/24/25 04:15:00,22.011,,,,,
21875,11/24/25 04:30:00,22.034,,,,,
21876,11/24/25 04:45:00,22.082,,,,,
21877,11/24/25 05:00:00,22.106,,,,,
21878,11/24/25 05:15:00,22.130,,,,,
21879,11/24/25 05:30:00,22.154,,,,,
21880,11/24/25 05:45:00,22.130,,,,,
21881,11/24/25 06:00:00,22.034,,,,,
21882,11/24/25 06:15:00,21.963,,,,,
21883,11/24/25 06:30:00,21.939,,,,,
21884,11/24/25 06:45:00,21.891,,,,,
21885,11/24/25 07:00:00,21.867,,,,,
21886,11/24/25 07:15:00,21.867,,,,,
21887,11/24/25 07:30:00,21.867,,,,,
21888,11/24/25 07:45:00,21.843,,,,,
21889,11/24/25 08:00:00,21.819,,,,,
21890,11/24/25 08:15:00,21.819,,,,,
21891,11/24/25 08:30:00,21.819,,,,,
21892,11/24/25 08:45:00,21.795,,,,,
21893,11/24/25 09:00:00,21.772,,,,,
21894,11/24/25 09:15:00,21.772,,,,,
21895,11/24/25 09:30:00,21.772,,,,,
21896,11/24/25 09:45:00,21.748,,,,,
21897,11/24/25 10:00:00,21.724,,,,,
21898,11/24/25 10:15:00,21.724,,,,,
21899,11/24/25 10:30:00,21.700,,,,,
21900,11/24/25 10:45:00,21.676,,,,,
21901,11/24/25 11:00:00,21.652,,,,,
21902,11/24/25 11:15:00,21.628,,,,,
21903,11/24/25 11:30:00,20.984,,,,,
21904,11/24/25 11:45:00,21.246,,,,,
21905,11/24/25 12:00:00,21.366,,,,,
21906,11/24/25 12:15:00,21.294,,,,,
21907,11/24/25 12:30:00,21.127,,,,,
21908,11/24/25 12:45:00,21.056,,,,,
21909,11/24/25 13:00:00,20.936,,,,,
21910,11/24/25 13:15:00,20.865,,,,,
21911,11/24/25 13:30:00,20.841,,,,,
21912,11/24/25 13:45:00,20.793,,,,,
21913,11/24/25 14:00:00,20.770,,,,,
21914,11/24/25 14:15:00,20.722,,,,,
21915,11/24/25 14:30:00,20.698,,,,,
21916,11/24/25 14:45:00,20.674,,,,,
21917,11/24/25 15:00:00,20.770,,,,,
21918,11/24/25 15:15:00,20.770,,,,,
21919,11/24/25 15:30:00,20.889,,,,,
21920,11/24/25 15:45:00,21.127,,,,,
21921,11/24/25 16:00:00,21.270,,,,,
21922,11/24/25 16:15:00,21.318,,,,,
21923,11/24/25 16:30:00,21.246,,,,,
21924,11/24/25 16:45:00,21.199,,,,,
21925,11/24/25 17:00:00,21.175,,,,,
21926,11/24/25 17:15:00,21.151,,,,,
21927,11/24/25 17:30:00,21.127,,,,,
21928,11/24/25 17:45:00,21.127,,,,,
21929,11/24/25 18:00:00,21.103,,,,,
21930,11/24/25 18:15:00,21.056,,,,,
21931,11/24/25 18:30:00,21.056,,,,,
21932,11/24/25 18:45:00,21.008,,,,,
21933,11/24/25 19:00:00,20.984,,,,,
21934,11/24/25 19:15:00,20.960,,,,,
21935,11/24/25 19:30:00,20.984,,,,,
21936,11/24/25 19:45:00,20.936,,,,,
21937,11/24/25 20:00:00,20.936,,,,,
21938,11/24/25 20:15:00,21.079,,,,,
21939,11/24/25 20:30:00,21.461,,,,,
21940,11/24/25 20:45:00,21.533,,,,,
21941,11/24/25 21:00:00,21.413,,,,,
21942,11/24/25 21:15:00,21.318,,,,,
21943,11/24/25 21:30:00,21.342,,,,,
21944,11/24/25 21:45:00,21.628,,,,,
21945,11/24/25 22:00:00,21.485,,,,,
21946,11/24/25 22:15:00,21.724,,,,,
21947,11/24/25 22:30:00,21.963,,,,,
21948,11/24/25 22:45:00,22.106,,,,,
21949,11/24/25 23:00:00,22.178,,,,,
21950,11/24/25 23:15:00,22.226,,,,,
21951,11/24/25 23:30:00,22.298,,,,,
21952,11/24/25 23:45:00,22.321,,,,,
21953,11/25/25 00:00:00,22.369,,,,,
21954,11/25/25 00:15:00,22.441,,,,,
21955,11/25/25 00:30:00,22.537,,,,,
21956,11/25/25 00:45:00,22.633,,,,,
21957,11/25/25 01:00:00,22.729,,,,,
21958,11/25/25 01:15:00,22.824,,,,,
21959,11/25/25 01:30:00,22.896,,,,,
21960,11/25/25 01:45:00,22.968,,,,,
21961,11/25/25 02:00:00,23.016,,,,,
21962,11/25/25 02:15:00,23.088,,,,,
21963,11/25/25 02:30:00,23.160,,,,,
21964,11/25/25 02:45:00,23.184,,,,,
21965,11/25/25 03:00:00,23.232,,,,,
21966,11/25/25 03:15:00,23.280,,,,,
21967,11/25/25 03:30:00,23.352,,,,,
21968,11/25/25 03:45:00,23.376,,,,,
21969,11/25/25 04:00:00,23.424,,,,,
21970,11/25/25 04:15:00,23.448,,,,,
21971,11/25/25 04:30:00,23.472,,,,,
21972,11/25/25 04:45:00,23.497,,,,,
21973,11/25/25 05:00:00,23.521,,,,,
21974,11/25/25 05:15:00,23.521,,,,,
21975,11/25/25 05:30:00,23.472,,,,,
21976,11/25/25 05:45:00,23.376,,,,,
21977,11/25/25 06:00:00,23.304,,,,,
21978,11/25/25 06:15:00,22.776,,,,,
21979,11/25/25 06:30:00,22.082,,,,,
21980,11/25/25 06:45:00,21.604,,,,,
21981,11/25/25 07:00:00,21.413,,,,,
21982,11/25/25 07:15:00,21.437,,,,,
21983,11/25/25 07:30:00,21.628,,,,,
21984,11/25/25 07:45:00,21.795,,,,,
21985,11/25/25 08:00:00,21.772,,,,,
21986,11/25/25 08:15:00,21.772,,,,,
21987,11/25/25 08:30:00,21.724,,,,,
21988,11/25/25 08:45:00,21.772,,,,,
21989,11/25/25 09:00:00,21.867,,,,,
21990,11/25/25 09:15:00,21.939,,,,,
21991,11/25/25 09:30:00,21.963,,,,,
21992,11/25/25 09:45:00,21.987,,,,,
21993,11/25/25 10:00:00,22.011,,,,,
21994,11/25/25 10:15:00,22.011,,,,,
21995,11/25/25 10:30:00,22.034,,,,,
21996,11/25/25 10:45:00,22.058,,,,,
21997,11/25/25 11:00:00,22.058,,,,,
21998,11/25/25 11:15:00,22.058,,,,,
21999,11/25/25 11:30:00,22.034,,,,,
22000,11/25/25 11:45:00,22.011,,,,,
22001,11/25/25 12:00:00,22.011,,,,,
22002,11/25/25 12:15:00,21.987,,,,,
22003,11/25/25 12:30:00,21.963,,,,,
22004,11/25/25 12:45:00,21.963,,,,,
22005,11/25/25 13:00:00,21.939,,,,,
22006,11/25/25 13:15:00,21.963,,,,,
22007,11/25/25 13:30:00,21.987,,,,,
22008,11/25/25 13:45:00,21.987,,,,,
22009,11/25/25 14:00:00,21.963,,,,,
22010,11/25/25 14:15:00,21.963,,,,,
22011,11/25/25 14:30:00,21.891,,,,,
22012,11/25/25 14:45:00,21.581,,,,,
22013,11/25/25 15:00:00,21.437,,,,,
22014,11/25/25 15:15:00,21.533,,,,,
22015,11/25/25 15:30:00,21.652,,,,,
22016,11/25/25 15:45:00,21.748,,,,,
22017,11/25/25 16:00:00,21.819,,,,,
22018,11/25/25 16:15:00,21.843,,,,,
22019,11/25/25 16:30:00,21.843,,,,,
22020,11/25/25 16:45:00,21.843,,,,,
22021,11/25/25 17:00:00,21.819,,,,,
22022,11/25/25 17:15:00,21.772,,,,,
22023,11/25/25 17:30:00,21.724,,,,,
22024,11/25/25 17:45:00,21.652,,,,,
22025,11/25/25 18:00:00,21.628,,,,,
22026,11/25/25 18:15:00,21.581,,,,,
22027,11/25/25 18:30:00,21.533,,,,,
22028,11/25/25 18:45:00,21.509,,,,,
22029,11/25/25 19:00:00,21.485,,,,,
22030,11/25/25 19:15:00,21.485,,,,,
22031,11/25/25 19:30:00,21.461,,,,,
22032,11/25/25 19:45:00,21.437,,,,,
22033,11/25/25 20:00:00,21.437,,,,,
22034,11/25/25 20:15:00,21.413,,,,,
22035,11/25/25 20:30:00,21.437,,,,,
22036,11/25/25 20:45:00,21.557,,,,,
22037,11/25/25 21:00:00,21.748,,,,,
22038,11/25/25 21:15:00,21.748,,,,,
22039,11/25/25 21:30:00,21.700,,,,,
22040,11/25/25 21:45:00,21.628,,,,,
22041,11/25/25 22:00:00,21.604,,,,,
22042,11/25/25 22:15:00,21.772,,,,,
22043,11/25/25 22:30:00,21.963,,,,,
22044,11/25/25 22:45:00,22.106,,,,,
22045,11/25/25 23:00:00,22.202,,,,,
22046,11/25/25 23:15:00,22.274,,,,,
22047,11/25/25 23:30:00,22.345,,,,,
22048,11/25/25 23:45:00,22.393,,,,,
22049,11/26/25 00:00:00,22.441,,,,,
22050,11/26/25 00:15:00,22.513,,,,,
22051,11/26/25 00:30:00,22.609,,,,,
22052,11/26/25 00:45:00,22.681,,,,,
22053,11/26/25 01:00:00,22.776,,,,,
22054,11/26/25 01:15:00,22.848,,,,,
22055,11/26/25 01:30:00,22.920,,,,,
22056,11/26/25 01:45:00,22.968,,,,,
22057,11/26/25 02:00:00,23.040,,,,,
22058,11/26/25 02:15:00,23.088,,,,,
22059,11/26/25 02:30:00,23.136,,,,,
22060,11/26/25 02:45:00,23.184,,,,,
22061,11/26/25 03:00:00,23.232,,,,,
22062,11/26/25 03:15:00,23.280,,,,,
22063,11/26/25 03:30:00,23.328,,,,,
22064,11/26/25 03:45:00,23.352,,,,,
22065,11/26/25 04:00:00,23.400,,,,,
22066,11/26/25 04:15:00,23.424,,,,,
22067,11/26/25 04:30:00,23.448,,,,,
22068,11/26/25 04:45:00,23.497,,,,,
22069,11/26/25 05:00:00,23.521,,,,,
22070,11/26/25 05:15:00,23.545,,,,,
22071,11/26/25 05:30:00,23.497,,,,,
22072,11/26/25 05:45:00,23.400,,,,,
22073,11/26/25 06:00:00,23.328,,,,,
22074,11/26/25 06:15:00,22.848,,,,,
22075,11/26/25 06:30:00,22.250,,,,,
22076,11/26/25 06:45:00,22.106,,,,,
22077,11/26/25 07:00:00,21.987,,,,,
22078,11/26/25 07:15:00,21.867,,,,,
22079,11/26/25 07:30:00,21.915,,,,,
22080,11/26/25 07:45:00,21.915,,,,,
22081,11/26/25 08:00:00,21.987,,,,,
22082,11/26/25 08:15:00,22.250,,,,,
22083,11/26/25 08:30:00,22.369,,,,,
22084,11/26/25 08:45:00,22.345,,,,,
22085,11/26/25 09:00:00,22.321,,,,,
22086,11/26/25 09:15:00,22.321,,,,,
22087,11/26/25 09:30:00,22.298,,,,,
22088,11/26/25 09:45:00,22.321,,,,,
22089,11/26/25 10:00:00,22.321,,,,,
22090,11/26/25 10:15:00,22.321,,,,,
22091,11/26/25 10:30:00,22.345,,,,,
22092,11/26/25 10:45:00,22.393,,,,,
22093,11/26/25 11:00:00,22.393,,,,,
22094,11/26/25 11:15:00,22.393,,,,,
22095,11/26/25 11:30:00,22.369,,,,,
22096,11/26/25 11:45:00,22.298,,,,,
22097,11/26/25 12:00:00,22.274,,,,,
22098,11/26/25 12:15:00,22.369,,,,,
22099,11/26/25 12:30:00,22.393,,,,,
22100,11/26/25 12:45:00,22.298,,,,,
22101,11/26/25 13:00:00,22.178,,,,,
22102,11/26/25 13:15:00,21.963,,,,,
22103,11/26/25 13:30:00,21.772,,,,,
22104,11/26/25 13:45:00,21.795,,,,,
22105,11/26/25 14:00:00,21.939,,,,,
22106,11/26/25 14:15:00,22.058,,,,,
22107,11/26/25 14:30:00,22.106,,,,,
22108,11/26/25 14:45:00,22.154,,,,,
22109,11/26/25 15:00:00,22.154,,,,,
22110,11/26/25 15:15:00,21.915,,,,,
22111,11/26/25 15:30:00,21.843,,,,,
22112,11/26/25 15:45:00,21.915,,,,,
22113,11/26/25 16:00:00,21.987,,,,,
22114,11/26/25 16:15:00,21.795,,,,,
22115,11/26/25 16:30:00,21.700,,,,,
22116,11/26/25 16:45:00,21.676,,,,,
22117,11/26/25 17:00:00,21.581,,,,,
22118,11/26/25 17:15:00,21.676,,,,,
22119,11/26/25 17:30:00,21.724,,,,,
22120,11/26/25 17:45:00,21.748,,,,,
22121,11/26/25 18:00:00,21.748,,,,,
22122,11/26/25 18:15:00,21.748,,,,,
22123,11/26/25 18:30:00,21.772,,,,,
22124,11/26/25 18:45:00,21.772,,,,,
22125,11/26/25 19:00:00,21.748,,,,,
22126,11/26/25 19:15:00,21.748,,,,,
22127,11/26/25 19:30:00,21.724,,,,,
22128,11/26/25 19:45:00,21.700,,,,,
22129,11/26/25 20:00:00,21.676,,,,,
22130,11/26/25 20:15:00,21.676,,,,,
22131,11/26/25 20:30:00,21.652,,,,,
22132,11/26/25 20:45:00,21.652,,,,,
22133,11/26/25 21:00:00,21.652,,,,,
22134,11/26/25 21:15:00,21.652,,,,,
22135,11/26/25 21:30:00,21.652,,,,,
22136,11/26/25 21:45:00,21.819,,,,,
22137,11/26/25 22:00:00,21.891,,,,,
22138,11/26/25 22:15:00,21.987,,,,,
22139,11/26/25 22:30:00,22.130,,,,,
22140,11/26/25 22:45:00,22.250,,,,,
22141,11/26/25 23:00:00,22.345,,,,,
22142,11/26/25 23:15:00,22.417,,,,,
22143,11/26/25 23:30:00,22.489,,,,,
22144,11/26/25 23:45:00,22.561,,,,,
22145,11/27/25 00:00:00,22.609,,,,,
22146,11/27/25 00:15:00,22.681,,,,,
22147,11/27/25 00:30:00,22.776,,,,,
22148,11/27/25 00:45:00,22.848,,,,,
22149,11/27/25 01:00:00,22.920,,,,,
22150,11/27/25 01:15:00,22.992,,,,,
22151,11/27/25 01:30:00,23.064,,,,,
22152,11/27/25 01:45:00,23.136,,,,,
22153,11/27/25 02:00:00,23.184,,,,,
22154,11/27/25 02:15:00,23.256,,,,,
22155,11/27/25 02:30:00,23.304,,,,,
22156,11/27/25 02:45:00,23.352,,,,,
22157,11/27/25 03:00:00,23.400,,,,,
22158,11/27/25 03:15:00,23.448,,,,,
22159,11/27/25 03:30:00,23.497,,,,,
22160,11/27/25 03:45:00,23.545,,,,,
22161,11/27/25 04:00:00,23.593,,,,,
22162,11/27/25 04:15:00,23.641,,,,,
22163,11/27/25 04:30:00,23.665,,,,,
22164,11/27/25 04:45:00,23.689,,,,,
22165,11/27/25 05:00:00,23.737,,,,,
22166,11/27/25 05:15:00,23.737,,,,,
22167,11/27/25 05:30:00,23.665,,,,,
22168,11/27/25 05:45:00,23.593,,,,,
22169,11/27/25 06:00:00,23.521,,,,,
22170,11/27/25 06:15:00,23.184,,,,,
22171,11/27/25 06:30:00,22.681,,,,,
22172,11/27/25 06:45:00,22.321,,,,,
22173,11/27/25 07:00:00,22.202,,,,,
22174,11/27/25 07:15:00,22.130,,,,,
22175,11/27/25 07:30:00,22.154,,,,,
22176,11/27/25 07:45:00,22.130,,,,,
22177,11/27/25 08:00:00,22.298,,,,,
22178,11/27/25 08:15:00,22.441,,,,,
22179,11/27/25 08:30:00,22.465,,,,,
22180,11/27/25 08:45:00,22.489,,,,,
22181,11/27/25 09:00:00,22.489,,,,,
22182,11/27/25 09:15:00,22.537,,,,,
22183,11/27/25 09:30:00,22.705,,,,,
22184,11/27/25 09:45:00,22.657,,,,,
22185,11/27/25 10:00:00,22.609,,,,,
22186,11/27/25 10:15:00,22.537,,,,,
22187,11/27/25 10:30:00,22.513,,,,,
22188,11/27/25 10:45:00,22.465,,,,,
22189,11/27/25 11:00:00,22.441,,,,,
22190,11/27/25 11:15:00,22.417,,,,,
22191,11/27/25 11:30:00,22.393,,,,,
22192,11/27/25 11:45:00,22.369,,,,,
22193,11/27/25 12:00:00,22.321,,,,,
22194,11/27/25 12:15:00,22.298,,,,,
22195,11/27/25 12:30:00,22.250,,,,,
22196,11/27/25 12:45:00,22.202,,,,,
22197,11/27/25 13:00:00,22.178,,,,,
22198,11/27/25 13:15:00,22.154,,,,,
22199,11/27/25 13:30:00,22.106,,,,,
22200,11/27/25 13:45:00,22.058,,,,,
22201,11/27/25 14:00:00,22.011,,,,,
22202,11/27/25 14:15:00,22.011,,,,,
22203,11/27/25 14:30:00,22.011,,,,,
22204,11/27/25 14:45:00,21.987,,,,,
22205,11/27/25 15:00:00,22.011,,,,,
22206,11/27/25 15:15:00,21.963,,,,,
22207,11/27/25 15:30:00,21.915,,,,,
22208,11/27/25 15:45:00,21.867,,,,,
22209,11/27/25 16:00:00,21.843,,,,,
22210,11/27/25 16:15:00,21.819,,,,,
22211,11/27/25 16:30:00,21.819,,,,,
22212,11/27/25 16:45:00,21.772,,,,,
22213,11/27/25 17:00:00,21.748,,,,,
22214,11/27/25 17:15:00,21.724,,,,,
22215,11/27/25 17:30:00,21.724,,,,,
22216,11/27/25 17:45:00,21.724,,,,,
22217,11/27/25 18:00:00,21.939,,,,,
22218,11/27/25 18:15:00,22.058,,,,,
22219,11/27/25 18:30:00,22.011,,,,,
22220,11/27/25 18:45:00,21.939,,,,,
22221,11/27/25 19:00:00,21.987,,,,,
22222,11/27/25 19:15:00,22.178,,,,,
22223,11/27/25 19:30:00,22.130,,,,,
22224,11/27/25 19:45:00,22.058,,,,,
22225,11/27/25 20:00:00,22.178,,,,,
22226,11/27/25 20:15:00,22.250,,,,,
22227,11/27/25 20:30:00,22.058,,,,,
22228,11/27/25 20:45:00,21.915,,,,,
22229,11/27/25 21:00:00,22.106,,,,,
22230,11/27/25 21:15:00,22.250,,,,,
22231,11/27/25 21:30:00,22.106,,,,,
22232,11/27/25 21:45:00,22.034,,,,,
22233,11/27/25 22:00:00,22.202,,,,,
22234,11/27/25 22:15:00,22.369,,,,,
22235,11/27/25 22:30:00,22.489,,,,,
22236,11/27/25 22:45:00,22.585,,,,,
22237,11/27/25 23:00:00,22.681,,,,,
22238,11/27/25 23:15:00,22.729,,,,,
22239,11/27/25 23:30:00,22.800,,,,,
22240,11/27/25 23:45:00,22.848,,,,,
22241,11/28/25 00:00:00,22.896,,,,,
22242,11/28/25 00:15:00,22.944,,,,,
22243,11/28/25 00:30:00,22.992,,,,,
22244,11/28/25 00:45:00,23.064,,,,,
22245,11/28/25 01:00:00,23.112,,,,,
22246,11/28/25 01:15:00,23.184,,,,,
22247,11/28/25 01:30:00,23.232,,,,,
22248,11/28/25 01:45:00,23.280,,,,,
22249,11/28/25 02:00:00,23.328,,,,,
22250,11/28/25 02:15:00,23.376,,,,,
22251,11/28/25 02:30:00,23.424,,,,,
22252,11/28/25 02:45:00,23.472,,,,,
22253,11/28/25 03:00:00,23.521,,,,,
22254,11/28/25 03:15:00,23.545,,,,,
22255,11/28/25 03:30:00,23.593,,,,,
22256,11/28/25 03:45:00,23.617,,,,,
22257,11/28/25 04:00:00,23.641,,,,,
22258,11/28/25 04:15:00,23.665,,,,,
22259,11/28/25 04:30:00,23.689,,,,,
22260,11/28/25 04:45:00,23.713,,,,,
22261,11/28/25 05:00:00,23.737,,,,,
22262,11/28/25 05:15:00,23.761,,,,,
22263,11/28/25 05:30:00,23.713,,,,,
22264,11/28/25 05:45:00,23.641,,,,,
22265,11/28/25 06:00:00,23.545,,,,,
22266,11/28/25 06:15:00,23.112,,,,,
22267,11/28/25 06:30:00,22.537,,,,,
22268,11/28/25 06:45:00,22.369,,,,,
22269,11/28/25 07:00:00,22.250,,,,,
22270,11/28/25 07:15:00,22.154,,,,,
22271,11/28/25 07:30:00,22.202,,,,,
22272,11/28/25 07:45:00,22.178,,,,,
22273,11/28/25 08:00:00,22.345,,,,,
22274,11/28/25 08:15:00,22.609,,,,,
22275,11/28/25 08:30:00,22.609,,,,,
22276,11/28/25 08:45:00,22.561,,,,,
22277,11/28/25 09:00:00,22.561,,,,,
22278,11/28/25 09:15:00,22.561,,,,,
22279,11/28/25 09:30:00,22.633,,,,,
22280,11/28/25 09:45:00,22.824,,,,,
22281,11/28/25 10:00:00,22.776,,,,,
22282,11/28/25 10:15:00,22.657,,,,,
22283,11/28/25 10:30:00,22.537,,,,,
22284,11/28/25 10:45:00,22.465,,,,,
22285,11/28/25 11:00:00,22.585,,,,,
22286,11/28/25 11:15:00,22.729,,,,,
22287,11/28/25 11:30:00,22.609,,,,,
22288,11/28/25 11:45:00,22.489,,,,,
22289,11/28/25 12:00:00,22.417,,,,,
22290,11/28/25 12:15:00,22.393,,,,,
22291,11/28/25 12:30:00,22.369,,,,,
22292,11/28/25 12:45:00,22.369,,,,,
22293,11/28/25 13:00:00,22.393,,,,,
22294,11/28/25 13:15:00,22.393,,,,,
22295,11/28/25 13:30:00,22.393,,,,,
22296,11/28/25 13:45:00,22.369,,,,,
22297,11/28/25 14:00:00,22.369,,,,,
22298,11/28/25 14:15:00,22.369,,,,,
22299,11/28/25 14:30:00,22.393,,,,,
22300,11/28/25 14:45:00,22.393,,,,,
22301,11/28/25 15:00:00,22.393,,,,,
22302,11/28/25 15:15:00,22.417,,,,,
22303,11/28/25 15:30:00,22.441,,,,,
22304,11/28/25 15:45:00,22.441,,,,,
22305,11/28/25 16:00:00,22.441,,,,,
22306,11/28/25 16:15:00,22.441,,,,,
22307,11/28/25 16:30:00,22.441,,,,,
22308,11/28/25 16:45:00,22.417,,,,,
22309,11/28/25 17:00:00,22.393,,,,,
22310,11/28/25 17:15:00,22.369,,,,,
22311,11/28/25 17:30:00,22.298,,,,,
22312,11/28/25 17:45:00,22.250,,,,,
22313,11/28/25 18:00:00,22.154,,,,,
22314,11/28/25 18:15:00,22.082,,,,,
22315,11/28/25 18:30:00,22.034,,,,,
22316,11/28/25 18:45:00,21.987,,,,,
22317,11/28/25 19:00:00,21.939,,,,,
22318,11/28/25 19:15:00,21.891,,,,,
22319,11/28/25 19:30:00,21.819,,,,,
22320,11/28/25 19:45:00,21.772,,,,,
22321,11/28/25 20:00:00,21.748,,,,,
22322,11/28/25 20:15:00,21.724,,,,,
22323,11/28/25 20:30:00,21.724,,,,,
22324,11/28/25 20:45:00,21.939,,,,,
22325,11/28/25 21:00:00,22.106,,,,,
22326,11/28/25 21:15:00,22.082,,,,,
22327,11/28/25 21:30:00,22.058,,,,,
22328,11/28/25 21:45:00,22.011,,,,,
22329,11/28/25 22:00:00,22.178,,,,,
22330,11/28/25 22:15:00,22.345,,,,,
22331,11/28/25 22:30:00,22.465,,,,,
22332,11/28/25 22:45:00,22.585,,,,,
22333,11/28/25 23:00:00,22.681,,,,,
22334,11/28/25 23:15:00,22.753,,,,,
22335,11/28/25 23:30:00,22.824,,,,,
22336,11/28/25 23:45:00,22.872,,,,,
22337,11/29/25 00:00:00,22.944,,,,,
22338,11/29/25 00:15:00,22.992,,,,,
22339,11/29/25 00:30:00,23.016,,,,,
22340,11/29/25 00:45:00,23.064,,,,,
22341,11/29/25 01:00:00,23.136,,,,,
22342,11/29/25 01:15:00,23.208,,,,,
22343,11/29/25 01:30:00,23.256,,,,,
22344,11/29/25 01:45:00,23.304,,,,,
22345,11/29/25 02:00:00,23.352,,,,,
22346,11/29/25 02:15:00,23.400,,,,,
22347,11/29/25 02:30:00,23.472,,,,,
22348,11/29/25 02:45:00,23.521,,,,,
22349,11/29/25 03:00:00,23.545,,,,,
22350,11/29/25 03:15:00,23.593,,,,,
22351,11/29/25 03:30:00,23.641,,,,,
22352,11/29/25 03:45:00,23.689,,,,,
22353,11/29/25 04:00:00,23.713,,,,,
22354,11/29/25 04:15:00,23.761,,,,,
22355,11/29/25 04:30:00,23.785,,,,,
22356,11/29/25 04:45:00,23.833,,,,,
22357,11/29/25 05:00:00,23.857,,,,,
22358,11/29/25 05:15:00,23.881,,,,,
22359,11/29/25 05:30:00,23.833,,,,,
22360,11/29/25 05:45:00,23.785,,,,,
22361,11/29/25 06:00:00,23.689,,,,,
22362,11/29/25 06:15:00,23.280,,,,,
22363,11/29/25 06:30:00,22.657,,,,,
22364,11/29/25 06:45:00,22.274,,,,,
22365,11/29/25 07:00:00,22.202,,,,,
22366,11/29/25 07:15:00,22.154,,,,,
22367,11/29/25 07:30:00,22.226,,,,,
22368,11/29/25 07:45:00,22.274,,,,,
22369,11/29/25 08:00:00,22.298,,,,,
22370,11/29/25 08:15:00,22.369,,,,,
22371,11/29/25 08:30:00,22.465,,,,,
22372,11/29/25 08:45:00,22.729,,,,,
22373,11/29/25 09:00:00,22.753,,,,,
22374,11/29/25 09:15:00,22.753,,,,,
22375,11/29/25 09:30:00,22.729,,,,,
22376,11/29/25 09:45:00,22.729,,,,,
22377,11/29/25 10:00:00,22.705,,,,,
22378,11/29/25 10:15:00,22.657,,,,,
22379,11/29/25 10:30:00,22.585,,,,,
22380,11/29/25 10:45:00,22.537,,,,,
22381,11/29/25 11:00:00,22.729,,,,,
22382,11/29/25 11:15:00,22.753,,,,,
22383,11/29/25 11:30:00,22.609,,,,,
22384,11/29/25 11:45:00,22.513,,,,,
22385,11/29/25 12:00:00,22.417,,,,,
22386,11/29/25 12:15:00,22.321,,,,,
22387,11/29/25 12:30:00,22.274,,,,,
22388,11/29/25 12:45:00,22.202,,,,,
22389,11/29/25 13:00:00,22.154,,,,,
22390,11/29/25 13:15:00,22.106,,,,,
22391,11/29/25 13:30:00,22.058,,,,,
22392,11/29/25 13:45:00,22.011,,,,,
22393,11/29/25 14:00:00,22.011,,,,,
22394,11/29/25 14:15:00,22.250,,,,,
22395,11/29/25 14:30:00,22.345,,,,,
22396,11/29/25 14:45:00,22.298,,,,,
22397,11/29/25 15:00:00,22.250,,,,,
22398,11/29/25 15:15:00,22.226,,,,,
22399,11/29/25 15:30:00,22.202,,,,,
22400,11/29/25 15:45:00,22.178,,,,,
22401,11/29/25 16:00:00,22.154,,,,,
22402,11/29/25 16:15:00,22.130,,,,,
22403,11/29/25 16:30:00,22.106,,,,,
22404,11/29/25 16:45:00,22.250,,,,,
22405,11/29/25 17:00:00,22.345,,,,,
22406,11/29/25 17:15:00,22.202,,,,,
22407,11/29/25 17:30:00,22.082,,,,,
22408,11/29/25 17:45:00,21.987,,,,,
22409,11/29/25 18:00:00,21.987,,,,,
22410,11/29/25 18:15:00,22.178,,,,,
22411,11/29/25 18:30:00,22.274,,,,,
22412,11/29/25 18:45:00,22.202,,,,,
22413,11/29/25 19:00:00,22.106,,,,,
22414,11/29/25 19:15:00,22.154,,,,,
22415,11/29/25 19:30:00,22.321,,,,,
22416,11/29/25 19:45:00,22.298,,,,,
22417,11/29/25 20:00:00,22.058,,,,,
22418,11/29/25 20:15:00,21.987,,,,,
22419,11/29/25 20:30:00,22.178,,,,,
22420,11/29/25 20:45:00,22.298,,,,,
22421,11/29/25 21:00:00,22.226,,,,,
22422,11/29/25 21:15:00,22.178,,,,,
22423,11/29/25 21:30:00,22.345,,,,,
22424,11/29/25 21:45:00,22.465,,,,,
22425,11/29/25 22:00:00,22.250,,,,,
22426,11/29/25 22:15:00,22.345,,,,,
22427,11/29/25 22:30:00,22.489,,,,,
22428,11/29/25 22:45:00,22.585,,,,,
22429,11/29/25 23:00:00,22.681,,,,,
22430,11/29/25 23:15:00,22.729,,,,,
22431,11/29/25 23:30:00,22.800,,,,,
22432,11/29/25 23:45:00,22.848,,,,,
22433,11/30/25 00:00:00,22.896,,,,,
22434,11/30/25 00:15:00,22.968,,,,,
22435,11/30/25 00:30:00,23.016,,,,,
22436,11/30/25 00:45:00,23.088,,,,,
22437,11/30/25 01:00:00,23.136,,,,,
22438,11/30/25 01:15:00,23.208,,,,,
22439,11/30/25 01:30:00,23.256,,,,,
22440,11/30/25 01:45:00,23.304,,,,,
22441,11/30/25 02:00:00,23.352,,,,,
22442,11/30/25 02:15:00,23.400,,,,,
22443,11/30/25 02:30:00,23.448,,,,,
22444,11/30/25 02:45:00,23.497,,,,,
22445,11/30/25 03:00:00,23.545,,,,,
22446,11/30/25 03:15:00,23.569,,,,,
22447,11/30/25 03:30:00,23.617,,,,,
22448,11/30/25 03:45:00,23.641,,,,,
22449,11/30/25 04:00:00,23.689,,,,,
22450,11/30/25 04:15:00,23.713,,,,,
22451,11/30/25 04:30:00,23.737,,,,,
22452,11/30/25 04:45:00,23.761,,,,,
22453,11/30/25 05:00:00,23.785,,,,,
22454,11/30/25 05:15:00,23.809,,,,,
22455,11/30/25 05:30:00,23.785,,,,,
22456,11/30/25 05:45:00,23.737,,,,,
22457,11/30/25 06:00:00,23.641,,,,,
22458,11/30/25 06:15:00,23.208,,,,,
22459,11/30/25 06:30:00,22.585,,,,,
22460,11/30/25 06:45:00,22.417,,,,,
22461,11/30/25 07:00:00,22.321,,,,,
22462,11/30/25 07:15:00,22.226,,,,,
22463,11/30/25 07:30:00,22.202,,,,,
22464,11/30/25 07:45:00,22.202,,,,,
22465,11/30/25 08:00:00,22.369,,,,,
22466,11/30/25 08:15:00,22.657,,,,,
22467,11/30/25 08:30:00,22.681,,,,,
22468,11/30/25 08:45:00,22.657,,,,,
22469,11/30/25 09:00:00,22.633,,,,,
22470,11/30/25 09:15:00,22.681,,,,,
22471,11/30/25 09:30:00,22.896,,,,,
22472,11/30/25 09:45:00,22.800,,,,,
22473,11/30/25 10:00:00,22.657,,,,,
22474,11/30/25 10:15:00,22.585,,,,,
22475,11/30/25 10:30:00,22.489,,,,,
22476,11/30/25 10:45:00,22.441,,,,,
22477,11/30/25 11:00:00,22.417,,,,,
22478,11/30/25 11:15:00,22.369,,,,,
22479,11/30/25 11:30:00,22.321,,,,,
22480,11/30/25 11:45:00,22.298,,,,,
22481,11/30/25 12:00:00,22.298,,,,,
22482,11/30/25 12:15:00,22.274,,,,,
22483,11/30/25 12:30:00,22.298,,,,,
22484,11/30/25 12:45:00,22.298,,,,,
22485,11/30/25 13:00:00,22.274,,,,,
22486,11/30/25 13:15:00,22.274,,,,,
22487,11/30/25 13:30:00,22.250,,,,,
22488,11/30/25 13:45:00,22.250,,,,,
22489,11/30/25 14:00:00,22.250,,,,,
22490,11/30/25 14:15:00,22.250,,,,,
22491,11/30/25 14:30:00,22.226,,,,,
22492,11/30/25 14:45:00,22.226,,,,,
22493,11/30/25 15:00:00,22.226,,,,,
22494,11/30/25 15:15:00,22.202,,,,,
22495,11/30/25 15:30:00,22.178,,,,,
22496,11/30/25 15:45:00,22.154,,,,,
22497,11/30/25 16:00:00,22.154,,,,,
22498,11/30/25 16:15:00,22.154,,,,,
22499,11/30/25 16:30:00,22.154,,,,,
22500,11/30/25 16:45:00,22.154,,,,,
22501,11/30/25 17:00:00,22.154,,,,,
22502,11/30/25 17:15:00,22.130,,,,,
22503,11/30/25 17:30:00,22.106,,,,,
22504,11/30/25 17:45:00,22.058,,,,,
22505,11/30/25 18:00:00,22.011,,,,,
22506,11/30/25 18:15:00,21.963,,,,,
22507,11/30/25 18:30:00,21.915,,,,,
22508,11/30/25 18:45:00,21.843,,,,,
22509,11/30/25 19:00:00,21.795,,,,,
22510,11/30/25 19:15:00,21.748,,,,,
22511,11/30/25 19:30:00,21.748,,,,,
22512,11/30/25 19:45:00,21.748,,,,,
22513,11/30/25 20:00:00,21.748,,,,,
22514,11/30/25 20:15:00,21.915,,,,,
22515,11/30/25 20:30:00,22.058,,,,,
22516,11/30/25 20:45:00,22.058,,,,,
22517,11/30/25 21:00:00,22.034,,,,,
22518,11/30/25 21:15:00,22.034,,,,,
22519,11/30/25 21:30:00,22.226,,,,,
22520,11/30/25 21:45:00,22.250,,,,,
22521,11/30/25 22:00:00,22.058,,,,,
22522,11/30/25 22:15:00,22.178,,,,,
22523,11/30/25 22:30:00,22.345,,,,,
22524,11/30/25 22:45:00,22.465,,,,,
22525,11/30/25 23:00:00,22.561,,,,,
22526,11/30/25 23:15:00,22.657,,,,,
22527,11/30/25 23:30:00,22.729,,,,,
22528,11/30/25 23:45:00,22.800,,,,,
22529,12/01/25 00:00:00,22.872,,,,,
22530,12/01/25 00:15:00,22.920,,,,,
22531,12/01/25 00:30:00,23.016,,,,,
22532,12/01/25 00:45:00,23.088,,,,,
22533,12/01/25 01:00:00,23.160,,,,,
22534,12/01/25 01:15:00,23.208,,,,,
22535,12/01/25 01:30:00,23.280,,,,,
22536,12/01/25 01:45:00,23.352,,,,,
22537,12/01/25 02:00:00,23.400,,,,,
22538,12/01/25 02:15:00,23.448,,,,,
22539,12/01/25 02:30:00,23.497,,,,,
22540,12/01/25 02:45:00,23.545,,,,,
22541,12/01/25 03:00:00,23.569,,,,,
22542,12/01/25 03:15:00,23.617,,,,,
22543,12/01/25 03:30:00,23.641,,,,,
22544,12/01/25 03:45:00,23.689,,,,,
22545,12/01/25 04:00:00,23.713,,,,,
22546,12/01/25 04:15:00,23.737,,,,,
22547,12/01/25 04:30:00,23.785,,,,,
22548,12/01/25 04:45:00,23.809,,,,,
22549,12/01/25 05:00:00,23.833,,,,,
22550,12/01/25 05:15:00,23.833,,,,,
22551,12/01/25 05:30:00,23.785,,,,,
22552,12/01/25 05:45:00,23.689,,,,,
22553,12/01/25 06:00:00,23.665,,,,,
22554,12/01/25 06:15:00,23.256,,,,,
22555,12/01/25 06:30:00,22.633,,,,,
22556,12/01/25 06:45:00,22.250,,,,,
22557,12/01/25 07:00:00,22.178,,,,,
22558,12/01/25 07:15:00,22.154,,,,,
22559,12/01/25 07:30:00,22.226,,,,,
22560,12/01/25 07:45:00,22.250,,,,,
22561,12/01/25 08:00:00,22.274,,,,,
22562,12/01/25 08:15:00,22.321,,,,,
22563,12/01/25 08:30:00,22.369,,,,,
22564,12/01/25 08:45:00,22.393,,,,,
22565,12/01/25 09:00:00,22.441,,,,,
22566,12/01/25 09:15:00,22.465,,,,,
22567,12/01/25 09:30:00,22.489,,,,,
22568,12/01/25 09:45:00,22.513,,,,,
22569,12/01/25 10:00:00,22.513,,,,,
22570,12/01/25 10:15:00,22.513,,,,,
22571,12/01/25 10:30:00,22.489,,,,,
22572,12/01/25 10:45:00,22.489,,,,,
22573,12/01/25 11:00:00,22.441,,,,,
22574,12/01/25 11:15:00,22.417,,,,,
22575,12/01/25 11:30:00,22.393,,,,,
22576,12/01/25 11:45:00,22.369,,,,,
22577,12/01/25 12:00:00,22.465,,,,,
22578,12/01/25 12:15:00,22.417,,,,,
22579,12/01/25 12:30:00,22.178,,,,,
22580,12/01/25 12:45:00,22.082,,,,,
22581,12/01/25 13:00:00,22.178,,,,,
22582,12/01/25 13:15:00,22.250,,,,,
22583,12/01/25 13:30:00,22.298,,,,,
22584,12/01/25 13:45:00,22.345,,,,,
22585,12/01/25 14:00:00,22.393,,,,,
22586,12/01/25 14:15:00,22.441,,,,,
22587,12/01/25 14:30:00,22.417,,,,,
22588,12/01/25 14:45:00,22.393,,,,,
22589,12/01/25 15:00:00,22.369,,,,,
22590,12/01/25 15:15:00,22.345,,,,,
22591,12/01/25 15:30:00,22.321,,,,,
22592,12/01/25 15:45:00,22.298,,,,,
22593,12/01/25 16:00:00,22.274,,,,,
22594,12/01/25 16:15:00,22.011,,,,,
22595,12/01/25 16:30:00,21.748,,,,,
22596,12/01/25 16:45:00,21.652,,,,,
22597,12/01/25 17:00:00,21.772,,,,,
22598,12/01/25 17:15:00,21.867,,,,,
22599,12/01/25 17:30:00,21.939,,,,,
22600,12/01/25 17:45:00,22.011,,,,,
22601,12/01/25 18:00:00,22.082,,,,,
22602,12/01/25 18:15:00,22.130,,,,,
22603,12/01/25 18:30:00,22.178,,,,,
22604,12/01/25 18:45:00,22.178,,,,,
22605,12/01/25 19:00:00,22.154,,,,,
22606,12/01/25 19:15:00,22.082,,,,,
22607,12/01/25 19:30:00,22.034,,,,,
22608,12/01/25 19:45:00,21.987,,,,,
22609,12/01/25 20:00:00,21.939,,,,,
22610,12/01/25 20:15:00,21.891,,,,,
22611,12/01/25 20:30:00,21.867,,,,,
22612,12/01/25 20:45:00,21.819,,,,,
22613,12/01/25 21:00:00,21.819,,,,,
22614,12/01/25 21:15:00,21.795,,,,,
22615,12/01/25 21:30:00,21.819,,,,,
22616,12/01/25 21:45:00,21.795,,,,,
22617,12/01/25 22:00:00,21.819,,,,,
22618,12/01/25 22:15:00,21.987,,,,,
22619,12/01/25 22:30:00,22.178,,,,,
22620,12/01/25 22:45:00,22.321,,,,,
22621,12/01/25 23:00:00,22.441,,,,,
22622,12/01/25 23:15:00,22.537,,,,,
22623,12/01/25 23:30:00,22.633,,,,,
22624,12/01/25 23:45:00,22.729,,,,,
22625,12/02/25 00:00:00,22.776,,,,,
22626,12/02/25 00:15:00,22.872,,,,,
22627,12/02/25 00:30:00,22.944,,,,,
22628,12/02/25 00:45:00,23.040,,,,,
22629,12/02/25 01:00:00,23.112,,,,,
22630,12/02/25 01:15:00,23.184,,,,,
22631,12/02/25 01:30:00,23.256,,,,,
22632,12/02/25 01:45:00,23.328,,,,,
22633,12/02/25 02:00:00,23.376,,,,,
22634,12/02/25 02:15:00,23.448,,,,,
22635,12/02/25 02:30:00,23.497,,,,,
22636,12/02/25 02:45:00,23.545,,,,,
22637,12/02/25 03:00:00,23.593,,,,,
22638,12/02/25 03:15:00,23.641,,,,,
22639,12/02/25 03:30:00,23.665,,,,,
22640,12/02/25 03:45:00,23.713,,,,,
22641,12/02/25 04:00:00,23.737,,,,,
22642,12/02/25 04:15:00,23.785,,,,,
22643,12/02/25 04:30:00,23.833,,,,,
22644,12/02/25 04:45:00,23.857,,,,,
22645,12/02/25 05:00:00,23.881,,,,,
22646,12/02/25 05:15:00,23.881,,,,,
22647,12/02/25 05:30:00,23.833,,,,,
22648,12/02/25 05:45:00,23.785,,,,,
22649,12/02/25 06:00:00,23.737,,,,,
22650,12/02/25 06:15:00,23.328,,,,,
22651,12/02/25 06:30:00,22.753,,,,,
22652,12/02/25 06:45:00,22.369,,,,,
22653,12/02/25 07:00:00,22.345,,,,,
22654,12/02/25 07:15:00,22.345,,,,,
22655,12/02/25 07:30:00,22.345,,,,,
22656,12/02/25 07:45:00,22.393,,,,,
22657,12/02/25 08:00:00,22.489,,,,,
22658,12/02/25 08:15:00,22.561,,,,,
22659,12/02/25 08:30:00,22.609,,,,,
22660,12/02/25 08:45:00,22.681,,,,,
22661,12/02/25 09:00:00,22.729,,,,,
22662,12/02/25 09:15:00,22.753,,,,,
22663,12/02/25 09:30:00,22.776,,,,,
22664,12/02/25 09:45:00,22.776,,,,,
22665,12/02/25 10:00:00,22.800,,,,,
22666,12/02/25 10:15:00,22.824,,,,,
22667,12/02/25 10:30:00,22.800,,,,,
22668,12/02/25 10:45:00,22.992,,,,,
22669,12/02/25 11:00:00,22.896,,,,,
22670,12/02/25 11:15:00,22.753,,,,,
22671,12/02/25 11:30:00,22.609,,,,,
22672,12/02/25 11:45:00,22.537,,,,,
22673,12/02/25 12:00:00,22.513,,,,,
22674,12/02/25 12:15:00,22.537,,,,,
22675,12/02/25 12:30:00,22.681,,,,,
22676,12/02/25 12:45:00,22.776,,,,,
22677,12/02/25 13:00:00,22.681,,,,,
22678,12/02/25 13:15:00,22.729,,,,,
22679,12/02/25 13:30:00,22.729,,,,,
22680,12/02/25 13:45:00,22.705,,,,,
22681,12/02/25 14:00:00,22.657,,,,,
22682,12/02/25 14:15:00,22.633,,,,,
22683,12/02/25 14:30:00,22.609,,,,,
22684,12/02/25 14:45:00,22.561,,,,,
22685,12/02/25 15:00:00,22.417,,,,,
22686,12/02/25 15:15:00,22.250,,,,,
22687,12/02/25 15:30:00,22.274,,,,,
22688,12/02/25 15:45:00,22.250,,,,,
22689,12/02/25 16:00:00,22.226,,,,,
22690,12/02/25 16:15:00,22.226,,,,,
22691,12/02/25 16:30:00,22.226,,,,,
22692,12/02/25 16:45:00,22.226,,,,,
22693,12/02/25 17:00:00,22.202,,,,,
22694,12/02/25 17:15:00,22.178,,,,,
22695,12/02/25 17:30:00,22.082,,,,,
22696,12/02/25 17:45:00,22.130,,,,,
22697,12/02/25 18:00:00,22.226,,,,,
22698,12/02/25 18:15:00,22.226,,,,,
22699,12/02/25 18:30:00,22.202,,,,,
22700,12/02/25 18:45:00,22.130,,,,,
22701,12/02/25 19:00:00,22.106,,,,,
22702,12/02/25 19:15:00,22.058,,,,,
22703,12/02/25 19:30:00,22.011,,,,,
22704,12/02/25 19:45:00,21.963,,,,,
22705,12/02/25 20:00:00,21.939,,,,,
22706,12/02/25 20:15:00,21.939,,,,,
22707,12/02/25 20:30:00,21.963,,,,,
22708,12/02/25 20:45:00,22.130,,,,,
22709,12/02/25 21:00:00,22.298,,,,,
22710,12/02/25 21:15:00,22.250,,,,,
22711,12/02/25 21:30:00,22.178,,,,,
22712,12/02/25 21:45:00,22.130,,,,,
22713,12/02/25 22:00:00,22.250,,,,,
22714,12/02/25 22:15:00,22.441,,,,,
22715,12/02/25 22:30:00,22.633,,,,,
22716,12/02/25 22:45:00,22.824,,,,,
22717,12/02/25 23:00:00,22.968,,,,,
22718,12/02/25 23:15:00,23.112,,,,,
22719,12/02/25 23:30:00,23.208,,,,,
22720,12/02/25 23:45:00,23.304,,,,,
22721,12/03/25 00:00:00,23.400,,,,,
22722,12/03/25 00:15:00,23.497,,,,,
22723,12/03/25 00:30:00,23.545,,,,,
22724,12/03/25 00:45:00,23.569,,,,,
22725,12/03/25 01:00:00,23.593,,,,,
22726,12/03/25 01:15:00,23.617,,,,,
22727,12/03/25 01:30:00,23.641,,,,,
22728,12/03/25 01:45:00,23.665,,,,,
22729,12/03/25 02:00:00,23.689,,,,,
22730,12/03/25 02:15:00,23.737,,,,,
22731,12/03/25 02:30:00,23.761,,,,,
22732,12/03/25 02:45:00,23.785,,,,,
22733,12/03/25 03:00:00,23.809,,,,,
22734,12/03/25 03:15:00,23.833,,,,,
22735,12/03/25 03:30:00,23.881,,,,,
22736,12/03/25 03:45:00,23.905,,,,,
22737,12/03/25 04:00:00,23.930,,,,,
22738,12/03/25 04:15:00,23.954,,,,,
22739,12/03/25 04:30:00,23.978,,,,,
22740,12/03/25 04:45:00,24.002,,,,,
22741,12/03/25 05:00:00,24.026,,,,,
22742,12/03/25 05:15:00,24.002,,,,,
22743,12/03/25 05:30:00,24.002,,,,,
22744,12/03/25 05:45:00,23.978,,,,,
22745,12/03/25 06:00:00,23.930,,,,,
22746,12/03/25 06:15:00,23.665,,,,,
22747,12/03/25 06:30:00,23.208,,,,,
22748,12/03/25 06:45:00,22.824,,,,,
22749,12/03/25 07:00:00,22.657,,,,,
22750,12/03/25 07:15:00,22.537,,,,,
22751,12/03/25 07:30:00,22.465,,,,,
22752,12/03/25 07:45:00,22.441,,,,,
22753,12/03/25 08:00:00,22.465,,,,,
22754,12/03/25 08:15:00,22.489,,,,,
22755,12/03/25 08:30:00,22.513,,,,,
22756,12/03/25 08:45:00,22.537,,,,,
22757,12/03/25 09:00:00,22.537,,,,,
22758,12/03/25 09:15:00,22.561,,,,,
22759,12/03/25 09:30:00,22.561,,,,,
22760,12/03/25 09:45:00,22.585,,,,,
22761,12/03/25 10:00:00,22.609,,,,,
22762,12/03/25 10:15:00,22.609,,,,,
22763,12/03/25 10:30:00,22.609,,,,,
22764,12/03/25 10:45:00,22.609,,,,,
22765,12/03/25 11:00:00,22.609,,,,,
22766,12/03/25 11:15:00,22.609,,,,,
22767,12/03/25 11:30:00,22.585,,,,,
22768,12/03/25 11:45:00,22.561,,,,,
22769,12/03/25 12:00:00,22.537,,,,,
22770,12/03/25 12:15:00,22.537,,,,,
22771,12/03/25 12:30:00,22.513,,,,,
22772,12/03/25 12:45:00,22.513,,,,,
22773,12/03/25 13:00:00,22.513,,,,,
22774,12/03/25 13:15:00,22.513,,,,,
22775,12/03/25 13:30:00,22.537,,,,,
22776,12/03/25 13:45:00,22.489,,,,,
22777,12/03/25 14:00:00,22.321,,,,,
22778,12/03/25 14:15:00,22.154,,,,,
22779,12/03/25 14:30:00,22.034,,,,,
22780,12/03/25 14:45:00,22.034,,,,,
22781,12/03/25 15:00:00,22.106,,,,,
22782,12/03/25 15:15:00,22.202,,,,,
22783,12/03/25 15:30:00,22.274,,,,,
22784,12/03/25 15:45:00,22.298,,,,,
22785,12/03/25 16:00:00,22.250,,,,,
22786,12/03/25 16:15:00,22.178,,,,,
22787,12/03/25 16:30:00,22.082,,,,,
22788,12/03/25 16:45:00,22.058,,,,,
22789,12/03/25 17:00:00,22.130,,,,,
22790,12/03/25 17:15:00,22.178,,,,,
22791,12/03/25 17:30:00,22.202,,,,,
22792,12/03/25 17:45:00,22.274,,,,,
22793,12/03/25 18:00:00,22.298,,,,,
22794,12/03/25 18:15:00,22.154,,,,,
22795,12/03/25 18:30:00,22.130,,,,,
22796,12/03/25 18:45:00,22.154,,,,,
22797,12/03/25 19:00:00,22.154,,,,,
22798,12/03/25 19:15:00,22.154,,,,,
22799,12/03/25 19:30:00,22.154,,,,,
22800,12/03/25 19:45:00,22.130,,,,,
22801,12/03/25 20:00:00,22.058,,,,,
22802,12/03/25 20:15:00,22.034,,,,,
22803,12/03/25 20:30:00,22.058,,,,,
22804,12/03/25 20:45:00,22.058,,,,,
22805,12/03/25 21:00:00,22.058,,,,,
22806,12/03/25 21:15:00,22.034,,,,,
22807,12/03/25 21:30:00,22.034,,,,,
22808,12/03/25 21:45:00,22.034,,,,,
22809,12/03/25 22:00:00,22.011,,,,,
22810,12/03/25 22:15:00,22.178,,,,,
22811,12/03/25 22:30:00,22.369,,,,,
22812,12/03/25 22:45:00,22.513,,,,,
22813,12/03/25 23:00:00,22.609,,,,,
22814,12/03/25 23:15:00,22.705,,,,,
22815,12/03/25 23:30:00,22.776,,,,,
22816,12/03/25 23:45:00,22.848,,,,,
22817,12/04/25 00:00:00,22.920,,,,,
22818,12/04/25 00:15:00,22.992,,,,,
22819,12/04/25 00:30:00,23.064,,,,,
22820,12/04/25 00:45:00,23.136,,,,,
22821,12/04/25 01:00:00,23.184,,,,,
22822,12/04/25 01:15:00,23.256,,,,,
22823,12/04/25 01:30:00,23.304,,,,,
22824,12/04/25 01:45:00,23.376,,,,,
22825,12/04/25 02:00:00,23.448,,,,,
22826,12/04/25 02:15:00,23.497,,,,,
22827,12/04/25 02:30:00,23.545,,,,,
22828,12/04/25 02:45:00,23.593,,,,,
22829,12/04/25 03:00:00,23.641,,,,,
22830,12/04/25 03:15:00,23.689,,,,,
22831,12/04/25 03:30:00,23.737,,,,,
22832,12/04/25 03:45:00,23.785,,,,,
22833,12/04/25 04:00:00,23.833,,,,,
22834,12/04/25 04:15:00,23.857,,,,,
22835,12/04/25 04:30:00,23.905,,,,,
22836,12/04/25 04:45:00,23.930,,,,,
22837,12/04/25 05:00:00,23.978,,,,,
22838,12/04/25 05:15:00,24.002,,,,,
22839,12/04/25 05:30:00,24.002,,,,,
22840,12/04/25 05:45:00,23.978,,,,,
22841,12/04/25 06:00:00,23.954,,,,,
22842,12/04/25 06:15:00,23.737,,,,,
22843,12/04/25 06:30:00,23.304,,,,,
22844,12/04/25 06:45:00,22.920,,,,,
22845,12/04/25 07:00:00,22.585,,,,,
22846,12/04/25 07:15:00,22.465,,,,,
22847,12/04/25 07:30:00,22.441,,,,,
22848,12/04/25 07:45:00,22.489,,,,,
22849,12/04/25 08:00:00,22.537,,,,,
22850,12/04/25 08:15:00,22.609,,,,,
22851,12/04/25 08:30:00,22.681,,,,,
22852,12/04/25 08:45:00,22.729,,,,,
22853,12/04/25 09:00:00,22.776,,,,,
22854,12/04/25 09:15:00,22.800,,,,,
22855,12/04/25 09:30:00,22.800,,,,,
22856,12/04/25 09:45:00,22.776,,,,,
22857,12/04/25 10:00:00,22.729,,,,,
22858,12/04/25 10:15:00,22.705,,,,,
22859,12/04/25 10:30:00,22.681,,,,,
22860,12/04/25 10:45:00,22.657,,,,,
22861,12/04/25 11:00:00,22.633,,,,,
22862,12/04/25 11:15:00,22.585,,,,,
22863,12/04/25 11:30:00,22.561,,,,,
22864,12/04/25 11:45:00,22.681,,,,,
22865,12/04/25 12:00:00,22.609,,,,,
22866,12/04/25 12:15:00,22.585,,,,,
22867,12/04/25 12:30:00,22.561,,,,,
22868,12/04/25 12:45:00,22.561,,,,,
22869,12/04/25 13:00:00,22.561,,,,,
22870,12/04/25 13:15:00,22.537,,,,,
22871,12/04/25 13:30:00,22.441,,,,,
22872,12/04/25 13:45:00,22.393,,,,,
22873,12/04/25 14:00:00,22.369,,,,,
22874,12/04/25 14:15:00,22.345,,,,,
22875,12/04/25 14:30:00,22.345,,,,,
22876,12/04/25 14:45:00,22.369,,,,,
22877,12/04/25 15:00:00,22.393,,,,,
22878,12/04/25 15:15:00,22.393,,,,,
22879,12/04/25 15:30:00,22.417,,,,,
22880,12/04/25 15:45:00,22.441,,,,,
22881,12/04/25 16:00:00,22.417,,,,,
22882,12/04/25 16:15:00,22.345,,,,,
22883,12/04/25 16:30:00,22.250,,,,,
22884,12/04/25 16:45:00,22.130,,,,,
22885,12/04/25 17:00:00,22.034,,,,,
22886,12/04/25 17:15:00,22.034,,,,,
22887,12/04/25 17:30:00,22.034,,,,,
22888,12/04/25 17:45:00,22.058,,,,,
22889,12/04/25 18:00:00,22.058,,,,,
22890,12/04/25 18:15:00,22.058,,,,,
22891,12/04/25 18:30:00,22.058,,,,,
22892,12/04/25 18:45:00,22.058,,,,,
22893,12/04/25 19:00:00,22.058,,,,,
22894,12/04/25 19:15:00,22.034,,,,,
22895,12/04/25 19:30:00,22.034,,,,,
22896,12/04/25 19:45:00,22.034,,,,,
22897,12/04/25 20:00:00,22.034,,,,,
22898,12/04/25 20:15:00,22.011,,,,,
22899,12/04/25 20:30:00,21.987,,,,,
22900,12/04/25 20:45:00,21.963,,,,,
22901,12/04/25 21:00:00,21.939,,,,,
22902,12/04/25 21:15:00,21.915,,,,,
22903,12/04/25 21:30:00,21.867,,,,,
22904,12/04/25 21:45:00,21.867,,,,,
22905,12/04/25 22:00:00,22.011,,,,,
22906,12/04/25 22:15:00,22.178,,,,,
22907,12/04/25 22:30:00,22.298,,,,,
22908,12/04/25 22:45:00,22.441,,,,,
22909,12/04/25 23:00:00,22.537,,,,,
22910,12/04/25 23:15:00,22.657,,,,,
22911,12/04/25 23:30:00,22.729,,,,,
22912,12/04/25 23:45:00,22.800,,,,,
22913,12/05/25 00:00:00,22.872,,,,,
22914,12/05/25 00:15:00,22.944,,,,,
22915,12/05/25 00:30:00,22.992,,,,,
22916,12/05/25 00:45:00,23.064,,,,,
22917,12/05/25 01:00:00,23.112,,,,,
22918,12/05/25 01:15:00,23.160,,,,,
22919,12/05/25 01:30:00,23.232,,,,,
22920,12/05/25 01:45:00,23.280,,,,,
22921,12/05/25 02:00:00,23.328,,,,,
22922,12/05/25 02:15:00,23.376,,,,,
22923,12/05/25 02:30:00,23.424,,,,,
22924,12/05/25 02:45:00,23.472,,,,,
22925,12/05/25 03:00:00,23.497,,,,,
22926,12/05/25 03:15:00,23.545,,,,,
22927,12/05/25 03:30:00,23.569,,,,,
22928,12/05/25 03:45:00,23.617,,,,,
22929,12/05/25 04:00:00,23.641,,,,,
22930,12/05/25 04:15:00,23.689,,,,,
22931,12/05/25 04:30:00,23.713,,,,,
22932,12/05/25 04:45:00,23.737,,,,,
22933,12/05/25 05:00:00,23.785,,,,,
22934,12/05/25 05:15:00,23.785,,,,,
22935,12/05/25 05:30:00,23.809,,,,,
22936,12/05/25 05:45:00,23.785,,,,,
22937,12/05/25 06:00:00,23.761,,,,,
22938,12/05/25 06:15:00,23.521,,,,,
22939,12/05/25 06:30:00,23.088,,,,,
22940,12/05/25 06:45:00,22.800,,,,,
22941,12/05/25 07:00:00,22.633,,,,,
22942,12/05/25 07:15:00,22.513,,,,,
22943,12/05/25 07:30:00,22.441,,,,,
22944,12/05/25 07:45:00,22.393,,,,,
22945,12/05/25 08:00:00,22.393,,,,,
22946,12/05/25 08:15:00,22.441,,,,,
22947,12/05/25 08:30:00,22.465,,,,,
22948,12/05/25 08:45:00,22.489,,,,,
22949,12/05/25 09:00:00,22.537,,,,,
22950,12/05/25 09:15:00,22.561,,,,,
22951,12/05/25 09:30:00,22.585,,,,,
22952,12/05/25 09:45:00,22.585,,,,,
22953,12/05/25 10:00:00,22.585,,,,,
22954,12/05/25 10:15:00,22.561,,,,,
22955,12/05/25 10:30:00,22.609,,,,,
22956,12/05/25 10:45:00,22.633,,,,,
22957,12/05/25 11:00:00,22.657,,,,,
22958,12/05/25 11:15:00,22.681,,,,,
22959,12/05/25 11:30:00,22.729,,,,,
22960,12/05/25 11:45:00,22.753,,,,,
22961,12/05/25 12:00:00,22.753,,,,,
22962,12/05/25 12:15:00,22.753,,,,,
22963,12/05/25 12:30:00,22.753,,,,,
22964,12/05/25 12:45:00,22.800,,,,,
22965,12/05/25 13:00:00,22.776,,,,,
22966,12/05/25 13:15:00,22.776,,,,,
22967,12/05/25 13:30:00,22.776,,,,,
22968,12/05/25 13:45:00,22.776,,,,,
22969,12/05/25 14:00:00,22.776,,,,,
22970,12/05/25 14:15:00,22.776,,,,,
22971,12/05/25 14:30:00,22.800,,,,,
22972,12/05/25 14:45:00,22.800,,,,,
22973,12/05/25 15:00:00,22.848,,,,,
22974,12/05/25 15:15:00,22.800,,,,,
22975,12/05/25 15:30:00,22.776,,,,,
22976,12/05/25 15:45:00,22.729,,,,,
22977,12/05/25 16:00:00,22.681,,,,,
22978,12/05/25 16:15:00,22.561,,,,,
22979,12/05/25 16:30:00,22.465,,,,,
22980,12/05/25 16:45:00,22.393,,,,,
22981,12/05/25 17:00:00,22.321,,,,,
22982,12/05/25 17:15:00,22.250,,,,,
22983,12/05/25 17:30:00,22.154,,,,,
22984,12/05/25 17:45:00,22.082,,,,,
22985,12/05/25 18:00:00,22.082,,,,,
22986,12/05/25 18:15:00,22.106,,,,,
22987,12/05/25 18:30:00,22.154,,,,,
22988,12/05/25 18:45:00,22.178,,,,,
22989,12/05/25 19:00:00,22.202,,,,,
22990,12/05/25 19:15:00,22.202,,,,,
22991,12/05/25 19:30:00,22.202,,,,,
22992,12/05/25 19:45:00,22.202,,,,,
22993,12/05/25 20:00:00,22.178,,,,,
22994,12/05/25 20:15:00,22.178,,,,,
22995,12/05/25 20:30:00,22.154,,,,,
22996,12/05/25 20:45:00,22.154,,,,,
22997,12/05/25 21:00:00,22.130,,,,,
22998,12/05/25 21:15:00,22.106,,,,,
22999,12/05/25 21:30:00,22.106,,,,,
23000,12/05/25 21:45:00,22.082,,,,,
23001,12/05/25 22:00:00,22.058,,,,,
23002,12/05/25 22:15:00,22.154,,,,,
23003,12/05/25 22:30:00,22.274,,,,,
23004,12/05/25 22:45:00,22.369,,,,,
23005,12/05/25 23:00:00,22.465,,,,,
23006,12/05/25 23:15:00,22.561,,,,,
23007,12/05/25 23:30:00,22.633,,,,,
23008,12/05/25 23:45:00,22.705,,,,,
23009,12/06/25 00:00:00,22.753,,,,,
23010,12/06/25 00:15:00,22.824,,,,,
23011,12/06/25 00:30:00,22.872,,,,,
23012,12/06/25 00:45:00,22.920,,,,,
23013,12/06/25 01:00:00,22.968,,,,,
23014,12/06/25 01:15:00,23.016,,,,,
23015,12/06/25 01:30:00,23.088,,,,,
23016,12/06/25 01:45:00,23.136,,,,,
23017,12/06/25 02:00:00,23.184,,,,,
23018,12/06/25 02:15:00,23.232,,,,,
23019,12/06/25 02:30:00,23.280,,,,,
23020,12/06/25 02:45:00,23.304,,,,,
23021,12/06/25 03:00:00,23.352,,,,,
23022,12/06/25 03:15:00,23.376,,,,,
23023,12/06/25 03:30:00,23.424,,,,,
23024,12/06/25 03:45:00,23.448,,,,,
23025,12/06/25 04:00:00,23.497,,,,,
23026,12/06/25 04:15:00,23.521,,,,,
23027,12/06/25 04:30:00,23.545,,,,,
23028,12/06/25 04:45:00,23.569,,,,,
23029,12/06/25 05:00:00,23.593,,,,,
23030,12/06/25 05:15:00,23.641,,,,,
23031,12/06/25 05:30:00,23.641,,,,,
23032,12/06/25 05:45:00,23.641,,,,,
23033,12/06/25 06:00:00,23.617,,,,,
23034,12/06/25 06:15:00,23.400,,,,,
23035,12/06/25 06:30:00,23.016,,,,,
23036,12/06/25 06:45:00,22.776,,,,,
23037,12/06/25 07:00:00,22.609,,,,,
23038,12/06/25 07:15:00,22.489,,,,,
23039,12/06/25 07:30:00,22.417,,,,,
23040,12/06/25 07:45:00,22.393,,,,,
23041,12/06/25 08:00:00,22.489,,,,,
23042,12/06/25 08:15:00,22.585,,,,,
23043,12/06/25 08:30:00,22.585,,,,,
23044,12/06/25 08:45:00,22.561,,,,,
23045,12/06/25 09:00:00,22.513,,,,,
23046,12/06/25 09:15:00,22.585,,,,,
23047,12/06/25 09:30:00,22.729,,,,,
23048,12/06/25 09:45:00,22.776,,,,,
23049,12/06/25 10:00:00,22.681,,,,,
23050,12/06/25 10:15:00,22.633,,,,,
23051,12/06/25 10:30:00,22.753,,,,,
23052,12/06/25 10:45:00,22.776,,,,,
23053,12/06/25 11:00:00,22.681,,,,,
23054,12/06/25 11:15:00,22.561,,,,,
23055,12/06/25 11:30:00,22.441,,,,,
23056,12/06/25 11:45:00,22.537,,,,,
23057,12/06/25 12:00:00,22.657,,,,,
23058,12/06/25 12:15:00,22.609,,,,,
23059,12/06/25 12:30:00,22.513,,,,,
23060,12/06/25 12:45:00,22.417,,,,,
23061,12/06/25 13:00:00,22.345,,,,,
23062,12/06/25 13:15:00,22.369,,,,,
23063,12/06/25 13:30:00,22.513,,,,,
23064,12/06/25 13:45:00,22.561,,,,,
23065,12/06/25 14:00:00,22.513,,,,,
23066,12/06/25 14:15:00,22.441,,,,,
23067,12/06/25 14:30:00,22.393,,,,,
23068,12/06/25 14:45:00,22.345,,,,,
23069,12/06/25 15:00:00,22.393,,,,,
23070,12/06/25 15:15:00,22.537,,,,,
23071,12/06/25 15:30:00,22.513,,,,,
23072,12/06/25 15:45:00,22.417,,,,,
23073,12/06/25 16:00:00,22.345,,,,,
23074,12/06/25 16:15:00,22.274,,,,,
23075,12/06/25 16:30:00,22.226,,,,,
23076,12/06/25 16:45:00,22.178,,,,,
23077,12/06/25 17:00:00,22.178,,,,,
23078,12/06/25 17:15:00,22.321,,,,,
23079,12/06/25 17:30:00,22.393,,,,,
23080,12/06/25 17:45:00,22.345,,,,,
23081,12/06/25 18:00:00,22.298,,,,,
23082,12/06/25 18:15:00,22.202,,,,,
23083,12/06/25 18:30:00,22.154,,,,,
23084,12/06/25 18:45:00,22.106,,,,,
23085,12/06/25 19:00:00,22.202,,,,,
23086,12/06/25 19:15:00,22.321,,,,,
23087,12/06/25 19:30:00,22.274,,,,,
23088,12/06/25 19:45:00,22.154,,,,,
23089,12/06/25 20:00:00,22.154,,,,,
23090,12/06/25 20:15:00,22.298,,,,,
23091,12/06/25 20:30:00,22.298,,,,,
23092,12/06/25 20:45:00,22.202,,,,,
23093,12/06/25 21:00:00,22.154,,,,,
23094,12/06/25 21:15:00,22.274,,,,,
23095,12/06/25 21:30:00,22.345,,,,,
23096,12/06/25 21:45:00,22.226,,,,,
23097,12/06/25 22:00:00,22.154,,,,,
23098,12/06/25 22:15:00,22.274,,,,,
23099,12/06/25 22:30:00,22.393,,,,,
23100,12/06/25 22:45:00,22.489,,,,,
23101,12/06/25 23:00:00,22.585,,,,,
23102,12/06/25 23:15:00,22.657,,,,,
23103,12/06/25 23:30:00,22.729,,,,,
23104,12/06/25 23:45:00,22.800,,,,,
23105,12/07/25 00:00:00,22.848,,,,,
23106,12/07/25 00:15:00,22.920,,,,,
23107,12/07/25 00:30:00,22.968,,,,,
23108,12/07/25 00:45:00,23.016,,,,,
23109,12/07/25 01:00:00,23.088,,,,,
23110,12/07/25 01:15:00,23.136,,,,,
23111,12/07/25 01:30:00,23.184,,,,,
23112,12/07/25 01:45:00,23.232,,,,,
23113,12/07/25 02:00:00,23.280,,,,,
23114,12/07/25 02:15:00,23.328,,,,,
23115,12/07/25 02:30:00,23.376,,,,,
23116,12/07/25 02:45:00,23.400,,,,,
23117,12/07/25 03:00:00,23.448,,,,,
23118,12/07/25 03:15:00,23.472,,,,,
23119,12/07/25 03:30:00,23.521,,,,,
23120,12/07/25 03:45:00,23.545,,,,,
23121,12/07/25 04:00:00,23.569,,,,,
23122,12/07/25 04:15:00,23.617,,,,,
23123,12/07/25 04:30:00,23.641,,,,,
23124,12/07/25 04:45:00,23.665,,,,,
23125,12/07/25 05:00:00,23.689,,,,,
23126,12/07/25 05:15:00,23.713,,,,,
23127,12/07/25 05:30:00,23.713,,,,,
23128,12/07/25 05:45:00,23.713,,,,,
23129,12/07/25 06:00:00,23.689,,,,,
23130,12/07/25 06:15:00,23.448,,,,,
23131,12/07/25 06:30:00,23.064,,,,,
23132,12/07/25 06:45:00,22.800,,,,,
23133,12/07/25 07:00:00,22.657,,,,,
23134,12/07/25 07:15:00,22.537,,,,,
23135,12/07/25 07:30:00,22.441,,,,,
23136,12/07/25 07:45:00,22.393,,,,,
23137,12/07/25 08:00:00,22.417,,,,,
23138,12/07/25 08:15:00,22.585,,,,,
23139,12/07/25 08:30:00,22.729,,,,,
23140,12/07/25 08:45:00,22.753,,,,,
23141,12/07/25 09:00:00,22.729,,,,,
23142,12/07/25 09:15:00,22.705,,,,,
23143,12/07/25 09:30:00,22.681,,,,,
23144,12/07/25 09:45:00,22.657,,,,,
23145,12/07/25 10:00:00,22.633,,,,,
23146,12/07/25 10:15:00,22.609,,,,,
23147,12/07/25 10:30:00,22.753,,,,,
23148,12/07/25 10:45:00,22.848,,,,,
23149,12/07/25 11:00:00,22.776,,,,,
23150,12/07/25 11:15:00,22.705,,,,,
23151,12/07/25 11:30:00,22.633,,,,,
23152,12/07/25 11:45:00,22.585,,,,,
23153,12/07/25 12:00:00,22.513,,,,,
23154,12/07/25 12:15:00,22.465,,,,,
23155,12/07/25 12:30:00,22.417,,,,,
23156,12/07/25 12:45:00,22.393,,,,,
23157,12/07/25 13:00:00,22.369,,,,,
23158,12/07/25 13:15:00,22.345,,,,,
23159,12/07/25 13:30:00,22.321,,,,,
23160,12/07/25 13:45:00,22.298,,,,,
23161,12/07/25 14:00:00,22.298,,,,,
23162,12/07/25 14:15:00,22.298,,,,,
23163,12/07/25 14:30:00,22.250,,,,,
23164,12/07/25 14:45:00,22.250,,,,,
23165,12/07/25 15:00:00,22.202,,,,,
23166,12/07/25 15:15:00,22.178,,,,,
23167,12/07/25 15:30:00,22.154,,,,,
23168,12/07/25 15:45:00,22.106,,,,,
23169,12/07/25 16:00:00,22.082,,,,,
23170,12/07/25 16:15:00,22.034,,,,,
23171,12/07/25 16:30:00,22.011,,,,,
23172,12/07/25 16:45:00,21.987,,,,,
23173,12/07/25 17:00:00,21.963,,,,,
23174,12/07/25 17:15:00,21.963,,,,,
23175,12/07/25 17:30:00,21.939,,,,,
23176,12/07/25 17:45:00,21.915,,,,,
23177,12/07/25 18:00:00,21.891,,,,,
23178,12/07/25 18:15:00,22.011,,,,,
23179,12/07/25 18:30:00,22.106,,,,,
23180,12/07/25 18:45:00,22.154,,,,,
23181,12/07/25 19:00:00,22.130,,,,,
23182,12/07/25 19:15:00,22.106,,,,,
23183,12/07/25 19:30:00,22.082,,,,,
23184,12/07/25 19:45:00,22.106,,,,,
23185,12/07/25 20:00:00,22.226,,,,,
23186,12/07/25 20:15:00,22.298,,,,,
23187,12/07/25 20:30:00,22.202,,,,,
23188,12/07/25 20:45:00,22.154,,,,,
23189,12/07/25 21:00:00,22.250,,,,,
23190,12/07/25 21:15:00,22.274,,,,,
23191,12/07/25 21:30:00,22.226,,,,,
23192,12/07/25 21:45:00,22.178,,,,,
23193,12/07/25 22:00:00,22.250,,,,,
23194,12/07/25 22:15:00,22.345,,,,,
23195,12/07/25 22:30:00,22.465,,,,,
23196,12/07/25 22:45:00,22.561,,,,,
23197,12/07/25 23:00:00,22.633,,,,,
23198,12/07/25 23:15:00,22.705,,,,,
23199,12/07/25 23:30:00,22.776,,,,,
23200,12/07/25 23:45:00,22.848,,,,,
23201,12/08/25 00:00:00,22.896,,,,,
23202,12/08/25 00:15:00,22.944,,,,,
23203,12/08/25 00:30:00,22.992,,,,,
23204,12/08/25 00:45:00,23.040,,,,,
23205,12/08/25 01:00:00,23.088,,,,,
23206,12/08/25 01:15:00,23.136,,,,,
23207,12/08/25 01:30:00,23.208,,,,,
23208,12/08/25 01:45:00,23.256,,,,,
23209,12/08/25 02:00:00,23.280,,,,,
23210,12/08/25 02:15:00,23.328,,,,,
23211,12/08/25 02:30:00,23.376,,,,,
23212,12/08/25 02:45:00,23.424,,,,,
23213,12/08/25 03:00:00,23.472,,,,,
23214,12/08/25 03:15:00,23.497,,,,,
23215,12/08/25 03:30:00,23.545,,,,,
23216,12/08/25 03:45:00,23.593,,,,,
23217,12/08/25 04:00:00,23.617,,,,,
23218,12/08/25 04:15:00,23.665,,,,,
23219,12/08/25 04:30:00,23.689,,,,,
23220,12/08/25 04:45:00,23.737,,,,,
23221,12/08/25 05:00:00,23.761,,,,,
23222,12/08/25 05:15:00,23.785,,,,,
23223,12/08/25 05:30:00,23.785,,,,,
23224,12/08/25 05:45:00,23.761,,,,,
23225,12/08/25 06:00:00,23.737,,,,,
23226,12/08/25 06:15:00,23.521,,,,,
23227,12/08/25 06:30:00,23.112,,,,,
23228,12/08/25 06:45:00,22.776,,,,,
23229,12/08/25 07:00:00,22.609,,,,,
23230,12/08/25 07:15:00,22.489,,,,,
23231,12/08/25 07:30:00,22.417,,,,,
23232,12/08/25 07:45:00,22.417,,,,,
23233,12/08/25 08:00:00,22.417,,,,,
23234,12/08/25 08:15:00,22.441,,,,,
23235,12/08/25 08:30:00,22.465,,,,,
23236,12/08/25 08:45:00,22.489,,,,,
23237,12/08/25 09:00:00,22.489,,,,,
23238,12/08/25 09:15:00,22.489,,,,,
23239,12/08/25 09:30:00,22.513,,,,,
23240,12/08/25 09:45:00,22.537,,,,,
23241,12/08/25 10:00:00,22.633,,,,,
23242,12/08/25 10:15:00,22.681,,,,,
23243,12/08/25 10:30:00,22.729,,,,,
23244,12/08/25 10:45:00,22.776,,,,,
23245,12/08/25 11:00:00,22.824,,,,,
23246,12/08/25 11:15:00,22.872,,,,,
23247,12/08/25 11:30:00,22.896,,,,,
23248,12/08/25 11:45:00,22.824,,,,,
23249,12/08/25 12:00:00,22.753,,,,,
23250,12/08/25 12:15:00,22.681,,,,,
23251,12/08/25 12:30:00,22.609,,,,,
23252,12/08/25 12:45:00,22.585,,,,,
23253,12/08/25 13:00:00,22.585,,,,,
23254,12/08/25 13:15:00,22.561,,,,,
23255,12/08/25 13:30:00,22.561,,,,,
23256,12/08/25 13:45:00,22.561,,,,,
23257,12/08/25 14:00:00,22.537,,,,,
23258,12/08/25 14:15:00,22.537,,,,,
23259,12/08/25 14:30:00,22.537,,,,,
23260,12/08/25 14:45:00,22.537,,,,,
23261,12/08/25 15:00:00,22.537,,,,,
23262,12/08/25 15:15:00,22.537,,,,,
23263,12/08/25 15:30:00,22.513,,,,,
23264,12/08/25 15:45:00,22.513,,,,,
23265,12/08/25 16:00:00,22.489,,,,,
23266,12/08/25 16:15:00,22.465,,,,,
23267,12/08/25 16:30:00,22.465,,,,,
23268,12/08/25 16:45:00,22.441,,,,,
23269,12/08/25 17:00:00,22.393,,,,,
23270,12/08/25 17:15:00,22.298,,,,,
23271,12/08/25 17:30:00,22.321,,,,,
23272,12/08/25 17:45:00,22.345,,,,,
23273,12/08/25 18:00:00,22.393,,,,,
23274,12/08/25 18:15:00,22.417,,,,,
23275,12/08/25 18:30:00,22.417,,,,,
23276,12/08/25 18:45:00,22.417,,,,,
23277,12/08/25 19:00:00,22.417,,,,,
23278,12/08/25 19:15:00,22.369,,,,,
23279,12/08/25 19:30:00,22.298,,,,,
23280,12/08/25 19:45:00,22.250,,,,,
23281,12/08/25 20:00:00,22.202,,,,,
23282,12/08/25 20:15:00,22.154,,,,,
23283,12/08/25 20:30:00,22.106,,,,,
23284,12/08/25 20:45:00,22.082,,,,,
23285,12/08/25 21:00:00,22.058,,,,,
23286,12/08/25 21:15:00,22.034,,,,,
23287,12/08/25 21:30:00,22.011,,,,,
23288,12/08/25 21:45:00,22.011,,,,,
23289,12/08/25 22:00:00,22.082,,,,,
23290,12/08/25 22:15:00,22.202,,,,,
23291,12/08/25 22:30:00,22.321,,,,,
23292,12/08/25 22:45:00,22.417,,,,,
23293,12/08/25 23:00:00,22.513,,,,,
23294,12/08/25 23:15:00,22.609,,,,,
23295,12/08/25 23:30:00,22.681,,,,,
23296,12/08/25 23:45:00,22.753,,,,,
23297,12/09/25 00:00:00,22.824,,,,,
23298,12/09/25 00:15:00,22.872,,,,,
23299,12/09/25 00:30:00,22.944,,,,,
23300,12/09/25 00:45:00,23.016,,,,,
23301,12/09/25 01:00:00,23.064,,,,,
23302,12/09/25 01:15:00,23.112,,,,,
23303,12/09/25 01:30:00,23.184,,,,,
23304,12/09/25 01:45:00,23.232,,,,,
23305,12/09/25 02:00:00,23.280,,,,,
23306,12/09/25 02:15:00,23.352,,,,,
23307,12/09/25 02:30:00,23.400,,,,,
23308,12/09/25 02:45:00,23.424,,,,,
23309,12/09/25 03:00:00,23.472,,,,,
23310,12/09/25 03:15:00,23.521,,,,,
23311,12/09/25 03:30:00,23.545,,,,,
23312,12/09/25 03:45:00,23.593,,,,,
23313,12/09/25 04:00:00,23.617,,,,,
23314,12/09/25 04:15:00,23.665,,,,,
23315,12/09/25 04:30:00,23.689,,,,,
23316,12/09/25 04:45:00,23.713,,,,,
23317,12/09/25 05:00:00,23.737,,,,,
23318,12/09/25 05:15:00,23.761,,,,,
23319,12/09/25 05:30:00,23.761,,,,,
23320,12/09/25 05:45:00,23.737,,,,,
23321,12/09/25 06:00:00,23.713,,,,,
23322,12/09/25 06:15:00,23.497,,,,,
23323,12/09/25 06:30:00,23.112,,,,,
23324,12/09/25 06:45:00,22.800,,,,,
23325,12/09/25 07:00:00,22.633,,,,,
23326,12/09/25 07:15:00,22.513,,,,,
23327,12/09/25 07:30:00,22.417,,,,,
23328,12/09/25 07:45:00,22.321,,,,,
23329,12/09/25 08:00:00,22.274,,,,,
23330,12/09/25 08:15:00,22.226,,,,,
23331,12/09/25 08:30:00,22.178,,,,,
23332,12/09/25 08:45:00,22.274,,,,,
23333,12/09/25 09:00:00,22.345,,,,,
23334,12/09/25 09:15:00,22.321,,,,,
23335,12/09/25 09:30:00,22.274,,,,,
23336,12/09/25 09:45:00,22.321,,,,,
23337,12/09/25 10:00:00,22.369,,,,,
23338,12/09/25 10:15:00,22.274,,,,,
23339,12/09/25 10:30:00,22.202,,,,,
23340,12/09/25 10:45:00,22.202,,,,,
23341,12/09/25 11:00:00,22.178,,,,,
23342,12/09/25 11:15:00,22.154,,,,,
23343,12/09/25 11:30:00,22.154,,,,,
23344,12/09/25 11:45:00,22.154,,,,,
23345,12/09/25 12:00:00,22.202,,,,,
23346,12/09/25 12:15:00,22.393,,,,,
23347,12/09/25 12:30:00,22.465,,,,,
23348,12/09/25 12:45:00,22.417,,,,,
23349,12/09/25 13:00:00,22.345,,,,,
23350,12/09/25 13:15:00,22.321,,,,,
23351,12/09/25 13:30:00,22.274,,,,,
23352,12/09/25 13:45:00,22.250,,,,,
23353,12/09/25 14:00:00,22.274,,,,,
23354,12/09/25 14:15:00,22.321,,,,,
23355,12/09/25 14:30:00,22.393,,,,,
23356,12/09/25 14:45:00,22.417,,,,,
23357,12/09/25 15:00:00,22.345,,,,,
23358,12/09/25 15:15:00,22.250,,,,,
23359,12/09/25 15:30:00,22.178,,,,,
23360,12/09/25 15:45:00,22.154,,,,,
23361,12/09/25 16:00:00,22.130,,,,,
23362,12/09/25 16:15:00,22.106,,,,,
23363,12/09/25 16:30:00,22.106,,,,,
23364,12/09/25 16:45:00,22.082,,,,,
23365,12/09/25 17:00:00,22.154,,,,,
23366,12/09/25 17:15:00,22.250,,,,,
23367,12/09/25 17:30:00,22.274,,,,,
23368,12/09/25 17:45:00,22.202,,,,,
23369,12/09/25 18:00:00,22.178,,,,,
23370,12/09/25 18:15:00,22.178,,,,,
23371,12/09/25 18:30:00,22.178,,,,,
23372,12/09/25 18:45:00,22.178,,,,,
23373,12/09/25 19:00:00,22.178,,,,,
23374,12/09/25 19:15:00,22.202,,,,,
23375,12/09/25 19:30:00,22.298,,,,,
23376,12/09/25 19:45:00,22.250,,,,,
23377,12/09/25 20:00:00,22.106,,,,,
23378,12/09/25 20:15:00,22.011,,,,,
23379,12/09/25 20:30:00,22.106,,,,,
23380,12/09/25 20:45:00,22.178,,,,,
23381,12/09/25 21:00:00,22.154,,,,,
23382,12/09/25 21:15:00,22.130,,,,,
23383,12/09/25 21:30:00,22.226,,,,,
23384,12/09/25 21:45:00,22.298,,,,,
23385,12/09/25 22:00:00,22.154,,,,,
23386,12/09/25 22:15:00,22.202,,,,,
23387,12/09/25 22:30:00,22.298,,,,,
23388,12/09/25 22:45:00,22.369,,,,,
23389,12/09/25 23:00:00,22.441,,,,,
23390,12/09/25 23:15:00,22.513,,,,,
23391,12/09/25 23:30:00,22.561,,,,,
23392,12/09/25 23:45:00,22.633,,,,,
23393,12/10/25 00:00:00,22.681,,,,,
23394,12/10/25 00:15:00,22.729,,,,,
23395,12/10/25 00:30:00,22.776,,,,,
23396,12/10/25 00:45:00,22.824,,,,,
23397,12/10/25 01:00:00,22.896,,,,,
23398,12/10/25 01:15:00,22.944,,,,,
23399,12/10/25 01:30:00,22.992,,,,,
23400,12/10/25 01:45:00,23.040,,,,,
23401,12/10/25 02:00:00,23.088,,,,,
23402,12/10/25 02:15:00,23.136,,,,,
23403,12/10/25 02:30:00,23.184,,,,,
23404,12/10/25 02:45:00,23.232,,,,,
23405,12/10/25 03:00:00,23.256,,,,,
23406,12/10/25 03:15:00,23.304,,,,,
23407,12/10/25 03:30:00,23.328,,,,,
23408,12/10/25 03:45:00,23.376,,,,,
23409,12/10/25 04:00:00,23.400,,,,,
23410,12/10/25 04:15:00,23.448,,,,,
23411,12/10/25 04:30:00,23.472,,,,,
23412,12/10/25 04:45:00,23.497,,,,,
23413,12/10/25 05:00:00,23.545,,,,,
23414,12/10/25 05:15:00,23.569,,,,,
23415,12/10/25 05:30:00,23.569,,,,,
23416,12/10/25 05:45:00,23.569,,,,,
23417,12/10/25 06:00:00,23.545,,,,,
23418,12/10/25 06:15:00,23.304,,,,,
23419,12/10/25 06:30:00,22.944,,,,,
23420,12/10/25 06:45:00,22.753,,,,,
23421,12/10/25 07:00:00,22.609,,,,,
23422,12/10/25 07:15:00,22.561,,,,,
23423,12/10/25 07:30:00,22.609,,,,,
23424,12/10/25 07:45:00,22.537,,,,,
23425,12/10/25 08:00:00,22.537,,,,,
23426,12/10/25 08:15:00,22.633,,,,,
23427,12/10/25 08:30:00,22.537,,,,,
23428,12/10/25 08:45:00,22.441,,,,,
23429,12/10/25 09:00:00,22.369,,,,,
23430,12/10/25 09:15:00,22.393,,,,,
23431,12/10/25 09:30:00,22.537,,,,,
23432,12/10/25 09:45:00,22.561,,,,,
23433,12/10/25 10:00:00,22.513,,,,,
23434,12/10/25 10:15:00,22.489,,,,,
23435,12/10/25 10:30:00,22.537,,,,,
23436,12/10/25 10:45:00,22.585,,,,,
23437,12/10/25 11:00:00,22.489,,,,,
23438,12/10/25 11:15:00,22.393,,,,,
23439,12/10/25 11:30:00,22.321,,,,,
23440,12/10/25 11:45:00,22.250,,,,,
23441,12/10/25 12:00:00,22.202,,,,,
23442,12/10/25 12:15:00,22.178,,,,,
23443,12/10/25 12:30:00,22.130,,,,,
23444,12/10/25 12:45:00,22.082,,,,,
23445,12/10/25 13:00:00,22.034,,,,,
23446,12/10/25 13:15:00,22.011,,,,,
23447,12/10/25 13:30:00,21.987,,,,,
23448,12/10/25 13:45:00,21.963,,,,,
23449,12/10/25 14:00:00,21.963,,,,,
23450,12/10/25 14:15:00,21.963,,,,,
23451,12/10/25 14:30:00,22.034,,,,,
23452,12/10/25 14:45:00,22.106,,,,,
23453,12/10/25 15:00:00,22.154,,,,,
23454,12/10/25 15:15:00,22.202,,,,,
23455,12/10/25 15:30:00,22.250,,,,,
23456,12/10/25 15:45:00,22.250,,,,,
23457,12/10/25 16:00:00,22.274,,,,,
23458,12/10/25 16:15:00,22.154,,,,,
23459,12/10/25 16:30:00,22.034,,,,,
23460,12/10/25 16:45:00,22.058,,,,,
23461,12/10/25 17:00:00,22.106,,,,,
23462,12/10/25 17:15:00,22.106,,,,,
23463,12/10/25 17:30:00,22.058,,,,,
23464,12/10/25 17:45:00,21.987,,,,,
23465,12/10/25 18:00:00,22.011,,,,,
23466,12/10/25 18:15:00,22.130,,,,,
23467,12/10/25 18:30:00,22.202,,,,,
23468,12/10/25 18:45:00,22.178,,,,,
23469,12/10/25 19:00:00,22.130,,,,,
23470,12/10/25 19:15:00,22.226,,,,,
23471,12/10/25 19:30:00,22.321,,,,,
23472,12/10/25 19:45:00,22.369,,,,,
23473,12/10/25 20:00:00,22.226,,,,,
23474,12/10/25 20:15:00,22.226,,,,,
23475,12/10/25 20:30:00,22.321,,,,,
23476,12/10/25 20:45:00,22.393,,,,,
23477,12/10/25 21:00:00,22.489,,,,,
23478,12/10/25 21:15:00,22.369,,,,,
23479,12/10/25 21:30:00,22.274,,,,,
23480,12/10/25 21:45:00,22.345,,,,,
23481,12/10/25 22:00:00,22.417,,,,,
23482,12/10/25 22:15:00,22.489,,,,,
23483,12/10/25 22:30:00,22.585,,,,,
23484,12/10/25 22:45:00,22.657,,,,,
23485,12/10/25 23:00:00,22.729,,,,,
23486,12/10/25 23:15:00,22.776,,,,,
23487,12/10/25 23:30:00,22.824,,,,,
23488,12/10/25 23:45:00,22.872,,,,,
23489,12/11/25 00:00:00,22.920,,,,,
23490,12/11/25 00:15:00,22.944,,,,,
23491,12/11/25 00:30:00,22.992,,,,,
23492,12/11/25 00:45:00,23.040,,,,,
23493,12/11/25 01:00:00,23.064,,,,,
23494,12/11/25 01:15:00,23.112,,,,,
23495,12/11/25 01:30:00,23.160,,,,,
23496,12/11/25 01:45:00,23.184,,,,,
23497,12/11/25 02:00:00,23.232,,,,,
23498,12/11/25 02:15:00,23.280,,,,,
23499,12/11/25 02:30:00,23.304,,,,,
23500,12/11/25 02:45:00,23.352,,,,,
23501,12/11/25 03:00:00,23.376,,,,,
23502,12/11/25 03:15:00,23.400,,,,,
23503,12/11/25 03:30:00,23.448,,,,,
23504,12/11/25 03:45:00,23.472,,,,,
23505,12/11/25 04:00:00,23.497,,,,,
23506,12/11/25 04:15:00,23.521,,,,,
23507,12/11/25 04:30:00,23.545,,,,,
23508,12/11/25 04:45:00,23.569,,,,,
23509,12/11/25 05:00:00,23.593,,,,,
23510,12/11/25 05:15:00,23.617,,,,,
23511,12/11/25 05:30:00,23.617,,,,,
23512,12/11/25 05:45:00,23.617,,,,,
23513,12/11/25 06:00:00,23.569,,,,,
23514,12/11/25 06:15:00,23.328,,,,,
23515,12/11/25 06:30:00,23.016,,,,,
23516,12/11/25 06:45:00,22.848,,,,,
23517,12/11/25 07:00:00,22.872,,,,,
23518,12/11/25 07:15:00,22.920,,,,,
23519,12/11/25 07:30:00,22.872,,,,,
23520,12/11/25 07:45:00,22.705,,,,,
23521,12/11/25 08:00:00,22.657,,,,,
23522,12/11/25 08:15:00,22.800,,,,,
23523,12/11/25 08:30:00,22.848,,,,,
23524,12/11/25 08:45:00,22.753,,,,,
23525,12/11/25 09:00:00,22.633,,,,,
23526,12/11/25 09:15:00,22.585,,,,,
23527,12/11/25 09:30:00,22.537,,,,,
23528,12/11/25 09:45:00,22.489,,,,,
23529,12/11/25 10:00:00,22.441,,,,,
23530,12/11/25 10:15:00,22.441,,,,,
23531,12/11/25 10:30:00,22.585,,,,,
23532,12/11/25 10:45:00,22.633,,,,,
23533,12/11/25 11:00:00,22.705,,,,,
23534,12/11/25 11:15:00,22.705,,,,,
23535,12/11/25 11:30:00,22.633,,,,,
23536,12/11/25 11:45:00,22.633,,,,,
23537,12/11/25 12:00:00,22.633,,,,,
23538,12/11/25 12:15:00,22.633,,,,,
23539,12/11/25 12:30:00,22.609,,,,,
23540,12/11/25 12:45:00,22.585,,,,,
23541,12/11/25 13:00:00,22.537,,,,,
23542,12/11/25 13:15:00,22.345,,,,,
23543,12/11/25 13:30:00,22.298,,,,,
23544,12/11/25 13:45:00,22.274,,,,,
23545,12/11/25 14:00:00,22.250,,,,,
23546,12/11/25 14:15:00,22.250,,,,,
23547,12/11/25 14:30:00,22.250,,,,,
23548,12/11/25 14:45:00,22.250,,,,,
23549,12/11/25 15:00:00,22.250,,,,,
23550,12/11/25 15:15:00,22.250,,,,,
23551,12/11/25 15:30:00,22.011,,,,,
23552,12/11/25 15:45:00,21.819,,,,,
23553,12/11/25 16:00:00,21.748,,,,,
23554,12/11/25 16:15:00,21.891,,,,,
23555,12/11/25 16:30:00,21.963,,,,,
23556,12/11/25 16:45:00,21.987,,,,,
23557,12/11/25 17:00:00,21.939,,,,,
23558,12/11/25 17:15:00,21.700,,,,,
23559,12/11/25 17:30:00,21.748,,,,,
23560,12/11/25 17:45:00,21.772,,,,,
23561,12/11/25 18:00:00,21.772,,,,,
23562,12/11/25 18:15:00,21.795,,,,,
23563,12/11/25 18:30:00,21.819,,,,,
23564,12/11/25 18:45:00,21.819,,,,,
23565,12/11/25 19:00:00,21.819,,,,,
23566,12/11/25 19:15:00,21.819,,,,,
23567,12/11/25 19:30:00,21.795,,,,,
23568,12/11/25 19:45:00,21.772,,,,,
23569,12/11/25 20:00:00,21.795,,,,,
23570,12/11/25 20:15:00,21.772,,,,,
23571,12/11/25 20:30:00,21.772,,,,,
23572,12/11/25 20:45:00,21.939,,,,,
23573,12/11/25 21:00:00,22.011,,,,,
23574,12/11/25 21:15:00,21.843,,,,,
23575,12/11/25 21:30:00,21.748,,,,,
23576,12/11/25 21:45:00,21.676,,,,,
23577,12/11/25 22:00:00,21.700,,,,,
23578,12/11/25 22:15:00,21.867,,,,,
23579,12/11/25 22:30:00,22.034,,,,,
23580,12/11/25 22:45:00,22.130,,,,,
23581,12/11/25 23:00:00,22.202,,,,,
23582,12/11/25 23:15:00,22.250,,,,,
23583,12/11/25 23:30:00,22.321,,,,,
23584,12/11/25 23:45:00,22.369,,,,,
23585,12/12/25 00:00:00,22.417,,,,,
23586,12/12/25 00:15:00,22.465,,,,,
23587,12/12/25 00:30:00,22.513,,,,,
23588,12/12/25 00:45:00,22.609,,,,,
23589,12/12/25 01:00:00,22.681,,,,,
23590,12/12/25 01:15:00,22.729,,,,,
23591,12/12/25 01:30:00,22.800,,,,,
23592,12/12/25 01:45:00,22.848,,,,,
23593,12/12/25 02:00:00,22.920,,,,,
23594,12/12/25 02:15:00,22.968,,,,,
23595,12/12/25 02:30:00,23.016,,,,,
23596,12/12/25 02:45:00,23.064,,,,,
23597,12/12/25 03:00:00,23.112,,,,,
23598,12/12/25 03:15:00,23.160,,,,,
23599,12/12/25 03:30:00,23.232,,,,,
23600,12/12/25 03:45:00,23.280,,,,,
23601,12/12/25 04:00:00,23.304,,,,,
23602,12/12/25 04:15:00,23.352,,,,,
23603,12/12/25 04:30:00,23.400,,,,,
23604,12/12/25 04:45:00,23.448,,,,,
23605,12/12/25 05:00:00,23.472,,,,,
23606,12/12/25 05:15:00,23.497,,,,,
23607,12/12/25 05:30:00,23.472,,,,,
23608,12/12/25 05:45:00,23.400,,,,,
23609,12/12/25 06:00:00,23.376,,,,,
23610,12/12/25 06:15:00,23.112,,,,,
23611,12/12/25 06:30:00,22.633,,,,,
23612,12/12/25 06:45:00,22.393,,,,,
23613,12/12/25 07:00:00,22.393,,,,,
23614,12/12/25 07:15:00,22.345,,,,,
23615,12/12/25 07:30:00,22.298,,,,,
23616,12/12/25 07:45:00,22.250,,,,,
23617,12/12/25 08:00:00,22.226,,,,,
23618,12/12/25 08:15:00,22.226,,,,,
23619,12/12/25 08:30:00,22.250,,,,,
23620,12/12/25 08:45:00,22.250,,,,,
23621,12/12/25 09:00:00,22.226,,,,,
23622,12/12/25 09:15:00,22.178,,,,,
23623,12/12/25 09:30:00,22.130,,,,,
23624,12/12/25 09:45:00,22.106,,,,,
23625,12/12/25 10:00:00,22.082,,,,,
23626,12/12/25 10:15:00,22.106,,,,,
23627,12/12/25 10:30:00,22.106,,,,,
23628,12/12/25 10:45:00,22.130,,,,,
23629,12/12/25 11:00:00,22.130,,,,,
23630,12/12/25 11:15:00,22.154,,,,,
23631,12/12/25 11:30:00,22.154,,,,,
23632,12/12/25 11:45:00,22.178,,,,,
23633,12/12/25 12:00:00,22.178,,,,,
23634,12/12/25 12:15:00,22.178,,,,,
23635,12/12/25 12:30:00,22.011,,,,,
23636,12/12/25 12:45:00,21.772,,,,,
23637,12/12/25 13:00:00,21.867,,,,,
23638,12/12/25 13:15:00,21.963,,,,,
23639,12/12/25 13:30:00,22.561,,,,,
23640,12/12/25 13:45:00,22.633,,,,,
23641,12/12/25 14:00:00,22.609,,,,,
23642,12/12/25 14:15:00,22.441,,,,,
23643,12/12/25 14:30:00,22.321,,,,,
23644,12/12/25 14:45:00,22.585,,,,,
23645,12/12/25 15:00:00,22.705,,,,,
23646,12/12/25 15:15:00,22.489,,,,,
23647,12/12/25 15:30:00,22.369,,,,,
23648,12/12/25 15:45:00,22.609,,,,,
23649,12/12/25 16:00:00,22.729,,,,,
23650,12/12/25 16:15:00,22.513,,,,,
23651,12/12/25 16:30:00,22.537,,,,,
23652,12/12/25 16:45:00,22.681,,,,,
23653,12/12/25 17:00:00,22.681,,,,,
23654,12/12/25 17:15:00,22.657,,,,,
23655,12/12/25 17:30:00,22.800,,,,,
23656,12/12/25 17:45:00,22.920,,,,,
23657,12/12/25 18:00:00,22.968,,,,,
23658,12/12/25 18:15:00,22.872,,,,,
23659,12/12/25 18:30:00,22.753,,,,,
23660,12/12/25 18:45:00,22.657,,,,,
23661,12/12/25 19:00:00,22.585,,,,,
23662,12/12/25 19:15:00,22.489,,,,,
23663,12/12/25 19:30:00,22.441,,,,,
23664,12/12/25 19:45:00,22.393,,,,,
23665,12/12/25 20:00:00,22.369,,,,,
23666,12/12/25 20:15:00,22.345,,,,,
23667,12/12/25 20:30:00,22.321,,,,,
23668,12/12/25 20:45:00,22.298,,,,,
23669,12/12/25 21:00:00,22.298,,,,,
23670,12/12/25 21:15:00,22.274,,,,,
23671,12/12/25 21:30:00,22.465,,,,,
23672,12/12/25 21:45:00,22.753,,,,,
23673,12/12/25 22:00:00,22.681,,,,,
23674,12/12/25 22:15:00,22.872,,,,,
23675,12/12/25 22:30:00,23.064,,,,,
23676,12/12/25 22:45:00,23.208,,,,,
23677,12/12/25 23:00:00,23.304,,,,,
23678,12/12/25 23:15:00,23.376,,,,,
23679,12/12/25 23:30:00,23.448,,,,,
23680,12/12/25 23:45:00,23.497,,,,,
23681,12/13/25 00:00:00,23.569,,,,,
23682,12/13/25 00:15:00,23.593,,,,,
23683,12/13/25 00:30:00,23.641,,,,,
23684,12/13/25 00:45:00,23.689,,,,,
23685,12/13/25 01:00:00,23.737,,,,,
23686,12/13/25 01:15:00,23.809,,,,,
23687,12/13/25 01:30:00,23.881,,,,,
23688,12/13/25 01:45:00,23.954,,,,,
23689,12/13/25 02:00:00,24.026,,,,,
23690,12/13/25 02:15:00,24.074,,,,,
23691,12/13/25 02:30:00,24.098,,,,,
23692,12/13/25 02:45:00,24.146,,,,,
23693,12/13/25 03:00:00,24.171,,,,,
23694,12/13/25 03:15:00,24.219,,,,,
23695,12/13/25 03:30:00,24.243,,,,,
23696,12/13/25 03:45:00,24.267,,,,,
23697,12/13/25 04:00:00,24.315,,,,,
23698,12/13/25 04:15:00,24.339,,,,,
23699,12/13/25 04:30:00,24.363,,,,,
23700,12/13/25 04:45:00,24.412,,,,,
23701,12/13/25 05:00:00,24.436,,,,,
23702,12/13/25 05:15:00,24.388,,,,,
23703,12/13/25 05:30:00,24.291,,,,,
23704,12/13/25 05:45:00,24.219,,,,,
23705,12/13/25 06:00:00,24.146,,,,,
23706,12/13/25 06:15:00,23.737,,,,,
23707,12/13/25 06:30:00,23.016,,,,,
23708,12/13/25 06:45:00,22.513,,,,,
23709,12/13/25 07:00:00,22.513,,,,,
23710,12/13/25 07:15:00,22.561,,,,,
23711,12/13/25 07:30:00,23.184,,,,,
23712,12/13/25 07:45:00,23.352,,,,,
23713,12/13/25 08:00:00,23.208,,,,,
23714,12/13/25 08:15:00,23.256,,,,,
23715,12/13/25 08:30:00,23.232,,,,,
23716,12/13/25 08:45:00,23.304,,,,,
23717,12/13/25 09:00:00,23.641,,,,,
23718,12/13/25 09:15:00,23.689,,,,,
23719,12/13/25 09:30:00,23.521,,,,,
23720,12/13/25 09:45:00,23.376,,,,,
23721,12/13/25 10:00:00,23.184,,,,,
23722,12/13/25 10:15:00,23.088,,,,,
23723,12/13/25 10:30:00,23.016,,,,,
23724,12/13/25 10:45:00,23.064,,,,,
23725,12/13/25 11:00:00,23.424,,,,,
23726,12/13/25 11:15:00,23.448,,,,,
23727,12/13/25 11:30:00,23.400,,,,,
23728,12/13/25 11:45:00,23.304,,,,,
23729,12/13/25 12:00:00,23.232,,,,,
23730,12/13/25 12:15:00,23.232,,,,,
23731,12/13/25 12:30:00,23.232,,,,,
23732,12/13/25 12:45:00,23.208,,,,,
23733,12/13/25 13:00:00,23.208,,,,,
23734,12/13/25 13:15:00,23.184,,,,,
23735,12/13/25 13:30:00,23.160,,,,,
23736,12/13/25 13:45:00,23.136,,,,,
23737,12/13/25 14:00:00,23.112,,,,,
23738,12/13/25 14:15:00,23.112,,,,,
23739,12/13/25 14:30:00,23.112,,,,,
23740,12/13/25 14:45:00,23.112,,,,,
23741,12/13/25 15:00:00,23.112,,,,,
23742,12/13/25 15:15:00,23.088,,,,,
23743,12/13/25 15:30:00,23.112,,,,,
23744,12/13/25 15:45:00,23.064,,,,,
23745,12/13/25 16:00:00,22.992,,,,,
23746,12/13/25 16:15:00,22.920,,,,,
23747,12/13/25 16:30:00,22.848,,,,,
23748,12/13/25 16:45:00,22.776,,,,,
23749,12/13/25 17:00:00,22.705,,,,,
23750,12/13/25 17:15:00,22.657,,,,,
23751,12/13/25 17:30:00,22.585,,,,,
23752,12/13/25 17:45:00,22.657,,,,,
23753,12/13/25 18:00:00,22.968,,,,,
23754,12/13/25 18:15:00,22.944,,,,,
23755,12/13/25 18:30:00,22.800,,,,,
23756,12/13/25 18:45:00,22.705,,,,,
23757,12/13/25 19:00:00,22.609,,,,,
23758,12/13/25 19:15:00,22.753,,,,,
23759,12/13/25 19:30:00,23.040,,,,,
23760,12/13/25 19:45:00,22.944,,,,,
23761,12/13/25 20:00:00,22.729,,,,,
23762,12/13/25 20:15:00,22.848,,,,,
23763,12/13/25 20:30:00,23.064,,,,,
23764,12/13/25 20:45:00,22.920,,,,,
23765,12/13/25 21:00:00,22.705,,,,,
23766,12/13/25 21:15:00,22.872,,,,,
23767,12/13/25 21:30:00,23.088,,,,,
23768,12/13/25 21:45:00,22.944,,,,,
23769,12/13/25 22:00:00,22.681,,,,,
23770,12/13/25 22:15:00,22.872,,,,,
23771,12/13/25 22:30:00,23.112,,,,,
23772,12/13/25 22:45:00,23.280,,,,,
23773,12/13/25 23:00:00,23.376,,,,,
23774,12/13/25 23:15:00,23.448,,,,,
23775,12/13/25 23:30:00,23.521,,,,,
23776,12/13/25 23:45:00,23.545,,,,,
23777,12/14/25 00:00:00,23.593,,,,,
23778,12/14/25 00:15:00,23.641,,,,,
23779,12/14/25 00:30:00,23.689,,,,,
23780,12/14/25 00:45:00,23.761,,,,,
23781,12/14/25 01:00:00,23.809,,,,,
23782,12/14/25 01:15:00,23.881,,,,,
23783,12/14/25 01:30:00,23.930,,,,,
23784,12/14/25 01:45:00,23.978,,,,,
23785,12/14/25 02:00:00,24.026,,,,,
23786,12/14/25 02:15:00,24.050,,,,,
23787,12/14/25 02:30:00,24.074,,,,,
23788,12/14/25 02:45:00,24.122,,,,,
23789,12/14/25 03:00:00,24.146,,,,,
23790,12/14/25 03:15:00,24.171,,,,,
23791,12/14/25 03:30:00,24.195,,,,,
23792,12/14/25 03:45:00,24.219,,,,,
23793,12/14/25 04:00:00,24.243,,,,,
23794,12/14/25 04:15:00,24.267,,,,,
23795,12/14/25 04:30:00,24.291,,,,,
23796,12/14/25 04:45:00,24.315,,,,,
23797,12/14/25 05:00:00,24.339,,,,,
23798,12/14/25 05:15:00,24.315,,,,,
23799,12/14/25 05:30:00,24.219,,,,,
23800,12/14/25 05:45:00,24.098,,,,,
23801,12/14/25 06:00:00,24.026,,,,,
23802,12/14/25 06:15:00,23.569,,,,,
23803,12/14/25 06:30:00,22.824,,,,,
23804,12/14/25 06:45:00,22.609,,,,,
23805,12/14/25 07:00:00,22.585,,,,,
23806,12/14/25 07:15:00,22.561,,,,,
23807,12/14/25 07:30:00,23.040,,,,,
23808,12/14/25 07:45:00,23.208,,,,,
23809,12/14/25 08:00:00,23.064,,,,,
23810,12/14/25 08:15:00,23.232,,,,,
23811,12/14/25 08:30:00,23.617,,,,,
23812,12/14/25 08:45:00,23.641,,,,,
23813,12/14/25 09:00:00,23.521,,,,,
23814,12/14/25 09:15:00,23.448,,,,,
23815,12/14/25 09:30:00,23.424,,,,,
23816,12/14/25 09:45:00,23.400,,,,,
23817,12/14/25 10:00:00,23.400,,,,,
23818,12/14/25 10:15:00,23.352,,,,,
23819,12/14/25 10:30:00,23.328,,,,,
23820,12/14/25 10:45:00,23.304,,,,,
23821,12/14/25 11:00:00,23.256,,,,,
23822,12/14/25 11:15:00,23.232,,,,,
23823,12/14/25 11:30:00,23.256,,,,,
23824,12/14/25 11:45:00,23.232,,,,,
23825,12/14/25 12:00:00,23.232,,,,,
23826,12/14/25 12:15:00,23.208,,,,,
23827,12/14/25 12:30:00,23.232,,,,,
23828,12/14/25 12:45:00,23.208,,,,,
23829,12/14/25 13:00:00,23.184,,,,,
23830,12/14/25 13:15:00,23.208,,,,,
23831,12/14/25 13:30:00,23.184,,,,,
23832,12/14/25 13:45:00,23.184,,,,,
23833,12/14/25 14:00:00,22.800,,,,,
23834,12/14/25 14:15:00,22.824,,,,,
23835,12/14/25 14:30:00,22.920,,,,,
23836,12/14/25 14:45:00,22.968,,,,,
23837,12/14/25 15:00:00,22.585,,,,,
23838,12/14/25 15:15:00,22.657,,,,,
23839,12/14/25 15:30:00,22.824,,,,,
23840,12/14/25 15:45:00,22.944,,,,,
23841,12/14/25 16:00:00,22.848,,,,,
23842,12/14/25 16:15:00,22.657,,,,,
23843,12/14/25 16:30:00,22.753,,,,,
23844,12/14/25 16:45:00,22.848,,,,,
23845,12/14/25 17:00:00,22.872,,,,,
23846,12/14/25 17:15:00,22.896,,,,,
23847,12/14/25 17:30:00,22.872,,,,,
23848,12/14/25 17:45:00,22.824,,,,,
23849,12/14/25 18:00:00,22.776,,,,,
23850,12/14/25 18:15:00,22.729,,,,,
23851,12/14/25 18:30:00,22.681,,,,,
23852,12/14/25 18:45:00,22.633,,,,,
23853,12/14/25 19:00:00,22.585,,,,,
23854,12/14/25 19:15:00,22.609,,,,,
23855,12/14/25 19:30:00,22.896,,,,,
23856,12/14/25 19:45:00,22.824,,,,,
23857,12/14/25 20:00:00,22.681,,,,,
23858,12/14/25 20:15:00,22.561,,,,,
23859,12/14/25 20:30:00,22.657,,,,,
23860,12/14/25 20:45:00,22.944,,,,,
23861,12/14/25 21:00:00,22.920,,,,,
23862,12/14/25 21:15:00,22.657,,,,,
23863,12/14/25 21:30:00,22.776,,,,,
23864,12/14/25 21:45:00,23.016,,,,,
23865,12/14/25 22:00:00,22.848,,,,,
23866,12/14/25 22:15:00,22.944,,,,,
23867,12/14/25 22:30:00,23.160,,,,,
23868,12/14/25 22:45:00,23.280,,,,,
23869,12/14/25 23:00:00,23.376,,,,,
23870,12/14/25 23:15:00,23.448,,,,,
23871,12/14/25 23:30:00,23.497,,,,,
23872,12/14/25 23:45:00,23.545,,,,,
23873,12/15/25 00:00:00,23.593,,,,,
23874,12/15/25 00:15:00,23.641,,,,,
23875,12/15/25 00:30:00,23.689,,,,,
23876,12/15/25 00:45:00,23.761,,,,,
23877,12/15/25 01:00:00,23.809,,,,,
23878,12/15/25 01:15:00,23.881,,,,,
23879,12/15/25 01:30:00,23.930,,,,,
23880,12/15/25 01:45:00,23.954,,,,,
23881,12/15/25 02:00:00,24.002,,,,,
23882,12/15/25 02:15:00,24.026,,,,,
23883,12/15/25 02:30:00,24.074,,,,,
23884,12/15/25 02:45:00,24.098,,,,,
23885,12/15/25 03:00:00,24.122,,,,,
23886,12/15/25 03:15:00,24.146,,,,,
23887,12/15/25 03:30:00,24.171,,,,,
23888,12/15/25 03:45:00,24.195,,,,,
23889,12/15/25 04:00:00,24.219,,,,,
23890,12/15/25 04:15:00,24.243,,,,,
23891,12/15/25 04:30:00,24.267,,,,,
23892,12/15/25 04:45:00,24.267,,,,,
23893,12/15/25 05:00:00,24.291,,,,,
23894,12/15/25 05:15:00,24.267,,,,,
23895,12/15/25 05:30:00,24.146,,,,,
23896,12/15/25 05:45:00,24.026,,,,,
23897,12/15/25 06:00:00,23.954,,,,,
23898,12/15/25 06:15:00,23.448,,,,,
23899,12/15/25 06:30:00,22.681,,,,,
23900,12/15/25 06:45:00,22.393,,,,,
23901,12/15/25 07:00:00,22.393,,,,,
23902,12/15/25 07:15:00,22.369,,,,,
23903,12/15/25 07:30:00,22.729,,,,,
23904,12/15/25 07:45:00,23.040,,,,,
23905,12/15/25 08:00:00,23.088,,,,,
23906,12/15/25 08:15:00,23.040,,,,,
23907,12/15/25 08:30:00,23.256,,,,,
23908,12/15/25 08:45:00,23.737,,,,,
23909,12/15/25 09:00:00,23.761,,,,,
23910,12/15/25 09:15:00,23.569,,,,,
23911,12/15/25 09:30:00,23.497,,,,,
23912,12/15/25 09:45:00,23.376,,,,,
23913,12/15/25 10:00:00,23.497,,,,,
23914,12/15/25 10:15:00,23.761,,,,,
23915,12/15/25 10:30:00,23.641,,,,,
23916,12/15/25 10:45:00,23.424,,,,,
23917,12/15/25 11:00:00,23.280,,,,,
23918,12/15/25 11:15:00,23.208,,,,,
23919,12/15/25 11:30:00,23.136,,,,,
23920,12/15/25 11:45:00,23.112,,,,,
23921,12/15/25 12:00:00,23.112,,,,,
23922,12/15/25 12:15:00,23.112,,,,,
23923,12/15/25 12:30:00,23.088,,,,,
23924,12/15/25 12:45:00,23.112,,,,,
23925,12/15/25 13:00:00,23.136,,,,,
23926,12/15/25 13:15:00,23.112,,,,,
23927,12/15/25 13:30:00,23.088,,,,,
23928,12/15/25 13:45:00,23.088,,,,,
23929,12/15/25 14:00:00,23.064,,,,,
23930,12/15/25 14:15:00,23.040,,,,,
23931,12/15/25 14:30:00,23.016,,,,,
23932,12/15/25 14:45:00,22.968,,,,,
23933,12/15/25 15:00:00,22.968,,,,,
23934,12/15/25 15:15:00,22.944,,,,,
23935,12/15/25 15:30:00,22.920,,,,,
23936,12/15/25 15:45:00,22.920,,,,,
23937,12/15/25 16:00:00,22.944,,,,,
23938,12/15/25 16:15:00,22.992,,,,,
23939,12/15/25 16:30:00,23.040,,,,,
23940,12/15/25 16:45:00,23.064,,,,,
23941,12/15/25 17:00:00,23.064,,,,,
23942,12/15/25 17:15:00,23.064,,,,,
23943,12/15/25 17:30:00,23.040,,,,,
23944,12/15/25 17:45:00,22.968,,,,,
23945,12/15/25 18:00:00,22.824,,,,,
23946,12/15/25 18:15:00,22.729,,,,,
23947,12/15/25 18:30:00,22.657,,,,,
23948,12/15/25 18:45:00,22.561,,,,,
23949,12/15/25 19:00:00,22.489,,,,,
23950,12/15/25 19:15:00,22.753,,,,,
23951,12/15/25 19:30:00,22.968,,,,,
23952,12/15/25 19:45:00,22.848,,,,,
23953,12/15/25 20:00:00,22.681,,,,,
23954,12/15/25 20:15:00,22.585,,,,,
23955,12/15/25 20:30:00,22.585,,,,,
23956,12/15/25 20:45:00,22.920,,,,,
23957,12/15/25 21:00:00,22.992,,,,,
23958,12/15/25 21:15:00,22.729,,,,,
23959,12/15/25 21:30:00,22.753,,,,,
23960,12/15/25 21:45:00,23.016,,,,,
23961,12/15/25 22:00:00,22.920,,,,,
23962,12/15/25 22:15:00,23.040,,,,,
23963,12/15/25 22:30:00,23.232,,,,,
23964,12/15/25 22:45:00,23.352,,,,,
23965,12/15/25 23:00:00,23.448,,,,,
23966,12/15/25 23:15:00,23.521,,,,,
23967,12/15/25 23:30:00,23.569,,,,,
23968,12/15/25 23:45:00,23.617,,,,,
23969,12/16/25 00:00:00,23.641,,,,,
23970,12/16/25 00:15:00,23.689,,,,,
23971,12/16/25 00:30:00,23.737,,,,,
23972,12/16/25 00:45:00,23.809,,,,,
23973,12/16/25 01:00:00,23.857,,,,,
23974,12/16/25 01:15:00,23.905,,,,,
23975,12/16/25 01:30:00,23.954,,,,,
23976,12/16/25 01:45:00,23.978,,,,,
23977,12/16/25 02:00:00,24.026,,,,,
23978,12/16/25 02:15:00,24.074,,,,,
23979,12/16/25 02:30:00,24.098,,,,,
23980,12/16/25 02:45:00,24.122,,,,,
23981,12/16/25 03:00:00,24.146,,,,,
23982,12/16/25 03:15:00,24.171,,,,,
23983,12/16/25 03:30:00,24.195,,,,,
23984,12/16/25 03:45:00,24.219,,,,,
23985,12/16/25 04:00:00,24.243,,,,,
23986,12/16/25 04:15:00,24.243,,,,,
23987,12/16/25 04:30:00,24.267,,,,,
23988,12/16/25 04:45:00,24.267,,,,,
23989,12/16/25 05:00:00,24.291,,,,,
23990,12/16/25 05:15:00,24.267,,,,,
23991,12/16/25 05:30:00,24.171,,,,,
23992,12/16/25 05:45:00,24.050,,,,,
23993,12/16/25 06:00:00,23.978,,,,,
23994,12/16/25 06:15:00,23.497,,,,,
23995,12/16/25 06:30:00,22.729,,,,,
23996,12/16/25 06:45:00,22.513,,,,,
23997,12/16/25 07:00:00,22.489,,,,,
23998,12/16/25 07:15:00,22.537,,,,,
23999,12/16/25 07:30:00,23.112,,,,,
24000,12/16/25 07:45:00,23.737,,,,,
24001,12/16/25 08:00:00,23.448,,,,,
24002,12/16/25 08:15:00,23.400,,,,,
24003,12/16/25 08:30:00,23.472,,,,,
24004,12/16/25 08:45:00,23.833,,,,,
24005,12/16/25 09:00:00,23.833,,,,,
24006,12/16/25 09:15:00,23.617,,,,,
24007,12/16/25 09:30:00,23.497,,,,,
24008,12/16/25 09:45:00,23.472,,,,,
24009,12/16/25 10:00:00,23.400,,,,,
24010,12/16/25 10:15:00,23.400,,,,,
24011,12/16/25 10:30:00,23.545,,,,,
24012,12/16/25 10:45:00,23.737,,,,,
24013,12/16/25 11:00:00,23.857,,,,,
24014,12/16/25 11:15:00,23.761,,,,,
24015,12/16/25 11:30:00,23.497,,,,,
24016,12/16/25 11:45:00,23.304,,,,,
24017,12/16/25 12:00:00,23.184,,,,,
24018,12/16/25 12:15:00,23.112,,,,,
24019,12/16/25 12:30:00,23.064,,,,,
24020,12/16/25 12:45:00,23.040,,,,,
24021,12/16/25 13:00:00,23.040,,,,,
24022,12/16/25 13:15:00,23.040,,,,,
24023,12/16/25 13:30:00,23.016,,,,,
24024,12/16/25 13:45:00,22.896,,,,,
24025,12/16/25 14:00:00,22.800,,,,,
24026,12/16/25 14:15:00,22.992,,,,,
24027,12/16/25 14:30:00,23.208,,,,,
24028,12/16/25 14:45:00,23.112,,,,,
24029,12/16/25 15:00:00,22.872,,,,,
24030,12/16/25 15:15:00,22.681,,,,,
24031,12/16/25 15:30:00,22.896,,,,,
24032,12/16/25 15:45:00,23.064,,,,,
24033,12/16/25 16:00:00,23.160,,,,,
24034,12/16/25 16:15:00,23.184,,,,,
24035,12/16/25 16:30:00,23.160,,,,,
24036,12/16/25 16:45:00,23.136,,,,,
24037,12/16/25 17:00:00,23.088,,,,,
24038,12/16/25 17:15:00,23.040,,,,,
24039,12/16/25 17:30:00,22.992,,,,,
24040,12/16/25 17:45:00,22.896,,,,,
24041,12/16/25 18:00:00,22.800,,,,,
24042,12/16/25 18:15:00,22.753,,,,,
24043,12/16/25 18:30:00,22.681,,,,,
24044,12/16/25 18:45:00,22.609,,,,,
24045,12/16/25 19:00:00,22.561,,,,,
24046,12/16/25 19:15:00,22.513,,,,,
24047,12/16/25 19:30:00,22.465,,,,,
24048,12/16/25 19:45:00,22.633,,,,,
24049,12/16/25 20:00:00,22.896,,,,,
24050,12/16/25 20:15:00,22.872,,,,,
24051,12/16/25 20:30:00,22.729,,,,,
24052,12/16/25 20:45:00,22.633,,,,,
24053,12/16/25 21:00:00,22.609,,,,,
24054,12/16/25 21:15:00,22.753,,,,,
24055,12/16/25 21:30:00,23.016,,,,,
24056,12/16/25 21:45:00,22.824,,,,,
24057,12/16/25 22:00:00,22.657,,,,,
24058,12/16/25 22:15:00,22.944,,,,,
24059,12/16/25 22:30:00,23.184,,,,,
24060,12/16/25 22:45:00,23.352,,,,,
24061,12/16/25 23:00:00,23.448,,,,,
24062,12/16/25 23:15:00,23.521,,,,,
24063,12/16/25 23:30:00,23.593,,,,,
24064,12/16/25 23:45:00,23.641,,,,,
24065,12/17/25 00:00:00,23.665,,,,,
24066,12/17/25 00:15:00,23.713,,,,,
24067,12/17/25 00:30:00,23.785,,,,,
24068,12/17/25 00:45:00,23.833,,,,,
24069,12/17/25 01:00:00,23.905,,,,,
24070,12/17/25 01:15:00,23.954,,,,,
24071,12/17/25 01:30:00,24.002,,,,,
24072,12/17/25 01:45:00,24.050,,,,,
24073,12/17/25 02:00:00,24.074,,,,,
24074,12/17/25 02:15:00,24.122,,,,,
24075,12/17/25 02:30:00,24.146,,,,,
24076,12/17/25 02:45:00,24.171,,,,,
24077,12/17/25 03:00:00,24.219,,,,,
24078,12/17/25 03:15:00,24.243,,,,,
24079,12/17/25 03:30:00,24.267,,,,,
24080,12/17/25 03:45:00,24.291,,,,,
24081,12/17/25 04:00:00,24.315,,,,,
24082,12/17/25 04:15:00,24.339,,,,,
24083,12/17/25 04:30:00,24.363,,,,,
24084,12/17/25 04:45:00,24.363,,,,,
24085,12/17/25 05:00:00,24.388,,,,,
24086,12/17/25 05:15:00,24.339,,,,,
24087,12/17/25 05:30:00,24.243,,,,,
24088,12/17/25 05:45:00,24.146,,,,,
24089,12/17/25 06:00:00,24.074,,,,,
24090,12/17/25 06:15:00,23.641,,,,,
24091,12/17/25 06:30:00,22.896,,,,,
24092,12/17/25 06:45:00,22.417,,,,,
24093,12/17/25 07:00:00,22.369,,,,,
24094,12/17/25 07:15:00,22.465,,,,,
24095,12/17/25 07:30:00,22.537,,,,,
24096,12/17/25 07:45:00,22.633,,,,,
24097,12/17/25 08:00:00,22.681,,,,,
24098,12/17/25 08:15:00,23.016,,,,,
24099,12/17/25 08:30:00,23.448,,,,,
24100,12/17/25 08:45:00,23.497,,,,,
24101,12/17/25 09:00:00,23.136,,,,,
24102,12/17/25 09:15:00,22.896,,,,,
24103,12/17/25 09:30:00,22.800,,,,,
24104,12/17/25 09:45:00,22.800,,,,,
24105,12/17/25 10:00:00,22.800,,,,,
24106,12/17/25 10:15:00,22.776,,,,,
24107,12/17/25 10:30:00,23.040,,,,,
24108,12/17/25 10:45:00,23.352,,,,,
24109,12/17/25 11:00:00,23.352,,,,,
24110,12/17/25 11:15:00,23.208,,,,,
24111,12/17/25 11:30:00,23.112,,,,,
24112,12/17/25 11:45:00,23.040,,,,,
24113,12/17/25 12:00:00,22.992,,,,,
24114,12/17/25 12:15:00,22.968,,,,,
24115,12/17/25 12:30:00,22.944,,,,,
24116,12/17/25 12:45:00,22.920,,,,,
24117,12/17/25 13:00:00,22.920,,,,,
24118,12/17/25 13:15:00,22.896,,,,,
24119,12/17/25 13:30:00,22.872,,,,,
24120,12/17/25 13:45:00,22.848,,,,,
24121,12/17/25 14:00:00,22.848,,,,,
24122,12/17/25 14:15:00,22.824,,,,,
24123,12/17/25 14:30:00,22.824,,,,,
24124,12/17/25 14:45:00,22.824,,,,,
24125,12/17/25 15:00:00,22.800,,,,,
24126,12/17/25 15:15:00,22.776,,,,,
24127,12/17/25 15:30:00,22.800,,,,,
24128,12/17/25 15:45:00,22.800,,,,,
24129,12/17/25 16:00:00,22.776,,,,,
24130,12/17/25 16:15:00,22.753,,,,,
24131,12/17/25 16:30:00,22.705,,,,,
24132,12/17/25 16:45:00,22.657,,,,,
24133,12/17/25 17:00:00,22.633,,,,,
24134,12/17/25 17:15:00,22.585,,,,,
24135,12/17/25 17:30:00,22.537,,,,,
24136,12/17/25 17:45:00,22.465,,,,,
24137,12/17/25 18:00:00,22.417,,,,,
24138,12/17/25 18:15:00,22.321,,,,,
24139,12/17/25 18:30:00,22.274,,,,,
24140,12/17/25 18:45:00,22.633,,,,,
24141,12/17/25 19:00:00,22.920,,,,,
24142,12/17/25 19:15:00,22.968,,,,,
24143,12/17/25 19:30:00,22.824,,,,,
24144,12/17/25 19:45:00,22.633,,,,,
24145,12/17/25 20:00:00,22.776,,,,,
24146,12/17/25 20:15:00,22.992,,,,,
24147,12/17/25 20:30:00,22.729,,,,,
24148,12/17/25 20:45:00,22.513,,,,,
24149,12/17/25 21:00:00,22.800,,,,,
24150,12/17/25 21:15:00,22.896,,,,,
24151,12/17/25 21:30:00,22.585,,,,,
24152,12/17/25 21:45:00,22.609,,,,,
24153,12/17/25 22:00:00,22.848,,,,,
24154,12/17/25 22:15:00,23.040,,,,,
24155,12/17/25 22:30:00,23.184,,,,,
24156,12/17/25 22:45:00,23.280,,,,,
24157,12/17/25 23:00:00,23.352,,,,,
24158,12/17/25 23:15:00,23.400,,,,,
24159,12/17/25 23:30:00,23.424,,,,,
24160,12/17/25 23:45:00,23.448,,,,,
24161,12/18/25 00:00:00,23.472,,,,,
24162,12/18/25 00:15:00,23.497,,,,,
24163,12/18/25 00:30:00,23.545,,,,,
24164,12/18/25 00:45:00,23.593,,,,,
24165,12/18/25 01:00:00,23.641,,,,,
24166,12/18/25 01:15:00,23.689,,,,,
24167,12/18/25 01:30:00,23.737,,,,,
24168,12/18/25 01:45:00,23.761,,,,,
24169,12/18/25 02:00:00,23.785,,,,,
24170,12/18/25 02:15:00,23.809,,,,,
24171,12/18/25 02:30:00,23.833,,,,,
24172,12/18/25 02:45:00,23.881,,,,,
24173,12/18/25 03:00:00,23.881,,,,,
24174,12/18/25 03:15:00,23.905,,,,,
24175,12/18/25 03:30:00,23.930,,,,,
24176,12/18/25 03:45:00,23.930,,,,,
24177,12/18/25 04:00:00,23.954,,,,,
24178,12/18/25 04:15:00,23.954,,,,,
24179,12/18/25 04:30:00,23.978,,,,,
24180,12/18/25 04:45:00,23.978,,,,,
24181,12/18/25 05:00:00,24.002,,,,,
24182,12/18/25 05:15:00,24.002,,,,,
24183,12/18/25 05:30:00,23.930,,,,,
24184,12/18/25 05:45:00,23.833,,,,,
24185,12/18/25 06:00:00,23.737,,,,,
24186,12/18/25 06:15:00,23.232,,,,,
24187,12/18/25 06:30:00,22.513,,,,,
24188,12/18/25 06:45:00,22.417,,,,,
24189,12/18/25 07:00:00,22.345,,,,,
24190,12/18/25 07:15:00,22.298,,,,,
24191,12/18/25 07:30:00,23.088,,,,,
24192,12/18/25 07:45:00,23.785,,,,,
24193,12/18/25 08:00:00,23.472,,,,,
24194,12/18/25 08:15:00,23.280,,,,,
24195,12/18/25 08:30:00,23.280,,,,,
24196,12/18/25 08:45:00,23.689,,,,,
24197,12/18/25 09:00:00,23.930,,,,,
24198,12/18/25 09:15:00,23.689,,,,,
24199,12/18/25 09:30:00,23.497,,,,,
24200,12/18/25 09:45:00,23.809,,,,,
24201,12/18/25 10:00:00,23.833,,,,,
24202,12/18/25 10:15:00,23.593,,,,,
24203,12/18/25 10:30:00,23.472,,,,,
24204,12/18/25 10:45:00,23.665,,,,,
24205,12/18/25 11:00:00,23.881,,,,,
24206,12/18/25 11:15:00,23.665,,,,,
24207,12/18/25 11:30:00,23.472,,,,,
24208,12/18/25 11:45:00,23.352,,,,,
24209,12/18/25 12:00:00,23.280,,,,,
24210,12/18/25 12:15:00,23.232,,,,,
24211,12/18/25 12:30:00,23.208,,,,,
24212,12/18/25 12:45:00,23.208,,,,,
24213,12/18/25 13:00:00,23.136,,,,,
24214,12/18/25 13:15:00,23.064,,,,,
24215,12/18/25 13:30:00,23.040,,,,,
24216,12/18/25 13:45:00,23.016,,,,,
24217,12/18/25 14:00:00,22.968,,,,,
24218,12/18/25 14:15:00,22.968,,,,,
24219,12/18/25 14:30:00,22.944,,,,,
24220,12/18/25 14:45:00,22.920,,,,,
24221,12/18/25 15:00:00,22.848,,,,,
24222,12/18/25 15:15:00,22.800,,,,,
24223,12/18/25 15:30:00,22.776,,,,,
24224,12/18/25 15:45:00,22.776,,,,,
24225,12/18/25 16:00:00,22.776,,,,,
24226,12/18/25 16:15:00,22.776,,,,,
24227,12/18/25 16:30:00,22.753,,,,,
24228,12/18/25 16:45:00,22.729,,,,,
24229,12/18/25 17:00:00,22.705,,,,,
24230,12/18/25 17:15:00,22.657,,,,,
24231,12/18/25 17:30:00,22.609,,,,,
24232,12/18/25 17:45:00,22.609,,,,,
24233,12/18/25 18:00:00,22.705,,,,,
24234,12/18/25 18:15:00,23.136,,,,,
24235,12/18/25 18:30:00,23.112,,,,,
24236,12/18/25 18:45:00,22.968,,,,,
24237,12/18/25 19:00:00,22.824,,,,,
24238,12/18/25 19:15:00,22.729,,,,,
24239,12/18/25 19:30:00,22.657,,,,,
24240,12/18/25 19:45:00,22.609,,,,,
24241,12/18/25 20:00:00,22.968,,,,,
24242,12/18/25 20:15:00,23.208,,,,,
24243,12/18/25 20:30:00,22.968,,,,,
24244,12/18/25 20:45:00,22.800,,,,,
24245,12/18/25 21:00:00,23.112,,,,,
24246,12/18/25 21:15:00,23.376,,,,,
24247,12/18/25 21:30:00,23.088,,,,,
24248,12/18/25 21:45:00,22.848,,,,,
24249,12/18/25 22:00:00,23.064,,,,,
24250,12/18/25 22:15:00,23.400,,,,,
24251,12/18/25 22:30:00,23.641,,,,,
24252,12/18/25 22:45:00,23.809,,,,,
24253,12/18/25 23:00:00,23.930,,,,,
24254,12/18/25 23:15:00,23.978,,,,,
24255,12/18/25 23:30:00,23.930,,,,,
24256,12/18/25 23:45:00,23.905,,,,,
24257,12/19/25 00:00:00,23.905,,,,,
24258,12/19/25 00:15:00,23.905,,,,,
24259,12/19/25 00:30:00,23.905,,,,,
24260,12/19/25 00:45:00,23.930,,,,,
24261,12/19/25 01:00:00,23.978,,,,,
24262,12/19/25 01:15:00,24.002,,,,,
24263,12/19/25 01:30:00,24.050,,,,,
24264,12/19/25 01:45:00,24.074,,,,,
24265,12/19/25 02:00:00,24.122,,,,,
24266,12/19/25 02:15:00,24.146,,,,,
24267,12/19/25 02:30:00,24.195,,,,,
24268,12/19/25 02:45:00,24.219,,,,,
24269,12/19/25 03:00:00,24.243,,,,,
24270,12/19/25 03:15:00,24.267,,,,,
24271,12/19/25 03:30:00,24.267,,,,,
24272,12/19/25 03:45:00,24.291,,,,,
24273,12/19/25 04:00:00,24.315,,,,,
24274,12/19/25 04:15:00,24.315,,,,,
24275,12/19/25 04:30:00,24.339,,,,,
24276,12/19/25 04:45:00,24.339,,,,,
24277,12/19/25 05:00:00,24.363,,,,,
24278,12/19/25 05:15:00,24.315,,,,,
24279,12/19/25 05:30:00,24.219,,,,,
24280,12/19/25 05:45:00,24.122,,,,,
24281,12/19/25 06:00:00,24.050,,,,,
24282,12/19/25 06:15:00,23.569,,,,,
24283,12/19/25 06:30:00,22.776,,,,,
24284,12/19/25 06:45:00,22.393,,,,,
24285,12/19/25 07:00:00,22.417,,,,,
24286,12/19/25 07:15:00,22.441,,,,,
24287,12/19/25 07:30:00,22.920,,,,,
24288,12/19/25 07:45:00,23.256,,,,,
24289,12/19/25 08:00:00,23.256,,,,,
24290,12/19/25 08:15:00,23.617,,,,,
24291,12/19/25 08:30:00,23.665,,,,,
24292,12/19/25 08:45:00,23.472,,,,,
24293,12/19/25 09:00:00,23.424,,,,,
24294,12/19/25 09:15:00,23.376,,,,,
24295,12/19/25 09:30:00,23.352,,,,,
24296,12/19/25 09:45:00,23.593,,,,,
24297,12/19/25 10:00:00,23.761,,,,,
24298,12/19/25 10:15:00,23.593,,,,,
24299,12/19/25 10:30:00,23.497,,,,,
24300,12/19/25 10:45:00,23.400,,,,,
24301,12/19/25 11:00:00,23.328,,,,,
24302,12/19/25 11:15:00,23.497,,,,,
24303,12/19/25 11:30:00,23.737,,,,,
24304,12/19/25 11:45:00,23.521,,,,,
24305,12/19/25 12:00:00,23.352,,,,,
24306,12/19/25 12:15:00,23.256,,,,,
24307,12/19/25 12:30:00,23.184,,,,,
24308,12/19/25 12:45:00,23.208,,,,,
24309,12/19/25 13:00:00,23.160,,,,,
24310,12/19/25 13:15:00,23.136,,,,,
24311,12/19/25 13:30:00,23.112,,,,,
24312,12/19/25 13:45:00,23.088,,,,,
24313,12/19/25 14:00:00,23.064,,,,,
24314,12/19/25 14:15:00,23.064,,,,,
24315,12/19/25 14:30:00,23.064,,,,,
24316,12/19/25 14:45:00,23.040,,,,,
24317,12/19/25 15:00:00,23.016,,,,,
24318,12/19/25 15:15:00,23.016,,,,,
24319,12/19/25 15:30:00,22.992,,,,,
24320,12/19/25 15:45:00,23.016,,,,,
24321,12/19/25 16:00:00,22.968,,,,,
24322,12/19/25 16:15:00,22.920,,,,,
24323,12/19/25 16:30:00,22.872,,,,,
24324,12/19/25 16:45:00,22.848,,,,,
24325,12/19/25 17:00:00,22.800,,,,,
24326,12/19/25 17:15:00,22.753,,,,,
24327,12/19/25 17:30:00,22.705,,,,,
24328,12/19/25 17:45:00,22.657,,,,,
24329,12/19/25 18:00:00,22.585,,,,,
24330,12/19/25 18:15:00,22.609,,,,,
24331,12/19/25 18:30:00,22.609,,,,,
24332,12/19/25 18:45:00,22.585,,,,,
24333,12/19/25 19:00:00,22.537,,,,,
24334,12/19/25 19:15:00,22.776,,,,,
24335,12/19/25 19:30:00,23.064,,,,,
24336,12/19/25 19:45:00,22.944,,,,,
24337,12/19/25 20:00:00,22.800,,,,,
24338,12/19/25 20:15:00,22.705,,,,,
24339,12/19/25 20:30:00,22.633,,,,,
24340,12/19/25 20:45:00,22.848,,,,,
24341,12/19/25 21:00:00,22.968,,,,,
24342,12/19/25 21:15:00,22.681,,,,,
24343,12/19/25 21:30:00,22.441,,,,,
24344,12/19/25 21:45:00,22.729,,,,,
24345,12/19/25 22:00:00,22.944,,,,,
24346,12/19/25 22:15:00,23.064,,,,,
24347,12/19/25 22:30:00,23.208,,,,,
24348,12/19/25 22:45:00,23.304,,,,,
24349,12/19/25 23:00:00,23.376,,,,,
24350,12/19/25 23:15:00,23.448,,,,,
24351,12/19/25 23:30:00,23.497,,,,,
24352,12/19/25 23:45:00,23.521,,,,,
24353,12/20/25 00:00:00,23.545,,,,,
24354,12/20/25 00:15:00,23.569,,,,,
24355,12/20/25 00:30:00,23.617,,,,,
24356,12/20/25 00:45:00,23.641,,,,,
24357,12/20/25 01:00:00,23.689,,,,,
24358,12/20/25 01:15:00,23.737,,,,,
24359,12/20/25 01:30:00,23.809,,,,,
24360,12/20/25 01:45:00,23.857,,,,,
24361,12/20/25 02:00:00,23.905,,,,,
24362,12/20/25 02:15:00,23.930,,,,,
24363,12/20/25 02:30:00,23.978,,,,,
24364,12/20/25 02:45:00,24.026,,,,,
24365,12/20/25 03:00:00,24.074,,,,,
24366,12/20/25 03:15:00,24.122,,,,,
24367,12/20/25 03:30:00,24.146,,,,,
24368,12/20/25 03:45:00,24.195,,,,,
24369,12/20/25 04:00:00,24.219,,,,,
24370,12/20/25 04:15:00,24.243,,,,,
24371,12/20/25 04:30:00,24.243,,,,,
24372,12/20/25 04:45:00,24.267,,,,,
24373,12/20/25 05:00:00,24.291,,,,,
24374,12/20/25 05:15:00,24.267,,,,,
24375,12/20/25 05:30:00,24.171,,,,,
24376,12/20/25 05:45:00,24.074,,,,,
24377,12/20/25 06:00:00,24.002,,,,,
24378,12/20/25 06:15:00,23.497,,,,,
24379,12/20/25 06:30:00,22.729,,,,,
24380,12/20/25 06:45:00,22.393,,,,,
24381,12/20/25 07:00:00,22.417,,,,,
24382,12/20/25 07:15:00,22.441,,,,,
24383,12/20/25 07:30:00,22.537,,,,,
24384,12/20/25 07:45:00,22.896,,,,,
24385,12/20/25 08:00:00,23.256,,,,,
24386,12/20/25 08:15:00,23.256,,,,,
24387,12/20/25 08:30:00,23.088,,,,,
24388,12/20/25 08:45:00,22.968,,,,,
24389,12/20/25 09:00:00,23.112,,,,,
24390,12/20/25 09:15:00,23.521,,,,,
24391,12/20/25 09:30:00,23.545,,,,,
24392,12/20/25 09:45:00,23.304,,,,,
24393,12/20/25 10:00:00,23.136,,,,,
24394,12/20/25 10:15:00,23.064,,,,,
24395,12/20/25 10:30:00,22.992,,,,,
24396,12/20/25 10:45:00,23.352,,,,,
24397,12/20/25 11:00:00,23.472,,,,,
24398,12/20/25 11:15:00,23.280,,,,,
24399,12/20/25 11:30:00,23.160,,,,,
24400,12/20/25 11:45:00,23.088,,,,,
24401,12/20/25 12:00:00,23.040,,,,,
24402,12/20/25 12:15:00,23.016,,,,,
24403,12/20/25 12:30:00,22.992,,,,,
24404,12/20/25 12:45:00,22.992,,,,,
24405,12/20/25 13:00:00,22.968,,,,,
24406,12/20/25 13:15:00,22.992,,,,,
24407,12/20/25 13:30:00,22.992,,,,,
24408,12/20/25 13:45:00,22.968,,,,,
24409,12/20/25 14:00:00,22.968,,,,,
24410,12/20/25 14:15:00,22.944,,,,,
24411,12/20/25 14:30:00,22.944,,,,,
24412,12/20/25 14:45:00,22.896,,,,,
24413,12/20/25 15:00:00,22.872,,,,,
24414,12/20/25 15:15:00,22.824,,,,,
24415,12/20/25 15:30:00,22.776,,,,,
24416,12/20/25 15:45:00,22.753,,,,,
24417,12/20/25 16:00:00,22.705,,,,,
24418,12/20/25 16:15:00,22.681,,,,,
24419,12/20/25 16:30:00,22.609,,,,,
24420,12/20/25 16:45:00,22.561,,,,,
24421,12/20/25 17:00:00,22.513,,,,,
24422,12/20/25 17:15:00,22.465,,,,,
24423,12/20/25 17:30:00,22.417,,,,,
24424,12/20/25 17:45:00,22.393,,,,,
24425,12/20/25 18:00:00,22.345,,,,,
24426,12/20/25 18:15:00,22.298,,,,,
24427,12/20/25 18:30:00,22.274,,,,,
24428,12/20/25 18:45:00,22.393,,,,,
24429,12/20/25 19:00:00,22.705,,,,,
24430,12/20/25 19:15:00,22.800,,,,,
24431,12/20/25 19:30:00,22.705,,,,,
24432,12/20/25 19:45:00,22.561,,,,,
24433,12/20/25 20:00:00,22.441,,,,,
24434,12/20/25 20:15:00,22.681,,,,,
24435,12/20/25 20:30:00,22.920,,,,,
24436,12/20/25 20:45:00,22.896,,,,,
24437,12/20/25 21:00:00,22.585,,,,,
24438,12/20/25 21:15:00,22.753,,,,,
24439,12/20/25 21:30:00,22.944,,,,,
24440,12/20/25 21:45:00,22.681,,,,,
24441,12/20/25 22:00:00,22.681,,,,,
24442,12/20/25 22:15:00,22.944,,,,,
24443,12/20/25 22:30:00,23.112,,,,,
24444,12/20/25 22:45:00,23.256,,,,,
24445,12/20/25 23:00:00,23.352,,,,,
24446,12/20/25 23:15:00,23.400,,,,,
24447,12/20/25 23:30:00,23.448,,,,,
24448,12/20/25 23:45:00,23.497,,,,,
24449,12/21/25 00:00:00,23.521,,,,,
24450,12/21/25 00:15:00,23.569,,,,,
24451,12/21/25 00:30:00,23.617,,,,,
24452,12/21/25 00:45:00,23.665,,,,,
24453,12/21/25 01:00:00,23.713,,,,,
24454,12/21/25 01:15:00,23.785,,,,,
24455,12/21/25 01:30:00,23.833,,,,,
24456,12/21/25 01:45:00,23.881,,,,,
24457,12/21/25 02:00:00,23.905,,,,,
24458,12/21/25 02:15:00,23.954,,,,,
24459,12/21/25 02:30:00,24.002,,,,,
24460,12/21/25 02:45:00,24.026,,,,,
24461,12/21/25 03:00:00,24.050,,,,,
24462,12/21/25 03:15:00,24.074,,,,,
24463,12/21/25 03:30:00,24.122,,,,,
24464,12/21/25 03:45:00,24.122,,,,,
24465,12/21/25 04:00:00,24.146,,,,,
24466,12/21/25 04:15:00,24.171,,,,,
24467,12/21/25 04:30:00,24.195,,,,,
24468,12/21/25 04:45:00,24.219,,,,,
24469,12/21/25 05:00:00,24.243,,,,,
24470,12/21/25 05:15:00,24.219,,,,,
24471,12/21/25 05:30:00,24.122,,,,,
24472,12/21/25 05:45:00,24.026,,,,,
24473,12/21/25 06:00:00,23.954,,,,,
24474,12/21/25 06:15:00,23.448,,,,,
24475,12/21/25 06:30:00,22.657,,,,,
24476,12/21/25 06:45:00,22.465,,,,,
24477,12/21/25 07:00:00,22.441,,,,,
24478,12/21/25 07:15:00,22.441,,,,,
24479,12/21/25 07:30:00,22.441,,,,,
24480,12/21/25 07:45:00,22.681,,,,,
24481,12/21/25 08:00:00,23.040,,,,,
24482,12/21/25 08:15:00,22.992,,,,,
24483,12/21/25 08:30:00,22.872,,,,,
24484,12/21/25 08:45:00,22.896,,,,,
24485,12/21/25 09:00:00,22.968,,,,,
24486,12/21/25 09:15:00,23.016,,,,,
24487,12/21/25 09:30:00,23.424,,,,,
24488,12/21/25 09:45:00,23.641,,,,,
24489,12/21/25 10:00:00,23.545,,,,,
24490,12/21/25 10:15:00,23.472,,,,,
24491,12/21/25 10:30:00,23.400,,,,,
24492,12/21/25 10:45:00,23.304,,,,,
24493,12/21/25 11:00:00,23.256,,,,,
24494,12/21/25 11:15:00,23.208,,,,,
24495,12/21/25 11:30:00,23.160,,,,,
24496,12/21/25 11:45:00,23.497,,,,,
24497,12/21/25 12:00:00,23.545,,,,,
24498,12/21/25 12:15:00,23.352,,,,,
24499,12/21/25 12:30:00,23.232,,,,,
24500,12/21/25 12:45:00,23.160,,,,,
24501,12/21/25 13:00:00,23.112,,,,,
24502,12/21/25 13:15:00,23.040,,,,,
24503,12/21/25 13:30:00,22.992,,,,,
24504,12/21/25 13:45:00,22.968,,,,,
24505,12/21/25 14:00:00,22.968,,,,,
24506,12/21/25 14:15:00,22.968,,,,,
24507,12/21/25 14:30:00,22.944,,,,,
24508,12/21/25 14:45:00,22.896,,,,,
24509,12/21/25 15:00:00,22.872,,,,,
24510,12/21/25 15:15:00,22.824,,,,,
24511,12/21/25 15:30:00,22.776,,,,,
24512,12/21/25 15:45:00,22.729,,,,,
24513,12/21/25 16:00:00,22.705,,,,,
24514,12/21/25 16:15:00,22.705,,,,,
24515,12/21/25 16:30:00,22.705,,,,,
24516,12/21/25 16:45:00,22.705,,,,,
24517,12/21/25 17:00:00,22.657,,,,,
24518,12/21/25 17:15:00,22.609,,,,,
24519,12/21/25 17:30:00,22.657,,,,,
24520,12/21/25 17:45:00,22.657,,,,,
24521,12/21/25 18:00:00,22.681,,,,,
24522,12/21/25 18:15:00,22.561,,,,,
24523,12/21/25 18:30:00,22.729,,,,,
24524,12/21/25 18:45:00,23.112,,,,,
24525,12/21/25 19:00:00,23.064,,,,,
24526,12/21/25 19:15:00,22.944,,,,,
24527,12/21/25 19:30:00,22.776,,,,,
24528,12/21/25 19:45:00,22.561,,,,,
24529,12/21/25 20:00:00,22.585,,,,,
24530,12/21/25 20:15:00,22.848,,,,,
24531,12/21/25 20:30:00,22.944,,,,,
24532,12/21/25 20:45:00,22.776,,,,,
24533,12/21/25 21:00:00,22.681,,,,,
24534,12/21/25 21:15:00,22.585,,,,,
24535,12/21/25 21:30:00,22.824,,,,,
24536,12/21/25 21:45:00,22.992,,,,,
24537,12/21/25 22:00:00,22.800,,,,,
24538,12/21/25 22:15:00,22.848,,,,,
24539,12/21/25 22:30:00,23.016,,,,,
24540,12/21/25 22:45:00,23.136,,,,,
24541,12/21/25 23:00:00,23.208,,,,,
24542,12/21/25 23:15:00,23.280,,,,,
24543,12/21/25 23:30:00,23.328,,,,,
24544,12/21/25 23:45:00,23.352,,,,,
24545,12/22/25 00:00:00,23.400,,,,,
24546,12/22/25 00:15:00,23.448,,,,,
24547,12/22/25 00:30:00,23.497,,,,,
24548,12/22/25 00:45:00,23.569,,,,,
24549,12/22/25 01:00:00,23.617,,,,,
24550,12/22/25 01:15:00,23.665,,,,,
24551,12/22/25 01:30:00,23.713,,,,,
24552,12/22/25 01:45:00,23.761,,,,,
24553,12/22/25 02:00:00,23.785,,,,,
24554,12/22/25 02:15:00,23.833,,,,,
24555,12/22/25 02:30:00,23.881,,,,,
24556,12/22/25 02:45:00,23.905,,,,,
24557,12/22/25 03:00:00,23.930,,,,,
24558,12/22/25 03:15:00,23.930,,,,,
24559,12/22/25 03:30:00,23.954,,,,,
24560,12/22/25 03:45:00,23.978,,,,,
24561,12/22/25 04:00:00,23.978,,,,,
24562,12/22/25 04:15:00,24.002,,,,,
24563,12/22/25 04:30:00,24.026,,,,,
24564,12/22/25 04:45:00,24.050,,,,,
24565,12/22/25 05:00:00,24.074,,,,,
24566,12/22/25 05:15:00,24.074,,,,,
24567,12/22/25 05:30:00,23.978,,,,,
24568,12/22/25 05:45:00,23.881,,,,,
24569,12/22/25 06:00:00,23.785,,,,,
24570,12/22/25 06:15:00,23.328,,,,,
24571,12/22/25 06:30:00,22.585,,,,,
24572,12/22/25 06:45:00,22.369,,,,,
24573,12/22/25 07:00:00,22.345,,,,,
24574,12/22/25 07:15:00,22.321,,,,,
24575,12/22/25 07:30:00,22.465,,,,,
24576,12/22/25 07:45:00,22.753,,,,,
24577,12/22/25 08:00:00,22.872,,,,,
24578,12/22/25 08:15:00,22.729,,,,,
24579,12/22/25 08:30:00,22.609,,,,,
24580,12/22/25 08:45:00,22.872,,,,,
24581,12/22/25 09:00:00,23.088,,,,,
24582,12/22/25 09:15:00,23.256,,,,,
24583,12/22/25 09:30:00,22.944,,,,,
24584,12/22/25 09:45:00,22.705,,,,,
24585,12/22/25 10:00:00,22.920,,,,,
24586,12/22/25 10:15:00,23.280,,,,,
24587,12/22/25 10:30:00,23.376,,,,,
24588,12/22/25 10:45:00,23.184,,,,,
24589,12/22/25 11:00:00,23.064,,,,,
24590,12/22/25 11:15:00,22.992,,,,,
24591,12/22/25 11:30:00,22.920,,,,,
24592,12/22/25 11:45:00,22.872,,,,,
24593,12/22/25 12:00:00,22.848,,,,,
24594,12/22/25 12:15:00,22.824,,,,,
24595,12/22/25 12:30:00,22.753,,,,,
24596,12/22/25 12:45:00,22.729,,,,,
24597,12/22/25 13:00:00,22.896,,,,,
24598,12/22/25 13:15:00,23.208,,,,,
24599,12/22/25 13:30:00,23.160,,,,,
24600,12/22/25 13:45:00,23.040,,,,,
24601,12/22/25 14:00:00,22.944,,,,,
24602,12/22/25 14:15:00,22.872,,,,,
24603,12/22/25 14:30:00,22.968,,,,,
24604,12/22/25 14:45:00,23.232,,,,,
24605,12/22/25 15:00:00,23.112,,,,,
24606,12/22/25 15:15:00,22.944,,,,,
24607,12/22/25 15:30:00,22.824,,,,,
24608,12/22/25 15:45:00,22.753,,,,,
24609,12/22/25 16:00:00,23.040,,,,,
24610,12/22/25 16:15:00,23.232,,,,,
24611,12/22/25 16:30:00,23.136,,,,,
24612,12/22/25 16:45:00,22.992,,,,,
24613,12/22/25 17:00:00,22.872,,,,,
24614,12/22/25 17:15:00,22.753,,,,,
24615,12/22/25 17:30:00,22.681,,,,,
24616,12/22/25 17:45:00,22.705,,,,,
24617,12/22/25 18:00:00,22.585,,,,,
24618,12/22/25 18:15:00,22.992,,,,,
24619,12/22/25 18:30:00,23.280,,,,,
24620,12/22/25 18:45:00,23.040,,,,,
24621,12/22/25 19:00:00,22.824,,,,,
24622,12/22/25 19:15:00,22.800,,,,,
24623,12/22/25 19:30:00,23.160,,,,,
24624,12/22/25 19:45:00,23.256,,,,,
24625,12/22/25 20:00:00,22.992,,,,,
24626,12/22/25 20:15:00,22.920,,,,,
24627,12/22/25 20:30:00,23.232,,,,,
24628,12/22/25 20:45:00,23.328,,,,,
24629,12/22/25 21:00:00,23.016,,,,,
24630,12/22/25 21:15:00,22.920,,,,,
24631,12/22/25 21:30:00,23.256,,,,,
24632,12/22/25 21:45:00,23.448,,,,,
24633,12/22/25 22:00:00,23.160,,,,,
24634,12/22/25 22:15:00,23.256,,,,,
24635,12/22/25 22:30:00,23.521,,,,,
24636,12/22/25 22:45:00,23.689,,,,,
24637,12/22/25 23:00:00,23.713,,,,,
24638,12/22/25 23:15:00,23.713,,,,,
24639,12/22/25 23:30:00,23.713,,,,,
24640,12/22/25 23:45:00,23.713,,,,,
24641,12/23/25 00:00:00,23.713,,,,,
24642,12/23/25 00:15:00,23.713,,,,,
24643,12/23/25 00:30:00,23.737,,,,,
24644,12/23/25 00:45:00,23.761,,,,,
24645,12/23/25 01:00:00,23.785,,,,,
24646,12/23/25 01:15:00,23.833,,,,,
24647,12/23/25 01:30:00,23.857,,,,,
24648,12/23/25 01:45:00,23.905,,,,,
24649,12/23/25 02:00:00,23.930,,,,,
24650,12/23/25 02:15:00,23.954,,,,,
24651,12/23/25 02:30:00,23.978,,,,,
24652,12/23/25 02:45:00,24.002,,,,,
24653,12/23/25 03:00:00,24.026,,,,,
24654,12/23/25 03:15:00,24.050,,,,,
24655,12/23/25 03:30:00,24.074,,,,,
24656,12/23/25 03:45:00,24.098,,,,,
24657,12/23/25 04:00:00,24.098,,,,,
24658,12/23/25 04:15:00,24.122,,,,,
24659,12/23/25 04:30:00,24.146,,,,,
24660,12/23/25 04:45:00,24.171,,,,,
24661,12/23/25 05:00:00,24.171,,,,,
24662,12/23/25 05:15:00,24.195,,,,,
24663,12/23/25 05:30:00,24.098,,,,,
24664,12/23/25 05:45:00,24.026,,,,,
24665,12/23/25 06:00:00,23.978,,,,,
24666,12/23/25 06:15:00,23.472,,,,,
24667,12/23/25 06:30:00,22.776,,,,,
24668,12/23/25 06:45:00,22.633,,,,,
24669,12/23/25 07:00:00,22.561,,,,,
24670,12/23/25 07:15:00,22.513,,,,,
24671,12/23/25 07:30:00,22.800,,,,,
24672,12/23/25 07:45:00,23.136,,,,,
24673,12/23/25 08:00:00,23.232,,,,,
24674,12/23/25 08:15:00,23.352,,,,,
24675,12/23/25 08:30:00,23.280,,,,,
24676,12/23/25 08:45:00,23.232,,,,,
24677,12/23/25 09:00:00,23.232,,,,,
24678,12/23/25 09:15:00,23.352,,,,,
24679,12/23/25 09:30:00,23.761,,,,,
24680,12/23/25 09:45:00,24.002,,,,,
24681,12/23/25 10:00:00,23.785,,,,,
24682,12/23/25 10:15:00,23.569,,,,,
24683,12/23/25 10:30:00,23.497,,,,,
24684,12/23/25 10:45:00,23.785,,,,,
24685,12/23/25 11:00:00,23.930,,,,,
24686,12/23/25 11:15:00,23.689,,,,,
24687,12/23/25 11:30:00,23.497,,,,,
24688,12/23/25 11:45:00,23.376,,,,,
24689,12/23/25 12:00:00,23.280,,,,,
24690,12/23/25 12:15:00,23.208,,,,,
24691,12/23/25 12:30:00,23.160,,,,,
24692,12/23/25 12:45:00,23.112,,,,,
24693,12/23/25 13:00:00,23.064,,,,,
24694,12/23/25 13:15:00,23.016,,,,,
24695,12/23/25 13:30:00,23.328,,,,,
24696,12/23/25 13:45:00,23.521,,,,,
24697,12/23/25 14:00:00,23.448,,,,,
24698,12/23/25 14:15:00,23.328,,,,,
24699,12/23/25 14:30:00,23.232,,,,,
24700,12/23/25 14:45:00,23.160,,,,,
24701,12/23/25 15:00:00,23.112,,,,,
24702,12/23/25 15:15:00,23.088,,,,,
24703,12/23/25 15:30:00,23.088,,,,,
24704,12/23/25 15:45:00,23.112,,,,,
24705,12/23/25 16:00:00,23.088,,,,,
24706,12/23/25 16:15:00,23.064,,,,,
24707,12/23/25 16:30:00,23.040,,,,,
24708,12/23/25 16:45:00,22.992,,,,,
24709,12/23/25 17:00:00,22.992,,,,,
24710,12/23/25 17:15:00,22.992,,,,,
24711,12/23/25 17:30:00,22.968,,,,,
24712,12/23/25 17:45:00,22.968,,,,,
24713,12/23/25 18:00:00,22.920,,,,,
24714,12/23/25 18:15:00,22.992,,,,,
24715,12/23/25 18:30:00,23.256,,,,,
24716,12/23/25 18:45:00,23.184,,,,,
24717,12/23/25 19:00:00,23.064,,,,,
24718,12/23/25 19:15:00,22.992,,,,,
24719,12/23/25 19:30:00,22.920,,,,,
24720,12/23/25 19:45:00,22.896,,,,,
24721,12/23/25 20:00:00,23.184,,,,,
24722,12/23/25 20:15:00,23.208,,,,,
24723,12/23/25 20:30:00,22.968,,,,,
24724,12/23/25 20:45:00,22.872,,,,,
24725,12/23/25 21:00:00,23.136,,,,,
24726,12/23/25 21:15:00,23.184,,,,,
24727,12/23/25 21:30:00,23.040,,,,,
24728,12/23/25 21:45:00,22.896,,,,,
24729,12/23/25 22:00:00,22.920,,,,,
24730,12/23/25 22:15:00,23.184,,,,,
24731,12/23/25 22:30:00,23.376,,,,,
24732,12/23/25 22:45:00,23.521,,,,,
24733,12/23/25 23:00:00,23.617,,,,,
24734,12/23/25 23:15:00,23.689,,,,,
24735,12/23/25 23:30:00,23.737,,,,,
24736,12/23/25 23:45:00,23.785,,,,,
24737,12/24/25 00:00:00,23.833,,,,,
24738,12/24/25 00:15:00,23.881,,,,,
24739,12/24/25 00:30:00,23.954,,,,,
24740,12/24/25 00:45:00,24.002,,,,,
24741,12/24/25 01:00:00,24.074,,,,,
24742,12/24/25 01:15:00,24.122,,,,,
24743,12/24/25 01:30:00,24.171,,,,,
24744,12/24/25 01:45:00,24.219,,,,,
24745,12/24/25 02:00:00,24.243,,,,,
24746,12/24/25 02:15:00,24.291,,,,,
24747,12/24/25 02:30:00,24.315,,,,,
24748,12/24/25 02:45:00,24.363,,,,,
24749,12/24/25 03:00:00,24.388,,,,,
24750,12/24/25 03:15:00,24.412,,,,,
24751,12/24/25 03:30:00,24.436,,,,,
24752,12/24/25 03:45:00,24.460,,,,,
24753,12/24/25 04:00:00,24.484,,,,,
24754,12/24/25 04:15:00,24.508,,,,,
24755,12/24/25 04:30:00,24.508,,,,,
24756,12/24/25 04:45:00,24.532,,,,,
24757,12/24/25 05:00:00,24.557,,,,,
24758,12/24/25 05:15:00,24.532,,,,,
24759,12/24/25 05:30:00,24.412,,,,,
24760,12/24/25 05:45:00,24.339,,,,,
24761,12/24/25 06:00:00,24.267,,,,,
24762,12/24/25 06:15:00,23.785,,,,,
24763,12/24/25 06:30:00,23.064,,,,,
24764,12/24/25 06:45:00,22.633,,,,,
24765,12/24/25 07:00:00,22.705,,,,,
24766,12/24/25 07:15:00,22.729,,,,,
24767,12/24/25 07:30:00,22.968,,,,,
24768,12/24/25 07:45:00,23.208,,,,,
24769,12/24/25 08:00:00,23.400,,,,,
24770,12/24/25 08:15:00,23.617,,,,,
24771,12/24/25 08:30:00,23.521,,,,,
24772,12/24/25 08:45:00,23.545,,,,,
24773,12/24/25 09:00:00,23.569,,,,,
24774,12/24/25 09:15:00,23.569,,,,,
24775,12/24/25 09:30:00,23.593,,,,,
24776,12/24/25 09:45:00,23.593,,,,,
24777,12/24/25 10:00:00,23.617,,,,,
24778,12/24/25 10:15:00,23.593,,,,,
24779,12/24/25 10:30:00,23.593,,,,,
24780,12/24/25 10:45:00,23.593,,,,,
24781,12/24/25 11:00:00,23.881,,,,,
24782,12/24/25 11:15:00,23.833,,,,,
24783,12/24/25 11:30:00,23.593,,,,,
24784,12/24/25 11:45:00,23.448,,,,,
24785,12/24/25 12:00:00,23.352,,,,,
24786,12/24/25 12:15:00,23.304,,,,,
24787,12/24/25 12:30:00,23.256,,,,,
24788,12/24/25 12:45:00,23.232,,,,,
24789,12/24/25 13:00:00,23.208,,,,,
24790,12/24/25 13:15:00,23.184,,,,,
24791,12/24/25 13:30:00,23.184,,,,,
24792,12/24/25 13:45:00,23.184,,,,,
24793,12/24/25 14:00:00,23.160,,,,,
24794,12/24/25 14:15:00,23.160,,,,,
24795,12/24/25 14:30:00,23.184,,,,,
24796,12/24/25 14:45:00,23.160,,,,,
24797,12/24/25 15:00:00,23.160,,,,,
24798,12/24/25 15:15:00,23.208,,,,,
24799,12/24/25 15:30:00,23.184,,,,,
24800,12/24/25 15:45:00,23.160,,,,,
24801,12/24/25 16:00:00,23.136,,,,,
24802,12/24/25 16:15:00,23.112,,,,,
24803,12/24/25 16:30:00,23.160,,,,,
24804,12/24/25 16:45:00,23.208,,,,,
24805,12/24/25 17:00:00,23.208,,,,,
24806,12/24/25 17:15:00,23.184,,,,,
24807,12/24/25 17:30:00,23.136,,,,,
24808,12/24/25 17:45:00,23.016,,,,,
24809,12/24/25 18:00:00,22.992,,,,,
24810,12/24/25 18:15:00,22.968,,,,,
24811,12/24/25 18:30:00,22.872,,,,,
24812,12/24/25 18:45:00,22.872,,,,,
24813,12/24/25 19:00:00,22.920,,,,,
24814,12/24/25 19:15:00,22.920,,,,,
24815,12/24/25 19:30:00,22.896,,,,,
24816,12/24/25 19:45:00,22.872,,,,,
24817,12/24/25 20:00:00,22.705,,,,,
24818,12/24/25 20:15:00,22.585,,,,,
24819,12/24/25 20:30:00,22.513,,,,,
24820,12/24/25 20:45:00,22.489,,,,,
24821,12/24/25 21:00:00,22.513,,,,,
24822,12/24/25 21:15:00,22.513,,,,,
24823,12/24/25 21:30:00,22.561,,,,,
24824,12/24/25 21:45:00,22.776,,,,,
24825,12/24/25 22:00:00,22.992,,,,,
24826,12/24/25 22:15:00,23.136,,,,,
24827,12/24/25 22:30:00,23.280,,,,,
24828,12/24/25 22:45:00,23.352,,,,,
24829,12/24/25 23:00:00,23.448,,,,,
24830,12/24/25 23:15:00,23.497,,,,,
24831,12/24/25 23:30:00,23.545,,,,,
24832,12/24/25 23:45:00,23.593,,,,,
24833,12/25/25 00:00:00,23.617,,,,,
24834,12/25/25 00:15:00,23.665,,,,,
24835,12/25/25 00:30:00,23.737,,,,,
24836,12/25/25 00:45:00,23.809,,,,,
24837,12/25/25 01:00:00,23.857,,,,,
24838,12/25/25 01:15:00,23.930,,,,,
24839,12/25/25 01:30:00,23.978,,,,,
24840,12/25/25 01:45:00,24.026,,,,,
24841,12/25/25 02:00:00,24.074,,,,,
24842,12/25/25 02:15:00,24.098,,,,,
24843,12/25/25 02:30:00,24.122,,,,,
24844,12/25/25 02:45:00,24.146,,,,,
24845,12/25/25 03:00:00,24.171,,,,,
24846,12/25/25 03:15:00,24.195,,,,,
24847,12/25/25 03:30:00,24.219,,,,,
24848,12/25/25 03:45:00,24.267,,,,,
24849,12/25/25 04:00:00,24.291,,,,,
24850,12/25/25 04:15:00,24.315,,,,,
24851,12/25/25 04:30:00,24.315,,,,,
24852,12/25/25 04:45:00,24.339,,,,,
24853,12/25/25 05:00:00,24.363,,,,,
24854,12/25/25 05:15:00,24.339,,,,,
24855,12/25/25 05:30:00,24.219,,,,,
24856,12/25/25 05:45:00,24.098,,,,,
24857,12/25/25 06:00:00,24.026,,,,,
24858,12/25/25 06:15:00,23.569,,,,,
24859,12/25/25 06:30:00,22.824,,,,,
24860,12/25/25 06:45:00,22.585,,,,,
24861,12/25/25 07:00:00,22.609,,,,,
24862,12/25/25 07:15:00,22.609,,,,,
24863,12/25/25 07:30:00,22.633,,,,,
24864,12/25/25 07:45:00,22.848,,,,,
24865,12/25/25 08:00:00,23.112,,,,,
24866,12/25/25 08:15:00,23.304,,,,,
24867,12/25/25 08:30:00,23.208,,,,,
24868,12/25/25 08:45:00,22.872,,,,,
24869,12/25/25 09:00:00,22.681,,,,,
24870,12/25/25 09:15:00,22.944,,,,,
24871,12/25/25 09:30:00,23.280,,,,,
24872,12/25/25 09:45:00,23.497,,,,,
24873,12/25/25 10:00:00,23.280,,,,,
24874,12/25/25 10:15:00,23.040,,,,,
24875,12/25/25 10:30:00,22.896,,,,,
24876,12/25/25 10:45:00,22.944,,,,,
24877,12/25/25 11:00:00,23.256,,,,,
24878,12/25/25 11:15:00,23.521,,,,,
24879,12/25/25 11:30:00,23.665,,,,,
24880,12/25/25 11:45:00,23.280,,,,,
24881,12/25/25 12:00:00,23.016,,,,,
24882,12/25/25 12:15:00,23.064,,,,,
24883,12/25/25 12:30:00,23.400,,,,,
24884,12/25/25 12:45:00,23.617,,,,,
24885,12/25/25 13:00:00,23.593,,,,,
24886,12/25/25 13:15:00,23.232,,,,,
24887,12/25/25 13:30:00,22.992,,,,,
24888,12/25/25 13:45:00,22.992,,,,,
24889,12/25/25 14:00:00,23.328,,,,,
24890,12/25/25 14:15:00,23.569,,,,,
24891,12/25/25 14:30:00,23.521,,,,,
24892,12/25/25 14:45:00,23.136,,,,,
24893,12/25/25 15:00:00,22.872,,,,,
24894,12/25/25 15:15:00,22.896,,,,,
24895,12/25/25 15:30:00,23.256,,,,,
24896,12/25/25 15:45:00,23.497,,,,,
24897,12/25/25 16:00:00,23.472,,,,,
24898,12/25/25 16:15:00,23.136,,,,,
24899,12/25/25 16:30:00,22.920,,,,,
24900,12/25/25 16:45:00,22.753,,,,,
24901,12/25/25 17:00:00,23.064,,,,,
24902,12/25/25 17:15:00,23.328,,,,,
24903,12/25/25 17:30:00,23.424,,,,,
24904,12/25/25 17:45:00,23.040,,,,,
24905,12/25/25 18:00:00,22.824,,,,,
24906,12/25/25 18:15:00,23.088,,,,,
24907,12/25/25 18:30:00,23.280,,,,,
24908,12/25/25 18:45:00,23.088,,,,,
24909,12/25/25 19:00:00,22.729,,,,,
24910,12/25/25 19:15:00,22.944,,,,,
24911,12/25/25 19:30:00,23.160,,,,,
24912,12/25/25 19:45:00,23.304,,,,,
24913,12/25/25 20:00:00,22.992,,,,,
24914,12/25/25 20:15:00,22.729,,,,,
24915,12/25/25 20:30:00,22.992,,,,,
24916,12/25/25 20:45:00,23.184,,,,,
24917,12/25/25 21:00:00,23.304,,,,,
24918,12/25/25 21:15:00,23.016,,,,,
24919,12/25/25 21:30:00,22.753,,,,,
24920,12/25/25 21:45:00,22.992,,,,,
24921,12/25/25 22:00:00,23.184,,,,,
24922,12/25/25 22:15:00,23.328,,,,,
24923,12/25/25 22:30:00,23.448,,,,,
24924,12/25/25 22:45:00,23.497,,,,,
24925,12/25/25 23:00:00,23.545,,,,,
24926,12/25/25 23:15:00,23.593,,,,,
24927,12/25/25 23:30:00,23.593,,,,,
24928,12/25/25 23:45:00,23.593,,,,,
24929,12/26/25 00:00:00,23.617,,,,,
24930,12/26/25 00:15:00,23.641,,,,,
24931,12/26/25 00:30:00,23.689,,,,,
24932,12/26/25 00:45:00,23.737,,,,,
24933,12/26/25 01:00:00,23.761,,,,,
24934,12/26/25 01:15:00,23.785,,,,,
24935,12/26/25 01:30:00,23.809,,,,,
24936,12/26/25 01:45:00,23.833,,,,,
24937,12/26/25 02:00:00,23.857,,,,,
24938,12/26/25 02:15:00,23.857,,,,,
24939,12/26/25 02:30:00,23.881,,,,,
24940,12/26/25 02:45:00,23.905,,,,,
24941,12/26/25 03:00:00,23.905,,,,,
24942,12/26/25 03:15:00,23.930,,,,,
24943,12/26/25 03:30:00,23.930,,,,,
24944,12/26/25 03:45:00,23.954,,,,,
24945,12/26/25 04:00:00,23.954,,,,,
24946,12/26/25 04:15:00,23.954,,,,,
24947,12/26/25 04:30:00,23.978,,,,,
24948,12/26/25 04:45:00,23.978,,,,,
24949,12/26/25 05:00:00,23.978,,,,,
24950,12/26/25 05:15:00,23.978,,,,,
24951,12/26/25 05:30:00,23.954,,,,,
24952,12/26/25 05:45:00,23.857,,,,,
24953,12/26/25 06:00:00,23.785,,,,,
24954,12/26/25 06:15:00,23.376,,,,,
24955,12/26/25 06:30:00,22.920,,,,,
24956,12/26/25 06:45:00,22.609,,,,,
24957,12/26/25 07:00:00,22.776,,,,,
24958,12/26/25 07:15:00,23.040,,,,,
24959,12/26/25 07:30:00,23.328,,,,,
24960,12/26/25 07:45:00,23.545,,,,,
24961,12/26/25 08:00:00,23.016,,,,,
24962,12/26/25 08:15:00,22.896,,,,,
24963,12/26/25 08:30:00,23.328,,,,,
24964,12/26/25 08:45:00,23.785,,,,,
24965,12/26/25 09:00:00,23.881,,,,,
24966,12/26/25 09:15:00,23.593,,,,,
24967,12/26/25 09:30:00,23.785,,,,,
24968,12/26/25 09:45:00,24.098,,,,,
24969,12/26/25 10:00:00,23.809,,,,,
24970,12/26/25 10:15:00,23.569,,,,,
24971,12/26/25 10:30:00,23.689,,,,,
24972,12/26/25 10:45:00,23.713,,,,,
24973,12/26/25 11:00:00,23.472,,,,,
24974,12/26/25 11:15:00,23.713,,,,,
24975,12/26/25 11:30:00,23.978,,,,,
24976,12/26/25 11:45:00,23.809,,,,,
24977,12/26/25 12:00:00,23.472,,,,,
24978,12/26/25 12:15:00,23.280,,,,,
24979,12/26/25 12:30:00,23.136,,,,,
24980,12/26/25 12:45:00,23.304,,,,,
24981,12/26/25 13:00:00,23.665,,,,,
24982,12/26/25 13:15:00,23.497,,,,,
24983,12/26/25 13:30:00,23.256,,,,,
24984,12/26/25 13:45:00,23.184,,,,,
24985,12/26/25 14:00:00,23.208,,,,,
24986,12/26/25 14:15:00,23.232,,,,,
24987,12/26/25 14:30:00,23.160,,,,,
24988,12/26/25 14:45:00,23.088,,,,,
24989,12/26/25 15:00:00,23.016,,,,,
24990,12/26/25 15:15:00,22.968,,,,,
24991,12/26/25 15:30:00,22.896,,,,,
24992,12/26/25 15:45:00,22.824,,,,,
24993,12/26/25 16:00:00,22.776,,,,,
24994,12/26/25 16:15:00,22.753,,,,,
24995,12/26/25 16:30:00,22.729,,,,,
24996,12/26/25 16:45:00,22.729,,,,,
24997,12/26/25 17:00:00,22.705,,,,,
24998,12/26/25 17:15:00,22.753,,,,,
24999,12/26/25 17:30:00,23.016,,,,,
25000,12/26/25 17:45:00,23.040,,,,,
25001,12/26/25 18:00:00,22.992,,,,,
25002,12/26/25 18:15:00,22.896,,,,,
25003,12/26/25 18:30:00,22.872,,,,,
25004,12/26/25 18:45:00,23.064,,,,,
25005,12/26/25 19:00:00,23.208,,,,,
25006,12/26/25 19:15:00,23.112,,,,,
25007,12/26/25 19:30:00,22.729,,,,,
25008,12/26/25 19:45:00,22.800,,,,,
25009,12/26/25 20:00:00,23.016,,,,,
25010,12/26/25 20:15:00,23.016,,,,,
25011,12/26/25 20:30:00,22.848,,,,,
25012,12/26/25 20:45:00,22.920,,,,,
25013,12/26/25 21:00:00,23.064,,,,,
25014,12/26/25 21:15:00,23.136,,,,,
25015,12/26/25 21:30:00,22.753,,,,,
25016,12/26/25 21:45:00,22.800,,,,,
25017,12/26/25 22:00:00,23.016,,,,,
25018,12/26/25 22:15:00,23.160,,,,,
25019,12/26/25 22:30:00,23.280,,,,,
25020,12/26/25 22:45:00,23.328,,,,,
25021,12/26/25 23:00:00,23.376,,,,,
25022,12/26/25 23:15:00,23.400,,,,,
25023,12/26/25 23:30:00,23.424,,,,,
25024,12/26/25 23:45:00,23.424,,,,,
25025,12/27/25 00:00:00,23.448,,,,,
25026,12/27/25 00:15:00,23.448,,,,,
25027,12/27/25 00:30:00,23.472,,,,,
25028,12/27/25 00:45:00,23.521,,,,,
25029,12/27/25 01:00:00,23.545,,,,,
25030,12/27/25 01:15:00,23.593,,,,,
25031,12/27/25 01:30:00,23.641,,,,,
25032,12/27/25 01:45:00,23.641,,,,,
25033,12/27/25 02:00:00,23.665,,,,,
25034,12/27/25 02:15:00,23.689,,,,,
25035,12/27/25 02:30:00,23.713,,,,,
25036,12/27/25 02:45:00,23.737,,,,,
25037,12/27/25 03:00:00,23.737,,,,,
25038,12/27/25 03:15:00,23.761,,,,,
25039,12/27/25 03:30:00,23.761,,,,,
25040,12/27/25 03:45:00,23.761,,,,,
25041,12/27/25 04:00:00,23.785,,,,,
25042,12/27/25 04:15:00,23.785,,,,,
25043,12/27/25 04:30:00,23.785,,,,,
25044,12/27/25 04:45:00,23.785,,,,,
25045,12/27/25 05:00:00,23.785,,,,,
25046,12/27/25 05:15:00,23.785,,,,,
25047,12/27/25 05:30:00,23.761,,,,,
25048,12/27/25 05:45:00,23.665,,,,,
25049,12/27/25 06:00:00,23.593,,,,,
25050,12/27/25 06:15:00,23.016,,,,,
25051,12/27/25 06:30:00,22.513,,,,,
25052,12/27/25 06:45:00,22.369,,,,,
25053,12/27/25 07:00:00,22.633,,,,,
25054,12/27/25 07:15:00,22.848,,,,,
25055,12/27/25 07:30:00,23.064,,,,,
25056,12/27/25 07:45:00,23.136,,,,,
25057,12/27/25 08:00:00,22.729,,,,,
25058,12/27/25 08:15:00,22.920,,,,,
25059,12/27/25 08:30:00,23.328,,,,,
25060,12/27/25 08:45:00,23.617,,,,,
25061,12/27/25 09:00:00,23.448,,,,,
25062,12/27/25 09:15:00,23.304,,,,,
25063,12/27/25 09:30:00,23.328,,,,,
25064,12/27/25 09:45:00,23.665,,,,,
25065,12/27/25 10:00:00,23.857,,,,,
25066,12/27/25 10:15:00,23.593,,,,,
25067,12/27/25 10:30:00,23.400,,,,,
25068,12/27/25 10:45:00,23.521,,,,,
25069,12/27/25 11:00:00,23.761,,,,,
25070,12/27/25 11:15:00,23.569,,,,,
25071,12/27/25 11:30:00,23.256,,,,,
25072,12/27/25 11:45:00,23.088,,,,,
25073,12/27/25 12:00:00,22.992,,,,,
25074,12/27/25 12:15:00,23.304,,,,,
25075,12/27/25 12:30:00,23.497,,,,,
25076,12/27/25 12:45:00,23.424,,,,,
25077,12/27/25 13:00:00,23.352,,,,,
25078,12/27/25 13:15:00,23.328,,,,,
25079,12/27/25 13:30:00,23.304,,,,,
25080,12/27/25 13:45:00,23.256,,,,,
25081,12/27/25 14:00:00,23.256,,,,,
25082,12/27/25 14:15:00,23.232,,,,,
25083,12/27/25 14:30:00,23.232,,,,,
25084,12/27/25 14:45:00,23.208,,,,,
25085,12/27/25 15:00:00,23.160,,,,,
25086,12/27/25 15:15:00,23.160,,,,,
25087,12/27/25 15:30:00,23.136,,,,,
25088,12/27/25 15:45:00,23.136,,,,,
25089,12/27/25 16:00:00,23.352,,,,,
25090,12/27/25 16:15:00,23.352,,,,,
25091,12/27/25 16:30:00,23.088,,,,,
25092,12/27/25 16:45:00,22.896,,,,,
25093,12/27/25 17:00:00,22.776,,,,,
25094,12/27/25 17:15:00,22.681,,,,,
25095,12/27/25 17:30:00,22.872,,,,,
25096,12/27/25 17:45:00,23.112,,,,,
25097,12/27/25 18:00:00,23.136,,,,,
25098,12/27/25 18:15:00,23.040,,,,,
25099,12/27/25 18:30:00,22.944,,,,,
25100,12/27/25 18:45:00,22.872,,,,,
25101,12/27/25 19:00:00,23.016,,,,,
25102,12/27/25 19:15:00,23.184,,,,,
25103,12/27/25 19:30:00,23.040,,,,,
25104,12/27/25 19:45:00,22.705,,,,,
25105,12/27/25 20:00:00,22.705,,,,,
25106,12/27/25 20:15:00,22.944,,,,,
25107,12/27/25 20:30:00,23.040,,,,,
25108,12/27/25 20:45:00,22.872,,,,,
25109,12/27/25 21:00:00,22.681,,,,,
25110,12/27/25 21:15:00,22.800,,,,,
25111,12/27/25 21:30:00,22.968,,,,,
25112,12/27/25 21:45:00,23.088,,,,,
25113,12/27/25 22:00:00,23.064,,,,,
25114,12/27/25 22:15:00,23.064,,,,,
25115,12/27/25 22:30:00,23.160,,,,,
25116,12/27/25 22:45:00,23.232,,,,,
25117,12/27/25 23:00:00,23.256,,,,,
25118,12/27/25 23:15:00,23.304,,,,,
25119,12/27/25 23:30:00,23.304,,,,,
25120,12/27/25 23:45:00,23.328,,,,,
25121,12/28/25 00:00:00,23.376,,,,,
25122,12/28/25 00:15:00,23.424,,,,,
25123,12/28/25 00:30:00,23.472,,,,,
25124,12/28/25 00:45:00,23.497,,,,,
25125,12/28/25 01:00:00,23.521,,,,,
25126,12/28/25 01:15:00,23.545,,,,,
25127,12/28/25 01:30:00,23.569,,,,,
25128,12/28/25 01:45:00,23.593,,,,,
25129,12/28/25 02:00:00,23.617,,,,,
25130,12/28/25 02:15:00,23.641,,,,,
25131,12/28/25 02:30:00,23.641,,,,,
25132,12/28/25 02:45:00,23.641,,,,,
25133,12/28/25 03:00:00,23.665,,,,,
25134,12/28/25 03:15:00,23.665,,,,,
25135,12/28/25 03:30:00,23.665,,,,,
25136,12/28/25 03:45:00,23.689,,,,,
25137,12/28/25 04:00:00,23.689,,,,,
25138,12/28/25 04:15:00,23.689,,,,,
25139,12/28/25 04:30:00,23.689,,,,,
25140,12/28/25 04:45:00,23.689,,,,,
25141,12/28/25 05:00:00,23.689,,,,,
25142,12/28/25 05:15:00,23.689,,,,,
25143,12/28/25 05:30:00,23.689,,,,,
25144,12/28/25 05:45:00,23.593,,,,,
25145,12/28/25 06:00:00,23.521,,,,,
25146,12/28/25 06:15:00,22.920,,,,,
25147,12/28/25 06:30:00,22.417,,,,,
25148,12/28/25 06:45:00,22.369,,,,,
25149,12/28/25 07:00:00,22.633,,,,,
25150,12/28/25 07:15:00,22.824,,,,,
25151,12/28/25 07:30:00,22.992,,,,,
25152,12/28/25 07:45:00,22.992,,,,,
25153,12/28/25 08:00:00,22.633,,,,,
25154,12/28/25 08:15:00,22.753,,,,,
25155,12/28/25 08:30:00,23.160,,,,,
25156,12/28/25 08:45:00,23.593,,,,,
25157,12/28/25 09:00:00,23.497,,,,,
25158,12/28/25 09:15:00,23.304,,,,,
25159,12/28/25 09:30:00,23.304,,,,,
25160,12/28/25 09:45:00,23.641,,,,,
25161,12/28/25 10:00:00,23.809,,,,,
25162,12/28/25 10:15:00,23.472,,,,,
25163,12/28/25 10:30:00,23.184,,,,,
25164,12/28/25 10:45:00,23.304,,,,,
25165,12/28/25 11:00:00,23.569,,,,,
25166,12/28/25 11:15:00,23.689,,,,,
25167,12/28/25 11:30:00,23.448,,,,,
25168,12/28/25 11:45:00,23.352,,,,,
25169,12/28/25 12:00:00,23.304,,,,,
25170,12/28/25 12:15:00,23.280,,,,,
25171,12/28/25 12:30:00,23.232,,,,,
25172,12/28/25 12:45:00,23.160,,,,,
25173,12/28/25 13:00:00,23.088,,,,,
25174,12/28/25 13:15:00,23.040,,,,,
25175,12/28/25 13:30:00,23.016,,,,,
25176,12/28/25 13:45:00,22.992,,,,,
25177,12/28/25 14:00:00,22.968,,,,,
25178,12/28/25 14:15:00,22.968,,,,,
25179,12/28/25 14:30:00,22.896,,,,,
25180,12/28/25 14:45:00,22.681,,,,,
25181,12/28/25 15:00:00,22.824,,,,,
25182,12/28/25 15:15:00,22.800,,,,,
25183,12/28/25 15:30:00,22.896,,,,,
25184,12/28/25 15:45:00,23.016,,,,,
25185,12/28/25 16:00:00,23.112,,,,,
25186,12/28/25 16:15:00,23.184,,,,,
25187,12/28/25 16:30:00,23.208,,,,,
25188,12/28/25 16:45:00,23.184,,,,,
25189,12/28/25 17:00:00,23.160,,,,,
25190,12/28/25 17:15:00,23.112,,,,,
25191,12/28/25 17:30:00,23.016,,,,,
25192,12/28/25 17:45:00,22.920,,,,,
25193,12/28/25 18:00:00,22.824,,,,,
25194,12/28/25 18:15:00,22.729,,,,,
25195,12/28/25 18:30:00,22.681,,,,,
25196,12/28/25 18:45:00,22.753,,,,,
25197,12/28/25 19:00:00,22.968,,,,,
25198,12/28/25 19:15:00,23.040,,,,,
25199,12/28/25 19:30:00,22.872,,,,,
25200,12/28/25 19:45:00,22.729,,,,,
25201,12/28/25 20:00:00,22.609,,,,,
25202,12/28/25 20:15:00,22.705,,,,,
25203,12/28/25 20:30:00,22.896,,,,,
25204,12/28/25 20:45:00,23.040,,,,,
25205,12/28/25 21:00:00,22.968,,,,,
25206,12/28/25 21:15:00,22.609,,,,,
25207,12/28/25 21:30:00,22.729,,,,,
25208,12/28/25 21:45:00,22.920,,,,,
25209,12/28/25 22:00:00,22.968,,,,,
25210,12/28/25 22:15:00,23.016,,,,,
25211,12/28/25 22:30:00,23.112,,,,,
25212,12/28/25 22:45:00,23.184,,,,,
25213,12/28/25 23:00:00,23.232,,,,,
25214,12/28/25 23:15:00,23.256,,,,,
25215,12/28/25 23:30:00,23.280,,,,,
25216,12/28/25 23:45:00,23.304,,,,,
25217,12/29/25 00:00:00,23.328,,,,,
25218,12/29/25 00:15:00,23.376,,,,,
25219,12/29/25 00:30:00,23.424,,,,,
25220,12/29/25 00:45:00,23.472,,,,,
25221,12/29/25 01:00:00,23.521,,,,,
25222,12/29/25 01:15:00,23.545,,,,,
25223,12/29/25 01:30:00,23.593,,,,,
25224,12/29/25 01:45:00,23.617,,,,,
25225,12/29/25 02:00:00,23.641,,,,,
25226,12/29/25 02:15:00,23.689,,,,,
25227,12/29/25 02:30:00,23.713,,,,,
25228,12/29/25 02:45:00,23.737,,,,,
25229,12/29/25 03:00:00,23.761,,,,,
25230,12/29/25 03:15:00,23.785,,,,,
25231,12/29/25 03:30:00,23.809,,,,,
25232,12/29/25 03:45:00,23.833,,,,,
25233,12/29/25 04:00:00,23.857,,,,,
25234,12/29/25 04:15:00,23.857,,,,,
25235,12/29/25 04:30:00,23.881,,,,,
25236,12/29/25 04:45:00,23.905,,,,,
25237,12/29/25 05:00:00,23.930,,,,,
25238,12/29/25 05:15:00,23.930,,,,,
25239,12/29/25 05:30:00,23.881,,,,,
25240,12/29/25 05:45:00,23.809,,,,,
25241,12/29/25 06:00:00,23.761,,,,,
25242,12/29/25 06:15:00,23.256,,,,,
25243,12/29/25 06:30:00,22.537,,,,,
25244,12/29/25 06:45:00,22.441,,,,,
25245,12/29/25 07:00:00,22.465,,,,,
25246,12/29/25 07:15:00,22.633,,,,,
25247,12/29/25 07:30:00,22.920,,,,,
25248,12/29/25 07:45:00,23.136,,,,,
25249,12/29/25 08:00:00,22.872,,,,,
25250,12/29/25 08:15:00,22.776,,,,,
25251,12/29/25 08:30:00,23.112,,,,,
25252,12/29/25 08:45:00,23.472,,,,,
25253,12/29/25 09:00:00,23.593,,,,,
25254,12/29/25 09:15:00,23.256,,,,,
25255,12/29/25 09:30:00,23.064,,,,,
25256,12/29/25 09:45:00,23.424,,,,,
25257,12/29/25 10:00:00,23.713,,,,,
25258,12/29/25 10:15:00,23.497,,,,,
25259,12/29/25 10:30:00,23.280,,,,,
25260,12/29/25 10:45:00,23.136,,,,,
25261,12/29/25 11:00:00,23.040,,,,,
25262,12/29/25 11:15:00,23.064,,,,,
25263,12/29/25 11:30:00,23.352,,,,,
25264,12/29/25 11:45:00,23.593,,,,,
25265,12/29/25 12:00:00,23.472,,,,,
25266,12/29/25 12:15:00,23.112,,,,,
25267,12/29/25 12:30:00,22.920,,,,,
25268,12/29/25 12:45:00,22.848,,,,,
25269,12/29/25 13:00:00,23.184,,,,,
25270,12/29/25 13:15:00,23.424,,,,,
25271,12/29/25 13:30:00,23.160,,,,,
25272,12/29/25 13:45:00,22.896,,,,,
25273,12/29/25 14:00:00,22.705,,,,,
25274,12/29/25 14:15:00,22.800,,,,,
25275,12/29/25 14:30:00,23.136,,,,,
25276,12/29/25 14:45:00,23.280,,,,,
25277,12/29/25 15:00:00,23.112,,,,,
25278,12/29/25 15:15:00,22.968,,,,,
25279,12/29/25 15:30:00,22.848,,,,,
25280,12/29/25 15:45:00,22.824,,,,,
25281,12/29/25 16:00:00,23.112,,,,,
25282,12/29/25 16:15:00,23.328,,,,,
25283,12/29/25 16:30:00,23.184,,,,,
25284,12/29/25 16:45:00,22.872,,,,,
25285,12/29/25 17:00:00,22.800,,,,,
25286,12/29/25 17:15:00,23.112,,,,,
25287,12/29/25 17:30:00,23.088,,,,,
25288,12/29/25 17:45:00,22.824,,,,,
25289,12/29/25 18:00:00,22.753,,,,,
25290,12/29/25 18:15:00,23.016,,,,,
25291,12/29/25 18:30:00,23.088,,,,,
25292,12/29/25 18:45:00,22.896,,,,,
25293,12/29/25 19:00:00,22.800,,,,,
25294,12/29/25 19:15:00,22.968,,,,,
25295,12/29/25 19:30:00,23.136,,,,,
25296,12/29/25 19:45:00,23.256,,,,,
25297,12/29/25 20:00:00,22.920,,,,,
25298,12/29/25 20:15:00,22.585,,,,,
25299,12/29/25 20:30:00,22.513,,,,,
25300,12/29/25 20:45:00,22.776,,,,,
25301,12/29/25 21:00:00,22.872,,,,,
25302,12/29/25 21:15:00,22.776,,,,,
25303,12/29/25 21:30:00,22.920,,,,,
25304,12/29/25 21:45:00,23.040,,,,,
25305,12/29/25 22:00:00,23.136,,,,,
25306,12/29/25 22:15:00,23.232,,,,,
25307,12/29/25 22:30:00,23.328,,,,,
25308,12/29/25 22:45:00,23.376,,,,,
25309,12/29/25 23:00:00,23.400,,,,,
25310,12/29/25 23:15:00,23.400,,,,,
25311,12/29/25 23:30:00,23.424,,,,,
25312,12/29/25 23:45:00,23.400,,,,,
25313,12/30/25 00:00:00,23.400,,,,,
25314,12/30/25 00:15:00,23.424,,,,,
25315,12/30/25 00:30:00,23.472,,,,,
25316,12/30/25 00:45:00,23.497,,,,,
25317,12/30/25 01:00:00,23.545,,,,,
25318,12/30/25 01:15:00,23.569,,,,,
25319,12/30/25 01:30:00,23.593,,,,,
25320,12/30/25 01:45:00,23.617,,,,,
25321,12/30/25 02:00:00,23.641,,,,,
25322,12/30/25 02:15:00,23.665,,,,,
25323,12/30/25 02:30:00,23.665,,,,,
25324,12/30/25 02:45:00,23.689,,,,,
25325,12/30/25 03:00:00,23.689,,,,,
25326,12/30/25 03:15:00,23.713,,,,,
25327,12/30/25 03:30:00,23.737,,,,,
25328,12/30/25 03:45:00,23.737,,,,,
25329,12/30/25 04:00:00,23.761,,,,,
25330,12/30/25 04:15:00,23.761,,,,,
25331,12/30/25 04:30:00,23.761,,,,,
25332,12/30/25 04:45:00,23.785,,,,,
25333,12/30/25 05:00:00,23.785,,,,,
25334,12/30/25 05:15:00,23.785,,,,,
25335,12/30/25 05:30:00,23.737,,,,,
25336,12/30/25 05:45:00,23.641,,,,,
25337,12/30/25 06:00:00,23.569,,,,,
25338,12/30/25 06:15:00,23.016,,,,,
25339,12/30/25 06:30:00,22.585,,,,,
25340,12/30/25 06:45:00,22.393,,,,,
25341,12/30/25 07:00:00,22.441,,,,,
25342,12/30/25 07:15:00,22.705,,,,,
25343,12/30/25 07:30:00,22.920,,,,,
25344,12/30/25 07:45:00,23.112,,,,,
25345,12/30/25 08:00:00,22.800,,,,,
25346,12/30/25 08:15:00,22.633,,,,,
25347,12/30/25 08:30:00,22.920,,,,,
25348,12/30/25 08:45:00,23.376,,,,,
25349,12/30/25 09:00:00,23.593,,,,,
25350,12/30/25 09:15:00,23.352,,,,,
25351,12/30/25 09:30:00,23.184,,,,,
25352,12/30/25 09:45:00,23.184,,,,,
25353,12/30/25 10:00:00,23.521,,,,,
25354,12/30/25 10:15:00,23.569,,,,,
25355,12/30/25 10:30:00,23.352,,,,,
25356,12/30/25 10:45:00,23.160,,,,,
25357,12/30/25 11:00:00,23.160,,,,,
25358,12/30/25 11:15:00,23.448,,,,,
25359,12/30/25 11:30:00,23.472,,,,,
25360,12/30/25 11:45:00,23.208,,,,,
25361,12/30/25 12:00:00,23.040,,,,,
25362,12/30/25 12:15:00,22.920,,,,,
25363,12/30/25 12:30:00,22.872,,,,,
25364,12/30/25 12:45:00,22.872,,,,,
25365,12/30/25 13:00:00,23.088,,,,,
25366,12/30/25 13:15:00,23.352,,,,,
25367,12/30/25 13:30:00,23.304,,,,,
25368,12/30/25 13:45:00,23.208,,,,,
25369,12/30/25 14:00:00,23.160,,,,,
25370,12/30/25 14:15:00,23.112,,,,,
25371,12/30/25 14:30:00,23.088,,,,,
25372,12/30/25 14:45:00,23.064,,,,,
25373,12/30/25 15:00:00,23.064,,,,,
25374,12/30/25 15:15:00,23.064,,,,,
25375,12/30/25 15:30:00,23.040,,,,,
25376,12/30/25 15:45:00,23.040,,,,,
25377,12/30/25 16:00:00,23.040,,,,,
25378,12/30/25 16:15:00,23.016,,,,,
25379,12/30/25 16:30:00,22.992,,,,,
25380,12/30/25 16:45:00,22.992,,,,,
25381,12/30/25 17:00:00,22.968,,,,,
25382,12/30/25 17:15:00,23.016,,,,,
25383,12/30/25 17:30:00,23.280,,,,,
25384,12/30/25 17:45:00,23.088,,,,,
25385,12/30/25 18:00:00,22.800,,,,,
25386,12/30/25 18:15:00,22.609,,,,,
25387,12/30/25 18:30:00,22.872,,,,,
25388,12/30/25 18:45:00,23.064,,,,,
25389,12/30/25 19:00:00,22.944,,,,,
25390,12/30/25 19:15:00,22.800,,,,,
25391,12/30/25 19:30:00,22.705,,,,,
25392,12/30/25 19:45:00,22.872,,,,,
25393,12/30/25 20:00:00,23.064,,,,,
25394,12/30/25 20:15:00,23.064,,,,,
25395,12/30/25 20:30:00,22.705,,,,,
25396,12/30/25 20:45:00,22.705,,,,,
25397,12/30/25 21:00:00,22.920,,,,,
25398,12/30/25 21:15:00,22.992,,,,,
25399,12/30/25 21:30:00,22.681,,,,,
25400,12/30/25 21:45:00,22.681,,,,,
25401,12/30/25 22:00:00,22.896,,,,,
25402,12/30/25 22:15:00,23.064,,,,,
25403,12/30/25 22:30:00,23.184,,,,,
25404,12/30/25 22:45:00,23.256,,,,,
25405,12/30/25 23:00:00,23.304,,,,,
25406,12/30/25 23:15:00,23.328,,,,,
25407,12/30/25 23:30:00,23.352,,,,,
25408,12/30/25 23:45:00,23.376,,,,,
25409,12/31/25 00:00:00,23.376,,,,,
25410,12/31/25 00:15:00,23.400,,,,,
25411,12/31/25 00:30:00,23.448,,,,,
25412,12/31/25 00:45:00,23.497,,,,,
25413,12/31/25 01:00:00,23.545,,,,,
25414,12/31/25 01:15:00,23.569,,,,,
25415,12/31/25 01:30:00,23.593,,,,,
25416,12/31/25 01:45:00,23.617,,,,,
25417,12/31/25 02:00:00,23.641,,,,,
25418,12/31/25 02:15:00,23.665,,,,,
25419,12/31/25 02:30:00,23.689,,,,,
25420,12/31/25 02:45:00,23.713,,,,,
25421,12/31/25 03:00:00,23.737,,,,,
25422,12/31/25 03:15:00,23.737,,,,,
25423,12/31/25 03:30:00,23.761,,,,,
25424,12/31/25 03:45:00,23.785,,,,,
25425,12/31/25 04:00:00,23.785,,,,,
25426,12/31/25 04:15:00,23.809,,,,,
25427,12/31/25 04:30:00,23.809,,,,,
25428,12/31/25 04:45:00,23.833,,,,,
25429,12/31/25 05:00:00,23.833,,,,,
25430,12/31/25 05:15:00,23.833,,,,,
25431,12/31/25 05:30:00,23.809,,,,,
25432,12/31/25 05:45:00,23.737,,,,,
25433,12/31/25 06:00:00,23.665,,,,,
25434,12/31/25 06:15:00,23.136,,,,,
25435,12/31/25 06:30:00,22.489,,,,,
25436,12/31/25 06:45:00,22.393,,,,,
25437,12/31/25 07:00:00,22.441,,,,,
25438,12/31/25 07:15:00,22.729,,,,,
25439,12/31/25 07:30:00,22.920,,,,,
25440,12/31/25 07:45:00,22.968,,,,,
25441,12/31/25 08:00:00,22.753,,,,,
25442,12/31/25 08:15:00,22.776,,,,,
25443,12/31/25 08:30:00,23.064,,,,,
25444,12/31/25 08:45:00,23.352,,,,,
25445,12/31/25 09:00:00,23.641,,,,,
25446,12/31/25 09:15:00,23.400,,,,,
25447,12/31/25 09:30:00,23.232,,,,,
25448,12/31/25 09:45:00,23.472,,,,,
25449,12/31/25 10:00:00,23.641,,,,,
25450,12/31/25 10:15:00,23.400,,,,,
25451,12/31/25 10:30:00,23.280,,,,,
25452,12/31/25 10:45:00,23.256,,,,,
25453,12/31/25 11:00:00,23.545,,,,,
25454,12/31/25 11:15:00,23.400,,,,,
25455,12/31/25 11:30:00,23.208,,,,,
25456,12/31/25 11:45:00,23.088,,,,,
25457,12/31/25 12:00:00,22.992,,,,,
25458,12/31/25 12:15:00,22.944,,,,,
25459,12/31/25 12:30:00,22.920,,,,,
25460,12/31/25 12:45:00,22.920,,,,,
25461,12/31/25 13:00:00,22.944,,,,,
25462,12/31/25 13:15:00,22.968,,,,,
25463,12/31/25 13:30:00,22.968,,,,,
25464,12/31/25 13:45:00,22.968,,,,,
25465,12/31/25 14:00:00,22.968,,,,,
25466,12/31/25 14:15:00,22.968,,,,,
25467,12/31/25 14:30:00,22.992,,,,,
25468,12/31/25 14:45:00,22.968,,,,,
25469,12/31/25 15:00:00,22.968,,,,,
25470,12/31/25 15:15:00,22.944,,,,,
25471,12/31/25 15:30:00,22.920,,,,,
25472,12/31/25 15:45:00,22.896,,,,,
25473,12/31/25 16:00:00,22.872,,,,,
25474,12/31/25 16:15:00,23.016,,,,,
25475,12/31/25 16:30:00,23.232,,,,,
25476,12/31/25 16:45:00,23.112,,,,,
25477,12/31/25 17:00:00,22.992,,,,,
25478,12/31/25 17:15:00,22.920,,,,,
25479,12/31/25 17:30:00,22.824,,,,,
25480,12/31/25 17:45:00,22.776,,,,,
25481,12/31/25 18:00:00,23.016,,,,,
25482,12/31/25 18:15:00,23.160,,,,,
25483,12/31/25 18:30:00,23.016,,,,,
25484,12/31/25 18:45:00,22.896,,,,,
25485,12/31/25 19:00:00,22.800,,,,,
25486,12/31/25 19:15:00,22.848,,,,,
25487,12/31/25 19:30:00,23.088,,,,,
25488,12/31/25 19:45:00,23.112,,,,,
25489,12/31/25 20:00:00,22.800,,,,,
25490,12/31/25 20:15:00,22.681,,,,,
25491,12/31/25 20:30:00,22.944,,,,,
25492,12/31/25 20:45:00,23.088,,,,,
25493,12/31/25 21:00:00,22.920,,,,,
25494,12/31/25 21:15:00,22.776,,,,,
25495,12/31/25 21:30:00,22.800,,,,,
25496,12/31/25 21:45:00,22.992,,,,,
25497,12/31/25 22:00:00,22.896,,,,,
25498,12/31/25 22:15:00,22.992,,,,,
25499,12/31/25 22:30:00,23.136,,,,,
25500,12/31/25 22:45:00,23.232,,,,,
25501,12/31/25 23:00:00,23.304,,,,,
25502,12/31/25 23:15:00,23.352,,,,,
25503,12/31/25 23:30:00,23.400,,,,,
25504,12/31/25 23:45:00,23.424,,,,,
25505,01/01/26 00:00:00,23.448,,,,,
25506,01/01/26 00:15:00,23.497,,,,,
25507,01/01/26 00:30:00,23.545,,,,,
25508,01/01/26 00:45:00,23.593,,,,,
25509,01/01/26 01:00:00,23.641,,,,,
25510,01/01/26 01:15:00,23.689,,,,,
25511,01/01/26 01:30:00,23.713,,,,,
25512,01/01/26 01:45:00,23.737,,,,,
25513,01/01/26 02:00:00,23.785,,,,,
25514,01/01/26 02:15:00,23.809,,,,,
25515,01/01/26 02:30:00,23.833,,,,,
25516,01/01/26 02:45:00,23.857,,,,,
25517,01/01/26 03:00:00,23.881,,,,,
25518,01/01/26 03:15:00,23.905,,,,,
25519,01/01/26 03:30:00,23.954,,,,,
25520,01/01/26 03:45:00,23.954,,,,,
25521,01/01/26 04:00:00,23.978,,,,,
25522,01/01/26 04:15:00,24.002,,,,,
25523,01/01/26 04:30:00,24.026,,,,,
25524,01/01/26 04:45:00,24.026,,,,,
25525,01/01/26 05:00:00,24.026,,,,,
25526,01/01/26 05:15:00,24.050,,,,,
25527,01/01/26 05:30:00,23.954,,,,,
25528,01/01/26 05:45:00,23.857,,,,,
25529,01/01/26 06:00:00,23.785,,,,,
25530,01/01/26 06:15:00,23.280,,,,,
25531,01/01/26 06:30:00,22.561,,,,,
25532,01/01/26 06:45:00,22.465,,,,,
25533,01/01/26 07:00:00,22.489,,,,,
25534,01/01/26 07:15:00,22.800,,,,,
25535,01/01/26 07:30:00,23.040,,,,,
25536,01/01/26 07:45:00,23.088,,,,,
25537,01/01/26 08:00:00,22.729,,,,,
25538,01/01/26 08:15:00,22.633,,,,,
25539,01/01/26 08:30:00,22.896,,,,,
25540,01/01/26 08:45:00,23.112,,,,,
25541,01/01/26 09:00:00,23.280,,,,,
25542,01/01/26 09:15:00,23.352,,,,,
25543,01/01/26 09:30:00,22.968,,,,,
25544,01/01/26 09:45:00,22.800,,,,,
25545,01/01/26 10:00:00,23.136,,,,,
25546,01/01/26 10:15:00,23.376,,,,,
25547,01/01/26 10:30:00,23.521,,,,,
25548,01/01/26 10:45:00,23.160,,,,,
25549,01/01/26 11:00:00,22.872,,,,,
25550,01/01/26 11:15:00,23.040,,,,,
25551,01/01/26 11:30:00,23.352,,,,,
25552,01/01/26 11:45:00,23.569,,,,,
25553,01/01/26 12:00:00,23.376,,,,,
25554,01/01/26 12:15:00,23.136,,,,,
25555,01/01/26 12:30:00,22.968,,,,,
25556,01/01/26 12:45:00,22.800,,,,,
25557,01/01/26 13:00:00,23.064,,,,,
25558,01/01/26 13:15:00,23.376,,,,,
25559,01/01/26 13:30:00,23.472,,,,,
25560,01/01/26 13:45:00,23.136,,,,,
25561,01/01/26 14:00:00,22.944,,,,,
25562,01/01/26 14:15:00,22.848,,,,,
25563,01/01/26 14:30:00,22.776,,,,,
25564,01/01/26 14:45:00,23.160,,,,,
25565,01/01/26 15:00:00,23.376,,,,,
25566,01/01/26 15:15:00,23.112,,,,,
25567,01/01/26 15:30:00,22.920,,,,,
25568,01/01/26 15:45:00,22.776,,,,,
25569,01/01/26 16:00:00,22.705,,,,,
25570,01/01/26 16:15:00,22.657,,,,,
25571,01/01/26 16:30:00,22.633,,,,,
25572,01/01/26 16:45:00,22.705,,,,,
25573,01/01/26 17:00:00,23.112,,,,,
25574,01/01/26 17:15:00,23.256,,,,,
25575,01/01/26 17:30:00,22.968,,,,,
25576,01/01/26 17:45:00,22.776,,,,,
25577,01/01/26 18:00:00,22.920,,,,,
25578,01/01/26 18:15:00,23.184,,,,,
25579,01/01/26 18:30:00,22.992,,,,,
25580,01/01/26 18:45:00,22.753,,,,,
25581,01/01/26 19:00:00,22.705,,,,,
25582,01/01/26 19:15:00,22.992,,,,,
25583,01/01/26 19:30:00,23.160,,,,,
25584,01/01/26 19:45:00,22.872,,,,,
25585,01/01/26 20:00:00,22.776,,,,,
25586,01/01/26 20:15:00,23.040,,,,,
25587,01/01/26 20:30:00,23.208,,,,,
25588,01/01/26 20:45:00,22.920,,,,,
25589,01/01/26 21:00:00,22.657,,,,,
25590,01/01/26 21:15:00,22.705,,,,,
25591,01/01/26 21:30:00,22.968,,,,,
25592,01/01/26 21:45:00,23.136,,,,,
25593,01/01/26 22:00:00,23.088,,,,,
25594,01/01/26 22:15:00,23.136,,,,,
25595,01/01/26 22:30:00,23.256,,,,,
25596,01/01/26 22:45:00,23.352,,,,,
25597,01/01/26 23:00:00,23.424,,,,,
25598,01/01/26 23:15:00,23.472,,,,,
25599,01/01/26 23:30:00,23.521,,,,,
25600,01/01/26 23:45:00,23.569,,,,,
25601,01/02/26 00:00:00,23.617,,,,,
25602,01/02/26 00:15:00,23.665,,,,,
25603,01/02/26 00:30:00,23.737,,,,,
25604,01/02/26 00:45:00,23.785,,,,,
25605,01/02/26 01:00:00,23.833,,,,,
25606,01/02/26 01:15:00,23.857,,,,,
25607,01/02/26 01:30:00,23.905,,,,,
25608,01/02/26 01:45:00,23.930,,,,,
25609,01/02/26 02:00:00,23.978,,,,,
25610,01/02/26 02:15:00,24.002,,,,,
25611,01/02/26 02:30:00,24.026,,,,,
25612,01/02/26 02:45:00,24.050,,,,,
25613,01/02/26 03:00:00,24.074,,,,,
25614,01/02/26 03:15:00,24.098,,,,,
25615,01/02/26 03:30:00,24.122,,,,,
25616,01/02/26 03:45:00,24.146,,,,,
25617,01/02/26 04:00:00,24.171,,,,,
25618,01/02/26 04:15:00,24.195,,,,,
25619,01/02/26 04:30:00,24.219,,,,,
25620,01/02/26 04:45:00,24.243,,,,,
25621,01/02/26 05:00:00,24.243,,,,,
25622,01/02/26 05:15:00,24.267,,,,,
25623,01/02/26 05:30:00,24.171,,,,,
25624,01/02/26 05:45:00,24.074,,,,,
25625,01/02/26 06:00:00,24.002,,,,,
25626,01/02/26 06:15:00,23.569,,,,,
25627,01/02/26 06:30:00,22.800,,,,,
25628,01/02/26 06:45:00,22.633,,,,,
25629,01/02/26 07:00:00,22.609,,,,,
25630,01/02/26 07:15:00,22.633,,,,,
25631,01/02/26 07:30:00,22.944,,,,,
25632,01/02/26 07:45:00,23.160,,,,,
25633,01/02/26 08:00:00,22.896,,,,,
25634,01/02/26 08:15:00,22.705,,,,,
25635,01/02/26 08:30:00,22.944,,,,,
25636,01/02/26 08:45:00,23.232,,,,,
25637,01/02/26 09:00:00,23.160,,,,,
25638,01/02/26 09:15:00,22.848,,,,,
25639,01/02/26 09:30:00,22.729,,,,,
25640,01/02/26 09:45:00,23.064,,,,,
25641,01/02/26 10:00:00,23.424,,,,,
25642,01/02/26 10:15:00,23.448,,,,,
25643,01/02/26 10:30:00,23.184,,,,,
25644,01/02/26 10:45:00,23.040,,,,,
25645,01/02/26 11:00:00,22.968,,,,,
25646,01/02/26 11:15:00,22.896,,,,,
25647,01/02/26 11:30:00,23.160,,,,,
25648,01/02/26 11:45:00,23.472,,,,,
25649,01/02/26 12:00:00,23.328,,,,,
25650,01/02/26 12:15:00,23.136,,,,,
25651,01/02/26 12:30:00,23.040,,,,,
25652,01/02/26 12:45:00,23.016,,,,,
25653,01/02/26 13:00:00,22.992,,,,,
25654,01/02/26 13:15:00,22.968,,,,,
25655,01/02/26 13:30:00,22.944,,,,,
25656,01/02/26 13:45:00,22.920,,,,,
25657,01/02/26 14:00:00,22.896,,,,,
25658,01/02/26 14:15:00,22.872,,,,,
25659,01/02/26 14:30:00,22.848,,,,,
25660,01/02/26 14:45:00,22.848,,,,,
25661,01/02/26 15:00:00,22.824,,,,,
25662,01/02/26 15:15:00,22.800,,,,,
25663,01/02/26 15:30:00,22.776,,,,,
25664,01/02/26 15:45:00,22.776,,,,,
25665,01/02/26 16:00:00,22.753,,,,,
25666,01/02/26 16:15:00,22.705,,,,,
25667,01/02/26 16:30:00,22.681,,,,,
25668,01/02/26 16:45:00,22.681,,,,,
25669,01/02/26 17:00:00,22.657,,,,,
25670,01/02/26 17:15:00,22.609,,,,,
25671,01/02/26 17:30:00,22.561,,,,,
25672,01/02/26 17:45:00,22.585,,,,,
25673,01/02/26 18:00:00,22.633,,,,,
25674,01/02/26 18:15:00,22.633,,,,,
25675,01/02/26 18:30:00,22.896,,,,,
25676,01/02/26 18:45:00,23.232,,,,,
25677,01/02/26 19:00:00,23.280,,,,,
25678,01/02/26 19:15:00,22.992,,,,,
25679,01/02/26 19:30:00,22.992,,,,,
25680,01/02/26 19:45:00,23.208,,,,,
25681,01/02/26 20:00:00,23.016,,,,,
25682,01/02/26 20:15:00,22.729,,,,,
25683,01/02/26 20:30:00,22.681,,,,,
25684,01/02/26 20:45:00,22.968,,,,,
25685,01/02/26 21:00:00,23.160,,,,,
25686,01/02/26 21:15:00,22.872,,,,,
25687,01/02/26 21:30:00,22.609,,,,,
25688,01/02/26 21:45:00,22.776,,,,,
25689,01/02/26 22:00:00,23.016,,,,,
25690,01/02/26 22:15:00,23.184,,,,,
25691,01/02/26 22:30:00,23.328,,,,,
25692,01/02/26 22:45:00,23.424,,,,,
25693,01/02/26 23:00:00,23.497,,,,,
25694,01/02/26 23:15:00,23.521,,,,,
25695,01/02/26 23:30:00,23.569,,,,,
25696,01/02/26 23:45:00,23.593,,,,,
25697,01/03/26 00:00:00,23.617,,,,,
25698,01/03/26 00:15:00,23.641,,,,,
25699,01/03/26 00:30:00,23.641,,,,,
25700,01/03/26 00:45:00,23.689,,,,,
25701,01/03/26 01:00:00,23.737,,,,,
25702,01/03/26 01:15:00,23.809,,,,,
25703,01/03/26 01:30:00,23.857,,,,,
25704,01/03/26 01:45:00,23.881,,,,,
25705,01/03/26 02:00:00,23.930,,,,,
25706,01/03/26 02:15:00,23.978,,,,,
25707,01/03/26 02:30:00,24.002,,,,,
25708,01/03/26 02:45:00,24.050,,,,,
25709,01/03/26 03:00:00,24.074,,,,,
25710,01/03/26 03:15:00,24.098,,,,,
25711,01/03/26 03:30:00,24.122,,,,,
25712,01/03/26 03:45:00,24.146,,,,,
25713,01/03/26 04:00:00,24.171,,,,,
25714,01/03/26 04:15:00,24.195,,,,,
25715,01/03/26 04:30:00,24.243,,,,,
25716,01/03/26 04:45:00,24.243,,,,,
25717,01/03/26 05:00:00,24.267,,,,,
25718,01/03/26 05:15:00,24.267,,,,,
25719,01/03/26 05:30:00,24.171,,,,,
25720,01/03/26 05:45:00,24.074,,,,,
25721,01/03/26 06:00:00,24.002,,,,,
25722,01/03/26 06:15:00,23.545,,,,,
25723,01/03/26 06:30:00,22.800,,,,,
25724,01/03/26 06:45:00,22.633,,,,,
25725,01/03/26 07:00:00,22.585,,,,,
25726,01/03/26 07:15:00,22.537,,,,,
25727,01/03/26 07:30:00,22.753,,,,,
25728,01/03/26 07:45:00,23.689,,,,,
25729,01/03/26 08:00:00,23.304,,,,,
25730,01/03/26 08:15:00,23.256,,,,,
25731,01/03/26 08:30:00,23.304,,,,,
25732,01/03/26 08:45:00,23.448,,,,,
25733,01/03/26 09:00:00,23.809,,,,,
25734,01/03/26 09:15:00,24.002,,,,,
25735,01/03/26 09:30:00,23.665,,,,,
25736,01/03/26 09:45:00,23.497,,,,,
25737,01/03/26 10:00:00,23.424,,,,,
25738,01/03/26 10:15:00,23.665,,,,,
25739,01/03/26 10:30:00,23.785,,,,,
25740,01/03/26 10:45:00,23.593,,,,,
25741,01/03/26 11:00:00,23.424,,,,,
25742,01/03/26 11:15:00,23.352,,,,,
25743,01/03/26 11:30:00,23.304,,,,,
25744,01/03/26 11:45:00,23.256,,,,,
25745,01/03/26 12:00:00,23.208,,,,,
25746,01/03/26 12:15:00,23.184,,,,,
25747,01/03/26 12:30:00,23.160,,,,,
25748,01/03/26 12:45:00,23.160,,,,,
25749,01/03/26 13:00:00,23.136,,,,,
25750,01/03/26 13:15:00,23.112,,,,,
25751,01/03/26 13:30:00,23.112,,,,,
25752,01/03/26 13:45:00,23.112,,,,,
25753,01/03/26 14:00:00,23.112,,,,,
25754,01/03/26 14:15:00,23.136,,,,,
25755,01/03/26 14:30:00,23.136,,,,,
25756,01/03/26 14:45:00,23.136,,,,,
25757,01/03/26 15:00:00,23.136,,,,,
25758,01/03/26 15:15:00,23.160,,,,,
25759,01/03/26 15:30:00,23.160,,,,,
25760,01/03/26 15:45:00,23.112,,,,,
25761,01/03/26 16:00:00,23.040,,,,,
25762,01/03/26 16:15:00,23.016,,,,,
25763,01/03/26 16:30:00,22.992,,,,,
25764,01/03/26 16:45:00,22.920,,,,,
25765,01/03/26 17:00:00,22.872,,,,,
25766,01/03/26 17:15:00,22.824,,,,,
25767,01/03/26 17:30:00,22.753,,,,,
25768,01/03/26 17:45:00,22.705,,,,,
25769,01/03/26 18:00:00,22.657,,,,,
25770,01/03/26 18:15:00,22.585,,,,,
25771,01/03/26 18:30:00,22.561,,,,,
25772,01/03/26 18:45:00,22.537,,,,,
25773,01/03/26 19:00:00,22.609,,,,,
25774,01/03/26 19:15:00,22.896,,,,,
25775,01/03/26 19:30:00,23.016,,,,,
25776,01/03/26 19:45:00,22.968,,,,,
25777,01/03/26 20:00:00,22.872,,,,,
25778,01/03/26 20:15:00,22.800,,,,,
25779,01/03/26 20:30:00,22.968,,,,,
25780,01/03/26 20:45:00,23.184,,,,,
25781,01/03/26 21:00:00,23.256,,,,,
25782,01/03/26 21:15:00,22.920,,,,,
25783,01/03/26 21:30:00,22.800,,,,,
25784,01/03/26 21:45:00,23.040,,,,,
25785,01/03/26 22:00:00,23.136,,,,,
25786,01/03/26 22:15:00,23.232,,,,,
25787,01/03/26 22:30:00,23.376,,,,,
25788,01/03/26 22:45:00,23.472,,,,,
25789,01/03/26 23:00:00,23.545,,,,,
25790,01/03/26 23:15:00,23.593,,,,,
25791,01/03/26 23:30:00,23.641,,,,,
25792,01/03/26 23:45:00,23.689,,,,,
25793,01/04/26 00:00:00,23.713,,,,,
25794,01/04/26 00:15:00,23.761,,,,,
25795,01/04/26 00:30:00,23.809,,,,,
25796,01/04/26 00:45:00,23.857,,,,,
25797,01/04/26 01:00:00,23.905,,,,,
25798,01/04/26 01:15:00,23.954,,,,,
25799,01/04/26 01:30:00,24.002,,,,,
25800,01/04/26 01:45:00,24.050,,,,,
25801,01/04/26 02:00:00,24.098,,,,,
25802,01/04/26 02:15:00,24.146,,,,,
25803,01/04/26 02:30:00,24.171,,,,,
25804,01/04/26 02:45:00,24.195,,,,,
25805,01/04/26 03:00:00,24.219,,,,,
25806,01/04/26 03:15:00,24.267,,,,,
25807,01/04/26 03:30:00,24.291,,,,,
25808,01/04/26 03:45:00,24.315,,,,,
25809,01/04/26 04:00:00,24.339,,,,,
25810,01/04/26 04:15:00,24.363,,,,,
25811,01/04/26 04:30:00,24.388,,,,,
25812,01/04/26 04:45:00,24.412,,,,,
25813,01/04/26 05:00:00,24.412,,,,,
25814,01/04/26 05:15:00,24.412,,,,,
25815,01/04/26 05:30:00,24.315,,,,,
25816,01/04/26 05:45:00,24.195,,,,,
25817,01/04/26 06:00:00,24.122,,,,,
25818,01/04/26 06:15:00,23.665,,,,,
25819,01/04/26 06:30:00,22.920,,,,,
25820,01/04/26 06:45:00,22.633,,,,,
25821,01/04/26 07:00:00,22.633,,,,,
25822,01/04/26 07:15:00,22.609,,,,,
25823,01/04/26 07:30:00,22.585,,,,,
25824,01/04/26 07:45:00,22.896,,,,,
25825,01/04/26 08:00:00,23.184,,,,,
25826,01/04/26 08:15:00,23.208,,,,,
25827,01/04/26 08:30:00,23.040,,,,,
25828,01/04/26 08:45:00,22.992,,,,,
25829,01/04/26 09:00:00,23.064,,,,,
25830,01/04/26 09:15:00,23.208,,,,,
25831,01/04/26 09:30:00,23.617,,,,,
25832,01/04/26 09:45:00,23.641,,,,,
25833,01/04/26 10:00:00,23.497,,,,,
25834,01/04/26 10:15:00,23.400,,,,,
25835,01/04/26 10:30:00,23.328,,,,,
25836,01/04/26 10:45:00,23.376,,,,,
25837,01/04/26 11:00:00,23.689,,,,,
25838,01/04/26 11:15:00,23.593,,,,,
25839,01/04/26 11:30:00,23.448,,,,,
25840,01/04/26 11:45:00,23.352,,,,,
25841,01/04/26 12:00:00,23.280,,,,,
25842,01/04/26 12:15:00,23.232,,,,,
25843,01/04/26 12:30:00,23.208,,,,,
25844,01/04/26 12:45:00,23.208,,,,,
25845,01/04/26 13:00:00,23.208,,,,,
25846,01/04/26 13:15:00,23.208,,,,,
25847,01/04/26 13:30:00,23.208,,,,,
25848,01/04/26 13:45:00,23.208,,,,,
25849,01/04/26 14:00:00,23.208,,,,,
25850,01/04/26 14:15:00,23.208,,,,,
25851,01/04/26 14:30:00,23.208,,,,,
25852,01/04/26 14:45:00,23.184,,,,,
25853,01/04/26 15:00:00,23.184,,,,,
25854,01/04/26 15:15:00,23.184,,,,,
25855,01/04/26 15:30:00,23.184,,,,,
25856,01/04/26 15:45:00,23.208,,,,,
25857,01/04/26 16:00:00,23.232,,,,,
25858,01/04/26 16:15:00,23.208,,,,,
25859,01/04/26 16:30:00,23.208,,,,,
25860,01/04/26 16:45:00,23.160,,,,,
25861,01/04/26 17:00:00,23.136,,,,,
25862,01/04/26 17:15:00,23.088,,,,,
25863,01/04/26 17:30:00,23.040,,,,,
25864,01/04/26 17:45:00,22.992,,,,,
25865,01/04/26 18:00:00,22.944,,,,,
25866,01/04/26 18:15:00,22.896,,,,,
25867,01/04/26 18:30:00,22.848,,,,,
25868,01/04/26 18:45:00,22.800,,,,,
25869,01/04/26 19:00:00,22.753,,,,,
25870,01/04/26 19:15:00,22.705,,,,,
25871,01/04/26 19:30:00,22.681,,,,,
25872,01/04/26 19:45:00,22.633,,,,,
25873,01/04/26 20:00:00,22.585,,,,,
25874,01/04/26 20:15:00,22.824,,,,,
25875,01/04/26 20:30:00,23.064,,,,,
25876,01/04/26 20:45:00,23.016,,,,,
25877,01/04/26 21:00:00,22.944,,,,,
25878,01/04/26 21:15:00,22.872,,,,,
25879,01/04/26 21:30:00,22.848,,,,,
25880,01/04/26 21:45:00,22.800,,,,,
25881,01/04/26 22:00:00,22.776,,,,,
25882,01/04/26 22:15:00,23.016,,,,,
25883,01/04/26 22:30:00,23.256,,,,,
25884,01/04/26 22:45:00,23.448,,,,,
25885,01/04/26 23:00:00,23.545,,,,,
25886,01/04/26 23:15:00,23.641,,,,,
25887,01/04/26 23:30:00,23.713,,,,,
25888,01/04/26 23:45:00,23.761,,,,,
25889,01/05/26 00:00:00,23.809,,,,,
25890,01/05/26 00:15:00,23.857,,,,,
25891,01/05/26 00:30:00,23.930,,,,,
25892,01/05/26 00:45:00,24.002,,,,,
25893,01/05/26 01:00:00,24.074,,,,,
25894,01/05/26 01:15:00,24.122,,,,,
25895,01/05/26 01:30:00,24.171,,,,,
25896,01/05/26 01:45:00,24.219,,,,,
25897,01/05/26 02:00:00,24.267,,,,,
25898,01/05/26 02:15:00,24.315,,,,,
25899,01/05/26 02:30:00,24.339,,,,,
25900,01/05/26 02:45:00,24.388,,,,,
25901,01/05/26 03:00:00,24.412,,,,,
25902,01/05/26 03:15:00,24.460,,,,,
25903,01/05/26 03:30:00,24.484,,,,,
25904,01/05/26 03:45:00,24.508,,,,,
25905,01/05/26 04:00:00,24.532,,,,,
25906,01/05/26 04:15:00,24.557,,,,,
25907,01/05/26 04:30:00,24.581,,,,,
25908,01/05/26 04:45:00,24.605,,,,,
25909,01/05/26 05:00:00,24.629,,,,,
25910,01/05/26 05:15:00,24.532,,,,,
25911,01/05/26 05:30:00,24.436,,,,,
25912,01/05/26 05:45:00,24.339,,,,,
25913,01/05/26 06:00:00,24.267,,,,,
25914,01/05/26 06:15:00,23.881,,,,,
25915,01/05/26 06:30:00,23.160,,,,,
25916,01/05/26 06:45:00,22.681,,,,,
25917,01/05/26 07:00:00,22.705,,,,,
25918,01/05/26 07:15:00,22.776,,,,,
25919,01/05/26 07:30:00,22.800,,,,,
25920,01/05/26 07:45:00,23.448,,,,,
25921,01/05/26 08:00:00,23.088,,,,,
25922,01/05/26 08:15:00,23.256,,,,,
25923,01/05/26 08:30:00,23.713,,,,,
25924,01/05/26 08:45:00,23.689,,,,,
25925,01/05/26 09:00:00,23.641,,,,,
25926,01/05/26 09:15:00,23.593,,,,,
25927,01/05/26 09:30:00,23.545,,,,,
25928,01/05/26 09:45:00,23.545,,,,,
25929,01/05/26 10:00:00,23.521,,,,,
25930,01/05/26 10:15:00,23.521,,,,,
25931,01/05/26 10:30:00,23.497,,,,,
25932,01/05/26 10:45:00,23.569,,,,,
25933,01/05/26 11:00:00,23.930,,,,,
25934,01/05/26 11:15:00,23.881,,,,,
25935,01/05/26 11:30:00,23.689,,,,,
25936,01/05/26 11:45:00,23.617,,,,,
25937,01/05/26 12:00:00,23.569,,,,,
25938,01/05/26 12:15:00,23.521,,,,,
25939,01/05/26 12:30:00,23.497,,,,,
25940,01/05/26 12:45:00,23.472,,,,,
25941,01/05/26 13:00:00,23.472,,,,,
25942,01/05/26 13:15:00,23.472,,,,,
25943,01/05/26 13:30:00,23.497,,,,,
25944,01/05/26 13:45:00,23.497,,,,,
25945,01/05/26 14:00:00,23.497,,,,,
25946,01/05/26 14:15:00,23.497,,,,,
25947,01/05/26 14:30:00,23.497,,,,,
25948,01/05/26 14:45:00,23.472,,,,,
25949,01/05/26 15:00:00,23.497,,,,,
25950,01/05/26 15:15:00,23.497,,,,,
25951,01/05/26 15:30:00,23.521,,,,,
25952,01/05/26 15:45:00,23.521,,,,,
25953,01/05/26 16:00:00,23.521,,,,,
25954,01/05/26 16:15:00,23.497,,,,,
25955,01/05/26 16:30:00,23.472,,,,,
25956,01/05/26 16:45:00,23.497,,,,,
25957,01/05/26 17:00:00,23.472,,,,,
25958,01/05/26 17:15:00,23.400,,,,,
25959,01/05/26 17:30:00,23.328,,,,,
25960,01/05/26 17:45:00,23.280,,,,,
25961,01/05/26 18:00:00,23.304,,,,,
25962,01/05/26 18:15:00,23.304,,,,,
25963,01/05/26 18:30:00,23.304,,,,,
25964,01/05/26 18:45:00,23.280,,,,,
25965,01/05/26 19:00:00,23.256,,,,,
25966,01/05/26 19:15:00,23.160,,,,,
25967,01/05/26 19:30:00,23.064,,,,,
25968,01/05/26 19:45:00,22.992,,,,,
25969,01/05/26 20:00:00,22.920,,,,,
25970,01/05/26 20:15:00,22.848,,,,,
25971,01/05/26 20:30:00,22.800,,,,,
25972,01/05/26 20:45:00,22.729,,,,,
25973,01/05/26 21:00:00,22.681,,,,,
25974,01/05/26 21:15:00,22.633,,,,,
25975,01/05/26 21:30:00,22.872,,,,,
25976,01/05/26 21:45:00,23.136,,,,,
25977,01/05/26 22:00:00,23.136,,,,,
25978,01/05/26 22:15:00,23.280,,,,,
25979,01/05/26 22:30:00,23.448,,,,,
25980,01/05/26 22:45:00,23.569,,,,,
25981,01/05/26 23:00:00,23.665,,,,,
25982,01/05/26 23:15:00,23.761,,,,,
25983,01/05/26 23:30:00,23.833,,,,,
25984,01/05/26 23:45:00,23.881,,,,,
25985,01/06/26 00:00:00,23.954,,,,,
25986,01/06/26 00:15:00,24.002,,,,,
25987,01/06/26 00:30:00,24.074,,,,,
25988,01/06/26 00:45:00,24.146,,,,,
25989,01/06/26 01:00:00,24.195,,,,,
25990,01/06/26 01:15:00,24.243,,,,,
25991,01/06/26 01:30:00,24.315,,,,,
25992,01/06/26 01:45:00,24.363,,,,,
25993,01/06/26 02:00:00,24.412,,,,,
25994,01/06/26 02:15:00,24.436,,,,,
25995,01/06/26 02:30:00,24.460,,,,,
25996,01/06/26 02:45:00,24.484,,,,,
25997,01/06/26 03:00:00,24.508,,,,,
25998,01/06/26 03:15:00,24.557,,,,,
25999,01/06/26 03:30:00,24.581,,,,,
26000,01/06/26 03:45:00,24.605,,,,,
26001,01/06/26 04:00:00,24.629,,,,,
26002,01/06/26 04:15:00,24.653,,,,,
26003,01/06/26 04:30:00,24.677,,,,,
26004,01/06/26 04:45:00,24.702,,,,,
26005,01/06/26 05:00:00,24.726,,,,,
26006,01/06/26 05:15:00,24.653,,,,,
26007,01/06/26 05:30:00,24.532,,,,,
26008,01/06/26 05:45:00,24.460,,,,,
26009,01/06/26 06:00:00,24.388,,,,,
26010,01/06/26 06:15:00,23.954,,,,,
26011,01/06/26 06:30:00,23.232,,,,,
26012,01/06/26 06:45:00,22.776,,,,,
26013,01/06/26 07:00:00,22.776,,,,,
26014,01/06/26 07:15:00,22.848,,,,,
26015,01/06/26 07:30:00,22.872,,,,,
26016,01/06/26 07:45:00,23.352,,,,,
26017,01/06/26 08:00:00,23.040,,,,,
26018,01/06/26 08:15:00,23.160,,,,,
26019,01/06/26 08:30:00,23.424,,,,,
26020,01/06/26 08:45:00,23.497,,,,,
26021,01/06/26 09:00:00,23.304,,,,,
26022,01/06/26 09:15:00,23.280,,,,,
26023,01/06/26 09:30:00,23.256,,,,,
26024,01/06/26 09:45:00,23.232,,,,,
26025,01/06/26 10:00:00,23.376,,,,,
26026,01/06/26 10:15:00,23.737,,,,,
26027,01/06/26 10:30:00,23.689,,,,,
26028,01/06/26 10:45:00,23.497,,,,,
26029,01/06/26 11:00:00,23.376,,,,,
26030,01/06/26 11:15:00,23.545,,,,,
26031,01/06/26 11:30:00,23.809,,,,,
26032,01/06/26 11:45:00,23.641,,,,,
26033,01/06/26 12:00:00,23.497,,,,,
26034,01/06/26 12:15:00,23.400,,,,,
26035,01/06/26 12:30:00,23.304,,,,,
26036,01/06/26 12:45:00,23.256,,,,,
26037,01/06/26 13:00:00,23.160,,,,,
26038,01/06/26 13:15:00,23.112,,,,,
26039,01/06/26 13:30:00,23.448,,,,,
26040,01/06/26 13:45:00,23.641,,,,,
26041,01/06/26 14:00:00,23.545,,,,,
26042,01/06/26 14:15:00,23.424,,,,,
26043,01/06/26 14:30:00,23.280,,,,,
26044,01/06/26 14:45:00,23.208,,,,,
26045,01/06/26 15:00:00,23.160,,,,,
26046,01/06/26 15:15:00,23.136,,,,,
26047,01/06/26 15:30:00,23.088,,,,,
26048,01/06/26 15:45:00,23.040,,,,,
26049,01/06/26 16:00:00,22.992,,,,,
26050,01/06/26 16:15:00,22.944,,,,,
26051,01/06/26 16:30:00,22.896,,,,,
26052,01/06/26 16:45:00,22.824,,,,,
26053,01/06/26 17:00:00,22.800,,,,,
26054,01/06/26 17:15:00,22.729,,,,,
26055,01/06/26 17:30:00,22.657,,,,,
26056,01/06/26 17:45:00,22.633,,,,,
26057,01/06/26 18:00:00,22.609,,,,,
26058,01/06/26 18:15:00,22.729,,,,,
26059,01/06/26 18:30:00,23.040,,,,,
26060,01/06/26 18:45:00,23.040,,,,,
26061,01/06/26 19:00:00,22.920,,,,,
26062,01/06/26 19:15:00,22.824,,,,,
26063,01/06/26 19:30:00,22.776,,,,,
26064,01/06/26 19:45:00,22.729,,,,,
26065,01/06/26 20:00:00,22.896,,,,,
26066,01/06/26 20:15:00,23.136,,,,,
26067,01/06/26 20:30:00,23.304,,,,,
26068,01/06/26 20:45:00,23.040,,,,,
26069,01/06/26 21:00:00,22.729,,,,,
26070,01/06/26 21:15:00,22.776,,,,,
26071,01/06/26 21:30:00,23.040,,,,,
26072,01/06/26 21:45:00,23.184,,,,,
26073,01/06/26 22:00:00,22.872,,,,,
26074,01/06/26 22:15:00,22.992,,,,,
26075,01/06/26 22:30:00,23.184,,,,,
26076,01/06/26 22:45:00,23.328,,,,,
26077,01/06/26 23:00:00,23.400,,,,,
26078,01/06/26 23:15:00,23.472,,,,,
26079,01/06/26 23:30:00,23.521,,,,,
26080,01/06/26 23:45:00,23.545,,,,,
26081,01/07/26 00:00:00,23.569,,,,,
26082,01/07/26 00:15:00,23.617,,,,,
26083,01/07/26 00:30:00,23.665,,,,,
26084,01/07/26 00:45:00,23.737,,,,,
26085,01/07/26 01:00:00,23.761,,,,,
26086,01/07/26 01:15:00,23.833,,,,,
26087,01/07/26 01:30:00,23.857,,,,,
26088,01/07/26 01:45:00,23.905,,,,,
26089,01/07/26 02:00:00,23.930,,,,,
26090,01/07/26 02:15:00,23.954,,,,,
26091,01/07/26 02:30:00,23.978,,,,,
26092,01/07/26 02:45:00,24.002,,,,,
26093,01/07/26 03:00:00,24.050,,,,,
26094,01/07/26 03:15:00,24.074,,,,,
26095,01/07/26 03:30:00,24.074,,,,,
26096,01/07/26 03:45:00,24.098,,,,,
26097,01/07/26 04:00:00,24.122,,,,,
26098,01/07/26 04:15:00,24.146,,,,,
26099,01/07/26 04:30:00,24.146,,,,,
26100,01/07/26 04:45:00,24.171,,,,,
26101,01/07/26 05:00:00,24.171,,,,,
26102,01/07/26 05:15:00,24.171,,,,,
26103,01/07/26 05:30:00,24.074,,,,,
26104,01/07/26 05:45:00,23.978,,,,,
26105,01/07/26 06:00:00,23.905,,,,,
26106,01/07/26 06:15:00,23.424,,,,,
26107,01/07/26 06:30:00,22.633,,,,,
26108,01/07/26 06:45:00,22.489,,,,,
26109,01/07/26 07:00:00,22.489,,,,,
26110,01/07/26 07:15:00,22.537,,,,,
26111,01/07/26 07:30:00,22.776,,,,,
26112,01/07/26 07:45:00,23.785,,,,,
26113,01/07/26 08:00:00,23.208,,,,,
26114,01/07/26 08:15:00,23.184,,,,,
26115,01/07/26 08:30:00,23.256,,,,,
26116,01/07/26 08:45:00,23.376,,,,,
26117,01/07/26 09:00:00,23.497,,,,,
26118,01/07/26 09:15:00,23.521,,,,,
26119,01/07/26 09:30:00,23.472,,,,,
26120,01/07/26 09:45:00,23.448,,,,,
26121,01/07/26 10:00:00,23.497,,,,,
26122,01/07/26 10:15:00,23.545,,,,,
26123,01/07/26 10:30:00,23.665,,,,,
26124,01/07/26 10:45:00,23.737,,,,,
26125,01/07/26 11:00:00,23.761,,,,,
26126,01/07/26 11:15:00,23.785,,,,,
26127,01/07/26 11:30:00,23.809,,,,,
26128,01/07/26 11:45:00,23.785,,,,,
26129,01/07/26 12:00:00,23.569,,,,,
26130,01/07/26 12:15:00,23.280,,,,,
26131,01/07/26 12:30:00,23.160,,,,,
26132,01/07/26 12:45:00,23.112,,,,,
26133,01/07/26 13:00:00,23.160,,,,,
26134,01/07/26 13:15:00,23.256,,,,,
26135,01/07/26 13:30:00,23.328,,,,,
26136,01/07/26 13:45:00,23.376,,,,,
26137,01/07/26 14:00:00,23.521,,,,,
26138,01/07/26 14:15:00,23.376,,,,,
26139,01/07/26 14:30:00,23.256,,,,,
26140,01/07/26 14:45:00,23.184,,,,,
26141,01/07/26 15:00:00,23.160,,,,,
26142,01/07/26 15:15:00,23.184,,,,,
26143,01/07/26 15:30:00,23.232,,,,,
26144,01/07/26 15:45:00,23.328,,,,,
26145,01/07/26 16:00:00,23.497,,,,,
26146,01/07/26 16:15:00,23.424,,,,,
26147,01/07/26 16:30:00,23.280,,,,,
26148,01/07/26 16:45:00,23.304,,,,,
26149,01/07/26 17:00:00,23.352,,,,,
26150,01/07/26 17:15:00,23.328,,,,,
26151,01/07/26 17:30:00,23.256,,,,,
26152,01/07/26 17:45:00,23.184,,,,,
26153,01/07/26 18:00:00,23.136,,,,,
26154,01/07/26 18:15:00,23.064,,,,,
26155,01/07/26 18:30:00,22.992,,,,,
26156,01/07/26 18:45:00,22.920,,,,,
26157,01/07/26 19:00:00,22.872,,,,,
26158,01/07/26 19:15:00,23.088,,,,,
26159,01/07/26 19:30:00,23.160,,,,,
26160,01/07/26 19:45:00,23.040,,,,,
26161,01/07/26 20:00:00,22.920,,,,,
26162,01/07/26 20:15:00,22.824,,,,,
26163,01/07/26 20:30:00,22.753,,,,,
26164,01/07/26 20:45:00,22.681,,,,,
26165,01/07/26 21:00:00,22.753,,,,,
26166,01/07/26 21:15:00,23.016,,,,,
26167,01/07/26 21:30:00,23.184,,,,,
26168,01/07/26 21:45:00,22.920,,,,,
26169,01/07/26 22:00:00,22.657,,,,,
26170,01/07/26 22:15:00,22.848,,,,,
26171,01/07/26 22:30:00,23.088,,,,,
26172,01/07/26 22:45:00,23.256,,,,,
26173,01/07/26 23:00:00,23.352,,,,,
26174,01/07/26 23:15:00,23.400,,,,,
26175,01/07/26 23:30:00,23.448,,,,,
26176,01/07/26 23:45:00,23.472,,,,,
26177,01/08/26 00:00:00,23.472,,,,,
26178,01/08/26 00:15:00,23.521,,,,,
26179,01/08/26 00:30:00,23.569,,,,,
26180,01/08/26 00:45:00,23.641,,,,,
26181,01/08/26 01:00:00,23.665,,,,,
26182,01/08/26 01:15:00,23.713,,,,,
26183,01/08/26 01:30:00,23.761,,,,,
26184,01/08/26 01:45:00,23.785,,,,,
26185,01/08/26 02:00:00,23.809,,,,,
26186,01/08/26 02:15:00,23.833,,,,,
26187,01/08/26 02:30:00,23.857,,,,,
26188,01/08/26 02:45:00,23.881,,,,,
26189,01/08/26 03:00:00,23.905,,,,,
26190,01/08/26 03:15:00,23.930,,,,,
26191,01/08/26 03:30:00,23.954,,,,,
26192,01/08/26 03:45:00,23.978,,,,,
26193,01/08/26 04:00:00,23.978,,,,,
26194,01/08/26 04:15:00,24.002,,,,,
26195,01/08/26 04:30:00,24.026,,,,,
26196,01/08/26 04:45:00,24.026,,,,,
26197,01/08/26 05:00:00,24.050,,,,,
26198,01/08/26 05:15:00,24.050,,,,,
26199,01/08/26 05:30:00,23.930,,,,,
26200,01/08/26 05:45:00,23.833,,,,,
26201,01/08/26 06:00:00,23.761,,,,,
26202,01/08/26 06:15:00,23.280,,,,,
26203,01/08/26 06:30:00,22.729,,,,,
26204,01/08/26 06:45:00,22.609,,,,,
26205,01/08/26 07:00:00,22.513,,,,,
26206,01/08/26 07:15:00,22.705,,,,,
26207,01/08/26 07:30:00,22.944,,,,,
26208,01/08/26 07:45:00,23.713,,,,,
26209,01/08/26 08:00:00,23.112,,,,,
26210,01/08/26 08:15:00,23.064,,,,,
26211,01/08/26 08:30:00,23.112,,,,,
26212,01/08/26 08:45:00,23.376,,,,,
26213,01/08/26 09:00:00,23.785,,,,,
26214,01/08/26 09:15:00,23.689,,,,,
26215,01/08/26 09:30:00,23.569,,,,,
26216,01/08/26 09:45:00,23.497,,,,,
26217,01/08/26 10:00:00,23.448,,,,,
26218,01/08/26 10:15:00,23.448,,,,,
26219,01/08/26 10:30:00,23.472,,,,,
26220,01/08/26 10:45:00,23.472,,,,,
26221,01/08/26 11:00:00,23.761,,,,,
26222,01/08/26 11:15:00,24.026,,,,,
26223,01/08/26 11:30:00,23.737,,,,,
26224,01/08/26 11:45:00,23.545,,,,,
26225,01/08/26 12:00:00,23.448,,,,,
26226,01/08/26 12:15:00,23.376,,,,,
26227,01/08/26 12:30:00,23.472,,,,,
26228,01/08/26 12:45:00,23.376,,,,,
26229,01/08/26 13:00:00,23.016,,,,,
26230,01/08/26 13:15:00,22.992,,,,,
26231,01/08/26 13:30:00,23.040,,,,,
26232,01/08/26 13:45:00,23.064,,,,,
26233,01/08/26 14:00:00,23.016,,,,,
26234,01/08/26 14:15:00,22.968,,,,,
26235,01/08/26 14:30:00,22.920,,,,,
26236,01/08/26 14:45:00,22.920,,,,,
26237,01/08/26 15:00:00,22.896,,,,,
26238,01/08/26 15:15:00,22.872,,,,,
26239,01/08/26 15:30:00,22.872,,,,,
26240,01/08/26 15:45:00,22.848,,,,,
26241,01/08/26 16:00:00,22.872,,,,,
26242,01/08/26 16:15:00,22.848,,,,,
26243,01/08/26 16:30:00,22.824,,,,,
26244,01/08/26 16:45:00,22.800,,,,,
26245,01/08/26 17:00:00,22.753,,,,,
26246,01/08/26 17:15:00,22.824,,,,,
26247,01/08/26 17:30:00,23.064,,,,,
26248,01/08/26 17:45:00,23.088,,,,,
26249,01/08/26 18:00:00,22.920,,,,,
26250,01/08/26 18:15:00,22.992,,,,,
26251,01/08/26 18:30:00,23.280,,,,,
26252,01/08/26 18:45:00,23.497,,,,,
26253,01/08/26 19:00:00,23.304,,,,,
26254,01/08/26 19:15:00,22.944,,,,,
26255,01/08/26 19:30:00,22.872,,,,,
26256,01/08/26 19:45:00,23.184,,,,,
26257,01/08/26 20:00:00,23.400,,,,,
26258,01/08/26 20:15:00,23.112,,,,,
26259,01/08/26 20:30:00,23.064,,,,,
26260,01/08/26 20:45:00,23.328,,,,,
26261,01/08/26 21:00:00,23.448,,,,,
26262,01/08/26 21:15:00,23.064,,,,,
26263,01/08/26 21:30:00,22.896,,,,,
26264,01/08/26 21:45:00,23.136,,,,,
26265,01/08/26 22:00:00,23.328,,,,,
26266,01/08/26 22:15:00,23.521,,,,,
26267,01/08/26 22:30:00,23.689,,,,,
26268,01/08/26 22:45:00,23.785,,,,,
26269,01/08/26 23:00:00,23.809,,,,,
26270,01/08/26 23:15:00,23.809,,,,,
26271,01/08/26 23:30:00,23.809,,,,,
26272,01/08/26 23:45:00,23.809,,,,,
26273,01/09/26 00:00:00,23.785,,,,,
26274,01/09/26 00:15:00,23.785,,,,,
26275,01/09/26 00:30:00,23.785,,,,,
26276,01/09/26 00:45:00,23.833,,,,,
26277,01/09/26 01:00:00,23.857,,,,,
26278,01/09/26 01:15:00,23.881,,,,,
26279,01/09/26 01:30:00,23.930,,,,,
26280,01/09/26 01:45:00,23.978,,,,,
26281,01/09/26 02:00:00,24.002,,,,,
26282,01/09/26 02:15:00,24.074,,,,,
26283,01/09/26 02:30:00,24.098,,,,,
26284,01/09/26 02:45:00,24.098,,,,,
26285,01/09/26 03:00:00,24.122,,,,,
26286,01/09/26 03:15:00,24.122,,,,,
26287,01/09/26 03:30:00,24.146,,,,,
26288,01/09/26 03:45:00,24.171,,,,,
26289,01/09/26 04:00:00,24.171,,,,,
26290,01/09/26 04:15:00,24.171,,,,,
26291,01/09/26 04:30:00,24.171,,,,,
26292,01/09/26 04:45:00,24.171,,,,,
26293,01/09/26 05:00:00,24.195,,,,,
26294,01/09/26 05:15:00,24.195,,,,,
26295,01/09/26 05:30:00,24.146,,,,,
26296,01/09/26 05:45:00,24.026,,,,,
26297,01/09/26 06:00:00,23.930,,,,,
26298,01/09/26 06:15:00,23.376,,,,,
26299,01/09/26 06:30:00,22.920,,,,,
26300,01/09/26 06:45:00,22.729,,,,,
26301,01/09/26 07:00:00,22.896,,,,,
26302,01/09/26 07:15:00,23.160,,,,,
26303,01/09/26 07:30:00,23.352,,,,,
26304,01/09/26 07:45:00,23.881,,,,,
26305,01/09/26 08:00:00,23.160,,,,,
26306,01/09/26 08:15:00,24.002,,,,,
26307,01/09/26 08:30:00,23.905,,,,,
26308,01/09/26 08:45:00,23.857,,,,,
26309,01/09/26 09:00:00,23.689,,,,,
26310,01/09/26 09:15:00,23.785,,,,,
26311,01/09/26 09:30:00,23.905,,,,,
26312,01/09/26 09:45:00,23.905,,,,,
26313,01/09/26 10:00:00,23.930,,,,,
26314,01/09/26 10:15:00,23.905,,,,,
26315,01/09/26 10:30:00,23.905,,,,,
26316,01/09/26 10:45:00,23.713,,,,,
26317,01/09/26 11:00:00,23.304,,,,,
26318,01/09/26 11:15:00,23.352,,,,,
26319,01/09/26 11:30:00,23.400,,,,,
26320,01/09/26 11:45:00,23.400,,,,,
26321,01/09/26 12:00:00,23.352,,,,,
26322,01/09/26 12:15:00,22.968,,,,,
26323,01/09/26 12:30:00,23.016,,,,,
26324,01/09/26 12:45:00,23.184,,,,,
26325,01/09/26 13:00:00,23.208,,,,,
26326,01/09/26 13:15:00,23.112,,,,,
26327,01/09/26 13:30:00,23.208,,,,,
26328,01/09/26 13:45:00,23.256,,,,,
26329,01/09/26 14:00:00,22.944,,,,,
26330,01/09/26 14:15:00,22.920,,,,,
26331,01/09/26 14:30:00,23.064,,,,,
26332,01/09/26 14:45:00,23.208,,,,,
26333,01/09/26 15:00:00,23.280,,,,,
26334,01/09/26 15:15:00,22.968,,,,,
26335,01/09/26 15:30:00,22.944,,,,,
26336,01/09/26 15:45:00,23.088,,,,,
26337,01/09/26 16:00:00,23.184,,,,,
26338,01/09/26 16:15:00,22.992,,,,,
26339,01/09/26 16:30:00,22.920,,,,,
26340,01/09/26 16:45:00,23.088,,,,,
26341,01/09/26 17:00:00,23.160,,,,,
26342,01/09/26 17:15:00,22.896,,,,,
26343,01/09/26 17:30:00,22.800,,,,,
26344,01/09/26 17:45:00,22.753,,,,,
26345,01/09/26 18:00:00,22.681,,,,,
26346,01/09/26 18:15:00,22.609,,,,,
26347,01/09/26 18:30:00,22.537,,,,,
26348,01/09/26 18:45:00,22.657,,,,,
26349,01/09/26 19:00:00,22.824,,,,,
26350,01/09/26 19:15:00,23.160,,,,,
26351,01/09/26 19:30:00,23.400,,,,,
26352,01/09/26 19:45:00,23.569,,,,,
26353,01/09/26 20:00:00,23.208,,,,,
26354,01/09/26 20:15:00,22.824,,,,,
26355,01/09/26 20:30:00,22.561,,,,,
26356,01/09/26 20:45:00,22.800,,,,,
26357,01/09/26 21:00:00,23.040,,,,,
26358,01/09/26 21:15:00,23.184,,,,,
26359,01/09/26 21:30:00,23.304,,,,,
26360,01/09/26 21:45:00,23.040,,,,,
26361,01/09/26 22:00:00,22.681,,,,,
26362,01/09/26 22:15:00,22.848,,,,,
26363,01/09/26 22:30:00,23.064,,,,,
26364,01/09/26 22:45:00,23.232,,,,,
26365,01/09/26 23:00:00,23.352,,,,,
26366,01/09/26 23:15:00,23.472,,,,,
26367,01/09/26 23:30:00,23.545,,,,,
26368,01/09/26 23:45:00,23.593,,,,,
26369,01/10/26 00:00:00,23.641,,,,,
26370,01/10/26 00:15:00,23.641,,,,,
26371,01/10/26 00:30:00,23.665,,,,,
26372,01/10/26 00:45:00,23.689,,,,,
26373,01/10/26 01:00:00,23.713,,,,,
26374,01/10/26 01:15:00,23.761,,,,,
26375,01/10/26 01:30:00,23.809,,,,,
26376,01/10/26 01:45:00,23.833,,,,,
26377,01/10/26 02:00:00,23.857,,,,,
26378,01/10/26 02:15:00,23.905,,,,,
26379,01/10/26 02:30:00,23.930,,,,,
26380,01/10/26 02:45:00,23.930,,,,,
26381,01/10/26 03:00:00,23.954,,,,,
26382,01/10/26 03:15:00,23.978,,,,,
26383,01/10/26 03:30:00,24.002,,,,,
26384,01/10/26 03:45:00,24.026,,,,,
26385,01/10/26 04:00:00,24.050,,,,,
26386,01/10/26 04:15:00,24.050,,,,,
26387,01/10/26 04:30:00,24.074,,,,,
26388,01/10/26 04:45:00,24.098,,,,,
26389,01/10/26 05:00:00,24.098,,,,,
26390,01/10/26 05:15:00,24.098,,,,,
26391,01/10/26 05:30:00,24.050,,,,,
26392,01/10/26 05:45:00,23.930,,,,,
26393,01/10/26 06:00:00,23.857,,,,,
26394,01/10/26 06:15:00,23.352,,,,,
26395,01/10/26 06:30:00,22.896,,,,,
26396,01/10/26 06:45:00,22.609,,,,,
26397,01/10/26 07:00:00,22.561,,,,,
26398,01/10/26 07:15:00,22.872,,,,,
26399,01/10/26 07:30:00,23.112,,,,,
26400,01/10/26 07:45:00,24.219,,,,,
26401,01/10/26 08:00:00,23.809,,,,,
26402,01/10/26 08:15:00,24.750,,,,,
26403,01/10/26 08:30:00,24.074,,,,,
26404,01/10/26 08:45:00,24.171,,,,,
26405,01/10/26 09:00:00,24.460,,,,,
26406,01/10/26 09:15:00,24.653,,,,,
26407,01/10/26 09:30:00,24.412,,,,,
26408,01/10/26 09:45:00,24.677,,,,,
26409,01/10/26 10:00:00,24.895,,,,,
26410,01/10/26 10:15:00,24.605,,,,,
26411,01/10/26 10:30:00,24.219,,,,,
26412,01/10/26 10:45:00,24.267,,,,,
26413,01/10/26 11:00:00,24.726,,,,,
26414,01/10/26 11:15:00,25.040,,,,,
26415,01/10/26 11:30:00,24.677,,,,,
26416,01/10/26 11:45:00,24.219,,,,,
26417,01/10/26 12:00:00,23.905,,,,,
26418,01/10/26 12:15:00,23.689,,,,,
26419,01/10/26 12:30:00,23.593,,,,,
26420,01/10/26 12:45:00,23.809,,,,,
26421,01/10/26 13:00:00,24.050,,,,,
26422,01/10/26 13:15:00,24.050,,,,,
26423,01/10/26 13:30:00,23.785,,,,,
26424,01/10/26 13:45:00,23.545,,,,,
26425,01/10/26 14:00:00,23.400,,,,,
26426,01/10/26 14:15:00,23.256,,,,,
26427,01/10/26 14:30:00,23.208,,,,,
26428,01/10/26 14:45:00,23.304,,,,,
26429,01/10/26 15:00:00,23.641,,,,,
26430,01/10/26 15:15:00,23.689,,,,,
26431,01/10/26 15:30:00,23.448,,,,,
26432,01/10/26 15:45:00,23.304,,,,,
26433,01/10/26 16:00:00,23.160,,,,,
26434,01/10/26 16:15:00,23.064,,,,,
26435,01/10/26 16:30:00,23.280,,,,,
26436,01/10/26 16:45:00,23.521,,,,,
26437,01/10/26 17:00:00,23.304,,,,,
26438,01/10/26 17:15:00,23.088,,,,,
26439,01/10/26 17:30:00,22.944,,,,,
26440,01/10/26 17:45:00,22.800,,,,,
26441,01/10/26 18:00:00,22.968,,,,,
26442,01/10/26 18:15:00,23.256,,,,,
26443,01/10/26 18:30:00,23.304,,,,,
26444,01/10/26 18:45:00,23.016,,,,,
26445,01/10/26 19:00:00,22.776,,,,,
26446,01/10/26 19:15:00,22.800,,,,,
26447,01/10/26 19:30:00,23.064,,,,,
26448,01/10/26 19:45:00,23.256,,,,,
26449,01/10/26 20:00:00,23.040,,,,,
26450,01/10/26 20:15:00,22.776,,,,,
26451,01/10/26 20:30:00,22.848,,,,,
26452,01/10/26 20:45:00,23.064,,,,,
26453,01/10/26 21:00:00,23.232,,,,,
26454,01/10/26 21:15:00,23.352,,,,,
26455,01/10/26 21:30:00,23.136,,,,,
26456,01/10/26 21:45:00,22.800,,,,,
26457,01/10/26 22:00:00,22.705,,,,,
26458,01/10/26 22:15:00,22.968,,,,,
26459,01/10/26 22:30:00,23.160,,,,,
26460,01/10/26 22:45:00,23.328,,,,,
26461,01/10/26 23:00:00,23.448,,,,,
26462,01/10/26 23:15:00,23.497,,,,,
26463,01/10/26 23:30:00,23.545,,,,,
26464,01/10/26 23:45:00,23.593,,,,,
26465,01/11/26 00:00:00,23.617,,,,,
26466,01/11/26 00:15:00,23.665,,,,,
26467,01/11/26 00:30:00,23.713,,,,,
26468,01/11/26 00:45:00,23.761,,,,,
26469,01/11/26 01:00:00,23.809,,,,,
26470,01/11/26 01:15:00,23.857,,,,,
26471,01/11/26 01:30:00,23.881,,,,,
26472,01/11/26 01:45:00,23.905,,,,,
26473,01/11/26 02:00:00,23.954,,,,,
26474,01/11/26 02:15:00,23.978,,,,,
26475,01/11/26 02:30:00,24.002,,,,,
26476,01/11/26 02:45:00,24.026,,,,,
26477,01/11/26 03:00:00,24.074,,,,,
26478,01/11/26 03:15:00,24.074,,,,,
26479,01/11/26 03:30:00,24.098,,,,,
26480,01/11/26 03:45:00,24.122,,,,,
26481,01/11/26 04:00:00,24.146,,,,,
26482,01/11/26 04:15:00,24.146,,,,,
26483,01/11/26 04:30:00,24.171,,,,,
26484,01/11/26 04:45:00,24.195,,,,,
26485,01/11/26 05:00:00,24.195,,,,,
26486,01/11/26 05:15:00,24.219,,,,,
26487,01/11/26 05:30:00,24.171,,,,,
26488,01/11/26 05:45:00,24.050,,,,,
26489,01/11/26 06:00:00,23.954,,,,,
26490,01/11/26 06:15:00,23.448,,,,,
26491,01/11/26 06:30:00,22.729,,,,,
26492,01/11/26 06:45:00,22.561,,,,,
26493,01/11/26 07:00:00,22.489,,,,,
26494,01/11/26 07:15:00,22.441,,,,,
26495,01/11/26 07:30:00,22.753,,,,,
26496,01/11/26 07:45:00,24.002,,,,,
26497,01/11/26 08:00:00,23.641,,,,,
26498,01/11/26 08:15:00,25.113,,,,,
26499,01/11/26 08:30:00,23.978,,,,,
26500,01/11/26 08:45:00,23.785,,,,,
26501,01/11/26 09:00:00,24.074,,,,,
26502,01/11/26 09:15:00,24.629,,,,,
26503,01/11/26 09:30:00,24.243,,,,,
26504,01/11/26 09:45:00,23.833,,,,,
26505,01/11/26 10:00:00,23.785,,,,,
26506,01/11/26 10:15:00,23.930,,,,,
26507,01/11/26 10:30:00,24.050,,,,,
26508,01/11/26 10:45:00,23.881,,,,,
26509,01/11/26 11:00:00,23.545,,,,,
26510,01/11/26 11:15:00,23.521,,,,,
26511,01/11/26 11:30:00,23.809,,,,,
26512,01/11/26 11:45:00,23.978,,,,,
26513,01/11/26 12:00:00,23.665,,,,,
26514,01/11/26 12:15:00,23.448,,,,,
26515,01/11/26 12:30:00,23.304,,,,,
26516,01/11/26 12:45:00,23.184,,,,,
26517,01/11/26 13:00:00,23.256,,,,,
26518,01/11/26 13:15:00,23.569,,,,,
26519,01/11/26 13:30:00,23.737,,,,,
26520,01/11/26 13:45:00,23.497,,,,,
26521,01/11/26 14:00:00,23.304,,,,,
26522,01/11/26 14:15:00,23.184,,,,,
26523,01/11/26 14:30:00,23.112,,,,,
26524,01/11/26 14:45:00,23.040,,,,,
26525,01/11/26 15:00:00,22.968,,,,,
26526,01/11/26 15:15:00,22.920,,,,,
26527,01/11/26 15:30:00,22.872,,,,,
26528,01/11/26 15:45:00,23.136,,,,,
26529,01/11/26 16:00:00,23.424,,,,,
26530,01/11/26 16:15:00,23.376,,,,,
26531,01/11/26 16:30:00,23.160,,,,,
26532,01/11/26 16:45:00,22.992,,,,,
26533,01/11/26 17:00:00,22.872,,,,,
26534,01/11/26 17:15:00,23.040,,,,,
26535,01/11/26 17:30:00,23.328,,,,,
26536,01/11/26 17:45:00,23.304,,,,,
26537,01/11/26 18:00:00,22.992,,,,,
26538,01/11/26 18:15:00,23.040,,,,,
26539,01/11/26 18:30:00,23.256,,,,,
26540,01/11/26 18:45:00,23.208,,,,,
26541,01/11/26 19:00:00,22.896,,,,,
26542,01/11/26 19:15:00,22.776,,,,,
26543,01/11/26 19:30:00,23.016,,,,,
26544,01/11/26 19:45:00,23.184,,,,,
26545,01/11/26 20:00:00,23.016,,,,,
26546,01/11/26 20:15:00,22.896,,,,,
26547,01/11/26 20:30:00,23.088,,,,,
26548,01/11/26 20:45:00,23.232,,,,,
26549,01/11/26 21:00:00,23.328,,,,,
26550,01/11/26 21:15:00,23.160,,,,,
26551,01/11/26 21:30:00,22.800,,,,,
26552,01/11/26 21:45:00,22.776,,,,,
26553,01/11/26 22:00:00,22.968,,,,,
26554,01/11/26 22:15:00,23.160,,,,,
26555,01/11/26 22:30:00,23.304,,,,,
26556,01/11/26 22:45:00,23.400,,,,,
26557,01/11/26 23:00:00,23.472,,,,,
26558,01/11/26 23:15:00,23.521,,,,,
26559,01/11/26 23:30:00,23.545,,,,,
26560,01/11/26 23:45:00,23.569,,,,,
26561,01/12/26 00:00:00,23.593,,,,,
26562,01/12/26 00:15:00,23.617,,,,,
26563,01/12/26 00:30:00,23.665,,,,,
26564,01/12/26 00:45:00,23.689,,,,,
26565,01/12/26 01:00:00,23.737,,,,,
26566,01/12/26 01:15:00,23.785,,,,,
26567,01/12/26 01:30:00,23.809,,,,,
26568,01/12/26 01:45:00,23.833,,,,,
26569,01/12/26 02:00:00,23.857,,,,,
26570,01/12/26 02:15:00,23.881,,,,,
26571,01/12/26 02:30:00,23.905,,,,,
26572,01/12/26 02:45:00,23.930,,,,,
26573,01/12/26 03:00:00,23.954,,,,,
26574,01/12/26 03:15:00,23.978,,,,,
26575,01/12/26 03:30:00,23.978,,,,,
26576,01/12/26 03:45:00,24.002,,,,,
26577,01/12/26 04:00:00,24.026,,,,,
26578,01/12/26 04:15:00,24.026,,,,,
26579,01/12/26 04:30:00,24.050,,,,,
26580,01/12/26 04:45:00,24.074,,,,,
26581,01/12/26 05:00:00,24.074,,,,,
26582,01/12/26 05:15:00,24.098,,,,,
26583,01/12/26 05:30:00,24.074,,,,,
26584,01/12/26 05:45:00,23.978,,,,,
26585,01/12/26 06:00:00,23.881,,,,,
26586,01/12/26 06:15:00,23.352,,,,,
26587,01/12/26 06:30:00,22.657,,,,,
26588,01/12/26 06:45:00,22.513,,,,,
26589,01/12/26 07:00:00,22.417,,,,,
26590,01/12/26 07:15:00,22.369,,,,,
26591,01/12/26 07:30:00,22.465,,,,,
26592,01/12/26 07:45:00,23.785,,,,,
26593,01/12/26 08:00:00,23.448,,,,,
26594,01/12/26 08:15:00,24.968,,,,,
26595,01/12/26 08:30:00,24.050,,,,,
26596,01/12/26 08:45:00,23.641,,,,,
26597,01/12/26 09:00:00,23.617,,,,,
26598,01/12/26 09:15:00,24.074,,,,,
26599,01/12/26 09:30:00,24.074,,,,,
26600,01/12/26 09:45:00,23.737,,,,,
26601,01/12/26 10:00:00,23.497,,,,,
26602,01/12/26 10:15:00,23.569,,,,,
26603,01/12/26 10:30:00,23.785,,,,,
26604,01/12/26 10:45:00,23.617,,,,,
26605,01/12/26 11:00:00,23.376,,,,,
26606,01/12/26 11:15:00,23.256,,,,,
26607,01/12/26 11:30:00,23.256,,,,,
26608,01/12/26 11:45:00,23.304,,,,,
26609,01/12/26 12:00:00,23.376,,,,,
26610,01/12/26 12:15:00,23.064,,,,,
26611,01/12/26 12:30:00,22.992,,,,,
26612,01/12/26 12:45:00,23.136,,,,,
26613,01/12/26 13:00:00,22.848,,,,,
26614,01/12/26 13:15:00,22.753,,,,,
26615,01/12/26 13:30:00,23.016,,,,,
26616,01/12/26 13:45:00,23.064,,,,,
26617,01/12/26 14:00:00,22.920,,,,,
26618,01/12/26 14:15:00,22.776,,,,,
26619,01/12/26 14:30:00,22.824,,,,,
26620,01/12/26 14:45:00,22.944,,,,,
26621,01/12/26 15:00:00,23.016,,,,,
26622,01/12/26 15:15:00,23.088,,,,,
26623,01/12/26 15:30:00,23.256,,,,,
26624,01/12/26 15:45:00,23.160,,,,,
26625,01/12/26 16:00:00,23.112,,,,,
26626,01/12/26 16:15:00,23.136,,,,,
26627,01/12/26 16:30:00,23.232,,,,,
26628,01/12/26 16:45:00,23.280,,,,,
26629,01/12/26 17:00:00,22.944,,,,,
26630,01/12/26 17:15:00,22.705,,,,,
26631,01/12/26 17:30:00,22.920,,,,,
26632,01/12/26 17:45:00,23.064,,,,,
26633,01/12/26 18:00:00,23.136,,,,,
26634,01/12/26 18:15:00,23.040,,,,,
26635,01/12/26 18:30:00,22.968,,,,,
26636,01/12/26 18:45:00,22.896,,,,,
26637,01/12/26 19:00:00,22.824,,,,,
26638,01/12/26 19:15:00,22.753,,,,,
26639,01/12/26 19:30:00,22.705,,,,,
26640,01/12/26 19:45:00,22.657,,,,,
26641,01/12/26 20:00:00,22.609,,,,,
26642,01/12/26 20:15:00,22.561,,,,,
26643,01/12/26 20:30:00,22.513,,,,,
26644,01/12/26 20:45:00,22.489,,,,,
26645,01/12/26 21:00:00,22.465,,,,,
26646,01/12/26 21:15:00,22.441,,,,,
26647,01/12/26 21:30:00,22.417,,,,,
26648,01/12/26 21:45:00,22.369,,,,,
26649,01/12/26 22:00:00,22.250,,,,,
26650,01/12/26 22:15:00,22.465,,,,,
26651,01/12/26 22:30:00,22.681,,,,,
26652,01/12/26 22:45:00,22.824,,,,,
26653,01/12/26 23:00:00,22.968,,,,,
26654,01/12/26 23:15:00,23.064,,,,,
26655,01/12/26 23:30:00,23.136,,,,,
26656,01/12/26 23:45:00,23.160,,,,,
26657,01/13/26 00:00:00,23.184,,,,,
26658,01/13/26 00:15:00,23.208,,,,,
26659,01/13/26 00:30:00,23.256,,,,,
26660,01/13/26 00:45:00,23.304,,,,,
26661,01/13/26 01:00:00,23.328,,,,,
26662,01/13/26 01:15:00,23.376,,,,,
26663,01/13/26 01:30:00,23.400,,,,,
26664,01/13/26 01:45:00,23.448,,,,,
26665,01/13/26 02:00:00,23.472,,,,,
26666,01/13/26 02:15:00,23.497,,,,,
26667,01/13/26 02:30:00,23.521,,,,,
26668,01/13/26 02:45:00,23.545,,,,,
26669,01/13/26 03:00:00,23.569,,,,,
26670,01/13/26 03:15:00,23.593,,,,,
26671,01/13/26 03:30:00,23.617,,,,,
26672,01/13/26 03:45:00,23.641,,,,,
26673,01/13/26 04:00:00,23.665,,,,,
26674,01/13/26 04:15:00,23.665,,,,,
26675,01/13/26 04:30:00,23.689,,,,,
26676,01/13/26 04:45:00,23.713,,,,,
26677,01/13/26 05:00:00,23.737,,,,,
26678,01/13/26 05:15:00,23.737,,,,,
26679,01/13/26 05:30:00,23.737,,,,,
26680,01/13/26 05:45:00,23.641,,,,,
26681,01/13/26 06:00:00,23.569,,,,,
26682,01/13/26 06:15:00,23.064,,,,,
26683,01/13/26 06:30:00,22.561,,,,,
26684,01/13/26 06:45:00,22.393,,,,,
26685,01/13/26 07:00:00,22.417,,,,,
26686,01/13/26 07:15:00,22.681,,,,,
26687,01/13/26 07:30:00,22.872,,,,,
26688,01/13/26 07:45:00,23.424,,,,,
26689,01/13/26 08:00:00,23.160,,,,,
26690,01/13/26 08:15:00,23.497,,,,,
26691,01/13/26 08:30:00,23.112,,,,,
26692,01/13/26 08:45:00,22.944,,,,,
26693,01/13/26 09:00:00,23.208,,,,,
26694,01/13/26 09:15:00,23.905,,,,,
26695,01/13/26 09:30:00,24.074,,,,,
26696,01/13/26 09:45:00,23.569,,,,,
26697,01/13/26 10:00:00,23.280,,,,,
26698,01/13/26 10:15:00,23.088,,,,,
26699,01/13/26 10:30:00,22.968,,,,,
26700,01/13/26 10:45:00,22.872,,,,,
26701,01/13/26 11:00:00,23.232,,,,,
26702,01/13/26 11:15:00,23.521,,,,,
26703,01/13/26 11:30:00,23.352,,,,,
26704,01/13/26 11:45:00,23.304,,,,,
26705,01/13/26 12:00:00,23.280,,,,,
26706,01/13/26 12:15:00,23.256,,,,,
26707,01/13/26 12:30:00,23.304,,,,,
26708,01/13/26 12:45:00,23.328,,,,,
26709,01/13/26 13:00:00,22.944,,,,,
26710,01/13/26 13:15:00,23.040,,,,,
26711,01/13/26 13:30:00,22.729,,,,,
26712,01/13/26 13:45:00,22.561,,,,,
26713,01/13/26 14:00:00,22.848,,,,,
26714,01/13/26 14:15:00,22.872,,,,,
26715,01/13/26 14:30:00,22.537,,,,,
26716,01/13/26 14:45:00,22.657,,,,,
26717,01/13/26 15:00:00,22.753,,,,,
26718,01/13/26 15:15:00,22.848,,,,,
26719,01/13/26 15:30:00,22.920,,,,,
26720,01/13/26 15:45:00,22.920,,,,,
26721,01/13/26 16:00:00,22.992,,,,,
26722,01/13/26 16:15:00,23.088,,,,,
26723,01/13/26 16:30:00,23.064,,,,,
26724,01/13/26 16:45:00,23.064,,,,,
26725,01/13/26 17:00:00,23.016,,,,,
26726,01/13/26 17:15:00,22.968,,,,,
26727,01/13/26 17:30:00,22.872,,,,,
26728,01/13/26 17:45:00,22.753,,,,,
26729,01/13/26 18:00:00,22.633,,,,,
26730,01/13/26 18:15:00,22.537,,,,,
26731,01/13/26 18:30:00,22.441,,,,,
26732,01/13/26 18:45:00,22.393,,,,,
26733,01/13/26 19:00:00,22.753,,,,,
26734,01/13/26 19:15:00,22.968,,,,,
26735,01/13/26 19:30:00,22.896,,,,,
26736,01/13/26 19:45:00,22.753,,,,,
26737,01/13/26 20:00:00,22.681,,,,,
26738,01/13/26 20:15:00,22.633,,,,,
26739,01/13/26 20:30:00,22.776,,,,,
26740,01/13/26 20:45:00,23.016,,,,,
26741,01/13/26 21:00:00,23.160,,,,,
26742,01/13/26 21:15:00,22.992,,,,,
26743,01/13/26 21:30:00,22.705,,,,,
26744,01/13/26 21:45:00,22.944,,,,,
26745,01/13/26 22:00:00,23.112,,,,,
26746,01/13/26 22:15:00,23.280,,,,,
26747,01/13/26 22:30:00,23.376,,,,,
26748,01/13/26 22:45:00,23.448,,,,,
26749,01/13/26 23:00:00,23.497,,,,,
26750,01/13/26 23:15:00,23.545,,,,,
26751,01/13/26 23:30:00,23.569,,,,,
26752,01/13/26 23:45:00,23.593,,,,,
26753,01/14/26 00:00:00,23.617,,,,,
26754,01/14/26 00:15:00,23.665,,,,,
26755,01/14/26 00:30:00,23.689,,,,,
26756,01/14/26 00:45:00,23.761,,,,,
26757,01/14/26 01:00:00,23.809,,,,,
26758,01/14/26 01:15:00,23.833,,,,,
26759,01/14/26 01:30:00,23.881,,,,,
26760,01/14/26 01:45:00,23.905,,,,,
26761,01/14/26 02:00:00,23.954,,,,,
26762,01/14/26 02:15:00,23.978,,,,,
26763,01/14/26 02:30:00,24.002,,,,,
26764,01/14/26 02:45:00,24.026,,,,,
26765,01/14/26 03:00:00,24.050,,,,,
26766,01/14/26 03:15:00,24.074,,,,,
26767,01/14/26 03:30:00,24.098,,,,,
26768,01/14/26 03:45:00,24.122,,,,,
26769,01/14/26 04:00:00,24.146,,,,,
26770,01/14/26 04:15:00,24.171,,,,,
26771,01/14/26 04:30:00,24.171,,,,,
26772,01/14/26 04:45:00,24.195,,,,,
26773,01/14/26 05:00:00,24.195,,,,,
26774,01/14/26 05:15:00,24.219,,,,,
26775,01/14/26 05:30:00,24.146,,,,,
26776,01/14/26 05:45:00,24.050,,,,,
26777,01/14/26 06:00:00,23.978,,,,,
26778,01/14/26 06:15:00,23.424,,,,,
26779,01/14/26 06:30:00,22.705,,,,,
26780,01/14/26 06:45:00,22.633,,,,,
26781,01/14/26 07:00:00,22.537,,,,,
26782,01/14/26 07:15:00,22.441,,,,,
26783,01/14/26 07:30:00,22.776,,,,,
26784,01/14/26 07:45:00,23.064,,,,,
26785,01/14/26 08:00:00,23.256,,,,,
26786,01/14/26 08:15:00,22.561,,,,,
26787,01/14/26 08:30:00,22.657,,,,,
26788,01/14/26 08:45:00,23.112,,,,,
26789,01/14/26 09:00:00,23.352,,,,,
26790,01/14/26 09:15:00,23.280,,,,,
26791,01/14/26 09:30:00,23.256,,,,,
26792,01/14/26 09:45:00,23.040,,,,,
26793,01/14/26 10:00:00,22.944,,,,,
26794,01/14/26 10:15:00,22.920,,,,,
26795,01/14/26 10:30:00,22.920,,,,,
26796,01/14/26 10:45:00,22.896,,,,,
26797,01/14/26 11:00:00,22.896,,,,,
26798,01/14/26 11:15:00,22.872,,,,,
26799,01/14/26 11:30:00,22.872,,,,,
26800,01/14/26 11:45:00,22.872,,,,,
26801,01/14/26 12:00:00,22.872,,,,,
26802,01/14/26 12:15:00,22.896,,,,,
26803,01/14/26 12:30:00,22.920,,,,,
26804,01/14/26 12:45:00,22.968,,,,,
26805,01/14/26 13:00:00,22.968,,,,,
26806,01/14/26 13:15:00,22.944,,,,,
26807,01/14/26 13:30:00,23.016,,,,,
26808,01/14/26 13:45:00,23.136,,,,,
26809,01/14/26 14:00:00,22.848,,,,,
26810,01/14/26 14:15:00,22.657,,,,,
26811,01/14/26 14:30:00,22.585,,,,,
26812,01/14/26 14:45:00,22.441,,,,,
26813,01/14/26 15:00:00,22.465,,,,,
26814,01/14/26 15:15:00,22.585,,,,,
26815,01/14/26 15:30:00,22.561,,,,,
26816,01/14/26 15:45:00,22.585,,,,,
26817,01/14/26 16:00:00,22.609,,,,,
26818,01/14/26 16:15:00,22.705,,,,,
26819,01/14/26 16:30:00,22.753,,,,,
26820,01/14/26 16:45:00,22.705,,,,,
26821,01/14/26 17:00:00,22.729,,,,,
26822,01/14/26 17:15:00,22.705,,,,,
26823,01/14/26 17:30:00,22.561,,,,,
26824,01/14/26 17:45:00,22.681,,,,,
26825,01/14/26 18:00:00,22.824,,,,,
26826,01/14/26 18:15:00,22.824,,,,,
26827,01/14/26 18:30:00,22.776,,,,,
26828,01/14/26 18:45:00,22.753,,,,,
26829,01/14/26 19:00:00,22.705,,,,,
26830,01/14/26 19:15:00,22.681,,,,,
26831,01/14/26 19:30:00,22.633,,,,,
26832,01/14/26 19:45:00,22.585,,,,,
26833,01/14/26 20:00:00,22.537,,,,,
26834,01/14/26 20:15:00,22.513,,,,,
26835,01/14/26 20:30:00,22.489,,,,,
26836,01/14/26 20:45:00,22.465,,,,,
26837,01/14/26 21:00:00,22.776,,,,,
26838,01/14/26 21:15:00,23.040,,,,,
26839,01/14/26 21:30:00,22.896,,,,,
26840,01/14/26 21:45:00,22.633,,,,,
26841,01/14/26 22:00:00,22.465,,,,,
26842,01/14/26 22:15:00,22.705,,,,,
26843,01/14/26 22:30:00,22.992,,,,,
26844,01/14/26 22:45:00,23.184,,,,,
26845,01/14/26 23:00:00,23.328,,,,,
26846,01/14/26 23:15:00,23.400,,,,,
26847,01/14/26 23:30:00,23.472,,,,,
26848,01/14/26 23:45:00,23.521,,,,,
26849,01/15/26 00:00:00,23.593,,,,,
26850,01/15/26 00:15:00,23.665,,,,,
26851,01/15/26 00:30:00,23.737,,,,,
26852,01/15/26 00:45:00,23.809,,,,,
26853,01/15/26 01:00:00,23.905,,,,,
26854,01/15/26 01:15:00,23.978,,,,,
26855,01/15/26 01:30:00,24.026,,,,,
26856,01/15/26 01:45:00,24.074,,,,,
26857,01/15/26 02:00:00,24.098,,,,,
26858,01/15/26 02:15:00,24.146,,,,,
26859,01/15/26 02:30:00,24.195,,,,,
26860,01/15/26 02:45:00,24.219,,,,,
26861,01/15/26 03:00:00,24.243,,,,,
26862,01/15/26 03:15:00,24.291,,,,,
26863,01/15/26 03:30:00,24.315,,,,,
26864,01/15/26 03:45:00,24.363,,,,,
26865,01/15/26 04:00:00,24.436,,,,,
26866,01/15/26 04:15:00,24.484,,,,,
26867,01/15/26 04:30:00,24.508,,,,,
26868,01/15/26 04:45:00,24.532,,,,,
26869,01/15/26 05:00:00,24.532,,,,,
26870,01/15/26 05:15:00,24.412,,,,,
26871,01/15/26 05:30:00,24.315,,,,,
26872,01/15/26 05:45:00,24.219,,,,,
26873,01/15/26 06:00:00,24.146,,,,,
26874,01/15/26 06:15:00,23.713,,,,,
26875,01/15/26 06:30:00,22.896,,,,,
26876,01/15/26 06:45:00,22.561,,,,,
26877,01/15/26 07:00:00,22.633,,,,,
26878,01/15/26 07:15:00,22.657,,,,,
26879,01/15/26 07:30:00,22.633,,,,,
26880,01/15/26 07:45:00,22.681,,,,,
26881,01/15/26 08:00:00,22.657,,,,,
26882,01/15/26 08:15:00,22.896,,,,,
26883,01/15/26 08:30:00,23.376,,,,,
26884,01/15/26 08:45:00,23.328,,,,,
26885,01/15/26 09:00:00,23.184,,,,,
26886,01/15/26 09:15:00,23.400,,,,,
26887,01/15/26 09:30:00,23.352,,,,,
26888,01/15/26 09:45:00,23.352,,,,,
26889,01/15/26 10:00:00,23.304,,,,,
26890,01/15/26 10:15:00,23.352,,,,,
26891,01/15/26 10:30:00,23.328,,,,,
26892,01/15/26 10:45:00,23.352,,,,,
26893,01/15/26 11:00:00,23.424,,,,,
26894,01/15/26 11:15:00,24.412,,,,,
26895,01/15/26 11:30:00,23.833,,,,,
26896,01/15/26 11:45:00,23.833,,,,,
26897,01/15/26 12:00:00,23.785,,,,,
26898,01/15/26 12:15:00,23.713,,,,,
26899,01/15/26 12:30:00,23.617,,,,,
26900,01/15/26 12:45:00,23.280,,,,,
26901,01/15/26 13:00:00,23.208,,,,,
26902,01/15/26 13:15:00,23.328,,,,,
26903,01/15/26 13:30:00,23.400,,,,,
26904,01/15/26 13:45:00,23.448,,,,,
26905,01/15/26 14:00:00,23.136,,,,,
26906,01/15/26 14:15:00,23.040,,,,,
26907,01/15/26 14:24:30,,,Logged,Logged,,
26908,01/15/26 14:24:35,,,,,Logged,Logged
