"#","Date Time, GMT-04:00","Temp, °C","Coupler Detached","Coupler Attached","Host Connected","Stopped","End Of File"
1,04/10/25 08:00:00,22.202,Logged,,,,
2,04/10/25 08:15:00,22.178,,,,,
3,04/10/25 08:30:00,22.154,,,,,
4,04/10/25 08:45:00,22.154,,,,,
5,04/10/25 09:00:00,22.130,,,,,
6,04/10/25 09:15:00,22.106,,,,,
7,04/10/25 09:30:00,22.130,,,,,
8,04/10/25 09:45:00,22.154,,,,,
9,04/10/25 10:00:00,22.178,,,,,
10,04/10/25 10:15:00,22.202,,,,,
11,04/10/25 10:30:00,22.202,,,,,
12,04/10/25 10:45:00,22.226,,,,,
13,04/10/25 11:00:00,22.250,,,,,
14,04/10/25 11:15:00,22.274,,,,,
15,04/10/25 11:30:00,22.298,,,,,
16,04/10/25 11:45:00,22.345,,,,,
17,04/10/25 12:00:00,22.393,,,,,
18,04/10/25 12:15:00,22.417,,,,,
19,04/10/25 12:30:00,22.441,,,,,
20,04/10/25 12:45:00,22.489,,,,,
21,04/10/25 13:00:00,22.489,,,,,
22,04/10/25 13:15:00,22.513,,,,,
23,04/10/25 13:30:00,22.537,,,,,
24,04/10/25 13:45:00,22.537,,,,,
25,04/10/25 14:00:00,22.561,,,,,
26,04/10/25 14:15:00,22.585,,,,,
27,04/10/25 14:30:00,22.561,,,,,
28,04/10/25 14:45:00,22.561,,,,,
29,04/10/25 15:00:00,22.537,,,,,
30,04/10/25 15:15:00,22.513,,,,,
31,04/10/25 15:30:00,22.489,,,,,
32,04/10/25 15:45:00,22.513,,,,,
33,04/10/25 16:00:00,22.537,,,,,
34,04/10/25 16:15:00,22.561,,,,,
35,04/10/25 16:30:00,22.561,,,,,
36,04/10/25 16:45:00,22.537,,,,,
37,04/10/25 17:00:00,22.537,,,,,
38,04/10/25 17:15:00,22.513,,,,,
39,04/10/25 17:30:00,22.489,,,,,
40,04/10/25 17:45:00,22.465,,,,,
41,04/10/25 18:00:00,22.441,,,,,
42,04/10/25 18:15:00,22.417,,,,,
43,04/10/25 18:30:00,22.369,,,,,
44,04/10/25 18:45:00,22.321,,,,,
45,04/10/25 19:00:00,22.274,,,,,
46,04/10/25 19:15:00,22.226,,,,,
47,04/10/25 19:30:00,22.202,,,,,
48,04/10/25 19:45:00,22.154,,,,,
49,04/10/25 20:00:00,22.106,,,,,
50,04/10/25 20:15:00,22.058,,,,,
51,04/10/25 20:30:00,22.011,,,,,
52,04/10/25 20:45:00,21.963,,,,,
53,04/10/25 21:00:00,21.915,,,,,
54,04/10/25 21:15:00,21.867,,,,,
55,04/10/25 21:30:00,21.819,,,,,
56,04/10/25 21:45:00,21.795,,,,,
57,04/10/25 22:00:00,21.772,,,,,
58,04/10/25 22:15:00,21.748,,,,,
59,04/10/25 22:30:00,21.748,,,,,
60,04/10/25 22:45:00,21.748,,,,,
61,04/10/25 23:00:00,21.772,,,,,
62,04/10/25 23:15:00,21.772,,,,,
63,04/10/25 23:30:00,21.795,,,,,
64,04/10/25 23:45:00,21.819,,,,,
65,04/11/25 00:00:00,21.867,,,,,
66,04/11/25 00:15:00,21.891,,,,,
67,04/11/25 00:30:00,21.915,,,,,
68,04/11/25 00:45:00,21.963,,,,,
69,04/11/25 01:00:00,21.987,,,,,
70,04/11/25 01:15:00,22.011,,,,,
71,04/11/25 01:30:00,22.034,,,,,
72,04/11/25 01:45:00,22.082,,,,,
73,04/11/25 02:00:00,22.106,,,,,
74,04/11/25 02:15:00,22.130,,,,,
75,04/11/25 02:30:00,22.154,,,,,
76,04/11/25 02:45:00,22.202,,,,,
77,04/11/25 03:00:00,22.226,,,,,
78,04/11/25 03:15:00,22.250,,,,,
79,04/11/25 03:30:00,22.274,,,,,
80,04/11/25 03:45:00,22.298,,,,,
81,04/11/25 04:00:00,22.321,,,,,
82,04/11/25 04:15:00,22.345,,,,,
83,04/11/25 04:30:00,22.393,,,,,
84,04/11/25 04:45:00,22.417,,,,,
85,04/11/25 05:00:00,22.441,,,,,
86,04/11/25 05:15:00,22.465,,,,,
87,04/11/25 05:30:00,22.489,,,,,
88,04/11/25 05:45:00,22.537,,,,,
89,04/11/25 06:00:00,22.585,,,,,
90,04/11/25 06:15:00,22.705,,,,,
91,04/11/25 06:30:00,22.824,,,,,
92,04/11/25 06:45:00,22.944,,,,,
93,04/11/25 07:00:00,23.064,,,,,
94,04/11/25 07:15:00,23.184,,,,,
95,04/11/25 07:30:00,23.304,,,,,
96,04/11/25 07:45:00,23.424,,,,,
97,04/11/25 08:00:00,23.545,,,,,
98,04/11/25 08:15:00,23.665,,,,,
99,04/11/25 08:30:00,23.785,,,,,
100,04/11/25 08:45:00,23.905,,,,,
101,04/11/25 09:00:00,24.026,,,,,
102,04/11/25 09:15:00,24.146,,,,,
103,04/11/25 09:30:00,24.267,,,,,
104,04/11/25 09:45:00,24.388,,,,,
105,04/11/25 10:00:00,24.508,,,,,
106,04/11/25 10:15:00,24.629,,,,,
107,04/11/25 10:30:00,24.750,,,,,
108,04/11/25 10:45:00,24.871,,,,,
109,04/11/25 11:00:00,24.992,,,,,
110,04/11/25 11:15:00,25.089,,,,,
111,04/11/25 11:30:00,25.210,,,,,
112,04/11/25 11:45:00,25.331,,,,,
113,04/11/25 12:00:00,25.428,,,,,
114,04/11/25 12:15:00,25.550,,,,,
115,04/11/25 12:30:00,25.647,,,,,
116,04/11/25 12:45:00,25.744,,,,,
117,04/11/25 13:00:00,25.841,,,,,
118,04/11/25 13:15:00,25.963,,,,,
119,04/11/25 13:30:00,26.036,,,,,
120,04/11/25 13:45:00,26.158,,,,,
121,04/11/25 14:00:00,26.280,,,,,
122,04/11/25 14:15:00,26.402,,,,,
123,04/11/25 14:30:00,26.524,,,,,
124,04/11/25 14:45:00,26.646,,,,,
125,04/11/25 15:00:00,26.818,,,,,
126,04/11/25 15:15:00,26.965,,,,,
127,04/11/25 15:30:00,27.136,,,,,
128,04/11/25 15:45:00,27.333,,,,,
129,04/11/25 16:00:00,27.628,,,,,
130,04/11/25 16:15:00,28.245,,,,,
131,04/11/25 16:30:00,28.742,,,,,
132,04/11/25 16:45:00,28.444,,,,,
133,04/11/25 17:00:00,27.677,,,,,
134,04/11/25 17:15:00,26.793,,,,,
135,04/11/25 17:30:00,25.939,,,,,
136,04/11/25 17:45:00,25.113,,,,,
137,04/11/25 18:00:00,24.315,,,,,
138,04/11/25 18:15:00,23.593,,,,,
139,04/11/25 18:30:00,22.944,,,,,
140,04/11/25 18:45:00,22.369,,,,,
141,04/11/25 19:00:00,21.867,,,,,
142,04/11/25 19:15:00,21.413,,,,,
143,04/11/25 19:30:00,21.032,,,,,
144,04/11/25 19:45:00,20.698,,,,,
145,04/11/25 20:00:00,20.436,,,,,
146,04/11/25 20:15:00,20.198,,,,,
147,04/11/25 20:30:00,20.007,,,,,
148,04/11/25 20:45:00,19.817,,,,,
149,04/11/25 21:00:00,19.698,,,,,
150,04/11/25 21:15:00,19.627,,,,,
151,04/11/25 21:30:00,19.532,,,,,
152,04/11/25 21:45:00,19.460,,,,,
153,04/11/25 22:00:00,19.365,,,,,
154,04/11/25 22:15:00,19.294,,,,,
155,04/11/25 22:30:00,19.222,,,,,
156,04/11/25 22:45:00,19.151,,,,,
157,04/11/25 23:00:00,19.056,,,,,
158,04/11/25 23:15:00,19.008,,,,,
159,04/11/25 23:30:00,18.937,,,,,
160,04/11/25 23:45:00,18.866,,,,,
161,04/12/25 00:00:00,18.818,,,,,
162,04/12/25 00:15:00,18.794,,,,,
163,04/12/25 00:30:00,18.771,,,,,
164,04/12/25 00:45:00,18.747,,,,,
165,04/12/25 01:00:00,18.699,,,,,
166,04/12/25 01:15:00,18.675,,,,,
167,04/12/25 01:30:00,18.652,,,,,
168,04/12/25 01:45:00,18.628,,,,,
169,04/12/25 02:00:00,18.580,,,,,
170,04/12/25 02:15:00,18.580,,,,,
171,04/12/25 02:30:00,18.533,,,,,
172,04/12/25 02:45:00,18.509,,,,,
173,04/12/25 03:00:00,18.509,,,,,
174,04/12/25 03:15:00,18.509,,,,,
175,04/12/25 03:30:00,18.509,,,,,
176,04/12/25 03:45:00,18.509,,,,,
177,04/12/25 04:00:00,18.509,,,,,
178,04/12/25 04:15:00,18.533,,,,,
179,04/12/25 04:30:00,18.580,,,,,
180,04/12/25 04:45:00,18.652,,,,,
181,04/12/25 05:00:00,18.699,,,,,
182,04/12/25 05:15:00,18.747,,,,,
183,04/12/25 05:30:00,18.771,,,,,
184,04/12/25 05:45:00,18.818,,,,,
185,04/12/25 06:00:00,18.818,,,,,
186,04/12/25 06:15:00,18.866,,,,,
187,04/12/25 06:30:00,18.866,,,,,
188,04/12/25 06:45:00,18.889,,,,,
189,04/12/25 07:00:00,18.913,,,,,
190,04/12/25 07:15:00,19.318,,,,,
191,04/12/25 07:30:00,19.222,,,,,
192,04/12/25 07:45:00,19.294,,,,,
193,04/12/25 08:00:00,20.746,,,,,
194,04/12/25 08:15:00,22.776,,,,,
195,04/12/25 08:30:00,24.122,,,,,
196,04/12/25 08:45:00,25.404,,,,,
197,04/12/25 09:00:00,26.598,,,,,
198,04/12/25 09:15:00,27.505,,,,,
199,04/12/25 09:30:00,26.769,,,,,
200,04/12/25 09:45:00,26.769,,,,,
201,04/12/25 10:00:00,26.793,,,,,
202,04/12/25 10:15:00,26.867,,,,,
203,04/12/25 10:30:00,26.940,,,,,
204,04/12/25 10:45:00,27.038,,,,,
205,04/12/25 11:00:00,27.087,,,,,
206,04/12/25 11:15:00,27.161,,,,,
207,04/12/25 11:30:00,27.210,,,,,
208,04/12/25 11:45:00,27.308,,,,,
209,04/12/25 12:00:00,27.382,,,,,
210,04/12/25 12:15:00,27.431,,,,,
211,04/12/25 12:30:00,27.456,,,,,
212,04/12/25 12:45:00,27.456,,,,,
213,04/12/25 13:00:00,27.333,,,,,
214,04/12/25 13:15:00,27.161,,,,,
215,04/12/25 13:30:00,27.481,,,,,
216,04/12/25 13:45:00,28.221,,,,,
217,04/12/25 14:00:00,27.235,,,,,
218,04/12/25 14:15:00,27.235,,,,,
219,04/12/25 14:30:00,27.235,,,,,
220,04/12/25 14:45:00,27.235,,,,,
221,04/12/25 15:00:00,27.235,,,,,
222,04/12/25 15:15:00,27.235,,,,,
223,04/12/25 15:30:00,27.235,,,,,
224,04/12/25 15:45:00,27.259,,,,,
225,04/12/25 16:00:00,27.259,,,,,
226,04/12/25 16:15:00,27.235,,,,,
227,04/12/25 16:30:00,27.235,,,,,
228,04/12/25 16:45:00,27.235,,,,,
229,04/12/25 17:00:00,27.235,,,,,
230,04/12/25 17:15:00,27.235,,,,,
231,04/12/25 17:30:00,27.235,,,,,
232,04/12/25 17:45:00,27.235,,,,,
233,04/12/25 18:00:00,27.235,,,,,
234,04/12/25 18:15:00,27.235,,,,,
235,04/12/25 18:30:00,27.235,,,,,
236,04/12/25 18:45:00,27.235,,,,,
237,04/12/25 19:00:00,27.235,,,,,
238,04/12/25 19:15:00,27.235,,,,,
239,04/12/25 19:30:00,27.235,,,,,
240,04/12/25 19:45:00,27.235,,,,,
241,04/12/25 20:00:00,27.235,,,,,
242,04/12/25 20:15:00,27.235,,,,,
243,04/12/25 20:30:00,27.235,,,,,
244,04/12/25 20:45:00,27.235,,,,,
245,04/12/25 21:00:00,27.235,,,,,
246,04/12/25 21:15:00,27.235,,,,,
247,04/12/25 21:30:00,27.235,,,,,
248,04/12/25 21:45:00,27.235,,,,,
249,04/12/25 22:00:00,27.259,,,,,
250,04/12/25 22:15:00,27.259,,,,,
251,04/12/25 22:30:00,27.259,,,,,
252,04/12/25 22:45:00,27.284,,,,,
253,04/12/25 23:00:00,27.284,,,,,
254,04/12/25 23:15:00,27.284,,,,,
255,04/12/25 23:30:00,27.284,,,,,
256,04/12/25 23:45:00,27.308,,,,,
257,04/13/25 00:00:00,27.308,,,,,
258,04/13/25 00:15:00,27.308,,,,,
259,04/13/25 00:30:00,27.308,,,,,
260,04/13/25 00:45:00,27.308,,,,,
261,04/13/25 01:00:00,27.308,,,,,
262,04/13/25 01:15:00,27.308,,,,,
263,04/13/25 01:30:00,27.333,,,,,
264,04/13/25 01:45:00,27.333,,,,,
265,04/13/25 02:00:00,27.333,,,,,
266,04/13/25 02:15:00,27.382,,,,,
267,04/13/25 02:30:00,27.382,,,,,
268,04/13/25 02:45:00,27.358,,,,,
269,04/13/25 03:00:00,27.333,,,,,
270,04/13/25 03:15:00,27.333,,,,,
271,04/13/25 03:30:00,27.358,,,,,
272,04/13/25 03:45:00,27.431,,,,,
273,04/13/25 04:00:00,27.382,,,,,
274,04/13/25 04:15:00,27.358,,,,,
275,04/13/25 04:30:00,27.333,,,,,
276,04/13/25 04:45:00,27.333,,,,,
277,04/13/25 05:00:00,27.284,,,,,
278,04/13/25 05:15:00,27.284,,,,,
279,04/13/25 05:30:00,27.284,,,,,
280,04/13/25 05:45:00,27.259,,,,,
281,04/13/25 06:00:00,27.284,,,,,
282,04/13/25 06:15:00,27.259,,,,,
283,04/13/25 06:30:00,27.259,,,,,
284,04/13/25 06:45:00,27.259,,,,,
285,04/13/25 07:00:00,27.259,,,,,
286,04/13/25 07:15:00,27.259,,,,,
287,04/13/25 07:30:00,27.259,,,,,
288,04/13/25 07:45:00,27.259,,,,,
289,04/13/25 08:00:00,27.284,,,,,
290,04/13/25 08:15:00,27.308,,,,,
291,04/13/25 08:30:00,27.333,,,,,
292,04/13/25 08:45:00,27.358,,,,,
293,04/13/25 09:00:00,27.358,,,,,
294,04/13/25 09:15:00,27.358,,,,,
295,04/13/25 09:30:00,27.358,,,,,
296,04/13/25 09:45:00,27.382,,,,,
297,04/13/25 10:00:00,27.382,,,,,
298,04/13/25 10:15:00,27.358,,,,,
299,04/13/25 10:30:00,27.382,,,,,
300,04/13/25 10:45:00,27.382,,,,,
301,04/13/25 11:00:00,27.358,,,,,
302,04/13/25 11:15:00,27.358,,,,,
303,04/13/25 11:30:00,27.358,,,,,
304,04/13/25 11:45:00,27.358,,,,,
305,04/13/25 12:00:00,27.358,,,,,
306,04/13/25 12:15:00,27.382,,,,,
307,04/13/25 12:30:00,27.382,,,,,
308,04/13/25 12:45:00,27.382,,,,,
309,04/13/25 13:00:00,27.382,,,,,
310,04/13/25 13:15:00,27.358,,,,,
311,04/13/25 13:30:00,27.358,,,,,
312,04/13/25 13:45:00,27.382,,,,,
313,04/13/25 14:00:00,27.358,,,,,
314,04/13/25 14:15:00,27.358,,,,,
315,04/13/25 14:30:00,27.358,,,,,
316,04/13/25 14:45:00,27.358,,,,,
317,04/13/25 15:00:00,27.382,,,,,
318,04/13/25 15:15:00,27.382,,,,,
319,04/13/25 15:30:00,27.358,,,,,
320,04/13/25 15:45:00,27.358,,,,,
321,04/13/25 16:00:00,27.358,,,,,
322,04/13/25 16:15:00,27.358,,,,,
323,04/13/25 16:30:00,27.358,,,,,
324,04/13/25 16:45:00,27.358,,,,,
325,04/13/25 17:00:00,27.358,,,,,
326,04/13/25 17:15:00,27.358,,,,,
327,04/13/25 17:30:00,27.358,,,,,
328,04/13/25 17:45:00,27.358,,,,,
329,04/13/25 18:00:00,27.358,,,,,
330,04/13/25 18:15:00,27.358,,,,,
331,04/13/25 18:30:00,27.358,,,,,
332,04/13/25 18:45:00,27.382,,,,,
333,04/13/25 19:00:00,27.407,,,,,
334,04/13/25 19:15:00,27.407,,,,,
335,04/13/25 19:30:00,27.407,,,,,
336,04/13/25 19:45:00,27.407,,,,,
337,04/13/25 20:00:00,27.407,,,,,
338,04/13/25 20:15:00,27.407,,,,,
339,04/13/25 20:30:00,27.382,,,,,
340,04/13/25 20:45:00,27.382,,,,,
341,04/13/25 21:00:00,27.382,,,,,
342,04/13/25 21:15:00,27.382,,,,,
343,04/13/25 21:30:00,27.358,,,,,
344,04/13/25 21:45:00,27.358,,,,,
345,04/13/25 22:00:00,27.358,,,,,
346,04/13/25 22:15:00,27.382,,,,,
347,04/13/25 22:30:00,27.382,,,,,
348,04/13/25 22:45:00,27.382,,,,,
349,04/13/25 23:00:00,27.382,,,,,
350,04/13/25 23:15:00,27.407,,,,,
351,04/13/25 23:30:00,27.382,,,,,
352,04/13/25 23:45:00,27.407,,,,,
353,04/14/25 00:00:00,27.407,,,,,
354,04/14/25 00:15:00,27.407,,,,,
355,04/14/25 00:30:00,27.407,,,,,
356,04/14/25 00:45:00,27.407,,,,,
357,04/14/25 01:00:00,27.407,,,,,
358,04/14/25 01:15:00,27.431,,,,,
359,04/14/25 01:30:00,27.431,,,,,
360,04/14/25 01:45:00,27.431,,,,,
361,04/14/25 02:00:00,27.431,,,,,
362,04/14/25 02:15:00,27.431,,,,,
363,04/14/25 02:30:00,27.431,,,,,
364,04/14/25 02:45:00,27.456,,,,,
365,04/14/25 03:00:00,27.456,,,,,
366,04/14/25 03:15:00,27.431,,,,,
367,04/14/25 03:30:00,27.431,,,,,
368,04/14/25 03:45:00,27.456,,,,,
369,04/14/25 04:00:00,27.481,,,,,
370,04/14/25 04:15:00,27.481,,,,,
371,04/14/25 04:30:00,27.481,,,,,
372,04/14/25 04:45:00,27.456,,,,,
373,04/14/25 05:00:00,27.431,,,,,
374,04/14/25 05:15:00,27.431,,,,,
375,04/14/25 05:30:00,27.431,,,,,
376,04/14/25 05:45:00,27.456,,,,,
377,04/14/25 06:00:00,27.431,,,,,
378,04/14/25 06:15:00,27.456,,,,,
379,04/14/25 06:30:00,27.456,,,,,
380,04/14/25 06:45:00,27.456,,,,,
381,04/14/25 07:00:00,27.456,,,,,
382,04/14/25 07:15:00,27.456,,,,,
383,04/14/25 07:30:00,27.431,,,,,
384,04/14/25 07:45:00,27.431,,,,,
385,04/14/25 08:00:00,27.407,,,,,
386,04/14/25 08:15:00,27.407,,,,,
387,04/14/25 08:30:00,27.407,,,,,
388,04/14/25 08:45:00,27.431,,,,,
389,04/14/25 09:00:00,27.431,,,,,
390,04/14/25 09:15:00,27.431,,,,,
391,04/14/25 09:30:00,27.431,,,,,
392,04/14/25 09:45:00,27.456,,,,,
393,04/14/25 10:00:00,27.456,,,,,
394,04/14/25 10:15:00,27.456,,,,,
395,04/14/25 10:30:00,27.505,,,,,
396,04/14/25 10:45:00,27.530,,,,,
397,04/14/25 11:00:00,27.530,,,,,
398,04/14/25 11:15:00,27.530,,,,,
399,04/14/25 11:30:00,27.530,,,,,
400,04/14/25 11:45:00,27.530,,,,,
401,04/14/25 12:00:00,27.653,,,,,
402,04/14/25 12:15:00,27.801,,,,,
403,04/14/25 12:30:00,27.825,,,,,
404,04/14/25 12:45:00,27.850,,,,,
405,04/14/25 13:00:00,27.875,,,,,
406,04/14/25 13:15:00,27.875,,,,,
407,04/14/25 13:30:00,27.899,,,,,
408,04/14/25 13:45:00,27.949,,,,,
409,04/14/25 14:00:00,27.924,,,,,
410,04/14/25 14:15:00,27.875,,,,,
411,04/14/25 14:30:00,27.899,,,,,
412,04/14/25 14:45:00,27.949,,,,,
413,04/14/25 15:00:00,28.023,,,,,
414,04/14/25 15:15:00,27.825,,,,,
415,04/14/25 15:30:00,27.727,,,,,
416,04/14/25 15:45:00,27.604,,,,,
417,04/14/25 16:00:00,27.554,,,,,
418,04/14/25 16:15:00,27.554,,,,,
419,04/14/25 16:30:00,27.554,,,,,
420,04/14/25 16:45:00,27.530,,,,,
421,04/14/25 17:00:00,27.530,,,,,
422,04/14/25 17:15:00,27.505,,,,,
423,04/14/25 17:30:00,27.505,,,,,
424,04/14/25 17:45:00,27.481,,,,,
425,04/14/25 18:00:00,27.481,,,,,
426,04/14/25 18:15:00,27.481,,,,,
427,04/14/25 18:30:00,27.481,,,,,
428,04/14/25 18:45:00,27.481,,,,,
429,04/14/25 19:00:00,27.481,,,,,
430,04/14/25 19:15:00,27.481,,,,,
431,04/14/25 19:30:00,27.456,,,,,
432,04/14/25 19:45:00,27.481,,,,,
433,04/14/25 20:00:00,27.481,,,,,
434,04/14/25 20:15:00,27.481,,,,,
435,04/14/25 20:30:00,27.481,,,,,
436,04/14/25 20:45:00,27.481,,,,,
437,04/14/25 21:00:00,27.481,,,,,
438,04/14/25 21:15:00,27.456,,,,,
439,04/14/25 21:30:00,27.481,,,,,
440,04/14/25 21:45:00,27.481,,,,,
441,04/14/25 22:00:00,27.481,,,,,
442,04/14/25 22:15:00,27.505,,,,,
443,04/14/25 22:30:00,27.530,,,,,
444,04/14/25 22:45:00,27.554,,,,,
445,04/14/25 23:00:00,27.604,,,,,
446,04/14/25 23:15:00,27.554,,,,,
447,04/14/25 23:30:00,27.407,,,,,
448,04/14/25 23:45:00,27.358,,,,,
449,04/15/25 00:00:00,27.358,,,,,
450,04/15/25 00:15:00,27.333,,,,,
451,04/15/25 00:30:00,27.358,,,,,
452,04/15/25 00:45:00,27.801,,,,,
453,04/15/25 01:00:00,27.604,,,,,
454,04/15/25 01:15:00,27.407,,,,,
455,04/15/25 01:30:00,27.358,,,,,
456,04/15/25 01:45:00,27.407,,,,,
457,04/15/25 02:00:00,27.554,,,,,
458,04/15/25 02:15:00,27.456,,,,,
459,04/15/25 02:30:00,27.456,,,,,
460,04/15/25 02:45:00,27.456,,,,,
461,04/15/25 03:00:00,27.407,,,,,
462,04/15/25 03:15:00,27.407,,,,,
463,04/15/25 03:30:00,27.407,,,,,
464,04/15/25 03:45:00,27.407,,,,,
465,04/15/25 04:00:00,27.358,,,,,
466,04/15/25 04:15:00,27.333,,,,,
467,04/15/25 04:30:00,27.333,,,,,
468,04/15/25 04:45:00,27.333,,,,,
469,04/15/25 05:00:00,27.333,,,,,
470,04/15/25 05:15:00,27.333,,,,,
471,04/15/25 05:30:00,27.333,,,,,
472,04/15/25 05:45:00,27.308,,,,,
473,04/15/25 06:00:00,27.308,,,,,
474,04/15/25 06:15:00,27.358,,,,,
475,04/15/25 06:30:00,27.382,,,,,
476,04/15/25 06:45:00,27.677,,,,,
477,04/15/25 07:00:00,27.431,,,,,
478,04/15/25 07:15:00,27.358,,,,,
479,04/15/25 07:30:00,27.382,,,,,
480,04/15/25 07:45:00,27.382,,,,,
481,04/15/25 08:00:00,27.382,,,,,
482,04/15/25 08:15:00,27.382,,,,,
483,04/15/25 08:30:00,27.407,,,,,
484,04/15/25 08:45:00,27.431,,,,,
485,04/15/25 09:00:00,27.407,,,,,
486,04/15/25 09:15:00,27.407,,,,,
487,04/15/25 09:30:00,27.456,,,,,
488,04/15/25 09:45:00,27.505,,,,,
489,04/15/25 10:00:00,27.530,,,,,
490,04/15/25 10:15:00,27.530,,,,,
491,04/15/25 10:30:00,27.505,,,,,
492,04/15/25 10:45:00,27.481,,,,,
493,04/15/25 11:00:00,27.481,,,,,
494,04/15/25 11:15:00,27.456,,,,,
495,04/15/25 11:30:00,27.431,,,,,
496,04/15/25 11:45:00,27.456,,,,,
497,04/15/25 12:00:00,27.481,,,,,
498,04/15/25 12:15:00,27.505,,,,,
499,04/15/25 12:30:00,27.653,,,,,
500,04/15/25 12:45:00,27.505,,,,,
501,04/15/25 13:00:00,27.677,,,,,
502,04/15/25 13:15:00,27.604,,,,,
503,04/15/25 13:30:00,27.382,,,,,
504,04/15/25 13:45:00,27.382,,,,,
505,04/15/25 14:00:00,27.382,,,,,
506,04/15/25 14:15:00,27.382,,,,,
507,04/15/25 14:30:00,27.407,,,,,
508,04/15/25 14:45:00,27.407,,,,,
509,04/15/25 15:00:00,27.407,,,,,
510,04/15/25 15:15:00,27.382,,,,,
511,04/15/25 15:30:00,27.382,,,,,
512,04/15/25 15:45:00,27.407,,,,,
513,04/15/25 16:00:00,27.407,,,,,
514,04/15/25 16:15:00,27.407,,,,,
515,04/15/25 16:30:00,27.382,,,,,
516,04/15/25 16:45:00,27.382,,,,,
517,04/15/25 17:00:00,27.382,,,,,
518,04/15/25 17:15:00,27.382,,,,,
519,04/15/25 17:30:00,27.382,,,,,
520,04/15/25 17:45:00,27.382,,,,,
521,04/15/25 18:00:00,27.382,,,,,
522,04/15/25 18:15:00,27.382,,,,,
523,04/15/25 18:30:00,27.382,,,,,
524,04/15/25 18:45:00,27.382,,,,,
525,04/15/25 19:00:00,27.382,,,,,
526,04/15/25 19:15:00,27.382,,,,,
527,04/15/25 19:30:00,27.358,,,,,
528,04/15/25 19:45:00,27.333,,,,,
529,04/15/25 20:00:00,27.333,,,,,
530,04/15/25 20:15:00,27.333,,,,,
531,04/15/25 20:30:00,27.333,,,,,
532,04/15/25 20:45:00,27.333,,,,,
533,04/15/25 21:00:00,27.333,,,,,
534,04/15/25 21:15:00,27.358,,,,,
535,04/15/25 21:30:00,27.358,,,,,
536,04/15/25 21:45:00,27.358,,,,,
537,04/15/25 22:00:00,27.358,,,,,
538,04/15/25 22:15:00,27.358,,,,,
539,04/15/25 22:30:00,27.358,,,,,
540,04/15/25 22:45:00,27.382,,,,,
541,04/15/25 23:00:00,27.382,,,,,
542,04/15/25 23:15:00,27.358,,,,,
543,04/15/25 23:30:00,27.358,,,,,
544,04/15/25 23:45:00,27.358,,,,,
545,04/16/25 00:00:00,27.358,,,,,
546,04/16/25 00:15:00,27.333,,,,,
547,04/16/25 00:30:00,27.333,,,,,
548,04/16/25 00:45:00,27.382,,,,,
549,04/16/25 01:00:00,27.333,,,,,
550,04/16/25 01:15:00,27.505,,,,,
551,04/16/25 01:30:00,27.407,,,,,
552,04/16/25 01:45:00,27.604,,,,,
553,04/16/25 02:00:00,27.653,,,,,
554,04/16/25 02:15:00,27.579,,,,,
555,04/16/25 02:30:00,27.358,,,,,
556,04/16/25 02:45:00,27.210,,,,,
557,04/16/25 03:00:00,27.186,,,,,
558,04/16/25 03:15:00,27.186,,,,,
559,04/16/25 03:30:00,27.186,,,,,
560,04/16/25 03:45:00,27.235,,,,,
561,04/16/25 04:00:00,27.235,,,,,
562,04/16/25 04:15:00,27.259,,,,,
563,04/16/25 04:30:00,27.333,,,,,
564,04/16/25 04:45:00,27.358,,,,,
565,04/16/25 05:00:00,27.358,,,,,
566,04/16/25 05:15:00,27.308,,,,,
567,04/16/25 05:30:00,27.308,,,,,
568,04/16/25 05:45:00,27.284,,,,,
569,04/16/25 06:00:00,27.284,,,,,
570,04/16/25 06:15:00,27.259,,,,,
571,04/16/25 06:30:00,27.259,,,,,
572,04/16/25 06:45:00,27.235,,,,,
573,04/16/25 07:00:00,27.259,,,,,
574,04/16/25 07:15:00,27.259,,,,,
575,04/16/25 07:30:00,27.259,,,,,
576,04/16/25 07:45:00,27.259,,,,,
577,04/16/25 08:00:00,27.259,,,,,
578,04/16/25 08:15:00,27.284,,,,,
579,04/16/25 08:30:00,27.284,,,,,
580,04/16/25 08:45:00,27.284,,,,,
581,04/16/25 09:00:00,27.284,,,,,
582,04/16/25 09:15:00,27.284,,,,,
583,04/16/25 09:30:00,27.284,,,,,
584,04/16/25 09:45:00,27.308,,,,,
585,04/16/25 10:00:00,27.308,,,,,
586,04/16/25 10:15:00,27.284,,,,,
587,04/16/25 10:30:00,27.358,,,,,
588,04/16/25 10:45:00,27.358,,,,,
589,04/16/25 11:00:00,27.358,,,,,
590,04/16/25 11:15:00,27.358,,,,,
591,04/16/25 11:30:00,27.358,,,,,
592,04/16/25 11:45:00,27.284,,,,,
593,04/16/25 12:00:00,27.284,,,,,
594,04/16/25 12:15:00,27.284,,,,,
595,04/16/25 12:30:00,27.308,,,,,
596,04/16/25 12:45:00,27.284,,,,,
597,04/16/25 13:00:00,27.284,,,,,
598,04/16/25 13:15:00,27.259,,,,,
599,04/16/25 13:30:00,27.259,,,,,
600,04/16/25 13:45:00,27.259,,,,,
601,04/16/25 14:00:00,27.259,,,,,
602,04/16/25 14:15:00,27.259,,,,,
603,04/16/25 14:30:00,27.259,,,,,
604,04/16/25 14:45:00,27.259,,,,,
605,04/16/25 15:00:00,27.235,,,,,
606,04/16/25 15:15:00,27.235,,,,,
607,04/16/25 15:30:00,27.235,,,,,
608,04/16/25 15:45:00,27.259,,,,,
609,04/16/25 16:00:00,27.235,,,,,
610,04/16/25 16:15:00,27.235,,,,,
611,04/16/25 16:30:00,27.235,,,,,
612,04/16/25 16:45:00,27.235,,,,,
613,04/16/25 17:00:00,27.235,,,,,
614,04/16/25 17:15:00,27.235,,,,,
615,04/16/25 17:30:00,27.235,,,,,
616,04/16/25 17:45:00,27.235,,,,,
617,04/16/25 18:00:00,27.235,,,,,
618,04/16/25 18:15:00,27.235,,,,,
619,04/16/25 18:30:00,27.235,,,,,
620,04/16/25 18:45:00,27.235,,,,,
621,04/16/25 19:00:00,27.235,,,,,
622,04/16/25 19:15:00,27.235,,,,,
623,04/16/25 19:30:00,27.235,,,,,
624,04/16/25 19:45:00,27.235,,,,,
625,04/16/25 20:00:00,27.210,,,,,
626,04/16/25 20:15:00,27.235,,,,,
627,04/16/25 20:30:00,27.235,,,,,
628,04/16/25 20:45:00,27.235,,,,,
629,04/16/25 21:00:00,27.235,,,,,
630,04/16/25 21:15:00,27.235,,,,,
631,04/16/25 21:30:00,27.235,,,,,
632,04/16/25 21:45:00,27.235,,,,,
633,04/16/25 22:00:00,27.235,,,,,
634,04/16/25 22:15:00,27.235,,,,,
635,04/16/25 22:30:00,27.235,,,,,
636,04/16/25 22:45:00,27.235,,,,,
637,04/16/25 23:00:00,27.235,,,,,
638,04/16/25 23:15:00,27.235,,,,,
639,04/16/25 23:30:00,27.235,,,,,
640,04/16/25 23:45:00,27.235,,,,,
641,04/17/25 00:00:00,27.235,,,,,
642,04/17/25 00:15:00,27.235,,,,,
643,04/17/25 00:30:00,27.235,,,,,
644,04/17/25 00:45:00,27.235,,,,,
645,04/17/25 01:00:00,27.235,,,,,
646,04/17/25 01:15:00,27.235,,,,,
647,04/17/25 01:30:00,27.235,,,,,
648,04/17/25 01:45:00,27.235,,,,,
649,04/17/25 02:00:00,27.235,,,,,
650,04/17/25 02:15:00,27.235,,,,,
651,04/17/25 02:30:00,27.235,,,,,
652,04/17/25 02:45:00,27.235,,,,,
653,04/17/25 03:00:00,27.259,,,,,
654,04/17/25 03:15:00,27.284,,,,,
655,04/17/25 03:30:00,27.308,,,,,
656,04/17/25 03:45:00,27.308,,,,,
657,04/17/25 04:00:00,27.333,,,,,
658,04/17/25 04:15:00,27.407,,,,,
659,04/17/25 04:30:00,27.456,,,,,
660,04/17/25 04:45:00,27.456,,,,,
661,04/17/25 05:00:00,27.431,,,,,
662,04/17/25 05:15:00,27.456,,,,,
663,04/17/25 05:30:00,27.456,,,,,
664,04/17/25 05:45:00,27.456,,,,,
665,04/17/25 06:00:00,27.456,,,,,
666,04/17/25 06:15:00,27.456,,,,,
667,04/17/25 06:30:00,27.481,,,,,
668,04/17/25 06:45:00,27.505,,,,,
669,04/17/25 07:00:00,27.530,,,,,
670,04/17/25 07:15:00,27.530,,,,,
671,04/17/25 07:30:00,27.530,,,,,
672,04/17/25 07:45:00,27.530,,,,,
673,04/17/25 08:00:00,27.530,,,,,
674,04/17/25 08:15:00,27.530,,,,,
675,04/17/25 08:30:00,27.530,,,,,
676,04/17/25 08:45:00,27.505,,,,,
677,04/17/25 09:00:00,27.481,,,,,
678,04/17/25 09:15:00,27.481,,,,,
679,04/17/25 09:30:00,27.481,,,,,
680,04/17/25 09:45:00,27.456,,,,,
681,04/17/25 10:00:00,27.456,,,,,
682,04/17/25 10:15:00,27.456,,,,,
683,04/17/25 10:30:00,27.456,,,,,
684,04/17/25 10:45:00,27.456,,,,,
685,04/17/25 11:00:00,27.456,,,,,
686,04/17/25 11:15:00,27.481,,,,,
687,04/17/25 11:30:00,27.481,,,,,
688,04/17/25 11:45:00,27.481,,,,,
689,04/17/25 12:00:00,27.481,,,,,
690,04/17/25 12:15:00,27.481,,,,,
691,04/17/25 12:30:00,27.481,,,,,
692,04/17/25 12:45:00,27.481,,,,,
693,04/17/25 13:00:00,27.481,,,,,
694,04/17/25 13:15:00,27.481,,,,,
695,04/17/25 13:30:00,27.456,,,,,
696,04/17/25 13:45:00,27.481,,,,,
697,04/17/25 14:00:00,27.481,,,,,
698,04/17/25 14:15:00,27.505,,,,,
699,04/17/25 14:30:00,27.505,,,,,
700,04/17/25 14:45:00,27.628,,,,,
701,04/17/25 15:00:00,27.727,,,,,
702,04/17/25 15:15:00,27.751,,,,,
703,04/17/25 15:30:00,27.776,,,,,
704,04/17/25 15:45:00,27.776,,,,,
705,04/17/25 16:00:00,27.825,,,,,
706,04/17/25 16:15:00,27.825,,,,,
707,04/17/25 16:30:00,27.825,,,,,
708,04/17/25 16:45:00,27.554,,,,,
709,04/17/25 17:00:00,27.505,,,,,
710,04/17/25 17:15:00,27.530,,,,,
711,04/17/25 17:30:00,27.751,,,,,
712,04/17/25 17:45:00,27.776,,,,,
713,04/17/25 18:00:00,27.653,,,,,
714,04/17/25 18:15:00,27.579,,,,,
715,04/17/25 18:30:00,27.554,,,,,
716,04/17/25 18:45:00,27.554,,,,,
717,04/17/25 19:00:00,27.554,,,,,
718,04/17/25 19:15:00,27.530,,,,,
719,04/17/25 19:30:00,27.505,,,,,
720,04/17/25 19:45:00,27.481,,,,,
721,04/17/25 20:00:00,27.481,,,,,
722,04/17/25 20:15:00,27.481,,,,,
723,04/17/25 20:30:00,27.481,,,,,
724,04/17/25 20:45:00,27.481,,,,,
725,04/17/25 21:00:00,27.481,,,,,
726,04/17/25 21:15:00,27.481,,,,,
727,04/17/25 21:30:00,27.481,,,,,
728,04/17/25 21:45:00,27.481,,,,,
729,04/17/25 22:00:00,27.481,,,,,
730,04/17/25 22:15:00,27.481,,,,,
731,04/17/25 22:30:00,27.481,,,,,
732,04/17/25 22:45:00,27.481,,,,,
733,04/17/25 23:00:00,27.481,,,,,
734,04/17/25 23:15:00,27.481,,,,,
735,04/17/25 23:30:00,27.481,,,,,
736,04/17/25 23:45:00,27.481,,,,,
737,04/18/25 00:00:00,27.481,,,,,
738,04/18/25 00:15:00,27.481,,,,,
739,04/18/25 00:30:00,27.481,,,,,
740,04/18/25 00:45:00,27.481,,,,,
741,04/18/25 01:00:00,27.481,,,,,
742,04/18/25 01:15:00,27.481,,,,,
743,04/18/25 01:30:00,27.481,,,,,
744,04/18/25 01:45:00,27.505,,,,,
745,04/18/25 02:00:00,27.554,,,,,
746,04/18/25 02:15:00,27.554,,,,,
747,04/18/25 02:30:00,27.554,,,,,
748,04/18/25 02:45:00,27.530,,,,,
749,04/18/25 03:00:00,27.530,,,,,
750,04/18/25 03:15:00,27.530,,,,,
751,04/18/25 03:30:00,27.530,,,,,
752,04/18/25 03:45:00,27.530,,,,,
753,04/18/25 04:00:00,27.530,,,,,
754,04/18/25 04:15:00,27.579,,,,,
755,04/18/25 04:30:00,27.628,,,,,
756,04/18/25 04:45:00,27.677,,,,,
757,04/18/25 05:00:00,27.677,,,,,
758,04/18/25 05:15:00,27.702,,,,,
759,04/18/25 05:30:00,27.653,,,,,
760,04/18/25 05:45:00,27.579,,,,,
761,04/18/25 06:00:00,27.579,,,,,
762,04/18/25 06:15:00,27.579,,,,,
763,04/18/25 06:30:00,27.604,,,,,
764,04/18/25 06:45:00,27.604,,,,,
765,04/18/25 07:00:00,27.604,,,,,
766,04/18/25 07:15:00,27.604,,,,,
767,04/18/25 07:30:00,27.604,,,,,
768,04/18/25 07:45:00,27.579,,,,,
769,04/18/25 08:00:00,27.579,,,,,
770,04/18/25 08:15:00,27.604,,,,,
771,04/18/25 08:30:00,27.554,,,,,
772,04/18/25 08:45:00,27.579,,,,,
773,04/18/25 09:00:00,27.579,,,,,
774,04/18/25 09:15:00,27.604,,,,,
775,04/18/25 09:30:00,27.604,,,,,
776,04/18/25 09:45:00,27.604,,,,,
777,04/18/25 10:00:00,27.604,,,,,
778,04/18/25 10:15:00,27.628,,,,,
779,04/18/25 10:30:00,27.628,,,,,
780,04/18/25 10:45:00,27.628,,,,,
781,04/18/25 11:00:00,27.604,,,,,
782,04/18/25 11:15:00,27.604,,,,,
783,04/18/25 11:30:00,27.604,,,,,
784,04/18/25 11:45:00,27.604,,,,,
785,04/18/25 12:00:00,27.628,,,,,
786,04/18/25 12:15:00,27.628,,,,,
787,04/18/25 12:30:00,27.653,,,,,
788,04/18/25 12:45:00,27.653,,,,,
789,04/18/25 13:00:00,27.653,,,,,
790,04/18/25 13:15:00,27.653,,,,,
791,04/18/25 13:30:00,27.653,,,,,
792,04/18/25 13:45:00,27.677,,,,,
793,04/18/25 14:00:00,27.677,,,,,
794,04/18/25 14:15:00,27.677,,,,,
795,04/18/25 14:30:00,27.677,,,,,
796,04/18/25 14:45:00,27.702,,,,,
797,04/18/25 15:00:00,27.677,,,,,
798,04/18/25 15:15:00,27.702,,,,,
799,04/18/25 15:30:00,27.702,,,,,
800,04/18/25 15:45:00,27.702,,,,,
801,04/18/25 16:00:00,27.702,,,,,
802,04/18/25 16:15:00,27.702,,,,,
803,04/18/25 16:30:00,27.677,,,,,
804,04/18/25 16:45:00,27.677,,,,,
805,04/18/25 17:00:00,27.677,,,,,
806,04/18/25 17:15:00,27.677,,,,,
807,04/18/25 17:30:00,27.677,,,,,
808,04/18/25 17:45:00,27.677,,,,,
809,04/18/25 18:00:00,27.653,,,,,
810,04/18/25 18:15:00,27.653,,,,,
811,04/18/25 18:30:00,27.653,,,,,
812,04/18/25 18:45:00,27.677,,,,,
813,04/18/25 19:00:00,27.677,,,,,
814,04/18/25 19:15:00,27.677,,,,,
815,04/18/25 19:30:00,27.677,,,,,
816,04/18/25 19:45:00,27.677,,,,,
817,04/18/25 20:00:00,27.677,,,,,
818,04/18/25 20:15:00,27.677,,,,,
819,04/18/25 20:30:00,27.653,,,,,
820,04/18/25 20:45:00,27.653,,,,,
821,04/18/25 21:00:00,27.653,,,,,
822,04/18/25 21:15:00,27.653,,,,,
823,04/18/25 21:30:00,27.653,,,,,
824,04/18/25 21:45:00,27.653,,,,,
825,04/18/25 22:00:00,27.653,,,,,
826,04/18/25 22:15:00,27.653,,,,,
827,04/18/25 22:30:00,27.653,,,,,
828,04/18/25 22:45:00,27.628,,,,,
829,04/18/25 23:00:00,27.628,,,,,
830,04/18/25 23:15:00,27.628,,,,,
831,04/18/25 23:30:00,27.628,,,,,
832,04/18/25 23:45:00,27.628,,,,,
833,04/19/25 00:00:00,27.628,,,,,
834,04/19/25 00:15:00,27.628,,,,,
835,04/19/25 00:30:00,27.628,,,,,
836,04/19/25 00:45:00,27.604,,,,,
837,04/19/25 01:00:00,27.604,,,,,
838,04/19/25 01:15:00,27.604,,,,,
839,04/19/25 01:30:00,27.604,,,,,
840,04/19/25 01:45:00,27.604,,,,,
841,04/19/25 02:00:00,27.579,,,,,
842,04/19/25 02:15:00,27.579,,,,,
843,04/19/25 02:30:00,27.579,,,,,
844,04/19/25 02:45:00,27.604,,,,,
845,04/19/25 03:00:00,27.653,,,,,
846,04/19/25 03:15:00,27.727,,,,,
847,04/19/25 03:30:00,27.702,,,,,
848,04/19/25 03:45:00,27.702,,,,,
849,04/19/25 04:00:00,27.702,,,,,
850,04/19/25 04:15:00,27.702,,,,,
851,04/19/25 04:30:00,27.677,,,,,
852,04/19/25 04:45:00,27.628,,,,,
853,04/19/25 05:00:00,27.628,,,,,
854,04/19/25 05:15:00,27.604,,,,,
855,04/19/25 05:30:00,27.604,,,,,
856,04/19/25 05:45:00,27.604,,,,,
857,04/19/25 06:00:00,27.604,,,,,
858,04/19/25 06:15:00,27.604,,,,,
859,04/19/25 06:30:00,27.579,,,,,
860,04/19/25 06:45:00,27.579,,,,,
861,04/19/25 07:00:00,27.579,,,,,
862,04/19/25 07:15:00,27.579,,,,,
863,04/19/25 07:30:00,27.579,,,,,
864,04/19/25 07:45:00,27.579,,,,,
865,04/19/25 08:00:00,27.579,,,,,
866,04/19/25 08:15:00,27.579,,,,,
867,04/19/25 08:30:00,27.579,,,,,
868,04/19/25 08:45:00,27.604,,,,,
869,04/19/25 09:00:00,27.604,,,,,
870,04/19/25 09:15:00,27.604,,,,,
871,04/19/25 09:30:00,27.604,,,,,
872,04/19/25 09:45:00,27.628,,,,,
873,04/19/25 10:00:00,27.628,,,,,
874,04/19/25 10:15:00,27.628,,,,,
875,04/19/25 10:30:00,27.653,,,,,
876,04/19/25 10:45:00,27.653,,,,,
877,04/19/25 11:00:00,27.677,,,,,
878,04/19/25 11:15:00,27.677,,,,,
879,04/19/25 11:30:00,27.702,,,,,
880,04/19/25 11:45:00,27.677,,,,,
881,04/19/25 12:00:00,27.653,,,,,
882,04/19/25 12:15:00,27.653,,,,,
883,04/19/25 12:30:00,27.653,,,,,
884,04/19/25 12:45:00,27.653,,,,,
885,04/19/25 13:00:00,27.653,,,,,
886,04/19/25 13:15:00,27.653,,,,,
887,04/19/25 13:30:00,27.677,,,,,
888,04/19/25 13:45:00,27.727,,,,,
889,04/19/25 14:00:00,27.974,,,,,
890,04/19/25 14:15:00,27.702,,,,,
891,04/19/25 14:30:00,27.653,,,,,
892,04/19/25 14:45:00,27.653,,,,,
893,04/19/25 15:00:00,27.628,,,,,
894,04/19/25 15:15:00,27.653,,,,,
895,04/19/25 15:30:00,27.653,,,,,
896,04/19/25 15:45:00,27.653,,,,,
897,04/19/25 16:00:00,27.653,,,,,
898,04/19/25 16:15:00,27.653,,,,,
899,04/19/25 16:30:00,27.653,,,,,
900,04/19/25 16:45:00,27.653,,,,,
901,04/19/25 17:00:00,27.628,,,,,
902,04/19/25 17:15:00,27.628,,,,,
903,04/19/25 17:30:00,27.628,,,,,
904,04/19/25 17:45:00,27.628,,,,,
905,04/19/25 18:00:00,27.628,,,,,
906,04/19/25 18:15:00,27.628,,,,,
907,04/19/25 18:30:00,27.628,,,,,
908,04/19/25 18:45:00,27.628,,,,,
909,04/19/25 19:00:00,27.604,,,,,
910,04/19/25 19:15:00,27.604,,,,,
911,04/19/25 19:30:00,27.604,,,,,
912,04/19/25 19:45:00,27.604,,,,,
913,04/19/25 20:00:00,27.604,,,,,
914,04/19/25 20:15:00,27.604,,,,,
915,04/19/25 20:30:00,27.604,,,,,
916,04/19/25 20:45:00,27.628,,,,,
917,04/19/25 21:00:00,27.628,,,,,
918,04/19/25 21:15:00,27.628,,,,,
919,04/19/25 21:30:00,27.628,,,,,
920,04/19/25 21:45:00,27.628,,,,,
921,04/19/25 22:00:00,27.604,,,,,
922,04/19/25 22:15:00,27.604,,,,,
923,04/19/25 22:30:00,27.604,,,,,
924,04/19/25 22:45:00,27.604,,,,,
925,04/19/25 23:00:00,27.604,,,,,
926,04/19/25 23:15:00,27.628,,,,,
927,04/19/25 23:30:00,27.604,,,,,
928,04/19/25 23:45:00,27.628,,,,,
929,04/20/25 00:00:00,27.628,,,,,
930,04/20/25 00:15:00,27.628,,,,,
931,04/20/25 00:30:00,27.628,,,,,
932,04/20/25 00:45:00,27.604,,,,,
933,04/20/25 01:00:00,27.604,,,,,
934,04/20/25 01:15:00,27.604,,,,,
935,04/20/25 01:30:00,27.628,,,,,
936,04/20/25 01:45:00,27.628,,,,,
937,04/20/25 02:00:00,27.628,,,,,
938,04/20/25 02:15:00,27.628,,,,,
939,04/20/25 02:30:00,27.628,,,,,
940,04/20/25 02:45:00,27.628,,,,,
941,04/20/25 03:00:00,27.628,,,,,
942,04/20/25 03:15:00,27.628,,,,,
943,04/20/25 03:30:00,27.653,,,,,
944,04/20/25 03:45:00,27.628,,,,,
945,04/20/25 04:00:00,27.628,,,,,
946,04/20/25 04:15:00,27.653,,,,,
947,04/20/25 04:30:00,27.653,,,,,
948,04/20/25 04:45:00,27.628,,,,,
949,04/20/25 05:00:00,27.628,,,,,
950,04/20/25 05:15:00,27.628,,,,,
951,04/20/25 05:30:00,27.702,,,,,
952,04/20/25 05:45:00,27.727,,,,,
953,04/20/25 06:00:00,27.751,,,,,
954,04/20/25 06:15:00,27.776,,,,,
955,04/20/25 06:30:00,27.751,,,,,
956,04/20/25 06:45:00,27.751,,,,,
957,04/20/25 07:00:00,27.751,,,,,
958,04/20/25 07:15:00,27.727,,,,,
959,04/20/25 07:30:00,27.677,,,,,
960,04/20/25 07:45:00,27.677,,,,,
961,04/20/25 08:00:00,27.653,,,,,
962,04/20/25 08:15:00,27.677,,,,,
963,04/20/25 08:30:00,27.653,,,,,
964,04/20/25 08:45:00,27.653,,,,,
965,04/20/25 09:00:00,27.653,,,,,
966,04/20/25 09:15:00,27.653,,,,,
967,04/20/25 09:30:00,27.653,,,,,
968,04/20/25 09:45:00,27.653,,,,,
969,04/20/25 10:00:00,27.653,,,,,
970,04/20/25 10:15:00,27.677,,,,,
971,04/20/25 10:30:00,27.677,,,,,
972,04/20/25 10:45:00,27.702,,,,,
973,04/20/25 11:00:00,27.702,,,,,
974,04/20/25 11:15:00,27.702,,,,,
975,04/20/25 11:30:00,27.702,,,,,
976,04/20/25 11:45:00,27.702,,,,,
977,04/20/25 12:00:00,27.702,,,,,
978,04/20/25 12:15:00,27.727,,,,,
979,04/20/25 12:30:00,27.727,,,,,
980,04/20/25 12:45:00,27.727,,,,,
981,04/20/25 13:00:00,27.751,,,,,
982,04/20/25 13:15:00,27.751,,,,,
983,04/20/25 13:30:00,27.751,,,,,
984,04/20/25 13:45:00,27.751,,,,,
985,04/20/25 14:00:00,27.727,,,,,
986,04/20/25 14:15:00,27.727,,,,,
987,04/20/25 14:30:00,27.727,,,,,
988,04/20/25 14:45:00,27.727,,,,,
989,04/20/25 15:00:00,27.727,,,,,
990,04/20/25 15:15:00,27.727,,,,,
991,04/20/25 15:30:00,27.727,,,,,
992,04/20/25 15:45:00,27.727,,,,,
993,04/20/25 16:00:00,27.727,,,,,
994,04/20/25 16:15:00,27.727,,,,,
995,04/20/25 16:30:00,27.727,,,,,
996,04/20/25 16:45:00,27.727,,,,,
997,04/20/25 17:00:00,27.727,,,,,
998,04/20/25 17:15:00,27.727,,,,,
999,04/20/25 17:30:00,27.702,,,,,
1000,04/20/25 17:45:00,27.702,,,,,
1001,04/20/25 18:00:00,27.702,,,,,
1002,04/20/25 18:15:00,27.702,,,,,
1003,04/20/25 18:30:00,27.702,,,,,
1004,04/20/25 18:45:00,27.702,,,,,
1005,04/20/25 19:00:00,27.677,,,,,
1006,04/20/25 19:15:00,27.677,,,,,
1007,04/20/25 19:30:00,27.677,,,,,
1008,04/20/25 19:45:00,27.677,,,,,
1009,04/20/25 20:00:00,27.677,,,,,
1010,04/20/25 20:15:00,27.677,,,,,
1011,04/20/25 20:30:00,27.677,,,,,
1012,04/20/25 20:45:00,27.677,,,,,
1013,04/20/25 21:00:00,27.677,,,,,
1014,04/20/25 21:15:00,27.653,,,,,
1015,04/20/25 21:30:00,27.653,,,,,
1016,04/20/25 21:45:00,27.653,,,,,
1017,04/20/25 22:00:00,27.653,,,,,
1018,04/20/25 22:15:00,27.653,,,,,
1019,04/20/25 22:30:00,27.653,,,,,
1020,04/20/25 22:45:00,27.653,,,,,
1021,04/20/25 23:00:00,27.677,,,,,
1022,04/20/25 23:15:00,27.702,,,,,
1023,04/20/25 23:30:00,27.702,,,,,
1024,04/20/25 23:45:00,27.702,,,,,
1025,04/21/25 00:00:00,27.702,,,,,
1026,04/21/25 00:15:00,27.727,,,,,
1027,04/21/25 00:30:00,27.727,,,,,
1028,04/21/25 00:45:00,27.727,,,,,
1029,04/21/25 01:00:00,27.727,,,,,
1030,04/21/25 01:15:00,27.727,,,,,
1031,04/21/25 01:30:00,27.727,,,,,
1032,04/21/25 01:45:00,27.727,,,,,
1033,04/21/25 02:00:00,27.702,,,,,
1034,04/21/25 02:15:00,27.702,,,,,
1035,04/21/25 02:30:00,27.702,,,,,
1036,04/21/25 02:45:00,27.677,,,,,
1037,04/21/25 03:00:00,27.677,,,,,
1038,04/21/25 03:15:00,27.677,,,,,
1039,04/21/25 03:30:00,27.677,,,,,
1040,04/21/25 03:45:00,27.653,,,,,
1041,04/21/25 04:00:00,27.628,,,,,
1042,04/21/25 04:15:00,27.604,,,,,
1043,04/21/25 04:30:00,27.604,,,,,
1044,04/21/25 04:45:00,27.579,,,,,
1045,04/21/25 05:00:00,27.579,,,,,
1046,04/21/25 05:15:00,27.554,,,,,
1047,04/21/25 05:30:00,27.530,,,,,
1048,04/21/25 05:45:00,27.554,,,,,
1049,04/21/25 06:00:00,27.530,,,,,
1050,04/21/25 06:15:00,27.530,,,,,
1051,04/21/25 06:30:00,27.505,,,,,
1052,04/21/25 06:45:00,27.505,,,,,
1053,04/21/25 07:00:00,27.505,,,,,
1054,04/21/25 07:15:00,27.481,,,,,
1055,04/21/25 07:30:00,27.456,,,,,
1056,04/21/25 07:45:00,27.456,,,,,
1057,04/21/25 08:00:00,27.456,,,,,
1058,04/21/25 08:15:00,27.456,,,,,
1059,04/21/25 08:30:00,27.456,,,,,
1060,04/21/25 08:45:00,27.456,,,,,
1061,04/21/25 09:00:00,27.431,,,,,
1062,04/21/25 09:15:00,27.431,,,,,
1063,04/21/25 09:30:00,27.456,,,,,
1064,04/21/25 09:45:00,27.456,,,,,
1065,04/21/25 10:00:00,27.456,,,,,
1066,04/21/25 10:15:00,27.481,,,,,
1067,04/21/25 10:30:00,27.481,,,,,
1068,04/21/25 10:45:00,27.505,,,,,
1069,04/21/25 11:00:00,27.530,,,,,
1070,04/21/25 11:15:00,27.530,,,,,
1071,04/21/25 11:30:00,27.530,,,,,
1072,04/21/25 11:45:00,27.579,,,,,
1073,04/21/25 12:00:00,27.579,,,,,
1074,04/21/25 12:15:00,27.604,,,,,
1075,04/21/25 12:30:00,27.628,,,,,
1076,04/21/25 12:45:00,27.628,,,,,
1077,04/21/25 13:00:00,27.628,,,,,
1078,04/21/25 13:15:00,27.653,,,,,
1079,04/21/25 13:30:00,27.628,,,,,
1080,04/21/25 13:45:00,27.628,,,,,
1081,04/21/25 14:00:00,27.628,,,,,
1082,04/21/25 14:15:00,27.653,,,,,
1083,04/21/25 14:30:00,27.653,,,,,
1084,04/21/25 14:45:00,27.653,,,,,
1085,04/21/25 15:00:00,27.653,,,,,
1086,04/21/25 15:15:00,27.653,,,,,
1087,04/21/25 15:30:00,27.653,,,,,
1088,04/21/25 15:45:00,27.677,,,,,
1089,04/21/25 16:00:00,27.677,,,,,
1090,04/21/25 16:15:00,27.677,,,,,
1091,04/21/25 16:30:00,27.677,,,,,
1092,04/21/25 16:45:00,27.677,,,,,
1093,04/21/25 17:00:00,27.677,,,,,
1094,04/21/25 17:15:00,27.677,,,,,
1095,04/21/25 17:30:00,27.677,,,,,
1096,04/21/25 17:45:00,27.677,,,,,
1097,04/21/25 18:00:00,27.677,,,,,
1098,04/21/25 18:15:00,27.677,,,,,
1099,04/21/25 18:30:00,27.677,,,,,
1100,04/21/25 18:45:00,27.653,,,,,
1101,04/21/25 19:00:00,27.653,,,,,
1102,04/21/25 19:15:00,27.628,,,,,
1103,04/21/25 19:30:00,27.628,,,,,
1104,04/21/25 19:45:00,27.653,,,,,
1105,04/21/25 20:00:00,27.628,,,,,
1106,04/21/25 20:15:00,27.628,,,,,
1107,04/21/25 20:30:00,27.628,,,,,
1108,04/21/25 20:45:00,27.628,,,,,
1109,04/21/25 21:00:00,27.628,,,,,
1110,04/21/25 21:15:00,27.604,,,,,
1111,04/21/25 21:30:00,27.604,,,,,
1112,04/21/25 21:45:00,27.604,,,,,
1113,04/21/25 22:00:00,27.579,,,,,
1114,04/21/25 22:15:00,27.579,,,,,
1115,04/21/25 22:30:00,27.579,,,,,
1116,04/21/25 22:45:00,27.579,,,,,
1117,04/21/25 23:00:00,27.579,,,,,
1118,04/21/25 23:15:00,27.579,,,,,
1119,04/21/25 23:30:00,27.579,,,,,
1120,04/21/25 23:45:00,27.579,,,,,
1121,04/22/25 00:00:00,27.579,,,,,
1122,04/22/25 00:15:00,27.554,,,,,
1123,04/22/25 00:30:00,27.554,,,,,
1124,04/22/25 00:45:00,27.554,,,,,
1125,04/22/25 01:00:00,27.554,,,,,
1126,04/22/25 01:15:00,27.554,,,,,
1127,04/22/25 01:30:00,27.554,,,,,
1128,04/22/25 01:45:00,27.554,,,,,
1129,04/22/25 02:00:00,27.554,,,,,
1130,04/22/25 02:15:00,27.554,,,,,
1131,04/22/25 02:30:00,27.554,,,,,
1132,04/22/25 02:45:00,27.554,,,,,
1133,04/22/25 03:00:00,27.554,,,,,
1134,04/22/25 03:15:00,27.554,,,,,
1135,04/22/25 03:30:00,27.554,,,,,
1136,04/22/25 03:45:00,27.554,,,,,
1137,04/22/25 04:00:00,27.554,,,,,
1138,04/22/25 04:15:00,27.530,,,,,
1139,04/22/25 04:30:00,27.530,,,,,
1140,04/22/25 04:45:00,27.530,,,,,
1141,04/22/25 05:00:00,27.505,,,,,
1142,04/22/25 05:15:00,27.505,,,,,
1143,04/22/25 05:30:00,27.505,,,,,
1144,04/22/25 05:45:00,27.505,,,,,
1145,04/22/25 06:00:00,27.505,,,,,
1146,04/22/25 06:15:00,27.481,,,,,
1147,04/22/25 06:30:00,27.481,,,,,
1148,04/22/25 06:45:00,27.481,,,,,
1149,04/22/25 07:00:00,27.481,,,,,
1150,04/22/25 07:15:00,27.505,,,,,
1151,04/22/25 07:30:00,27.505,,,,,
1152,04/22/25 07:45:00,27.505,,,,,
1153,04/22/25 08:00:00,27.505,,,,,
1154,04/22/25 08:15:00,27.505,,,,,
1155,04/22/25 08:30:00,27.530,,,,,
1156,04/22/25 08:45:00,27.530,,,,,
1157,04/22/25 09:00:00,27.530,,,,,
1158,04/22/25 09:15:00,27.530,,,,,
1159,04/22/25 09:30:00,27.530,,,,,
1160,04/22/25 09:45:00,27.530,,,,,
1161,04/22/25 10:00:00,27.530,,,,,
1162,04/22/25 10:15:00,27.530,,,,,
1163,04/22/25 10:30:00,27.530,,,,,
1164,04/22/25 10:45:00,27.530,,,,,
1165,04/22/25 11:00:00,27.554,,,,,
1166,04/22/25 11:15:00,27.554,,,,,
1167,04/22/25 11:30:00,27.554,,,,,
1168,04/22/25 11:45:00,27.554,,,,,
1169,04/22/25 12:00:00,27.554,,,,,
1170,04/22/25 12:15:00,27.554,,,,,
1171,04/22/25 12:30:00,27.579,,,,,
1172,04/22/25 12:45:00,27.604,,,,,
1173,04/22/25 13:00:00,27.604,,,,,
1174,04/22/25 13:15:00,27.604,,,,,
1175,04/22/25 13:30:00,27.604,,,,,
1176,04/22/25 13:45:00,27.579,,,,,
1177,04/22/25 14:00:00,27.579,,,,,
1178,04/22/25 14:15:00,27.554,,,,,
1179,04/22/25 14:30:00,27.554,,,,,
1180,04/22/25 14:45:00,27.554,,,,,
1181,04/22/25 15:00:00,27.554,,,,,
1182,04/22/25 15:15:00,27.530,,,,,
1183,04/22/25 15:30:00,27.530,,,,,
1184,04/22/25 15:45:00,27.530,,,,,
1185,04/22/25 16:00:00,27.530,,,,,
1186,04/22/25 16:15:00,27.530,,,,,
1187,04/22/25 16:30:00,27.530,,,,,
1188,04/22/25 16:45:00,27.530,,,,,
1189,04/22/25 17:00:00,27.505,,,,,
1190,04/22/25 17:15:00,27.505,,,,,
1191,04/22/25 17:30:00,27.481,,,,,
1192,04/22/25 17:45:00,27.481,,,,,
1193,04/22/25 18:00:00,27.481,,,,,
1194,04/22/25 18:15:00,27.481,,,,,
1195,04/22/25 18:30:00,27.481,,,,,
1196,04/22/25 18:45:00,27.481,,,,,
1197,04/22/25 19:00:00,27.481,,,,,
1198,04/22/25 19:15:00,27.481,,,,,
1199,04/22/25 19:30:00,27.481,,,,,
1200,04/22/25 19:45:00,27.481,,,,,
1201,04/22/25 20:00:00,27.481,,,,,
1202,04/22/25 20:15:00,27.481,,,,,
1203,04/22/25 20:30:00,27.481,,,,,
1204,04/22/25 20:45:00,27.481,,,,,
1205,04/22/25 21:00:00,27.456,,,,,
1206,04/22/25 21:15:00,27.456,,,,,
1207,04/22/25 21:30:00,27.456,,,,,
1208,04/22/25 21:45:00,27.456,,,,,
1209,04/22/25 22:00:00,27.456,,,,,
1210,04/22/25 22:15:00,27.456,,,,,
1211,04/22/25 22:30:00,27.456,,,,,
1212,04/22/25 22:45:00,27.456,,,,,
1213,04/22/25 23:00:00,27.456,,,,,
1214,04/22/25 23:15:00,27.456,,,,,
1215,04/22/25 23:30:00,27.456,,,,,
1216,04/22/25 23:45:00,27.456,,,,,
1217,04/23/25 00:00:00,27.431,,,,,
1218,04/23/25 00:15:00,27.431,,,,,
1219,04/23/25 00:30:00,27.431,,,,,
1220,04/23/25 00:45:00,27.456,,,,,
1221,04/23/25 01:00:00,27.481,,,,,
1222,04/23/25 01:15:00,27.481,,,,,
1223,04/23/25 01:30:00,27.481,,,,,
1224,04/23/25 01:45:00,27.456,,,,,
1225,04/23/25 02:00:00,27.456,,,,,
1226,04/23/25 02:15:00,27.456,,,,,
1227,04/23/25 02:30:00,27.431,,,,,
1228,04/23/25 02:45:00,27.431,,,,,
1229,04/23/25 03:00:00,27.407,,,,,
1230,04/23/25 03:15:00,27.407,,,,,
1231,04/23/25 03:30:00,27.407,,,,,
1232,04/23/25 03:45:00,27.407,,,,,
1233,04/23/25 04:00:00,27.407,,,,,
1234,04/23/25 04:15:00,27.407,,,,,
1235,04/23/25 04:30:00,27.382,,,,,
1236,04/23/25 04:45:00,27.382,,,,,
1237,04/23/25 05:00:00,27.382,,,,,
1238,04/23/25 05:15:00,27.382,,,,,
1239,04/23/25 05:30:00,27.382,,,,,
1240,04/23/25 05:45:00,27.382,,,,,
1241,04/23/25 06:00:00,27.382,,,,,
1242,04/23/25 06:15:00,27.382,,,,,
1243,04/23/25 06:30:00,27.382,,,,,
1244,04/23/25 06:45:00,27.382,,,,,
1245,04/23/25 07:00:00,27.382,,,,,
1246,04/23/25 07:15:00,27.382,,,,,
1247,04/23/25 07:30:00,27.382,,,,,
1248,04/23/25 07:45:00,27.382,,,,,
1249,04/23/25 08:00:00,27.382,,,,,
1250,04/23/25 08:15:00,27.382,,,,,
1251,04/23/25 08:30:00,27.382,,,,,
1252,04/23/25 08:45:00,27.382,,,,,
1253,04/23/25 09:00:00,27.382,,,,,
1254,04/23/25 09:15:00,27.407,,,,,
1255,04/23/25 09:30:00,27.407,,,,,
1256,04/23/25 09:45:00,27.407,,,,,
1257,04/23/25 10:00:00,27.407,,,,,
1258,04/23/25 10:15:00,27.407,,,,,
1259,04/23/25 10:30:00,27.431,,,,,
1260,04/23/25 10:45:00,27.431,,,,,
1261,04/23/25 11:00:00,27.431,,,,,
1262,04/23/25 11:15:00,27.456,,,,,
1263,04/23/25 11:30:00,27.456,,,,,
1264,04/23/25 11:45:00,27.456,,,,,
1265,04/23/25 12:00:00,27.456,,,,,
1266,04/23/25 12:15:00,27.481,,,,,
1267,04/23/25 12:30:00,27.505,,,,,
1268,04/23/25 12:45:00,27.505,,,,,
1269,04/23/25 13:00:00,27.505,,,,,
1270,04/23/25 13:15:00,27.505,,,,,
1271,04/23/25 13:30:00,27.530,,,,,
1272,04/23/25 13:45:00,27.530,,,,,
1273,04/23/25 14:00:00,27.530,,,,,
1274,04/23/25 14:15:00,27.530,,,,,
1275,04/23/25 14:30:00,27.505,,,,,
1276,04/23/25 14:45:00,27.530,,,,,
1277,04/23/25 15:00:00,27.530,,,,,
1278,04/23/25 15:15:00,27.530,,,,,
1279,04/23/25 15:30:00,27.505,,,,,
1280,04/23/25 15:45:00,27.505,,,,,
1281,04/23/25 16:00:00,27.505,,,,,
1282,04/23/25 16:15:00,27.505,,,,,
1283,04/23/25 16:30:00,27.505,,,,,
1284,04/23/25 16:45:00,27.505,,,,,
1285,04/23/25 17:00:00,27.505,,,,,
1286,04/23/25 17:15:00,27.505,,,,,
1287,04/23/25 17:30:00,27.505,,,,,
1288,04/23/25 17:45:00,27.481,,,,,
1289,04/23/25 18:00:00,27.456,,,,,
1290,04/23/25 18:15:00,27.456,,,,,
1291,04/23/25 18:30:00,27.456,,,,,
1292,04/23/25 18:45:00,27.456,,,,,
1293,04/23/25 19:00:00,27.481,,,,,
1294,04/23/25 19:15:00,27.481,,,,,
1295,04/23/25 19:30:00,27.481,,,,,
1296,04/23/25 19:45:00,27.481,,,,,
1297,04/23/25 20:00:00,27.505,,,,,
1298,04/23/25 20:15:00,27.505,,,,,
1299,04/23/25 20:30:00,27.554,,,,,
1300,04/23/25 20:45:00,27.554,,,,,
1301,04/23/25 21:00:00,27.530,,,,,
1302,04/23/25 21:15:00,27.530,,,,,
1303,04/23/25 21:30:00,27.530,,,,,
1304,04/23/25 21:45:00,27.530,,,,,
1305,04/23/25 22:00:00,27.505,,,,,
1306,04/23/25 22:15:00,27.505,,,,,
1307,04/23/25 22:30:00,27.505,,,,,
1308,04/23/25 22:45:00,27.505,,,,,
1309,04/23/25 23:00:00,27.505,,,,,
1310,04/23/25 23:15:00,27.530,,,,,
1311,04/23/25 23:30:00,27.530,,,,,
1312,04/23/25 23:45:00,27.530,,,,,
1313,04/24/25 00:00:00,27.530,,,,,
1314,04/24/25 00:15:00,27.530,,,,,
1315,04/24/25 00:30:00,27.530,,,,,
1316,04/24/25 00:45:00,27.530,,,,,
1317,04/24/25 01:00:00,27.530,,,,,
1318,04/24/25 01:15:00,27.530,,,,,
1319,04/24/25 01:30:00,27.505,,,,,
1320,04/24/25 01:45:00,27.505,,,,,
1321,04/24/25 02:00:00,27.530,,,,,
1322,04/24/25 02:15:00,27.530,,,,,
1323,04/24/25 02:30:00,27.530,,,,,
1324,04/24/25 02:45:00,27.530,,,,,
1325,04/24/25 03:00:00,27.530,,,,,
1326,04/24/25 03:15:00,27.530,,,,,
1327,04/24/25 03:30:00,27.530,,,,,
1328,04/24/25 03:45:00,27.530,,,,,
1329,04/24/25 04:00:00,27.530,,,,,
1330,04/24/25 04:15:00,27.530,,,,,
1331,04/24/25 04:30:00,27.530,,,,,
1332,04/24/25 04:45:00,27.554,,,,,
1333,04/24/25 05:00:00,27.530,,,,,
1334,04/24/25 05:15:00,27.505,,,,,
1335,04/24/25 05:30:00,27.481,,,,,
1336,04/24/25 05:45:00,27.481,,,,,
1337,04/24/25 06:00:00,27.481,,,,,
1338,04/24/25 06:15:00,27.481,,,,,
1339,04/24/25 06:30:00,27.481,,,,,
1340,04/24/25 06:45:00,27.481,,,,,
1341,04/24/25 07:00:00,27.481,,,,,
1342,04/24/25 07:15:00,27.505,,,,,
1343,04/24/25 07:30:00,27.505,,,,,
1344,04/24/25 07:45:00,27.505,,,,,
1345,04/24/25 08:00:00,27.505,,,,,
1346,04/24/25 08:15:00,27.530,,,,,
1347,04/24/25 08:30:00,27.530,,,,,
1348,04/24/25 08:45:00,27.530,,,,,
1349,04/24/25 09:00:00,27.530,,,,,
1350,04/24/25 09:15:00,27.530,,,,,
1351,04/24/25 09:30:00,27.530,,,,,
1352,04/24/25 09:45:00,27.530,,,,,
1353,04/24/25 10:00:00,27.554,,,,,
1354,04/24/25 10:15:00,27.554,,,,,
1355,04/24/25 10:30:00,27.554,,,,,
1356,04/24/25 10:45:00,27.554,,,,,
1357,04/24/25 11:00:00,27.554,,,,,
1358,04/24/25 11:15:00,27.530,,,,,
1359,04/24/25 11:30:00,27.554,,,,,
1360,04/24/25 11:45:00,27.554,,,,,
1361,04/24/25 12:00:00,27.554,,,,,
1362,04/24/25 12:15:00,27.554,,,,,
1363,04/24/25 12:30:00,27.554,,,,,
1364,04/24/25 12:45:00,27.554,,,,,
1365,04/24/25 13:00:00,27.554,,,,,
1366,04/24/25 13:15:00,27.554,,,,,
1367,04/24/25 13:30:00,27.554,,,,,
1368,04/24/25 13:45:00,27.554,,,,,
1369,04/24/25 14:00:00,27.554,,,,,
1370,04/24/25 14:15:00,27.579,,,,,
1371,04/24/25 14:30:00,27.677,,,,,
1372,04/24/25 14:45:00,27.751,,,,,
1373,04/24/25 15:00:00,27.776,,,,,
1374,04/24/25 15:15:00,27.825,,,,,
1375,04/24/25 15:30:00,27.875,,,,,
1376,04/24/25 15:45:00,27.628,,,,,
1377,04/24/25 16:00:00,27.554,,,,,
1378,04/24/25 16:15:00,27.554,,,,,
1379,04/24/25 16:30:00,27.554,,,,,
1380,04/24/25 16:45:00,27.530,,,,,
1381,04/24/25 17:00:00,27.530,,,,,
1382,04/24/25 17:15:00,27.505,,,,,
1383,04/24/25 17:30:00,27.505,,,,,
1384,04/24/25 17:45:00,27.530,,,,,
1385,04/24/25 18:00:00,27.554,,,,,
1386,04/24/25 18:15:00,27.579,,,,,
1387,04/24/25 18:30:00,27.579,,,,,
1388,04/24/25 18:45:00,27.604,,,,,
1389,04/24/25 19:00:00,27.579,,,,,
1390,04/24/25 19:15:00,27.579,,,,,
1391,04/24/25 19:30:00,27.554,,,,,
1392,04/24/25 19:45:00,27.554,,,,,
1393,04/24/25 20:00:00,27.554,,,,,
1394,04/24/25 20:15:00,27.579,,,,,
1395,04/24/25 20:30:00,27.579,,,,,
1396,04/24/25 20:45:00,27.579,,,,,
1397,04/24/25 21:00:00,27.579,,,,,
1398,04/24/25 21:15:00,27.554,,,,,
1399,04/24/25 21:30:00,27.554,,,,,
1400,04/24/25 21:45:00,27.530,,,,,
1401,04/24/25 22:00:00,27.530,,,,,
1402,04/24/25 22:15:00,27.530,,,,,
1403,04/24/25 22:30:00,27.530,,,,,
1404,04/24/25 22:45:00,27.530,,,,,
1405,04/24/25 23:00:00,27.505,,,,,
1406,04/24/25 23:15:00,27.505,,,,,
1407,04/24/25 23:30:00,27.505,,,,,
1408,04/24/25 23:45:00,27.505,,,,,
1409,04/25/25 00:00:00,27.505,,,,,
1410,04/25/25 00:15:00,27.505,,,,,
1411,04/25/25 00:30:00,27.505,,,,,
1412,04/25/25 00:45:00,27.530,,,,,
1413,04/25/25 01:00:00,27.530,,,,,
1414,04/25/25 01:15:00,27.530,,,,,
1415,04/25/25 01:30:00,27.530,,,,,
1416,04/25/25 01:45:00,27.530,,,,,
1417,04/25/25 02:00:00,27.554,,,,,
1418,04/25/25 02:15:00,27.554,,,,,
1419,04/25/25 02:30:00,27.554,,,,,
1420,04/25/25 02:45:00,27.530,,,,,
1421,04/25/25 03:00:00,27.530,,,,,
1422,04/25/25 03:15:00,27.505,,,,,
1423,04/25/25 03:30:00,27.505,,,,,
1424,04/25/25 03:45:00,27.505,,,,,
1425,04/25/25 04:00:00,27.505,,,,,
1426,04/25/25 04:15:00,27.505,,,,,
1427,04/25/25 04:30:00,27.505,,,,,
1428,04/25/25 04:45:00,27.505,,,,,
1429,04/25/25 05:00:00,27.505,,,,,
1430,04/25/25 05:15:00,27.505,,,,,
1431,04/25/25 05:30:00,27.505,,,,,
1432,04/25/25 05:45:00,27.505,,,,,
1433,04/25/25 06:00:00,27.505,,,,,
1434,04/25/25 06:15:00,27.505,,,,,
1435,04/25/25 06:30:00,27.505,,,,,
1436,04/25/25 06:45:00,27.505,,,,,
1437,04/25/25 07:00:00,27.505,,,,,
1438,04/25/25 07:15:00,27.505,,,,,
1439,04/25/25 07:30:00,27.530,,,,,
1440,04/25/25 07:45:00,27.702,,,,,
1441,04/25/25 08:00:00,27.677,,,,,
1442,04/25/25 08:15:00,27.653,,,,,
1443,04/25/25 08:30:00,27.727,,,,,
1444,04/25/25 08:45:00,27.751,,,,,
1445,04/25/25 09:00:00,27.751,,,,,
1446,04/25/25 09:15:00,27.727,,,,,
1447,04/25/25 09:30:00,27.727,,,,,
1448,04/25/25 09:45:00,27.702,,,,,
1449,04/25/25 10:00:00,27.727,,,,,
1450,04/25/25 10:15:00,27.727,,,,,
1451,04/25/25 10:30:00,27.727,,,,,
1452,04/25/25 10:45:00,27.727,,,,,
1453,04/25/25 11:00:00,27.727,,,,,
1454,04/25/25 11:15:00,27.579,,,,,
1455,04/25/25 11:30:00,27.530,,,,,
1456,04/25/25 11:45:00,27.554,,,,,
1457,04/25/25 12:00:00,27.677,,,,,
1458,04/25/25 12:15:00,27.702,,,,,
1459,04/25/25 12:30:00,27.702,,,,,
1460,04/25/25 12:45:00,27.727,,,,,
1461,04/25/25 13:00:00,27.727,,,,,
1462,04/25/25 13:15:00,27.727,,,,,
1463,04/25/25 13:30:00,27.751,,,,,
1464,04/25/25 13:45:00,27.825,,,,,
1465,04/25/25 14:00:00,27.850,,,,,
1466,04/25/25 14:15:00,27.825,,,,,
1467,04/25/25 14:30:00,27.801,,,,,
1468,04/25/25 14:45:00,27.801,,,,,
1469,04/25/25 15:00:00,27.579,,,,,
1470,04/25/25 15:15:00,27.530,,,,,
1471,04/25/25 15:30:00,27.554,,,,,
1472,04/25/25 15:45:00,27.530,,,,,
1473,04/25/25 16:00:00,27.530,,,,,
1474,04/25/25 16:15:00,27.530,,,,,
1475,04/25/25 16:30:00,27.530,,,,,
1476,04/25/25 16:45:00,27.530,,,,,
1477,04/25/25 17:00:00,27.530,,,,,
1478,04/25/25 17:15:00,27.530,,,,,
1479,04/25/25 17:30:00,27.554,,,,,
1480,04/25/25 17:45:00,27.554,,,,,
1481,04/25/25 18:00:00,27.554,,,,,
1482,04/25/25 18:15:00,27.554,,,,,
1483,04/25/25 18:30:00,27.554,,,,,
1484,04/25/25 18:45:00,27.554,,,,,
1485,04/25/25 19:00:00,27.530,,,,,
1486,04/25/25 19:15:00,27.505,,,,,
1487,04/25/25 19:30:00,27.505,,,,,
1488,04/25/25 19:45:00,27.505,,,,,
1489,04/25/25 20:00:00,27.530,,,,,
1490,04/25/25 20:15:00,27.579,,,,,
1491,04/25/25 20:30:00,27.579,,,,,
1492,04/25/25 20:45:00,27.604,,,,,
1493,04/25/25 21:00:00,27.604,,,,,
1494,04/25/25 21:15:00,27.604,,,,,
1495,04/25/25 21:30:00,27.628,,,,,
1496,04/25/25 21:45:00,27.628,,,,,
1497,04/25/25 22:00:00,27.628,,,,,
1498,04/25/25 22:15:00,27.628,,,,,
1499,04/25/25 22:30:00,27.628,,,,,
1500,04/25/25 22:45:00,27.628,,,,,
1501,04/25/25 23:00:00,27.628,,,,,
1502,04/25/25 23:15:00,27.628,,,,,
1503,04/25/25 23:30:00,27.628,,,,,
1504,04/25/25 23:45:00,27.628,,,,,
1505,04/26/25 00:00:00,27.628,,,,,
1506,04/26/25 00:15:00,27.628,,,,,
1507,04/26/25 00:30:00,27.628,,,,,
1508,04/26/25 00:45:00,27.628,,,,,
1509,04/26/25 01:00:00,27.628,,,,,
1510,04/26/25 01:15:00,27.653,,,,,
1511,04/26/25 01:30:00,27.653,,,,,
1512,04/26/25 01:45:00,27.653,,,,,
1513,04/26/25 02:00:00,27.653,,,,,
1514,04/26/25 02:15:00,27.653,,,,,
1515,04/26/25 02:30:00,27.653,,,,,
1516,04/26/25 02:45:00,27.653,,,,,
1517,04/26/25 03:00:00,27.653,,,,,
1518,04/26/25 03:15:00,27.653,,,,,
1519,04/26/25 03:30:00,27.653,,,,,
1520,04/26/25 03:45:00,27.653,,,,,
1521,04/26/25 04:00:00,27.653,,,,,
1522,04/26/25 04:15:00,27.653,,,,,
1523,04/26/25 04:30:00,27.653,,,,,
1524,04/26/25 04:45:00,27.653,,,,,
1525,04/26/25 05:00:00,27.653,,,,,
1526,04/26/25 05:15:00,27.653,,,,,
1527,04/26/25 05:30:00,27.653,,,,,
1528,04/26/25 05:45:00,27.653,,,,,
1529,04/26/25 06:00:00,27.653,,,,,
1530,04/26/25 06:15:00,27.653,,,,,
1531,04/26/25 06:30:00,27.653,,,,,
1532,04/26/25 06:45:00,27.653,,,,,
1533,04/26/25 07:00:00,27.653,,,,,
1534,04/26/25 07:15:00,27.677,,,,,
1535,04/26/25 07:30:00,27.677,,,,,
1536,04/26/25 07:45:00,27.677,,,,,
1537,04/26/25 08:00:00,27.677,,,,,
1538,04/26/25 08:15:00,27.677,,,,,
1539,04/26/25 08:30:00,27.702,,,,,
1540,04/26/25 08:45:00,27.702,,,,,
1541,04/26/25 09:00:00,27.677,,,,,
1542,04/26/25 09:15:00,27.702,,,,,
1543,04/26/25 09:30:00,27.702,,,,,
1544,04/26/25 09:45:00,27.702,,,,,
1545,04/26/25 10:00:00,27.702,,,,,
1546,04/26/25 10:15:00,27.653,,,,,
1547,04/26/25 10:30:00,27.653,,,,,
1548,04/26/25 10:45:00,27.677,,,,,
1549,04/26/25 11:00:00,27.677,,,,,
1550,04/26/25 11:15:00,27.677,,,,,
1551,04/26/25 11:30:00,27.677,,,,,
1552,04/26/25 11:45:00,27.677,,,,,
1553,04/26/25 12:00:00,27.653,,,,,
1554,04/26/25 12:15:00,27.653,,,,,
1555,04/26/25 12:30:00,27.653,,,,,
1556,04/26/25 12:45:00,27.677,,,,,
1557,04/26/25 13:00:00,27.677,,,,,
1558,04/26/25 13:15:00,27.677,,,,,
1559,04/26/25 13:30:00,27.677,,,,,
1560,04/26/25 13:45:00,27.702,,,,,
1561,04/26/25 14:00:00,27.677,,,,,
1562,04/26/25 14:15:00,27.677,,,,,
1563,04/26/25 14:30:00,27.677,,,,,
1564,04/26/25 14:45:00,27.677,,,,,
1565,04/26/25 15:00:00,27.677,,,,,
1566,04/26/25 15:15:00,27.653,,,,,
1567,04/26/25 15:30:00,27.653,,,,,
1568,04/26/25 15:45:00,27.628,,,,,
1569,04/26/25 16:00:00,27.628,,,,,
1570,04/26/25 16:15:00,27.628,,,,,
1571,04/26/25 16:30:00,27.628,,,,,
1572,04/26/25 16:45:00,27.628,,,,,
1573,04/26/25 17:00:00,27.628,,,,,
1574,04/26/25 17:15:00,27.628,,,,,
1575,04/26/25 17:30:00,27.628,,,,,
1576,04/26/25 17:45:00,27.604,,,,,
1577,04/26/25 18:00:00,27.604,,,,,
1578,04/26/25 18:15:00,27.604,,,,,
1579,04/26/25 18:30:00,27.604,,,,,
1580,04/26/25 18:45:00,27.604,,,,,
1581,04/26/25 19:00:00,27.604,,,,,
1582,04/26/25 19:15:00,27.604,,,,,
1583,04/26/25 19:30:00,27.579,,,,,
1584,04/26/25 19:45:00,27.579,,,,,
1585,04/26/25 20:00:00,27.579,,,,,
1586,04/26/25 20:15:00,27.579,,,,,
1587,04/26/25 20:30:00,27.579,,,,,
1588,04/26/25 20:45:00,27.579,,,,,
1589,04/26/25 21:00:00,27.579,,,,,
1590,04/26/25 21:15:00,27.579,,,,,
1591,04/26/25 21:30:00,27.579,,,,,
1592,04/26/25 21:45:00,27.579,,,,,
1593,04/26/25 22:00:00,27.579,,,,,
1594,04/26/25 22:15:00,27.579,,,,,
1595,04/26/25 22:30:00,27.579,,,,,
1596,04/26/25 22:45:00,27.579,,,,,
1597,04/26/25 23:00:00,27.554,,,,,
1598,04/26/25 23:15:00,27.554,,,,,
1599,04/26/25 23:30:00,27.554,,,,,
1600,04/26/25 23:45:00,27.579,,,,,
1601,04/27/25 00:00:00,27.579,,,,,
1602,04/27/25 00:15:00,27.579,,,,,
1603,04/27/25 00:30:00,27.579,,,,,
1604,04/27/25 00:45:00,27.579,,,,,
1605,04/27/25 01:00:00,27.579,,,,,
1606,04/27/25 01:15:00,27.554,,,,,
1607,04/27/25 01:30:00,27.554,,,,,
1608,04/27/25 01:45:00,27.554,,,,,
1609,04/27/25 02:00:00,27.554,,,,,
1610,04/27/25 02:15:00,27.554,,,,,
1611,04/27/25 02:30:00,27.554,,,,,
1612,04/27/25 02:45:00,27.554,,,,,
1613,04/27/25 03:00:00,27.554,,,,,
1614,04/27/25 03:15:00,27.554,,,,,
1615,04/27/25 03:30:00,27.554,,,,,
1616,04/27/25 03:45:00,27.554,,,,,
1617,04/27/25 04:00:00,27.554,,,,,
1618,04/27/25 04:15:00,27.530,,,,,
1619,04/27/25 04:30:00,27.530,,,,,
1620,04/27/25 04:45:00,27.530,,,,,
1621,04/27/25 05:00:00,27.554,,,,,
1622,04/27/25 05:15:00,27.554,,,,,
1623,04/27/25 05:30:00,27.554,,,,,
1624,04/27/25 05:45:00,27.554,,,,,
1625,04/27/25 06:00:00,27.554,,,,,
1626,04/27/25 06:15:00,27.554,,,,,
1627,04/27/25 06:30:00,27.554,,,,,
1628,04/27/25 06:45:00,27.554,,,,,
1629,04/27/25 07:00:00,27.554,,,,,
1630,04/27/25 07:15:00,27.554,,,,,
1631,04/27/25 07:30:00,27.554,,,,,
1632,04/27/25 07:45:00,27.554,,,,,
1633,04/27/25 08:00:00,27.554,,,,,
1634,04/27/25 08:15:00,27.554,,,,,
1635,04/27/25 08:30:00,27.554,,,,,
1636,04/27/25 08:45:00,27.554,,,,,
1637,04/27/25 09:00:00,27.554,,,,,
1638,04/27/25 09:15:00,27.554,,,,,
1639,04/27/25 09:30:00,27.554,,,,,
1640,04/27/25 09:45:00,27.554,,,,,
1641,04/27/25 10:00:00,27.554,,,,,
1642,04/27/25 10:15:00,27.554,,,,,
1643,04/27/25 10:30:00,27.554,,,,,
1644,04/27/25 10:45:00,27.554,,,,,
1645,04/27/25 11:00:00,27.554,,,,,
1646,04/27/25 11:15:00,27.554,,,,,
1647,04/27/25 11:30:00,27.530,,,,,
1648,04/27/25 11:45:00,27.530,,,,,
1649,04/27/25 12:00:00,27.530,,,,,
1650,04/27/25 12:15:00,27.530,,,,,
1651,04/27/25 12:30:00,27.530,,,,,
1652,04/27/25 12:45:00,27.530,,,,,
1653,04/27/25 13:00:00,27.530,,,,,
1654,04/27/25 13:15:00,27.530,,,,,
1655,04/27/25 13:30:00,27.530,,,,,
1656,04/27/25 13:45:00,27.530,,,,,
1657,04/27/25 14:00:00,27.554,,,,,
1658,04/27/25 14:15:00,27.530,,,,,
1659,04/27/25 14:30:00,27.530,,,,,
1660,04/27/25 14:45:00,27.554,,,,,
1661,04/27/25 15:00:00,27.554,,,,,
1662,04/27/25 15:15:00,27.554,,,,,
1663,04/27/25 15:30:00,27.554,,,,,
1664,04/27/25 15:45:00,27.554,,,,,
1665,04/27/25 16:00:00,27.554,,,,,
1666,04/27/25 16:15:00,27.554,,,,,
1667,04/27/25 16:30:00,27.554,,,,,
1668,04/27/25 16:45:00,27.554,,,,,
1669,04/27/25 17:00:00,27.554,,,,,
1670,04/27/25 17:15:00,27.554,,,,,
1671,04/27/25 17:30:00,27.554,,,,,
1672,04/27/25 17:45:00,27.554,,,,,
1673,04/27/25 18:00:00,27.554,,,,,
1674,04/27/25 18:15:00,27.554,,,,,
1675,04/27/25 18:30:00,27.530,,,,,
1676,04/27/25 18:45:00,27.530,,,,,
1677,04/27/25 19:00:00,27.530,,,,,
1678,04/27/25 19:15:00,27.530,,,,,
1679,04/27/25 19:30:00,27.530,,,,,
1680,04/27/25 19:45:00,27.530,,,,,
1681,04/27/25 20:00:00,27.530,,,,,
1682,04/27/25 20:15:00,27.530,,,,,
1683,04/27/25 20:30:00,27.530,,,,,
1684,04/27/25 20:45:00,27.530,,,,,
1685,04/27/25 21:00:00,27.530,,,,,
1686,04/27/25 21:15:00,27.530,,,,,
1687,04/27/25 21:30:00,27.530,,,,,
1688,04/27/25 21:45:00,27.530,,,,,
1689,04/27/25 22:00:00,27.530,,,,,
1690,04/27/25 22:15:00,27.505,,,,,
1691,04/27/25 22:30:00,27.505,,,,,
1692,04/27/25 22:45:00,27.505,,,,,
1693,04/27/25 23:00:00,27.505,,,,,
1694,04/27/25 23:15:00,27.505,,,,,
1695,04/27/25 23:30:00,27.505,,,,,
1696,04/27/25 23:45:00,27.505,,,,,
1697,04/28/25 00:00:00,27.505,,,,,
1698,04/28/25 00:15:00,27.505,,,,,
1699,04/28/25 00:30:00,27.505,,,,,
1700,04/28/25 00:45:00,27.505,,,,,
1701,04/28/25 01:00:00,27.505,,,,,
1702,04/28/25 01:15:00,27.505,,,,,
1703,04/28/25 01:30:00,27.505,,,,,
1704,04/28/25 01:45:00,27.530,,,,,
1705,04/28/25 02:00:00,27.530,,,,,
1706,04/28/25 02:15:00,27.530,,,,,
1707,04/28/25 02:30:00,27.530,,,,,
1708,04/28/25 02:45:00,27.530,,,,,
1709,04/28/25 03:00:00,27.530,,,,,
1710,04/28/25 03:15:00,27.505,,,,,
1711,04/28/25 03:30:00,27.505,,,,,
1712,04/28/25 03:45:00,27.505,,,,,
1713,04/28/25 04:00:00,27.505,,,,,
1714,04/28/25 04:15:00,27.505,,,,,
1715,04/28/25 04:30:00,27.505,,,,,
1716,04/28/25 04:45:00,27.505,,,,,
1717,04/28/25 05:00:00,27.505,,,,,
1718,04/28/25 05:15:00,27.505,,,,,
1719,04/28/25 05:30:00,27.505,,,,,
1720,04/28/25 05:45:00,27.505,,,,,
1721,04/28/25 06:00:00,27.505,,,,,
1722,04/28/25 06:15:00,27.505,,,,,
1723,04/28/25 06:30:00,27.505,,,,,
1724,04/28/25 06:45:00,27.505,,,,,
1725,04/28/25 07:00:00,27.530,,,,,
1726,04/28/25 07:15:00,27.530,,,,,
1727,04/28/25 07:30:00,27.530,,,,,
1728,04/28/25 07:45:00,27.530,,,,,
1729,04/28/25 08:00:00,27.530,,,,,
1730,04/28/25 08:15:00,27.530,,,,,
1731,04/28/25 08:30:00,27.530,,,,,
1732,04/28/25 08:45:00,27.554,,,,,
1733,04/28/25 09:00:00,27.554,,,,,
1734,04/28/25 09:15:00,27.554,,,,,
1735,04/28/25 09:30:00,27.554,,,,,
1736,04/28/25 09:45:00,27.579,,,,,
1737,04/28/25 10:00:00,27.579,,,,,
1738,04/28/25 10:15:00,27.579,,,,,
1739,04/28/25 10:30:00,27.554,,,,,
1740,04/28/25 10:45:00,27.554,,,,,
1741,04/28/25 11:00:00,27.554,,,,,
1742,04/28/25 11:15:00,27.530,,,,,
1743,04/28/25 11:30:00,27.530,,,,,
1744,04/28/25 11:45:00,27.554,,,,,
1745,04/28/25 12:00:00,27.554,,,,,
1746,04/28/25 12:15:00,27.554,,,,,
1747,04/28/25 12:30:00,27.530,,,,,
1748,04/28/25 12:45:00,27.554,,,,,
1749,04/28/25 13:00:00,27.554,,,,,
1750,04/28/25 13:15:00,27.554,,,,,
1751,04/28/25 13:30:00,27.579,,,,,
1752,04/28/25 13:45:00,27.579,,,,,
1753,04/28/25 14:00:00,27.554,,,,,
1754,04/28/25 14:15:00,27.554,,,,,
1755,04/28/25 14:30:00,27.554,,,,,
1756,04/28/25 14:45:00,27.554,,,,,
1757,04/28/25 15:00:00,27.554,,,,,
1758,04/28/25 15:15:00,27.579,,,,,
1759,04/28/25 15:30:00,27.554,,,,,
1760,04/28/25 15:45:00,27.554,,,,,
1761,04/28/25 16:00:00,27.554,,,,,
1762,04/28/25 16:15:00,27.554,,,,,
1763,04/28/25 16:30:00,27.554,,,,,
1764,04/28/25 16:45:00,27.554,,,,,
1765,04/28/25 17:00:00,27.554,,,,,
1766,04/28/25 17:15:00,27.530,,,,,
1767,04/28/25 17:30:00,27.530,,,,,
1768,04/28/25 17:45:00,27.530,,,,,
1769,04/28/25 18:00:00,27.530,,,,,
1770,04/28/25 18:15:00,27.530,,,,,
1771,04/28/25 18:30:00,27.530,,,,,
1772,04/28/25 18:45:00,27.530,,,,,
1773,04/28/25 19:00:00,27.530,,,,,
1774,04/28/25 19:15:00,27.530,,,,,
1775,04/28/25 19:30:00,27.530,,,,,
1776,04/28/25 19:45:00,27.530,,,,,
1777,04/28/25 20:00:00,27.530,,,,,
1778,04/28/25 20:15:00,27.530,,,,,
1779,04/28/25 20:30:00,27.530,,,,,
1780,04/28/25 20:45:00,27.530,,,,,
1781,04/28/25 21:00:00,27.530,,,,,
1782,04/28/25 21:15:00,27.530,,,,,
1783,04/28/25 21:30:00,27.530,,,,,
1784,04/28/25 21:45:00,27.530,,,,,
1785,04/28/25 22:00:00,27.530,,,,,
1786,04/28/25 22:15:00,27.530,,,,,
1787,04/28/25 22:30:00,27.530,,,,,
1788,04/28/25 22:45:00,27.530,,,,,
1789,04/28/25 23:00:00,27.530,,,,,
1790,04/28/25 23:15:00,27.530,,,,,
1791,04/28/25 23:30:00,27.530,,,,,
1792,04/28/25 23:45:00,27.530,,,,,
1793,04/29/25 00:00:00,27.530,,,,,
1794,04/29/25 00:15:00,27.530,,,,,
1795,04/29/25 00:30:00,27.579,,,,,
1796,04/29/25 00:45:00,27.579,,,,,
1797,04/29/25 01:00:00,27.530,,,,,
1798,04/29/25 01:15:00,27.530,,,,,
1799,04/29/25 01:30:00,27.530,,,,,
1800,04/29/25 01:45:00,27.505,,,,,
1801,04/29/25 02:00:00,27.530,,,,,
1802,04/29/25 02:15:00,27.505,,,,,
1803,04/29/25 02:30:00,27.505,,,,,
1804,04/29/25 02:45:00,27.530,,,,,
1805,04/29/25 03:00:00,27.530,,,,,
1806,04/29/25 03:15:00,27.530,,,,,
1807,04/29/25 03:30:00,27.530,,,,,
1808,04/29/25 03:45:00,27.530,,,,,
1809,04/29/25 04:00:00,27.530,,,,,
1810,04/29/25 04:15:00,27.530,,,,,
1811,04/29/25 04:30:00,27.530,,,,,
1812,04/29/25 04:45:00,27.530,,,,,
1813,04/29/25 05:00:00,27.530,,,,,
1814,04/29/25 05:15:00,27.530,,,,,
1815,04/29/25 05:30:00,27.530,,,,,
1816,04/29/25 05:45:00,27.530,,,,,
1817,04/29/25 06:00:00,27.530,,,,,
1818,04/29/25 06:15:00,27.530,,,,,
1819,04/29/25 06:30:00,27.530,,,,,
1820,04/29/25 06:45:00,27.554,,,,,
1821,04/29/25 07:00:00,27.554,,,,,
1822,04/29/25 07:15:00,27.554,,,,,
1823,04/29/25 07:30:00,27.554,,,,,
1824,04/29/25 07:45:00,27.554,,,,,
1825,04/29/25 08:00:00,27.530,,,,,
1826,04/29/25 08:15:00,27.530,,,,,
1827,04/29/25 08:30:00,27.530,,,,,
1828,04/29/25 08:45:00,27.554,,,,,
1829,04/29/25 09:00:00,27.554,,,,,
1830,04/29/25 09:15:00,27.579,,,,,
1831,04/29/25 09:30:00,27.579,,,,,
1832,04/29/25 09:45:00,27.579,,,,,
1833,04/29/25 10:00:00,27.579,,,,,
1834,04/29/25 10:15:00,27.579,,,,,
1835,04/29/25 10:30:00,27.579,,,,,
1836,04/29/25 10:45:00,27.579,,,,,
1837,04/29/25 11:00:00,27.579,,,,,
1838,04/29/25 11:15:00,27.579,,,,,
1839,04/29/25 11:30:00,27.604,,,,,
1840,04/29/25 11:45:00,27.579,,,,,
1841,04/29/25 12:00:00,27.579,,,,,
1842,04/29/25 12:15:00,27.579,,,,,
1843,04/29/25 12:30:00,27.579,,,,,
1844,04/29/25 12:45:00,27.604,,,,,
1845,04/29/25 13:00:00,27.604,,,,,
1846,04/29/25 13:15:00,27.604,,,,,
1847,04/29/25 13:30:00,27.579,,,,,
1848,04/29/25 13:45:00,27.579,,,,,
1849,04/29/25 14:00:00,27.579,,,,,
1850,04/29/25 14:15:00,27.579,,,,,
1851,04/29/25 14:30:00,27.579,,,,,
1852,04/29/25 14:45:00,27.579,,,,,
1853,04/29/25 15:00:00,27.579,,,,,
1854,04/29/25 15:15:00,27.579,,,,,
1855,04/29/25 15:30:00,27.604,,,,,
1856,04/29/25 15:45:00,27.628,,,,,
1857,04/29/25 16:00:00,27.628,,,,,
1858,04/29/25 16:15:00,27.628,,,,,
1859,04/29/25 16:30:00,27.801,,,,,
1860,04/29/25 16:45:00,27.825,,,,,
1861,04/29/25 17:00:00,27.850,,,,,
1862,04/29/25 17:15:00,27.702,,,,,
1863,04/29/25 17:30:00,27.677,,,,,
1864,04/29/25 17:45:00,27.653,,,,,
1865,04/29/25 18:00:00,27.653,,,,,
1866,04/29/25 18:15:00,27.653,,,,,
1867,04/29/25 18:30:00,27.628,,,,,
1868,04/29/25 18:45:00,27.628,,,,,
1869,04/29/25 19:00:00,27.628,,,,,
1870,04/29/25 19:15:00,27.628,,,,,
1871,04/29/25 19:30:00,27.628,,,,,
1872,04/29/25 19:45:00,27.628,,,,,
1873,04/29/25 20:00:00,27.628,,,,,
1874,04/29/25 20:15:00,27.628,,,,,
1875,04/29/25 20:30:00,27.628,,,,,
1876,04/29/25 20:45:00,27.628,,,,,
1877,04/29/25 21:00:00,27.628,,,,,
1878,04/29/25 21:15:00,27.628,,,,,
1879,04/29/25 21:30:00,27.628,,,,,
1880,04/29/25 21:45:00,27.628,,,,,
1881,04/29/25 22:00:00,27.628,,,,,
1882,04/29/25 22:15:00,27.628,,,,,
1883,04/29/25 22:30:00,27.628,,,,,
1884,04/29/25 22:45:00,27.628,,,,,
1885,04/29/25 23:00:00,27.579,,,,,
1886,04/29/25 23:15:00,27.579,,,,,
1887,04/29/25 23:30:00,27.579,,,,,
1888,04/29/25 23:45:00,27.579,,,,,
1889,04/30/25 00:00:00,27.604,,,,,
1890,04/30/25 00:15:00,27.604,,,,,
1891,04/30/25 00:30:00,27.604,,,,,
1892,04/30/25 00:45:00,27.604,,,,,
1893,04/30/25 01:00:00,27.653,,,,,
1894,04/30/25 01:15:00,27.628,,,,,
1895,04/30/25 01:30:00,27.628,,,,,
1896,04/30/25 01:45:00,27.628,,,,,
1897,04/30/25 02:00:00,27.604,,,,,
1898,04/30/25 02:15:00,27.604,,,,,
1899,04/30/25 02:30:00,27.604,,,,,
1900,04/30/25 02:45:00,27.579,,,,,
1901,04/30/25 03:00:00,27.579,,,,,
1902,04/30/25 03:15:00,27.579,,,,,
1903,04/30/25 03:30:00,27.579,,,,,
1904,04/30/25 03:45:00,27.579,,,,,
1905,04/30/25 04:00:00,27.579,,,,,
1906,04/30/25 04:15:00,27.579,,,,,
1907,04/30/25 04:30:00,27.579,,,,,
1908,04/30/25 04:45:00,27.554,,,,,
1909,04/30/25 05:00:00,27.554,,,,,
1910,04/30/25 05:15:00,27.554,,,,,
1911,04/30/25 05:30:00,27.554,,,,,
1912,04/30/25 05:45:00,27.554,,,,,
1913,04/30/25 06:00:00,27.554,,,,,
1914,04/30/25 06:15:00,27.554,,,,,
1915,04/30/25 06:30:00,27.579,,,,,
1916,04/30/25 06:45:00,27.579,,,,,
1917,04/30/25 07:00:00,27.579,,,,,
1918,04/30/25 07:15:00,27.579,,,,,
1919,04/30/25 07:30:00,27.579,,,,,
1920,04/30/25 07:45:00,27.579,,,,,
1921,04/30/25 08:00:00,27.604,,,,,
1922,04/30/25 08:15:00,27.628,,,,,
1923,04/30/25 08:30:00,27.628,,,,,
1924,04/30/25 08:45:00,27.653,,,,,
1925,04/30/25 09:00:00,27.653,,,,,
1926,04/30/25 09:15:00,27.677,,,,,
1927,04/30/25 09:30:00,27.677,,,,,
1928,04/30/25 09:45:00,27.702,,,,,
1929,04/30/25 10:00:00,27.727,,,,,
1930,04/30/25 10:15:00,27.727,,,,,
1931,04/30/25 10:30:00,27.751,,,,,
1932,04/30/25 10:45:00,27.751,,,,,
1933,04/30/25 11:00:00,27.702,,,,,
1934,04/30/25 11:15:00,27.727,,,,,
1935,04/30/25 11:30:00,27.702,,,,,
1936,04/30/25 11:45:00,27.702,,,,,
1937,04/30/25 12:00:00,27.677,,,,,
1938,04/30/25 12:15:00,27.677,,,,,
1939,04/30/25 12:30:00,27.677,,,,,
1940,04/30/25 12:45:00,27.677,,,,,
1941,04/30/25 13:00:00,27.727,,,,,
1942,04/30/25 13:15:00,27.776,,,,,
1943,04/30/25 13:30:00,27.776,,,,,
1944,04/30/25 13:45:00,27.776,,,,,
1945,04/30/25 14:00:00,27.776,,,,,
1946,04/30/25 14:15:00,27.751,,,,,
1947,04/30/25 14:30:00,27.776,,,,,
1948,04/30/25 14:45:00,27.801,,,,,
1949,04/30/25 15:00:00,27.776,,,,,
1950,04/30/25 15:15:00,27.677,,,,,
1951,04/30/25 15:30:00,27.628,,,,,
1952,04/30/25 15:45:00,27.628,,,,,
1953,04/30/25 16:00:00,27.628,,,,,
1954,04/30/25 16:15:00,27.628,,,,,
1955,04/30/25 16:30:00,27.653,,,,,
1956,04/30/25 16:45:00,27.677,,,,,
1957,04/30/25 17:00:00,27.628,,,,,
1958,04/30/25 17:15:00,27.579,,,,,
1959,04/30/25 17:30:00,27.579,,,,,
1960,04/30/25 17:45:00,27.579,,,,,
1961,04/30/25 18:00:00,27.579,,,,,
1962,04/30/25 18:15:00,27.579,,,,,
1963,04/30/25 18:30:00,27.604,,,,,
1964,04/30/25 18:45:00,27.628,,,,,
1965,04/30/25 19:00:00,27.628,,,,,
1966,04/30/25 19:15:00,27.653,,,,,
1967,04/30/25 19:30:00,27.653,,,,,
1968,04/30/25 19:45:00,27.653,,,,,
1969,04/30/25 20:00:00,27.677,,,,,
1970,04/30/25 20:15:00,27.677,,,,,
1971,04/30/25 20:30:00,27.677,,,,,
1972,04/30/25 20:45:00,27.677,,,,,
1973,04/30/25 21:00:00,27.677,,,,,
1974,04/30/25 21:15:00,27.677,,,,,
1975,04/30/25 21:30:00,27.677,,,,,
1976,04/30/25 21:45:00,27.677,,,,,
1977,04/30/25 22:00:00,27.677,,,,,
1978,04/30/25 22:15:00,27.677,,,,,
1979,04/30/25 22:30:00,27.677,,,,,
1980,04/30/25 22:45:00,27.677,,,,,
1981,04/30/25 23:00:00,27.653,,,,,
1982,04/30/25 23:15:00,27.653,,,,,
1983,04/30/25 23:30:00,27.653,,,,,
1984,04/30/25 23:45:00,27.653,,,,,
1985,05/01/25 00:00:00,27.628,,,,,
1986,05/01/25 00:15:00,27.604,,,,,
1987,05/01/25 00:30:00,27.628,,,,,
1988,05/01/25 00:45:00,27.628,,,,,
1989,05/01/25 01:00:00,27.628,,,,,
1990,05/01/25 01:15:00,27.628,,,,,
1991,05/01/25 01:30:00,27.628,,,,,
1992,05/01/25 01:45:00,27.628,,,,,
1993,05/01/25 02:00:00,27.628,,,,,
1994,05/01/25 02:15:00,27.604,,,,,
1995,05/01/25 02:30:00,27.604,,,,,
1996,05/01/25 02:45:00,27.604,,,,,
1997,05/01/25 03:00:00,27.604,,,,,
1998,05/01/25 03:15:00,27.628,,,,,
1999,05/01/25 03:30:00,27.628,,,,,
2000,05/01/25 03:45:00,27.604,,,,,
2001,05/01/25 04:00:00,27.604,,,,,
2002,05/01/25 04:15:00,27.628,,,,,
2003,05/01/25 04:30:00,27.628,,,,,
2004,05/01/25 04:45:00,27.628,,,,,
2005,05/01/25 05:00:00,27.653,,,,,
2006,05/01/25 05:15:00,27.628,,,,,
2007,05/01/25 05:30:00,27.604,,,,,
2008,05/01/25 05:45:00,27.628,,,,,
2009,05/01/25 06:00:00,27.628,,,,,
2010,05/01/25 06:15:00,27.628,,,,,
2011,05/01/25 06:30:00,27.628,,,,,
2012,05/01/25 06:45:00,27.628,,,,,
2013,05/01/25 07:00:00,27.628,,,,,
2014,05/01/25 07:15:00,27.628,,,,,
2015,05/01/25 07:30:00,27.628,,,,,
2016,05/01/25 07:45:00,27.628,,,,,
2017,05/01/25 08:00:00,27.628,,,,,
2018,05/01/25 08:15:00,27.628,,,,,
2019,05/01/25 08:30:00,27.653,,,,,
2020,05/01/25 08:45:00,27.653,,,,,
2021,05/01/25 09:00:00,27.653,,,,,
2022,05/01/25 09:15:00,27.653,,,,,
2023,05/01/25 09:30:00,27.653,,,,,
2024,05/01/25 09:45:00,27.653,,,,,
2025,05/01/25 10:00:00,27.653,,,,,
2026,05/01/25 10:15:00,27.653,,,,,
2027,05/01/25 10:30:00,27.653,,,,,
2028,05/01/25 10:45:00,27.653,,,,,
2029,05/01/25 11:00:00,27.653,,,,,
2030,05/01/25 11:15:00,27.653,,,,,
2031,05/01/25 11:30:00,27.653,,,,,
2032,05/01/25 11:45:00,27.653,,,,,
2033,05/01/25 12:00:00,27.653,,,,,
2034,05/01/25 12:15:00,27.653,,,,,
2035,05/01/25 12:30:00,27.653,,,,,
2036,05/01/25 12:45:00,27.653,,,,,
2037,05/01/25 13:00:00,27.653,,,,,
2038,05/01/25 13:15:00,27.653,,,,,
2039,05/01/25 13:30:00,27.653,,,,,
2040,05/01/25 13:45:00,27.653,,,,,
2041,05/01/25 14:00:00,27.653,,,,,
2042,05/01/25 14:15:00,27.653,,,,,
2043,05/01/25 14:30:00,27.628,,,,,
2044,05/01/25 14:45:00,27.628,,,,,
2045,05/01/25 15:00:00,27.628,,,,,
2046,05/01/25 15:15:00,27.628,,,,,
2047,05/01/25 15:30:00,27.628,,,,,
2048,05/01/25 15:45:00,27.628,,,,,
2049,05/01/25 16:00:00,27.628,,,,,
2050,05/01/25 16:15:00,27.628,,,,,
2051,05/01/25 16:30:00,27.628,,,,,
2052,05/01/25 16:45:00,27.628,,,,,
2053,05/01/25 17:00:00,27.628,,,,,
2054,05/01/25 17:15:00,27.628,,,,,
2055,05/01/25 17:30:00,27.628,,,,,
2056,05/01/25 17:45:00,27.628,,,,,
2057,05/01/25 18:00:00,27.628,,,,,
2058,05/01/25 18:15:00,27.628,,,,,
2059,05/01/25 18:30:00,27.653,,,,,
2060,05/01/25 18:45:00,27.653,,,,,
2061,05/01/25 19:00:00,27.628,,,,,
2062,05/01/25 19:15:00,27.653,,,,,
2063,05/01/25 19:30:00,27.628,,,,,
2064,05/01/25 19:45:00,27.653,,,,,
2065,05/01/25 20:00:00,27.628,,,,,
2066,05/01/25 20:15:00,27.628,,,,,
2067,05/01/25 20:30:00,27.628,,,,,
2068,05/01/25 20:45:00,27.628,,,,,
2069,05/01/25 21:00:00,27.628,,,,,
2070,05/01/25 21:15:00,27.628,,,,,
2071,05/01/25 21:30:00,27.628,,,,,
2072,05/01/25 21:45:00,27.628,,,,,
2073,05/01/25 22:00:00,27.628,,,,,
2074,05/01/25 22:15:00,27.628,,,,,
2075,05/01/25 22:30:00,27.653,,,,,
2076,05/01/25 22:45:00,27.653,,,,,
2077,05/01/25 23:00:00,27.653,,,,,
2078,05/01/25 23:15:00,27.653,,,,,
2079,05/01/25 23:30:00,27.653,,,,,
2080,05/01/25 23:45:00,27.628,,,,,
2081,05/02/25 00:00:00,27.628,,,,,
2082,05/02/25 00:15:00,27.628,,,,,
2083,05/02/25 00:30:00,27.604,,,,,
2084,05/02/25 00:45:00,27.604,,,,,
2085,05/02/25 01:00:00,27.604,,,,,
2086,05/02/25 01:15:00,27.604,,,,,
2087,05/02/25 01:30:00,27.579,,,,,
2088,05/02/25 01:45:00,27.530,,,,,
2089,05/02/25 02:00:00,27.554,,,,,
2090,05/02/25 02:15:00,27.554,,,,,
2091,05/02/25 02:30:00,27.554,,,,,
2092,05/02/25 02:45:00,27.554,,,,,
2093,05/02/25 03:00:00,27.554,,,,,
2094,05/02/25 03:15:00,27.579,,,,,
2095,05/02/25 03:30:00,27.554,,,,,
2096,05/02/25 03:45:00,27.554,,,,,
2097,05/02/25 04:00:00,27.481,,,,,
2098,05/02/25 04:15:00,27.456,,,,,
2099,05/02/25 04:30:00,27.456,,,,,
2100,05/02/25 04:45:00,27.456,,,,,
2101,05/02/25 05:00:00,27.456,,,,,
2102,05/02/25 05:15:00,27.431,,,,,
2103,05/02/25 05:30:00,27.431,,,,,
2104,05/02/25 05:45:00,27.431,,,,,
2105,05/02/25 06:00:00,27.431,,,,,
2106,05/02/25 06:15:00,27.407,,,,,
2107,05/02/25 06:30:00,27.407,,,,,
2108,05/02/25 06:45:00,27.407,,,,,
2109,05/02/25 07:00:00,27.382,,,,,
2110,05/02/25 07:15:00,27.382,,,,,
2111,05/02/25 07:30:00,27.382,,,,,
2112,05/02/25 07:45:00,27.382,,,,,
2113,05/02/25 08:00:00,27.358,,,,,
2114,05/02/25 08:15:00,27.358,,,,,
2115,05/02/25 08:30:00,27.358,,,,,
2116,05/02/25 08:45:00,27.358,,,,,
2117,05/02/25 09:00:00,27.382,,,,,
2118,05/02/25 09:15:00,27.382,,,,,
2119,05/02/25 09:30:00,27.382,,,,,
2120,05/02/25 09:45:00,27.407,,,,,
2121,05/02/25 10:00:00,27.407,,,,,
2122,05/02/25 10:15:00,27.456,,,,,
2123,05/02/25 10:30:00,27.481,,,,,
2124,05/02/25 10:45:00,27.505,,,,,
2125,05/02/25 11:00:00,27.530,,,,,
2126,05/02/25 11:15:00,27.554,,,,,
2127,05/02/25 11:30:00,27.579,,,,,
2128,05/02/25 11:45:00,27.604,,,,,
2129,05/02/25 12:00:00,27.628,,,,,
2130,05/02/25 12:15:00,27.653,,,,,
2131,05/02/25 12:30:00,27.628,,,,,
2132,05/02/25 12:45:00,27.604,,,,,
2133,05/02/25 13:00:00,27.604,,,,,
2134,05/02/25 13:15:00,27.604,,,,,
2135,05/02/25 13:30:00,27.579,,,,,
2136,05/02/25 13:45:00,27.604,,,,,
2137,05/02/25 14:00:00,27.604,,,,,
2138,05/02/25 14:15:00,27.604,,,,,
2139,05/02/25 14:30:00,27.604,,,,,
2140,05/02/25 14:45:00,27.604,,,,,
2141,05/02/25 15:00:00,27.604,,,,,
2142,05/02/25 15:15:00,27.604,,,,,
2143,05/02/25 15:30:00,27.604,,,,,
2144,05/02/25 15:45:00,27.604,,,,,
2145,05/02/25 16:00:00,27.604,,,,,
2146,05/02/25 16:15:00,27.604,,,,,
2147,05/02/25 16:30:00,27.604,,,,,
2148,05/02/25 16:45:00,27.604,,,,,
2149,05/02/25 17:00:00,27.604,,,,,
2150,05/02/25 17:15:00,27.604,,,,,
2151,05/02/25 17:30:00,27.579,,,,,
2152,05/02/25 17:45:00,27.579,,,,,
2153,05/02/25 18:00:00,27.579,,,,,
2154,05/02/25 18:15:00,27.579,,,,,
2155,05/02/25 18:30:00,27.604,,,,,
2156,05/02/25 18:45:00,27.604,,,,,
2157,05/02/25 19:00:00,27.604,,,,,
2158,05/02/25 19:15:00,27.604,,,,,
2159,05/02/25 19:30:00,27.604,,,,,
2160,05/02/25 19:45:00,27.604,,,,,
2161,05/02/25 20:00:00,27.604,,,,,
2162,05/02/25 20:15:00,27.604,,,,,
2163,05/02/25 20:30:00,27.604,,,,,
2164,05/02/25 20:45:00,27.604,,,,,
2165,05/02/25 21:00:00,27.604,,,,,
2166,05/02/25 21:15:00,27.604,,,,,
2167,05/02/25 21:30:00,27.604,,,,,
2168,05/02/25 21:45:00,27.604,,,,,
2169,05/02/25 22:00:00,27.604,,,,,
2170,05/02/25 22:15:00,27.604,,,,,
2171,05/02/25 22:30:00,27.604,,,,,
2172,05/02/25 22:45:00,27.604,,,,,
2173,05/02/25 23:00:00,27.604,,,,,
2174,05/02/25 23:15:00,27.604,,,,,
2175,05/02/25 23:30:00,27.604,,,,,
2176,05/02/25 23:45:00,27.604,,,,,
2177,05/03/25 00:00:00,27.604,,,,,
2178,05/03/25 00:15:00,27.604,,,,,
2179,05/03/25 00:30:00,27.604,,,,,
2180,05/03/25 00:45:00,27.628,,,,,
2181,05/03/25 01:00:00,27.628,,,,,
2182,05/03/25 01:15:00,27.628,,,,,
2183,05/03/25 01:30:00,27.628,,,,,
2184,05/03/25 01:45:00,27.653,,,,,
2185,05/03/25 02:00:00,27.653,,,,,
2186,05/03/25 02:15:00,27.653,,,,,
2187,05/03/25 02:30:00,27.653,,,,,
2188,05/03/25 02:45:00,27.653,,,,,
2189,05/03/25 03:00:00,27.653,,,,,
2190,05/03/25 03:15:00,27.628,,,,,
2191,05/03/25 03:30:00,27.628,,,,,
2192,05/03/25 03:45:00,27.628,,,,,
2193,05/03/25 04:00:00,27.924,,,,,
2194,05/03/25 04:15:00,27.924,,,,,
2195,05/03/25 04:30:00,27.899,,,,,
2196,05/03/25 04:45:00,27.850,,,,,
2197,05/03/25 05:00:00,27.801,,,,,
2198,05/03/25 05:15:00,27.727,,,,,
2199,05/03/25 05:30:00,27.677,,,,,
2200,05/03/25 05:45:00,27.628,,,,,
2201,05/03/25 06:00:00,27.628,,,,,
2202,05/03/25 06:15:00,27.653,,,,,
2203,05/03/25 06:30:00,27.604,,,,,
2204,05/03/25 06:45:00,27.579,,,,,
2205,05/03/25 07:00:00,27.554,,,,,
2206,05/03/25 07:15:00,27.579,,,,,
2207,05/03/25 07:30:00,27.579,,,,,
2208,05/03/25 07:45:00,27.628,,,,,
2209,05/03/25 08:00:00,27.628,,,,,
2210,05/03/25 08:15:00,27.628,,,,,
2211,05/03/25 08:30:00,27.628,,,,,
2212,05/03/25 08:45:00,27.628,,,,,
2213,05/03/25 09:00:00,27.628,,,,,
2214,05/03/25 09:15:00,27.653,,,,,
2215,05/03/25 09:30:00,27.653,,,,,
2216,05/03/25 09:45:00,27.677,,,,,
2217,05/03/25 10:00:00,27.677,,,,,
2218,05/03/25 10:15:00,27.702,,,,,
2219,05/03/25 10:30:00,27.702,,,,,
2220,05/03/25 10:45:00,27.702,,,,,
2221,05/03/25 11:00:00,27.677,,,,,
2222,05/03/25 11:15:00,27.677,,,,,
2223,05/03/25 11:30:00,27.677,,,,,
2224,05/03/25 11:45:00,27.677,,,,,
2225,05/03/25 12:00:00,27.702,,,,,
2226,05/03/25 12:15:00,27.702,,,,,
2227,05/03/25 12:30:00,27.727,,,,,
2228,05/03/25 12:45:00,27.751,,,,,
2229,05/03/25 13:00:00,27.751,,,,,
2230,05/03/25 13:15:00,27.727,,,,,
2231,05/03/25 13:30:00,27.727,,,,,
2232,05/03/25 13:45:00,27.702,,,,,
2233,05/03/25 14:00:00,27.702,,,,,
2234,05/03/25 14:15:00,27.702,,,,,
2235,05/03/25 14:30:00,27.702,,,,,
2236,05/03/25 14:45:00,27.677,,,,,
2237,05/03/25 15:00:00,27.677,,,,,
2238,05/03/25 15:15:00,27.677,,,,,
2239,05/03/25 15:30:00,27.751,,,,,
2240,05/03/25 15:45:00,27.727,,,,,
2241,05/03/25 16:00:00,27.751,,,,,
2242,05/03/25 16:15:00,27.554,,,,,
2243,05/03/25 16:30:00,27.456,,,,,
2244,05/03/25 16:45:00,27.407,,,,,
2245,05/03/25 17:00:00,27.284,,,,,
2246,05/03/25 17:15:00,27.284,,,,,
2247,05/03/25 17:30:00,27.284,,,,,
2248,05/03/25 17:45:00,27.308,,,,,
2249,05/03/25 18:00:00,27.333,,,,,
2250,05/03/25 18:15:00,27.481,,,,,
2251,05/03/25 18:30:00,27.751,,,,,
2252,05/03/25 18:45:00,27.801,,,,,
2253,05/03/25 19:00:00,27.702,,,,,
2254,05/03/25 19:15:00,27.776,,,,,
2255,05/03/25 19:30:00,27.628,,,,,
2256,05/03/25 19:45:00,27.505,,,,,
2257,05/03/25 20:00:00,27.530,,,,,
2258,05/03/25 20:15:00,27.530,,,,,
2259,05/03/25 20:30:00,27.481,,,,,
2260,05/03/25 20:45:00,27.505,,,,,
2261,05/03/25 21:00:00,27.530,,,,,
2262,05/03/25 21:15:00,27.579,,,,,
2263,05/03/25 21:30:00,27.751,,,,,
2264,05/03/25 21:45:00,27.677,,,,,
2265,05/03/25 22:00:00,27.628,,,,,
2266,05/03/25 22:15:00,27.628,,,,,
2267,05/03/25 22:30:00,27.628,,,,,
2268,05/03/25 22:45:00,27.653,,,,,
2269,05/03/25 23:00:00,27.628,,,,,
2270,05/03/25 23:15:00,27.677,,,,,
2271,05/03/25 23:30:00,27.751,,,,,
2272,05/03/25 23:45:00,27.727,,,,,
2273,05/04/25 00:00:00,27.776,,,,,
2274,05/04/25 00:15:00,27.677,,,,,
2275,05/04/25 00:30:00,27.677,,,,,
2276,05/04/25 00:45:00,27.677,,,,,
2277,05/04/25 01:00:00,27.628,,,,,
2278,05/04/25 01:15:00,27.628,,,,,
2279,05/04/25 01:30:00,27.628,,,,,
2280,05/04/25 01:45:00,27.604,,,,,
2281,05/04/25 02:00:00,27.604,,,,,
2282,05/04/25 02:15:00,27.604,,,,,
2283,05/04/25 02:30:00,27.579,,,,,
2284,05/04/25 02:45:00,27.579,,,,,
2285,05/04/25 03:00:00,27.579,,,,,
2286,05/04/25 03:15:00,27.579,,,,,
2287,05/04/25 03:30:00,27.579,,,,,
2288,05/04/25 03:45:00,27.579,,,,,
2289,05/04/25 04:00:00,27.579,,,,,
2290,05/04/25 04:15:00,27.579,,,,,
2291,05/04/25 04:30:00,27.604,,,,,
2292,05/04/25 04:45:00,27.604,,,,,
2293,05/04/25 05:00:00,27.579,,,,,
2294,05/04/25 05:15:00,27.481,,,,,
2295,05/04/25 05:30:00,27.431,,,,,
2296,05/04/25 05:45:00,27.554,,,,,
2297,05/04/25 06:00:00,27.579,,,,,
2298,05/04/25 06:15:00,27.579,,,,,
2299,05/04/25 06:30:00,27.579,,,,,
2300,05/04/25 06:45:00,27.579,,,,,
2301,05/04/25 07:00:00,27.579,,,,,
2302,05/04/25 07:15:00,27.579,,,,,
2303,05/04/25 07:30:00,27.579,,,,,
2304,05/04/25 07:45:00,27.505,,,,,
2305,05/04/25 08:00:00,27.407,,,,,
2306,05/04/25 08:15:00,27.382,,,,,
2307,05/04/25 08:30:00,27.407,,,,,
2308,05/04/25 08:45:00,27.530,,,,,
2309,05/04/25 09:00:00,27.554,,,,,
2310,05/04/25 09:15:00,27.579,,,,,
2311,05/04/25 09:30:00,27.579,,,,,
2312,05/04/25 09:45:00,27.579,,,,,
2313,05/04/25 10:00:00,27.579,,,,,
2314,05/04/25 10:15:00,27.604,,,,,
2315,05/04/25 10:30:00,27.579,,,,,
2316,05/04/25 10:45:00,27.579,,,,,
2317,05/04/25 11:00:00,27.579,,,,,
2318,05/04/25 11:15:00,27.579,,,,,
2319,05/04/25 11:30:00,27.628,,,,,
2320,05/04/25 11:45:00,27.628,,,,,
2321,05/04/25 12:00:00,27.628,,,,,
2322,05/04/25 12:15:00,27.628,,,,,
2323,05/04/25 12:30:00,27.628,,,,,
2324,05/04/25 12:45:00,27.653,,,,,
2325,05/04/25 13:00:00,27.653,,,,,
2326,05/04/25 13:15:00,27.677,,,,,
2327,05/04/25 13:30:00,27.677,,,,,
2328,05/04/25 13:45:00,27.677,,,,,
2329,05/04/25 14:00:00,27.677,,,,,
2330,05/04/25 14:15:00,27.653,,,,,
2331,05/04/25 14:30:00,27.677,,,,,
2332,05/04/25 14:45:00,27.677,,,,,
2333,05/04/25 15:00:00,27.653,,,,,
2334,05/04/25 15:15:00,27.653,,,,,
2335,05/04/25 15:30:00,27.653,,,,,
2336,05/04/25 15:45:00,27.653,,,,,
2337,05/04/25 16:00:00,27.628,,,,,
2338,05/04/25 16:15:00,27.628,,,,,
2339,05/04/25 16:30:00,27.628,,,,,
2340,05/04/25 16:45:00,27.628,,,,,
2341,05/04/25 17:00:00,27.628,,,,,
2342,05/04/25 17:15:00,27.628,,,,,
2343,05/04/25 17:30:00,27.604,,,,,
2344,05/04/25 17:45:00,27.628,,,,,
2345,05/04/25 18:00:00,27.628,,,,,
2346,05/04/25 18:15:00,27.628,,,,,
2347,05/04/25 18:30:00,27.628,,,,,
2348,05/04/25 18:45:00,27.604,,,,,
2349,05/04/25 19:00:00,27.604,,,,,
2350,05/04/25 19:15:00,27.604,,,,,
2351,05/04/25 19:30:00,27.604,,,,,
2352,05/04/25 19:45:00,27.604,,,,,
2353,05/04/25 20:00:00,27.604,,,,,
2354,05/04/25 20:15:00,27.604,,,,,
2355,05/04/25 20:30:00,27.579,,,,,
2356,05/04/25 20:45:00,27.579,,,,,
2357,05/04/25 21:00:00,27.604,,,,,
2358,05/04/25 21:15:00,27.604,,,,,
2359,05/04/25 21:30:00,27.604,,,,,
2360,05/04/25 21:45:00,27.604,,,,,
2361,05/04/25 22:00:00,27.604,,,,,
2362,05/04/25 22:15:00,27.604,,,,,
2363,05/04/25 22:30:00,27.604,,,,,
2364,05/04/25 22:45:00,27.604,,,,,
2365,05/04/25 23:00:00,27.604,,,,,
2366,05/04/25 23:15:00,27.604,,,,,
2367,05/04/25 23:30:00,27.604,,,,,
2368,05/04/25 23:45:00,27.604,,,,,
2369,05/05/25 00:00:00,27.604,,,,,
2370,05/05/25 00:15:00,27.604,,,,,
2371,05/05/25 00:30:00,27.604,,,,,
2372,05/05/25 00:45:00,27.604,,,,,
2373,05/05/25 01:00:00,27.604,,,,,
2374,05/05/25 01:15:00,27.604,,,,,
2375,05/05/25 01:30:00,27.604,,,,,
2376,05/05/25 01:45:00,27.604,,,,,
2377,05/05/25 02:00:00,27.604,,,,,
2378,05/05/25 02:15:00,27.604,,,,,
2379,05/05/25 02:30:00,27.604,,,,,
2380,05/05/25 02:45:00,27.604,,,,,
2381,05/05/25 03:00:00,27.604,,,,,
2382,05/05/25 03:15:00,27.604,,,,,
2383,05/05/25 03:30:00,27.604,,,,,
2384,05/05/25 03:45:00,27.604,,,,,
2385,05/05/25 04:00:00,27.604,,,,,
2386,05/05/25 04:15:00,27.604,,,,,
2387,05/05/25 04:30:00,27.604,,,,,
2388,05/05/25 04:45:00,27.604,,,,,
2389,05/05/25 05:00:00,27.604,,,,,
2390,05/05/25 05:15:00,27.604,,,,,
2391,05/05/25 05:30:00,27.604,,,,,
2392,05/05/25 05:45:00,27.604,,,,,
2393,05/05/25 06:00:00,27.604,,,,,
2394,05/05/25 06:15:00,27.604,,,,,
2395,05/05/25 06:30:00,27.604,,,,,
2396,05/05/25 06:45:00,27.604,,,,,
2397,05/05/25 07:00:00,27.604,,,,,
2398,05/05/25 07:15:00,27.604,,,,,
2399,05/05/25 07:30:00,27.604,,,,,
2400,05/05/25 07:45:00,27.677,,,,,
2401,05/05/25 08:00:00,27.677,,,,,
2402,05/05/25 08:15:00,27.677,,,,,
2403,05/05/25 08:30:00,27.653,,,,,
2404,05/05/25 08:45:00,27.628,,,,,
2405,05/05/25 09:00:00,27.628,,,,,
2406,05/05/25 09:15:00,27.628,,,,,
2407,05/05/25 09:30:00,27.628,,,,,
2408,05/05/25 09:45:00,27.628,,,,,
2409,05/05/25 10:00:00,27.628,,,,,
2410,05/05/25 10:15:00,27.628,,,,,
2411,05/05/25 10:30:00,27.653,,,,,
2412,05/05/25 10:45:00,27.653,,,,,
2413,05/05/25 11:00:00,27.653,,,,,
2414,05/05/25 11:15:00,27.677,,,,,
2415,05/05/25 11:30:00,27.653,,,,,
2416,05/05/25 11:45:00,27.677,,,,,
2417,05/05/25 12:00:00,27.677,,,,,
2418,05/05/25 12:15:00,27.677,,,,,
2419,05/05/25 12:30:00,27.677,,,,,
2420,05/05/25 12:45:00,27.677,,,,,
2421,05/05/25 13:00:00,27.677,,,,,
2422,05/05/25 13:15:00,27.677,,,,,
2423,05/05/25 13:30:00,27.702,,,,,
2424,05/05/25 13:45:00,27.702,,,,,
2425,05/05/25 14:00:00,27.702,,,,,
2426,05/05/25 14:15:00,27.653,,,,,
2427,05/05/25 14:30:00,27.653,,,,,
2428,05/05/25 14:45:00,27.653,,,,,
2429,05/05/25 15:00:00,27.653,,,,,
2430,05/05/25 15:15:00,27.677,,,,,
2431,05/05/25 15:30:00,27.677,,,,,
2432,05/05/25 15:45:00,27.677,,,,,
2433,05/05/25 16:00:00,27.677,,,,,
2434,05/05/25 16:15:00,27.677,,,,,
2435,05/05/25 16:30:00,27.653,,,,,
2436,05/05/25 16:45:00,27.653,,,,,
2437,05/05/25 17:00:00,27.653,,,,,
2438,05/05/25 17:15:00,27.653,,,,,
2439,05/05/25 17:30:00,27.653,,,,,
2440,05/05/25 17:45:00,27.653,,,,,
2441,05/05/25 18:00:00,27.653,,,,,
2442,05/05/25 18:15:00,27.653,,,,,
2443,05/05/25 18:30:00,27.653,,,,,
2444,05/05/25 18:45:00,27.628,,,,,
2445,05/05/25 19:00:00,27.628,,,,,
2446,05/05/25 19:15:00,27.628,,,,,
2447,05/05/25 19:30:00,27.628,,,,,
2448,05/05/25 19:45:00,27.628,,,,,
2449,05/05/25 20:00:00,27.628,,,,,
2450,05/05/25 20:15:00,27.628,,,,,
2451,05/05/25 20:30:00,27.628,,,,,
2452,05/05/25 20:45:00,27.628,,,,,
2453,05/05/25 21:00:00,27.628,,,,,
2454,05/05/25 21:15:00,27.628,,,,,
2455,05/05/25 21:30:00,27.628,,,,,
2456,05/05/25 21:45:00,27.628,,,,,
2457,05/05/25 22:00:00,27.628,,,,,
2458,05/05/25 22:15:00,27.628,,,,,
2459,05/05/25 22:30:00,27.628,,,,,
2460,05/05/25 22:45:00,27.628,,,,,
2461,05/05/25 23:00:00,27.628,,,,,
2462,05/05/25 23:15:00,27.628,,,,,
2463,05/05/25 23:30:00,27.628,,,,,
2464,05/05/25 23:45:00,27.628,,,,,
2465,05/06/25 00:00:00,27.628,,,,,
2466,05/06/25 00:15:00,27.628,,,,,
2467,05/06/25 00:30:00,27.628,,,,,
2468,05/06/25 00:45:00,27.628,,,,,
2469,05/06/25 01:00:00,27.628,,,,,
2470,05/06/25 01:15:00,27.628,,,,,
2471,05/06/25 01:30:00,27.628,,,,,
2472,05/06/25 01:45:00,27.628,,,,,
2473,05/06/25 02:00:00,27.628,,,,,
2474,05/06/25 02:15:00,27.628,,,,,
2475,05/06/25 02:30:00,27.628,,,,,
2476,05/06/25 02:45:00,27.628,,,,,
2477,05/06/25 03:00:00,27.653,,,,,
2478,05/06/25 03:15:00,27.653,,,,,
2479,05/06/25 03:30:00,27.653,,,,,
2480,05/06/25 03:45:00,27.653,,,,,
2481,05/06/25 04:00:00,27.677,,,,,
2482,05/06/25 04:15:00,27.677,,,,,
2483,05/06/25 04:30:00,27.677,,,,,
2484,05/06/25 04:45:00,27.653,,,,,
2485,05/06/25 05:00:00,27.653,,,,,
2486,05/06/25 05:15:00,27.653,,,,,
2487,05/06/25 05:30:00,27.677,,,,,
2488,05/06/25 05:45:00,27.677,,,,,
2489,05/06/25 06:00:00,27.653,,,,,
2490,05/06/25 06:15:00,27.653,,,,,
2491,05/06/25 06:30:00,27.653,,,,,
2492,05/06/25 06:45:00,27.653,,,,,
2493,05/06/25 07:00:00,27.653,,,,,
2494,05/06/25 07:15:00,27.653,,,,,
2495,05/06/25 07:30:00,27.653,,,,,
2496,05/06/25 07:45:00,27.677,,,,,
2497,05/06/25 08:00:00,27.677,,,,,
2498,05/06/25 08:15:00,27.677,,,,,
2499,05/06/25 08:30:00,27.801,,,,,
2500,05/06/25 08:45:00,27.974,,,,,
2501,05/06/25 09:00:00,28.023,,,,,
2502,05/06/25 09:15:00,28.023,,,,,
2503,05/06/25 09:30:00,28.048,,,,,
2504,05/06/25 09:45:00,27.702,,,,,
2505,05/06/25 10:00:00,27.653,,,,,
2506,05/06/25 10:15:00,27.653,,,,,
2507,05/06/25 10:30:00,27.653,,,,,
2508,05/06/25 10:45:00,27.653,,,,,
2509,05/06/25 11:00:00,27.653,,,,,
2510,05/06/25 11:15:00,27.677,,,,,
2511,05/06/25 11:30:00,27.677,,,,,
2512,05/06/25 11:45:00,27.702,,,,,
2513,05/06/25 12:00:00,27.702,,,,,
2514,05/06/25 12:15:00,27.727,,,,,
2515,05/06/25 12:30:00,27.727,,,,,
2516,05/06/25 12:45:00,27.727,,,,,
2517,05/06/25 13:00:00,27.727,,,,,
2518,05/06/25 13:15:00,27.751,,,,,
2519,05/06/25 13:30:00,27.751,,,,,
2520,05/06/25 13:45:00,27.751,,,,,
2521,05/06/25 14:00:00,27.776,,,,,
2522,05/06/25 14:15:00,27.776,,,,,
2523,05/06/25 14:30:00,27.801,,,,,
2524,05/06/25 14:45:00,27.825,,,,,
2525,05/06/25 15:00:00,27.825,,,,,
2526,05/06/25 15:15:00,27.825,,,,,
2527,05/06/25 15:30:00,27.801,,,,,
2528,05/06/25 15:45:00,27.801,,,,,
2529,05/06/25 16:00:00,27.776,,,,,
2530,05/06/25 16:15:00,27.751,,,,,
2531,05/06/25 16:30:00,27.776,,,,,
2532,05/06/25 16:45:00,27.751,,,,,
2533,05/06/25 17:00:00,27.727,,,,,
2534,05/06/25 17:15:00,27.727,,,,,
2535,05/06/25 17:30:00,27.727,,,,,
2536,05/06/25 17:45:00,27.727,,,,,
2537,05/06/25 18:00:00,27.727,,,,,
2538,05/06/25 18:15:00,27.727,,,,,
2539,05/06/25 18:30:00,27.727,,,,,
2540,05/06/25 18:45:00,27.702,,,,,
2541,05/06/25 19:00:00,27.677,,,,,
2542,05/06/25 19:15:00,27.677,,,,,
2543,05/06/25 19:30:00,27.702,,,,,
2544,05/06/25 19:45:00,27.702,,,,,
2545,05/06/25 20:00:00,27.702,,,,,
2546,05/06/25 20:15:00,27.702,,,,,
2547,05/06/25 20:30:00,27.702,,,,,
2548,05/06/25 20:45:00,27.677,,,,,
2549,05/06/25 21:00:00,27.653,,,,,
2550,05/06/25 21:15:00,27.653,,,,,
2551,05/06/25 21:30:00,27.653,,,,,
2552,05/06/25 21:45:00,27.653,,,,,
2553,05/06/25 22:00:00,27.677,,,,,
2554,05/06/25 22:15:00,27.677,,,,,
2555,05/06/25 22:30:00,27.727,,,,,
2556,05/06/25 22:45:00,27.751,,,,,
2557,05/06/25 23:00:00,27.776,,,,,
2558,05/06/25 23:15:00,27.677,,,,,
2559,05/06/25 23:30:00,27.653,,,,,
2560,05/06/25 23:45:00,27.677,,,,,
2561,05/07/25 00:00:00,27.653,,,,,
2562,05/07/25 00:15:00,27.653,,,,,
2563,05/07/25 00:30:00,27.653,,,,,
2564,05/07/25 00:45:00,27.653,,,,,
2565,05/07/25 01:00:00,27.653,,,,,
2566,05/07/25 01:15:00,27.653,,,,,
2567,05/07/25 01:30:00,27.653,,,,,
2568,05/07/25 01:45:00,27.653,,,,,
2569,05/07/25 02:00:00,27.653,,,,,
2570,05/07/25 02:15:00,27.677,,,,,
2571,05/07/25 02:30:00,27.677,,,,,
2572,05/07/25 02:45:00,27.677,,,,,
2573,05/07/25 03:00:00,27.751,,,,,
2574,05/07/25 03:15:00,27.727,,,,,
2575,05/07/25 03:30:00,27.727,,,,,
2576,05/07/25 03:45:00,27.727,,,,,
2577,05/07/25 04:00:00,27.677,,,,,
2578,05/07/25 04:15:00,27.677,,,,,
2579,05/07/25 04:30:00,27.677,,,,,
2580,05/07/25 04:45:00,27.850,,,,,
2581,05/07/25 05:00:00,27.924,,,,,
2582,05/07/25 05:15:00,27.899,,,,,
2583,05/07/25 05:30:00,27.875,,,,,
2584,05/07/25 05:45:00,27.825,,,,,
2585,05/07/25 06:00:00,27.801,,,,,
2586,05/07/25 06:15:00,27.801,,,,,
2587,05/07/25 06:30:00,27.801,,,,,
2588,05/07/25 06:45:00,27.776,,,,,
2589,05/07/25 07:00:00,27.776,,,,,
2590,05/07/25 07:15:00,27.751,,,,,
2591,05/07/25 07:30:00,27.751,,,,,
2592,05/07/25 07:45:00,27.751,,,,,
2593,05/07/25 08:00:00,27.751,,,,,
2594,05/07/25 08:15:00,27.751,,,,,
2595,05/07/25 08:30:00,27.727,,,,,
2596,05/07/25 08:45:00,27.702,,,,,
2597,05/07/25 09:00:00,27.727,,,,,
2598,05/07/25 09:15:00,27.751,,,,,
2599,05/07/25 09:30:00,27.801,,,,,
2600,05/07/25 09:45:00,27.825,,,,,
2601,05/07/25 10:00:00,27.875,,,,,
2602,05/07/25 10:15:00,27.924,,,,,
2603,05/07/25 10:30:00,27.949,,,,,
2604,05/07/25 10:45:00,27.949,,,,,
2605,05/07/25 11:00:00,27.949,,,,,
2606,05/07/25 11:15:00,27.949,,,,,
2607,05/07/25 11:30:00,27.974,,,,,
2608,05/07/25 11:45:00,27.875,,,,,
2609,05/07/25 12:00:00,27.850,,,,,
2610,05/07/25 12:15:00,27.850,,,,,
2611,05/07/25 12:30:00,27.850,,,,,
2612,05/07/25 12:45:00,27.875,,,,,
2613,05/07/25 13:00:00,27.875,,,,,
2614,05/07/25 13:15:00,27.850,,,,,
2615,05/07/25 13:30:00,27.850,,,,,
2616,05/07/25 13:45:00,27.850,,,,,
2617,05/07/25 14:00:00,27.825,,,,,
2618,05/07/25 14:15:00,27.825,,,,,
2619,05/07/25 14:30:00,27.825,,,,,
2620,05/07/25 14:45:00,27.801,,,,,
2621,05/07/25 15:00:00,27.801,,,,,
2622,05/07/25 15:15:00,27.801,,,,,
2623,05/07/25 15:30:00,27.801,,,,,
2624,05/07/25 15:45:00,27.825,,,,,
2625,05/07/25 16:00:00,27.825,,,,,
2626,05/07/25 16:15:00,27.825,,,,,
2627,05/07/25 16:30:00,27.801,,,,,
2628,05/07/25 16:45:00,27.801,,,,,
2629,05/07/25 17:00:00,27.801,,,,,
2630,05/07/25 17:15:00,27.801,,,,,
2631,05/07/25 17:30:00,27.801,,,,,
2632,05/07/25 17:45:00,27.801,,,,,
2633,05/07/25 18:00:00,27.801,,,,,
2634,05/07/25 18:15:00,27.801,,,,,
2635,05/07/25 18:30:00,27.801,,,,,
2636,05/07/25 18:45:00,27.801,,,,,
2637,05/07/25 19:00:00,27.801,,,,,
2638,05/07/25 19:15:00,27.801,,,,,
2639,05/07/25 19:30:00,27.801,,,,,
2640,05/07/25 19:45:00,27.801,,,,,
2641,05/07/25 20:00:00,27.801,,,,,
2642,05/07/25 20:15:00,27.801,,,,,
2643,05/07/25 20:30:00,27.801,,,,,
2644,05/07/25 20:45:00,27.801,,,,,
2645,05/07/25 21:00:00,27.801,,,,,
2646,05/07/25 21:15:00,27.801,,,,,
2647,05/07/25 21:30:00,27.801,,,,,
2648,05/07/25 21:45:00,27.801,,,,,
2649,05/07/25 22:00:00,27.801,,,,,
2650,05/07/25 22:15:00,27.801,,,,,
2651,05/07/25 22:30:00,27.801,,,,,
2652,05/07/25 22:45:00,27.801,,,,,
2653,05/07/25 23:00:00,27.801,,,,,
2654,05/07/25 23:15:00,27.801,,,,,
2655,05/07/25 23:30:00,27.801,,,,,
2656,05/07/25 23:45:00,27.801,,,,,
2657,05/08/25 00:00:00,27.801,,,,,
2658,05/08/25 00:15:00,27.801,,,,,
2659,05/08/25 00:30:00,27.801,,,,,
2660,05/08/25 00:45:00,27.801,,,,,
2661,05/08/25 01:00:00,27.801,,,,,
2662,05/08/25 01:15:00,27.801,,,,,
2663,05/08/25 01:30:00,27.825,,,,,
2664,05/08/25 01:45:00,27.825,,,,,
2665,05/08/25 02:00:00,27.825,,,,,
2666,05/08/25 02:15:00,27.825,,,,,
2667,05/08/25 02:30:00,27.825,,,,,
2668,05/08/25 02:45:00,27.825,,,,,
2669,05/08/25 03:00:00,27.801,,,,,
2670,05/08/25 03:15:00,27.801,,,,,
2671,05/08/25 03:30:00,27.825,,,,,
2672,05/08/25 03:45:00,27.825,,,,,
2673,05/08/25 04:00:00,27.801,,,,,
2674,05/08/25 04:15:00,27.801,,,,,
2675,05/08/25 04:30:00,27.801,,,,,
2676,05/08/25 04:45:00,27.801,,,,,
2677,05/08/25 05:00:00,27.801,,,,,
2678,05/08/25 05:15:00,27.801,,,,,
2679,05/08/25 05:30:00,27.776,,,,,
2680,05/08/25 05:45:00,27.776,,,,,
2681,05/08/25 06:00:00,27.776,,,,,
2682,05/08/25 06:15:00,27.776,,,,,
2683,05/08/25 06:30:00,27.776,,,,,
2684,05/08/25 06:45:00,27.776,,,,,
2685,05/08/25 07:00:00,27.776,,,,,
2686,05/08/25 07:15:00,27.801,,,,,
2687,05/08/25 07:30:00,27.801,,,,,
2688,05/08/25 07:45:00,27.801,,,,,
2689,05/08/25 08:00:00,27.801,,,,,
2690,05/08/25 08:15:00,27.825,,,,,
2691,05/08/25 08:30:00,27.825,,,,,
2692,05/08/25 08:45:00,27.850,,,,,
2693,05/08/25 09:00:00,27.875,,,,,
2694,05/08/25 09:15:00,27.801,,,,,
2695,05/08/25 09:30:00,27.776,,,,,
2696,05/08/25 09:45:00,27.776,,,,,
2697,05/08/25 10:00:00,27.801,,,,,
2698,05/08/25 10:15:00,27.801,,,,,
2699,05/08/25 10:30:00,27.801,,,,,
2700,05/08/25 10:45:00,27.776,,,,,
2701,05/08/25 11:00:00,27.801,,,,,
2702,05/08/25 11:15:00,27.850,,,,,
2703,05/08/25 11:30:00,27.899,,,,,
2704,05/08/25 11:45:00,28.147,,,,,
2705,05/08/25 12:00:00,28.221,,,,,
2706,05/08/25 12:15:00,28.048,,,,,
2707,05/08/25 12:30:00,27.875,,,,,
2708,05/08/25 12:45:00,27.801,,,,,
2709,05/08/25 13:00:00,27.776,,,,,
2710,05/08/25 13:15:00,27.776,,,,,
2711,05/08/25 13:30:00,27.776,,,,,
2712,05/08/25 13:45:00,27.776,,,,,
2713,05/08/25 14:00:00,27.751,,,,,
2714,05/08/25 14:15:00,27.751,,,,,
2715,05/08/25 14:30:00,27.751,,,,,
2716,05/08/25 14:45:00,27.776,,,,,
2717,05/08/25 15:00:00,27.751,,,,,
2718,05/08/25 15:15:00,27.776,,,,,
2719,05/08/25 15:30:00,27.776,,,,,
2720,05/08/25 15:45:00,27.776,,,,,
2721,05/08/25 16:00:00,27.801,,,,,
2722,05/08/25 16:15:00,27.776,,,,,
2723,05/08/25 16:30:00,27.776,,,,,
2724,05/08/25 16:45:00,27.776,,,,,
2725,05/08/25 17:00:00,27.776,,,,,
2726,05/08/25 17:15:00,27.776,,,,,
2727,05/08/25 17:30:00,27.776,,,,,
2728,05/08/25 17:45:00,27.776,,,,,
2729,05/08/25 18:00:00,27.825,,,,,
2730,05/08/25 18:15:00,27.875,,,,,
2731,05/08/25 18:30:00,27.899,,,,,
2732,05/08/25 18:45:00,27.924,,,,,
2733,05/08/25 19:00:00,27.924,,,,,
2734,05/08/25 19:15:00,27.899,,,,,
2735,05/08/25 19:30:00,27.899,,,,,
2736,05/08/25 19:45:00,27.924,,,,,
2737,05/08/25 20:00:00,27.924,,,,,
2738,05/08/25 20:15:00,27.924,,,,,
2739,05/08/25 20:30:00,27.949,,,,,
2740,05/08/25 20:45:00,27.949,,,,,
2741,05/08/25 21:00:00,27.949,,,,,
2742,05/08/25 21:15:00,27.949,,,,,
2743,05/08/25 21:30:00,27.974,,,,,
2744,05/08/25 21:45:00,27.974,,,,,
2745,05/08/25 22:00:00,27.974,,,,,
2746,05/08/25 22:15:00,27.974,,,,,
2747,05/08/25 22:30:00,27.974,,,,,
2748,05/08/25 22:45:00,27.974,,,,,
2749,05/08/25 23:00:00,27.949,,,,,
2750,05/08/25 23:15:00,27.949,,,,,
2751,05/08/25 23:30:00,27.924,,,,,
2752,05/08/25 23:45:00,27.924,,,,,
2753,05/09/25 00:00:00,27.899,,,,,
2754,05/09/25 00:15:00,27.924,,,,,
2755,05/09/25 00:30:00,27.875,,,,,
2756,05/09/25 00:45:00,27.850,,,,,
2757,05/09/25 01:00:00,27.875,,,,,
2758,05/09/25 01:15:00,27.875,,,,,
2759,05/09/25 01:30:00,27.850,,,,,
2760,05/09/25 01:45:00,27.825,,,,,
2761,05/09/25 02:00:00,27.850,,,,,
2762,05/09/25 02:15:00,27.924,,,,,
2763,05/09/25 02:30:00,27.899,,,,,
2764,05/09/25 02:45:00,27.899,,,,,
2765,05/09/25 03:00:00,27.899,,,,,
2766,05/09/25 03:15:00,27.899,,,,,
2767,05/09/25 03:30:00,27.875,,,,,
2768,05/09/25 03:45:00,27.825,,,,,
2769,05/09/25 04:00:00,27.825,,,,,
2770,05/09/25 04:15:00,27.825,,,,,
2771,05/09/25 04:30:00,27.825,,,,,
2772,05/09/25 04:45:00,27.850,,,,,
2773,05/09/25 05:00:00,27.875,,,,,
2774,05/09/25 05:15:00,27.899,,,,,
2775,05/09/25 05:30:00,27.899,,,,,
2776,05/09/25 05:45:00,27.875,,,,,
2777,05/09/25 06:00:00,27.850,,,,,
2778,05/09/25 06:15:00,27.850,,,,,
2779,05/09/25 06:30:00,27.850,,,,,
2780,05/09/25 06:45:00,27.850,,,,,
2781,05/09/25 07:00:00,27.825,,,,,
2782,05/09/25 07:15:00,27.801,,,,,
2783,05/09/25 07:30:00,27.825,,,,,
2784,05/09/25 07:45:00,27.825,,,,,
2785,05/09/25 08:00:00,27.949,,,,,
2786,05/09/25 08:15:00,27.998,,,,,
2787,05/09/25 08:30:00,27.998,,,,,
2788,05/09/25 08:45:00,27.974,,,,,
2789,05/09/25 09:00:00,27.974,,,,,
2790,05/09/25 09:15:00,27.998,,,,,
2791,05/09/25 09:30:00,27.974,,,,,
2792,05/09/25 09:45:00,27.924,,,,,
2793,05/09/25 10:00:00,27.875,,,,,
2794,05/09/25 10:15:00,27.875,,,,,
2795,05/09/25 10:30:00,27.924,,,,,
2796,05/09/25 10:45:00,27.875,,,,,
2797,05/09/25 11:00:00,27.899,,,,,
2798,05/09/25 11:15:00,27.875,,,,,
2799,05/09/25 11:30:00,27.899,,,,,
2800,05/09/25 11:45:00,27.924,,,,,
2801,05/09/25 12:00:00,27.924,,,,,
2802,05/09/25 12:15:00,27.924,,,,,
2803,05/09/25 12:30:00,27.899,,,,,
2804,05/09/25 12:45:00,27.875,,,,,
2805,05/09/25 13:00:00,27.899,,,,,
2806,05/09/25 13:15:00,27.924,,,,,
2807,05/09/25 13:30:00,27.776,,,,,
2808,05/09/25 13:45:00,27.776,,,,,
2809,05/09/25 14:00:00,27.751,,,,,
2810,05/09/25 14:15:00,27.776,,,,,
2811,05/09/25 14:30:00,27.776,,,,,
2812,05/09/25 14:45:00,27.776,,,,,
2813,05/09/25 15:00:00,27.801,,,,,
2814,05/09/25 15:15:00,27.801,,,,,
2815,05/09/25 15:30:00,27.801,,,,,
2816,05/09/25 15:45:00,27.801,,,,,
2817,05/09/25 16:00:00,27.801,,,,,
2818,05/09/25 16:15:00,27.776,,,,,
2819,05/09/25 16:30:00,27.776,,,,,
2820,05/09/25 16:45:00,27.776,,,,,
2821,05/09/25 17:00:00,27.776,,,,,
2822,05/09/25 17:15:00,27.801,,,,,
2823,05/09/25 17:30:00,27.801,,,,,
2824,05/09/25 17:45:00,27.825,,,,,
2825,05/09/25 18:00:00,27.825,,,,,
2826,05/09/25 18:15:00,27.825,,,,,
2827,05/09/25 18:30:00,27.825,,,,,
2828,05/09/25 18:45:00,27.776,,,,,
2829,05/09/25 19:00:00,27.776,,,,,
2830,05/09/25 19:15:00,27.776,,,,,
2831,05/09/25 19:30:00,27.776,,,,,
2832,05/09/25 19:45:00,27.776,,,,,
2833,05/09/25 20:00:00,27.801,,,,,
2834,05/09/25 20:15:00,27.801,,,,,
2835,05/09/25 20:30:00,27.801,,,,,
2836,05/09/25 20:45:00,27.801,,,,,
2837,05/09/25 21:00:00,27.825,,,,,
2838,05/09/25 21:15:00,27.850,,,,,
2839,05/09/25 21:30:00,27.850,,,,,
2840,05/09/25 21:45:00,27.875,,,,,
2841,05/09/25 22:00:00,27.875,,,,,
2842,05/09/25 22:15:00,27.875,,,,,
2843,05/09/25 22:30:00,27.875,,,,,
2844,05/09/25 22:45:00,27.875,,,,,
2845,05/09/25 23:00:00,27.899,,,,,
2846,05/09/25 23:15:00,27.899,,,,,
2847,05/09/25 23:30:00,27.924,,,,,
2848,05/09/25 23:45:00,27.924,,,,,
2849,05/10/25 00:00:00,27.899,,,,,
2850,05/10/25 00:15:00,27.875,,,,,
2851,05/10/25 00:30:00,27.850,,,,,
2852,05/10/25 00:45:00,27.850,,,,,
2853,05/10/25 01:00:00,27.850,,,,,
2854,05/10/25 01:15:00,27.899,,,,,
2855,05/10/25 01:30:00,27.850,,,,,
2856,05/10/25 01:45:00,27.825,,,,,
2857,05/10/25 02:00:00,27.825,,,,,
2858,05/10/25 02:15:00,27.801,,,,,
2859,05/10/25 02:30:00,27.801,,,,,
2860,05/10/25 02:45:00,27.801,,,,,
2861,05/10/25 03:00:00,27.801,,,,,
2862,05/10/25 03:15:00,27.801,,,,,
2863,05/10/25 03:30:00,27.825,,,,,
2864,05/10/25 03:45:00,27.801,,,,,
2865,05/10/25 04:00:00,27.776,,,,,
2866,05/10/25 04:15:00,27.776,,,,,
2867,05/10/25 04:30:00,27.776,,,,,
2868,05/10/25 04:45:00,27.776,,,,,
2869,05/10/25 05:00:00,27.776,,,,,
2870,05/10/25 05:15:00,27.801,,,,,
2871,05/10/25 05:30:00,27.825,,,,,
2872,05/10/25 05:45:00,27.825,,,,,
2873,05/10/25 06:00:00,27.850,,,,,
2874,05/10/25 06:15:00,27.850,,,,,
2875,05/10/25 06:30:00,27.850,,,,,
2876,05/10/25 06:45:00,27.801,,,,,
2877,05/10/25 07:00:00,27.801,,,,,
2878,05/10/25 07:15:00,27.825,,,,,
2879,05/10/25 07:30:00,27.801,,,,,
2880,05/10/25 07:45:00,27.751,,,,,
2881,05/10/25 08:00:00,27.776,,,,,
2882,05/10/25 08:15:00,27.751,,,,,
2883,05/10/25 08:30:00,27.751,,,,,
2884,05/10/25 08:45:00,27.751,,,,,
2885,05/10/25 09:00:00,27.751,,,,,
2886,05/10/25 09:15:00,27.751,,,,,
2887,05/10/25 09:30:00,27.751,,,,,
2888,05/10/25 09:45:00,27.751,,,,,
2889,05/10/25 10:00:00,27.727,,,,,
2890,05/10/25 10:15:00,27.727,,,,,
2891,05/10/25 10:30:00,27.727,,,,,
2892,05/10/25 10:45:00,27.727,,,,,
2893,05/10/25 11:00:00,27.702,,,,,
2894,05/10/25 11:15:00,27.702,,,,,
2895,05/10/25 11:30:00,27.702,,,,,
2896,05/10/25 11:45:00,27.727,,,,,
2897,05/10/25 12:00:00,27.751,,,,,
2898,05/10/25 12:15:00,27.776,,,,,
2899,05/10/25 12:30:00,27.776,,,,,
2900,05/10/25 12:45:00,27.776,,,,,
2901,05/10/25 13:00:00,27.776,,,,,
2902,05/10/25 13:15:00,27.751,,,,,
2903,05/10/25 13:30:00,27.727,,,,,
2904,05/10/25 13:45:00,27.727,,,,,
2905,05/10/25 14:00:00,27.727,,,,,
2906,05/10/25 14:15:00,27.727,,,,,
2907,05/10/25 14:30:00,27.727,,,,,
2908,05/10/25 14:45:00,27.702,,,,,
2909,05/10/25 15:00:00,27.702,,,,,
2910,05/10/25 15:15:00,27.727,,,,,
2911,05/10/25 15:30:00,27.727,,,,,
2912,05/10/25 15:45:00,27.727,,,,,
2913,05/10/25 16:00:00,27.727,,,,,
2914,05/10/25 16:15:00,27.727,,,,,
2915,05/10/25 16:30:00,27.727,,,,,
2916,05/10/25 16:45:00,27.727,,,,,
2917,05/10/25 17:00:00,27.702,,,,,
2918,05/10/25 17:15:00,27.702,,,,,
2919,05/10/25 17:30:00,27.702,,,,,
2920,05/10/25 17:45:00,27.702,,,,,
2921,05/10/25 18:00:00,27.702,,,,,
2922,05/10/25 18:15:00,27.702,,,,,
2923,05/10/25 18:30:00,27.702,,,,,
2924,05/10/25 18:45:00,27.727,,,,,
2925,05/10/25 19:00:00,27.776,,,,,
2926,05/10/25 19:15:00,27.801,,,,,
2927,05/10/25 19:30:00,27.801,,,,,
2928,05/10/25 19:45:00,27.776,,,,,
2929,05/10/25 20:00:00,27.776,,,,,
2930,05/10/25 20:15:00,27.776,,,,,
2931,05/10/25 20:30:00,27.776,,,,,
2932,05/10/25 20:45:00,27.751,,,,,
2933,05/10/25 21:00:00,27.751,,,,,
2934,05/10/25 21:15:00,27.751,,,,,
2935,05/10/25 21:30:00,27.751,,,,,
2936,05/10/25 21:45:00,27.751,,,,,
2937,05/10/25 22:00:00,27.727,,,,,
2938,05/10/25 22:15:00,27.727,,,,,
2939,05/10/25 22:30:00,27.727,,,,,
2940,05/10/25 22:45:00,27.727,,,,,
2941,05/10/25 23:00:00,27.727,,,,,
2942,05/10/25 23:15:00,27.727,,,,,
2943,05/10/25 23:30:00,27.727,,,,,
2944,05/10/25 23:45:00,27.727,,,,,
2945,05/11/25 00:00:00,27.727,,,,,
2946,05/11/25 00:15:00,27.727,,,,,
2947,05/11/25 00:30:00,27.727,,,,,
2948,05/11/25 00:45:00,27.727,,,,,
2949,05/11/25 01:00:00,27.727,,,,,
2950,05/11/25 01:15:00,27.727,,,,,
2951,05/11/25 01:30:00,27.727,,,,,
2952,05/11/25 01:45:00,27.727,,,,,
2953,05/11/25 02:00:00,27.751,,,,,
2954,05/11/25 02:15:00,27.751,,,,,
2955,05/11/25 02:30:00,27.751,,,,,
2956,05/11/25 02:45:00,27.776,,,,,
2957,05/11/25 03:00:00,27.776,,,,,
2958,05/11/25 03:15:00,27.776,,,,,
2959,05/11/25 03:30:00,27.776,,,,,
2960,05/11/25 03:45:00,27.776,,,,,
2961,05/11/25 04:00:00,27.776,,,,,
2962,05/11/25 04:15:00,27.776,,,,,
2963,05/11/25 04:30:00,27.776,,,,,
2964,05/11/25 04:45:00,27.776,,,,,
2965,05/11/25 05:00:00,27.776,,,,,
2966,05/11/25 05:15:00,27.776,,,,,
2967,05/11/25 05:30:00,27.776,,,,,
2968,05/11/25 05:45:00,27.776,,,,,
2969,05/11/25 06:00:00,27.776,,,,,
2970,05/11/25 06:15:00,27.801,,,,,
2971,05/11/25 06:30:00,27.801,,,,,
2972,05/11/25 06:45:00,27.801,,,,,
2973,05/11/25 07:00:00,27.801,,,,,
2974,05/11/25 07:15:00,27.850,,,,,
2975,05/11/25 07:30:00,27.850,,,,,
2976,05/11/25 07:45:00,27.875,,,,,
2977,05/11/25 08:00:00,27.899,,,,,
2978,05/11/25 08:15:00,27.899,,,,,
2979,05/11/25 08:30:00,27.875,,,,,
2980,05/11/25 08:45:00,27.825,,,,,
2981,05/11/25 09:00:00,27.825,,,,,
2982,05/11/25 09:15:00,27.850,,,,,
2983,05/11/25 09:30:00,27.875,,,,,
2984,05/11/25 09:45:00,27.875,,,,,
2985,05/11/25 10:00:00,27.850,,,,,
2986,05/11/25 10:15:00,27.875,,,,,
2987,05/11/25 10:30:00,27.974,,,,,
2988,05/11/25 10:45:00,27.974,,,,,
2989,05/11/25 11:00:00,27.998,,,,,
2990,05/11/25 11:15:00,28.048,,,,,
2991,05/11/25 11:30:00,27.974,,,,,
2992,05/11/25 11:45:00,27.899,,,,,
2993,05/11/25 12:00:00,28.048,,,,,
2994,05/11/25 12:15:00,28.072,,,,,
2995,05/11/25 12:30:00,28.122,,,,,
2996,05/11/25 12:45:00,28.147,,,,,
2997,05/11/25 13:00:00,28.171,,,,,
2998,05/11/25 13:15:00,27.974,,,,,
2999,05/11/25 13:30:00,27.899,,,,,
3000,05/11/25 13:45:00,27.850,,,,,
3001,05/11/25 14:00:00,27.850,,,,,
3002,05/11/25 14:15:00,27.875,,,,,
3003,05/11/25 14:30:00,27.850,,,,,
3004,05/11/25 14:45:00,27.850,,,,,
3005,05/11/25 15:00:00,27.850,,,,,
3006,05/11/25 15:15:00,27.825,,,,,
3007,05/11/25 15:30:00,27.825,,,,,
3008,05/11/25 15:45:00,27.825,,,,,
3009,05/11/25 16:00:00,27.801,,,,,
3010,05/11/25 16:15:00,27.801,,,,,
3011,05/11/25 16:30:00,27.801,,,,,
3012,05/11/25 16:45:00,27.825,,,,,
3013,05/11/25 17:00:00,27.801,,,,,
3014,05/11/25 17:15:00,27.801,,,,,
3015,05/11/25 17:30:00,27.801,,,,,
3016,05/11/25 17:45:00,27.801,,,,,
3017,05/11/25 18:00:00,27.801,,,,,
3018,05/11/25 18:15:00,27.801,,,,,
3019,05/11/25 18:30:00,27.801,,,,,
3020,05/11/25 18:45:00,27.801,,,,,
3021,05/11/25 19:00:00,27.825,,,,,
3022,05/11/25 19:15:00,27.825,,,,,
3023,05/11/25 19:30:00,27.850,,,,,
3024,05/11/25 19:45:00,27.850,,,,,
3025,05/11/25 20:00:00,27.850,,,,,
3026,05/11/25 20:15:00,27.850,,,,,
3027,05/11/25 20:30:00,27.850,,,,,
3028,05/11/25 20:45:00,27.850,,,,,
3029,05/11/25 21:00:00,27.850,,,,,
3030,05/11/25 21:15:00,27.850,,,,,
3031,05/11/25 21:30:00,27.850,,,,,
3032,05/11/25 21:45:00,27.850,,,,,
3033,05/11/25 22:00:00,27.850,,,,,
3034,05/11/25 22:15:00,27.850,,,,,
3035,05/11/25 22:30:00,27.850,,,,,
3036,05/11/25 22:45:00,27.850,,,,,
3037,05/11/25 23:00:00,27.875,,,,,
3038,05/11/25 23:15:00,27.899,,,,,
3039,05/11/25 23:30:00,27.850,,,,,
3040,05/11/25 23:45:00,27.825,,,,,
3041,05/12/25 00:00:00,27.825,,,,,
3042,05/12/25 00:15:00,27.825,,,,,
3043,05/12/25 00:30:00,27.825,,,,,
3044,05/12/25 00:45:00,27.825,,,,,
3045,05/12/25 01:00:00,27.825,,,,,
3046,05/12/25 01:15:00,27.899,,,,,
3047,05/12/25 01:30:00,27.875,,,,,
3048,05/12/25 01:45:00,27.825,,,,,
3049,05/12/25 02:00:00,27.801,,,,,
3050,05/12/25 02:15:00,27.825,,,,,
3051,05/12/25 02:30:00,27.875,,,,,
3052,05/12/25 02:45:00,27.899,,,,,
3053,05/12/25 03:00:00,27.924,,,,,
3054,05/12/25 03:15:00,27.899,,,,,
3055,05/12/25 03:30:00,27.899,,,,,
3056,05/12/25 03:45:00,27.875,,,,,
3057,05/12/25 04:00:00,27.875,,,,,
3058,05/12/25 04:15:00,27.875,,,,,
3059,05/12/25 04:30:00,27.875,,,,,
3060,05/12/25 04:45:00,27.875,,,,,
3061,05/12/25 05:00:00,27.875,,,,,
3062,05/12/25 05:15:00,27.875,,,,,
3063,05/12/25 05:30:00,27.875,,,,,
3064,05/12/25 05:45:00,27.875,,,,,
3065,05/12/25 06:00:00,27.875,,,,,
3066,05/12/25 06:15:00,27.875,,,,,
3067,05/12/25 06:30:00,27.875,,,,,
3068,05/12/25 06:45:00,27.875,,,,,
3069,05/12/25 07:00:00,27.875,,,,,
3070,05/12/25 07:15:00,27.875,,,,,
3071,05/12/25 07:30:00,27.875,,,,,
3072,05/12/25 07:45:00,27.875,,,,,
3073,05/12/25 08:00:00,27.875,,,,,
3074,05/12/25 08:15:00,27.875,,,,,
3075,05/12/25 08:30:00,27.875,,,,,
3076,05/12/25 08:45:00,27.899,,,,,
3077,05/12/25 09:00:00,27.899,,,,,
3078,05/12/25 09:15:00,27.899,,,,,
3079,05/12/25 09:30:00,27.924,,,,,
3080,05/12/25 09:45:00,27.924,,,,,
3081,05/12/25 10:00:00,27.924,,,,,
3082,05/12/25 10:15:00,27.949,,,,,
3083,05/12/25 10:30:00,27.949,,,,,
3084,05/12/25 10:45:00,27.949,,,,,
3085,05/12/25 11:00:00,27.974,,,,,
3086,05/12/25 11:15:00,27.974,,,,,
3087,05/12/25 11:30:00,27.974,,,,,
3088,05/12/25 11:45:00,27.974,,,,,
3089,05/12/25 12:00:00,27.998,,,,,
3090,05/12/25 12:15:00,27.998,,,,,
3091,05/12/25 12:30:00,28.048,,,,,
3092,05/12/25 12:45:00,28.147,,,,,
3093,05/12/25 13:00:00,28.171,,,,,
3094,05/12/25 13:15:00,28.196,,,,,
3095,05/12/25 13:30:00,28.245,,,,,
3096,05/12/25 13:45:00,28.122,,,,,
3097,05/12/25 14:00:00,27.924,,,,,
3098,05/12/25 14:15:00,27.924,,,,,
3099,05/12/25 14:30:00,27.924,,,,,
3100,05/12/25 14:45:00,27.924,,,,,
3101,05/12/25 15:00:00,27.899,,,,,
3102,05/12/25 15:15:00,27.924,,,,,
3103,05/12/25 15:30:00,27.924,,,,,
3104,05/12/25 15:45:00,27.924,,,,,
3105,05/12/25 16:00:00,27.924,,,,,
3106,05/12/25 16:15:00,27.949,,,,,
3107,05/12/25 16:30:00,27.974,,,,,
3108,05/12/25 16:45:00,27.974,,,,,
3109,05/12/25 17:00:00,27.998,,,,,
3110,05/12/25 17:15:00,28.048,,,,,
3111,05/12/25 17:30:00,28.072,,,,,
3112,05/12/25 17:45:00,28.097,,,,,
3113,05/12/25 18:00:00,28.122,,,,,
3114,05/12/25 18:15:00,28.147,,,,,
3115,05/12/25 18:30:00,28.196,,,,,
3116,05/12/25 18:45:00,28.221,,,,,
3117,05/12/25 19:00:00,28.221,,,,,
3118,05/12/25 19:15:00,28.221,,,,,
3119,05/12/25 19:30:00,28.221,,,,,
3120,05/12/25 19:45:00,28.221,,,,,
3121,05/12/25 20:00:00,28.221,,,,,
3122,05/12/25 20:15:00,28.245,,,,,
3123,05/12/25 20:30:00,28.245,,,,,
3124,05/12/25 20:45:00,28.245,,,,,
3125,05/12/25 21:00:00,28.245,,,,,
3126,05/12/25 21:15:00,28.245,,,,,
3127,05/12/25 21:30:00,28.221,,,,,
3128,05/12/25 21:45:00,28.245,,,,,
3129,05/12/25 22:00:00,28.221,,,,,
3130,05/12/25 22:15:00,28.221,,,,,
3131,05/12/25 22:30:00,28.221,,,,,
3132,05/12/25 22:45:00,28.221,,,,,
3133,05/12/25 23:00:00,28.221,,,,,
3134,05/12/25 23:15:00,28.221,,,,,
3135,05/12/25 23:30:00,28.221,,,,,
3136,05/12/25 23:45:00,28.221,,,,,
3137,05/13/25 00:00:00,28.221,,,,,
3138,05/13/25 00:15:00,28.221,,,,,
3139,05/13/25 00:30:00,28.221,,,,,
3140,05/13/25 00:45:00,28.196,,,,,
3141,05/13/25 01:00:00,28.221,,,,,
3142,05/13/25 01:15:00,28.221,,,,,
3143,05/13/25 01:30:00,28.171,,,,,
3144,05/13/25 01:45:00,28.171,,,,,
3145,05/13/25 02:00:00,28.122,,,,,
3146,05/13/25 02:15:00,28.147,,,,,
3147,05/13/25 02:30:00,28.171,,,,,
3148,05/13/25 02:45:00,28.196,,,,,
3149,05/13/25 03:00:00,28.171,,,,,
3150,05/13/25 03:15:00,28.196,,,,,
3151,05/13/25 03:30:00,28.171,,,,,
3152,05/13/25 03:45:00,28.171,,,,,
3153,05/13/25 04:00:00,28.171,,,,,
3154,05/13/25 04:15:00,28.171,,,,,
3155,05/13/25 04:30:00,28.147,,,,,
3156,05/13/25 04:45:00,28.147,,,,,
3157,05/13/25 05:00:00,28.147,,,,,
3158,05/13/25 05:15:00,28.147,,,,,
3159,05/13/25 05:30:00,28.122,,,,,
3160,05/13/25 05:45:00,28.122,,,,,
3161,05/13/25 06:00:00,28.147,,,,,
3162,05/13/25 06:15:00,28.147,,,,,
3163,05/13/25 06:30:00,28.097,,,,,
3164,05/13/25 06:45:00,28.072,,,,,
3165,05/13/25 07:00:00,28.048,,,,,
3166,05/13/25 07:15:00,28.048,,,,,
3167,05/13/25 07:30:00,28.048,,,,,
3168,05/13/25 07:45:00,28.072,,,,,
3169,05/13/25 08:00:00,28.122,,,,,
3170,05/13/25 08:15:00,28.122,,,,,
3171,05/13/25 08:30:00,28.147,,,,,
3172,05/13/25 08:45:00,28.147,,,,,
3173,05/13/25 09:00:00,28.147,,,,,
3174,05/13/25 09:15:00,28.147,,,,,
3175,05/13/25 09:30:00,28.171,,,,,
3176,05/13/25 09:45:00,28.171,,,,,
3177,05/13/25 10:00:00,28.171,,,,,
3178,05/13/25 10:15:00,28.171,,,,,
3179,05/13/25 10:30:00,28.171,,,,,
3180,05/13/25 10:45:00,28.196,,,,,
3181,05/13/25 11:00:00,28.171,,,,,
3182,05/13/25 11:15:00,28.171,,,,,
3183,05/13/25 11:30:00,28.171,,,,,
3184,05/13/25 11:45:00,28.171,,,,,
3185,05/13/25 12:00:00,28.171,,,,,
3186,05/13/25 12:15:00,28.171,,,,,
3187,05/13/25 12:30:00,28.196,,,,,
3188,05/13/25 12:45:00,28.171,,,,,
3189,05/13/25 13:00:00,28.171,,,,,
3190,05/13/25 13:15:00,28.171,,,,,
3191,05/13/25 13:30:00,28.171,,,,,
3192,05/13/25 13:45:00,28.171,,,,,
3193,05/13/25 14:00:00,28.171,,,,,
3194,05/13/25 14:15:00,28.147,,,,,
3195,05/13/25 14:30:00,28.171,,,,,
3196,05/13/25 14:45:00,28.171,,,,,
3197,05/13/25 15:00:00,28.147,,,,,
3198,05/13/25 15:15:00,28.147,,,,,
3199,05/13/25 15:30:00,28.147,,,,,
3200,05/13/25 15:45:00,28.171,,,,,
3201,05/13/25 16:00:00,28.171,,,,,
3202,05/13/25 16:15:00,28.147,,,,,
3203,05/13/25 16:30:00,28.147,,,,,
3204,05/13/25 16:45:00,28.147,,,,,
3205,05/13/25 17:00:00,28.147,,,,,
3206,05/13/25 17:15:00,28.147,,,,,
3207,05/13/25 17:30:00,28.147,,,,,
3208,05/13/25 17:45:00,28.147,,,,,
3209,05/13/25 18:00:00,28.147,,,,,
3210,05/13/25 18:15:00,28.147,,,,,
3211,05/13/25 18:30:00,28.147,,,,,
3212,05/13/25 18:45:00,28.147,,,,,
3213,05/13/25 19:00:00,28.147,,,,,
3214,05/13/25 19:15:00,28.147,,,,,
3215,05/13/25 19:30:00,28.147,,,,,
3216,05/13/25 19:45:00,28.122,,,,,
3217,05/13/25 20:00:00,28.122,,,,,
3218,05/13/25 20:15:00,28.122,,,,,
3219,05/13/25 20:30:00,28.122,,,,,
3220,05/13/25 20:45:00,28.122,,,,,
3221,05/13/25 21:00:00,28.097,,,,,
3222,05/13/25 21:15:00,28.097,,,,,
3223,05/13/25 21:30:00,28.072,,,,,
3224,05/13/25 21:45:00,28.072,,,,,
3225,05/13/25 22:00:00,28.072,,,,,
3226,05/13/25 22:15:00,28.072,,,,,
3227,05/13/25 22:30:00,28.072,,,,,
3228,05/13/25 22:45:00,28.072,,,,,
3229,05/13/25 23:00:00,28.072,,,,,
3230,05/13/25 23:15:00,28.072,,,,,
3231,05/13/25 23:30:00,28.072,,,,,
3232,05/13/25 23:45:00,28.072,,,,,
3233,05/14/25 00:00:00,28.072,,,,,
3234,05/14/25 00:15:00,28.072,,,,,
3235,05/14/25 00:30:00,28.072,,,,,
3236,05/14/25 00:45:00,28.072,,,,,
3237,05/14/25 01:00:00,28.048,,,,,
3238,05/14/25 01:15:00,28.048,,,,,
3239,05/14/25 01:30:00,28.023,,,,,
3240,05/14/25 01:45:00,28.023,,,,,
3241,05/14/25 02:00:00,28.023,,,,,
3242,05/14/25 02:15:00,27.998,,,,,
3243,05/14/25 02:30:00,27.998,,,,,
3244,05/14/25 02:45:00,27.974,,,,,
3245,05/14/25 03:00:00,27.949,,,,,
3246,05/14/25 03:15:00,27.998,,,,,
3247,05/14/25 03:30:00,28.023,,,,,
3248,05/14/25 03:45:00,28.023,,,,,
3249,05/14/25 04:00:00,27.998,,,,,
3250,05/14/25 04:15:00,27.949,,,,,
3251,05/14/25 04:30:00,27.924,,,,,
3252,05/14/25 04:45:00,27.899,,,,,
3253,05/14/25 05:00:00,27.801,,,,,
3254,05/14/25 05:15:00,27.727,,,,,
3255,05/14/25 05:30:00,27.677,,,,,
3256,05/14/25 05:45:00,27.653,,,,,
3257,05/14/25 06:00:00,27.653,,,,,
3258,05/14/25 06:15:00,27.653,,,,,
3259,05/14/25 06:30:00,27.628,,,,,
3260,05/14/25 06:45:00,27.628,,,,,
3261,05/14/25 07:00:00,27.604,,,,,
3262,05/14/25 07:15:00,27.604,,,,,
3263,05/14/25 07:30:00,27.604,,,,,
3264,05/14/25 07:45:00,27.604,,,,,
3265,05/14/25 08:00:00,27.628,,,,,
3266,05/14/25 08:15:00,27.628,,,,,
3267,05/14/25 08:30:00,27.653,,,,,
3268,05/14/25 08:45:00,27.727,,,,,
3269,05/14/25 09:00:00,27.801,,,,,
3270,05/14/25 09:15:00,27.825,,,,,
3271,05/14/25 09:30:00,27.825,,,,,
3272,05/14/25 09:45:00,27.825,,,,,
3273,05/14/25 10:00:00,27.924,,,,,
3274,05/14/25 10:15:00,27.998,,,,,
3275,05/14/25 10:30:00,27.974,,,,,
3276,05/14/25 10:45:00,27.974,,,,,
3277,05/14/25 11:00:00,28.048,,,,,
3278,05/14/25 11:15:00,28.048,,,,,
3279,05/14/25 11:30:00,28.023,,,,,
3280,05/14/25 11:45:00,28.023,,,,,
3281,05/14/25 12:00:00,28.023,,,,,
3282,05/14/25 12:15:00,27.949,,,,,
3283,05/14/25 12:30:00,27.875,,,,,
3284,05/14/25 12:45:00,27.899,,,,,
3285,05/14/25 13:00:00,27.949,,,,,
3286,05/14/25 13:15:00,27.949,,,,,
3287,05/14/25 13:30:00,27.998,,,,,
3288,05/14/25 13:45:00,27.974,,,,,
3289,05/14/25 14:00:00,27.974,,,,,
3290,05/14/25 14:15:00,27.998,,,,,
3291,05/14/25 14:30:00,28.023,,,,,
3292,05/14/25 14:45:00,28.023,,,,,
3293,05/14/25 15:00:00,28.023,,,,,
3294,05/14/25 15:15:00,28.023,,,,,
3295,05/14/25 15:30:00,28.023,,,,,
3296,05/14/25 15:45:00,28.023,,,,,
3297,05/14/25 16:00:00,28.023,,,,,
3298,05/14/25 16:15:00,28.023,,,,,
3299,05/14/25 16:30:00,28.023,,,,,
3300,05/14/25 16:45:00,28.023,,,,,
3301,05/14/25 17:00:00,28.171,,,,,
3302,05/14/25 17:15:00,28.072,,,,,
3303,05/14/25 17:30:00,28.048,,,,,
3304,05/14/25 17:45:00,28.048,,,,,
3305,05/14/25 18:00:00,28.023,,,,,
3306,05/14/25 18:15:00,28.023,,,,,
3307,05/14/25 18:30:00,28.023,,,,,
3308,05/14/25 18:45:00,28.023,,,,,
3309,05/14/25 19:00:00,28.023,,,,,
3310,05/14/25 19:15:00,28.023,,,,,
3311,05/14/25 19:30:00,28.023,,,,,
3312,05/14/25 19:45:00,28.023,,,,,
3313,05/14/25 20:00:00,28.023,,,,,
3314,05/14/25 20:15:00,28.023,,,,,
3315,05/14/25 20:30:00,28.023,,,,,
3316,05/14/25 20:45:00,28.023,,,,,
3317,05/14/25 21:00:00,28.023,,,,,
3318,05/14/25 21:15:00,28.023,,,,,
3319,05/14/25 21:30:00,28.023,,,,,
3320,05/14/25 21:45:00,28.023,,,,,
3321,05/14/25 22:00:00,28.023,,,,,
3322,05/14/25 22:15:00,27.998,,,,,
3323,05/14/25 22:30:00,27.974,,,,,
3324,05/14/25 22:45:00,27.998,,,,,
3325,05/14/25 23:00:00,27.998,,,,,
3326,05/14/25 23:15:00,27.974,,,,,
3327,05/14/25 23:30:00,27.998,,,,,
3328,05/14/25 23:45:00,28.023,,,,,
3329,05/15/25 00:00:00,28.023,,,,,
3330,05/15/25 00:15:00,28.023,,,,,
3331,05/15/25 00:30:00,28.023,,,,,
3332,05/15/25 00:45:00,28.048,,,,,
3333,05/15/25 01:00:00,28.097,,,,,
3334,05/15/25 01:15:00,28.023,,,,,
3335,05/15/25 01:30:00,28.023,,,,,
3336,05/15/25 01:45:00,28.072,,,,,
3337,05/15/25 02:00:00,28.048,,,,,
3338,05/15/25 02:15:00,27.974,,,,,
3339,05/15/25 02:30:00,27.949,,,,,
3340,05/15/25 02:45:00,27.998,,,,,
3341,05/15/25 03:00:00,27.998,,,,,
3342,05/15/25 03:15:00,27.974,,,,,
3343,05/15/25 03:30:00,27.974,,,,,
3344,05/15/25 03:45:00,27.949,,,,,
3345,05/15/25 04:00:00,27.875,,,,,
3346,05/15/25 04:15:00,27.825,,,,,
3347,05/15/25 04:30:00,27.899,,,,,
3348,05/15/25 04:45:00,27.899,,,,,
3349,05/15/25 05:00:00,27.949,,,,,
3350,05/15/25 05:15:00,27.974,,,,,
3351,05/15/25 05:30:00,27.998,,,,,
3352,05/15/25 05:45:00,27.998,,,,,
3353,05/15/25 06:00:00,27.974,,,,,
3354,05/15/25 06:15:00,27.974,,,,,
3355,05/15/25 06:30:00,27.949,,,,,
3356,05/15/25 06:45:00,27.949,,,,,
3357,05/15/25 07:00:00,27.949,,,,,
3358,05/15/25 07:15:00,27.949,,,,,
3359,05/15/25 07:30:00,27.949,,,,,
3360,05/15/25 07:45:00,27.949,,,,,
3361,05/15/25 08:00:00,27.949,,,,,
3362,05/15/25 08:15:00,27.974,,,,,
3363,05/15/25 08:30:00,27.974,,,,,
3364,05/15/25 08:45:00,27.974,,,,,
3365,05/15/25 09:00:00,27.998,,,,,
3366,05/15/25 09:15:00,27.998,,,,,
3367,05/15/25 09:30:00,28.023,,,,,
3368,05/15/25 09:45:00,27.998,,,,,
3369,05/15/25 10:00:00,28.023,,,,,
3370,05/15/25 10:15:00,28.023,,,,,
3371,05/15/25 10:30:00,28.023,,,,,
3372,05/15/25 10:45:00,28.023,,,,,
3373,05/15/25 11:00:00,28.023,,,,,
3374,05/15/25 11:15:00,28.023,,,,,
3375,05/15/25 11:30:00,28.048,,,,,
3376,05/15/25 11:45:00,28.072,,,,,
3377,05/15/25 12:00:00,28.072,,,,,
3378,05/15/25 12:15:00,28.048,,,,,
3379,05/15/25 12:30:00,28.023,,,,,
3380,05/15/25 12:45:00,28.023,,,,,
3381,05/15/25 13:00:00,28.023,,,,,
3382,05/15/25 13:15:00,27.998,,,,,
3383,05/15/25 13:30:00,28.023,,,,,
3384,05/15/25 13:45:00,28.023,,,,,
3385,05/15/25 14:00:00,28.023,,,,,
3386,05/15/25 14:15:00,28.023,,,,,
3387,05/15/25 14:30:00,28.023,,,,,
3388,05/15/25 14:45:00,28.023,,,,,
3389,05/15/25 15:00:00,28.023,,,,,
3390,05/15/25 15:15:00,28.023,,,,,
3391,05/15/25 15:30:00,28.023,,,,,
3392,05/15/25 15:45:00,28.023,,,,,
3393,05/15/25 16:00:00,28.023,,,,,
3394,05/15/25 16:15:00,28.023,,,,,
3395,05/15/25 16:30:00,28.023,,,,,
3396,05/15/25 16:45:00,28.023,,,,,
3397,05/15/25 17:00:00,28.023,,,,,
3398,05/15/25 17:15:00,28.023,,,,,
3399,05/15/25 17:30:00,28.023,,,,,
3400,05/15/25 17:45:00,28.023,,,,,
3401,05/15/25 18:00:00,28.023,,,,,
3402,05/15/25 18:15:00,28.023,,,,,
3403,05/15/25 18:30:00,28.023,,,,,
3404,05/15/25 18:45:00,28.023,,,,,
3405,05/15/25 19:00:00,28.023,,,,,
3406,05/15/25 19:15:00,28.048,,,,,
3407,05/15/25 19:30:00,28.048,,,,,
3408,05/15/25 19:45:00,28.048,,,,,
3409,05/15/25 20:00:00,28.048,,,,,
3410,05/15/25 20:15:00,28.048,,,,,
3411,05/15/25 20:30:00,28.048,,,,,
3412,05/15/25 20:45:00,28.072,,,,,
3413,05/15/25 21:00:00,28.072,,,,,
3414,05/15/25 21:15:00,28.072,,,,,
3415,05/15/25 21:30:00,28.072,,,,,
3416,05/15/25 21:45:00,28.072,,,,,
3417,05/15/25 22:00:00,28.072,,,,,
3418,05/15/25 22:15:00,28.072,,,,,
3419,05/15/25 22:30:00,28.023,,,,,
3420,05/15/25 22:45:00,28.023,,,,,
3421,05/15/25 23:00:00,28.023,,,,,
3422,05/15/25 23:15:00,28.072,,,,,
3423,05/15/25 23:30:00,28.122,,,,,
3424,05/15/25 23:45:00,28.122,,,,,
3425,05/16/25 00:00:00,28.097,,,,,
3426,05/16/25 00:15:00,28.048,,,,,
3427,05/16/25 00:30:00,28.023,,,,,
3428,05/16/25 00:45:00,28.023,,,,,
3429,05/16/25 01:00:00,27.998,,,,,
3430,05/16/25 01:15:00,27.998,,,,,
3431,05/16/25 01:30:00,27.974,,,,,
3432,05/16/25 01:45:00,27.974,,,,,
3433,05/16/25 02:00:00,27.974,,,,,
3434,05/16/25 02:15:00,27.974,,,,,
3435,05/16/25 02:30:00,27.974,,,,,
3436,05/16/25 02:45:00,27.974,,,,,
3437,05/16/25 03:00:00,27.974,,,,,
3438,05/16/25 03:15:00,27.974,,,,,
3439,05/16/25 03:30:00,27.974,,,,,
3440,05/16/25 03:45:00,27.998,,,,,
3441,05/16/25 04:00:00,28.023,,,,,
3442,05/16/25 04:15:00,28.023,,,,,
3443,05/16/25 04:30:00,28.023,,,,,
3444,05/16/25 04:45:00,27.998,,,,,
3445,05/16/25 05:00:00,27.998,,,,,
3446,05/16/25 05:15:00,27.998,,,,,
3447,05/16/25 05:30:00,27.998,,,,,
3448,05/16/25 05:45:00,27.998,,,,,
3449,05/16/25 06:00:00,27.998,,,,,
3450,05/16/25 06:15:00,27.998,,,,,
3451,05/16/25 06:30:00,28.023,,,,,
3452,05/16/25 06:45:00,28.023,,,,,
3453,05/16/25 07:00:00,28.023,,,,,
3454,05/16/25 07:15:00,28.023,,,,,
3455,05/16/25 07:30:00,28.048,,,,,
3456,05/16/25 07:45:00,28.048,,,,,
3457,05/16/25 08:00:00,28.048,,,,,
3458,05/16/25 08:15:00,28.023,,,,,
3459,05/16/25 08:30:00,28.023,,,,,
3460,05/16/25 08:45:00,28.023,,,,,
3461,05/16/25 09:00:00,28.023,,,,,
3462,05/16/25 09:15:00,28.023,,,,,
3463,05/16/25 09:30:00,28.023,,,,,
3464,05/16/25 09:45:00,28.023,,,,,
3465,05/16/25 10:00:00,28.023,,,,,
3466,05/16/25 10:15:00,28.023,,,,,
3467,05/16/25 10:30:00,28.023,,,,,
3468,05/16/25 10:45:00,27.998,,,,,
3469,05/16/25 11:00:00,27.974,,,,,
3470,05/16/25 11:15:00,27.974,,,,,
3471,05/16/25 11:30:00,27.949,,,,,
3472,05/16/25 11:45:00,27.924,,,,,
3473,05/16/25 12:00:00,27.924,,,,,
3474,05/16/25 12:15:00,27.924,,,,,
3475,05/16/25 12:30:00,27.924,,,,,
3476,05/16/25 12:45:00,27.924,,,,,
3477,05/16/25 13:00:00,27.899,,,,,
3478,05/16/25 13:15:00,27.899,,,,,
3479,05/16/25 13:30:00,27.899,,,,,
3480,05/16/25 13:45:00,27.924,,,,,
3481,05/16/25 14:00:00,27.924,,,,,
3482,05/16/25 14:15:00,27.924,,,,,
3483,05/16/25 14:30:00,27.924,,,,,
3484,05/16/25 14:45:00,27.974,,,,,
3485,05/16/25 15:00:00,27.974,,,,,
3486,05/16/25 15:15:00,27.949,,,,,
3487,05/16/25 15:30:00,27.974,,,,,
3488,05/16/25 15:45:00,27.974,,,,,
3489,05/16/25 16:00:00,27.998,,,,,
3490,05/16/25 16:15:00,28.023,,,,,
3491,05/16/25 16:30:00,28.023,,,,,
3492,05/16/25 16:45:00,28.023,,,,,
3493,05/16/25 17:00:00,28.023,,,,,
3494,05/16/25 17:15:00,28.023,,,,,
3495,05/16/25 17:30:00,28.023,,,,,
3496,05/16/25 17:45:00,28.023,,,,,
3497,05/16/25 18:00:00,28.023,,,,,
3498,05/16/25 18:15:00,28.023,,,,,
3499,05/16/25 18:30:00,28.023,,,,,
3500,05/16/25 18:45:00,28.023,,,,,
3501,05/16/25 19:00:00,28.023,,,,,
3502,05/16/25 19:15:00,28.023,,,,,
3503,05/16/25 19:30:00,28.023,,,,,
3504,05/16/25 19:45:00,28.023,,,,,
3505,05/16/25 20:00:00,28.023,,,,,
3506,05/16/25 20:15:00,28.023,,,,,
3507,05/16/25 20:30:00,28.023,,,,,
3508,05/16/25 20:45:00,28.023,,,,,
3509,05/16/25 21:00:00,28.023,,,,,
3510,05/16/25 21:15:00,27.998,,,,,
3511,05/16/25 21:30:00,27.998,,,,,
3512,05/16/25 21:45:00,27.998,,,,,
3513,05/16/25 22:00:00,27.998,,,,,
3514,05/16/25 22:15:00,27.998,,,,,
3515,05/16/25 22:30:00,27.998,,,,,
3516,05/16/25 22:45:00,27.974,,,,,
3517,05/16/25 23:00:00,27.998,,,,,
3518,05/16/25 23:15:00,27.974,,,,,
3519,05/16/25 23:30:00,27.974,,,,,
3520,05/16/25 23:45:00,27.974,,,,,
3521,05/17/25 00:00:00,27.974,,,,,
3522,05/17/25 00:15:00,27.949,,,,,
3523,05/17/25 00:30:00,27.949,,,,,
3524,05/17/25 00:45:00,27.949,,,,,
3525,05/17/25 01:00:00,27.949,,,,,
3526,05/17/25 01:15:00,27.949,,,,,
3527,05/17/25 01:30:00,27.974,,,,,
3528,05/17/25 01:45:00,27.998,,,,,
3529,05/17/25 02:00:00,28.023,,,,,
3530,05/17/25 02:15:00,28.023,,,,,
3531,05/17/25 02:30:00,28.048,,,,,
3532,05/17/25 02:45:00,28.048,,,,,
3533,05/17/25 03:00:00,28.048,,,,,
3534,05/17/25 03:15:00,28.048,,,,,
3535,05/17/25 03:30:00,28.048,,,,,
3536,05/17/25 03:45:00,28.048,,,,,
3537,05/17/25 04:00:00,28.048,,,,,
3538,05/17/25 04:15:00,28.048,,,,,
3539,05/17/25 04:30:00,28.048,,,,,
3540,05/17/25 04:45:00,28.048,,,,,
3541,05/17/25 05:00:00,28.048,,,,,
3542,05/17/25 05:15:00,28.048,,,,,
3543,05/17/25 05:30:00,28.048,,,,,
3544,05/17/25 05:45:00,27.974,,,,,
3545,05/17/25 06:00:00,27.899,,,,,
3546,05/17/25 06:15:00,27.875,,,,,
3547,05/17/25 06:30:00,27.974,,,,,
3548,05/17/25 06:45:00,28.048,,,,,
3549,05/17/25 07:00:00,28.072,,,,,
3550,05/17/25 07:15:00,28.097,,,,,
3551,05/17/25 07:30:00,28.097,,,,,
3552,05/17/25 07:45:00,28.097,,,,,
3553,05/17/25 08:00:00,28.097,,,,,
3554,05/17/25 08:15:00,28.097,,,,,
3555,05/17/25 08:30:00,28.097,,,,,
3556,05/17/25 08:45:00,28.097,,,,,
3557,05/17/25 09:00:00,28.097,,,,,
3558,05/17/25 09:15:00,28.097,,,,,
3559,05/17/25 09:30:00,28.097,,,,,
3560,05/17/25 09:45:00,28.097,,,,,
3561,05/17/25 10:00:00,28.097,,,,,
3562,05/17/25 10:15:00,28.097,,,,,
3563,05/17/25 10:30:00,28.097,,,,,
3564,05/17/25 10:45:00,28.072,,,,,
3565,05/17/25 11:00:00,27.899,,,,,
3566,05/17/25 11:15:00,27.875,,,,,
3567,05/17/25 11:30:00,27.850,,,,,
3568,05/17/25 11:45:00,27.899,,,,,
3569,05/17/25 12:00:00,28.048,,,,,
3570,05/17/25 12:15:00,28.023,,,,,
3571,05/17/25 12:30:00,28.048,,,,,
3572,05/17/25 12:45:00,28.072,,,,,
3573,05/17/25 13:00:00,28.097,,,,,
3574,05/17/25 13:15:00,28.097,,,,,
3575,05/17/25 13:30:00,28.097,,,,,
3576,05/17/25 13:45:00,28.097,,,,,
3577,05/17/25 14:00:00,28.097,,,,,
3578,05/17/25 14:15:00,28.097,,,,,
3579,05/17/25 14:30:00,28.097,,,,,
3580,05/17/25 14:45:00,28.097,,,,,
3581,05/17/25 15:00:00,28.097,,,,,
3582,05/17/25 15:15:00,28.097,,,,,
3583,05/17/25 15:30:00,28.097,,,,,
3584,05/17/25 15:45:00,28.072,,,,,
3585,05/17/25 16:00:00,28.097,,,,,
3586,05/17/25 16:15:00,28.097,,,,,
3587,05/17/25 16:30:00,28.097,,,,,
3588,05/17/25 16:45:00,28.097,,,,,
3589,05/17/25 17:00:00,28.097,,,,,
3590,05/17/25 17:15:00,28.097,,,,,
3591,05/17/25 17:30:00,28.097,,,,,
3592,05/17/25 17:45:00,28.097,,,,,
3593,05/17/25 18:00:00,28.097,,,,,
3594,05/17/25 18:15:00,28.097,,,,,
3595,05/17/25 18:30:00,28.097,,,,,
3596,05/17/25 18:45:00,28.072,,,,,
3597,05/17/25 19:00:00,28.072,,,,,
3598,05/17/25 19:15:00,28.072,,,,,
3599,05/17/25 19:30:00,28.072,,,,,
3600,05/17/25 19:45:00,28.072,,,,,
3601,05/17/25 20:00:00,28.072,,,,,
3602,05/17/25 20:15:00,28.072,,,,,
3603,05/17/25 20:30:00,28.072,,,,,
3604,05/17/25 20:45:00,28.072,,,,,
3605,05/17/25 21:00:00,28.072,,,,,
3606,05/17/25 21:15:00,28.048,,,,,
3607,05/17/25 21:30:00,28.048,,,,,
3608,05/17/25 21:45:00,28.048,,,,,
3609,05/17/25 22:00:00,28.023,,,,,
3610,05/17/25 22:15:00,28.023,,,,,
3611,05/17/25 22:30:00,27.998,,,,,
3612,05/17/25 22:45:00,27.998,,,,,
3613,05/17/25 23:00:00,27.998,,,,,
3614,05/17/25 23:15:00,28.023,,,,,
3615,05/17/25 23:30:00,28.023,,,,,
3616,05/17/25 23:45:00,28.048,,,,,
3617,05/18/25 00:00:00,28.048,,,,,
3618,05/18/25 00:15:00,28.048,,,,,
3619,05/18/25 00:30:00,28.048,,,,,
3620,05/18/25 00:45:00,28.048,,,,,
3621,05/18/25 01:00:00,28.048,,,,,
3622,05/18/25 01:15:00,28.048,,,,,
3623,05/18/25 01:30:00,28.048,,,,,
3624,05/18/25 01:45:00,28.048,,,,,
3625,05/18/25 02:00:00,28.023,,,,,
3626,05/18/25 02:15:00,27.949,,,,,
3627,05/18/25 02:30:00,27.899,,,,,
3628,05/18/25 02:45:00,27.875,,,,,
3629,05/18/25 03:00:00,27.875,,,,,
3630,05/18/25 03:15:00,27.875,,,,,
3631,05/18/25 03:30:00,27.899,,,,,
3632,05/18/25 03:45:00,27.924,,,,,
3633,05/18/25 04:00:00,27.949,,,,,
3634,05/18/25 04:15:00,27.974,,,,,
3635,05/18/25 04:30:00,27.974,,,,,
3636,05/18/25 04:45:00,27.974,,,,,
3637,05/18/25 05:00:00,28.023,,,,,
3638,05/18/25 05:15:00,28.048,,,,,
3639,05/18/25 05:30:00,28.048,,,,,
3640,05/18/25 05:45:00,28.048,,,,,
3641,05/18/25 06:00:00,28.048,,,,,
3642,05/18/25 06:15:00,28.048,,,,,
3643,05/18/25 06:30:00,28.048,,,,,
3644,05/18/25 06:45:00,28.048,,,,,
3645,05/18/25 07:00:00,28.048,,,,,
3646,05/18/25 07:15:00,28.048,,,,,
3647,05/18/25 07:30:00,28.048,,,,,
3648,05/18/25 07:45:00,28.048,,,,,
3649,05/18/25 08:00:00,28.048,,,,,
3650,05/18/25 08:15:00,28.048,,,,,
3651,05/18/25 08:30:00,28.048,,,,,
3652,05/18/25 08:45:00,28.072,,,,,
3653,05/18/25 09:00:00,28.072,,,,,
3654,05/18/25 09:15:00,28.072,,,,,
3655,05/18/25 09:30:00,28.097,,,,,
3656,05/18/25 09:45:00,28.097,,,,,
3657,05/18/25 10:00:00,28.097,,,,,
3658,05/18/25 10:15:00,28.097,,,,,
3659,05/18/25 10:30:00,28.122,,,,,
3660,05/18/25 10:45:00,28.097,,,,,
3661,05/18/25 11:00:00,28.097,,,,,
3662,05/18/25 11:15:00,28.097,,,,,
3663,05/18/25 11:30:00,28.122,,,,,
3664,05/18/25 11:45:00,28.122,,,,,
3665,05/18/25 12:00:00,28.122,,,,,
3666,05/18/25 12:15:00,28.122,,,,,
3667,05/18/25 12:30:00,28.122,,,,,
3668,05/18/25 12:45:00,28.147,,,,,
3669,05/18/25 13:00:00,28.122,,,,,
3670,05/18/25 13:15:00,28.147,,,,,
3671,05/18/25 13:30:00,28.122,,,,,
3672,05/18/25 13:45:00,28.122,,,,,
3673,05/18/25 14:00:00,28.122,,,,,
3674,05/18/25 14:15:00,28.122,,,,,
3675,05/18/25 14:30:00,28.122,,,,,
3676,05/18/25 14:45:00,28.122,,,,,
3677,05/18/25 15:00:00,28.122,,,,,
3678,05/18/25 15:15:00,28.122,,,,,
3679,05/18/25 15:30:00,28.122,,,,,
3680,05/18/25 15:45:00,28.097,,,,,
3681,05/18/25 16:00:00,28.097,,,,,
3682,05/18/25 16:15:00,28.072,,,,,
3683,05/18/25 16:30:00,28.072,,,,,
3684,05/18/25 16:45:00,28.072,,,,,
3685,05/18/25 17:00:00,28.072,,,,,
3686,05/18/25 17:15:00,28.072,,,,,
3687,05/18/25 17:30:00,28.072,,,,,
3688,05/18/25 17:45:00,28.072,,,,,
3689,05/18/25 18:00:00,28.097,,,,,
3690,05/18/25 18:15:00,28.072,,,,,
3691,05/18/25 18:30:00,28.097,,,,,
3692,05/18/25 18:45:00,28.097,,,,,
3693,05/18/25 19:00:00,28.097,,,,,
3694,05/18/25 19:15:00,28.097,,,,,
3695,05/18/25 19:30:00,28.097,,,,,
3696,05/18/25 19:45:00,28.097,,,,,
3697,05/18/25 20:00:00,28.097,,,,,
3698,05/18/25 20:15:00,28.097,,,,,
3699,05/18/25 20:30:00,28.097,,,,,
3700,05/18/25 20:45:00,28.097,,,,,
3701,05/18/25 21:00:00,28.097,,,,,
3702,05/18/25 21:15:00,28.097,,,,,
3703,05/18/25 21:30:00,28.097,,,,,
3704,05/18/25 21:45:00,28.097,,,,,
3705,05/18/25 22:00:00,28.097,,,,,
3706,05/18/25 22:15:00,28.097,,,,,
3707,05/18/25 22:30:00,28.097,,,,,
3708,05/18/25 22:45:00,28.072,,,,,
3709,05/18/25 23:00:00,28.072,,,,,
3710,05/18/25 23:15:00,28.097,,,,,
3711,05/18/25 23:30:00,28.097,,,,,
3712,05/18/25 23:45:00,28.072,,,,,
3713,05/19/25 00:00:00,28.097,,,,,
3714,05/19/25 00:15:00,28.072,,,,,
3715,05/19/25 00:30:00,28.097,,,,,
3716,05/19/25 00:45:00,28.122,,,,,
3717,05/19/25 01:00:00,28.122,,,,,
3718,05/19/25 01:15:00,28.147,,,,,
3719,05/19/25 01:30:00,28.147,,,,,
3720,05/19/25 01:45:00,28.147,,,,,
3721,05/19/25 02:00:00,28.147,,,,,
3722,05/19/25 02:15:00,28.147,,,,,
3723,05/19/25 02:30:00,28.147,,,,,
3724,05/19/25 02:45:00,28.147,,,,,
3725,05/19/25 03:00:00,28.147,,,,,
3726,05/19/25 03:15:00,28.147,,,,,
3727,05/19/25 03:30:00,28.147,,,,,
3728,05/19/25 03:45:00,28.147,,,,,
3729,05/19/25 04:00:00,28.147,,,,,
3730,05/19/25 04:15:00,28.147,,,,,
3731,05/19/25 04:30:00,28.147,,,,,
3732,05/19/25 04:45:00,28.147,,,,,
3733,05/19/25 05:00:00,28.147,,,,,
3734,05/19/25 05:15:00,28.147,,,,,
3735,05/19/25 05:30:00,28.147,,,,,
3736,05/19/25 05:45:00,28.147,,,,,
3737,05/19/25 06:00:00,28.147,,,,,
3738,05/19/25 06:15:00,28.147,,,,,
3739,05/19/25 06:30:00,28.147,,,,,
3740,05/19/25 06:45:00,28.147,,,,,
3741,05/19/25 07:00:00,28.147,,,,,
3742,05/19/25 07:15:00,28.147,,,,,
3743,05/19/25 07:30:00,28.171,,,,,
3744,05/19/25 07:45:00,28.221,,,,,
3745,05/19/25 08:00:00,28.196,,,,,
3746,05/19/25 08:15:00,28.196,,,,,
3747,05/19/25 08:30:00,28.196,,,,,
3748,05/19/25 08:45:00,28.196,,,,,
3749,05/19/25 09:00:00,28.196,,,,,
3750,05/19/25 09:15:00,28.196,,,,,
3751,05/19/25 09:30:00,28.171,,,,,
3752,05/19/25 09:45:00,28.196,,,,,
3753,05/19/25 10:00:00,28.196,,,,,
3754,05/19/25 10:15:00,28.196,,,,,
3755,05/19/25 10:30:00,28.196,,,,,
3756,05/19/25 10:45:00,28.196,,,,,
3757,05/19/25 11:00:00,28.196,,,,,
3758,05/19/25 11:15:00,28.196,,,,,
3759,05/19/25 11:30:00,28.221,,,,,
3760,05/19/25 11:45:00,28.221,,,,,
3761,05/19/25 12:00:00,28.221,,,,,
3762,05/19/25 12:15:00,28.245,,,,,
3763,05/19/25 12:30:00,28.245,,,,,
3764,05/19/25 12:45:00,28.245,,,,,
3765,05/19/25 13:00:00,28.245,,,,,
3766,05/19/25 13:15:00,28.245,,,,,
3767,05/19/25 13:30:00,28.245,,,,,
3768,05/19/25 13:45:00,28.245,,,,,
3769,05/19/25 14:00:00,28.245,,,,,
3770,05/19/25 14:15:00,28.245,,,,,
3771,05/19/25 14:30:00,28.245,,,,,
3772,05/19/25 14:45:00,28.245,,,,,
3773,05/19/25 15:00:00,28.245,,,,,
3774,05/19/25 15:15:00,28.221,,,,,
3775,05/19/25 15:30:00,28.221,,,,,
3776,05/19/25 15:45:00,28.221,,,,,
3777,05/19/25 16:00:00,28.196,,,,,
3778,05/19/25 16:15:00,28.221,,,,,
3779,05/19/25 16:30:00,28.221,,,,,
3780,05/19/25 16:45:00,28.221,,,,,
3781,05/19/25 17:00:00,28.221,,,,,
3782,05/19/25 17:15:00,28.221,,,,,
3783,05/19/25 17:30:00,28.245,,,,,
3784,05/19/25 17:45:00,28.245,,,,,
3785,05/19/25 18:00:00,28.245,,,,,
3786,05/19/25 18:15:00,28.245,,,,,
3787,05/19/25 18:30:00,28.245,,,,,
3788,05/19/25 18:45:00,28.245,,,,,
3789,05/19/25 19:00:00,28.245,,,,,
3790,05/19/25 19:15:00,28.245,,,,,
3791,05/19/25 19:30:00,28.245,,,,,
3792,05/19/25 19:45:00,28.245,,,,,
3793,05/19/25 20:00:00,28.245,,,,,
3794,05/19/25 20:15:00,28.245,,,,,
3795,05/19/25 20:30:00,28.245,,,,,
3796,05/19/25 20:45:00,28.221,,,,,
3797,05/19/25 21:00:00,28.245,,,,,
3798,05/19/25 21:15:00,28.245,,,,,
3799,05/19/25 21:30:00,28.245,,,,,
3800,05/19/25 21:45:00,28.245,,,,,
3801,05/19/25 22:00:00,28.245,,,,,
3802,05/19/25 22:15:00,28.245,,,,,
3803,05/19/25 22:30:00,28.245,,,,,
3804,05/19/25 22:45:00,28.245,,,,,
3805,05/19/25 23:00:00,28.245,,,,,
3806,05/19/25 23:15:00,28.270,,,,,
3807,05/19/25 23:30:00,28.270,,,,,
3808,05/19/25 23:45:00,28.295,,,,,
3809,05/20/25 00:00:00,28.295,,,,,
3810,05/20/25 00:15:00,28.270,,,,,
3811,05/20/25 00:30:00,28.270,,,,,
3812,05/20/25 00:45:00,28.270,,,,,
3813,05/20/25 01:00:00,28.270,,,,,
3814,05/20/25 01:15:00,28.245,,,,,
3815,05/20/25 01:30:00,28.245,,,,,
3816,05/20/25 01:45:00,28.245,,,,,
3817,05/20/25 02:00:00,28.245,,,,,
3818,05/20/25 02:15:00,28.221,,,,,
3819,05/20/25 02:30:00,28.245,,,,,
3820,05/20/25 02:45:00,28.245,,,,,
3821,05/20/25 03:00:00,28.245,,,,,
3822,05/20/25 03:15:00,28.245,,,,,
3823,05/20/25 03:30:00,28.245,,,,,
3824,05/20/25 03:45:00,28.245,,,,,
3825,05/20/25 04:00:00,28.245,,,,,
3826,05/20/25 04:15:00,28.245,,,,,
3827,05/20/25 04:30:00,28.245,,,,,
3828,05/20/25 04:45:00,28.245,,,,,
3829,05/20/25 05:00:00,28.245,,,,,
3830,05/20/25 05:15:00,28.270,,,,,
3831,05/20/25 05:30:00,28.270,,,,,
3832,05/20/25 05:45:00,28.295,,,,,
3833,05/20/25 06:00:00,28.295,,,,,
3834,05/20/25 06:15:00,28.270,,,,,
3835,05/20/25 06:30:00,28.270,,,,,
3836,05/20/25 06:45:00,28.270,,,,,
3837,05/20/25 07:00:00,28.270,,,,,
3838,05/20/25 07:15:00,28.270,,,,,
3839,05/20/25 07:30:00,28.295,,,,,
3840,05/20/25 07:45:00,28.270,,,,,
3841,05/20/25 08:00:00,28.270,,,,,
3842,05/20/25 08:15:00,28.270,,,,,
3843,05/20/25 08:30:00,28.295,,,,,
3844,05/20/25 08:45:00,28.295,,,,,
3845,05/20/25 09:00:00,28.320,,,,,
3846,05/20/25 09:15:00,28.345,,,,,
3847,05/20/25 09:30:00,28.345,,,,,
3848,05/20/25 09:45:00,28.345,,,,,
3849,05/20/25 10:00:00,28.345,,,,,
3850,05/20/25 10:15:00,28.345,,,,,
3851,05/20/25 10:30:00,28.345,,,,,
3852,05/20/25 10:45:00,28.345,,,,,
3853,05/20/25 11:00:00,28.369,,,,,
3854,05/20/25 11:15:00,28.345,,,,,
3855,05/20/25 11:30:00,28.345,,,,,
3856,05/20/25 11:45:00,28.345,,,,,
3857,05/20/25 12:00:00,28.345,,,,,
3858,05/20/25 12:15:00,28.345,,,,,
3859,05/20/25 12:30:00,28.345,,,,,
3860,05/20/25 12:45:00,28.345,,,,,
3861,05/20/25 13:00:00,28.369,,,,,
3862,05/20/25 13:15:00,28.345,,,,,
3863,05/20/25 13:30:00,28.345,,,,,
3864,05/20/25 13:45:00,28.345,,,,,
3865,05/20/25 14:00:00,28.345,,,,,
3866,05/20/25 14:15:00,28.345,,,,,
3867,05/20/25 14:30:00,28.345,,,,,
3868,05/20/25 14:45:00,28.320,,,,,
3869,05/20/25 15:00:00,28.320,,,,,
3870,05/20/25 15:15:00,28.345,,,,,
3871,05/20/25 15:30:00,28.345,,,,,
3872,05/20/25 15:45:00,28.320,,,,,
3873,05/20/25 16:00:00,28.320,,,,,
3874,05/20/25 16:15:00,28.320,,,,,
3875,05/20/25 16:30:00,28.320,,,,,
3876,05/20/25 16:45:00,28.320,,,,,
3877,05/20/25 17:00:00,28.295,,,,,
3878,05/20/25 17:15:00,28.295,,,,,
3879,05/20/25 17:30:00,28.295,,,,,
3880,05/20/25 17:45:00,28.320,,,,,
3881,05/20/25 18:00:00,28.320,,,,,
3882,05/20/25 18:15:00,28.320,,,,,
3883,05/20/25 18:30:00,28.295,,,,,
3884,05/20/25 18:45:00,28.295,,,,,
3885,05/20/25 19:00:00,28.295,,,,,
3886,05/20/25 19:15:00,28.295,,,,,
3887,05/20/25 19:30:00,28.295,,,,,
3888,05/20/25 19:45:00,28.295,,,,,
3889,05/20/25 20:00:00,28.295,,,,,
3890,05/20/25 20:15:00,28.295,,,,,
3891,05/20/25 20:30:00,28.295,,,,,
3892,05/20/25 20:45:00,28.270,,,,,
3893,05/20/25 21:00:00,28.270,,,,,
3894,05/20/25 21:15:00,28.270,,,,,
3895,05/20/25 21:30:00,28.270,,,,,
3896,05/20/25 21:45:00,28.270,,,,,
3897,05/20/25 22:00:00,28.295,,,,,
3898,05/20/25 22:15:00,28.295,,,,,
3899,05/20/25 22:30:00,28.295,,,,,
3900,05/20/25 22:45:00,28.295,,,,,
3901,05/20/25 23:00:00,28.295,,,,,
3902,05/20/25 23:15:00,28.295,,,,,
3903,05/20/25 23:30:00,28.295,,,,,
3904,05/20/25 23:45:00,28.295,,,,,
3905,05/21/25 00:00:00,28.295,,,,,
3906,05/21/25 00:15:00,28.295,,,,,
3907,05/21/25 00:30:00,28.295,,,,,
3908,05/21/25 00:45:00,28.320,,,,,
3909,05/21/25 01:00:00,28.320,,,,,
3910,05/21/25 01:15:00,28.345,,,,,
3911,05/21/25 01:30:00,28.444,,,,,
3912,05/21/25 01:45:00,28.444,,,,,
3913,05/21/25 02:00:00,28.493,,,,,
3914,05/21/25 02:15:00,28.518,,,,,
3915,05/21/25 02:30:00,28.518,,,,,
3916,05/21/25 02:45:00,28.543,,,,,
3917,05/21/25 03:00:00,28.543,,,,,
3918,05/21/25 03:15:00,28.518,,,,,
3919,05/21/25 03:30:00,28.493,,,,,
3920,05/21/25 03:45:00,28.518,,,,,
3921,05/21/25 04:00:00,28.493,,,,,
3922,05/21/25 04:15:00,28.493,,,,,
3923,05/21/25 04:30:00,28.493,,,,,
3924,05/21/25 04:45:00,28.493,,,,,
3925,05/21/25 05:00:00,28.468,,,,,
3926,05/21/25 05:15:00,28.468,,,,,
3927,05/21/25 05:30:00,28.468,,,,,
3928,05/21/25 05:45:00,28.468,,,,,
3929,05/21/25 06:00:00,28.468,,,,,
3930,05/21/25 06:15:00,28.468,,,,,
3931,05/21/25 06:30:00,28.468,,,,,
3932,05/21/25 06:45:00,28.468,,,,,
3933,05/21/25 07:00:00,28.468,,,,,
3934,05/21/25 07:15:00,28.493,,,,,
3935,05/21/25 07:30:00,28.493,,,,,
3936,05/21/25 07:45:00,28.493,,,,,
3937,05/21/25 08:00:00,28.493,,,,,
3938,05/21/25 08:15:00,28.493,,,,,
3939,05/21/25 08:30:00,28.518,,,,,
3940,05/21/25 08:45:00,28.518,,,,,
3941,05/21/25 09:00:00,28.518,,,,,
3942,05/21/25 09:15:00,28.518,,,,,
3943,05/21/25 09:30:00,28.518,,,,,
3944,05/21/25 09:45:00,28.518,,,,,
3945,05/21/25 10:00:00,28.543,,,,,
3946,05/21/25 10:15:00,28.518,,,,,
3947,05/21/25 10:30:00,28.543,,,,,
3948,05/21/25 10:45:00,28.543,,,,,
3949,05/21/25 11:00:00,28.568,,,,,
3950,05/21/25 11:15:00,28.568,,,,,
3951,05/21/25 11:30:00,28.543,,,,,
3952,05/21/25 11:45:00,28.568,,,,,
3953,05/21/25 12:00:00,28.543,,,,,
3954,05/21/25 12:15:00,28.543,,,,,
3955,05/21/25 12:30:00,28.568,,,,,
3956,05/21/25 12:45:00,28.568,,,,,
3957,05/21/25 13:00:00,28.568,,,,,
3958,05/21/25 13:15:00,28.568,,,,,
3959,05/21/25 13:30:00,28.568,,,,,
3960,05/21/25 13:45:00,28.568,,,,,
3961,05/21/25 14:00:00,28.568,,,,,
3962,05/21/25 14:15:00,28.568,,,,,
3963,05/21/25 14:30:00,28.568,,,,,
3964,05/21/25 14:45:00,28.593,,,,,
3965,05/21/25 15:00:00,28.593,,,,,
3966,05/21/25 15:15:00,28.568,,,,,
3967,05/21/25 15:30:00,28.593,,,,,
3968,05/21/25 15:45:00,28.593,,,,,
3969,05/21/25 16:00:00,28.593,,,,,
3970,05/21/25 16:15:00,28.593,,,,,
3971,05/21/25 16:30:00,28.593,,,,,
3972,05/21/25 16:45:00,28.593,,,,,
3973,05/21/25 17:00:00,28.593,,,,,
3974,05/21/25 17:15:00,28.568,,,,,
3975,05/21/25 17:30:00,28.568,,,,,
3976,05/21/25 17:45:00,28.568,,,,,
3977,05/21/25 18:00:00,28.543,,,,,
3978,05/21/25 18:15:00,28.543,,,,,
3979,05/21/25 18:30:00,28.543,,,,,
3980,05/21/25 18:45:00,28.543,,,,,
3981,05/21/25 19:00:00,28.543,,,,,
3982,05/21/25 19:15:00,28.518,,,,,
3983,05/21/25 19:30:00,28.518,,,,,
3984,05/21/25 19:45:00,28.518,,,,,
3985,05/21/25 20:00:00,28.518,,,,,
3986,05/21/25 20:15:00,28.518,,,,,
3987,05/21/25 20:30:00,28.493,,,,,
3988,05/21/25 20:45:00,28.493,,,,,
3989,05/21/25 21:00:00,28.493,,,,,
3990,05/21/25 21:15:00,28.493,,,,,
3991,05/21/25 21:30:00,28.493,,,,,
3992,05/21/25 21:45:00,28.493,,,,,
3993,05/21/25 22:00:00,28.493,,,,,
3994,05/21/25 22:15:00,28.518,,,,,
3995,05/21/25 22:30:00,28.518,,,,,
3996,05/21/25 22:45:00,28.518,,,,,
3997,05/21/25 23:00:00,28.543,,,,,
3998,05/21/25 23:15:00,28.543,,,,,
3999,05/21/25 23:30:00,28.568,,,,,
4000,05/21/25 23:45:00,28.593,,,,,
4001,05/22/25 00:00:00,28.568,,,,,
4002,05/22/25 00:15:00,28.593,,,,,
4003,05/22/25 00:30:00,28.568,,,,,
4004,05/22/25 00:45:00,28.568,,,,,
4005,05/22/25 01:00:00,28.543,,,,,
4006,05/22/25 01:15:00,28.568,,,,,
4007,05/22/25 01:30:00,28.568,,,,,
4008,05/22/25 01:45:00,28.568,,,,,
4009,05/22/25 02:00:00,28.568,,,,,
4010,05/22/25 02:15:00,28.518,,,,,
4011,05/22/25 02:30:00,28.493,,,,,
4012,05/22/25 02:45:00,28.468,,,,,
4013,05/22/25 03:00:00,28.468,,,,,
4014,05/22/25 03:15:00,28.468,,,,,
4015,05/22/25 03:30:00,28.468,,,,,
4016,05/22/25 03:45:00,28.468,,,,,
4017,05/22/25 04:00:00,28.493,,,,,
4018,05/22/25 04:15:00,28.493,,,,,
4019,05/22/25 04:30:00,28.468,,,,,
4020,05/22/25 04:45:00,28.468,,,,,
4021,05/22/25 05:00:00,28.468,,,,,
4022,05/22/25 05:15:00,28.444,,,,,
4023,05/22/25 05:30:00,28.444,,,,,
4024,05/22/25 05:45:00,28.444,,,,,
4025,05/22/25 06:00:00,28.444,,,,,
4026,05/22/25 06:15:00,28.444,,,,,
4027,05/22/25 06:30:00,28.444,,,,,
4028,05/22/25 06:45:00,28.444,,,,,
4029,05/22/25 07:00:00,28.444,,,,,
4030,05/22/25 07:15:00,28.444,,,,,
4031,05/22/25 07:30:00,28.444,,,,,
4032,05/22/25 07:45:00,28.444,,,,,
4033,05/22/25 08:00:00,28.444,,,,,
4034,05/22/25 08:15:00,28.444,,,,,
4035,05/22/25 08:30:00,28.468,,,,,
4036,05/22/25 08:45:00,28.493,,,,,
4037,05/22/25 09:00:00,28.617,,,,,
4038,05/22/25 09:15:00,28.642,,,,,
4039,05/22/25 09:30:00,28.642,,,,,
4040,05/22/25 09:45:00,28.667,,,,,
4041,05/22/25 10:00:00,28.642,,,,,
4042,05/22/25 10:15:00,28.667,,,,,
4043,05/22/25 10:30:00,28.717,,,,,
4044,05/22/25 10:45:00,28.642,,,,,
4045,05/22/25 11:00:00,28.617,,,,,
4046,05/22/25 11:15:00,28.568,,,,,
4047,05/22/25 11:30:00,28.568,,,,,
4048,05/22/25 11:45:00,28.543,,,,,
4049,05/22/25 12:00:00,28.543,,,,,
4050,05/22/25 12:15:00,28.568,,,,,
4051,05/22/25 12:30:00,28.568,,,,,
4052,05/22/25 12:45:00,28.593,,,,,
4053,05/22/25 13:00:00,28.543,,,,,
4054,05/22/25 13:15:00,28.543,,,,,
4055,05/22/25 13:30:00,28.543,,,,,
4056,05/22/25 13:45:00,28.543,,,,,
4057,05/22/25 14:00:00,28.543,,,,,
4058,05/22/25 14:15:00,28.543,,,,,
4059,05/22/25 14:30:00,28.543,,,,,
4060,05/22/25 14:45:00,28.543,,,,,
4061,05/22/25 15:00:00,28.543,,,,,
4062,05/22/25 15:15:00,28.543,,,,,
4063,05/22/25 15:30:00,28.543,,,,,
4064,05/22/25 15:45:00,28.543,,,,,
4065,05/22/25 16:00:00,28.543,,,,,
4066,05/22/25 16:15:00,28.543,,,,,
4067,05/22/25 16:30:00,28.518,,,,,
4068,05/22/25 16:45:00,28.518,,,,,
4069,05/22/25 17:00:00,28.518,,,,,
4070,05/22/25 17:15:00,28.518,,,,,
4071,05/22/25 17:30:00,28.518,,,,,
4072,05/22/25 17:45:00,28.518,,,,,
4073,05/22/25 18:00:00,28.518,,,,,
4074,05/22/25 18:15:00,28.518,,,,,
4075,05/22/25 18:30:00,28.518,,,,,
4076,05/22/25 18:45:00,28.518,,,,,
4077,05/22/25 19:00:00,28.518,,,,,
4078,05/22/25 19:15:00,28.518,,,,,
4079,05/22/25 19:30:00,28.518,,,,,
4080,05/22/25 19:45:00,28.518,,,,,
4081,05/22/25 20:00:00,28.518,,,,,
4082,05/22/25 20:15:00,28.518,,,,,
4083,05/22/25 20:30:00,28.518,,,,,
4084,05/22/25 20:45:00,28.493,,,,,
4085,05/22/25 21:00:00,28.493,,,,,
4086,05/22/25 21:15:00,28.493,,,,,
4087,05/22/25 21:30:00,28.493,,,,,
4088,05/22/25 21:45:00,28.493,,,,,
4089,05/22/25 22:00:00,28.493,,,,,
4090,05/22/25 22:15:00,28.518,,,,,
4091,05/22/25 22:30:00,28.518,,,,,
4092,05/22/25 22:45:00,28.518,,,,,
4093,05/22/25 23:00:00,28.518,,,,,
4094,05/22/25 23:15:00,28.518,,,,,
4095,05/22/25 23:30:00,28.518,,,,,
4096,05/22/25 23:45:00,28.518,,,,,
4097,05/23/25 00:00:00,28.518,,,,,
4098,05/23/25 00:15:00,28.518,,,,,
4099,05/23/25 00:30:00,28.518,,,,,
4100,05/23/25 00:45:00,28.518,,,,,
4101,05/23/25 01:00:00,28.543,,,,,
4102,05/23/25 01:15:00,28.543,,,,,
4103,05/23/25 01:30:00,28.543,,,,,
4104,05/23/25 01:45:00,28.518,,,,,
4105,05/23/25 02:00:00,28.493,,,,,
4106,05/23/25 02:15:00,28.493,,,,,
4107,05/23/25 02:30:00,28.493,,,,,
4108,05/23/25 02:45:00,28.518,,,,,
4109,05/23/25 03:00:00,28.518,,,,,
4110,05/23/25 03:15:00,28.518,,,,,
4111,05/23/25 03:30:00,28.493,,,,,
4112,05/23/25 03:45:00,28.468,,,,,
4113,05/23/25 04:00:00,28.468,,,,,
4114,05/23/25 04:15:00,28.468,,,,,
4115,05/23/25 04:30:00,28.444,,,,,
4116,05/23/25 04:45:00,28.419,,,,,
4117,05/23/25 05:00:00,28.419,,,,,
4118,05/23/25 05:15:00,28.419,,,,,
4119,05/23/25 05:30:00,28.419,,,,,
4120,05/23/25 05:45:00,28.419,,,,,
4121,05/23/25 06:00:00,28.419,,,,,
4122,05/23/25 06:15:00,28.444,,,,,
4123,05/23/25 06:30:00,28.444,,,,,
4124,05/23/25 06:45:00,28.444,,,,,
4125,05/23/25 07:00:00,28.444,,,,,
4126,05/23/25 07:15:00,28.444,,,,,
4127,05/23/25 07:30:00,28.468,,,,,
4128,05/23/25 07:45:00,28.468,,,,,
4129,05/23/25 08:00:00,28.444,,,,,
4130,05/23/25 08:15:00,28.444,,,,,
4131,05/23/25 08:30:00,28.444,,,,,
4132,05/23/25 08:45:00,28.444,,,,,
4133,05/23/25 09:00:00,28.444,,,,,
4134,05/23/25 09:15:00,28.468,,,,,
4135,05/23/25 09:30:00,28.468,,,,,
4136,05/23/25 09:45:00,28.468,,,,,
4137,05/23/25 10:00:00,28.468,,,,,
4138,05/23/25 10:15:00,28.468,,,,,
4139,05/23/25 10:30:00,28.444,,,,,
4140,05/23/25 10:45:00,28.468,,,,,
4141,05/23/25 11:00:00,28.444,,,,,
4142,05/23/25 11:15:00,28.468,,,,,
4143,05/23/25 11:30:00,28.468,,,,,
4144,05/23/25 11:45:00,28.493,,,,,
4145,05/23/25 12:00:00,28.468,,,,,
4146,05/23/25 12:15:00,28.468,,,,,
4147,05/23/25 12:30:00,28.468,,,,,
4148,05/23/25 12:45:00,28.468,,,,,
4149,05/23/25 13:00:00,28.468,,,,,
4150,05/23/25 13:15:00,28.468,,,,,
4151,05/23/25 13:30:00,28.468,,,,,
4152,05/23/25 13:45:00,28.493,,,,,
4153,05/23/25 14:00:00,28.468,,,,,
4154,05/23/25 14:15:00,28.468,,,,,
4155,05/23/25 14:30:00,28.468,,,,,
4156,05/23/25 14:45:00,28.468,,,,,
4157,05/23/25 15:00:00,28.468,,,,,
4158,05/23/25 15:15:00,28.468,,,,,
4159,05/23/25 15:30:00,28.468,,,,,
4160,05/23/25 15:45:00,28.468,,,,,
4161,05/23/25 16:00:00,28.468,,,,,
4162,05/23/25 16:15:00,28.468,,,,,
4163,05/23/25 16:30:00,28.468,,,,,
4164,05/23/25 16:45:00,28.444,,,,,
4165,05/23/25 17:00:00,28.444,,,,,
4166,05/23/25 17:15:00,28.444,,,,,
4167,05/23/25 17:30:00,28.444,,,,,
4168,05/23/25 17:45:00,28.444,,,,,
4169,05/23/25 18:00:00,28.444,,,,,
4170,05/23/25 18:15:00,28.444,,,,,
4171,05/23/25 18:30:00,28.444,,,,,
4172,05/23/25 18:45:00,28.419,,,,,
4173,05/23/25 19:00:00,28.419,,,,,
4174,05/23/25 19:15:00,28.419,,,,,
4175,05/23/25 19:30:00,28.419,,,,,
4176,05/23/25 19:45:00,28.419,,,,,
4177,05/23/25 20:00:00,28.419,,,,,
4178,05/23/25 20:15:00,28.419,,,,,
4179,05/23/25 20:30:00,28.419,,,,,
4180,05/23/25 20:45:00,28.419,,,,,
4181,05/23/25 21:00:00,28.419,,,,,
4182,05/23/25 21:15:00,28.642,,,,,
4183,05/23/25 21:30:00,28.617,,,,,
4184,05/23/25 21:45:00,28.667,,,,,
4185,05/23/25 22:00:00,28.593,,,,,
4186,05/23/25 22:15:00,28.518,,,,,
4187,05/23/25 22:30:00,28.518,,,,,
4188,05/23/25 22:45:00,28.543,,,,,
4189,05/23/25 23:00:00,28.866,,,,,
4190,05/23/25 23:15:00,28.617,,,,,
4191,05/23/25 23:30:00,28.543,,,,,
4192,05/23/25 23:45:00,28.493,,,,,
4193,05/24/25 00:00:00,28.468,,,,,
4194,05/24/25 00:15:00,28.518,,,,,
4195,05/24/25 00:30:00,28.692,,,,,
4196,05/24/25 00:45:00,28.543,,,,,
4197,05/24/25 01:00:00,28.493,,,,,
4198,05/24/25 01:15:00,28.468,,,,,
4199,05/24/25 01:30:00,28.468,,,,,
4200,05/24/25 01:45:00,28.468,,,,,
4201,05/24/25 02:00:00,28.444,,,,,
4202,05/24/25 02:15:00,28.444,,,,,
4203,05/24/25 02:30:00,28.444,,,,,
4204,05/24/25 02:45:00,28.493,,,,,
4205,05/24/25 03:00:00,28.766,,,,,
4206,05/24/25 03:15:00,28.543,,,,,
4207,05/24/25 03:30:00,28.493,,,,,
4208,05/24/25 03:45:00,28.593,,,,,
4209,05/24/25 04:00:00,28.742,,,,,
4210,05/24/25 04:15:00,28.692,,,,,
4211,05/24/25 04:30:00,28.667,,,,,
4212,05/24/25 04:45:00,28.667,,,,,
4213,05/24/25 05:00:00,28.617,,,,,
4214,05/24/25 05:15:00,28.593,,,,,
4215,05/24/25 05:30:00,28.667,,,,,
4216,05/24/25 05:45:00,28.766,,,,,
4217,05/24/25 06:00:00,28.791,,,,,
4218,05/24/25 06:15:00,28.791,,,,,
4219,05/24/25 06:30:00,28.766,,,,,
4220,05/24/25 06:45:00,28.742,,,,,
4221,05/24/25 07:00:00,28.742,,,,,
4222,05/24/25 07:15:00,28.742,,,,,
4223,05/24/25 07:30:00,28.742,,,,,
4224,05/24/25 07:45:00,28.717,,,,,
4225,05/24/25 08:00:00,28.642,,,,,
4226,05/24/25 08:15:00,28.593,,,,,
4227,05/24/25 08:30:00,28.667,,,,,
4228,05/24/25 08:45:00,28.692,,,,,
4229,05/24/25 09:00:00,28.667,,,,,
4230,05/24/25 09:15:00,28.642,,,,,
4231,05/24/25 09:30:00,28.642,,,,,
4232,05/24/25 09:45:00,28.617,,,,,
4233,05/24/25 10:00:00,28.617,,,,,
4234,05/24/25 10:15:00,28.642,,,,,
4235,05/24/25 10:30:00,28.642,,,,,
4236,05/24/25 10:45:00,28.642,,,,,
4237,05/24/25 11:00:00,28.667,,,,,
4238,05/24/25 11:15:00,28.692,,,,,
4239,05/24/25 11:30:00,28.692,,,,,
4240,05/24/25 11:45:00,28.692,,,,,
4241,05/24/25 12:00:00,28.692,,,,,
4242,05/24/25 12:15:00,28.717,,,,,
4243,05/24/25 12:30:00,28.717,,,,,
4244,05/24/25 12:45:00,28.717,,,,,
4245,05/24/25 13:00:00,28.717,,,,,
4246,05/24/25 13:15:00,28.692,,,,,
4247,05/24/25 13:30:00,28.692,,,,,
4248,05/24/25 13:45:00,28.692,,,,,
4249,05/24/25 14:00:00,28.717,,,,,
4250,05/24/25 14:15:00,28.717,,,,,
4251,05/24/25 14:30:00,28.717,,,,,
4252,05/24/25 14:45:00,28.742,,,,,
4253,05/24/25 15:00:00,28.766,,,,,
4254,05/24/25 15:15:00,28.791,,,,,
4255,05/24/25 15:30:00,28.816,,,,,
4256,05/24/25 15:45:00,28.791,,,,,
4257,05/24/25 16:00:00,28.766,,,,,
4258,05/24/25 16:15:00,28.742,,,,,
4259,05/24/25 16:30:00,28.742,,,,,
4260,05/24/25 16:45:00,28.667,,,,,
4261,05/24/25 17:00:00,28.667,,,,,
4262,05/24/25 17:15:00,28.667,,,,,
4263,05/24/25 17:30:00,28.692,,,,,
4264,05/24/25 17:45:00,28.692,,,,,
4265,05/24/25 18:00:00,28.692,,,,,
4266,05/24/25 18:15:00,28.692,,,,,
4267,05/24/25 18:30:00,28.667,,,,,
4268,05/24/25 18:45:00,28.667,,,,,
4269,05/24/25 19:00:00,28.667,,,,,
4270,05/24/25 19:15:00,28.742,,,,,
4271,05/24/25 19:30:00,28.816,,,,,
4272,05/24/25 19:45:00,28.816,,,,,
4273,05/24/25 20:00:00,28.791,,,,,
4274,05/24/25 20:15:00,28.791,,,,,
4275,05/24/25 20:30:00,28.791,,,,,
4276,05/24/25 20:45:00,28.791,,,,,
4277,05/24/25 21:00:00,28.791,,,,,
4278,05/24/25 21:15:00,28.791,,,,,
4279,05/24/25 21:30:00,28.816,,,,,
4280,05/24/25 21:45:00,28.866,,,,,
4281,05/24/25 22:00:00,28.866,,,,,
4282,05/24/25 22:15:00,28.866,,,,,
4283,05/24/25 22:30:00,28.866,,,,,
4284,05/24/25 22:45:00,28.841,,,,,
4285,05/24/25 23:00:00,28.816,,,,,
4286,05/24/25 23:15:00,28.791,,,,,
4287,05/24/25 23:30:00,28.717,,,,,
4288,05/24/25 23:45:00,28.667,,,,,
4289,05/25/25 00:00:00,28.717,,,,,
4290,05/25/25 00:15:00,28.692,,,,,
4291,05/25/25 00:30:00,28.667,,,,,
4292,05/25/25 00:45:00,28.667,,,,,
4293,05/25/25 01:00:00,28.717,,,,,
4294,05/25/25 01:15:00,28.642,,,,,
4295,05/25/25 01:30:00,28.593,,,,,
4296,05/25/25 01:45:00,28.617,,,,,
4297,05/25/25 02:00:00,28.667,,,,,
4298,05/25/25 02:15:00,28.766,,,,,
4299,05/25/25 02:30:00,28.791,,,,,
4300,05/25/25 02:45:00,28.791,,,,,
4301,05/25/25 03:00:00,28.791,,,,,
4302,05/25/25 03:15:00,28.816,,,,,
4303,05/25/25 03:30:00,28.816,,,,,
4304,05/25/25 03:45:00,28.791,,,,,
4305,05/25/25 04:00:00,28.717,,,,,
4306,05/25/25 04:15:00,28.667,,,,,
4307,05/25/25 04:30:00,28.617,,,,,
4308,05/25/25 04:45:00,28.543,,,,,
4309,05/25/25 05:00:00,28.493,,,,,
4310,05/25/25 05:15:00,28.468,,,,,
4311,05/25/25 05:30:00,28.468,,,,,
4312,05/25/25 05:45:00,28.493,,,,,
4313,05/25/25 06:00:00,28.543,,,,,
4314,05/25/25 06:15:00,28.518,,,,,
4315,05/25/25 06:30:00,28.468,,,,,
4316,05/25/25 06:45:00,28.444,,,,,
4317,05/25/25 07:00:00,28.444,,,,,
4318,05/25/25 07:15:00,28.419,,,,,
4319,05/25/25 07:30:00,28.444,,,,,
4320,05/25/25 07:45:00,28.444,,,,,
4321,05/25/25 08:00:00,28.444,,,,,
4322,05/25/25 08:15:00,28.444,,,,,
4323,05/25/25 08:30:00,28.444,,,,,
4324,05/25/25 08:45:00,28.444,,,,,
4325,05/25/25 09:00:00,28.444,,,,,
4326,05/25/25 09:15:00,28.444,,,,,
4327,05/25/25 09:30:00,28.444,,,,,
4328,05/25/25 09:45:00,28.468,,,,,
4329,05/25/25 10:00:00,28.468,,,,,
4330,05/25/25 10:15:00,28.493,,,,,
4331,05/25/25 10:30:00,28.493,,,,,
4332,05/25/25 10:45:00,28.518,,,,,
4333,05/25/25 11:00:00,28.518,,,,,
4334,05/25/25 11:15:00,28.543,,,,,
4335,05/25/25 11:30:00,28.543,,,,,
4336,05/25/25 11:45:00,28.568,,,,,
4337,05/25/25 12:00:00,28.543,,,,,
4338,05/25/25 12:15:00,28.593,,,,,
4339,05/25/25 12:30:00,28.642,,,,,
4340,05/25/25 12:45:00,28.667,,,,,
4341,05/25/25 13:00:00,28.742,,,,,
4342,05/25/25 13:15:00,28.742,,,,,
4343,05/25/25 13:30:00,28.766,,,,,
4344,05/25/25 13:45:00,28.766,,,,,
4345,05/25/25 14:00:00,28.766,,,,,
4346,05/25/25 14:15:00,28.766,,,,,
4347,05/25/25 14:30:00,28.766,,,,,
4348,05/25/25 14:45:00,28.766,,,,,
4349,05/25/25 15:00:00,28.717,,,,,
4350,05/25/25 15:15:00,28.642,,,,,
4351,05/25/25 15:30:00,28.692,,,,,
4352,05/25/25 15:45:00,28.742,,,,,
4353,05/25/25 16:00:00,28.692,,,,,
4354,05/25/25 16:15:00,28.593,,,,,
4355,05/25/25 16:30:00,28.543,,,,,
4356,05/25/25 16:45:00,28.518,,,,,
4357,05/25/25 17:00:00,28.518,,,,,
4358,05/25/25 17:15:00,28.518,,,,,
4359,05/25/25 17:30:00,28.493,,,,,
4360,05/25/25 17:45:00,28.493,,,,,
4361,05/25/25 18:00:00,28.518,,,,,
4362,05/25/25 18:15:00,28.518,,,,,
4363,05/25/25 18:30:00,28.518,,,,,
4364,05/25/25 18:45:00,28.518,,,,,
4365,05/25/25 19:00:00,28.518,,,,,
4366,05/25/25 19:15:00,28.518,,,,,
4367,05/25/25 19:30:00,28.543,,,,,
4368,05/25/25 19:45:00,28.593,,,,,
4369,05/25/25 20:00:00,28.667,,,,,
4370,05/25/25 20:15:00,28.766,,,,,
4371,05/25/25 20:30:00,28.791,,,,,
4372,05/25/25 20:45:00,28.791,,,,,
4373,05/25/25 21:00:00,28.791,,,,,
4374,05/25/25 21:15:00,28.717,,,,,
4375,05/25/25 21:30:00,28.593,,,,,
4376,05/25/25 21:45:00,28.593,,,,,
4377,05/25/25 22:00:00,28.568,,,,,
4378,05/25/25 22:15:00,28.543,,,,,
4379,05/25/25 22:30:00,28.642,,,,,
4380,05/25/25 22:45:00,28.717,,,,,
4381,05/25/25 23:00:00,28.841,,,,,
4382,05/25/25 23:15:00,28.891,,,,,
4383,05/25/25 23:30:00,28.866,,,,,
4384,05/25/25 23:45:00,28.642,,,,,
4385,05/26/25 00:00:00,28.543,,,,,
4386,05/26/25 00:15:00,28.518,,,,,
4387,05/26/25 00:30:00,28.518,,,,,
4388,05/26/25 00:45:00,28.493,,,,,
4389,05/26/25 01:00:00,28.518,,,,,
4390,05/26/25 01:15:00,28.518,,,,,
4391,05/26/25 01:30:00,28.518,,,,,
4392,05/26/25 01:45:00,28.518,,,,,
4393,05/26/25 02:00:00,28.518,,,,,
4394,05/26/25 02:15:00,28.543,,,,,
4395,05/26/25 02:30:00,28.568,,,,,
4396,05/26/25 02:45:00,28.593,,,,,
4397,05/26/25 03:00:00,28.617,,,,,
4398,05/26/25 03:15:00,28.617,,,,,
4399,05/26/25 03:30:00,28.642,,,,,
4400,05/26/25 03:45:00,28.642,,,,,
4401,05/26/25 04:00:00,28.667,,,,,
4402,05/26/25 04:15:00,28.692,,,,,
4403,05/26/25 04:30:00,28.717,,,,,
4404,05/26/25 04:45:00,28.717,,,,,
4405,05/26/25 05:00:00,28.717,,,,,
4406,05/26/25 05:15:00,28.692,,,,,
4407,05/26/25 05:30:00,28.617,,,,,
4408,05/26/25 05:45:00,28.593,,,,,
4409,05/26/25 06:00:00,28.568,,,,,
4410,05/26/25 06:15:00,28.568,,,,,
4411,05/26/25 06:30:00,28.568,,,,,
4412,05/26/25 06:45:00,28.593,,,,,
4413,05/26/25 07:00:00,28.593,,,,,
4414,05/26/25 07:15:00,28.593,,,,,
4415,05/26/25 07:30:00,28.568,,,,,
4416,05/26/25 07:45:00,28.593,,,,,
4417,05/26/25 08:00:00,28.593,,,,,
4418,05/26/25 08:15:00,28.593,,,,,
4419,05/26/25 08:30:00,28.593,,,,,
4420,05/26/25 08:45:00,28.568,,,,,
4421,05/26/25 09:00:00,28.543,,,,,
4422,05/26/25 09:15:00,28.493,,,,,
4423,05/26/25 09:30:00,28.369,,,,,
4424,05/26/25 09:45:00,28.345,,,,,
4425,05/26/25 10:00:00,28.320,,,,,
4426,05/26/25 10:15:00,28.320,,,,,
4427,05/26/25 10:30:00,28.320,,,,,
4428,05/26/25 10:45:00,28.444,,,,,
4429,05/26/25 11:00:00,28.543,,,,,
4430,05/26/25 11:15:00,28.568,,,,,
4431,05/26/25 11:30:00,28.568,,,,,
4432,05/26/25 11:45:00,28.568,,,,,
4433,05/26/25 12:00:00,28.593,,,,,
4434,05/26/25 12:15:00,28.593,,,,,
4435,05/26/25 12:30:00,28.593,,,,,
4436,05/26/25 12:45:00,28.593,,,,,
4437,05/26/25 13:00:00,28.568,,,,,
4438,05/26/25 13:15:00,28.568,,,,,
4439,05/26/25 13:30:00,28.543,,,,,
4440,05/26/25 13:45:00,28.543,,,,,
4441,05/26/25 14:00:00,28.543,,,,,
4442,05/26/25 14:15:00,28.568,,,,,
4443,05/26/25 14:30:00,28.568,,,,,
4444,05/26/25 14:45:00,28.543,,,,,
4445,05/26/25 15:00:00,28.543,,,,,
4446,05/26/25 15:15:00,28.543,,,,,
4447,05/26/25 15:30:00,28.543,,,,,
4448,05/26/25 15:45:00,28.543,,,,,
4449,05/26/25 16:00:00,28.543,,,,,
4450,05/26/25 16:15:00,28.543,,,,,
4451,05/26/25 16:30:00,28.543,,,,,
4452,05/26/25 16:45:00,28.543,,,,,
4453,05/26/25 17:00:00,28.543,,,,,
4454,05/26/25 17:15:00,28.543,,,,,
4455,05/26/25 17:30:00,28.543,,,,,
4456,05/26/25 17:45:00,28.543,,,,,
4457,05/26/25 18:00:00,28.568,,,,,
4458,05/26/25 18:15:00,28.568,,,,,
4459,05/26/25 18:30:00,28.568,,,,,
4460,05/26/25 18:45:00,28.593,,,,,
4461,05/26/25 19:00:00,28.593,,,,,
4462,05/26/25 19:15:00,28.593,,,,,
4463,05/26/25 19:30:00,28.617,,,,,
4464,05/26/25 19:45:00,28.617,,,,,
4465,05/26/25 20:00:00,28.617,,,,,
4466,05/26/25 20:15:00,28.642,,,,,
4467,05/26/25 20:30:00,28.642,,,,,
4468,05/26/25 20:45:00,28.642,,,,,
4469,05/26/25 21:00:00,28.642,,,,,
4470,05/26/25 21:15:00,28.642,,,,,
4471,05/26/25 21:30:00,28.642,,,,,
4472,05/26/25 21:45:00,28.642,,,,,
4473,05/26/25 22:00:00,28.642,,,,,
4474,05/26/25 22:15:00,28.617,,,,,
4475,05/26/25 22:30:00,28.617,,,,,
4476,05/26/25 22:45:00,28.642,,,,,
4477,05/26/25 23:00:00,28.692,,,,,
4478,05/26/25 23:15:00,28.667,,,,,
4479,05/26/25 23:30:00,28.642,,,,,
4480,05/26/25 23:45:00,28.642,,,,,
4481,05/27/25 00:00:00,28.667,,,,,
4482,05/27/25 00:15:00,28.667,,,,,
4483,05/27/25 00:30:00,28.692,,,,,
4484,05/27/25 00:45:00,28.692,,,,,
4485,05/27/25 01:00:00,28.692,,,,,
4486,05/27/25 01:15:00,28.667,,,,,
4487,05/27/25 01:30:00,28.642,,,,,
4488,05/27/25 01:45:00,28.617,,,,,
4489,05/27/25 02:00:00,28.642,,,,,
4490,05/27/25 02:15:00,28.642,,,,,
4491,05/27/25 02:30:00,28.642,,,,,
4492,05/27/25 02:45:00,28.617,,,,,
4493,05/27/25 03:00:00,28.617,,,,,
4494,05/27/25 03:15:00,28.617,,,,,
4495,05/27/25 03:30:00,28.617,,,,,
4496,05/27/25 03:45:00,28.617,,,,,
4497,05/27/25 04:00:00,28.593,,,,,
4498,05/27/25 04:15:00,28.593,,,,,
4499,05/27/25 04:30:00,28.593,,,,,
4500,05/27/25 04:45:00,28.593,,,,,
4501,05/27/25 05:00:00,28.593,,,,,
4502,05/27/25 05:15:00,28.593,,,,,
4503,05/27/25 05:30:00,28.593,,,,,
4504,05/27/25 05:45:00,28.593,,,,,
4505,05/27/25 06:00:00,28.593,,,,,
4506,05/27/25 06:15:00,28.593,,,,,
4507,05/27/25 06:30:00,28.593,,,,,
4508,05/27/25 06:45:00,28.568,,,,,
4509,05/27/25 07:00:00,28.568,,,,,
4510,05/27/25 07:15:00,28.568,,,,,
4511,05/27/25 07:30:00,28.568,,,,,
4512,05/27/25 07:45:00,28.568,,,,,
4513,05/27/25 08:00:00,28.568,,,,,
4514,05/27/25 08:15:00,28.593,,,,,
4515,05/27/25 08:30:00,28.593,,,,,
4516,05/27/25 08:45:00,28.593,,,,,
4517,05/27/25 09:00:00,28.593,,,,,
4518,05/27/25 09:15:00,28.593,,,,,
4519,05/27/25 09:30:00,28.593,,,,,
4520,05/27/25 09:45:00,28.617,,,,,
4521,05/27/25 10:00:00,28.617,,,,,
4522,05/27/25 10:15:00,28.617,,,,,
4523,05/27/25 10:30:00,28.617,,,,,
4524,05/27/25 10:45:00,28.617,,,,,
4525,05/27/25 11:00:00,28.617,,,,,
4526,05/27/25 11:15:00,28.642,,,,,
4527,05/27/25 11:30:00,28.742,,,,,
4528,05/27/25 11:45:00,28.667,,,,,
4529,05/27/25 12:00:00,28.617,,,,,
4530,05/27/25 12:15:00,28.617,,,,,
4531,05/27/25 12:30:00,28.617,,,,,
4532,05/27/25 12:45:00,28.642,,,,,
4533,05/27/25 13:00:00,28.642,,,,,
4534,05/27/25 13:15:00,28.642,,,,,
4535,05/27/25 13:30:00,28.642,,,,,
4536,05/27/25 13:45:00,28.642,,,,,
4537,05/27/25 14:00:00,28.617,,,,,
4538,05/27/25 14:15:00,28.617,,,,,
4539,05/27/25 14:30:00,28.617,,,,,
4540,05/27/25 14:45:00,28.617,,,,,
4541,05/27/25 15:00:00,28.617,,,,,
4542,05/27/25 15:15:00,28.617,,,,,
4543,05/27/25 15:30:00,28.617,,,,,
4544,05/27/25 15:45:00,28.617,,,,,
4545,05/27/25 16:00:00,28.617,,,,,
4546,05/27/25 16:15:00,28.593,,,,,
4547,05/27/25 16:30:00,28.593,,,,,
4548,05/27/25 16:45:00,28.617,,,,,
4549,05/27/25 17:00:00,28.617,,,,,
4550,05/27/25 17:15:00,28.642,,,,,
4551,05/27/25 17:30:00,28.642,,,,,
4552,05/27/25 17:45:00,28.667,,,,,
4553,05/27/25 18:00:00,28.667,,,,,
4554,05/27/25 18:15:00,28.692,,,,,
4555,05/27/25 18:30:00,28.692,,,,,
4556,05/27/25 18:45:00,28.692,,,,,
4557,05/27/25 19:00:00,28.692,,,,,
4558,05/27/25 19:15:00,28.717,,,,,
4559,05/27/25 19:30:00,28.717,,,,,
4560,05/27/25 19:45:00,28.717,,,,,
4561,05/27/25 20:00:00,28.717,,,,,
4562,05/27/25 20:15:00,28.717,,,,,
4563,05/27/25 20:30:00,28.692,,,,,
4564,05/27/25 20:45:00,28.692,,,,,
4565,05/27/25 21:00:00,28.692,,,,,
4566,05/27/25 21:15:00,28.692,,,,,
4567,05/27/25 21:30:00,28.667,,,,,
4568,05/27/25 21:45:00,28.642,,,,,
4569,05/27/25 22:00:00,28.692,,,,,
4570,05/27/25 22:15:00,28.766,,,,,
4571,05/27/25 22:30:00,28.816,,,,,
4572,05/27/25 22:45:00,28.791,,,,,
4573,05/27/25 23:00:00,28.742,,,,,
4574,05/27/25 23:15:00,28.766,,,,,
4575,05/27/25 23:30:00,28.742,,,,,
4576,05/27/25 23:45:00,28.766,,,,,
4577,05/28/25 00:00:00,28.791,,,,,
4578,05/28/25 00:15:00,28.816,,,,,
4579,05/28/25 00:30:00,28.816,,,,,
4580,05/28/25 00:45:00,28.816,,,,,
4581,05/28/25 01:00:00,28.791,,,,,
4582,05/28/25 01:15:00,28.791,,,,,
4583,05/28/25 01:30:00,28.742,,,,,
4584,05/28/25 01:45:00,28.766,,,,,
4585,05/28/25 02:00:00,28.742,,,,,
4586,05/28/25 02:15:00,28.742,,,,,
4587,05/28/25 02:30:00,28.791,,,,,
4588,05/28/25 02:45:00,28.742,,,,,
4589,05/28/25 03:00:00,28.692,,,,,
4590,05/28/25 03:15:00,28.667,,,,,
4591,05/28/25 03:30:00,28.692,,,,,
4592,05/28/25 03:45:00,28.717,,,,,
4593,05/28/25 04:00:00,28.717,,,,,
4594,05/28/25 04:15:00,28.692,,,,,
4595,05/28/25 04:30:00,28.667,,,,,
4596,05/28/25 04:45:00,28.667,,,,,
4597,05/28/25 05:00:00,28.667,,,,,
4598,05/28/25 05:15:00,28.667,,,,,
4599,05/28/25 05:30:00,28.667,,,,,
4600,05/28/25 05:45:00,28.667,,,,,
4601,05/28/25 06:00:00,28.667,,,,,
4602,05/28/25 06:15:00,28.667,,,,,
4603,05/28/25 06:30:00,28.667,,,,,
4604,05/28/25 06:45:00,28.642,,,,,
4605,05/28/25 07:00:00,28.642,,,,,
4606,05/28/25 07:15:00,28.642,,,,,
4607,05/28/25 07:30:00,28.642,,,,,
4608,05/28/25 07:45:00,28.642,,,,,
4609,05/28/25 08:00:00,28.642,,,,,
4610,05/28/25 08:15:00,28.642,,,,,
4611,05/28/25 08:30:00,28.642,,,,,
4612,05/28/25 08:45:00,28.642,,,,,
4613,05/28/25 09:00:00,28.642,,,,,
4614,05/28/25 09:15:00,28.642,,,,,
4615,05/28/25 09:30:00,28.642,,,,,
4616,05/28/25 09:45:00,28.642,,,,,
4617,05/28/25 10:00:00,28.617,,,,,
4618,05/28/25 10:15:00,28.642,,,,,
4619,05/28/25 10:30:00,28.642,,,,,
4620,05/28/25 10:45:00,28.642,,,,,
4621,05/28/25 11:00:00,28.642,,,,,
4622,05/28/25 11:15:00,28.642,,,,,
4623,05/28/25 11:30:00,28.642,,,,,
4624,05/28/25 11:45:00,28.642,,,,,
4625,05/28/25 12:00:00,28.642,,,,,
4626,05/28/25 12:15:00,28.642,,,,,
4627,05/28/25 12:30:00,28.642,,,,,
4628,05/28/25 12:45:00,28.667,,,,,
4629,05/28/25 13:00:00,28.667,,,,,
4630,05/28/25 13:15:00,28.692,,,,,
4631,05/28/25 13:30:00,28.692,,,,,
4632,05/28/25 13:45:00,28.692,,,,,
4633,05/28/25 14:00:00,28.667,,,,,
4634,05/28/25 14:15:00,28.667,,,,,
4635,05/28/25 14:30:00,28.667,,,,,
4636,05/28/25 14:45:00,28.667,,,,,
4637,05/28/25 15:00:00,28.667,,,,,
4638,05/28/25 15:15:00,28.692,,,,,
4639,05/28/25 15:30:00,28.717,,,,,
4640,05/28/25 15:45:00,28.717,,,,,
4641,05/28/25 16:00:00,28.717,,,,,
4642,05/28/25 16:15:00,28.717,,,,,
4643,05/28/25 16:30:00,28.692,,,,,
4644,05/28/25 16:45:00,28.692,,,,,
4645,05/28/25 17:00:00,28.692,,,,,
4646,05/28/25 17:15:00,28.717,,,,,
4647,05/28/25 17:30:00,28.717,,,,,
4648,05/28/25 17:45:00,28.717,,,,,
4649,05/28/25 18:00:00,28.717,,,,,
4650,05/28/25 18:15:00,28.692,,,,,
4651,05/28/25 18:30:00,28.692,,,,,
4652,05/28/25 18:45:00,28.717,,,,,
4653,05/28/25 19:00:00,28.742,,,,,
4654,05/28/25 19:15:00,28.766,,,,,
4655,05/28/25 19:30:00,28.766,,,,,
4656,05/28/25 19:45:00,28.766,,,,,
4657,05/28/25 20:00:00,28.742,,,,,
4658,05/28/25 20:15:00,28.717,,,,,
4659,05/28/25 20:30:00,28.717,,,,,
4660,05/28/25 20:45:00,28.717,,,,,
4661,05/28/25 21:00:00,28.692,,,,,
4662,05/28/25 21:15:00,28.692,,,,,
4663,05/28/25 21:30:00,28.692,,,,,
4664,05/28/25 21:45:00,28.692,,,,,
4665,05/28/25 22:00:00,28.692,,,,,
4666,05/28/25 22:15:00,28.692,,,,,
4667,05/28/25 22:30:00,28.692,,,,,
4668,05/28/25 22:45:00,28.692,,,,,
4669,05/28/25 23:00:00,28.692,,,,,
4670,05/28/25 23:15:00,28.692,,,,,
4671,05/28/25 23:30:00,28.692,,,,,
4672,05/28/25 23:45:00,28.692,,,,,
4673,05/29/25 00:00:00,28.692,,,,,
4674,05/29/25 00:15:00,28.692,,,,,
4675,05/29/25 00:30:00,28.692,,,,,
4676,05/29/25 00:45:00,28.692,,,,,
4677,05/29/25 01:00:00,28.667,,,,,
4678,05/29/25 01:15:00,28.667,,,,,
4679,05/29/25 01:30:00,28.667,,,,,
4680,05/29/25 01:45:00,28.642,,,,,
4681,05/29/25 02:00:00,28.642,,,,,
4682,05/29/25 02:15:00,28.593,,,,,
4683,05/29/25 02:30:00,28.568,,,,,
4684,05/29/25 02:45:00,28.543,,,,,
4685,05/29/25 03:00:00,28.543,,,,,
4686,05/29/25 03:15:00,28.543,,,,,
4687,05/29/25 03:30:00,28.543,,,,,
4688,05/29/25 03:45:00,28.568,,,,,
4689,05/29/25 04:00:00,28.593,,,,,
4690,05/29/25 04:15:00,28.593,,,,,
4691,05/29/25 04:30:00,28.617,,,,,
4692,05/29/25 04:45:00,28.617,,,,,
4693,05/29/25 05:00:00,28.617,,,,,
4694,05/29/25 05:15:00,28.593,,,,,
4695,05/29/25 05:30:00,28.617,,,,,
4696,05/29/25 05:45:00,28.593,,,,,
4697,05/29/25 06:00:00,28.642,,,,,
4698,05/29/25 06:15:00,28.642,,,,,
4699,05/29/25 06:30:00,28.617,,,,,
4700,05/29/25 06:45:00,28.642,,,,,
4701,05/29/25 07:00:00,28.493,,,,,
4702,05/29/25 07:15:00,28.518,,,,,
4703,05/29/25 07:30:00,28.692,,,,,
4704,05/29/25 07:45:00,28.766,,,,,
4705,05/29/25 08:00:00,28.766,,,,,
4706,05/29/25 08:15:00,28.766,,,,,
4707,05/29/25 08:30:00,28.766,,,,,
4708,05/29/25 08:45:00,28.444,,,,,
4709,05/29/25 09:00:00,28.642,,,,,
4710,05/29/25 09:15:00,28.742,,,,,
4711,05/29/25 09:30:00,28.742,,,,,
4712,05/29/25 09:45:00,28.766,,,,,
4713,05/29/25 10:00:00,28.791,,,,,
4714,05/29/25 10:15:00,28.791,,,,,
4715,05/29/25 10:30:00,28.791,,,,,
4716,05/29/25 10:45:00,28.791,,,,,
4717,05/29/25 11:00:00,28.766,,,,,
4718,05/29/25 11:15:00,28.766,,,,,
4719,05/29/25 11:30:00,28.816,,,,,
4720,05/29/25 11:45:00,28.841,,,,,
4721,05/29/25 12:00:00,28.841,,,,,
4722,05/29/25 12:15:00,28.841,,,,,
4723,05/29/25 12:30:00,28.841,,,,,
4724,05/29/25 12:45:00,28.841,,,,,
4725,05/29/25 13:00:00,28.841,,,,,
4726,05/29/25 13:15:00,28.816,,,,,
4727,05/29/25 13:30:00,28.791,,,,,
4728,05/29/25 13:45:00,28.766,,,,,
4729,05/29/25 14:00:00,28.841,,,,,
4730,05/29/25 14:15:00,28.816,,,,,
4731,05/29/25 14:30:00,28.816,,,,,
4732,05/29/25 14:45:00,28.816,,,,,
4733,05/29/25 15:00:00,28.717,,,,,
4734,05/29/25 15:15:00,28.617,,,,,
4735,05/29/25 15:30:00,28.617,,,,,
4736,05/29/25 15:45:00,28.593,,,,,
4737,05/29/25 16:00:00,28.568,,,,,
4738,05/29/25 16:15:00,28.568,,,,,
4739,05/29/25 16:30:00,28.593,,,,,
4740,05/29/25 16:45:00,28.593,,,,,
4741,05/29/25 17:00:00,28.593,,,,,
4742,05/29/25 17:15:00,28.568,,,,,
4743,05/29/25 17:30:00,28.593,,,,,
4744,05/29/25 17:45:00,28.593,,,,,
4745,05/29/25 18:00:00,28.568,,,,,
4746,05/29/25 18:15:00,28.568,,,,,
4747,05/29/25 18:30:00,28.568,,,,,
4748,05/29/25 18:45:00,28.543,,,,,
4749,05/29/25 19:00:00,28.543,,,,,
4750,05/29/25 19:15:00,28.543,,,,,
4751,05/29/25 19:30:00,28.518,,,,,
4752,05/29/25 19:45:00,28.543,,,,,
4753,05/29/25 20:00:00,28.543,,,,,
4754,05/29/25 20:15:00,28.543,,,,,
4755,05/29/25 20:30:00,28.543,,,,,
4756,05/29/25 20:45:00,28.518,,,,,
4757,05/29/25 21:00:00,28.518,,,,,
4758,05/29/25 21:15:00,28.543,,,,,
4759,05/29/25 21:30:00,28.518,,,,,
4760,05/29/25 21:45:00,28.518,,,,,
4761,05/29/25 22:00:00,28.518,,,,,
4762,05/29/25 22:15:00,28.518,,,,,
4763,05/29/25 22:30:00,28.493,,,,,
4764,05/29/25 22:45:00,28.493,,,,,
4765,05/29/25 23:00:00,28.518,,,,,
4766,05/29/25 23:15:00,28.543,,,,,
4767,05/29/25 23:30:00,28.593,,,,,
4768,05/29/25 23:45:00,28.667,,,,,
4769,05/30/25 00:00:00,28.692,,,,,
4770,05/30/25 00:15:00,28.692,,,,,
4771,05/30/25 00:30:00,28.692,,,,,
4772,05/30/25 00:45:00,28.667,,,,,
4773,05/30/25 01:00:00,28.667,,,,,
4774,05/30/25 01:15:00,28.667,,,,,
4775,05/30/25 01:30:00,28.667,,,,,
4776,05/30/25 01:45:00,28.642,,,,,
4777,05/30/25 02:00:00,28.617,,,,,
4778,05/30/25 02:15:00,28.642,,,,,
4779,05/30/25 02:30:00,28.642,,,,,
4780,05/30/25 02:45:00,28.642,,,,,
4781,05/30/25 03:00:00,28.642,,,,,
4782,05/30/25 03:15:00,28.568,,,,,
4783,05/30/25 03:30:00,28.543,,,,,
4784,05/30/25 03:45:00,28.518,,,,,
4785,05/30/25 04:00:00,28.493,,,,,
4786,05/30/25 04:15:00,28.493,,,,,
4787,05/30/25 04:30:00,28.493,,,,,
4788,05/30/25 04:45:00,28.518,,,,,
4789,05/30/25 05:00:00,28.518,,,,,
4790,05/30/25 05:15:00,28.493,,,,,
4791,05/30/25 05:30:00,28.468,,,,,
4792,05/30/25 05:45:00,28.468,,,,,
4793,05/30/25 06:00:00,28.468,,,,,
4794,05/30/25 06:15:00,28.468,,,,,
4795,05/30/25 06:30:00,28.468,,,,,
4796,05/30/25 06:45:00,28.468,,,,,
4797,05/30/25 07:00:00,28.468,,,,,
4798,05/30/25 07:15:00,28.468,,,,,
4799,05/30/25 07:30:00,28.444,,,,,
4800,05/30/25 07:45:00,28.444,,,,,
4801,05/30/25 08:00:00,28.444,,,,,
4802,05/30/25 08:15:00,28.444,,,,,
4803,05/30/25 08:30:00,28.444,,,,,
4804,05/30/25 08:45:00,28.444,,,,,
4805,05/30/25 09:00:00,28.468,,,,,
4806,05/30/25 09:15:00,28.468,,,,,
4807,05/30/25 09:30:00,28.493,,,,,
4808,05/30/25 09:45:00,28.493,,,,,
4809,05/30/25 10:00:00,28.468,,,,,
4810,05/30/25 10:15:00,28.444,,,,,
4811,05/30/25 10:30:00,28.419,,,,,
4812,05/30/25 10:45:00,28.444,,,,,
4813,05/30/25 11:00:00,28.444,,,,,
4814,05/30/25 11:15:00,28.444,,,,,
4815,05/30/25 11:30:00,28.468,,,,,
4816,05/30/25 11:45:00,28.493,,,,,
4817,05/30/25 12:00:00,28.493,,,,,
4818,05/30/25 12:15:00,28.493,,,,,
4819,05/30/25 12:30:00,28.493,,,,,
4820,05/30/25 12:45:00,28.518,,,,,
4821,05/30/25 13:00:00,28.518,,,,,
4822,05/30/25 13:15:00,28.518,,,,,
4823,05/30/25 13:30:00,28.543,,,,,
4824,05/30/25 13:45:00,28.518,,,,,
4825,05/30/25 14:00:00,28.518,,,,,
4826,05/30/25 14:15:00,28.543,,,,,
4827,05/30/25 14:30:00,28.543,,,,,
4828,05/30/25 14:45:00,28.543,,,,,
4829,05/30/25 15:00:00,28.543,,,,,
4830,05/30/25 15:15:00,28.543,,,,,
4831,05/30/25 15:30:00,28.543,,,,,
4832,05/30/25 15:45:00,28.543,,,,,
4833,05/30/25 16:00:00,28.543,,,,,
4834,05/30/25 16:15:00,28.543,,,,,
4835,05/30/25 16:30:00,28.593,,,,,
4836,05/30/25 16:45:00,28.642,,,,,
4837,05/30/25 17:00:00,28.717,,,,,
4838,05/30/25 17:15:00,28.717,,,,,
4839,05/30/25 17:30:00,28.717,,,,,
4840,05/30/25 17:45:00,28.717,,,,,
4841,05/30/25 18:00:00,28.717,,,,,
4842,05/30/25 18:15:00,28.717,,,,,
4843,05/30/25 18:30:00,28.692,,,,,
4844,05/30/25 18:45:00,28.642,,,,,
4845,05/30/25 19:00:00,28.593,,,,,
4846,05/30/25 19:15:00,28.568,,,,,
4847,05/30/25 19:30:00,28.568,,,,,
4848,05/30/25 19:45:00,28.543,,,,,
4849,05/30/25 20:00:00,28.543,,,,,
4850,05/30/25 20:15:00,28.518,,,,,
4851,05/30/25 20:30:00,28.518,,,,,
4852,05/30/25 20:45:00,28.518,,,,,
4853,05/30/25 21:00:00,28.518,,,,,
4854,05/30/25 21:15:00,28.518,,,,,
4855,05/30/25 21:30:00,28.568,,,,,
4856,05/30/25 21:45:00,28.642,,,,,
4857,05/30/25 22:00:00,28.642,,,,,
4858,05/30/25 22:15:00,28.642,,,,,
4859,05/30/25 22:30:00,28.642,,,,,
4860,05/30/25 22:45:00,28.642,,,,,
4861,05/30/25 23:00:00,28.642,,,,,
4862,05/30/25 23:15:00,28.642,,,,,
4863,05/30/25 23:30:00,28.642,,,,,
4864,05/30/25 23:45:00,28.667,,,,,
4865,05/31/25 00:00:00,28.642,,,,,
4866,05/31/25 00:15:00,28.667,,,,,
4867,05/31/25 00:30:00,28.642,,,,,
4868,05/31/25 00:45:00,28.617,,,,,
4869,05/31/25 01:00:00,28.617,,,,,
4870,05/31/25 01:15:00,28.593,,,,,
4871,05/31/25 01:30:00,28.593,,,,,
4872,05/31/25 01:45:00,28.593,,,,,
4873,05/31/25 02:00:00,28.593,,,,,
4874,05/31/25 02:15:00,28.593,,,,,
4875,05/31/25 02:30:00,28.593,,,,,
4876,05/31/25 02:45:00,28.568,,,,,
4877,05/31/25 03:00:00,28.568,,,,,
4878,05/31/25 03:15:00,28.543,,,,,
4879,05/31/25 03:30:00,28.543,,,,,
4880,05/31/25 03:45:00,28.518,,,,,
4881,05/31/25 04:00:00,28.518,,,,,
4882,05/31/25 04:15:00,28.543,,,,,
4883,05/31/25 04:30:00,28.543,,,,,
4884,05/31/25 04:45:00,28.518,,,,,
4885,05/31/25 05:00:00,28.543,,,,,
4886,05/31/25 05:15:00,28.543,,,,,
4887,05/31/25 05:30:00,28.543,,,,,
4888,05/31/25 05:45:00,28.543,,,,,
4889,05/31/25 06:00:00,28.543,,,,,
4890,05/31/25 06:15:00,28.543,,,,,
4891,05/31/25 06:30:00,28.543,,,,,
4892,05/31/25 06:45:00,28.543,,,,,
4893,05/31/25 07:00:00,28.543,,,,,
4894,05/31/25 07:15:00,28.518,,,,,
4895,05/31/25 07:30:00,28.543,,,,,
4896,05/31/25 07:45:00,28.543,,,,,
4897,05/31/25 08:00:00,28.543,,,,,
4898,05/31/25 08:15:00,28.543,,,,,
4899,05/31/25 08:30:00,28.543,,,,,
4900,05/31/25 08:45:00,28.543,,,,,
4901,05/31/25 09:00:00,28.568,,,,,
4902,05/31/25 09:15:00,28.543,,,,,
4903,05/31/25 09:30:00,28.543,,,,,
4904,05/31/25 09:45:00,28.568,,,,,
4905,05/31/25 10:00:00,28.568,,,,,
4906,05/31/25 10:15:00,28.568,,,,,
4907,05/31/25 10:30:00,28.568,,,,,
4908,05/31/25 10:45:00,28.593,,,,,
4909,05/31/25 11:00:00,28.593,,,,,
4910,05/31/25 11:15:00,28.568,,,,,
4911,05/31/25 11:30:00,28.568,,,,,
4912,05/31/25 11:45:00,28.568,,,,,
4913,05/31/25 12:00:00,28.568,,,,,
4914,05/31/25 12:15:00,28.593,,,,,
4915,05/31/25 12:30:00,28.568,,,,,
4916,05/31/25 12:45:00,28.568,,,,,
4917,05/31/25 13:00:00,28.543,,,,,
4918,05/31/25 13:15:00,28.543,,,,,
4919,05/31/25 13:30:00,28.568,,,,,
4920,05/31/25 13:45:00,28.568,,,,,
4921,05/31/25 14:00:00,28.568,,,,,
4922,05/31/25 14:15:00,28.568,,,,,
4923,05/31/25 14:30:00,28.593,,,,,
4924,05/31/25 14:45:00,28.568,,,,,
4925,05/31/25 15:00:00,28.568,,,,,
4926,05/31/25 15:15:00,28.568,,,,,
4927,05/31/25 15:30:00,28.543,,,,,
4928,05/31/25 15:45:00,28.543,,,,,
4929,05/31/25 16:00:00,28.543,,,,,
4930,05/31/25 16:15:00,28.543,,,,,
4931,05/31/25 16:30:00,28.543,,,,,
4932,05/31/25 16:45:00,28.543,,,,,
4933,05/31/25 17:00:00,28.543,,,,,
4934,05/31/25 17:15:00,28.543,,,,,
4935,05/31/25 17:30:00,28.518,,,,,
4936,05/31/25 17:45:00,28.543,,,,,
4937,05/31/25 18:00:00,28.543,,,,,
4938,05/31/25 18:15:00,28.543,,,,,
4939,05/31/25 18:30:00,28.543,,,,,
4940,05/31/25 18:45:00,28.543,,,,,
4941,05/31/25 19:00:00,28.518,,,,,
4942,05/31/25 19:15:00,28.518,,,,,
4943,05/31/25 19:30:00,28.518,,,,,
4944,05/31/25 19:45:00,28.518,,,,,
4945,05/31/25 20:00:00,28.518,,,,,
4946,05/31/25 20:15:00,28.493,,,,,
4947,05/31/25 20:30:00,28.518,,,,,
4948,05/31/25 20:45:00,28.518,,,,,
4949,05/31/25 21:00:00,28.518,,,,,
4950,05/31/25 21:15:00,28.518,,,,,
4951,05/31/25 21:30:00,28.518,,,,,
4952,05/31/25 21:45:00,28.518,,,,,
4953,05/31/25 22:00:00,28.518,,,,,
4954,05/31/25 22:15:00,28.518,,,,,
4955,05/31/25 22:30:00,28.518,,,,,
4956,05/31/25 22:45:00,28.518,,,,,
4957,05/31/25 23:00:00,28.518,,,,,
4958,05/31/25 23:15:00,28.518,,,,,
4959,05/31/25 23:30:00,28.518,,,,,
4960,05/31/25 23:45:00,28.518,,,,,
4961,06/01/25 00:00:00,28.518,,,,,
4962,06/01/25 00:15:00,28.518,,,,,
4963,06/01/25 00:30:00,28.518,,,,,
4964,06/01/25 00:45:00,28.543,,,,,
4965,06/01/25 01:00:00,28.543,,,,,
4966,06/01/25 01:15:00,28.543,,,,,
4967,06/01/25 01:30:00,28.543,,,,,
4968,06/01/25 01:45:00,28.543,,,,,
4969,06/01/25 02:00:00,28.543,,,,,
4970,06/01/25 02:15:00,28.543,,,,,
4971,06/01/25 02:30:00,28.543,,,,,
4972,06/01/25 02:45:00,28.543,,,,,
4973,06/01/25 03:00:00,28.543,,,,,
4974,06/01/25 03:15:00,28.543,,,,,
4975,06/01/25 03:30:00,28.543,,,,,
4976,06/01/25 03:45:00,28.543,,,,,
4977,06/01/25 04:00:00,28.543,,,,,
4978,06/01/25 04:15:00,28.543,,,,,
4979,06/01/25 04:30:00,28.543,,,,,
4980,06/01/25 04:45:00,28.543,,,,,
4981,06/01/25 05:00:00,28.543,,,,,
4982,06/01/25 05:15:00,28.543,,,,,
4983,06/01/25 05:30:00,28.543,,,,,
4984,06/01/25 05:45:00,28.568,,,,,
4985,06/01/25 06:00:00,28.568,,,,,
4986,06/01/25 06:15:00,28.568,,,,,
4987,06/01/25 06:30:00,28.568,,,,,
4988,06/01/25 06:45:00,28.642,,,,,
4989,06/01/25 07:00:00,28.717,,,,,
4990,06/01/25 07:15:00,28.717,,,,,
4991,06/01/25 07:30:00,28.692,,,,,
4992,06/01/25 07:45:00,28.667,,,,,
4993,06/01/25 08:00:00,28.667,,,,,
4994,06/01/25 08:15:00,28.642,,,,,
4995,06/01/25 08:30:00,28.617,,,,,
4996,06/01/25 08:45:00,28.617,,,,,
4997,06/01/25 09:00:00,28.617,,,,,
4998,06/01/25 09:15:00,28.593,,,,,
4999,06/01/25 09:30:00,28.593,,,,,
5000,06/01/25 09:45:00,28.593,,,,,
5001,06/01/25 10:00:00,28.593,,,,,
5002,06/01/25 10:15:00,28.617,,,,,
5003,06/01/25 10:30:00,28.617,,,,,
5004,06/01/25 10:45:00,28.593,,,,,
5005,06/01/25 11:00:00,28.617,,,,,
5006,06/01/25 11:15:00,28.642,,,,,
5007,06/01/25 11:30:00,28.617,,,,,
5008,06/01/25 11:45:00,28.617,,,,,
5009,06/01/25 12:00:00,28.617,,,,,
5010,06/01/25 12:15:00,28.617,,,,,
5011,06/01/25 12:30:00,28.617,,,,,
5012,06/01/25 12:45:00,28.617,,,,,
5013,06/01/25 13:00:00,28.617,,,,,
5014,06/01/25 13:15:00,28.617,,,,,
5015,06/01/25 13:30:00,28.617,,,,,
5016,06/01/25 13:45:00,28.617,,,,,
5017,06/01/25 14:00:00,28.617,,,,,
5018,06/01/25 14:15:00,28.617,,,,,
5019,06/01/25 14:30:00,28.617,,,,,
5020,06/01/25 14:45:00,28.642,,,,,
5021,06/01/25 15:00:00,28.642,,,,,
5022,06/01/25 15:15:00,28.642,,,,,
5023,06/01/25 15:30:00,28.617,,,,,
5024,06/01/25 15:45:00,28.617,,,,,
5025,06/01/25 16:00:00,28.593,,,,,
5026,06/01/25 16:15:00,28.593,,,,,
5027,06/01/25 16:30:00,28.593,,,,,
5028,06/01/25 16:45:00,28.593,,,,,
5029,06/01/25 17:00:00,28.593,,,,,
5030,06/01/25 17:15:00,28.593,,,,,
5031,06/01/25 17:30:00,28.593,,,,,
5032,06/01/25 17:45:00,28.593,,,,,
5033,06/01/25 18:00:00,28.593,,,,,
5034,06/01/25 18:15:00,28.593,,,,,
5035,06/01/25 18:30:00,28.568,,,,,
5036,06/01/25 18:45:00,28.568,,,,,
5037,06/01/25 19:00:00,28.568,,,,,
5038,06/01/25 19:15:00,28.568,,,,,
5039,06/01/25 19:30:00,28.568,,,,,
5040,06/01/25 19:45:00,28.568,,,,,
5041,06/01/25 20:00:00,28.568,,,,,
5042,06/01/25 20:15:00,28.568,,,,,
5043,06/01/25 20:30:00,28.568,,,,,
5044,06/01/25 20:45:00,28.568,,,,,
5045,06/01/25 21:00:00,28.568,,,,,
5046,06/01/25 21:15:00,28.568,,,,,
5047,06/01/25 21:30:00,28.568,,,,,
5048,06/01/25 21:45:00,28.568,,,,,
5049,06/01/25 22:00:00,28.568,,,,,
5050,06/01/25 22:15:00,28.568,,,,,
5051,06/01/25 22:30:00,28.568,,,,,
5052,06/01/25 22:45:00,28.568,,,,,
5053,06/01/25 23:00:00,28.568,,,,,
5054,06/01/25 23:15:00,28.568,,,,,
5055,06/01/25 23:30:00,28.568,,,,,
5056,06/01/25 23:45:00,28.543,,,,,
5057,06/02/25 00:00:00,28.543,,,,,
5058,06/02/25 00:15:00,28.543,,,,,
5059,06/02/25 00:30:00,28.543,,,,,
5060,06/02/25 00:45:00,28.543,,,,,
5061,06/02/25 01:00:00,28.543,,,,,
5062,06/02/25 01:15:00,28.543,,,,,
5063,06/02/25 01:30:00,28.543,,,,,
5064,06/02/25 01:45:00,28.518,,,,,
5065,06/02/25 02:00:00,28.518,,,,,
5066,06/02/25 02:15:00,28.518,,,,,
5067,06/02/25 02:30:00,28.518,,,,,
5068,06/02/25 02:45:00,28.518,,,,,
5069,06/02/25 03:00:00,28.518,,,,,
5070,06/02/25 03:15:00,28.518,,,,,
5071,06/02/25 03:30:00,28.518,,,,,
5072,06/02/25 03:45:00,28.518,,,,,
5073,06/02/25 04:00:00,28.518,,,,,
5074,06/02/25 04:15:00,28.518,,,,,
5075,06/02/25 04:30:00,28.518,,,,,
5076,06/02/25 04:45:00,28.518,,,,,
5077,06/02/25 05:00:00,28.518,,,,,
5078,06/02/25 05:15:00,28.518,,,,,
5079,06/02/25 05:30:00,28.518,,,,,
5080,06/02/25 05:45:00,28.518,,,,,
5081,06/02/25 06:00:00,28.518,,,,,
5082,06/02/25 06:15:00,28.518,,,,,
5083,06/02/25 06:30:00,28.518,,,,,
5084,06/02/25 06:45:00,28.518,,,,,
5085,06/02/25 07:00:00,28.543,,,,,
5086,06/02/25 07:15:00,28.543,,,,,
5087,06/02/25 07:30:00,28.543,,,,,
5088,06/02/25 07:45:00,28.543,,,,,
5089,06/02/25 08:00:00,28.543,,,,,
5090,06/02/25 08:15:00,28.568,,,,,
5091,06/02/25 08:30:00,28.568,,,,,
5092,06/02/25 08:45:00,28.568,,,,,
5093,06/02/25 09:00:00,28.593,,,,,
5094,06/02/25 09:15:00,28.568,,,,,
5095,06/02/25 09:30:00,28.593,,,,,
5096,06/02/25 09:45:00,28.568,,,,,
5097,06/02/25 10:00:00,28.568,,,,,
5098,06/02/25 10:15:00,28.568,,,,,
5099,06/02/25 10:30:00,28.568,,,,,
5100,06/02/25 10:45:00,28.568,,,,,
5101,06/02/25 11:00:00,28.568,,,,,
5102,06/02/25 11:15:00,28.568,,,,,
5103,06/02/25 11:30:00,28.568,,,,,
5104,06/02/25 11:45:00,28.568,,,,,
5105,06/02/25 12:00:00,28.568,,,,,
5106,06/02/25 12:15:00,28.568,,,,,
5107,06/02/25 12:30:00,28.568,,,,,
5108,06/02/25 12:45:00,28.568,,,,,
5109,06/02/25 13:00:00,28.568,,,,,
5110,06/02/25 13:15:00,28.568,,,,,
5111,06/02/25 13:30:00,28.568,,,,,
5112,06/02/25 13:45:00,28.568,,,,,
5113,06/02/25 14:00:00,28.543,,,,,
5114,06/02/25 14:15:00,28.543,,,,,
5115,06/02/25 14:30:00,28.543,,,,,
5116,06/02/25 14:45:00,28.543,,,,,
5117,06/02/25 15:00:00,28.543,,,,,
5118,06/02/25 15:15:00,28.543,,,,,
5119,06/02/25 15:30:00,28.543,,,,,
5120,06/02/25 15:45:00,28.543,,,,,
5121,06/02/25 16:00:00,28.543,,,,,
5122,06/02/25 16:15:00,28.543,,,,,
5123,06/02/25 16:30:00,28.543,,,,,
5124,06/02/25 16:45:00,28.543,,,,,
5125,06/02/25 17:00:00,28.543,,,,,
5126,06/02/25 17:15:00,28.543,,,,,
5127,06/02/25 17:30:00,28.543,,,,,
5128,06/02/25 17:45:00,28.543,,,,,
5129,06/02/25 18:00:00,28.543,,,,,
5130,06/02/25 18:15:00,28.518,,,,,
5131,06/02/25 18:30:00,28.543,,,,,
5132,06/02/25 18:45:00,28.543,,,,,
5133,06/02/25 19:00:00,28.518,,,,,
5134,06/02/25 19:15:00,28.518,,,,,
5135,06/02/25 19:30:00,28.543,,,,,
5136,06/02/25 19:45:00,28.543,,,,,
5137,06/02/25 20:00:00,28.543,,,,,
5138,06/02/25 20:15:00,28.543,,,,,
5139,06/02/25 20:30:00,28.543,,,,,
5140,06/02/25 20:45:00,28.543,,,,,
5141,06/02/25 21:00:00,28.518,,,,,
5142,06/02/25 21:15:00,28.543,,,,,
5143,06/02/25 21:30:00,28.568,,,,,
5144,06/02/25 21:45:00,28.543,,,,,
5145,06/02/25 22:00:00,28.543,,,,,
5146,06/02/25 22:15:00,28.543,,,,,
5147,06/02/25 22:30:00,28.543,,,,,
5148,06/02/25 22:45:00,28.667,,,,,
5149,06/02/25 23:00:00,28.766,,,,,
5150,06/02/25 23:15:00,28.617,,,,,
5151,06/02/25 23:30:00,28.568,,,,,
5152,06/02/25 23:45:00,28.593,,,,,
5153,06/03/25 00:00:00,28.617,,,,,
5154,06/03/25 00:15:00,28.717,,,,,
5155,06/03/25 00:30:00,28.717,,,,,
5156,06/03/25 00:45:00,28.742,,,,,
5157,06/03/25 01:00:00,28.717,,,,,
5158,06/03/25 01:15:00,28.766,,,,,
5159,06/03/25 01:30:00,28.742,,,,,
5160,06/03/25 01:45:00,28.766,,,,,
5161,06/03/25 02:00:00,28.766,,,,,
5162,06/03/25 02:15:00,28.816,,,,,
5163,06/03/25 02:30:00,28.841,,,,,
5164,06/03/25 02:45:00,28.816,,,,,
5165,06/03/25 03:00:00,28.717,,,,,
5166,06/03/25 03:15:00,28.642,,,,,
5167,06/03/25 03:30:00,28.593,,,,,
5168,06/03/25 03:45:00,28.593,,,,,
5169,06/03/25 04:00:00,28.593,,,,,
5170,06/03/25 04:15:00,28.593,,,,,
5171,06/03/25 04:30:00,28.816,,,,,
5172,06/03/25 04:45:00,28.891,,,,,
5173,06/03/25 05:00:00,28.916,,,,,
5174,06/03/25 05:15:00,28.891,,,,,
5175,06/03/25 05:30:00,28.891,,,,,
5176,06/03/25 05:45:00,28.816,,,,,
5177,06/03/25 06:00:00,28.866,,,,,
5178,06/03/25 06:15:00,28.866,,,,,
5179,06/03/25 06:30:00,28.866,,,,,
5180,06/03/25 06:45:00,28.866,,,,,
5181,06/03/25 07:00:00,28.816,,,,,
5182,06/03/25 07:15:00,28.816,,,,,
5183,06/03/25 07:30:00,28.816,,,,,
5184,06/03/25 07:45:00,28.816,,,,,
5185,06/03/25 08:00:00,28.816,,,,,
5186,06/03/25 08:15:00,28.816,,,,,
5187,06/03/25 08:30:00,28.816,,,,,
5188,06/03/25 08:45:00,28.816,,,,,
5189,06/03/25 09:00:00,28.791,,,,,
5190,06/03/25 09:15:00,28.816,,,,,
5191,06/03/25 09:30:00,28.816,,,,,
5192,06/03/25 09:45:00,28.791,,,,,
5193,06/03/25 10:00:00,28.766,,,,,
5194,06/03/25 10:15:00,28.692,,,,,
5195,06/03/25 10:30:00,28.766,,,,,
5196,06/03/25 10:45:00,28.816,,,,,
5197,06/03/25 11:00:00,28.841,,,,,
5198,06/03/25 11:15:00,28.816,,,,,
5199,06/03/25 11:30:00,28.816,,,,,
5200,06/03/25 11:45:00,28.891,,,,,
5201,06/03/25 12:00:00,28.742,,,,,
5202,06/03/25 12:15:00,28.642,,,,,
5203,06/03/25 12:30:00,28.642,,,,,
5204,06/03/25 12:45:00,28.617,,,,,
5205,06/03/25 13:00:00,28.617,,,,,
5206,06/03/25 13:15:00,28.617,,,,,
5207,06/03/25 13:30:00,28.617,,,,,
5208,06/03/25 13:45:00,28.617,,,,,
5209,06/03/25 14:00:00,28.617,,,,,
5210,06/03/25 14:15:00,28.642,,,,,
5211,06/03/25 14:30:00,28.617,,,,,
5212,06/03/25 14:45:00,28.617,,,,,
5213,06/03/25 15:00:00,28.617,,,,,
5214,06/03/25 15:15:00,28.617,,,,,
5215,06/03/25 15:30:00,28.642,,,,,
5216,06/03/25 15:45:00,28.617,,,,,
5217,06/03/25 16:00:00,28.617,,,,,
5218,06/03/25 16:15:00,28.617,,,,,
5219,06/03/25 16:30:00,28.617,,,,,
5220,06/03/25 16:45:00,28.617,,,,,
5221,06/03/25 17:00:00,28.617,,,,,
5222,06/03/25 17:15:00,28.617,,,,,
5223,06/03/25 17:30:00,28.593,,,,,
5224,06/03/25 17:45:00,28.593,,,,,
5225,06/03/25 18:00:00,28.593,,,,,
5226,06/03/25 18:15:00,28.617,,,,,
5227,06/03/25 18:30:00,28.593,,,,,
5228,06/03/25 18:45:00,28.568,,,,,
5229,06/03/25 19:00:00,28.568,,,,,
5230,06/03/25 19:15:00,28.742,,,,,
5231,06/03/25 19:30:00,28.742,,,,,
5232,06/03/25 19:45:00,28.841,,,,,
5233,06/03/25 20:00:00,28.916,,,,,
5234,06/03/25 20:15:00,28.617,,,,,
5235,06/03/25 20:30:00,28.568,,,,,
5236,06/03/25 20:45:00,28.617,,,,,
5237,06/03/25 21:00:00,28.692,,,,,
5238,06/03/25 21:15:00,28.617,,,,,
5239,06/03/25 21:30:00,28.593,,,,,
5240,06/03/25 21:45:00,28.667,,,,,
5241,06/03/25 22:00:00,28.742,,,,,
5242,06/03/25 22:15:00,28.617,,,,,
5243,06/03/25 22:30:00,28.593,,,,,
5244,06/03/25 22:45:00,28.667,,,,,
5245,06/03/25 23:00:00,28.891,,,,,
5246,06/03/25 23:15:00,28.667,,,,,
5247,06/03/25 23:30:00,28.593,,,,,
5248,06/03/25 23:45:00,28.568,,,,,
5249,06/04/25 00:00:00,28.667,,,,,
5250,06/04/25 00:15:00,28.916,,,,,
5251,06/04/25 00:30:00,28.717,,,,,
5252,06/04/25 00:45:00,28.617,,,,,
5253,06/04/25 01:00:00,28.593,,,,,
5254,06/04/25 01:15:00,28.667,,,,,
5255,06/04/25 01:30:00,28.667,,,,,
5256,06/04/25 01:45:00,28.568,,,,,
5257,06/04/25 02:00:00,28.543,,,,,
5258,06/04/25 02:15:00,28.543,,,,,
5259,06/04/25 02:30:00,28.543,,,,,
5260,06/04/25 02:45:00,28.568,,,,,
5261,06/04/25 03:00:00,28.568,,,,,
5262,06/04/25 03:15:00,28.568,,,,,
5263,06/04/25 03:30:00,28.568,,,,,
5264,06/04/25 03:45:00,28.593,,,,,
5265,06/04/25 04:00:00,28.692,,,,,
5266,06/04/25 04:15:00,28.742,,,,,
5267,06/04/25 04:30:00,28.816,,,,,
5268,06/04/25 04:45:00,28.841,,,,,
5269,06/04/25 05:00:00,28.841,,,,,
5270,06/04/25 05:15:00,28.841,,,,,
5271,06/04/25 05:30:00,28.816,,,,,
5272,06/04/25 05:45:00,28.816,,,,,
5273,06/04/25 06:00:00,28.816,,,,,
5274,06/04/25 06:15:00,28.816,,,,,
5275,06/04/25 06:30:00,28.791,,,,,
5276,06/04/25 06:45:00,28.791,,,,,
5277,06/04/25 07:00:00,28.766,,,,,
5278,06/04/25 07:15:00,28.692,,,,,
5279,06/04/25 07:30:00,28.717,,,,,
5280,06/04/25 07:45:00,28.692,,,,,
5281,06/04/25 08:00:00,28.593,,,,,
5282,06/04/25 08:15:00,28.568,,,,,
5283,06/04/25 08:30:00,28.593,,,,,
5284,06/04/25 08:45:00,28.568,,,,,
5285,06/04/25 09:00:00,28.568,,,,,
5286,06/04/25 09:15:00,28.593,,,,,
5287,06/04/25 09:30:00,28.593,,,,,
5288,06/04/25 09:45:00,28.593,,,,,
5289,06/04/25 10:00:00,28.593,,,,,
5290,06/04/25 10:15:00,28.593,,,,,
5291,06/04/25 10:30:00,28.593,,,,,
5292,06/04/25 10:45:00,28.617,,,,,
5293,06/04/25 11:00:00,28.568,,,,,
5294,06/04/25 11:15:00,28.543,,,,,
5295,06/04/25 11:30:00,28.543,,,,,
5296,06/04/25 11:45:00,28.518,,,,,
5297,06/04/25 12:00:00,28.518,,,,,
5298,06/04/25 12:15:00,28.518,,,,,
5299,06/04/25 12:30:00,28.543,,,,,
5300,06/04/25 12:45:00,28.568,,,,,
5301,06/04/25 13:00:00,28.617,,,,,
5302,06/04/25 13:15:00,28.642,,,,,
5303,06/04/25 13:30:00,28.642,,,,,
5304,06/04/25 13:45:00,28.667,,,,,
5305,06/04/25 14:00:00,28.692,,,,,
5306,06/04/25 14:15:00,28.717,,,,,
5307,06/04/25 14:30:00,28.717,,,,,
5308,06/04/25 14:45:00,28.667,,,,,
5309,06/04/25 15:00:00,28.667,,,,,
5310,06/04/25 15:15:00,28.667,,,,,
5311,06/04/25 15:30:00,28.642,,,,,
5312,06/04/25 15:45:00,28.642,,,,,
5313,06/04/25 16:00:00,28.642,,,,,
5314,06/04/25 16:15:00,28.617,,,,,
5315,06/04/25 16:30:00,28.568,,,,,
5316,06/04/25 16:45:00,28.543,,,,,
5317,06/04/25 17:00:00,28.543,,,,,
5318,06/04/25 17:15:00,28.518,,,,,
5319,06/04/25 17:30:00,28.518,,,,,
5320,06/04/25 17:45:00,28.543,,,,,
5321,06/04/25 18:00:00,28.543,,,,,
5322,06/04/25 18:15:00,28.568,,,,,
5323,06/04/25 18:30:00,28.543,,,,,
5324,06/04/25 18:45:00,28.543,,,,,
5325,06/04/25 19:00:00,28.791,,,,,
5326,06/04/25 19:15:00,28.766,,,,,
5327,06/04/25 19:30:00,28.642,,,,,
5328,06/04/25 19:45:00,28.742,,,,,
5329,06/04/25 20:00:00,28.766,,,,,
5330,06/04/25 20:15:00,28.766,,,,,
5331,06/04/25 20:30:00,28.742,,,,,
5332,06/04/25 20:45:00,28.766,,,,,
5333,06/04/25 21:00:00,28.791,,,,,
5334,06/04/25 21:15:00,28.766,,,,,
5335,06/04/25 21:30:00,28.742,,,,,
5336,06/04/25 21:45:00,28.742,,,,,
5337,06/04/25 22:00:00,28.717,,,,,
5338,06/04/25 22:15:00,28.692,,,,,
5339,06/04/25 22:30:00,28.667,,,,,
5340,06/04/25 22:45:00,28.692,,,,,
5341,06/04/25 23:00:00,28.717,,,,,
5342,06/04/25 23:15:00,28.791,,,,,
5343,06/04/25 23:30:00,28.791,,,,,
5344,06/04/25 23:45:00,28.766,,,,,
5345,06/05/25 00:00:00,28.742,,,,,
5346,06/05/25 00:15:00,28.692,,,,,
5347,06/05/25 00:30:00,28.692,,,,,
5348,06/05/25 00:45:00,28.692,,,,,
5349,06/05/25 01:00:00,28.667,,,,,
5350,06/05/25 01:15:00,28.667,,,,,
5351,06/05/25 01:30:00,28.667,,,,,
5352,06/05/25 01:45:00,28.642,,,,,
5353,06/05/25 02:00:00,28.617,,,,,
5354,06/05/25 02:15:00,28.593,,,,,
5355,06/05/25 02:30:00,28.593,,,,,
5356,06/05/25 02:45:00,28.568,,,,,
5357,06/05/25 03:00:00,28.543,,,,,
5358,06/05/25 03:15:00,28.518,,,,,
5359,06/05/25 03:30:00,28.568,,,,,
5360,06/05/25 03:45:00,28.593,,,,,
5361,06/05/25 04:00:00,28.593,,,,,
5362,06/05/25 04:15:00,28.593,,,,,
5363,06/05/25 04:30:00,28.642,,,,,
5364,06/05/25 04:45:00,28.617,,,,,
5365,06/05/25 05:00:00,28.593,,,,,
5366,06/05/25 05:15:00,28.568,,,,,
5367,06/05/25 05:30:00,28.543,,,,,
5368,06/05/25 05:45:00,28.518,,,,,
5369,06/05/25 06:00:00,28.543,,,,,
5370,06/05/25 06:15:00,28.617,,,,,
5371,06/05/25 06:30:00,28.642,,,,,
5372,06/05/25 06:45:00,28.642,,,,,
5373,06/05/25 07:00:00,28.617,,,,,
5374,06/05/25 07:15:00,28.617,,,,,
5375,06/05/25 07:30:00,28.617,,,,,
5376,06/05/25 07:45:00,28.617,,,,,
5377,06/05/25 08:00:00,28.617,,,,,
5378,06/05/25 08:15:00,28.568,,,,,
5379,06/05/25 08:30:00,28.568,,,,,
5380,06/05/25 08:45:00,28.568,,,,,
5381,06/05/25 09:00:00,28.568,,,,,
5382,06/05/25 09:15:00,28.568,,,,,
5383,06/05/25 09:30:00,28.568,,,,,
5384,06/05/25 09:45:00,28.568,,,,,
5385,06/05/25 10:00:00,28.568,,,,,
5386,06/05/25 10:15:00,28.568,,,,,
5387,06/05/25 10:30:00,28.593,,,,,
5388,06/05/25 10:45:00,28.593,,,,,
5389,06/05/25 11:00:00,28.568,,,,,
5390,06/05/25 11:15:00,28.568,,,,,
5391,06/05/25 11:30:00,28.568,,,,,
5392,06/05/25 11:45:00,28.593,,,,,
5393,06/05/25 12:00:00,28.593,,,,,
5394,06/05/25 12:15:00,28.617,,,,,
5395,06/05/25 12:30:00,28.642,,,,,
5396,06/05/25 12:45:00,28.642,,,,,
5397,06/05/25 13:00:00,28.667,,,,,
5398,06/05/25 13:15:00,28.692,,,,,
5399,06/05/25 13:30:00,28.717,,,,,
5400,06/05/25 13:45:00,28.717,,,,,
5401,06/05/25 14:00:00,28.742,,,,,
5402,06/05/25 14:15:00,28.742,,,,,
5403,06/05/25 14:30:00,28.742,,,,,
5404,06/05/25 14:45:00,28.717,,,,,
5405,06/05/25 15:00:00,28.667,,,,,
5406,06/05/25 15:15:00,28.642,,,,,
5407,06/05/25 15:30:00,28.642,,,,,
5408,06/05/25 15:45:00,28.617,,,,,
5409,06/05/25 16:00:00,28.593,,,,,
5410,06/05/25 16:15:00,28.568,,,,,
5411,06/05/25 16:30:00,28.543,,,,,
5412,06/05/25 16:45:00,28.568,,,,,
5413,06/05/25 17:00:00,28.543,,,,,
5414,06/05/25 17:15:00,28.543,,,,,
5415,06/05/25 17:30:00,28.543,,,,,
5416,06/05/25 17:45:00,28.543,,,,,
5417,06/05/25 18:00:00,28.568,,,,,
5418,06/05/25 18:15:00,28.568,,,,,
5419,06/05/25 18:30:00,28.593,,,,,
5420,06/05/25 18:45:00,28.593,,,,,
5421,06/05/25 19:00:00,28.568,,,,,
5422,06/05/25 19:15:00,28.568,,,,,
5423,06/05/25 19:30:00,28.543,,,,,
5424,06/05/25 19:45:00,28.543,,,,,
5425,06/05/25 20:00:00,28.518,,,,,
5426,06/05/25 20:15:00,28.518,,,,,
5427,06/05/25 20:30:00,28.493,,,,,
5428,06/05/25 20:45:00,28.493,,,,,
5429,06/05/25 21:00:00,28.493,,,,,
5430,06/05/25 21:15:00,28.493,,,,,
5431,06/05/25 21:30:00,28.468,,,,,
5432,06/05/25 21:45:00,28.543,,,,,
5433,06/05/25 22:00:00,28.642,,,,,
5434,06/05/25 22:15:00,28.568,,,,,
5435,06/05/25 22:30:00,28.568,,,,,
5436,06/05/25 22:45:00,28.617,,,,,
5437,06/05/25 23:00:00,28.568,,,,,
5438,06/05/25 23:15:00,28.568,,,,,
5439,06/05/25 23:30:00,28.568,,,,,
5440,06/05/25 23:45:00,28.593,,,,,
5441,06/06/25 00:00:00,28.617,,,,,
5442,06/06/25 00:15:00,28.617,,,,,
5443,06/06/25 00:30:00,28.617,,,,,
5444,06/06/25 00:45:00,28.617,,,,,
5445,06/06/25 01:00:00,28.642,,,,,
5446,06/06/25 01:15:00,28.593,,,,,
5447,06/06/25 01:30:00,28.617,,,,,
5448,06/06/25 01:45:00,28.568,,,,,
5449,06/06/25 02:00:00,28.593,,,,,
5450,06/06/25 02:15:00,28.543,,,,,
5451,06/06/25 02:30:00,28.543,,,,,
5452,06/06/25 02:45:00,28.568,,,,,
5453,06/06/25 03:00:00,28.593,,,,,
5454,06/06/25 03:15:00,28.593,,,,,
5455,06/06/25 03:30:00,28.593,,,,,
5456,06/06/25 03:45:00,28.593,,,,,
5457,06/06/25 04:00:00,28.593,,,,,
5458,06/06/25 04:15:00,28.568,,,,,
5459,06/06/25 04:30:00,28.568,,,,,
5460,06/06/25 04:45:00,28.568,,,,,
5461,06/06/25 05:00:00,28.568,,,,,
5462,06/06/25 05:15:00,28.568,,,,,
5463,06/06/25 05:30:00,28.568,,,,,
5464,06/06/25 05:45:00,28.568,,,,,
5465,06/06/25 06:00:00,28.568,,,,,
5466,06/06/25 06:15:00,28.543,,,,,
5467,06/06/25 06:30:00,28.493,,,,,
5468,06/06/25 06:45:00,28.468,,,,,
5469,06/06/25 07:00:00,28.468,,,,,
5470,06/06/25 07:15:00,28.468,,,,,
5471,06/06/25 07:30:00,28.493,,,,,
5472,06/06/25 07:45:00,28.493,,,,,
5473,06/06/25 08:00:00,28.493,,,,,
5474,06/06/25 08:15:00,28.493,,,,,
5475,06/06/25 08:30:00,28.493,,,,,
5476,06/06/25 08:45:00,28.493,,,,,
5477,06/06/25 09:00:00,28.468,,,,,
5478,06/06/25 09:15:00,28.593,,,,,
5479,06/06/25 09:30:00,28.617,,,,,
5480,06/06/25 09:45:00,28.617,,,,,
5481,06/06/25 10:00:00,28.642,,,,,
5482,06/06/25 10:15:00,28.642,,,,,
5483,06/06/25 10:30:00,28.667,,,,,
5484,06/06/25 10:45:00,28.642,,,,,
5485,06/06/25 11:00:00,28.667,,,,,
5486,06/06/25 11:15:00,28.667,,,,,
5487,06/06/25 11:30:00,28.692,,,,,
5488,06/06/25 11:45:00,28.692,,,,,
5489,06/06/25 12:00:00,28.717,,,,,
5490,06/06/25 12:15:00,28.742,,,,,
5491,06/06/25 12:30:00,28.766,,,,,
5492,06/06/25 12:45:00,28.766,,,,,
5493,06/06/25 13:00:00,28.791,,,,,
5494,06/06/25 13:15:00,28.816,,,,,
5495,06/06/25 13:30:00,28.692,,,,,
5496,06/06/25 13:45:00,28.692,,,,,
5497,06/06/25 14:00:00,28.568,,,,,
5498,06/06/25 14:15:00,28.543,,,,,
5499,06/06/25 14:30:00,28.543,,,,,
5500,06/06/25 14:45:00,28.543,,,,,
5501,06/06/25 15:00:00,28.543,,,,,
5502,06/06/25 15:15:00,28.543,,,,,
5503,06/06/25 15:30:00,28.568,,,,,
5504,06/06/25 15:45:00,28.568,,,,,
5505,06/06/25 16:00:00,28.543,,,,,
5506,06/06/25 16:15:00,28.543,,,,,
5507,06/06/25 16:30:00,28.543,,,,,
5508,06/06/25 16:45:00,28.543,,,,,
5509,06/06/25 17:00:00,28.543,,,,,
5510,06/06/25 17:15:00,28.568,,,,,
5511,06/06/25 17:30:00,28.568,,,,,
5512,06/06/25 17:45:00,28.543,,,,,
5513,06/06/25 18:00:00,28.543,,,,,
5514,06/06/25 18:15:00,28.543,,,,,
5515,06/06/25 18:30:00,28.543,,,,,
5516,06/06/25 18:45:00,28.543,,,,,
5517,06/06/25 19:00:00,28.543,,,,,
5518,06/06/25 19:15:00,28.568,,,,,
5519,06/06/25 19:30:00,28.568,,,,,
5520,06/06/25 19:45:00,28.617,,,,,
5521,06/06/25 20:00:00,28.766,,,,,
5522,06/06/25 20:15:00,28.816,,,,,
5523,06/06/25 20:30:00,28.617,,,,,
5524,06/06/25 20:45:00,28.568,,,,,
5525,06/06/25 21:00:00,28.717,,,,,
5526,06/06/25 21:15:00,28.742,,,,,
5527,06/06/25 21:30:00,28.766,,,,,
5528,06/06/25 21:45:00,28.742,,,,,
5529,06/06/25 22:00:00,28.791,,,,,
5530,06/06/25 22:15:00,28.816,,,,,
5531,06/06/25 22:30:00,28.791,,,,,
5532,06/06/25 22:45:00,28.717,,,,,
5533,06/06/25 23:00:00,28.766,,,,,
5534,06/06/25 23:15:00,28.692,,,,,
5535,06/06/25 23:30:00,28.742,,,,,
5536,06/06/25 23:45:00,28.742,,,,,
5537,06/07/25 00:00:00,28.692,,,,,
5538,06/07/25 00:15:00,28.642,,,,,
5539,06/07/25 00:30:00,28.593,,,,,
5540,06/07/25 00:45:00,28.593,,,,,
5541,06/07/25 01:00:00,28.642,,,,,
5542,06/07/25 01:15:00,28.692,,,,,
5543,06/07/25 01:30:00,28.692,,,,,
5544,06/07/25 01:45:00,28.667,,,,,
5545,06/07/25 02:00:00,28.667,,,,,
5546,06/07/25 02:15:00,28.717,,,,,
5547,06/07/25 02:30:00,28.717,,,,,
5548,06/07/25 02:45:00,28.742,,,,,
5549,06/07/25 03:00:00,28.717,,,,,
5550,06/07/25 03:15:00,28.742,,,,,
5551,06/07/25 03:30:00,28.717,,,,,
5552,06/07/25 03:45:00,28.717,,,,,
5553,06/07/25 04:00:00,28.717,,,,,
5554,06/07/25 04:15:00,28.692,,,,,
5555,06/07/25 04:30:00,28.667,,,,,
5556,06/07/25 04:45:00,28.642,,,,,
5557,06/07/25 05:00:00,28.593,,,,,
5558,06/07/25 05:15:00,28.568,,,,,
5559,06/07/25 05:30:00,28.568,,,,,
5560,06/07/25 05:45:00,28.617,,,,,
5561,06/07/25 06:00:00,28.617,,,,,
5562,06/07/25 06:15:00,28.593,,,,,
5563,06/07/25 06:30:00,28.568,,,,,
5564,06/07/25 06:45:00,28.568,,,,,
5565,06/07/25 07:00:00,28.568,,,,,
5566,06/07/25 07:15:00,28.543,,,,,
5567,06/07/25 07:30:00,28.543,,,,,
5568,06/07/25 07:45:00,28.543,,,,,
5569,06/07/25 08:00:00,28.568,,,,,
5570,06/07/25 08:15:00,28.568,,,,,
5571,06/07/25 08:30:00,28.543,,,,,
5572,06/07/25 08:45:00,28.568,,,,,
5573,06/07/25 09:00:00,28.593,,,,,
5574,06/07/25 09:15:00,28.717,,,,,
5575,06/07/25 09:30:00,28.742,,,,,
5576,06/07/25 09:45:00,28.766,,,,,
5577,06/07/25 10:00:00,28.742,,,,,
5578,06/07/25 10:15:00,28.766,,,,,
5579,06/07/25 10:30:00,28.742,,,,,
5580,06/07/25 10:45:00,28.766,,,,,
5581,06/07/25 11:00:00,28.766,,,,,
5582,06/07/25 11:15:00,28.766,,,,,
5583,06/07/25 11:30:00,28.717,,,,,
5584,06/07/25 11:45:00,28.766,,,,,
5585,06/07/25 12:00:00,28.766,,,,,
5586,06/07/25 12:15:00,28.766,,,,,
5587,06/07/25 12:30:00,28.766,,,,,
5588,06/07/25 12:45:00,28.766,,,,,
5589,06/07/25 13:00:00,28.766,,,,,
5590,06/07/25 13:15:00,28.766,,,,,
5591,06/07/25 13:30:00,28.766,,,,,
5592,06/07/25 13:45:00,28.766,,,,,
5593,06/07/25 14:00:00,28.742,,,,,
5594,06/07/25 14:15:00,28.692,,,,,
5595,06/07/25 14:30:00,28.593,,,,,
5596,06/07/25 14:45:00,28.543,,,,,
5597,06/07/25 15:00:00,28.543,,,,,
5598,06/07/25 15:15:00,28.543,,,,,
5599,06/07/25 15:30:00,28.543,,,,,
5600,06/07/25 15:45:00,28.543,,,,,
5601,06/07/25 16:00:00,28.543,,,,,
5602,06/07/25 16:15:00,28.692,,,,,
5603,06/07/25 16:30:00,28.742,,,,,
5604,06/07/25 16:45:00,28.766,,,,,
5605,06/07/25 17:00:00,28.742,,,,,
5606,06/07/25 17:15:00,28.717,,,,,
5607,06/07/25 17:30:00,28.692,,,,,
5608,06/07/25 17:45:00,28.717,,,,,
5609,06/07/25 18:00:00,28.742,,,,,
5610,06/07/25 18:15:00,28.742,,,,,
5611,06/07/25 18:30:00,28.766,,,,,
5612,06/07/25 18:45:00,28.766,,,,,
5613,06/07/25 19:00:00,28.717,,,,,
5614,06/07/25 19:15:00,28.667,,,,,
5615,06/07/25 19:30:00,28.667,,,,,
5616,06/07/25 19:45:00,28.642,,,,,
5617,06/07/25 20:00:00,28.617,,,,,
5618,06/07/25 20:15:00,28.593,,,,,
5619,06/07/25 20:30:00,28.593,,,,,
5620,06/07/25 20:45:00,28.568,,,,,
5621,06/07/25 21:00:00,28.568,,,,,
5622,06/07/25 21:15:00,28.568,,,,,
5623,06/07/25 21:30:00,28.568,,,,,
5624,06/07/25 21:45:00,28.593,,,,,
5625,06/07/25 22:00:00,28.593,,,,,
5626,06/07/25 22:15:00,28.593,,,,,
5627,06/07/25 22:30:00,28.593,,,,,
5628,06/07/25 22:45:00,28.568,,,,,
5629,06/07/25 23:00:00,28.568,,,,,
5630,06/07/25 23:15:00,28.568,,,,,
5631,06/07/25 23:30:00,28.543,,,,,
5632,06/07/25 23:45:00,28.543,,,,,
5633,06/08/25 00:00:00,28.543,,,,,
5634,06/08/25 00:15:00,28.543,,,,,
5635,06/08/25 00:30:00,28.543,,,,,
5636,06/08/25 00:45:00,28.518,,,,,
5637,06/08/25 01:00:00,28.518,,,,,
5638,06/08/25 01:15:00,28.518,,,,,
5639,06/08/25 01:30:00,28.518,,,,,
5640,06/08/25 01:45:00,28.518,,,,,
5641,06/08/25 02:00:00,28.518,,,,,
5642,06/08/25 02:15:00,28.518,,,,,
5643,06/08/25 02:30:00,28.518,,,,,
5644,06/08/25 02:45:00,28.518,,,,,
5645,06/08/25 03:00:00,28.518,,,,,
5646,06/08/25 03:15:00,28.518,,,,,
5647,06/08/25 03:30:00,28.493,,,,,
5648,06/08/25 03:45:00,28.493,,,,,
5649,06/08/25 04:00:00,28.493,,,,,
5650,06/08/25 04:15:00,28.493,,,,,
5651,06/08/25 04:30:00,28.468,,,,,
5652,06/08/25 04:45:00,28.468,,,,,
5653,06/08/25 05:00:00,28.468,,,,,
5654,06/08/25 05:15:00,28.468,,,,,
5655,06/08/25 05:30:00,28.468,,,,,
5656,06/08/25 05:45:00,28.468,,,,,
5657,06/08/25 06:00:00,28.593,,,,,
5658,06/08/25 06:15:00,28.667,,,,,
5659,06/08/25 06:30:00,28.667,,,,,
5660,06/08/25 06:45:00,28.617,,,,,
5661,06/08/25 07:00:00,28.568,,,,,
5662,06/08/25 07:15:00,28.568,,,,,
5663,06/08/25 07:30:00,28.543,,,,,
5664,06/08/25 07:45:00,28.543,,,,,
5665,06/08/25 08:00:00,28.543,,,,,
5666,06/08/25 08:15:00,28.543,,,,,
5667,06/08/25 08:30:00,28.543,,,,,
5668,06/08/25 08:45:00,28.518,,,,,
5669,06/08/25 09:00:00,28.543,,,,,
5670,06/08/25 09:15:00,28.543,,,,,
5671,06/08/25 09:30:00,28.543,,,,,
5672,06/08/25 09:45:00,28.543,,,,,
5673,06/08/25 10:00:00,28.593,,,,,
5674,06/08/25 10:15:00,28.518,,,,,
5675,06/08/25 10:30:00,28.493,,,,,
5676,06/08/25 10:45:00,28.493,,,,,
5677,06/08/25 11:00:00,28.518,,,,,
5678,06/08/25 11:15:00,28.543,,,,,
5679,06/08/25 11:30:00,28.543,,,,,
5680,06/08/25 11:45:00,28.543,,,,,
5681,06/08/25 12:00:00,28.543,,,,,
5682,06/08/25 12:15:00,28.543,,,,,
5683,06/08/25 12:30:00,28.568,,,,,
5684,06/08/25 12:45:00,28.593,,,,,
5685,06/08/25 13:00:00,28.617,,,,,
5686,06/08/25 13:15:00,28.667,,,,,
5687,06/08/25 13:30:00,28.667,,,,,
5688,06/08/25 13:45:00,28.766,,,,,
5689,06/08/25 14:00:00,28.841,,,,,
5690,06/08/25 14:15:00,28.866,,,,,
5691,06/08/25 14:30:00,28.866,,,,,
5692,06/08/25 14:45:00,28.866,,,,,
5693,06/08/25 15:00:00,28.841,,,,,
5694,06/08/25 15:15:00,28.841,,,,,
5695,06/08/25 15:30:00,28.841,,,,,
5696,06/08/25 15:45:00,28.816,,,,,
5697,06/08/25 16:00:00,28.841,,,,,
5698,06/08/25 16:15:00,28.791,,,,,
5699,06/08/25 16:30:00,28.717,,,,,
5700,06/08/25 16:45:00,28.717,,,,,
5701,06/08/25 17:00:00,28.692,,,,,
5702,06/08/25 17:15:00,28.667,,,,,
5703,06/08/25 17:30:00,28.642,,,,,
5704,06/08/25 17:45:00,28.617,,,,,
5705,06/08/25 18:00:00,28.593,,,,,
5706,06/08/25 18:15:00,28.593,,,,,
5707,06/08/25 18:30:00,28.593,,,,,
5708,06/08/25 18:45:00,28.593,,,,,
5709,06/08/25 19:00:00,28.593,,,,,
5710,06/08/25 19:15:00,28.568,,,,,
5711,06/08/25 19:30:00,28.518,,,,,
5712,06/08/25 19:45:00,28.518,,,,,
5713,06/08/25 20:00:00,28.518,,,,,
5714,06/08/25 20:15:00,28.518,,,,,
5715,06/08/25 20:30:00,28.518,,,,,
5716,06/08/25 20:45:00,28.493,,,,,
5717,06/08/25 21:00:00,28.493,,,,,
5718,06/08/25 21:15:00,28.493,,,,,
5719,06/08/25 21:30:00,28.493,,,,,
5720,06/08/25 21:45:00,28.493,,,,,
5721,06/08/25 22:00:00,28.493,,,,,
5722,06/08/25 22:15:00,28.493,,,,,
5723,06/08/25 22:30:00,28.493,,,,,
5724,06/08/25 22:45:00,28.518,,,,,
5725,06/08/25 23:00:00,28.518,,,,,
5726,06/08/25 23:15:00,28.518,,,,,
5727,06/08/25 23:30:00,28.543,,,,,
5728,06/08/25 23:45:00,28.568,,,,,
5729,06/09/25 00:00:00,28.642,,,,,
5730,06/09/25 00:15:00,28.692,,,,,
5731,06/09/25 00:30:00,28.692,,,,,
5732,06/09/25 00:45:00,28.692,,,,,
5733,06/09/25 01:00:00,28.692,,,,,
5734,06/09/25 01:15:00,28.692,,,,,
5735,06/09/25 01:30:00,28.667,,,,,
5736,06/09/25 01:45:00,28.642,,,,,
5737,06/09/25 02:00:00,28.593,,,,,
5738,06/09/25 02:15:00,28.543,,,,,
5739,06/09/25 02:30:00,28.543,,,,,
5740,06/09/25 02:45:00,28.543,,,,,
5741,06/09/25 03:00:00,28.518,,,,,
5742,06/09/25 03:15:00,28.493,,,,,
5743,06/09/25 03:30:00,28.444,,,,,
5744,06/09/25 03:45:00,28.444,,,,,
5745,06/09/25 04:00:00,28.444,,,,,
5746,06/09/25 04:15:00,28.444,,,,,
5747,06/09/25 04:30:00,28.444,,,,,
5748,06/09/25 04:45:00,28.444,,,,,
5749,06/09/25 05:00:00,28.444,,,,,
5750,06/09/25 05:15:00,28.444,,,,,
5751,06/09/25 05:30:00,28.444,,,,,
5752,06/09/25 05:45:00,28.394,,,,,
5753,06/09/25 06:00:00,28.419,,,,,
5754,06/09/25 06:15:00,28.419,,,,,
5755,06/09/25 06:30:00,28.419,,,,,
5756,06/09/25 06:45:00,28.493,,,,,
5757,06/09/25 07:00:00,28.444,,,,,
5758,06/09/25 07:15:00,28.419,,,,,
5759,06/09/25 07:30:00,28.419,,,,,
5760,06/09/25 07:45:00,28.419,,,,,
5761,06/09/25 08:00:00,28.419,,,,,
5762,06/09/25 08:15:00,28.444,,,,,
5763,06/09/25 08:30:00,28.444,,,,,
5764,06/09/25 08:45:00,28.444,,,,,
5765,06/09/25 09:00:00,28.468,,,,,
5766,06/09/25 09:15:00,28.468,,,,,
5767,06/09/25 09:30:00,28.468,,,,,
5768,06/09/25 09:45:00,28.468,,,,,
5769,06/09/25 10:00:00,28.468,,,,,
5770,06/09/25 10:15:00,28.493,,,,,
5771,06/09/25 10:30:00,28.493,,,,,
5772,06/09/25 10:45:00,28.493,,,,,
5773,06/09/25 11:00:00,28.518,,,,,
5774,06/09/25 11:15:00,28.518,,,,,
5775,06/09/25 11:30:00,28.518,,,,,
5776,06/09/25 11:45:00,28.493,,,,,
5777,06/09/25 12:00:00,28.493,,,,,
5778,06/09/25 12:15:00,28.518,,,,,
5779,06/09/25 12:30:00,28.518,,,,,
5780,06/09/25 12:45:00,28.543,,,,,
5781,06/09/25 13:00:00,28.543,,,,,
5782,06/09/25 13:15:00,28.568,,,,,
5783,06/09/25 13:30:00,28.493,,,,,
5784,06/09/25 13:45:00,28.493,,,,,
5785,06/09/25 14:00:00,28.493,,,,,
5786,06/09/25 14:15:00,28.468,,,,,
5787,06/09/25 14:30:00,28.493,,,,,
5788,06/09/25 14:45:00,28.493,,,,,
5789,06/09/25 15:00:00,28.518,,,,,
5790,06/09/25 15:15:00,28.468,,,,,
5791,06/09/25 15:30:00,28.493,,,,,
5792,06/09/25 15:45:00,28.468,,,,,
5793,06/09/25 16:00:00,28.468,,,,,
5794,06/09/25 16:15:00,28.468,,,,,
5795,06/09/25 16:30:00,28.493,,,,,
5796,06/09/25 16:45:00,28.518,,,,,
5797,06/09/25 17:00:00,28.543,,,,,
5798,06/09/25 17:15:00,28.568,,,,,
5799,06/09/25 17:30:00,28.543,,,,,
5800,06/09/25 17:45:00,28.543,,,,,
5801,06/09/25 18:00:00,28.543,,,,,
5802,06/09/25 18:15:00,28.667,,,,,
5803,06/09/25 18:30:00,28.617,,,,,
5804,06/09/25 18:45:00,28.766,,,,,
5805,06/09/25 19:00:00,28.891,,,,,
5806,06/09/25 19:15:00,28.891,,,,,
5807,06/09/25 19:30:00,28.766,,,,,
5808,06/09/25 19:45:00,28.717,,,,,
5809,06/09/25 20:00:00,28.841,,,,,
5810,06/09/25 20:15:00,28.891,,,,,
5811,06/09/25 20:30:00,28.891,,,,,
5812,06/09/25 20:45:00,28.891,,,,,
5813,06/09/25 21:00:00,28.866,,,,,
5814,06/09/25 21:15:00,28.866,,,,,
5815,06/09/25 21:30:00,28.866,,,,,
5816,06/09/25 21:45:00,28.866,,,,,
5817,06/09/25 22:00:00,28.891,,,,,
5818,06/09/25 22:15:00,28.891,,,,,
5819,06/09/25 22:30:00,28.891,,,,,
5820,06/09/25 22:45:00,28.891,,,,,
5821,06/09/25 23:00:00,28.916,,,,,
5822,06/09/25 23:15:00,28.916,,,,,
5823,06/09/25 23:30:00,28.891,,,,,
5824,06/09/25 23:45:00,28.543,,,,,
5825,06/10/25 00:00:00,28.444,,,,,
5826,06/10/25 00:15:00,28.419,,,,,
5827,06/10/25 00:30:00,28.419,,,,,
5828,06/10/25 00:45:00,28.419,,,,,
5829,06/10/25 01:00:00,28.394,,,,,
5830,06/10/25 01:15:00,28.419,,,,,
5831,06/10/25 01:30:00,28.468,,,,,
5832,06/10/25 01:45:00,28.468,,,,,
5833,06/10/25 02:00:00,28.394,,,,,
5834,06/10/25 02:15:00,28.345,,,,,
5835,06/10/25 02:30:00,28.320,,,,,
5836,06/10/25 02:45:00,28.295,,,,,
5837,06/10/25 03:00:00,28.320,,,,,
5838,06/10/25 03:15:00,28.493,,,,,
5839,06/10/25 03:30:00,28.617,,,,,
5840,06/10/25 03:45:00,28.593,,,,,
5841,06/10/25 04:00:00,28.543,,,,,
5842,06/10/25 04:15:00,28.518,,,,,
5843,06/10/25 04:30:00,28.493,,,,,
5844,06/10/25 04:45:00,28.493,,,,,
5845,06/10/25 05:00:00,28.468,,,,,
5846,06/10/25 05:15:00,28.468,,,,,
5847,06/10/25 05:30:00,28.444,,,,,
5848,06/10/25 05:45:00,28.444,,,,,
5849,06/10/25 06:00:00,28.444,,,,,
5850,06/10/25 06:15:00,28.419,,,,,
5851,06/10/25 06:30:00,28.419,,,,,
5852,06/10/25 06:45:00,28.394,,,,,
5853,06/10/25 07:00:00,28.394,,,,,
5854,06/10/25 07:15:00,28.369,,,,,
5855,06/10/25 07:30:00,28.345,,,,,
5856,06/10/25 07:45:00,28.320,,,,,
5857,06/10/25 08:00:00,28.320,,,,,
5858,06/10/25 08:15:00,28.320,,,,,
5859,06/10/25 08:30:00,28.320,,,,,
5860,06/10/25 08:45:00,28.320,,,,,
5861,06/10/25 09:00:00,28.320,,,,,
5862,06/10/25 09:15:00,28.345,,,,,
5863,06/10/25 09:30:00,28.369,,,,,
5864,06/10/25 09:45:00,28.394,,,,,
5865,06/10/25 10:00:00,28.394,,,,,
5866,06/10/25 10:15:00,28.345,,,,,
5867,06/10/25 10:30:00,28.320,,,,,
5868,06/10/25 10:45:00,28.320,,,,,
5869,06/10/25 11:00:00,28.345,,,,,
5870,06/10/25 11:15:00,28.345,,,,,
5871,06/10/25 11:30:00,28.369,,,,,
5872,06/10/25 11:45:00,28.394,,,,,
5873,06/10/25 12:00:00,28.419,,,,,
5874,06/10/25 12:15:00,28.444,,,,,
5875,06/10/25 12:30:00,28.419,,,,,
5876,06/10/25 12:45:00,28.468,,,,,
5877,06/10/25 13:00:00,28.518,,,,,
5878,06/10/25 13:15:00,28.593,,,,,
5879,06/10/25 13:30:00,28.593,,,,,
5880,06/10/25 13:45:00,28.642,,,,,
5881,06/10/25 14:00:00,28.692,,,,,
5882,06/10/25 14:15:00,28.742,,,,,
5883,06/10/25 14:30:00,28.766,,,,,
5884,06/10/25 14:45:00,28.766,,,,,
5885,06/10/25 15:00:00,28.766,,,,,
5886,06/10/25 15:15:00,28.493,,,,,
5887,06/10/25 15:30:00,28.369,,,,,
5888,06/10/25 15:45:00,28.543,,,,,
5889,06/10/25 16:00:00,28.394,,,,,
5890,06/10/25 16:15:00,28.369,,,,,
5891,06/10/25 16:30:00,28.468,,,,,
5892,06/10/25 16:45:00,28.543,,,,,
5893,06/10/25 17:00:00,28.543,,,,,
5894,06/10/25 17:15:00,28.419,,,,,
5895,06/10/25 17:30:00,28.394,,,,,
5896,06/10/25 17:45:00,28.394,,,,,
5897,06/10/25 18:00:00,28.419,,,,,
5898,06/10/25 18:15:00,28.419,,,,,
5899,06/10/25 18:30:00,28.419,,,,,
5900,06/10/25 18:45:00,28.419,,,,,
5901,06/10/25 19:00:00,28.419,,,,,
5902,06/10/25 19:15:00,28.419,,,,,
5903,06/10/25 19:30:00,28.444,,,,,
5904,06/10/25 19:45:00,28.444,,,,,
5905,06/10/25 20:00:00,28.444,,,,,
5906,06/10/25 20:15:00,28.444,,,,,
5907,06/10/25 20:30:00,28.444,,,,,
5908,06/10/25 20:45:00,28.468,,,,,
5909,06/10/25 21:00:00,28.667,,,,,
5910,06/10/25 21:15:00,28.816,,,,,
5911,06/10/25 21:30:00,28.816,,,,,
5912,06/10/25 21:45:00,28.816,,,,,
5913,06/10/25 22:00:00,28.791,,,,,
5914,06/10/25 22:15:00,28.717,,,,,
5915,06/10/25 22:30:00,28.692,,,,,
5916,06/10/25 22:45:00,28.717,,,,,
5917,06/10/25 23:00:00,28.742,,,,,
5918,06/10/25 23:15:00,28.766,,,,,
5919,06/10/25 23:30:00,28.568,,,,,
5920,06/10/25 23:45:00,28.543,,,,,
5921,06/11/25 00:00:00,28.593,,,,,
5922,06/11/25 00:15:00,28.568,,,,,
5923,06/11/25 00:30:00,28.369,,,,,
5924,06/11/25 00:45:00,28.667,,,,,
5925,06/11/25 01:00:00,28.717,,,,,
5926,06/11/25 01:15:00,28.617,,,,,
5927,06/11/25 01:30:00,28.617,,,,,
5928,06/11/25 01:45:00,28.568,,,,,
5929,06/11/25 02:00:00,28.493,,,,,
5930,06/11/25 02:15:00,28.394,,,,,
5931,06/11/25 02:30:00,28.369,,,,,
5932,06/11/25 02:45:00,28.369,,,,,
5933,06/11/25 03:00:00,28.369,,,,,
5934,06/11/25 03:15:00,28.369,,,,,
5935,06/11/25 03:30:00,28.369,,,,,
5936,06/11/25 03:45:00,28.345,,,,,
5937,06/11/25 04:00:00,28.295,,,,,
5938,06/11/25 04:15:00,28.270,,,,,
5939,06/11/25 04:30:00,28.245,,,,,
5940,06/11/25 04:45:00,28.221,,,,,
5941,06/11/25 05:00:00,28.196,,,,,
5942,06/11/25 05:15:00,28.171,,,,,
5943,06/11/25 05:30:00,28.171,,,,,
5944,06/11/25 05:45:00,28.147,,,,,
5945,06/11/25 06:00:00,28.147,,,,,
5946,06/11/25 06:15:00,28.147,,,,,
5947,06/11/25 06:30:00,28.270,,,,,
5948,06/11/25 06:45:00,28.295,,,,,
5949,06/11/25 07:00:00,28.295,,,,,
5950,06/11/25 07:15:00,28.295,,,,,
5951,06/11/25 07:30:00,28.320,,,,,
5952,06/11/25 07:45:00,28.320,,,,,
5953,06/11/25 08:00:00,28.320,,,,,
5954,06/11/25 08:15:00,28.295,,,,,
5955,06/11/25 08:30:00,28.295,,,,,
5956,06/11/25 08:45:00,28.320,,,,,
5957,06/11/25 09:00:00,28.221,,,,,
5958,06/11/25 09:15:00,28.171,,,,,
5959,06/11/25 09:30:00,28.171,,,,,
5960,06/11/25 09:45:00,28.221,,,,,
5961,06/11/25 10:00:00,28.221,,,,,
5962,06/11/25 10:15:00,28.221,,,,,
5963,06/11/25 10:30:00,28.295,,,,,
5964,06/11/25 10:45:00,28.270,,,,,
5965,06/11/25 11:00:00,28.245,,,,,
5966,06/11/25 11:15:00,28.270,,,,,
5967,06/11/25 11:30:00,28.270,,,,,
5968,06/11/25 11:45:00,28.270,,,,,
5969,06/11/25 12:00:00,28.270,,,,,
5970,06/11/25 12:15:00,28.270,,,,,
5971,06/11/25 12:30:00,28.295,,,,,
5972,06/11/25 12:45:00,28.369,,,,,
5973,06/11/25 13:00:00,28.419,,,,,
5974,06/11/25 13:15:00,28.468,,,,,
5975,06/11/25 13:30:00,28.493,,,,,
5976,06/11/25 13:45:00,28.493,,,,,
5977,06/11/25 14:00:00,28.518,,,,,
5978,06/11/25 14:15:00,28.518,,,,,
5979,06/11/25 14:30:00,28.518,,,,,
5980,06/11/25 14:45:00,28.543,,,,,
5981,06/11/25 15:00:00,28.568,,,,,
5982,06/11/25 15:15:00,28.593,,,,,
5983,06/11/25 15:30:00,28.617,,,,,
5984,06/11/25 15:45:00,28.642,,,,,
5985,06/11/25 16:00:00,28.667,,,,,
5986,06/11/25 16:15:00,28.667,,,,,
5987,06/11/25 16:30:00,28.543,,,,,
5988,06/11/25 16:45:00,28.518,,,,,
5989,06/11/25 17:00:00,28.493,,,,,
5990,06/11/25 17:15:00,28.518,,,,,
5991,06/11/25 17:30:00,28.568,,,,,
5992,06/11/25 17:45:00,28.493,,,,,
5993,06/11/25 18:00:00,28.493,,,,,
5994,06/11/25 18:15:00,28.493,,,,,
5995,06/11/25 18:30:00,28.518,,,,,
5996,06/11/25 18:45:00,28.518,,,,,
5997,06/11/25 19:00:00,28.493,,,,,
5998,06/11/25 19:15:00,28.493,,,,,
5999,06/11/25 19:30:00,28.493,,,,,
6000,06/11/25 19:45:00,28.493,,,,,
6001,06/11/25 20:00:00,28.468,,,,,
6002,06/11/25 20:15:00,28.642,,,,,
6003,06/11/25 20:30:00,28.717,,,,,
6004,06/11/25 20:45:00,28.617,,,,,
6005,06/11/25 21:00:00,28.617,,,,,
6006,06/11/25 21:15:00,28.692,,,,,
6007,06/11/25 21:30:00,28.642,,,,,
6008,06/11/25 21:45:00,28.692,,,,,
6009,06/11/25 22:00:00,28.717,,,,,
6010,06/11/25 22:15:00,28.766,,,,,
6011,06/11/25 22:30:00,28.791,,,,,
6012,06/11/25 22:45:00,28.766,,,,,
6013,06/11/25 23:00:00,28.593,,,,,
6014,06/11/25 23:15:00,28.493,,,,,
6015,06/11/25 23:30:00,28.468,,,,,
6016,06/11/25 23:45:00,28.493,,,,,
6017,06/12/25 00:00:00,28.518,,,,,
6018,06/12/25 00:15:00,28.518,,,,,
6019,06/12/25 00:30:00,28.468,,,,,
6020,06/12/25 00:45:00,28.345,,,,,
6021,06/12/25 01:00:00,28.369,,,,,
6022,06/12/25 01:15:00,28.394,,,,,
6023,06/12/25 01:30:00,28.320,,,,,
6024,06/12/25 01:45:00,28.270,,,,,
6025,06/12/25 02:00:00,28.295,,,,,
6026,06/12/25 02:15:00,28.295,,,,,
6027,06/12/25 02:30:00,28.245,,,,,
6028,06/12/25 02:45:00,28.221,,,,,
6029,06/12/25 03:00:00,28.221,,,,,
6030,06/12/25 03:15:00,28.221,,,,,
6031,06/12/25 03:30:00,28.221,,,,,
6032,06/12/25 03:45:00,28.221,,,,,
6033,06/12/25 04:00:00,28.221,,,,,
6034,06/12/25 04:15:00,28.221,,,,,
6035,06/12/25 04:30:00,28.196,,,,,
6036,06/12/25 04:45:00,28.171,,,,,
6037,06/12/25 05:00:00,28.171,,,,,
6038,06/12/25 05:15:00,28.171,,,,,
6039,06/12/25 05:30:00,28.171,,,,,
6040,06/12/25 05:45:00,28.171,,,,,
6041,06/12/25 06:00:00,28.147,,,,,
6042,06/12/25 06:15:00,28.147,,,,,
6043,06/12/25 06:30:00,28.147,,,,,
6044,06/12/25 06:45:00,28.122,,,,,
6045,06/12/25 07:00:00,28.097,,,,,
6046,06/12/25 07:15:00,28.097,,,,,
6047,06/12/25 07:30:00,28.122,,,,,
6048,06/12/25 07:45:00,28.147,,,,,
6049,06/12/25 08:00:00,28.221,,,,,
6050,06/12/25 08:15:00,28.270,,,,,
6051,06/12/25 08:30:00,28.295,,,,,
6052,06/12/25 08:45:00,28.295,,,,,
6053,06/12/25 09:00:00,28.295,,,,,
6054,06/12/25 09:15:00,28.245,,,,,
6055,06/12/25 09:30:00,28.171,,,,,
6056,06/12/25 09:45:00,28.122,,,,,
6057,06/12/25 10:00:00,28.097,,,,,
6058,06/12/25 10:15:00,28.122,,,,,
6059,06/12/25 10:30:00,28.122,,,,,
6060,06/12/25 10:45:00,28.147,,,,,
6061,06/12/25 11:00:00,28.147,,,,,
6062,06/12/25 11:15:00,28.171,,,,,
6063,06/12/25 11:30:00,28.196,,,,,
6064,06/12/25 11:45:00,28.221,,,,,
6065,06/12/25 12:00:00,28.245,,,,,
6066,06/12/25 12:15:00,28.320,,,,,
6067,06/12/25 12:30:00,28.419,,,,,
6068,06/12/25 12:45:00,28.444,,,,,
6069,06/12/25 13:00:00,28.444,,,,,
6070,06/12/25 13:15:00,28.444,,,,,
6071,06/12/25 13:30:00,28.444,,,,,
6072,06/12/25 13:45:00,28.543,,,,,
6073,06/12/25 14:00:00,28.543,,,,,
6074,06/12/25 14:15:00,28.568,,,,,
6075,06/12/25 14:30:00,28.593,,,,,
6076,06/12/25 14:45:00,28.617,,,,,
6077,06/12/25 15:00:00,28.493,,,,,
6078,06/12/25 15:15:00,28.444,,,,,
6079,06/12/25 15:30:00,28.419,,,,,
6080,06/12/25 15:45:00,28.419,,,,,
6081,06/12/25 16:00:00,28.419,,,,,
6082,06/12/25 16:15:00,28.419,,,,,
6083,06/12/25 16:30:00,28.394,,,,,
6084,06/12/25 16:45:00,28.369,,,,,
6085,06/12/25 17:00:00,28.369,,,,,
6086,06/12/25 17:15:00,28.369,,,,,
6087,06/12/25 17:30:00,28.369,,,,,
6088,06/12/25 17:45:00,28.345,,,,,
6089,06/12/25 18:00:00,28.345,,,,,
6090,06/12/25 18:15:00,28.345,,,,,
6091,06/12/25 18:30:00,28.345,,,,,
6092,06/12/25 18:45:00,28.345,,,,,
6093,06/12/25 19:00:00,28.369,,,,,
6094,06/12/25 19:15:00,28.345,,,,,
6095,06/12/25 19:30:00,28.369,,,,,
6096,06/12/25 19:45:00,28.369,,,,,
6097,06/12/25 20:00:00,28.369,,,,,
6098,06/12/25 20:15:00,28.369,,,,,
6099,06/12/25 20:30:00,28.369,,,,,
6100,06/12/25 20:45:00,28.369,,,,,
6101,06/12/25 21:00:00,28.369,,,,,
6102,06/12/25 21:15:00,28.369,,,,,
6103,06/12/25 21:30:00,28.369,,,,,
6104,06/12/25 21:45:00,28.369,,,,,
6105,06/12/25 22:00:00,28.369,,,,,
6106,06/12/25 22:15:00,28.369,,,,,
6107,06/12/25 22:30:00,28.369,,,,,
6108,06/12/25 22:45:00,28.369,,,,,
6109,06/12/25 23:00:00,28.369,,,,,
6110,06/12/25 23:15:00,28.369,,,,,
6111,06/12/25 23:30:00,28.369,,,,,
6112,06/12/25 23:45:00,28.369,,,,,
6113,06/13/25 00:00:00,28.369,,,,,
6114,06/13/25 00:15:00,28.369,,,,,
6115,06/13/25 00:30:00,28.345,,,,,
6116,06/13/25 00:45:00,28.345,,,,,
6117,06/13/25 01:00:00,28.345,,,,,
6118,06/13/25 01:15:00,28.369,,,,,
6119,06/13/25 01:30:00,28.369,,,,,
6120,06/13/25 01:45:00,28.394,,,,,
6121,06/13/25 02:00:00,28.394,,,,,
6122,06/13/25 02:15:00,28.394,,,,,
6123,06/13/25 02:30:00,28.394,,,,,
6124,06/13/25 02:45:00,28.394,,,,,
6125,06/13/25 03:00:00,28.394,,,,,
6126,06/13/25 03:15:00,28.493,,,,,
6127,06/13/25 03:30:00,28.493,,,,,
6128,06/13/25 03:45:00,28.444,,,,,
6129,06/13/25 04:00:00,28.444,,,,,
6130,06/13/25 04:15:00,28.419,,,,,
6131,06/13/25 04:30:00,28.394,,,,,
6132,06/13/25 04:45:00,28.345,,,,,
6133,06/13/25 05:00:00,28.320,,,,,
6134,06/13/25 05:15:00,28.270,,,,,
6135,06/13/25 05:30:00,28.245,,,,,
6136,06/13/25 05:45:00,28.245,,,,,
6137,06/13/25 06:00:00,28.221,,,,,
6138,06/13/25 06:15:00,28.221,,,,,
6139,06/13/25 06:30:00,28.221,,,,,
6140,06/13/25 06:45:00,28.221,,,,,
6141,06/13/25 07:00:00,28.221,,,,,
6142,06/13/25 07:15:00,28.221,,,,,
6143,06/13/25 07:30:00,28.221,,,,,
6144,06/13/25 07:45:00,28.221,,,,,
6145,06/13/25 08:00:00,28.221,,,,,
6146,06/13/25 08:15:00,28.221,,,,,
6147,06/13/25 08:30:00,28.221,,,,,
6148,06/13/25 08:45:00,28.196,,,,,
6149,06/13/25 09:00:00,28.196,,,,,
6150,06/13/25 09:15:00,28.196,,,,,
6151,06/13/25 09:30:00,28.196,,,,,
6152,06/13/25 09:45:00,28.196,,,,,
6153,06/13/25 10:00:00,28.221,,,,,
6154,06/13/25 10:15:00,28.221,,,,,
6155,06/13/25 10:30:00,28.245,,,,,
6156,06/13/25 10:45:00,28.245,,,,,
6157,06/13/25 11:00:00,28.295,,,,,
6158,06/13/25 11:15:00,28.295,,,,,
6159,06/13/25 11:30:00,28.320,,,,,
6160,06/13/25 11:45:00,28.320,,,,,
6161,06/13/25 12:00:00,28.345,,,,,
6162,06/13/25 12:15:00,28.345,,,,,
6163,06/13/25 12:30:00,28.394,,,,,
6164,06/13/25 12:45:00,28.444,,,,,
6165,06/13/25 13:00:00,28.468,,,,,
6166,06/13/25 13:15:00,28.493,,,,,
6167,06/13/25 13:30:00,28.493,,,,,
6168,06/13/25 13:45:00,28.518,,,,,
6169,06/13/25 14:00:00,28.543,,,,,
6170,06/13/25 14:15:00,28.468,,,,,
6171,06/13/25 14:30:00,28.444,,,,,
6172,06/13/25 14:45:00,28.419,,,,,
6173,06/13/25 15:00:00,28.493,,,,,
6174,06/13/25 15:15:00,28.493,,,,,
6175,06/13/25 15:30:00,28.419,,,,,
6176,06/13/25 15:45:00,28.419,,,,,
6177,06/13/25 16:00:00,28.419,,,,,
6178,06/13/25 16:15:00,28.419,,,,,
6179,06/13/25 16:30:00,28.419,,,,,
6180,06/13/25 16:45:00,28.444,,,,,
6181,06/13/25 17:00:00,28.419,,,,,
6182,06/13/25 17:15:00,28.419,,,,,
6183,06/13/25 17:30:00,28.419,,,,,
6184,06/13/25 17:45:00,28.419,,,,,
6185,06/13/25 18:00:00,28.444,,,,,
6186,06/13/25 18:15:00,28.394,,,,,
6187,06/13/25 18:30:00,28.394,,,,,
6188,06/13/25 18:45:00,28.394,,,,,
6189,06/13/25 19:00:00,28.394,,,,,
6190,06/13/25 19:15:00,28.394,,,,,
6191,06/13/25 19:30:00,28.369,,,,,
6192,06/13/25 19:45:00,28.369,,,,,
6193,06/13/25 20:00:00,28.369,,,,,
6194,06/13/25 20:15:00,28.394,,,,,
6195,06/13/25 20:30:00,28.394,,,,,
6196,06/13/25 20:45:00,28.394,,,,,
6197,06/13/25 21:00:00,28.394,,,,,
6198,06/13/25 21:15:00,28.419,,,,,
6199,06/13/25 21:30:00,28.394,,,,,
6200,06/13/25 21:45:00,28.642,,,,,
6201,06/13/25 22:00:00,28.568,,,,,
6202,06/13/25 22:15:00,28.394,,,,,
6203,06/13/25 22:30:00,28.369,,,,,
6204,06/13/25 22:45:00,28.369,,,,,
6205,06/13/25 23:00:00,28.369,,,,,
6206,06/13/25 23:15:00,28.369,,,,,
6207,06/13/25 23:30:00,28.369,,,,,
6208,06/13/25 23:45:00,28.369,,,,,
6209,06/14/25 00:00:00,28.369,,,,,
6210,06/14/25 00:15:00,28.369,,,,,
6211,06/14/25 00:30:00,28.369,,,,,
6212,06/14/25 00:45:00,28.369,,,,,
6213,06/14/25 01:00:00,28.369,,,,,
6214,06/14/25 01:15:00,28.369,,,,,
6215,06/14/25 01:30:00,28.369,,,,,
6216,06/14/25 01:45:00,28.369,,,,,
6217,06/14/25 02:00:00,28.394,,,,,
6218,06/14/25 02:15:00,28.394,,,,,
6219,06/14/25 02:30:00,28.369,,,,,
6220,06/14/25 02:45:00,28.394,,,,,
6221,06/14/25 03:00:00,28.369,,,,,
6222,06/14/25 03:15:00,28.369,,,,,
6223,06/14/25 03:30:00,28.394,,,,,
6224,06/14/25 03:45:00,28.394,,,,,
6225,06/14/25 04:00:00,28.369,,,,,
6226,06/14/25 04:15:00,28.369,,,,,
6227,06/14/25 04:30:00,28.369,,,,,
6228,06/14/25 04:45:00,28.369,,,,,
6229,06/14/25 05:00:00,28.369,,,,,
6230,06/14/25 05:15:00,28.369,,,,,
6231,06/14/25 05:30:00,28.394,,,,,
6232,06/14/25 05:45:00,28.394,,,,,
6233,06/14/25 06:00:00,28.419,,,,,
6234,06/14/25 06:15:00,28.444,,,,,
6235,06/14/25 06:30:00,28.444,,,,,
6236,06/14/25 06:45:00,28.419,,,,,
6237,06/14/25 07:00:00,28.419,,,,,
6238,06/14/25 07:15:00,28.394,,,,,
6239,06/14/25 07:30:00,28.394,,,,,
6240,06/14/25 07:45:00,28.369,,,,,
6241,06/14/25 08:00:00,28.345,,,,,
6242,06/14/25 08:15:00,28.295,,,,,
6243,06/14/25 08:30:00,28.270,,,,,
6244,06/14/25 08:45:00,28.270,,,,,
6245,06/14/25 09:00:00,28.245,,,,,
6246,06/14/25 09:15:00,28.270,,,,,
6247,06/14/25 09:30:00,28.270,,,,,
6248,06/14/25 09:45:00,28.270,,,,,
6249,06/14/25 10:00:00,28.270,,,,,
6250,06/14/25 10:15:00,28.270,,,,,
6251,06/14/25 10:30:00,28.270,,,,,
6252,06/14/25 10:45:00,28.245,,,,,
6253,06/14/25 11:00:00,28.245,,,,,
6254,06/14/25 11:15:00,28.221,,,,,
6255,06/14/25 11:30:00,28.245,,,,,
6256,06/14/25 11:45:00,28.245,,,,,
6257,06/14/25 12:00:00,28.270,,,,,
6258,06/14/25 12:15:00,28.320,,,,,
6259,06/14/25 12:30:00,28.345,,,,,
6260,06/14/25 12:45:00,28.369,,,,,
6261,06/14/25 13:00:00,28.419,,,,,
6262,06/14/25 13:15:00,28.394,,,,,
6263,06/14/25 13:30:00,28.419,,,,,
6264,06/14/25 13:45:00,28.468,,,,,
6265,06/14/25 14:00:00,28.468,,,,,
6266,06/14/25 14:15:00,28.493,,,,,
6267,06/14/25 14:30:00,28.444,,,,,
6268,06/14/25 14:45:00,28.444,,,,,
6269,06/14/25 15:00:00,28.419,,,,,
6270,06/14/25 15:15:00,28.419,,,,,
6271,06/14/25 15:30:00,28.419,,,,,
6272,06/14/25 15:45:00,28.419,,,,,
6273,06/14/25 16:00:00,28.419,,,,,
6274,06/14/25 16:15:00,28.419,,,,,
6275,06/14/25 16:30:00,28.568,,,,,
6276,06/14/25 16:45:00,28.493,,,,,
6277,06/14/25 17:00:00,28.593,,,,,
6278,06/14/25 17:15:00,28.444,,,,,
6279,06/14/25 17:30:00,28.444,,,,,
6280,06/14/25 17:45:00,28.419,,,,,
6281,06/14/25 18:00:00,28.419,,,,,
6282,06/14/25 18:15:00,28.419,,,,,
6283,06/14/25 18:30:00,28.419,,,,,
6284,06/14/25 18:45:00,28.394,,,,,
6285,06/14/25 19:00:00,28.394,,,,,
6286,06/14/25 19:15:00,28.394,,,,,
6287,06/14/25 19:30:00,28.394,,,,,
6288,06/14/25 19:45:00,28.394,,,,,
6289,06/14/25 20:00:00,28.394,,,,,
6290,06/14/25 20:15:00,28.394,,,,,
6291,06/14/25 20:30:00,28.394,,,,,
6292,06/14/25 20:45:00,28.394,,,,,
6293,06/14/25 21:00:00,28.394,,,,,
6294,06/14/25 21:15:00,28.394,,,,,
6295,06/14/25 21:30:00,28.394,,,,,
6296,06/14/25 21:45:00,28.394,,,,,
6297,06/14/25 22:00:00,28.444,,,,,
6298,06/14/25 22:15:00,28.518,,,,,
6299,06/14/25 22:30:00,28.444,,,,,
6300,06/14/25 22:45:00,28.394,,,,,
6301,06/14/25 23:00:00,28.369,,,,,
6302,06/14/25 23:15:00,28.369,,,,,
6303,06/14/25 23:30:00,28.369,,,,,
6304,06/14/25 23:45:00,28.394,,,,,
6305,06/15/25 00:00:00,28.394,,,,,
6306,06/15/25 00:15:00,28.369,,,,,
6307,06/15/25 00:30:00,28.369,,,,,
6308,06/15/25 00:45:00,28.369,,,,,
6309,06/15/25 01:00:00,28.394,,,,,
6310,06/15/25 01:15:00,28.419,,,,,
6311,06/15/25 01:30:00,28.419,,,,,
6312,06/15/25 01:45:00,28.444,,,,,
6313,06/15/25 02:00:00,28.468,,,,,
6314,06/15/25 02:15:00,28.468,,,,,
6315,06/15/25 02:30:00,28.468,,,,,
6316,06/15/25 02:45:00,28.444,,,,,
6317,06/15/25 03:00:00,28.419,,,,,
6318,06/15/25 03:15:00,28.444,,,,,
6319,06/15/25 03:30:00,28.444,,,,,
6320,06/15/25 03:45:00,28.394,,,,,
6321,06/15/25 04:00:00,28.419,,,,,
6322,06/15/25 04:15:00,28.419,,,,,
6323,06/15/25 04:30:00,28.419,,,,,
6324,06/15/25 04:45:00,28.419,,,,,
6325,06/15/25 05:00:00,28.419,,,,,
6326,06/15/25 05:15:00,28.419,,,,,
6327,06/15/25 05:30:00,28.369,,,,,
6328,06/15/25 05:45:00,28.320,,,,,
6329,06/15/25 06:00:00,28.295,,,,,
6330,06/15/25 06:15:00,28.270,,,,,
6331,06/15/25 06:30:00,28.245,,,,,
6332,06/15/25 06:45:00,28.221,,,,,
6333,06/15/25 07:00:00,28.196,,,,,
6334,06/15/25 07:15:00,28.196,,,,,
6335,06/15/25 07:30:00,28.196,,,,,
6336,06/15/25 07:45:00,28.171,,,,,
6337,06/15/25 08:00:00,28.171,,,,,
6338,06/15/25 08:15:00,28.171,,,,,
6339,06/15/25 08:30:00,28.171,,,,,
6340,06/15/25 08:45:00,28.097,,,,,
6341,06/15/25 09:00:00,28.072,,,,,
6342,06/15/25 09:15:00,28.072,,,,,
6343,06/15/25 09:30:00,28.097,,,,,
6344,06/15/25 09:45:00,28.072,,,,,
6345,06/15/25 10:00:00,28.097,,,,,
6346,06/15/25 10:15:00,28.097,,,,,
6347,06/15/25 10:30:00,28.097,,,,,
6348,06/15/25 10:45:00,28.097,,,,,
6349,06/15/25 11:00:00,28.097,,,,,
6350,06/15/25 11:15:00,28.097,,,,,
6351,06/15/25 11:30:00,28.097,,,,,
6352,06/15/25 11:45:00,28.122,,,,,
6353,06/15/25 12:00:00,28.122,,,,,
6354,06/15/25 12:15:00,28.122,,,,,
6355,06/15/25 12:30:00,28.147,,,,,
6356,06/15/25 12:45:00,28.147,,,,,
6357,06/15/25 13:00:00,28.171,,,,,
6358,06/15/25 13:15:00,28.171,,,,,
6359,06/15/25 13:30:00,28.171,,,,,
6360,06/15/25 13:45:00,28.171,,,,,
6361,06/15/25 14:00:00,28.196,,,,,
6362,06/15/25 14:15:00,28.221,,,,,
6363,06/15/25 14:30:00,28.245,,,,,
6364,06/15/25 14:45:00,28.245,,,,,
6365,06/15/25 15:00:00,28.270,,,,,
6366,06/15/25 15:15:00,28.295,,,,,
6367,06/15/25 15:30:00,28.320,,,,,
6368,06/15/25 15:45:00,28.320,,,,,
6369,06/15/25 16:00:00,28.320,,,,,
6370,06/15/25 16:15:00,28.320,,,,,
6371,06/15/25 16:30:00,28.320,,,,,
6372,06/15/25 16:45:00,28.320,,,,,
6373,06/15/25 17:00:00,28.320,,,,,
6374,06/15/25 17:15:00,28.320,,,,,
6375,06/15/25 17:30:00,28.320,,,,,
6376,06/15/25 17:45:00,28.320,,,,,
6377,06/15/25 18:00:00,28.320,,,,,
6378,06/15/25 18:15:00,28.320,,,,,
6379,06/15/25 18:30:00,28.345,,,,,
6380,06/15/25 18:45:00,28.345,,,,,
6381,06/15/25 19:00:00,28.345,,,,,
6382,06/15/25 19:15:00,28.345,,,,,
6383,06/15/25 19:30:00,28.345,,,,,
6384,06/15/25 19:45:00,28.345,,,,,
6385,06/15/25 20:00:00,28.345,,,,,
6386,06/15/25 20:15:00,28.345,,,,,
6387,06/15/25 20:30:00,28.345,,,,,
6388,06/15/25 20:45:00,28.320,,,,,
6389,06/15/25 21:00:00,28.345,,,,,
6390,06/15/25 21:15:00,28.345,,,,,
6391,06/15/25 21:30:00,28.345,,,,,
6392,06/15/25 21:45:00,28.345,,,,,
6393,06/15/25 22:00:00,28.345,,,,,
6394,06/15/25 22:15:00,28.345,,,,,
6395,06/15/25 22:30:00,28.295,,,,,
6396,06/15/25 22:45:00,28.345,,,,,
6397,06/15/25 23:00:00,28.369,,,,,
6398,06/15/25 23:15:00,28.369,,,,,
6399,06/15/25 23:30:00,28.369,,,,,
6400,06/15/25 23:45:00,28.394,,,,,
6401,06/16/25 00:00:00,28.394,,,,,
6402,06/16/25 00:15:00,28.369,,,,,
6403,06/16/25 00:30:00,28.345,,,,,
6404,06/16/25 00:45:00,28.345,,,,,
6405,06/16/25 01:00:00,28.345,,,,,
6406,06/16/25 01:15:00,28.345,,,,,
6407,06/16/25 01:30:00,28.369,,,,,
6408,06/16/25 01:45:00,28.369,,,,,
6409,06/16/25 02:00:00,28.394,,,,,
6410,06/16/25 02:15:00,28.394,,,,,
6411,06/16/25 02:30:00,28.394,,,,,
6412,06/16/25 02:45:00,28.394,,,,,
6413,06/16/25 03:00:00,28.394,,,,,
6414,06/16/25 03:15:00,28.394,,,,,
6415,06/16/25 03:30:00,28.394,,,,,
6416,06/16/25 03:45:00,28.394,,,,,
6417,06/16/25 04:00:00,28.394,,,,,
6418,06/16/25 04:15:00,28.394,,,,,
6419,06/16/25 04:30:00,28.394,,,,,
6420,06/16/25 04:45:00,28.394,,,,,
6421,06/16/25 05:00:00,28.369,,,,,
6422,06/16/25 05:15:00,28.369,,,,,
6423,06/16/25 05:30:00,28.369,,,,,
6424,06/16/25 05:45:00,28.369,,,,,
6425,06/16/25 06:00:00,28.369,,,,,
6426,06/16/25 06:15:00,28.345,,,,,
6427,06/16/25 06:30:00,28.122,,,,,
6428,06/16/25 06:45:00,28.048,,,,,
6429,06/16/25 07:00:00,28.023,,,,,
6430,06/16/25 07:15:00,27.998,,,,,
6431,06/16/25 07:30:00,27.998,,,,,
6432,06/16/25 07:45:00,27.998,,,,,
6433,06/16/25 08:00:00,28.072,,,,,
6434,06/16/25 08:15:00,28.245,,,,,
6435,06/16/25 08:30:00,28.072,,,,,
6436,06/16/25 08:45:00,28.048,,,,,
6437,06/16/25 09:00:00,28.072,,,,,
6438,06/16/25 09:15:00,28.122,,,,,
6439,06/16/25 09:30:00,28.147,,,,,
6440,06/16/25 09:45:00,28.171,,,,,
6441,06/16/25 10:00:00,28.221,,,,,
6442,06/16/25 10:15:00,28.245,,,,,
6443,06/16/25 10:30:00,28.245,,,,,
6444,06/16/25 10:45:00,28.221,,,,,
6445,06/16/25 11:00:00,28.221,,,,,
6446,06/16/25 11:15:00,28.196,,,,,
6447,06/16/25 11:30:00,28.221,,,,,
6448,06/16/25 11:45:00,28.221,,,,,
6449,06/16/25 12:00:00,28.270,,,,,
6450,06/16/25 12:15:00,28.295,,,,,
6451,06/16/25 12:30:00,28.345,,,,,
6452,06/16/25 12:45:00,28.369,,,,,
6453,06/16/25 13:00:00,28.369,,,,,
6454,06/16/25 13:15:00,28.369,,,,,
6455,06/16/25 13:30:00,28.369,,,,,
6456,06/16/25 13:45:00,28.394,,,,,
6457,06/16/25 14:00:00,28.394,,,,,
6458,06/16/25 14:15:00,28.394,,,,,
6459,06/16/25 14:30:00,28.419,,,,,
6460,06/16/25 14:45:00,28.468,,,,,
6461,06/16/25 15:00:00,28.493,,,,,
6462,06/16/25 15:15:00,28.518,,,,,
6463,06/16/25 15:30:00,28.518,,,,,
6464,06/16/25 15:45:00,28.543,,,,,
6465,06/16/25 16:00:00,28.543,,,,,
6466,06/16/25 16:15:00,28.543,,,,,
6467,06/16/25 16:30:00,28.543,,,,,
6468,06/16/25 16:45:00,28.543,,,,,
6469,06/16/25 17:00:00,28.568,,,,,
6470,06/16/25 17:15:00,28.568,,,,,
6471,06/16/25 17:30:00,28.543,,,,,
6472,06/16/25 17:45:00,28.518,,,,,
6473,06/16/25 18:00:00,28.518,,,,,
6474,06/16/25 18:15:00,28.543,,,,,
6475,06/16/25 18:30:00,28.543,,,,,
6476,06/16/25 18:45:00,28.543,,,,,
6477,06/16/25 19:00:00,28.543,,,,,
6478,06/16/25 19:15:00,28.518,,,,,
6479,06/16/25 19:30:00,28.518,,,,,
6480,06/16/25 19:45:00,28.493,,,,,
6481,06/16/25 20:00:00,28.468,,,,,
6482,06/16/25 20:15:00,28.468,,,,,
6483,06/16/25 20:30:00,28.468,,,,,
6484,06/16/25 20:45:00,28.493,,,,,
6485,06/16/25 21:00:00,28.543,,,,,
6486,06/16/25 21:15:00,28.568,,,,,
6487,06/16/25 21:30:00,28.593,,,,,
6488,06/16/25 21:45:00,28.543,,,,,
6489,06/16/25 22:00:00,28.518,,,,,
6490,06/16/25 22:15:00,28.468,,,,,
6491,06/16/25 22:30:00,28.369,,,,,
6492,06/16/25 22:45:00,28.394,,,,,
6493,06/16/25 23:00:00,28.394,,,,,
6494,06/16/25 23:15:00,28.444,,,,,
6495,06/16/25 23:30:00,28.369,,,,,
6496,06/16/25 23:45:00,28.369,,,,,
6497,06/17/25 00:00:00,28.419,,,,,
6498,06/17/25 00:15:00,28.468,,,,,
6499,06/17/25 00:30:00,28.518,,,,,
6500,06/17/25 00:45:00,28.543,,,,,
6501,06/17/25 01:00:00,28.493,,,,,
6502,06/17/25 01:15:00,28.468,,,,,
6503,06/17/25 01:30:00,28.444,,,,,
6504,06/17/25 01:45:00,28.444,,,,,
6505,06/17/25 02:00:00,28.444,,,,,
6506,06/17/25 02:15:00,28.444,,,,,
6507,06/17/25 02:30:00,28.419,,,,,
6508,06/17/25 02:45:00,28.419,,,,,
6509,06/17/25 03:00:00,28.419,,,,,
6510,06/17/25 03:15:00,28.419,,,,,
6511,06/17/25 03:30:00,28.394,,,,,
6512,06/17/25 03:45:00,28.394,,,,,
6513,06/17/25 04:00:00,28.394,,,,,
6514,06/17/25 04:15:00,28.394,,,,,
6515,06/17/25 04:30:00,28.394,,,,,
6516,06/17/25 04:45:00,28.394,,,,,
6517,06/17/25 05:00:00,28.394,,,,,
6518,06/17/25 05:15:00,28.394,,,,,
6519,06/17/25 05:30:00,28.369,,,,,
6520,06/17/25 05:45:00,28.394,,,,,
6521,06/17/25 06:00:00,28.369,,,,,
6522,06/17/25 06:15:00,28.369,,,,,
6523,06/17/25 06:30:00,28.369,,,,,
6524,06/17/25 06:45:00,28.369,,,,,
6525,06/17/25 07:00:00,28.369,,,,,
6526,06/17/25 07:15:00,28.369,,,,,
6527,06/17/25 07:30:00,28.394,,,,,
6528,06/17/25 07:45:00,28.369,,,,,
6529,06/17/25 08:00:00,28.295,,,,,
6530,06/17/25 08:15:00,28.245,,,,,
6531,06/17/25 08:30:00,28.245,,,,,
6532,06/17/25 08:45:00,28.245,,,,,
6533,06/17/25 09:00:00,28.221,,,,,
6534,06/17/25 09:15:00,28.221,,,,,
6535,06/17/25 09:30:00,28.171,,,,,
6536,06/17/25 09:45:00,28.147,,,,,
6537,06/17/25 10:00:00,28.097,,,,,
6538,06/17/25 10:15:00,28.072,,,,,
6539,06/17/25 10:30:00,28.072,,,,,
6540,06/17/25 10:45:00,28.072,,,,,
6541,06/17/25 11:00:00,28.072,,,,,
6542,06/17/25 11:15:00,28.097,,,,,
6543,06/17/25 11:30:00,28.122,,,,,
6544,06/17/25 11:45:00,28.122,,,,,
6545,06/17/25 12:00:00,28.122,,,,,
6546,06/17/25 12:15:00,28.147,,,,,
6547,06/17/25 12:30:00,28.147,,,,,
6548,06/17/25 12:45:00,28.171,,,,,
6549,06/17/25 13:00:00,28.196,,,,,
6550,06/17/25 13:15:00,28.221,,,,,
6551,06/17/25 13:30:00,28.245,,,,,
6552,06/17/25 13:45:00,28.245,,,,,
6553,06/17/25 14:00:00,28.270,,,,,
6554,06/17/25 14:15:00,28.270,,,,,
6555,06/17/25 14:30:00,28.320,,,,,
6556,06/17/25 14:45:00,28.320,,,,,
6557,06/17/25 15:00:00,28.345,,,,,
6558,06/17/25 15:15:00,28.320,,,,,
6559,06/17/25 15:30:00,28.270,,,,,
6560,06/17/25 15:45:00,28.345,,,,,
6561,06/17/25 16:00:00,28.369,,,,,
6562,06/17/25 16:15:00,28.394,,,,,
6563,06/17/25 16:30:00,28.444,,,,,
6564,06/17/25 16:45:00,28.444,,,,,
6565,06/17/25 17:00:00,28.468,,,,,
6566,06/17/25 17:15:00,28.468,,,,,
6567,06/17/25 17:30:00,28.468,,,,,
6568,06/17/25 17:45:00,28.468,,,,,
6569,06/17/25 18:00:00,28.444,,,,,
6570,06/17/25 18:15:00,28.468,,,,,
6571,06/17/25 18:30:00,28.468,,,,,
6572,06/17/25 18:45:00,28.444,,,,,
6573,06/17/25 19:00:00,28.444,,,,,
6574,06/17/25 19:15:00,28.419,,,,,
6575,06/17/25 19:30:00,28.394,,,,,
6576,06/17/25 19:45:00,28.369,,,,,
6577,06/17/25 20:00:00,28.369,,,,,
6578,06/17/25 20:15:00,28.369,,,,,
6579,06/17/25 20:30:00,28.369,,,,,
6580,06/17/25 20:45:00,28.345,,,,,
6581,06/17/25 21:00:00,28.345,,,,,
6582,06/17/25 21:15:00,28.345,,,,,
6583,06/17/25 21:30:00,28.369,,,,,
6584,06/17/25 21:45:00,28.369,,,,,
6585,06/17/25 22:00:00,28.369,,,,,
6586,06/17/25 22:15:00,28.369,,,,,
6587,06/17/25 22:30:00,28.369,,,,,
6588,06/17/25 22:45:00,28.369,,,,,
6589,06/17/25 23:00:00,28.320,,,,,
6590,06/17/25 23:15:00,28.320,,,,,
6591,06/17/25 23:30:00,28.295,,,,,
6592,06/17/25 23:45:00,28.270,,,,,
6593,06/18/25 00:00:00,28.270,,,,,
6594,06/18/25 00:15:00,28.270,,,,,
6595,06/18/25 00:30:00,28.245,,,,,
6596,06/18/25 00:45:00,28.245,,,,,
6597,06/18/25 01:00:00,28.221,,,,,
6598,06/18/25 01:15:00,28.245,,,,,
6599,06/18/25 01:30:00,28.245,,,,,
6600,06/18/25 01:45:00,28.270,,,,,
6601,06/18/25 02:00:00,28.245,,,,,
6602,06/18/25 02:15:00,28.245,,,,,
6603,06/18/25 02:30:00,28.245,,,,,
6604,06/18/25 02:45:00,28.245,,,,,
6605,06/18/25 03:00:00,28.270,,,,,
6606,06/18/25 03:15:00,28.270,,,,,
6607,06/18/25 03:30:00,28.270,,,,,
6608,06/18/25 03:45:00,28.270,,,,,
6609,06/18/25 04:00:00,28.295,,,,,
6610,06/18/25 04:15:00,28.295,,,,,
6611,06/18/25 04:30:00,28.320,,,,,
6612,06/18/25 04:45:00,28.320,,,,,
6613,06/18/25 05:00:00,28.320,,,,,
6614,06/18/25 05:15:00,28.320,,,,,
6615,06/18/25 05:30:00,28.345,,,,,
6616,06/18/25 05:45:00,28.369,,,,,
6617,06/18/25 06:00:00,28.369,,,,,
6618,06/18/25 06:15:00,28.369,,,,,
6619,06/18/25 06:30:00,28.369,,,,,
6620,06/18/25 06:45:00,28.394,,,,,
6621,06/18/25 07:00:00,28.394,,,,,
6622,06/18/25 07:15:00,28.394,,,,,
6623,06/18/25 07:30:00,28.394,,,,,
6624,06/18/25 07:45:00,28.419,,,,,
6625,06/18/25 08:00:00,28.419,,,,,
6626,06/18/25 08:15:00,28.419,,,,,
6627,06/18/25 08:30:00,28.419,,,,,
6628,06/18/25 08:45:00,28.419,,,,,
6629,06/18/25 09:00:00,28.419,,,,,
6630,06/18/25 09:15:00,28.444,,,,,
6631,06/18/25 09:30:00,28.444,,,,,
6632,06/18/25 09:45:00,28.444,,,,,
6633,06/18/25 10:00:00,28.468,,,,,
6634,06/18/25 10:15:00,28.468,,,,,
6635,06/18/25 10:30:00,28.468,,,,,
6636,06/18/25 10:45:00,28.468,,,,,
6637,06/18/25 11:00:00,28.493,,,,,
6638,06/18/25 11:15:00,28.518,,,,,
6639,06/18/25 11:30:00,28.518,,,,,
6640,06/18/25 11:45:00,28.468,,,,,
6641,06/18/25 12:00:00,28.468,,,,,
6642,06/18/25 12:15:00,28.493,,,,,
6643,06/18/25 12:30:00,28.543,,,,,
6644,06/18/25 12:45:00,28.493,,,,,
6645,06/18/25 13:00:00,28.493,,,,,
6646,06/18/25 13:15:00,28.419,,,,,
6647,06/18/25 13:30:00,28.369,,,,,
6648,06/18/25 13:45:00,28.419,,,,,
6649,06/18/25 14:00:00,28.468,,,,,
6650,06/18/25 14:15:00,28.518,,,,,
6651,06/18/25 14:30:00,28.568,,,,,
6652,06/18/25 14:45:00,28.617,,,,,
6653,06/18/25 15:00:00,28.667,,,,,
6654,06/18/25 15:15:00,28.692,,,,,
6655,06/18/25 15:30:00,28.692,,,,,
6656,06/18/25 15:45:00,28.692,,,,,
6657,06/18/25 16:00:00,28.717,,,,,
6658,06/18/25 16:15:00,28.717,,,,,
6659,06/18/25 16:30:00,28.692,,,,,
6660,06/18/25 16:45:00,28.667,,,,,
6661,06/18/25 17:00:00,28.642,,,,,
6662,06/18/25 17:15:00,28.642,,,,,
6663,06/18/25 17:30:00,28.642,,,,,
6664,06/18/25 17:45:00,28.642,,,,,
6665,06/18/25 18:00:00,28.593,,,,,
6666,06/18/25 18:15:00,28.543,,,,,
6667,06/18/25 18:30:00,28.493,,,,,
6668,06/18/25 18:45:00,28.444,,,,,
6669,06/18/25 19:00:00,28.419,,,,,
6670,06/18/25 19:15:00,28.518,,,,,
6671,06/18/25 19:30:00,28.518,,,,,
6672,06/18/25 19:45:00,28.543,,,,,
6673,06/18/25 20:00:00,28.518,,,,,
6674,06/18/25 20:15:00,28.518,,,,,
6675,06/18/25 20:30:00,28.493,,,,,
6676,06/18/25 20:45:00,28.468,,,,,
6677,06/18/25 21:00:00,28.468,,,,,
6678,06/18/25 21:15:00,28.468,,,,,
6679,06/18/25 21:30:00,28.468,,,,,
6680,06/18/25 21:45:00,28.468,,,,,
6681,06/18/25 22:00:00,28.444,,,,,
6682,06/18/25 22:15:00,28.444,,,,,
6683,06/18/25 22:30:00,28.444,,,,,
6684,06/18/25 22:45:00,28.444,,,,,
6685,06/18/25 23:00:00,28.444,,,,,
6686,06/18/25 23:15:00,28.468,,,,,
6687,06/18/25 23:30:00,28.444,,,,,
6688,06/18/25 23:45:00,28.444,,,,,
6689,06/19/25 00:00:00,28.444,,,,,
6690,06/19/25 00:15:00,28.444,,,,,
6691,06/19/25 00:30:00,28.419,,,,,
6692,06/19/25 00:45:00,28.394,,,,,
6693,06/19/25 01:00:00,28.369,,,,,
6694,06/19/25 01:15:00,28.369,,,,,
6695,06/19/25 01:30:00,28.369,,,,,
6696,06/19/25 01:45:00,28.369,,,,,
6697,06/19/25 02:00:00,28.345,,,,,
6698,06/19/25 02:15:00,28.320,,,,,
6699,06/19/25 02:30:00,28.320,,,,,
6700,06/19/25 02:45:00,28.320,,,,,
6701,06/19/25 03:00:00,28.295,,,,,
6702,06/19/25 03:15:00,28.320,,,,,
6703,06/19/25 03:30:00,28.345,,,,,
6704,06/19/25 03:45:00,28.369,,,,,
6705,06/19/25 04:00:00,28.394,,,,,
6706,06/19/25 04:15:00,28.394,,,,,
6707,06/19/25 04:30:00,28.394,,,,,
6708,06/19/25 04:45:00,28.419,,,,,
6709,06/19/25 05:00:00,28.419,,,,,
6710,06/19/25 05:15:00,28.419,,,,,
6711,06/19/25 05:30:00,28.394,,,,,
6712,06/19/25 05:45:00,28.394,,,,,
6713,06/19/25 06:00:00,28.369,,,,,
6714,06/19/25 06:15:00,28.369,,,,,
6715,06/19/25 06:30:00,28.369,,,,,
6716,06/19/25 06:45:00,28.369,,,,,
6717,06/19/25 07:00:00,28.345,,,,,
6718,06/19/25 07:15:00,28.320,,,,,
6719,06/19/25 07:30:00,28.270,,,,,
6720,06/19/25 07:45:00,28.270,,,,,
6721,06/19/25 08:00:00,28.270,,,,,
6722,06/19/25 08:15:00,28.295,,,,,
6723,06/19/25 08:30:00,28.320,,,,,
6724,06/19/25 08:45:00,28.320,,,,,
6725,06/19/25 09:00:00,28.320,,,,,
6726,06/19/25 09:15:00,28.320,,,,,
6727,06/19/25 09:30:00,28.320,,,,,
6728,06/19/25 09:45:00,28.345,,,,,
6729,06/19/25 10:00:00,28.345,,,,,
6730,06/19/25 10:15:00,28.369,,,,,
6731,06/19/25 10:30:00,28.369,,,,,
6732,06/19/25 10:45:00,28.369,,,,,
6733,06/19/25 11:00:00,28.369,,,,,
6734,06/19/25 11:15:00,28.394,,,,,
6735,06/19/25 11:30:00,28.419,,,,,
6736,06/19/25 11:45:00,28.419,,,,,
6737,06/19/25 12:00:00,28.419,,,,,
6738,06/19/25 12:15:00,28.419,,,,,
6739,06/19/25 12:30:00,28.444,,,,,
6740,06/19/25 12:45:00,28.468,,,,,
6741,06/19/25 13:00:00,28.493,,,,,
6742,06/19/25 13:15:00,28.518,,,,,
6743,06/19/25 13:30:00,28.543,,,,,
6744,06/19/25 13:45:00,28.568,,,,,
6745,06/19/25 14:00:00,28.593,,,,,
6746,06/19/25 14:15:00,28.593,,,,,
6747,06/19/25 14:30:00,28.593,,,,,
6748,06/19/25 14:45:00,28.568,,,,,
6749,06/19/25 15:00:00,28.568,,,,,
6750,06/19/25 15:15:00,28.642,,,,,
6751,06/19/25 15:30:00,28.667,,,,,
6752,06/19/25 15:45:00,28.667,,,,,
6753,06/19/25 16:00:00,28.518,,,,,
6754,06/19/25 16:15:00,28.493,,,,,
6755,06/19/25 16:30:00,28.468,,,,,
6756,06/19/25 16:45:00,28.444,,,,,
6757,06/19/25 17:00:00,28.444,,,,,
6758,06/19/25 17:15:00,28.444,,,,,
6759,06/19/25 17:30:00,28.419,,,,,
6760,06/19/25 17:45:00,28.419,,,,,
6761,06/19/25 18:00:00,28.394,,,,,
6762,06/19/25 18:15:00,28.394,,,,,
6763,06/19/25 18:30:00,28.419,,,,,
6764,06/19/25 18:45:00,28.444,,,,,
6765,06/19/25 19:00:00,28.444,,,,,
6766,06/19/25 19:15:00,28.444,,,,,
6767,06/19/25 19:30:00,28.444,,,,,
6768,06/19/25 19:45:00,28.444,,,,,
6769,06/19/25 20:00:00,28.444,,,,,
6770,06/19/25 20:15:00,28.444,,,,,
6771,06/19/25 20:30:00,28.444,,,,,
6772,06/19/25 20:45:00,28.444,,,,,
6773,06/19/25 21:00:00,28.444,,,,,
6774,06/19/25 21:15:00,28.419,,,,,
6775,06/19/25 21:30:00,28.419,,,,,
6776,06/19/25 21:45:00,28.419,,,,,
6777,06/19/25 22:00:00,28.419,,,,,
6778,06/19/25 22:15:00,28.444,,,,,
6779,06/19/25 22:30:00,28.444,,,,,
6780,06/19/25 22:45:00,28.444,,,,,
6781,06/19/25 23:00:00,28.444,,,,,
6782,06/19/25 23:15:00,28.444,,,,,
6783,06/19/25 23:30:00,28.419,,,,,
6784,06/19/25 23:45:00,28.444,,,,,
6785,06/20/25 00:00:00,28.444,,,,,
6786,06/20/25 00:15:00,28.419,,,,,
6787,06/20/25 00:30:00,28.419,,,,,
6788,06/20/25 00:45:00,28.444,,,,,
6789,06/20/25 01:00:00,28.444,,,,,
6790,06/20/25 01:15:00,28.444,,,,,
6791,06/20/25 01:30:00,28.444,,,,,
6792,06/20/25 01:45:00,28.444,,,,,
6793,06/20/25 02:00:00,28.444,,,,,
6794,06/20/25 02:15:00,28.419,,,,,
6795,06/20/25 02:30:00,28.419,,,,,
6796,06/20/25 02:45:00,28.444,,,,,
6797,06/20/25 03:00:00,28.444,,,,,
6798,06/20/25 03:15:00,28.444,,,,,
6799,06/20/25 03:30:00,28.444,,,,,
6800,06/20/25 03:45:00,28.444,,,,,
6801,06/20/25 04:00:00,28.444,,,,,
6802,06/20/25 04:15:00,28.444,,,,,
6803,06/20/25 04:30:00,28.419,,,,,
6804,06/20/25 04:45:00,28.419,,,,,
6805,06/20/25 05:00:00,28.444,,,,,
6806,06/20/25 05:15:00,28.419,,,,,
6807,06/20/25 05:30:00,28.419,,,,,
6808,06/20/25 05:45:00,28.419,,,,,
6809,06/20/25 06:00:00,28.419,,,,,
6810,06/20/25 06:15:00,28.419,,,,,
6811,06/20/25 06:30:00,28.419,,,,,
6812,06/20/25 06:45:00,28.419,,,,,
6813,06/20/25 07:00:00,28.419,,,,,
6814,06/20/25 07:15:00,28.419,,,,,
6815,06/20/25 07:30:00,28.419,,,,,
6816,06/20/25 07:45:00,28.419,,,,,
6817,06/20/25 08:00:00,28.419,,,,,
6818,06/20/25 08:15:00,28.419,,,,,
6819,06/20/25 08:30:00,28.419,,,,,
6820,06/20/25 08:45:00,28.419,,,,,
6821,06/20/25 09:00:00,28.419,,,,,
6822,06/20/25 09:15:00,28.419,,,,,
6823,06/20/25 09:30:00,28.419,,,,,
6824,06/20/25 09:45:00,28.419,,,,,
6825,06/20/25 10:00:00,28.419,,,,,
6826,06/20/25 10:15:00,28.419,,,,,
6827,06/20/25 10:30:00,28.419,,,,,
6828,06/20/25 10:45:00,28.419,,,,,
6829,06/20/25 11:00:00,28.419,,,,,
6830,06/20/25 11:15:00,28.444,,,,,
6831,06/20/25 11:30:00,28.444,,,,,
6832,06/20/25 11:45:00,28.444,,,,,
6833,06/20/25 12:00:00,28.444,,,,,
6834,06/20/25 12:15:00,28.444,,,,,
6835,06/20/25 12:30:00,28.419,,,,,
6836,06/20/25 12:45:00,28.419,,,,,
6837,06/20/25 13:00:00,28.419,,,,,
6838,06/20/25 13:15:00,28.419,,,,,
6839,06/20/25 13:30:00,28.419,,,,,
6840,06/20/25 13:45:00,28.394,,,,,
6841,06/20/25 14:00:00,28.394,,,,,
6842,06/20/25 14:15:00,28.394,,,,,
6843,06/20/25 14:30:00,28.419,,,,,
6844,06/20/25 14:45:00,28.419,,,,,
6845,06/20/25 15:00:00,28.419,,,,,
6846,06/20/25 15:15:00,28.419,,,,,
6847,06/20/25 15:30:00,28.419,,,,,
6848,06/20/25 15:45:00,28.419,,,,,
6849,06/20/25 16:00:00,28.419,,,,,
6850,06/20/25 16:15:00,28.444,,,,,
6851,06/20/25 16:30:00,28.444,,,,,
6852,06/20/25 16:45:00,28.444,,,,,
6853,06/20/25 17:00:00,28.444,,,,,
6854,06/20/25 17:15:00,28.444,,,,,
6855,06/20/25 17:30:00,28.444,,,,,
6856,06/20/25 17:45:00,28.444,,,,,
6857,06/20/25 18:00:00,28.444,,,,,
6858,06/20/25 18:15:00,28.444,,,,,
6859,06/20/25 18:30:00,28.444,,,,,
6860,06/20/25 18:45:00,28.419,,,,,
6861,06/20/25 19:00:00,28.419,,,,,
6862,06/20/25 19:15:00,28.419,,,,,
6863,06/20/25 19:30:00,28.419,,,,,
6864,06/20/25 19:45:00,28.394,,,,,
6865,06/20/25 20:00:00,28.394,,,,,
6866,06/20/25 20:15:00,28.369,,,,,
6867,06/20/25 20:30:00,28.369,,,,,
6868,06/20/25 20:45:00,28.369,,,,,
6869,06/20/25 21:00:00,28.369,,,,,
6870,06/20/25 21:15:00,28.369,,,,,
6871,06/20/25 21:30:00,28.369,,,,,
6872,06/20/25 21:45:00,28.345,,,,,
6873,06/20/25 22:00:00,28.345,,,,,
6874,06/20/25 22:15:00,28.345,,,,,
6875,06/20/25 22:30:00,28.369,,,,,
6876,06/20/25 22:45:00,28.369,,,,,
6877,06/20/25 23:00:00,28.369,,,,,
6878,06/20/25 23:15:00,28.369,,,,,
6879,06/20/25 23:30:00,28.394,,,,,
6880,06/20/25 23:45:00,28.419,,,,,
6881,06/21/25 00:00:00,28.419,,,,,
6882,06/21/25 00:15:00,28.419,,,,,
6883,06/21/25 00:30:00,28.419,,,,,
6884,06/21/25 00:45:00,28.419,,,,,
6885,06/21/25 01:00:00,28.419,,,,,
6886,06/21/25 01:15:00,28.419,,,,,
6887,06/21/25 01:30:00,28.419,,,,,
6888,06/21/25 01:45:00,28.419,,,,,
6889,06/21/25 02:00:00,28.419,,,,,
6890,06/21/25 02:15:00,28.419,,,,,
6891,06/21/25 02:30:00,28.419,,,,,
6892,06/21/25 02:45:00,28.419,,,,,
6893,06/21/25 03:00:00,28.419,,,,,
6894,06/21/25 03:15:00,28.419,,,,,
6895,06/21/25 03:30:00,28.419,,,,,
6896,06/21/25 03:45:00,28.419,,,,,
6897,06/21/25 04:00:00,28.419,,,,,
6898,06/21/25 04:15:00,28.419,,,,,
6899,06/21/25 04:30:00,28.419,,,,,
6900,06/21/25 04:45:00,28.419,,,,,
6901,06/21/25 05:00:00,28.419,,,,,
6902,06/21/25 05:15:00,28.419,,,,,
6903,06/21/25 05:30:00,28.419,,,,,
6904,06/21/25 05:45:00,28.419,,,,,
6905,06/21/25 06:00:00,28.419,,,,,
6906,06/21/25 06:15:00,28.419,,,,,
6907,06/21/25 06:30:00,28.419,,,,,
6908,06/21/25 06:45:00,28.419,,,,,
6909,06/21/25 07:00:00,28.419,,,,,
6910,06/21/25 07:15:00,28.419,,,,,
6911,06/21/25 07:30:00,28.419,,,,,
6912,06/21/25 07:45:00,28.419,,,,,
6913,06/21/25 08:00:00,28.419,,,,,
6914,06/21/25 08:15:00,28.419,,,,,
6915,06/21/25 08:30:00,28.419,,,,,
6916,06/21/25 08:45:00,28.419,,,,,
6917,06/21/25 09:00:00,28.295,,,,,
6918,06/21/25 09:15:00,28.245,,,,,
6919,06/21/25 09:30:00,28.245,,,,,
6920,06/21/25 09:45:00,28.295,,,,,
6921,06/21/25 10:00:00,28.320,,,,,
6922,06/21/25 10:15:00,28.345,,,,,
6923,06/21/25 10:30:00,28.345,,,,,
6924,06/21/25 10:45:00,28.345,,,,,
6925,06/21/25 11:00:00,28.419,,,,,
6926,06/21/25 11:15:00,28.444,,,,,
6927,06/21/25 11:30:00,28.444,,,,,
6928,06/21/25 11:45:00,28.444,,,,,
6929,06/21/25 12:00:00,28.444,,,,,
6930,06/21/25 12:15:00,28.444,,,,,
6931,06/21/25 12:30:00,28.444,,,,,
6932,06/21/25 12:45:00,28.444,,,,,
6933,06/21/25 13:00:00,28.444,,,,,
6934,06/21/25 13:15:00,28.419,,,,,
6935,06/21/25 13:30:00,28.419,,,,,
6936,06/21/25 13:45:00,28.419,,,,,
6937,06/21/25 14:00:00,28.444,,,,,
6938,06/21/25 14:15:00,28.444,,,,,
6939,06/21/25 14:30:00,28.444,,,,,
6940,06/21/25 14:45:00,28.444,,,,,
6941,06/21/25 15:00:00,28.419,,,,,
6942,06/21/25 15:15:00,28.444,,,,,
6943,06/21/25 15:30:00,28.444,,,,,
6944,06/21/25 15:45:00,28.444,,,,,
6945,06/21/25 16:00:00,28.444,,,,,
6946,06/21/25 16:15:00,28.444,,,,,
6947,06/21/25 16:30:00,28.444,,,,,
6948,06/21/25 16:45:00,28.444,,,,,
6949,06/21/25 17:00:00,28.444,,,,,
6950,06/21/25 17:15:00,28.468,,,,,
6951,06/21/25 17:30:00,28.468,,,,,
6952,06/21/25 17:45:00,28.468,,,,,
6953,06/21/25 18:00:00,28.468,,,,,
6954,06/21/25 18:15:00,28.468,,,,,
6955,06/21/25 18:30:00,28.468,,,,,
6956,06/21/25 18:45:00,28.468,,,,,
6957,06/21/25 19:00:00,28.468,,,,,
6958,06/21/25 19:15:00,28.468,,,,,
6959,06/21/25 19:30:00,28.468,,,,,
6960,06/21/25 19:45:00,28.468,,,,,
6961,06/21/25 20:00:00,28.468,,,,,
6962,06/21/25 20:15:00,28.468,,,,,
6963,06/21/25 20:30:00,28.468,,,,,
6964,06/21/25 20:45:00,28.468,,,,,
6965,06/21/25 21:00:00,28.468,,,,,
6966,06/21/25 21:15:00,28.468,,,,,
6967,06/21/25 21:30:00,28.468,,,,,
6968,06/21/25 21:45:00,28.468,,,,,
6969,06/21/25 22:00:00,28.468,,,,,
6970,06/21/25 22:15:00,28.468,,,,,
6971,06/21/25 22:30:00,28.444,,,,,
6972,06/21/25 22:45:00,28.444,,,,,
6973,06/21/25 23:00:00,28.444,,,,,
6974,06/21/25 23:15:00,28.444,,,,,
6975,06/21/25 23:30:00,28.444,,,,,
6976,06/21/25 23:45:00,28.444,,,,,
6977,06/22/25 00:00:00,28.468,,,,,
6978,06/22/25 00:15:00,28.642,,,,,
6979,06/22/25 00:30:00,28.642,,,,,
6980,06/22/25 00:45:00,28.593,,,,,
6981,06/22/25 01:00:00,28.543,,,,,
6982,06/22/25 01:15:00,28.543,,,,,
6983,06/22/25 01:30:00,28.518,,,,,
6984,06/22/25 01:45:00,28.493,,,,,
6985,06/22/25 02:00:00,28.468,,,,,
6986,06/22/25 02:15:00,28.493,,,,,
6987,06/22/25 02:30:00,28.667,,,,,
6988,06/22/25 02:45:00,28.717,,,,,
6989,06/22/25 03:00:00,28.667,,,,,
6990,06/22/25 03:15:00,28.667,,,,,
6991,06/22/25 03:30:00,28.617,,,,,
6992,06/22/25 03:45:00,28.642,,,,,
6993,06/22/25 04:00:00,28.642,,,,,
6994,06/22/25 04:15:00,28.617,,,,,
6995,06/22/25 04:30:00,28.642,,,,,
6996,06/22/25 04:45:00,28.617,,,,,
6997,06/22/25 05:00:00,28.593,,,,,
6998,06/22/25 05:15:00,28.568,,,,,
6999,06/22/25 05:30:00,28.568,,,,,
7000,06/22/25 05:45:00,28.543,,,,,
7001,06/22/25 06:00:00,28.543,,,,,
7002,06/22/25 06:15:00,28.543,,,,,
7003,06/22/25 06:30:00,28.543,,,,,
7004,06/22/25 06:45:00,28.493,,,,,
7005,06/22/25 07:00:00,28.444,,,,,
7006,06/22/25 07:15:00,28.369,,,,,
7007,06/22/25 07:30:00,28.369,,,,,
7008,06/22/25 07:45:00,28.369,,,,,
7009,06/22/25 08:00:00,28.394,,,,,
7010,06/22/25 08:15:00,28.394,,,,,
7011,06/22/25 08:30:00,28.369,,,,,
7012,06/22/25 08:45:00,28.345,,,,,
7013,06/22/25 09:00:00,28.270,,,,,
7014,06/22/25 09:15:00,28.221,,,,,
7015,06/22/25 09:30:00,28.221,,,,,
7016,06/22/25 09:45:00,28.221,,,,,
7017,06/22/25 10:00:00,28.221,,,,,
7018,06/22/25 10:15:00,28.221,,,,,
7019,06/22/25 10:30:00,28.245,,,,,
7020,06/22/25 10:45:00,28.245,,,,,
7021,06/22/25 11:00:00,28.245,,,,,
7022,06/22/25 11:15:00,28.245,,,,,
7023,06/22/25 11:30:00,28.245,,,,,
7024,06/22/25 11:45:00,28.245,,,,,
7025,06/22/25 12:00:00,28.270,,,,,
7026,06/22/25 12:15:00,28.295,,,,,
7027,06/22/25 12:30:00,28.295,,,,,
7028,06/22/25 12:45:00,28.345,,,,,
7029,06/22/25 13:00:00,28.468,,,,,
7030,06/22/25 13:15:00,28.518,,,,,
7031,06/22/25 13:30:00,28.568,,,,,
7032,06/22/25 13:45:00,28.568,,,,,
7033,06/22/25 14:00:00,28.593,,,,,
7034,06/22/25 14:15:00,28.692,,,,,
7035,06/22/25 14:30:00,28.742,,,,,
7036,06/22/25 14:45:00,28.791,,,,,
7037,06/22/25 15:00:00,28.816,,,,,
7038,06/22/25 15:15:00,28.841,,,,,
7039,06/22/25 15:30:00,28.891,,,,,
7040,06/22/25 15:45:00,28.916,,,,,
7041,06/22/25 16:00:00,28.941,,,,,
7042,06/22/25 16:15:00,28.941,,,,,
7043,06/22/25 16:30:00,28.941,,,,,
7044,06/22/25 16:45:00,28.965,,,,,
7045,06/22/25 17:00:00,28.965,,,,,
7046,06/22/25 17:15:00,28.990,,,,,
7047,06/22/25 17:30:00,28.990,,,,,
7048,06/22/25 17:45:00,28.990,,,,,
7049,06/22/25 18:00:00,28.990,,,,,
7050,06/22/25 18:15:00,28.965,,,,,
7051,06/22/25 18:30:00,28.965,,,,,
7052,06/22/25 18:45:00,28.941,,,,,
7053,06/22/25 19:00:00,28.941,,,,,
7054,06/22/25 19:15:00,28.941,,,,,
7055,06/22/25 19:30:00,28.941,,,,,
7056,06/22/25 19:45:00,28.941,,,,,
7057,06/22/25 20:00:00,28.941,,,,,
7058,06/22/25 20:15:00,28.941,,,,,
7059,06/22/25 20:30:00,28.941,,,,,
7060,06/22/25 20:45:00,28.941,,,,,
7061,06/22/25 21:00:00,28.941,,,,,
7062,06/22/25 21:15:00,28.941,,,,,
7063,06/22/25 21:30:00,28.941,,,,,
7064,06/22/25 21:45:00,28.916,,,,,
7065,06/22/25 22:00:00,28.916,,,,,
7066,06/22/25 22:15:00,28.891,,,,,
7067,06/22/25 22:30:00,28.866,,,,,
7068,06/22/25 22:45:00,28.841,,,,,
7069,06/22/25 23:00:00,28.841,,,,,
7070,06/22/25 23:15:00,28.791,,,,,
7071,06/22/25 23:30:00,28.791,,,,,
7072,06/22/25 23:45:00,28.791,,,,,
7073,06/23/25 00:00:00,28.791,,,,,
7074,06/23/25 00:15:00,28.791,,,,,
7075,06/23/25 00:30:00,28.791,,,,,
7076,06/23/25 00:45:00,28.791,,,,,
7077,06/23/25 01:00:00,28.791,,,,,
7078,06/23/25 01:15:00,28.791,,,,,
7079,06/23/25 01:30:00,28.791,,,,,
7080,06/23/25 01:45:00,28.766,,,,,
7081,06/23/25 02:00:00,28.766,,,,,
7082,06/23/25 02:15:00,28.766,,,,,
7083,06/23/25 02:30:00,28.766,,,,,
7084,06/23/25 02:45:00,28.766,,,,,
7085,06/23/25 03:00:00,28.766,,,,,
7086,06/23/25 03:15:00,28.766,,,,,
7087,06/23/25 03:30:00,28.791,,,,,
7088,06/23/25 03:45:00,28.791,,,,,
7089,06/23/25 04:00:00,28.791,,,,,
7090,06/23/25 04:15:00,28.791,,,,,
7091,06/23/25 04:30:00,28.717,,,,,
7092,06/23/25 04:45:00,28.717,,,,,
7093,06/23/25 05:00:00,28.717,,,,,
7094,06/23/25 05:15:00,28.717,,,,,
7095,06/23/25 05:30:00,28.692,,,,,
7096,06/23/25 05:45:00,28.692,,,,,
7097,06/23/25 06:00:00,28.642,,,,,
7098,06/23/25 06:15:00,28.642,,,,,
7099,06/23/25 06:30:00,28.543,,,,,
7100,06/23/25 06:45:00,28.419,,,,,
7101,06/23/25 07:00:00,28.345,,,,,
7102,06/23/25 07:15:00,28.295,,,,,
7103,06/23/25 07:30:00,28.245,,,,,
7104,06/23/25 07:45:00,28.221,,,,,
7105,06/23/25 08:00:00,28.221,,,,,
7106,06/23/25 08:15:00,28.221,,,,,
7107,06/23/25 08:30:00,28.221,,,,,
7108,06/23/25 08:45:00,28.221,,,,,
7109,06/23/25 09:00:00,28.221,,,,,
7110,06/23/25 09:15:00,28.245,,,,,
7111,06/23/25 09:30:00,28.245,,,,,
7112,06/23/25 09:45:00,28.245,,,,,
7113,06/23/25 10:00:00,28.270,,,,,
7114,06/23/25 10:15:00,28.369,,,,,
7115,06/23/25 10:30:00,28.394,,,,,
7116,06/23/25 10:45:00,28.394,,,,,
7117,06/23/25 11:00:00,28.419,,,,,
7118,06/23/25 11:15:00,28.468,,,,,
7119,06/23/25 11:30:00,28.518,,,,,
7120,06/23/25 11:45:00,28.518,,,,,
7121,06/23/25 12:00:00,28.493,,,,,
7122,06/23/25 12:15:00,28.493,,,,,
7123,06/23/25 12:30:00,28.518,,,,,
7124,06/23/25 12:45:00,28.518,,,,,
7125,06/23/25 13:00:00,28.518,,,,,
7126,06/23/25 13:15:00,28.543,,,,,
7127,06/23/25 13:30:00,28.617,,,,,
7128,06/23/25 13:45:00,28.642,,,,,
7129,06/23/25 14:00:00,28.692,,,,,
7130,06/23/25 14:15:00,28.766,,,,,
7131,06/23/25 14:30:00,28.791,,,,,
7132,06/23/25 14:45:00,28.816,,,,,
7133,06/23/25 15:00:00,28.866,,,,,
7134,06/23/25 15:15:00,28.891,,,,,
7135,06/23/25 15:30:00,28.891,,,,,
7136,06/23/25 15:45:00,28.568,,,,,
7137,06/23/25 16:00:00,28.468,,,,,
7138,06/23/25 16:15:00,28.468,,,,,
7139,06/23/25 16:30:00,28.444,,,,,
7140,06/23/25 16:45:00,28.419,,,,,
7141,06/23/25 17:00:00,28.468,,,,,
7142,06/23/25 17:15:00,28.444,,,,,
7143,06/23/25 17:30:00,28.568,,,,,
7144,06/23/25 17:45:00,28.791,,,,,
7145,06/23/25 18:00:00,28.816,,,,,
7146,06/23/25 18:15:00,28.816,,,,,
7147,06/23/25 18:30:00,28.816,,,,,
7148,06/23/25 18:45:00,28.816,,,,,
7149,06/23/25 19:00:00,28.816,,,,,
7150,06/23/25 19:15:00,28.791,,,,,
7151,06/23/25 19:30:00,28.791,,,,,
7152,06/23/25 19:45:00,28.791,,,,,
7153,06/23/25 20:00:00,28.742,,,,,
7154,06/23/25 20:15:00,28.444,,,,,
7155,06/23/25 20:30:00,28.394,,,,,
7156,06/23/25 20:45:00,28.419,,,,,
7157,06/23/25 21:00:00,28.518,,,,,
7158,06/23/25 21:15:00,28.717,,,,,
7159,06/23/25 21:30:00,28.766,,,,,
7160,06/23/25 21:45:00,28.742,,,,,
7161,06/23/25 22:00:00,28.717,,,,,
7162,06/23/25 22:15:00,28.642,,,,,
7163,06/23/25 22:30:00,28.568,,,,,
7164,06/23/25 22:45:00,28.493,,,,,
7165,06/23/25 23:00:00,28.468,,,,,
7166,06/23/25 23:15:00,28.493,,,,,
7167,06/23/25 23:30:00,28.444,,,,,
7168,06/23/25 23:45:00,28.468,,,,,
7169,06/24/25 00:00:00,28.493,,,,,
7170,06/24/25 00:15:00,28.468,,,,,
7171,06/24/25 00:30:00,28.493,,,,,
7172,06/24/25 00:45:00,28.518,,,,,
7173,06/24/25 01:00:00,28.518,,,,,
7174,06/24/25 01:15:00,28.518,,,,,
7175,06/24/25 01:30:00,28.518,,,,,
7176,06/24/25 01:45:00,28.493,,,,,
7177,06/24/25 02:00:00,28.518,,,,,
7178,06/24/25 02:15:00,28.543,,,,,
7179,06/24/25 02:30:00,28.468,,,,,
7180,06/24/25 02:45:00,28.518,,,,,
7181,06/24/25 03:00:00,28.518,,,,,
7182,06/24/25 03:15:00,28.444,,,,,
7183,06/24/25 03:30:00,28.493,,,,,
7184,06/24/25 03:45:00,28.493,,,,,
7185,06/24/25 04:00:00,28.444,,,,,
7186,06/24/25 04:15:00,28.444,,,,,
7187,06/24/25 04:30:00,28.419,,,,,
7188,06/24/25 04:45:00,28.419,,,,,
7189,06/24/25 05:00:00,28.369,,,,,
7190,06/24/25 05:15:00,28.369,,,,,
7191,06/24/25 05:30:00,28.369,,,,,
7192,06/24/25 05:45:00,28.345,,,,,
7193,06/24/25 06:00:00,28.345,,,,,
7194,06/24/25 06:15:00,28.320,,,,,
7195,06/24/25 06:30:00,28.320,,,,,
7196,06/24/25 06:45:00,28.345,,,,,
7197,06/24/25 07:00:00,28.345,,,,,
7198,06/24/25 07:15:00,28.369,,,,,
7199,06/24/25 07:30:00,28.369,,,,,
7200,06/24/25 07:45:00,28.369,,,,,
7201,06/24/25 08:00:00,28.369,,,,,
7202,06/24/25 08:15:00,28.369,,,,,
7203,06/24/25 08:30:00,28.369,,,,,
7204,06/24/25 08:45:00,28.394,,,,,
7205,06/24/25 09:00:00,28.369,,,,,
7206,06/24/25 09:15:00,28.394,,,,,
7207,06/24/25 09:30:00,28.394,,,,,
7208,06/24/25 09:45:00,28.369,,,,,
7209,06/24/25 10:00:00,28.369,,,,,
7210,06/24/25 10:15:00,28.369,,,,,
7211,06/24/25 10:30:00,28.369,,,,,
7212,06/24/25 10:45:00,28.369,,,,,
7213,06/24/25 11:00:00,28.369,,,,,
7214,06/24/25 11:15:00,28.369,,,,,
7215,06/24/25 11:30:00,28.369,,,,,
7216,06/24/25 11:45:00,28.369,,,,,
7217,06/24/25 12:00:00,28.394,,,,,
7218,06/24/25 12:15:00,28.394,,,,,
7219,06/24/25 12:30:00,28.394,,,,,
7220,06/24/25 12:45:00,28.394,,,,,
7221,06/24/25 13:00:00,28.394,,,,,
7222,06/24/25 13:15:00,28.419,,,,,
7223,06/24/25 13:30:00,28.394,,,,,
7224,06/24/25 13:45:00,28.369,,,,,
7225,06/24/25 14:00:00,28.369,,,,,
7226,06/24/25 14:15:00,28.394,,,,,
7227,06/24/25 14:30:00,28.394,,,,,
7228,06/24/25 14:45:00,28.369,,,,,
7229,06/24/25 15:00:00,28.369,,,,,
7230,06/24/25 15:15:00,28.394,,,,,
7231,06/24/25 15:30:00,28.394,,,,,
7232,06/24/25 15:45:00,28.394,,,,,
7233,06/24/25 16:00:00,28.394,,,,,
7234,06/24/25 16:15:00,28.394,,,,,
7235,06/24/25 16:30:00,28.394,,,,,
7236,06/24/25 16:45:00,28.369,,,,,
7237,06/24/25 17:00:00,28.369,,,,,
7238,06/24/25 17:15:00,28.394,,,,,
7239,06/24/25 17:30:00,28.394,,,,,
7240,06/24/25 17:45:00,28.419,,,,,
7241,06/24/25 18:00:00,28.518,,,,,
7242,06/24/25 18:15:00,28.444,,,,,
7243,06/24/25 18:30:00,28.568,,,,,
7244,06/24/25 18:45:00,28.667,,,,,
7245,06/24/25 19:00:00,28.518,,,,,
7246,06/24/25 19:15:00,28.444,,,,,
7247,06/24/25 19:30:00,28.468,,,,,
7248,06/24/25 19:45:00,28.444,,,,,
7249,06/24/25 20:00:00,28.419,,,,,
7250,06/24/25 20:15:00,28.419,,,,,
7251,06/24/25 20:30:00,28.419,,,,,
7252,06/24/25 20:45:00,28.419,,,,,
7253,06/24/25 21:00:00,28.419,,,,,
7254,06/24/25 21:15:00,28.419,,,,,
7255,06/24/25 21:30:00,28.444,,,,,
7256,06/24/25 21:45:00,28.419,,,,,
7257,06/24/25 22:00:00,28.444,,,,,
7258,06/24/25 22:15:00,28.419,,,,,
7259,06/24/25 22:30:00,28.419,,,,,
7260,06/24/25 22:45:00,28.444,,,,,
7261,06/24/25 23:00:00,28.617,,,,,
7262,06/24/25 23:15:00,28.667,,,,,
7263,06/24/25 23:30:00,28.692,,,,,
7264,06/24/25 23:45:00,28.667,,,,,
7265,06/25/25 00:00:00,28.642,,,,,
7266,06/25/25 00:15:00,28.444,,,,,
7267,06/25/25 00:30:00,28.320,,,,,
7268,06/25/25 00:45:00,28.295,,,,,
7269,06/25/25 01:00:00,28.320,,,,,
7270,06/25/25 01:15:00,28.320,,,,,
7271,06/25/25 01:30:00,28.295,,,,,
7272,06/25/25 01:45:00,28.295,,,,,
7273,06/25/25 02:00:00,28.270,,,,,
7274,06/25/25 02:15:00,28.245,,,,,
7275,06/25/25 02:30:00,28.245,,,,,
7276,06/25/25 02:45:00,28.221,,,,,
7277,06/25/25 03:00:00,28.221,,,,,
7278,06/25/25 03:15:00,28.196,,,,,
7279,06/25/25 03:30:00,28.196,,,,,
7280,06/25/25 03:45:00,28.196,,,,,
7281,06/25/25 04:00:00,28.171,,,,,
7282,06/25/25 04:15:00,28.196,,,,,
7283,06/25/25 04:30:00,28.245,,,,,
7284,06/25/25 04:45:00,28.245,,,,,
7285,06/25/25 05:00:00,28.245,,,,,
7286,06/25/25 05:15:00,28.245,,,,,
7287,06/25/25 05:30:00,28.221,,,,,
7288,06/25/25 05:45:00,28.221,,,,,
7289,06/25/25 06:00:00,28.221,,,,,
7290,06/25/25 06:15:00,28.221,,,,,
7291,06/25/25 06:30:00,28.196,,,,,
7292,06/25/25 06:45:00,28.171,,,,,
7293,06/25/25 07:00:00,28.147,,,,,
7294,06/25/25 07:15:00,28.122,,,,,
7295,06/25/25 07:30:00,28.072,,,,,
7296,06/25/25 07:45:00,28.072,,,,,
7297,06/25/25 08:00:00,28.072,,,,,
7298,06/25/25 08:15:00,28.072,,,,,
7299,06/25/25 08:30:00,28.048,,,,,
7300,06/25/25 08:45:00,28.048,,,,,
7301,06/25/25 09:00:00,28.048,,,,,
7302,06/25/25 09:15:00,28.048,,,,,
7303,06/25/25 09:30:00,28.048,,,,,
7304,06/25/25 09:45:00,28.023,,,,,
7305,06/25/25 10:00:00,27.998,,,,,
7306,06/25/25 10:15:00,27.998,,,,,
7307,06/25/25 10:30:00,28.023,,,,,
7308,06/25/25 10:45:00,28.048,,,,,
7309,06/25/25 11:00:00,28.097,,,,,
7310,06/25/25 11:15:00,28.147,,,,,
7311,06/25/25 11:30:00,28.196,,,,,
7312,06/25/25 11:45:00,28.221,,,,,
7313,06/25/25 12:00:00,28.245,,,,,
7314,06/25/25 12:15:00,28.270,,,,,
7315,06/25/25 12:30:00,28.245,,,,,
7316,06/25/25 12:45:00,28.221,,,,,
7317,06/25/25 13:00:00,28.221,,,,,
7318,06/25/25 13:15:00,28.221,,,,,
7319,06/25/25 13:30:00,28.221,,,,,
7320,06/25/25 13:45:00,28.221,,,,,
7321,06/25/25 14:00:00,28.245,,,,,
7322,06/25/25 14:15:00,28.295,,,,,
7323,06/25/25 14:30:00,28.345,,,,,
7324,06/25/25 14:45:00,28.369,,,,,
7325,06/25/25 15:00:00,28.394,,,,,
7326,06/25/25 15:15:00,28.419,,,,,
7327,06/25/25 15:30:00,28.444,,,,,
7328,06/25/25 15:45:00,28.493,,,,,
7329,06/25/25 16:00:00,28.493,,,,,
7330,06/25/25 16:15:00,28.518,,,,,
7331,06/25/25 16:30:00,28.593,,,,,
7332,06/25/25 16:45:00,28.642,,,,,
7333,06/25/25 17:00:00,28.667,,,,,
7334,06/25/25 17:15:00,28.692,,,,,
7335,06/25/25 17:30:00,28.692,,,,,
7336,06/25/25 17:45:00,28.692,,,,,
7337,06/25/25 18:00:00,28.642,,,,,
7338,06/25/25 18:15:00,28.419,,,,,
7339,06/25/25 18:30:00,28.369,,,,,
7340,06/25/25 18:45:00,28.345,,,,,
7341,06/25/25 19:00:00,28.320,,,,,
7342,06/25/25 19:15:00,28.369,,,,,
7343,06/25/25 19:30:00,28.593,,,,,
7344,06/25/25 19:45:00,28.617,,,,,
7345,06/25/25 20:00:00,28.617,,,,,
7346,06/25/25 20:15:00,28.642,,,,,
7347,06/25/25 20:30:00,28.667,,,,,
7348,06/25/25 20:45:00,28.692,,,,,
7349,06/25/25 21:00:00,28.692,,,,,
7350,06/25/25 21:15:00,28.667,,,,,
7351,06/25/25 21:30:00,28.642,,,,,
7352,06/25/25 21:45:00,28.692,,,,,
7353,06/25/25 22:00:00,28.617,,,,,
7354,06/25/25 22:15:00,28.617,,,,,
7355,06/25/25 22:30:00,28.593,,,,,
7356,06/25/25 22:45:00,28.717,,,,,
7357,06/25/25 23:00:00,28.692,,,,,
7358,06/25/25 23:15:00,28.667,,,,,
7359,06/25/25 23:30:00,28.617,,,,,
7360,06/25/25 23:45:00,28.617,,,,,
7361,06/26/25 00:00:00,28.568,,,,,
7362,06/26/25 00:15:00,28.543,,,,,
7363,06/26/25 00:30:00,28.518,,,,,
7364,06/26/25 00:45:00,28.493,,,,,
7365,06/26/25 01:00:00,28.468,,,,,
7366,06/26/25 01:15:00,28.468,,,,,
7367,06/26/25 01:30:00,28.444,,,,,
7368,06/26/25 01:45:00,28.444,,,,,
7369,06/26/25 02:00:00,28.444,,,,,
7370,06/26/25 02:15:00,28.419,,,,,
7371,06/26/25 02:30:00,28.444,,,,,
7372,06/26/25 02:45:00,28.444,,,,,
7373,06/26/25 03:00:00,28.444,,,,,
7374,06/26/25 03:15:00,28.419,,,,,
7375,06/26/25 03:30:00,28.419,,,,,
7376,06/26/25 03:45:00,28.419,,,,,
7377,06/26/25 04:00:00,28.444,,,,,
7378,06/26/25 04:15:00,28.468,,,,,
7379,06/26/25 04:30:00,28.468,,,,,
7380,06/26/25 04:45:00,28.468,,,,,
7381,06/26/25 05:00:00,28.468,,,,,
7382,06/26/25 05:15:00,28.468,,,,,
7383,06/26/25 05:30:00,28.468,,,,,
7384,06/26/25 05:45:00,28.444,,,,,
7385,06/26/25 06:00:00,28.444,,,,,
7386,06/26/25 06:15:00,28.444,,,,,
7387,06/26/25 06:30:00,28.394,,,,,
7388,06/26/25 06:45:00,28.369,,,,,
7389,06/26/25 07:00:00,28.369,,,,,
7390,06/26/25 07:15:00,28.394,,,,,
7391,06/26/25 07:30:00,28.444,,,,,
7392,06/26/25 07:45:00,28.444,,,,,
7393,06/26/25 08:00:00,28.444,,,,,
7394,06/26/25 08:15:00,28.419,,,,,
7395,06/26/25 08:30:00,28.419,,,,,
7396,06/26/25 08:45:00,28.444,,,,,
7397,06/26/25 09:00:00,28.444,,,,,
7398,06/26/25 09:15:00,28.419,,,,,
7399,06/26/25 09:30:00,28.419,,,,,
7400,06/26/25 09:45:00,28.320,,,,,
7401,06/26/25 10:00:00,28.221,,,,,
7402,06/26/25 10:15:00,28.245,,,,,
7403,06/26/25 10:30:00,28.221,,,,,
7404,06/26/25 10:45:00,28.245,,,,,
7405,06/26/25 11:00:00,28.295,,,,,
7406,06/26/25 11:15:00,28.270,,,,,
7407,06/26/25 11:30:00,28.295,,,,,
7408,06/26/25 11:45:00,28.295,,,,,
7409,06/26/25 12:00:00,28.295,,,,,
7410,06/26/25 12:15:00,28.295,,,,,
7411,06/26/25 12:30:00,28.320,,,,,
7412,06/26/25 12:45:00,28.345,,,,,
7413,06/26/25 13:00:00,28.369,,,,,
7414,06/26/25 13:15:00,28.369,,,,,
7415,06/26/25 13:30:00,28.394,,,,,
7416,06/26/25 13:45:00,28.394,,,,,
7417,06/26/25 14:00:00,28.419,,,,,
7418,06/26/25 14:15:00,28.419,,,,,
7419,06/26/25 14:30:00,28.419,,,,,
7420,06/26/25 14:45:00,28.419,,,,,
7421,06/26/25 15:00:00,28.394,,,,,
7422,06/26/25 15:15:00,28.394,,,,,
7423,06/26/25 15:30:00,28.394,,,,,
7424,06/26/25 15:45:00,28.394,,,,,
7425,06/26/25 16:00:00,28.369,,,,,
7426,06/26/25 16:15:00,28.369,,,,,
7427,06/26/25 16:30:00,28.369,,,,,
7428,06/26/25 16:45:00,28.345,,,,,
7429,06/26/25 17:00:00,28.345,,,,,
7430,06/26/25 17:15:00,28.245,,,,,
7431,06/26/25 17:30:00,28.295,,,,,
7432,06/26/25 17:45:00,28.295,,,,,
7433,06/26/25 18:00:00,28.295,,,,,
7434,06/26/25 18:15:00,28.320,,,,,
7435,06/26/25 18:30:00,28.320,,,,,
7436,06/26/25 18:45:00,28.320,,,,,
7437,06/26/25 19:00:00,28.369,,,,,
7438,06/26/25 19:15:00,28.617,,,,,
7439,06/26/25 19:30:00,28.692,,,,,
7440,06/26/25 19:45:00,28.692,,,,,
7441,06/26/25 20:00:00,28.617,,,,,
7442,06/26/25 20:15:00,28.617,,,,,
7443,06/26/25 20:30:00,28.617,,,,,
7444,06/26/25 20:45:00,28.593,,,,,
7445,06/26/25 21:00:00,28.568,,,,,
7446,06/26/25 21:15:00,28.568,,,,,
7447,06/26/25 21:30:00,28.543,,,,,
7448,06/26/25 21:45:00,28.543,,,,,
7449,06/26/25 22:00:00,28.568,,,,,
7450,06/26/25 22:15:00,28.617,,,,,
7451,06/26/25 22:30:00,28.617,,,,,
7452,06/26/25 22:45:00,28.617,,,,,
7453,06/26/25 23:00:00,28.617,,,,,
7454,06/26/25 23:15:00,28.617,,,,,
7455,06/26/25 23:30:00,28.642,,,,,
7456,06/26/25 23:45:00,28.667,,,,,
7457,06/27/25 00:00:00,28.692,,,,,
7458,06/27/25 00:15:00,28.717,,,,,
7459,06/27/25 00:30:00,28.593,,,,,
7460,06/27/25 00:45:00,28.518,,,,,
7461,06/27/25 01:00:00,28.468,,,,,
7462,06/27/25 01:15:00,28.444,,,,,
7463,06/27/25 01:30:00,28.419,,,,,
7464,06/27/25 01:45:00,28.419,,,,,
7465,06/27/25 02:00:00,28.394,,,,,
7466,06/27/25 02:15:00,28.394,,,,,
7467,06/27/25 02:30:00,28.394,,,,,
7468,06/27/25 02:45:00,28.419,,,,,
7469,06/27/25 03:00:00,28.419,,,,,
7470,06/27/25 03:15:00,28.518,,,,,
7471,06/27/25 03:30:00,28.593,,,,,
7472,06/27/25 03:45:00,28.593,,,,,
7473,06/27/25 04:00:00,28.617,,,,,
7474,06/27/25 04:15:00,28.593,,,,,
7475,06/27/25 04:30:00,28.543,,,,,
7476,06/27/25 04:45:00,28.543,,,,,
7477,06/27/25 05:00:00,28.493,,,,,
7478,06/27/25 05:15:00,28.468,,,,,
7479,06/27/25 05:30:00,28.493,,,,,
7480,06/27/25 05:45:00,28.493,,,,,
7481,06/27/25 06:00:00,28.518,,,,,
7482,06/27/25 06:15:00,28.543,,,,,
7483,06/27/25 06:30:00,28.518,,,,,
7484,06/27/25 06:45:00,28.518,,,,,
7485,06/27/25 07:00:00,28.493,,,,,
7486,06/27/25 07:15:00,28.468,,,,,
7487,06/27/25 07:30:00,28.444,,,,,
7488,06/27/25 07:45:00,28.444,,,,,
7489,06/27/25 08:00:00,28.419,,,,,
7490,06/27/25 08:15:00,28.419,,,,,
7491,06/27/25 08:30:00,28.444,,,,,
7492,06/27/25 08:45:00,28.444,,,,,
7493,06/27/25 09:00:00,28.444,,,,,
7494,06/27/25 09:15:00,28.468,,,,,
7495,06/27/25 09:30:00,28.444,,,,,
7496,06/27/25 09:45:00,28.444,,,,,
7497,06/27/25 10:00:00,28.419,,,,,
7498,06/27/25 10:15:00,28.394,,,,,
7499,06/27/25 10:30:00,28.394,,,,,
7500,06/27/25 10:45:00,28.419,,,,,
7501,06/27/25 11:00:00,28.419,,,,,
7502,06/27/25 11:15:00,28.394,,,,,
7503,06/27/25 11:30:00,28.394,,,,,
7504,06/27/25 11:45:00,28.369,,,,,
7505,06/27/25 12:00:00,28.369,,,,,
7506,06/27/25 12:15:00,28.369,,,,,
7507,06/27/25 12:30:00,28.369,,,,,
7508,06/27/25 12:45:00,28.419,,,,,
7509,06/27/25 13:00:00,28.518,,,,,
7510,06/27/25 13:15:00,28.468,,,,,
7511,06/27/25 13:30:00,28.444,,,,,
7512,06/27/25 13:45:00,28.419,,,,,
7513,06/27/25 14:00:00,28.394,,,,,
7514,06/27/25 14:15:00,28.369,,,,,
7515,06/27/25 14:30:00,28.394,,,,,
7516,06/27/25 14:45:00,28.394,,,,,
7517,06/27/25 15:00:00,28.543,,,,,
7518,06/27/25 15:15:00,28.568,,,,,
7519,06/27/25 15:30:00,28.568,,,,,
7520,06/27/25 15:45:00,28.617,,,,,
7521,06/27/25 16:00:00,28.667,,,,,
7522,06/27/25 16:15:00,28.692,,,,,
7523,06/27/25 16:30:00,28.692,,,,,
7524,06/27/25 16:45:00,28.692,,,,,
7525,06/27/25 17:00:00,28.667,,,,,
7526,06/27/25 17:15:00,28.717,,,,,
7527,06/27/25 17:30:00,28.742,,,,,
7528,06/27/25 17:45:00,28.742,,,,,
7529,06/27/25 18:00:00,28.766,,,,,
7530,06/27/25 18:15:00,28.742,,,,,
7531,06/27/25 18:30:00,28.742,,,,,
7532,06/27/25 18:45:00,28.717,,,,,
7533,06/27/25 19:00:00,28.717,,,,,
7534,06/27/25 19:15:00,28.742,,,,,
7535,06/27/25 19:30:00,28.766,,,,,
7536,06/27/25 19:45:00,28.791,,,,,
7537,06/27/25 20:00:00,28.816,,,,,
7538,06/27/25 20:15:00,28.593,,,,,
7539,06/27/25 20:30:00,28.568,,,,,
7540,06/27/25 20:45:00,28.568,,,,,
7541,06/27/25 21:00:00,28.568,,,,,
7542,06/27/25 21:15:00,28.667,,,,,
7543,06/27/25 21:30:00,28.617,,,,,
7544,06/27/25 21:45:00,28.171,,,,,
7545,06/27/25 22:00:00,28.097,,,,,
7546,06/27/25 22:15:00,28.048,,,,,
7547,06/27/25 22:30:00,28.196,,,,,
7548,06/27/25 22:45:00,28.320,,,,,
7549,06/27/25 23:00:00,28.369,,,,,
7550,06/27/25 23:15:00,28.394,,,,,
7551,06/27/25 23:30:00,28.419,,,,,
7552,06/27/25 23:45:00,28.245,,,,,
7553,06/28/25 00:00:00,28.122,,,,,
7554,06/28/25 00:15:00,28.097,,,,,
7555,06/28/25 00:30:00,28.048,,,,,
7556,06/28/25 00:45:00,28.072,,,,,
7557,06/28/25 01:00:00,28.097,,,,,
7558,06/28/25 01:15:00,28.072,,,,,
7559,06/28/25 01:30:00,28.072,,,,,
7560,06/28/25 01:45:00,28.072,,,,,
7561,06/28/25 02:00:00,28.072,,,,,
7562,06/28/25 02:15:00,28.097,,,,,
7563,06/28/25 02:30:00,28.097,,,,,
7564,06/28/25 02:45:00,28.122,,,,,
7565,06/28/25 03:00:00,28.122,,,,,
7566,06/28/25 03:15:00,28.122,,,,,
7567,06/28/25 03:30:00,28.122,,,,,
7568,06/28/25 03:45:00,28.147,,,,,
7569,06/28/25 04:00:00,28.147,,,,,
7570,06/28/25 04:15:00,28.147,,,,,
7571,06/28/25 04:30:00,28.147,,,,,
7572,06/28/25 04:45:00,28.147,,,,,
7573,06/28/25 05:00:00,28.171,,,,,
7574,06/28/25 05:15:00,28.171,,,,,
7575,06/28/25 05:30:00,28.196,,,,,
7576,06/28/25 05:45:00,28.221,,,,,
7577,06/28/25 06:00:00,28.245,,,,,
7578,06/28/25 06:15:00,28.221,,,,,
7579,06/28/25 06:30:00,28.320,,,,,
7580,06/28/25 06:45:00,28.345,,,,,
7581,06/28/25 07:00:00,28.369,,,,,
7582,06/28/25 07:15:00,28.419,,,,,
7583,06/28/25 07:30:00,28.419,,,,,
7584,06/28/25 07:45:00,28.419,,,,,
7585,06/28/25 08:00:00,28.419,,,,,
7586,06/28/25 08:15:00,28.419,,,,,
7587,06/28/25 08:30:00,28.419,,,,,
7588,06/28/25 08:45:00,28.419,,,,,
7589,06/28/25 09:00:00,28.419,,,,,
7590,06/28/25 09:15:00,28.419,,,,,
7591,06/28/25 09:30:00,28.394,,,,,
7592,06/28/25 09:45:00,28.394,,,,,
7593,06/28/25 10:00:00,28.419,,,,,
7594,06/28/25 10:15:00,28.444,,,,,
7595,06/28/25 10:30:00,28.444,,,,,
7596,06/28/25 10:45:00,28.444,,,,,
7597,06/28/25 11:00:00,28.444,,,,,
7598,06/28/25 11:15:00,28.468,,,,,
7599,06/28/25 11:30:00,28.493,,,,,
7600,06/28/25 11:45:00,28.444,,,,,
7601,06/28/25 12:00:00,28.320,,,,,
7602,06/28/25 12:15:00,28.320,,,,,
7603,06/28/25 12:30:00,28.518,,,,,
7604,06/28/25 12:45:00,28.320,,,,,
7605,06/28/25 13:00:00,28.245,,,,,
7606,06/28/25 13:15:00,28.270,,,,,
7607,06/28/25 13:30:00,28.270,,,,,
7608,06/28/25 13:45:00,28.320,,,,,
7609,06/28/25 14:00:00,28.245,,,,,
7610,06/28/25 14:15:00,28.245,,,,,
7611,06/28/25 14:30:00,28.245,,,,,
7612,06/28/25 14:45:00,28.245,,,,,
7613,06/28/25 15:00:00,28.245,,,,,
7614,06/28/25 15:15:00,28.245,,,,,
7615,06/28/25 15:30:00,28.245,,,,,
7616,06/28/25 15:45:00,28.245,,,,,
7617,06/28/25 16:00:00,28.245,,,,,
7618,06/28/25 16:15:00,28.245,,,,,
7619,06/28/25 16:30:00,28.245,,,,,
7620,06/28/25 16:45:00,28.245,,,,,
7621,06/28/25 17:00:00,28.270,,,,,
7622,06/28/25 17:15:00,28.295,,,,,
7623,06/28/25 17:30:00,28.320,,,,,
7624,06/28/25 17:45:00,28.320,,,,,
7625,06/28/25 18:00:00,28.320,,,,,
7626,06/28/25 18:15:00,28.345,,,,,
7627,06/28/25 18:30:00,28.345,,,,,
7628,06/28/25 18:45:00,28.345,,,,,
7629,06/28/25 19:00:00,28.345,,,,,
7630,06/28/25 19:15:00,28.345,,,,,
7631,06/28/25 19:30:00,28.345,,,,,
7632,06/28/25 19:45:00,28.320,,,,,
7633,06/28/25 20:00:00,28.320,,,,,
7634,06/28/25 20:15:00,28.295,,,,,
7635,06/28/25 20:30:00,28.295,,,,,
7636,06/28/25 20:45:00,28.295,,,,,
7637,06/28/25 21:00:00,28.270,,,,,
7638,06/28/25 21:15:00,28.270,,,,,
7639,06/28/25 21:30:00,28.245,,,,,
7640,06/28/25 21:45:00,28.245,,,,,
7641,06/28/25 22:00:00,28.221,,,,,
7642,06/28/25 22:15:00,28.221,,,,,
7643,06/28/25 22:30:00,28.221,,,,,
7644,06/28/25 22:45:00,28.221,,,,,
7645,06/28/25 23:00:00,28.221,,,,,
7646,06/28/25 23:15:00,28.245,,,,,
7647,06/28/25 23:30:00,28.245,,,,,
7648,06/28/25 23:45:00,28.245,,,,,
7649,06/29/25 00:00:00,28.221,,,,,
7650,06/29/25 00:15:00,28.245,,,,,
7651,06/29/25 00:30:00,28.270,,,,,
7652,06/29/25 00:45:00,28.221,,,,,
7653,06/29/25 01:00:00,28.221,,,,,
7654,06/29/25 01:15:00,28.221,,,,,
7655,06/29/25 01:30:00,28.221,,,,,
7656,06/29/25 01:45:00,28.221,,,,,
7657,06/29/25 02:00:00,28.221,,,,,
7658,06/29/25 02:15:00,28.221,,,,,
7659,06/29/25 02:30:00,28.196,,,,,
7660,06/29/25 02:45:00,28.196,,,,,
7661,06/29/25 03:00:00,28.196,,,,,
7662,06/29/25 03:15:00,28.196,,,,,
7663,06/29/25 03:30:00,28.196,,,,,
7664,06/29/25 03:45:00,28.196,,,,,
7665,06/29/25 04:00:00,28.196,,,,,
7666,06/29/25 04:15:00,28.196,,,,,
7667,06/29/25 04:30:00,28.196,,,,,
7668,06/29/25 04:45:00,28.196,,,,,
7669,06/29/25 05:00:00,28.221,,,,,
7670,06/29/25 05:15:00,28.221,,,,,
7671,06/29/25 05:30:00,28.245,,,,,
7672,06/29/25 05:45:00,28.245,,,,,
7673,06/29/25 06:00:00,28.245,,,,,
7674,06/29/25 06:15:00,28.245,,,,,
7675,06/29/25 06:30:00,28.221,,,,,
7676,06/29/25 06:45:00,28.221,,,,,
7677,06/29/25 07:00:00,28.245,,,,,
7678,06/29/25 07:15:00,28.245,,,,,
7679,06/29/25 07:30:00,28.270,,,,,
7680,06/29/25 07:45:00,28.270,,,,,
7681,06/29/25 08:00:00,28.245,,,,,
7682,06/29/25 08:15:00,28.221,,,,,
7683,06/29/25 08:30:00,28.221,,,,,
7684,06/29/25 08:45:00,28.221,,,,,
7685,06/29/25 09:00:00,28.245,,,,,
7686,06/29/25 09:15:00,28.221,,,,,
7687,06/29/25 09:30:00,28.221,,,,,
7688,06/29/25 09:45:00,28.221,,,,,
7689,06/29/25 10:00:00,28.245,,,,,
7690,06/29/25 10:15:00,28.320,,,,,
7691,06/29/25 10:30:00,28.270,,,,,
7692,06/29/25 10:45:00,28.221,,,,,
7693,06/29/25 11:00:00,28.196,,,,,
7694,06/29/25 11:15:00,28.196,,,,,
7695,06/29/25 11:30:00,28.196,,,,,
7696,06/29/25 11:45:00,28.196,,,,,
7697,06/29/25 12:00:00,28.221,,,,,
7698,06/29/25 12:15:00,28.221,,,,,
7699,06/29/25 12:30:00,28.196,,,,,
7700,06/29/25 12:45:00,28.196,,,,,
7701,06/29/25 13:00:00,28.196,,,,,
7702,06/29/25 13:15:00,28.171,,,,,
7703,06/29/25 13:30:00,28.196,,,,,
7704,06/29/25 13:45:00,28.221,,,,,
7705,06/29/25 14:00:00,28.295,,,,,
7706,06/29/25 14:15:00,28.320,,,,,
7707,06/29/25 14:30:00,28.320,,,,,
7708,06/29/25 14:45:00,28.320,,,,,
7709,06/29/25 15:00:00,28.345,,,,,
7710,06/29/25 15:15:00,28.320,,,,,
7711,06/29/25 15:30:00,28.320,,,,,
7712,06/29/25 15:45:00,28.320,,,,,
7713,06/29/25 16:00:00,28.345,,,,,
7714,06/29/25 16:15:00,28.345,,,,,
7715,06/29/25 16:30:00,28.345,,,,,
7716,06/29/25 16:45:00,28.320,,,,,
7717,06/29/25 17:00:00,28.320,,,,,
7718,06/29/25 17:15:00,28.295,,,,,
7719,06/29/25 17:30:00,28.270,,,,,
7720,06/29/25 17:45:00,28.245,,,,,
7721,06/29/25 18:00:00,28.245,,,,,
7722,06/29/25 18:15:00,28.221,,,,,
7723,06/29/25 18:30:00,28.221,,,,,
7724,06/29/25 18:45:00,28.196,,,,,
7725,06/29/25 19:00:00,28.221,,,,,
7726,06/29/25 19:15:00,28.221,,,,,
7727,06/29/25 19:30:00,28.221,,,,,
7728,06/29/25 19:45:00,28.221,,,,,
7729,06/29/25 20:00:00,28.221,,,,,
7730,06/29/25 20:15:00,28.221,,,,,
7731,06/29/25 20:30:00,28.221,,,,,
7732,06/29/25 20:45:00,28.196,,,,,
7733,06/29/25 21:00:00,28.171,,,,,
7734,06/29/25 21:15:00,28.171,,,,,
7735,06/29/25 21:30:00,28.171,,,,,
7736,06/29/25 21:45:00,28.147,,,,,
7737,06/29/25 22:00:00,28.147,,,,,
7738,06/29/25 22:15:00,28.122,,,,,
7739,06/29/25 22:30:00,28.122,,,,,
7740,06/29/25 22:45:00,28.122,,,,,
7741,06/29/25 23:00:00,28.122,,,,,
7742,06/29/25 23:15:00,28.122,,,,,
7743,06/29/25 23:30:00,28.122,,,,,
7744,06/29/25 23:45:00,28.122,,,,,
7745,06/30/25 00:00:00,28.122,,,,,
7746,06/30/25 00:15:00,28.048,,,,,
7747,06/30/25 00:30:00,28.023,,,,,
7748,06/30/25 00:45:00,28.023,,,,,
7749,06/30/25 01:00:00,28.048,,,,,
7750,06/30/25 01:15:00,28.048,,,,,
7751,06/30/25 01:30:00,28.023,,,,,
7752,06/30/25 01:45:00,27.998,,,,,
7753,06/30/25 02:00:00,27.998,,,,,
7754,06/30/25 02:15:00,27.998,,,,,
7755,06/30/25 02:30:00,28.023,,,,,
7756,06/30/25 02:45:00,28.023,,,,,
7757,06/30/25 03:00:00,28.023,,,,,
7758,06/30/25 03:15:00,28.023,,,,,
7759,06/30/25 03:30:00,28.023,,,,,
7760,06/30/25 03:45:00,28.023,,,,,
7761,06/30/25 04:00:00,28.048,,,,,
7762,06/30/25 04:15:00,28.048,,,,,
7763,06/30/25 04:30:00,28.072,,,,,
7764,06/30/25 04:45:00,28.072,,,,,
7765,06/30/25 05:00:00,28.072,,,,,
7766,06/30/25 05:15:00,28.072,,,,,
7767,06/30/25 05:30:00,28.097,,,,,
7768,06/30/25 05:45:00,28.072,,,,,
7769,06/30/25 06:00:00,28.072,,,,,
7770,06/30/25 06:15:00,28.097,,,,,
7771,06/30/25 06:30:00,28.097,,,,,
7772,06/30/25 06:45:00,28.122,,,,,
7773,06/30/25 07:00:00,28.147,,,,,
7774,06/30/25 07:15:00,28.147,,,,,
7775,06/30/25 07:30:00,28.147,,,,,
7776,06/30/25 07:45:00,28.245,,,,,
7777,06/30/25 08:00:00,28.270,,,,,
7778,06/30/25 08:15:00,28.295,,,,,
7779,06/30/25 08:30:00,28.320,,,,,
7780,06/30/25 08:45:00,28.320,,,,,
7781,06/30/25 09:00:00,28.345,,,,,
7782,06/30/25 09:15:00,28.295,,,,,
7783,06/30/25 09:30:00,28.270,,,,,
7784,06/30/25 09:45:00,28.245,,,,,
7785,06/30/25 10:00:00,28.221,,,,,
7786,06/30/25 10:15:00,28.245,,,,,
7787,06/30/25 10:30:00,28.245,,,,,
7788,06/30/25 10:45:00,28.245,,,,,
7789,06/30/25 11:00:00,28.245,,,,,
7790,06/30/25 11:15:00,28.245,,,,,
7791,06/30/25 11:30:00,28.245,,,,,
7792,06/30/25 11:45:00,28.171,,,,,
7793,06/30/25 12:00:00,28.122,,,,,
7794,06/30/25 12:15:00,28.171,,,,,
7795,06/30/25 12:30:00,28.196,,,,,
7796,06/30/25 12:45:00,28.245,,,,,
7797,06/30/25 13:00:00,28.270,,,,,
7798,06/30/25 13:15:00,28.270,,,,,
7799,06/30/25 13:30:00,28.270,,,,,
7800,06/30/25 13:45:00,28.295,,,,,
7801,06/30/25 14:00:00,28.295,,,,,
7802,06/30/25 14:15:00,28.270,,,,,
7803,06/30/25 14:30:00,28.270,,,,,
7804,06/30/25 14:45:00,28.270,,,,,
7805,06/30/25 15:00:00,28.270,,,,,
7806,06/30/25 15:15:00,28.270,,,,,
7807,06/30/25 15:30:00,28.245,,,,,
7808,06/30/25 15:45:00,28.245,,,,,
7809,06/30/25 16:00:00,28.245,,,,,
7810,06/30/25 16:15:00,28.245,,,,,
7811,06/30/25 16:30:00,28.245,,,,,
7812,06/30/25 16:45:00,28.245,,,,,
7813,06/30/25 17:00:00,28.245,,,,,
7814,06/30/25 17:15:00,28.245,,,,,
7815,06/30/25 17:30:00,28.221,,,,,
7816,06/30/25 17:45:00,28.245,,,,,
7817,06/30/25 18:00:00,28.245,,,,,
7818,06/30/25 18:15:00,28.245,,,,,
7819,06/30/25 18:30:00,28.245,,,,,
7820,06/30/25 18:45:00,28.245,,,,,
7821,06/30/25 19:00:00,28.221,,,,,
7822,06/30/25 19:15:00,28.221,,,,,
7823,06/30/25 19:30:00,28.245,,,,,
7824,06/30/25 19:45:00,28.245,,,,,
7825,06/30/25 20:00:00,28.270,,,,,
7826,06/30/25 20:15:00,28.270,,,,,
7827,06/30/25 20:30:00,28.270,,,,,
7828,06/30/25 20:45:00,28.295,,,,,
7829,06/30/25 21:00:00,28.270,,,,,
7830,06/30/25 21:15:00,28.270,,,,,
7831,06/30/25 21:30:00,28.270,,,,,
7832,06/30/25 21:45:00,28.245,,,,,
7833,06/30/25 22:00:00,28.245,,,,,
7834,06/30/25 22:15:00,28.270,,,,,
7835,06/30/25 22:30:00,28.270,,,,,
7836,06/30/25 22:45:00,28.270,,,,,
7837,06/30/25 23:00:00,28.270,,,,,
7838,06/30/25 23:15:00,28.295,,,,,
7839,06/30/25 23:30:00,28.295,,,,,
7840,06/30/25 23:45:00,28.295,,,,,
7841,07/01/25 00:00:00,28.295,,,,,
7842,07/01/25 00:15:00,28.270,,,,,
7843,07/01/25 00:30:00,28.270,,,,,
7844,07/01/25 00:45:00,28.320,,,,,
7845,07/01/25 01:00:00,28.369,,,,,
7846,07/01/25 01:15:00,28.419,,,,,
7847,07/01/25 01:30:00,28.369,,,,,
7848,07/01/25 01:45:00,28.345,,,,,
7849,07/01/25 02:00:00,28.345,,,,,
7850,07/01/25 02:15:00,28.345,,,,,
7851,07/01/25 02:30:00,28.345,,,,,
7852,07/01/25 02:45:00,28.369,,,,,
7853,07/01/25 03:00:00,28.369,,,,,
7854,07/01/25 03:15:00,28.394,,,,,
7855,07/01/25 03:30:00,28.394,,,,,
7856,07/01/25 03:45:00,28.394,,,,,
7857,07/01/25 04:00:00,28.394,,,,,
7858,07/01/25 04:15:00,28.394,,,,,
7859,07/01/25 04:30:00,28.345,,,,,
7860,07/01/25 04:45:00,28.345,,,,,
7861,07/01/25 05:00:00,28.320,,,,,
7862,07/01/25 05:15:00,28.320,,,,,
7863,07/01/25 05:30:00,28.320,,,,,
7864,07/01/25 05:45:00,28.345,,,,,
7865,07/01/25 06:00:00,28.369,,,,,
7866,07/01/25 06:15:00,28.369,,,,,
7867,07/01/25 06:30:00,28.369,,,,,
7868,07/01/25 06:45:00,28.369,,,,,
7869,07/01/25 07:00:00,28.394,,,,,
7870,07/01/25 07:15:00,28.444,,,,,
7871,07/01/25 07:30:00,28.419,,,,,
7872,07/01/25 07:45:00,28.394,,,,,
7873,07/01/25 08:00:00,28.468,,,,,
7874,07/01/25 08:15:00,28.468,,,,,
7875,07/01/25 08:30:00,28.444,,,,,
7876,07/01/25 08:45:00,28.444,,,,,
7877,07/01/25 09:00:00,28.419,,,,,
7878,07/01/25 09:15:00,28.468,,,,,
7879,07/01/25 09:30:00,28.468,,,,,
7880,07/01/25 09:45:00,28.468,,,,,
7881,07/01/25 10:00:00,28.493,,,,,
7882,07/01/25 10:15:00,28.518,,,,,
7883,07/01/25 10:30:00,28.468,,,,,
7884,07/01/25 10:45:00,28.493,,,,,
7885,07/01/25 11:00:00,28.493,,,,,
7886,07/01/25 11:15:00,28.518,,,,,
7887,07/01/25 11:30:00,28.444,,,,,
7888,07/01/25 11:45:00,28.419,,,,,
7889,07/01/25 12:00:00,28.394,,,,,
7890,07/01/25 12:15:00,28.394,,,,,
7891,07/01/25 12:30:00,28.369,,,,,
7892,07/01/25 12:45:00,28.369,,,,,
7893,07/01/25 13:00:00,28.369,,,,,
7894,07/01/25 13:15:00,28.394,,,,,
7895,07/01/25 13:30:00,28.419,,,,,
7896,07/01/25 13:45:00,28.593,,,,,
7897,07/01/25 14:00:00,28.642,,,,,
7898,07/01/25 14:15:00,28.667,,,,,
7899,07/01/25 14:30:00,28.667,,,,,
7900,07/01/25 14:45:00,28.692,,,,,
7901,07/01/25 15:00:00,28.717,,,,,
7902,07/01/25 15:15:00,28.717,,,,,
7903,07/01/25 15:30:00,28.717,,,,,
7904,07/01/25 15:45:00,28.717,,,,,
7905,07/01/25 16:00:00,28.717,,,,,
7906,07/01/25 16:15:00,28.717,,,,,
7907,07/01/25 16:30:00,28.717,,,,,
7908,07/01/25 16:45:00,28.742,,,,,
7909,07/01/25 17:00:00,28.742,,,,,
7910,07/01/25 17:15:00,28.766,,,,,
7911,07/01/25 17:30:00,28.841,,,,,
7912,07/01/25 17:45:00,28.866,,,,,
7913,07/01/25 18:00:00,28.742,,,,,
7914,07/01/25 18:15:00,28.667,,,,,
7915,07/01/25 18:30:00,28.742,,,,,
7916,07/01/25 18:45:00,28.841,,,,,
7917,07/01/25 19:00:00,28.841,,,,,
7918,07/01/25 19:15:00,28.717,,,,,
7919,07/01/25 19:30:00,28.568,,,,,
7920,07/01/25 19:45:00,28.518,,,,,
7921,07/01/25 20:00:00,28.444,,,,,
7922,07/01/25 20:15:00,28.642,,,,,
7923,07/01/25 20:30:00,28.468,,,,,
7924,07/01/25 20:45:00,28.419,,,,,
7925,07/01/25 21:00:00,28.394,,,,,
7926,07/01/25 21:15:00,28.419,,,,,
7927,07/01/25 21:30:00,28.444,,,,,
7928,07/01/25 21:45:00,28.493,,,,,
7929,07/01/25 22:00:00,28.493,,,,,
7930,07/01/25 22:15:00,28.493,,,,,
7931,07/01/25 22:30:00,28.493,,,,,
7932,07/01/25 22:45:00,28.493,,,,,
7933,07/01/25 23:00:00,28.518,,,,,
7934,07/01/25 23:15:00,28.468,,,,,
7935,07/01/25 23:30:00,28.419,,,,,
7936,07/01/25 23:45:00,28.419,,,,,
7937,07/02/25 00:00:00,28.419,,,,,
7938,07/02/25 00:15:00,28.394,,,,,
7939,07/02/25 00:30:00,28.369,,,,,
7940,07/02/25 00:45:00,28.369,,,,,
7941,07/02/25 01:00:00,28.394,,,,,
7942,07/02/25 01:15:00,28.369,,,,,
7943,07/02/25 01:30:00,28.369,,,,,
7944,07/02/25 01:45:00,28.369,,,,,
7945,07/02/25 02:00:00,28.369,,,,,
7946,07/02/25 02:15:00,28.369,,,,,
7947,07/02/25 02:30:00,28.369,,,,,
7948,07/02/25 02:45:00,28.369,,,,,
7949,07/02/25 03:00:00,28.369,,,,,
7950,07/02/25 03:15:00,28.369,,,,,
7951,07/02/25 03:30:00,28.369,,,,,
7952,07/02/25 03:45:00,28.345,,,,,
7953,07/02/25 04:00:00,28.345,,,,,
7954,07/02/25 04:15:00,28.345,,,,,
7955,07/02/25 04:30:00,28.270,,,,,
7956,07/02/25 04:45:00,28.345,,,,,
7957,07/02/25 05:00:00,28.369,,,,,
7958,07/02/25 05:15:00,28.394,,,,,
7959,07/02/25 05:30:00,28.345,,,,,
7960,07/02/25 05:45:00,28.369,,,,,
7961,07/02/25 06:00:00,28.270,,,,,
7962,07/02/25 06:15:00,28.270,,,,,
7963,07/02/25 06:30:00,28.295,,,,,
7964,07/02/25 06:45:00,28.295,,,,,
7965,07/02/25 07:00:00,28.320,,,,,
7966,07/02/25 07:15:00,28.320,,,,,
7967,07/02/25 07:30:00,28.345,,,,,
7968,07/02/25 07:45:00,28.345,,,,,
7969,07/02/25 08:00:00,28.369,,,,,
7970,07/02/25 08:15:00,28.369,,,,,
7971,07/02/25 08:30:00,28.369,,,,,
7972,07/02/25 08:45:00,28.394,,,,,
7973,07/02/25 09:00:00,28.369,,,,,
7974,07/02/25 09:15:00,28.345,,,,,
7975,07/02/25 09:30:00,28.345,,,,,
7976,07/02/25 09:45:00,28.345,,,,,
7977,07/02/25 10:00:00,28.394,,,,,
7978,07/02/25 10:15:00,28.419,,,,,
7979,07/02/25 10:30:00,28.419,,,,,
7980,07/02/25 10:45:00,28.444,,,,,
7981,07/02/25 11:00:00,28.444,,,,,
7982,07/02/25 11:15:00,28.468,,,,,
7983,07/02/25 11:30:00,28.518,,,,,
7984,07/02/25 11:45:00,28.468,,,,,
7985,07/02/25 12:00:00,28.468,,,,,
7986,07/02/25 12:15:00,28.493,,,,,
7987,07/02/25 12:30:00,28.543,,,,,
7988,07/02/25 12:45:00,28.543,,,,,
7989,07/02/25 13:00:00,28.543,,,,,
7990,07/02/25 13:15:00,28.593,,,,,
7991,07/02/25 13:30:00,28.593,,,,,
7992,07/02/25 13:45:00,28.568,,,,,
7993,07/02/25 14:00:00,28.493,,,,,
7994,07/02/25 14:15:00,28.468,,,,,
7995,07/02/25 14:30:00,28.468,,,,,
7996,07/02/25 14:45:00,28.493,,,,,
7997,07/02/25 15:00:00,28.493,,,,,
7998,07/02/25 15:15:00,28.444,,,,,
7999,07/02/25 15:30:00,28.419,,,,,
8000,07/02/25 15:45:00,28.394,,,,,
8001,07/02/25 16:00:00,28.369,,,,,
8002,07/02/25 16:15:00,28.369,,,,,
8003,07/02/25 16:30:00,28.345,,,,,
8004,07/02/25 16:45:00,28.345,,,,,
8005,07/02/25 17:00:00,28.345,,,,,
8006,07/02/25 17:15:00,28.345,,,,,
8007,07/02/25 17:30:00,28.345,,,,,
8008,07/02/25 17:45:00,28.345,,,,,
8009,07/02/25 18:00:00,28.345,,,,,
8010,07/02/25 18:15:00,28.345,,,,,
8011,07/02/25 18:30:00,28.345,,,,,
8012,07/02/25 18:45:00,28.345,,,,,
8013,07/02/25 19:00:00,28.345,,,,,
8014,07/02/25 19:15:00,28.369,,,,,
8015,07/02/25 19:30:00,28.369,,,,,
8016,07/02/25 19:45:00,28.369,,,,,
8017,07/02/25 20:00:00,28.394,,,,,
8018,07/02/25 20:15:00,28.394,,,,,
8019,07/02/25 20:30:00,28.419,,,,,
8020,07/02/25 20:45:00,28.444,,,,,
8021,07/02/25 21:00:00,28.468,,,,,
8022,07/02/25 21:15:00,28.518,,,,,
8023,07/02/25 21:30:00,28.493,,,,,
8024,07/02/25 21:45:00,28.493,,,,,
8025,07/02/25 22:00:00,28.468,,,,,
8026,07/02/25 22:15:00,28.444,,,,,
8027,07/02/25 22:30:00,28.444,,,,,
8028,07/02/25 22:45:00,28.419,,,,,
8029,07/02/25 23:00:00,28.419,,,,,
8030,07/02/25 23:15:00,28.444,,,,,
8031,07/02/25 23:30:00,28.419,,,,,
8032,07/02/25 23:45:00,28.394,,,,,
8033,07/03/25 00:00:00,28.493,,,,,
8034,07/03/25 00:15:00,28.593,,,,,
8035,07/03/25 00:30:00,28.593,,,,,
8036,07/03/25 00:45:00,28.642,,,,,
8037,07/03/25 01:00:00,28.667,,,,,
8038,07/03/25 01:15:00,28.642,,,,,
8039,07/03/25 01:30:00,28.593,,,,,
8040,07/03/25 01:45:00,28.543,,,,,
8041,07/03/25 02:00:00,28.518,,,,,
8042,07/03/25 02:15:00,28.518,,,,,
8043,07/03/25 02:30:00,28.543,,,,,
8044,07/03/25 02:45:00,28.568,,,,,
8045,07/03/25 03:00:00,28.568,,,,,
8046,07/03/25 03:15:00,28.568,,,,,
8047,07/03/25 03:30:00,28.543,,,,,
8048,07/03/25 03:45:00,28.493,,,,,
8049,07/03/25 04:00:00,28.419,,,,,
8050,07/03/25 04:15:00,28.369,,,,,
8051,07/03/25 04:30:00,28.369,,,,,
8052,07/03/25 04:45:00,28.345,,,,,
8053,07/03/25 05:00:00,28.369,,,,,
8054,07/03/25 05:15:00,28.369,,,,,
8055,07/03/25 05:30:00,28.369,,,,,
8056,07/03/25 05:45:00,28.369,,,,,
8057,07/03/25 06:00:00,28.369,,,,,
8058,07/03/25 06:15:00,28.369,,,,,
8059,07/03/25 06:30:00,28.345,,,,,
8060,07/03/25 06:45:00,28.345,,,,,
8061,07/03/25 07:00:00,28.345,,,,,
8062,07/03/25 07:15:00,28.345,,,,,
8063,07/03/25 07:30:00,28.345,,,,,
8064,07/03/25 07:45:00,28.345,,,,,
8065,07/03/25 08:00:00,28.345,,,,,
8066,07/03/25 08:15:00,28.345,,,,,
8067,07/03/25 08:30:00,28.345,,,,,
8068,07/03/25 08:45:00,28.369,,,,,
8069,07/03/25 09:00:00,28.369,,,,,
8070,07/03/25 09:15:00,28.369,,,,,
8071,07/03/25 09:30:00,28.394,,,,,
8072,07/03/25 09:45:00,28.419,,,,,
8073,07/03/25 10:00:00,28.468,,,,,
8074,07/03/25 10:15:00,28.593,,,,,
8075,07/03/25 10:30:00,28.593,,,,,
8076,07/03/25 10:45:00,28.543,,,,,
8077,07/03/25 11:00:00,28.493,,,,,
8078,07/03/25 11:15:00,28.518,,,,,
8079,07/03/25 11:30:00,28.518,,,,,
8080,07/03/25 11:45:00,28.543,,,,,
8081,07/03/25 12:00:00,28.543,,,,,
8082,07/03/25 12:15:00,28.543,,,,,
8083,07/03/25 12:30:00,28.617,,,,,
8084,07/03/25 12:45:00,28.692,,,,,
8085,07/03/25 13:00:00,28.742,,,,,
8086,07/03/25 13:15:00,28.816,,,,,
8087,07/03/25 13:30:00,28.791,,,,,
8088,07/03/25 13:45:00,28.766,,,,,
8089,07/03/25 14:00:00,28.692,,,,,
8090,07/03/25 14:15:00,28.642,,,,,
8091,07/03/25 14:30:00,28.593,,,,,
8092,07/03/25 14:45:00,28.568,,,,,
8093,07/03/25 15:00:00,28.493,,,,,
8094,07/03/25 15:15:00,28.468,,,,,
8095,07/03/25 15:30:00,28.419,,,,,
8096,07/03/25 15:45:00,28.394,,,,,
8097,07/03/25 16:00:00,28.394,,,,,
8098,07/03/25 16:15:00,28.394,,,,,
8099,07/03/25 16:30:00,28.394,,,,,
8100,07/03/25 16:45:00,28.394,,,,,
8101,07/03/25 17:00:00,28.394,,,,,
8102,07/03/25 17:15:00,28.394,,,,,
8103,07/03/25 17:30:00,28.369,,,,,
8104,07/03/25 17:45:00,28.394,,,,,
8105,07/03/25 18:00:00,28.394,,,,,
8106,07/03/25 18:15:00,28.369,,,,,
8107,07/03/25 18:30:00,28.369,,,,,
8108,07/03/25 18:45:00,28.369,,,,,
8109,07/03/25 19:00:00,28.369,,,,,
8110,07/03/25 19:15:00,28.369,,,,,
8111,07/03/25 19:30:00,28.369,,,,,
8112,07/03/25 19:45:00,28.369,,,,,
8113,07/03/25 20:00:00,28.369,,,,,
8114,07/03/25 20:15:00,28.369,,,,,
8115,07/03/25 20:30:00,28.369,,,,,
8116,07/03/25 20:45:00,28.369,,,,,
8117,07/03/25 21:00:00,28.369,,,,,
8118,07/03/25 21:15:00,28.369,,,,,
8119,07/03/25 21:30:00,28.369,,,,,
8120,07/03/25 21:45:00,28.345,,,,,
8121,07/03/25 22:00:00,28.345,,,,,
8122,07/03/25 22:15:00,28.345,,,,,
8123,07/03/25 22:30:00,28.345,,,,,
8124,07/03/25 22:45:00,28.642,,,,,
8125,07/03/25 23:00:00,28.766,,,,,
8126,07/03/25 23:15:00,28.841,,,,,
8127,07/03/25 23:30:00,28.816,,,,,
8128,07/03/25 23:45:00,28.816,,,,,
8129,07/04/25 00:00:00,28.891,,,,,
8130,07/04/25 00:15:00,28.891,,,,,
8131,07/04/25 00:30:00,28.916,,,,,
8132,07/04/25 00:45:00,28.791,,,,,
8133,07/04/25 01:00:00,28.766,,,,,
8134,07/04/25 01:15:00,28.742,,,,,
8135,07/04/25 01:30:00,28.717,,,,,
8136,07/04/25 01:45:00,28.717,,,,,
8137,07/04/25 02:00:00,28.667,,,,,
8138,07/04/25 02:15:00,28.642,,,,,
8139,07/04/25 02:30:00,28.568,,,,,
8140,07/04/25 02:45:00,28.493,,,,,
8141,07/04/25 03:00:00,28.468,,,,,
8142,07/04/25 03:15:00,28.394,,,,,
8143,07/04/25 03:30:00,28.394,,,,,
8144,07/04/25 03:45:00,28.394,,,,,
8145,07/04/25 04:00:00,28.369,,,,,
8146,07/04/25 04:15:00,28.369,,,,,
8147,07/04/25 04:30:00,28.369,,,,,
8148,07/04/25 04:45:00,28.369,,,,,
8149,07/04/25 05:00:00,28.369,,,,,
8150,07/04/25 05:15:00,28.369,,,,,
8151,07/04/25 05:30:00,28.369,,,,,
8152,07/04/25 05:45:00,28.369,,,,,
8153,07/04/25 06:00:00,28.369,,,,,
8154,07/04/25 06:15:00,28.369,,,,,
8155,07/04/25 06:30:00,28.369,,,,,
8156,07/04/25 06:45:00,28.345,,,,,
8157,07/04/25 07:00:00,28.369,,,,,
8158,07/04/25 07:15:00,28.369,,,,,
8159,07/04/25 07:30:00,28.369,,,,,
8160,07/04/25 07:45:00,28.369,,,,,
8161,07/04/25 08:00:00,28.394,,,,,
8162,07/04/25 08:15:00,28.394,,,,,
8163,07/04/25 08:30:00,28.394,,,,,
8164,07/04/25 08:45:00,28.394,,,,,
8165,07/04/25 09:00:00,28.419,,,,,
8166,07/04/25 09:15:00,28.419,,,,,
8167,07/04/25 09:30:00,28.419,,,,,
8168,07/04/25 09:45:00,28.444,,,,,
8169,07/04/25 10:00:00,28.568,,,,,
8170,07/04/25 10:15:00,28.717,,,,,
8171,07/04/25 10:30:00,28.791,,,,,
8172,07/04/25 10:45:00,28.816,,,,,
8173,07/04/25 11:00:00,28.866,,,,,
8174,07/04/25 11:15:00,28.891,,,,,
8175,07/04/25 11:30:00,28.866,,,,,
8176,07/04/25 11:45:00,28.866,,,,,
8177,07/04/25 12:00:00,28.841,,,,,
8178,07/04/25 12:15:00,28.866,,,,,
8179,07/04/25 12:30:00,28.916,,,,,
8180,07/04/25 12:45:00,28.891,,,,,
8181,07/04/25 13:00:00,28.866,,,,,
8182,07/04/25 13:15:00,28.841,,,,,
8183,07/04/25 13:30:00,28.841,,,,,
8184,07/04/25 13:45:00,28.841,,,,,
8185,07/04/25 14:00:00,28.866,,,,,
8186,07/04/25 14:15:00,28.891,,,,,
8187,07/04/25 14:30:00,28.916,,,,,
8188,07/04/25 14:45:00,28.916,,,,,
8189,07/04/25 15:00:00,28.941,,,,,
8190,07/04/25 15:15:00,28.965,,,,,
8191,07/04/25 15:30:00,29.015,,,,,
8192,07/04/25 15:45:00,29.015,,,,,
8193,07/04/25 16:00:00,29.015,,,,,
8194,07/04/25 16:15:00,29.015,,,,,
8195,07/04/25 16:30:00,29.040,,,,,
8196,07/04/25 16:45:00,29.015,,,,,
8197,07/04/25 17:00:00,29.040,,,,,
8198,07/04/25 17:15:00,29.040,,,,,
8199,07/04/25 17:30:00,29.065,,,,,
8200,07/04/25 17:45:00,29.065,,,,,
8201,07/04/25 18:00:00,29.065,,,,,
8202,07/04/25 18:15:00,29.040,,,,,
8203,07/04/25 18:30:00,29.040,,,,,
8204,07/04/25 18:45:00,29.040,,,,,
8205,07/04/25 19:00:00,29.040,,,,,
8206,07/04/25 19:15:00,29.040,,,,,
8207,07/04/25 19:30:00,29.065,,,,,
8208,07/04/25 19:45:00,29.040,,,,,
8209,07/04/25 20:00:00,29.065,,,,,
8210,07/04/25 20:15:00,29.040,,,,,
8211,07/04/25 20:30:00,29.065,,,,,
8212,07/04/25 20:45:00,29.065,,,,,
8213,07/04/25 21:00:00,29.065,,,,,
8214,07/04/25 21:15:00,29.065,,,,,
8215,07/04/25 21:30:00,29.065,,,,,
8216,07/04/25 21:45:00,29.090,,,,,
8217,07/04/25 22:00:00,29.065,,,,,
8218,07/04/25 22:15:00,29.065,,,,,
8219,07/04/25 22:30:00,29.040,,,,,
8220,07/04/25 22:45:00,29.015,,,,,
8221,07/04/25 23:00:00,28.866,,,,,
8222,07/04/25 23:15:00,28.891,,,,,
8223,07/04/25 23:30:00,29.040,,,,,
8224,07/04/25 23:45:00,29.065,,,,,
8225,07/05/25 00:00:00,29.040,,,,,
8226,07/05/25 00:15:00,29.040,,,,,
8227,07/05/25 00:30:00,28.990,,,,,
8228,07/05/25 00:45:00,28.916,,,,,
8229,07/05/25 01:00:00,28.891,,,,,
8230,07/05/25 01:15:00,28.916,,,,,
8231,07/05/25 01:30:00,28.941,,,,,
8232,07/05/25 01:45:00,28.941,,,,,
8233,07/05/25 02:00:00,28.941,,,,,
8234,07/05/25 02:15:00,28.916,,,,,
8235,07/05/25 02:30:00,28.891,,,,,
8236,07/05/25 02:45:00,28.891,,,,,
8237,07/05/25 03:00:00,28.891,,,,,
8238,07/05/25 03:15:00,28.891,,,,,
8239,07/05/25 03:30:00,28.916,,,,,
8240,07/05/25 03:45:00,28.916,,,,,
8241,07/05/25 04:00:00,28.941,,,,,
8242,07/05/25 04:15:00,28.941,,,,,
8243,07/05/25 04:30:00,28.941,,,,,
8244,07/05/25 04:45:00,28.965,,,,,
8245,07/05/25 05:00:00,28.965,,,,,
8246,07/05/25 05:15:00,28.941,,,,,
8247,07/05/25 05:30:00,28.941,,,,,
8248,07/05/25 05:45:00,28.941,,,,,
8249,07/05/25 06:00:00,28.941,,,,,
8250,07/05/25 06:15:00,28.941,,,,,
8251,07/05/25 06:30:00,28.941,,,,,
8252,07/05/25 06:45:00,28.916,,,,,
8253,07/05/25 07:00:00,28.866,,,,,
8254,07/05/25 07:15:00,28.866,,,,,
8255,07/05/25 07:30:00,28.866,,,,,
8256,07/05/25 07:45:00,28.866,,,,,
8257,07/05/25 08:00:00,28.841,,,,,
8258,07/05/25 08:15:00,28.816,,,,,
8259,07/05/25 08:30:00,28.791,,,,,
8260,07/05/25 08:45:00,28.766,,,,,
8261,07/05/25 09:00:00,28.766,,,,,
8262,07/05/25 09:15:00,28.742,,,,,
8263,07/05/25 09:30:00,28.816,,,,,
8264,07/05/25 09:45:00,28.841,,,,,
8265,07/05/25 10:00:00,28.841,,,,,
8266,07/05/25 10:15:00,28.816,,,,,
8267,07/05/25 10:30:00,28.791,,,,,
8268,07/05/25 10:45:00,28.717,,,,,
8269,07/05/25 11:00:00,28.692,,,,,
8270,07/05/25 11:15:00,28.667,,,,,
8271,07/05/25 11:30:00,28.667,,,,,
8272,07/05/25 11:45:00,28.642,,,,,
8273,07/05/25 12:00:00,28.617,,,,,
8274,07/05/25 12:15:00,28.667,,,,,
8275,07/05/25 12:30:00,28.667,,,,,
8276,07/05/25 12:45:00,28.667,,,,,
8277,07/05/25 13:00:00,28.642,,,,,
8278,07/05/25 13:15:00,28.617,,,,,
8279,07/05/25 13:30:00,28.667,,,,,
8280,07/05/25 13:45:00,28.965,,,,,
8281,07/05/25 14:00:00,29.040,,,,,
8282,07/05/25 14:15:00,28.916,,,,,
8283,07/05/25 14:30:00,28.841,,,,,
8284,07/05/25 14:45:00,28.791,,,,,
8285,07/05/25 15:00:00,28.841,,,,,
8286,07/05/25 15:15:00,28.891,,,,,
8287,07/05/25 15:30:00,28.866,,,,,
8288,07/05/25 15:45:00,28.766,,,,,
8289,07/05/25 16:00:00,28.742,,,,,
8290,07/05/25 16:15:00,28.320,,,,,
8291,07/05/25 16:30:00,28.270,,,,,
8292,07/05/25 16:45:00,28.320,,,,,
8293,07/05/25 17:00:00,28.245,,,,,
8294,07/05/25 17:15:00,28.320,,,,,
8295,07/05/25 17:30:00,28.245,,,,,
8296,07/05/25 17:45:00,28.468,,,,,
8297,07/05/25 18:00:00,28.642,,,,,
8298,07/05/25 18:15:00,28.642,,,,,
8299,07/05/25 18:30:00,28.990,,,,,
8300,07/05/25 18:45:00,28.717,,,,,
8301,07/05/25 19:00:00,28.593,,,,,
8302,07/05/25 19:15:00,28.394,,,,,
8303,07/05/25 19:30:00,28.369,,,,,
8304,07/05/25 19:45:00,28.345,,,,,
8305,07/05/25 20:00:00,28.345,,,,,
8306,07/05/25 20:15:00,28.369,,,,,
8307,07/05/25 20:30:00,28.468,,,,,
8308,07/05/25 20:45:00,28.568,,,,,
8309,07/05/25 21:00:00,28.568,,,,,
8310,07/05/25 21:15:00,28.444,,,,,
8311,07/05/25 21:30:00,28.493,,,,,
8312,07/05/25 21:45:00,28.518,,,,,
8313,07/05/25 22:00:00,28.518,,,,,
8314,07/05/25 22:15:00,28.518,,,,,
8315,07/05/25 22:30:00,28.518,,,,,
8316,07/05/25 22:45:00,28.593,,,,,
8317,07/05/25 23:00:00,28.617,,,,,
8318,07/05/25 23:15:00,28.642,,,,,
8319,07/05/25 23:30:00,28.642,,,,,
8320,07/05/25 23:45:00,28.617,,,,,
8321,07/06/25 00:00:00,28.568,,,,,
8322,07/06/25 00:15:00,28.543,,,,,
8323,07/06/25 00:30:00,28.568,,,,,
8324,07/06/25 00:45:00,28.568,,,,,
8325,07/06/25 01:00:00,28.593,,,,,
8326,07/06/25 01:15:00,28.617,,,,,
8327,07/06/25 01:30:00,28.593,,,,,
8328,07/06/25 01:45:00,28.642,,,,,
8329,07/06/25 02:00:00,28.593,,,,,
8330,07/06/25 02:15:00,28.593,,,,,
8331,07/06/25 02:30:00,28.593,,,,,
8332,07/06/25 02:45:00,28.642,,,,,
8333,07/06/25 03:00:00,28.766,,,,,
8334,07/06/25 03:15:00,28.717,,,,,
8335,07/06/25 03:30:00,28.791,,,,,
8336,07/06/25 03:45:00,28.816,,,,,
8337,07/06/25 04:00:00,28.791,,,,,
8338,07/06/25 04:15:00,28.717,,,,,
8339,07/06/25 04:30:00,28.692,,,,,
8340,07/06/25 04:45:00,28.667,,,,,
8341,07/06/25 05:00:00,28.667,,,,,
8342,07/06/25 05:15:00,28.717,,,,,
8343,07/06/25 05:30:00,28.717,,,,,
8344,07/06/25 05:45:00,28.717,,,,,
8345,07/06/25 06:00:00,28.742,,,,,
8346,07/06/25 06:15:00,28.742,,,,,
8347,07/06/25 06:30:00,28.742,,,,,
8348,07/06/25 06:45:00,28.742,,,,,
8349,07/06/25 07:00:00,28.742,,,,,
8350,07/06/25 07:15:00,28.667,,,,,
8351,07/06/25 07:30:00,28.642,,,,,
8352,07/06/25 07:45:00,28.617,,,,,
8353,07/06/25 08:00:00,28.642,,,,,
8354,07/06/25 08:15:00,28.617,,,,,
8355,07/06/25 08:30:00,28.617,,,,,
8356,07/06/25 08:45:00,28.617,,,,,
8357,07/06/25 09:00:00,28.642,,,,,
8358,07/06/25 09:15:00,28.642,,,,,
8359,07/06/25 09:30:00,28.642,,,,,
8360,07/06/25 09:45:00,28.667,,,,,
8361,07/06/25 10:00:00,28.692,,,,,
8362,07/06/25 10:15:00,28.717,,,,,
8363,07/06/25 10:30:00,28.717,,,,,
8364,07/06/25 10:45:00,28.742,,,,,
8365,07/06/25 11:00:00,28.742,,,,,
8366,07/06/25 11:15:00,28.742,,,,,
8367,07/06/25 11:30:00,28.742,,,,,
8368,07/06/25 11:45:00,28.766,,,,,
8369,07/06/25 12:00:00,28.766,,,,,
8370,07/06/25 12:15:00,28.766,,,,,
8371,07/06/25 12:30:00,28.791,,,,,
8372,07/06/25 12:45:00,28.791,,,,,
8373,07/06/25 13:00:00,28.816,,,,,
8374,07/06/25 13:15:00,28.816,,,,,
8375,07/06/25 13:30:00,28.791,,,,,
8376,07/06/25 13:45:00,28.791,,,,,
8377,07/06/25 14:00:00,28.766,,,,,
8378,07/06/25 14:15:00,28.692,,,,,
8379,07/06/25 14:30:00,28.692,,,,,
8380,07/06/25 14:45:00,28.717,,,,,
8381,07/06/25 15:00:00,28.717,,,,,
8382,07/06/25 15:15:00,28.717,,,,,
8383,07/06/25 15:30:00,28.717,,,,,
8384,07/06/25 15:45:00,28.717,,,,,
8385,07/06/25 16:00:00,28.692,,,,,
8386,07/06/25 16:15:00,28.692,,,,,
8387,07/06/25 16:30:00,28.692,,,,,
8388,07/06/25 16:45:00,28.692,,,,,
8389,07/06/25 17:00:00,28.692,,,,,
8390,07/06/25 17:15:00,28.692,,,,,
8391,07/06/25 17:30:00,28.692,,,,,
8392,07/06/25 17:45:00,28.692,,,,,
8393,07/06/25 18:00:00,28.667,,,,,
8394,07/06/25 18:15:00,28.667,,,,,
8395,07/06/25 18:30:00,28.667,,,,,
8396,07/06/25 18:45:00,28.642,,,,,
8397,07/06/25 19:00:00,28.642,,,,,
8398,07/06/25 19:15:00,28.642,,,,,
8399,07/06/25 19:30:00,28.642,,,,,
8400,07/06/25 19:45:00,28.617,,,,,
8401,07/06/25 20:00:00,28.617,,,,,
8402,07/06/25 20:15:00,28.617,,,,,
8403,07/06/25 20:30:00,28.617,,,,,
8404,07/06/25 20:45:00,28.593,,,,,
8405,07/06/25 21:00:00,28.593,,,,,
8406,07/06/25 21:15:00,28.593,,,,,
8407,07/06/25 21:30:00,28.568,,,,,
8408,07/06/25 21:45:00,28.568,,,,,
8409,07/06/25 22:00:00,28.617,,,,,
8410,07/06/25 22:15:00,28.617,,,,,
8411,07/06/25 22:30:00,28.742,,,,,
8412,07/06/25 22:45:00,28.717,,,,,
8413,07/06/25 23:00:00,28.791,,,,,
8414,07/06/25 23:15:00,28.941,,,,,
8415,07/06/25 23:30:00,28.965,,,,,
8416,07/06/25 23:45:00,28.891,,,,,
8417,07/07/25 00:00:00,28.791,,,,,
8418,07/07/25 00:15:00,28.742,,,,,
8419,07/07/25 00:30:00,28.717,,,,,
8420,07/07/25 00:45:00,28.742,,,,,
8421,07/07/25 01:00:00,28.742,,,,,
8422,07/07/25 01:15:00,28.617,,,,,
8423,07/07/25 01:30:00,28.593,,,,,
8424,07/07/25 01:45:00,28.568,,,,,
8425,07/07/25 02:00:00,28.543,,,,,
8426,07/07/25 02:15:00,28.543,,,,,
8427,07/07/25 02:30:00,28.543,,,,,
8428,07/07/25 02:45:00,28.518,,,,,
8429,07/07/25 03:00:00,28.518,,,,,
8430,07/07/25 03:15:00,28.518,,,,,
8431,07/07/25 03:30:00,28.518,,,,,
8432,07/07/25 03:45:00,28.568,,,,,
8433,07/07/25 04:00:00,28.642,,,,,
8434,07/07/25 04:15:00,28.717,,,,,
8435,07/07/25 04:30:00,28.791,,,,,
8436,07/07/25 04:45:00,28.891,,,,,
8437,07/07/25 05:00:00,28.916,,,,,
8438,07/07/25 05:15:00,28.891,,,,,
8439,07/07/25 05:30:00,28.866,,,,,
8440,07/07/25 05:45:00,28.841,,,,,
8441,07/07/25 06:00:00,28.791,,,,,
8442,07/07/25 06:15:00,28.791,,,,,
8443,07/07/25 06:30:00,28.816,,,,,
8444,07/07/25 06:45:00,28.841,,,,,
8445,07/07/25 07:00:00,28.816,,,,,
8446,07/07/25 07:15:00,28.816,,,,,
8447,07/07/25 07:30:00,28.841,,,,,
8448,07/07/25 07:45:00,28.841,,,,,
8449,07/07/25 08:00:00,28.866,,,,,
8450,07/07/25 08:15:00,28.692,,,,,
8451,07/07/25 08:30:00,28.717,,,,,
8452,07/07/25 08:45:00,28.642,,,,,
8453,07/07/25 09:00:00,28.692,,,,,
8454,07/07/25 09:15:00,28.791,,,,,
8455,07/07/25 09:30:00,28.742,,,,,
8456,07/07/25 09:45:00,28.692,,,,,
8457,07/07/25 10:00:00,28.766,,,,,
8458,07/07/25 10:15:00,28.916,,,,,
8459,07/07/25 10:30:00,28.692,,,,,
8460,07/07/25 10:45:00,28.841,,,,,
8461,07/07/25 11:00:00,28.916,,,,,
8462,07/07/25 11:15:00,28.916,,,,,
8463,07/07/25 11:30:00,28.941,,,,,
8464,07/07/25 11:45:00,28.791,,,,,
8465,07/07/25 12:00:00,28.916,,,,,
8466,07/07/25 12:15:00,28.816,,,,,
8467,07/07/25 12:30:00,28.617,,,,,
8468,07/07/25 12:45:00,28.568,,,,,
8469,07/07/25 13:00:00,28.543,,,,,
8470,07/07/25 13:15:00,28.518,,,,,
8471,07/07/25 13:30:00,28.468,,,,,
8472,07/07/25 13:45:00,28.444,,,,,
8473,07/07/25 14:00:00,28.444,,,,,
8474,07/07/25 14:15:00,28.444,,,,,
8475,07/07/25 14:30:00,28.444,,,,,
8476,07/07/25 14:45:00,28.444,,,,,
8477,07/07/25 15:00:00,28.419,,,,,
8478,07/07/25 15:15:00,28.419,,,,,
8479,07/07/25 15:30:00,28.419,,,,,
8480,07/07/25 15:45:00,28.419,,,,,
8481,07/07/25 16:00:00,28.444,,,,,
8482,07/07/25 16:15:00,28.444,,,,,
8483,07/07/25 16:30:00,28.444,,,,,
8484,07/07/25 16:45:00,28.444,,,,,
8485,07/07/25 17:00:00,28.444,,,,,
8486,07/07/25 17:15:00,28.419,,,,,
8487,07/07/25 17:30:00,28.419,,,,,
8488,07/07/25 17:45:00,28.419,,,,,
8489,07/07/25 18:00:00,28.419,,,,,
8490,07/07/25 18:15:00,28.419,,,,,
8491,07/07/25 18:30:00,28.419,,,,,
8492,07/07/25 18:45:00,28.419,,,,,
8493,07/07/25 19:00:00,28.419,,,,,
8494,07/07/25 19:15:00,28.419,,,,,
8495,07/07/25 19:30:00,28.419,,,,,
8496,07/07/25 19:45:00,28.419,,,,,
8497,07/07/25 20:00:00,28.419,,,,,
8498,07/07/25 20:15:00,28.419,,,,,
8499,07/07/25 20:30:00,28.419,,,,,
8500,07/07/25 20:45:00,28.419,,,,,
8501,07/07/25 21:00:00,28.419,,,,,
8502,07/07/25 21:15:00,28.419,,,,,
8503,07/07/25 21:30:00,28.419,,,,,
8504,07/07/25 21:45:00,28.419,,,,,
8505,07/07/25 22:00:00,28.419,,,,,
8506,07/07/25 22:15:00,28.394,,,,,
8507,07/07/25 22:30:00,28.394,,,,,
8508,07/07/25 22:45:00,28.369,,,,,
8509,07/07/25 23:00:00,28.369,,,,,
8510,07/07/25 23:15:00,28.320,,,,,
8511,07/07/25 23:30:00,28.345,,,,,
8512,07/07/25 23:45:00,28.345,,,,,
8513,07/08/25 00:00:00,28.345,,,,,
8514,07/08/25 00:15:00,28.369,,,,,
8515,07/08/25 00:30:00,28.369,,,,,
8516,07/08/25 00:45:00,28.369,,,,,
8517,07/08/25 01:00:00,28.345,,,,,
8518,07/08/25 01:15:00,28.345,,,,,
8519,07/08/25 01:30:00,28.320,,,,,
8520,07/08/25 01:45:00,28.345,,,,,
8521,07/08/25 02:00:00,28.320,,,,,
8522,07/08/25 02:15:00,28.320,,,,,
8523,07/08/25 02:30:00,28.320,,,,,
8524,07/08/25 02:45:00,28.320,,,,,
8525,07/08/25 03:00:00,28.320,,,,,
8526,07/08/25 03:15:00,28.320,,,,,
8527,07/08/25 03:30:00,28.320,,,,,
8528,07/08/25 03:45:00,28.320,,,,,
8529,07/08/25 04:00:00,28.320,,,,,
8530,07/08/25 04:15:00,28.320,,,,,
8531,07/08/25 04:30:00,28.320,,,,,
8532,07/08/25 04:45:00,28.320,,,,,
8533,07/08/25 05:00:00,28.320,,,,,
8534,07/08/25 05:15:00,28.320,,,,,
8535,07/08/25 05:30:00,28.320,,,,,
8536,07/08/25 05:45:00,28.320,,,,,
8537,07/08/25 06:00:00,28.320,,,,,
8538,07/08/25 06:15:00,28.320,,,,,
8539,07/08/25 06:30:00,28.320,,,,,
8540,07/08/25 06:45:00,28.320,,,,,
8541,07/08/25 07:00:00,28.345,,,,,
8542,07/08/25 07:15:00,28.345,,,,,
8543,07/08/25 07:30:00,28.345,,,,,
8544,07/08/25 07:45:00,28.369,,,,,
8545,07/08/25 08:00:00,28.369,,,,,
8546,07/08/25 08:15:00,28.369,,,,,
8547,07/08/25 08:30:00,28.369,,,,,
8548,07/08/25 08:45:00,28.369,,,,,
8549,07/08/25 09:00:00,28.394,,,,,
8550,07/08/25 09:15:00,28.419,,,,,
8551,07/08/25 09:30:00,28.419,,,,,
8552,07/08/25 09:45:00,28.419,,,,,
8553,07/08/25 10:00:00,28.444,,,,,
8554,07/08/25 10:15:00,28.419,,,,,
8555,07/08/25 10:30:00,28.394,,,,,
8556,07/08/25 10:45:00,28.394,,,,,
8557,07/08/25 11:00:00,28.419,,,,,
8558,07/08/25 11:15:00,28.419,,,,,
8559,07/08/25 11:30:00,28.419,,,,,
8560,07/08/25 11:45:00,28.419,,,,,
8561,07/08/25 12:00:00,28.419,,,,,
8562,07/08/25 12:15:00,28.419,,,,,
8563,07/08/25 12:30:00,28.394,,,,,
8564,07/08/25 12:45:00,28.394,,,,,
8565,07/08/25 13:00:00,28.394,,,,,
8566,07/08/25 13:15:00,28.394,,,,,
8567,07/08/25 13:30:00,28.394,,,,,
8568,07/08/25 13:45:00,28.394,,,,,
8569,07/08/25 14:00:00,28.394,,,,,
8570,07/08/25 14:15:00,28.394,,,,,
8571,07/08/25 14:30:00,28.394,,,,,
8572,07/08/25 14:45:00,28.369,,,,,
8573,07/08/25 15:00:00,28.345,,,,,
8574,07/08/25 15:15:00,28.345,,,,,
8575,07/08/25 15:30:00,28.345,,,,,
8576,07/08/25 15:45:00,28.345,,,,,
8577,07/08/25 16:00:00,28.345,,,,,
8578,07/08/25 16:15:00,28.345,,,,,
8579,07/08/25 16:30:00,28.345,,,,,
8580,07/08/25 16:45:00,28.345,,,,,
8581,07/08/25 17:00:00,28.345,,,,,
8582,07/08/25 17:15:00,28.369,,,,,
8583,07/08/25 17:30:00,28.369,,,,,
8584,07/08/25 17:45:00,28.369,,,,,
8585,07/08/25 18:00:00,28.369,,,,,
8586,07/08/25 18:15:00,28.369,,,,,
8587,07/08/25 18:30:00,28.345,,,,,
8588,07/08/25 18:45:00,28.345,,,,,
8589,07/08/25 19:00:00,28.369,,,,,
8590,07/08/25 19:15:00,28.369,,,,,
8591,07/08/25 19:30:00,28.369,,,,,
8592,07/08/25 19:45:00,28.345,,,,,
8593,07/08/25 20:00:00,28.345,,,,,
8594,07/08/25 20:15:00,28.345,,,,,
8595,07/08/25 20:30:00,28.345,,,,,
8596,07/08/25 20:45:00,28.345,,,,,
8597,07/08/25 21:00:00,28.345,,,,,
8598,07/08/25 21:15:00,28.320,,,,,
8599,07/08/25 21:30:00,28.345,,,,,
8600,07/08/25 21:45:00,28.345,,,,,
8601,07/08/25 22:00:00,28.345,,,,,
8602,07/08/25 22:15:00,28.345,,,,,
8603,07/08/25 22:30:00,28.345,,,,,
8604,07/08/25 22:45:00,28.345,,,,,
8605,07/08/25 23:00:00,28.345,,,,,
8606,07/08/25 23:15:00,28.345,,,,,
8607,07/08/25 23:30:00,28.345,,,,,
8608,07/08/25 23:45:00,28.345,,,,,
8609,07/09/25 00:00:00,28.345,,,,,
8610,07/09/25 00:15:00,28.369,,,,,
8611,07/09/25 00:30:00,28.369,,,,,
8612,07/09/25 00:45:00,28.394,,,,,
8613,07/09/25 01:00:00,28.419,,,,,
8614,07/09/25 01:15:00,28.419,,,,,
8615,07/09/25 01:30:00,28.444,,,,,
8616,07/09/25 01:45:00,28.419,,,,,
8617,07/09/25 02:00:00,28.444,,,,,
8618,07/09/25 02:15:00,28.444,,,,,
8619,07/09/25 02:30:00,28.444,,,,,
8620,07/09/25 02:45:00,28.444,,,,,
8621,07/09/25 03:00:00,28.444,,,,,
8622,07/09/25 03:15:00,28.444,,,,,
8623,07/09/25 03:30:00,28.444,,,,,
8624,07/09/25 03:45:00,28.468,,,,,
8625,07/09/25 04:00:00,28.468,,,,,
8626,07/09/25 04:15:00,28.468,,,,,
8627,07/09/25 04:30:00,28.444,,,,,
8628,07/09/25 04:45:00,28.419,,,,,
8629,07/09/25 05:00:00,28.419,,,,,
8630,07/09/25 05:15:00,28.419,,,,,
8631,07/09/25 05:30:00,28.419,,,,,
8632,07/09/25 05:45:00,28.419,,,,,
8633,07/09/25 06:00:00,28.419,,,,,
8634,07/09/25 06:15:00,28.419,,,,,
8635,07/09/25 06:30:00,28.419,,,,,
8636,07/09/25 06:45:00,28.419,,,,,
8637,07/09/25 07:00:00,28.419,,,,,
8638,07/09/25 07:15:00,28.394,,,,,
8639,07/09/25 07:30:00,28.394,,,,,
8640,07/09/25 07:45:00,28.369,,,,,
8641,07/09/25 08:00:00,28.369,,,,,
8642,07/09/25 08:15:00,28.345,,,,,
8643,07/09/25 08:30:00,28.320,,,,,
8644,07/09/25 08:45:00,28.320,,,,,
8645,07/09/25 09:00:00,28.320,,,,,
8646,07/09/25 09:15:00,28.369,,,,,
8647,07/09/25 09:30:00,28.394,,,,,
8648,07/09/25 09:45:00,28.419,,,,,
8649,07/09/25 10:00:00,28.444,,,,,
8650,07/09/25 10:15:00,28.468,,,,,
8651,07/09/25 10:30:00,28.468,,,,,
8652,07/09/25 10:45:00,28.444,,,,,
8653,07/09/25 11:00:00,28.468,,,,,
8654,07/09/25 11:15:00,28.468,,,,,
8655,07/09/25 11:30:00,28.493,,,,,
8656,07/09/25 11:45:00,28.518,,,,,
8657,07/09/25 12:00:00,28.493,,,,,
8658,07/09/25 12:15:00,28.543,,,,,
8659,07/09/25 12:30:00,28.568,,,,,
8660,07/09/25 12:45:00,28.617,,,,,
8661,07/09/25 13:00:00,28.543,,,,,
8662,07/09/25 13:15:00,28.493,,,,,
8663,07/09/25 13:30:00,28.493,,,,,
8664,07/09/25 13:45:00,28.468,,,,,
8665,07/09/25 14:00:00,28.468,,,,,
8666,07/09/25 14:15:00,28.468,,,,,
8667,07/09/25 14:30:00,28.468,,,,,
8668,07/09/25 14:45:00,28.468,,,,,
8669,07/09/25 15:00:00,28.444,,,,,
8670,07/09/25 15:15:00,28.444,,,,,
8671,07/09/25 15:30:00,28.444,,,,,
8672,07/09/25 15:45:00,28.444,,,,,
8673,07/09/25 16:00:00,28.444,,,,,
8674,07/09/25 16:15:00,28.419,,,,,
8675,07/09/25 16:30:00,28.394,,,,,
8676,07/09/25 16:45:00,28.419,,,,,
8677,07/09/25 17:00:00,28.419,,,,,
8678,07/09/25 17:15:00,28.444,,,,,
8679,07/09/25 17:30:00,28.444,,,,,
8680,07/09/25 17:45:00,28.444,,,,,
8681,07/09/25 18:00:00,28.468,,,,,
8682,07/09/25 18:15:00,28.468,,,,,
8683,07/09/25 18:30:00,28.468,,,,,
8684,07/09/25 18:45:00,28.493,,,,,
8685,07/09/25 19:00:00,28.444,,,,,
8686,07/09/25 19:15:00,28.419,,,,,
8687,07/09/25 19:30:00,28.419,,,,,
8688,07/09/25 19:45:00,28.419,,,,,
8689,07/09/25 20:00:00,28.419,,,,,
8690,07/09/25 20:15:00,28.394,,,,,
8691,07/09/25 20:30:00,28.394,,,,,
8692,07/09/25 20:45:00,28.444,,,,,
8693,07/09/25 21:00:00,28.444,,,,,
8694,07/09/25 21:15:00,28.444,,,,,
8695,07/09/25 21:30:00,28.444,,,,,
8696,07/09/25 21:45:00,28.444,,,,,
8697,07/09/25 22:00:00,28.394,,,,,
8698,07/09/25 22:15:00,28.369,,,,,
8699,07/09/25 22:30:00,28.394,,,,,
8700,07/09/25 22:45:00,28.394,,,,,
8701,07/09/25 23:00:00,28.369,,,,,
8702,07/09/25 23:15:00,28.345,,,,,
8703,07/09/25 23:30:00,28.345,,,,,
8704,07/09/25 23:45:00,28.345,,,,,
8705,07/10/25 00:00:00,28.345,,,,,
8706,07/10/25 00:15:00,28.320,,,,,
8707,07/10/25 00:30:00,28.320,,,,,
8708,07/10/25 00:45:00,28.320,,,,,
8709,07/10/25 01:00:00,28.320,,,,,
8710,07/10/25 01:15:00,28.320,,,,,
8711,07/10/25 01:30:00,28.320,,,,,
8712,07/10/25 01:45:00,28.320,,,,,
8713,07/10/25 02:00:00,28.320,,,,,
8714,07/10/25 02:15:00,28.320,,,,,
8715,07/10/25 02:30:00,28.320,,,,,
8716,07/10/25 02:45:00,28.295,,,,,
8717,07/10/25 03:00:00,28.295,,,,,
8718,07/10/25 03:15:00,28.295,,,,,
8719,07/10/25 03:30:00,28.295,,,,,
8720,07/10/25 03:45:00,28.295,,,,,
8721,07/10/25 04:00:00,28.295,,,,,
8722,07/10/25 04:15:00,28.320,,,,,
8723,07/10/25 04:30:00,28.320,,,,,
8724,07/10/25 04:45:00,28.320,,,,,
8725,07/10/25 05:00:00,28.345,,,,,
8726,07/10/25 05:15:00,28.345,,,,,
8727,07/10/25 05:30:00,28.345,,,,,
8728,07/10/25 05:45:00,28.369,,,,,
8729,07/10/25 06:00:00,28.369,,,,,
8730,07/10/25 06:15:00,28.369,,,,,
8731,07/10/25 06:30:00,28.369,,,,,
8732,07/10/25 06:45:00,28.369,,,,,
8733,07/10/25 07:00:00,28.369,,,,,
8734,07/10/25 07:15:00,28.345,,,,,
8735,07/10/25 07:30:00,28.345,,,,,
8736,07/10/25 07:45:00,28.320,,,,,
8737,07/10/25 08:00:00,28.320,,,,,
8738,07/10/25 08:15:00,28.295,,,,,
8739,07/10/25 08:30:00,28.295,,,,,
8740,07/10/25 08:45:00,28.295,,,,,
8741,07/10/25 09:00:00,28.369,,,,,
8742,07/10/25 09:15:00,28.369,,,,,
8743,07/10/25 09:30:00,28.369,,,,,
8744,07/10/25 09:45:00,28.369,,,,,
8745,07/10/25 10:00:00,28.369,,,,,
8746,07/10/25 10:15:00,28.369,,,,,
8747,07/10/25 10:30:00,28.345,,,,,
8748,07/10/25 10:45:00,28.320,,,,,
8749,07/10/25 11:00:00,28.270,,,,,
8750,07/10/25 11:15:00,28.270,,,,,
8751,07/10/25 11:30:00,28.245,,,,,
8752,07/10/25 11:45:00,28.221,,,,,
8753,07/10/25 12:00:00,28.221,,,,,
8754,07/10/25 12:15:00,28.245,,,,,
8755,07/10/25 12:30:00,28.245,,,,,
8756,07/10/25 12:45:00,28.245,,,,,
8757,07/10/25 13:00:00,28.245,,,,,
8758,07/10/25 13:15:00,28.245,,,,,
8759,07/10/25 13:30:00,28.270,,,,,
8760,07/10/25 13:45:00,28.295,,,,,
8761,07/10/25 14:00:00,28.295,,,,,
8762,07/10/25 14:15:00,28.295,,,,,
8763,07/10/25 14:30:00,28.320,,,,,
8764,07/10/25 14:45:00,28.320,,,,,
8765,07/10/25 15:00:00,28.320,,,,,
8766,07/10/25 15:15:00,28.345,,,,,
8767,07/10/25 15:30:00,28.345,,,,,
8768,07/10/25 15:45:00,28.345,,,,,
8769,07/10/25 16:00:00,28.345,,,,,
8770,07/10/25 16:15:00,28.369,,,,,
8771,07/10/25 16:30:00,28.369,,,,,
8772,07/10/25 16:45:00,28.369,,,,,
8773,07/10/25 17:00:00,28.369,,,,,
8774,07/10/25 17:15:00,28.369,,,,,
8775,07/10/25 17:30:00,28.369,,,,,
8776,07/10/25 17:45:00,28.345,,,,,
8777,07/10/25 18:00:00,28.320,,,,,
8778,07/10/25 18:15:00,28.295,,,,,
8779,07/10/25 18:30:00,28.270,,,,,
8780,07/10/25 18:45:00,28.245,,,,,
8781,07/10/25 19:00:00,28.270,,,,,
8782,07/10/25 19:15:00,28.320,,,,,
8783,07/10/25 19:30:00,28.320,,,,,
8784,07/10/25 19:45:00,28.295,,,,,
8785,07/10/25 20:00:00,28.320,,,,,
8786,07/10/25 20:15:00,28.345,,,,,
8787,07/10/25 20:30:00,28.369,,,,,
8788,07/10/25 20:45:00,28.369,,,,,
8789,07/10/25 21:00:00,28.369,,,,,
8790,07/10/25 21:15:00,28.394,,,,,
8791,07/10/25 21:30:00,28.369,,,,,
8792,07/10/25 21:45:00,28.345,,,,,
8793,07/10/25 22:00:00,28.320,,,,,
8794,07/10/25 22:15:00,28.320,,,,,
8795,07/10/25 22:30:00,28.320,,,,,
8796,07/10/25 22:45:00,28.320,,,,,
8797,07/10/25 23:00:00,28.320,,,,,
8798,07/10/25 23:15:00,28.295,,,,,
8799,07/10/25 23:30:00,28.295,,,,,
8800,07/10/25 23:45:00,28.320,,,,,
8801,07/11/25 00:00:00,28.320,,,,,
8802,07/11/25 00:15:00,28.320,,,,,
8803,07/11/25 00:30:00,28.320,,,,,
8804,07/11/25 00:45:00,28.320,,,,,
8805,07/11/25 01:00:00,28.295,,,,,
8806,07/11/25 01:15:00,28.295,,,,,
8807,07/11/25 01:30:00,28.295,,,,,
8808,07/11/25 01:45:00,28.295,,,,,
8809,07/11/25 02:00:00,28.295,,,,,
8810,07/11/25 02:15:00,28.320,,,,,
8811,07/11/25 02:30:00,28.320,,,,,
8812,07/11/25 02:45:00,28.295,,,,,
8813,07/11/25 03:00:00,28.295,,,,,
8814,07/11/25 03:15:00,28.295,,,,,
8815,07/11/25 03:30:00,28.295,,,,,
8816,07/11/25 03:45:00,28.270,,,,,
8817,07/11/25 04:00:00,28.270,,,,,
8818,07/11/25 04:15:00,28.270,,,,,
8819,07/11/25 04:30:00,28.270,,,,,
8820,07/11/25 04:45:00,28.270,,,,,
8821,07/11/25 05:00:00,28.245,,,,,
8822,07/11/25 05:15:00,28.221,,,,,
8823,07/11/25 05:30:00,28.221,,,,,
8824,07/11/25 05:45:00,28.221,,,,,
8825,07/11/25 06:00:00,28.245,,,,,
8826,07/11/25 06:15:00,28.245,,,,,
8827,07/11/25 06:30:00,28.245,,,,,
8828,07/11/25 06:45:00,28.245,,,,,
8829,07/11/25 07:00:00,28.245,,,,,
8830,07/11/25 07:15:00,28.245,,,,,
8831,07/11/25 07:30:00,28.245,,,,,
8832,07/11/25 07:45:00,28.245,,,,,
8833,07/11/25 08:00:00,28.270,,,,,
8834,07/11/25 08:15:00,28.270,,,,,
8835,07/11/25 08:30:00,28.270,,,,,
8836,07/11/25 08:45:00,28.270,,,,,
8837,07/11/25 09:00:00,28.295,,,,,
8838,07/11/25 09:15:00,28.320,,,,,
8839,07/11/25 09:30:00,28.345,,,,,
8840,07/11/25 09:45:00,28.369,,,,,
8841,07/11/25 10:00:00,28.369,,,,,
8842,07/11/25 10:15:00,28.369,,,,,
8843,07/11/25 10:30:00,28.369,,,,,
8844,07/11/25 10:45:00,28.369,,,,,
8845,07/11/25 11:00:00,28.369,,,,,
8846,07/11/25 11:15:00,28.394,,,,,
8847,07/11/25 11:30:00,28.394,,,,,
8848,07/11/25 11:45:00,28.394,,,,,
8849,07/11/25 12:00:00,28.394,,,,,
8850,07/11/25 12:15:00,28.394,,,,,
8851,07/11/25 12:30:00,28.394,,,,,
8852,07/11/25 12:45:00,28.394,,,,,
8853,07/11/25 13:00:00,28.394,,,,,
8854,07/11/25 13:15:00,28.394,,,,,
8855,07/11/25 13:30:00,28.419,,,,,
8856,07/11/25 13:45:00,28.394,,,,,
8857,07/11/25 14:00:00,28.394,,,,,
8858,07/11/25 14:15:00,28.394,,,,,
8859,07/11/25 14:30:00,28.394,,,,,
8860,07/11/25 14:45:00,28.369,,,,,
8861,07/11/25 15:00:00,28.369,,,,,
8862,07/11/25 15:15:00,28.369,,,,,
8863,07/11/25 15:30:00,28.394,,,,,
8864,07/11/25 15:45:00,28.369,,,,,
8865,07/11/25 16:00:00,28.369,,,,,
8866,07/11/25 16:15:00,28.394,,,,,
8867,07/11/25 16:30:00,28.394,,,,,
8868,07/11/25 16:45:00,28.369,,,,,
8869,07/11/25 17:00:00,28.369,,,,,
8870,07/11/25 17:15:00,28.369,,,,,
8871,07/11/25 17:30:00,28.369,,,,,
8872,07/11/25 17:45:00,28.369,,,,,
8873,07/11/25 18:00:00,28.369,,,,,
8874,07/11/25 18:15:00,28.369,,,,,
8875,07/11/25 18:30:00,28.369,,,,,
8876,07/11/25 18:45:00,28.369,,,,,
8877,07/11/25 19:00:00,28.369,,,,,
8878,07/11/25 19:15:00,28.369,,,,,
8879,07/11/25 19:30:00,28.394,,,,,
8880,07/11/25 19:45:00,28.394,,,,,
8881,07/11/25 20:00:00,28.394,,,,,
8882,07/11/25 20:15:00,28.394,,,,,
8883,07/11/25 20:30:00,28.394,,,,,
8884,07/11/25 20:45:00,28.394,,,,,
8885,07/11/25 21:00:00,28.394,,,,,
8886,07/11/25 21:15:00,28.394,,,,,
8887,07/11/25 21:30:00,28.369,,,,,
8888,07/11/25 21:45:00,28.369,,,,,
8889,07/11/25 22:00:00,28.345,,,,,
8890,07/11/25 22:15:00,28.345,,,,,
8891,07/11/25 22:30:00,28.345,,,,,
8892,07/11/25 22:45:00,28.345,,,,,
8893,07/11/25 23:00:00,28.345,,,,,
8894,07/11/25 23:15:00,28.369,,,,,
8895,07/11/25 23:30:00,28.369,,,,,
8896,07/11/25 23:45:00,28.369,,,,,
8897,07/12/25 00:00:00,28.369,,,,,
8898,07/12/25 00:15:00,28.369,,,,,
8899,07/12/25 00:30:00,28.369,,,,,
8900,07/12/25 00:45:00,28.369,,,,,
8901,07/12/25 01:00:00,28.369,,,,,
8902,07/12/25 01:15:00,28.394,,,,,
8903,07/12/25 01:30:00,28.394,,,,,
8904,07/12/25 01:45:00,28.394,,,,,
8905,07/12/25 02:00:00,28.394,,,,,
8906,07/12/25 02:15:00,28.369,,,,,
8907,07/12/25 02:30:00,28.369,,,,,
8908,07/12/25 02:45:00,28.369,,,,,
8909,07/12/25 03:00:00,28.394,,,,,
8910,07/12/25 03:15:00,28.394,,,,,
8911,07/12/25 03:30:00,28.394,,,,,
8912,07/12/25 03:45:00,28.394,,,,,
8913,07/12/25 04:00:00,28.394,,,,,
8914,07/12/25 04:15:00,28.394,,,,,
8915,07/12/25 04:30:00,28.394,,,,,
8916,07/12/25 04:45:00,28.394,,,,,
8917,07/12/25 05:00:00,28.394,,,,,
8918,07/12/25 05:15:00,28.394,,,,,
8919,07/12/25 05:30:00,28.394,,,,,
8920,07/12/25 05:45:00,28.419,,,,,
8921,07/12/25 06:00:00,28.444,,,,,
8922,07/12/25 06:15:00,28.468,,,,,
8923,07/12/25 06:30:00,28.493,,,,,
8924,07/12/25 06:45:00,28.493,,,,,
8925,07/12/25 07:00:00,28.493,,,,,
8926,07/12/25 07:15:00,28.518,,,,,
8927,07/12/25 07:30:00,28.518,,,,,
8928,07/12/25 07:45:00,28.543,,,,,
8929,07/12/25 08:00:00,28.543,,,,,
8930,07/12/25 08:15:00,28.543,,,,,
8931,07/12/25 08:30:00,28.543,,,,,
8932,07/12/25 08:45:00,28.568,,,,,
8933,07/12/25 09:00:00,28.568,,,,,
8934,07/12/25 09:15:00,28.593,,,,,
8935,07/12/25 09:30:00,28.593,,,,,
8936,07/12/25 09:45:00,28.593,,,,,
8937,07/12/25 10:00:00,28.617,,,,,
8938,07/12/25 10:15:00,28.642,,,,,
8939,07/12/25 10:30:00,28.667,,,,,
8940,07/12/25 10:45:00,28.667,,,,,
8941,07/12/25 11:00:00,28.692,,,,,
8942,07/12/25 11:15:00,28.717,,,,,
8943,07/12/25 11:30:00,28.742,,,,,
8944,07/12/25 11:45:00,28.766,,,,,
8945,07/12/25 12:00:00,28.766,,,,,
8946,07/12/25 12:15:00,28.766,,,,,
8947,07/12/25 12:30:00,28.742,,,,,
8948,07/12/25 12:45:00,28.742,,,,,
8949,07/12/25 13:00:00,28.742,,,,,
8950,07/12/25 13:15:00,28.717,,,,,
8951,07/12/25 13:30:00,28.692,,,,,
8952,07/12/25 13:45:00,28.692,,,,,
8953,07/12/25 14:00:00,28.642,,,,,
8954,07/12/25 14:15:00,28.642,,,,,
8955,07/12/25 14:30:00,28.642,,,,,
8956,07/12/25 14:45:00,28.667,,,,,
8957,07/12/25 15:00:00,28.692,,,,,
8958,07/12/25 15:15:00,28.717,,,,,
8959,07/12/25 15:30:00,28.742,,,,,
8960,07/12/25 15:45:00,28.742,,,,,
8961,07/12/25 16:00:00,28.692,,,,,
8962,07/12/25 16:15:00,28.617,,,,,
8963,07/12/25 16:30:00,28.617,,,,,
8964,07/12/25 16:45:00,28.617,,,,,
8965,07/12/25 17:00:00,28.617,,,,,
8966,07/12/25 17:15:00,28.642,,,,,
8967,07/12/25 17:30:00,28.667,,,,,
8968,07/12/25 17:45:00,28.717,,,,,
8969,07/12/25 18:00:00,28.742,,,,,
8970,07/12/25 18:15:00,28.766,,,,,
8971,07/12/25 18:30:00,28.766,,,,,
8972,07/12/25 18:45:00,28.766,,,,,
8973,07/12/25 19:00:00,28.766,,,,,
8974,07/12/25 19:15:00,28.791,,,,,
8975,07/12/25 19:30:00,28.766,,,,,
8976,07/12/25 19:45:00,28.766,,,,,
8977,07/12/25 20:00:00,28.766,,,,,
8978,07/12/25 20:15:00,28.766,,,,,
8979,07/12/25 20:30:00,28.766,,,,,
8980,07/12/25 20:45:00,28.816,,,,,
8981,07/12/25 21:00:00,28.841,,,,,
8982,07/12/25 21:15:00,28.841,,,,,
8983,07/12/25 21:30:00,28.866,,,,,
8984,07/12/25 21:45:00,28.866,,,,,
8985,07/12/25 22:00:00,28.866,,,,,
8986,07/12/25 22:15:00,28.841,,,,,
8987,07/12/25 22:30:00,28.841,,,,,
8988,07/12/25 22:45:00,28.816,,,,,
8989,07/12/25 23:00:00,28.791,,,,,
8990,07/12/25 23:15:00,28.791,,,,,
8991,07/12/25 23:30:00,28.791,,,,,
8992,07/12/25 23:45:00,28.791,,,,,
8993,07/13/25 00:00:00,28.791,,,,,
8994,07/13/25 00:15:00,28.791,,,,,
8995,07/13/25 00:30:00,28.791,,,,,
8996,07/13/25 00:45:00,28.791,,,,,
8997,07/13/25 01:00:00,28.791,,,,,
8998,07/13/25 01:15:00,28.717,,,,,
8999,07/13/25 01:30:00,28.667,,,,,
9000,07/13/25 01:45:00,28.692,,,,,
9001,07/13/25 02:00:00,28.742,,,,,
9002,07/13/25 02:15:00,28.717,,,,,
9003,07/13/25 02:30:00,28.717,,,,,
9004,07/13/25 02:45:00,28.717,,,,,
9005,07/13/25 03:00:00,28.717,,,,,
9006,07/13/25 03:15:00,28.692,,,,,
9007,07/13/25 03:30:00,28.692,,,,,
9008,07/13/25 03:45:00,28.742,,,,,
9009,07/13/25 04:00:00,28.667,,,,,
9010,07/13/25 04:15:00,28.642,,,,,
9011,07/13/25 04:30:00,28.766,,,,,
9012,07/13/25 04:45:00,28.717,,,,,
9013,07/13/25 05:00:00,28.742,,,,,
9014,07/13/25 05:15:00,28.791,,,,,
9015,07/13/25 05:30:00,28.766,,,,,
9016,07/13/25 05:45:00,28.866,,,,,
9017,07/13/25 06:00:00,29.015,,,,,
9018,07/13/25 06:15:00,29.040,,,,,
9019,07/13/25 06:30:00,29.040,,,,,
9020,07/13/25 06:45:00,28.990,,,,,
9021,07/13/25 07:00:00,28.990,,,,,
9022,07/13/25 07:15:00,28.891,,,,,
9023,07/13/25 07:30:00,28.891,,,,,
9024,07/13/25 07:45:00,28.891,,,,,
9025,07/13/25 08:00:00,28.891,,,,,
9026,07/13/25 08:15:00,28.866,,,,,
9027,07/13/25 08:30:00,28.891,,,,,
9028,07/13/25 08:45:00,28.916,,,,,
9029,07/13/25 09:00:00,28.941,,,,,
9030,07/13/25 09:15:00,28.916,,,,,
9031,07/13/25 09:30:00,28.916,,,,,
9032,07/13/25 09:45:00,28.816,,,,,
9033,07/13/25 10:00:00,28.816,,,,,
9034,07/13/25 10:15:00,28.965,,,,,
9035,07/13/25 10:30:00,29.015,,,,,
9036,07/13/25 10:45:00,29.140,,,,,
9037,07/13/25 11:00:00,29.140,,,,,
9038,07/13/25 11:15:00,29.165,,,,,
9039,07/13/25 11:30:00,29.190,,,,,
9040,07/13/25 11:45:00,29.190,,,,,
9041,07/13/25 12:00:00,29.190,,,,,
9042,07/13/25 12:15:00,29.165,,,,,
9043,07/13/25 12:30:00,29.190,,,,,
9044,07/13/25 12:45:00,29.165,,,,,
9045,07/13/25 13:00:00,29.140,,,,,
9046,07/13/25 13:15:00,29.140,,,,,
9047,07/13/25 13:30:00,29.140,,,,,
9048,07/13/25 13:45:00,29.040,,,,,
9049,07/13/25 14:00:00,29.015,,,,,
9050,07/13/25 14:15:00,29.040,,,,,
9051,07/13/25 14:30:00,29.040,,,,,
9052,07/13/25 14:45:00,29.015,,,,,
9053,07/13/25 15:00:00,28.965,,,,,
9054,07/13/25 15:15:00,28.941,,,,,
9055,07/13/25 15:30:00,28.941,,,,,
9056,07/13/25 15:45:00,28.941,,,,,
9057,07/13/25 16:00:00,28.941,,,,,
9058,07/13/25 16:15:00,28.965,,,,,
9059,07/13/25 16:30:00,28.941,,,,,
9060,07/13/25 16:45:00,28.965,,,,,
9061,07/13/25 17:00:00,28.965,,,,,
9062,07/13/25 17:15:00,28.990,,,,,
9063,07/13/25 17:30:00,29.015,,,,,
9064,07/13/25 17:45:00,29.015,,,,,
9065,07/13/25 18:00:00,28.941,,,,,
9066,07/13/25 18:15:00,28.841,,,,,
9067,07/13/25 18:30:00,28.766,,,,,
9068,07/13/25 18:45:00,28.742,,,,,
9069,07/13/25 19:00:00,28.742,,,,,
9070,07/13/25 19:15:00,28.742,,,,,
9071,07/13/25 19:30:00,28.742,,,,,
9072,07/13/25 19:45:00,28.766,,,,,
9073,07/13/25 20:00:00,28.791,,,,,
9074,07/13/25 20:15:00,28.816,,,,,
9075,07/13/25 20:30:00,28.841,,,,,
9076,07/13/25 20:45:00,28.866,,,,,
9077,07/13/25 21:00:00,28.891,,,,,
9078,07/13/25 21:15:00,28.916,,,,,
9079,07/13/25 21:30:00,28.916,,,,,
9080,07/13/25 21:45:00,28.916,,,,,
9081,07/13/25 22:00:00,28.891,,,,,
9082,07/13/25 22:15:00,28.891,,,,,
9083,07/13/25 22:30:00,28.916,,,,,
9084,07/13/25 22:45:00,28.916,,,,,
9085,07/13/25 23:00:00,28.891,,,,,
9086,07/13/25 23:15:00,28.891,,,,,
9087,07/13/25 23:30:00,28.891,,,,,
9088,07/13/25 23:45:00,28.891,,,,,
9089,07/14/25 00:00:00,28.891,,,,,
9090,07/14/25 00:15:00,28.916,,,,,
9091,07/14/25 00:30:00,28.891,,,,,
9092,07/14/25 00:45:00,28.891,,,,,
9093,07/14/25 01:00:00,28.891,,,,,
9094,07/14/25 01:15:00,28.891,,,,,
9095,07/14/25 01:30:00,28.891,,,,,
9096,07/14/25 01:45:00,28.866,,,,,
9097,07/14/25 02:00:00,28.866,,,,,
9098,07/14/25 02:15:00,28.841,,,,,
9099,07/14/25 02:30:00,28.841,,,,,
9100,07/14/25 02:45:00,28.841,,,,,
9101,07/14/25 03:00:00,28.816,,,,,
9102,07/14/25 03:15:00,28.816,,,,,
9103,07/14/25 03:30:00,28.816,,,,,
9104,07/14/25 03:45:00,28.816,,,,,
9105,07/14/25 04:00:00,28.791,,,,,
9106,07/14/25 04:15:00,28.791,,,,,
9107,07/14/25 04:30:00,28.791,,,,,
9108,07/14/25 04:45:00,28.791,,,,,
9109,07/14/25 05:00:00,28.791,,,,,
9110,07/14/25 05:15:00,28.791,,,,,
9111,07/14/25 05:30:00,28.766,,,,,
9112,07/14/25 05:45:00,28.766,,,,,
9113,07/14/25 06:00:00,28.766,,,,,
9114,07/14/25 06:15:00,28.766,,,,,
9115,07/14/25 06:30:00,28.766,,,,,
9116,07/14/25 06:45:00,28.816,,,,,
9117,07/14/25 07:00:00,28.841,,,,,
9118,07/14/25 07:15:00,28.841,,,,,
9119,07/14/25 07:30:00,28.866,,,,,
9120,07/14/25 07:45:00,28.866,,,,,
9121,07/14/25 08:00:00,28.891,,,,,
9122,07/14/25 08:15:00,28.891,,,,,
9123,07/14/25 08:30:00,28.891,,,,,
9124,07/14/25 08:45:00,28.891,,,,,
9125,07/14/25 09:00:00,28.866,,,,,
9126,07/14/25 09:15:00,28.891,,,,,
9127,07/14/25 09:30:00,28.866,,,,,
9128,07/14/25 09:45:00,28.866,,,,,
9129,07/14/25 10:00:00,28.866,,,,,
9130,07/14/25 10:15:00,28.841,,,,,
9131,07/14/25 10:30:00,28.841,,,,,
9132,07/14/25 10:45:00,28.841,,,,,
9133,07/14/25 11:00:00,28.841,,,,,
9134,07/14/25 11:15:00,28.841,,,,,
9135,07/14/25 11:30:00,28.841,,,,,
9136,07/14/25 11:45:00,28.841,,,,,
9137,07/14/25 12:00:00,28.866,,,,,
9138,07/14/25 12:15:00,29.015,,,,,
9139,07/14/25 12:30:00,29.040,,,,,
9140,07/14/25 12:45:00,29.015,,,,,
9141,07/14/25 13:00:00,29.015,,,,,
9142,07/14/25 13:15:00,28.990,,,,,
9143,07/14/25 13:30:00,28.941,,,,,
9144,07/14/25 13:45:00,28.941,,,,,
9145,07/14/25 14:00:00,28.916,,,,,
9146,07/14/25 14:15:00,28.841,,,,,
9147,07/14/25 14:30:00,28.841,,,,,
9148,07/14/25 14:45:00,28.866,,,,,
9149,07/14/25 15:00:00,28.841,,,,,
9150,07/14/25 15:15:00,28.941,,,,,
9151,07/14/25 15:30:00,28.941,,,,,
9152,07/14/25 15:45:00,28.941,,,,,
9153,07/14/25 16:00:00,28.941,,,,,
9154,07/14/25 16:15:00,28.965,,,,,
9155,07/14/25 16:30:00,28.965,,,,,
9156,07/14/25 16:45:00,28.941,,,,,
9157,07/14/25 17:00:00,28.916,,,,,
9158,07/14/25 17:15:00,28.841,,,,,
9159,07/14/25 17:30:00,28.791,,,,,
9160,07/14/25 17:45:00,28.791,,,,,
9161,07/14/25 18:00:00,28.791,,,,,
9162,07/14/25 18:15:00,28.816,,,,,
9163,07/14/25 18:30:00,28.816,,,,,
9164,07/14/25 18:45:00,28.816,,,,,
9165,07/14/25 19:00:00,28.791,,,,,
9166,07/14/25 19:15:00,28.766,,,,,
9167,07/14/25 19:30:00,28.766,,,,,
9168,07/14/25 19:45:00,28.766,,,,,
9169,07/14/25 20:00:00,28.742,,,,,
9170,07/14/25 20:15:00,28.742,,,,,
9171,07/14/25 20:30:00,28.742,,,,,
9172,07/14/25 20:45:00,28.717,,,,,
9173,07/14/25 21:00:00,28.717,,,,,
9174,07/14/25 21:15:00,28.717,,,,,
9175,07/14/25 21:30:00,28.717,,,,,
9176,07/14/25 21:45:00,28.717,,,,,
9177,07/14/25 22:00:00,28.766,,,,,
9178,07/14/25 22:15:00,28.791,,,,,
9179,07/14/25 22:30:00,28.791,,,,,
9180,07/14/25 22:45:00,28.816,,,,,
9181,07/14/25 23:00:00,28.816,,,,,
9182,07/14/25 23:15:00,28.791,,,,,
9183,07/14/25 23:30:00,28.766,,,,,
9184,07/14/25 23:45:00,28.766,,,,,
9185,07/15/25 00:00:00,28.766,,,,,
9186,07/15/25 00:15:00,28.766,,,,,
9187,07/15/25 00:30:00,28.766,,,,,
9188,07/15/25 00:45:00,28.717,,,,,
9189,07/15/25 01:00:00,28.667,,,,,
9190,07/15/25 01:15:00,28.667,,,,,
9191,07/15/25 01:30:00,28.667,,,,,
9192,07/15/25 01:45:00,28.667,,,,,
9193,07/15/25 02:00:00,28.692,,,,,
9194,07/15/25 02:15:00,28.717,,,,,
9195,07/15/25 02:30:00,28.717,,,,,
9196,07/15/25 02:45:00,28.742,,,,,
9197,07/15/25 03:00:00,28.742,,,,,
9198,07/15/25 03:15:00,28.766,,,,,
9199,07/15/25 03:30:00,28.766,,,,,
9200,07/15/25 03:45:00,28.766,,,,,
9201,07/15/25 04:00:00,28.841,,,,,
9202,07/15/25 04:15:00,28.941,,,,,
9203,07/15/25 04:30:00,29.015,,,,,
9204,07/15/25 04:45:00,29.015,,,,,
9205,07/15/25 05:00:00,29.040,,,,,
9206,07/15/25 05:15:00,29.015,,,,,
9207,07/15/25 05:30:00,28.965,,,,,
9208,07/15/25 05:45:00,28.941,,,,,
9209,07/15/25 06:00:00,28.916,,,,,
9210,07/15/25 06:15:00,28.891,,,,,
9211,07/15/25 06:30:00,28.816,,,,,
9212,07/15/25 06:45:00,28.766,,,,,
9213,07/15/25 07:00:00,28.692,,,,,
9214,07/15/25 07:15:00,28.692,,,,,
9215,07/15/25 07:30:00,28.692,,,,,
9216,07/15/25 07:45:00,28.717,,,,,
9217,07/15/25 08:00:00,28.717,,,,,
9218,07/15/25 08:15:00,28.742,,,,,
9219,07/15/25 08:30:00,28.667,,,,,
9220,07/15/25 08:45:00,28.717,,,,,
9221,07/15/25 09:00:00,28.766,,,,,
9222,07/15/25 09:15:00,28.791,,,,,
9223,07/15/25 09:30:00,28.841,,,,,
9224,07/15/25 09:45:00,28.816,,,,,
9225,07/15/25 10:00:00,28.717,,,,,
9226,07/15/25 10:15:00,28.866,,,,,
9227,07/15/25 10:30:00,29.040,,,,,
9228,07/15/25 10:45:00,29.065,,,,,
9229,07/15/25 11:00:00,29.090,,,,,
9230,07/15/25 11:15:00,29.090,,,,,
9231,07/15/25 11:30:00,29.115,,,,,
9232,07/15/25 11:45:00,29.040,,,,,
9233,07/15/25 12:00:00,28.990,,,,,
9234,07/15/25 12:15:00,28.916,,,,,
9235,07/15/25 12:30:00,28.965,,,,,
9236,07/15/25 12:45:00,29.015,,,,,
9237,07/15/25 13:00:00,28.866,,,,,
9238,07/15/25 13:15:00,28.866,,,,,
9239,07/15/25 13:30:00,29.015,,,,,
9240,07/15/25 13:45:00,29.065,,,,,
9241,07/15/25 14:00:00,28.965,,,,,
9242,07/15/25 14:15:00,28.965,,,,,
9243,07/15/25 14:30:00,28.965,,,,,
9244,07/15/25 14:45:00,28.941,,,,,
9245,07/15/25 15:00:00,28.891,,,,,
9246,07/15/25 15:15:00,28.941,,,,,
9247,07/15/25 15:30:00,28.916,,,,,
9248,07/15/25 15:45:00,28.766,,,,,
9249,07/15/25 16:00:00,28.766,,,,,
9250,07/15/25 16:15:00,28.941,,,,,
9251,07/15/25 16:30:00,28.766,,,,,
9252,07/15/25 16:45:00,28.717,,,,,
9253,07/15/25 17:00:00,28.667,,,,,
9254,07/15/25 17:15:00,28.667,,,,,
9255,07/15/25 17:30:00,28.667,,,,,
9256,07/15/25 17:45:00,28.642,,,,,
9257,07/15/25 18:00:00,28.642,,,,,
9258,07/15/25 18:15:00,28.642,,,,,
9259,07/15/25 18:30:00,28.642,,,,,
9260,07/15/25 18:45:00,28.642,,,,,
9261,07/15/25 19:00:00,28.642,,,,,
9262,07/15/25 19:15:00,28.642,,,,,
9263,07/15/25 19:30:00,28.617,,,,,
9264,07/15/25 19:45:00,28.617,,,,,
9265,07/15/25 20:00:00,28.568,,,,,
9266,07/15/25 20:15:00,28.568,,,,,
9267,07/15/25 20:30:00,28.617,,,,,
9268,07/15/25 20:45:00,28.617,,,,,
9269,07/15/25 21:00:00,28.941,,,,,
9270,07/15/25 21:15:00,28.791,,,,,
9271,07/15/25 21:30:00,28.667,,,,,
9272,07/15/25 21:45:00,28.717,,,,,
9273,07/15/25 22:00:00,28.866,,,,,
9274,07/15/25 22:15:00,28.891,,,,,
9275,07/15/25 22:30:00,28.816,,,,,
9276,07/15/25 22:45:00,28.791,,,,,
9277,07/15/25 23:00:00,28.816,,,,,
9278,07/15/25 23:15:00,28.816,,,,,
9279,07/15/25 23:30:00,28.692,,,,,
9280,07/15/25 23:45:00,28.692,,,,,
9281,07/16/25 00:00:00,28.692,,,,,
9282,07/16/25 00:15:00,28.766,,,,,
9283,07/16/25 00:30:00,28.791,,,,,
9284,07/16/25 00:45:00,28.816,,,,,
9285,07/16/25 01:00:00,28.791,,,,,
9286,07/16/25 01:15:00,28.816,,,,,
9287,07/16/25 01:30:00,28.866,,,,,
9288,07/16/25 01:45:00,28.766,,,,,
9289,07/16/25 02:00:00,28.766,,,,,
9290,07/16/25 02:15:00,28.717,,,,,
9291,07/16/25 02:30:00,28.742,,,,,
9292,07/16/25 02:45:00,28.717,,,,,
9293,07/16/25 03:00:00,28.692,,,,,
9294,07/16/25 03:15:00,28.667,,,,,
9295,07/16/25 03:30:00,28.667,,,,,
9296,07/16/25 03:45:00,28.692,,,,,
9297,07/16/25 04:00:00,28.692,,,,,
9298,07/16/25 04:15:00,28.667,,,,,
9299,07/16/25 04:30:00,28.642,,,,,
9300,07/16/25 04:45:00,28.667,,,,,
9301,07/16/25 05:00:00,28.742,,,,,
9302,07/16/25 05:15:00,28.742,,,,,
9303,07/16/25 05:30:00,28.667,,,,,
9304,07/16/25 05:45:00,28.667,,,,,
9305,07/16/25 06:00:00,28.593,,,,,
9306,07/16/25 06:15:00,28.568,,,,,
9307,07/16/25 06:30:00,28.543,,,,,
9308,07/16/25 06:45:00,28.543,,,,,
9309,07/16/25 07:00:00,28.543,,,,,
9310,07/16/25 07:15:00,28.543,,,,,
9311,07/16/25 07:30:00,28.543,,,,,
9312,07/16/25 07:45:00,28.543,,,,,
9313,07/16/25 08:00:00,28.518,,,,,
9314,07/16/25 08:15:00,28.518,,,,,
9315,07/16/25 08:30:00,28.568,,,,,
9316,07/16/25 08:45:00,28.593,,,,,
9317,07/16/25 09:00:00,28.617,,,,,
9318,07/16/25 09:15:00,28.642,,,,,
9319,07/16/25 09:30:00,28.642,,,,,
9320,07/16/25 09:45:00,28.667,,,,,
9321,07/16/25 10:00:00,28.667,,,,,
9322,07/16/25 10:15:00,28.642,,,,,
9323,07/16/25 10:30:00,28.642,,,,,
9324,07/16/25 10:45:00,28.642,,,,,
9325,07/16/25 11:00:00,28.667,,,,,
9326,07/16/25 11:15:00,28.667,,,,,
9327,07/16/25 11:30:00,28.692,,,,,
9328,07/16/25 11:45:00,28.717,,,,,
9329,07/16/25 12:00:00,28.717,,,,,
9330,07/16/25 12:15:00,28.692,,,,,
9331,07/16/25 12:30:00,28.717,,,,,
9332,07/16/25 12:45:00,28.717,,,,,
9333,07/16/25 13:00:00,28.742,,,,,
9334,07/16/25 13:15:00,28.717,,,,,
9335,07/16/25 13:30:00,28.692,,,,,
9336,07/16/25 13:45:00,28.667,,,,,
9337,07/16/25 14:00:00,28.692,,,,,
9338,07/16/25 14:15:00,28.717,,,,,
9339,07/16/25 14:30:00,28.692,,,,,
9340,07/16/25 14:45:00,28.617,,,,,
9341,07/16/25 15:00:00,28.642,,,,,
9342,07/16/25 15:15:00,28.642,,,,,
9343,07/16/25 15:30:00,28.593,,,,,
9344,07/16/25 15:45:00,28.593,,,,,
9345,07/16/25 16:00:00,28.493,,,,,
9346,07/16/25 16:15:00,28.493,,,,,
9347,07/16/25 16:30:00,28.468,,,,,
9348,07/16/25 16:45:00,28.468,,,,,
9349,07/16/25 17:00:00,28.493,,,,,
9350,07/16/25 17:15:00,28.518,,,,,
9351,07/16/25 17:30:00,28.518,,,,,
9352,07/16/25 17:45:00,28.518,,,,,
9353,07/16/25 18:00:00,28.518,,,,,
9354,07/16/25 18:15:00,28.543,,,,,
9355,07/16/25 18:30:00,28.543,,,,,
9356,07/16/25 18:45:00,28.543,,,,,
9357,07/16/25 19:00:00,28.568,,,,,
9358,07/16/25 19:15:00,28.593,,,,,
9359,07/16/25 19:30:00,28.617,,,,,
9360,07/16/25 19:45:00,28.617,,,,,
9361,07/16/25 20:00:00,28.617,,,,,
9362,07/16/25 20:15:00,28.617,,,,,
9363,07/16/25 20:30:00,28.593,,,,,
9364,07/16/25 20:45:00,28.593,,,,,
9365,07/16/25 21:00:00,28.593,,,,,
9366,07/16/25 21:15:00,28.593,,,,,
9367,07/16/25 21:30:00,28.593,,,,,
9368,07/16/25 21:45:00,28.593,,,,,
9369,07/16/25 22:00:00,28.617,,,,,
9370,07/16/25 22:15:00,28.617,,,,,
9371,07/16/25 22:30:00,28.642,,,,,
9372,07/16/25 22:45:00,28.642,,,,,
9373,07/16/25 23:00:00,28.642,,,,,
9374,07/16/25 23:15:00,28.667,,,,,
9375,07/16/25 23:30:00,28.667,,,,,
9376,07/16/25 23:45:00,28.667,,,,,
9377,07/17/25 00:00:00,28.692,,,,,
9378,07/17/25 00:15:00,28.717,,,,,
9379,07/17/25 00:30:00,28.717,,,,,
9380,07/17/25 00:45:00,28.742,,,,,
9381,07/17/25 01:00:00,28.766,,,,,
9382,07/17/25 01:15:00,28.766,,,,,
9383,07/17/25 01:30:00,28.766,,,,,
9384,07/17/25 01:45:00,28.766,,,,,
9385,07/17/25 02:00:00,28.816,,,,,
9386,07/17/25 02:15:00,28.791,,,,,
9387,07/17/25 02:30:00,28.791,,,,,
9388,07/17/25 02:45:00,28.766,,,,,
9389,07/17/25 03:00:00,28.766,,,,,
9390,07/17/25 03:15:00,28.766,,,,,
9391,07/17/25 03:30:00,28.766,,,,,
9392,07/17/25 03:45:00,28.766,,,,,
9393,07/17/25 04:00:00,28.766,,,,,
9394,07/17/25 04:15:00,28.766,,,,,
9395,07/17/25 04:30:00,28.766,,,,,
9396,07/17/25 04:45:00,28.742,,,,,
9397,07/17/25 05:00:00,28.692,,,,,
9398,07/17/25 05:15:00,28.667,,,,,
9399,07/17/25 05:30:00,28.667,,,,,
9400,07/17/25 05:45:00,28.692,,,,,
9401,07/17/25 06:00:00,28.717,,,,,
9402,07/17/25 06:15:00,28.742,,,,,
9403,07/17/25 06:30:00,28.742,,,,,
9404,07/17/25 06:45:00,28.717,,,,,
9405,07/17/25 07:00:00,28.667,,,,,
9406,07/17/25 07:15:00,28.642,,,,,
9407,07/17/25 07:30:00,28.642,,,,,
9408,07/17/25 07:45:00,28.642,,,,,
9409,07/17/25 08:00:00,28.642,,,,,
9410,07/17/25 08:15:00,28.642,,,,,
9411,07/17/25 08:30:00,28.667,,,,,
9412,07/17/25 08:45:00,28.692,,,,,
9413,07/17/25 09:00:00,28.717,,,,,
9414,07/17/25 09:15:00,28.717,,,,,
9415,07/17/25 09:30:00,28.717,,,,,
9416,07/17/25 09:45:00,28.717,,,,,
9417,07/17/25 10:00:00,28.742,,,,,
9418,07/17/25 10:15:00,28.791,,,,,
9419,07/17/25 10:30:00,28.766,,,,,
9420,07/17/25 10:45:00,28.766,,,,,
9421,07/17/25 11:00:00,28.766,,,,,
9422,07/17/25 11:15:00,28.766,,,,,
9423,07/17/25 11:30:00,28.766,,,,,
9424,07/17/25 11:45:00,28.766,,,,,
9425,07/17/25 12:00:00,28.791,,,,,
9426,07/17/25 12:15:00,28.791,,,,,
9427,07/17/25 12:30:00,28.791,,,,,
9428,07/17/25 12:45:00,28.791,,,,,
9429,07/17/25 13:00:00,28.816,,,,,
9430,07/17/25 13:15:00,28.816,,,,,
9431,07/17/25 13:30:00,28.816,,,,,
9432,07/17/25 13:45:00,28.816,,,,,
9433,07/17/25 14:00:00,28.816,,,,,
9434,07/17/25 14:15:00,28.816,,,,,
9435,07/17/25 14:30:00,28.816,,,,,
9436,07/17/25 14:45:00,28.816,,,,,
9437,07/17/25 15:00:00,28.816,,,,,
9438,07/17/25 15:15:00,28.816,,,,,
9439,07/17/25 15:30:00,28.816,,,,,
9440,07/17/25 15:45:00,28.816,,,,,
9441,07/17/25 16:00:00,28.816,,,,,
9442,07/17/25 16:15:00,28.816,,,,,
9443,07/17/25 16:30:00,28.791,,,,,
9444,07/17/25 16:45:00,28.891,,,,,
9445,07/17/25 17:00:00,28.965,,,,,
9446,07/17/25 17:15:00,28.841,,,,,
9447,07/17/25 17:30:00,28.791,,,,,
9448,07/17/25 17:45:00,28.791,,,,,
9449,07/17/25 18:00:00,28.791,,,,,
9450,07/17/25 18:15:00,28.791,,,,,
9451,07/17/25 18:30:00,28.791,,,,,
9452,07/17/25 18:45:00,28.791,,,,,
9453,07/17/25 19:00:00,28.791,,,,,
9454,07/17/25 19:15:00,28.766,,,,,
9455,07/17/25 19:30:00,28.766,,,,,
9456,07/17/25 19:45:00,28.766,,,,,
9457,07/17/25 20:00:00,28.766,,,,,
9458,07/17/25 20:15:00,28.766,,,,,
9459,07/17/25 20:30:00,28.766,,,,,
9460,07/17/25 20:45:00,28.766,,,,,
9461,07/17/25 21:00:00,28.766,,,,,
9462,07/17/25 21:15:00,28.766,,,,,
9463,07/17/25 21:30:00,28.766,,,,,
9464,07/17/25 21:45:00,28.766,,,,,
9465,07/17/25 22:00:00,28.791,,,,,
9466,07/17/25 22:15:00,28.791,,,,,
9467,07/17/25 22:30:00,28.791,,,,,
9468,07/17/25 22:45:00,28.791,,,,,
9469,07/17/25 23:00:00,28.791,,,,,
9470,07/17/25 23:15:00,28.791,,,,,
9471,07/17/25 23:30:00,28.791,,,,,
9472,07/17/25 23:45:00,28.791,,,,,
9473,07/18/25 00:00:00,28.841,,,,,
9474,07/18/25 00:15:00,28.841,,,,,
9475,07/18/25 00:30:00,28.866,,,,,
9476,07/18/25 00:45:00,28.941,,,,,
9477,07/18/25 01:00:00,28.941,,,,,
9478,07/18/25 01:15:00,28.941,,,,,
9479,07/18/25 01:30:00,29.015,,,,,
9480,07/18/25 01:45:00,29.040,,,,,
9481,07/18/25 02:00:00,29.065,,,,,
9482,07/18/25 02:15:00,29.015,,,,,
9483,07/18/25 02:30:00,28.965,,,,,
9484,07/18/25 02:45:00,28.941,,,,,
9485,07/18/25 03:00:00,28.916,,,,,
9486,07/18/25 03:15:00,28.891,,,,,
9487,07/18/25 03:30:00,28.891,,,,,
9488,07/18/25 03:45:00,28.916,,,,,
9489,07/18/25 04:00:00,28.891,,,,,
9490,07/18/25 04:15:00,28.866,,,,,
9491,07/18/25 04:30:00,28.891,,,,,
9492,07/18/25 04:45:00,28.866,,,,,
9493,07/18/25 05:00:00,28.866,,,,,
9494,07/18/25 05:15:00,28.816,,,,,
9495,07/18/25 05:30:00,28.791,,,,,
9496,07/18/25 05:45:00,28.791,,,,,
9497,07/18/25 06:00:00,28.742,,,,,
9498,07/18/25 06:15:00,28.717,,,,,
9499,07/18/25 06:30:00,28.692,,,,,
9500,07/18/25 06:45:00,28.692,,,,,
9501,07/18/25 07:00:00,28.692,,,,,
9502,07/18/25 07:15:00,28.692,,,,,
9503,07/18/25 07:30:00,28.692,,,,,
9504,07/18/25 07:45:00,28.667,,,,,
9505,07/18/25 08:00:00,28.667,,,,,
9506,07/18/25 08:15:00,28.692,,,,,
9507,07/18/25 08:30:00,28.692,,,,,
9508,07/18/25 08:45:00,28.692,,,,,
9509,07/18/25 09:00:00,28.692,,,,,
9510,07/18/25 09:15:00,28.692,,,,,
9511,07/18/25 09:30:00,28.717,,,,,
9512,07/18/25 09:45:00,28.791,,,,,
9513,07/18/25 10:00:00,28.816,,,,,
9514,07/18/25 10:15:00,28.866,,,,,
9515,07/18/25 10:30:00,28.916,,,,,
9516,07/18/25 10:45:00,28.941,,,,,
9517,07/18/25 11:00:00,28.965,,,,,
9518,07/18/25 11:15:00,28.990,,,,,
9519,07/18/25 11:30:00,29.015,,,,,
9520,07/18/25 11:45:00,29.015,,,,,
9521,07/18/25 12:00:00,29.015,,,,,
9522,07/18/25 12:15:00,29.040,,,,,
9523,07/18/25 12:30:00,29.040,,,,,
9524,07/18/25 12:45:00,29.040,,,,,
9525,07/18/25 13:00:00,29.040,,,,,
9526,07/18/25 13:15:00,29.090,,,,,
9527,07/18/25 13:30:00,29.115,,,,,
9528,07/18/25 13:45:00,29.165,,,,,
9529,07/18/25 14:00:00,29.190,,,,,
9530,07/18/25 14:15:00,29.215,,,,,
9531,07/18/25 14:30:00,29.240,,,,,
9532,07/18/25 14:45:00,29.290,,,,,
9533,07/18/25 15:00:00,29.140,,,,,
9534,07/18/25 15:15:00,29.140,,,,,
9535,07/18/25 15:30:00,28.941,,,,,
9536,07/18/25 15:45:00,28.891,,,,,
9537,07/18/25 16:00:00,28.916,,,,,
9538,07/18/25 16:15:00,28.941,,,,,
9539,07/18/25 16:30:00,28.965,,,,,
9540,07/18/25 16:45:00,28.941,,,,,
9541,07/18/25 17:00:00,28.916,,,,,
9542,07/18/25 17:15:00,28.891,,,,,
9543,07/18/25 17:30:00,28.866,,,,,
9544,07/18/25 17:45:00,28.866,,,,,
9545,07/18/25 18:00:00,28.866,,,,,
9546,07/18/25 18:15:00,28.916,,,,,
9547,07/18/25 18:30:00,28.891,,,,,
9548,07/18/25 18:45:00,28.965,,,,,
9549,07/18/25 19:00:00,28.916,,,,,
9550,07/18/25 19:15:00,28.916,,,,,
9551,07/18/25 19:30:00,28.891,,,,,
9552,07/18/25 19:45:00,28.916,,,,,
9553,07/18/25 20:00:00,28.965,,,,,
9554,07/18/25 20:15:00,28.941,,,,,
9555,07/18/25 20:30:00,28.916,,,,,
9556,07/18/25 20:45:00,28.916,,,,,
9557,07/18/25 21:00:00,28.891,,,,,
9558,07/18/25 21:15:00,28.891,,,,,
9559,07/18/25 21:30:00,28.941,,,,,
9560,07/18/25 21:45:00,29.140,,,,,
9561,07/18/25 22:00:00,29.015,,,,,
9562,07/18/25 22:15:00,28.990,,,,,
9563,07/18/25 22:30:00,28.965,,,,,
9564,07/18/25 22:45:00,28.916,,,,,
9565,07/18/25 23:00:00,28.891,,,,,
9566,07/18/25 23:15:00,28.891,,,,,
9567,07/18/25 23:30:00,28.866,,,,,
9568,07/18/25 23:45:00,28.891,,,,,
9569,07/19/25 00:00:00,28.916,,,,,
9570,07/19/25 00:15:00,28.891,,,,,
9571,07/19/25 00:30:00,28.891,,,,,
9572,07/19/25 00:45:00,28.916,,,,,
9573,07/19/25 01:00:00,28.891,,,,,
9574,07/19/25 01:15:00,28.891,,,,,
9575,07/19/25 01:30:00,28.891,,,,,
9576,07/19/25 01:45:00,28.916,,,,,
9577,07/19/25 02:00:00,28.916,,,,,
9578,07/19/25 02:15:00,28.916,,,,,
9579,07/19/25 02:30:00,28.916,,,,,
9580,07/19/25 02:45:00,28.916,,,,,
9581,07/19/25 03:00:00,28.916,,,,,
9582,07/19/25 03:15:00,28.916,,,,,
9583,07/19/25 03:30:00,28.916,,,,,
9584,07/19/25 03:45:00,28.916,,,,,
9585,07/19/25 04:00:00,29.215,,,,,
9586,07/19/25 04:15:00,29.040,,,,,
9587,07/19/25 04:30:00,29.015,,,,,
9588,07/19/25 04:45:00,29.115,,,,,
9589,07/19/25 05:00:00,29.265,,,,,
9590,07/19/25 05:15:00,29.315,,,,,
9591,07/19/25 05:30:00,29.265,,,,,
9592,07/19/25 05:45:00,29.240,,,,,
9593,07/19/25 06:00:00,29.190,,,,,
9594,07/19/25 06:15:00,29.190,,,,,
9595,07/19/25 06:30:00,29.190,,,,,
9596,07/19/25 06:45:00,29.215,,,,,
9597,07/19/25 07:00:00,29.190,,,,,
9598,07/19/25 07:15:00,29.190,,,,,
9599,07/19/25 07:30:00,29.190,,,,,
9600,07/19/25 07:45:00,29.165,,,,,
9601,07/19/25 08:00:00,29.165,,,,,
9602,07/19/25 08:15:00,29.165,,,,,
9603,07/19/25 08:30:00,29.165,,,,,
9604,07/19/25 08:45:00,29.115,,,,,
9605,07/19/25 09:00:00,29.015,,,,,
9606,07/19/25 09:15:00,29.015,,,,,
9607,07/19/25 09:30:00,29.040,,,,,
9608,07/19/25 09:45:00,29.065,,,,,
9609,07/19/25 10:00:00,29.065,,,,,
9610,07/19/25 10:15:00,29.065,,,,,
9611,07/19/25 10:30:00,29.040,,,,,
9612,07/19/25 10:45:00,29.040,,,,,
9613,07/19/25 11:00:00,29.015,,,,,
9614,07/19/25 11:15:00,28.990,,,,,
9615,07/19/25 11:30:00,28.965,,,,,
9616,07/19/25 11:45:00,28.965,,,,,
9617,07/19/25 12:00:00,28.965,,,,,
9618,07/19/25 12:15:00,28.965,,,,,
9619,07/19/25 12:30:00,28.965,,,,,
9620,07/19/25 12:45:00,28.965,,,,,
9621,07/19/25 13:00:00,28.965,,,,,
9622,07/19/25 13:15:00,28.941,,,,,
9623,07/19/25 13:30:00,28.941,,,,,
9624,07/19/25 13:45:00,28.965,,,,,
9625,07/19/25 14:00:00,28.941,,,,,
9626,07/19/25 14:15:00,28.941,,,,,
9627,07/19/25 14:30:00,28.965,,,,,
9628,07/19/25 14:45:00,28.941,,,,,
9629,07/19/25 15:00:00,28.941,,,,,
9630,07/19/25 15:15:00,28.916,,,,,
9631,07/19/25 15:30:00,28.916,,,,,
9632,07/19/25 15:45:00,28.916,,,,,
9633,07/19/25 16:00:00,28.916,,,,,
9634,07/19/25 16:15:00,28.916,,,,,
9635,07/19/25 16:30:00,28.916,,,,,
9636,07/19/25 16:45:00,28.916,,,,,
9637,07/19/25 17:00:00,28.916,,,,,
9638,07/19/25 17:15:00,28.916,,,,,
9639,07/19/25 17:30:00,28.916,,,,,
9640,07/19/25 17:45:00,28.916,,,,,
9641,07/19/25 18:00:00,28.891,,,,,
9642,07/19/25 18:15:00,28.891,,,,,
9643,07/19/25 18:30:00,28.866,,,,,
9644,07/19/25 18:45:00,28.866,,,,,
9645,07/19/25 19:00:00,28.866,,,,,
9646,07/19/25 19:15:00,28.891,,,,,
9647,07/19/25 19:30:00,28.866,,,,,
9648,07/19/25 19:45:00,28.866,,,,,
9649,07/19/25 20:00:00,28.866,,,,,
9650,07/19/25 20:15:00,28.866,,,,,
9651,07/19/25 20:30:00,28.866,,,,,
9652,07/19/25 20:45:00,28.866,,,,,
9653,07/19/25 21:00:00,28.866,,,,,
9654,07/19/25 21:15:00,28.866,,,,,
9655,07/19/25 21:30:00,28.866,,,,,
9656,07/19/25 21:45:00,28.866,,,,,
9657,07/19/25 22:00:00,28.866,,,,,
9658,07/19/25 22:15:00,28.866,,,,,
9659,07/19/25 22:30:00,28.866,,,,,
9660,07/19/25 22:45:00,28.866,,,,,
9661,07/19/25 23:00:00,28.866,,,,,
9662,07/19/25 23:15:00,28.866,,,,,
9663,07/19/25 23:30:00,28.866,,,,,
9664,07/19/25 23:45:00,28.891,,,,,
9665,07/20/25 00:00:00,28.891,,,,,
9666,07/20/25 00:15:00,28.891,,,,,
9667,07/20/25 00:30:00,28.891,,,,,
9668,07/20/25 00:45:00,28.866,,,,,
9669,07/20/25 01:00:00,28.866,,,,,
9670,07/20/25 01:15:00,28.891,,,,,
9671,07/20/25 01:30:00,28.891,,,,,
9672,07/20/25 01:45:00,28.891,,,,,
9673,07/20/25 02:00:00,28.891,,,,,
9674,07/20/25 02:15:00,28.891,,,,,
9675,07/20/25 02:30:00,28.891,,,,,
9676,07/20/25 02:45:00,28.891,,,,,
9677,07/20/25 03:00:00,28.916,,,,,
9678,07/20/25 03:15:00,28.941,,,,,
9679,07/20/25 03:30:00,28.941,,,,,
9680,07/20/25 03:45:00,28.941,,,,,
9681,07/20/25 04:00:00,28.941,,,,,
9682,07/20/25 04:15:00,28.941,,,,,
9683,07/20/25 04:30:00,28.941,,,,,
9684,07/20/25 04:45:00,28.941,,,,,
9685,07/20/25 05:00:00,28.941,,,,,
9686,07/20/25 05:15:00,28.941,,,,,
9687,07/20/25 05:30:00,28.965,,,,,
9688,07/20/25 05:45:00,28.965,,,,,
9689,07/20/25 06:00:00,29.090,,,,,
9690,07/20/25 06:15:00,29.140,,,,,
9691,07/20/25 06:30:00,29.140,,,,,
9692,07/20/25 06:45:00,29.165,,,,,
9693,07/20/25 07:00:00,29.165,,,,,
9694,07/20/25 07:15:00,29.140,,,,,
9695,07/20/25 07:30:00,29.115,,,,,
9696,07/20/25 07:45:00,29.115,,,,,
9697,07/20/25 08:00:00,29.115,,,,,
9698,07/20/25 08:15:00,29.140,,,,,
9699,07/20/25 08:30:00,29.140,,,,,
9700,07/20/25 08:45:00,29.140,,,,,
9701,07/20/25 09:00:00,29.140,,,,,
9702,07/20/25 09:15:00,29.140,,,,,
9703,07/20/25 09:30:00,29.165,,,,,
9704,07/20/25 09:45:00,29.165,,,,,
9705,07/20/25 10:00:00,29.165,,,,,
9706,07/20/25 10:15:00,29.115,,,,,
9707,07/20/25 10:30:00,29.065,,,,,
9708,07/20/25 10:45:00,29.040,,,,,
9709,07/20/25 11:00:00,29.040,,,,,
9710,07/20/25 11:15:00,29.040,,,,,
9711,07/20/25 11:30:00,28.990,,,,,
9712,07/20/25 11:45:00,28.990,,,,,
9713,07/20/25 12:00:00,28.990,,,,,
9714,07/20/25 12:15:00,29.015,,,,,
9715,07/20/25 12:30:00,29.040,,,,,
9716,07/20/25 12:45:00,29.040,,,,,
9717,07/20/25 13:00:00,29.040,,,,,
9718,07/20/25 13:15:00,29.040,,,,,
9719,07/20/25 13:30:00,29.015,,,,,
9720,07/20/25 13:45:00,29.015,,,,,
9721,07/20/25 14:00:00,28.990,,,,,
9722,07/20/25 14:15:00,28.990,,,,,
9723,07/20/25 14:30:00,28.965,,,,,
9724,07/20/25 14:45:00,28.941,,,,,
9725,07/20/25 15:00:00,28.965,,,,,
9726,07/20/25 15:15:00,28.965,,,,,
9727,07/20/25 15:30:00,28.965,,,,,
9728,07/20/25 15:45:00,28.965,,,,,
9729,07/20/25 16:00:00,28.965,,,,,
9730,07/20/25 16:15:00,28.965,,,,,
9731,07/20/25 16:30:00,28.965,,,,,
9732,07/20/25 16:45:00,28.965,,,,,
9733,07/20/25 17:00:00,28.965,,,,,
9734,07/20/25 17:15:00,28.965,,,,,
9735,07/20/25 17:30:00,28.965,,,,,
9736,07/20/25 17:45:00,28.941,,,,,
9737,07/20/25 18:00:00,28.941,,,,,
9738,07/20/25 18:15:00,28.941,,,,,
9739,07/20/25 18:30:00,28.941,,,,,
9740,07/20/25 18:45:00,28.941,,,,,
9741,07/20/25 19:00:00,28.941,,,,,
9742,07/20/25 19:15:00,28.941,,,,,
9743,07/20/25 19:30:00,28.941,,,,,
9744,07/20/25 19:45:00,28.941,,,,,
9745,07/20/25 20:00:00,28.941,,,,,
9746,07/20/25 20:15:00,28.941,,,,,
9747,07/20/25 20:30:00,28.941,,,,,
9748,07/20/25 20:45:00,28.941,,,,,
9749,07/20/25 21:00:00,28.941,,,,,
9750,07/20/25 21:15:00,28.941,,,,,
9751,07/20/25 21:30:00,28.941,,,,,
9752,07/20/25 21:45:00,28.916,,,,,
9753,07/20/25 22:00:00,28.916,,,,,
9754,07/20/25 22:15:00,28.916,,,,,
9755,07/20/25 22:30:00,28.916,,,,,
9756,07/20/25 22:45:00,28.916,,,,,
9757,07/20/25 23:00:00,28.916,,,,,
9758,07/20/25 23:15:00,28.916,,,,,
9759,07/20/25 23:30:00,28.916,,,,,
9760,07/20/25 23:45:00,28.916,,,,,
9761,07/21/25 00:00:00,28.916,,,,,
9762,07/21/25 00:15:00,28.891,,,,,
9763,07/21/25 00:30:00,28.891,,,,,
9764,07/21/25 00:45:00,28.891,,,,,
9765,07/21/25 01:00:00,28.916,,,,,
9766,07/21/25 01:15:00,28.891,,,,,
9767,07/21/25 01:30:00,28.891,,,,,
9768,07/21/25 01:45:00,28.891,,,,,
9769,07/21/25 02:00:00,28.891,,,,,
9770,07/21/25 02:15:00,28.891,,,,,
9771,07/21/25 02:30:00,28.891,,,,,
9772,07/21/25 02:45:00,28.891,,,,,
9773,07/21/25 03:00:00,28.891,,,,,
9774,07/21/25 03:15:00,28.891,,,,,
9775,07/21/25 03:30:00,28.891,,,,,
9776,07/21/25 03:45:00,28.891,,,,,
9777,07/21/25 04:00:00,28.891,,,,,
9778,07/21/25 04:15:00,28.891,,,,,
9779,07/21/25 04:30:00,28.916,,,,,
9780,07/21/25 04:45:00,28.941,,,,,
9781,07/21/25 05:00:00,28.965,,,,,
9782,07/21/25 05:15:00,28.965,,,,,
9783,07/21/25 05:30:00,28.990,,,,,
9784,07/21/25 05:45:00,28.965,,,,,
9785,07/21/25 06:00:00,28.965,,,,,
9786,07/21/25 06:15:00,28.941,,,,,
9787,07/21/25 06:30:00,28.916,,,,,
9788,07/21/25 06:45:00,28.916,,,,,
9789,07/21/25 07:00:00,28.891,,,,,
9790,07/21/25 07:15:00,28.891,,,,,
9791,07/21/25 07:30:00,28.891,,,,,
9792,07/21/25 07:45:00,28.891,,,,,
9793,07/21/25 08:00:00,28.891,,,,,
9794,07/21/25 08:15:00,28.891,,,,,
9795,07/21/25 08:30:00,28.891,,,,,
9796,07/21/25 08:45:00,28.891,,,,,
9797,07/21/25 09:00:00,28.916,,,,,
9798,07/21/25 09:15:00,28.916,,,,,
9799,07/21/25 09:30:00,28.916,,,,,
9800,07/21/25 09:45:00,28.891,,,,,
9801,07/21/25 10:00:00,28.891,,,,,
9802,07/21/25 10:15:00,28.941,,,,,
9803,07/21/25 10:30:00,28.965,,,,,
9804,07/21/25 10:45:00,28.990,,,,,
9805,07/21/25 11:00:00,28.990,,,,,
9806,07/21/25 11:15:00,28.990,,,,,
9807,07/21/25 11:30:00,28.965,,,,,
9808,07/21/25 11:45:00,28.990,,,,,
9809,07/21/25 12:00:00,28.990,,,,,
9810,07/21/25 12:15:00,29.015,,,,,
9811,07/21/25 12:30:00,29.015,,,,,
9812,07/21/25 12:45:00,29.040,,,,,
9813,07/21/25 13:00:00,29.065,,,,,
9814,07/21/25 13:15:00,29.065,,,,,
9815,07/21/25 13:30:00,29.090,,,,,
9816,07/21/25 13:45:00,29.065,,,,,
9817,07/21/25 14:00:00,29.090,,,,,
9818,07/21/25 14:15:00,29.040,,,,,
9819,07/21/25 14:30:00,29.015,,,,,
9820,07/21/25 14:45:00,29.040,,,,,
9821,07/21/25 15:00:00,29.090,,,,,
9822,07/21/25 15:15:00,29.115,,,,,
9823,07/21/25 15:30:00,29.140,,,,,
9824,07/21/25 15:45:00,29.140,,,,,
9825,07/21/25 16:00:00,29.165,,,,,
9826,07/21/25 16:15:00,29.190,,,,,
9827,07/21/25 16:30:00,29.190,,,,,
9828,07/21/25 16:45:00,29.165,,,,,
9829,07/21/25 17:00:00,29.140,,,,,
9830,07/21/25 17:15:00,29.040,,,,,
9831,07/21/25 17:30:00,29.115,,,,,
9832,07/21/25 17:45:00,29.215,,,,,
9833,07/21/25 18:00:00,29.215,,,,,
9834,07/21/25 18:15:00,29.215,,,,,
9835,07/21/25 18:30:00,29.090,,,,,
9836,07/21/25 18:45:00,28.990,,,,,
9837,07/21/25 19:00:00,29.015,,,,,
9838,07/21/25 19:15:00,29.040,,,,,
9839,07/21/25 19:30:00,29.040,,,,,
9840,07/21/25 19:45:00,29.040,,,,,
9841,07/21/25 20:00:00,29.015,,,,,
9842,07/21/25 20:15:00,29.015,,,,,
9843,07/21/25 20:30:00,28.990,,,,,
9844,07/21/25 20:45:00,28.990,,,,,
9845,07/21/25 21:00:00,29.015,,,,,
9846,07/21/25 21:15:00,28.990,,,,,
9847,07/21/25 21:30:00,28.990,,,,,
9848,07/21/25 21:45:00,28.965,,,,,
9849,07/21/25 22:00:00,28.965,,,,,
9850,07/21/25 22:15:00,28.965,,,,,
9851,07/21/25 22:30:00,28.965,,,,,
9852,07/21/25 22:45:00,28.941,,,,,
9853,07/21/25 23:00:00,28.941,,,,,
9854,07/21/25 23:15:00,28.965,,,,,
9855,07/21/25 23:30:00,28.965,,,,,
9856,07/21/25 23:45:00,28.965,,,,,
9857,07/22/25 00:00:00,28.965,,,,,
9858,07/22/25 00:15:00,28.965,,,,,
9859,07/22/25 00:30:00,28.965,,,,,
9860,07/22/25 00:45:00,28.941,,,,,
9861,07/22/25 01:00:00,28.941,,,,,
9862,07/22/25 01:15:00,28.941,,,,,
9863,07/22/25 01:30:00,28.965,,,,,
9864,07/22/25 01:45:00,28.941,,,,,
9865,07/22/25 02:00:00,28.916,,,,,
9866,07/22/25 02:15:00,28.891,,,,,
9867,07/22/25 02:30:00,28.866,,,,,
9868,07/22/25 02:45:00,28.866,,,,,
9869,07/22/25 03:00:00,28.866,,,,,
9870,07/22/25 03:15:00,28.841,,,,,
9871,07/22/25 03:30:00,28.841,,,,,
9872,07/22/25 03:45:00,28.841,,,,,
9873,07/22/25 04:00:00,28.841,,,,,
9874,07/22/25 04:15:00,28.841,,,,,
9875,07/22/25 04:30:00,28.841,,,,,
9876,07/22/25 04:45:00,28.841,,,,,
9877,07/22/25 05:00:00,28.841,,,,,
9878,07/22/25 05:15:00,28.841,,,,,
9879,07/22/25 05:30:00,28.841,,,,,
9880,07/22/25 05:45:00,28.816,,,,,
9881,07/22/25 06:00:00,28.816,,,,,
9882,07/22/25 06:15:00,28.816,,,,,
9883,07/22/25 06:30:00,28.816,,,,,
9884,07/22/25 06:45:00,28.816,,,,,
9885,07/22/25 07:00:00,28.841,,,,,
9886,07/22/25 07:15:00,28.816,,,,,
9887,07/22/25 07:30:00,28.841,,,,,
9888,07/22/25 07:45:00,28.841,,,,,
9889,07/22/25 08:00:00,28.841,,,,,
9890,07/22/25 08:15:00,28.841,,,,,
9891,07/22/25 08:30:00,28.841,,,,,
9892,07/22/25 08:45:00,28.841,,,,,
9893,07/22/25 09:00:00,28.866,,,,,
9894,07/22/25 09:15:00,28.916,,,,,
9895,07/22/25 09:30:00,28.965,,,,,
9896,07/22/25 09:45:00,28.990,,,,,
9897,07/22/25 10:00:00,28.916,,,,,
9898,07/22/25 10:15:00,28.866,,,,,
9899,07/22/25 10:30:00,28.866,,,,,
9900,07/22/25 10:45:00,28.965,,,,,
9901,07/22/25 11:00:00,28.941,,,,,
9902,07/22/25 11:15:00,29.015,,,,,
9903,07/22/25 11:30:00,29.140,,,,,
9904,07/22/25 11:45:00,29.065,,,,,
9905,07/22/25 12:00:00,29.015,,,,,
9906,07/22/25 12:15:00,28.891,,,,,
9907,07/22/25 12:30:00,28.866,,,,,
9908,07/22/25 12:45:00,28.866,,,,,
9909,07/22/25 13:00:00,28.866,,,,,
9910,07/22/25 13:15:00,28.866,,,,,
9911,07/22/25 13:30:00,28.891,,,,,
9912,07/22/25 13:45:00,28.891,,,,,
9913,07/22/25 14:00:00,28.891,,,,,
9914,07/22/25 14:15:00,28.866,,,,,
9915,07/22/25 14:30:00,28.866,,,,,
9916,07/22/25 14:45:00,28.866,,,,,
9917,07/22/25 15:00:00,28.841,,,,,
9918,07/22/25 15:15:00,28.841,,,,,
9919,07/22/25 15:30:00,28.841,,,,,
9920,07/22/25 15:45:00,28.841,,,,,
9921,07/22/25 16:00:00,28.841,,,,,
9922,07/22/25 16:15:00,28.866,,,,,
9923,07/22/25 16:30:00,28.866,,,,,
9924,07/22/25 16:45:00,28.866,,,,,
9925,07/22/25 17:00:00,28.866,,,,,
9926,07/22/25 17:15:00,28.866,,,,,
9927,07/22/25 17:30:00,28.866,,,,,
9928,07/22/25 17:45:00,28.866,,,,,
9929,07/22/25 18:00:00,28.866,,,,,
9930,07/22/25 18:15:00,28.866,,,,,
9931,07/22/25 18:30:00,28.866,,,,,
9932,07/22/25 18:45:00,28.866,,,,,
9933,07/22/25 19:00:00,28.866,,,,,
9934,07/22/25 19:15:00,28.866,,,,,
9935,07/22/25 19:30:00,28.866,,,,,
9936,07/22/25 19:45:00,28.866,,,,,
9937,07/22/25 20:00:00,28.866,,,,,
9938,07/22/25 20:15:00,28.866,,,,,
9939,07/22/25 20:30:00,28.866,,,,,
9940,07/22/25 20:45:00,28.841,,,,,
9941,07/22/25 21:00:00,28.866,,,,,
9942,07/22/25 21:15:00,28.916,,,,,
9943,07/22/25 21:30:00,28.866,,,,,
9944,07/22/25 21:45:00,28.866,,,,,
9945,07/22/25 22:00:00,28.866,,,,,
9946,07/22/25 22:15:00,28.841,,,,,
9947,07/22/25 22:30:00,28.841,,,,,
9948,07/22/25 22:45:00,28.841,,,,,
9949,07/22/25 23:00:00,28.866,,,,,
9950,07/22/25 23:15:00,28.916,,,,,
9951,07/22/25 23:30:00,28.941,,,,,
9952,07/22/25 23:45:00,28.965,,,,,
9953,07/23/25 00:00:00,28.916,,,,,
9954,07/23/25 00:15:00,28.891,,,,,
9955,07/23/25 00:30:00,28.866,,,,,
9956,07/23/25 00:45:00,28.866,,,,,
9957,07/23/25 01:00:00,28.866,,,,,
9958,07/23/25 01:15:00,28.841,,,,,
9959,07/23/25 01:30:00,28.866,,,,,
9960,07/23/25 01:45:00,28.866,,,,,
9961,07/23/25 02:00:00,28.891,,,,,
9962,07/23/25 02:15:00,28.941,,,,,
9963,07/23/25 02:30:00,29.015,,,,,
9964,07/23/25 02:45:00,28.990,,,,,
9965,07/23/25 03:00:00,28.965,,,,,
9966,07/23/25 03:15:00,28.941,,,,,
9967,07/23/25 03:30:00,28.891,,,,,
9968,07/23/25 03:45:00,28.841,,,,,
9969,07/23/25 04:00:00,28.816,,,,,
9970,07/23/25 04:15:00,28.841,,,,,
9971,07/23/25 04:30:00,28.841,,,,,
9972,07/23/25 04:45:00,28.866,,,,,
9973,07/23/25 05:00:00,28.841,,,,,
9974,07/23/25 05:15:00,28.866,,,,,
9975,07/23/25 05:30:00,28.866,,,,,
9976,07/23/25 05:45:00,28.866,,,,,
9977,07/23/25 06:00:00,28.866,,,,,
9978,07/23/25 06:15:00,28.866,,,,,
9979,07/23/25 06:30:00,28.866,,,,,
9980,07/23/25 06:45:00,28.866,,,,,
9981,07/23/25 07:00:00,28.841,,,,,
9982,07/23/25 07:15:00,28.841,,,,,
9983,07/23/25 07:30:00,28.841,,,,,
9984,07/23/25 07:45:00,28.841,,,,,
9985,07/23/25 08:00:00,28.866,,,,,
9986,07/23/25 08:15:00,28.816,,,,,
9987,07/23/25 08:30:00,28.816,,,,,
9988,07/23/25 08:45:00,28.841,,,,,
9989,07/23/25 09:00:00,28.866,,,,,
9990,07/23/25 09:15:00,28.866,,,,,
9991,07/23/25 09:30:00,28.891,,,,,
9992,07/23/25 09:45:00,28.891,,,,,
9993,07/23/25 10:00:00,28.891,,,,,
9994,07/23/25 10:15:00,28.866,,,,,
9995,07/23/25 10:30:00,28.891,,,,,
9996,07/23/25 10:45:00,28.916,,,,,
9997,07/23/25 11:00:00,28.916,,,,,
9998,07/23/25 11:15:00,28.891,,,,,
9999,07/23/25 11:30:00,28.916,,,,,
10000,07/23/25 11:45:00,28.941,,,,,
10001,07/23/25 12:00:00,28.965,,,,,
10002,07/23/25 12:15:00,28.990,,,,,
10003,07/23/25 12:30:00,28.990,,,,,
10004,07/23/25 12:45:00,29.015,,,,,
10005,07/23/25 13:00:00,29.090,,,,,
10006,07/23/25 13:15:00,29.115,,,,,
10007,07/23/25 13:30:00,29.140,,,,,
10008,07/23/25 13:45:00,29.015,,,,,
10009,07/23/25 14:00:00,29.015,,,,,
10010,07/23/25 14:15:00,28.990,,,,,
10011,07/23/25 14:30:00,28.916,,,,,
10012,07/23/25 14:45:00,28.891,,,,,
10013,07/23/25 15:00:00,28.916,,,,,
10014,07/23/25 15:15:00,28.916,,,,,
10015,07/23/25 15:30:00,28.916,,,,,
10016,07/23/25 15:45:00,28.941,,,,,
10017,07/23/25 16:00:00,28.916,,,,,
10018,07/23/25 16:15:00,28.916,,,,,
10019,07/23/25 16:30:00,28.916,,,,,
10020,07/23/25 16:45:00,28.916,,,,,
10021,07/23/25 17:00:00,28.916,,,,,
10022,07/23/25 17:15:00,28.891,,,,,
10023,07/23/25 17:30:00,28.916,,,,,
10024,07/23/25 17:45:00,28.916,,,,,
10025,07/23/25 18:00:00,28.916,,,,,
10026,07/23/25 18:15:00,28.891,,,,,
10027,07/23/25 18:30:00,28.891,,,,,
10028,07/23/25 18:45:00,28.891,,,,,
10029,07/23/25 19:00:00,28.891,,,,,
10030,07/23/25 19:15:00,28.891,,,,,
10031,07/23/25 19:30:00,28.891,,,,,
10032,07/23/25 19:45:00,28.891,,,,,
10033,07/23/25 20:00:00,28.891,,,,,
10034,07/23/25 20:15:00,28.891,,,,,
10035,07/23/25 20:30:00,28.891,,,,,
10036,07/23/25 20:45:00,28.941,,,,,
10037,07/23/25 21:00:00,28.916,,,,,
10038,07/23/25 21:15:00,29.365,,,,,
10039,07/23/25 21:30:00,29.464,,,,,
10040,07/23/25 21:45:00,29.015,,,,,
10041,07/23/25 22:00:00,29.365,,,,,
10042,07/23/25 22:15:00,29.140,,,,,
10043,07/23/25 22:30:00,28.941,,,,,
10044,07/23/25 22:45:00,28.916,,,,,
10045,07/23/25 23:00:00,28.891,,,,,
10046,07/23/25 23:15:00,28.866,,,,,
10047,07/23/25 23:30:00,28.841,,,,,
10048,07/23/25 23:45:00,28.841,,,,,
10049,07/24/25 00:00:00,28.891,,,,,
10050,07/24/25 00:15:00,29.140,,,,,
10051,07/24/25 00:30:00,29.040,,,,,
10052,07/24/25 00:45:00,29.090,,,,,
10053,07/24/25 01:00:00,28.866,,,,,
10054,07/24/25 01:15:00,28.891,,,,,
10055,07/24/25 01:30:00,29.115,,,,,
10056,07/24/25 01:45:00,29.115,,,,,
10057,07/24/25 02:00:00,29.090,,,,,
10058,07/24/25 02:15:00,29.090,,,,,
10059,07/24/25 02:30:00,29.090,,,,,
10060,07/24/25 02:45:00,28.866,,,,,
10061,07/24/25 03:00:00,28.816,,,,,
10062,07/24/25 03:15:00,28.841,,,,,
10063,07/24/25 03:30:00,28.816,,,,,
10064,07/24/25 03:45:00,28.816,,,,,
10065,07/24/25 04:00:00,28.866,,,,,
10066,07/24/25 04:15:00,28.891,,,,,
10067,07/24/25 04:30:00,28.891,,,,,
10068,07/24/25 04:45:00,28.891,,,,,
10069,07/24/25 05:00:00,28.891,,,,,
10070,07/24/25 05:15:00,28.891,,,,,
10071,07/24/25 05:30:00,28.891,,,,,
10072,07/24/25 05:45:00,28.916,,,,,
10073,07/24/25 06:00:00,28.916,,,,,
10074,07/24/25 06:15:00,28.891,,,,,
10075,07/24/25 06:30:00,28.866,,,,,
10076,07/24/25 06:45:00,28.841,,,,,
10077,07/24/25 07:00:00,28.816,,,,,
10078,07/24/25 07:15:00,28.816,,,,,
10079,07/24/25 07:30:00,28.791,,,,,
10080,07/24/25 07:45:00,28.791,,,,,
10081,07/24/25 08:00:00,28.766,,,,,
10082,07/24/25 08:15:00,28.766,,,,,
10083,07/24/25 08:30:00,28.766,,,,,
10084,07/24/25 08:45:00,28.766,,,,,
10085,07/24/25 09:00:00,28.766,,,,,
10086,07/24/25 09:15:00,28.791,,,,,
10087,07/24/25 09:30:00,28.791,,,,,
10088,07/24/25 09:45:00,28.791,,,,,
10089,07/24/25 10:00:00,28.816,,,,,
10090,07/24/25 10:15:00,28.816,,,,,
10091,07/24/25 10:30:00,28.816,,,,,
10092,07/24/25 10:45:00,28.841,,,,,
10093,07/24/25 11:00:00,28.841,,,,,
10094,07/24/25 11:15:00,28.841,,,,,
10095,07/24/25 11:30:00,28.841,,,,,
10096,07/24/25 11:45:00,28.891,,,,,
10097,07/24/25 12:00:00,28.941,,,,,
10098,07/24/25 12:15:00,28.941,,,,,
10099,07/24/25 12:30:00,28.990,,,,,
10100,07/24/25 12:45:00,29.015,,,,,
10101,07/24/25 13:00:00,28.965,,,,,
10102,07/24/25 13:15:00,28.941,,,,,
10103,07/24/25 13:30:00,28.965,,,,,
10104,07/24/25 13:45:00,28.965,,,,,
10105,07/24/25 14:00:00,28.990,,,,,
10106,07/24/25 14:15:00,29.065,,,,,
10107,07/24/25 14:30:00,28.990,,,,,
10108,07/24/25 14:45:00,28.965,,,,,
10109,07/24/25 15:00:00,28.990,,,,,
10110,07/24/25 15:15:00,28.766,,,,,
10111,07/24/25 15:30:00,28.692,,,,,
10112,07/24/25 15:45:00,28.692,,,,,
10113,07/24/25 16:00:00,28.717,,,,,
10114,07/24/25 16:15:00,28.717,,,,,
10115,07/24/25 16:30:00,28.742,,,,,
10116,07/24/25 16:45:00,28.717,,,,,
10117,07/24/25 17:00:00,28.667,,,,,
10118,07/24/25 17:15:00,28.667,,,,,
10119,07/24/25 17:30:00,28.667,,,,,
10120,07/24/25 17:45:00,28.667,,,,,
10121,07/24/25 18:00:00,28.692,,,,,
10122,07/24/25 18:15:00,28.717,,,,,
10123,07/24/25 18:30:00,28.742,,,,,
10124,07/24/25 18:45:00,28.766,,,,,
10125,07/24/25 19:00:00,28.791,,,,,
10126,07/24/25 19:15:00,28.816,,,,,
10127,07/24/25 19:30:00,28.841,,,,,
10128,07/24/25 19:45:00,28.841,,,,,
10129,07/24/25 20:00:00,28.841,,,,,
10130,07/24/25 20:15:00,28.841,,,,,
10131,07/24/25 20:30:00,28.866,,,,,
10132,07/24/25 20:45:00,28.866,,,,,
10133,07/24/25 21:00:00,28.866,,,,,
10134,07/24/25 21:15:00,28.866,,,,,
10135,07/24/25 21:30:00,28.866,,,,,
10136,07/24/25 21:45:00,28.891,,,,,
10137,07/24/25 22:00:00,28.891,,,,,
10138,07/24/25 22:15:00,28.891,,,,,
10139,07/24/25 22:30:00,28.891,,,,,
10140,07/24/25 22:45:00,28.866,,,,,
10141,07/24/25 23:00:00,28.891,,,,,
10142,07/24/25 23:15:00,28.891,,,,,
10143,07/24/25 23:30:00,28.916,,,,,
10144,07/24/25 23:45:00,28.916,,,,,
10145,07/25/25 00:00:00,28.916,,,,,
10146,07/25/25 00:15:00,28.916,,,,,
10147,07/25/25 00:30:00,28.916,,,,,
10148,07/25/25 00:45:00,28.916,,,,,
10149,07/25/25 01:00:00,28.916,,,,,
10150,07/25/25 01:15:00,28.916,,,,,
10151,07/25/25 01:30:00,28.916,,,,,
10152,07/25/25 01:45:00,28.941,,,,,
10153,07/25/25 02:00:00,28.916,,,,,
10154,07/25/25 02:15:00,29.040,,,,,
10155,07/25/25 02:30:00,29.215,,,,,
10156,07/25/25 02:45:00,29.165,,,,,
10157,07/25/25 03:00:00,28.990,,,,,
10158,07/25/25 03:15:00,28.965,,,,,
10159,07/25/25 03:30:00,28.965,,,,,
10160,07/25/25 03:45:00,28.941,,,,,
10161,07/25/25 04:00:00,29.015,,,,,
10162,07/25/25 04:15:00,29.065,,,,,
10163,07/25/25 04:30:00,29.065,,,,,
10164,07/25/25 04:45:00,29.015,,,,,
10165,07/25/25 05:00:00,28.965,,,,,
10166,07/25/25 05:15:00,28.941,,,,,
10167,07/25/25 05:30:00,28.941,,,,,
10168,07/25/25 05:45:00,28.916,,,,,
10169,07/25/25 06:00:00,28.916,,,,,
10170,07/25/25 06:15:00,28.916,,,,,
10171,07/25/25 06:30:00,28.891,,,,,
10172,07/25/25 06:45:00,28.866,,,,,
10173,07/25/25 07:00:00,28.841,,,,,
10174,07/25/25 07:15:00,28.841,,,,,
10175,07/25/25 07:30:00,28.841,,,,,
10176,07/25/25 07:45:00,28.841,,,,,
10177,07/25/25 08:00:00,28.841,,,,,
10178,07/25/25 08:15:00,28.841,,,,,
10179,07/25/25 08:30:00,28.841,,,,,
10180,07/25/25 08:45:00,28.841,,,,,
10181,07/25/25 09:00:00,28.866,,,,,
10182,07/25/25 09:15:00,28.866,,,,,
10183,07/25/25 09:30:00,28.866,,,,,
10184,07/25/25 09:45:00,28.866,,,,,
10185,07/25/25 10:00:00,28.891,,,,,
10186,07/25/25 10:15:00,28.891,,,,,
10187,07/25/25 10:30:00,28.891,,,,,
10188,07/25/25 10:45:00,28.891,,,,,
10189,07/25/25 11:00:00,28.891,,,,,
10190,07/25/25 11:15:00,28.891,,,,,
10191,07/25/25 11:30:00,28.916,,,,,
10192,07/25/25 11:45:00,28.941,,,,,
10193,07/25/25 12:00:00,28.990,,,,,
10194,07/25/25 12:15:00,29.015,,,,,
10195,07/25/25 12:30:00,29.040,,,,,
10196,07/25/25 12:45:00,29.065,,,,,
10197,07/25/25 13:00:00,29.040,,,,,
10198,07/25/25 13:15:00,29.015,,,,,
10199,07/25/25 13:30:00,28.990,,,,,
10200,07/25/25 13:45:00,28.965,,,,,
10201,07/25/25 14:00:00,28.965,,,,,
10202,07/25/25 14:15:00,28.965,,,,,
10203,07/25/25 14:30:00,28.941,,,,,
10204,07/25/25 14:45:00,28.941,,,,,
10205,07/25/25 15:00:00,28.941,,,,,
10206,07/25/25 15:15:00,28.916,,,,,
10207,07/25/25 15:30:00,28.916,,,,,
10208,07/25/25 15:45:00,28.916,,,,,
10209,07/25/25 16:00:00,28.916,,,,,
10210,07/25/25 16:15:00,28.916,,,,,
10211,07/25/25 16:30:00,28.916,,,,,
10212,07/25/25 16:45:00,28.916,,,,,
10213,07/25/25 17:00:00,28.916,,,,,
10214,07/25/25 17:15:00,28.916,,,,,
10215,07/25/25 17:30:00,28.916,,,,,
10216,07/25/25 17:45:00,28.916,,,,,
10217,07/25/25 18:00:00,28.916,,,,,
10218,07/25/25 18:15:00,28.916,,,,,
10219,07/25/25 18:30:00,28.916,,,,,
10220,07/25/25 18:45:00,28.916,,,,,
10221,07/25/25 19:00:00,28.916,,,,,
10222,07/25/25 19:15:00,28.941,,,,,
10223,07/25/25 19:30:00,28.941,,,,,
10224,07/25/25 19:45:00,28.941,,,,,
10225,07/25/25 20:00:00,28.941,,,,,
10226,07/25/25 20:15:00,28.941,,,,,
10227,07/25/25 20:30:00,28.941,,,,,
10228,07/25/25 20:45:00,28.941,,,,,
10229,07/25/25 21:00:00,28.941,,,,,
10230,07/25/25 21:15:00,28.941,,,,,
10231,07/25/25 21:30:00,28.941,,,,,
10232,07/25/25 21:45:00,28.990,,,,,
10233,07/25/25 22:00:00,28.965,,,,,
10234,07/25/25 22:15:00,28.941,,,,,
10235,07/25/25 22:30:00,29.215,,,,,
10236,07/25/25 22:45:00,29.215,,,,,
10237,07/25/25 23:00:00,28.990,,,,,
10238,07/25/25 23:15:00,28.941,,,,,
10239,07/25/25 23:30:00,28.941,,,,,
10240,07/25/25 23:45:00,28.916,,,,,
10241,07/26/25 00:00:00,28.916,,,,,
10242,07/26/25 00:15:00,28.916,,,,,
10243,07/26/25 00:30:00,28.916,,,,,
10244,07/26/25 00:45:00,28.916,,,,,
10245,07/26/25 01:00:00,28.916,,,,,
10246,07/26/25 01:15:00,28.916,,,,,
10247,07/26/25 01:30:00,28.941,,,,,
10248,07/26/25 01:45:00,28.941,,,,,
10249,07/26/25 02:00:00,28.916,,,,,
10250,07/26/25 02:15:00,28.941,,,,,
10251,07/26/25 02:30:00,28.965,,,,,
10252,07/26/25 02:45:00,29.140,,,,,
10253,07/26/25 03:00:00,29.165,,,,,
10254,07/26/25 03:15:00,29.290,,,,,
10255,07/26/25 03:30:00,29.315,,,,,
10256,07/26/25 03:45:00,29.340,,,,,
10257,07/26/25 04:00:00,29.340,,,,,
10258,07/26/25 04:15:00,29.065,,,,,
10259,07/26/25 04:30:00,28.916,,,,,
10260,07/26/25 04:45:00,28.916,,,,,
10261,07/26/25 05:00:00,28.916,,,,,
10262,07/26/25 05:15:00,29.165,,,,,
10263,07/26/25 05:30:00,29.190,,,,,
10264,07/26/25 05:45:00,29.015,,,,,
10265,07/26/25 06:00:00,28.965,,,,,
10266,07/26/25 06:15:00,28.916,,,,,
10267,07/26/25 06:30:00,28.916,,,,,
10268,07/26/25 06:45:00,29.065,,,,,
10269,07/26/25 07:00:00,29.040,,,,,
10270,07/26/25 07:15:00,29.015,,,,,
10271,07/26/25 07:30:00,28.990,,,,,
10272,07/26/25 07:45:00,28.990,,,,,
10273,07/26/25 08:00:00,28.990,,,,,
10274,07/26/25 08:15:00,28.990,,,,,
10275,07/26/25 08:30:00,28.965,,,,,
10276,07/26/25 08:45:00,28.941,,,,,
10277,07/26/25 09:00:00,28.916,,,,,
10278,07/26/25 09:15:00,28.965,,,,,
10279,07/26/25 09:30:00,28.941,,,,,
10280,07/26/25 09:45:00,28.941,,,,,
10281,07/26/25 10:00:00,28.941,,,,,
10282,07/26/25 10:15:00,28.965,,,,,
10283,07/26/25 10:30:00,28.965,,,,,
10284,07/26/25 10:45:00,28.990,,,,,
10285,07/26/25 11:00:00,28.990,,,,,
10286,07/26/25 11:15:00,28.990,,,,,
10287,07/26/25 11:30:00,29.015,,,,,
10288,07/26/25 11:45:00,28.990,,,,,
10289,07/26/25 12:00:00,29.040,,,,,
10290,07/26/25 12:15:00,29.065,,,,,
10291,07/26/25 12:30:00,29.090,,,,,
10292,07/26/25 12:45:00,29.090,,,,,
10293,07/26/25 13:00:00,29.115,,,,,
10294,07/26/25 13:15:00,29.115,,,,,
10295,07/26/25 13:30:00,29.140,,,,,
10296,07/26/25 13:45:00,29.165,,,,,
10297,07/26/25 14:00:00,29.190,,,,,
10298,07/26/25 14:15:00,29.165,,,,,
10299,07/26/25 14:30:00,29.090,,,,,
10300,07/26/25 14:45:00,29.015,,,,,
10301,07/26/25 15:00:00,28.990,,,,,
10302,07/26/25 15:15:00,28.990,,,,,
10303,07/26/25 15:30:00,28.990,,,,,
10304,07/26/25 15:45:00,28.965,,,,,
10305,07/26/25 16:00:00,28.965,,,,,
10306,07/26/25 16:15:00,28.941,,,,,
10307,07/26/25 16:30:00,28.916,,,,,
10308,07/26/25 16:45:00,28.941,,,,,
10309,07/26/25 17:00:00,28.965,,,,,
10310,07/26/25 17:15:00,28.965,,,,,
10311,07/26/25 17:30:00,28.990,,,,,
10312,07/26/25 17:45:00,29.290,,,,,
10313,07/26/25 18:00:00,29.065,,,,,
10314,07/26/25 18:15:00,29.065,,,,,
10315,07/26/25 18:30:00,29.065,,,,,
10316,07/26/25 18:45:00,29.015,,,,,
10317,07/26/25 19:00:00,28.916,,,,,
10318,07/26/25 19:15:00,28.891,,,,,
10319,07/26/25 19:30:00,28.891,,,,,
10320,07/26/25 19:45:00,28.891,,,,,
10321,07/26/25 20:00:00,28.891,,,,,
10322,07/26/25 20:15:00,28.891,,,,,
10323,07/26/25 20:30:00,28.891,,,,,
10324,07/26/25 20:45:00,28.891,,,,,
10325,07/26/25 21:00:00,28.891,,,,,
10326,07/26/25 21:15:00,28.891,,,,,
10327,07/26/25 21:30:00,28.891,,,,,
10328,07/26/25 21:45:00,28.866,,,,,
10329,07/26/25 22:00:00,28.866,,,,,
10330,07/26/25 22:15:00,28.866,,,,,
10331,07/26/25 22:30:00,28.866,,,,,
10332,07/26/25 22:45:00,28.866,,,,,
10333,07/26/25 23:00:00,28.866,,,,,
10334,07/26/25 23:15:00,28.866,,,,,
10335,07/26/25 23:30:00,28.866,,,,,
10336,07/26/25 23:45:00,28.866,,,,,
10337,07/27/25 00:00:00,28.866,,,,,
10338,07/27/25 00:15:00,28.866,,,,,
10339,07/27/25 00:30:00,28.891,,,,,
10340,07/27/25 00:45:00,28.941,,,,,
10341,07/27/25 01:00:00,28.965,,,,,
10342,07/27/25 01:15:00,28.916,,,,,
10343,07/27/25 01:30:00,28.941,,,,,
10344,07/27/25 01:45:00,28.941,,,,,
10345,07/27/25 02:00:00,28.965,,,,,
10346,07/27/25 02:15:00,28.916,,,,,
10347,07/27/25 02:30:00,28.891,,,,,
10348,07/27/25 02:45:00,28.891,,,,,
10349,07/27/25 03:00:00,28.891,,,,,
10350,07/27/25 03:15:00,28.891,,,,,
10351,07/27/25 03:30:00,28.866,,,,,
10352,07/27/25 03:45:00,28.866,,,,,
10353,07/27/25 04:00:00,28.866,,,,,
10354,07/27/25 04:15:00,28.866,,,,,
10355,07/27/25 04:30:00,28.866,,,,,
10356,07/27/25 04:45:00,28.866,,,,,
10357,07/27/25 05:00:00,28.891,,,,,
10358,07/27/25 05:15:00,28.841,,,,,
10359,07/27/25 05:30:00,28.841,,,,,
10360,07/27/25 05:45:00,28.866,,,,,
10361,07/27/25 06:00:00,28.941,,,,,
10362,07/27/25 06:15:00,29.140,,,,,
10363,07/27/25 06:30:00,29.140,,,,,
10364,07/27/25 06:45:00,28.965,,,,,
10365,07/27/25 07:00:00,28.866,,,,,
10366,07/27/25 07:15:00,28.866,,,,,
10367,07/27/25 07:30:00,28.891,,,,,
10368,07/27/25 07:45:00,28.891,,,,,
10369,07/27/25 08:00:00,28.866,,,,,
10370,07/27/25 08:15:00,28.866,,,,,
10371,07/27/25 08:30:00,28.866,,,,,
10372,07/27/25 08:45:00,28.866,,,,,
10373,07/27/25 09:00:00,28.866,,,,,
10374,07/27/25 09:15:00,28.866,,,,,
10375,07/27/25 09:30:00,28.866,,,,,
10376,07/27/25 09:45:00,28.866,,,,,
10377,07/27/25 10:00:00,28.866,,,,,
10378,07/27/25 10:15:00,28.866,,,,,
10379,07/27/25 10:30:00,28.891,,,,,
10380,07/27/25 10:45:00,28.891,,,,,
10381,07/27/25 11:00:00,28.891,,,,,
10382,07/27/25 11:15:00,28.891,,,,,
10383,07/27/25 11:30:00,28.916,,,,,
10384,07/27/25 11:45:00,28.916,,,,,
10385,07/27/25 12:00:00,28.891,,,,,
10386,07/27/25 12:15:00,28.891,,,,,
10387,07/27/25 12:30:00,28.866,,,,,
10388,07/27/25 12:45:00,28.866,,,,,
10389,07/27/25 13:00:00,28.866,,,,,
10390,07/27/25 13:15:00,28.866,,,,,
10391,07/27/25 13:30:00,29.040,,,,,
10392,07/27/25 13:45:00,29.065,,,,,
10393,07/27/25 14:00:00,29.015,,,,,
10394,07/27/25 14:15:00,28.941,,,,,
10395,07/27/25 14:30:00,29.015,,,,,
10396,07/27/25 14:45:00,28.891,,,,,
10397,07/27/25 15:00:00,28.841,,,,,
10398,07/27/25 15:15:00,28.841,,,,,
10399,07/27/25 15:30:00,28.841,,,,,
10400,07/27/25 15:45:00,28.841,,,,,
10401,07/27/25 16:00:00,28.866,,,,,
10402,07/27/25 16:15:00,28.866,,,,,
10403,07/27/25 16:30:00,28.866,,,,,
10404,07/27/25 16:45:00,28.841,,,,,
10405,07/27/25 17:00:00,28.841,,,,,
10406,07/27/25 17:15:00,28.841,,,,,
10407,07/27/25 17:30:00,28.791,,,,,
10408,07/27/25 17:45:00,28.816,,,,,
10409,07/27/25 18:00:00,28.841,,,,,
10410,07/27/25 18:15:00,28.841,,,,,
10411,07/27/25 18:30:00,28.841,,,,,
10412,07/27/25 18:45:00,28.841,,,,,
10413,07/27/25 19:00:00,28.493,,,,,
10414,07/27/25 19:15:00,28.692,,,,,
10415,07/27/25 19:30:00,28.717,,,,,
10416,07/27/25 19:45:00,28.717,,,,,
10417,07/27/25 20:00:00,28.766,,,,,
10418,07/27/25 20:15:00,28.617,,,,,
10419,07/27/25 20:30:00,28.692,,,,,
10420,07/27/25 20:45:00,28.766,,,,,
10421,07/27/25 21:00:00,28.791,,,,,
10422,07/27/25 21:15:00,28.816,,,,,
10423,07/27/25 21:30:00,28.816,,,,,
10424,07/27/25 21:45:00,28.841,,,,,
10425,07/27/25 22:00:00,28.841,,,,,
10426,07/27/25 22:15:00,28.841,,,,,
10427,07/27/25 22:30:00,28.866,,,,,
10428,07/27/25 22:45:00,28.866,,,,,
10429,07/27/25 23:00:00,28.891,,,,,
10430,07/27/25 23:15:00,28.916,,,,,
10431,07/27/25 23:30:00,28.916,,,,,
10432,07/27/25 23:45:00,28.916,,,,,
10433,07/28/25 00:00:00,28.891,,,,,
10434,07/28/25 00:15:00,28.916,,,,,
10435,07/28/25 00:30:00,28.916,,,,,
10436,07/28/25 00:45:00,28.891,,,,,
10437,07/28/25 01:00:00,28.891,,,,,
10438,07/28/25 01:15:00,28.866,,,,,
10439,07/28/25 01:30:00,28.866,,,,,
10440,07/28/25 01:45:00,28.866,,,,,
10441,07/28/25 02:00:00,28.866,,,,,
10442,07/28/25 02:15:00,28.841,,,,,
10443,07/28/25 02:30:00,28.841,,,,,
10444,07/28/25 02:45:00,28.841,,,,,
10445,07/28/25 03:00:00,28.841,,,,,
10446,07/28/25 03:15:00,28.841,,,,,
10447,07/28/25 03:30:00,28.841,,,,,
10448,07/28/25 03:45:00,28.866,,,,,
10449,07/28/25 04:00:00,28.866,,,,,
10450,07/28/25 04:15:00,28.866,,,,,
10451,07/28/25 04:30:00,28.841,,,,,
10452,07/28/25 04:45:00,28.841,,,,,
10453,07/28/25 05:00:00,28.866,,,,,
10454,07/28/25 05:15:00,28.866,,,,,
10455,07/28/25 05:30:00,28.866,,,,,
10456,07/28/25 05:45:00,28.866,,,,,
10457,07/28/25 06:00:00,28.891,,,,,
10458,07/28/25 06:15:00,28.866,,,,,
10459,07/28/25 06:30:00,28.866,,,,,
10460,07/28/25 06:45:00,28.866,,,,,
10461,07/28/25 07:00:00,28.866,,,,,
10462,07/28/25 07:15:00,28.866,,,,,
10463,07/28/25 07:30:00,28.866,,,,,
10464,07/28/25 07:45:00,28.866,,,,,
10465,07/28/25 08:00:00,28.866,,,,,
10466,07/28/25 08:15:00,28.866,,,,,
10467,07/28/25 08:30:00,28.866,,,,,
10468,07/28/25 08:45:00,28.866,,,,,
10469,07/28/25 09:00:00,28.891,,,,,
10470,07/28/25 09:15:00,28.891,,,,,
10471,07/28/25 09:30:00,28.916,,,,,
10472,07/28/25 09:45:00,28.941,,,,,
10473,07/28/25 10:00:00,28.941,,,,,
10474,07/28/25 10:15:00,28.941,,,,,
10475,07/28/25 10:30:00,28.965,,,,,
10476,07/28/25 10:45:00,28.941,,,,,
10477,07/28/25 11:00:00,28.965,,,,,
10478,07/28/25 11:15:00,28.965,,,,,
10479,07/28/25 11:30:00,28.965,,,,,
10480,07/28/25 11:45:00,28.965,,,,,
10481,07/28/25 12:00:00,28.965,,,,,
10482,07/28/25 12:15:00,28.965,,,,,
10483,07/28/25 12:30:00,28.941,,,,,
10484,07/28/25 12:45:00,28.941,,,,,
10485,07/28/25 13:00:00,28.941,,,,,
10486,07/28/25 13:15:00,28.941,,,,,
10487,07/28/25 13:30:00,28.941,,,,,
10488,07/28/25 13:45:00,28.941,,,,,
10489,07/28/25 14:00:00,28.941,,,,,
10490,07/28/25 14:15:00,28.916,,,,,
10491,07/28/25 14:30:00,28.916,,,,,
10492,07/28/25 14:45:00,28.916,,,,,
10493,07/28/25 15:00:00,28.916,,,,,
10494,07/28/25 15:15:00,28.916,,,,,
10495,07/28/25 15:30:00,28.891,,,,,
10496,07/28/25 15:45:00,28.891,,,,,
10497,07/28/25 16:00:00,28.891,,,,,
10498,07/28/25 16:15:00,28.891,,,,,
10499,07/28/25 16:30:00,28.891,,,,,
10500,07/28/25 16:45:00,28.891,,,,,
10501,07/28/25 17:00:00,28.891,,,,,
10502,07/28/25 17:15:00,28.916,,,,,
10503,07/28/25 17:30:00,28.891,,,,,
10504,07/28/25 17:45:00,28.916,,,,,
10505,07/28/25 18:00:00,29.165,,,,,
10506,07/28/25 18:15:00,28.941,,,,,
10507,07/28/25 18:30:00,28.916,,,,,
10508,07/28/25 18:45:00,28.891,,,,,
10509,07/28/25 19:00:00,28.891,,,,,
10510,07/28/25 19:15:00,28.866,,,,,
10511,07/28/25 19:30:00,28.866,,,,,
10512,07/28/25 19:45:00,28.866,,,,,
10513,07/28/25 20:00:00,28.866,,,,,
10514,07/28/25 20:15:00,28.866,,,,,
10515,07/28/25 20:30:00,28.866,,,,,
10516,07/28/25 20:45:00,28.866,,,,,
10517,07/28/25 21:00:00,28.866,,,,,
10518,07/28/25 21:15:00,28.866,,,,,
10519,07/28/25 21:30:00,28.866,,,,,
10520,07/28/25 21:45:00,28.866,,,,,
10521,07/28/25 22:00:00,28.866,,,,,
10522,07/28/25 22:15:00,28.866,,,,,
10523,07/28/25 22:30:00,28.866,,,,,
10524,07/28/25 22:45:00,28.891,,,,,
10525,07/28/25 23:00:00,28.891,,,,,
10526,07/28/25 23:15:00,28.891,,,,,
10527,07/28/25 23:30:00,28.891,,,,,
10528,07/28/25 23:45:00,28.891,,,,,
10529,07/29/25 00:00:00,28.891,,,,,
10530,07/29/25 00:15:00,28.916,,,,,
10531,07/29/25 00:30:00,28.916,,,,,
10532,07/29/25 00:45:00,28.941,,,,,
10533,07/29/25 01:00:00,28.941,,,,,
10534,07/29/25 01:15:00,28.941,,,,,
10535,07/29/25 01:30:00,28.965,,,,,
10536,07/29/25 01:45:00,28.941,,,,,
10537,07/29/25 02:00:00,28.941,,,,,
10538,07/29/25 02:15:00,28.941,,,,,
10539,07/29/25 02:30:00,28.941,,,,,
10540,07/29/25 02:45:00,28.941,,,,,
10541,07/29/25 03:00:00,28.941,,,,,
10542,07/29/25 03:15:00,28.941,,,,,
10543,07/29/25 03:30:00,28.941,,,,,
10544,07/29/25 03:45:00,28.941,,,,,
10545,07/29/25 04:00:00,28.965,,,,,
10546,07/29/25 04:15:00,28.965,,,,,
10547,07/29/25 04:30:00,28.965,,,,,
10548,07/29/25 04:45:00,28.965,,,,,
10549,07/29/25 05:00:00,28.965,,,,,
10550,07/29/25 05:15:00,28.965,,,,,
10551,07/29/25 05:30:00,28.965,,,,,
10552,07/29/25 05:45:00,28.965,,,,,
10553,07/29/25 06:00:00,28.965,,,,,
10554,07/29/25 06:15:00,28.965,,,,,
10555,07/29/25 06:30:00,28.965,,,,,
10556,07/29/25 06:45:00,28.990,,,,,
10557,07/29/25 07:00:00,28.990,,,,,
10558,07/29/25 07:15:00,28.990,,,,,
10559,07/29/25 07:30:00,28.990,,,,,
10560,07/29/25 07:45:00,28.965,,,,,
10561,07/29/25 08:00:00,28.965,,,,,
10562,07/29/25 08:15:00,28.965,,,,,
10563,07/29/25 08:30:00,28.965,,,,,
10564,07/29/25 08:45:00,28.965,,,,,
10565,07/29/25 09:00:00,28.965,,,,,
10566,07/29/25 09:15:00,28.965,,,,,
10567,07/29/25 09:30:00,28.965,,,,,
10568,07/29/25 09:45:00,28.965,,,,,
10569,07/29/25 10:00:00,28.990,,,,,
10570,07/29/25 10:15:00,28.990,,,,,
10571,07/29/25 10:30:00,28.990,,,,,
10572,07/29/25 10:45:00,28.990,,,,,
10573,07/29/25 11:00:00,29.015,,,,,
10574,07/29/25 11:15:00,29.015,,,,,
10575,07/29/25 11:30:00,29.015,,,,,
10576,07/29/25 11:45:00,29.040,,,,,
10577,07/29/25 12:00:00,29.040,,,,,
10578,07/29/25 12:15:00,29.040,,,,,
10579,07/29/25 12:30:00,29.040,,,,,
10580,07/29/25 12:45:00,29.040,,,,,
10581,07/29/25 13:00:00,29.015,,,,,
10582,07/29/25 13:15:00,29.015,,,,,
10583,07/29/25 13:30:00,29.015,,,,,
10584,07/29/25 13:45:00,29.015,,,,,
10585,07/29/25 14:00:00,28.990,,,,,
10586,07/29/25 14:15:00,28.990,,,,,
10587,07/29/25 14:30:00,28.990,,,,,
10588,07/29/25 14:45:00,28.965,,,,,
10589,07/29/25 15:00:00,28.965,,,,,
10590,07/29/25 15:15:00,28.965,,,,,
10591,07/29/25 15:30:00,28.965,,,,,
10592,07/29/25 15:45:00,28.965,,,,,
10593,07/29/25 16:00:00,28.941,,,,,
10594,07/29/25 16:15:00,28.941,,,,,
10595,07/29/25 16:30:00,28.965,,,,,
10596,07/29/25 16:45:00,28.965,,,,,
10597,07/29/25 17:00:00,28.941,,,,,
10598,07/29/25 17:15:00,28.965,,,,,
10599,07/29/25 17:30:00,28.965,,,,,
10600,07/29/25 17:45:00,28.941,,,,,
10601,07/29/25 18:00:00,28.916,,,,,
10602,07/29/25 18:15:00,28.941,,,,,
10603,07/29/25 18:30:00,28.916,,,,,
10604,07/29/25 18:45:00,28.916,,,,,
10605,07/29/25 19:00:00,28.916,,,,,
10606,07/29/25 19:15:00,28.916,,,,,
10607,07/29/25 19:30:00,28.916,,,,,
10608,07/29/25 19:45:00,28.916,,,,,
10609,07/29/25 20:00:00,28.916,,,,,
10610,07/29/25 20:15:00,28.941,,,,,
10611,07/29/25 20:30:00,28.916,,,,,
10612,07/29/25 20:45:00,28.941,,,,,
10613,07/29/25 21:00:00,28.941,,,,,
10614,07/29/25 21:15:00,28.916,,,,,
10615,07/29/25 21:30:00,28.916,,,,,
10616,07/29/25 21:45:00,28.891,,,,,
10617,07/29/25 22:00:00,28.891,,,,,
10618,07/29/25 22:15:00,28.891,,,,,
10619,07/29/25 22:30:00,28.891,,,,,
10620,07/29/25 22:45:00,28.916,,,,,
10621,07/29/25 23:00:00,28.941,,,,,
10622,07/29/25 23:15:00,28.941,,,,,
10623,07/29/25 23:30:00,28.965,,,,,
10624,07/29/25 23:45:00,28.990,,,,,
10625,07/30/25 00:00:00,28.941,,,,,
10626,07/30/25 00:15:00,28.941,,,,,
10627,07/30/25 00:30:00,28.941,,,,,
10628,07/30/25 00:45:00,28.916,,,,,
10629,07/30/25 01:00:00,28.891,,,,,
10630,07/30/25 01:15:00,28.891,,,,,
10631,07/30/25 01:30:00,28.891,,,,,
10632,07/30/25 01:45:00,28.891,,,,,
10633,07/30/25 02:00:00,28.916,,,,,
10634,07/30/25 02:15:00,28.916,,,,,
10635,07/30/25 02:30:00,28.941,,,,,
10636,07/30/25 02:45:00,28.941,,,,,
10637,07/30/25 03:00:00,28.941,,,,,
10638,07/30/25 03:15:00,28.941,,,,,
10639,07/30/25 03:30:00,28.916,,,,,
10640,07/30/25 03:45:00,28.916,,,,,
10641,07/30/25 04:00:00,28.916,,,,,
10642,07/30/25 04:15:00,28.916,,,,,
10643,07/30/25 04:30:00,28.916,,,,,
10644,07/30/25 04:45:00,28.916,,,,,
10645,07/30/25 05:00:00,28.891,,,,,
10646,07/30/25 05:15:00,28.891,,,,,
10647,07/30/25 05:30:00,28.965,,,,,
10648,07/30/25 05:45:00,28.866,,,,,
10649,07/30/25 06:00:00,29.065,,,,,
10650,07/30/25 06:15:00,29.240,,,,,
10651,07/30/25 06:30:00,29.190,,,,,
10652,07/30/25 06:45:00,28.990,,,,,
10653,07/30/25 07:00:00,28.965,,,,,
10654,07/30/25 07:15:00,28.941,,,,,
10655,07/30/25 07:30:00,28.916,,,,,
10656,07/30/25 07:45:00,28.916,,,,,
10657,07/30/25 08:00:00,28.866,,,,,
10658,07/30/25 08:15:00,28.841,,,,,
10659,07/30/25 08:30:00,28.816,,,,,
10660,07/30/25 08:45:00,28.866,,,,,
10661,07/30/25 09:00:00,28.791,,,,,
10662,07/30/25 09:15:00,28.791,,,,,
10663,07/30/25 09:30:00,28.766,,,,,
10664,07/30/25 09:45:00,28.841,,,,,
10665,07/30/25 10:00:00,28.891,,,,,
10666,07/30/25 10:15:00,28.891,,,,,
10667,07/30/25 10:30:00,28.866,,,,,
10668,07/30/25 10:45:00,28.667,,,,,
10669,07/30/25 11:00:00,28.667,,,,,
10670,07/30/25 11:15:00,28.667,,,,,
10671,07/30/25 11:30:00,28.617,,,,,
10672,07/30/25 11:45:00,28.692,,,,,
10673,07/30/25 12:00:00,28.766,,,,,
10674,07/30/25 12:15:00,28.816,,,,,
10675,07/30/25 12:30:00,28.841,,,,,
10676,07/30/25 12:45:00,28.990,,,,,
10677,07/30/25 13:00:00,28.965,,,,,
10678,07/30/25 13:15:00,28.941,,,,,
10679,07/30/25 13:30:00,28.916,,,,,
10680,07/30/25 13:45:00,28.891,,,,,
10681,07/30/25 14:00:00,28.916,,,,,
10682,07/30/25 14:15:00,28.891,,,,,
10683,07/30/25 14:30:00,28.866,,,,,
10684,07/30/25 14:45:00,28.866,,,,,
10685,07/30/25 15:00:00,28.866,,,,,
10686,07/30/25 15:15:00,28.891,,,,,
10687,07/30/25 15:30:00,28.891,,,,,
10688,07/30/25 15:45:00,28.916,,,,,
10689,07/30/25 16:00:00,28.941,,,,,
10690,07/30/25 16:15:00,28.965,,,,,
10691,07/30/25 16:30:00,28.990,,,,,
10692,07/30/25 16:45:00,28.965,,,,,
10693,07/30/25 17:00:00,28.941,,,,,
10694,07/30/25 17:15:00,28.941,,,,,
10695,07/30/25 17:30:00,28.941,,,,,
10696,07/30/25 17:45:00,28.965,,,,,
10697,07/30/25 18:00:00,28.965,,,,,
10698,07/30/25 18:15:00,28.916,,,,,
10699,07/30/25 18:30:00,28.866,,,,,
10700,07/30/25 18:45:00,28.816,,,,,
10701,07/30/25 19:00:00,28.816,,,,,
10702,07/30/25 19:15:00,28.816,,,,,
10703,07/30/25 19:30:00,28.841,,,,,
10704,07/30/25 19:45:00,28.841,,,,,
10705,07/30/25 20:00:00,28.841,,,,,
10706,07/30/25 20:15:00,28.841,,,,,
10707,07/30/25 20:30:00,28.841,,,,,
10708,07/30/25 20:45:00,28.841,,,,,
10709,07/30/25 21:00:00,28.791,,,,,
10710,07/30/25 21:15:00,28.816,,,,,
10711,07/30/25 21:30:00,28.816,,,,,
10712,07/30/25 21:45:00,28.816,,,,,
10713,07/30/25 22:00:00,28.841,,,,,
10714,07/30/25 22:15:00,28.891,,,,,
10715,07/30/25 22:30:00,28.916,,,,,
10716,07/30/25 22:45:00,28.965,,,,,
10717,07/30/25 23:00:00,29.040,,,,,
10718,07/30/25 23:15:00,29.090,,,,,
10719,07/30/25 23:30:00,29.065,,,,,
10720,07/30/25 23:45:00,29.040,,,,,
10721,07/31/25 00:00:00,29.040,,,,,
10722,07/31/25 00:15:00,29.040,,,,,
10723,07/31/25 00:30:00,29.040,,,,,
10724,07/31/25 00:45:00,29.015,,,,,
10725,07/31/25 01:00:00,28.965,,,,,
10726,07/31/25 01:15:00,28.965,,,,,
10727,07/31/25 01:30:00,28.965,,,,,
10728,07/31/25 01:45:00,28.916,,,,,
10729,07/31/25 02:00:00,28.742,,,,,
10730,07/31/25 02:15:00,28.667,,,,,
10731,07/31/25 02:30:00,28.692,,,,,
10732,07/31/25 02:45:00,28.617,,,,,
10733,07/31/25 03:00:00,28.617,,,,,
10734,07/31/25 03:15:00,28.617,,,,,
10735,07/31/25 03:30:00,28.617,,,,,
10736,07/31/25 03:45:00,28.717,,,,,
10737,07/31/25 04:00:00,28.816,,,,,
10738,07/31/25 04:15:00,28.866,,,,,
10739,07/31/25 04:30:00,28.891,,,,,
10740,07/31/25 04:45:00,28.916,,,,,
10741,07/31/25 05:00:00,28.941,,,,,
10742,07/31/25 05:15:00,28.965,,,,,
10743,07/31/25 05:30:00,28.965,,,,,
10744,07/31/25 05:45:00,28.965,,,,,
10745,07/31/25 06:00:00,28.941,,,,,
10746,07/31/25 06:15:00,28.916,,,,,
10747,07/31/25 06:30:00,28.891,,,,,
10748,07/31/25 06:45:00,28.916,,,,,
10749,07/31/25 07:00:00,28.941,,,,,
10750,07/31/25 07:15:00,28.891,,,,,
10751,07/31/25 07:30:00,28.841,,,,,
10752,07/31/25 07:45:00,28.766,,,,,
10753,07/31/25 08:00:00,28.791,,,,,
10754,07/31/25 08:15:00,28.841,,,,,
10755,07/31/25 08:30:00,28.816,,,,,
10756,07/31/25 08:45:00,28.742,,,,,
10757,07/31/25 09:00:00,28.692,,,,,
10758,07/31/25 09:15:00,28.692,,,,,
10759,07/31/25 09:30:00,28.766,,,,,
10760,07/31/25 09:45:00,28.816,,,,,
10761,07/31/25 10:00:00,28.866,,,,,
10762,07/31/25 10:15:00,28.916,,,,,
10763,07/31/25 10:30:00,28.941,,,,,
10764,07/31/25 10:45:00,28.916,,,,,
10765,07/31/25 11:00:00,28.941,,,,,
10766,07/31/25 11:15:00,28.891,,,,,
10767,07/31/25 11:30:00,28.916,,,,,
10768,07/31/25 11:45:00,28.941,,,,,
10769,07/31/25 12:00:00,28.965,,,,,
10770,07/31/25 12:15:00,28.990,,,,,
10771,07/31/25 12:30:00,29.015,,,,,
10772,07/31/25 12:45:00,28.990,,,,,
10773,07/31/25 13:00:00,28.941,,,,,
10774,07/31/25 13:15:00,28.965,,,,,
10775,07/31/25 13:30:00,29.040,,,,,
10776,07/31/25 13:45:00,29.065,,,,,
10777,07/31/25 14:00:00,29.090,,,,,
10778,07/31/25 14:15:00,29.040,,,,,
10779,07/31/25 14:30:00,29.015,,,,,
10780,07/31/25 14:45:00,28.965,,,,,
10781,07/31/25 15:00:00,28.941,,,,,
10782,07/31/25 15:15:00,28.916,,,,,
10783,07/31/25 15:30:00,28.891,,,,,
10784,07/31/25 15:45:00,28.866,,,,,
10785,07/31/25 16:00:00,28.866,,,,,
10786,07/31/25 16:15:00,28.816,,,,,
10787,07/31/25 16:30:00,28.766,,,,,
10788,07/31/25 16:45:00,28.717,,,,,
10789,07/31/25 17:00:00,28.667,,,,,
10790,07/31/25 17:15:00,28.642,,,,,
10791,07/31/25 17:30:00,28.717,,,,,
10792,07/31/25 17:45:00,28.742,,,,,
10793,07/31/25 18:00:00,28.742,,,,,
10794,07/31/25 18:15:00,28.742,,,,,
10795,07/31/25 18:30:00,28.766,,,,,
10796,07/31/25 18:45:00,29.140,,,,,
10797,07/31/25 19:00:00,29.090,,,,,
10798,07/31/25 19:15:00,28.866,,,,,
10799,07/31/25 19:30:00,28.816,,,,,
10800,07/31/25 19:45:00,29.215,,,,,
10801,07/31/25 20:00:00,28.816,,,,,
10802,07/31/25 20:15:00,28.816,,,,,
10803,07/31/25 20:30:00,28.916,,,,,
10804,07/31/25 20:45:00,28.916,,,,,
10805,07/31/25 21:00:00,28.891,,,,,
10806,07/31/25 21:15:00,28.891,,,,,
10807,07/31/25 21:30:00,28.841,,,,,
10808,07/31/25 21:45:00,28.791,,,,,
10809,07/31/25 22:00:00,28.791,,,,,
10810,07/31/25 22:15:00,28.791,,,,,
10811,07/31/25 22:30:00,28.816,,,,,
10812,07/31/25 22:45:00,28.841,,,,,
10813,07/31/25 23:00:00,28.841,,,,,
10814,07/31/25 23:15:00,28.866,,,,,
10815,07/31/25 23:30:00,28.866,,,,,
10816,07/31/25 23:45:00,28.891,,,,,
10817,08/01/25 00:00:00,28.916,,,,,
10818,08/01/25 00:15:00,28.941,,,,,
10819,08/01/25 00:30:00,28.941,,,,,
10820,08/01/25 00:45:00,28.965,,,,,
10821,08/01/25 01:00:00,28.941,,,,,
10822,08/01/25 01:15:00,28.916,,,,,
10823,08/01/25 01:30:00,28.816,,,,,
10824,08/01/25 01:45:00,28.791,,,,,
10825,08/01/25 02:00:00,28.766,,,,,
10826,08/01/25 02:15:00,28.766,,,,,
10827,08/01/25 02:30:00,28.766,,,,,
10828,08/01/25 02:45:00,28.791,,,,,
10829,08/01/25 03:00:00,28.791,,,,,
10830,08/01/25 03:15:00,28.791,,,,,
10831,08/01/25 03:30:00,28.791,,,,,
10832,08/01/25 03:45:00,28.766,,,,,
10833,08/01/25 04:00:00,28.766,,,,,
10834,08/01/25 04:15:00,28.766,,,,,
10835,08/01/25 04:30:00,28.791,,,,,
10836,08/01/25 04:45:00,28.791,,,,,
10837,08/01/25 05:00:00,28.816,,,,,
10838,08/01/25 05:15:00,28.791,,,,,
10839,08/01/25 05:30:00,28.791,,,,,
10840,08/01/25 05:45:00,28.791,,,,,
10841,08/01/25 06:00:00,28.791,,,,,
10842,08/01/25 06:15:00,28.816,,,,,
10843,08/01/25 06:30:00,28.816,,,,,
10844,08/01/25 06:45:00,28.841,,,,,
10845,08/01/25 07:00:00,28.841,,,,,
10846,08/01/25 07:15:00,28.866,,,,,
10847,08/01/25 07:30:00,28.866,,,,,
10848,08/01/25 07:45:00,28.866,,,,,
10849,08/01/25 08:00:00,28.866,,,,,
10850,08/01/25 08:15:00,28.891,,,,,
10851,08/01/25 08:30:00,28.891,,,,,
10852,08/01/25 08:45:00,28.891,,,,,
10853,08/01/25 09:00:00,28.841,,,,,
10854,08/01/25 09:15:00,28.841,,,,,
10855,08/01/25 09:30:00,28.816,,,,,
10856,08/01/25 09:45:00,28.841,,,,,
10857,08/01/25 10:00:00,28.866,,,,,
10858,08/01/25 10:15:00,28.866,,,,,
10859,08/01/25 10:30:00,28.866,,,,,
10860,08/01/25 10:45:00,28.841,,,,,
10861,08/01/25 11:00:00,28.816,,,,,
10862,08/01/25 11:15:00,28.816,,,,,
10863,08/01/25 11:30:00,28.891,,,,,
10864,08/01/25 11:45:00,28.916,,,,,
10865,08/01/25 12:00:00,28.916,,,,,
10866,08/01/25 12:15:00,28.866,,,,,
10867,08/01/25 12:30:00,28.866,,,,,
10868,08/01/25 12:45:00,28.866,,,,,
10869,08/01/25 13:00:00,28.891,,,,,
10870,08/01/25 13:15:00,28.891,,,,,
10871,08/01/25 13:30:00,28.816,,,,,
10872,08/01/25 13:45:00,28.791,,,,,
10873,08/01/25 14:00:00,28.841,,,,,
10874,08/01/25 14:15:00,28.841,,,,,
10875,08/01/25 14:30:00,28.841,,,,,
10876,08/01/25 14:45:00,28.841,,,,,
10877,08/01/25 15:00:00,28.866,,,,,
10878,08/01/25 15:15:00,28.841,,,,,
10879,08/01/25 15:30:00,28.766,,,,,
10880,08/01/25 15:45:00,28.816,,,,,
10881,08/01/25 16:00:00,28.841,,,,,
10882,08/01/25 16:15:00,28.866,,,,,
10883,08/01/25 16:30:00,28.916,,,,,
10884,08/01/25 16:45:00,28.941,,,,,
10885,08/01/25 17:00:00,28.965,,,,,
10886,08/01/25 17:15:00,28.990,,,,,
10887,08/01/25 17:30:00,28.990,,,,,
10888,08/01/25 17:45:00,28.891,,,,,
10889,08/01/25 18:00:00,28.816,,,,,
10890,08/01/25 18:15:00,28.891,,,,,
10891,08/01/25 18:30:00,28.965,,,,,
10892,08/01/25 18:45:00,28.965,,,,,
10893,08/01/25 19:00:00,28.965,,,,,
10894,08/01/25 19:15:00,28.916,,,,,
10895,08/01/25 19:30:00,28.916,,,,,
10896,08/01/25 19:45:00,28.891,,,,,
10897,08/01/25 20:00:00,28.766,,,,,
10898,08/01/25 20:15:00,28.816,,,,,
10899,08/01/25 20:30:00,28.891,,,,,
10900,08/01/25 20:45:00,28.916,,,,,
10901,08/01/25 21:00:00,28.916,,,,,
10902,08/01/25 21:15:00,28.916,,,,,
10903,08/01/25 21:30:00,28.916,,,,,
10904,08/01/25 21:45:00,28.941,,,,,
10905,08/01/25 22:00:00,28.941,,,,,
10906,08/01/25 22:15:00,28.941,,,,,
10907,08/01/25 22:30:00,28.866,,,,,
10908,08/01/25 22:45:00,28.816,,,,,
10909,08/01/25 23:00:00,28.766,,,,,
10910,08/01/25 23:15:00,28.617,,,,,
10911,08/01/25 23:30:00,28.717,,,,,
10912,08/01/25 23:45:00,28.766,,,,,
10913,08/02/25 00:00:00,28.766,,,,,
10914,08/02/25 00:15:00,28.766,,,,,
10915,08/02/25 00:30:00,28.791,,,,,
10916,08/02/25 00:45:00,28.816,,,,,
10917,08/02/25 01:00:00,28.816,,,,,
10918,08/02/25 01:15:00,28.866,,,,,
10919,08/02/25 01:30:00,28.841,,,,,
10920,08/02/25 01:45:00,28.841,,,,,
10921,08/02/25 02:00:00,28.866,,,,,
10922,08/02/25 02:15:00,28.891,,,,,
10923,08/02/25 02:30:00,28.916,,,,,
10924,08/02/25 02:45:00,28.941,,,,,
10925,08/02/25 03:00:00,28.965,,,,,
10926,08/02/25 03:15:00,28.965,,,,,
10927,08/02/25 03:30:00,28.965,,,,,
10928,08/02/25 03:45:00,28.965,,,,,
10929,08/02/25 04:00:00,28.965,,,,,
10930,08/02/25 04:15:00,28.941,,,,,
10931,08/02/25 04:30:00,28.941,,,,,
10932,08/02/25 04:45:00,28.941,,,,,
10933,08/02/25 05:00:00,28.916,,,,,
10934,08/02/25 05:15:00,28.916,,,,,
10935,08/02/25 05:30:00,28.916,,,,,
10936,08/02/25 05:45:00,28.941,,,,,
10937,08/02/25 06:00:00,28.965,,,,,
10938,08/02/25 06:15:00,28.990,,,,,
10939,08/02/25 06:30:00,29.015,,,,,
10940,08/02/25 06:45:00,29.015,,,,,
10941,08/02/25 07:00:00,29.040,,,,,
10942,08/02/25 07:15:00,29.040,,,,,
10943,08/02/25 07:30:00,29.065,,,,,
10944,08/02/25 07:45:00,29.090,,,,,
10945,08/02/25 08:00:00,29.040,,,,,
10946,08/02/25 08:15:00,29.015,,,,,
10947,08/02/25 08:30:00,29.090,,,,,
10948,08/02/25 08:45:00,29.090,,,,,
10949,08/02/25 09:00:00,29.090,,,,,
10950,08/02/25 09:15:00,29.090,,,,,
10951,08/02/25 09:30:00,29.090,,,,,
10952,08/02/25 09:45:00,29.090,,,,,
10953,08/02/25 10:00:00,29.065,,,,,
10954,08/02/25 10:15:00,28.990,,,,,
10955,08/02/25 10:30:00,28.965,,,,,
10956,08/02/25 10:45:00,28.941,,,,,
10957,08/02/25 11:00:00,28.916,,,,,
10958,08/02/25 11:15:00,28.916,,,,,
10959,08/02/25 11:30:00,28.916,,,,,
10960,08/02/25 11:45:00,28.916,,,,,
10961,08/02/25 12:00:00,28.916,,,,,
10962,08/02/25 12:15:00,28.916,,,,,
10963,08/02/25 12:30:00,28.941,,,,,
10964,08/02/25 12:45:00,28.941,,,,,
10965,08/02/25 13:00:00,28.891,,,,,
10966,08/02/25 13:15:00,28.816,,,,,
10967,08/02/25 13:30:00,28.841,,,,,
10968,08/02/25 13:45:00,28.916,,,,,
10969,08/02/25 14:00:00,28.941,,,,,
10970,08/02/25 14:15:00,28.965,,,,,
10971,08/02/25 14:30:00,28.990,,,,,
10972,08/02/25 14:45:00,28.990,,,,,
10973,08/02/25 15:00:00,28.990,,,,,
10974,08/02/25 15:15:00,28.990,,,,,
10975,08/02/25 15:30:00,29.015,,,,,
10976,08/02/25 15:45:00,29.015,,,,,
10977,08/02/25 16:00:00,29.015,,,,,
10978,08/02/25 16:15:00,28.965,,,,,
10979,08/02/25 16:30:00,28.965,,,,,
10980,08/02/25 16:45:00,28.965,,,,,
10981,08/02/25 17:00:00,28.965,,,,,
10982,08/02/25 17:15:00,28.941,,,,,
10983,08/02/25 17:30:00,28.941,,,,,
10984,08/02/25 17:45:00,28.941,,,,,
10985,08/02/25 18:00:00,28.941,,,,,
10986,08/02/25 18:15:00,28.941,,,,,
10987,08/02/25 18:30:00,28.916,,,,,
10988,08/02/25 18:45:00,28.941,,,,,
10989,08/02/25 19:00:00,28.866,,,,,
10990,08/02/25 19:15:00,28.841,,,,,
10991,08/02/25 19:30:00,28.866,,,,,
10992,08/02/25 19:45:00,28.866,,,,,
10993,08/02/25 20:00:00,28.866,,,,,
10994,08/02/25 20:15:00,28.866,,,,,
10995,08/02/25 20:30:00,28.841,,,,,
10996,08/02/25 20:45:00,28.841,,,,,
10997,08/02/25 21:00:00,28.841,,,,,
10998,08/02/25 21:15:00,28.841,,,,,
10999,08/02/25 21:30:00,28.866,,,,,
11000,08/02/25 21:45:00,28.891,,,,,
11001,08/02/25 22:00:00,28.891,,,,,
11002,08/02/25 22:15:00,28.891,,,,,
11003,08/02/25 22:30:00,28.891,,,,,
11004,08/02/25 22:45:00,28.866,,,,,
11005,08/02/25 23:00:00,28.866,,,,,
11006,08/02/25 23:15:00,28.866,,,,,
11007,08/02/25 23:30:00,28.866,,,,,
11008,08/02/25 23:45:00,28.891,,,,,
11009,08/03/25 00:00:00,28.891,,,,,
11010,08/03/25 00:15:00,28.916,,,,,
11011,08/03/25 00:30:00,28.916,,,,,
11012,08/03/25 00:45:00,28.916,,,,,
11013,08/03/25 01:00:00,28.916,,,,,
11014,08/03/25 01:15:00,28.916,,,,,
11015,08/03/25 01:30:00,28.916,,,,,
11016,08/03/25 01:45:00,28.941,,,,,
11017,08/03/25 02:00:00,28.916,,,,,
11018,08/03/25 02:15:00,28.916,,,,,
11019,08/03/25 02:30:00,28.916,,,,,
11020,08/03/25 02:45:00,28.916,,,,,
11021,08/03/25 03:00:00,28.916,,,,,
11022,08/03/25 03:15:00,28.916,,,,,
11023,08/03/25 03:30:00,28.916,,,,,
11024,08/03/25 03:45:00,28.891,,,,,
11025,08/03/25 04:00:00,28.891,,,,,
11026,08/03/25 04:15:00,28.891,,,,,
11027,08/03/25 04:30:00,28.891,,,,,
11028,08/03/25 04:45:00,28.891,,,,,
11029,08/03/25 05:00:00,28.916,,,,,
11030,08/03/25 05:15:00,28.916,,,,,
11031,08/03/25 05:30:00,28.916,,,,,
11032,08/03/25 05:45:00,28.916,,,,,
11033,08/03/25 06:00:00,28.916,,,,,
11034,08/03/25 06:15:00,28.916,,,,,
11035,08/03/25 06:30:00,28.916,,,,,
11036,08/03/25 06:45:00,28.916,,,,,
11037,08/03/25 07:00:00,28.916,,,,,
11038,08/03/25 07:15:00,28.916,,,,,
11039,08/03/25 07:30:00,28.916,,,,,
11040,08/03/25 07:45:00,28.916,,,,,
11041,08/03/25 08:00:00,28.916,,,,,
11042,08/03/25 08:15:00,28.941,,,,,
11043,08/03/25 08:30:00,28.941,,,,,
11044,08/03/25 08:45:00,28.965,,,,,
11045,08/03/25 09:00:00,28.965,,,,,
11046,08/03/25 09:15:00,28.965,,,,,
11047,08/03/25 09:30:00,28.941,,,,,
11048,08/03/25 09:45:00,28.965,,,,,
11049,08/03/25 10:00:00,28.965,,,,,
11050,08/03/25 10:15:00,28.990,,,,,
11051,08/03/25 10:30:00,29.015,,,,,
11052,08/03/25 10:45:00,29.015,,,,,
11053,08/03/25 11:00:00,29.015,,,,,
11054,08/03/25 11:15:00,29.040,,,,,
11055,08/03/25 11:30:00,29.040,,,,,
11056,08/03/25 11:45:00,29.015,,,,,
11057,08/03/25 12:00:00,29.015,,,,,
11058,08/03/25 12:15:00,29.015,,,,,
11059,08/03/25 12:30:00,29.015,,,,,
11060,08/03/25 12:45:00,29.015,,,,,
11061,08/03/25 13:00:00,29.015,,,,,
11062,08/03/25 13:15:00,29.015,,,,,
11063,08/03/25 13:30:00,29.040,,,,,
11064,08/03/25 13:45:00,29.065,,,,,
11065,08/03/25 14:00:00,29.065,,,,,
11066,08/03/25 14:15:00,29.065,,,,,
11067,08/03/25 14:30:00,29.090,,,,,
11068,08/03/25 14:45:00,29.090,,,,,
11069,08/03/25 15:00:00,29.090,,,,,
11070,08/03/25 15:15:00,29.115,,,,,
11071,08/03/25 15:30:00,29.115,,,,,
11072,08/03/25 15:45:00,29.115,,,,,
11073,08/03/25 16:00:00,29.140,,,,,
11074,08/03/25 16:15:00,29.140,,,,,
11075,08/03/25 16:30:00,29.140,,,,,
11076,08/03/25 16:45:00,29.165,,,,,
11077,08/03/25 17:00:00,29.165,,,,,
11078,08/03/25 17:15:00,29.165,,,,,
11079,08/03/25 17:30:00,29.165,,,,,
11080,08/03/25 17:45:00,29.190,,,,,
11081,08/03/25 18:00:00,29.190,,,,,
11082,08/03/25 18:15:00,29.165,,,,,
11083,08/03/25 18:30:00,29.165,,,,,
11084,08/03/25 18:45:00,29.165,,,,,
11085,08/03/25 19:00:00,29.165,,,,,
11086,08/03/25 19:15:00,29.165,,,,,
11087,08/03/25 19:30:00,29.165,,,,,
11088,08/03/25 19:45:00,29.165,,,,,
11089,08/03/25 20:00:00,29.190,,,,,
11090,08/03/25 20:15:00,29.190,,,,,
11091,08/03/25 20:30:00,29.215,,,,,
11092,08/03/25 20:45:00,29.215,,,,,
11093,08/03/25 21:00:00,29.240,,,,,
11094,08/03/25 21:15:00,29.240,,,,,
11095,08/03/25 21:30:00,29.215,,,,,
11096,08/03/25 21:45:00,29.215,,,,,
11097,08/03/25 22:00:00,29.215,,,,,
11098,08/03/25 22:15:00,29.215,,,,,
11099,08/03/25 22:30:00,29.215,,,,,
11100,08/03/25 22:45:00,29.215,,,,,
11101,08/03/25 23:00:00,29.290,,,,,
11102,08/03/25 23:15:00,29.340,,,,,
11103,08/03/25 23:30:00,29.389,,,,,
11104,08/03/25 23:45:00,29.389,,,,,
11105,08/04/25 00:00:00,29.414,,,,,
11106,08/04/25 00:15:00,29.365,,,,,
11107,08/04/25 00:30:00,29.340,,,,,
11108,08/04/25 00:45:00,29.365,,,,,
11109,08/04/25 01:00:00,29.340,,,,,
11110,08/04/25 01:15:00,29.340,,,,,
11111,08/04/25 01:30:00,29.315,,,,,
11112,08/04/25 01:45:00,29.315,,,,,
11113,08/04/25 02:00:00,29.290,,,,,
11114,08/04/25 02:15:00,29.240,,,,,
11115,08/04/25 02:30:00,29.240,,,,,
11116,08/04/25 02:45:00,29.215,,,,,
11117,08/04/25 03:00:00,29.215,,,,,
11118,08/04/25 03:15:00,29.215,,,,,
11119,08/04/25 03:30:00,29.215,,,,,
11120,08/04/25 03:45:00,29.240,,,,,
11121,08/04/25 04:00:00,29.240,,,,,
11122,08/04/25 04:15:00,29.240,,,,,
11123,08/04/25 04:30:00,29.165,,,,,
11124,08/04/25 04:45:00,29.140,,,,,
11125,08/04/25 05:00:00,29.165,,,,,
11126,08/04/25 05:15:00,29.190,,,,,
11127,08/04/25 05:30:00,29.215,,,,,
11128,08/04/25 05:45:00,29.190,,,,,
11129,08/04/25 06:00:00,29.190,,,,,
11130,08/04/25 06:15:00,29.165,,,,,
11131,08/04/25 06:30:00,29.065,,,,,
11132,08/04/25 06:45:00,29.040,,,,,
11133,08/04/25 07:00:00,29.040,,,,,
11134,08/04/25 07:15:00,29.040,,,,,
11135,08/04/25 07:30:00,29.015,,,,,
11136,08/04/25 07:45:00,28.990,,,,,
11137,08/04/25 08:00:00,28.941,,,,,
11138,08/04/25 08:15:00,28.965,,,,,
11139,08/04/25 08:30:00,28.965,,,,,
11140,08/04/25 08:45:00,28.990,,,,,
11141,08/04/25 09:00:00,28.990,,,,,
11142,08/04/25 09:15:00,28.990,,,,,
11143,08/04/25 09:30:00,28.990,,,,,
11144,08/04/25 09:45:00,28.990,,,,,
11145,08/04/25 10:00:00,29.015,,,,,
11146,08/04/25 10:15:00,29.015,,,,,
11147,08/04/25 10:30:00,29.015,,,,,
11148,08/04/25 10:45:00,28.990,,,,,
11149,08/04/25 11:00:00,29.015,,,,,
11150,08/04/25 11:15:00,29.015,,,,,
11151,08/04/25 11:30:00,29.015,,,,,
11152,08/04/25 11:45:00,29.015,,,,,
11153,08/04/25 12:00:00,29.040,,,,,
11154,08/04/25 12:15:00,29.065,,,,,
11155,08/04/25 12:30:00,29.065,,,,,
11156,08/04/25 12:45:00,29.090,,,,,
11157,08/04/25 13:00:00,29.090,,,,,
11158,08/04/25 13:15:00,29.090,,,,,
11159,08/04/25 13:30:00,29.115,,,,,
11160,08/04/25 13:45:00,29.115,,,,,
11161,08/04/25 14:00:00,29.115,,,,,
11162,08/04/25 14:15:00,29.115,,,,,
11163,08/04/25 14:30:00,29.115,,,,,
11164,08/04/25 14:45:00,29.115,,,,,
11165,08/04/25 15:00:00,29.140,,,,,
11166,08/04/25 15:15:00,29.140,,,,,
11167,08/04/25 15:30:00,29.140,,,,,
11168,08/04/25 15:45:00,29.140,,,,,
11169,08/04/25 16:00:00,29.115,,,,,
11170,08/04/25 16:15:00,29.115,,,,,
11171,08/04/25 16:30:00,29.115,,,,,
11172,08/04/25 16:45:00,29.115,,,,,
11173,08/04/25 17:00:00,29.115,,,,,
11174,08/04/25 17:15:00,29.090,,,,,
11175,08/04/25 17:30:00,29.090,,,,,
11176,08/04/25 17:45:00,29.115,,,,,
11177,08/04/25 18:00:00,29.115,,,,,
11178,08/04/25 18:15:00,29.090,,,,,
11179,08/04/25 18:30:00,29.090,,,,,
11180,08/04/25 18:45:00,29.065,,,,,
11181,08/04/25 19:00:00,29.065,,,,,
11182,08/04/25 19:15:00,29.040,,,,,
11183,08/04/25 19:30:00,29.065,,,,,
11184,08/04/25 19:45:00,29.065,,,,,
11185,08/04/25 20:00:00,29.065,,,,,
11186,08/04/25 20:15:00,29.065,,,,,
11187,08/04/25 20:30:00,29.065,,,,,
11188,08/04/25 20:45:00,29.040,,,,,
11189,08/04/25 21:00:00,29.040,,,,,
11190,08/04/25 21:15:00,29.140,,,,,
11191,08/04/25 21:30:00,29.090,,,,,
11192,08/04/25 21:45:00,29.265,,,,,
11193,08/04/25 22:00:00,29.190,,,,,
11194,08/04/25 22:15:00,29.190,,,,,
11195,08/04/25 22:30:00,29.090,,,,,
11196,08/04/25 22:45:00,29.065,,,,,
11197,08/04/25 23:00:00,29.065,,,,,
11198,08/04/25 23:15:00,29.065,,,,,
11199,08/04/25 23:30:00,29.115,,,,,
11200,08/04/25 23:45:00,29.115,,,,,
11201,08/05/25 00:00:00,29.090,,,,,
11202,08/05/25 00:15:00,29.040,,,,,
11203,08/05/25 00:30:00,29.040,,,,,
11204,08/05/25 00:45:00,29.040,,,,,
11205,08/05/25 01:00:00,29.015,,,,,
11206,08/05/25 01:15:00,28.990,,,,,
11207,08/05/25 01:30:00,28.866,,,,,
11208,08/05/25 01:45:00,28.866,,,,,
11209,08/05/25 02:00:00,28.941,,,,,
11210,08/05/25 02:15:00,28.965,,,,,
11211,08/05/25 02:30:00,28.965,,,,,
11212,08/05/25 02:45:00,28.916,,,,,
11213,08/05/25 03:00:00,28.916,,,,,
11214,08/05/25 03:15:00,28.916,,,,,
11215,08/05/25 03:30:00,28.916,,,,,
11216,08/05/25 03:45:00,28.916,,,,,
11217,08/05/25 04:00:00,28.916,,,,,
11218,08/05/25 04:15:00,28.916,,,,,
11219,08/05/25 04:30:00,28.941,,,,,
11220,08/05/25 04:45:00,28.990,,,,,
11221,08/05/25 05:00:00,29.015,,,,,
11222,08/05/25 05:15:00,29.015,,,,,
11223,08/05/25 05:30:00,29.040,,,,,
11224,08/05/25 05:45:00,29.065,,,,,
11225,08/05/25 06:00:00,29.065,,,,,
11226,08/05/25 06:15:00,29.090,,,,,
11227,08/05/25 06:30:00,29.090,,,,,
11228,08/05/25 06:45:00,29.115,,,,,
11229,08/05/25 07:00:00,29.115,,,,,
11230,08/05/25 07:15:00,29.115,,,,,
11231,08/05/25 07:30:00,29.140,,,,,
11232,08/05/25 07:45:00,29.040,,,,,
11233,08/05/25 08:00:00,29.065,,,,,
11234,08/05/25 08:15:00,29.065,,,,,
11235,08/05/25 08:30:00,29.090,,,,,
11236,08/05/25 08:45:00,29.090,,,,,
11237,08/05/25 09:00:00,29.115,,,,,
11238,08/05/25 09:15:00,29.115,,,,,
11239,08/05/25 09:30:00,29.115,,,,,
11240,08/05/25 09:45:00,29.115,,,,,
11241,08/05/25 10:00:00,29.115,,,,,
11242,08/05/25 10:15:00,29.115,,,,,
11243,08/05/25 10:30:00,29.115,,,,,
11244,08/05/25 10:45:00,29.140,,,,,
11245,08/05/25 11:00:00,29.165,,,,,
11246,08/05/25 11:15:00,29.190,,,,,
11247,08/05/25 11:30:00,29.190,,,,,
11248,08/05/25 11:45:00,29.190,,,,,
11249,08/05/25 12:00:00,29.215,,,,,
11250,08/05/25 12:15:00,29.240,,,,,
11251,08/05/25 12:30:00,29.240,,,,,
11252,08/05/25 12:45:00,29.265,,,,,
11253,08/05/25 13:00:00,29.290,,,,,
11254,08/05/25 13:15:00,29.240,,,,,
11255,08/05/25 13:30:00,29.265,,,,,
11256,08/05/25 13:45:00,29.290,,,,,
11257,08/05/25 14:00:00,29.315,,,,,
11258,08/05/25 14:15:00,29.340,,,,,
11259,08/05/25 14:30:00,29.365,,,,,
11260,08/05/25 14:45:00,29.365,,,,,
11261,08/05/25 15:00:00,29.389,,,,,
11262,08/05/25 15:15:00,29.439,,,,,
11263,08/05/25 15:30:00,29.590,,,,,
11264,08/05/25 15:45:00,29.565,,,,,
11265,08/05/25 16:00:00,29.540,,,,,
11266,08/05/25 16:15:00,29.515,,,,,
11267,08/05/25 16:30:00,29.515,,,,,
11268,08/05/25 16:45:00,29.490,,,,,
11269,08/05/25 17:00:00,29.464,,,,,
11270,08/05/25 17:15:00,29.439,,,,,
11271,08/05/25 17:30:00,29.439,,,,,
11272,08/05/25 17:45:00,29.439,,,,,
11273,08/05/25 18:00:00,29.439,,,,,
11274,08/05/25 18:15:00,29.439,,,,,
11275,08/05/25 18:30:00,29.439,,,,,
11276,08/05/25 18:45:00,29.439,,,,,
11277,08/05/25 19:00:00,29.439,,,,,
11278,08/05/25 19:15:00,29.414,,,,,
11279,08/05/25 19:30:00,29.414,,,,,
11280,08/05/25 19:45:00,29.439,,,,,
11281,08/05/25 20:00:00,29.439,,,,,
11282,08/05/25 20:15:00,29.439,,,,,
11283,08/05/25 20:30:00,29.414,,,,,
11284,08/05/25 20:45:00,29.414,,,,,
11285,08/05/25 21:00:00,29.414,,,,,
11286,08/05/25 21:15:00,29.389,,,,,
11287,08/05/25 21:30:00,29.389,,,,,
11288,08/05/25 21:45:00,29.414,,,,,
11289,08/05/25 22:00:00,29.540,,,,,
11290,08/05/25 22:15:00,29.640,,,,,
11291,08/05/25 22:30:00,29.790,,,,,
11292,08/05/25 22:45:00,29.916,,,,,
11293,08/05/25 23:00:00,29.941,,,,,
11294,08/05/25 23:15:00,29.840,,,,,
11295,08/05/25 23:30:00,29.815,,,,,
11296,08/05/25 23:45:00,29.790,,,,,
11297,08/06/25 00:00:00,29.740,,,,,
11298,08/06/25 00:15:00,29.765,,,,,
11299,08/06/25 00:30:00,29.790,,,,,
11300,08/06/25 00:45:00,29.790,,,,,
11301,08/06/25 01:00:00,29.715,,,,,
11302,08/06/25 01:15:00,29.615,,,,,
11303,08/06/25 01:30:00,29.540,,,,,
11304,08/06/25 01:45:00,29.565,,,,,
11305,08/06/25 02:00:00,29.515,,,,,
11306,08/06/25 02:15:00,29.515,,,,,
11307,08/06/25 02:30:00,29.490,,,,,
11308,08/06/25 02:45:00,29.439,,,,,
11309,08/06/25 03:00:00,29.389,,,,,
11310,08/06/25 03:15:00,29.315,,,,,
11311,08/06/25 03:30:00,29.315,,,,,
11312,08/06/25 03:45:00,29.340,,,,,
11313,08/06/25 04:00:00,29.315,,,,,
11314,08/06/25 04:15:00,29.315,,,,,
11315,08/06/25 04:30:00,29.315,,,,,
11316,08/06/25 04:45:00,29.315,,,,,
11317,08/06/25 05:00:00,29.290,,,,,
11318,08/06/25 05:15:00,29.290,,,,,
11319,08/06/25 05:30:00,29.290,,,,,
11320,08/06/25 05:45:00,29.290,,,,,
11321,08/06/25 06:00:00,29.290,,,,,
11322,08/06/25 06:15:00,29.265,,,,,
11323,08/06/25 06:30:00,29.265,,,,,
11324,08/06/25 06:45:00,29.265,,,,,
11325,08/06/25 07:00:00,29.265,,,,,
11326,08/06/25 07:15:00,29.265,,,,,
11327,08/06/25 07:30:00,29.240,,,,,
11328,08/06/25 07:45:00,29.240,,,,,
11329,08/06/25 08:00:00,29.240,,,,,
11330,08/06/25 08:15:00,29.215,,,,,
11331,08/06/25 08:30:00,29.240,,,,,
11332,08/06/25 08:45:00,29.240,,,,,
11333,08/06/25 09:00:00,29.265,,,,,
11334,08/06/25 09:15:00,29.265,,,,,
11335,08/06/25 09:30:00,29.265,,,,,
11336,08/06/25 09:45:00,29.265,,,,,
11337,08/06/25 10:00:00,29.315,,,,,
11338,08/06/25 10:15:00,29.365,,,,,
11339,08/06/25 10:30:00,29.414,,,,,
11340,08/06/25 10:45:00,29.464,,,,,
11341,08/06/25 11:00:00,29.490,,,,,
11342,08/06/25 11:15:00,29.490,,,,,
11343,08/06/25 11:30:00,29.414,,,,,
11344,08/06/25 11:45:00,29.389,,,,,
11345,08/06/25 12:00:00,29.340,,,,,
11346,08/06/25 12:15:00,29.340,,,,,
11347,08/06/25 12:30:00,29.389,,,,,
11348,08/06/25 12:45:00,29.490,,,,,
11349,08/06/25 13:00:00,29.565,,,,,
11350,08/06/25 13:15:00,29.665,,,,,
11351,08/06/25 13:30:00,29.765,,,,,
11352,08/06/25 13:45:00,29.590,,,,,
11353,08/06/25 14:00:00,29.290,,,,,
11354,08/06/25 14:15:00,29.265,,,,,
11355,08/06/25 14:30:00,29.315,,,,,
11356,08/06/25 14:45:00,29.389,,,,,
11357,08/06/25 15:00:00,29.439,,,,,
11358,08/06/25 15:15:00,29.540,,,,,
11359,08/06/25 15:30:00,29.565,,,,,
11360,08/06/25 15:45:00,29.515,,,,,
11361,08/06/25 16:00:00,29.389,,,,,
11362,08/06/25 16:15:00,29.315,,,,,
11363,08/06/25 16:30:00,29.315,,,,,
11364,08/06/25 16:45:00,29.315,,,,,
11365,08/06/25 17:00:00,29.490,,,,,
11366,08/06/25 17:15:00,29.515,,,,,
11367,08/06/25 17:30:00,29.615,,,,,
11368,08/06/25 17:45:00,29.590,,,,,
11369,08/06/25 18:00:00,29.565,,,,,
11370,08/06/25 18:15:00,29.540,,,,,
11371,08/06/25 18:30:00,29.490,,,,,
11372,08/06/25 18:45:00,29.389,,,,,
11373,08/06/25 19:00:00,29.365,,,,,
11374,08/06/25 19:15:00,29.365,,,,,
11375,08/06/25 19:30:00,29.414,,,,,
11376,08/06/25 19:45:00,29.464,,,,,
11377,08/06/25 20:00:00,29.540,,,,,
11378,08/06/25 20:15:00,29.565,,,,,
11379,08/06/25 20:30:00,29.590,,,,,
11380,08/06/25 20:45:00,29.590,,,,,
11381,08/06/25 21:00:00,29.615,,,,,
11382,08/06/25 21:15:00,29.665,,,,,
11383,08/06/25 21:30:00,29.640,,,,,
11384,08/06/25 21:45:00,29.565,,,,,
11385,08/06/25 22:00:00,29.464,,,,,
11386,08/06/25 22:15:00,29.389,,,,,
11387,08/06/25 22:30:00,29.340,,,,,
11388,08/06/25 22:45:00,29.340,,,,,
11389,08/06/25 23:00:00,29.365,,,,,
11390,08/06/25 23:15:00,29.340,,,,,
11391,08/06/25 23:30:00,29.340,,,,,
11392,08/06/25 23:45:00,29.340,,,,,
11393,08/07/25 00:00:00,29.340,,,,,
11394,08/07/25 00:15:00,29.315,,,,,
11395,08/07/25 00:30:00,29.340,,,,,
11396,08/07/25 00:45:00,29.340,,,,,
11397,08/07/25 01:00:00,29.340,,,,,
11398,08/07/25 01:15:00,29.340,,,,,
11399,08/07/25 01:30:00,29.315,,,,,
11400,08/07/25 01:45:00,29.315,,,,,
11401,08/07/25 02:00:00,29.315,,,,,
11402,08/07/25 02:15:00,29.340,,,,,
11403,08/07/25 02:30:00,29.340,,,,,
11404,08/07/25 02:45:00,29.290,,,,,
11405,08/07/25 03:00:00,29.290,,,,,
11406,08/07/25 03:15:00,29.290,,,,,
11407,08/07/25 03:30:00,29.315,,,,,
11408,08/07/25 03:45:00,29.315,,,,,
11409,08/07/25 04:00:00,29.315,,,,,
11410,08/07/25 04:15:00,29.290,,,,,
11411,08/07/25 04:30:00,29.290,,,,,
11412,08/07/25 04:45:00,29.290,,,,,
11413,08/07/25 05:00:00,29.290,,,,,
11414,08/07/25 05:15:00,29.265,,,,,
11415,08/07/25 05:30:00,29.265,,,,,
11416,08/07/25 05:45:00,29.265,,,,,
11417,08/07/25 06:00:00,29.265,,,,,
11418,08/07/25 06:15:00,29.290,,,,,
11419,08/07/25 06:30:00,29.290,,,,,
11420,08/07/25 06:45:00,29.290,,,,,
11421,08/07/25 07:00:00,29.290,,,,,
11422,08/07/25 07:15:00,29.290,,,,,
11423,08/07/25 07:30:00,29.240,,,,,
11424,08/07/25 07:45:00,29.115,,,,,
11425,08/07/25 08:00:00,29.040,,,,,
11426,08/07/25 08:15:00,29.040,,,,,
11427,08/07/25 08:30:00,29.040,,,,,
11428,08/07/25 08:45:00,29.065,,,,,
11429,08/07/25 09:00:00,29.090,,,,,
11430,08/07/25 09:15:00,29.140,,,,,
11431,08/07/25 09:30:00,29.190,,,,,
11432,08/07/25 09:45:00,29.215,,,,,
11433,08/07/25 10:00:00,29.265,,,,,
11434,08/07/25 10:15:00,29.290,,,,,
11435,08/07/25 10:30:00,29.315,,,,,
11436,08/07/25 10:45:00,29.340,,,,,
11437,08/07/25 11:00:00,29.365,,,,,
11438,08/07/25 11:15:00,29.365,,,,,
11439,08/07/25 11:30:00,29.389,,,,,
11440,08/07/25 11:45:00,29.414,,,,,
11441,08/07/25 12:00:00,29.439,,,,,
11442,08/07/25 12:15:00,29.464,,,,,
11443,08/07/25 12:30:00,29.464,,,,,
11444,08/07/25 12:45:00,29.490,,,,,
11445,08/07/25 13:00:00,29.490,,,,,
11446,08/07/25 13:15:00,29.490,,,,,
11447,08/07/25 13:30:00,29.490,,,,,
11448,08/07/25 13:45:00,29.515,,,,,
11449,08/07/25 14:00:00,29.515,,,,,
11450,08/07/25 14:15:00,29.464,,,,,
11451,08/07/25 14:30:00,29.490,,,,,
11452,08/07/25 14:45:00,29.515,,,,,
11453,08/07/25 15:00:00,29.565,,,,,
11454,08/07/25 15:15:00,29.590,,,,,
11455,08/07/25 15:30:00,29.690,,,,,
11456,08/07/25 15:45:00,29.690,,,,,
11457,08/07/25 16:00:00,29.640,,,,,
11458,08/07/25 16:15:00,29.590,,,,,
11459,08/07/25 16:30:00,29.615,,,,,
11460,08/07/25 16:45:00,29.615,,,,,
11461,08/07/25 17:00:00,29.640,,,,,
11462,08/07/25 17:15:00,29.640,,,,,
11463,08/07/25 17:30:00,29.640,,,,,
11464,08/07/25 17:45:00,29.615,,,,,
11465,08/07/25 18:00:00,29.590,,,,,
11466,08/07/25 18:15:00,29.615,,,,,
11467,08/07/25 18:30:00,29.615,,,,,
11468,08/07/25 18:45:00,29.615,,,,,
11469,08/07/25 19:00:00,29.615,,,,,
11470,08/07/25 19:15:00,29.765,,,,,
11471,08/07/25 19:30:00,29.640,,,,,
11472,08/07/25 19:45:00,29.665,,,,,
11473,08/07/25 20:00:00,29.740,,,,,
11474,08/07/25 20:15:00,29.765,,,,,
11475,08/07/25 20:30:00,29.790,,,,,
11476,08/07/25 20:45:00,29.765,,,,,
11477,08/07/25 21:00:00,29.715,,,,,
11478,08/07/25 21:15:00,29.665,,,,,
11479,08/07/25 21:30:00,29.615,,,,,
11480,08/07/25 21:45:00,29.615,,,,,
11481,08/07/25 22:00:00,29.590,,,,,
11482,08/07/25 22:15:00,29.540,,,,,
11483,08/07/25 22:30:00,29.540,,,,,
11484,08/07/25 22:45:00,29.515,,,,,
11485,08/07/25 23:00:00,29.515,,,,,
11486,08/07/25 23:15:00,29.515,,,,,
11487,08/07/25 23:30:00,29.515,,,,,
11488,08/07/25 23:45:00,29.515,,,,,
11489,08/08/25 00:00:00,29.515,,,,,
11490,08/08/25 00:15:00,29.464,,,,,
11491,08/08/25 00:30:00,29.464,,,,,
11492,08/08/25 00:45:00,29.464,,,,,
11493,08/08/25 01:00:00,29.464,,,,,
11494,08/08/25 01:15:00,29.439,,,,,
11495,08/08/25 01:30:00,29.439,,,,,
11496,08/08/25 01:45:00,29.439,,,,,
11497,08/08/25 02:00:00,29.490,,,,,
11498,08/08/25 02:15:00,29.490,,,,,
11499,08/08/25 02:30:00,29.640,,,,,
11500,08/08/25 02:45:00,29.715,,,,,
11501,08/08/25 03:00:00,29.715,,,,,
11502,08/08/25 03:15:00,29.740,,,,,
11503,08/08/25 03:30:00,29.740,,,,,
11504,08/08/25 03:45:00,29.740,,,,,
11505,08/08/25 04:00:00,29.740,,,,,
11506,08/08/25 04:15:00,29.715,,,,,
11507,08/08/25 04:30:00,29.615,,,,,
11508,08/08/25 04:45:00,29.540,,,,,
11509,08/08/25 05:00:00,29.515,,,,,
11510,08/08/25 05:15:00,29.515,,,,,
11511,08/08/25 05:30:00,29.414,,,,,
11512,08/08/25 05:45:00,29.389,,,,,
11513,08/08/25 06:00:00,29.365,,,,,
11514,08/08/25 06:15:00,29.365,,,,,
11515,08/08/25 06:30:00,29.365,,,,,
11516,08/08/25 06:45:00,29.414,,,,,
11517,08/08/25 07:00:00,29.464,,,,,
11518,08/08/25 07:15:00,29.414,,,,,
11519,08/08/25 07:30:00,29.389,,,,,
11520,08/08/25 07:45:00,29.439,,,,,
11521,08/08/25 08:00:00,29.365,,,,,
11522,08/08/25 08:15:00,29.340,,,,,
11523,08/08/25 08:30:00,29.340,,,,,
11524,08/08/25 08:45:00,29.340,,,,,
11525,08/08/25 09:00:00,29.365,,,,,
11526,08/08/25 09:15:00,29.389,,,,,
11527,08/08/25 09:30:00,29.439,,,,,
11528,08/08/25 09:45:00,29.464,,,,,
11529,08/08/25 10:00:00,29.464,,,,,
11530,08/08/25 10:15:00,29.439,,,,,
11531,08/08/25 10:30:00,29.414,,,,,
11532,08/08/25 10:45:00,29.389,,,,,
11533,08/08/25 11:00:00,29.414,,,,,
11534,08/08/25 11:15:00,29.439,,,,,
11535,08/08/25 11:30:00,29.414,,,,,
11536,08/08/25 11:45:00,29.389,,,,,
11537,08/08/25 12:00:00,29.414,,,,,
11538,08/08/25 12:15:00,29.414,,,,,
11539,08/08/25 12:30:00,29.414,,,,,
11540,08/08/25 12:45:00,29.414,,,,,
11541,08/08/25 13:00:00,29.414,,,,,
11542,08/08/25 13:15:00,29.439,,,,,
11543,08/08/25 13:30:00,29.439,,,,,
11544,08/08/25 13:45:00,29.439,,,,,
11545,08/08/25 14:00:00,29.439,,,,,
11546,08/08/25 14:15:00,29.439,,,,,
11547,08/08/25 14:30:00,29.439,,,,,
11548,08/08/25 14:45:00,29.439,,,,,
11549,08/08/25 15:00:00,29.464,,,,,
11550,08/08/25 15:15:00,29.439,,,,,
11551,08/08/25 15:30:00,29.414,,,,,
11552,08/08/25 15:45:00,29.414,,,,,
11553,08/08/25 16:00:00,29.414,,,,,
11554,08/08/25 16:15:00,29.414,,,,,
11555,08/08/25 16:30:00,29.414,,,,,
11556,08/08/25 16:45:00,29.414,,,,,
11557,08/08/25 17:00:00,29.414,,,,,
11558,08/08/25 17:15:00,29.414,,,,,
11559,08/08/25 17:30:00,29.565,,,,,
11560,08/08/25 17:45:00,29.966,,,,,
11561,08/08/25 18:00:00,29.991,,,,,
11562,08/08/25 18:15:00,30.016,,,,,
11563,08/08/25 18:30:00,30.041,,,,,
11564,08/08/25 18:45:00,30.041,,,,,
11565,08/08/25 19:00:00,30.041,,,,,
11566,08/08/25 19:15:00,30.041,,,,,
11567,08/08/25 19:30:00,30.016,,,,,
11568,08/08/25 19:45:00,30.016,,,,,
11569,08/08/25 20:00:00,30.016,,,,,
11570,08/08/25 20:15:00,30.016,,,,,
11571,08/08/25 20:30:00,30.016,,,,,
11572,08/08/25 20:45:00,30.016,,,,,
11573,08/08/25 21:00:00,29.966,,,,,
11574,08/08/25 21:15:00,29.966,,,,,
11575,08/08/25 21:30:00,29.941,,,,,
11576,08/08/25 21:45:00,29.941,,,,,
11577,08/08/25 22:00:00,29.941,,,,,
11578,08/08/25 22:15:00,29.941,,,,,
11579,08/08/25 22:30:00,29.941,,,,,
11580,08/08/25 22:45:00,29.941,,,,,
11581,08/08/25 23:00:00,29.916,,,,,
11582,08/08/25 23:15:00,29.916,,,,,
11583,08/08/25 23:30:00,29.916,,,,,
11584,08/08/25 23:45:00,29.916,,,,,
11585,08/09/25 00:00:00,29.916,,,,,
11586,08/09/25 00:15:00,29.916,,,,,
11587,08/09/25 00:30:00,29.916,,,,,
11588,08/09/25 00:45:00,29.916,,,,,
11589,08/09/25 01:00:00,29.916,,,,,
11590,08/09/25 01:15:00,29.865,,,,,
11591,08/09/25 01:30:00,29.840,,,,,
11592,08/09/25 01:45:00,29.815,,,,,
11593,08/09/25 02:00:00,29.790,,,,,
11594,08/09/25 02:15:00,29.740,,,,,
11595,08/09/25 02:30:00,29.715,,,,,
11596,08/09/25 02:45:00,29.715,,,,,
11597,08/09/25 03:00:00,29.765,,,,,
11598,08/09/25 03:15:00,29.790,,,,,
11599,08/09/25 03:30:00,29.790,,,,,
11600,08/09/25 03:45:00,29.740,,,,,
11601,08/09/25 04:00:00,29.715,,,,,
11602,08/09/25 04:15:00,29.715,,,,,
11603,08/09/25 04:30:00,29.715,,,,,
11604,08/09/25 04:45:00,29.715,,,,,
11605,08/09/25 05:00:00,29.715,,,,,
11606,08/09/25 05:15:00,29.715,,,,,
11607,08/09/25 05:30:00,29.715,,,,,
11608,08/09/25 05:45:00,29.690,,,,,
11609,08/09/25 06:00:00,29.615,,,,,
11610,08/09/25 06:15:00,29.540,,,,,
11611,08/09/25 06:30:00,29.515,,,,,
11612,08/09/25 06:45:00,29.490,,,,,
11613,08/09/25 07:00:00,29.515,,,,,
11614,08/09/25 07:15:00,29.490,,,,,
11615,08/09/25 07:30:00,29.490,,,,,
11616,08/09/25 07:45:00,29.464,,,,,
11617,08/09/25 08:00:00,29.439,,,,,
11618,08/09/25 08:15:00,29.439,,,,,
11619,08/09/25 08:30:00,29.439,,,,,
11620,08/09/25 08:45:00,29.439,,,,,
11621,08/09/25 09:00:00,29.439,,,,,
11622,08/09/25 09:15:00,29.439,,,,,
11623,08/09/25 09:30:00,29.414,,,,,
11624,08/09/25 09:45:00,29.439,,,,,
11625,08/09/25 10:00:00,29.490,,,,,
11626,08/09/25 10:15:00,29.515,,,,,
11627,08/09/25 10:30:00,29.515,,,,,
11628,08/09/25 10:45:00,29.590,,,,,
11629,08/09/25 11:00:00,29.640,,,,,
11630,08/09/25 11:15:00,29.615,,,,,
11631,08/09/25 11:30:00,29.565,,,,,
11632,08/09/25 11:45:00,29.515,,,,,
11633,08/09/25 12:00:00,29.490,,,,,
11634,08/09/25 12:15:00,29.464,,,,,
11635,08/09/25 12:30:00,29.490,,,,,
11636,08/09/25 12:45:00,29.490,,,,,
11637,08/09/25 13:00:00,29.515,,,,,
11638,08/09/25 13:15:00,29.515,,,,,
11639,08/09/25 13:30:00,29.515,,,,,
11640,08/09/25 13:45:00,29.515,,,,,
11641,08/09/25 14:00:00,29.540,,,,,
11642,08/09/25 14:15:00,29.540,,,,,
11643,08/09/25 14:30:00,29.540,,,,,
11644,08/09/25 14:45:00,29.540,,,,,
11645,08/09/25 15:00:00,29.515,,,,,
11646,08/09/25 15:15:00,29.490,,,,,
11647,08/09/25 15:30:00,29.490,,,,,
11648,08/09/25 15:45:00,29.490,,,,,
11649,08/09/25 16:00:00,29.515,,,,,
11650,08/09/25 16:15:00,29.840,,,,,
11651,08/09/25 16:30:00,29.916,,,,,
11652,08/09/25 16:45:00,29.790,,,,,
11653,08/09/25 17:00:00,29.615,,,,,
11654,08/09/25 17:15:00,29.565,,,,,
11655,08/09/25 17:30:00,29.515,,,,,
11656,08/09/25 17:45:00,29.515,,,,,
11657,08/09/25 18:00:00,29.490,,,,,
11658,08/09/25 18:15:00,29.464,,,,,
11659,08/09/25 18:30:00,29.490,,,,,
11660,08/09/25 18:45:00,29.490,,,,,
11661,08/09/25 19:00:00,29.490,,,,,
11662,08/09/25 19:15:00,29.490,,,,,
11663,08/09/25 19:30:00,29.540,,,,,
11664,08/09/25 19:45:00,29.540,,,,,
11665,08/09/25 20:00:00,29.590,,,,,
11666,08/09/25 20:15:00,29.615,,,,,
11667,08/09/25 20:30:00,29.640,,,,,
11668,08/09/25 20:45:00,29.740,,,,,
11669,08/09/25 21:00:00,29.865,,,,,
11670,08/09/25 21:15:00,29.865,,,,,
11671,08/09/25 21:30:00,29.840,,,,,
11672,08/09/25 21:45:00,29.840,,,,,
11673,08/09/25 22:00:00,29.865,,,,,
11674,08/09/25 22:15:00,29.890,,,,,
11675,08/09/25 22:30:00,29.890,,,,,
11676,08/09/25 22:45:00,29.890,,,,,
11677,08/09/25 23:00:00,29.865,,,,,
11678,08/09/25 23:15:00,29.865,,,,,
11679,08/09/25 23:30:00,29.865,,,,,
11680,08/09/25 23:45:00,29.865,,,,,
11681,08/10/25 00:00:00,29.865,,,,,
11682,08/10/25 00:15:00,29.840,,,,,
11683,08/10/25 00:30:00,29.790,,,,,
11684,08/10/25 00:45:00,29.765,,,,,
11685,08/10/25 01:00:00,29.640,,,,,
11686,08/10/25 01:15:00,29.590,,,,,
11687,08/10/25 01:30:00,29.540,,,,,
11688,08/10/25 01:45:00,29.515,,,,,
11689,08/10/25 02:00:00,29.490,,,,,
11690,08/10/25 02:15:00,29.490,,,,,
11691,08/10/25 02:30:00,29.515,,,,,
11692,08/10/25 02:45:00,29.490,,,,,
11693,08/10/25 03:00:00,29.464,,,,,
11694,08/10/25 03:15:00,29.464,,,,,
11695,08/10/25 03:30:00,29.464,,,,,
11696,08/10/25 03:45:00,29.464,,,,,
11697,08/10/25 04:00:00,29.464,,,,,
11698,08/10/25 04:15:00,29.439,,,,,
11699,08/10/25 04:30:00,29.439,,,,,
11700,08/10/25 04:45:00,29.464,,,,,
11701,08/10/25 05:00:00,29.439,,,,,
11702,08/10/25 05:15:00,29.439,,,,,
11703,08/10/25 05:30:00,29.439,,,,,
11704,08/10/25 05:45:00,29.439,,,,,
11705,08/10/25 06:00:00,29.439,,,,,
11706,08/10/25 06:15:00,29.439,,,,,
11707,08/10/25 06:30:00,29.439,,,,,
11708,08/10/25 06:45:00,29.439,,,,,
11709,08/10/25 07:00:00,29.414,,,,,
11710,08/10/25 07:15:00,29.439,,,,,
11711,08/10/25 07:30:00,29.439,,,,,
11712,08/10/25 07:45:00,29.464,,,,,
11713,08/10/25 08:00:00,29.464,,,,,
11714,08/10/25 08:15:00,29.464,,,,,
11715,08/10/25 08:30:00,29.464,,,,,
11716,08/10/25 08:45:00,29.464,,,,,
11717,08/10/25 09:00:00,29.464,,,,,
11718,08/10/25 09:15:00,29.490,,,,,
11719,08/10/25 09:30:00,29.490,,,,,
11720,08/10/25 09:45:00,29.490,,,,,
11721,08/10/25 10:00:00,29.490,,,,,
11722,08/10/25 10:15:00,29.515,,,,,
11723,08/10/25 10:30:00,29.515,,,,,
11724,08/10/25 10:45:00,29.515,,,,,
11725,08/10/25 11:00:00,29.515,,,,,
11726,08/10/25 11:15:00,29.515,,,,,
11727,08/10/25 11:30:00,29.540,,,,,
11728,08/10/25 11:45:00,29.540,,,,,
11729,08/10/25 12:00:00,29.540,,,,,
11730,08/10/25 12:15:00,29.615,,,,,
11731,08/10/25 12:30:00,29.815,,,,,
11732,08/10/25 12:45:00,29.865,,,,,
11733,08/10/25 13:00:00,29.865,,,,,
11734,08/10/25 13:15:00,29.840,,,,,
11735,08/10/25 13:30:00,29.815,,,,,
11736,08/10/25 13:45:00,29.941,,,,,
11737,08/10/25 14:00:00,29.840,,,,,
11738,08/10/25 14:15:00,29.765,,,,,
11739,08/10/25 14:30:00,29.765,,,,,
11740,08/10/25 14:45:00,29.765,,,,,
11741,08/10/25 15:00:00,29.790,,,,,
11742,08/10/25 15:15:00,29.815,,,,,
11743,08/10/25 15:30:00,29.840,,,,,
11744,08/10/25 15:45:00,30.117,,,,,
11745,08/10/25 16:00:00,30.142,,,,,
11746,08/10/25 16:15:00,30.192,,,,,
11747,08/10/25 16:30:00,30.192,,,,,
11748,08/10/25 16:45:00,30.217,,,,,
11749,08/10/25 17:00:00,30.217,,,,,
11750,08/10/25 17:15:00,30.217,,,,,
11751,08/10/25 17:30:00,30.217,,,,,
11752,08/10/25 17:45:00,30.217,,,,,
11753,08/10/25 18:00:00,30.217,,,,,
11754,08/10/25 18:15:00,30.167,,,,,
11755,08/10/25 18:30:00,30.167,,,,,
11756,08/10/25 18:45:00,30.142,,,,,
11757,08/10/25 19:00:00,30.117,,,,,
11758,08/10/25 19:15:00,30.091,,,,,
11759,08/10/25 19:30:00,30.066,,,,,
11760,08/10/25 19:45:00,30.041,,,,,
11761,08/10/25 20:00:00,30.016,,,,,
11762,08/10/25 20:15:00,30.016,,,,,
11763,08/10/25 20:30:00,29.991,,,,,
11764,08/10/25 20:45:00,29.966,,,,,
11765,08/10/25 21:00:00,29.966,,,,,
11766,08/10/25 21:15:00,29.966,,,,,
11767,08/10/25 21:30:00,29.966,,,,,
11768,08/10/25 21:45:00,29.941,,,,,
11769,08/10/25 22:00:00,29.941,,,,,
11770,08/10/25 22:15:00,29.916,,,,,
11771,08/10/25 22:30:00,29.890,,,,,
11772,08/10/25 22:45:00,29.890,,,,,
11773,08/10/25 23:00:00,29.890,,,,,
11774,08/10/25 23:15:00,29.890,,,,,
11775,08/10/25 23:30:00,29.865,,,,,
11776,08/10/25 23:45:00,29.865,,,,,
11777,08/11/25 00:00:00,29.865,,,,,
11778,08/11/25 00:15:00,29.840,,,,,
11779,08/11/25 00:30:00,29.840,,,,,
11780,08/11/25 00:45:00,29.815,,,,,
11781,08/11/25 01:00:00,29.815,,,,,
11782,08/11/25 01:15:00,29.790,,,,,
11783,08/11/25 01:30:00,29.765,,,,,
11784,08/11/25 01:45:00,29.765,,,,,
11785,08/11/25 02:00:00,29.765,,,,,
11786,08/11/25 02:15:00,29.715,,,,,
11787,08/11/25 02:30:00,29.615,,,,,
11788,08/11/25 02:45:00,29.565,,,,,
11789,08/11/25 03:00:00,29.565,,,,,
11790,08/11/25 03:15:00,29.590,,,,,
11791,08/11/25 03:30:00,29.590,,,,,
11792,08/11/25 03:45:00,29.615,,,,,
11793,08/11/25 04:00:00,29.615,,,,,
11794,08/11/25 04:15:00,29.615,,,,,
11795,08/11/25 04:30:00,29.615,,,,,
11796,08/11/25 04:45:00,29.615,,,,,
11797,08/11/25 05:00:00,29.615,,,,,
11798,08/11/25 05:15:00,29.590,,,,,
11799,08/11/25 05:30:00,29.590,,,,,
11800,08/11/25 05:45:00,29.590,,,,,
11801,08/11/25 06:00:00,29.565,,,,,
11802,08/11/25 06:15:00,29.565,,,,,
11803,08/11/25 06:30:00,29.540,,,,,
11804,08/11/25 06:45:00,29.540,,,,,
11805,08/11/25 07:00:00,29.540,,,,,
11806,08/11/25 07:15:00,29.540,,,,,
11807,08/11/25 07:30:00,29.490,,,,,
11808,08/11/25 07:45:00,29.490,,,,,
11809,08/11/25 08:00:00,29.515,,,,,
11810,08/11/25 08:15:00,29.515,,,,,
11811,08/11/25 08:30:00,29.515,,,,,
11812,08/11/25 08:45:00,29.515,,,,,
11813,08/11/25 09:00:00,29.515,,,,,
11814,08/11/25 09:15:00,29.515,,,,,
11815,08/11/25 09:30:00,29.540,,,,,
11816,08/11/25 09:45:00,29.540,,,,,
11817,08/11/25 10:00:00,29.540,,,,,
11818,08/11/25 10:15:00,29.565,,,,,
11819,08/11/25 10:30:00,29.540,,,,,
11820,08/11/25 10:45:00,29.565,,,,,
11821,08/11/25 11:00:00,29.565,,,,,
11822,08/11/25 11:15:00,29.565,,,,,
11823,08/11/25 11:30:00,29.590,,,,,
11824,08/11/25 11:45:00,29.615,,,,,
11825,08/11/25 12:00:00,29.740,,,,,
11826,08/11/25 12:15:00,29.690,,,,,
11827,08/11/25 12:30:00,29.715,,,,,
11828,08/11/25 12:45:00,29.690,,,,,
11829,08/11/25 13:00:00,29.640,,,,,
11830,08/11/25 13:15:00,29.690,,,,,
11831,08/11/25 13:30:00,29.715,,,,,
11832,08/11/25 13:45:00,29.740,,,,,
11833,08/11/25 14:00:00,29.765,,,,,
11834,08/11/25 14:15:00,29.815,,,,,
11835,08/11/25 14:30:00,29.840,,,,,
11836,08/11/25 14:45:00,29.865,,,,,
11837,08/11/25 15:00:00,29.865,,,,,
11838,08/11/25 15:15:00,29.890,,,,,
11839,08/11/25 15:30:00,29.941,,,,,
11840,08/11/25 15:45:00,30.016,,,,,
11841,08/11/25 16:00:00,29.991,,,,,
11842,08/11/25 16:15:00,29.991,,,,,
11843,08/11/25 16:30:00,29.916,,,,,
11844,08/11/25 16:45:00,29.865,,,,,
11845,08/11/25 17:00:00,29.890,,,,,
11846,08/11/25 17:15:00,29.916,,,,,
11847,08/11/25 17:30:00,30.117,,,,,
11848,08/11/25 17:45:00,30.117,,,,,
11849,08/11/25 18:00:00,29.890,,,,,
11850,08/11/25 18:15:00,29.890,,,,,
11851,08/11/25 18:30:00,29.966,,,,,
11852,08/11/25 18:45:00,30.117,,,,,
11853,08/11/25 19:00:00,30.142,,,,,
11854,08/11/25 19:15:00,30.167,,,,,
11855,08/11/25 19:30:00,30.117,,,,,
11856,08/11/25 19:45:00,30.091,,,,,
11857,08/11/25 20:00:00,30.066,,,,,
11858,08/11/25 20:15:00,30.066,,,,,
11859,08/11/25 20:30:00,30.041,,,,,
11860,08/11/25 20:45:00,30.066,,,,,
11861,08/11/25 21:00:00,30.091,,,,,
11862,08/11/25 21:15:00,30.117,,,,,
11863,08/11/25 21:30:00,30.142,,,,,
11864,08/11/25 21:45:00,30.142,,,,,
11865,08/11/25 22:00:00,30.041,,,,,
11866,08/11/25 22:15:00,29.991,,,,,
11867,08/11/25 22:30:00,29.890,,,,,
11868,08/11/25 22:45:00,29.890,,,,,
11869,08/11/25 23:00:00,29.865,,,,,
11870,08/11/25 23:15:00,29.865,,,,,
11871,08/11/25 23:30:00,29.890,,,,,
11872,08/11/25 23:45:00,29.916,,,,,
11873,08/12/25 00:00:00,29.865,,,,,
11874,08/12/25 00:15:00,29.840,,,,,
11875,08/12/25 00:30:00,29.840,,,,,
11876,08/12/25 00:45:00,29.840,,,,,
11877,08/12/25 01:00:00,29.815,,,,,
11878,08/12/25 01:15:00,29.840,,,,,
11879,08/12/25 01:30:00,29.941,,,,,
11880,08/12/25 01:45:00,29.966,,,,,
11881,08/12/25 02:00:00,29.865,,,,,
11882,08/12/25 02:15:00,29.815,,,,,
11883,08/12/25 02:30:00,29.740,,,,,
11884,08/12/25 02:45:00,29.715,,,,,
11885,08/12/25 03:00:00,29.715,,,,,
11886,08/12/25 03:15:00,29.740,,,,,
11887,08/12/25 03:30:00,29.740,,,,,
11888,08/12/25 03:45:00,29.790,,,,,
11889,08/12/25 04:00:00,29.790,,,,,
11890,08/12/25 04:15:00,29.765,,,,,
11891,08/12/25 04:30:00,29.740,,,,,
11892,08/12/25 04:45:00,29.715,,,,,
11893,08/12/25 05:00:00,29.665,,,,,
11894,08/12/25 05:15:00,29.665,,,,,
11895,08/12/25 05:30:00,29.690,,,,,
11896,08/12/25 05:45:00,29.690,,,,,
11897,08/12/25 06:00:00,29.715,,,,,
11898,08/12/25 06:15:00,29.740,,,,,
11899,08/12/25 06:30:00,29.740,,,,,
11900,08/12/25 06:45:00,29.715,,,,,
11901,08/12/25 07:00:00,29.740,,,,,
11902,08/12/25 07:15:00,29.715,,,,,
11903,08/12/25 07:30:00,29.715,,,,,
11904,08/12/25 07:45:00,29.740,,,,,
11905,08/12/25 08:00:00,29.740,,,,,
11906,08/12/25 08:15:00,29.765,,,,,
11907,08/12/25 08:30:00,29.765,,,,,
11908,08/12/25 08:45:00,29.765,,,,,
11909,08/12/25 09:00:00,29.790,,,,,
11910,08/12/25 09:15:00,29.815,,,,,
11911,08/12/25 09:30:00,29.815,,,,,
11912,08/12/25 09:45:00,29.815,,,,,
11913,08/12/25 10:00:00,29.840,,,,,
11914,08/12/25 10:15:00,29.840,,,,,
11915,08/12/25 10:30:00,29.840,,,,,
11916,08/12/25 10:45:00,29.840,,,,,
11917,08/12/25 11:00:00,29.865,,,,,
11918,08/12/25 11:15:00,29.865,,,,,
11919,08/12/25 11:30:00,29.890,,,,,
11920,08/12/25 11:45:00,29.890,,,,,
11921,08/12/25 12:00:00,29.865,,,,,
11922,08/12/25 12:15:00,29.890,,,,,
11923,08/12/25 12:30:00,29.865,,,,,
11924,08/12/25 12:45:00,29.865,,,,,
11925,08/12/25 13:00:00,29.865,,,,,
11926,08/12/25 13:15:00,29.865,,,,,
11927,08/12/25 13:30:00,29.865,,,,,
11928,08/12/25 13:45:00,29.890,,,,,
11929,08/12/25 14:00:00,29.916,,,,,
11930,08/12/25 14:15:00,29.991,,,,,
11931,08/12/25 14:30:00,29.966,,,,,
11932,08/12/25 14:45:00,29.890,,,,,
11933,08/12/25 15:00:00,29.890,,,,,
11934,08/12/25 15:15:00,29.890,,,,,
11935,08/12/25 15:30:00,29.890,,,,,
11936,08/12/25 15:45:00,29.916,,,,,
11937,08/12/25 16:00:00,29.916,,,,,
11938,08/12/25 16:15:00,29.865,,,,,
11939,08/12/25 16:30:00,29.790,,,,,
11940,08/12/25 16:45:00,29.765,,,,,
11941,08/12/25 17:00:00,29.765,,,,,
11942,08/12/25 17:15:00,29.765,,,,,
11943,08/12/25 17:30:00,29.740,,,,,
11944,08/12/25 17:45:00,29.765,,,,,
11945,08/12/25 18:00:00,29.740,,,,,
11946,08/12/25 18:15:00,29.740,,,,,
11947,08/12/25 18:30:00,29.715,,,,,
11948,08/12/25 18:45:00,29.715,,,,,
11949,08/12/25 19:00:00,29.690,,,,,
11950,08/12/25 19:15:00,29.665,,,,,
11951,08/12/25 19:30:00,29.665,,,,,
11952,08/12/25 19:45:00,29.665,,,,,
11953,08/12/25 20:00:00,29.665,,,,,
11954,08/12/25 20:15:00,29.665,,,,,
11955,08/12/25 20:30:00,29.665,,,,,
11956,08/12/25 20:45:00,29.665,,,,,
11957,08/12/25 21:00:00,29.665,,,,,
11958,08/12/25 21:15:00,29.665,,,,,
11959,08/12/25 21:30:00,29.665,,,,,
11960,08/12/25 21:45:00,29.665,,,,,
11961,08/12/25 22:00:00,29.690,,,,,
11962,08/12/25 22:15:00,29.715,,,,,
11963,08/12/25 22:30:00,29.740,,,,,
11964,08/12/25 22:45:00,29.765,,,,,
11965,08/12/25 23:00:00,29.765,,,,,
11966,08/12/25 23:15:00,29.790,,,,,
11967,08/12/25 23:30:00,29.790,,,,,
11968,08/12/25 23:45:00,29.790,,,,,
11969,08/13/25 00:00:00,29.815,,,,,
11970,08/13/25 00:15:00,29.815,,,,,
11971,08/13/25 00:30:00,29.815,,,,,
11972,08/13/25 00:45:00,29.840,,,,,
11973,08/13/25 01:00:00,29.840,,,,,
11974,08/13/25 01:15:00,29.840,,,,,
11975,08/13/25 01:30:00,29.840,,,,,
11976,08/13/25 01:45:00,29.865,,,,,
11977,08/13/25 02:00:00,29.865,,,,,
11978,08/13/25 02:15:00,29.865,,,,,
11979,08/13/25 02:30:00,29.865,,,,,
11980,08/13/25 02:45:00,29.865,,,,,
11981,08/13/25 03:00:00,29.890,,,,,
11982,08/13/25 03:15:00,29.890,,,,,
11983,08/13/25 03:30:00,29.916,,,,,
11984,08/13/25 03:45:00,30.016,,,,,
11985,08/13/25 04:00:00,30.091,,,,,
11986,08/13/25 04:15:00,29.966,,,,,
11987,08/13/25 04:30:00,29.890,,,,,
11988,08/13/25 04:45:00,29.865,,,,,
11989,08/13/25 05:00:00,29.865,,,,,
11990,08/13/25 05:15:00,29.865,,,,,
11991,08/13/25 05:30:00,29.840,,,,,
11992,08/13/25 05:45:00,29.840,,,,,
11993,08/13/25 06:00:00,29.815,,,,,
11994,08/13/25 06:15:00,29.815,,,,,
11995,08/13/25 06:30:00,29.815,,,,,
11996,08/13/25 06:45:00,29.815,,,,,
11997,08/13/25 07:00:00,29.815,,,,,
11998,08/13/25 07:15:00,29.815,,,,,
11999,08/13/25 07:30:00,29.815,,,,,
12000,08/13/25 07:45:00,29.815,,,,,
12001,08/13/25 08:00:00,29.815,,,,,
12002,08/13/25 08:15:00,29.815,,,,,
12003,08/13/25 08:30:00,29.840,,,,,
12004,08/13/25 08:45:00,29.840,,,,,
12005,08/13/25 09:00:00,29.840,,,,,
12006,08/13/25 09:15:00,29.840,,,,,
12007,08/13/25 09:30:00,29.865,,,,,
12008,08/13/25 09:45:00,29.865,,,,,
12009,08/13/25 10:00:00,29.890,,,,,
12010,08/13/25 10:15:00,29.991,,,,,
12011,08/13/25 10:30:00,29.991,,,,,
12012,08/13/25 10:45:00,30.016,,,,,
12013,08/13/25 11:00:00,30.016,,,,,
12014,08/13/25 11:15:00,30.016,,,,,
12015,08/13/25 11:30:00,30.016,,,,,
12016,08/13/25 11:45:00,30.016,,,,,
12017,08/13/25 12:00:00,29.991,,,,,
12018,08/13/25 12:15:00,30.016,,,,,
12019,08/13/25 12:30:00,30.041,,,,,
12020,08/13/25 12:45:00,30.091,,,,,
12021,08/13/25 13:00:00,30.142,,,,,
12022,08/13/25 13:15:00,30.142,,,,,
12023,08/13/25 13:30:00,30.167,,,,,
12024,08/13/25 13:45:00,30.167,,,,,
12025,08/13/25 14:00:00,30.192,,,,,
12026,08/13/25 14:15:00,30.192,,,,,
12027,08/13/25 14:30:00,30.217,,,,,
12028,08/13/25 14:45:00,30.217,,,,,
12029,08/13/25 15:00:00,30.268,,,,,
12030,08/13/25 15:15:00,30.293,,,,,
12031,08/13/25 15:30:00,30.318,,,,,
12032,08/13/25 15:45:00,30.343,,,,,
12033,08/13/25 16:00:00,30.369,,,,,
12034,08/13/25 16:15:00,30.394,,,,,
12035,08/13/25 16:30:00,30.394,,,,,
12036,08/13/25 16:45:00,30.394,,,,,
12037,08/13/25 17:00:00,30.394,,,,,
12038,08/13/25 17:15:00,30.394,,,,,
12039,08/13/25 17:30:00,30.419,,,,,
12040,08/13/25 17:45:00,30.419,,,,,
12041,08/13/25 18:00:00,30.419,,,,,
12042,08/13/25 18:15:00,30.419,,,,,
12043,08/13/25 18:30:00,30.419,,,,,
12044,08/13/25 18:45:00,30.419,,,,,
12045,08/13/25 19:00:00,30.394,,,,,
12046,08/13/25 19:15:00,30.167,,,,,
12047,08/13/25 19:30:00,30.117,,,,,
12048,08/13/25 19:45:00,30.117,,,,,
12049,08/13/25 20:00:00,30.142,,,,,
12050,08/13/25 20:15:00,30.167,,,,,
12051,08/13/25 20:30:00,30.167,,,,,
12052,08/13/25 20:45:00,30.192,,,,,
12053,08/13/25 21:00:00,30.217,,,,,
12054,08/13/25 21:15:00,30.243,,,,,
12055,08/13/25 21:30:00,30.268,,,,,
12056,08/13/25 21:45:00,30.293,,,,,
12057,08/13/25 22:00:00,30.293,,,,,
12058,08/13/25 22:15:00,30.293,,,,,
12059,08/13/25 22:30:00,30.293,,,,,
12060,08/13/25 22:45:00,30.293,,,,,
12061,08/13/25 23:00:00,30.293,,,,,
12062,08/13/25 23:15:00,30.293,,,,,
12063,08/13/25 23:30:00,30.293,,,,,
12064,08/13/25 23:45:00,30.268,,,,,
12065,08/14/25 00:00:00,30.318,,,,,
12066,08/14/25 00:15:00,30.343,,,,,
12067,08/14/25 00:30:00,30.268,,,,,
12068,08/14/25 00:45:00,30.217,,,,,
12069,08/14/25 01:00:00,30.192,,,,,
12070,08/14/25 01:15:00,30.192,,,,,
12071,08/14/25 01:30:00,30.192,,,,,
12072,08/14/25 01:45:00,30.217,,,,,
12073,08/14/25 02:00:00,30.217,,,,,
12074,08/14/25 02:15:00,30.243,,,,,
12075,08/14/25 02:30:00,30.243,,,,,
12076,08/14/25 02:45:00,30.243,,,,,
12077,08/14/25 03:00:00,30.243,,,,,
12078,08/14/25 03:15:00,30.243,,,,,
12079,08/14/25 03:30:00,30.217,,,,,
12080,08/14/25 03:45:00,30.192,,,,,
12081,08/14/25 04:00:00,30.167,,,,,
12082,08/14/25 04:15:00,30.142,,,,,
12083,08/14/25 04:30:00,30.142,,,,,
12084,08/14/25 04:45:00,30.167,,,,,
12085,08/14/25 05:00:00,30.167,,,,,
12086,08/14/25 05:15:00,30.167,,,,,
12087,08/14/25 05:30:00,30.192,,,,,
12088,08/14/25 05:45:00,30.167,,,,,
12089,08/14/25 06:00:00,30.167,,,,,
12090,08/14/25 06:15:00,30.167,,,,,
12091,08/14/25 06:30:00,30.167,,,,,
12092,08/14/25 06:45:00,30.192,,,,,
12093,08/14/25 07:00:00,30.167,,,,,
12094,08/14/25 07:15:00,30.142,,,,,
12095,08/14/25 07:30:00,30.117,,,,,
12096,08/14/25 07:45:00,30.091,,,,,
12097,08/14/25 08:00:00,30.091,,,,,
12098,08/14/25 08:15:00,30.066,,,,,
12099,08/14/25 08:30:00,30.066,,,,,
12100,08/14/25 08:45:00,30.041,,,,,
12101,08/14/25 09:00:00,30.041,,,,,
12102,08/14/25 09:15:00,30.041,,,,,
12103,08/14/25 09:30:00,30.041,,,,,
12104,08/14/25 09:45:00,30.016,,,,,
12105,08/14/25 10:00:00,30.016,,,,,
12106,08/14/25 10:15:00,30.016,,,,,
12107,08/14/25 10:30:00,30.016,,,,,
12108,08/14/25 10:45:00,30.142,,,,,
12109,08/14/25 11:00:00,30.217,,,,,
12110,08/14/25 11:15:00,30.167,,,,,
12111,08/14/25 11:30:00,30.167,,,,,
12112,08/14/25 11:45:00,30.167,,,,,
12113,08/14/25 12:00:00,30.142,,,,,
12114,08/14/25 12:15:00,30.142,,,,,
12115,08/14/25 12:30:00,30.066,,,,,
12116,08/14/25 12:45:00,30.041,,,,,
12117,08/14/25 13:00:00,30.016,,,,,
12118,08/14/25 13:15:00,30.016,,,,,
12119,08/14/25 13:30:00,30.041,,,,,
12120,08/14/25 13:45:00,30.066,,,,,
12121,08/14/25 14:00:00,30.066,,,,,
12122,08/14/25 14:15:00,30.091,,,,,
12123,08/14/25 14:30:00,30.117,,,,,
12124,08/14/25 14:45:00,30.091,,,,,
12125,08/14/25 15:00:00,30.117,,,,,
12126,08/14/25 15:15:00,30.142,,,,,
12127,08/14/25 15:30:00,30.167,,,,,
12128,08/14/25 15:45:00,30.192,,,,,
12129,08/14/25 16:00:00,30.217,,,,,
12130,08/14/25 16:15:00,30.243,,,,,
12131,08/14/25 16:30:00,30.268,,,,,
12132,08/14/25 16:45:00,30.268,,,,,
12133,08/14/25 17:00:00,30.243,,,,,
12134,08/14/25 17:15:00,30.217,,,,,
12135,08/14/25 17:30:00,30.192,,,,,
12136,08/14/25 17:45:00,30.192,,,,,
12137,08/14/25 18:00:00,30.192,,,,,
12138,08/14/25 18:15:00,30.192,,,,,
12139,08/14/25 18:30:00,30.192,,,,,
12140,08/14/25 18:45:00,30.217,,,,,
12141,08/14/25 19:00:00,30.217,,,,,
12142,08/14/25 19:15:00,30.192,,,,,
12143,08/14/25 19:30:00,30.192,,,,,
12144,08/14/25 19:45:00,30.167,,,,,
12145,08/14/25 20:00:00,30.142,,,,,
12146,08/14/25 20:15:00,30.117,,,,,
12147,08/14/25 20:30:00,30.117,,,,,
12148,08/14/25 20:45:00,30.091,,,,,
12149,08/14/25 21:00:00,30.091,,,,,
12150,08/14/25 21:15:00,30.091,,,,,
12151,08/14/25 21:30:00,30.091,,,,,
12152,08/14/25 21:45:00,30.091,,,,,
12153,08/14/25 22:00:00,30.091,,,,,
12154,08/14/25 22:15:00,30.091,,,,,
12155,08/14/25 22:30:00,30.091,,,,,
12156,08/14/25 22:45:00,30.117,,,,,
12157,08/14/25 23:00:00,30.091,,,,,
12158,08/14/25 23:15:00,30.066,,,,,
12159,08/14/25 23:30:00,30.041,,,,,
12160,08/14/25 23:45:00,30.091,,,,,
12161,08/15/25 00:00:00,30.041,,,,,
12162,08/15/25 00:15:00,29.991,,,,,
12163,08/15/25 00:30:00,29.966,,,,,
12164,08/15/25 00:45:00,29.941,,,,,
12165,08/15/25 01:00:00,29.941,,,,,
12166,08/15/25 01:15:00,29.941,,,,,
12167,08/15/25 01:30:00,29.941,,,,,
12168,08/15/25 01:45:00,29.916,,,,,
12169,08/15/25 02:00:00,29.916,,,,,
12170,08/15/25 02:15:00,29.890,,,,,
12171,08/15/25 02:30:00,29.890,,,,,
12172,08/15/25 02:45:00,29.890,,,,,
12173,08/15/25 03:00:00,29.890,,,,,
12174,08/15/25 03:15:00,29.865,,,,,
12175,08/15/25 03:30:00,29.865,,,,,
12176,08/15/25 03:45:00,29.840,,,,,
12177,08/15/25 04:00:00,29.840,,,,,
12178,08/15/25 04:15:00,29.840,,,,,
12179,08/15/25 04:30:00,29.840,,,,,
12180,08/15/25 04:45:00,29.815,,,,,
12181,08/15/25 05:00:00,29.790,,,,,
12182,08/15/25 05:15:00,29.815,,,,,
12183,08/15/25 05:30:00,29.815,,,,,
12184,08/15/25 05:45:00,29.715,,,,,
12185,08/15/25 06:00:00,29.715,,,,,
12186,08/15/25 06:15:00,29.715,,,,,
12187,08/15/25 06:30:00,29.690,,,,,
12188,08/15/25 06:45:00,29.665,,,,,
12189,08/15/25 07:00:00,29.690,,,,,
12190,08/15/25 07:15:00,29.715,,,,,
12191,08/15/25 07:30:00,29.715,,,,,
12192,08/15/25 07:45:00,29.640,,,,,
12193,08/15/25 08:00:00,29.640,,,,,
12194,08/15/25 08:15:00,29.640,,,,,
12195,08/15/25 08:30:00,29.640,,,,,
12196,08/15/25 08:45:00,29.640,,,,,
12197,08/15/25 09:00:00,29.640,,,,,
12198,08/15/25 09:15:00,29.665,,,,,
12199,08/15/25 09:30:00,29.690,,,,,
12200,08/15/25 09:45:00,29.715,,,,,
12201,08/15/25 10:00:00,29.715,,,,,
12202,08/15/25 10:15:00,29.665,,,,,
12203,08/15/25 10:30:00,29.665,,,,,
12204,08/15/25 10:45:00,29.690,,,,,
12205,08/15/25 11:00:00,29.740,,,,,
12206,08/15/25 11:15:00,29.765,,,,,
12207,08/15/25 11:30:00,29.790,,,,,
12208,08/15/25 11:45:00,29.815,,,,,
12209,08/15/25 12:00:00,29.790,,,,,
12210,08/15/25 12:15:00,29.815,,,,,
12211,08/15/25 12:30:00,29.815,,,,,
12212,08/15/25 12:45:00,29.865,,,,,
12213,08/15/25 13:00:00,29.865,,,,,
12214,08/15/25 13:15:00,29.865,,,,,
12215,08/15/25 13:30:00,29.865,,,,,
12216,08/15/25 13:45:00,29.865,,,,,
12217,08/15/25 14:00:00,29.815,,,,,
12218,08/15/25 14:15:00,29.790,,,,,
12219,08/15/25 14:30:00,29.790,,,,,
12220,08/15/25 14:45:00,29.815,,,,,
12221,08/15/25 15:00:00,29.865,,,,,
12222,08/15/25 15:15:00,29.865,,,,,
12223,08/15/25 15:30:00,29.865,,,,,
12224,08/15/25 15:45:00,29.865,,,,,
12225,08/15/25 16:00:00,29.840,,,,,
12226,08/15/25 16:15:00,29.840,,,,,
12227,08/15/25 16:30:00,29.840,,,,,
12228,08/15/25 16:45:00,29.840,,,,,
12229,08/15/25 17:00:00,29.840,,,,,
12230,08/15/25 17:15:00,29.840,,,,,
12231,08/15/25 17:30:00,29.865,,,,,
12232,08/15/25 17:45:00,29.865,,,,,
12233,08/15/25 18:00:00,29.865,,,,,
12234,08/15/25 18:15:00,29.840,,,,,
12235,08/15/25 18:30:00,29.865,,,,,
12236,08/15/25 18:45:00,29.865,,,,,
12237,08/15/25 19:00:00,29.815,,,,,
12238,08/15/25 19:15:00,29.790,,,,,
12239,08/15/25 19:30:00,29.790,,,,,
12240,08/15/25 19:45:00,29.815,,,,,
12241,08/15/25 20:00:00,29.815,,,,,
12242,08/15/25 20:15:00,29.840,,,,,
12243,08/15/25 20:30:00,29.890,,,,,
12244,08/15/25 20:45:00,29.991,,,,,
12245,08/15/25 21:00:00,30.041,,,,,
12246,08/15/25 21:15:00,30.041,,,,,
12247,08/15/25 21:30:00,30.066,,,,,
12248,08/15/25 21:45:00,30.066,,,,,
12249,08/15/25 22:00:00,30.142,,,,,
12250,08/15/25 22:15:00,30.066,,,,,
12251,08/15/25 22:30:00,30.066,,,,,
12252,08/15/25 22:45:00,30.066,,,,,
12253,08/15/25 23:00:00,30.117,,,,,
12254,08/15/25 23:15:00,30.117,,,,,
12255,08/15/25 23:30:00,30.117,,,,,
12256,08/15/25 23:45:00,30.117,,,,,
12257,08/16/25 00:00:00,30.117,,,,,
12258,08/16/25 00:15:00,30.117,,,,,
12259,08/16/25 00:30:00,30.117,,,,,
12260,08/16/25 00:45:00,30.066,,,,,
12261,08/16/25 01:00:00,30.041,,,,,
12262,08/16/25 01:15:00,30.041,,,,,
12263,08/16/25 01:30:00,29.941,,,,,
12264,08/16/25 01:45:00,29.790,,,,,
12265,08/16/25 02:00:00,29.665,,,,,
12266,08/16/25 02:15:00,29.640,,,,,
12267,08/16/25 02:30:00,29.615,,,,,
12268,08/16/25 02:45:00,29.615,,,,,
12269,08/16/25 03:00:00,29.615,,,,,
12270,08/16/25 03:15:00,29.615,,,,,
12271,08/16/25 03:30:00,29.615,,,,,
12272,08/16/25 03:45:00,29.615,,,,,
12273,08/16/25 04:00:00,29.615,,,,,
12274,08/16/25 04:15:00,29.615,,,,,
12275,08/16/25 04:30:00,29.615,,,,,
12276,08/16/25 04:45:00,29.615,,,,,
12277,08/16/25 05:00:00,29.615,,,,,
12278,08/16/25 05:15:00,29.615,,,,,
12279,08/16/25 05:30:00,29.615,,,,,
12280,08/16/25 05:45:00,29.615,,,,,
12281,08/16/25 06:00:00,29.615,,,,,
12282,08/16/25 06:15:00,29.615,,,,,
12283,08/16/25 06:30:00,29.590,,,,,
12284,08/16/25 06:45:00,29.565,,,,,
12285,08/16/25 07:00:00,29.565,,,,,
12286,08/16/25 07:15:00,29.565,,,,,
12287,08/16/25 07:30:00,29.540,,,,,
12288,08/16/25 07:45:00,29.540,,,,,
12289,08/16/25 08:00:00,29.540,,,,,
12290,08/16/25 08:15:00,29.565,,,,,
12291,08/16/25 08:30:00,29.565,,,,,
12292,08/16/25 08:45:00,29.565,,,,,
12293,08/16/25 09:00:00,29.565,,,,,
12294,08/16/25 09:15:00,29.590,,,,,
12295,08/16/25 09:30:00,29.590,,,,,
12296,08/16/25 09:45:00,29.590,,,,,
12297,08/16/25 10:00:00,29.590,,,,,
12298,08/16/25 10:15:00,29.590,,,,,
12299,08/16/25 10:30:00,29.590,,,,,
12300,08/16/25 10:45:00,29.590,,,,,
12301,08/16/25 11:00:00,29.615,,,,,
12302,08/16/25 11:15:00,29.615,,,,,
12303,08/16/25 11:30:00,29.615,,,,,
12304,08/16/25 11:45:00,29.590,,,,,
12305,08/16/25 12:00:00,29.590,,,,,
12306,08/16/25 12:15:00,29.590,,,,,
12307,08/16/25 12:30:00,29.590,,,,,
12308,08/16/25 12:45:00,29.615,,,,,
12309,08/16/25 13:00:00,29.615,,,,,
12310,08/16/25 13:15:00,29.615,,,,,
12311,08/16/25 13:30:00,29.615,,,,,
12312,08/16/25 13:45:00,29.590,,,,,
12313,08/16/25 14:00:00,29.590,,,,,
12314,08/16/25 14:15:00,29.590,,,,,
12315,08/16/25 14:30:00,29.590,,,,,
12316,08/16/25 14:45:00,29.590,,,,,
12317,08/16/25 15:00:00,29.590,,,,,
12318,08/16/25 15:15:00,29.590,,,,,
12319,08/16/25 15:30:00,29.590,,,,,
12320,08/16/25 15:45:00,29.590,,,,,
12321,08/16/25 16:00:00,29.590,,,,,
12322,08/16/25 16:15:00,29.590,,,,,
12323,08/16/25 16:30:00,29.565,,,,,
12324,08/16/25 16:45:00,29.565,,,,,
12325,08/16/25 17:00:00,29.565,,,,,
12326,08/16/25 17:15:00,29.565,,,,,
12327,08/16/25 17:30:00,29.565,,,,,
12328,08/16/25 17:45:00,29.565,,,,,
12329,08/16/25 18:00:00,29.565,,,,,
12330,08/16/25 18:15:00,29.565,,,,,
12331,08/16/25 18:30:00,29.565,,,,,
12332,08/16/25 18:45:00,29.540,,,,,
12333,08/16/25 19:00:00,29.515,,,,,
12334,08/16/25 19:15:00,29.439,,,,,
12335,08/16/25 19:30:00,29.439,,,,,
12336,08/16/25 19:45:00,29.490,,,,,
12337,08/16/25 20:00:00,29.464,,,,,
12338,08/16/25 20:15:00,29.439,,,,,
12339,08/16/25 20:30:00,29.464,,,,,
12340,08/16/25 20:45:00,29.464,,,,,
12341,08/16/25 21:00:00,29.464,,,,,
12342,08/16/25 21:15:00,29.464,,,,,
12343,08/16/25 21:30:00,29.464,,,,,
12344,08/16/25 21:45:00,29.490,,,,,
12345,08/16/25 22:00:00,29.490,,,,,
12346,08/16/25 22:15:00,29.490,,,,,
12347,08/16/25 22:30:00,29.490,,,,,
12348,08/16/25 22:45:00,29.490,,,,,
12349,08/16/25 23:00:00,29.490,,,,,
12350,08/16/25 23:15:00,29.490,,,,,
12351,08/16/25 23:30:00,29.490,,,,,
12352,08/16/25 23:45:00,29.490,,,,,
12353,08/17/25 00:00:00,29.490,,,,,
12354,08/17/25 00:15:00,29.490,,,,,
12355,08/17/25 00:30:00,29.490,,,,,
12356,08/17/25 00:45:00,29.464,,,,,
12357,08/17/25 01:00:00,29.464,,,,,
12358,08/17/25 01:15:00,29.490,,,,,
12359,08/17/25 01:30:00,29.515,,,,,
12360,08/17/25 01:45:00,29.515,,,,,
12361,08/17/25 02:00:00,29.515,,,,,
12362,08/17/25 02:15:00,29.490,,,,,
12363,08/17/25 02:30:00,29.490,,,,,
12364,08/17/25 02:45:00,29.439,,,,,
12365,08/17/25 03:00:00,29.389,,,,,
12366,08/17/25 03:15:00,29.365,,,,,
12367,08/17/25 03:30:00,29.389,,,,,
12368,08/17/25 03:45:00,29.414,,,,,
12369,08/17/25 04:00:00,29.414,,,,,
12370,08/17/25 04:15:00,29.414,,,,,
12371,08/17/25 04:30:00,29.414,,,,,
12372,08/17/25 04:45:00,29.414,,,,,
12373,08/17/25 05:00:00,29.414,,,,,
12374,08/17/25 05:15:00,29.414,,,,,
12375,08/17/25 05:30:00,29.389,,,,,
12376,08/17/25 05:45:00,29.389,,,,,
12377,08/17/25 06:00:00,29.414,,,,,
12378,08/17/25 06:15:00,29.439,,,,,
12379,08/17/25 06:30:00,29.439,,,,,
12380,08/17/25 06:45:00,29.439,,,,,
12381,08/17/25 07:00:00,29.439,,,,,
12382,08/17/25 07:15:00,29.389,,,,,
12383,08/17/25 07:30:00,29.389,,,,,
12384,08/17/25 07:45:00,29.389,,,,,
12385,08/17/25 08:00:00,29.414,,,,,
12386,08/17/25 08:15:00,29.414,,,,,
12387,08/17/25 08:30:00,29.439,,,,,
12388,08/17/25 08:45:00,29.439,,,,,
12389,08/17/25 09:00:00,29.439,,,,,
12390,08/17/25 09:15:00,29.439,,,,,
12391,08/17/25 09:30:00,29.414,,,,,
12392,08/17/25 09:45:00,29.414,,,,,
12393,08/17/25 10:00:00,29.439,,,,,
12394,08/17/25 10:15:00,29.439,,,,,
12395,08/17/25 10:30:00,29.414,,,,,
12396,08/17/25 10:45:00,29.414,,,,,
12397,08/17/25 11:00:00,29.439,,,,,
12398,08/17/25 11:15:00,29.490,,,,,
12399,08/17/25 11:30:00,29.490,,,,,
12400,08/17/25 11:45:00,29.490,,,,,
12401,08/17/25 12:00:00,29.464,,,,,
12402,08/17/25 12:15:00,29.464,,,,,
12403,08/17/25 12:30:00,29.439,,,,,
12404,08/17/25 12:45:00,29.464,,,,,
12405,08/17/25 13:00:00,29.439,,,,,
12406,08/17/25 13:15:00,29.439,,,,,
12407,08/17/25 13:30:00,29.464,,,,,
12408,08/17/25 13:45:00,29.439,,,,,
12409,08/17/25 14:00:00,29.365,,,,,
12410,08/17/25 14:15:00,29.265,,,,,
12411,08/17/25 14:30:00,29.215,,,,,
12412,08/17/25 14:45:00,29.215,,,,,
12413,08/17/25 15:00:00,29.265,,,,,
12414,08/17/25 15:15:00,29.290,,,,,
12415,08/17/25 15:30:00,29.290,,,,,
12416,08/17/25 15:45:00,29.340,,,,,
12417,08/17/25 16:00:00,29.365,,,,,
12418,08/17/25 16:15:00,29.340,,,,,
12419,08/17/25 16:30:00,29.315,,,,,
12420,08/17/25 16:45:00,29.340,,,,,
12421,08/17/25 17:00:00,29.365,,,,,
12422,08/17/25 17:15:00,29.365,,,,,
12423,08/17/25 17:30:00,29.365,,,,,
12424,08/17/25 17:45:00,29.389,,,,,
12425,08/17/25 18:00:00,29.389,,,,,
12426,08/17/25 18:15:00,29.389,,,,,
12427,08/17/25 18:30:00,29.365,,,,,
12428,08/17/25 18:45:00,29.365,,,,,
12429,08/17/25 19:00:00,29.365,,,,,
12430,08/17/25 19:15:00,29.340,,,,,
12431,08/17/25 19:30:00,29.340,,,,,
12432,08/17/25 19:45:00,29.315,,,,,
12433,08/17/25 20:00:00,29.315,,,,,
12434,08/17/25 20:15:00,29.365,,,,,
12435,08/17/25 20:30:00,29.389,,,,,
12436,08/17/25 20:45:00,29.389,,,,,
12437,08/17/25 21:00:00,29.389,,,,,
12438,08/17/25 21:15:00,29.389,,,,,
12439,08/17/25 21:30:00,29.389,,,,,
12440,08/17/25 21:45:00,29.389,,,,,
12441,08/17/25 22:00:00,29.340,,,,,
12442,08/17/25 22:15:00,29.340,,,,,
12443,08/17/25 22:30:00,29.340,,,,,
12444,08/17/25 22:45:00,29.315,,,,,
12445,08/17/25 23:00:00,29.340,,,,,
12446,08/17/25 23:15:00,29.315,,,,,
12447,08/17/25 23:30:00,29.315,,,,,
12448,08/17/25 23:45:00,29.315,,,,,
12449,08/18/25 00:00:00,29.315,,,,,
12450,08/18/25 00:15:00,29.290,,,,,
12451,08/18/25 00:30:00,29.290,,,,,
12452,08/18/25 00:45:00,29.240,,,,,
12453,08/18/25 01:00:00,29.240,,,,,
12454,08/18/25 01:15:00,29.215,,,,,
12455,08/18/25 01:30:00,29.090,,,,,
12456,08/18/25 01:45:00,29.040,,,,,
12457,08/18/25 02:00:00,29.040,,,,,
12458,08/18/25 02:15:00,29.040,,,,,
12459,08/18/25 02:30:00,29.040,,,,,
12460,08/18/25 02:45:00,29.115,,,,,
12461,08/18/25 03:00:00,29.190,,,,,
12462,08/18/25 03:15:00,29.190,,,,,
12463,08/18/25 03:30:00,29.190,,,,,
12464,08/18/25 03:45:00,29.190,,,,,
12465,08/18/25 04:00:00,29.190,,,,,
12466,08/18/25 04:15:00,29.165,,,,,
12467,08/18/25 04:30:00,29.165,,,,,
12468,08/18/25 04:45:00,29.165,,,,,
12469,08/18/25 05:00:00,29.190,,,,,
12470,08/18/25 05:15:00,29.190,,,,,
12471,08/18/25 05:30:00,29.215,,,,,
12472,08/18/25 05:45:00,29.215,,,,,
12473,08/18/25 06:00:00,29.215,,,,,
12474,08/18/25 06:15:00,29.240,,,,,
12475,08/18/25 06:30:00,29.240,,,,,
12476,08/18/25 06:45:00,29.240,,,,,
12477,08/18/25 07:00:00,29.240,,,,,
12478,08/18/25 07:15:00,29.090,,,,,
12479,08/18/25 07:30:00,28.990,,,,,
12480,08/18/25 07:45:00,28.965,,,,,
12481,08/18/25 08:00:00,28.965,,,,,
12482,08/18/25 08:15:00,28.990,,,,,
12483,08/18/25 08:30:00,29.040,,,,,
12484,08/18/25 08:45:00,29.115,,,,,
12485,08/18/25 09:00:00,29.190,,,,,
12486,08/18/25 09:15:00,29.240,,,,,
12487,08/18/25 09:30:00,29.290,,,,,
12488,08/18/25 09:45:00,29.340,,,,,
12489,08/18/25 10:00:00,29.340,,,,,
12490,08/18/25 10:15:00,29.365,,,,,
12491,08/18/25 10:30:00,29.365,,,,,
12492,08/18/25 10:45:00,29.365,,,,,
12493,08/18/25 11:00:00,29.365,,,,,
12494,08/18/25 11:15:00,29.389,,,,,
12495,08/18/25 11:30:00,29.414,,,,,
12496,08/18/25 11:45:00,29.439,,,,,
12497,08/18/25 12:00:00,29.439,,,,,
12498,08/18/25 12:15:00,29.464,,,,,
12499,08/18/25 12:30:00,29.464,,,,,
12500,08/18/25 12:45:00,29.490,,,,,
12501,08/18/25 13:00:00,29.490,,,,,
12502,08/18/25 13:15:00,29.490,,,,,
12503,08/18/25 13:30:00,29.490,,,,,
12504,08/18/25 13:45:00,29.490,,,,,
12505,08/18/25 14:00:00,29.464,,,,,
12506,08/18/25 14:15:00,29.464,,,,,
12507,08/18/25 14:30:00,29.414,,,,,
12508,08/18/25 14:45:00,29.414,,,,,
12509,08/18/25 15:00:00,29.439,,,,,
12510,08/18/25 15:15:00,29.439,,,,,
12511,08/18/25 15:30:00,29.464,,,,,
12512,08/18/25 15:45:00,29.464,,,,,
12513,08/18/25 16:00:00,29.464,,,,,
12514,08/18/25 16:15:00,29.439,,,,,
12515,08/18/25 16:30:00,29.464,,,,,
12516,08/18/25 16:45:00,29.464,,,,,
12517,08/18/25 17:00:00,29.464,,,,,
12518,08/18/25 17:15:00,29.464,,,,,
12519,08/18/25 17:30:00,29.464,,,,,
12520,08/18/25 17:45:00,29.464,,,,,
12521,08/18/25 18:00:00,29.464,,,,,
12522,08/18/25 18:15:00,29.464,,,,,
12523,08/18/25 18:30:00,29.439,,,,,
12524,08/18/25 18:45:00,29.439,,,,,
12525,08/18/25 19:00:00,29.439,,,,,
12526,08/18/25 19:15:00,29.439,,,,,
12527,08/18/25 19:30:00,29.439,,,,,
12528,08/18/25 19:45:00,29.414,,,,,
12529,08/18/25 20:00:00,29.414,,,,,
12530,08/18/25 20:15:00,29.439,,,,,
12531,08/18/25 20:30:00,29.439,,,,,
12532,08/18/25 20:45:00,29.439,,,,,
12533,08/18/25 21:00:00,29.439,,,,,
12534,08/18/25 21:15:00,29.439,,,,,
12535,08/18/25 21:30:00,29.464,,,,,
12536,08/18/25 21:45:00,29.464,,,,,
12537,08/18/25 22:00:00,29.464,,,,,
12538,08/18/25 22:15:00,29.464,,,,,
12539,08/18/25 22:30:00,29.464,,,,,
12540,08/18/25 22:45:00,29.464,,,,,
12541,08/18/25 23:00:00,29.464,,,,,
12542,08/18/25 23:15:00,29.464,,,,,
12543,08/18/25 23:30:00,29.464,,,,,
12544,08/18/25 23:45:00,29.464,,,,,
12545,08/19/25 00:00:00,29.464,,,,,
12546,08/19/25 00:15:00,29.464,,,,,
12547,08/19/25 00:30:00,29.464,,,,,
12548,08/19/25 00:45:00,29.464,,,,,
12549,08/19/25 01:00:00,29.439,,,,,
12550,08/19/25 01:15:00,29.439,,,,,
12551,08/19/25 01:30:00,29.439,,,,,
12552,08/19/25 01:45:00,29.439,,,,,
12553,08/19/25 02:00:00,29.439,,,,,
12554,08/19/25 02:15:00,29.439,,,,,
12555,08/19/25 02:30:00,29.439,,,,,
12556,08/19/25 02:45:00,29.439,,,,,
12557,08/19/25 03:00:00,29.439,,,,,
12558,08/19/25 03:15:00,29.439,,,,,
12559,08/19/25 03:30:00,29.439,,,,,
12560,08/19/25 03:45:00,29.439,,,,,
12561,08/19/25 04:00:00,29.439,,,,,
12562,08/19/25 04:15:00,29.439,,,,,
12563,08/19/25 04:30:00,29.414,,,,,
12564,08/19/25 04:45:00,29.414,,,,,
12565,08/19/25 05:00:00,29.414,,,,,
12566,08/19/25 05:15:00,29.414,,,,,
12567,08/19/25 05:30:00,29.414,,,,,
12568,08/19/25 05:45:00,29.414,,,,,
12569,08/19/25 06:00:00,29.414,,,,,
12570,08/19/25 06:15:00,29.414,,,,,
12571,08/19/25 06:30:00,29.414,,,,,
12572,08/19/25 06:45:00,29.389,,,,,
12573,08/19/25 07:00:00,29.389,,,,,
12574,08/19/25 07:15:00,29.389,,,,,
12575,08/19/25 07:30:00,29.389,,,,,
12576,08/19/25 07:45:00,29.389,,,,,
12577,08/19/25 08:00:00,29.389,,,,,
12578,08/19/25 08:15:00,29.414,,,,,
12579,08/19/25 08:30:00,29.389,,,,,
12580,08/19/25 08:45:00,29.414,,,,,
12581,08/19/25 09:00:00,29.414,,,,,
12582,08/19/25 09:15:00,29.414,,,,,
12583,08/19/25 09:30:00,29.414,,,,,
12584,08/19/25 09:45:00,29.414,,,,,
12585,08/19/25 10:00:00,29.439,,,,,
12586,08/19/25 10:15:00,29.439,,,,,
12587,08/19/25 10:30:00,29.464,,,,,
12588,08/19/25 10:45:00,29.464,,,,,
12589,08/19/25 11:00:00,29.464,,,,,
12590,08/19/25 11:15:00,29.439,,,,,
12591,08/19/25 11:30:00,29.439,,,,,
12592,08/19/25 11:45:00,29.464,,,,,
12593,08/19/25 12:00:00,29.464,,,,,
12594,08/19/25 12:15:00,29.464,,,,,
12595,08/19/25 12:30:00,29.464,,,,,
12596,08/19/25 12:45:00,29.490,,,,,
12597,08/19/25 13:00:00,29.490,,,,,
12598,08/19/25 13:15:00,29.490,,,,,
12599,08/19/25 13:30:00,29.464,,,,,
12600,08/19/25 13:45:00,29.464,,,,,
12601,08/19/25 14:00:00,29.464,,,,,
12602,08/19/25 14:15:00,29.464,,,,,
12603,08/19/25 14:30:00,29.464,,,,,
12604,08/19/25 14:45:00,29.464,,,,,
12605,08/19/25 15:00:00,29.464,,,,,
12606,08/19/25 15:15:00,29.464,,,,,
12607,08/19/25 15:30:00,29.464,,,,,
12608,08/19/25 15:45:00,29.464,,,,,
12609,08/19/25 16:00:00,29.464,,,,,
12610,08/19/25 16:15:00,29.464,,,,,
12611,08/19/25 16:30:00,29.490,,,,,
12612,08/19/25 16:45:00,29.490,,,,,
12613,08/19/25 17:00:00,29.515,,,,,
12614,08/19/25 17:15:00,29.540,,,,,
12615,08/19/25 17:30:00,29.565,,,,,
12616,08/19/25 17:45:00,29.615,,,,,
12617,08/19/25 18:00:00,29.640,,,,,
12618,08/19/25 18:15:00,29.665,,,,,
12619,08/19/25 18:30:00,29.665,,,,,
12620,08/19/25 18:45:00,29.640,,,,,
12621,08/19/25 19:00:00,29.640,,,,,
12622,08/19/25 19:15:00,29.640,,,,,
12623,08/19/25 19:30:00,29.815,,,,,
12624,08/19/25 19:45:00,29.715,,,,,
12625,08/19/25 20:00:00,29.765,,,,,
12626,08/19/25 20:15:00,29.815,,,,,
12627,08/19/25 20:30:00,29.840,,,,,
12628,08/19/25 20:45:00,29.865,,,,,
12629,08/19/25 21:00:00,29.890,,,,,
12630,08/19/25 21:15:00,29.890,,,,,
12631,08/19/25 21:30:00,29.890,,,,,
12632,08/19/25 21:45:00,29.865,,,,,
12633,08/19/25 22:00:00,29.890,,,,,
12634,08/19/25 22:15:00,29.890,,,,,
12635,08/19/25 22:30:00,29.840,,,,,
12636,08/19/25 22:45:00,29.815,,,,,
12637,08/19/25 23:00:00,29.790,,,,,
12638,08/19/25 23:15:00,29.790,,,,,
12639,08/19/25 23:30:00,29.790,,,,,
12640,08/19/25 23:45:00,29.790,,,,,
12641,08/20/25 00:00:00,29.790,,,,,
12642,08/20/25 00:15:00,29.765,,,,,
12643,08/20/25 00:30:00,29.765,,,,,
12644,08/20/25 00:45:00,29.665,,,,,
12645,08/20/25 01:00:00,29.640,,,,,
12646,08/20/25 01:15:00,29.665,,,,,
12647,08/20/25 01:30:00,29.690,,,,,
12648,08/20/25 01:45:00,29.690,,,,,
12649,08/20/25 02:00:00,29.715,,,,,
12650,08/20/25 02:15:00,29.715,,,,,
12651,08/20/25 02:30:00,29.690,,,,,
12652,08/20/25 02:45:00,29.665,,,,,
12653,08/20/25 03:00:00,29.665,,,,,
12654,08/20/25 03:15:00,29.640,,,,,
12655,08/20/25 03:30:00,29.590,,,,,
12656,08/20/25 03:45:00,29.590,,,,,
12657,08/20/25 04:00:00,29.565,,,,,
12658,08/20/25 04:15:00,29.565,,,,,
12659,08/20/25 04:30:00,29.590,,,,,
12660,08/20/25 04:45:00,29.590,,,,,
12661,08/20/25 05:00:00,29.565,,,,,
12662,08/20/25 05:15:00,29.515,,,,,
12663,08/20/25 05:30:00,29.464,,,,,
12664,08/20/25 05:45:00,29.414,,,,,
12665,08/20/25 06:00:00,29.414,,,,,
12666,08/20/25 06:15:00,29.414,,,,,
12667,08/20/25 06:30:00,29.414,,,,,
12668,08/20/25 06:45:00,29.414,,,,,
12669,08/20/25 07:00:00,29.389,,,,,
12670,08/20/25 07:15:00,29.389,,,,,
12671,08/20/25 07:30:00,29.414,,,,,
12672,08/20/25 07:45:00,29.414,,,,,
12673,08/20/25 08:00:00,29.464,,,,,
12674,08/20/25 08:15:00,29.464,,,,,
12675,08/20/25 08:30:00,29.490,,,,,
12676,08/20/25 08:45:00,29.490,,,,,
12677,08/20/25 09:00:00,29.464,,,,,
12678,08/20/25 09:15:00,29.439,,,,,
12679,08/20/25 09:30:00,29.439,,,,,
12680,08/20/25 09:45:00,29.439,,,,,
12681,08/20/25 10:00:00,29.439,,,,,
12682,08/20/25 10:15:00,29.414,,,,,
12683,08/20/25 10:30:00,29.414,,,,,
12684,08/20/25 10:45:00,29.414,,,,,
12685,08/20/25 11:00:00,29.414,,,,,
12686,08/20/25 11:15:00,29.414,,,,,
12687,08/20/25 11:30:00,29.414,,,,,
12688,08/20/25 11:45:00,29.439,,,,,
12689,08/20/25 12:00:00,29.464,,,,,
12690,08/20/25 12:15:00,29.464,,,,,
12691,08/20/25 12:30:00,29.490,,,,,
12692,08/20/25 12:45:00,29.515,,,,,
12693,08/20/25 13:00:00,29.515,,,,,
12694,08/20/25 13:15:00,29.464,,,,,
12695,08/20/25 13:30:00,29.464,,,,,
12696,08/20/25 13:45:00,29.464,,,,,
12697,08/20/25 14:00:00,29.464,,,,,
12698,08/20/25 14:15:00,29.464,,,,,
12699,08/20/25 14:30:00,29.464,,,,,
12700,08/20/25 14:45:00,29.464,,,,,
12701,08/20/25 15:00:00,29.464,,,,,
12702,08/20/25 15:15:00,29.464,,,,,
12703,08/20/25 15:30:00,29.490,,,,,
12704,08/20/25 15:45:00,29.665,,,,,
12705,08/20/25 16:00:00,29.715,,,,,
12706,08/20/25 16:15:00,29.991,,,,,
12707,08/20/25 16:30:00,30.016,,,,,
12708,08/20/25 16:45:00,29.540,,,,,
12709,08/20/25 17:00:00,29.389,,,,,
12710,08/20/25 17:15:00,29.365,,,,,
12711,08/20/25 17:30:00,29.365,,,,,
12712,08/20/25 17:45:00,29.365,,,,,
12713,08/20/25 18:00:00,29.365,,,,,
12714,08/20/25 18:15:00,29.365,,,,,
12715,08/20/25 18:30:00,29.365,,,,,
12716,08/20/25 18:45:00,29.365,,,,,
12717,08/20/25 19:00:00,29.365,,,,,
12718,08/20/25 19:15:00,29.365,,,,,
12719,08/20/25 19:30:00,29.389,,,,,
12720,08/20/25 19:45:00,29.389,,,,,
12721,08/20/25 20:00:00,29.389,,,,,
12722,08/20/25 20:15:00,29.389,,,,,
12723,08/20/25 20:30:00,29.389,,,,,
12724,08/20/25 20:45:00,29.414,,,,,
12725,08/20/25 21:00:00,29.389,,,,,
12726,08/20/25 21:15:00,29.389,,,,,
12727,08/20/25 21:30:00,29.414,,,,,
12728,08/20/25 21:45:00,29.365,,,,,
12729,08/20/25 22:00:00,29.365,,,,,
12730,08/20/25 22:15:00,29.389,,,,,
12731,08/20/25 22:30:00,29.389,,,,,
12732,08/20/25 22:45:00,29.414,,,,,
12733,08/20/25 23:00:00,29.414,,,,,
12734,08/20/25 23:15:00,29.439,,,,,
12735,08/20/25 23:30:00,29.464,,,,,
12736,08/20/25 23:45:00,29.490,,,,,
12737,08/21/25 00:00:00,29.515,,,,,
12738,08/21/25 00:15:00,29.540,,,,,
12739,08/21/25 00:30:00,29.540,,,,,
12740,08/21/25 00:45:00,29.565,,,,,
12741,08/21/25 01:00:00,29.565,,,,,
12742,08/21/25 01:15:00,29.565,,,,,
12743,08/21/25 01:30:00,29.590,,,,,
12744,08/21/25 01:45:00,29.590,,,,,
12745,08/21/25 02:00:00,29.590,,,,,
12746,08/21/25 02:15:00,29.590,,,,,
12747,08/21/25 02:30:00,29.590,,,,,
12748,08/21/25 02:45:00,29.590,,,,,
12749,08/21/25 03:00:00,29.590,,,,,
12750,08/21/25 03:15:00,29.590,,,,,
12751,08/21/25 03:30:00,29.590,,,,,
12752,08/21/25 03:45:00,29.590,,,,,
12753,08/21/25 04:00:00,29.590,,,,,
12754,08/21/25 04:15:00,29.590,,,,,
12755,08/21/25 04:30:00,29.590,,,,,
12756,08/21/25 04:45:00,29.565,,,,,
12757,08/21/25 05:00:00,29.565,,,,,
12758,08/21/25 05:15:00,29.565,,,,,
12759,08/21/25 05:30:00,29.565,,,,,
12760,08/21/25 05:45:00,29.565,,,,,
12761,08/21/25 06:00:00,29.565,,,,,
12762,08/21/25 06:15:00,29.590,,,,,
12763,08/21/25 06:30:00,29.590,,,,,
12764,08/21/25 06:45:00,29.590,,,,,
12765,08/21/25 07:00:00,29.565,,,,,
12766,08/21/25 07:15:00,29.565,,,,,
12767,08/21/25 07:30:00,29.565,,,,,
12768,08/21/25 07:45:00,29.565,,,,,
12769,08/21/25 08:00:00,29.540,,,,,
12770,08/21/25 08:15:00,29.565,,,,,
12771,08/21/25 08:30:00,29.565,,,,,
12772,08/21/25 08:45:00,29.565,,,,,
12773,08/21/25 09:00:00,29.565,,,,,
12774,08/21/25 09:15:00,29.565,,,,,
12775,08/21/25 09:30:00,29.565,,,,,
12776,08/21/25 09:45:00,29.565,,,,,
12777,08/21/25 10:00:00,29.565,,,,,
12778,08/21/25 10:15:00,29.565,,,,,
12779,08/21/25 10:30:00,29.439,,,,,
12780,08/21/25 10:45:00,29.439,,,,,
12781,08/21/25 11:00:00,29.414,,,,,
12782,08/21/25 11:15:00,29.439,,,,,
12783,08/21/25 11:30:00,29.490,,,,,
12784,08/21/25 11:45:00,29.540,,,,,
12785,08/21/25 12:00:00,29.565,,,,,
12786,08/21/25 12:15:00,29.565,,,,,
12787,08/21/25 12:30:00,29.590,,,,,
12788,08/21/25 12:45:00,29.615,,,,,
12789,08/21/25 13:00:00,29.615,,,,,
12790,08/21/25 13:15:00,29.615,,,,,
12791,08/21/25 13:30:00,29.565,,,,,
12792,08/21/25 13:45:00,29.565,,,,,
12793,08/21/25 14:00:00,29.590,,,,,
12794,08/21/25 14:15:00,29.615,,,,,
12795,08/21/25 14:30:00,29.640,,,,,
12796,08/21/25 14:45:00,29.665,,,,,
12797,08/21/25 15:00:00,29.690,,,,,
12798,08/21/25 15:15:00,29.765,,,,,
12799,08/21/25 15:30:00,29.690,,,,,
12800,08/21/25 15:45:00,29.690,,,,,
12801,08/21/25 16:00:00,29.640,,,,,
12802,08/21/25 16:15:00,29.640,,,,,
12803,08/21/25 16:30:00,29.615,,,,,
12804,08/21/25 16:45:00,29.565,,,,,
12805,08/21/25 17:00:00,29.565,,,,,
12806,08/21/25 17:15:00,29.540,,,,,
12807,08/21/25 17:30:00,29.540,,,,,
12808,08/21/25 17:45:00,29.515,,,,,
12809,08/21/25 18:00:00,29.540,,,,,
12810,08/21/25 18:15:00,29.540,,,,,
12811,08/21/25 18:30:00,29.540,,,,,
12812,08/21/25 18:45:00,29.540,,,,,
12813,08/21/25 19:00:00,29.565,,,,,
12814,08/21/25 19:15:00,29.565,,,,,
12815,08/21/25 19:30:00,29.540,,,,,
12816,08/21/25 19:45:00,29.565,,,,,
12817,08/21/25 20:00:00,29.565,,,,,
12818,08/21/25 20:15:00,29.540,,,,,
12819,08/21/25 20:30:00,29.540,,,,,
12820,08/21/25 20:45:00,29.540,,,,,
12821,08/21/25 21:00:00,29.540,,,,,
12822,08/21/25 21:15:00,29.540,,,,,
12823,08/21/25 21:30:00,29.540,,,,,
12824,08/21/25 21:45:00,29.590,,,,,
12825,08/21/25 22:00:00,29.565,,,,,
12826,08/21/25 22:15:00,29.565,,,,,
12827,08/21/25 22:30:00,29.490,,,,,
12828,08/21/25 22:45:00,29.515,,,,,
12829,08/21/25 23:00:00,29.490,,,,,
12830,08/21/25 23:15:00,29.490,,,,,
12831,08/21/25 23:30:00,29.414,,,,,
12832,08/21/25 23:45:00,29.365,,,,,
12833,08/22/25 00:00:00,29.340,,,,,
12834,08/22/25 00:15:00,29.340,,,,,
12835,08/22/25 00:30:00,29.340,,,,,
12836,08/22/25 00:45:00,29.365,,,,,
12837,08/22/25 01:00:00,29.389,,,,,
12838,08/22/25 01:15:00,29.464,,,,,
12839,08/22/25 01:30:00,29.490,,,,,
12840,08/22/25 01:45:00,29.540,,,,,
12841,08/22/25 02:00:00,29.565,,,,,
12842,08/22/25 02:15:00,29.615,,,,,
12843,08/22/25 02:30:00,29.640,,,,,
12844,08/22/25 02:45:00,29.690,,,,,
12845,08/22/25 03:00:00,29.665,,,,,
12846,08/22/25 03:15:00,29.640,,,,,
12847,08/22/25 03:30:00,29.640,,,,,
12848,08/22/25 03:45:00,29.640,,,,,
12849,08/22/25 04:00:00,29.640,,,,,
12850,08/22/25 04:15:00,29.715,,,,,
12851,08/22/25 04:30:00,29.715,,,,,
12852,08/22/25 04:45:00,29.715,,,,,
12853,08/22/25 05:00:00,29.715,,,,,
12854,08/22/25 05:15:00,29.715,,,,,
12855,08/22/25 05:30:00,29.690,,,,,
12856,08/22/25 05:45:00,29.640,,,,,
12857,08/22/25 06:00:00,29.615,,,,,
12858,08/22/25 06:15:00,29.590,,,,,
12859,08/22/25 06:30:00,29.590,,,,,
12860,08/22/25 06:45:00,29.590,,,,,
12861,08/22/25 07:00:00,29.590,,,,,
12862,08/22/25 07:15:00,29.590,,,,,
12863,08/22/25 07:30:00,29.590,,,,,
12864,08/22/25 07:45:00,29.590,,,,,
12865,08/22/25 08:00:00,29.590,,,,,
12866,08/22/25 08:15:00,29.590,,,,,
12867,08/22/25 08:30:00,29.590,,,,,
12868,08/22/25 08:45:00,29.565,,,,,
12869,08/22/25 09:00:00,29.565,,,,,
12870,08/22/25 09:15:00,29.565,,,,,
12871,08/22/25 09:30:00,29.565,,,,,
12872,08/22/25 09:45:00,29.565,,,,,
12873,08/22/25 10:00:00,29.565,,,,,
12874,08/22/25 10:15:00,29.565,,,,,
12875,08/22/25 10:30:00,29.540,,,,,
12876,08/22/25 10:45:00,29.540,,,,,
12877,08/22/25 11:00:00,29.565,,,,,
12878,08/22/25 11:15:00,29.540,,,,,
12879,08/22/25 11:30:00,29.540,,,,,
12880,08/22/25 11:45:00,29.540,,,,,
12881,08/22/25 12:00:00,29.540,,,,,
12882,08/22/25 12:15:00,29.540,,,,,
12883,08/22/25 12:30:00,29.540,,,,,
12884,08/22/25 12:45:00,29.565,,,,,
12885,08/22/25 13:00:00,29.565,,,,,
12886,08/22/25 13:15:00,29.565,,,,,
12887,08/22/25 13:30:00,29.565,,,,,
12888,08/22/25 13:45:00,29.590,,,,,
12889,08/22/25 14:00:00,29.590,,,,,
12890,08/22/25 14:15:00,29.565,,,,,
12891,08/22/25 14:30:00,29.565,,,,,
12892,08/22/25 14:45:00,29.565,,,,,
12893,08/22/25 15:00:00,29.565,,,,,
12894,08/22/25 15:15:00,29.565,,,,,
12895,08/22/25 15:30:00,29.540,,,,,
12896,08/22/25 15:45:00,29.540,,,,,
12897,08/22/25 16:00:00,29.540,,,,,
12898,08/22/25 16:15:00,29.540,,,,,
12899,08/22/25 16:30:00,29.540,,,,,
12900,08/22/25 16:45:00,29.540,,,,,
12901,08/22/25 17:00:00,29.540,,,,,
12902,08/22/25 17:15:00,29.565,,,,,
12903,08/22/25 17:30:00,29.565,,,,,
12904,08/22/25 17:45:00,29.565,,,,,
12905,08/22/25 18:00:00,29.565,,,,,
12906,08/22/25 18:15:00,29.565,,,,,
12907,08/22/25 18:30:00,29.565,,,,,
12908,08/22/25 18:45:00,29.540,,,,,
12909,08/22/25 19:00:00,29.540,,,,,
12910,08/22/25 19:15:00,29.540,,,,,
12911,08/22/25 19:30:00,29.540,,,,,
12912,08/22/25 19:45:00,29.515,,,,,
12913,08/22/25 20:00:00,29.515,,,,,
12914,08/22/25 20:15:00,29.490,,,,,
12915,08/22/25 20:30:00,29.490,,,,,
12916,08/22/25 20:45:00,29.490,,,,,
12917,08/22/25 21:00:00,29.490,,,,,
12918,08/22/25 21:15:00,29.490,,,,,
12919,08/22/25 21:30:00,29.490,,,,,
12920,08/22/25 21:45:00,29.490,,,,,
12921,08/22/25 22:00:00,29.490,,,,,
12922,08/22/25 22:15:00,29.490,,,,,
12923,08/22/25 22:30:00,29.490,,,,,
12924,08/22/25 22:45:00,29.490,,,,,
12925,08/22/25 23:00:00,29.490,,,,,
12926,08/22/25 23:15:00,29.490,,,,,
12927,08/22/25 23:30:00,29.490,,,,,
12928,08/22/25 23:45:00,29.464,,,,,
12929,08/23/25 00:00:00,29.464,,,,,
12930,08/23/25 00:15:00,29.464,,,,,
12931,08/23/25 00:30:00,29.464,,,,,
12932,08/23/25 00:45:00,29.464,,,,,
12933,08/23/25 01:00:00,29.464,,,,,
12934,08/23/25 01:15:00,29.464,,,,,
12935,08/23/25 01:30:00,29.464,,,,,
12936,08/23/25 01:45:00,29.464,,,,,
12937,08/23/25 02:00:00,29.439,,,,,
12938,08/23/25 02:15:00,29.439,,,,,
12939,08/23/25 02:30:00,29.439,,,,,
12940,08/23/25 02:45:00,29.439,,,,,
12941,08/23/25 03:00:00,29.439,,,,,
12942,08/23/25 03:15:00,29.439,,,,,
12943,08/23/25 03:30:00,29.439,,,,,
12944,08/23/25 03:45:00,29.439,,,,,
12945,08/23/25 04:00:00,29.439,,,,,
12946,08/23/25 04:15:00,29.439,,,,,
12947,08/23/25 04:30:00,29.439,,,,,
12948,08/23/25 04:45:00,29.439,,,,,
12949,08/23/25 05:00:00,29.439,,,,,
12950,08/23/25 05:15:00,29.439,,,,,
12951,08/23/25 05:30:00,29.439,,,,,
12952,08/23/25 05:45:00,29.439,,,,,
12953,08/23/25 06:00:00,29.439,,,,,
12954,08/23/25 06:15:00,29.439,,,,,
12955,08/23/25 06:30:00,29.439,,,,,
12956,08/23/25 06:45:00,29.439,,,,,
12957,08/23/25 07:00:00,29.439,,,,,
12958,08/23/25 07:15:00,29.439,,,,,
12959,08/23/25 07:30:00,29.439,,,,,
12960,08/23/25 07:45:00,29.464,,,,,
12961,08/23/25 08:00:00,29.464,,,,,
12962,08/23/25 08:15:00,29.464,,,,,
12963,08/23/25 08:30:00,29.464,,,,,
12964,08/23/25 08:45:00,29.464,,,,,
12965,08/23/25 09:00:00,29.464,,,,,
12966,08/23/25 09:15:00,29.464,,,,,
12967,08/23/25 09:30:00,29.490,,,,,
12968,08/23/25 09:45:00,29.490,,,,,
12969,08/23/25 10:00:00,29.490,,,,,
12970,08/23/25 10:15:00,29.515,,,,,
12971,08/23/25 10:30:00,29.515,,,,,
12972,08/23/25 10:45:00,29.515,,,,,
12973,08/23/25 11:00:00,29.515,,,,,
12974,08/23/25 11:15:00,29.515,,,,,
12975,08/23/25 11:30:00,29.540,,,,,
12976,08/23/25 11:45:00,29.540,,,,,
12977,08/23/25 12:00:00,29.540,,,,,
12978,08/23/25 12:15:00,29.590,,,,,
12979,08/23/25 12:30:00,29.640,,,,,
12980,08/23/25 12:45:00,29.640,,,,,
12981,08/23/25 13:00:00,29.640,,,,,
12982,08/23/25 13:15:00,29.640,,,,,
12983,08/23/25 13:30:00,29.665,,,,,
12984,08/23/25 13:45:00,29.665,,,,,
12985,08/23/25 14:00:00,29.665,,,,,
12986,08/23/25 14:15:00,29.665,,,,,
12987,08/23/25 14:30:00,29.690,,,,,
12988,08/23/25 14:45:00,29.690,,,,,
12989,08/23/25 15:00:00,29.715,,,,,
12990,08/23/25 15:15:00,29.715,,,,,
12991,08/23/25 15:30:00,29.690,,,,,
12992,08/23/25 15:45:00,29.715,,,,,
12993,08/23/25 16:00:00,29.740,,,,,
12994,08/23/25 16:15:00,29.740,,,,,
12995,08/23/25 16:30:00,29.740,,,,,
12996,08/23/25 16:45:00,29.740,,,,,
12997,08/23/25 17:00:00,29.765,,,,,
12998,08/23/25 17:15:00,29.790,,,,,
12999,08/23/25 17:30:00,29.790,,,,,
13000,08/23/25 17:45:00,30.192,,,,,
13001,08/23/25 18:00:00,30.016,,,,,
13002,08/23/25 18:15:00,30.066,,,,,
13003,08/23/25 18:30:00,30.117,,,,,
13004,08/23/25 18:45:00,30.167,,,,,
13005,08/23/25 19:00:00,30.243,,,,,
13006,08/23/25 19:15:00,30.217,,,,,
13007,08/23/25 19:30:00,30.217,,,,,
13008,08/23/25 19:45:00,30.217,,,,,
13009,08/23/25 20:00:00,30.243,,,,,
13010,08/23/25 20:15:00,30.217,,,,,
13011,08/23/25 20:30:00,30.217,,,,,
13012,08/23/25 20:45:00,30.217,,,,,
13013,08/23/25 21:00:00,30.192,,,,,
13014,08/23/25 21:15:00,30.192,,,,,
13015,08/23/25 21:30:00,30.192,,,,,
13016,08/23/25 21:45:00,30.192,,,,,
13017,08/23/25 22:00:00,30.192,,,,,
13018,08/23/25 22:15:00,30.192,,,,,
13019,08/23/25 22:30:00,30.192,,,,,
13020,08/23/25 22:45:00,30.192,,,,,
13021,08/23/25 23:00:00,30.192,,,,,
13022,08/23/25 23:15:00,30.167,,,,,
13023,08/23/25 23:30:00,30.167,,,,,
13024,08/23/25 23:45:00,30.167,,,,,
13025,08/24/25 00:00:00,30.167,,,,,
13026,08/24/25 00:15:00,30.167,,,,,
13027,08/24/25 00:30:00,30.167,,,,,
13028,08/24/25 00:45:00,30.142,,,,,
13029,08/24/25 01:00:00,30.142,,,,,
13030,08/24/25 01:15:00,30.117,,,,,
13031,08/24/25 01:30:00,30.117,,,,,
13032,08/24/25 01:45:00,30.117,,,,,
13033,08/24/25 02:00:00,30.117,,,,,
13034,08/24/25 02:15:00,30.117,,,,,
13035,08/24/25 02:30:00,30.117,,,,,
13036,08/24/25 02:45:00,30.117,,,,,
13037,08/24/25 03:00:00,30.117,,,,,
13038,08/24/25 03:15:00,30.091,,,,,
13039,08/24/25 03:30:00,30.091,,,,,
13040,08/24/25 03:45:00,30.091,,,,,
13041,08/24/25 04:00:00,30.066,,,,,
13042,08/24/25 04:15:00,30.041,,,,,
13043,08/24/25 04:30:00,30.041,,,,,
13044,08/24/25 04:45:00,30.016,,,,,
13045,08/24/25 05:00:00,29.991,,,,,
13046,08/24/25 05:15:00,29.991,,,,,
13047,08/24/25 05:30:00,29.991,,,,,
13048,08/24/25 05:45:00,29.991,,,,,
13049,08/24/25 06:00:00,29.966,,,,,
13050,08/24/25 06:15:00,29.966,,,,,
13051,08/24/25 06:30:00,29.966,,,,,
13052,08/24/25 06:45:00,29.966,,,,,
13053,08/24/25 07:00:00,29.966,,,,,
13054,08/24/25 07:15:00,29.941,,,,,
13055,08/24/25 07:30:00,29.890,,,,,
13056,08/24/25 07:45:00,29.916,,,,,
13057,08/24/25 08:00:00,29.916,,,,,
13058,08/24/25 08:15:00,29.890,,,,,
13059,08/24/25 08:30:00,29.890,,,,,
13060,08/24/25 08:45:00,29.890,,,,,
13061,08/24/25 09:00:00,29.916,,,,,
13062,08/24/25 09:15:00,29.941,,,,,
13063,08/24/25 09:30:00,29.941,,,,,
13064,08/24/25 09:45:00,29.966,,,,,
13065,08/24/25 10:00:00,29.991,,,,,
13066,08/24/25 10:15:00,29.991,,,,,
13067,08/24/25 10:30:00,30.016,,,,,
13068,08/24/25 10:45:00,30.016,,,,,
13069,08/24/25 11:00:00,30.016,,,,,
13070,08/24/25 11:15:00,30.016,,,,,
13071,08/24/25 11:30:00,30.016,,,,,
13072,08/24/25 11:45:00,29.890,,,,,
13073,08/24/25 12:00:00,29.865,,,,,
13074,08/24/25 12:15:00,29.840,,,,,
13075,08/24/25 12:30:00,29.815,,,,,
13076,08/24/25 12:45:00,29.815,,,,,
13077,08/24/25 13:00:00,29.815,,,,,
13078,08/24/25 13:15:00,29.790,,,,,
13079,08/24/25 13:30:00,29.790,,,,,
13080,08/24/25 13:45:00,29.765,,,,,
13081,08/24/25 14:00:00,29.765,,,,,
13082,08/24/25 14:15:00,29.765,,,,,
13083,08/24/25 14:30:00,29.765,,,,,
13084,08/24/25 14:45:00,29.765,,,,,
13085,08/24/25 15:00:00,29.740,,,,,
13086,08/24/25 15:15:00,29.740,,,,,
13087,08/24/25 15:30:00,29.765,,,,,
13088,08/24/25 15:45:00,29.790,,,,,
13089,08/24/25 16:00:00,29.890,,,,,
13090,08/24/25 16:15:00,30.066,,,,,
13091,08/24/25 16:30:00,30.016,,,,,
13092,08/24/25 16:45:00,29.890,,,,,
13093,08/24/25 17:00:00,29.865,,,,,
13094,08/24/25 17:15:00,29.916,,,,,
13095,08/24/25 17:30:00,29.966,,,,,
13096,08/24/25 17:45:00,29.815,,,,,
13097,08/24/25 18:00:00,30.167,,,,,
13098,08/24/25 18:15:00,30.217,,,,,
13099,08/24/25 18:30:00,30.268,,,,,
13100,08/24/25 18:45:00,30.419,,,,,
13101,08/24/25 19:00:00,30.419,,,,,
13102,08/24/25 19:15:00,30.318,,,,,
13103,08/24/25 19:30:00,29.865,,,,,
13104,08/24/25 19:45:00,29.840,,,,,
13105,08/24/25 20:00:00,29.815,,,,,
13106,08/24/25 20:15:00,29.966,,,,,
13107,08/24/25 20:30:00,29.941,,,,,
13108,08/24/25 20:45:00,29.966,,,,,
13109,08/24/25 21:00:00,29.916,,,,,
13110,08/24/25 21:15:00,29.865,,,,,
13111,08/24/25 21:30:00,29.815,,,,,
13112,08/24/25 21:45:00,29.790,,,,,
13113,08/24/25 22:00:00,29.765,,,,,
13114,08/24/25 22:15:00,29.740,,,,,
13115,08/24/25 22:30:00,29.715,,,,,
13116,08/24/25 22:45:00,29.715,,,,,
13117,08/24/25 23:00:00,29.715,,,,,
13118,08/24/25 23:15:00,29.715,,,,,
13119,08/24/25 23:30:00,29.765,,,,,
13120,08/24/25 23:45:00,29.865,,,,,
13121,08/25/25 00:00:00,29.941,,,,,
13122,08/25/25 00:15:00,30.016,,,,,
13123,08/25/25 00:30:00,29.991,,,,,
13124,08/25/25 00:45:00,29.966,,,,,
13125,08/25/25 01:00:00,29.916,,,,,
13126,08/25/25 01:15:00,29.890,,,,,
13127,08/25/25 01:30:00,29.890,,,,,
13128,08/25/25 01:45:00,29.916,,,,,
13129,08/25/25 02:00:00,29.865,,,,,
13130,08/25/25 02:15:00,29.865,,,,,
13131,08/25/25 02:30:00,29.865,,,,,
13132,08/25/25 02:45:00,29.865,,,,,
13133,08/25/25 03:00:00,29.865,,,,,
13134,08/25/25 03:15:00,29.840,,,,,
13135,08/25/25 03:30:00,29.815,,,,,
13136,08/25/25 03:45:00,29.790,,,,,
13137,08/25/25 04:00:00,29.790,,,,,
13138,08/25/25 04:15:00,29.790,,,,,
13139,08/25/25 04:30:00,29.790,,,,,
13140,08/25/25 04:45:00,29.790,,,,,
13141,08/25/25 05:00:00,29.815,,,,,
13142,08/25/25 05:15:00,29.840,,,,,
13143,08/25/25 05:30:00,29.840,,,,,
13144,08/25/25 05:45:00,29.865,,,,,
13145,08/25/25 06:00:00,29.865,,,,,
13146,08/25/25 06:15:00,29.840,,,,,
13147,08/25/25 06:30:00,29.790,,,,,
13148,08/25/25 06:45:00,29.815,,,,,
13149,08/25/25 07:00:00,29.815,,,,,
13150,08/25/25 07:15:00,29.840,,,,,
13151,08/25/25 07:30:00,29.840,,,,,
13152,08/25/25 07:45:00,29.840,,,,,
13153,08/25/25 08:00:00,29.840,,,,,
13154,08/25/25 08:15:00,29.840,,,,,
13155,08/25/25 08:30:00,29.840,,,,,
13156,08/25/25 08:45:00,29.865,,,,,
13157,08/25/25 09:00:00,29.865,,,,,
13158,08/25/25 09:15:00,29.865,,,,,
13159,08/25/25 09:30:00,29.865,,,,,
13160,08/25/25 09:45:00,29.865,,,,,
13161,08/25/25 10:00:00,29.865,,,,,
13162,08/25/25 10:15:00,29.865,,,,,
13163,08/25/25 10:30:00,29.865,,,,,
13164,08/25/25 10:45:00,29.865,,,,,
13165,08/25/25 11:00:00,29.865,,,,,
13166,08/25/25 11:15:00,29.865,,,,,
13167,08/25/25 11:30:00,29.865,,,,,
13168,08/25/25 11:45:00,29.890,,,,,
13169,08/25/25 12:00:00,29.890,,,,,
13170,08/25/25 12:15:00,29.890,,,,,
13171,08/25/25 12:30:00,29.890,,,,,
13172,08/25/25 12:45:00,29.916,,,,,
13173,08/25/25 13:00:00,29.890,,,,,
13174,08/25/25 13:15:00,29.890,,,,,
13175,08/25/25 13:30:00,29.815,,,,,
13176,08/25/25 13:45:00,29.765,,,,,
13177,08/25/25 14:00:00,29.790,,,,,
13178,08/25/25 14:15:00,29.790,,,,,
13179,08/25/25 14:30:00,29.815,,,,,
13180,08/25/25 14:45:00,29.865,,,,,
13181,08/25/25 15:00:00,29.916,,,,,
13182,08/25/25 15:15:00,29.916,,,,,
13183,08/25/25 15:30:00,29.916,,,,,
13184,08/25/25 15:45:00,29.890,,,,,
13185,08/25/25 16:00:00,29.890,,,,,
13186,08/25/25 16:15:00,29.890,,,,,
13187,08/25/25 16:30:00,29.890,,,,,
13188,08/25/25 16:45:00,29.865,,,,,
13189,08/25/25 17:00:00,29.840,,,,,
13190,08/25/25 17:15:00,29.840,,,,,
13191,08/25/25 17:30:00,29.840,,,,,
13192,08/25/25 17:45:00,29.815,,,,,
13193,08/25/25 18:00:00,29.765,,,,,
13194,08/25/25 18:15:00,29.740,,,,,
13195,08/25/25 18:30:00,29.740,,,,,
13196,08/25/25 18:45:00,29.740,,,,,
13197,08/25/25 19:00:00,29.740,,,,,
13198,08/25/25 19:15:00,29.715,,,,,
13199,08/25/25 19:30:00,29.740,,,,,
13200,08/25/25 19:45:00,29.740,,,,,
13201,08/25/25 20:00:00,29.740,,,,,
13202,08/25/25 20:15:00,29.740,,,,,
13203,08/25/25 20:30:00,29.740,,,,,
13204,08/25/25 20:45:00,29.740,,,,,
13205,08/25/25 21:00:00,29.740,,,,,
13206,08/25/25 21:15:00,29.740,,,,,
13207,08/25/25 21:30:00,29.715,,,,,
13208,08/25/25 21:45:00,29.715,,,,,
13209,08/25/25 22:00:00,29.690,,,,,
13210,08/25/25 22:15:00,29.690,,,,,
13211,08/25/25 22:30:00,29.665,,,,,
13212,08/25/25 22:45:00,29.665,,,,,
13213,08/25/25 23:00:00,29.665,,,,,
13214,08/25/25 23:15:00,29.715,,,,,
13215,08/25/25 23:30:00,29.690,,,,,
13216,08/25/25 23:45:00,29.690,,,,,
13217,08/26/25 00:00:00,29.765,,,,,
13218,08/26/25 00:15:00,29.865,,,,,
13219,08/26/25 00:30:00,29.815,,,,,
13220,08/26/25 00:45:00,29.865,,,,,
13221,08/26/25 01:00:00,29.790,,,,,
13222,08/26/25 01:15:00,29.690,,,,,
13223,08/26/25 01:30:00,29.765,,,,,
13224,08/26/25 01:45:00,29.765,,,,,
13225,08/26/25 02:00:00,29.740,,,,,
13226,08/26/25 02:15:00,29.715,,,,,
13227,08/26/25 02:30:00,29.690,,,,,
13228,08/26/25 02:45:00,29.665,,,,,
13229,08/26/25 03:00:00,29.665,,,,,
13230,08/26/25 03:15:00,29.665,,,,,
13231,08/26/25 03:30:00,29.640,,,,,
13232,08/26/25 03:45:00,29.640,,,,,
13233,08/26/25 04:00:00,29.640,,,,,
13234,08/26/25 04:15:00,29.615,,,,,
13235,08/26/25 04:30:00,29.640,,,,,
13236,08/26/25 04:45:00,29.640,,,,,
13237,08/26/25 05:00:00,29.640,,,,,
13238,08/26/25 05:15:00,29.665,,,,,
13239,08/26/25 05:30:00,29.665,,,,,
13240,08/26/25 05:45:00,29.665,,,,,
13241,08/26/25 06:00:00,29.690,,,,,
13242,08/26/25 06:15:00,29.690,,,,,
13243,08/26/25 06:30:00,29.690,,,,,
13244,08/26/25 06:45:00,29.690,,,,,
13245,08/26/25 07:00:00,29.690,,,,,
13246,08/26/25 07:15:00,29.690,,,,,
13247,08/26/25 07:30:00,29.690,,,,,
13248,08/26/25 07:45:00,29.690,,,,,
13249,08/26/25 08:00:00,29.690,,,,,
13250,08/26/25 08:15:00,29.690,,,,,
13251,08/26/25 08:30:00,29.665,,,,,
13252,08/26/25 08:45:00,29.665,,,,,
13253,08/26/25 09:00:00,29.665,,,,,
13254,08/26/25 09:15:00,29.665,,,,,
13255,08/26/25 09:30:00,29.665,,,,,
13256,08/26/25 09:45:00,29.665,,,,,
13257,08/26/25 10:00:00,29.665,,,,,
13258,08/26/25 10:15:00,29.665,,,,,
13259,08/26/25 10:30:00,29.640,,,,,
13260,08/26/25 10:45:00,29.640,,,,,
13261,08/26/25 11:00:00,29.640,,,,,
13262,08/26/25 11:15:00,29.665,,,,,
13263,08/26/25 11:30:00,29.690,,,,,
13264,08/26/25 11:45:00,29.640,,,,,
13265,08/26/25 12:00:00,29.640,,,,,
13266,08/26/25 12:15:00,29.640,,,,,
13267,08/26/25 12:30:00,29.665,,,,,
13268,08/26/25 12:45:00,29.715,,,,,
13269,08/26/25 13:00:00,29.740,,,,,
13270,08/26/25 13:15:00,29.790,,,,,
13271,08/26/25 13:30:00,29.790,,,,,
13272,08/26/25 13:45:00,29.790,,,,,
13273,08/26/25 14:00:00,29.790,,,,,
13274,08/26/25 14:15:00,29.790,,,,,
13275,08/26/25 14:30:00,29.790,,,,,
13276,08/26/25 14:45:00,29.790,,,,,
13277,08/26/25 15:00:00,29.790,,,,,
13278,08/26/25 15:15:00,29.815,,,,,
13279,08/26/25 15:30:00,29.815,,,,,
13280,08/26/25 15:45:00,29.815,,,,,
13281,08/26/25 16:00:00,29.790,,,,,
13282,08/26/25 16:15:00,29.790,,,,,
13283,08/26/25 16:30:00,29.790,,,,,
13284,08/26/25 16:45:00,29.790,,,,,
13285,08/26/25 17:00:00,29.790,,,,,
13286,08/26/25 17:15:00,29.790,,,,,
13287,08/26/25 17:30:00,29.790,,,,,
13288,08/26/25 17:45:00,29.815,,,,,
13289,08/26/25 18:00:00,29.840,,,,,
13290,08/26/25 18:15:00,29.790,,,,,
13291,08/26/25 18:30:00,29.790,,,,,
13292,08/26/25 18:45:00,29.765,,,,,
13293,08/26/25 19:00:00,29.765,,,,,
13294,08/26/25 19:15:00,29.765,,,,,
13295,08/26/25 19:30:00,29.765,,,,,
13296,08/26/25 19:45:00,29.765,,,,,
13297,08/26/25 20:00:00,29.765,,,,,
13298,08/26/25 20:15:00,29.765,,,,,
13299,08/26/25 20:30:00,29.765,,,,,
13300,08/26/25 20:45:00,29.765,,,,,
13301,08/26/25 21:00:00,29.765,,,,,
13302,08/26/25 21:15:00,29.765,,,,,
13303,08/26/25 21:30:00,29.765,,,,,
13304,08/26/25 21:45:00,29.765,,,,,
13305,08/26/25 22:00:00,29.765,,,,,
13306,08/26/25 22:15:00,29.765,,,,,
13307,08/26/25 22:30:00,29.790,,,,,
13308,08/26/25 22:45:00,29.790,,,,,
13309,08/26/25 23:00:00,29.790,,,,,
13310,08/26/25 23:15:00,29.815,,,,,
13311,08/26/25 23:30:00,29.840,,,,,
13312,08/26/25 23:45:00,29.840,,,,,
13313,08/27/25 00:00:00,29.815,,,,,
13314,08/27/25 00:15:00,29.815,,,,,
13315,08/27/25 00:30:00,29.815,,,,,
13316,08/27/25 00:45:00,29.790,,,,,
13317,08/27/25 01:00:00,29.790,,,,,
13318,08/27/25 01:15:00,29.790,,,,,
13319,08/27/25 01:30:00,29.765,,,,,
13320,08/27/25 01:45:00,29.765,,,,,
13321,08/27/25 02:00:00,29.765,,,,,
13322,08/27/25 02:15:00,29.765,,,,,
13323,08/27/25 02:30:00,29.765,,,,,
13324,08/27/25 02:45:00,29.765,,,,,
13325,08/27/25 03:00:00,29.765,,,,,
13326,08/27/25 03:15:00,29.740,,,,,
13327,08/27/25 03:30:00,29.765,,,,,
13328,08/27/25 03:45:00,29.765,,,,,
13329,08/27/25 04:00:00,29.740,,,,,
13330,08/27/25 04:15:00,29.740,,,,,
13331,08/27/25 04:30:00,29.740,,,,,
13332,08/27/25 04:45:00,29.715,,,,,
13333,08/27/25 05:00:00,29.715,,,,,
13334,08/27/25 05:15:00,29.715,,,,,
13335,08/27/25 05:30:00,29.715,,,,,
13336,08/27/25 05:45:00,29.715,,,,,
13337,08/27/25 06:00:00,29.715,,,,,
13338,08/27/25 06:15:00,29.690,,,,,
13339,08/27/25 06:30:00,29.690,,,,,
13340,08/27/25 06:45:00,29.690,,,,,
13341,08/27/25 07:00:00,29.690,,,,,
13342,08/27/25 07:15:00,29.690,,,,,
13343,08/27/25 07:30:00,29.690,,,,,
13344,08/27/25 07:45:00,29.690,,,,,
13345,08/27/25 08:00:00,29.665,,,,,
13346,08/27/25 08:15:00,29.665,,,,,
13347,08/27/25 08:30:00,29.690,,,,,
13348,08/27/25 08:45:00,29.665,,,,,
13349,08/27/25 09:00:00,29.665,,,,,
13350,08/27/25 09:15:00,29.665,,,,,
13351,08/27/25 09:30:00,29.665,,,,,
13352,08/27/25 09:45:00,29.665,,,,,
13353,08/27/25 10:00:00,29.690,,,,,
13354,08/27/25 10:15:00,29.690,,,,,
13355,08/27/25 10:30:00,29.690,,,,,
13356,08/27/25 10:45:00,29.690,,,,,
13357,08/27/25 11:00:00,29.715,,,,,
13358,08/27/25 11:15:00,29.715,,,,,
13359,08/27/25 11:30:00,29.715,,,,,
13360,08/27/25 11:45:00,29.715,,,,,
13361,08/27/25 12:00:00,29.715,,,,,
13362,08/27/25 12:15:00,29.715,,,,,
13363,08/27/25 12:30:00,29.740,,,,,
13364,08/27/25 12:45:00,29.740,,,,,
13365,08/27/25 13:00:00,29.715,,,,,
13366,08/27/25 13:15:00,29.740,,,,,
13367,08/27/25 13:30:00,29.740,,,,,
13368,08/27/25 13:45:00,29.740,,,,,
13369,08/27/25 14:00:00,29.740,,,,,
13370,08/27/25 14:15:00,29.740,,,,,
13371,08/27/25 14:30:00,29.740,,,,,
13372,08/27/25 14:45:00,29.765,,,,,
13373,08/27/25 15:00:00,29.765,,,,,
13374,08/27/25 15:15:00,29.765,,,,,
13375,08/27/25 15:30:00,29.765,,,,,
13376,08/27/25 15:45:00,29.765,,,,,
13377,08/27/25 16:00:00,29.765,,,,,
13378,08/27/25 16:15:00,29.765,,,,,
13379,08/27/25 16:30:00,29.765,,,,,
13380,08/27/25 16:45:00,29.765,,,,,
13381,08/27/25 17:00:00,29.765,,,,,
13382,08/27/25 17:15:00,29.765,,,,,
13383,08/27/25 17:30:00,29.765,,,,,
13384,08/27/25 17:45:00,29.790,,,,,
13385,08/27/25 18:00:00,29.790,,,,,
13386,08/27/25 18:15:00,29.790,,,,,
13387,08/27/25 18:30:00,29.765,,,,,
13388,08/27/25 18:45:00,29.790,,,,,
13389,08/27/25 19:00:00,29.815,,,,,
13390,08/27/25 19:15:00,29.765,,,,,
13391,08/27/25 19:30:00,29.765,,,,,
13392,08/27/25 19:45:00,29.765,,,,,
13393,08/27/25 20:00:00,29.790,,,,,
13394,08/27/25 20:15:00,29.790,,,,,
13395,08/27/25 20:30:00,29.840,,,,,
13396,08/27/25 20:45:00,29.840,,,,,
13397,08/27/25 21:00:00,29.840,,,,,
13398,08/27/25 21:15:00,29.840,,,,,
13399,08/27/25 21:30:00,29.840,,,,,
13400,08/27/25 21:45:00,29.815,,,,,
13401,08/27/25 22:00:00,29.840,,,,,
13402,08/27/25 22:15:00,29.840,,,,,
13403,08/27/25 22:30:00,29.840,,,,,
13404,08/27/25 22:45:00,29.865,,,,,
13405,08/27/25 23:00:00,29.890,,,,,
13406,08/27/25 23:15:00,29.890,,,,,
13407,08/27/25 23:30:00,29.890,,,,,
13408,08/27/25 23:45:00,29.890,,,,,
13409,08/28/25 00:00:00,29.916,,,,,
13410,08/28/25 00:15:00,29.916,,,,,
13411,08/28/25 00:30:00,29.916,,,,,
13412,08/28/25 00:45:00,29.916,,,,,
13413,08/28/25 01:00:00,29.916,,,,,
13414,08/28/25 01:15:00,29.916,,,,,
13415,08/28/25 01:30:00,29.890,,,,,
13416,08/28/25 01:45:00,29.916,,,,,
13417,08/28/25 02:00:00,29.916,,,,,
13418,08/28/25 02:15:00,29.916,,,,,
13419,08/28/25 02:30:00,29.916,,,,,
13420,08/28/25 02:45:00,29.916,,,,,
13421,08/28/25 03:00:00,29.916,,,,,
13422,08/28/25 03:15:00,29.916,,,,,
13423,08/28/25 03:30:00,29.890,,,,,
13424,08/28/25 03:45:00,29.890,,,,,
13425,08/28/25 04:00:00,29.890,,,,,
13426,08/28/25 04:15:00,29.890,,,,,
13427,08/28/25 04:30:00,29.865,,,,,
13428,08/28/25 04:45:00,29.840,,,,,
13429,08/28/25 05:00:00,29.840,,,,,
13430,08/28/25 05:15:00,29.840,,,,,
13431,08/28/25 05:30:00,29.815,,,,,
13432,08/28/25 05:45:00,29.815,,,,,
13433,08/28/25 06:00:00,29.815,,,,,
13434,08/28/25 06:15:00,29.815,,,,,
13435,08/28/25 06:30:00,29.815,,,,,
13436,08/28/25 06:45:00,29.815,,,,,
13437,08/28/25 07:00:00,29.815,,,,,
13438,08/28/25 07:15:00,29.815,,,,,
13439,08/28/25 07:30:00,29.815,,,,,
13440,08/28/25 07:45:00,29.840,,,,,
13441,08/28/25 08:00:00,29.840,,,,,
13442,08/28/25 08:15:00,29.840,,,,,
13443,08/28/25 08:30:00,29.840,,,,,
13444,08/28/25 08:45:00,29.840,,,,,
13445,08/28/25 09:00:00,29.840,,,,,
13446,08/28/25 09:15:00,29.840,,,,,
13447,08/28/25 09:30:00,29.865,,,,,
13448,08/28/25 09:45:00,29.865,,,,,
13449,08/28/25 10:00:00,29.865,,,,,
13450,08/28/25 10:15:00,29.865,,,,,
13451,08/28/25 10:30:00,29.865,,,,,
13452,08/28/25 10:45:00,29.865,,,,,
13453,08/28/25 11:00:00,29.840,,,,,
13454,08/28/25 11:15:00,29.865,,,,,
13455,08/28/25 11:30:00,29.941,,,,,
13456,08/28/25 11:45:00,29.890,,,,,
13457,08/28/25 12:00:00,29.865,,,,,
13458,08/28/25 12:15:00,29.865,,,,,
13459,08/28/25 12:30:00,29.840,,,,,
13460,08/28/25 12:45:00,29.840,,,,,
13461,08/28/25 13:00:00,29.865,,,,,
13462,08/28/25 13:15:00,29.865,,,,,
13463,08/28/25 13:30:00,29.890,,,,,
13464,08/28/25 13:45:00,29.916,,,,,
13465,08/28/25 14:00:00,29.966,,,,,
13466,08/28/25 14:15:00,29.991,,,,,
13467,08/28/25 14:30:00,30.016,,,,,
13468,08/28/25 14:45:00,30.016,,,,,
13469,08/28/25 15:00:00,30.016,,,,,
13470,08/28/25 15:15:00,30.016,,,,,
13471,08/28/25 15:30:00,30.041,,,,,
13472,08/28/25 15:45:00,30.041,,,,,
13473,08/28/25 16:00:00,30.016,,,,,
13474,08/28/25 16:15:00,29.966,,,,,
13475,08/28/25 16:30:00,29.966,,,,,
13476,08/28/25 16:45:00,29.991,,,,,
13477,08/28/25 17:00:00,29.991,,,,,
13478,08/28/25 17:15:00,29.941,,,,,
13479,08/28/25 17:30:00,29.966,,,,,
13480,08/28/25 17:45:00,29.966,,,,,
13481,08/28/25 18:00:00,29.966,,,,,
13482,08/28/25 18:15:00,29.916,,,,,
13483,08/28/25 18:30:00,29.865,,,,,
13484,08/28/25 18:45:00,29.840,,,,,
13485,08/28/25 19:00:00,29.790,,,,,
13486,08/28/25 19:15:00,29.765,,,,,
13487,08/28/25 19:30:00,29.765,,,,,
13488,08/28/25 19:45:00,29.765,,,,,
13489,08/28/25 20:00:00,29.765,,,,,
13490,08/28/25 20:15:00,29.740,,,,,
13491,08/28/25 20:30:00,29.740,,,,,
13492,08/28/25 20:45:00,29.740,,,,,
13493,08/28/25 21:00:00,29.740,,,,,
13494,08/28/25 21:15:00,29.740,,,,,
13495,08/28/25 21:30:00,29.740,,,,,
13496,08/28/25 21:45:00,29.740,,,,,
13497,08/28/25 22:00:00,29.740,,,,,
13498,08/28/25 22:15:00,29.765,,,,,
13499,08/28/25 22:30:00,29.765,,,,,
13500,08/28/25 22:45:00,29.765,,,,,
13501,08/28/25 23:00:00,29.765,,,,,
13502,08/28/25 23:15:00,29.790,,,,,
13503,08/28/25 23:30:00,29.765,,,,,
13504,08/28/25 23:45:00,29.765,,,,,
13505,08/29/25 00:00:00,29.765,,,,,
13506,08/29/25 00:15:00,29.765,,,,,
13507,08/29/25 00:30:00,29.765,,,,,
13508,08/29/25 00:45:00,29.765,,,,,
13509,08/29/25 01:00:00,29.765,,,,,
13510,08/29/25 01:15:00,29.765,,,,,
13511,08/29/25 01:30:00,29.765,,,,,
13512,08/29/25 01:45:00,29.765,,,,,
13513,08/29/25 02:00:00,29.765,,,,,
13514,08/29/25 02:15:00,29.765,,,,,
13515,08/29/25 02:30:00,29.765,,,,,
13516,08/29/25 02:45:00,29.765,,,,,
13517,08/29/25 03:00:00,29.765,,,,,
13518,08/29/25 03:15:00,29.765,,,,,
13519,08/29/25 03:30:00,29.740,,,,,
13520,08/29/25 03:45:00,29.740,,,,,
13521,08/29/25 04:00:00,29.740,,,,,
13522,08/29/25 04:15:00,29.740,,,,,
13523,08/29/25 04:30:00,29.740,,,,,
13524,08/29/25 04:45:00,29.740,,,,,
13525,08/29/25 05:00:00,29.740,,,,,
13526,08/29/25 05:15:00,29.740,,,,,
13527,08/29/25 05:30:00,29.740,,,,,
13528,08/29/25 05:45:00,29.740,,,,,
13529,08/29/25 06:00:00,29.740,,,,,
13530,08/29/25 06:15:00,29.740,,,,,
13531,08/29/25 06:30:00,29.740,,,,,
13532,08/29/25 06:45:00,29.740,,,,,
13533,08/29/25 07:00:00,29.765,,,,,
13534,08/29/25 07:15:00,29.765,,,,,
13535,08/29/25 07:30:00,29.740,,,,,
13536,08/29/25 07:45:00,29.765,,,,,
13537,08/29/25 08:00:00,29.765,,,,,
13538,08/29/25 08:15:00,29.765,,,,,
13539,08/29/25 08:30:00,29.765,,,,,
13540,08/29/25 08:45:00,29.765,,,,,
13541,08/29/25 09:00:00,29.765,,,,,
13542,08/29/25 09:15:00,29.765,,,,,
13543,08/29/25 09:30:00,29.765,,,,,
13544,08/29/25 09:45:00,29.790,,,,,
13545,08/29/25 10:00:00,29.790,,,,,
13546,08/29/25 10:15:00,29.790,,,,,
13547,08/29/25 10:30:00,29.815,,,,,
13548,08/29/25 10:45:00,29.840,,,,,
13549,08/29/25 11:00:00,29.840,,,,,
13550,08/29/25 11:15:00,29.865,,,,,
13551,08/29/25 11:30:00,29.865,,,,,
13552,08/29/25 11:45:00,29.865,,,,,
13553,08/29/25 12:00:00,29.865,,,,,
13554,08/29/25 12:15:00,29.865,,,,,
13555,08/29/25 12:30:00,29.840,,,,,
13556,08/29/25 12:45:00,29.890,,,,,
13557,08/29/25 13:00:00,30.066,,,,,
13558,08/29/25 13:15:00,30.142,,,,,
13559,08/29/25 13:30:00,30.167,,,,,
13560,08/29/25 13:45:00,30.192,,,,,
13561,08/29/25 14:00:00,30.192,,,,,
13562,08/29/25 14:15:00,30.217,,,,,
13563,08/29/25 14:30:00,30.217,,,,,
13564,08/29/25 14:45:00,30.217,,,,,
13565,08/29/25 15:00:00,30.217,,,,,
13566,08/29/25 15:15:00,30.217,,,,,
13567,08/29/25 15:30:00,30.217,,,,,
13568,08/29/25 15:45:00,30.243,,,,,
13569,08/29/25 16:00:00,30.268,,,,,
13570,08/29/25 16:15:00,30.293,,,,,
13571,08/29/25 16:30:00,30.243,,,,,
13572,08/29/25 16:45:00,30.268,,,,,
13573,08/29/25 17:00:00,30.142,,,,,
13574,08/29/25 17:15:00,30.117,,,,,
13575,08/29/25 17:30:00,30.369,,,,,
13576,08/29/25 17:45:00,30.318,,,,,
13577,08/29/25 18:00:00,30.243,,,,,
13578,08/29/25 18:15:00,30.142,,,,,
13579,08/29/25 18:30:00,30.041,,,,,
13580,08/29/25 18:45:00,29.991,,,,,
13581,08/29/25 19:00:00,29.941,,,,,
13582,08/29/25 19:15:00,29.916,,,,,
13583,08/29/25 19:30:00,29.916,,,,,
13584,08/29/25 19:45:00,29.890,,,,,
13585,08/29/25 20:00:00,29.890,,,,,
13586,08/29/25 20:15:00,29.916,,,,,
13587,08/29/25 20:30:00,29.916,,,,,
13588,08/29/25 20:45:00,29.916,,,,,
13589,08/29/25 21:00:00,29.941,,,,,
13590,08/29/25 21:15:00,29.941,,,,,
13591,08/29/25 21:30:00,29.941,,,,,
13592,08/29/25 21:45:00,29.941,,,,,
13593,08/29/25 22:00:00,29.941,,,,,
13594,08/29/25 22:15:00,29.941,,,,,
13595,08/29/25 22:30:00,29.941,,,,,
13596,08/29/25 22:45:00,29.941,,,,,
13597,08/29/25 23:00:00,29.916,,,,,
13598,08/29/25 23:15:00,29.916,,,,,
13599,08/29/25 23:30:00,29.991,,,,,
13600,08/29/25 23:45:00,30.016,,,,,
13601,08/30/25 00:00:00,30.016,,,,,
13602,08/30/25 00:15:00,30.016,,,,,
13603,08/30/25 00:30:00,30.016,,,,,
13604,08/30/25 00:45:00,30.041,,,,,
13605,08/30/25 01:00:00,30.041,,,,,
13606,08/30/25 01:15:00,30.016,,,,,
13607,08/30/25 01:30:00,29.991,,,,,
13608,08/30/25 01:45:00,30.016,,,,,
13609,08/30/25 02:00:00,30.016,,,,,
13610,08/30/25 02:15:00,29.991,,,,,
13611,08/30/25 02:30:00,29.966,,,,,
13612,08/30/25 02:45:00,29.966,,,,,
13613,08/30/25 03:00:00,29.966,,,,,
13614,08/30/25 03:15:00,29.966,,,,,
13615,08/30/25 03:30:00,29.941,,,,,
13616,08/30/25 03:45:00,29.966,,,,,
13617,08/30/25 04:00:00,29.941,,,,,
13618,08/30/25 04:15:00,29.941,,,,,
13619,08/30/25 04:30:00,29.966,,,,,
13620,08/30/25 04:45:00,29.991,,,,,
13621,08/30/25 05:00:00,29.991,,,,,
13622,08/30/25 05:15:00,29.966,,,,,
13623,08/30/25 05:30:00,29.966,,,,,
13624,08/30/25 05:45:00,29.991,,,,,
13625,08/30/25 06:00:00,29.941,,,,,
13626,08/30/25 06:15:00,29.916,,,,,
13627,08/30/25 06:30:00,29.916,,,,,
13628,08/30/25 06:45:00,29.890,,,,,
13629,08/30/25 07:00:00,29.890,,,,,
13630,08/30/25 07:15:00,29.890,,,,,
13631,08/30/25 07:30:00,29.865,,,,,
13632,08/30/25 07:45:00,29.840,,,,,
13633,08/30/25 08:00:00,29.840,,,,,
13634,08/30/25 08:15:00,29.815,,,,,
13635,08/30/25 08:30:00,29.815,,,,,
13636,08/30/25 08:45:00,29.815,,,,,
13637,08/30/25 09:00:00,29.815,,,,,
13638,08/30/25 09:15:00,29.840,,,,,
13639,08/30/25 09:30:00,29.840,,,,,
13640,08/30/25 09:45:00,29.865,,,,,
13641,08/30/25 10:00:00,29.916,,,,,
13642,08/30/25 10:15:00,29.941,,,,,
13643,08/30/25 10:30:00,29.966,,,,,
13644,08/30/25 10:45:00,29.991,,,,,
13645,08/30/25 11:00:00,30.016,,,,,
13646,08/30/25 11:15:00,30.041,,,,,
13647,08/30/25 11:30:00,30.091,,,,,
13648,08/30/25 11:45:00,30.091,,,,,
13649,08/30/25 12:00:00,30.066,,,,,
13650,08/30/25 12:15:00,30.066,,,,,
13651,08/30/25 12:30:00,30.041,,,,,
13652,08/30/25 12:45:00,30.066,,,,,
13653,08/30/25 13:00:00,30.117,,,,,
13654,08/30/25 13:15:00,30.192,,,,,
13655,08/30/25 13:30:00,30.243,,,,,
13656,08/30/25 13:45:00,30.243,,,,,
13657,08/30/25 14:00:00,30.268,,,,,
13658,08/30/25 14:15:00,30.293,,,,,
13659,08/30/25 14:30:00,30.293,,,,,
13660,08/30/25 14:45:00,30.318,,,,,
13661,08/30/25 15:00:00,30.318,,,,,
13662,08/30/25 15:15:00,30.318,,,,,
13663,08/30/25 15:30:00,30.343,,,,,
13664,08/30/25 15:45:00,30.343,,,,,
13665,08/30/25 16:00:00,30.343,,,,,
13666,08/30/25 16:15:00,30.318,,,,,
13667,08/30/25 16:30:00,30.318,,,,,
13668,08/30/25 16:45:00,30.318,,,,,
13669,08/30/25 17:00:00,30.318,,,,,
13670,08/30/25 17:15:00,30.318,,,,,
13671,08/30/25 17:30:00,30.318,,,,,
13672,08/30/25 17:45:00,30.167,,,,,
13673,08/30/25 18:00:00,30.041,,,,,
13674,08/30/25 18:15:00,29.966,,,,,
13675,08/30/25 18:30:00,29.941,,,,,
13676,08/30/25 18:45:00,29.916,,,,,
13677,08/30/25 19:00:00,29.916,,,,,
13678,08/30/25 19:15:00,29.916,,,,,
13679,08/30/25 19:30:00,29.890,,,,,
13680,08/30/25 19:45:00,29.890,,,,,
13681,08/30/25 20:00:00,29.865,,,,,
13682,08/30/25 20:15:00,29.865,,,,,
13683,08/30/25 20:30:00,29.890,,,,,
13684,08/30/25 20:45:00,29.890,,,,,
13685,08/30/25 21:00:00,29.890,,,,,
13686,08/30/25 21:15:00,29.916,,,,,
13687,08/30/25 21:30:00,29.916,,,,,
13688,08/30/25 21:45:00,29.916,,,,,
13689,08/30/25 22:00:00,29.916,,,,,
13690,08/30/25 22:15:00,29.941,,,,,
13691,08/30/25 22:30:00,29.941,,,,,
13692,08/30/25 22:45:00,29.916,,,,,
13693,08/30/25 23:00:00,29.916,,,,,
13694,08/30/25 23:15:00,29.890,,,,,
13695,08/30/25 23:30:00,29.890,,,,,
13696,08/30/25 23:45:00,29.865,,,,,
13697,08/31/25 00:00:00,29.865,,,,,
13698,08/31/25 00:15:00,29.865,,,,,
13699,08/31/25 00:30:00,29.865,,,,,
13700,08/31/25 00:45:00,29.840,,,,,
13701,08/31/25 01:00:00,29.840,,,,,
13702,08/31/25 01:15:00,29.840,,,,,
13703,08/31/25 01:30:00,29.865,,,,,
13704,08/31/25 01:45:00,29.890,,,,,
13705,08/31/25 02:00:00,29.890,,,,,
13706,08/31/25 02:15:00,29.865,,,,,
13707,08/31/25 02:30:00,29.840,,,,,
13708,08/31/25 02:45:00,29.840,,,,,
13709,08/31/25 03:00:00,29.840,,,,,
13710,08/31/25 03:15:00,29.840,,,,,
13711,08/31/25 03:30:00,29.840,,,,,
13712,08/31/25 03:45:00,29.865,,,,,
13713,08/31/25 04:00:00,29.865,,,,,
13714,08/31/25 04:15:00,29.865,,,,,
13715,08/31/25 04:30:00,29.840,,,,,
13716,08/31/25 04:45:00,29.840,,,,,
13717,08/31/25 05:00:00,29.840,,,,,
13718,08/31/25 05:15:00,29.840,,,,,
13719,08/31/25 05:30:00,29.815,,,,,
13720,08/31/25 05:45:00,29.815,,,,,
13721,08/31/25 06:00:00,29.815,,,,,
13722,08/31/25 06:15:00,29.815,,,,,
13723,08/31/25 06:30:00,29.790,,,,,
13724,08/31/25 06:45:00,29.790,,,,,
13725,08/31/25 07:00:00,29.790,,,,,
13726,08/31/25 07:15:00,29.790,,,,,
13727,08/31/25 07:30:00,29.790,,,,,
13728,08/31/25 07:45:00,29.815,,,,,
13729,08/31/25 08:00:00,29.840,,,,,
13730,08/31/25 08:15:00,29.840,,,,,
13731,08/31/25 08:30:00,29.865,,,,,
13732,08/31/25 08:45:00,29.865,,,,,
13733,08/31/25 09:00:00,29.865,,,,,
13734,08/31/25 09:15:00,29.865,,,,,
13735,08/31/25 09:30:00,29.865,,,,,
13736,08/31/25 09:45:00,29.890,,,,,
13737,08/31/25 10:00:00,29.890,,,,,
13738,08/31/25 10:15:00,29.916,,,,,
13739,08/31/25 10:30:00,29.916,,,,,
13740,08/31/25 10:45:00,29.916,,,,,
13741,08/31/25 11:00:00,29.941,,,,,
13742,08/31/25 11:15:00,29.941,,,,,
13743,08/31/25 11:30:00,29.941,,,,,
13744,08/31/25 11:45:00,29.941,,,,,
13745,08/31/25 12:00:00,29.941,,,,,
13746,08/31/25 12:15:00,29.966,,,,,
13747,08/31/25 12:30:00,29.991,,,,,
13748,08/31/25 12:45:00,29.941,,,,,
13749,08/31/25 13:00:00,29.941,,,,,
13750,08/31/25 13:15:00,29.941,,,,,
13751,08/31/25 13:30:00,29.941,,,,,
13752,08/31/25 13:45:00,29.966,,,,,
13753,08/31/25 14:00:00,29.966,,,,,
13754,08/31/25 14:15:00,29.941,,,,,
13755,08/31/25 14:30:00,29.941,,,,,
13756,08/31/25 14:45:00,29.991,,,,,
13757,08/31/25 15:00:00,30.016,,,,,
13758,08/31/25 15:15:00,30.091,,,,,
13759,08/31/25 15:30:00,29.991,,,,,
13760,08/31/25 15:45:00,29.966,,,,,
13761,08/31/25 16:00:00,29.966,,,,,
13762,08/31/25 16:15:00,29.890,,,,,
13763,08/31/25 16:30:00,29.865,,,,,
13764,08/31/25 16:45:00,29.865,,,,,
13765,08/31/25 17:00:00,29.865,,,,,
13766,08/31/25 17:15:00,29.840,,,,,
13767,08/31/25 17:30:00,29.890,,,,,
13768,08/31/25 17:45:00,30.117,,,,,
13769,08/31/25 18:00:00,30.142,,,,,
13770,08/31/25 18:15:00,30.167,,,,,
13771,08/31/25 18:30:00,30.167,,,,,
13772,08/31/25 18:45:00,30.167,,,,,
13773,08/31/25 19:00:00,30.167,,,,,
13774,08/31/25 19:15:00,30.167,,,,,
13775,08/31/25 19:30:00,30.167,,,,,
13776,08/31/25 19:45:00,30.167,,,,,
13777,08/31/25 20:00:00,30.142,,,,,
13778,08/31/25 20:15:00,30.142,,,,,
13779,08/31/25 20:30:00,30.142,,,,,
13780,08/31/25 20:45:00,30.142,,,,,
13781,08/31/25 21:00:00,30.041,,,,,
13782,08/31/25 21:15:00,30.016,,,,,
13783,08/31/25 21:30:00,29.916,,,,,
13784,08/31/25 21:45:00,29.890,,,,,
13785,08/31/25 22:00:00,29.890,,,,,
13786,08/31/25 22:15:00,29.890,,,,,
13787,08/31/25 22:30:00,29.916,,,,,
13788,08/31/25 22:45:00,29.916,,,,,
13789,08/31/25 23:00:00,29.941,,,,,
13790,08/31/25 23:15:00,29.966,,,,,
13791,08/31/25 23:30:00,29.966,,,,,
13792,08/31/25 23:45:00,29.941,,,,,
13793,09/01/25 00:00:00,29.941,,,,,
13794,09/01/25 00:15:00,29.941,,,,,
13795,09/01/25 00:30:00,29.941,,,,,
13796,09/01/25 00:45:00,29.941,,,,,
13797,09/01/25 01:00:00,29.941,,,,,
13798,09/01/25 01:15:00,29.916,,,,,
13799,09/01/25 01:30:00,29.916,,,,,
13800,09/01/25 01:45:00,29.941,,,,,
13801,09/01/25 02:00:00,29.966,,,,,
13802,09/01/25 02:15:00,29.966,,,,,
13803,09/01/25 02:30:00,29.966,,,,,
13804,09/01/25 02:45:00,29.966,,,,,
13805,09/01/25 03:00:00,29.966,,,,,
13806,09/01/25 03:15:00,29.966,,,,,
13807,09/01/25 03:30:00,29.966,,,,,
13808,09/01/25 03:45:00,29.966,,,,,
13809,09/01/25 04:00:00,29.966,,,,,
13810,09/01/25 04:15:00,29.941,,,,,
13811,09/01/25 04:30:00,29.941,,,,,
13812,09/01/25 04:45:00,29.941,,,,,
13813,09/01/25 05:00:00,29.941,,,,,
13814,09/01/25 05:15:00,29.916,,,,,
13815,09/01/25 05:30:00,29.916,,,,,
13816,09/01/25 05:45:00,29.916,,,,,
13817,09/01/25 06:00:00,29.890,,,,,
13818,09/01/25 06:15:00,29.890,,,,,
13819,09/01/25 06:30:00,29.890,,,,,
13820,09/01/25 06:45:00,29.916,,,,,
13821,09/01/25 07:00:00,29.890,,,,,
13822,09/01/25 07:15:00,29.890,,,,,
13823,09/01/25 07:30:00,29.890,,,,,
13824,09/01/25 07:45:00,29.890,,,,,
13825,09/01/25 08:00:00,29.916,,,,,
13826,09/01/25 08:15:00,29.916,,,,,
13827,09/01/25 08:30:00,29.916,,,,,
13828,09/01/25 08:45:00,29.941,,,,,
13829,09/01/25 09:00:00,29.941,,,,,
13830,09/01/25 09:15:00,29.941,,,,,
13831,09/01/25 09:30:00,29.941,,,,,
13832,09/01/25 09:45:00,29.966,,,,,
13833,09/01/25 10:00:00,29.966,,,,,
13834,09/01/25 10:15:00,29.966,,,,,
13835,09/01/25 10:30:00,29.991,,,,,
13836,09/01/25 10:45:00,29.991,,,,,
13837,09/01/25 11:00:00,29.991,,,,,
13838,09/01/25 11:15:00,30.016,,,,,
13839,09/01/25 11:30:00,30.016,,,,,
13840,09/01/25 11:45:00,30.016,,,,,
13841,09/01/25 12:00:00,30.016,,,,,
13842,09/01/25 12:15:00,30.016,,,,,
13843,09/01/25 12:30:00,30.041,,,,,
13844,09/01/25 12:45:00,30.041,,,,,
13845,09/01/25 13:00:00,30.041,,,,,
13846,09/01/25 13:15:00,30.041,,,,,
13847,09/01/25 13:30:00,30.041,,,,,
13848,09/01/25 13:45:00,30.041,,,,,
13849,09/01/25 14:00:00,30.041,,,,,
13850,09/01/25 14:15:00,30.066,,,,,
13851,09/01/25 14:30:00,30.041,,,,,
13852,09/01/25 14:45:00,30.016,,,,,
13853,09/01/25 15:00:00,30.041,,,,,
13854,09/01/25 15:15:00,30.066,,,,,
13855,09/01/25 15:30:00,30.066,,,,,
13856,09/01/25 15:45:00,29.991,,,,,
13857,09/01/25 16:00:00,29.991,,,,,
13858,09/01/25 16:15:00,30.016,,,,,
13859,09/01/25 16:30:00,30.041,,,,,
13860,09/01/25 16:45:00,30.041,,,,,
13861,09/01/25 17:00:00,30.066,,,,,
13862,09/01/25 17:15:00,30.091,,,,,
13863,09/01/25 17:30:00,30.091,,,,,
13864,09/01/25 17:45:00,30.091,,,,,
13865,09/01/25 18:00:00,30.066,,,,,
13866,09/01/25 18:15:00,30.016,,,,,
13867,09/01/25 18:30:00,30.016,,,,,
13868,09/01/25 18:45:00,30.016,,,,,
13869,09/01/25 19:00:00,29.991,,,,,
13870,09/01/25 19:15:00,29.966,,,,,
13871,09/01/25 19:30:00,29.966,,,,,
13872,09/01/25 19:45:00,29.966,,,,,
13873,09/01/25 20:00:00,29.966,,,,,
13874,09/01/25 20:15:00,29.941,,,,,
13875,09/01/25 20:30:00,29.941,,,,,
13876,09/01/25 20:45:00,29.941,,,,,
13877,09/01/25 21:00:00,29.941,,,,,
13878,09/01/25 21:15:00,29.941,,,,,
13879,09/01/25 21:30:00,29.941,,,,,
13880,09/01/25 21:45:00,29.941,,,,,
13881,09/01/25 22:00:00,29.941,,,,,
13882,09/01/25 22:15:00,29.941,,,,,
13883,09/01/25 22:30:00,29.941,,,,,
13884,09/01/25 22:45:00,29.941,,,,,
13885,09/01/25 23:00:00,29.941,,,,,
13886,09/01/25 23:15:00,29.941,,,,,
13887,09/01/25 23:30:00,29.941,,,,,
13888,09/01/25 23:45:00,29.941,,,,,
13889,09/02/25 00:00:00,29.941,,,,,
13890,09/02/25 00:15:00,29.941,,,,,
13891,09/02/25 00:30:00,29.941,,,,,
13892,09/02/25 00:45:00,29.941,,,,,
13893,09/02/25 01:00:00,29.941,,,,,
13894,09/02/25 01:15:00,29.941,,,,,
13895,09/02/25 01:30:00,29.966,,,,,
13896,09/02/25 01:45:00,29.991,,,,,
13897,09/02/25 02:00:00,29.991,,,,,
13898,09/02/25 02:15:00,30.016,,,,,
13899,09/02/25 02:30:00,30.016,,,,,
13900,09/02/25 02:45:00,30.066,,,,,
13901,09/02/25 03:00:00,30.066,,,,,
13902,09/02/25 03:15:00,30.016,,,,,
13903,09/02/25 03:30:00,30.016,,,,,
13904,09/02/25 03:45:00,30.016,,,,,
13905,09/02/25 04:00:00,30.016,,,,,
13906,09/02/25 04:15:00,30.016,,,,,
13907,09/02/25 04:30:00,30.041,,,,,
13908,09/02/25 04:45:00,30.066,,,,,
13909,09/02/25 05:00:00,30.117,,,,,
13910,09/02/25 05:15:00,30.142,,,,,
13911,09/02/25 05:30:00,30.142,,,,,
13912,09/02/25 05:45:00,30.142,,,,,
13913,09/02/25 06:00:00,30.142,,,,,
13914,09/02/25 06:15:00,30.142,,,,,
13915,09/02/25 06:30:00,30.142,,,,,
13916,09/02/25 06:45:00,30.117,,,,,
13917,09/02/25 07:00:00,30.041,,,,,
13918,09/02/25 07:15:00,30.016,,,,,
13919,09/02/25 07:30:00,30.016,,,,,
13920,09/02/25 07:45:00,30.066,,,,,
13921,09/02/25 08:00:00,30.091,,,,,
13922,09/02/25 08:15:00,30.117,,,,,
13923,09/02/25 08:30:00,30.117,,,,,
13924,09/02/25 08:45:00,30.117,,,,,
13925,09/02/25 09:00:00,30.142,,,,,
13926,09/02/25 09:15:00,30.142,,,,,
13927,09/02/25 09:30:00,30.142,,,,,
13928,09/02/25 09:45:00,30.117,,,,,
13929,09/02/25 10:00:00,30.117,,,,,
13930,09/02/25 10:15:00,30.091,,,,,
13931,09/02/25 10:30:00,30.066,,,,,
13932,09/02/25 10:45:00,30.041,,,,,
13933,09/02/25 11:00:00,30.016,,,,,
13934,09/02/25 11:15:00,29.991,,,,,
13935,09/02/25 11:30:00,29.966,,,,,
13936,09/02/25 11:45:00,29.991,,,,,
13937,09/02/25 12:00:00,29.991,,,,,
13938,09/02/25 12:15:00,29.991,,,,,
13939,09/02/25 12:30:00,29.991,,,,,
13940,09/02/25 12:45:00,29.991,,,,,
13941,09/02/25 13:00:00,29.991,,,,,
13942,09/02/25 13:15:00,29.991,,,,,
13943,09/02/25 13:30:00,29.991,,,,,
13944,09/02/25 13:45:00,29.966,,,,,
13945,09/02/25 14:00:00,29.991,,,,,
13946,09/02/25 14:15:00,29.966,,,,,
13947,09/02/25 14:30:00,29.991,,,,,
13948,09/02/25 14:45:00,29.991,,,,,
13949,09/02/25 15:00:00,29.991,,,,,
13950,09/02/25 15:15:00,29.991,,,,,
13951,09/02/25 15:30:00,29.991,,,,,
13952,09/02/25 15:45:00,29.991,,,,,
13953,09/02/25 16:00:00,29.966,,,,,
13954,09/02/25 16:15:00,29.966,,,,,
13955,09/02/25 16:30:00,29.941,,,,,
13956,09/02/25 16:45:00,29.966,,,,,
13957,09/02/25 17:00:00,29.966,,,,,
13958,09/02/25 17:15:00,29.966,,,,,
13959,09/02/25 17:30:00,29.966,,,,,
13960,09/02/25 17:45:00,29.966,,,,,
13961,09/02/25 18:00:00,29.941,,,,,
13962,09/02/25 18:15:00,29.941,,,,,
13963,09/02/25 18:30:00,29.916,,,,,
13964,09/02/25 18:45:00,29.916,,,,,
13965,09/02/25 19:00:00,29.916,,,,,
13966,09/02/25 19:15:00,29.916,,,,,
13967,09/02/25 19:30:00,29.916,,,,,
13968,09/02/25 19:45:00,29.916,,,,,
13969,09/02/25 20:00:00,29.916,,,,,
13970,09/02/25 20:15:00,29.916,,,,,
13971,09/02/25 20:30:00,29.916,,,,,
13972,09/02/25 20:45:00,29.916,,,,,
13973,09/02/25 21:00:00,29.916,,,,,
13974,09/02/25 21:15:00,29.916,,,,,
13975,09/02/25 21:30:00,29.916,,,,,
13976,09/02/25 21:45:00,29.916,,,,,
13977,09/02/25 22:00:00,29.916,,,,,
13978,09/02/25 22:15:00,29.916,,,,,
13979,09/02/25 22:30:00,29.916,,,,,
13980,09/02/25 22:45:00,29.916,,,,,
13981,09/02/25 23:00:00,29.916,,,,,
13982,09/02/25 23:15:00,29.916,,,,,
13983,09/02/25 23:30:00,29.941,,,,,
13984,09/02/25 23:45:00,29.941,,,,,
13985,09/03/25 00:00:00,29.941,,,,,
13986,09/03/25 00:15:00,29.991,,,,,
13987,09/03/25 00:30:00,30.016,,,,,
13988,09/03/25 00:45:00,30.041,,,,,
13989,09/03/25 01:00:00,30.041,,,,,
13990,09/03/25 01:15:00,30.016,,,,,
13991,09/03/25 01:30:00,30.016,,,,,
13992,09/03/25 01:45:00,30.016,,,,,
13993,09/03/25 02:00:00,30.016,,,,,
13994,09/03/25 02:15:00,29.991,,,,,
13995,09/03/25 02:30:00,29.991,,,,,
13996,09/03/25 02:45:00,29.966,,,,,
13997,09/03/25 03:00:00,29.941,,,,,
13998,09/03/25 03:15:00,29.966,,,,,
13999,09/03/25 03:30:00,29.991,,,,,
14000,09/03/25 03:45:00,30.016,,,,,
14001,09/03/25 04:00:00,30.041,,,,,
14002,09/03/25 04:15:00,30.041,,,,,
14003,09/03/25 04:30:00,30.041,,,,,
14004,09/03/25 04:45:00,30.041,,,,,
14005,09/03/25 05:00:00,30.016,,,,,
14006,09/03/25 05:15:00,30.016,,,,,
14007,09/03/25 05:30:00,30.016,,,,,
14008,09/03/25 05:45:00,30.016,,,,,
14009,09/03/25 06:00:00,30.066,,,,,
14010,09/03/25 06:15:00,29.991,,,,,
14011,09/03/25 06:30:00,29.941,,,,,
14012,09/03/25 06:45:00,29.916,,,,,
14013,09/03/25 07:00:00,29.916,,,,,
14014,09/03/25 07:15:00,29.916,,,,,
14015,09/03/25 07:30:00,29.916,,,,,
14016,09/03/25 07:45:00,29.890,,,,,
14017,09/03/25 08:00:00,29.890,,,,,
14018,09/03/25 08:15:00,29.890,,,,,
14019,09/03/25 08:30:00,29.865,,,,,
14020,09/03/25 08:45:00,29.865,,,,,
14021,09/03/25 09:00:00,29.890,,,,,
14022,09/03/25 09:15:00,29.890,,,,,
14023,09/03/25 09:30:00,29.890,,,,,
14024,09/03/25 09:45:00,29.890,,,,,
14025,09/03/25 10:00:00,29.890,,,,,
14026,09/03/25 10:15:00,29.916,,,,,
14027,09/03/25 10:30:00,30.016,,,,,
14028,09/03/25 10:45:00,30.142,,,,,
14029,09/03/25 11:00:00,30.243,,,,,
14030,09/03/25 11:15:00,30.268,,,,,
14031,09/03/25 11:30:00,30.293,,,,,
14032,09/03/25 11:45:00,30.293,,,,,
14033,09/03/25 12:00:00,30.243,,,,,
14034,09/03/25 12:15:00,30.243,,,,,
14035,09/03/25 12:30:00,30.217,,,,,
14036,09/03/25 12:45:00,30.192,,,,,
14037,09/03/25 13:00:00,30.167,,,,,
14038,09/03/25 13:15:00,30.167,,,,,
14039,09/03/25 13:30:00,30.167,,,,,
14040,09/03/25 13:45:00,30.167,,,,,
14041,09/03/25 14:00:00,30.192,,,,,
14042,09/03/25 14:15:00,30.192,,,,,
14043,09/03/25 14:30:00,30.217,,,,,
14044,09/03/25 14:45:00,30.217,,,,,
14045,09/03/25 15:00:00,30.243,,,,,
14046,09/03/25 15:15:00,30.192,,,,,
14047,09/03/25 15:30:00,30.192,,,,,
14048,09/03/25 15:45:00,30.192,,,,,
14049,09/03/25 16:00:00,30.192,,,,,
14050,09/03/25 16:15:00,30.192,,,,,
14051,09/03/25 16:30:00,30.192,,,,,
14052,09/03/25 16:45:00,30.167,,,,,
14053,09/03/25 17:00:00,30.167,,,,,
14054,09/03/25 17:15:00,30.192,,,,,
14055,09/03/25 17:30:00,30.192,,,,,
14056,09/03/25 17:45:00,30.167,,,,,
14057,09/03/25 18:00:00,30.142,,,,,
14058,09/03/25 18:15:00,30.192,,,,,
14059,09/03/25 18:30:00,30.192,,,,,
14060,09/03/25 18:45:00,30.091,,,,,
14061,09/03/25 19:00:00,30.091,,,,,
14062,09/03/25 19:15:00,30.066,,,,,
14063,09/03/25 19:30:00,30.041,,,,,
14064,09/03/25 19:45:00,30.041,,,,,
14065,09/03/25 20:00:00,30.016,,,,,
14066,09/03/25 20:15:00,29.966,,,,,
14067,09/03/25 20:30:00,29.966,,,,,
14068,09/03/25 20:45:00,29.966,,,,,
14069,09/03/25 21:00:00,29.991,,,,,
14070,09/03/25 21:15:00,29.991,,,,,
14071,09/03/25 21:30:00,30.016,,,,,
14072,09/03/25 21:45:00,30.016,,,,,
14073,09/03/25 22:00:00,30.016,,,,,
14074,09/03/25 22:15:00,30.016,,,,,
14075,09/03/25 22:30:00,30.041,,,,,
14076,09/03/25 22:45:00,30.117,,,,,
14077,09/03/25 23:00:00,30.192,,,,,
14078,09/03/25 23:15:00,30.217,,,,,
14079,09/03/25 23:30:00,30.217,,,,,
14080,09/03/25 23:45:00,30.217,,,,,
14081,09/04/25 00:00:00,30.192,,,,,
14082,09/04/25 00:15:00,30.167,,,,,
14083,09/04/25 00:30:00,30.142,,,,,
14084,09/04/25 00:45:00,30.117,,,,,
14085,09/04/25 01:00:00,30.091,,,,,
14086,09/04/25 01:15:00,30.066,,,,,
14087,09/04/25 01:30:00,30.066,,,,,
14088,09/04/25 01:45:00,30.041,,,,,
14089,09/04/25 02:00:00,30.016,,,,,
14090,09/04/25 02:15:00,30.016,,,,,
14091,09/04/25 02:30:00,29.991,,,,,
14092,09/04/25 02:45:00,29.991,,,,,
14093,09/04/25 03:00:00,29.991,,,,,
14094,09/04/25 03:15:00,29.966,,,,,
14095,09/04/25 03:30:00,29.966,,,,,
14096,09/04/25 03:45:00,29.991,,,,,
14097,09/04/25 04:00:00,29.966,,,,,
14098,09/04/25 04:15:00,29.966,,,,,
14099,09/04/25 04:30:00,29.966,,,,,
14100,09/04/25 04:45:00,29.966,,,,,
14101,09/04/25 05:00:00,29.966,,,,,
14102,09/04/25 05:15:00,29.966,,,,,
14103,09/04/25 05:30:00,29.966,,,,,
14104,09/04/25 05:45:00,29.966,,,,,
14105,09/04/25 06:00:00,29.966,,,,,
14106,09/04/25 06:15:00,29.966,,,,,
14107,09/04/25 06:30:00,29.966,,,,,
14108,09/04/25 06:45:00,29.941,,,,,
14109,09/04/25 07:00:00,29.941,,,,,
14110,09/04/25 07:15:00,29.941,,,,,
14111,09/04/25 07:30:00,29.941,,,,,
14112,09/04/25 07:45:00,29.941,,,,,
14113,09/04/25 08:00:00,29.941,,,,,
14114,09/04/25 08:15:00,29.941,,,,,
14115,09/04/25 08:30:00,29.966,,,,,
14116,09/04/25 08:45:00,29.966,,,,,
14117,09/04/25 09:00:00,29.966,,,,,
14118,09/04/25 09:15:00,29.991,,,,,
14119,09/04/25 09:30:00,29.991,,,,,
14120,09/04/25 09:45:00,30.016,,,,,
14121,09/04/25 10:00:00,30.016,,,,,
14122,09/04/25 10:15:00,30.041,,,,,
14123,09/04/25 10:30:00,30.041,,,,,
14124,09/04/25 10:45:00,30.066,,,,,
14125,09/04/25 11:00:00,30.091,,,,,
14126,09/04/25 11:15:00,30.091,,,,,
14127,09/04/25 11:30:00,30.091,,,,,
14128,09/04/25 11:45:00,30.091,,,,,
14129,09/04/25 12:00:00,30.091,,,,,
14130,09/04/25 12:15:00,30.117,,,,,
14131,09/04/25 12:30:00,30.117,,,,,
14132,09/04/25 12:45:00,30.117,,,,,
14133,09/04/25 13:00:00,30.117,,,,,
14134,09/04/25 13:15:00,30.142,,,,,
14135,09/04/25 13:30:00,30.142,,,,,
14136,09/04/25 13:45:00,30.066,,,,,
14137,09/04/25 14:00:00,30.016,,,,,
14138,09/04/25 14:15:00,29.941,,,,,
14139,09/04/25 14:30:00,29.941,,,,,
14140,09/04/25 14:45:00,29.966,,,,,
14141,09/04/25 15:00:00,29.991,,,,,
14142,09/04/25 15:15:00,29.991,,,,,
14143,09/04/25 15:30:00,29.966,,,,,
14144,09/04/25 15:45:00,29.966,,,,,
14145,09/04/25 16:00:00,29.966,,,,,
14146,09/04/25 16:15:00,29.966,,,,,
14147,09/04/25 16:30:00,29.966,,,,,
14148,09/04/25 16:45:00,29.966,,,,,
14149,09/04/25 17:00:00,29.966,,,,,
14150,09/04/25 17:15:00,29.966,,,,,
14151,09/04/25 17:30:00,29.966,,,,,
14152,09/04/25 17:45:00,29.966,,,,,
14153,09/04/25 18:00:00,30.016,,,,,
14154,09/04/25 18:15:00,30.117,,,,,
14155,09/04/25 18:30:00,30.243,,,,,
14156,09/04/25 18:45:00,30.268,,,,,
14157,09/04/25 19:00:00,30.293,,,,,
14158,09/04/25 19:15:00,30.318,,,,,
14159,09/04/25 19:30:00,30.318,,,,,
14160,09/04/25 19:45:00,30.318,,,,,
14161,09/04/25 20:00:00,30.293,,,,,
14162,09/04/25 20:15:00,30.293,,,,,
14163,09/04/25 20:30:00,30.293,,,,,
14164,09/04/25 20:45:00,30.293,,,,,
14165,09/04/25 21:00:00,30.293,,,,,
14166,09/04/25 21:15:00,30.318,,,,,
14167,09/04/25 21:30:00,30.318,,,,,
14168,09/04/25 21:45:00,30.318,,,,,
14169,09/04/25 22:00:00,30.318,,,,,
14170,09/04/25 22:15:00,30.318,,,,,
14171,09/04/25 22:30:00,30.318,,,,,
14172,09/04/25 22:45:00,30.318,,,,,
14173,09/04/25 23:00:00,30.318,,,,,
14174,09/04/25 23:15:00,30.318,,,,,
14175,09/04/25 23:30:00,30.343,,,,,
14176,09/04/25 23:45:00,30.343,,,,,
14177,09/05/25 00:00:00,30.343,,,,,
14178,09/05/25 00:15:00,30.343,,,,,
14179,09/05/25 00:30:00,30.318,,,,,
14180,09/05/25 00:45:00,30.318,,,,,
14181,09/05/25 01:00:00,30.318,,,,,
14182,09/05/25 01:15:00,30.293,,,,,
14183,09/05/25 01:30:00,30.293,,,,,
14184,09/05/25 01:45:00,30.268,,,,,
14185,09/05/25 02:00:00,30.268,,,,,
14186,09/05/25 02:15:00,30.268,,,,,
14187,09/05/25 02:30:00,30.243,,,,,
14188,09/05/25 02:45:00,30.243,,,,,
14189,09/05/25 03:00:00,30.243,,,,,
14190,09/05/25 03:15:00,30.243,,,,,
14191,09/05/25 03:30:00,30.217,,,,,
14192,09/05/25 03:45:00,30.142,,,,,
14193,09/05/25 04:00:00,30.091,,,,,
14194,09/05/25 04:15:00,30.117,,,,,
14195,09/05/25 04:30:00,29.890,,,,,
14196,09/05/25 04:45:00,29.991,,,,,
14197,09/05/25 05:00:00,29.991,,,,,
14198,09/05/25 05:15:00,29.941,,,,,
14199,09/05/25 05:30:00,29.916,,,,,
14200,09/05/25 05:45:00,30.041,,,,,
14201,09/05/25 06:00:00,30.091,,,,,
14202,09/05/25 06:15:00,30.142,,,,,
14203,09/05/25 06:30:00,30.142,,,,,
14204,09/05/25 06:45:00,30.117,,,,,
14205,09/05/25 07:00:00,30.091,,,,,
14206,09/05/25 07:15:00,30.117,,,,,
14207,09/05/25 07:30:00,30.117,,,,,
14208,09/05/25 07:45:00,30.091,,,,,
14209,09/05/25 08:00:00,30.091,,,,,
14210,09/05/25 08:15:00,30.066,,,,,
14211,09/05/25 08:30:00,30.066,,,,,
14212,09/05/25 08:45:00,30.066,,,,,
14213,09/05/25 09:00:00,30.091,,,,,
14214,09/05/25 09:15:00,30.091,,,,,
14215,09/05/25 09:30:00,30.091,,,,,
14216,09/05/25 09:45:00,30.091,,,,,
14217,09/05/25 10:00:00,30.117,,,,,
14218,09/05/25 10:15:00,30.117,,,,,
14219,09/05/25 10:30:00,30.117,,,,,
14220,09/05/25 10:45:00,30.117,,,,,
14221,09/05/25 11:00:00,30.117,,,,,
14222,09/05/25 11:15:00,30.142,,,,,
14223,09/05/25 11:30:00,30.167,,,,,
14224,09/05/25 11:45:00,30.167,,,,,
14225,09/05/25 12:00:00,30.167,,,,,
14226,09/05/25 12:15:00,30.167,,,,,
14227,09/05/25 12:30:00,30.142,,,,,
14228,09/05/25 12:45:00,30.066,,,,,
14229,09/05/25 13:00:00,30.041,,,,,
14230,09/05/25 13:15:00,30.066,,,,,
14231,09/05/25 13:30:00,30.066,,,,,
14232,09/05/25 13:45:00,30.066,,,,,
14233,09/05/25 14:00:00,30.091,,,,,
14234,09/05/25 14:15:00,30.142,,,,,
14235,09/05/25 14:30:00,30.167,,,,,
14236,09/05/25 14:45:00,30.192,,,,,
14237,09/05/25 15:00:00,30.117,,,,,
14238,09/05/25 15:15:00,30.217,,,,,
14239,09/05/25 15:30:00,30.217,,,,,
14240,09/05/25 15:45:00,30.142,,,,,
14241,09/05/25 16:00:00,30.192,,,,,
14242,09/05/25 16:15:00,30.142,,,,,
14243,09/05/25 16:30:00,30.142,,,,,
14244,09/05/25 16:45:00,30.142,,,,,
14245,09/05/25 17:00:00,30.142,,,,,
14246,09/05/25 17:15:00,30.142,,,,,
14247,09/05/25 17:30:00,30.117,,,,,
14248,09/05/25 17:45:00,30.117,,,,,
14249,09/05/25 18:00:00,30.091,,,,,
14250,09/05/25 18:15:00,30.091,,,,,
14251,09/05/25 18:30:00,30.091,,,,,
14252,09/05/25 18:45:00,30.041,,,,,
14253,09/05/25 19:00:00,30.016,,,,,
14254,09/05/25 19:15:00,30.066,,,,,
14255,09/05/25 19:30:00,30.117,,,,,
14256,09/05/25 19:45:00,30.117,,,,,
14257,09/05/25 20:00:00,30.117,,,,,
14258,09/05/25 20:15:00,30.117,,,,,
14259,09/05/25 20:30:00,30.142,,,,,
14260,09/05/25 20:45:00,30.167,,,,,
14261,09/05/25 21:00:00,30.167,,,,,
14262,09/05/25 21:15:00,30.066,,,,,
14263,09/05/25 21:30:00,30.066,,,,,
14264,09/05/25 21:45:00,30.066,,,,,
14265,09/05/25 22:00:00,30.041,,,,,
14266,09/05/25 22:15:00,30.041,,,,,
14267,09/05/25 22:30:00,30.066,,,,,
14268,09/05/25 22:45:00,30.066,,,,,
14269,09/05/25 23:00:00,30.066,,,,,
14270,09/05/25 23:15:00,30.066,,,,,
14271,09/05/25 23:30:00,30.066,,,,,
14272,09/05/25 23:45:00,30.066,,,,,
14273,09/06/25 00:00:00,30.091,,,,,
14274,09/06/25 00:15:00,30.091,,,,,
14275,09/06/25 00:30:00,30.117,,,,,
14276,09/06/25 00:45:00,30.117,,,,,
14277,09/06/25 01:00:00,30.066,,,,,
14278,09/06/25 01:15:00,30.016,,,,,
14279,09/06/25 01:30:00,30.041,,,,,
14280,09/06/25 01:45:00,30.041,,,,,
14281,09/06/25 02:00:00,30.066,,,,,
14282,09/06/25 02:15:00,30.041,,,,,
14283,09/06/25 02:30:00,29.991,,,,,
14284,09/06/25 02:45:00,29.941,,,,,
14285,09/06/25 03:00:00,29.916,,,,,
14286,09/06/25 03:15:00,29.941,,,,,
14287,09/06/25 03:30:00,29.966,,,,,
14288,09/06/25 03:45:00,29.865,,,,,
14289,09/06/25 04:00:00,29.916,,,,,
14290,09/06/25 04:15:00,29.916,,,,,
14291,09/06/25 04:30:00,29.916,,,,,
14292,09/06/25 04:45:00,29.916,,,,,
14293,09/06/25 05:00:00,29.916,,,,,
14294,09/06/25 05:15:00,29.890,,,,,
14295,09/06/25 05:30:00,29.916,,,,,
14296,09/06/25 05:45:00,29.991,,,,,
14297,09/06/25 06:00:00,29.991,,,,,
14298,09/06/25 06:15:00,29.966,,,,,
14299,09/06/25 06:30:00,29.966,,,,,
14300,09/06/25 06:45:00,29.991,,,,,
14301,09/06/25 07:00:00,30.041,,,,,
14302,09/06/25 07:15:00,30.016,,,,,
14303,09/06/25 07:30:00,29.966,,,,,
14304,09/06/25 07:45:00,29.941,,,,,
14305,09/06/25 08:00:00,29.890,,,,,
14306,09/06/25 08:15:00,29.890,,,,,
14307,09/06/25 08:30:00,29.916,,,,,
14308,09/06/25 08:45:00,29.941,,,,,
14309,09/06/25 09:00:00,29.941,,,,,
14310,09/06/25 09:15:00,29.916,,,,,
14311,09/06/25 09:30:00,29.941,,,,,
14312,09/06/25 09:45:00,29.916,,,,,
14313,09/06/25 10:00:00,29.916,,,,,
14314,09/06/25 10:15:00,29.916,,,,,
14315,09/06/25 10:30:00,29.941,,,,,
14316,09/06/25 10:45:00,29.941,,,,,
14317,09/06/25 11:00:00,29.966,,,,,
14318,09/06/25 11:15:00,29.966,,,,,
14319,09/06/25 11:30:00,29.966,,,,,
14320,09/06/25 11:45:00,29.966,,,,,
14321,09/06/25 12:00:00,29.941,,,,,
14322,09/06/25 12:15:00,29.941,,,,,
14323,09/06/25 12:30:00,29.941,,,,,
14324,09/06/25 12:45:00,29.941,,,,,
14325,09/06/25 13:00:00,29.941,,,,,
14326,09/06/25 13:15:00,29.941,,,,,
14327,09/06/25 13:30:00,29.916,,,,,
14328,09/06/25 13:45:00,29.916,,,,,
14329,09/06/25 14:00:00,29.916,,,,,
14330,09/06/25 14:15:00,29.916,,,,,
14331,09/06/25 14:30:00,29.941,,,,,
14332,09/06/25 14:45:00,29.916,,,,,
14333,09/06/25 15:00:00,29.890,,,,,
14334,09/06/25 15:15:00,29.890,,,,,
14335,09/06/25 15:30:00,29.865,,,,,
14336,09/06/25 15:45:00,29.865,,,,,
14337,09/06/25 16:00:00,29.916,,,,,
14338,09/06/25 16:15:00,29.941,,,,,
14339,09/06/25 16:30:00,29.941,,,,,
14340,09/06/25 16:45:00,29.916,,,,,
14341,09/06/25 17:00:00,29.916,,,,,
14342,09/06/25 17:15:00,29.991,,,,,
14343,09/06/25 17:30:00,30.016,,,,,
14344,09/06/25 17:45:00,30.016,,,,,
14345,09/06/25 18:00:00,30.016,,,,,
14346,09/06/25 18:15:00,29.991,,,,,
14347,09/06/25 18:30:00,29.991,,,,,
14348,09/06/25 18:45:00,29.991,,,,,
14349,09/06/25 19:00:00,29.991,,,,,
14350,09/06/25 19:15:00,29.991,,,,,
14351,09/06/25 19:30:00,29.991,,,,,
14352,09/06/25 19:45:00,30.016,,,,,
14353,09/06/25 20:00:00,30.016,,,,,
14354,09/06/25 20:15:00,30.016,,,,,
14355,09/06/25 20:30:00,30.041,,,,,
14356,09/06/25 20:45:00,30.041,,,,,
14357,09/06/25 21:00:00,30.016,,,,,
14358,09/06/25 21:15:00,30.016,,,,,
14359,09/06/25 21:30:00,30.016,,,,,
14360,09/06/25 21:45:00,30.016,,,,,
14361,09/06/25 22:00:00,30.016,,,,,
14362,09/06/25 22:15:00,29.991,,,,,
14363,09/06/25 22:30:00,29.966,,,,,
14364,09/06/25 22:45:00,29.966,,,,,
14365,09/06/25 23:00:00,29.941,,,,,
14366,09/06/25 23:15:00,29.941,,,,,
14367,09/06/25 23:30:00,29.941,,,,,
14368,09/06/25 23:45:00,29.865,,,,,
14369,09/07/25 00:00:00,29.865,,,,,
14370,09/07/25 00:15:00,29.890,,,,,
14371,09/07/25 00:30:00,29.916,,,,,
14372,09/07/25 00:45:00,29.941,,,,,
14373,09/07/25 01:00:00,29.916,,,,,
14374,09/07/25 01:15:00,29.941,,,,,
14375,09/07/25 01:30:00,29.941,,,,,
14376,09/07/25 01:45:00,29.941,,,,,
14377,09/07/25 02:00:00,29.941,,,,,
14378,09/07/25 02:15:00,29.966,,,,,
14379,09/07/25 02:30:00,29.991,,,,,
14380,09/07/25 02:45:00,30.016,,,,,
14381,09/07/25 03:00:00,30.016,,,,,
14382,09/07/25 03:15:00,29.991,,,,,
14383,09/07/25 03:30:00,29.991,,,,,
14384,09/07/25 03:45:00,29.966,,,,,
14385,09/07/25 04:00:00,29.966,,,,,
14386,09/07/25 04:15:00,29.941,,,,,
14387,09/07/25 04:30:00,29.941,,,,,
14388,09/07/25 04:45:00,29.941,,,,,
14389,09/07/25 05:00:00,29.916,,,,,
14390,09/07/25 05:15:00,29.890,,,,,
14391,09/07/25 05:30:00,29.890,,,,,
14392,09/07/25 05:45:00,29.916,,,,,
14393,09/07/25 06:00:00,29.916,,,,,
14394,09/07/25 06:15:00,29.916,,,,,
14395,09/07/25 06:30:00,29.916,,,,,
14396,09/07/25 06:45:00,29.916,,,,,
14397,09/07/25 07:00:00,29.941,,,,,
14398,09/07/25 07:15:00,29.941,,,,,
14399,09/07/25 07:30:00,29.941,,,,,
14400,09/07/25 07:45:00,29.890,,,,,
14401,09/07/25 08:00:00,29.865,,,,,
14402,09/07/25 08:15:00,29.840,,,,,
14403,09/07/25 08:30:00,29.865,,,,,
14404,09/07/25 08:45:00,29.890,,,,,
14405,09/07/25 09:00:00,29.865,,,,,
14406,09/07/25 09:15:00,29.890,,,,,
14407,09/07/25 09:30:00,29.916,,,,,
14408,09/07/25 09:45:00,29.941,,,,,
14409,09/07/25 10:00:00,29.941,,,,,
14410,09/07/25 10:15:00,29.941,,,,,
14411,09/07/25 10:30:00,29.941,,,,,
14412,09/07/25 10:45:00,29.941,,,,,
14413,09/07/25 11:00:00,29.941,,,,,
14414,09/07/25 11:15:00,29.941,,,,,
14415,09/07/25 11:30:00,29.916,,,,,
14416,09/07/25 11:45:00,29.941,,,,,
14417,09/07/25 12:00:00,29.941,,,,,
14418,09/07/25 12:15:00,30.041,,,,,
14419,09/07/25 12:30:00,30.091,,,,,
14420,09/07/25 12:45:00,30.091,,,,,
14421,09/07/25 13:00:00,29.941,,,,,
14422,09/07/25 13:15:00,30.016,,,,,
14423,09/07/25 13:30:00,30.016,,,,,
14424,09/07/25 13:45:00,29.941,,,,,
14425,09/07/25 14:00:00,29.966,,,,,
14426,09/07/25 14:15:00,30.016,,,,,
14427,09/07/25 14:30:00,30.016,,,,,
14428,09/07/25 14:45:00,29.966,,,,,
14429,09/07/25 15:00:00,29.941,,,,,
14430,09/07/25 15:15:00,29.941,,,,,
14431,09/07/25 15:30:00,29.916,,,,,
14432,09/07/25 15:45:00,29.916,,,,,
14433,09/07/25 16:00:00,29.916,,,,,
14434,09/07/25 16:15:00,29.916,,,,,
14435,09/07/25 16:30:00,29.916,,,,,
14436,09/07/25 16:45:00,29.916,,,,,
14437,09/07/25 17:00:00,29.890,,,,,
14438,09/07/25 17:15:00,29.890,,,,,
14439,09/07/25 17:30:00,29.865,,,,,
14440,09/07/25 17:45:00,29.865,,,,,
14441,09/07/25 18:00:00,29.865,,,,,
14442,09/07/25 18:15:00,29.865,,,,,
14443,09/07/25 18:30:00,29.890,,,,,
14444,09/07/25 18:45:00,29.890,,,,,
14445,09/07/25 19:00:00,29.890,,,,,
14446,09/07/25 19:15:00,29.890,,,,,
14447,09/07/25 19:30:00,29.890,,,,,
14448,09/07/25 19:45:00,29.890,,,,,
14449,09/07/25 20:00:00,29.890,,,,,
14450,09/07/25 20:15:00,29.890,,,,,
14451,09/07/25 20:30:00,29.890,,,,,
14452,09/07/25 20:45:00,29.890,,,,,
14453,09/07/25 21:00:00,29.890,,,,,
14454,09/07/25 21:15:00,29.865,,,,,
14455,09/07/25 21:30:00,29.865,,,,,
14456,09/07/25 21:45:00,29.865,,,,,
14457,09/07/25 22:00:00,29.840,,,,,
14458,09/07/25 22:15:00,29.865,,,,,
14459,09/07/25 22:30:00,29.840,,,,,
14460,09/07/25 22:45:00,29.665,,,,,
14461,09/07/25 23:00:00,29.665,,,,,
14462,09/07/25 23:15:00,29.765,,,,,
14463,09/07/25 23:30:00,29.815,,,,,
14464,09/07/25 23:45:00,29.815,,,,,
14465,09/08/25 00:00:00,29.840,,,,,
14466,09/08/25 00:15:00,29.865,,,,,
14467,09/08/25 00:30:00,29.840,,,,,
14468,09/08/25 00:45:00,29.865,,,,,
14469,09/08/25 01:00:00,29.865,,,,,
14470,09/08/25 01:15:00,29.865,,,,,
14471,09/08/25 01:30:00,29.865,,,,,
14472,09/08/25 01:45:00,29.865,,,,,
14473,09/08/25 02:00:00,29.865,,,,,
14474,09/08/25 02:15:00,29.865,,,,,
14475,09/08/25 02:30:00,29.790,,,,,
14476,09/08/25 02:45:00,29.815,,,,,
14477,09/08/25 03:00:00,29.815,,,,,
14478,09/08/25 03:15:00,29.840,,,,,
14479,09/08/25 03:30:00,29.815,,,,,
14480,09/08/25 03:45:00,29.840,,,,,
14481,09/08/25 04:00:00,29.840,,,,,
14482,09/08/25 04:15:00,29.840,,,,,
14483,09/08/25 04:30:00,29.865,,,,,
14484,09/08/25 04:45:00,29.840,,,,,
14485,09/08/25 05:00:00,29.840,,,,,
14486,09/08/25 05:15:00,29.840,,,,,
14487,09/08/25 05:30:00,29.840,,,,,
14488,09/08/25 05:45:00,29.815,,,,,
14489,09/08/25 06:00:00,29.815,,,,,
14490,09/08/25 06:15:00,29.815,,,,,
14491,09/08/25 06:30:00,29.815,,,,,
14492,09/08/25 06:45:00,29.815,,,,,
14493,09/08/25 07:00:00,29.815,,,,,
14494,09/08/25 07:15:00,29.790,,,,,
14495,09/08/25 07:30:00,29.765,,,,,
14496,09/08/25 07:45:00,29.765,,,,,
14497,09/08/25 08:00:00,29.765,,,,,
14498,09/08/25 08:15:00,29.790,,,,,
14499,09/08/25 08:30:00,29.765,,,,,
14500,09/08/25 08:45:00,29.765,,,,,
14501,09/08/25 09:00:00,29.790,,,,,
14502,09/08/25 09:15:00,29.790,,,,,
14503,09/08/25 09:30:00,29.790,,,,,
14504,09/08/25 09:45:00,29.790,,,,,
14505,09/08/25 10:00:00,29.815,,,,,
14506,09/08/25 10:15:00,29.815,,,,,
14507,09/08/25 10:30:00,29.840,,,,,
14508,09/08/25 10:45:00,29.865,,,,,
14509,09/08/25 11:00:00,29.865,,,,,
14510,09/08/25 11:15:00,29.865,,,,,
14511,09/08/25 11:30:00,29.840,,,,,
14512,09/08/25 11:45:00,29.840,,,,,
14513,09/08/25 12:00:00,29.840,,,,,
14514,09/08/25 12:15:00,29.840,,,,,
14515,09/08/25 12:30:00,29.840,,,,,
14516,09/08/25 12:45:00,29.840,,,,,
14517,09/08/25 13:00:00,29.865,,,,,
14518,09/08/25 13:15:00,29.865,,,,,
14519,09/08/25 13:30:00,29.865,,,,,
14520,09/08/25 13:45:00,29.890,,,,,
14521,09/08/25 14:00:00,29.916,,,,,
14522,09/08/25 14:15:00,29.916,,,,,
14523,09/08/25 14:30:00,29.941,,,,,
14524,09/08/25 14:45:00,29.890,,,,,
14525,09/08/25 15:00:00,30.041,,,,,
14526,09/08/25 15:15:00,29.966,,,,,
14527,09/08/25 15:30:00,29.941,,,,,
14528,09/08/25 15:45:00,29.941,,,,,
14529,09/08/25 16:00:00,29.966,,,,,
14530,09/08/25 16:15:00,29.966,,,,,
14531,09/08/25 16:30:00,29.966,,,,,
14532,09/08/25 16:45:00,29.966,,,,,
14533,09/08/25 17:00:00,29.991,,,,,
14534,09/08/25 17:15:00,29.991,,,,,
14535,09/08/25 17:30:00,29.991,,,,,
14536,09/08/25 17:45:00,29.991,,,,,
14537,09/08/25 18:00:00,29.966,,,,,
14538,09/08/25 18:15:00,29.966,,,,,
14539,09/08/25 18:30:00,29.966,,,,,
14540,09/08/25 18:45:00,29.916,,,,,
14541,09/08/25 19:00:00,29.890,,,,,
14542,09/08/25 19:15:00,29.865,,,,,
14543,09/08/25 19:30:00,29.865,,,,,
14544,09/08/25 19:45:00,29.865,,,,,
14545,09/08/25 20:00:00,29.865,,,,,
14546,09/08/25 20:15:00,29.865,,,,,
14547,09/08/25 20:30:00,29.865,,,,,
14548,09/08/25 20:45:00,29.865,,,,,
14549,09/08/25 21:00:00,29.865,,,,,
14550,09/08/25 21:15:00,29.865,,,,,
14551,09/08/25 21:30:00,29.865,,,,,
14552,09/08/25 21:45:00,29.865,,,,,
14553,09/08/25 22:00:00,29.865,,,,,
14554,09/08/25 22:15:00,29.865,,,,,
14555,09/08/25 22:30:00,29.865,,,,,
14556,09/08/25 22:45:00,29.865,,,,,
14557,09/08/25 23:00:00,29.865,,,,,
14558,09/08/25 23:15:00,29.865,,,,,
14559,09/08/25 23:30:00,29.865,,,,,
14560,09/08/25 23:45:00,29.865,,,,,
14561,09/09/25 00:00:00,29.865,,,,,
14562,09/09/25 00:15:00,29.865,,,,,
14563,09/09/25 00:30:00,29.865,,,,,
14564,09/09/25 00:45:00,29.865,,,,,
14565,09/09/25 01:00:00,29.865,,,,,
14566,09/09/25 01:15:00,29.865,,,,,
14567,09/09/25 01:30:00,29.865,,,,,
14568,09/09/25 01:45:00,29.865,,,,,
14569,09/09/25 02:00:00,29.865,,,,,
14570,09/09/25 02:15:00,29.890,,,,,
14571,09/09/25 02:30:00,29.890,,,,,
14572,09/09/25 02:45:00,29.890,,,,,
14573,09/09/25 03:00:00,29.890,,,,,
14574,09/09/25 03:15:00,29.890,,,,,
14575,09/09/25 03:30:00,29.916,,,,,
14576,09/09/25 03:45:00,29.916,,,,,
14577,09/09/25 04:00:00,29.890,,,,,
14578,09/09/25 04:15:00,29.890,,,,,
14579,09/09/25 04:30:00,29.865,,,,,
14580,09/09/25 04:45:00,29.865,,,,,
14581,09/09/25 05:00:00,29.840,,,,,
14582,09/09/25 05:15:00,29.840,,,,,
14583,09/09/25 05:30:00,29.840,,,,,
14584,09/09/25 05:45:00,29.840,,,,,
14585,09/09/25 06:00:00,29.815,,,,,
14586,09/09/25 06:15:00,29.815,,,,,
14587,09/09/25 06:30:00,29.815,,,,,
14588,09/09/25 06:45:00,29.815,,,,,
14589,09/09/25 07:00:00,29.790,,,,,
14590,09/09/25 07:15:00,29.790,,,,,
14591,09/09/25 07:30:00,29.790,,,,,
14592,09/09/25 07:45:00,29.790,,,,,
14593,09/09/25 08:00:00,29.790,,,,,
14594,09/09/25 08:15:00,29.790,,,,,
14595,09/09/25 08:30:00,29.790,,,,,
14596,09/09/25 08:45:00,29.790,,,,,
14597,09/09/25 09:00:00,29.815,,,,,
14598,09/09/25 09:15:00,29.815,,,,,
14599,09/09/25 09:30:00,29.865,,,,,
14600,09/09/25 09:45:00,29.916,,,,,
14601,09/09/25 10:00:00,29.966,,,,,
14602,09/09/25 10:15:00,29.991,,,,,
14603,09/09/25 10:30:00,29.966,,,,,
14604,09/09/25 10:45:00,29.966,,,,,
14605,09/09/25 11:00:00,29.941,,,,,
14606,09/09/25 11:15:00,29.966,,,,,
14607,09/09/25 11:30:00,29.966,,,,,
14608,09/09/25 11:45:00,29.966,,,,,
14609,09/09/25 12:00:00,29.991,,,,,
14610,09/09/25 12:15:00,30.016,,,,,
14611,09/09/25 12:30:00,30.016,,,,,
14612,09/09/25 12:45:00,30.041,,,,,
14613,09/09/25 13:00:00,30.041,,,,,
14614,09/09/25 13:15:00,30.066,,,,,
14615,09/09/25 13:30:00,30.066,,,,,
14616,09/09/25 13:45:00,30.066,,,,,
14617,09/09/25 14:00:00,30.041,,,,,
14618,09/09/25 14:15:00,30.041,,,,,
14619,09/09/25 14:30:00,30.041,,,,,
14620,09/09/25 14:45:00,30.041,,,,,
14621,09/09/25 15:00:00,30.016,,,,,
14622,09/09/25 15:15:00,30.016,,,,,
14623,09/09/25 15:30:00,30.041,,,,,
14624,09/09/25 15:45:00,30.016,,,,,
14625,09/09/25 16:00:00,30.016,,,,,
14626,09/09/25 16:15:00,30.016,,,,,
14627,09/09/25 16:30:00,29.991,,,,,
14628,09/09/25 16:45:00,29.991,,,,,
14629,09/09/25 17:00:00,29.966,,,,,
14630,09/09/25 17:15:00,29.966,,,,,
14631,09/09/25 17:30:00,29.966,,,,,
14632,09/09/25 17:45:00,29.966,,,,,
14633,09/09/25 18:00:00,29.966,,,,,
14634,09/09/25 18:15:00,29.941,,,,,
14635,09/09/25 18:30:00,29.941,,,,,
14636,09/09/25 18:45:00,29.941,,,,,
14637,09/09/25 19:00:00,29.941,,,,,
14638,09/09/25 19:15:00,29.966,,,,,
14639,09/09/25 19:30:00,29.966,,,,,
14640,09/09/25 19:45:00,29.991,,,,,
14641,09/09/25 20:00:00,29.991,,,,,
14642,09/09/25 20:15:00,29.991,,,,,
14643,09/09/25 20:30:00,29.966,,,,,
14644,09/09/25 20:45:00,29.966,,,,,
14645,09/09/25 21:00:00,29.966,,,,,
14646,09/09/25 21:15:00,29.941,,,,,
14647,09/09/25 21:30:00,29.941,,,,,
14648,09/09/25 21:45:00,29.941,,,,,
14649,09/09/25 22:00:00,29.916,,,,,
14650,09/09/25 22:15:00,29.916,,,,,
14651,09/09/25 22:30:00,29.916,,,,,
14652,09/09/25 22:45:00,29.916,,,,,
14653,09/09/25 23:00:00,29.941,,,,,
14654,09/09/25 23:15:00,29.941,,,,,
14655,09/09/25 23:30:00,29.916,,,,,
14656,09/09/25 23:45:00,29.941,,,,,
14657,09/10/25 00:00:00,29.941,,,,,
14658,09/10/25 00:15:00,29.916,,,,,
14659,09/10/25 00:30:00,29.715,,,,,
14660,09/10/25 00:45:00,29.815,,,,,
14661,09/10/25 01:00:00,29.840,,,,,
14662,09/10/25 01:15:00,29.840,,,,,
14663,09/10/25 01:30:00,29.790,,,,,
14664,09/10/25 01:45:00,29.865,,,,,
14665,09/10/25 02:00:00,29.865,,,,,
14666,09/10/25 02:15:00,29.865,,,,,
14667,09/10/25 02:30:00,29.840,,,,,
14668,09/10/25 02:45:00,29.865,,,,,
14669,09/10/25 03:00:00,29.840,,,,,
14670,09/10/25 03:15:00,29.790,,,,,
14671,09/10/25 03:30:00,29.790,,,,,
14672,09/10/25 03:45:00,29.790,,,,,
14673,09/10/25 04:00:00,29.815,,,,,
14674,09/10/25 04:15:00,29.790,,,,,
14675,09/10/25 04:30:00,29.765,,,,,
14676,09/10/25 04:45:00,29.790,,,,,
14677,09/10/25 05:00:00,29.815,,,,,
14678,09/10/25 05:15:00,29.815,,,,,
14679,09/10/25 05:30:00,29.815,,,,,
14680,09/10/25 05:45:00,29.790,,,,,
14681,09/10/25 06:00:00,29.765,,,,,
14682,09/10/25 06:15:00,29.765,,,,,
14683,09/10/25 06:30:00,29.765,,,,,
14684,09/10/25 06:45:00,29.765,,,,,
14685,09/10/25 07:00:00,29.765,,,,,
14686,09/10/25 07:15:00,29.765,,,,,
14687,09/10/25 07:30:00,29.765,,,,,
14688,09/10/25 07:45:00,29.765,,,,,
14689,09/10/25 08:00:00,29.790,,,,,
14690,09/10/25 08:15:00,29.790,,,,,
14691,09/10/25 08:30:00,29.790,,,,,
14692,09/10/25 08:45:00,29.790,,,,,
14693,09/10/25 09:00:00,29.790,,,,,
14694,09/10/25 09:15:00,29.790,,,,,
14695,09/10/25 09:30:00,29.790,,,,,
14696,09/10/25 09:45:00,29.815,,,,,
14697,09/10/25 10:00:00,29.815,,,,,
14698,09/10/25 10:15:00,29.815,,,,,
14699,09/10/25 10:30:00,29.815,,,,,
14700,09/10/25 10:45:00,29.790,,,,,
14701,09/10/25 11:00:00,29.790,,,,,
14702,09/10/25 11:15:00,29.790,,,,,
14703,09/10/25 11:30:00,29.815,,,,,
14704,09/10/25 11:45:00,29.840,,,,,
14705,09/10/25 12:00:00,29.865,,,,,
14706,09/10/25 12:15:00,29.865,,,,,
14707,09/10/25 12:30:00,29.840,,,,,
14708,09/10/25 12:45:00,29.865,,,,,
14709,09/10/25 13:00:00,29.840,,,,,
14710,09/10/25 13:15:00,29.865,,,,,
14711,09/10/25 13:30:00,29.890,,,,,
14712,09/10/25 13:45:00,29.890,,,,,
14713,09/10/25 14:00:00,29.865,,,,,
14714,09/10/25 14:15:00,29.840,,,,,
14715,09/10/25 14:30:00,29.840,,,,,
14716,09/10/25 14:45:00,29.815,,,,,
14717,09/10/25 15:00:00,29.790,,,,,
14718,09/10/25 15:15:00,29.815,,,,,
14719,09/10/25 15:30:00,29.865,,,,,
14720,09/10/25 15:45:00,29.840,,,,,
14721,09/10/25 16:00:00,29.815,,,,,
14722,09/10/25 16:15:00,29.815,,,,,
14723,09/10/25 16:30:00,29.815,,,,,
14724,09/10/25 16:45:00,29.815,,,,,
14725,09/10/25 17:00:00,29.790,,,,,
14726,09/10/25 17:15:00,29.815,,,,,
14727,09/10/25 17:30:00,29.890,,,,,
14728,09/10/25 17:45:00,30.041,,,,,
14729,09/10/25 18:00:00,30.117,,,,,
14730,09/10/25 18:15:00,29.966,,,,,
14731,09/10/25 18:30:00,29.890,,,,,
14732,09/10/25 18:45:00,29.865,,,,,
14733,09/10/25 19:00:00,29.916,,,,,
14734,09/10/25 19:15:00,29.890,,,,,
14735,09/10/25 19:30:00,29.840,,,,,
14736,09/10/25 19:45:00,29.840,,,,,
14737,09/10/25 20:00:00,29.840,,,,,
14738,09/10/25 20:15:00,29.840,,,,,
14739,09/10/25 20:30:00,29.840,,,,,
14740,09/10/25 20:45:00,29.840,,,,,
14741,09/10/25 21:00:00,29.840,,,,,
14742,09/10/25 21:15:00,29.865,,,,,
14743,09/10/25 21:30:00,29.865,,,,,
14744,09/10/25 21:45:00,29.865,,,,,
14745,09/10/25 22:00:00,29.865,,,,,
14746,09/10/25 22:15:00,29.865,,,,,
14747,09/10/25 22:30:00,29.840,,,,,
14748,09/10/25 22:45:00,29.840,,,,,
14749,09/10/25 23:00:00,29.815,,,,,
14750,09/10/25 23:15:00,29.815,,,,,
14751,09/10/25 23:30:00,29.790,,,,,
14752,09/10/25 23:45:00,29.765,,,,,
14753,09/11/25 00:00:00,29.765,,,,,
14754,09/11/25 00:15:00,29.740,,,,,
14755,09/11/25 00:30:00,29.740,,,,,
14756,09/11/25 00:45:00,29.740,,,,,
14757,09/11/25 01:00:00,29.765,,,,,
14758,09/11/25 01:15:00,29.765,,,,,
14759,09/11/25 01:30:00,29.790,,,,,
14760,09/11/25 01:45:00,29.790,,,,,
14761,09/11/25 02:00:00,29.815,,,,,
14762,09/11/25 02:15:00,29.815,,,,,
14763,09/11/25 02:30:00,29.815,,,,,
14764,09/11/25 02:45:00,29.815,,,,,
14765,09/11/25 03:00:00,29.815,,,,,
14766,09/11/25 03:15:00,29.840,,,,,
14767,09/11/25 03:30:00,29.865,,,,,
14768,09/11/25 03:45:00,29.865,,,,,
14769,09/11/25 04:00:00,29.865,,,,,
14770,09/11/25 04:15:00,29.865,,,,,
14771,09/11/25 04:30:00,29.865,,,,,
14772,09/11/25 04:45:00,29.865,,,,,
14773,09/11/25 05:00:00,29.865,,,,,
14774,09/11/25 05:15:00,29.865,,,,,
14775,09/11/25 05:30:00,29.840,,,,,
14776,09/11/25 05:45:00,29.840,,,,,
14777,09/11/25 06:00:00,29.840,,,,,
14778,09/11/25 06:15:00,29.840,,,,,
14779,09/11/25 06:30:00,29.840,,,,,
14780,09/11/25 06:45:00,29.840,,,,,
14781,09/11/25 07:00:00,29.815,,,,,
14782,09/11/25 07:15:00,29.815,,,,,
14783,09/11/25 07:30:00,29.815,,,,,
14784,09/11/25 07:45:00,29.815,,,,,
14785,09/11/25 08:00:00,29.815,,,,,
14786,09/11/25 08:15:00,29.815,,,,,
14787,09/11/25 08:30:00,29.840,,,,,
14788,09/11/25 08:45:00,29.865,,,,,
14789,09/11/25 09:00:00,29.865,,,,,
14790,09/11/25 09:15:00,29.865,,,,,
14791,09/11/25 09:30:00,29.865,,,,,
14792,09/11/25 09:45:00,29.890,,,,,
14793,09/11/25 10:00:00,29.890,,,,,
14794,09/11/25 10:15:00,29.890,,,,,
14795,09/11/25 10:30:00,29.916,,,,,
14796,09/11/25 10:45:00,29.916,,,,,
14797,09/11/25 11:00:00,29.916,,,,,
14798,09/11/25 11:15:00,29.941,,,,,
14799,09/11/25 11:30:00,29.941,,,,,
14800,09/11/25 11:45:00,29.941,,,,,
14801,09/11/25 12:00:00,29.941,,,,,
14802,09/11/25 12:15:00,29.966,,,,,
14803,09/11/25 12:30:00,29.966,,,,,
14804,09/11/25 12:45:00,29.966,,,,,
14805,09/11/25 13:00:00,29.941,,,,,
14806,09/11/25 13:15:00,29.941,,,,,
14807,09/11/25 13:30:00,29.966,,,,,
14808,09/11/25 13:45:00,29.966,,,,,
14809,09/11/25 14:00:00,29.991,,,,,
14810,09/11/25 14:15:00,29.991,,,,,
14811,09/11/25 14:30:00,30.016,,,,,
14812,09/11/25 14:45:00,29.966,,,,,
14813,09/11/25 15:00:00,29.966,,,,,
14814,09/11/25 15:15:00,29.941,,,,,
14815,09/11/25 15:30:00,29.966,,,,,
14816,09/11/25 15:45:00,29.966,,,,,
14817,09/11/25 16:00:00,29.966,,,,,
14818,09/11/25 16:15:00,29.966,,,,,
14819,09/11/25 16:30:00,29.966,,,,,
14820,09/11/25 16:45:00,29.966,,,,,
14821,09/11/25 17:00:00,29.966,,,,,
14822,09/11/25 17:15:00,29.966,,,,,
14823,09/11/25 17:30:00,29.941,,,,,
14824,09/11/25 17:45:00,29.941,,,,,
14825,09/11/25 18:00:00,29.941,,,,,
14826,09/11/25 18:15:00,30.066,,,,,
14827,09/11/25 18:30:00,30.142,,,,,
14828,09/11/25 18:45:00,30.041,,,,,
14829,09/11/25 19:00:00,30.016,,,,,
14830,09/11/25 19:15:00,30.016,,,,,
14831,09/11/25 19:30:00,30.016,,,,,
14832,09/11/25 19:45:00,29.991,,,,,
14833,09/11/25 20:00:00,29.991,,,,,
14834,09/11/25 20:15:00,29.991,,,,,
14835,09/11/25 20:30:00,29.991,,,,,
14836,09/11/25 20:45:00,29.966,,,,,
14837,09/11/25 21:00:00,29.941,,,,,
14838,09/11/25 21:15:00,29.941,,,,,
14839,09/11/25 21:30:00,29.941,,,,,
14840,09/11/25 21:45:00,29.941,,,,,
14841,09/11/25 22:00:00,29.941,,,,,
14842,09/11/25 22:15:00,29.941,,,,,
14843,09/11/25 22:30:00,29.941,,,,,
14844,09/11/25 22:45:00,29.941,,,,,
14845,09/11/25 23:00:00,29.941,,,,,
14846,09/11/25 23:15:00,29.941,,,,,
14847,09/11/25 23:30:00,29.916,,,,,
14848,09/11/25 23:45:00,29.916,,,,,
14849,09/12/25 00:00:00,29.916,,,,,
14850,09/12/25 00:15:00,29.916,,,,,
14851,09/12/25 00:30:00,29.916,,,,,
14852,09/12/25 00:45:00,29.916,,,,,
14853,09/12/25 01:00:00,29.890,,,,,
14854,09/12/25 01:15:00,29.865,,,,,
14855,09/12/25 01:30:00,29.715,,,,,
14856,09/12/25 01:45:00,29.715,,,,,
14857,09/12/25 02:00:00,29.615,,,,,
14858,09/12/25 02:15:00,29.615,,,,,
14859,09/12/25 02:30:00,29.590,,,,,
14860,09/12/25 02:45:00,29.590,,,,,
14861,09/12/25 03:00:00,29.590,,,,,
14862,09/12/25 03:15:00,29.640,,,,,
14863,09/12/25 03:30:00,29.790,,,,,
14864,09/12/25 03:45:00,29.640,,,,,
14865,09/12/25 04:00:00,29.665,,,,,
14866,09/12/25 04:15:00,29.815,,,,,
14867,09/12/25 04:30:00,29.865,,,,,
14868,09/12/25 04:45:00,29.865,,,,,
14869,09/12/25 05:00:00,29.890,,,,,
14870,09/12/25 05:15:00,29.890,,,,,
14871,09/12/25 05:30:00,29.916,,,,,
14872,09/12/25 05:45:00,29.865,,,,,
14873,09/12/25 06:00:00,29.865,,,,,
14874,09/12/25 06:15:00,29.890,,,,,
14875,09/12/25 06:30:00,29.865,,,,,
14876,09/12/25 06:45:00,29.865,,,,,
14877,09/12/25 07:00:00,29.890,,,,,
14878,09/12/25 07:15:00,29.890,,,,,
14879,09/12/25 07:30:00,29.865,,,,,
14880,09/12/25 07:45:00,29.890,,,,,
14881,09/12/25 08:00:00,29.890,,,,,
14882,09/12/25 08:15:00,29.890,,,,,
14883,09/12/25 08:30:00,29.890,,,,,
14884,09/12/25 08:45:00,29.890,,,,,
14885,09/12/25 09:00:00,29.916,,,,,
14886,09/12/25 09:15:00,29.916,,,,,
14887,09/12/25 09:30:00,29.916,,,,,
14888,09/12/25 09:45:00,29.916,,,,,
14889,09/12/25 10:00:00,29.941,,,,,
14890,09/12/25 10:15:00,29.966,,,,,
14891,09/12/25 10:30:00,30.016,,,,,
14892,09/12/25 10:45:00,30.041,,,,,
14893,09/12/25 11:00:00,30.066,,,,,
14894,09/12/25 11:15:00,30.066,,,,,
14895,09/12/25 11:30:00,30.041,,,,,
14896,09/12/25 11:45:00,30.041,,,,,
14897,09/12/25 12:00:00,30.041,,,,,
14898,09/12/25 12:15:00,30.066,,,,,
14899,09/12/25 12:30:00,30.066,,,,,
14900,09/12/25 12:45:00,30.041,,,,,
14901,09/12/25 13:00:00,30.041,,,,,
14902,09/12/25 13:15:00,29.941,,,,,
14903,09/12/25 13:30:00,29.865,,,,,
14904,09/12/25 13:45:00,29.840,,,,,
14905,09/12/25 14:00:00,29.840,,,,,
14906,09/12/25 14:15:00,29.916,,,,,
14907,09/12/25 14:30:00,30.016,,,,,
14908,09/12/25 14:45:00,30.066,,,,,
14909,09/12/25 15:00:00,30.091,,,,,
14910,09/12/25 15:15:00,30.117,,,,,
14911,09/12/25 15:30:00,30.117,,,,,
14912,09/12/25 15:45:00,30.117,,,,,
14913,09/12/25 16:00:00,30.142,,,,,
14914,09/12/25 16:15:00,30.167,,,,,
14915,09/12/25 16:30:00,30.217,,,,,
14916,09/12/25 16:45:00,30.217,,,,,
14917,09/12/25 17:00:00,30.217,,,,,
14918,09/12/25 17:15:00,30.192,,,,,
14919,09/12/25 17:30:00,30.066,,,,,
14920,09/12/25 17:45:00,30.066,,,,,
14921,09/12/25 18:00:00,30.091,,,,,
14922,09/12/25 18:15:00,30.167,,,,,
14923,09/12/25 18:30:00,30.217,,,,,
14924,09/12/25 18:45:00,30.217,,,,,
14925,09/12/25 19:00:00,30.192,,,,,
14926,09/12/25 19:15:00,30.192,,,,,
14927,09/12/25 19:30:00,30.117,,,,,
14928,09/12/25 19:45:00,30.016,,,,,
14929,09/12/25 20:00:00,30.041,,,,,
14930,09/12/25 20:15:00,30.066,,,,,
14931,09/12/25 20:30:00,30.117,,,,,
14932,09/12/25 20:45:00,30.066,,,,,
14933,09/12/25 21:00:00,30.041,,,,,
14934,09/12/25 21:15:00,30.066,,,,,
14935,09/12/25 21:30:00,30.091,,,,,
14936,09/12/25 21:45:00,30.066,,,,,
14937,09/12/25 22:00:00,30.066,,,,,
14938,09/12/25 22:15:00,30.066,,,,,
14939,09/12/25 22:30:00,30.091,,,,,
14940,09/12/25 22:45:00,30.091,,,,,
14941,09/12/25 23:00:00,30.091,,,,,
14942,09/12/25 23:15:00,30.091,,,,,
14943,09/12/25 23:30:00,30.091,,,,,
14944,09/12/25 23:45:00,30.091,,,,,
14945,09/13/25 00:00:00,30.117,,,,,
14946,09/13/25 00:15:00,30.117,,,,,
14947,09/13/25 00:30:00,30.091,,,,,
14948,09/13/25 00:45:00,30.091,,,,,
14949,09/13/25 01:00:00,30.091,,,,,
14950,09/13/25 01:15:00,30.117,,,,,
14951,09/13/25 01:30:00,30.117,,,,,
14952,09/13/25 01:45:00,30.091,,,,,
14953,09/13/25 02:00:00,30.091,,,,,
14954,09/13/25 02:15:00,30.066,,,,,
14955,09/13/25 02:30:00,30.066,,,,,
14956,09/13/25 02:45:00,30.066,,,,,
14957,09/13/25 03:00:00,30.066,,,,,
14958,09/13/25 03:15:00,30.066,,,,,
14959,09/13/25 03:30:00,30.066,,,,,
14960,09/13/25 03:45:00,30.066,,,,,
14961,09/13/25 04:00:00,30.066,,,,,
14962,09/13/25 04:15:00,30.041,,,,,
14963,09/13/25 04:30:00,30.041,,,,,
14964,09/13/25 04:45:00,30.041,,,,,
14965,09/13/25 05:00:00,30.066,,,,,
14966,09/13/25 05:15:00,30.066,,,,,
14967,09/13/25 05:30:00,30.041,,,,,
14968,09/13/25 05:45:00,30.016,,,,,
14969,09/13/25 06:00:00,29.991,,,,,
14970,09/13/25 06:15:00,30.041,,,,,
14971,09/13/25 06:30:00,30.091,,,,,
14972,09/13/25 06:45:00,30.142,,,,,
14973,09/13/25 07:00:00,30.142,,,,,
14974,09/13/25 07:15:00,30.142,,,,,
14975,09/13/25 07:30:00,30.117,,,,,
14976,09/13/25 07:45:00,30.117,,,,,
14977,09/13/25 08:00:00,30.066,,,,,
14978,09/13/25 08:15:00,30.066,,,,,
14979,09/13/25 08:30:00,30.066,,,,,
14980,09/13/25 08:45:00,30.066,,,,,
14981,09/13/25 09:00:00,30.066,,,,,
14982,09/13/25 09:15:00,30.091,,,,,
14983,09/13/25 09:30:00,30.091,,,,,
14984,09/13/25 09:45:00,30.117,,,,,
14985,09/13/25 10:00:00,30.091,,,,,
14986,09/13/25 10:15:00,30.041,,,,,
14987,09/13/25 10:30:00,30.091,,,,,
14988,09/13/25 10:45:00,30.091,,,,,
14989,09/13/25 11:00:00,30.091,,,,,
14990,09/13/25 11:15:00,30.041,,,,,
14991,09/13/25 11:30:00,30.066,,,,,
14992,09/13/25 11:45:00,30.016,,,,,
14993,09/13/25 12:00:00,30.041,,,,,
14994,09/13/25 12:15:00,30.041,,,,,
14995,09/13/25 12:30:00,30.066,,,,,
14996,09/13/25 12:45:00,30.091,,,,,
14997,09/13/25 13:00:00,30.091,,,,,
14998,09/13/25 13:15:00,30.091,,,,,
14999,09/13/25 13:30:00,30.117,,,,,
15000,09/13/25 13:45:00,30.117,,,,,
15001,09/13/25 14:00:00,30.117,,,,,
15002,09/13/25 14:15:00,30.066,,,,,
15003,09/13/25 14:30:00,29.890,,,,,
15004,09/13/25 14:45:00,29.916,,,,,
15005,09/13/25 15:00:00,29.840,,,,,
15006,09/13/25 15:15:00,29.991,,,,,
15007,09/13/25 15:30:00,30.066,,,,,
15008,09/13/25 15:45:00,30.091,,,,,
15009,09/13/25 16:00:00,30.041,,,,,
15010,09/13/25 16:15:00,30.016,,,,,
15011,09/13/25 16:30:00,30.117,,,,,
15012,09/13/25 16:45:00,30.268,,,,,
15013,09/13/25 17:00:00,30.293,,,,,
15014,09/13/25 17:15:00,30.318,,,,,
15015,09/13/25 17:30:00,30.318,,,,,
15016,09/13/25 17:45:00,30.369,,,,,
15017,09/13/25 18:00:00,30.394,,,,,
15018,09/13/25 18:15:00,30.369,,,,,
15019,09/13/25 18:30:00,30.369,,,,,
15020,09/13/25 18:45:00,30.318,,,,,
15021,09/13/25 19:00:00,30.268,,,,,
15022,09/13/25 19:15:00,30.243,,,,,
15023,09/13/25 19:30:00,30.243,,,,,
15024,09/13/25 19:45:00,30.016,,,,,
15025,09/13/25 20:00:00,30.016,,,,,
15026,09/13/25 20:15:00,30.066,,,,,
15027,09/13/25 20:30:00,30.091,,,,,
15028,09/13/25 20:45:00,30.091,,,,,
15029,09/13/25 21:00:00,30.117,,,,,
15030,09/13/25 21:15:00,30.117,,,,,
15031,09/13/25 21:30:00,30.117,,,,,
15032,09/13/25 21:45:00,30.117,,,,,
15033,09/13/25 22:00:00,30.142,,,,,
15034,09/13/25 22:15:00,30.142,,,,,
15035,09/13/25 22:30:00,30.167,,,,,
15036,09/13/25 22:45:00,30.167,,,,,
15037,09/13/25 23:00:00,30.167,,,,,
15038,09/13/25 23:15:00,30.167,,,,,
15039,09/13/25 23:30:00,30.117,,,,,
15040,09/13/25 23:45:00,30.091,,,,,
15041,09/14/25 00:00:00,30.066,,,,,
15042,09/14/25 00:15:00,30.066,,,,,
15043,09/14/25 00:30:00,30.066,,,,,
15044,09/14/25 00:45:00,30.041,,,,,
15045,09/14/25 01:00:00,30.041,,,,,
15046,09/14/25 01:15:00,30.041,,,,,
15047,09/14/25 01:30:00,30.041,,,,,
15048,09/14/25 01:45:00,30.041,,,,,
15049,09/14/25 02:00:00,30.041,,,,,
15050,09/14/25 02:15:00,30.041,,,,,
15051,09/14/25 02:30:00,30.041,,,,,
15052,09/14/25 02:45:00,30.066,,,,,
15053,09/14/25 03:00:00,30.066,,,,,
15054,09/14/25 03:15:00,30.066,,,,,
15055,09/14/25 03:30:00,29.916,,,,,
15056,09/14/25 03:45:00,29.941,,,,,
15057,09/14/25 04:00:00,29.941,,,,,
15058,09/14/25 04:15:00,29.966,,,,,
15059,09/14/25 04:30:00,29.966,,,,,
15060,09/14/25 04:45:00,29.941,,,,,
15061,09/14/25 05:00:00,29.941,,,,,
15062,09/14/25 05:15:00,29.966,,,,,
15063,09/14/25 05:30:00,29.966,,,,,
15064,09/14/25 05:45:00,30.016,,,,,
15065,09/14/25 06:00:00,30.016,,,,,
15066,09/14/25 06:15:00,29.991,,,,,
15067,09/14/25 06:30:00,29.991,,,,,
15068,09/14/25 06:45:00,30.016,,,,,
15069,09/14/25 07:00:00,30.016,,,,,
15070,09/14/25 07:15:00,30.016,,,,,
15071,09/14/25 07:30:00,29.991,,,,,
15072,09/14/25 07:45:00,29.991,,,,,
15073,09/14/25 08:00:00,29.991,,,,,
15074,09/14/25 08:15:00,29.991,,,,,
15075,09/14/25 08:30:00,30.016,,,,,
15076,09/14/25 08:45:00,30.016,,,,,
15077,09/14/25 09:00:00,30.016,,,,,
15078,09/14/25 09:15:00,30.016,,,,,
15079,09/14/25 09:30:00,30.016,,,,,
15080,09/14/25 09:45:00,29.966,,,,,
15081,09/14/25 10:00:00,29.966,,,,,
15082,09/14/25 10:15:00,29.966,,,,,
15083,09/14/25 10:30:00,30.016,,,,,
15084,09/14/25 10:45:00,30.041,,,,,
15085,09/14/25 11:00:00,30.041,,,,,
15086,09/14/25 11:15:00,30.016,,,,,
15087,09/14/25 11:30:00,30.016,,,,,
15088,09/14/25 11:45:00,29.815,,,,,
15089,09/14/25 12:00:00,29.916,,,,,
15090,09/14/25 12:15:00,29.991,,,,,
15091,09/14/25 12:30:00,30.041,,,,,
15092,09/14/25 12:45:00,30.066,,,,,
15093,09/14/25 13:00:00,30.091,,,,,
15094,09/14/25 13:15:00,30.091,,,,,
15095,09/14/25 13:30:00,30.091,,,,,
15096,09/14/25 13:45:00,29.991,,,,,
15097,09/14/25 14:00:00,29.991,,,,,
15098,09/14/25 14:15:00,30.016,,,,,
15099,09/14/25 14:30:00,29.966,,,,,
15100,09/14/25 14:45:00,29.991,,,,,
15101,09/14/25 15:00:00,29.991,,,,,
15102,09/14/25 15:15:00,30.016,,,,,
15103,09/14/25 15:30:00,30.016,,,,,
15104,09/14/25 15:45:00,30.016,,,,,
15105,09/14/25 16:00:00,30.041,,,,,
15106,09/14/25 16:15:00,30.041,,,,,
15107,09/14/25 16:30:00,30.041,,,,,
15108,09/14/25 16:45:00,30.066,,,,,
15109,09/14/25 17:00:00,30.066,,,,,
15110,09/14/25 17:15:00,30.066,,,,,
15111,09/14/25 17:30:00,30.066,,,,,
15112,09/14/25 17:45:00,30.091,,,,,
15113,09/14/25 18:00:00,30.117,,,,,
15114,09/14/25 18:15:00,30.117,,,,,
15115,09/14/25 18:30:00,30.142,,,,,
15116,09/14/25 18:45:00,30.142,,,,,
15117,09/14/25 19:00:00,30.167,,,,,
15118,09/14/25 19:15:00,30.192,,,,,
15119,09/14/25 19:30:00,30.192,,,,,
15120,09/14/25 19:45:00,30.192,,,,,
15121,09/14/25 20:00:00,30.192,,,,,
15122,09/14/25 20:15:00,30.243,,,,,
15123,09/14/25 20:30:00,30.293,,,,,
15124,09/14/25 20:45:00,30.217,,,,,
15125,09/14/25 21:00:00,30.167,,,,,
15126,09/14/25 21:15:00,30.142,,,,,
15127,09/14/25 21:30:00,30.142,,,,,
15128,09/14/25 21:45:00,30.142,,,,,
15129,09/14/25 22:00:00,30.142,,,,,
15130,09/14/25 22:15:00,30.142,,,,,
15131,09/14/25 22:30:00,30.142,,,,,
15132,09/14/25 22:45:00,30.167,,,,,
15133,09/14/25 23:00:00,30.117,,,,,
15134,09/14/25 23:15:00,30.117,,,,,
15135,09/14/25 23:30:00,30.167,,,,,
15136,09/14/25 23:45:00,30.167,,,,,
15137,09/15/25 00:00:00,30.167,,,,,
15138,09/15/25 00:15:00,30.192,,,,,
15139,09/15/25 00:30:00,30.142,,,,,
15140,09/15/25 00:45:00,30.142,,,,,
15141,09/15/25 01:00:00,30.142,,,,,
15142,09/15/25 01:15:00,30.142,,,,,
15143,09/15/25 01:30:00,30.117,,,,,
15144,09/15/25 01:45:00,30.117,,,,,
15145,09/15/25 02:00:00,30.117,,,,,
15146,09/15/25 02:15:00,30.142,,,,,
15147,09/15/25 02:30:00,30.142,,,,,
15148,09/15/25 02:45:00,30.142,,,,,
15149,09/15/25 03:00:00,30.142,,,,,
15150,09/15/25 03:15:00,30.117,,,,,
15151,09/15/25 03:30:00,30.117,,,,,
15152,09/15/25 03:45:00,30.117,,,,,
15153,09/15/25 04:00:00,30.091,,,,,
15154,09/15/25 04:15:00,30.091,,,,,
15155,09/15/25 04:30:00,30.091,,,,,
15156,09/15/25 04:45:00,30.091,,,,,
15157,09/15/25 05:00:00,30.091,,,,,
15158,09/15/25 05:15:00,30.066,,,,,
15159,09/15/25 05:30:00,30.041,,,,,
15160,09/15/25 05:45:00,30.066,,,,,
15161,09/15/25 06:00:00,30.041,,,,,
15162,09/15/25 06:15:00,30.041,,,,,
15163,09/15/25 06:30:00,30.041,,,,,
15164,09/15/25 06:45:00,30.016,,,,,
15165,09/15/25 07:00:00,29.991,,,,,
15166,09/15/25 07:15:00,30.016,,,,,
15167,09/15/25 07:30:00,30.016,,,,,
15168,09/15/25 07:45:00,30.016,,,,,
15169,09/15/25 08:00:00,30.016,,,,,
15170,09/15/25 08:15:00,29.991,,,,,
15171,09/15/25 08:30:00,29.991,,,,,
15172,09/15/25 08:45:00,29.991,,,,,
15173,09/15/25 09:00:00,29.890,,,,,
15174,09/15/25 09:15:00,29.865,,,,,
15175,09/15/25 09:30:00,29.840,,,,,
15176,09/15/25 09:45:00,29.865,,,,,
15177,09/15/25 10:00:00,29.916,,,,,
15178,09/15/25 10:15:00,30.016,,,,,
15179,09/15/25 10:30:00,30.041,,,,,
15180,09/15/25 10:45:00,30.091,,,,,
15181,09/15/25 11:00:00,30.117,,,,,
15182,09/15/25 11:15:00,30.167,,,,,
15183,09/15/25 11:30:00,30.117,,,,,
15184,09/15/25 11:45:00,29.966,,,,,
15185,09/15/25 12:00:00,29.916,,,,,
15186,09/15/25 12:15:00,29.916,,,,,
15187,09/15/25 12:30:00,29.865,,,,,
15188,09/15/25 12:45:00,29.840,,,,,
15189,09/15/25 13:00:00,29.865,,,,,
15190,09/15/25 13:15:00,29.865,,,,,
15191,09/15/25 13:30:00,29.865,,,,,
15192,09/15/25 13:45:00,29.890,,,,,
15193,09/15/25 14:00:00,29.740,,,,,
15194,09/15/25 14:15:00,29.640,,,,,
15195,09/15/25 14:30:00,29.640,,,,,
15196,09/15/25 14:45:00,29.615,,,,,
15197,09/15/25 15:00:00,29.615,,,,,
15198,09/15/25 15:15:00,29.690,,,,,
15199,09/15/25 15:30:00,29.815,,,,,
15200,09/15/25 15:45:00,29.840,,,,,
15201,09/15/25 16:00:00,29.865,,,,,
15202,09/15/25 16:15:00,29.890,,,,,
15203,09/15/25 16:30:00,29.790,,,,,
15204,09/15/25 16:45:00,29.790,,,,,
15205,09/15/25 17:00:00,29.840,,,,,
15206,09/15/25 17:15:00,29.865,,,,,
15207,09/15/25 17:30:00,29.890,,,,,
15208,09/15/25 17:45:00,29.916,,,,,
15209,09/15/25 18:00:00,29.941,,,,,
15210,09/15/25 18:15:00,29.966,,,,,
15211,09/15/25 18:30:00,29.916,,,,,
15212,09/15/25 18:45:00,29.916,,,,,
15213,09/15/25 19:00:00,29.916,,,,,
15214,09/15/25 19:15:00,29.916,,,,,
15215,09/15/25 19:30:00,29.916,,,,,
15216,09/15/25 19:45:00,29.941,,,,,
15217,09/15/25 20:00:00,29.966,,,,,
15218,09/15/25 20:15:00,29.966,,,,,
15219,09/15/25 20:30:00,29.966,,,,,
15220,09/15/25 20:45:00,29.966,,,,,
15221,09/15/25 21:00:00,29.966,,,,,
15222,09/15/25 21:15:00,29.966,,,,,
15223,09/15/25 21:30:00,29.966,,,,,
15224,09/15/25 21:45:00,29.966,,,,,
15225,09/15/25 22:00:00,29.966,,,,,
15226,09/15/25 22:15:00,29.991,,,,,
15227,09/15/25 22:30:00,30.041,,,,,
15228,09/15/25 22:45:00,29.966,,,,,
15229,09/15/25 23:00:00,29.941,,,,,
15230,09/15/25 23:15:00,29.941,,,,,
15231,09/15/25 23:30:00,29.941,,,,,
15232,09/15/25 23:45:00,29.941,,,,,
15233,09/16/25 00:00:00,29.941,,,,,
15234,09/16/25 00:15:00,29.941,,,,,
15235,09/16/25 00:30:00,29.966,,,,,
15236,09/16/25 00:45:00,29.966,,,,,
15237,09/16/25 01:00:00,29.991,,,,,
15238,09/16/25 01:15:00,29.991,,,,,
15239,09/16/25 01:30:00,29.991,,,,,
15240,09/16/25 01:45:00,29.991,,,,,
15241,09/16/25 02:00:00,29.966,,,,,
15242,09/16/25 02:15:00,29.890,,,,,
15243,09/16/25 02:30:00,29.715,,,,,
15244,09/16/25 02:45:00,29.665,,,,,
15245,09/16/25 03:00:00,29.640,,,,,
15246,09/16/25 03:15:00,29.815,,,,,
15247,09/16/25 03:30:00,29.890,,,,,
15248,09/16/25 03:45:00,29.715,,,,,
15249,09/16/25 04:00:00,29.690,,,,,
15250,09/16/25 04:15:00,29.615,,,,,
15251,09/16/25 04:30:00,29.515,,,,,
15252,09/16/25 04:45:00,29.515,,,,,
15253,09/16/25 05:00:00,29.515,,,,,
15254,09/16/25 05:15:00,29.464,,,,,
15255,09/16/25 05:30:00,29.464,,,,,
15256,09/16/25 05:45:00,29.439,,,,,
15257,09/16/25 06:00:00,29.414,,,,,
15258,09/16/25 06:15:00,29.414,,,,,
15259,09/16/25 06:30:00,29.464,,,,,
15260,09/16/25 06:45:00,29.690,,,,,
15261,09/16/25 07:00:00,29.790,,,,,
15262,09/16/25 07:15:00,29.815,,,,,
15263,09/16/25 07:30:00,29.840,,,,,
15264,09/16/25 07:45:00,29.865,,,,,
15265,09/16/25 08:00:00,29.865,,,,,
15266,09/16/25 08:15:00,29.890,,,,,
15267,09/16/25 08:30:00,29.916,,,,,
15268,09/16/25 08:45:00,29.941,,,,,
15269,09/16/25 09:00:00,29.941,,,,,
15270,09/16/25 09:15:00,29.941,,,,,
15271,09/16/25 09:30:00,29.941,,,,,
15272,09/16/25 09:45:00,29.916,,,,,
15273,09/16/25 10:00:00,29.890,,,,,
15274,09/16/25 10:15:00,29.865,,,,,
15275,09/16/25 10:30:00,29.840,,,,,
15276,09/16/25 10:45:00,29.890,,,,,
15277,09/16/25 11:00:00,29.941,,,,,
15278,09/16/25 11:15:00,29.890,,,,,
15279,09/16/25 11:30:00,29.815,,,,,
15280,09/16/25 11:45:00,29.815,,,,,
15281,09/16/25 12:00:00,29.840,,,,,
15282,09/16/25 12:15:00,29.840,,,,,
15283,09/16/25 12:30:00,29.865,,,,,
15284,09/16/25 12:45:00,29.865,,,,,
15285,09/16/25 13:00:00,29.890,,,,,
15286,09/16/25 13:15:00,29.890,,,,,
15287,09/16/25 13:30:00,29.916,,,,,
15288,09/16/25 13:45:00,29.916,,,,,
15289,09/16/25 14:00:00,29.916,,,,,
15290,09/16/25 14:15:00,29.916,,,,,
15291,09/16/25 14:30:00,29.890,,,,,
15292,09/16/25 14:45:00,29.890,,,,,
15293,09/16/25 15:00:00,29.890,,,,,
15294,09/16/25 15:15:00,29.865,,,,,
15295,09/16/25 15:30:00,29.665,,,,,
15296,09/16/25 15:45:00,29.740,,,,,
15297,09/16/25 16:00:00,29.665,,,,,
15298,09/16/25 16:15:00,29.665,,,,,
15299,09/16/25 16:30:00,29.665,,,,,
15300,09/16/25 16:45:00,29.640,,,,,
15301,09/16/25 17:00:00,29.665,,,,,
15302,09/16/25 17:15:00,29.690,,,,,
15303,09/16/25 17:30:00,29.690,,,,,
15304,09/16/25 17:45:00,29.640,,,,,
15305,09/16/25 18:00:00,29.665,,,,,
15306,09/16/25 18:15:00,29.715,,,,,
15307,09/16/25 18:30:00,29.740,,,,,
15308,09/16/25 18:45:00,29.715,,,,,
15309,09/16/25 19:00:00,29.765,,,,,
15310,09/16/25 19:15:00,29.790,,,,,
15311,09/16/25 19:30:00,29.865,,,,,
15312,09/16/25 19:45:00,29.890,,,,,
15313,09/16/25 20:00:00,29.765,,,,,
15314,09/16/25 20:15:00,29.715,,,,,
15315,09/16/25 20:30:00,29.715,,,,,
15316,09/16/25 20:45:00,29.715,,,,,
15317,09/16/25 21:00:00,29.715,,,,,
15318,09/16/25 21:15:00,29.740,,,,,
15319,09/16/25 21:30:00,29.740,,,,,
15320,09/16/25 21:45:00,29.765,,,,,
15321,09/16/25 22:00:00,29.815,,,,,
15322,09/16/25 22:15:00,29.865,,,,,
15323,09/16/25 22:30:00,29.840,,,,,
15324,09/16/25 22:45:00,29.765,,,,,
15325,09/16/25 23:00:00,29.765,,,,,
15326,09/16/25 23:15:00,29.765,,,,,
15327,09/16/25 23:30:00,29.815,,,,,
15328,09/16/25 23:45:00,29.815,,,,,
15329,09/17/25 00:00:00,29.815,,,,,
15330,09/17/25 00:15:00,29.815,,,,,
15331,09/17/25 00:30:00,29.840,,,,,
15332,09/17/25 00:45:00,29.765,,,,,
15333,09/17/25 01:00:00,29.790,,,,,
15334,09/17/25 01:15:00,29.790,,,,,
15335,09/17/25 01:30:00,29.765,,,,,
15336,09/17/25 01:45:00,29.790,,,,,
15337,09/17/25 02:00:00,29.790,,,,,
15338,09/17/25 02:15:00,29.790,,,,,
15339,09/17/25 02:30:00,29.815,,,,,
15340,09/17/25 02:45:00,29.740,,,,,
15341,09/17/25 03:00:00,29.665,,,,,
15342,09/17/25 03:15:00,29.665,,,,,
15343,09/17/25 03:30:00,29.690,,,,,
15344,09/17/25 03:45:00,29.690,,,,,
15345,09/17/25 04:00:00,29.690,,,,,
15346,09/17/25 04:15:00,29.715,,,,,
15347,09/17/25 04:30:00,29.740,,,,,
15348,09/17/25 04:45:00,29.690,,,,,
15349,09/17/25 05:00:00,29.715,,,,,
15350,09/17/25 05:15:00,29.740,,,,,
15351,09/17/25 05:30:00,29.740,,,,,
15352,09/17/25 05:45:00,29.765,,,,,
15353,09/17/25 06:00:00,29.765,,,,,
15354,09/17/25 06:15:00,29.765,,,,,
15355,09/17/25 06:30:00,29.765,,,,,
15356,09/17/25 06:45:00,29.765,,,,,
15357,09/17/25 07:00:00,29.765,,,,,
15358,09/17/25 07:15:00,29.765,,,,,
15359,09/17/25 07:30:00,29.740,,,,,
15360,09/17/25 07:45:00,29.765,,,,,
15361,09/17/25 08:00:00,29.765,,,,,
15362,09/17/25 08:15:00,29.790,,,,,
15363,09/17/25 08:30:00,29.790,,,,,
15364,09/17/25 08:45:00,29.840,,,,,
15365,09/17/25 09:00:00,29.840,,,,,
15366,09/17/25 09:15:00,29.840,,,,,
15367,09/17/25 09:30:00,29.840,,,,,
15368,09/17/25 09:45:00,29.840,,,,,
15369,09/17/25 10:00:00,29.815,,,,,
15370,09/17/25 10:15:00,29.840,,,,,
15371,09/17/25 10:30:00,29.840,,,,,
15372,09/17/25 10:45:00,29.840,,,,,
15373,09/17/25 11:00:00,29.840,,,,,
15374,09/17/25 11:15:00,29.840,,,,,
15375,09/17/25 11:30:00,29.840,,,,,
15376,09/17/25 11:45:00,29.840,,,,,
15377,09/17/25 12:00:00,29.815,,,,,
15378,09/17/25 12:15:00,29.815,,,,,
15379,09/17/25 12:30:00,29.840,,,,,
15380,09/17/25 12:45:00,29.840,,,,,
15381,09/17/25 13:00:00,29.840,,,,,
15382,09/17/25 13:15:00,29.840,,,,,
15383,09/17/25 13:30:00,29.865,,,,,
15384,09/17/25 13:45:00,29.865,,,,,
15385,09/17/25 14:00:00,29.865,,,,,
15386,09/17/25 14:15:00,29.890,,,,,
15387,09/17/25 14:30:00,29.890,,,,,
15388,09/17/25 14:45:00,29.890,,,,,
15389,09/17/25 15:00:00,29.890,,,,,
15390,09/17/25 15:15:00,29.890,,,,,
15391,09/17/25 15:30:00,29.865,,,,,
15392,09/17/25 15:45:00,29.865,,,,,
15393,09/17/25 16:00:00,29.815,,,,,
15394,09/17/25 16:15:00,29.790,,,,,
15395,09/17/25 16:30:00,29.740,,,,,
15396,09/17/25 16:45:00,29.690,,,,,
15397,09/17/25 17:00:00,29.690,,,,,
15398,09/17/25 17:15:00,29.740,,,,,
15399,09/17/25 17:30:00,29.765,,,,,
15400,09/17/25 17:45:00,29.790,,,,,
15401,09/17/25 18:00:00,29.815,,,,,
15402,09/17/25 18:15:00,29.815,,,,,
15403,09/17/25 18:30:00,29.715,,,,,
15404,09/17/25 18:45:00,29.740,,,,,
15405,09/17/25 19:00:00,29.665,,,,,
15406,09/17/25 19:15:00,29.715,,,,,
15407,09/17/25 19:30:00,29.740,,,,,
15408,09/17/25 19:45:00,29.690,,,,,
15409,09/17/25 20:00:00,29.590,,,,,
15410,09/17/25 20:15:00,29.690,,,,,
15411,09/17/25 20:30:00,29.665,,,,,
15412,09/17/25 20:45:00,29.715,,,,,
15413,09/17/25 21:00:00,29.715,,,,,
15414,09/17/25 21:15:00,29.765,,,,,
15415,09/17/25 21:30:00,29.765,,,,,
15416,09/17/25 21:45:00,29.765,,,,,
15417,09/17/25 22:00:00,29.790,,,,,
15418,09/17/25 22:15:00,29.815,,,,,
15419,09/17/25 22:30:00,29.865,,,,,
15420,09/17/25 22:45:00,29.890,,,,,
15421,09/17/25 23:00:00,29.916,,,,,
15422,09/17/25 23:15:00,29.890,,,,,
15423,09/17/25 23:30:00,29.890,,,,,
15424,09/17/25 23:45:00,29.865,,,,,
15425,09/18/25 00:00:00,29.865,,,,,
15426,09/18/25 00:15:00,29.865,,,,,
15427,09/18/25 00:30:00,29.865,,,,,
15428,09/18/25 00:45:00,29.865,,,,,
15429,09/18/25 01:00:00,29.815,,,,,
15430,09/18/25 01:15:00,29.790,,,,,
15431,09/18/25 01:30:00,29.815,,,,,
15432,09/18/25 01:45:00,29.865,,,,,
15433,09/18/25 02:00:00,29.865,,,,,
15434,09/18/25 02:15:00,29.815,,,,,
15435,09/18/25 02:30:00,29.765,,,,,
15436,09/18/25 02:45:00,29.815,,,,,
15437,09/18/25 03:00:00,29.790,,,,,
15438,09/18/25 03:15:00,29.790,,,,,
15439,09/18/25 03:30:00,29.815,,,,,
15440,09/18/25 03:45:00,29.790,,,,,
15441,09/18/25 04:00:00,29.665,,,,,
15442,09/18/25 04:15:00,29.640,,,,,
15443,09/18/25 04:30:00,29.640,,,,,
15444,09/18/25 04:45:00,29.665,,,,,
15445,09/18/25 05:00:00,29.665,,,,,
15446,09/18/25 05:15:00,29.615,,,,,
15447,09/18/25 05:30:00,29.615,,,,,
15448,09/18/25 05:45:00,29.640,,,,,
15449,09/18/25 06:00:00,29.690,,,,,
15450,09/18/25 06:15:00,29.690,,,,,
15451,09/18/25 06:30:00,29.665,,,,,
15452,09/18/25 06:45:00,29.615,,,,,
15453,09/18/25 07:00:00,29.615,,,,,
15454,09/18/25 07:15:00,29.640,,,,,
15455,09/18/25 07:30:00,29.665,,,,,
15456,09/18/25 07:45:00,29.615,,,,,
15457,09/18/25 08:00:00,29.615,,,,,
15458,09/18/25 08:15:00,29.615,,,,,
15459,09/18/25 08:30:00,29.640,,,,,
15460,09/18/25 08:45:00,29.665,,,,,
15461,09/18/25 09:00:00,29.665,,,,,
15462,09/18/25 09:15:00,29.665,,,,,
15463,09/18/25 09:30:00,29.665,,,,,
15464,09/18/25 09:45:00,29.715,,,,,
15465,09/18/25 10:00:00,29.740,,,,,
15466,09/18/25 10:15:00,29.765,,,,,
15467,09/18/25 10:30:00,29.765,,,,,
15468,09/18/25 10:45:00,29.765,,,,,
15469,09/18/25 11:00:00,29.790,,,,,
15470,09/18/25 11:15:00,29.790,,,,,
15471,09/18/25 11:30:00,29.790,,,,,
15472,09/18/25 11:45:00,29.790,,,,,
15473,09/18/25 12:00:00,29.790,,,,,
15474,09/18/25 12:15:00,29.790,,,,,
15475,09/18/25 12:30:00,29.790,,,,,
15476,09/18/25 12:45:00,29.790,,,,,
15477,09/18/25 13:00:00,29.790,,,,,
15478,09/18/25 13:15:00,29.790,,,,,
15479,09/18/25 13:30:00,29.815,,,,,
15480,09/18/25 13:45:00,29.815,,,,,
15481,09/18/25 14:00:00,29.840,,,,,
15482,09/18/25 14:15:00,29.840,,,,,
15483,09/18/25 14:30:00,29.840,,,,,
15484,09/18/25 14:45:00,29.840,,,,,
15485,09/18/25 15:00:00,29.840,,,,,
15486,09/18/25 15:15:00,29.865,,,,,
15487,09/18/25 15:30:00,29.865,,,,,
15488,09/18/25 15:45:00,29.865,,,,,
15489,09/18/25 16:00:00,29.865,,,,,
15490,09/18/25 16:15:00,29.865,,,,,
15491,09/18/25 16:30:00,29.865,,,,,
15492,09/18/25 16:45:00,29.865,,,,,
15493,09/18/25 17:00:00,29.865,,,,,
15494,09/18/25 17:15:00,29.865,,,,,
15495,09/18/25 17:30:00,29.865,,,,,
15496,09/18/25 17:45:00,29.865,,,,,
15497,09/18/25 18:00:00,29.865,,,,,
15498,09/18/25 18:15:00,29.865,,,,,
15499,09/18/25 18:30:00,29.865,,,,,
15500,09/18/25 18:45:00,29.865,,,,,
15501,09/18/25 19:00:00,29.865,,,,,
15502,09/18/25 19:15:00,29.865,,,,,
15503,09/18/25 19:30:00,29.865,,,,,
15504,09/18/25 19:45:00,29.865,,,,,
15505,09/18/25 20:00:00,29.865,,,,,
15506,09/18/25 20:15:00,29.865,,,,,
15507,09/18/25 20:30:00,29.840,,,,,
15508,09/18/25 20:45:00,29.840,,,,,
15509,09/18/25 21:00:00,29.815,,,,,
15510,09/18/25 21:15:00,29.815,,,,,
15511,09/18/25 21:30:00,29.790,,,,,
15512,09/18/25 21:45:00,29.790,,,,,
15513,09/18/25 22:00:00,29.765,,,,,
15514,09/18/25 22:15:00,29.740,,,,,
15515,09/18/25 22:30:00,29.690,,,,,
15516,09/18/25 22:45:00,29.665,,,,,
15517,09/18/25 23:00:00,29.665,,,,,
15518,09/18/25 23:15:00,29.665,,,,,
15519,09/18/25 23:30:00,29.690,,,,,
15520,09/18/25 23:45:00,29.690,,,,,
15521,09/19/25 00:00:00,29.640,,,,,
15522,09/19/25 00:15:00,29.640,,,,,
15523,09/19/25 00:30:00,29.640,,,,,
15524,09/19/25 00:45:00,29.590,,,,,
15525,09/19/25 01:00:00,29.464,,,,,
15526,09/19/25 01:15:00,29.389,,,,,
15527,09/19/25 01:30:00,29.389,,,,,
15528,09/19/25 01:45:00,29.365,,,,,
15529,09/19/25 02:00:00,29.389,,,,,
15530,09/19/25 02:15:00,29.389,,,,,
15531,09/19/25 02:30:00,29.464,,,,,
15532,09/19/25 02:45:00,29.464,,,,,
15533,09/19/25 03:00:00,29.464,,,,,
15534,09/19/25 03:15:00,29.464,,,,,
15535,09/19/25 03:30:00,29.464,,,,,
15536,09/19/25 03:45:00,29.490,,,,,
15537,09/19/25 04:00:00,29.490,,,,,
15538,09/19/25 04:15:00,29.490,,,,,
15539,09/19/25 04:30:00,29.464,,,,,
15540,09/19/25 04:45:00,29.464,,,,,
15541,09/19/25 05:00:00,29.464,,,,,
15542,09/19/25 05:15:00,29.439,,,,,
15543,09/19/25 05:30:00,29.439,,,,,
15544,09/19/25 05:45:00,29.439,,,,,
15545,09/19/25 06:00:00,29.464,,,,,
15546,09/19/25 06:15:00,29.464,,,,,
15547,09/19/25 06:30:00,29.464,,,,,
15548,09/19/25 06:45:00,29.464,,,,,
15549,09/19/25 07:00:00,29.464,,,,,
15550,09/19/25 07:15:00,29.490,,,,,
15551,09/19/25 07:30:00,29.515,,,,,
15552,09/19/25 07:45:00,29.515,,,,,
15553,09/19/25 08:00:00,29.590,,,,,
15554,09/19/25 08:15:00,29.665,,,,,
15555,09/19/25 08:30:00,29.690,,,,,
15556,09/19/25 08:45:00,29.715,,,,,
15557,09/19/25 09:00:00,29.715,,,,,
15558,09/19/25 09:15:00,29.715,,,,,
15559,09/19/25 09:30:00,29.715,,,,,
15560,09/19/25 09:45:00,29.715,,,,,
15561,09/19/25 10:00:00,29.715,,,,,
15562,09/19/25 10:15:00,29.740,,,,,
15563,09/19/25 10:30:00,29.740,,,,,
15564,09/19/25 10:45:00,29.765,,,,,
15565,09/19/25 11:00:00,29.765,,,,,
15566,09/19/25 11:15:00,29.740,,,,,
15567,09/19/25 11:30:00,29.765,,,,,
15568,09/19/25 11:45:00,29.765,,,,,
15569,09/19/25 12:00:00,29.765,,,,,
15570,09/19/25 12:15:00,29.765,,,,,
15571,09/19/25 12:30:00,29.740,,,,,
15572,09/19/25 12:45:00,29.740,,,,,
15573,09/19/25 13:00:00,29.740,,,,,
15574,09/19/25 13:15:00,29.740,,,,,
15575,09/19/25 13:30:00,29.740,,,,,
15576,09/19/25 13:45:00,29.740,,,,,
15577,09/19/25 14:00:00,29.740,,,,,
15578,09/19/25 14:15:00,29.740,,,,,
15579,09/19/25 14:30:00,29.740,,,,,
15580,09/19/25 14:45:00,29.765,,,,,
15581,09/19/25 15:00:00,29.765,,,,,
15582,09/19/25 15:15:00,29.765,,,,,
15583,09/19/25 15:30:00,29.765,,,,,
15584,09/19/25 15:45:00,29.740,,,,,
15585,09/19/25 16:00:00,29.740,,,,,
15586,09/19/25 16:15:00,29.740,,,,,
15587,09/19/25 16:30:00,29.740,,,,,
15588,09/19/25 16:45:00,29.740,,,,,
15589,09/19/25 17:00:00,29.740,,,,,
15590,09/19/25 17:15:00,29.740,,,,,
15591,09/19/25 17:30:00,29.740,,,,,
15592,09/19/25 17:45:00,29.740,,,,,
15593,09/19/25 18:00:00,29.740,,,,,
15594,09/19/25 18:15:00,29.740,,,,,
15595,09/19/25 18:30:00,29.740,,,,,
15596,09/19/25 18:45:00,29.740,,,,,
15597,09/19/25 19:00:00,29.740,,,,,
15598,09/19/25 19:15:00,29.740,,,,,
15599,09/19/25 19:30:00,29.765,,,,,
15600,09/19/25 19:45:00,29.790,,,,,
15601,09/19/25 20:00:00,29.790,,,,,
15602,09/19/25 20:15:00,29.790,,,,,
15603,09/19/25 20:30:00,29.815,,,,,
15604,09/19/25 20:45:00,29.815,,,,,
15605,09/19/25 21:00:00,29.790,,,,,
15606,09/19/25 21:15:00,29.815,,,,,
15607,09/19/25 21:30:00,29.790,,,,,
15608,09/19/25 21:45:00,29.840,,,,,
15609,09/19/25 22:00:00,29.890,,,,,
15610,09/19/25 22:15:00,29.916,,,,,
15611,09/19/25 22:30:00,29.916,,,,,
15612,09/19/25 22:45:00,29.865,,,,,
15613,09/19/25 23:00:00,29.865,,,,,
15614,09/19/25 23:15:00,29.865,,,,,
15615,09/19/25 23:30:00,29.865,,,,,
15616,09/19/25 23:45:00,29.865,,,,,
15617,09/20/25 00:00:00,29.865,,,,,
15618,09/20/25 00:15:00,29.865,,,,,
15619,09/20/25 00:30:00,29.865,,,,,
15620,09/20/25 00:45:00,29.865,,,,,
15621,09/20/25 01:00:00,29.865,,,,,
15622,09/20/25 01:15:00,29.840,,,,,
15623,09/20/25 01:30:00,29.790,,,,,
15624,09/20/25 01:45:00,29.765,,,,,
15625,09/20/25 02:00:00,29.765,,,,,
15626,09/20/25 02:15:00,29.765,,,,,
15627,09/20/25 02:30:00,29.790,,,,,
15628,09/20/25 02:45:00,29.790,,,,,
15629,09/20/25 03:00:00,29.765,,,,,
15630,09/20/25 03:15:00,29.765,,,,,
15631,09/20/25 03:30:00,29.765,,,,,
15632,09/20/25 03:45:00,29.740,,,,,
15633,09/20/25 04:00:00,29.740,,,,,
15634,09/20/25 04:15:00,29.715,,,,,
15635,09/20/25 04:30:00,29.715,,,,,
15636,09/20/25 04:45:00,29.715,,,,,
15637,09/20/25 05:00:00,29.715,,,,,
15638,09/20/25 05:15:00,29.715,,,,,
15639,09/20/25 05:30:00,29.740,,,,,
15640,09/20/25 05:45:00,29.740,,,,,
15641,09/20/25 06:00:00,29.740,,,,,
15642,09/20/25 06:15:00,29.740,,,,,
15643,09/20/25 06:30:00,29.740,,,,,
15644,09/20/25 06:45:00,29.740,,,,,
15645,09/20/25 07:00:00,29.740,,,,,
15646,09/20/25 07:15:00,29.740,,,,,
15647,09/20/25 07:30:00,29.740,,,,,
15648,09/20/25 07:45:00,29.740,,,,,
15649,09/20/25 08:00:00,29.715,,,,,
15650,09/20/25 08:15:00,29.690,,,,,
15651,09/20/25 08:30:00,29.640,,,,,
15652,09/20/25 08:45:00,29.615,,,,,
15653,09/20/25 09:00:00,29.615,,,,,
15654,09/20/25 09:15:00,29.640,,,,,
15655,09/20/25 09:30:00,29.665,,,,,
15656,09/20/25 09:45:00,29.690,,,,,
15657,09/20/25 10:00:00,29.715,,,,,
15658,09/20/25 10:15:00,29.715,,,,,
15659,09/20/25 10:30:00,29.740,,,,,
15660,09/20/25 10:45:00,29.765,,,,,
15661,09/20/25 11:00:00,29.790,,,,,
15662,09/20/25 11:15:00,29.840,,,,,
15663,09/20/25 11:30:00,29.916,,,,,
15664,09/20/25 11:45:00,29.865,,,,,
15665,09/20/25 12:00:00,29.865,,,,,
15666,09/20/25 12:15:00,29.890,,,,,
15667,09/20/25 12:30:00,29.916,,,,,
15668,09/20/25 12:45:00,29.941,,,,,
15669,09/20/25 13:00:00,29.941,,,,,
15670,09/20/25 13:15:00,29.916,,,,,
15671,09/20/25 13:30:00,29.890,,,,,
15672,09/20/25 13:45:00,29.890,,,,,
15673,09/20/25 14:00:00,29.890,,,,,
15674,09/20/25 14:15:00,29.916,,,,,
15675,09/20/25 14:30:00,29.916,,,,,
15676,09/20/25 14:45:00,29.941,,,,,
15677,09/20/25 15:00:00,29.966,,,,,
15678,09/20/25 15:15:00,29.966,,,,,
15679,09/20/25 15:30:00,29.890,,,,,
15680,09/20/25 15:45:00,29.840,,,,,
15681,09/20/25 16:00:00,29.840,,,,,
15682,09/20/25 16:15:00,29.840,,,,,
15683,09/20/25 16:30:00,29.840,,,,,
15684,09/20/25 16:45:00,29.840,,,,,
15685,09/20/25 17:00:00,29.840,,,,,
15686,09/20/25 17:15:00,29.840,,,,,
15687,09/20/25 17:30:00,29.865,,,,,
15688,09/20/25 17:45:00,29.865,,,,,
15689,09/20/25 18:00:00,29.840,,,,,
15690,09/20/25 18:15:00,29.840,,,,,
15691,09/20/25 18:30:00,29.840,,,,,
15692,09/20/25 18:45:00,29.840,,,,,
15693,09/20/25 19:00:00,29.815,,,,,
15694,09/20/25 19:15:00,29.790,,,,,
15695,09/20/25 19:30:00,29.790,,,,,
15696,09/20/25 19:45:00,29.790,,,,,
15697,09/20/25 20:00:00,29.790,,,,,
15698,09/20/25 20:15:00,29.790,,,,,
15699,09/20/25 20:30:00,29.790,,,,,
15700,09/20/25 20:45:00,29.815,,,,,
15701,09/20/25 21:00:00,29.815,,,,,
15702,09/20/25 21:15:00,29.815,,,,,
15703,09/20/25 21:30:00,29.815,,,,,
15704,09/20/25 21:45:00,29.840,,,,,
15705,09/20/25 22:00:00,29.840,,,,,
15706,09/20/25 22:15:00,29.840,,,,,
15707,09/20/25 22:30:00,29.865,,,,,
15708,09/20/25 22:45:00,29.840,,,,,
15709,09/20/25 23:00:00,29.865,,,,,
15710,09/20/25 23:15:00,29.865,,,,,
15711,09/20/25 23:30:00,29.890,,,,,
15712,09/20/25 23:45:00,29.966,,,,,
15713,09/21/25 00:00:00,30.016,,,,,
15714,09/21/25 00:15:00,30.041,,,,,
15715,09/21/25 00:30:00,30.016,,,,,
15716,09/21/25 00:45:00,29.941,,,,,
15717,09/21/25 01:00:00,29.916,,,,,
15718,09/21/25 01:15:00,29.890,,,,,
15719,09/21/25 01:30:00,29.865,,,,,
15720,09/21/25 01:45:00,29.840,,,,,
15721,09/21/25 02:00:00,29.815,,,,,
15722,09/21/25 02:15:00,29.815,,,,,
15723,09/21/25 02:30:00,29.815,,,,,
15724,09/21/25 02:45:00,29.815,,,,,
15725,09/21/25 03:00:00,29.815,,,,,
15726,09/21/25 03:15:00,29.840,,,,,
15727,09/21/25 03:30:00,29.865,,,,,
15728,09/21/25 03:45:00,29.916,,,,,
15729,09/21/25 04:00:00,29.941,,,,,
15730,09/21/25 04:15:00,29.966,,,,,
15731,09/21/25 04:30:00,29.966,,,,,
15732,09/21/25 04:45:00,29.991,,,,,
15733,09/21/25 05:00:00,29.991,,,,,
15734,09/21/25 05:15:00,30.016,,,,,
15735,09/21/25 05:30:00,30.016,,,,,
15736,09/21/25 05:45:00,30.016,,,,,
15737,09/21/25 06:00:00,30.016,,,,,
15738,09/21/25 06:15:00,29.991,,,,,
15739,09/21/25 06:30:00,29.991,,,,,
15740,09/21/25 06:45:00,29.991,,,,,
15741,09/21/25 07:00:00,30.016,,,,,
15742,09/21/25 07:15:00,30.016,,,,,
15743,09/21/25 07:30:00,30.016,,,,,
15744,09/21/25 07:45:00,30.016,,,,,
15745,09/21/25 08:00:00,30.016,,,,,
15746,09/21/25 08:15:00,30.016,,,,,
15747,09/21/25 08:30:00,30.016,,,,,
15748,09/21/25 08:45:00,30.041,,,,,
15749,09/21/25 09:00:00,30.041,,,,,
15750,09/21/25 09:15:00,30.041,,,,,
15751,09/21/25 09:30:00,30.066,,,,,
15752,09/21/25 09:45:00,30.066,,,,,
15753,09/21/25 10:00:00,30.066,,,,,
15754,09/21/25 10:15:00,30.066,,,,,
15755,09/21/25 10:30:00,30.041,,,,,
15756,09/21/25 10:45:00,30.041,,,,,
15757,09/21/25 11:00:00,30.066,,,,,
15758,09/21/25 11:15:00,30.066,,,,,
15759,09/21/25 11:30:00,30.091,,,,,
15760,09/21/25 11:45:00,30.066,,,,,
15761,09/21/25 12:00:00,30.066,,,,,
15762,09/21/25 12:15:00,30.041,,,,,
15763,09/21/25 12:30:00,30.016,,,,,
15764,09/21/25 12:45:00,30.016,,,,,
15765,09/21/25 13:00:00,30.016,,,,,
15766,09/21/25 13:15:00,30.016,,,,,
15767,09/21/25 13:30:00,30.016,,,,,
15768,09/21/25 13:45:00,30.016,,,,,
15769,09/21/25 14:00:00,29.991,,,,,
15770,09/21/25 14:15:00,29.991,,,,,
15771,09/21/25 14:30:00,29.991,,,,,
15772,09/21/25 14:45:00,29.991,,,,,
15773,09/21/25 15:00:00,29.991,,,,,
15774,09/21/25 15:15:00,29.991,,,,,
15775,09/21/25 15:30:00,29.966,,,,,
15776,09/21/25 15:45:00,29.966,,,,,
15777,09/21/25 16:00:00,29.966,,,,,
15778,09/21/25 16:15:00,30.041,,,,,
15779,09/21/25 16:30:00,30.167,,,,,
15780,09/21/25 16:45:00,30.217,,,,,
15781,09/21/25 17:00:00,29.916,,,,,
15782,09/21/25 17:15:00,29.916,,,,,
15783,09/21/25 17:30:00,30.243,,,,,
15784,09/21/25 17:45:00,30.293,,,,,
15785,09/21/25 18:00:00,30.293,,,,,
15786,09/21/25 18:15:00,30.268,,,,,
15787,09/21/25 18:30:00,30.268,,,,,
15788,09/21/25 18:45:00,30.268,,,,,
15789,09/21/25 19:00:00,30.268,,,,,
15790,09/21/25 19:15:00,30.243,,,,,
15791,09/21/25 19:30:00,30.243,,,,,
15792,09/21/25 19:45:00,30.217,,,,,
15793,09/21/25 20:00:00,30.217,,,,,
15794,09/21/25 20:15:00,30.217,,,,,
15795,09/21/25 20:30:00,30.192,,,,,
15796,09/21/25 20:45:00,30.192,,,,,
15797,09/21/25 21:00:00,30.192,,,,,
15798,09/21/25 21:15:00,30.192,,,,,
15799,09/21/25 21:30:00,30.041,,,,,
15800,09/21/25 21:45:00,29.991,,,,,
15801,09/21/25 22:00:00,30.016,,,,,
15802,09/21/25 22:15:00,30.066,,,,,
15803,09/21/25 22:30:00,30.091,,,,,
15804,09/21/25 22:45:00,30.091,,,,,
15805,09/21/25 23:00:00,30.066,,,,,
15806,09/21/25 23:15:00,30.041,,,,,
15807,09/21/25 23:30:00,30.041,,,,,
15808,09/21/25 23:45:00,30.016,,,,,
15809,09/22/25 00:00:00,29.991,,,,,
15810,09/22/25 00:15:00,29.991,,,,,
15811,09/22/25 00:30:00,29.966,,,,,
15812,09/22/25 00:45:00,29.966,,,,,
15813,09/22/25 01:00:00,29.991,,,,,
15814,09/22/25 01:15:00,29.991,,,,,
15815,09/22/25 01:30:00,29.966,,,,,
15816,09/22/25 01:45:00,29.966,,,,,
15817,09/22/25 02:00:00,29.941,,,,,
15818,09/22/25 02:15:00,29.941,,,,,
15819,09/22/25 02:30:00,29.941,,,,,
15820,09/22/25 02:45:00,29.941,,,,,
15821,09/22/25 03:00:00,29.941,,,,,
15822,09/22/25 03:15:00,29.941,,,,,
15823,09/22/25 03:30:00,29.916,,,,,
15824,09/22/25 03:45:00,29.916,,,,,
15825,09/22/25 04:00:00,29.916,,,,,
15826,09/22/25 04:15:00,29.916,,,,,
15827,09/22/25 04:30:00,29.916,,,,,
15828,09/22/25 04:45:00,29.916,,,,,
15829,09/22/25 05:00:00,29.916,,,,,
15830,09/22/25 05:15:00,29.916,,,,,
15831,09/22/25 05:30:00,29.916,,,,,
15832,09/22/25 05:45:00,29.916,,,,,
15833,09/22/25 06:00:00,29.916,,,,,
15834,09/22/25 06:15:00,29.916,,,,,
15835,09/22/25 06:30:00,29.916,,,,,
15836,09/22/25 06:45:00,29.890,,,,,
15837,09/22/25 07:00:00,29.890,,,,,
15838,09/22/25 07:15:00,29.890,,,,,
15839,09/22/25 07:30:00,29.916,,,,,
15840,09/22/25 07:45:00,29.890,,,,,
15841,09/22/25 08:00:00,29.890,,,,,
15842,09/22/25 08:15:00,29.890,,,,,
15843,09/22/25 08:30:00,29.916,,,,,
15844,09/22/25 08:45:00,29.916,,,,,
15845,09/22/25 09:00:00,29.941,,,,,
15846,09/22/25 09:15:00,29.941,,,,,
15847,09/22/25 09:30:00,29.916,,,,,
15848,09/22/25 09:45:00,29.941,,,,,
15849,09/22/25 10:00:00,29.916,,,,,
15850,09/22/25 10:15:00,29.916,,,,,
15851,09/22/25 10:30:00,29.916,,,,,
15852,09/22/25 10:45:00,29.941,,,,,
15853,09/22/25 11:00:00,29.916,,,,,
15854,09/22/25 11:15:00,29.916,,,,,
15855,09/22/25 11:30:00,29.916,,,,,
15856,09/22/25 11:45:00,29.941,,,,,
15857,09/22/25 12:00:00,29.941,,,,,
15858,09/22/25 12:15:00,29.941,,,,,
15859,09/22/25 12:30:00,29.941,,,,,
15860,09/22/25 12:45:00,29.941,,,,,
15861,09/22/25 13:00:00,29.941,,,,,
15862,09/22/25 13:15:00,29.941,,,,,
15863,09/22/25 13:30:00,29.941,,,,,
15864,09/22/25 13:45:00,29.916,,,,,
15865,09/22/25 14:00:00,29.916,,,,,
15866,09/22/25 14:15:00,29.916,,,,,
15867,09/22/25 14:30:00,29.916,,,,,
15868,09/22/25 14:45:00,29.916,,,,,
15869,09/22/25 15:00:00,29.916,,,,,
15870,09/22/25 15:15:00,29.916,,,,,
15871,09/22/25 15:30:00,29.941,,,,,
15872,09/22/25 15:45:00,29.941,,,,,
15873,09/22/25 16:00:00,29.941,,,,,
15874,09/22/25 16:15:00,29.941,,,,,
15875,09/22/25 16:30:00,29.941,,,,,
15876,09/22/25 16:45:00,29.941,,,,,
15877,09/22/25 17:00:00,29.941,,,,,
15878,09/22/25 17:15:00,29.941,,,,,
15879,09/22/25 17:30:00,29.941,,,,,
15880,09/22/25 17:45:00,29.941,,,,,
15881,09/22/25 18:00:00,29.916,,,,,
15882,09/22/25 18:15:00,29.916,,,,,
15883,09/22/25 18:30:00,29.916,,,,,
15884,09/22/25 18:45:00,29.916,,,,,
15885,09/22/25 19:00:00,29.890,,,,,
15886,09/22/25 19:15:00,29.890,,,,,
15887,09/22/25 19:30:00,29.890,,,,,
15888,09/22/25 19:45:00,29.890,,,,,
15889,09/22/25 20:00:00,29.890,,,,,
15890,09/22/25 20:15:00,29.890,,,,,
15891,09/22/25 20:30:00,29.890,,,,,
15892,09/22/25 20:45:00,29.865,,,,,
15893,09/22/25 21:00:00,29.865,,,,,
15894,09/22/25 21:15:00,29.865,,,,,
15895,09/22/25 21:30:00,29.865,,,,,
15896,09/22/25 21:45:00,29.865,,,,,
15897,09/22/25 22:00:00,29.865,,,,,
15898,09/22/25 22:15:00,29.865,,,,,
15899,09/22/25 22:30:00,29.890,,,,,
15900,09/22/25 22:45:00,29.890,,,,,
15901,09/22/25 23:00:00,29.890,,,,,
15902,09/22/25 23:15:00,29.941,,,,,
15903,09/22/25 23:30:00,30.016,,,,,
15904,09/22/25 23:45:00,29.916,,,,,
15905,09/23/25 00:00:00,29.916,,,,,
15906,09/23/25 00:15:00,29.916,,,,,
15907,09/23/25 00:30:00,29.916,,,,,
15908,09/23/25 00:45:00,29.941,,,,,
15909,09/23/25 01:00:00,29.966,,,,,
15910,09/23/25 01:15:00,29.941,,,,,
15911,09/23/25 01:30:00,29.966,,,,,
15912,09/23/25 01:45:00,29.966,,,,,
15913,09/23/25 02:00:00,30.016,,,,,
15914,09/23/25 02:15:00,30.041,,,,,
15915,09/23/25 02:30:00,30.016,,,,,
15916,09/23/25 02:45:00,29.941,,,,,
15917,09/23/25 03:00:00,29.916,,,,,
15918,09/23/25 03:15:00,29.916,,,,,
15919,09/23/25 03:30:00,29.916,,,,,
15920,09/23/25 03:45:00,29.916,,,,,
15921,09/23/25 04:00:00,29.890,,,,,
15922,09/23/25 04:15:00,29.916,,,,,
15923,09/23/25 04:30:00,29.916,,,,,
15924,09/23/25 04:45:00,29.916,,,,,
15925,09/23/25 05:00:00,29.916,,,,,
15926,09/23/25 05:15:00,29.890,,,,,
15927,09/23/25 05:30:00,29.890,,,,,
15928,09/23/25 05:45:00,29.890,,,,,
15929,09/23/25 06:00:00,29.890,,,,,
15930,09/23/25 06:15:00,29.865,,,,,
15931,09/23/25 06:30:00,29.890,,,,,
15932,09/23/25 06:45:00,29.890,,,,,
15933,09/23/25 07:00:00,29.865,,,,,
15934,09/23/25 07:15:00,29.865,,,,,
15935,09/23/25 07:30:00,29.941,,,,,
15936,09/23/25 07:45:00,29.916,,,,,
15937,09/23/25 08:00:00,29.941,,,,,
15938,09/23/25 08:15:00,29.966,,,,,
15939,09/23/25 08:30:00,29.941,,,,,
15940,09/23/25 08:45:00,29.865,,,,,
15941,09/23/25 09:00:00,29.790,,,,,
15942,09/23/25 09:15:00,29.815,,,,,
15943,09/23/25 09:30:00,29.790,,,,,
15944,09/23/25 09:45:00,29.815,,,,,
15945,09/23/25 10:00:00,29.790,,,,,
15946,09/23/25 10:15:00,29.815,,,,,
15947,09/23/25 10:30:00,29.890,,,,,
15948,09/23/25 10:45:00,29.916,,,,,
15949,09/23/25 11:00:00,29.941,,,,,
15950,09/23/25 11:15:00,29.991,,,,,
15951,09/23/25 11:30:00,30.016,,,,,
15952,09/23/25 11:45:00,30.016,,,,,
15953,09/23/25 12:00:00,30.041,,,,,
15954,09/23/25 12:15:00,30.041,,,,,
15955,09/23/25 12:30:00,30.041,,,,,
15956,09/23/25 12:45:00,30.066,,,,,
15957,09/23/25 13:00:00,30.066,,,,,
15958,09/23/25 13:15:00,30.066,,,,,
15959,09/23/25 13:30:00,30.041,,,,,
15960,09/23/25 13:45:00,30.041,,,,,
15961,09/23/25 14:00:00,30.066,,,,,
15962,09/23/25 14:15:00,30.066,,,,,
15963,09/23/25 14:30:00,30.041,,,,,
15964,09/23/25 14:45:00,30.041,,,,,
15965,09/23/25 15:00:00,30.041,,,,,
15966,09/23/25 15:15:00,30.066,,,,,
15967,09/23/25 15:30:00,30.066,,,,,
15968,09/23/25 15:45:00,30.041,,,,,
15969,09/23/25 16:00:00,30.041,,,,,
15970,09/23/25 16:15:00,30.016,,,,,
15971,09/23/25 16:30:00,30.016,,,,,
15972,09/23/25 16:45:00,30.016,,,,,
15973,09/23/25 17:00:00,30.041,,,,,
15974,09/23/25 17:15:00,30.041,,,,,
15975,09/23/25 17:30:00,30.041,,,,,
15976,09/23/25 17:45:00,30.016,,,,,
15977,09/23/25 18:00:00,30.016,,,,,
15978,09/23/25 18:15:00,30.016,,,,,
15979,09/23/25 18:30:00,30.016,,,,,
15980,09/23/25 18:45:00,30.016,,,,,
15981,09/23/25 19:00:00,30.016,,,,,
15982,09/23/25 19:15:00,30.016,,,,,
15983,09/23/25 19:30:00,30.016,,,,,
15984,09/23/25 19:45:00,30.016,,,,,
15985,09/23/25 20:00:00,30.041,,,,,
15986,09/23/25 20:15:00,30.041,,,,,
15987,09/23/25 20:30:00,30.041,,,,,
15988,09/23/25 20:45:00,30.041,,,,,
15989,09/23/25 21:00:00,30.016,,,,,
15990,09/23/25 21:15:00,30.016,,,,,
15991,09/23/25 21:30:00,30.016,,,,,
15992,09/23/25 21:45:00,30.016,,,,,
15993,09/23/25 22:00:00,30.016,,,,,
15994,09/23/25 22:15:00,30.016,,,,,
15995,09/23/25 22:30:00,30.016,,,,,
15996,09/23/25 22:45:00,30.016,,,,,
15997,09/23/25 23:00:00,30.016,,,,,
15998,09/23/25 23:15:00,30.016,,,,,
15999,09/23/25 23:30:00,30.016,,,,,
16000,09/23/25 23:45:00,30.016,,,,,
16001,09/24/25 00:00:00,30.016,,,,,
16002,09/24/25 00:15:00,30.016,,,,,
16003,09/24/25 00:30:00,30.016,,,,,
16004,09/24/25 00:45:00,30.016,,,,,
16005,09/24/25 01:00:00,30.016,,,,,
16006,09/24/25 01:15:00,30.016,,,,,
16007,09/24/25 01:30:00,30.016,,,,,
16008,09/24/25 01:45:00,30.016,,,,,
16009,09/24/25 02:00:00,30.016,,,,,
16010,09/24/25 02:15:00,30.016,,,,,
16011,09/24/25 02:30:00,30.016,,,,,
16012,09/24/25 02:45:00,30.016,,,,,
16013,09/24/25 03:00:00,30.016,,,,,
16014,09/24/25 03:15:00,30.016,,,,,
16015,09/24/25 03:30:00,29.991,,,,,
16016,09/24/25 03:45:00,29.991,,,,,
16017,09/24/25 04:00:00,30.016,,,,,
16018,09/24/25 04:15:00,30.016,,,,,
16019,09/24/25 04:30:00,30.016,,,,,
16020,09/24/25 04:45:00,30.016,,,,,
16021,09/24/25 05:00:00,30.016,,,,,
16022,09/24/25 05:15:00,30.016,,,,,
16023,09/24/25 05:30:00,29.991,,,,,
16024,09/24/25 05:45:00,29.991,,,,,
16025,09/24/25 06:00:00,29.991,,,,,
16026,09/24/25 06:15:00,29.991,,,,,
16027,09/24/25 06:30:00,29.991,,,,,
16028,09/24/25 06:45:00,29.991,,,,,
16029,09/24/25 07:00:00,29.991,,,,,
16030,09/24/25 07:15:00,29.991,,,,,
16031,09/24/25 07:30:00,30.016,,,,,
16032,09/24/25 07:45:00,30.016,,,,,
16033,09/24/25 08:00:00,30.016,,,,,
16034,09/24/25 08:15:00,29.991,,,,,
16035,09/24/25 08:30:00,29.991,,,,,
16036,09/24/25 08:45:00,30.016,,,,,
16037,09/24/25 09:00:00,30.016,,,,,
16038,09/24/25 09:15:00,30.016,,,,,
16039,09/24/25 09:30:00,30.016,,,,,
16040,09/24/25 09:45:00,30.016,,,,,
16041,09/24/25 10:00:00,30.016,,,,,
16042,09/24/25 10:15:00,30.016,,,,,
16043,09/24/25 10:30:00,30.016,,,,,
16044,09/24/25 10:45:00,30.016,,,,,
16045,09/24/25 11:00:00,30.016,,,,,
16046,09/24/25 11:15:00,30.016,,,,,
16047,09/24/25 11:30:00,30.041,,,,,
16048,09/24/25 11:45:00,30.041,,,,,
16049,09/24/25 12:00:00,30.041,,,,,
16050,09/24/25 12:15:00,30.041,,,,,
16051,09/24/25 12:30:00,30.041,,,,,
16052,09/24/25 12:45:00,30.041,,,,,
16053,09/24/25 13:00:00,29.991,,,,,
16054,09/24/25 13:15:00,29.991,,,,,
16055,09/24/25 13:30:00,29.991,,,,,
16056,09/24/25 13:45:00,29.966,,,,,
16057,09/24/25 14:00:00,29.941,,,,,
16058,09/24/25 14:15:00,29.941,,,,,
16059,09/24/25 14:30:00,29.966,,,,,
16060,09/24/25 14:45:00,29.966,,,,,
16061,09/24/25 15:00:00,29.966,,,,,
16062,09/24/25 15:15:00,29.966,,,,,
16063,09/24/25 15:30:00,29.966,,,,,
16064,09/24/25 15:45:00,29.991,,,,,
16065,09/24/25 16:00:00,29.991,,,,,
16066,09/24/25 16:15:00,30.016,,,,,
16067,09/24/25 16:30:00,30.016,,,,,
16068,09/24/25 16:45:00,29.991,,,,,
16069,09/24/25 17:00:00,29.966,,,,,
16070,09/24/25 17:15:00,29.966,,,,,
16071,09/24/25 17:30:00,29.966,,,,,
16072,09/24/25 17:45:00,29.966,,,,,
16073,09/24/25 18:00:00,29.966,,,,,
16074,09/24/25 18:15:00,29.966,,,,,
16075,09/24/25 18:30:00,29.941,,,,,
16076,09/24/25 18:45:00,29.941,,,,,
16077,09/24/25 19:00:00,29.941,,,,,
16078,09/24/25 19:15:00,29.941,,,,,
16079,09/24/25 19:30:00,29.941,,,,,
16080,09/24/25 19:45:00,29.941,,,,,
16081,09/24/25 20:00:00,29.941,,,,,
16082,09/24/25 20:15:00,29.890,,,,,
16083,09/24/25 20:30:00,29.890,,,,,
16084,09/24/25 20:45:00,29.840,,,,,
16085,09/24/25 21:00:00,29.865,,,,,
16086,09/24/25 21:15:00,29.865,,,,,
16087,09/24/25 21:30:00,29.890,,,,,
16088,09/24/25 21:45:00,29.890,,,,,
16089,09/24/25 22:00:00,29.890,,,,,
16090,09/24/25 22:15:00,29.865,,,,,
16091,09/24/25 22:30:00,29.865,,,,,
16092,09/24/25 22:45:00,29.840,,,,,
16093,09/24/25 23:00:00,29.840,,,,,
16094,09/24/25 23:15:00,29.740,,,,,
16095,09/24/25 23:30:00,29.690,,,,,
16096,09/24/25 23:45:00,29.690,,,,,
16097,09/25/25 00:00:00,29.690,,,,,
16098,09/25/25 00:15:00,29.690,,,,,
16099,09/25/25 00:30:00,29.640,,,,,
16100,09/25/25 00:45:00,29.615,,,,,
16101,09/25/25 01:00:00,29.565,,,,,
16102,09/25/25 01:15:00,29.665,,,,,
16103,09/25/25 01:30:00,29.765,,,,,
16104,09/25/25 01:45:00,29.765,,,,,
16105,09/25/25 02:00:00,29.740,,,,,
16106,09/25/25 02:15:00,29.715,,,,,
16107,09/25/25 02:30:00,29.715,,,,,
16108,09/25/25 02:45:00,29.715,,,,,
16109,09/25/25 03:00:00,29.715,,,,,
16110,09/25/25 03:15:00,29.715,,,,,
16111,09/25/25 03:30:00,29.690,,,,,
16112,09/25/25 03:45:00,29.690,,,,,
16113,09/25/25 04:00:00,29.690,,,,,
16114,09/25/25 04:15:00,29.690,,,,,
16115,09/25/25 04:30:00,29.665,,,,,
16116,09/25/25 04:45:00,29.665,,,,,
16117,09/25/25 05:00:00,29.665,,,,,
16118,09/25/25 05:15:00,29.665,,,,,
16119,09/25/25 05:30:00,29.640,,,,,
16120,09/25/25 05:45:00,29.640,,,,,
16121,09/25/25 06:00:00,29.640,,,,,
16122,09/25/25 06:15:00,29.615,,,,,
16123,09/25/25 06:30:00,29.540,,,,,
16124,09/25/25 06:45:00,29.590,,,,,
16125,09/25/25 07:00:00,29.615,,,,,
16126,09/25/25 07:15:00,29.615,,,,,
16127,09/25/25 07:30:00,29.590,,,,,
16128,09/25/25 07:45:00,29.590,,,,,
16129,09/25/25 08:00:00,29.590,,,,,
16130,09/25/25 08:15:00,29.590,,,,,
16131,09/25/25 08:30:00,29.615,,,,,
16132,09/25/25 08:45:00,29.615,,,,,
16133,09/25/25 09:00:00,29.640,,,,,
16134,09/25/25 09:15:00,29.640,,,,,
16135,09/25/25 09:30:00,29.665,,,,,
16136,09/25/25 09:45:00,29.690,,,,,
16137,09/25/25 10:00:00,29.715,,,,,
16138,09/25/25 10:15:00,29.740,,,,,
16139,09/25/25 10:30:00,29.740,,,,,
16140,09/25/25 10:45:00,29.765,,,,,
16141,09/25/25 11:00:00,29.765,,,,,
16142,09/25/25 11:15:00,29.790,,,,,
16143,09/25/25 11:30:00,29.815,,,,,
16144,09/25/25 11:45:00,29.840,,,,,
16145,09/25/25 12:00:00,29.865,,,,,
16146,09/25/25 12:15:00,29.890,,,,,
16147,09/25/25 12:30:00,29.916,,,,,
16148,09/25/25 12:45:00,29.966,,,,,
16149,09/25/25 13:00:00,29.991,,,,,
16150,09/25/25 13:15:00,30.016,,,,,
16151,09/25/25 13:30:00,30.066,,,,,
16152,09/25/25 13:45:00,30.066,,,,,
16153,09/25/25 14:00:00,30.091,,,,,
16154,09/25/25 14:15:00,30.091,,,,,
16155,09/25/25 14:30:00,30.117,,,,,
16156,09/25/25 14:45:00,30.117,,,,,
16157,09/25/25 15:00:00,30.117,,,,,
16158,09/25/25 15:15:00,30.117,,,,,
16159,09/25/25 15:30:00,30.117,,,,,
16160,09/25/25 15:45:00,30.091,,,,,
16161,09/25/25 16:00:00,30.091,,,,,
16162,09/25/25 16:15:00,30.066,,,,,
16163,09/25/25 16:30:00,30.066,,,,,
16164,09/25/25 16:45:00,30.091,,,,,
16165,09/25/25 17:00:00,30.117,,,,,
16166,09/25/25 17:15:00,30.117,,,,,
16167,09/25/25 17:30:00,30.142,,,,,
16168,09/25/25 17:45:00,30.142,,,,,
16169,09/25/25 18:00:00,30.142,,,,,
16170,09/25/25 18:15:00,30.117,,,,,
16171,09/25/25 18:30:00,30.117,,,,,
16172,09/25/25 18:45:00,30.117,,,,,
16173,09/25/25 19:00:00,30.117,,,,,
16174,09/25/25 19:15:00,30.117,,,,,
16175,09/25/25 19:30:00,30.117,,,,,
16176,09/25/25 19:45:00,30.117,,,,,
16177,09/25/25 20:00:00,30.117,,,,,
16178,09/25/25 20:15:00,30.117,,,,,
16179,09/25/25 20:30:00,30.117,,,,,
16180,09/25/25 20:45:00,30.117,,,,,
16181,09/25/25 21:00:00,30.117,,,,,
16182,09/25/25 21:15:00,30.091,,,,,
16183,09/25/25 21:30:00,30.091,,,,,
16184,09/25/25 21:45:00,30.066,,,,,
16185,09/25/25 22:00:00,30.066,,,,,
16186,09/25/25 22:15:00,30.066,,,,,
16187,09/25/25 22:30:00,30.066,,,,,
16188,09/25/25 22:45:00,30.066,,,,,
16189,09/25/25 23:00:00,30.066,,,,,
16190,09/25/25 23:15:00,30.066,,,,,
16191,09/25/25 23:30:00,30.066,,,,,
16192,09/25/25 23:45:00,30.091,,,,,
16193,09/26/25 00:00:00,30.066,,,,,
16194,09/26/25 00:15:00,30.066,,,,,
16195,09/26/25 00:30:00,30.066,,,,,
16196,09/26/25 00:45:00,30.066,,,,,
16197,09/26/25 01:00:00,30.066,,,,,
16198,09/26/25 01:15:00,30.091,,,,,
16199,09/26/25 01:30:00,30.091,,,,,
16200,09/26/25 01:45:00,30.091,,,,,
16201,09/26/25 02:00:00,30.066,,,,,
16202,09/26/25 02:15:00,30.066,,,,,
16203,09/26/25 02:30:00,30.041,,,,,
16204,09/26/25 02:45:00,30.041,,,,,
16205,09/26/25 03:00:00,30.041,,,,,
16206,09/26/25 03:15:00,30.016,,,,,
16207,09/26/25 03:30:00,30.016,,,,,
16208,09/26/25 03:45:00,29.941,,,,,
16209,09/26/25 04:00:00,29.941,,,,,
16210,09/26/25 04:15:00,29.941,,,,,
16211,09/26/25 04:30:00,29.941,,,,,
16212,09/26/25 04:45:00,29.966,,,,,
16213,09/26/25 05:00:00,29.941,,,,,
16214,09/26/25 05:15:00,29.941,,,,,
16215,09/26/25 05:30:00,29.916,,,,,
16216,09/26/25 05:45:00,29.916,,,,,
16217,09/26/25 06:00:00,29.916,,,,,
16218,09/26/25 06:15:00,29.941,,,,,
16219,09/26/25 06:30:00,29.941,,,,,
16220,09/26/25 06:45:00,29.941,,,,,
16221,09/26/25 07:00:00,29.941,,,,,
16222,09/26/25 07:15:00,29.966,,,,,
16223,09/26/25 07:30:00,29.966,,,,,
16224,09/26/25 07:45:00,29.966,,,,,
16225,09/26/25 08:00:00,29.966,,,,,
16226,09/26/25 08:15:00,29.941,,,,,
16227,09/26/25 08:30:00,29.916,,,,,
16228,09/26/25 08:45:00,29.941,,,,,
16229,09/26/25 09:00:00,29.966,,,,,
16230,09/26/25 09:15:00,29.966,,,,,
16231,09/26/25 09:30:00,29.966,,,,,
16232,09/26/25 09:45:00,29.966,,,,,
16233,09/26/25 10:00:00,29.941,,,,,
16234,09/26/25 10:15:00,29.916,,,,,
16235,09/26/25 10:30:00,29.916,,,,,
16236,09/26/25 10:45:00,29.941,,,,,
16237,09/26/25 11:00:00,29.966,,,,,
16238,09/26/25 11:15:00,29.991,,,,,
16239,09/26/25 11:30:00,29.991,,,,,
16240,09/26/25 11:45:00,29.991,,,,,
16241,09/26/25 12:00:00,29.991,,,,,
16242,09/26/25 12:15:00,29.991,,,,,
16243,09/26/25 12:30:00,29.966,,,,,
16244,09/26/25 12:45:00,29.966,,,,,
16245,09/26/25 13:00:00,29.991,,,,,
16246,09/26/25 13:15:00,29.991,,,,,
16247,09/26/25 13:30:00,29.991,,,,,
16248,09/26/25 13:45:00,29.966,,,,,
16249,09/26/25 14:00:00,29.966,,,,,
16250,09/26/25 14:15:00,29.966,,,,,
16251,09/26/25 14:30:00,29.966,,,,,
16252,09/26/25 14:45:00,29.966,,,,,
16253,09/26/25 15:00:00,29.966,,,,,
16254,09/26/25 15:15:00,29.966,,,,,
16255,09/26/25 15:30:00,29.941,,,,,
16256,09/26/25 15:45:00,29.966,,,,,
16257,09/26/25 16:00:00,29.991,,,,,
16258,09/26/25 16:15:00,30.016,,,,,
16259,09/26/25 16:30:00,30.041,,,,,
16260,09/26/25 16:45:00,30.066,,,,,
16261,09/26/25 17:00:00,30.066,,,,,
16262,09/26/25 17:15:00,30.041,,,,,
16263,09/26/25 17:30:00,29.966,,,,,
16264,09/26/25 17:45:00,29.966,,,,,
16265,09/26/25 18:00:00,29.941,,,,,
16266,09/26/25 18:15:00,29.966,,,,,
16267,09/26/25 18:30:00,29.941,,,,,
16268,09/26/25 18:45:00,29.941,,,,,
16269,09/26/25 19:00:00,29.941,,,,,
16270,09/26/25 19:15:00,29.941,,,,,
16271,09/26/25 19:30:00,29.941,,,,,
16272,09/26/25 19:45:00,29.941,,,,,
16273,09/26/25 20:00:00,29.941,,,,,
16274,09/26/25 20:15:00,29.916,,,,,
16275,09/26/25 20:30:00,29.941,,,,,
16276,09/26/25 20:45:00,29.966,,,,,
16277,09/26/25 21:00:00,29.966,,,,,
16278,09/26/25 21:15:00,29.991,,,,,
16279,09/26/25 21:30:00,29.991,,,,,
16280,09/26/25 21:45:00,29.966,,,,,
16281,09/26/25 22:00:00,29.966,,,,,
16282,09/26/25 22:15:00,29.941,,,,,
16283,09/26/25 22:30:00,29.941,,,,,
16284,09/26/25 22:45:00,29.941,,,,,
16285,09/26/25 23:00:00,29.941,,,,,
16286,09/26/25 23:15:00,29.941,,,,,
16287,09/26/25 23:30:00,29.941,,,,,
16288,09/26/25 23:45:00,29.941,,,,,
16289,09/27/25 00:00:00,29.916,,,,,
16290,09/27/25 00:15:00,29.941,,,,,
16291,09/27/25 00:30:00,29.941,,,,,
16292,09/27/25 00:45:00,29.941,,,,,
16293,09/27/25 01:00:00,29.941,,,,,
16294,09/27/25 01:15:00,29.941,,,,,
16295,09/27/25 01:30:00,29.941,,,,,
16296,09/27/25 01:45:00,29.941,,,,,
16297,09/27/25 02:00:00,29.941,,,,,
16298,09/27/25 02:15:00,29.941,,,,,
16299,09/27/25 02:30:00,29.941,,,,,
16300,09/27/25 02:45:00,29.916,,,,,
16301,09/27/25 03:00:00,29.941,,,,,
16302,09/27/25 03:15:00,29.941,,,,,
16303,09/27/25 03:30:00,29.941,,,,,
16304,09/27/25 03:45:00,29.941,,,,,
16305,09/27/25 04:00:00,29.941,,,,,
16306,09/27/25 04:15:00,29.941,,,,,
16307,09/27/25 04:30:00,29.916,,,,,
16308,09/27/25 04:45:00,29.916,,,,,
16309,09/27/25 05:00:00,29.890,,,,,
16310,09/27/25 05:15:00,29.890,,,,,
16311,09/27/25 05:30:00,29.865,,,,,
16312,09/27/25 05:45:00,29.865,,,,,
16313,09/27/25 06:00:00,29.840,,,,,
16314,09/27/25 06:15:00,29.815,,,,,
16315,09/27/25 06:30:00,29.815,,,,,
16316,09/27/25 06:45:00,29.840,,,,,
16317,09/27/25 07:00:00,29.865,,,,,
16318,09/27/25 07:15:00,29.890,,,,,
16319,09/27/25 07:30:00,29.916,,,,,
16320,09/27/25 07:45:00,29.941,,,,,
16321,09/27/25 08:00:00,29.941,,,,,
16322,09/27/25 08:15:00,29.941,,,,,
16323,09/27/25 08:30:00,29.941,,,,,
16324,09/27/25 08:45:00,29.941,,,,,
16325,09/27/25 09:00:00,29.916,,,,,
16326,09/27/25 09:15:00,29.865,,,,,
16327,09/27/25 09:30:00,29.890,,,,,
16328,09/27/25 09:45:00,29.890,,,,,
16329,09/27/25 10:00:00,29.890,,,,,
16330,09/27/25 10:15:00,29.890,,,,,
16331,09/27/25 10:30:00,29.890,,,,,
16332,09/27/25 10:45:00,29.865,,,,,
16333,09/27/25 11:00:00,29.890,,,,,
16334,09/27/25 11:15:00,29.916,,,,,
16335,09/27/25 11:30:00,29.916,,,,,
16336,09/27/25 11:45:00,29.941,,,,,
16337,09/27/25 12:00:00,29.941,,,,,
16338,09/27/25 12:15:00,29.966,,,,,
16339,09/27/25 12:30:00,29.991,,,,,
16340,09/27/25 12:45:00,29.991,,,,,
16341,09/27/25 13:00:00,29.966,,,,,
16342,09/27/25 13:15:00,29.966,,,,,
16343,09/27/25 13:30:00,30.016,,,,,
16344,09/27/25 13:45:00,30.066,,,,,
16345,09/27/25 14:00:00,30.091,,,,,
16346,09/27/25 14:15:00,30.142,,,,,
16347,09/27/25 14:30:00,30.167,,,,,
16348,09/27/25 14:45:00,30.167,,,,,
16349,09/27/25 15:00:00,30.041,,,,,
16350,09/27/25 15:15:00,30.142,,,,,
16351,09/27/25 15:30:00,30.167,,,,,
16352,09/27/25 15:45:00,30.091,,,,,
16353,09/27/25 16:00:00,30.142,,,,,
16354,09/27/25 16:15:00,30.142,,,,,
16355,09/27/25 16:30:00,30.192,,,,,
16356,09/27/25 16:45:00,30.016,,,,,
16357,09/27/25 17:00:00,30.016,,,,,
16358,09/27/25 17:15:00,30.066,,,,,
16359,09/27/25 17:30:00,30.091,,,,,
16360,09/27/25 17:45:00,30.091,,,,,
16361,09/27/25 18:00:00,30.091,,,,,
16362,09/27/25 18:15:00,30.066,,,,,
16363,09/27/25 18:30:00,30.041,,,,,
16364,09/27/25 18:45:00,30.016,,,,,
16365,09/27/25 19:00:00,29.991,,,,,
16366,09/27/25 19:15:00,30.016,,,,,
16367,09/27/25 19:30:00,30.016,,,,,
16368,09/27/25 19:45:00,30.016,,,,,
16369,09/27/25 20:00:00,30.016,,,,,
16370,09/27/25 20:15:00,30.041,,,,,
16371,09/27/25 20:30:00,30.066,,,,,
16372,09/27/25 20:45:00,30.066,,,,,
16373,09/27/25 21:00:00,30.091,,,,,
16374,09/27/25 21:15:00,30.117,,,,,
16375,09/27/25 21:30:00,30.091,,,,,
16376,09/27/25 21:45:00,30.066,,,,,
16377,09/27/25 22:00:00,30.066,,,,,
16378,09/27/25 22:15:00,30.066,,,,,
16379,09/27/25 22:30:00,30.041,,,,,
16380,09/27/25 22:45:00,30.041,,,,,
16381,09/27/25 23:00:00,30.016,,,,,
16382,09/27/25 23:15:00,30.016,,,,,
16383,09/27/25 23:30:00,30.016,,,,,
16384,09/27/25 23:45:00,30.016,,,,,
16385,09/28/25 00:00:00,30.016,,,,,
16386,09/28/25 00:15:00,30.016,,,,,
16387,09/28/25 00:30:00,29.991,,,,,
16388,09/28/25 00:45:00,29.991,,,,,
16389,09/28/25 01:00:00,29.991,,,,,
16390,09/28/25 01:15:00,29.991,,,,,
16391,09/28/25 01:30:00,29.991,,,,,
16392,09/28/25 01:45:00,29.991,,,,,
16393,09/28/25 02:00:00,29.966,,,,,
16394,09/28/25 02:15:00,29.991,,,,,
16395,09/28/25 02:30:00,29.991,,,,,
16396,09/28/25 02:45:00,29.991,,,,,
16397,09/28/25 03:00:00,29.991,,,,,
16398,09/28/25 03:15:00,29.991,,,,,
16399,09/28/25 03:30:00,30.016,,,,,
16400,09/28/25 03:45:00,29.991,,,,,
16401,09/28/25 04:00:00,30.016,,,,,
16402,09/28/25 04:15:00,29.991,,,,,
16403,09/28/25 04:30:00,30.016,,,,,
16404,09/28/25 04:45:00,29.991,,,,,
16405,09/28/25 05:00:00,30.016,,,,,
16406,09/28/25 05:15:00,29.991,,,,,
16407,09/28/25 05:30:00,29.991,,,,,
16408,09/28/25 05:45:00,30.016,,,,,
16409,09/28/25 06:00:00,29.991,,,,,
16410,09/28/25 06:15:00,29.991,,,,,
16411,09/28/25 06:30:00,29.966,,,,,
16412,09/28/25 06:45:00,29.941,,,,,
16413,09/28/25 07:00:00,29.916,,,,,
16414,09/28/25 07:15:00,29.941,,,,,
16415,09/28/25 07:30:00,29.941,,,,,
16416,09/28/25 07:45:00,29.941,,,,,
16417,09/28/25 08:00:00,29.916,,,,,
16418,09/28/25 08:15:00,29.916,,,,,
16419,09/28/25 08:30:00,29.916,,,,,
16420,09/28/25 08:45:00,29.916,,,,,
16421,09/28/25 09:00:00,29.916,,,,,
16422,09/28/25 09:15:00,29.916,,,,,
16423,09/28/25 09:30:00,29.941,,,,,
16424,09/28/25 09:45:00,29.941,,,,,
16425,09/28/25 10:00:00,29.966,,,,,
16426,09/28/25 10:15:00,29.991,,,,,
16427,09/28/25 10:30:00,30.016,,,,,
16428,09/28/25 10:45:00,30.016,,,,,
16429,09/28/25 11:00:00,30.041,,,,,
16430,09/28/25 11:15:00,30.041,,,,,
16431,09/28/25 11:30:00,30.041,,,,,
16432,09/28/25 11:45:00,30.041,,,,,
16433,09/28/25 12:00:00,30.016,,,,,
16434,09/28/25 12:15:00,30.041,,,,,
16435,09/28/25 12:30:00,30.041,,,,,
16436,09/28/25 12:45:00,30.066,,,,,
16437,09/28/25 13:00:00,30.041,,,,,
16438,09/28/25 13:15:00,30.016,,,,,
16439,09/28/25 13:30:00,30.016,,,,,
16440,09/28/25 13:45:00,29.991,,,,,
16441,09/28/25 14:00:00,29.991,,,,,
16442,09/28/25 14:15:00,29.991,,,,,
16443,09/28/25 14:30:00,29.991,,,,,
16444,09/28/25 14:45:00,29.991,,,,,
16445,09/28/25 15:00:00,29.991,,,,,
16446,09/28/25 15:15:00,29.991,,,,,
16447,09/28/25 15:30:00,29.991,,,,,
16448,09/28/25 15:45:00,29.991,,,,,
16449,09/28/25 16:00:00,29.991,,,,,
16450,09/28/25 16:15:00,29.991,,,,,
16451,09/28/25 16:30:00,29.991,,,,,
16452,09/28/25 16:45:00,29.966,,,,,
16453,09/28/25 17:00:00,29.991,,,,,
16454,09/28/25 17:15:00,29.966,,,,,
16455,09/28/25 17:30:00,29.941,,,,,
16456,09/28/25 17:45:00,29.941,,,,,
16457,09/28/25 18:00:00,29.966,,,,,
16458,09/28/25 18:15:00,29.941,,,,,
16459,09/28/25 18:30:00,29.941,,,,,
16460,09/28/25 18:45:00,29.941,,,,,
16461,09/28/25 19:00:00,29.941,,,,,
16462,09/28/25 19:15:00,29.941,,,,,
16463,09/28/25 19:30:00,29.941,,,,,
16464,09/28/25 19:45:00,29.941,,,,,
16465,09/28/25 20:00:00,29.941,,,,,
16466,09/28/25 20:15:00,29.966,,,,,
16467,09/28/25 20:30:00,29.966,,,,,
16468,09/28/25 20:45:00,29.966,,,,,
16469,09/28/25 21:00:00,29.966,,,,,
16470,09/28/25 21:15:00,29.966,,,,,
16471,09/28/25 21:30:00,29.991,,,,,
16472,09/28/25 21:45:00,29.991,,,,,
16473,09/28/25 22:00:00,29.991,,,,,
16474,09/28/25 22:15:00,30.016,,,,,
16475,09/28/25 22:30:00,30.016,,,,,
16476,09/28/25 22:45:00,30.016,,,,,
16477,09/28/25 23:00:00,30.016,,,,,
16478,09/28/25 23:15:00,30.016,,,,,
16479,09/28/25 23:30:00,30.016,,,,,
16480,09/28/25 23:45:00,30.016,,,,,
16481,09/29/25 00:00:00,30.016,,,,,
16482,09/29/25 00:15:00,30.016,,,,,
16483,09/29/25 00:30:00,30.016,,,,,
16484,09/29/25 00:45:00,30.016,,,,,
16485,09/29/25 01:00:00,30.016,,,,,
16486,09/29/25 01:15:00,29.991,,,,,
16487,09/29/25 01:30:00,29.991,,,,,
16488,09/29/25 01:45:00,29.966,,,,,
16489,09/29/25 02:00:00,29.966,,,,,
16490,09/29/25 02:15:00,29.941,,,,,
16491,09/29/25 02:30:00,29.941,,,,,
16492,09/29/25 02:45:00,29.916,,,,,
16493,09/29/25 03:00:00,29.916,,,,,
16494,09/29/25 03:15:00,29.916,,,,,
16495,09/29/25 03:30:00,29.890,,,,,
16496,09/29/25 03:45:00,29.890,,,,,
16497,09/29/25 04:00:00,29.916,,,,,
16498,09/29/25 04:15:00,29.916,,,,,
16499,09/29/25 04:30:00,29.890,,,,,
16500,09/29/25 04:45:00,29.890,,,,,
16501,09/29/25 05:00:00,29.890,,,,,
16502,09/29/25 05:15:00,29.890,,,,,
16503,09/29/25 05:30:00,29.890,,,,,
16504,09/29/25 05:45:00,29.890,,,,,
16505,09/29/25 06:00:00,29.890,,,,,
16506,09/29/25 06:15:00,29.865,,,,,
16507,09/29/25 06:30:00,29.865,,,,,
16508,09/29/25 06:45:00,29.865,,,,,
16509,09/29/25 07:00:00,29.865,,,,,
16510,09/29/25 07:15:00,29.865,,,,,
16511,09/29/25 07:30:00,29.865,,,,,
16512,09/29/25 07:45:00,29.865,,,,,
16513,09/29/25 08:00:00,29.840,,,,,
16514,09/29/25 08:15:00,29.840,,,,,
16515,09/29/25 08:30:00,29.840,,,,,
16516,09/29/25 08:45:00,29.865,,,,,
16517,09/29/25 09:00:00,29.865,,,,,
16518,09/29/25 09:15:00,29.890,,,,,
16519,09/29/25 09:30:00,29.865,,,,,
16520,09/29/25 09:45:00,29.890,,,,,
16521,09/29/25 10:00:00,29.865,,,,,
16522,09/29/25 10:15:00,29.890,,,,,
16523,09/29/25 10:30:00,29.890,,,,,
16524,09/29/25 10:45:00,29.916,,,,,
16525,09/29/25 11:00:00,29.941,,,,,
16526,09/29/25 11:15:00,29.966,,,,,
16527,09/29/25 11:30:00,29.991,,,,,
16528,09/29/25 11:45:00,29.966,,,,,
16529,09/29/25 12:00:00,29.991,,,,,
16530,09/29/25 12:15:00,30.016,,,,,
16531,09/29/25 12:30:00,30.041,,,,,
16532,09/29/25 12:45:00,30.041,,,,,
16533,09/29/25 13:00:00,30.041,,,,,
16534,09/29/25 13:15:00,30.041,,,,,
16535,09/29/25 13:30:00,30.016,,,,,
16536,09/29/25 13:45:00,30.016,,,,,
16537,09/29/25 14:00:00,30.016,,,,,
16538,09/29/25 14:15:00,30.041,,,,,
16539,09/29/25 14:30:00,30.041,,,,,
16540,09/29/25 14:45:00,30.041,,,,,
16541,09/29/25 15:00:00,30.066,,,,,
16542,09/29/25 15:15:00,30.066,,,,,
16543,09/29/25 15:30:00,30.066,,,,,
16544,09/29/25 15:45:00,30.066,,,,,
16545,09/29/25 16:00:00,30.041,,,,,
16546,09/29/25 16:15:00,30.016,,,,,
16547,09/29/25 16:30:00,29.991,,,,,
16548,09/29/25 16:45:00,29.966,,,,,
16549,09/29/25 17:00:00,29.966,,,,,
16550,09/29/25 17:15:00,29.941,,,,,
16551,09/29/25 17:30:00,29.941,,,,,
16552,09/29/25 17:45:00,29.941,,,,,
16553,09/29/25 18:00:00,29.941,,,,,
16554,09/29/25 18:15:00,29.941,,,,,
16555,09/29/25 18:30:00,29.941,,,,,
16556,09/29/25 18:45:00,29.941,,,,,
16557,09/29/25 19:00:00,29.941,,,,,
16558,09/29/25 19:15:00,29.941,,,,,
16559,09/29/25 19:30:00,29.941,,,,,
16560,09/29/25 19:45:00,29.941,,,,,
16561,09/29/25 20:00:00,29.941,,,,,
16562,09/29/25 20:15:00,29.941,,,,,
16563,09/29/25 20:30:00,29.941,,,,,
16564,09/29/25 20:45:00,29.941,,,,,
16565,09/29/25 21:00:00,29.916,,,,,
16566,09/29/25 21:15:00,29.916,,,,,
16567,09/29/25 21:30:00,29.916,,,,,
16568,09/29/25 21:45:00,29.916,,,,,
16569,09/29/25 22:00:00,29.916,,,,,
16570,09/29/25 22:15:00,29.916,,,,,
16571,09/29/25 22:30:00,29.916,,,,,
16572,09/29/25 22:45:00,29.916,,,,,
16573,09/29/25 23:00:00,29.916,,,,,
16574,09/29/25 23:15:00,29.916,,,,,
16575,09/29/25 23:30:00,29.916,,,,,
16576,09/29/25 23:45:00,29.916,,,,,
16577,09/30/25 00:00:00,29.916,,,,,
16578,09/30/25 00:15:00,29.941,,,,,
16579,09/30/25 00:30:00,29.941,,,,,
16580,09/30/25 00:45:00,29.916,,,,,
16581,09/30/25 01:00:00,29.916,,,,,
16582,09/30/25 01:15:00,29.916,,,,,
16583,09/30/25 01:30:00,29.916,,,,,
16584,09/30/25 01:45:00,29.916,,,,,
16585,09/30/25 02:00:00,29.916,,,,,
16586,09/30/25 02:15:00,29.916,,,,,
16587,09/30/25 02:30:00,29.916,,,,,
16588,09/30/25 02:45:00,29.916,,,,,
16589,09/30/25 03:00:00,29.916,,,,,
16590,09/30/25 03:15:00,29.916,,,,,
16591,09/30/25 03:30:00,29.916,,,,,
16592,09/30/25 03:45:00,29.916,,,,,
16593,09/30/25 04:00:00,29.890,,,,,
16594,09/30/25 04:15:00,29.916,,,,,
16595,09/30/25 04:30:00,29.916,,,,,
16596,09/30/25 04:45:00,29.890,,,,,
16597,09/30/25 05:00:00,29.890,,,,,
16598,09/30/25 05:15:00,29.890,,,,,
16599,09/30/25 05:30:00,29.916,,,,,
16600,09/30/25 05:45:00,29.916,,,,,
16601,09/30/25 06:00:00,29.916,,,,,
16602,09/30/25 06:15:00,29.865,,,,,
16603,09/30/25 06:30:00,29.890,,,,,
16604,09/30/25 06:45:00,29.890,,,,,
16605,09/30/25 07:00:00,29.916,,,,,
16606,09/30/25 07:15:00,29.916,,,,,
16607,09/30/25 07:30:00,29.916,,,,,
16608,09/30/25 07:45:00,29.916,,,,,
16609,09/30/25 08:00:00,29.916,,,,,
16610,09/30/25 08:15:00,29.916,,,,,
16611,09/30/25 08:30:00,29.941,,,,,
16612,09/30/25 08:45:00,29.941,,,,,
16613,09/30/25 09:00:00,29.941,,,,,
16614,09/30/25 09:15:00,29.941,,,,,
16615,09/30/25 09:30:00,29.966,,,,,
16616,09/30/25 09:45:00,29.966,,,,,
16617,09/30/25 10:00:00,29.991,,,,,
16618,09/30/25 10:15:00,29.991,,,,,
16619,09/30/25 10:30:00,29.991,,,,,
16620,09/30/25 10:45:00,29.991,,,,,
16621,09/30/25 11:00:00,29.991,,,,,
16622,09/30/25 11:15:00,30.016,,,,,
16623,09/30/25 11:30:00,30.016,,,,,
16624,09/30/25 11:45:00,30.041,,,,,
16625,09/30/25 12:00:00,30.041,,,,,
16626,09/30/25 12:15:00,30.066,,,,,
16627,09/30/25 12:30:00,30.041,,,,,
16628,09/30/25 12:45:00,30.041,,,,,
16629,09/30/25 13:00:00,30.066,,,,,
16630,09/30/25 13:15:00,30.066,,,,,
16631,09/30/25 13:30:00,30.066,,,,,
16632,09/30/25 13:45:00,30.066,,,,,
16633,09/30/25 14:00:00,30.066,,,,,
16634,09/30/25 14:15:00,30.066,,,,,
16635,09/30/25 14:30:00,30.041,,,,,
16636,09/30/25 14:45:00,30.041,,,,,
16637,09/30/25 15:00:00,30.041,,,,,
16638,09/30/25 15:15:00,30.066,,,,,
16639,09/30/25 15:30:00,30.016,,,,,
16640,09/30/25 15:45:00,30.041,,,,,
16641,09/30/25 16:00:00,30.016,,,,,
16642,09/30/25 16:15:00,29.991,,,,,
16643,09/30/25 16:30:00,29.991,,,,,
16644,09/30/25 16:45:00,29.991,,,,,
16645,09/30/25 17:00:00,29.966,,,,,
16646,09/30/25 17:15:00,29.966,,,,,
16647,09/30/25 17:30:00,29.941,,,,,
16648,09/30/25 17:45:00,29.941,,,,,
16649,09/30/25 18:00:00,29.941,,,,,
16650,09/30/25 18:15:00,29.941,,,,,
16651,09/30/25 18:30:00,29.941,,,,,
16652,09/30/25 18:45:00,29.966,,,,,
16653,09/30/25 19:00:00,29.966,,,,,
16654,09/30/25 19:15:00,29.991,,,,,
16655,09/30/25 19:30:00,29.991,,,,,
16656,09/30/25 19:45:00,29.991,,,,,
16657,09/30/25 20:00:00,29.966,,,,,
16658,09/30/25 20:15:00,29.991,,,,,
16659,09/30/25 20:30:00,29.991,,,,,
16660,09/30/25 20:45:00,29.991,,,,,
16661,09/30/25 21:00:00,29.991,,,,,
16662,09/30/25 21:15:00,29.991,,,,,
16663,09/30/25 21:30:00,29.991,,,,,
16664,09/30/25 21:45:00,29.991,,,,,
16665,09/30/25 22:00:00,29.991,,,,,
16666,09/30/25 22:15:00,29.991,,,,,
16667,09/30/25 22:30:00,29.991,,,,,
16668,09/30/25 22:45:00,30.016,,,,,
16669,09/30/25 23:00:00,30.016,,,,,
16670,09/30/25 23:15:00,30.016,,,,,
16671,09/30/25 23:30:00,30.016,,,,,
16672,09/30/25 23:45:00,29.991,,,,,
16673,10/01/25 00:00:00,29.991,,,,,
16674,10/01/25 00:15:00,29.991,,,,,
16675,10/01/25 00:30:00,29.991,,,,,
16676,10/01/25 00:45:00,29.991,,,,,
16677,10/01/25 01:00:00,29.991,,,,,
16678,10/01/25 01:15:00,29.966,,,,,
16679,10/01/25 01:30:00,29.991,,,,,
16680,10/01/25 01:45:00,29.991,,,,,
16681,10/01/25 02:00:00,29.991,,,,,
16682,10/01/25 02:15:00,29.991,,,,,
16683,10/01/25 02:30:00,29.991,,,,,
16684,10/01/25 02:45:00,29.991,,,,,
16685,10/01/25 03:00:00,29.991,,,,,
16686,10/01/25 03:15:00,29.991,,,,,
16687,10/01/25 03:30:00,29.991,,,,,
16688,10/01/25 03:45:00,29.991,,,,,
16689,10/01/25 04:00:00,29.991,,,,,
16690,10/01/25 04:15:00,29.991,,,,,
16691,10/01/25 04:30:00,29.991,,,,,
16692,10/01/25 04:45:00,29.991,,,,,
16693,10/01/25 05:00:00,29.991,,,,,
16694,10/01/25 05:15:00,29.991,,,,,
16695,10/01/25 05:30:00,29.991,,,,,
16696,10/01/25 05:45:00,30.016,,,,,
16697,10/01/25 06:00:00,29.991,,,,,
16698,10/01/25 06:15:00,30.016,,,,,
16699,10/01/25 06:30:00,30.041,,,,,
16700,10/01/25 06:45:00,30.041,,,,,
16701,10/01/25 07:00:00,30.016,,,,,
16702,10/01/25 07:15:00,30.016,,,,,
16703,10/01/25 07:30:00,30.016,,,,,
16704,10/01/25 07:45:00,30.016,,,,,
16705,10/01/25 08:00:00,30.016,,,,,
16706,10/01/25 08:15:00,30.016,,,,,
16707,10/01/25 08:30:00,30.016,,,,,
16708,10/01/25 08:45:00,30.016,,,,,
16709,10/01/25 09:00:00,29.991,,,,,
16710,10/01/25 09:15:00,29.991,,,,,
16711,10/01/25 09:30:00,30.016,,,,,
16712,10/01/25 09:45:00,30.016,,,,,
16713,10/01/25 10:00:00,29.991,,,,,
16714,10/01/25 10:15:00,29.991,,,,,
16715,10/01/25 10:30:00,29.966,,,,,
16716,10/01/25 10:45:00,29.966,,,,,
16717,10/01/25 11:00:00,29.941,,,,,
16718,10/01/25 11:15:00,29.941,,,,,
16719,10/01/25 11:30:00,29.966,,,,,
16720,10/01/25 11:45:00,29.941,,,,,
16721,10/01/25 12:00:00,29.991,,,,,
16722,10/01/25 12:15:00,29.966,,,,,
16723,10/01/25 12:30:00,29.966,,,,,
16724,10/01/25 12:45:00,29.991,,,,,
16725,10/01/25 13:00:00,29.991,,,,,
16726,10/01/25 13:15:00,29.966,,,,,
16727,10/01/25 13:30:00,29.941,,,,,
16728,10/01/25 13:45:00,29.966,,,,,
16729,10/01/25 14:00:00,29.865,,,,,
16730,10/01/25 14:15:00,29.916,,,,,
16731,10/01/25 14:30:00,29.941,,,,,
16732,10/01/25 14:45:00,29.941,,,,,
16733,10/01/25 15:00:00,29.991,,,,,
16734,10/01/25 15:15:00,30.016,,,,,
16735,10/01/25 15:30:00,30.016,,,,,
16736,10/01/25 15:45:00,30.066,,,,,
16737,10/01/25 16:00:00,30.091,,,,,
16738,10/01/25 16:15:00,30.142,,,,,
16739,10/01/25 16:30:00,30.243,,,,,
16740,10/01/25 16:45:00,30.268,,,,,
16741,10/01/25 17:00:00,30.268,,,,,
16742,10/01/25 17:15:00,30.243,,,,,
16743,10/01/25 17:30:00,30.192,,,,,
16744,10/01/25 17:45:00,30.167,,,,,
16745,10/01/25 18:00:00,30.243,,,,,
16746,10/01/25 18:15:00,30.243,,,,,
16747,10/01/25 18:30:00,30.217,,,,,
16748,10/01/25 18:45:00,30.217,,,,,
16749,10/01/25 19:00:00,30.217,,,,,
16750,10/01/25 19:15:00,30.192,,,,,
16751,10/01/25 19:30:00,30.167,,,,,
16752,10/01/25 19:45:00,30.167,,,,,
16753,10/01/25 20:00:00,30.117,,,,,
16754,10/01/25 20:15:00,30.091,,,,,
16755,10/01/25 20:30:00,30.091,,,,,
16756,10/01/25 20:45:00,30.117,,,,,
16757,10/01/25 21:00:00,30.091,,,,,
16758,10/01/25 21:15:00,30.066,,,,,
16759,10/01/25 21:30:00,30.091,,,,,
16760,10/01/25 21:45:00,30.117,,,,,
16761,10/01/25 22:00:00,30.117,,,,,
16762,10/01/25 22:15:00,30.117,,,,,
16763,10/01/25 22:30:00,30.167,,,,,
16764,10/01/25 22:45:00,30.217,,,,,
16765,10/01/25 23:00:00,30.217,,,,,
16766,10/01/25 23:15:00,30.217,,,,,
16767,10/01/25 23:30:00,30.217,,,,,
16768,10/01/25 23:45:00,30.192,,,,,
16769,10/02/25 00:00:00,30.142,,,,,
16770,10/02/25 00:15:00,30.117,,,,,
16771,10/02/25 00:30:00,30.091,,,,,
16772,10/02/25 00:45:00,30.041,,,,,
16773,10/02/25 01:00:00,30.091,,,,,
16774,10/02/25 01:15:00,30.091,,,,,
16775,10/02/25 01:30:00,30.066,,,,,
16776,10/02/25 01:45:00,30.066,,,,,
16777,10/02/25 02:00:00,30.041,,,,,
16778,10/02/25 02:15:00,30.041,,,,,
16779,10/02/25 02:30:00,30.016,,,,,
16780,10/02/25 02:45:00,30.041,,,,,
16781,10/02/25 03:00:00,30.066,,,,,
16782,10/02/25 03:15:00,30.117,,,,,
16783,10/02/25 03:30:00,30.142,,,,,
16784,10/02/25 03:45:00,30.167,,,,,
16785,10/02/25 04:00:00,30.167,,,,,
16786,10/02/25 04:15:00,30.142,,,,,
16787,10/02/25 04:30:00,30.142,,,,,
16788,10/02/25 04:45:00,30.117,,,,,
16789,10/02/25 05:00:00,30.091,,,,,
16790,10/02/25 05:15:00,30.041,,,,,
16791,10/02/25 05:30:00,30.016,,,,,
16792,10/02/25 05:45:00,29.991,,,,,
16793,10/02/25 06:00:00,29.991,,,,,
16794,10/02/25 06:15:00,30.016,,,,,
16795,10/02/25 06:30:00,30.016,,,,,
16796,10/02/25 06:45:00,30.016,,,,,
16797,10/02/25 07:00:00,29.991,,,,,
16798,10/02/25 07:15:00,29.991,,,,,
16799,10/02/25 07:30:00,29.991,,,,,
16800,10/02/25 07:45:00,29.966,,,,,
16801,10/02/25 08:00:00,29.966,,,,,
16802,10/02/25 08:15:00,29.991,,,,,
16803,10/02/25 08:30:00,29.991,,,,,
16804,10/02/25 08:45:00,29.991,,,,,
16805,10/02/25 09:00:00,29.991,,,,,
16806,10/02/25 09:15:00,30.016,,,,,
16807,10/02/25 09:30:00,29.991,,,,,
16808,10/02/25 09:45:00,29.991,,,,,
16809,10/02/25 10:00:00,29.991,,,,,
16810,10/02/25 10:15:00,29.991,,,,,
16811,10/02/25 10:30:00,29.991,,,,,
16812,10/02/25 10:45:00,29.991,,,,,
16813,10/02/25 11:00:00,29.991,,,,,
16814,10/02/25 11:15:00,30.016,,,,,
16815,10/02/25 11:30:00,30.016,,,,,
16816,10/02/25 11:45:00,30.016,,,,,
16817,10/02/25 12:00:00,30.016,,,,,
16818,10/02/25 12:15:00,30.016,,,,,
16819,10/02/25 12:30:00,30.041,,,,,
16820,10/02/25 12:45:00,30.041,,,,,
16821,10/02/25 13:00:00,30.066,,,,,
16822,10/02/25 13:15:00,30.142,,,,,
16823,10/02/25 13:30:00,30.192,,,,,
16824,10/02/25 13:45:00,30.293,,,,,
16825,10/02/25 14:00:00,30.369,,,,,
16826,10/02/25 14:15:00,30.394,,,,,
16827,10/02/25 14:30:00,30.394,,,,,
16828,10/02/25 14:45:00,30.394,,,,,
16829,10/02/25 15:00:00,30.394,,,,,
16830,10/02/25 15:15:00,30.394,,,,,
16831,10/02/25 15:30:00,30.369,,,,,
16832,10/02/25 15:45:00,30.369,,,,,
16833,10/02/25 16:00:00,30.369,,,,,
16834,10/02/25 16:15:00,30.343,,,,,
16835,10/02/25 16:30:00,30.369,,,,,
16836,10/02/25 16:45:00,30.293,,,,,
16837,10/02/25 17:00:00,30.217,,,,,
16838,10/02/25 17:15:00,30.293,,,,,
16839,10/02/25 17:30:00,30.142,,,,,
16840,10/02/25 17:45:00,30.293,,,,,
16841,10/02/25 18:00:00,30.243,,,,,
16842,10/02/25 18:15:00,30.293,,,,,
16843,10/02/25 18:30:00,30.268,,,,,
16844,10/02/25 18:45:00,30.268,,,,,
16845,10/02/25 19:00:00,30.369,,,,,
16846,10/02/25 19:15:00,30.394,,,,,
16847,10/02/25 19:30:00,30.394,,,,,
16848,10/02/25 19:45:00,30.394,,,,,
16849,10/02/25 20:00:00,30.394,,,,,
16850,10/02/25 20:15:00,30.369,,,,,
16851,10/02/25 20:30:00,30.293,,,,,
16852,10/02/25 20:45:00,30.243,,,,,
16853,10/02/25 21:00:00,30.243,,,,,
16854,10/02/25 21:15:00,30.243,,,,,
16855,10/02/25 21:30:00,30.243,,,,,
16856,10/02/25 21:45:00,30.192,,,,,
16857,10/02/25 22:00:00,30.142,,,,,
16858,10/02/25 22:15:00,30.142,,,,,
16859,10/02/25 22:30:00,30.117,,,,,
16860,10/02/25 22:45:00,30.142,,,,,
16861,10/02/25 23:00:00,30.142,,,,,
16862,10/02/25 23:15:00,30.142,,,,,
16863,10/02/25 23:30:00,30.091,,,,,
16864,10/02/25 23:45:00,30.016,,,,,
16865,10/03/25 00:00:00,30.066,,,,,
16866,10/03/25 00:15:00,30.091,,,,,
16867,10/03/25 00:30:00,30.041,,,,,
16868,10/03/25 00:45:00,30.016,,,,,
16869,10/03/25 01:00:00,29.991,,,,,
16870,10/03/25 01:15:00,29.966,,,,,
16871,10/03/25 01:30:00,29.966,,,,,
16872,10/03/25 01:45:00,29.966,,,,,
16873,10/03/25 02:00:00,29.991,,,,,
16874,10/03/25 02:15:00,29.991,,,,,
16875,10/03/25 02:30:00,30.016,,,,,
16876,10/03/25 02:45:00,30.016,,,,,
16877,10/03/25 03:00:00,30.016,,,,,
16878,10/03/25 03:15:00,29.991,,,,,
16879,10/03/25 03:30:00,29.991,,,,,
16880,10/03/25 03:45:00,29.991,,,,,
16881,10/03/25 04:00:00,29.991,,,,,
16882,10/03/25 04:15:00,29.991,,,,,
16883,10/03/25 04:30:00,30.016,,,,,
16884,10/03/25 04:45:00,29.991,,,,,
16885,10/03/25 05:00:00,29.991,,,,,
16886,10/03/25 05:15:00,29.991,,,,,
16887,10/03/25 05:30:00,29.991,,,,,
16888,10/03/25 05:45:00,29.991,,,,,
16889,10/03/25 06:00:00,29.991,,,,,
16890,10/03/25 06:15:00,29.991,,,,,
16891,10/03/25 06:30:00,30.016,,,,,
16892,10/03/25 06:45:00,30.016,,,,,
16893,10/03/25 07:00:00,30.016,,,,,
16894,10/03/25 07:15:00,30.016,,,,,
16895,10/03/25 07:30:00,30.016,,,,,
16896,10/03/25 07:45:00,30.016,,,,,
16897,10/03/25 08:00:00,30.016,,,,,
16898,10/03/25 08:15:00,30.041,,,,,
16899,10/03/25 08:30:00,30.041,,,,,
16900,10/03/25 08:45:00,30.041,,,,,
16901,10/03/25 09:00:00,30.041,,,,,
16902,10/03/25 09:15:00,30.016,,,,,
16903,10/03/25 09:30:00,30.016,,,,,
16904,10/03/25 09:45:00,30.041,,,,,
16905,10/03/25 10:00:00,30.091,,,,,
16906,10/03/25 10:15:00,30.117,,,,,
16907,10/03/25 10:30:00,30.066,,,,,
16908,10/03/25 10:45:00,30.041,,,,,
16909,10/03/25 11:00:00,30.041,,,,,
16910,10/03/25 11:15:00,30.041,,,,,
16911,10/03/25 11:30:00,30.066,,,,,
16912,10/03/25 11:45:00,30.091,,,,,
16913,10/03/25 12:00:00,30.117,,,,,
16914,10/03/25 12:15:00,30.117,,,,,
16915,10/03/25 12:30:00,30.117,,,,,
16916,10/03/25 12:45:00,30.142,,,,,
16917,10/03/25 13:00:00,30.167,,,,,
16918,10/03/25 13:15:00,30.167,,,,,
16919,10/03/25 13:30:00,30.192,,,,,
16920,10/03/25 13:45:00,30.192,,,,,
16921,10/03/25 14:00:00,30.217,,,,,
16922,10/03/25 14:15:00,30.192,,,,,
16923,10/03/25 14:30:00,30.167,,,,,
16924,10/03/25 14:45:00,30.167,,,,,
16925,10/03/25 15:00:00,30.192,,,,,
16926,10/03/25 15:15:00,30.167,,,,,
16927,10/03/25 15:30:00,30.142,,,,,
16928,10/03/25 15:45:00,30.142,,,,,
16929,10/03/25 16:00:00,30.167,,,,,
16930,10/03/25 16:15:00,30.167,,,,,
16931,10/03/25 16:30:00,30.192,,,,,
16932,10/03/25 16:45:00,30.167,,,,,
16933,10/03/25 17:00:00,30.167,,,,,
16934,10/03/25 17:15:00,30.167,,,,,
16935,10/03/25 17:30:00,30.167,,,,,
16936,10/03/25 17:45:00,30.167,,,,,
16937,10/03/25 18:00:00,30.142,,,,,
16938,10/03/25 18:15:00,30.066,,,,,
16939,10/03/25 18:30:00,30.117,,,,,
16940,10/03/25 18:45:00,30.091,,,,,
16941,10/03/25 19:00:00,30.041,,,,,
16942,10/03/25 19:15:00,30.016,,,,,
16943,10/03/25 19:30:00,30.091,,,,,
16944,10/03/25 19:45:00,30.041,,,,,
16945,10/03/25 20:00:00,30.041,,,,,
16946,10/03/25 20:15:00,30.117,,,,,
16947,10/03/25 20:30:00,30.142,,,,,
16948,10/03/25 20:45:00,30.167,,,,,
16949,10/03/25 21:00:00,30.167,,,,,
16950,10/03/25 21:15:00,30.192,,,,,
16951,10/03/25 21:30:00,30.243,,,,,
16952,10/03/25 21:45:00,30.318,,,,,
16953,10/03/25 22:00:00,30.293,,,,,
16954,10/03/25 22:15:00,30.268,,,,,
16955,10/03/25 22:30:00,30.318,,,,,
16956,10/03/25 22:45:00,30.268,,,,,
16957,10/03/25 23:00:00,30.243,,,,,
16958,10/03/25 23:15:00,30.192,,,,,
16959,10/03/25 23:30:00,30.167,,,,,
16960,10/03/25 23:45:00,30.167,,,,,
16961,10/04/25 00:00:00,30.142,,,,,
16962,10/04/25 00:15:00,30.142,,,,,
16963,10/04/25 00:30:00,30.167,,,,,
16964,10/04/25 00:45:00,30.217,,,,,
16965,10/04/25 01:00:00,30.268,,,,,
16966,10/04/25 01:15:00,30.268,,,,,
16967,10/04/25 01:30:00,30.243,,,,,
16968,10/04/25 01:45:00,30.217,,,,,
16969,10/04/25 02:00:00,30.217,,,,,
16970,10/04/25 02:15:00,30.243,,,,,
16971,10/04/25 02:30:00,30.243,,,,,
16972,10/04/25 02:45:00,30.268,,,,,
16973,10/04/25 03:00:00,30.293,,,,,
16974,10/04/25 03:15:00,30.293,,,,,
16975,10/04/25 03:30:00,30.192,,,,,
16976,10/04/25 03:45:00,30.167,,,,,
16977,10/04/25 04:00:00,30.167,,,,,
16978,10/04/25 04:15:00,30.217,,,,,
16979,10/04/25 04:30:00,30.192,,,,,
16980,10/04/25 04:45:00,30.192,,,,,
16981,10/04/25 05:00:00,30.167,,,,,
16982,10/04/25 05:15:00,30.167,,,,,
16983,10/04/25 05:30:00,30.142,,,,,
16984,10/04/25 05:45:00,30.142,,,,,
16985,10/04/25 06:00:00,30.142,,,,,
16986,10/04/25 06:15:00,30.142,,,,,
16987,10/04/25 06:30:00,30.142,,,,,
16988,10/04/25 06:45:00,30.142,,,,,
16989,10/04/25 07:00:00,30.142,,,,,
16990,10/04/25 07:15:00,30.142,,,,,
16991,10/04/25 07:30:00,30.142,,,,,
16992,10/04/25 07:45:00,30.142,,,,,
16993,10/04/25 08:00:00,30.167,,,,,
16994,10/04/25 08:15:00,30.167,,,,,
16995,10/04/25 08:30:00,30.167,,,,,
16996,10/04/25 08:45:00,30.167,,,,,
16997,10/04/25 09:00:00,30.167,,,,,
16998,10/04/25 09:15:00,30.192,,,,,
16999,10/04/25 09:30:00,30.167,,,,,
17000,10/04/25 09:45:00,30.192,,,,,
17001,10/04/25 10:00:00,30.192,,,,,
17002,10/04/25 10:15:00,30.192,,,,,
17003,10/04/25 10:30:00,30.167,,,,,
17004,10/04/25 10:45:00,30.167,,,,,
17005,10/04/25 11:00:00,30.192,,,,,
17006,10/04/25 11:15:00,30.192,,,,,
17007,10/04/25 11:30:00,30.217,,,,,
17008,10/04/25 11:45:00,30.217,,,,,
17009,10/04/25 12:00:00,30.192,,,,,
17010,10/04/25 12:15:00,30.192,,,,,
17011,10/04/25 12:30:00,30.192,,,,,
17012,10/04/25 12:45:00,30.217,,,,,
17013,10/04/25 13:00:00,30.217,,,,,
17014,10/04/25 13:15:00,30.192,,,,,
17015,10/04/25 13:30:00,30.192,,,,,
17016,10/04/25 13:45:00,30.217,,,,,
17017,10/04/25 14:00:00,30.192,,,,,
17018,10/04/25 14:15:00,30.217,,,,,
17019,10/04/25 14:30:00,30.243,,,,,
17020,10/04/25 14:45:00,30.217,,,,,
17021,10/04/25 15:00:00,30.217,,,,,
17022,10/04/25 15:15:00,30.217,,,,,
17023,10/04/25 15:30:00,30.217,,,,,
17024,10/04/25 15:45:00,30.167,,,,,
17025,10/04/25 16:00:00,30.167,,,,,
17026,10/04/25 16:15:00,30.192,,,,,
17027,10/04/25 16:30:00,30.217,,,,,
17028,10/04/25 16:45:00,30.217,,,,,
17029,10/04/25 17:00:00,30.217,,,,,
17030,10/04/25 17:15:00,30.217,,,,,
17031,10/04/25 17:30:00,30.192,,,,,
17032,10/04/25 17:45:00,30.217,,,,,
17033,10/04/25 18:00:00,30.192,,,,,
17034,10/04/25 18:15:00,30.167,,,,,
17035,10/04/25 18:30:00,30.117,,,,,
17036,10/04/25 18:45:00,30.142,,,,,
17037,10/04/25 19:00:00,30.142,,,,,
17038,10/04/25 19:15:00,30.142,,,,,
17039,10/04/25 19:30:00,30.142,,,,,
17040,10/04/25 19:45:00,30.142,,,,,
17041,10/04/25 20:00:00,30.167,,,,,
17042,10/04/25 20:15:00,30.167,,,,,
17043,10/04/25 20:30:00,30.167,,,,,
17044,10/04/25 20:45:00,30.167,,,,,
17045,10/04/25 21:00:00,30.142,,,,,
17046,10/04/25 21:15:00,30.167,,,,,
17047,10/04/25 21:30:00,30.167,,,,,
17048,10/04/25 21:45:00,30.167,,,,,
17049,10/04/25 22:00:00,30.142,,,,,
17050,10/04/25 22:15:00,30.167,,,,,
17051,10/04/25 22:30:00,30.167,,,,,
17052,10/04/25 22:45:00,30.167,,,,,
17053,10/04/25 23:00:00,30.142,,,,,
17054,10/04/25 23:15:00,30.142,,,,,
17055,10/04/25 23:30:00,30.142,,,,,
17056,10/04/25 23:45:00,30.167,,,,,
17057,10/05/25 00:00:00,30.167,,,,,
17058,10/05/25 00:15:00,30.142,,,,,
17059,10/05/25 00:30:00,30.142,,,,,
17060,10/05/25 00:45:00,30.142,,,,,
17061,10/05/25 01:00:00,30.142,,,,,
17062,10/05/25 01:15:00,30.142,,,,,
17063,10/05/25 01:30:00,30.142,,,,,
17064,10/05/25 01:45:00,30.142,,,,,
17065,10/05/25 02:00:00,30.142,,,,,
17066,10/05/25 02:15:00,30.142,,,,,
17067,10/05/25 02:30:00,30.142,,,,,
17068,10/05/25 02:45:00,30.142,,,,,
17069,10/05/25 03:00:00,30.167,,,,,
17070,10/05/25 03:15:00,30.167,,,,,
17071,10/05/25 03:30:00,30.167,,,,,
17072,10/05/25 03:45:00,30.167,,,,,
17073,10/05/25 04:00:00,30.167,,,,,
17074,10/05/25 04:15:00,30.167,,,,,
17075,10/05/25 04:30:00,30.142,,,,,
17076,10/05/25 04:45:00,30.117,,,,,
17077,10/05/25 05:00:00,30.117,,,,,
17078,10/05/25 05:15:00,30.142,,,,,
17079,10/05/25 05:30:00,30.142,,,,,
17080,10/05/25 05:45:00,30.142,,,,,
17081,10/05/25 06:00:00,30.142,,,,,
17082,10/05/25 06:15:00,30.142,,,,,
17083,10/05/25 06:30:00,30.117,,,,,
17084,10/05/25 06:45:00,30.091,,,,,
17085,10/05/25 07:00:00,30.117,,,,,
17086,10/05/25 07:15:00,30.117,,,,,
17087,10/05/25 07:30:00,30.142,,,,,
17088,10/05/25 07:45:00,30.142,,,,,
17089,10/05/25 08:00:00,30.167,,,,,
17090,10/05/25 08:15:00,30.167,,,,,
17091,10/05/25 08:30:00,30.167,,,,,
17092,10/05/25 08:45:00,30.142,,,,,
17093,10/05/25 09:00:00,30.142,,,,,
17094,10/05/25 09:15:00,30.142,,,,,
17095,10/05/25 09:30:00,30.142,,,,,
17096,10/05/25 09:45:00,30.167,,,,,
17097,10/05/25 10:00:00,30.167,,,,,
17098,10/05/25 10:15:00,30.192,,,,,
17099,10/05/25 10:30:00,30.167,,,,,
17100,10/05/25 10:45:00,30.167,,,,,
17101,10/05/25 11:00:00,30.167,,,,,
17102,10/05/25 11:15:00,30.167,,,,,
17103,10/05/25 11:30:00,30.167,,,,,
17104,10/05/25 11:45:00,30.192,,,,,
17105,10/05/25 12:00:00,30.217,,,,,
17106,10/05/25 12:15:00,30.217,,,,,
17107,10/05/25 12:30:00,30.217,,,,,
17108,10/05/25 12:45:00,30.217,,,,,
17109,10/05/25 13:00:00,30.217,,,,,
17110,10/05/25 13:15:00,30.243,,,,,
17111,10/05/25 13:30:00,30.217,,,,,
17112,10/05/25 13:45:00,30.217,,,,,
17113,10/05/25 14:00:00,30.217,,,,,
17114,10/05/25 14:15:00,30.243,,,,,
17115,10/05/25 14:30:00,30.217,,,,,
17116,10/05/25 14:45:00,30.192,,,,,
17117,10/05/25 15:00:00,30.192,,,,,
17118,10/05/25 15:15:00,30.217,,,,,
17119,10/05/25 15:30:00,30.217,,,,,
17120,10/05/25 15:45:00,30.268,,,,,
17121,10/05/25 16:00:00,30.268,,,,,
17122,10/05/25 16:15:00,30.293,,,,,
17123,10/05/25 16:30:00,30.268,,,,,
17124,10/05/25 16:45:00,30.217,,,,,
17125,10/05/25 17:00:00,30.167,,,,,
17126,10/05/25 17:15:00,30.167,,,,,
17127,10/05/25 17:30:00,30.167,,,,,
17128,10/05/25 17:45:00,30.167,,,,,
17129,10/05/25 18:00:00,30.167,,,,,
17130,10/05/25 18:15:00,30.167,,,,,
17131,10/05/25 18:30:00,30.117,,,,,
17132,10/05/25 18:45:00,30.117,,,,,
17133,10/05/25 19:00:00,30.142,,,,,
17134,10/05/25 19:15:00,30.142,,,,,
17135,10/05/25 19:30:00,30.142,,,,,
17136,10/05/25 19:45:00,30.142,,,,,
17137,10/05/25 20:00:00,30.142,,,,,
17138,10/05/25 20:15:00,30.167,,,,,
17139,10/05/25 20:30:00,30.167,,,,,
17140,10/05/25 20:45:00,30.167,,,,,
17141,10/05/25 21:00:00,30.192,,,,,
17142,10/05/25 21:15:00,30.167,,,,,
17143,10/05/25 21:30:00,30.167,,,,,
17144,10/05/25 21:45:00,30.167,,,,,
17145,10/05/25 22:00:00,30.167,,,,,
17146,10/05/25 22:15:00,30.167,,,,,
17147,10/05/25 22:30:00,30.167,,,,,
17148,10/05/25 22:45:00,30.142,,,,,
17149,10/05/25 23:00:00,30.142,,,,,
17150,10/05/25 23:15:00,30.142,,,,,
17151,10/05/25 23:30:00,30.142,,,,,
17152,10/05/25 23:45:00,30.142,,,,,
17153,10/06/25 00:00:00,30.142,,,,,
17154,10/06/25 00:15:00,30.142,,,,,
17155,10/06/25 00:30:00,30.142,,,,,
17156,10/06/25 00:45:00,30.142,,,,,
17157,10/06/25 01:00:00,30.142,,,,,
17158,10/06/25 01:15:00,30.142,,,,,
17159,10/06/25 01:30:00,30.142,,,,,
17160,10/06/25 01:45:00,30.142,,,,,
17161,10/06/25 02:00:00,30.142,,,,,
17162,10/06/25 02:15:00,30.117,,,,,
17163,10/06/25 02:30:00,30.091,,,,,
17164,10/06/25 02:45:00,30.091,,,,,
17165,10/06/25 03:00:00,30.091,,,,,
17166,10/06/25 03:15:00,30.091,,,,,
17167,10/06/25 03:30:00,30.066,,,,,
17168,10/06/25 03:45:00,30.066,,,,,
17169,10/06/25 04:00:00,30.066,,,,,
17170,10/06/25 04:15:00,30.091,,,,,
17171,10/06/25 04:30:00,30.117,,,,,
17172,10/06/25 04:45:00,30.117,,,,,
17173,10/06/25 05:00:00,30.117,,,,,
17174,10/06/25 05:15:00,30.091,,,,,
17175,10/06/25 05:30:00,30.066,,,,,
17176,10/06/25 05:45:00,30.041,,,,,
17177,10/06/25 06:00:00,30.041,,,,,
17178,10/06/25 06:15:00,30.066,,,,,
17179,10/06/25 06:30:00,30.091,,,,,
17180,10/06/25 06:45:00,30.117,,,,,
17181,10/06/25 07:00:00,30.117,,,,,
17182,10/06/25 07:15:00,30.117,,,,,
17183,10/06/25 07:30:00,30.117,,,,,
17184,10/06/25 07:45:00,30.142,,,,,
17185,10/06/25 08:00:00,30.142,,,,,
17186,10/06/25 08:15:00,30.142,,,,,
17187,10/06/25 08:30:00,30.167,,,,,
17188,10/06/25 08:45:00,30.167,,,,,
17189,10/06/25 09:00:00,30.167,,,,,
17190,10/06/25 09:15:00,30.167,,,,,
17191,10/06/25 09:30:00,30.167,,,,,
17192,10/06/25 09:45:00,30.167,,,,,
17193,10/06/25 10:00:00,30.167,,,,,
17194,10/06/25 10:15:00,30.192,,,,,
17195,10/06/25 10:30:00,30.192,,,,,
17196,10/06/25 10:45:00,30.192,,,,,
17197,10/06/25 11:00:00,30.167,,,,,
17198,10/06/25 11:15:00,30.192,,,,,
17199,10/06/25 11:30:00,30.192,,,,,
17200,10/06/25 11:45:00,30.192,,,,,
17201,10/06/25 12:00:00,30.167,,,,,
17202,10/06/25 12:15:00,30.192,,,,,
17203,10/06/25 12:30:00,30.192,,,,,
17204,10/06/25 12:45:00,30.167,,,,,
17205,10/06/25 13:00:00,30.192,,,,,
17206,10/06/25 13:15:00,30.167,,,,,
17207,10/06/25 13:30:00,30.192,,,,,
17208,10/06/25 13:45:00,30.192,,,,,
17209,10/06/25 14:00:00,30.192,,,,,
17210,10/06/25 14:15:00,30.217,,,,,
17211,10/06/25 14:30:00,30.243,,,,,
17212,10/06/25 14:45:00,30.243,,,,,
17213,10/06/25 15:00:00,30.268,,,,,
17214,10/06/25 15:15:00,30.318,,,,,
17215,10/06/25 15:30:00,30.318,,,,,
17216,10/06/25 15:45:00,30.318,,,,,
17217,10/06/25 16:00:00,30.343,,,,,
17218,10/06/25 16:15:00,30.318,,,,,
17219,10/06/25 16:30:00,30.343,,,,,
17220,10/06/25 16:45:00,30.343,,,,,
17221,10/06/25 17:00:00,30.369,,,,,
17222,10/06/25 17:15:00,30.369,,,,,
17223,10/06/25 17:30:00,30.343,,,,,
17224,10/06/25 17:45:00,30.343,,,,,
17225,10/06/25 18:00:00,30.343,,,,,
17226,10/06/25 18:15:00,30.343,,,,,
17227,10/06/25 18:30:00,30.343,,,,,
17228,10/06/25 18:45:00,30.343,,,,,
17229,10/06/25 19:00:00,30.343,,,,,
17230,10/06/25 19:15:00,30.343,,,,,
17231,10/06/25 19:30:00,30.343,,,,,
17232,10/06/25 19:45:00,30.343,,,,,
17233,10/06/25 20:00:00,30.318,,,,,
17234,10/06/25 20:15:00,30.293,,,,,
17235,10/06/25 20:30:00,30.268,,,,,
17236,10/06/25 20:45:00,30.268,,,,,
17237,10/06/25 21:00:00,30.268,,,,,
17238,10/06/25 21:15:00,30.243,,,,,
17239,10/06/25 21:30:00,30.192,,,,,
17240,10/06/25 21:45:00,30.192,,,,,
17241,10/06/25 22:00:00,30.217,,,,,
17242,10/06/25 22:15:00,30.217,,,,,
17243,10/06/25 22:30:00,30.217,,,,,
17244,10/06/25 22:45:00,30.243,,,,,
17245,10/06/25 23:00:00,30.192,,,,,
17246,10/06/25 23:15:00,30.167,,,,,
17247,10/06/25 23:30:00,30.192,,,,,
17248,10/06/25 23:45:00,30.192,,,,,
17249,10/07/25 00:00:00,30.243,,,,,
17250,10/07/25 00:15:00,30.243,,,,,
17251,10/07/25 00:30:00,30.268,,,,,
17252,10/07/25 00:45:00,30.243,,,,,
17253,10/07/25 01:00:00,30.268,,,,,
17254,10/07/25 01:15:00,30.268,,,,,
17255,10/07/25 01:30:00,30.268,,,,,
17256,10/07/25 01:45:00,30.268,,,,,
17257,10/07/25 02:00:00,30.268,,,,,
17258,10/07/25 02:15:00,30.268,,,,,
17259,10/07/25 02:30:00,30.268,,,,,
17260,10/07/25 02:45:00,30.268,,,,,
17261,10/07/25 03:00:00,30.268,,,,,
17262,10/07/25 03:15:00,30.243,,,,,
17263,10/07/25 03:30:00,30.217,,,,,
17264,10/07/25 03:45:00,30.243,,,,,
17265,10/07/25 04:00:00,30.268,,,,,
17266,10/07/25 04:15:00,30.268,,,,,
17267,10/07/25 04:30:00,30.268,,,,,
17268,10/07/25 04:45:00,30.268,,,,,
17269,10/07/25 05:00:00,30.243,,,,,
17270,10/07/25 05:15:00,30.243,,,,,
17271,10/07/25 05:30:00,30.243,,,,,
17272,10/07/25 05:45:00,30.243,,,,,
17273,10/07/25 06:00:00,30.243,,,,,
17274,10/07/25 06:15:00,30.243,,,,,
17275,10/07/25 06:30:00,30.243,,,,,
17276,10/07/25 06:45:00,30.217,,,,,
17277,10/07/25 07:00:00,30.217,,,,,
17278,10/07/25 07:15:00,30.192,,,,,
17279,10/07/25 07:30:00,30.142,,,,,
17280,10/07/25 07:45:00,30.117,,,,,
17281,10/07/25 08:00:00,30.117,,,,,
17282,10/07/25 08:15:00,30.066,,,,,
17283,10/07/25 08:30:00,30.091,,,,,
17284,10/07/25 08:45:00,30.117,,,,,
17285,10/07/25 09:00:00,30.117,,,,,
17286,10/07/25 09:15:00,30.142,,,,,
17287,10/07/25 09:30:00,30.142,,,,,
17288,10/07/25 09:45:00,30.066,,,,,
17289,10/07/25 10:00:00,29.941,,,,,
17290,10/07/25 10:15:00,30.066,,,,,
17291,10/07/25 10:30:00,30.091,,,,,
17292,10/07/25 10:45:00,30.091,,,,,
17293,10/07/25 11:00:00,30.117,,,,,
17294,10/07/25 11:15:00,30.117,,,,,
17295,10/07/25 11:30:00,30.142,,,,,
17296,10/07/25 11:45:00,30.142,,,,,
17297,10/07/25 12:00:00,30.142,,,,,
17298,10/07/25 12:15:00,30.167,,,,,
17299,10/07/25 12:30:00,30.192,,,,,
17300,10/07/25 12:45:00,30.192,,,,,
17301,10/07/25 13:00:00,30.192,,,,,
17302,10/07/25 13:15:00,30.217,,,,,
17303,10/07/25 13:30:00,30.243,,,,,
17304,10/07/25 13:45:00,30.217,,,,,
17305,10/07/25 14:00:00,30.192,,,,,
17306,10/07/25 14:15:00,30.217,,,,,
17307,10/07/25 14:30:00,30.167,,,,,
17308,10/07/25 14:45:00,30.217,,,,,
17309,10/07/25 15:00:00,30.217,,,,,
17310,10/07/25 15:15:00,30.243,,,,,
17311,10/07/25 15:30:00,30.243,,,,,
17312,10/07/25 15:45:00,30.268,,,,,
17313,10/07/25 16:00:00,30.268,,,,,
17314,10/07/25 16:15:00,30.268,,,,,
17315,10/07/25 16:30:00,30.268,,,,,
17316,10/07/25 16:45:00,30.268,,,,,
17317,10/07/25 17:00:00,30.217,,,,,
17318,10/07/25 17:15:00,30.217,,,,,
17319,10/07/25 17:30:00,30.243,,,,,
17320,10/07/25 17:45:00,30.243,,,,,
17321,10/07/25 18:00:00,30.243,,,,,
17322,10/07/25 18:15:00,30.268,,,,,
17323,10/07/25 18:30:00,30.268,,,,,
17324,10/07/25 18:45:00,30.243,,,,,
17325,10/07/25 19:00:00,30.243,,,,,
17326,10/07/25 19:15:00,30.243,,,,,
17327,10/07/25 19:30:00,30.217,,,,,
17328,10/07/25 19:45:00,30.243,,,,,
17329,10/07/25 20:00:00,30.243,,,,,
17330,10/07/25 20:15:00,30.243,,,,,
17331,10/07/25 20:30:00,30.268,,,,,
17332,10/07/25 20:45:00,30.268,,,,,
17333,10/07/25 21:00:00,30.268,,,,,
17334,10/07/25 21:15:00,30.268,,,,,
17335,10/07/25 21:30:00,30.268,,,,,
17336,10/07/25 21:45:00,30.268,,,,,
17337,10/07/25 22:00:00,30.268,,,,,
17338,10/07/25 22:15:00,30.268,,,,,
17339,10/07/25 22:30:00,30.268,,,,,
17340,10/07/25 22:45:00,30.268,,,,,
17341,10/07/25 23:00:00,30.243,,,,,
17342,10/07/25 23:15:00,30.243,,,,,
17343,10/07/25 23:30:00,30.243,,,,,
17344,10/07/25 23:45:00,30.243,,,,,
17345,10/08/25 00:00:00,30.243,,,,,
17346,10/08/25 00:15:00,30.192,,,,,
17347,10/08/25 00:30:00,30.192,,,,,
17348,10/08/25 00:45:00,30.142,,,,,
17349,10/08/25 01:00:00,30.192,,,,,
17350,10/08/25 01:15:00,30.192,,,,,
17351,10/08/25 01:30:00,30.167,,,,,
17352,10/08/25 01:45:00,30.192,,,,,
17353,10/08/25 02:00:00,30.192,,,,,
17354,10/08/25 02:15:00,30.167,,,,,
17355,10/08/25 02:30:00,30.167,,,,,
17356,10/08/25 02:45:00,30.142,,,,,
17357,10/08/25 03:00:00,30.142,,,,,
17358,10/08/25 03:15:00,30.117,,,,,
17359,10/08/25 03:30:00,30.117,,,,,
17360,10/08/25 03:45:00,30.117,,,,,
17361,10/08/25 04:00:00,30.117,,,,,
17362,10/08/25 04:15:00,30.142,,,,,
17363,10/08/25 04:30:00,30.142,,,,,
17364,10/08/25 04:45:00,30.167,,,,,
17365,10/08/25 05:00:00,30.167,,,,,
17366,10/08/25 05:15:00,30.192,,,,,
17367,10/08/25 05:30:00,30.192,,,,,
17368,10/08/25 05:45:00,30.167,,,,,
17369,10/08/25 06:00:00,30.167,,,,,
17370,10/08/25 06:15:00,30.192,,,,,
17371,10/08/25 06:30:00,30.167,,,,,
17372,10/08/25 06:45:00,30.167,,,,,
17373,10/08/25 07:00:00,30.117,,,,,
17374,10/08/25 07:15:00,30.117,,,,,
17375,10/08/25 07:30:00,30.091,,,,,
17376,10/08/25 07:45:00,30.091,,,,,
17377,10/08/25 08:00:00,30.091,,,,,
17378,10/08/25 08:15:00,30.091,,,,,
17379,10/08/25 08:30:00,30.091,,,,,
17380,10/08/25 08:45:00,30.117,,,,,
17381,10/08/25 09:00:00,30.117,,,,,
17382,10/08/25 09:15:00,30.117,,,,,
17383,10/08/25 09:30:00,30.117,,,,,
17384,10/08/25 09:45:00,30.117,,,,,
17385,10/08/25 10:00:00,30.117,,,,,
17386,10/08/25 10:15:00,30.117,,,,,
17387,10/08/25 10:30:00,30.117,,,,,
17388,10/08/25 10:45:00,30.117,,,,,
17389,10/08/25 11:00:00,30.091,,,,,
17390,10/08/25 11:15:00,30.091,,,,,
17391,10/08/25 11:30:00,30.091,,,,,
17392,10/08/25 11:45:00,30.041,,,,,
17393,10/08/25 12:00:00,29.991,,,,,
17394,10/08/25 12:15:00,30.066,,,,,
17395,10/08/25 12:30:00,30.016,,,,,
17396,10/08/25 12:45:00,29.966,,,,,
17397,10/08/25 13:00:00,29.966,,,,,
17398,10/08/25 13:15:00,29.966,,,,,
17399,10/08/25 13:30:00,29.966,,,,,
17400,10/08/25 13:45:00,30.016,,,,,
17401,10/08/25 14:00:00,30.016,,,,,
17402,10/08/25 14:15:00,29.991,,,,,
17403,10/08/25 14:30:00,30.041,,,,,
17404,10/08/25 14:45:00,30.091,,,,,
17405,10/08/25 15:00:00,30.117,,,,,
17406,10/08/25 15:15:00,30.117,,,,,
17407,10/08/25 15:30:00,30.091,,,,,
17408,10/08/25 15:45:00,30.091,,,,,
17409,10/08/25 16:00:00,30.091,,,,,
17410,10/08/25 16:15:00,30.066,,,,,
17411,10/08/25 16:30:00,30.066,,,,,
17412,10/08/25 16:45:00,30.066,,,,,
17413,10/08/25 17:00:00,30.066,,,,,
17414,10/08/25 17:15:00,30.066,,,,,
17415,10/08/25 17:30:00,30.066,,,,,
17416,10/08/25 17:45:00,30.091,,,,,
17417,10/08/25 18:00:00,30.091,,,,,
17418,10/08/25 18:15:00,30.091,,,,,
17419,10/08/25 18:30:00,30.041,,,,,
17420,10/08/25 18:45:00,30.066,,,,,
17421,10/08/25 19:00:00,30.091,,,,,
17422,10/08/25 19:15:00,30.117,,,,,
17423,10/08/25 19:30:00,30.142,,,,,
17424,10/08/25 19:45:00,30.142,,,,,
17425,10/08/25 20:00:00,30.117,,,,,
17426,10/08/25 20:15:00,30.117,,,,,
17427,10/08/25 20:30:00,30.117,,,,,
17428,10/08/25 20:45:00,30.117,,,,,
17429,10/08/25 21:00:00,30.117,,,,,
17430,10/08/25 21:15:00,30.142,,,,,
17431,10/08/25 21:30:00,30.142,,,,,
17432,10/08/25 21:45:00,30.167,,,,,
17433,10/08/25 22:00:00,30.142,,,,,
17434,10/08/25 22:15:00,30.117,,,,,
17435,10/08/25 22:30:00,30.117,,,,,
17436,10/08/25 22:45:00,30.142,,,,,
17437,10/08/25 23:00:00,30.142,,,,,
17438,10/08/25 23:15:00,30.167,,,,,
17439,10/08/25 23:30:00,30.192,,,,,
17440,10/08/25 23:45:00,30.217,,,,,
17441,10/09/25 00:00:00,30.217,,,,,
17442,10/09/25 00:15:00,30.217,,,,,
17443,10/09/25 00:30:00,30.217,,,,,
17444,10/09/25 00:45:00,30.192,,,,,
17445,10/09/25 01:00:00,30.167,,,,,
17446,10/09/25 01:15:00,30.142,,,,,
17447,10/09/25 01:30:00,30.117,,,,,
17448,10/09/25 01:45:00,30.117,,,,,
17449,10/09/25 02:00:00,30.117,,,,,
17450,10/09/25 02:15:00,30.066,,,,,
17451,10/09/25 02:30:00,30.066,,,,,
17452,10/09/25 02:45:00,30.091,,,,,
17453,10/09/25 03:00:00,30.091,,,,,
17454,10/09/25 03:15:00,30.117,,,,,
17455,10/09/25 03:30:00,30.117,,,,,
17456,10/09/25 03:45:00,30.091,,,,,
17457,10/09/25 04:00:00,30.167,,,,,
17458,10/09/25 04:15:00,30.192,,,,,
17459,10/09/25 04:30:00,30.192,,,,,
17460,10/09/25 04:45:00,30.192,,,,,
17461,10/09/25 05:00:00,30.192,,,,,
17462,10/09/25 05:15:00,30.192,,,,,
17463,10/09/25 05:30:00,30.192,,,,,
17464,10/09/25 05:45:00,30.192,,,,,
17465,10/09/25 06:00:00,30.217,,,,,
17466,10/09/25 06:15:00,30.217,,,,,
17467,10/09/25 06:30:00,30.217,,,,,
17468,10/09/25 06:45:00,30.217,,,,,
17469,10/09/25 07:00:00,30.217,,,,,
17470,10/09/25 07:15:00,30.167,,,,,
17471,10/09/25 07:30:00,30.117,,,,,
17472,10/09/25 07:45:00,30.117,,,,,
17473,10/09/25 08:00:00,30.117,,,,,
17474,10/09/25 08:15:00,30.142,,,,,
17475,10/09/25 08:30:00,30.117,,,,,
17476,10/09/25 08:45:00,30.117,,,,,
17477,10/09/25 09:00:00,30.142,,,,,
17478,10/09/25 09:15:00,30.142,,,,,
17479,10/09/25 09:30:00,30.167,,,,,
17480,10/09/25 09:45:00,30.117,,,,,
17481,10/09/25 10:00:00,30.167,,,,,
17482,10/09/25 10:15:00,30.192,,,,,
17483,10/09/25 10:30:00,30.217,,,,,
17484,10/09/25 10:45:00,30.217,,,,,
17485,10/09/25 11:00:00,30.217,,,,,
17486,10/09/25 11:15:00,30.142,,,,,
17487,10/09/25 11:30:00,30.142,,,,,
17488,10/09/25 11:45:00,30.192,,,,,
17489,10/09/25 12:00:00,30.217,,,,,
17490,10/09/25 12:15:00,30.217,,,,,
17491,10/09/25 12:30:00,30.192,,,,,
17492,10/09/25 12:45:00,30.217,,,,,
17493,10/09/25 13:00:00,30.217,,,,,
17494,10/09/25 13:15:00,30.243,,,,,
17495,10/09/25 13:30:00,30.243,,,,,
17496,10/09/25 13:45:00,30.268,,,,,
17497,10/09/25 14:00:00,30.318,,,,,
17498,10/09/25 14:15:00,30.369,,,,,
17499,10/09/25 14:30:00,30.419,,,,,
17500,10/09/25 14:45:00,30.469,,,,,
17501,10/09/25 15:00:00,30.495,,,,,
17502,10/09/25 15:15:00,30.520,,,,,
17503,10/09/25 15:30:00,30.520,,,,,
17504,10/09/25 15:45:00,30.545,,,,,
17505,10/09/25 16:00:00,30.167,,,,,
17506,10/09/25 16:15:00,30.142,,,,,
17507,10/09/25 16:30:00,30.167,,,,,
17508,10/09/25 16:45:00,30.167,,,,,
17509,10/09/25 17:00:00,30.192,,,,,
17510,10/09/25 17:15:00,30.293,,,,,
17511,10/09/25 17:30:00,30.293,,,,,
17512,10/09/25 17:45:00,30.243,,,,,
17513,10/09/25 18:00:00,30.243,,,,,
17514,10/09/25 18:15:00,30.243,,,,,
17515,10/09/25 18:30:00,30.243,,,,,
17516,10/09/25 18:45:00,30.243,,,,,
17517,10/09/25 19:00:00,30.243,,,,,
17518,10/09/25 19:15:00,30.268,,,,,
17519,10/09/25 19:30:00,30.243,,,,,
17520,10/09/25 19:45:00,30.293,,,,,
17521,10/09/25 20:00:00,30.419,,,,,
17522,10/09/25 20:15:00,30.444,,,,,
17523,10/09/25 20:30:00,30.369,,,,,
17524,10/09/25 20:45:00,30.293,,,,,
17525,10/09/25 21:00:00,30.268,,,,,
17526,10/09/25 21:15:00,30.268,,,,,
17527,10/09/25 21:30:00,30.268,,,,,
17528,10/09/25 21:45:00,30.268,,,,,
17529,10/09/25 22:00:00,30.243,,,,,
17530,10/09/25 22:15:00,30.243,,,,,
17531,10/09/25 22:30:00,30.293,,,,,
17532,10/09/25 22:45:00,30.268,,,,,
17533,10/09/25 23:00:00,30.268,,,,,
17534,10/09/25 23:15:00,30.268,,,,,
17535,10/09/25 23:30:00,30.268,,,,,
17536,10/09/25 23:45:00,30.293,,,,,
17537,10/10/25 00:00:00,30.318,,,,,
17538,10/10/25 00:15:00,30.318,,,,,
17539,10/10/25 00:30:00,30.318,,,,,
17540,10/10/25 00:45:00,30.318,,,,,
17541,10/10/25 01:00:00,30.343,,,,,
17542,10/10/25 01:15:00,30.369,,,,,
17543,10/10/25 01:30:00,30.369,,,,,
17544,10/10/25 01:45:00,30.394,,,,,
17545,10/10/25 02:00:00,30.394,,,,,
17546,10/10/25 02:15:00,30.394,,,,,
17547,10/10/25 02:30:00,30.369,,,,,
17548,10/10/25 02:45:00,30.318,,,,,
17549,10/10/25 03:00:00,30.268,,,,,
17550,10/10/25 03:15:00,30.192,,,,,
17551,10/10/25 03:30:00,30.091,,,,,
17552,10/10/25 03:45:00,30.066,,,,,
17553,10/10/25 04:00:00,30.066,,,,,
17554,10/10/25 04:15:00,30.066,,,,,
17555,10/10/25 04:30:00,30.066,,,,,
17556,10/10/25 04:45:00,30.066,,,,,
17557,10/10/25 05:00:00,30.066,,,,,
17558,10/10/25 05:15:00,30.066,,,,,
17559,10/10/25 05:30:00,30.066,,,,,
17560,10/10/25 05:45:00,30.066,,,,,
17561,10/10/25 06:00:00,30.091,,,,,
17562,10/10/25 06:15:00,30.091,,,,,
17563,10/10/25 06:30:00,30.066,,,,,
17564,10/10/25 06:45:00,30.066,,,,,
17565,10/10/25 07:00:00,30.066,,,,,
17566,10/10/25 07:15:00,30.066,,,,,
17567,10/10/25 07:30:00,30.066,,,,,
17568,10/10/25 07:45:00,30.041,,,,,
17569,10/10/25 08:00:00,30.016,,,,,
17570,10/10/25 08:15:00,30.016,,,,,
17571,10/10/25 08:30:00,30.016,,,,,
17572,10/10/25 08:45:00,30.016,,,,,
17573,10/10/25 09:00:00,30.016,,,,,
17574,10/10/25 09:15:00,30.016,,,,,
17575,10/10/25 09:30:00,30.016,,,,,
17576,10/10/25 09:45:00,30.041,,,,,
17577,10/10/25 10:00:00,30.066,,,,,
17578,10/10/25 10:15:00,30.066,,,,,
17579,10/10/25 10:30:00,30.091,,,,,
17580,10/10/25 10:45:00,30.091,,,,,
17581,10/10/25 11:00:00,30.066,,,,,
17582,10/10/25 11:15:00,30.091,,,,,
17583,10/10/25 11:30:00,30.091,,,,,
17584,10/10/25 11:45:00,30.117,,,,,
17585,10/10/25 12:00:00,30.117,,,,,
17586,10/10/25 12:15:00,30.142,,,,,
17587,10/10/25 12:30:00,30.142,,,,,
17588,10/10/25 12:45:00,30.167,,,,,
17589,10/10/25 13:00:00,30.142,,,,,
17590,10/10/25 13:15:00,30.167,,,,,
17591,10/10/25 13:30:00,30.192,,,,,
17592,10/10/25 13:45:00,30.217,,,,,
17593,10/10/25 14:00:00,30.268,,,,,
17594,10/10/25 14:15:00,30.268,,,,,
17595,10/10/25 14:30:00,30.091,,,,,
17596,10/10/25 14:45:00,30.318,,,,,
17597,10/10/25 15:00:00,30.419,,,,,
17598,10/10/25 15:15:00,30.394,,,,,
17599,10/10/25 15:30:00,30.394,,,,,
17600,10/10/25 15:45:00,30.419,,,,,
17601,10/10/25 16:00:00,30.394,,,,,
17602,10/10/25 16:15:00,30.268,,,,,
17603,10/10/25 16:30:00,30.268,,,,,
17604,10/10/25 16:45:00,30.318,,,,,
17605,10/10/25 17:00:00,30.318,,,,,
17606,10/10/25 17:15:00,30.318,,,,,
17607,10/10/25 17:30:00,30.318,,,,,
17608,10/10/25 17:45:00,30.343,,,,,
17609,10/10/25 18:00:00,30.343,,,,,
17610,10/10/25 18:15:00,30.343,,,,,
17611,10/10/25 18:30:00,30.318,,,,,
17612,10/10/25 18:45:00,30.318,,,,,
17613,10/10/25 19:00:00,30.318,,,,,
17614,10/10/25 19:15:00,30.293,,,,,
17615,10/10/25 19:30:00,30.268,,,,,
17616,10/10/25 19:45:00,30.268,,,,,
17617,10/10/25 20:00:00,30.268,,,,,
17618,10/10/25 20:15:00,30.268,,,,,
17619,10/10/25 20:30:00,30.268,,,,,
17620,10/10/25 20:45:00,30.243,,,,,
17621,10/10/25 21:00:00,30.243,,,,,
17622,10/10/25 21:15:00,30.268,,,,,
17623,10/10/25 21:30:00,30.268,,,,,
17624,10/10/25 21:45:00,30.268,,,,,
17625,10/10/25 22:00:00,30.268,,,,,
17626,10/10/25 22:15:00,30.268,,,,,
17627,10/10/25 22:30:00,30.268,,,,,
17628,10/10/25 22:45:00,30.268,,,,,
17629,10/10/25 23:00:00,30.268,,,,,
17630,10/10/25 23:15:00,30.268,,,,,
17631,10/10/25 23:30:00,30.268,,,,,
17632,10/10/25 23:45:00,30.243,,,,,
17633,10/11/25 00:00:00,30.243,,,,,
17634,10/11/25 00:15:00,30.268,,,,,
17635,10/11/25 00:30:00,30.268,,,,,
17636,10/11/25 00:45:00,30.268,,,,,
17637,10/11/25 01:00:00,30.293,,,,,
17638,10/11/25 01:15:00,30.268,,,,,
17639,10/11/25 01:30:00,30.268,,,,,
17640,10/11/25 01:45:00,30.268,,,,,
17641,10/11/25 02:00:00,30.243,,,,,
17642,10/11/25 02:15:00,30.217,,,,,
17643,10/11/25 02:30:00,30.243,,,,,
17644,10/11/25 02:45:00,30.243,,,,,
17645,10/11/25 03:00:00,30.268,,,,,
17646,10/11/25 03:15:00,30.217,,,,,
17647,10/11/25 03:30:00,30.217,,,,,
17648,10/11/25 03:45:00,30.192,,,,,
17649,10/11/25 04:00:00,30.243,,,,,
17650,10/11/25 04:15:00,30.243,,,,,
17651,10/11/25 04:30:00,30.268,,,,,
17652,10/11/25 04:45:00,30.268,,,,,
17653,10/11/25 05:00:00,30.268,,,,,
17654,10/11/25 05:15:00,30.217,,,,,
17655,10/11/25 05:30:00,30.243,,,,,
17656,10/11/25 05:45:00,30.243,,,,,
17657,10/11/25 06:00:00,30.268,,,,,
17658,10/11/25 06:15:00,30.268,,,,,
17659,10/11/25 06:30:00,30.268,,,,,
17660,10/11/25 06:45:00,30.268,,,,,
17661,10/11/25 07:00:00,30.268,,,,,
17662,10/11/25 07:15:00,30.217,,,,,
17663,10/11/25 07:30:00,30.243,,,,,
17664,10/11/25 07:45:00,30.268,,,,,
17665,10/11/25 08:00:00,30.268,,,,,
17666,10/11/25 08:15:00,30.293,,,,,
17667,10/11/25 08:30:00,30.293,,,,,
17668,10/11/25 08:45:00,30.318,,,,,
17669,10/11/25 09:00:00,30.318,,,,,
17670,10/11/25 09:15:00,30.318,,,,,
17671,10/11/25 09:30:00,30.318,,,,,
17672,10/11/25 09:45:00,30.318,,,,,
17673,10/11/25 10:00:00,30.318,,,,,
17674,10/11/25 10:15:00,30.293,,,,,
17675,10/11/25 10:30:00,30.318,,,,,
17676,10/11/25 10:45:00,30.293,,,,,
17677,10/11/25 11:00:00,30.318,,,,,
17678,10/11/25 11:15:00,30.343,,,,,
17679,10/11/25 11:30:00,30.293,,,,,
17680,10/11/25 11:45:00,30.318,,,,,
17681,10/11/25 12:00:00,30.268,,,,,
17682,10/11/25 12:15:00,30.243,,,,,
17683,10/11/25 12:30:00,30.293,,,,,
17684,10/11/25 12:45:00,30.268,,,,,
17685,10/11/25 13:00:00,30.217,,,,,
17686,10/11/25 13:15:00,30.268,,,,,
17687,10/11/25 13:30:00,30.142,,,,,
17688,10/11/25 13:45:00,30.142,,,,,
17689,10/11/25 14:00:00,30.167,,,,,
17690,10/11/25 14:15:00,30.117,,,,,
17691,10/11/25 14:30:00,30.167,,,,,
17692,10/11/25 14:45:00,30.217,,,,,
17693,10/11/25 15:00:00,30.142,,,,,
17694,10/11/25 15:15:00,30.142,,,,,
17695,10/11/25 15:30:00,30.217,,,,,
17696,10/11/25 15:45:00,30.243,,,,,
17697,10/11/25 16:00:00,30.243,,,,,
17698,10/11/25 16:15:00,30.217,,,,,
17699,10/11/25 16:30:00,30.192,,,,,
17700,10/11/25 16:45:00,30.268,,,,,
17701,10/11/25 17:00:00,30.318,,,,,
17702,10/11/25 17:15:00,30.343,,,,,
17703,10/11/25 17:30:00,30.268,,,,,
17704,10/11/25 17:45:00,30.217,,,,,
17705,10/11/25 18:00:00,30.217,,,,,
17706,10/11/25 18:15:00,30.243,,,,,
17707,10/11/25 18:30:00,30.268,,,,,
17708,10/11/25 18:45:00,30.293,,,,,
17709,10/11/25 19:00:00,30.293,,,,,
17710,10/11/25 19:15:00,30.268,,,,,
17711,10/11/25 19:30:00,30.293,,,,,
17712,10/11/25 19:45:00,30.293,,,,,
17713,10/11/25 20:00:00,30.318,,,,,
17714,10/11/25 20:15:00,30.318,,,,,
17715,10/11/25 20:30:00,30.318,,,,,
17716,10/11/25 20:45:00,30.318,,,,,
17717,10/11/25 21:00:00,30.318,,,,,
17718,10/11/25 21:15:00,30.318,,,,,
17719,10/11/25 21:30:00,30.318,,,,,
17720,10/11/25 21:45:00,30.318,,,,,
17721,10/11/25 22:00:00,30.318,,,,,
17722,10/11/25 22:15:00,30.318,,,,,
17723,10/11/25 22:30:00,30.318,,,,,
17724,10/11/25 22:45:00,30.318,,,,,
17725,10/11/25 23:00:00,30.318,,,,,
17726,10/11/25 23:15:00,30.318,,,,,
17727,10/11/25 23:30:00,30.318,,,,,
17728,10/11/25 23:45:00,30.318,,,,,
17729,10/12/25 00:00:00,30.318,,,,,
17730,10/12/25 00:15:00,30.318,,,,,
17731,10/12/25 00:30:00,30.318,,,,,
17732,10/12/25 00:45:00,30.318,,,,,
17733,10/12/25 01:00:00,30.318,,,,,
17734,10/12/25 01:15:00,30.318,,,,,
17735,10/12/25 01:30:00,30.318,,,,,
17736,10/12/25 01:45:00,30.318,,,,,
17737,10/12/25 02:00:00,30.318,,,,,
17738,10/12/25 02:15:00,30.293,,,,,
17739,10/12/25 02:30:00,30.293,,,,,
17740,10/12/25 02:45:00,30.293,,,,,
17741,10/12/25 03:00:00,30.293,,,,,
17742,10/12/25 03:15:00,30.293,,,,,
17743,10/12/25 03:30:00,30.293,,,,,
17744,10/12/25 03:45:00,30.243,,,,,
17745,10/12/25 04:00:00,30.217,,,,,
17746,10/12/25 04:15:00,30.243,,,,,
17747,10/12/25 04:30:00,30.268,,,,,
17748,10/12/25 04:45:00,30.293,,,,,
17749,10/12/25 05:00:00,30.293,,,,,
17750,10/12/25 05:15:00,30.293,,,,,
17751,10/12/25 05:30:00,30.293,,,,,
17752,10/12/25 05:45:00,30.268,,,,,
17753,10/12/25 06:00:00,30.243,,,,,
17754,10/12/25 06:15:00,30.293,,,,,
17755,10/12/25 06:30:00,30.243,,,,,
17756,10/12/25 06:45:00,30.268,,,,,
17757,10/12/25 07:00:00,30.293,,,,,
17758,10/12/25 07:15:00,30.293,,,,,
17759,10/12/25 07:30:00,30.293,,,,,
17760,10/12/25 07:45:00,30.293,,,,,
17761,10/12/25 08:00:00,30.268,,,,,
17762,10/12/25 08:15:00,30.268,,,,,
17763,10/12/25 08:30:00,30.268,,,,,
17764,10/12/25 08:45:00,30.268,,,,,
17765,10/12/25 09:00:00,30.268,,,,,
17766,10/12/25 09:15:00,30.268,,,,,
17767,10/12/25 09:30:00,30.293,,,,,
17768,10/12/25 09:45:00,30.293,,,,,
17769,10/12/25 10:00:00,30.268,,,,,
17770,10/12/25 10:15:00,30.268,,,,,
17771,10/12/25 10:30:00,30.268,,,,,
17772,10/12/25 10:45:00,30.293,,,,,
17773,10/12/25 11:00:00,30.318,,,,,
17774,10/12/25 11:15:00,30.293,,,,,
17775,10/12/25 11:30:00,30.293,,,,,
17776,10/12/25 11:45:00,30.318,,,,,
17777,10/12/25 12:00:00,30.268,,,,,
17778,10/12/25 12:15:00,30.318,,,,,
17779,10/12/25 12:30:00,30.343,,,,,
17780,10/12/25 12:45:00,30.268,,,,,
17781,10/12/25 13:00:00,30.192,,,,,
17782,10/12/25 13:15:00,29.941,,,,,
17783,10/12/25 13:30:00,29.991,,,,,
17784,10/12/25 13:45:00,30.066,,,,,
17785,10/12/25 14:00:00,30.091,,,,,
17786,10/12/25 14:15:00,30.117,,,,,
17787,10/12/25 14:30:00,30.142,,,,,
17788,10/12/25 14:45:00,30.243,,,,,
17789,10/12/25 15:00:00,30.243,,,,,
17790,10/12/25 15:15:00,30.217,,,,,
17791,10/12/25 15:30:00,30.142,,,,,
17792,10/12/25 15:45:00,30.117,,,,,
17793,10/12/25 16:00:00,30.192,,,,,
17794,10/12/25 16:15:00,30.192,,,,,
17795,10/12/25 16:30:00,30.243,,,,,
17796,10/12/25 16:45:00,30.243,,,,,
17797,10/12/25 17:00:00,30.268,,,,,
17798,10/12/25 17:15:00,30.318,,,,,
17799,10/12/25 17:30:00,30.318,,,,,
17800,10/12/25 17:45:00,30.318,,,,,
17801,10/12/25 18:00:00,30.243,,,,,
17802,10/12/25 18:15:00,30.217,,,,,
17803,10/12/25 18:30:00,30.217,,,,,
17804,10/12/25 18:45:00,30.192,,,,,
17805,10/12/25 19:00:00,30.167,,,,,
17806,10/12/25 19:15:00,30.142,,,,,
17807,10/12/25 19:30:00,30.167,,,,,
17808,10/12/25 19:45:00,30.142,,,,,
17809,10/12/25 20:00:00,30.091,,,,,
17810,10/12/25 20:15:00,30.091,,,,,
17811,10/12/25 20:30:00,30.091,,,,,
17812,10/12/25 20:45:00,30.117,,,,,
17813,10/12/25 21:00:00,30.117,,,,,
17814,10/12/25 21:15:00,30.091,,,,,
17815,10/12/25 21:30:00,30.117,,,,,
17816,10/12/25 21:45:00,30.117,,,,,
17817,10/12/25 22:00:00,30.217,,,,,
17818,10/12/25 22:15:00,30.192,,,,,
17819,10/12/25 22:30:00,30.217,,,,,
17820,10/12/25 22:45:00,30.217,,,,,
17821,10/12/25 23:00:00,30.217,,,,,
17822,10/12/25 23:15:00,30.217,,,,,
17823,10/12/25 23:30:00,30.167,,,,,
17824,10/12/25 23:45:00,30.142,,,,,
17825,10/13/25 00:00:00,30.192,,,,,
17826,10/13/25 00:15:00,30.192,,,,,
17827,10/13/25 00:30:00,30.217,,,,,
17828,10/13/25 00:45:00,30.217,,,,,
17829,10/13/25 01:00:00,30.243,,,,,
17830,10/13/25 01:15:00,30.243,,,,,
17831,10/13/25 01:30:00,30.243,,,,,
17832,10/13/25 01:45:00,30.243,,,,,
17833,10/13/25 02:00:00,30.243,,,,,
17834,10/13/25 02:15:00,30.217,,,,,
17835,10/13/25 02:30:00,30.192,,,,,
17836,10/13/25 02:45:00,30.167,,,,,
17837,10/13/25 03:00:00,30.167,,,,,
17838,10/13/25 03:15:00,30.167,,,,,
17839,10/13/25 03:30:00,30.117,,,,,
17840,10/13/25 03:45:00,30.117,,,,,
17841,10/13/25 04:00:00,30.066,,,,,
17842,10/13/25 04:15:00,29.966,,,,,
17843,10/13/25 04:30:00,29.890,,,,,
17844,10/13/25 04:45:00,29.890,,,,,
17845,10/13/25 05:00:00,29.865,,,,,
17846,10/13/25 05:15:00,29.815,,,,,
17847,10/13/25 05:30:00,29.865,,,,,
17848,10/13/25 05:45:00,29.966,,,,,
17849,10/13/25 06:00:00,30.117,,,,,
17850,10/13/25 06:15:00,30.142,,,,,
17851,10/13/25 06:30:00,30.167,,,,,
17852,10/13/25 06:45:00,30.167,,,,,
17853,10/13/25 07:00:00,30.167,,,,,
17854,10/13/25 07:15:00,30.192,,,,,
17855,10/13/25 07:30:00,30.167,,,,,
17856,10/13/25 07:45:00,30.167,,,,,
17857,10/13/25 08:00:00,30.142,,,,,
17858,10/13/25 08:15:00,30.117,,,,,
17859,10/13/25 08:30:00,30.167,,,,,
17860,10/13/25 08:45:00,30.142,,,,,
17861,10/13/25 09:00:00,30.041,,,,,
17862,10/13/25 09:15:00,30.016,,,,,
17863,10/13/25 09:30:00,29.966,,,,,
17864,10/13/25 09:45:00,29.966,,,,,
17865,10/13/25 10:00:00,29.941,,,,,
17866,10/13/25 10:15:00,29.890,,,,,
17867,10/13/25 10:30:00,29.890,,,,,
17868,10/13/25 10:45:00,29.865,,,,,
17869,10/13/25 11:00:00,29.865,,,,,
17870,10/13/25 11:15:00,29.865,,,,,
17871,10/13/25 11:30:00,29.815,,,,,
17872,10/13/25 11:45:00,29.815,,,,,
17873,10/13/25 12:00:00,29.840,,,,,
17874,10/13/25 12:15:00,29.840,,,,,
17875,10/13/25 12:30:00,29.840,,,,,
17876,10/13/25 12:45:00,29.865,,,,,
17877,10/13/25 13:00:00,29.890,,,,,
17878,10/13/25 13:15:00,29.916,,,,,
17879,10/13/25 13:30:00,29.966,,,,,
17880,10/13/25 13:45:00,29.966,,,,,
17881,10/13/25 14:00:00,29.966,,,,,
17882,10/13/25 14:15:00,29.991,,,,,
17883,10/13/25 14:30:00,29.991,,,,,
17884,10/13/25 14:45:00,30.016,,,,,
17885,10/13/25 15:00:00,30.016,,,,,
17886,10/13/25 15:15:00,30.016,,,,,
17887,10/13/25 15:30:00,30.091,,,,,
17888,10/13/25 15:45:00,30.167,,,,,
17889,10/13/25 16:00:00,30.167,,,,,
17890,10/13/25 16:15:00,30.167,,,,,
17891,10/13/25 16:30:00,30.041,,,,,
17892,10/13/25 16:45:00,30.016,,,,,
17893,10/13/25 17:00:00,30.016,,,,,
17894,10/13/25 17:15:00,30.016,,,,,
17895,10/13/25 17:30:00,30.041,,,,,
17896,10/13/25 17:45:00,30.041,,,,,
17897,10/13/25 18:00:00,30.041,,,,,
17898,10/13/25 18:15:00,30.016,,,,,
17899,10/13/25 18:30:00,30.016,,,,,
17900,10/13/25 18:45:00,30.016,,,,,
17901,10/13/25 19:00:00,30.016,,,,,
17902,10/13/25 19:15:00,30.016,,,,,
17903,10/13/25 19:30:00,30.016,,,,,
17904,10/13/25 19:45:00,30.041,,,,,
17905,10/13/25 20:00:00,30.041,,,,,
17906,10/13/25 20:15:00,30.041,,,,,
17907,10/13/25 20:30:00,30.016,,,,,
17908,10/13/25 20:45:00,30.016,,,,,
17909,10/13/25 21:00:00,30.016,,,,,
17910,10/13/25 21:15:00,30.016,,,,,
17911,10/13/25 21:30:00,30.016,,,,,
17912,10/13/25 21:45:00,29.991,,,,,
17913,10/13/25 22:00:00,29.991,,,,,
17914,10/13/25 22:15:00,29.991,,,,,
17915,10/13/25 22:30:00,29.991,,,,,
17916,10/13/25 22:45:00,29.991,,,,,
17917,10/13/25 23:00:00,29.991,,,,,
17918,10/13/25 23:15:00,30.016,,,,,
17919,10/13/25 23:30:00,30.041,,,,,
17920,10/13/25 23:45:00,30.066,,,,,
17921,10/14/25 00:00:00,30.066,,,,,
17922,10/14/25 00:15:00,30.041,,,,,
17923,10/14/25 00:30:00,30.041,,,,,
17924,10/14/25 00:45:00,30.041,,,,,
17925,10/14/25 01:00:00,30.016,,,,,
17926,10/14/25 01:15:00,30.016,,,,,
17927,10/14/25 01:30:00,30.041,,,,,
17928,10/14/25 01:45:00,30.041,,,,,
17929,10/14/25 02:00:00,30.041,,,,,
17930,10/14/25 02:15:00,30.041,,,,,
17931,10/14/25 02:30:00,30.016,,,,,
17932,10/14/25 02:45:00,30.016,,,,,
17933,10/14/25 03:00:00,30.016,,,,,
17934,10/14/25 03:15:00,30.016,,,,,
17935,10/14/25 03:30:00,30.016,,,,,
17936,10/14/25 03:45:00,30.016,,,,,
17937,10/14/25 04:00:00,30.016,,,,,
17938,10/14/25 04:15:00,30.016,,,,,
17939,10/14/25 04:30:00,30.016,,,,,
17940,10/14/25 04:45:00,30.016,,,,,
17941,10/14/25 05:00:00,30.016,,,,,
17942,10/14/25 05:15:00,30.016,,,,,
17943,10/14/25 05:30:00,30.016,,,,,
17944,10/14/25 05:45:00,30.016,,,,,
17945,10/14/25 06:00:00,30.016,,,,,
17946,10/14/25 06:15:00,30.016,,,,,
17947,10/14/25 06:30:00,30.016,,,,,
17948,10/14/25 06:45:00,29.991,,,,,
17949,10/14/25 07:00:00,29.991,,,,,
17950,10/14/25 07:15:00,30.016,,,,,
17951,10/14/25 07:30:00,30.016,,,,,
17952,10/14/25 07:45:00,30.041,,,,,
17953,10/14/25 08:00:00,30.016,,,,,
17954,10/14/25 08:15:00,30.041,,,,,
17955,10/14/25 08:30:00,30.041,,,,,
17956,10/14/25 08:45:00,30.041,,,,,
17957,10/14/25 09:00:00,30.041,,,,,
17958,10/14/25 09:15:00,30.016,,,,,
17959,10/14/25 09:30:00,29.991,,,,,
17960,10/14/25 09:45:00,29.966,,,,,
17961,10/14/25 10:00:00,29.966,,,,,
17962,10/14/25 10:15:00,29.991,,,,,
17963,10/14/25 10:30:00,29.991,,,,,
17964,10/14/25 10:45:00,30.041,,,,,
17965,10/14/25 11:00:00,30.066,,,,,
17966,10/14/25 11:15:00,30.091,,,,,
17967,10/14/25 11:30:00,30.091,,,,,
17968,10/14/25 11:45:00,30.066,,,,,
17969,10/14/25 12:00:00,30.066,,,,,
17970,10/14/25 12:15:00,30.066,,,,,
17971,10/14/25 12:30:00,30.041,,,,,
17972,10/14/25 12:45:00,30.016,,,,,
17973,10/14/25 13:00:00,30.041,,,,,
17974,10/14/25 13:15:00,30.016,,,,,
17975,10/14/25 13:30:00,29.991,,,,,
17976,10/14/25 13:45:00,29.991,,,,,
17977,10/14/25 14:00:00,29.966,,,,,
17978,10/14/25 14:15:00,30.016,,,,,
17979,10/14/25 14:30:00,30.041,,,,,
17980,10/14/25 14:45:00,30.041,,,,,
17981,10/14/25 15:00:00,30.016,,,,,
17982,10/14/25 15:15:00,30.016,,,,,
17983,10/14/25 15:30:00,30.016,,,,,
17984,10/14/25 15:45:00,30.016,,,,,
17985,10/14/25 16:00:00,30.041,,,,,
17986,10/14/25 16:15:00,30.016,,,,,
17987,10/14/25 16:30:00,29.991,,,,,
17988,10/14/25 16:45:00,29.991,,,,,
17989,10/14/25 17:00:00,29.991,,,,,
17990,10/14/25 17:15:00,29.991,,,,,
17991,10/14/25 17:30:00,30.016,,,,,
17992,10/14/25 17:45:00,30.016,,,,,
17993,10/14/25 18:00:00,30.016,,,,,
17994,10/14/25 18:15:00,30.016,,,,,
17995,10/14/25 18:30:00,29.991,,,,,
17996,10/14/25 18:45:00,29.991,,,,,
17997,10/14/25 19:00:00,29.991,,,,,
17998,10/14/25 19:15:00,29.991,,,,,
17999,10/14/25 19:30:00,29.991,,,,,
18000,10/14/25 19:45:00,29.991,,,,,
18001,10/14/25 20:00:00,29.991,,,,,
18002,10/14/25 20:15:00,29.991,,,,,
18003,10/14/25 20:30:00,29.991,,,,,
18004,10/14/25 20:45:00,29.991,,,,,
18005,10/14/25 21:00:00,29.991,,,,,
18006,10/14/25 21:15:00,29.991,,,,,
18007,10/14/25 21:30:00,29.991,,,,,
18008,10/14/25 21:45:00,29.991,,,,,
18009,10/14/25 22:00:00,29.966,,,,,
18010,10/14/25 22:15:00,29.966,,,,,
18011,10/14/25 22:30:00,29.941,,,,,
18012,10/14/25 22:45:00,29.916,,,,,
18013,10/14/25 23:00:00,29.890,,,,,
18014,10/14/25 23:15:00,29.890,,,,,
18015,10/14/25 23:30:00,29.890,,,,,
18016,10/14/25 23:45:00,29.966,,,,,
18017,10/15/25 00:00:00,29.966,,,,,
18018,10/15/25 00:15:00,29.966,,,,,
18019,10/15/25 00:30:00,29.966,,,,,
18020,10/15/25 00:45:00,29.941,,,,,
18021,10/15/25 01:00:00,29.941,,,,,
18022,10/15/25 01:15:00,29.941,,,,,
18023,10/15/25 01:30:00,29.941,,,,,
18024,10/15/25 01:45:00,29.941,,,,,
18025,10/15/25 02:00:00,29.941,,,,,
18026,10/15/25 02:15:00,29.941,,,,,
18027,10/15/25 02:30:00,29.941,,,,,
18028,10/15/25 02:45:00,29.941,,,,,
18029,10/15/25 03:00:00,29.941,,,,,
18030,10/15/25 03:15:00,29.941,,,,,
18031,10/15/25 03:30:00,29.941,,,,,
18032,10/15/25 03:45:00,29.941,,,,,
18033,10/15/25 04:00:00,29.916,,,,,
18034,10/15/25 04:15:00,29.916,,,,,
18035,10/15/25 04:30:00,29.916,,,,,
18036,10/15/25 04:45:00,29.890,,,,,
18037,10/15/25 05:00:00,29.890,,,,,
18038,10/15/25 05:15:00,29.865,,,,,
18039,10/15/25 05:30:00,29.865,,,,,
18040,10/15/25 05:45:00,29.840,,,,,
18041,10/15/25 06:00:00,29.840,,,,,
18042,10/15/25 06:15:00,29.815,,,,,
18043,10/15/25 06:30:00,29.790,,,,,
18044,10/15/25 06:45:00,29.765,,,,,
18045,10/15/25 07:00:00,29.790,,,,,
18046,10/15/25 07:15:00,29.790,,,,,
18047,10/15/25 07:30:00,29.790,,,,,
18048,10/15/25 07:45:00,29.765,,,,,
18049,10/15/25 08:00:00,29.790,,,,,
18050,10/15/25 08:15:00,29.790,,,,,
18051,10/15/25 08:30:00,29.790,,,,,
18052,10/15/25 08:45:00,29.790,,,,,
18053,10/15/25 09:00:00,29.765,,,,,
18054,10/15/25 09:15:00,29.765,,,,,
18055,10/15/25 09:30:00,29.765,,,,,
18056,10/15/25 09:45:00,29.740,,,,,
18057,10/15/25 10:00:00,29.690,,,,,
18058,10/15/25 10:15:00,29.715,,,,,
18059,10/15/25 10:30:00,29.715,,,,,
18060,10/15/25 10:45:00,29.715,,,,,
18061,10/15/25 11:00:00,29.715,,,,,
18062,10/15/25 11:15:00,29.740,,,,,
18063,10/15/25 11:30:00,29.765,,,,,
18064,10/15/25 11:45:00,29.765,,,,,
18065,10/15/25 12:00:00,29.765,,,,,
18066,10/15/25 12:15:00,29.790,,,,,
18067,10/15/25 12:30:00,29.790,,,,,
18068,10/15/25 12:45:00,29.815,,,,,
18069,10/15/25 13:00:00,29.865,,,,,
18070,10/15/25 13:15:00,29.890,,,,,
18071,10/15/25 13:30:00,29.890,,,,,
18072,10/15/25 13:45:00,29.865,,,,,
18073,10/15/25 14:00:00,29.865,,,,,
18074,10/15/25 14:15:00,29.865,,,,,
18075,10/15/25 14:30:00,29.840,,,,,
18076,10/15/25 14:45:00,29.815,,,,,
18077,10/15/25 15:00:00,29.815,,,,,
18078,10/15/25 15:15:00,29.815,,,,,
18079,10/15/25 15:30:00,29.790,,,,,
18080,10/15/25 15:45:00,29.765,,,,,
18081,10/15/25 16:00:00,29.815,,,,,
18082,10/15/25 16:15:00,29.840,,,,,
18083,10/15/25 16:30:00,29.840,,,,,
18084,10/15/25 16:45:00,29.865,,,,,
18085,10/15/25 17:00:00,29.865,,,,,
18086,10/15/25 17:15:00,29.865,,,,,
18087,10/15/25 17:30:00,29.865,,,,,
18088,10/15/25 17:45:00,29.865,,,,,
18089,10/15/25 18:00:00,29.865,,,,,
18090,10/15/25 18:15:00,29.865,,,,,
18091,10/15/25 18:30:00,29.865,,,,,
18092,10/15/25 18:45:00,29.865,,,,,
18093,10/15/25 19:00:00,29.865,,,,,
18094,10/15/25 19:15:00,29.865,,,,,
18095,10/15/25 19:30:00,29.865,,,,,
18096,10/15/25 19:45:00,29.865,,,,,
18097,10/15/25 20:00:00,29.865,,,,,
18098,10/15/25 20:15:00,29.865,,,,,
18099,10/15/25 20:30:00,29.865,,,,,
18100,10/15/25 20:45:00,29.865,,,,,
18101,10/15/25 21:00:00,29.865,,,,,
18102,10/15/25 21:15:00,29.865,,,,,
18103,10/15/25 21:30:00,29.865,,,,,
18104,10/15/25 21:45:00,29.865,,,,,
18105,10/15/25 22:00:00,29.865,,,,,
18106,10/15/25 22:15:00,29.865,,,,,
18107,10/15/25 22:30:00,29.865,,,,,
18108,10/15/25 22:45:00,29.865,,,,,
18109,10/15/25 23:00:00,29.865,,,,,
18110,10/15/25 23:15:00,29.865,,,,,
18111,10/15/25 23:30:00,29.865,,,,,
18112,10/15/25 23:45:00,29.865,,,,,
18113,10/16/25 00:00:00,29.865,,,,,
18114,10/16/25 00:15:00,29.865,,,,,
18115,10/16/25 00:30:00,29.865,,,,,
18116,10/16/25 00:45:00,29.865,,,,,
18117,10/16/25 01:00:00,29.865,,,,,
18118,10/16/25 01:15:00,29.865,,,,,
18119,10/16/25 01:30:00,29.865,,,,,
18120,10/16/25 01:45:00,29.865,,,,,
18121,10/16/25 02:00:00,29.865,,,,,
18122,10/16/25 02:15:00,29.865,,,,,
18123,10/16/25 02:30:00,29.865,,,,,
18124,10/16/25 02:45:00,29.890,,,,,
18125,10/16/25 03:00:00,29.890,,,,,
18126,10/16/25 03:15:00,29.941,,,,,
18127,10/16/25 03:30:00,29.916,,,,,
18128,10/16/25 03:45:00,29.941,,,,,
18129,10/16/25 04:00:00,30.016,,,,,
18130,10/16/25 04:15:00,30.066,,,,,
18131,10/16/25 04:30:00,30.066,,,,,
18132,10/16/25 04:45:00,30.066,,,,,
18133,10/16/25 05:00:00,30.041,,,,,
18134,10/16/25 05:15:00,30.041,,,,,
18135,10/16/25 05:30:00,30.041,,,,,
18136,10/16/25 05:45:00,29.966,,,,,
18137,10/16/25 06:00:00,29.890,,,,,
18138,10/16/25 06:15:00,29.815,,,,,
18139,10/16/25 06:30:00,29.765,,,,,
18140,10/16/25 06:45:00,29.740,,,,,
18141,10/16/25 07:00:00,29.665,,,,,
18142,10/16/25 07:15:00,29.615,,,,,
18143,10/16/25 07:30:00,29.590,,,,,
18144,10/16/25 07:45:00,29.590,,,,,
18145,10/16/25 08:00:00,29.565,,,,,
18146,10/16/25 08:15:00,29.565,,,,,
18147,10/16/25 08:30:00,29.615,,,,,
18148,10/16/25 08:45:00,29.640,,,,,
18149,10/16/25 09:00:00,29.640,,,,,
18150,10/16/25 09:15:00,29.665,,,,,
18151,10/16/25 09:30:00,29.690,,,,,
18152,10/16/25 09:45:00,29.715,,,,,
18153,10/16/25 10:00:00,29.740,,,,,
18154,10/16/25 10:15:00,29.765,,,,,
18155,10/16/25 10:30:00,29.765,,,,,
18156,10/16/25 10:45:00,29.790,,,,,
18157,10/16/25 11:00:00,29.790,,,,,
18158,10/16/25 11:15:00,29.790,,,,,
18159,10/16/25 11:30:00,29.790,,,,,
18160,10/16/25 11:45:00,29.815,,,,,
18161,10/16/25 12:00:00,29.815,,,,,
18162,10/16/25 12:15:00,29.815,,,,,
18163,10/16/25 12:30:00,29.790,,,,,
18164,10/16/25 12:45:00,29.790,,,,,
18165,10/16/25 13:00:00,29.815,,,,,
18166,10/16/25 13:15:00,29.815,,,,,
18167,10/16/25 13:30:00,29.815,,,,,
18168,10/16/25 13:45:00,29.815,,,,,
18169,10/16/25 14:00:00,29.840,,,,,
18170,10/16/25 14:15:00,29.865,,,,,
18171,10/16/25 14:30:00,29.865,,,,,
18172,10/16/25 14:45:00,29.865,,,,,
18173,10/16/25 15:00:00,29.890,,,,,
18174,10/16/25 15:15:00,29.916,,,,,
18175,10/16/25 15:30:00,29.916,,,,,
18176,10/16/25 15:45:00,29.916,,,,,
18177,10/16/25 16:00:00,29.890,,,,,
18178,10/16/25 16:15:00,29.890,,,,,
18179,10/16/25 16:30:00,29.916,,,,,
18180,10/16/25 16:45:00,29.890,,,,,
18181,10/16/25 17:00:00,29.890,,,,,
18182,10/16/25 17:15:00,29.890,,,,,
18183,10/16/25 17:30:00,29.890,,,,,
18184,10/16/25 17:45:00,29.890,,,,,
18185,10/16/25 18:00:00,29.890,,,,,
18186,10/16/25 18:15:00,29.890,,,,,
18187,10/16/25 18:30:00,29.890,,,,,
18188,10/16/25 18:45:00,29.890,,,,,
18189,10/16/25 19:00:00,29.890,,,,,
18190,10/16/25 19:15:00,29.890,,,,,
18191,10/16/25 19:30:00,29.865,,,,,
18192,10/16/25 19:45:00,29.865,,,,,
18193,10/16/25 20:00:00,29.865,,,,,
18194,10/16/25 20:15:00,29.865,,,,,
18195,10/16/25 20:30:00,29.865,,,,,
18196,10/16/25 20:45:00,29.865,,,,,
18197,10/16/25 21:00:00,29.865,,,,,
18198,10/16/25 21:15:00,29.865,,,,,
18199,10/16/25 21:30:00,29.865,,,,,
18200,10/16/25 21:45:00,29.865,,,,,
18201,10/16/25 22:00:00,29.865,,,,,
18202,10/16/25 22:15:00,29.865,,,,,
18203,10/16/25 22:30:00,29.865,,,,,
18204,10/16/25 22:45:00,29.865,,,,,
18205,10/16/25 23:00:00,29.865,,,,,
18206,10/16/25 23:15:00,29.865,,,,,
18207,10/16/25 23:30:00,29.865,,,,,
18208,10/16/25 23:45:00,29.865,,,,,
18209,10/17/25 00:00:00,29.865,,,,,
18210,10/17/25 00:15:00,29.865,,,,,
18211,10/17/25 00:30:00,29.865,,,,,
18212,10/17/25 00:45:00,29.865,,,,,
18213,10/17/25 01:00:00,29.865,,,,,
18214,10/17/25 01:15:00,29.865,,,,,
18215,10/17/25 01:30:00,29.865,,,,,
18216,10/17/25 01:45:00,29.865,,,,,
18217,10/17/25 02:00:00,29.865,,,,,
18218,10/17/25 02:15:00,29.865,,,,,
18219,10/17/25 02:30:00,29.890,,,,,
18220,10/17/25 02:45:00,29.890,,,,,
18221,10/17/25 03:00:00,29.890,,,,,
18222,10/17/25 03:15:00,29.890,,,,,
18223,10/17/25 03:30:00,29.890,,,,,
18224,10/17/25 03:45:00,29.890,,,,,
18225,10/17/25 04:00:00,29.916,,,,,
18226,10/17/25 04:15:00,29.916,,,,,
18227,10/17/25 04:30:00,29.916,,,,,
18228,10/17/25 04:45:00,29.916,,,,,
18229,10/17/25 05:00:00,29.916,,,,,
18230,10/17/25 05:15:00,29.890,,,,,
18231,10/17/25 05:30:00,29.916,,,,,
18232,10/17/25 05:45:00,29.916,,,,,
18233,10/17/25 06:00:00,29.890,,,,,
18234,10/17/25 06:15:00,29.916,,,,,
18235,10/17/25 06:30:00,29.916,,,,,
18236,10/17/25 06:45:00,29.916,,,,,
18237,10/17/25 07:00:00,29.916,,,,,
18238,10/17/25 07:15:00,29.916,,,,,
18239,10/17/25 07:30:00,29.916,,,,,
18240,10/17/25 07:45:00,29.916,,,,,
18241,10/17/25 08:00:00,29.916,,,,,
18242,10/17/25 08:15:00,29.916,,,,,
18243,10/17/25 08:30:00,29.916,,,,,
18244,10/17/25 08:45:00,29.916,,,,,
18245,10/17/25 09:00:00,29.890,,,,,
18246,10/17/25 09:15:00,29.916,,,,,
18247,10/17/25 09:30:00,29.916,,,,,
18248,10/17/25 09:45:00,29.890,,,,,
18249,10/17/25 10:00:00,29.890,,,,,
18250,10/17/25 10:15:00,29.890,,,,,
18251,10/17/25 10:30:00,29.890,,,,,
18252,10/17/25 10:45:00,29.890,,,,,
18253,10/17/25 11:00:00,29.916,,,,,
18254,10/17/25 11:15:00,29.916,,,,,
18255,10/17/25 11:30:00,29.890,,,,,
18256,10/17/25 11:45:00,29.865,,,,,
18257,10/17/25 12:00:00,29.890,,,,,
18258,10/17/25 12:15:00,29.916,,,,,
18259,10/17/25 12:30:00,29.840,,,,,
18260,10/17/25 12:45:00,29.740,,,,,
18261,10/17/25 13:00:00,29.865,,,,,
18262,10/17/25 13:15:00,29.865,,,,,
18263,10/17/25 13:30:00,29.840,,,,,
18264,10/17/25 13:45:00,29.765,,,,,
18265,10/17/25 14:00:00,29.690,,,,,
18266,10/17/25 14:15:00,29.665,,,,,
18267,10/17/25 14:30:00,29.715,,,,,
18268,10/17/25 14:45:00,29.765,,,,,
18269,10/17/25 15:00:00,29.815,,,,,
18270,10/17/25 15:15:00,29.840,,,,,
18271,10/17/25 15:30:00,29.840,,,,,
18272,10/17/25 15:45:00,29.815,,,,,
18273,10/17/25 16:00:00,29.865,,,,,
18274,10/17/25 16:15:00,29.865,,,,,
18275,10/17/25 16:30:00,29.865,,,,,
18276,10/17/25 16:45:00,29.865,,,,,
18277,10/17/25 17:00:00,29.865,,,,,
18278,10/17/25 17:15:00,29.890,,,,,
18279,10/17/25 17:30:00,29.890,,,,,
18280,10/17/25 17:45:00,29.890,,,,,
18281,10/17/25 18:00:00,29.890,,,,,
18282,10/17/25 18:15:00,29.890,,,,,
18283,10/17/25 18:30:00,29.890,,,,,
18284,10/17/25 18:45:00,29.890,,,,,
18285,10/17/25 19:00:00,29.865,,,,,
18286,10/17/25 19:15:00,29.840,,,,,
18287,10/17/25 19:30:00,29.815,,,,,
18288,10/17/25 19:45:00,29.815,,,,,
18289,10/17/25 20:00:00,29.740,,,,,
18290,10/17/25 20:15:00,29.715,,,,,
18291,10/17/25 20:30:00,29.715,,,,,
18292,10/17/25 20:45:00,29.665,,,,,
18293,10/17/25 21:00:00,29.665,,,,,
18294,10/17/25 21:15:00,29.615,,,,,
18295,10/17/25 21:30:00,29.590,,,,,
18296,10/17/25 21:45:00,29.590,,,,,
18297,10/17/25 22:00:00,29.439,,,,,
18298,10/17/25 22:15:00,29.389,,,,,
18299,10/17/25 22:30:00,29.340,,,,,
18300,10/17/25 22:45:00,29.340,,,,,
18301,10/17/25 23:00:00,29.389,,,,,
18302,10/17/25 23:15:00,29.414,,,,,
18303,10/17/25 23:30:00,29.414,,,,,
18304,10/17/25 23:45:00,29.414,,,,,
18305,10/18/25 00:00:00,29.414,,,,,
18306,10/18/25 00:15:00,29.439,,,,,
18307,10/18/25 00:30:00,29.439,,,,,
18308,10/18/25 00:45:00,29.464,,,,,
18309,10/18/25 01:00:00,29.490,,,,,
18310,10/18/25 01:15:00,29.540,,,,,
18311,10/18/25 01:30:00,29.565,,,,,
18312,10/18/25 01:45:00,29.565,,,,,
18313,10/18/25 02:00:00,29.590,,,,,
18314,10/18/25 02:15:00,29.565,,,,,
18315,10/18/25 02:30:00,29.540,,,,,
18316,10/18/25 02:45:00,29.515,,,,,
18317,10/18/25 03:00:00,29.515,,,,,
18318,10/18/25 03:15:00,29.515,,,,,
18319,10/18/25 03:30:00,29.515,,,,,
18320,10/18/25 03:45:00,29.540,,,,,
18321,10/18/25 04:00:00,29.540,,,,,
18322,10/18/25 04:15:00,29.540,,,,,
18323,10/18/25 04:30:00,29.540,,,,,
18324,10/18/25 04:45:00,29.540,,,,,
18325,10/18/25 05:00:00,29.515,,,,,
18326,10/18/25 05:15:00,29.515,,,,,
18327,10/18/25 05:30:00,29.540,,,,,
18328,10/18/25 05:45:00,29.515,,,,,
18329,10/18/25 06:00:00,29.515,,,,,
18330,10/18/25 06:15:00,29.515,,,,,
18331,10/18/25 06:30:00,29.464,,,,,
18332,10/18/25 06:45:00,29.389,,,,,
18333,10/18/25 07:00:00,29.340,,,,,
18334,10/18/25 07:15:00,29.315,,,,,
18335,10/18/25 07:30:00,29.290,,,,,
18336,10/18/25 07:45:00,29.265,,,,,
18337,10/18/25 08:00:00,29.290,,,,,
18338,10/18/25 08:15:00,29.315,,,,,
18339,10/18/25 08:30:00,29.365,,,,,
18340,10/18/25 08:45:00,29.414,,,,,
18341,10/18/25 09:00:00,29.439,,,,,
18342,10/18/25 09:15:00,29.464,,,,,
18343,10/18/25 09:30:00,29.464,,,,,
18344,10/18/25 09:45:00,29.490,,,,,
18345,10/18/25 10:00:00,29.490,,,,,
18346,10/18/25 10:15:00,29.464,,,,,
18347,10/18/25 10:30:00,29.490,,,,,
18348,10/18/25 10:45:00,29.515,,,,,
18349,10/18/25 11:00:00,29.540,,,,,
18350,10/18/25 11:15:00,29.590,,,,,
18351,10/18/25 11:30:00,29.615,,,,,
18352,10/18/25 11:45:00,29.615,,,,,
18353,10/18/25 12:00:00,29.615,,,,,
18354,10/18/25 12:15:00,29.640,,,,,
18355,10/18/25 12:30:00,29.640,,,,,
18356,10/18/25 12:45:00,29.640,,,,,
18357,10/18/25 13:00:00,29.640,,,,,
18358,10/18/25 13:15:00,29.665,,,,,
18359,10/18/25 13:30:00,29.665,,,,,
18360,10/18/25 13:45:00,29.665,,,,,
18361,10/18/25 14:00:00,29.640,,,,,
18362,10/18/25 14:15:00,29.665,,,,,
18363,10/18/25 14:30:00,29.665,,,,,
18364,10/18/25 14:45:00,29.690,,,,,
18365,10/18/25 15:00:00,29.665,,,,,
18366,10/18/25 15:15:00,29.690,,,,,
18367,10/18/25 15:30:00,29.690,,,,,
18368,10/18/25 15:45:00,29.690,,,,,
18369,10/18/25 16:00:00,29.665,,,,,
18370,10/18/25 16:15:00,29.665,,,,,
18371,10/18/25 16:30:00,29.665,,,,,
18372,10/18/25 16:45:00,29.665,,,,,
18373,10/18/25 17:00:00,29.640,,,,,
18374,10/18/25 17:15:00,29.640,,,,,
18375,10/18/25 17:30:00,29.640,,,,,
18376,10/18/25 17:45:00,29.640,,,,,
18377,10/18/25 18:00:00,29.640,,,,,
18378,10/18/25 18:15:00,29.640,,,,,
18379,10/18/25 18:30:00,29.640,,,,,
18380,10/18/25 18:45:00,29.640,,,,,
18381,10/18/25 19:00:00,29.640,,,,,
18382,10/18/25 19:15:00,29.640,,,,,
18383,10/18/25 19:30:00,29.640,,,,,
18384,10/18/25 19:45:00,29.665,,,,,
18385,10/18/25 20:00:00,29.640,,,,,
18386,10/18/25 20:15:00,29.640,,,,,
18387,10/18/25 20:30:00,29.640,,,,,
18388,10/18/25 20:45:00,29.640,,,,,
18389,10/18/25 21:00:00,29.665,,,,,
18390,10/18/25 21:15:00,29.640,,,,,
18391,10/18/25 21:30:00,29.665,,,,,
18392,10/18/25 21:45:00,29.665,,,,,
18393,10/18/25 22:00:00,29.740,,,,,
18394,10/18/25 22:15:00,29.865,,,,,
18395,10/18/25 22:30:00,29.890,,,,,
18396,10/18/25 22:45:00,29.890,,,,,
18397,10/18/25 23:00:00,29.865,,,,,
18398,10/18/25 23:15:00,29.865,,,,,
18399,10/18/25 23:30:00,29.840,,,,,
18400,10/18/25 23:45:00,29.840,,,,,
18401,10/19/25 00:00:00,29.815,,,,,
18402,10/19/25 00:15:00,29.840,,,,,
18403,10/19/25 00:30:00,29.840,,,,,
18404,10/19/25 00:45:00,29.840,,,,,
18405,10/19/25 01:00:00,29.815,,,,,
18406,10/19/25 01:15:00,29.815,,,,,
18407,10/19/25 01:30:00,29.815,,,,,
18408,10/19/25 01:45:00,29.790,,,,,
18409,10/19/25 02:00:00,29.790,,,,,
18410,10/19/25 02:15:00,29.790,,,,,
18411,10/19/25 02:30:00,29.790,,,,,
18412,10/19/25 02:45:00,29.765,,,,,
18413,10/19/25 03:00:00,29.765,,,,,
18414,10/19/25 03:15:00,29.765,,,,,
18415,10/19/25 03:30:00,29.790,,,,,
18416,10/19/25 03:45:00,29.790,,,,,
18417,10/19/25 04:00:00,29.790,,,,,
18418,10/19/25 04:15:00,29.765,,,,,
18419,10/19/25 04:30:00,29.715,,,,,
18420,10/19/25 04:45:00,29.715,,,,,
18421,10/19/25 05:00:00,29.715,,,,,
18422,10/19/25 05:15:00,29.740,,,,,
18423,10/19/25 05:30:00,29.765,,,,,
18424,10/19/25 05:45:00,29.765,,,,,
18425,10/19/25 06:00:00,29.790,,,,,
18426,10/19/25 06:15:00,29.765,,,,,
18427,10/19/25 06:30:00,29.765,,,,,
18428,10/19/25 06:45:00,29.765,,,,,
18429,10/19/25 07:00:00,29.765,,,,,
18430,10/19/25 07:15:00,29.765,,,,,
18431,10/19/25 07:30:00,29.765,,,,,
18432,10/19/25 07:45:00,29.740,,,,,
18433,10/19/25 08:00:00,29.690,,,,,
18434,10/19/25 08:15:00,29.690,,,,,
18435,10/19/25 08:30:00,29.740,,,,,
18436,10/19/25 08:45:00,29.740,,,,,
18437,10/19/25 09:00:00,29.740,,,,,
18438,10/19/25 09:15:00,29.740,,,,,
18439,10/19/25 09:30:00,29.740,,,,,
18440,10/19/25 09:45:00,29.740,,,,,
18441,10/19/25 10:00:00,29.715,,,,,
18442,10/19/25 10:15:00,29.715,,,,,
18443,10/19/25 10:30:00,29.765,,,,,
18444,10/19/25 10:45:00,29.740,,,,,
18445,10/19/25 11:00:00,29.815,,,,,
18446,10/19/25 11:15:00,29.790,,,,,
18447,10/19/25 11:30:00,29.815,,,,,
18448,10/19/25 11:45:00,29.815,,,,,
18449,10/19/25 12:00:00,29.840,,,,,
18450,10/19/25 12:15:00,29.815,,,,,
18451,10/19/25 12:30:00,29.840,,,,,
18452,10/19/25 12:45:00,29.840,,,,,
18453,10/19/25 13:00:00,29.840,,,,,
18454,10/19/25 13:15:00,29.840,,,,,
18455,10/19/25 13:30:00,29.840,,,,,
18456,10/19/25 13:45:00,29.865,,,,,
18457,10/19/25 14:00:00,29.865,,,,,
18458,10/19/25 14:15:00,29.865,,,,,
18459,10/19/25 14:30:00,29.890,,,,,
18460,10/19/25 14:45:00,29.890,,,,,
18461,10/19/25 15:00:00,29.865,,,,,
18462,10/19/25 15:15:00,29.865,,,,,
18463,10/19/25 15:30:00,29.865,,,,,
18464,10/19/25 15:45:00,29.890,,,,,
18465,10/19/25 16:00:00,29.890,,,,,
18466,10/19/25 16:15:00,29.865,,,,,
18467,10/19/25 16:30:00,29.865,,,,,
18468,10/19/25 16:45:00,29.865,,,,,
18469,10/19/25 17:00:00,29.865,,,,,
18470,10/19/25 17:15:00,29.840,,,,,
18471,10/19/25 17:30:00,29.840,,,,,
18472,10/19/25 17:45:00,29.840,,,,,
18473,10/19/25 18:00:00,29.840,,,,,
18474,10/19/25 18:15:00,29.865,,,,,
18475,10/19/25 18:30:00,29.865,,,,,
18476,10/19/25 18:45:00,29.865,,,,,
18477,10/19/25 19:00:00,29.865,,,,,
18478,10/19/25 19:15:00,29.865,,,,,
18479,10/19/25 19:30:00,29.865,,,,,
18480,10/19/25 19:45:00,29.865,,,,,
18481,10/19/25 20:00:00,29.865,,,,,
18482,10/19/25 20:15:00,29.865,,,,,
18483,10/19/25 20:30:00,29.840,,,,,
18484,10/19/25 20:45:00,29.840,,,,,
18485,10/19/25 21:00:00,29.840,,,,,
18486,10/19/25 21:15:00,29.840,,,,,
18487,10/19/25 21:30:00,29.840,,,,,
18488,10/19/25 21:45:00,29.840,,,,,
18489,10/19/25 22:00:00,29.840,,,,,
18490,10/19/25 22:15:00,29.840,,,,,
18491,10/19/25 22:30:00,29.840,,,,,
18492,10/19/25 22:45:00,29.840,,,,,
18493,10/19/25 23:00:00,29.840,,,,,
18494,10/19/25 23:15:00,29.840,,,,,
18495,10/19/25 23:30:00,29.840,,,,,
18496,10/19/25 23:45:00,29.840,,,,,
18497,10/20/25 00:00:00,29.840,,,,,
18498,10/20/25 00:15:00,29.840,,,,,
18499,10/20/25 00:30:00,29.840,,,,,
18500,10/20/25 00:45:00,29.865,,,,,
18501,10/20/25 01:00:00,29.865,,,,,
18502,10/20/25 01:15:00,29.865,,,,,
18503,10/20/25 01:30:00,29.865,,,,,
18504,10/20/25 01:45:00,29.890,,,,,
18505,10/20/25 02:00:00,29.890,,,,,
18506,10/20/25 02:15:00,29.890,,,,,
18507,10/20/25 02:30:00,29.890,,,,,
18508,10/20/25 02:45:00,29.890,,,,,
18509,10/20/25 03:00:00,29.890,,,,,
18510,10/20/25 03:15:00,29.890,,,,,
18511,10/20/25 03:30:00,29.916,,,,,
18512,10/20/25 03:45:00,29.916,,,,,
18513,10/20/25 04:00:00,29.916,,,,,
18514,10/20/25 04:15:00,29.916,,,,,
18515,10/20/25 04:30:00,29.916,,,,,
18516,10/20/25 04:45:00,29.890,,,,,
18517,10/20/25 05:00:00,29.890,,,,,
18518,10/20/25 05:15:00,29.890,,,,,
18519,10/20/25 05:30:00,29.865,,,,,
18520,10/20/25 05:45:00,29.865,,,,,
18521,10/20/25 06:00:00,29.865,,,,,
18522,10/20/25 06:15:00,29.840,,,,,
18523,10/20/25 06:30:00,29.815,,,,,
18524,10/20/25 06:45:00,29.815,,,,,
18525,10/20/25 07:00:00,29.890,,,,,
18526,10/20/25 07:15:00,29.890,,,,,
18527,10/20/25 07:30:00,29.840,,,,,
18528,10/20/25 07:45:00,29.815,,,,,
18529,10/20/25 08:00:00,29.890,,,,,
18530,10/20/25 08:15:00,29.890,,,,,
18531,10/20/25 08:30:00,29.865,,,,,
18532,10/20/25 08:45:00,29.865,,,,,
18533,10/20/25 09:00:00,29.865,,,,,
18534,10/20/25 09:15:00,29.865,,,,,
18535,10/20/25 09:30:00,29.890,,,,,
18536,10/20/25 09:45:00,29.890,,,,,
18537,10/20/25 10:00:00,29.890,,,,,
18538,10/20/25 10:15:00,29.865,,,,,
18539,10/20/25 10:30:00,29.890,,,,,
18540,10/20/25 10:45:00,29.890,,,,,
18541,10/20/25 11:00:00,29.916,,,,,
18542,10/20/25 11:15:00,29.916,,,,,
18543,10/20/25 11:30:00,29.890,,,,,
18544,10/20/25 11:45:00,29.890,,,,,
18545,10/20/25 12:00:00,29.890,,,,,
18546,10/20/25 12:15:00,29.890,,,,,
18547,10/20/25 12:30:00,29.890,,,,,
18548,10/20/25 12:45:00,29.865,,,,,
18549,10/20/25 13:00:00,29.890,,,,,
18550,10/20/25 13:15:00,29.865,,,,,
18551,10/20/25 13:30:00,29.840,,,,,
18552,10/20/25 13:45:00,29.865,,,,,
18553,10/20/25 14:00:00,29.865,,,,,
18554,10/20/25 14:15:00,29.865,,,,,
18555,10/20/25 14:30:00,29.865,,,,,
18556,10/20/25 14:45:00,29.865,,,,,
18557,10/20/25 15:00:00,29.865,,,,,
18558,10/20/25 15:15:00,29.865,,,,,
18559,10/20/25 15:30:00,29.865,,,,,
18560,10/20/25 15:45:00,29.840,,,,,
18561,10/20/25 16:00:00,29.815,,,,,
18562,10/20/25 16:15:00,29.815,,,,,
18563,10/20/25 16:30:00,29.815,,,,,
18564,10/20/25 16:45:00,29.815,,,,,
18565,10/20/25 17:00:00,29.815,,,,,
18566,10/20/25 17:15:00,29.815,,,,,
18567,10/20/25 17:30:00,29.815,,,,,
18568,10/20/25 17:45:00,29.815,,,,,
18569,10/20/25 18:00:00,29.815,,,,,
18570,10/20/25 18:15:00,29.815,,,,,
18571,10/20/25 18:30:00,29.815,,,,,
18572,10/20/25 18:45:00,29.815,,,,,
18573,10/20/25 19:00:00,29.790,,,,,
18574,10/20/25 19:15:00,29.790,,,,,
18575,10/20/25 19:30:00,29.790,,,,,
18576,10/20/25 19:45:00,29.790,,,,,
18577,10/20/25 20:00:00,29.790,,,,,
18578,10/20/25 20:15:00,29.790,,,,,
18579,10/20/25 20:30:00,29.790,,,,,
18580,10/20/25 20:45:00,29.790,,,,,
18581,10/20/25 21:00:00,29.690,,,,,
18582,10/20/25 21:15:00,29.640,,,,,
18583,10/20/25 21:30:00,29.615,,,,,
18584,10/20/25 21:45:00,29.615,,,,,
18585,10/20/25 22:00:00,29.590,,,,,
18586,10/20/25 22:15:00,29.565,,,,,
18587,10/20/25 22:30:00,29.590,,,,,
18588,10/20/25 22:45:00,29.565,,,,,
18589,10/20/25 23:00:00,29.565,,,,,
18590,10/20/25 23:15:00,29.565,,,,,
18591,10/20/25 23:30:00,29.565,,,,,
18592,10/20/25 23:45:00,29.565,,,,,
18593,10/21/25 00:00:00,29.565,,,,,
18594,10/21/25 00:15:00,29.565,,,,,
18595,10/21/25 00:30:00,29.565,,,,,
18596,10/21/25 00:45:00,29.565,,,,,
18597,10/21/25 01:00:00,29.590,,,,,
18598,10/21/25 01:15:00,29.590,,,,,
18599,10/21/25 01:30:00,29.565,,,,,
18600,10/21/25 01:45:00,29.565,,,,,
18601,10/21/25 02:00:00,29.565,,,,,
18602,10/21/25 02:15:00,29.540,,,,,
18603,10/21/25 02:30:00,29.540,,,,,
18604,10/21/25 02:45:00,29.540,,,,,
18605,10/21/25 03:00:00,29.540,,,,,
18606,10/21/25 03:15:00,29.540,,,,,
18607,10/21/25 03:30:00,29.540,,,,,
18608,10/21/25 03:45:00,29.540,,,,,
18609,10/21/25 04:00:00,29.540,,,,,
18610,10/21/25 04:15:00,29.565,,,,,
18611,10/21/25 04:30:00,29.540,,,,,
18612,10/21/25 04:45:00,29.540,,,,,
18613,10/21/25 05:00:00,29.540,,,,,
18614,10/21/25 05:15:00,29.540,,,,,
18615,10/21/25 05:30:00,29.515,,,,,
18616,10/21/25 05:45:00,29.515,,,,,
18617,10/21/25 06:00:00,29.540,,,,,
18618,10/21/25 06:15:00,29.540,,,,,
18619,10/21/25 06:30:00,29.540,,,,,
18620,10/21/25 06:45:00,29.540,,,,,
18621,10/21/25 07:00:00,29.540,,,,,
18622,10/21/25 07:15:00,29.565,,,,,
18623,10/21/25 07:30:00,29.565,,,,,
18624,10/21/25 07:45:00,29.565,,,,,
18625,10/21/25 08:00:00,29.565,,,,,
18626,10/21/25 08:15:00,29.565,,,,,
18627,10/21/25 08:30:00,29.565,,,,,
18628,10/21/25 08:45:00,29.565,,,,,
18629,10/21/25 09:00:00,29.565,,,,,
18630,10/21/25 09:15:00,29.565,,,,,
18631,10/21/25 09:30:00,29.565,,,,,
18632,10/21/25 09:45:00,29.565,,,,,
18633,10/21/25 10:00:00,29.565,,,,,
18634,10/21/25 10:15:00,29.565,,,,,
18635,10/21/25 10:30:00,29.565,,,,,
18636,10/21/25 10:45:00,29.515,,,,,
18637,10/21/25 11:00:00,29.515,,,,,
18638,10/21/25 11:15:00,29.515,,,,,
18639,10/21/25 11:30:00,29.515,,,,,
18640,10/21/25 11:45:00,29.540,,,,,
18641,10/21/25 12:00:00,29.565,,,,,
18642,10/21/25 12:15:00,29.565,,,,,
18643,10/21/25 12:30:00,29.540,,,,,
18644,10/21/25 12:45:00,29.515,,,,,
18645,10/21/25 13:00:00,29.490,,,,,
18646,10/21/25 13:15:00,29.464,,,,,
18647,10/21/25 13:30:00,29.464,,,,,
18648,10/21/25 13:45:00,29.515,,,,,
18649,10/21/25 14:00:00,29.540,,,,,
18650,10/21/25 14:15:00,29.540,,,,,
18651,10/21/25 14:30:00,29.565,,,,,
18652,10/21/25 14:45:00,29.565,,,,,
18653,10/21/25 15:00:00,29.565,,,,,
18654,10/21/25 15:15:00,29.590,,,,,
18655,10/21/25 15:30:00,29.590,,,,,
18656,10/21/25 15:45:00,29.615,,,,,
18657,10/21/25 16:00:00,29.615,,,,,
18658,10/21/25 16:15:00,29.615,,,,,
18659,10/21/25 16:30:00,29.615,,,,,
18660,10/21/25 16:45:00,29.615,,,,,
18661,10/21/25 17:00:00,29.615,,,,,
18662,10/21/25 17:15:00,29.615,,,,,
18663,10/21/25 17:30:00,29.615,,,,,
18664,10/21/25 17:45:00,29.615,,,,,
18665,10/21/25 18:00:00,29.615,,,,,
18666,10/21/25 18:15:00,29.590,,,,,
18667,10/21/25 18:30:00,29.615,,,,,
18668,10/21/25 18:45:00,29.590,,,,,
18669,10/21/25 19:00:00,29.590,,,,,
18670,10/21/25 19:15:00,29.615,,,,,
18671,10/21/25 19:30:00,29.615,,,,,
18672,10/21/25 19:45:00,29.615,,,,,
18673,10/21/25 20:00:00,29.615,,,,,
18674,10/21/25 20:15:00,29.590,,,,,
18675,10/21/25 20:30:00,29.615,,,,,
18676,10/21/25 20:45:00,29.590,,,,,
18677,10/21/25 21:00:00,29.590,,,,,
18678,10/21/25 21:15:00,29.590,,,,,
18679,10/21/25 21:30:00,29.590,,,,,
18680,10/21/25 21:45:00,29.590,,,,,
18681,10/21/25 22:00:00,29.565,,,,,
18682,10/21/25 22:15:00,29.590,,,,,
18683,10/21/25 22:30:00,29.565,,,,,
18684,10/21/25 22:45:00,29.565,,,,,
18685,10/21/25 23:00:00,29.565,,,,,
18686,10/21/25 23:15:00,29.565,,,,,
18687,10/21/25 23:30:00,29.565,,,,,
18688,10/21/25 23:45:00,29.565,,,,,
18689,10/22/25 00:00:00,29.565,,,,,
18690,10/22/25 00:15:00,29.565,,,,,
18691,10/22/25 00:30:00,29.565,,,,,
18692,10/22/25 00:45:00,29.540,,,,,
18693,10/22/25 01:00:00,29.565,,,,,
18694,10/22/25 01:15:00,29.565,,,,,
18695,10/22/25 01:30:00,29.565,,,,,
18696,10/22/25 01:45:00,29.565,,,,,
18697,10/22/25 02:00:00,29.565,,,,,
18698,10/22/25 02:15:00,29.540,,,,,
18699,10/22/25 02:30:00,29.540,,,,,
18700,10/22/25 02:45:00,29.540,,,,,
18701,10/22/25 03:00:00,29.515,,,,,
18702,10/22/25 03:15:00,29.540,,,,,
18703,10/22/25 03:30:00,29.515,,,,,
18704,10/22/25 03:45:00,29.515,,,,,
18705,10/22/25 04:00:00,29.515,,,,,
18706,10/22/25 04:15:00,29.515,,,,,
18707,10/22/25 04:30:00,29.515,,,,,
18708,10/22/25 04:45:00,29.540,,,,,
18709,10/22/25 05:00:00,29.515,,,,,
18710,10/22/25 05:15:00,29.515,,,,,
18711,10/22/25 05:30:00,29.515,,,,,
18712,10/22/25 05:45:00,29.515,,,,,
18713,10/22/25 06:00:00,29.515,,,,,
18714,10/22/25 06:15:00,29.515,,,,,
18715,10/22/25 06:30:00,29.490,,,,,
18716,10/22/25 06:45:00,29.490,,,,,
18717,10/22/25 07:00:00,29.490,,,,,
18718,10/22/25 07:15:00,29.490,,,,,
18719,10/22/25 07:30:00,29.490,,,,,
18720,10/22/25 07:45:00,29.490,,,,,
18721,10/22/25 08:00:00,29.464,,,,,
18722,10/22/25 08:15:00,29.414,,,,,
18723,10/22/25 08:30:00,29.414,,,,,
18724,10/22/25 08:45:00,29.414,,,,,
18725,10/22/25 09:00:00,29.439,,,,,
18726,10/22/25 09:15:00,29.439,,,,,
18727,10/22/25 09:30:00,29.439,,,,,
18728,10/22/25 09:45:00,29.464,,,,,
18729,10/22/25 10:00:00,29.464,,,,,
18730,10/22/25 10:15:00,29.464,,,,,
18731,10/22/25 10:30:00,29.464,,,,,
18732,10/22/25 10:45:00,29.464,,,,,
18733,10/22/25 11:00:00,29.464,,,,,
18734,10/22/25 11:15:00,29.464,,,,,
18735,10/22/25 11:30:00,29.464,,,,,
18736,10/22/25 11:45:00,29.464,,,,,
18737,10/22/25 12:00:00,29.464,,,,,
18738,10/22/25 12:15:00,29.515,,,,,
18739,10/22/25 12:30:00,29.464,,,,,
18740,10/22/25 12:45:00,29.439,,,,,
18741,10/22/25 13:00:00,29.464,,,,,
18742,10/22/25 13:15:00,29.464,,,,,
18743,10/22/25 13:30:00,29.464,,,,,
18744,10/22/25 13:45:00,29.464,,,,,
18745,10/22/25 14:00:00,29.490,,,,,
18746,10/22/25 14:15:00,29.464,,,,,
18747,10/22/25 14:30:00,29.490,,,,,
18748,10/22/25 14:45:00,29.490,,,,,
18749,10/22/25 15:00:00,29.490,,,,,
18750,10/22/25 15:15:00,29.464,,,,,
18751,10/22/25 15:30:00,29.464,,,,,
18752,10/22/25 15:45:00,29.490,,,,,
18753,10/22/25 16:00:00,29.490,,,,,
18754,10/22/25 16:15:00,29.464,,,,,
18755,10/22/25 16:30:00,29.464,,,,,
18756,10/22/25 16:45:00,29.490,,,,,
18757,10/22/25 17:00:00,29.490,,,,,
18758,10/22/25 17:15:00,29.490,,,,,
18759,10/22/25 17:30:00,29.490,,,,,
18760,10/22/25 17:45:00,29.490,,,,,
18761,10/22/25 18:00:00,29.490,,,,,
18762,10/22/25 18:15:00,29.490,,,,,
18763,10/22/25 18:30:00,29.490,,,,,
18764,10/22/25 18:45:00,29.490,,,,,
18765,10/22/25 19:00:00,29.490,,,,,
18766,10/22/25 19:15:00,29.490,,,,,
18767,10/22/25 19:30:00,29.490,,,,,
18768,10/22/25 19:45:00,29.490,,,,,
18769,10/22/25 20:00:00,29.490,,,,,
18770,10/22/25 20:15:00,29.490,,,,,
18771,10/22/25 20:30:00,29.490,,,,,
18772,10/22/25 20:45:00,29.490,,,,,
18773,10/22/25 21:00:00,29.490,,,,,
18774,10/22/25 21:15:00,29.464,,,,,
18775,10/22/25 21:30:00,29.439,,,,,
18776,10/22/25 21:45:00,29.414,,,,,
18777,10/22/25 22:00:00,29.389,,,,,
18778,10/22/25 22:15:00,29.365,,,,,
18779,10/22/25 22:30:00,29.340,,,,,
18780,10/22/25 22:45:00,29.340,,,,,
18781,10/22/25 23:00:00,29.365,,,,,
18782,10/22/25 23:15:00,29.389,,,,,
18783,10/22/25 23:30:00,29.389,,,,,
18784,10/22/25 23:45:00,29.389,,,,,
18785,10/23/25 00:00:00,29.389,,,,,
18786,10/23/25 00:15:00,29.389,,,,,
18787,10/23/25 00:30:00,29.389,,,,,
18788,10/23/25 00:45:00,29.389,,,,,
18789,10/23/25 01:00:00,29.389,,,,,
18790,10/23/25 01:15:00,29.389,,,,,
18791,10/23/25 01:30:00,29.389,,,,,
18792,10/23/25 01:45:00,29.389,,,,,
18793,10/23/25 02:00:00,29.414,,,,,
18794,10/23/25 02:15:00,29.414,,,,,
18795,10/23/25 02:30:00,29.414,,,,,
18796,10/23/25 02:45:00,29.414,,,,,
18797,10/23/25 03:00:00,29.414,,,,,
18798,10/23/25 03:15:00,29.414,,,,,
18799,10/23/25 03:30:00,29.414,,,,,
18800,10/23/25 03:45:00,29.389,,,,,
18801,10/23/25 04:00:00,29.389,,,,,
18802,10/23/25 04:15:00,29.389,,,,,
18803,10/23/25 04:30:00,29.365,,,,,
18804,10/23/25 04:45:00,29.365,,,,,
18805,10/23/25 05:00:00,29.365,,,,,
18806,10/23/25 05:15:00,29.365,,,,,
18807,10/23/25 05:30:00,29.365,,,,,
18808,10/23/25 05:45:00,29.365,,,,,
18809,10/23/25 06:00:00,29.365,,,,,
18810,10/23/25 06:15:00,29.365,,,,,
18811,10/23/25 06:30:00,29.365,,,,,
18812,10/23/25 06:45:00,29.365,,,,,
18813,10/23/25 07:00:00,29.365,,,,,
18814,10/23/25 07:15:00,29.340,,,,,
18815,10/23/25 07:30:00,29.365,,,,,
18816,10/23/25 07:45:00,29.340,,,,,
18817,10/23/25 08:00:00,29.365,,,,,
18818,10/23/25 08:15:00,29.365,,,,,
18819,10/23/25 08:30:00,29.365,,,,,
18820,10/23/25 08:45:00,29.365,,,,,
18821,10/23/25 09:00:00,29.365,,,,,
18822,10/23/25 09:15:00,29.365,,,,,
18823,10/23/25 09:30:00,29.365,,,,,
18824,10/23/25 09:45:00,29.340,,,,,
18825,10/23/25 10:00:00,29.365,,,,,
18826,10/23/25 10:15:00,29.365,,,,,
18827,10/23/25 10:30:00,29.365,,,,,
18828,10/23/25 10:45:00,29.365,,,,,
18829,10/23/25 11:00:00,29.389,,,,,
18830,10/23/25 11:15:00,29.414,,,,,
18831,10/23/25 11:30:00,29.414,,,,,
18832,10/23/25 11:45:00,29.439,,,,,
18833,10/23/25 12:00:00,29.414,,,,,
18834,10/23/25 12:15:00,29.389,,,,,
18835,10/23/25 12:30:00,29.365,,,,,
18836,10/23/25 12:45:00,29.365,,,,,
18837,10/23/25 13:00:00,29.389,,,,,
18838,10/23/25 13:15:00,29.389,,,,,
18839,10/23/25 13:30:00,29.389,,,,,
18840,10/23/25 13:45:00,29.389,,,,,
18841,10/23/25 14:00:00,29.414,,,,,
18842,10/23/25 14:15:00,29.414,,,,,
18843,10/23/25 14:30:00,29.414,,,,,
18844,10/23/25 14:45:00,29.414,,,,,
18845,10/23/25 15:00:00,29.414,,,,,
18846,10/23/25 15:15:00,29.414,,,,,
18847,10/23/25 15:30:00,29.414,,,,,
18848,10/23/25 15:45:00,29.414,,,,,
18849,10/23/25 16:00:00,29.414,,,,,
18850,10/23/25 16:15:00,29.439,,,,,
18851,10/23/25 16:30:00,29.439,,,,,
18852,10/23/25 16:45:00,29.439,,,,,
18853,10/23/25 17:00:00,29.439,,,,,
18854,10/23/25 17:15:00,29.439,,,,,
18855,10/23/25 17:30:00,29.439,,,,,
18856,10/23/25 17:45:00,29.439,,,,,
18857,10/23/25 18:00:00,29.439,,,,,
18858,10/23/25 18:15:00,29.414,,,,,
18859,10/23/25 18:30:00,29.414,,,,,
18860,10/23/25 18:45:00,29.414,,,,,
18861,10/23/25 19:00:00,29.414,,,,,
18862,10/23/25 19:15:00,29.414,,,,,
18863,10/23/25 19:30:00,29.414,,,,,
18864,10/23/25 19:45:00,29.414,,,,,
18865,10/23/25 20:00:00,29.414,,,,,
18866,10/23/25 20:15:00,29.389,,,,,
18867,10/23/25 20:30:00,29.389,,,,,
18868,10/23/25 20:45:00,29.389,,,,,
18869,10/23/25 21:00:00,29.389,,,,,
18870,10/23/25 21:15:00,29.389,,,,,
18871,10/23/25 21:30:00,29.389,,,,,
18872,10/23/25 21:45:00,29.389,,,,,
18873,10/23/25 22:00:00,29.389,,,,,
18874,10/23/25 22:15:00,29.389,,,,,
18875,10/23/25 22:30:00,29.389,,,,,
18876,10/23/25 22:45:00,29.389,,,,,
18877,10/23/25 23:00:00,29.389,,,,,
18878,10/23/25 23:15:00,29.389,,,,,
18879,10/23/25 23:30:00,29.389,,,,,
18880,10/23/25 23:45:00,29.414,,,,,
18881,10/24/25 00:00:00,29.414,,,,,
18882,10/24/25 00:15:00,29.414,,,,,
18883,10/24/25 00:30:00,29.414,,,,,
18884,10/24/25 00:45:00,29.414,,,,,
18885,10/24/25 01:00:00,29.414,,,,,
18886,10/24/25 01:15:00,29.414,,,,,
18887,10/24/25 01:30:00,29.414,,,,,
18888,10/24/25 01:45:00,29.414,,,,,
18889,10/24/25 02:00:00,29.439,,,,,
18890,10/24/25 02:15:00,29.439,,,,,
18891,10/24/25 02:30:00,29.439,,,,,
18892,10/24/25 02:45:00,29.439,,,,,
18893,10/24/25 03:00:00,29.414,,,,,
18894,10/24/25 03:15:00,29.414,,,,,
18895,10/24/25 03:30:00,29.414,,,,,
18896,10/24/25 03:45:00,29.414,,,,,
18897,10/24/25 04:00:00,29.414,,,,,
18898,10/24/25 04:15:00,29.414,,,,,
18899,10/24/25 04:30:00,29.414,,,,,
18900,10/24/25 04:45:00,29.414,,,,,
18901,10/24/25 05:00:00,29.414,,,,,
18902,10/24/25 05:15:00,29.414,,,,,
18903,10/24/25 05:30:00,29.389,,,,,
18904,10/24/25 05:45:00,29.389,,,,,
18905,10/24/25 06:00:00,29.389,,,,,
18906,10/24/25 06:15:00,29.389,,,,,
18907,10/24/25 06:30:00,29.389,,,,,
18908,10/24/25 06:45:00,29.389,,,,,
18909,10/24/25 07:00:00,29.414,,,,,
18910,10/24/25 07:15:00,29.414,,,,,
18911,10/24/25 07:30:00,29.389,,,,,
18912,10/24/25 07:45:00,29.389,,,,,
18913,10/24/25 08:00:00,29.389,,,,,
18914,10/24/25 08:15:00,29.389,,,,,
18915,10/24/25 08:30:00,29.389,,,,,
18916,10/24/25 08:45:00,29.365,,,,,
18917,10/24/25 09:00:00,29.389,,,,,
18918,10/24/25 09:15:00,29.389,,,,,
18919,10/24/25 09:30:00,29.414,,,,,
18920,10/24/25 09:45:00,29.439,,,,,
18921,10/24/25 10:00:00,29.439,,,,,
18922,10/24/25 10:15:00,29.365,,,,,
18923,10/24/25 10:30:00,29.340,,,,,
18924,10/24/25 10:45:00,29.315,,,,,
18925,10/24/25 11:00:00,29.315,,,,,
18926,10/24/25 11:15:00,29.340,,,,,
18927,10/24/25 11:30:00,29.365,,,,,
18928,10/24/25 11:45:00,29.389,,,,,
18929,10/24/25 12:00:00,29.414,,,,,
18930,10/24/25 12:15:00,29.464,,,,,
18931,10/24/25 12:30:00,29.490,,,,,
18932,10/24/25 12:45:00,29.490,,,,,
18933,10/24/25 13:00:00,29.490,,,,,
18934,10/24/25 13:15:00,29.515,,,,,
18935,10/24/25 13:30:00,29.515,,,,,
18936,10/24/25 13:45:00,29.490,,,,,
18937,10/24/25 14:00:00,29.490,,,,,
18938,10/24/25 14:15:00,29.515,,,,,
18939,10/24/25 14:30:00,29.515,,,,,
18940,10/24/25 14:45:00,29.515,,,,,
18941,10/24/25 15:00:00,29.515,,,,,
18942,10/24/25 15:15:00,29.515,,,,,
18943,10/24/25 15:30:00,29.540,,,,,
18944,10/24/25 15:45:00,29.515,,,,,
18945,10/24/25 16:00:00,29.515,,,,,
18946,10/24/25 16:15:00,29.515,,,,,
18947,10/24/25 16:30:00,29.515,,,,,
18948,10/24/25 16:45:00,29.515,,,,,
18949,10/24/25 17:00:00,29.515,,,,,
18950,10/24/25 17:15:00,29.515,,,,,
18951,10/24/25 17:30:00,29.515,,,,,
18952,10/24/25 17:45:00,29.515,,,,,
18953,10/24/25 18:00:00,29.515,,,,,
18954,10/24/25 18:15:00,29.540,,,,,
18955,10/24/25 18:30:00,29.590,,,,,
18956,10/24/25 18:45:00,29.590,,,,,
18957,10/24/25 19:00:00,29.565,,,,,
18958,10/24/25 19:15:00,29.615,,,,,
18959,10/24/25 19:30:00,29.615,,,,,
18960,10/24/25 19:45:00,29.640,,,,,
18961,10/24/25 20:00:00,29.665,,,,,
18962,10/24/25 20:15:00,29.640,,,,,
18963,10/24/25 20:30:00,29.615,,,,,
18964,10/24/25 20:45:00,29.615,,,,,
18965,10/24/25 21:00:00,29.640,,,,,
18966,10/24/25 21:15:00,29.615,,,,,
18967,10/24/25 21:30:00,29.565,,,,,
18968,10/24/25 21:45:00,29.540,,,,,
18969,10/24/25 22:00:00,29.515,,,,,
18970,10/24/25 22:15:00,29.515,,,,,
18971,10/24/25 22:30:00,29.540,,,,,
18972,10/24/25 22:45:00,29.540,,,,,
18973,10/24/25 23:00:00,29.540,,,,,
18974,10/24/25 23:15:00,29.540,,,,,
18975,10/24/25 23:30:00,29.540,,,,,
18976,10/24/25 23:45:00,29.515,,,,,
18977,10/25/25 00:00:00,29.515,,,,,
18978,10/25/25 00:15:00,29.515,,,,,
18979,10/25/25 00:30:00,29.515,,,,,
18980,10/25/25 00:45:00,29.515,,,,,
18981,10/25/25 01:00:00,29.515,,,,,
18982,10/25/25 01:15:00,29.490,,,,,
18983,10/25/25 01:30:00,29.490,,,,,
18984,10/25/25 01:45:00,29.490,,,,,
18985,10/25/25 02:00:00,29.515,,,,,
18986,10/25/25 02:15:00,29.515,,,,,
18987,10/25/25 02:30:00,29.515,,,,,
18988,10/25/25 02:45:00,29.515,,,,,
18989,10/25/25 03:00:00,29.515,,,,,
18990,10/25/25 03:15:00,29.515,,,,,
18991,10/25/25 03:30:00,29.515,,,,,
18992,10/25/25 03:45:00,29.515,,,,,
18993,10/25/25 04:00:00,29.515,,,,,
18994,10/25/25 04:15:00,29.515,,,,,
18995,10/25/25 04:30:00,29.515,,,,,
18996,10/25/25 04:45:00,29.490,,,,,
18997,10/25/25 05:00:00,29.515,,,,,
18998,10/25/25 05:15:00,29.515,,,,,
18999,10/25/25 05:30:00,29.515,,,,,
19000,10/25/25 05:45:00,29.515,,,,,
19001,10/25/25 06:00:00,29.515,,,,,
19002,10/25/25 06:15:00,29.490,,,,,
19003,10/25/25 06:30:00,29.515,,,,,
19004,10/25/25 06:45:00,29.515,,,,,
19005,10/25/25 07:00:00,29.515,,,,,
19006,10/25/25 07:15:00,29.515,,,,,
19007,10/25/25 07:30:00,29.515,,,,,
19008,10/25/25 07:45:00,29.515,,,,,
19009,10/25/25 08:00:00,29.515,,,,,
19010,10/25/25 08:15:00,29.515,,,,,
19011,10/25/25 08:30:00,29.515,,,,,
19012,10/25/25 08:45:00,29.515,,,,,
19013,10/25/25 09:00:00,29.515,,,,,
19014,10/25/25 09:15:00,29.540,,,,,
19015,10/25/25 09:30:00,29.515,,,,,
19016,10/25/25 09:45:00,29.540,,,,,
19017,10/25/25 10:00:00,29.540,,,,,
19018,10/25/25 10:15:00,29.540,,,,,
19019,10/25/25 10:30:00,29.540,,,,,
19020,10/25/25 10:45:00,29.540,,,,,
19021,10/25/25 11:00:00,29.540,,,,,
19022,10/25/25 11:15:00,29.540,,,,,
19023,10/25/25 11:30:00,29.540,,,,,
19024,10/25/25 11:45:00,29.565,,,,,
19025,10/25/25 12:00:00,29.565,,,,,
19026,10/25/25 12:15:00,29.565,,,,,
19027,10/25/25 12:30:00,29.565,,,,,
19028,10/25/25 12:45:00,29.590,,,,,
19029,10/25/25 13:00:00,29.590,,,,,
19030,10/25/25 13:15:00,29.615,,,,,
19031,10/25/25 13:30:00,29.640,,,,,
19032,10/25/25 13:45:00,29.690,,,,,
19033,10/25/25 14:00:00,29.715,,,,,
19034,10/25/25 14:15:00,29.740,,,,,
19035,10/25/25 14:30:00,29.740,,,,,
19036,10/25/25 14:45:00,29.765,,,,,
19037,10/25/25 15:00:00,29.765,,,,,
19038,10/25/25 15:15:00,29.790,,,,,
19039,10/25/25 15:30:00,29.790,,,,,
19040,10/25/25 15:45:00,29.790,,,,,
19041,10/25/25 16:00:00,29.790,,,,,
19042,10/25/25 16:15:00,29.765,,,,,
19043,10/25/25 16:30:00,29.740,,,,,
19044,10/25/25 16:45:00,29.740,,,,,
19045,10/25/25 17:00:00,29.715,,,,,
19046,10/25/25 17:15:00,29.690,,,,,
19047,10/25/25 17:30:00,29.640,,,,,
19048,10/25/25 17:45:00,29.590,,,,,
19049,10/25/25 18:00:00,29.565,,,,,
19050,10/25/25 18:15:00,29.565,,,,,
19051,10/25/25 18:30:00,29.565,,,,,
19052,10/25/25 18:45:00,29.565,,,,,
19053,10/25/25 19:00:00,29.565,,,,,
19054,10/25/25 19:15:00,29.565,,,,,
19055,10/25/25 19:30:00,29.565,,,,,
19056,10/25/25 19:45:00,29.565,,,,,
19057,10/25/25 20:00:00,29.590,,,,,
19058,10/25/25 20:15:00,29.590,,,,,
19059,10/25/25 20:30:00,29.590,,,,,
19060,10/25/25 20:45:00,29.590,,,,,
19061,10/25/25 21:00:00,29.565,,,,,
19062,10/25/25 21:15:00,29.565,,,,,
19063,10/25/25 21:30:00,29.590,,,,,
19064,10/25/25 21:45:00,29.590,,,,,
19065,10/25/25 22:00:00,29.565,,,,,
19066,10/25/25 22:15:00,29.565,,,,,
19067,10/25/25 22:30:00,29.565,,,,,
19068,10/25/25 22:45:00,29.565,,,,,
19069,10/25/25 23:00:00,29.565,,,,,
19070,10/25/25 23:15:00,29.565,,,,,
19071,10/25/25 23:30:00,29.540,,,,,
19072,10/25/25 23:45:00,29.565,,,,,
19073,10/26/25 00:00:00,29.540,,,,,
19074,10/26/25 00:15:00,29.565,,,,,
19075,10/26/25 00:30:00,29.540,,,,,
19076,10/26/25 00:45:00,29.515,,,,,
19077,10/26/25 01:00:00,29.515,,,,,
19078,10/26/25 01:15:00,29.515,,,,,
19079,10/26/25 01:30:00,29.515,,,,,
19080,10/26/25 01:45:00,29.515,,,,,
19081,10/26/25 02:00:00,29.515,,,,,
19082,10/26/25 02:15:00,29.515,,,,,
19083,10/26/25 02:30:00,29.515,,,,,
19084,10/26/25 02:45:00,29.515,,,,,
19085,10/26/25 03:00:00,29.515,,,,,
19086,10/26/25 03:15:00,29.515,,,,,
19087,10/26/25 03:30:00,29.490,,,,,
19088,10/26/25 03:45:00,29.490,,,,,
19089,10/26/25 04:00:00,29.490,,,,,
19090,10/26/25 04:15:00,29.490,,,,,
19091,10/26/25 04:30:00,29.490,,,,,
19092,10/26/25 04:45:00,29.490,,,,,
19093,10/26/25 05:00:00,29.464,,,,,
19094,10/26/25 05:15:00,29.464,,,,,
19095,10/26/25 05:30:00,29.439,,,,,
19096,10/26/25 05:45:00,29.439,,,,,
19097,10/26/25 06:00:00,29.439,,,,,
19098,10/26/25 06:15:00,29.414,,,,,
19099,10/26/25 06:30:00,29.414,,,,,
19100,10/26/25 06:45:00,29.414,,,,,
19101,10/26/25 07:00:00,29.414,,,,,
19102,10/26/25 07:15:00,29.414,,,,,
19103,10/26/25 07:30:00,29.439,,,,,
19104,10/26/25 07:45:00,29.439,,,,,
19105,10/26/25 08:00:00,29.439,,,,,
19106,10/26/25 08:15:00,29.439,,,,,
19107,10/26/25 08:30:00,29.439,,,,,
19108,10/26/25 08:45:00,29.490,,,,,
19109,10/26/25 09:00:00,29.515,,,,,
19110,10/26/25 09:15:00,29.515,,,,,
19111,10/26/25 09:30:00,29.515,,,,,
19112,10/26/25 09:45:00,29.515,,,,,
19113,10/26/25 10:00:00,29.515,,,,,
19114,10/26/25 10:15:00,29.490,,,,,
19115,10/26/25 10:30:00,29.439,,,,,
19116,10/26/25 10:45:00,29.414,,,,,
19117,10/26/25 11:00:00,29.439,,,,,
19118,10/26/25 11:15:00,29.439,,,,,
19119,10/26/25 11:30:00,29.490,,,,,
19120,10/26/25 11:45:00,29.490,,,,,
19121,10/26/25 12:00:00,29.490,,,,,
19122,10/26/25 12:15:00,29.490,,,,,
19123,10/26/25 12:30:00,29.515,,,,,
19124,10/26/25 12:45:00,29.515,,,,,
19125,10/26/25 13:00:00,29.464,,,,,
19126,10/26/25 13:15:00,29.490,,,,,
19127,10/26/25 13:30:00,29.515,,,,,
19128,10/26/25 13:45:00,29.490,,,,,
19129,10/26/25 14:00:00,29.439,,,,,
19130,10/26/25 14:15:00,29.490,,,,,
19131,10/26/25 14:30:00,29.490,,,,,
19132,10/26/25 14:45:00,29.515,,,,,
19133,10/26/25 15:00:00,29.490,,,,,
19134,10/26/25 15:15:00,29.464,,,,,
19135,10/26/25 15:30:00,29.439,,,,,
19136,10/26/25 15:45:00,29.414,,,,,
19137,10/26/25 16:00:00,29.414,,,,,
19138,10/26/25 16:15:00,29.414,,,,,
19139,10/26/25 16:30:00,29.414,,,,,
19140,10/26/25 16:45:00,29.439,,,,,
19141,10/26/25 17:00:00,29.439,,,,,
19142,10/26/25 17:15:00,29.439,,,,,
19143,10/26/25 17:30:00,29.464,,,,,
19144,10/26/25 17:45:00,29.490,,,,,
19145,10/26/25 18:00:00,29.490,,,,,
19146,10/26/25 18:15:00,29.490,,,,,
19147,10/26/25 18:30:00,29.464,,,,,
19148,10/26/25 18:45:00,29.464,,,,,
19149,10/26/25 19:00:00,29.464,,,,,
19150,10/26/25 19:15:00,29.439,,,,,
19151,10/26/25 19:30:00,29.439,,,,,
19152,10/26/25 19:45:00,29.464,,,,,
19153,10/26/25 20:00:00,29.464,,,,,
19154,10/26/25 20:15:00,29.464,,,,,
19155,10/26/25 20:30:00,29.464,,,,,
19156,10/26/25 20:45:00,29.464,,,,,
19157,10/26/25 21:00:00,29.464,,,,,
19158,10/26/25 21:15:00,29.464,,,,,
19159,10/26/25 21:30:00,29.464,,,,,
19160,10/26/25 21:45:00,29.439,,,,,
19161,10/26/25 22:00:00,29.439,,,,,
19162,10/26/25 22:15:00,29.464,,,,,
19163,10/26/25 22:30:00,29.464,,,,,
19164,10/26/25 22:45:00,29.464,,,,,
19165,10/26/25 23:00:00,29.464,,,,,
19166,10/26/25 23:15:00,29.464,,,,,
19167,10/26/25 23:30:00,29.490,,,,,
19168,10/26/25 23:45:00,29.490,,,,,
19169,10/27/25 00:00:00,29.414,,,,,
19170,10/27/25 00:15:00,29.414,,,,,
19171,10/27/25 00:30:00,29.365,,,,,
19172,10/27/25 00:45:00,29.340,,,,,
19173,10/27/25 01:00:00,29.389,,,,,
19174,10/27/25 01:15:00,29.439,,,,,
19175,10/27/25 01:30:00,29.464,,,,,
19176,10/27/25 01:45:00,29.464,,,,,
19177,10/27/25 02:00:00,29.515,,,,,
19178,10/27/25 02:15:00,29.515,,,,,
19179,10/27/25 02:30:00,29.515,,,,,
19180,10/27/25 02:45:00,29.540,,,,,
19181,10/27/25 03:00:00,29.515,,,,,
19182,10/27/25 03:15:00,29.464,,,,,
19183,10/27/25 03:30:00,29.490,,,,,
19184,10/27/25 03:45:00,29.414,,,,,
19185,10/27/25 04:00:00,29.414,,,,,
19186,10/27/25 04:15:00,29.389,,,,,
19187,10/27/25 04:30:00,29.389,,,,,
19188,10/27/25 04:45:00,29.464,,,,,
19189,10/27/25 05:00:00,29.414,,,,,
19190,10/27/25 05:15:00,29.439,,,,,
19191,10/27/25 05:30:00,29.565,,,,,
19192,10/27/25 05:45:00,29.590,,,,,
19193,10/27/25 06:00:00,29.590,,,,,
19194,10/27/25 06:15:00,29.590,,,,,
19195,10/27/25 06:30:00,29.565,,,,,
19196,10/27/25 06:45:00,29.565,,,,,
19197,10/27/25 07:00:00,29.565,,,,,
19198,10/27/25 07:15:00,29.515,,,,,
19199,10/27/25 07:30:00,29.490,,,,,
19200,10/27/25 07:45:00,29.490,,,,,
19201,10/27/25 08:00:00,29.490,,,,,
19202,10/27/25 08:15:00,29.490,,,,,
19203,10/27/25 08:30:00,29.464,,,,,
19204,10/27/25 08:45:00,29.464,,,,,
19205,10/27/25 09:00:00,29.464,,,,,
19206,10/27/25 09:15:00,29.464,,,,,
19207,10/27/25 09:30:00,29.464,,,,,
19208,10/27/25 09:45:00,29.490,,,,,
19209,10/27/25 10:00:00,29.490,,,,,
19210,10/27/25 10:15:00,29.490,,,,,
19211,10/27/25 10:30:00,29.515,,,,,
19212,10/27/25 10:45:00,29.515,,,,,
19213,10/27/25 11:00:00,29.515,,,,,
19214,10/27/25 11:15:00,29.515,,,,,
19215,10/27/25 11:30:00,29.540,,,,,
19216,10/27/25 11:45:00,29.565,,,,,
19217,10/27/25 12:00:00,29.565,,,,,
19218,10/27/25 12:15:00,29.565,,,,,
19219,10/27/25 12:30:00,29.565,,,,,
19220,10/27/25 12:45:00,29.540,,,,,
19221,10/27/25 13:00:00,29.540,,,,,
19222,10/27/25 13:15:00,29.540,,,,,
19223,10/27/25 13:30:00,29.515,,,,,
19224,10/27/25 13:45:00,29.515,,,,,
19225,10/27/25 14:00:00,29.490,,,,,
19226,10/27/25 14:15:00,29.490,,,,,
19227,10/27/25 14:30:00,29.464,,,,,
19228,10/27/25 14:45:00,29.490,,,,,
19229,10/27/25 15:00:00,29.490,,,,,
19230,10/27/25 15:15:00,29.490,,,,,
19231,10/27/25 15:30:00,29.490,,,,,
19232,10/27/25 15:45:00,29.464,,,,,
19233,10/27/25 16:00:00,29.464,,,,,
19234,10/27/25 16:15:00,29.464,,,,,
19235,10/27/25 16:30:00,29.464,,,,,
19236,10/27/25 16:45:00,29.464,,,,,
19237,10/27/25 17:00:00,29.464,,,,,
19238,10/27/25 17:15:00,29.389,,,,,
19239,10/27/25 17:30:00,29.389,,,,,
19240,10/27/25 17:45:00,29.389,,,,,
19241,10/27/25 18:00:00,29.389,,,,,
19242,10/27/25 18:15:00,29.365,,,,,
19243,10/27/25 18:30:00,29.365,,,,,
19244,10/27/25 18:45:00,29.389,,,,,
19245,10/27/25 19:00:00,29.414,,,,,
19246,10/27/25 19:15:00,29.439,,,,,
19247,10/27/25 19:30:00,29.464,,,,,
19248,10/27/25 19:45:00,29.464,,,,,
19249,10/27/25 20:00:00,29.490,,,,,
19250,10/27/25 20:15:00,29.490,,,,,
19251,10/27/25 20:30:00,29.490,,,,,
19252,10/27/25 20:45:00,29.490,,,,,
19253,10/27/25 21:00:00,29.464,,,,,
19254,10/27/25 21:15:00,29.490,,,,,
19255,10/27/25 21:30:00,29.464,,,,,
19256,10/27/25 21:45:00,29.464,,,,,
19257,10/27/25 22:00:00,29.464,,,,,
19258,10/27/25 22:15:00,29.464,,,,,
19259,10/27/25 22:30:00,29.464,,,,,
19260,10/27/25 22:45:00,29.464,,,,,
19261,10/27/25 23:00:00,29.464,,,,,
19262,10/27/25 23:15:00,29.464,,,,,
19263,10/27/25 23:30:00,29.490,,,,,
19264,10/27/25 23:45:00,29.490,,,,,
19265,10/28/25 00:00:00,29.490,,,,,
19266,10/28/25 00:15:00,29.490,,,,,
19267,10/28/25 00:30:00,29.515,,,,,
19268,10/28/25 00:45:00,29.515,,,,,
19269,10/28/25 01:00:00,29.490,,,,,
19270,10/28/25 01:15:00,29.490,,,,,
19271,10/28/25 01:30:00,29.464,,,,,
19272,10/28/25 01:45:00,29.490,,,,,
19273,10/28/25 02:00:00,29.490,,,,,
19274,10/28/25 02:15:00,29.490,,,,,
19275,10/28/25 02:30:00,29.490,,,,,
19276,10/28/25 02:45:00,29.490,,,,,
19277,10/28/25 03:00:00,29.490,,,,,
19278,10/28/25 03:15:00,29.464,,,,,
19279,10/28/25 03:30:00,29.464,,,,,
19280,10/28/25 03:45:00,29.464,,,,,
19281,10/28/25 04:00:00,29.464,,,,,
19282,10/28/25 04:15:00,29.464,,,,,
19283,10/28/25 04:30:00,29.439,,,,,
19284,10/28/25 04:45:00,29.439,,,,,
19285,10/28/25 05:00:00,29.439,,,,,
19286,10/28/25 05:15:00,29.439,,,,,
19287,10/28/25 05:30:00,29.439,,,,,
19288,10/28/25 05:45:00,29.464,,,,,
19289,10/28/25 06:00:00,29.439,,,,,
19290,10/28/25 06:15:00,29.439,,,,,
19291,10/28/25 06:30:00,29.439,,,,,
19292,10/28/25 06:45:00,29.439,,,,,
19293,10/28/25 07:00:00,29.439,,,,,
19294,10/28/25 07:15:00,29.439,,,,,
19295,10/28/25 07:30:00,29.439,,,,,
19296,10/28/25 07:45:00,29.439,,,,,
19297,10/28/25 08:00:00,29.439,,,,,
19298,10/28/25 08:15:00,29.439,,,,,
19299,10/28/25 08:30:00,29.439,,,,,
19300,10/28/25 08:45:00,29.439,,,,,
19301,10/28/25 09:00:00,29.439,,,,,
19302,10/28/25 09:15:00,29.439,,,,,
19303,10/28/25 09:30:00,29.464,,,,,
19304,10/28/25 09:45:00,29.490,,,,,
19305,10/28/25 10:00:00,29.490,,,,,
19306,10/28/25 10:15:00,29.540,,,,,
19307,10/28/25 10:30:00,29.540,,,,,
19308,10/28/25 10:45:00,29.540,,,,,
19309,10/28/25 11:00:00,29.515,,,,,
19310,10/28/25 11:15:00,29.439,,,,,
19311,10/28/25 11:30:00,29.389,,,,,
19312,10/28/25 11:45:00,29.439,,,,,
19313,10/28/25 12:00:00,29.464,,,,,
19314,10/28/25 12:15:00,29.464,,,,,
19315,10/28/25 12:30:00,29.464,,,,,
19316,10/28/25 12:45:00,29.490,,,,,
19317,10/28/25 13:00:00,29.515,,,,,
19318,10/28/25 13:15:00,29.540,,,,,
19319,10/28/25 13:30:00,29.540,,,,,
19320,10/28/25 13:45:00,29.540,,,,,
19321,10/28/25 14:00:00,29.540,,,,,
19322,10/28/25 14:15:00,29.540,,,,,
19323,10/28/25 14:30:00,29.540,,,,,
19324,10/28/25 14:45:00,29.540,,,,,
19325,10/28/25 15:00:00,29.540,,,,,
19326,10/28/25 15:15:00,29.540,,,,,
19327,10/28/25 15:30:00,29.540,,,,,
19328,10/28/25 15:45:00,29.540,,,,,
19329,10/28/25 16:00:00,29.540,,,,,
19330,10/28/25 16:15:00,29.540,,,,,
19331,10/28/25 16:30:00,29.540,,,,,
19332,10/28/25 16:45:00,29.565,,,,,
19333,10/28/25 17:00:00,29.565,,,,,
19334,10/28/25 17:15:00,29.565,,,,,
19335,10/28/25 17:30:00,29.565,,,,,
19336,10/28/25 17:45:00,29.565,,,,,
19337,10/28/25 18:00:00,29.540,,,,,
19338,10/28/25 18:15:00,29.540,,,,,
19339,10/28/25 18:30:00,29.540,,,,,
19340,10/28/25 18:45:00,29.540,,,,,
19341,10/28/25 19:00:00,29.515,,,,,
19342,10/28/25 19:15:00,29.490,,,,,
19343,10/28/25 19:30:00,29.490,,,,,
19344,10/28/25 19:45:00,29.490,,,,,
19345,10/28/25 20:00:00,29.490,,,,,
19346,10/28/25 20:15:00,29.490,,,,,
19347,10/28/25 20:30:00,29.490,,,,,
19348,10/28/25 20:45:00,29.515,,,,,
19349,10/28/25 21:00:00,29.515,,,,,
19350,10/28/25 21:15:00,29.515,,,,,
19351,10/28/25 21:30:00,29.515,,,,,
19352,10/28/25 21:45:00,29.515,,,,,
19353,10/28/25 22:00:00,29.515,,,,,
19354,10/28/25 22:15:00,29.515,,,,,
19355,10/28/25 22:30:00,29.515,,,,,
19356,10/28/25 22:45:00,29.515,,,,,
19357,10/28/25 23:00:00,29.515,,,,,
19358,10/28/25 23:15:00,29.515,,,,,
19359,10/28/25 23:30:00,29.515,,,,,
19360,10/28/25 23:45:00,29.515,,,,,
19361,10/29/25 00:00:00,29.515,,,,,
19362,10/29/25 00:15:00,29.515,,,,,
19363,10/29/25 00:30:00,29.490,,,,,
19364,10/29/25 00:45:00,29.490,,,,,
19365,10/29/25 01:00:00,29.490,,,,,
19366,10/29/25 01:15:00,29.490,,,,,
19367,10/29/25 01:30:00,29.464,,,,,
19368,10/29/25 01:45:00,29.464,,,,,
19369,10/29/25 02:00:00,29.464,,,,,
19370,10/29/25 02:15:00,29.464,,,,,
19371,10/29/25 02:30:00,29.464,,,,,
19372,10/29/25 02:45:00,29.464,,,,,
19373,10/29/25 03:00:00,29.439,,,,,
19374,10/29/25 03:15:00,29.439,,,,,
19375,10/29/25 03:30:00,29.439,,,,,
19376,10/29/25 03:45:00,29.439,,,,,
19377,10/29/25 04:00:00,29.515,,,,,
19378,10/29/25 04:15:00,29.490,,,,,
19379,10/29/25 04:30:00,29.515,,,,,
19380,10/29/25 04:45:00,29.540,,,,,
19381,10/29/25 05:00:00,29.540,,,,,
19382,10/29/25 05:15:00,29.540,,,,,
19383,10/29/25 05:30:00,29.540,,,,,
19384,10/29/25 05:45:00,29.540,,,,,
19385,10/29/25 06:00:00,29.540,,,,,
19386,10/29/25 06:15:00,29.540,,,,,
19387,10/29/25 06:30:00,29.515,,,,,
19388,10/29/25 06:45:00,29.490,,,,,
19389,10/29/25 07:00:00,29.464,,,,,
19390,10/29/25 07:15:00,29.464,,,,,
19391,10/29/25 07:30:00,29.464,,,,,
19392,10/29/25 07:45:00,29.439,,,,,
19393,10/29/25 08:00:00,29.414,,,,,
19394,10/29/25 08:15:00,29.439,,,,,
19395,10/29/25 08:30:00,29.414,,,,,
19396,10/29/25 08:45:00,29.439,,,,,
19397,10/29/25 09:00:00,29.414,,,,,
19398,10/29/25 09:15:00,29.414,,,,,
19399,10/29/25 09:30:00,29.414,,,,,
19400,10/29/25 09:45:00,29.439,,,,,
19401,10/29/25 10:00:00,29.439,,,,,
19402,10/29/25 10:15:00,29.464,,,,,
19403,10/29/25 10:30:00,29.439,,,,,
19404,10/29/25 10:45:00,29.490,,,,,
19405,10/29/25 11:00:00,29.515,,,,,
19406,10/29/25 11:15:00,29.515,,,,,
19407,10/29/25 11:30:00,29.515,,,,,
19408,10/29/25 11:45:00,29.515,,,,,
19409,10/29/25 12:00:00,29.515,,,,,
19410,10/29/25 12:15:00,29.540,,,,,
19411,10/29/25 12:30:00,29.540,,,,,
19412,10/29/25 12:45:00,29.565,,,,,
19413,10/29/25 13:00:00,29.565,,,,,
19414,10/29/25 13:15:00,29.590,,,,,
19415,10/29/25 13:30:00,29.565,,,,,
19416,10/29/25 13:45:00,29.565,,,,,
19417,10/29/25 14:00:00,29.540,,,,,
19418,10/29/25 14:15:00,29.565,,,,,
19419,10/29/25 14:30:00,29.540,,,,,
19420,10/29/25 14:45:00,29.540,,,,,
19421,10/29/25 15:00:00,29.515,,,,,
19422,10/29/25 15:15:00,29.540,,,,,
19423,10/29/25 15:30:00,29.540,,,,,
19424,10/29/25 15:45:00,29.565,,,,,
19425,10/29/25 16:00:00,29.565,,,,,
19426,10/29/25 16:15:00,29.590,,,,,
19427,10/29/25 16:30:00,29.615,,,,,
19428,10/29/25 16:45:00,29.615,,,,,
19429,10/29/25 17:00:00,29.615,,,,,
19430,10/29/25 17:15:00,29.615,,,,,
19431,10/29/25 17:30:00,29.615,,,,,
19432,10/29/25 17:45:00,29.640,,,,,
19433,10/29/25 18:00:00,29.615,,,,,
19434,10/29/25 18:15:00,29.590,,,,,
19435,10/29/25 18:30:00,29.565,,,,,
19436,10/29/25 18:45:00,29.565,,,,,
19437,10/29/25 19:00:00,29.540,,,,,
19438,10/29/25 19:15:00,29.540,,,,,
19439,10/29/25 19:30:00,29.540,,,,,
19440,10/29/25 19:45:00,29.540,,,,,
19441,10/29/25 20:00:00,29.540,,,,,
19442,10/29/25 20:15:00,29.540,,,,,
19443,10/29/25 20:30:00,29.540,,,,,
19444,10/29/25 20:45:00,29.540,,,,,
19445,10/29/25 21:00:00,29.540,,,,,
19446,10/29/25 21:15:00,29.515,,,,,
19447,10/29/25 21:30:00,29.515,,,,,
19448,10/29/25 21:45:00,29.515,,,,,
19449,10/29/25 22:00:00,29.515,,,,,
19450,10/29/25 22:15:00,29.515,,,,,
19451,10/29/25 22:30:00,29.515,,,,,
19452,10/29/25 22:45:00,29.515,,,,,
19453,10/29/25 23:00:00,29.490,,,,,
19454,10/29/25 23:15:00,29.515,,,,,
19455,10/29/25 23:30:00,29.515,,,,,
19456,10/29/25 23:45:00,29.515,,,,,
19457,10/30/25 00:00:00,29.515,,,,,
19458,10/30/25 00:15:00,29.515,,,,,
19459,10/30/25 00:30:00,29.515,,,,,
19460,10/30/25 00:45:00,29.515,,,,,
19461,10/30/25 01:00:00,29.515,,,,,
19462,10/30/25 01:15:00,29.515,,,,,
19463,10/30/25 01:30:00,29.515,,,,,
19464,10/30/25 01:45:00,29.515,,,,,
19465,10/30/25 02:00:00,29.515,,,,,
19466,10/30/25 02:15:00,29.515,,,,,
19467,10/30/25 02:30:00,29.515,,,,,
19468,10/30/25 02:45:00,29.515,,,,,
19469,10/30/25 03:00:00,29.515,,,,,
19470,10/30/25 03:15:00,29.515,,,,,
19471,10/30/25 03:30:00,29.490,,,,,
19472,10/30/25 03:45:00,29.490,,,,,
19473,10/30/25 04:00:00,29.490,,,,,
19474,10/30/25 04:15:00,29.490,,,,,
19475,10/30/25 04:30:00,29.490,,,,,
19476,10/30/25 04:45:00,29.490,,,,,
19477,10/30/25 05:00:00,29.490,,,,,
19478,10/30/25 05:15:00,29.490,,,,,
19479,10/30/25 05:30:00,29.490,,,,,
19480,10/30/25 05:45:00,29.490,,,,,
19481,10/30/25 06:00:00,29.490,,,,,
19482,10/30/25 06:15:00,29.490,,,,,
19483,10/30/25 06:30:00,29.464,,,,,
19484,10/30/25 06:45:00,29.464,,,,,
19485,10/30/25 07:00:00,29.464,,,,,
19486,10/30/25 07:15:00,29.439,,,,,
19487,10/30/25 07:30:00,29.439,,,,,
19488,10/30/25 07:45:00,29.439,,,,,
19489,10/30/25 08:00:00,29.439,,,,,
19490,10/30/25 08:15:00,29.439,,,,,
19491,10/30/25 08:30:00,29.464,,,,,
19492,10/30/25 08:45:00,29.464,,,,,
19493,10/30/25 09:00:00,29.464,,,,,
19494,10/30/25 09:15:00,29.464,,,,,
19495,10/30/25 09:30:00,29.464,,,,,
19496,10/30/25 09:45:00,29.490,,,,,
19497,10/30/25 10:00:00,29.490,,,,,
19498,10/30/25 10:15:00,29.490,,,,,
19499,10/30/25 10:30:00,29.490,,,,,
19500,10/30/25 10:45:00,29.490,,,,,
19501,10/30/25 11:00:00,29.490,,,,,
19502,10/30/25 11:15:00,29.490,,,,,
19503,10/30/25 11:30:00,29.490,,,,,
19504,10/30/25 11:45:00,29.464,,,,,
19505,10/30/25 12:00:00,29.490,,,,,
19506,10/30/25 12:15:00,29.490,,,,,
19507,10/30/25 12:30:00,29.515,,,,,
19508,10/30/25 12:45:00,29.515,,,,,
19509,10/30/25 13:00:00,29.515,,,,,
19510,10/30/25 13:15:00,29.590,,,,,
19511,10/30/25 13:30:00,29.615,,,,,
19512,10/30/25 13:45:00,29.640,,,,,
19513,10/30/25 14:00:00,29.665,,,,,
19514,10/30/25 14:15:00,29.715,,,,,
19515,10/30/25 14:30:00,29.740,,,,,
19516,10/30/25 14:45:00,29.765,,,,,
19517,10/30/25 15:00:00,29.765,,,,,
19518,10/30/25 15:15:00,29.765,,,,,
19519,10/30/25 15:30:00,29.815,,,,,
19520,10/30/25 15:45:00,29.865,,,,,
19521,10/30/25 16:00:00,29.890,,,,,
19522,10/30/25 16:15:00,29.890,,,,,
19523,10/30/25 16:30:00,29.916,,,,,
19524,10/30/25 16:45:00,29.916,,,,,
19525,10/30/25 17:00:00,29.916,,,,,
19526,10/30/25 17:15:00,29.916,,,,,
19527,10/30/25 17:30:00,29.916,,,,,
19528,10/30/25 17:45:00,29.916,,,,,
19529,10/30/25 18:00:00,29.916,,,,,
19530,10/30/25 18:15:00,29.916,,,,,
19531,10/30/25 18:30:00,29.890,,,,,
19532,10/30/25 18:45:00,29.890,,,,,
19533,10/30/25 19:00:00,29.890,,,,,
19534,10/30/25 19:15:00,29.890,,,,,
19535,10/30/25 19:30:00,29.890,,,,,
19536,10/30/25 19:45:00,29.890,,,,,
19537,10/30/25 20:00:00,29.890,,,,,
19538,10/30/25 20:15:00,29.865,,,,,
19539,10/30/25 20:30:00,29.865,,,,,
19540,10/30/25 20:45:00,29.865,,,,,
19541,10/30/25 21:00:00,29.865,,,,,
19542,10/30/25 21:15:00,29.865,,,,,
19543,10/30/25 21:30:00,29.840,,,,,
19544,10/30/25 21:45:00,29.790,,,,,
19545,10/30/25 22:00:00,29.690,,,,,
19546,10/30/25 22:15:00,29.665,,,,,
19547,10/30/25 22:30:00,29.640,,,,,
19548,10/30/25 22:45:00,29.665,,,,,
19549,10/30/25 23:00:00,29.665,,,,,
19550,10/30/25 23:15:00,29.615,,,,,
19551,10/30/25 23:30:00,29.565,,,,,
19552,10/30/25 23:45:00,29.565,,,,,
19553,10/31/25 00:00:00,29.540,,,,,
19554,10/31/25 00:15:00,29.540,,,,,
19555,10/31/25 00:30:00,29.565,,,,,
19556,10/31/25 00:45:00,29.565,,,,,
19557,10/31/25 01:00:00,29.540,,,,,
19558,10/31/25 01:15:00,29.540,,,,,
19559,10/31/25 01:30:00,29.540,,,,,
19560,10/31/25 01:45:00,29.540,,,,,
19561,10/31/25 02:00:00,29.515,,,,,
19562,10/31/25 02:15:00,29.515,,,,,
19563,10/31/25 02:30:00,29.515,,,,,
19564,10/31/25 02:45:00,29.515,,,,,
19565,10/31/25 03:00:00,29.515,,,,,
19566,10/31/25 03:15:00,29.515,,,,,
19567,10/31/25 03:30:00,29.515,,,,,
19568,10/31/25 03:45:00,29.515,,,,,
19569,10/31/25 04:00:00,29.515,,,,,
19570,10/31/25 04:15:00,29.515,,,,,
19571,10/31/25 04:30:00,29.515,,,,,
19572,10/31/25 04:45:00,29.490,,,,,
19573,10/31/25 05:00:00,29.490,,,,,
19574,10/31/25 05:15:00,29.515,,,,,
19575,10/31/25 05:30:00,29.515,,,,,
19576,10/31/25 05:45:00,29.515,,,,,
19577,10/31/25 06:00:00,29.515,,,,,
19578,10/31/25 06:15:00,29.515,,,,,
19579,10/31/25 06:30:00,29.540,,,,,
19580,10/31/25 06:45:00,29.540,,,,,
19581,10/31/25 07:00:00,29.540,,,,,
19582,10/31/25 07:15:00,29.540,,,,,
19583,10/31/25 07:30:00,29.540,,,,,
19584,10/31/25 07:45:00,29.540,,,,,
19585,10/31/25 08:00:00,29.540,,,,,
19586,10/31/25 08:15:00,29.565,,,,,
19587,10/31/25 08:30:00,29.565,,,,,
19588,10/31/25 08:45:00,29.565,,,,,
19589,10/31/25 09:00:00,29.565,,,,,
19590,10/31/25 09:15:00,29.565,,,,,
19591,10/31/25 09:30:00,29.565,,,,,
19592,10/31/25 09:45:00,29.565,,,,,
19593,10/31/25 10:00:00,29.565,,,,,
19594,10/31/25 10:15:00,29.590,,,,,
19595,10/31/25 10:30:00,29.565,,,,,
19596,10/31/25 10:45:00,29.590,,,,,
19597,10/31/25 11:00:00,29.590,,,,,
19598,10/31/25 11:15:00,29.590,,,,,
19599,10/31/25 11:30:00,29.615,,,,,
19600,10/31/25 11:45:00,29.615,,,,,
19601,10/31/25 12:00:00,29.640,,,,,
19602,10/31/25 12:15:00,29.640,,,,,
19603,10/31/25 12:30:00,29.640,,,,,
19604,10/31/25 12:45:00,29.615,,,,,
19605,10/31/25 13:00:00,29.615,,,,,
19606,10/31/25 13:15:00,29.640,,,,,
19607,10/31/25 13:30:00,29.615,,,,,
19608,10/31/25 13:45:00,29.615,,,,,
19609,10/31/25 14:00:00,29.615,,,,,
19610,10/31/25 14:15:00,29.615,,,,,
19611,10/31/25 14:30:00,29.615,,,,,
19612,10/31/25 14:45:00,29.615,,,,,
19613,10/31/25 15:00:00,29.615,,,,,
19614,10/31/25 15:15:00,29.615,,,,,
19615,10/31/25 15:30:00,29.615,,,,,
19616,10/31/25 15:45:00,29.615,,,,,
19617,10/31/25 16:00:00,29.615,,,,,
19618,10/31/25 16:15:00,29.615,,,,,
19619,10/31/25 16:30:00,29.615,,,,,
19620,10/31/25 16:45:00,29.615,,,,,
19621,10/31/25 17:00:00,29.615,,,,,
19622,10/31/25 17:15:00,29.615,,,,,
19623,10/31/25 17:30:00,29.615,,,,,
19624,10/31/25 17:45:00,29.615,,,,,
19625,10/31/25 18:00:00,29.615,,,,,
19626,10/31/25 18:15:00,29.615,,,,,
19627,10/31/25 18:30:00,29.590,,,,,
19628,10/31/25 18:45:00,29.590,,,,,
19629,10/31/25 19:00:00,29.590,,,,,
19630,10/31/25 19:15:00,29.590,,,,,
19631,10/31/25 19:30:00,29.615,,,,,
19632,10/31/25 19:45:00,29.615,,,,,
19633,10/31/25 20:00:00,29.615,,,,,
19634,10/31/25 20:15:00,29.615,,,,,
19635,10/31/25 20:30:00,29.615,,,,,
19636,10/31/25 20:45:00,29.615,,,,,
19637,10/31/25 21:00:00,29.590,,,,,
19638,10/31/25 21:15:00,29.590,,,,,
19639,10/31/25 21:30:00,29.590,,,,,
19640,10/31/25 21:45:00,29.590,,,,,
19641,10/31/25 22:00:00,29.590,,,,,
19642,10/31/25 22:15:00,29.590,,,,,
19643,10/31/25 22:30:00,29.590,,,,,
19644,10/31/25 22:45:00,29.565,,,,,
19645,10/31/25 23:00:00,29.590,,,,,
19646,10/31/25 23:15:00,29.565,,,,,
19647,10/31/25 23:30:00,29.565,,,,,
19648,10/31/25 23:45:00,29.565,,,,,
19649,11/01/25 00:00:00,29.590,,,,,
19650,11/01/25 00:15:00,29.590,,,,,
19651,11/01/25 00:30:00,29.590,,,,,
19652,11/01/25 00:45:00,29.590,,,,,
19653,11/01/25 01:00:00,29.590,,,,,
19654,11/01/25 01:15:00,29.590,,,,,
19655,11/01/25 01:30:00,29.590,,,,,
19656,11/01/25 01:45:00,29.590,,,,,
19657,11/01/25 02:00:00,29.590,,,,,
19658,11/01/25 02:15:00,29.590,,,,,
19659,11/01/25 02:30:00,29.590,,,,,
19660,11/01/25 02:45:00,29.590,,,,,
19661,11/01/25 03:00:00,29.590,,,,,
19662,11/01/25 03:15:00,29.590,,,,,
19663,11/01/25 03:30:00,29.590,,,,,
19664,11/01/25 03:45:00,29.590,,,,,
19665,11/01/25 04:00:00,29.590,,,,,
19666,11/01/25 04:15:00,29.590,,,,,
19667,11/01/25 04:30:00,29.590,,,,,
19668,11/01/25 04:45:00,29.590,,,,,
19669,11/01/25 05:00:00,29.540,,,,,
19670,11/01/25 05:15:00,29.515,,,,,
19671,11/01/25 05:30:00,29.490,,,,,
19672,11/01/25 05:45:00,29.490,,,,,
19673,11/01/25 06:00:00,29.490,,,,,
19674,11/01/25 06:15:00,29.464,,,,,
19675,11/01/25 06:30:00,29.464,,,,,
19676,11/01/25 06:45:00,29.439,,,,,
19677,11/01/25 07:00:00,29.439,,,,,
19678,11/01/25 07:15:00,29.389,,,,,
19679,11/01/25 07:30:00,29.365,,,,,
19680,11/01/25 07:45:00,29.340,,,,,
19681,11/01/25 08:00:00,29.340,,,,,
19682,11/01/25 08:15:00,29.340,,,,,
19683,11/01/25 08:30:00,29.315,,,,,
19684,11/01/25 08:45:00,29.315,,,,,
19685,11/01/25 09:00:00,29.315,,,,,
19686,11/01/25 09:15:00,29.315,,,,,
19687,11/01/25 09:30:00,29.340,,,,,
19688,11/01/25 09:45:00,29.389,,,,,
19689,11/01/25 10:00:00,29.414,,,,,
19690,11/01/25 10:15:00,29.439,,,,,
19691,11/01/25 10:30:00,29.464,,,,,
19692,11/01/25 10:45:00,29.515,,,,,
19693,11/01/25 11:00:00,29.515,,,,,
19694,11/01/25 11:15:00,29.540,,,,,
19695,11/01/25 11:30:00,29.540,,,,,
19696,11/01/25 11:45:00,29.540,,,,,
19697,11/01/25 12:00:00,29.565,,,,,
19698,11/01/25 12:15:00,29.565,,,,,
19699,11/01/25 12:30:00,29.565,,,,,
19700,11/01/25 12:45:00,29.565,,,,,
19701,11/01/25 13:00:00,29.565,,,,,
19702,11/01/25 13:15:00,29.590,,,,,
19703,11/01/25 13:30:00,29.590,,,,,
19704,11/01/25 13:45:00,29.590,,,,,
19705,11/01/25 14:00:00,29.590,,,,,
19706,11/01/25 14:15:00,29.590,,,,,
19707,11/01/25 14:30:00,29.590,,,,,
19708,11/01/25 14:45:00,29.590,,,,,
19709,11/01/25 15:00:00,29.590,,,,,
19710,11/01/25 15:15:00,29.590,,,,,
19711,11/01/25 15:30:00,29.590,,,,,
19712,11/01/25 15:45:00,29.590,,,,,
19713,11/01/25 16:00:00,29.565,,,,,
19714,11/01/25 16:15:00,29.565,,,,,
19715,11/01/25 16:30:00,29.565,,,,,
19716,11/01/25 16:45:00,29.565,,,,,
19717,11/01/25 17:00:00,29.565,,,,,
19718,11/01/25 17:15:00,29.565,,,,,
19719,11/01/25 17:30:00,29.565,,,,,
19720,11/01/25 17:45:00,29.565,,,,,
19721,11/01/25 18:00:00,29.565,,,,,
19722,11/01/25 18:15:00,29.565,,,,,
19723,11/01/25 18:30:00,29.565,,,,,
19724,11/01/25 18:45:00,29.565,,,,,
19725,11/01/25 19:00:00,29.565,,,,,
19726,11/01/25 19:15:00,29.565,,,,,
19727,11/01/25 19:30:00,29.565,,,,,
19728,11/01/25 19:45:00,29.565,,,,,
19729,11/01/25 20:00:00,29.565,,,,,
19730,11/01/25 20:15:00,29.565,,,,,
19731,11/01/25 20:30:00,29.565,,,,,
19732,11/01/25 20:45:00,29.565,,,,,
19733,11/01/25 21:00:00,29.565,,,,,
19734,11/01/25 21:15:00,29.565,,,,,
19735,11/01/25 21:30:00,29.565,,,,,
19736,11/01/25 21:45:00,29.565,,,,,
19737,11/01/25 22:00:00,29.565,,,,,
19738,11/01/25 22:15:00,29.540,,,,,
19739,11/01/25 22:30:00,29.565,,,,,
19740,11/01/25 22:45:00,29.565,,,,,
19741,11/01/25 23:00:00,29.565,,,,,
19742,11/01/25 23:15:00,29.565,,,,,
19743,11/01/25 23:30:00,29.565,,,,,
19744,11/01/25 23:45:00,29.565,,,,,
19745,11/02/25 00:00:00,29.565,,,,,
19746,11/02/25 00:15:00,29.565,,,,,
19747,11/02/25 00:30:00,29.565,,,,,
19748,11/02/25 00:45:00,29.590,,,,,
19749,11/02/25 01:00:00,29.590,,,,,
19750,11/02/25 01:15:00,29.590,,,,,
19751,11/02/25 01:30:00,29.565,,,,,
19752,11/02/25 01:45:00,29.565,,,,,
19753,11/02/25 02:00:00,29.540,,,,,
19754,11/02/25 02:15:00,29.515,,,,,
19755,11/02/25 02:30:00,29.464,,,,,
19756,11/02/25 02:45:00,29.414,,,,,
19757,11/02/25 03:00:00,29.464,,,,,
19758,11/02/25 03:15:00,29.490,,,,,
19759,11/02/25 03:30:00,29.414,,,,,
19760,11/02/25 03:45:00,29.389,,,,,
19761,11/02/25 04:00:00,29.389,,,,,
19762,11/02/25 04:15:00,29.389,,,,,
19763,11/02/25 04:30:00,29.389,,,,,
19764,11/02/25 04:45:00,29.389,,,,,
19765,11/02/25 05:00:00,29.389,,,,,
19766,11/02/25 05:15:00,29.439,,,,,
19767,11/02/25 05:30:00,29.414,,,,,
19768,11/02/25 05:45:00,29.389,,,,,
19769,11/02/25 06:00:00,29.365,,,,,
19770,11/02/25 06:15:00,29.365,,,,,
19771,11/02/25 06:30:00,29.340,,,,,
19772,11/02/25 06:45:00,29.340,,,,,
19773,11/02/25 07:00:00,29.315,,,,,
19774,11/02/25 07:15:00,29.290,,,,,
19775,11/02/25 07:30:00,29.290,,,,,
19776,11/02/25 07:45:00,29.290,,,,,
19777,11/02/25 08:00:00,29.290,,,,,
19778,11/02/25 08:15:00,29.290,,,,,
19779,11/02/25 08:30:00,29.315,,,,,
19780,11/02/25 08:45:00,29.315,,,,,
19781,11/02/25 09:00:00,29.315,,,,,
19782,11/02/25 09:15:00,29.315,,,,,
19783,11/02/25 09:30:00,29.340,,,,,
19784,11/02/25 09:45:00,29.340,,,,,
19785,11/02/25 10:00:00,29.290,,,,,
19786,11/02/25 10:15:00,29.290,,,,,
19787,11/02/25 10:30:00,29.290,,,,,
19788,11/02/25 10:45:00,29.190,,,,,
19789,11/02/25 11:00:00,29.165,,,,,
19790,11/02/25 11:15:00,29.165,,,,,
19791,11/02/25 11:30:00,29.190,,,,,
19792,11/02/25 11:45:00,29.215,,,,,
19793,11/02/25 12:00:00,29.265,,,,,
19794,11/02/25 12:15:00,29.315,,,,,
19795,11/02/25 12:30:00,29.340,,,,,
19796,11/02/25 12:45:00,29.389,,,,,
19797,11/02/25 13:00:00,29.389,,,,,
19798,11/02/25 13:15:00,29.414,,,,,
19799,11/02/25 13:30:00,29.414,,,,,
19800,11/02/25 13:45:00,29.389,,,,,
19801,11/02/25 14:00:00,29.389,,,,,
19802,11/02/25 14:15:00,29.389,,,,,
19803,11/02/25 14:30:00,29.414,,,,,
19804,11/02/25 14:45:00,29.439,,,,,
19805,11/02/25 15:00:00,29.439,,,,,
19806,11/02/25 15:15:00,29.439,,,,,
19807,11/02/25 15:30:00,29.439,,,,,
19808,11/02/25 15:45:00,29.464,,,,,
19809,11/02/25 16:00:00,29.464,,,,,
19810,11/02/25 16:15:00,29.464,,,,,
19811,11/02/25 16:30:00,29.464,,,,,
19812,11/02/25 16:45:00,29.464,,,,,
19813,11/02/25 17:00:00,29.464,,,,,
19814,11/02/25 17:15:00,29.439,,,,,
19815,11/02/25 17:30:00,29.439,,,,,
19816,11/02/25 17:45:00,29.439,,,,,
19817,11/02/25 18:00:00,29.414,,,,,
19818,11/02/25 18:15:00,29.414,,,,,
19819,11/02/25 18:30:00,29.414,,,,,
19820,11/02/25 18:45:00,29.414,,,,,
19821,11/02/25 19:00:00,29.414,,,,,
19822,11/02/25 19:15:00,29.414,,,,,
19823,11/02/25 19:30:00,29.414,,,,,
19824,11/02/25 19:45:00,29.389,,,,,
19825,11/02/25 20:00:00,29.389,,,,,
19826,11/02/25 20:15:00,29.439,,,,,
19827,11/02/25 20:30:00,29.464,,,,,
19828,11/02/25 20:45:00,29.414,,,,,
19829,11/02/25 21:00:00,29.414,,,,,
19830,11/02/25 21:15:00,29.389,,,,,
19831,11/02/25 21:30:00,29.389,,,,,
19832,11/02/25 21:45:00,29.365,,,,,
19833,11/02/25 22:00:00,29.365,,,,,
19834,11/02/25 22:15:00,29.414,,,,,
19835,11/02/25 22:30:00,29.414,,,,,
19836,11/02/25 22:45:00,29.414,,,,,
19837,11/02/25 23:00:00,29.439,,,,,
19838,11/02/25 23:15:00,29.414,,,,,
19839,11/02/25 23:30:00,29.414,,,,,
19840,11/02/25 23:45:00,29.389,,,,,
19841,11/03/25 00:00:00,29.365,,,,,
19842,11/03/25 00:15:00,29.365,,,,,
19843,11/03/25 00:30:00,29.340,,,,,
19844,11/03/25 00:45:00,29.315,,,,,
19845,11/03/25 01:00:00,29.290,,,,,
19846,11/03/25 01:15:00,29.315,,,,,
19847,11/03/25 01:30:00,29.315,,,,,
19848,11/03/25 01:45:00,29.315,,,,,
19849,11/03/25 02:00:00,29.215,,,,,
19850,11/03/25 02:15:00,29.165,,,,,
19851,11/03/25 02:30:00,29.140,,,,,
19852,11/03/25 02:45:00,29.115,,,,,
19853,11/03/25 03:00:00,29.140,,,,,
19854,11/03/25 03:15:00,29.115,,,,,
19855,11/03/25 03:30:00,29.115,,,,,
19856,11/03/25 03:45:00,29.040,,,,,
19857,11/03/25 04:00:00,29.015,,,,,
19858,11/03/25 04:15:00,28.990,,,,,
19859,11/03/25 04:30:00,28.965,,,,,
19860,11/03/25 04:45:00,28.916,,,,,
19861,11/03/25 05:00:00,28.891,,,,,
19862,11/03/25 05:15:00,28.941,,,,,
19863,11/03/25 05:30:00,29.040,,,,,
19864,11/03/25 05:45:00,29.140,,,,,
19865,11/03/25 06:00:00,29.165,,,,,
19866,11/03/25 06:15:00,29.140,,,,,
19867,11/03/25 06:30:00,29.115,,,,,
19868,11/03/25 06:45:00,29.090,,,,,
19869,11/03/25 07:00:00,29.090,,,,,
19870,11/03/25 07:15:00,29.090,,,,,
19871,11/03/25 07:30:00,29.115,,,,,
19872,11/03/25 07:45:00,29.140,,,,,
19873,11/03/25 08:00:00,29.140,,,,,
19874,11/03/25 08:15:00,29.165,,,,,
19875,11/03/25 08:30:00,29.190,,,,,
19876,11/03/25 08:45:00,29.190,,,,,
19877,11/03/25 09:00:00,29.190,,,,,
19878,11/03/25 09:15:00,29.165,,,,,
19879,11/03/25 09:30:00,29.165,,,,,
19880,11/03/25 09:45:00,29.165,,,,,
19881,11/03/25 10:00:00,29.140,,,,,
19882,11/03/25 10:15:00,29.115,,,,,
19883,11/03/25 10:30:00,29.115,,,,,
19884,11/03/25 10:45:00,29.090,,,,,
19885,11/03/25 11:00:00,29.115,,,,,
19886,11/03/25 11:15:00,29.115,,,,,
19887,11/03/25 11:30:00,29.140,,,,,
19888,11/03/25 11:45:00,29.140,,,,,
19889,11/03/25 12:00:00,29.165,,,,,
19890,11/03/25 12:15:00,29.140,,,,,
19891,11/03/25 12:30:00,29.140,,,,,
19892,11/03/25 12:45:00,29.140,,,,,
19893,11/03/25 13:00:00,29.140,,,,,
19894,11/03/25 13:15:00,29.140,,,,,
19895,11/03/25 13:30:00,29.165,,,,,
19896,11/03/25 13:45:00,29.165,,,,,
19897,11/03/25 14:00:00,29.190,,,,,
19898,11/03/25 14:15:00,29.190,,,,,
19899,11/03/25 14:30:00,29.190,,,,,
19900,11/03/25 14:45:00,29.215,,,,,
19901,11/03/25 15:00:00,29.215,,,,,
19902,11/03/25 15:15:00,29.215,,,,,
19903,11/03/25 15:30:00,29.190,,,,,
19904,11/03/25 15:45:00,29.115,,,,,
19905,11/03/25 16:00:00,29.115,,,,,
19906,11/03/25 16:15:00,29.090,,,,,
19907,11/03/25 16:30:00,29.090,,,,,
19908,11/03/25 16:45:00,29.065,,,,,
19909,11/03/25 17:00:00,29.065,,,,,
19910,11/03/25 17:15:00,29.065,,,,,
19911,11/03/25 17:30:00,29.090,,,,,
19912,11/03/25 17:45:00,29.115,,,,,
19913,11/03/25 18:00:00,29.140,,,,,
19914,11/03/25 18:15:00,29.140,,,,,
19915,11/03/25 18:30:00,29.140,,,,,
19916,11/03/25 18:45:00,29.140,,,,,
19917,11/03/25 19:00:00,29.165,,,,,
19918,11/03/25 19:15:00,29.165,,,,,
19919,11/03/25 19:30:00,29.140,,,,,
19920,11/03/25 19:45:00,29.115,,,,,
19921,11/03/25 20:00:00,29.090,,,,,
19922,11/03/25 20:15:00,29.090,,,,,
19923,11/03/25 20:30:00,29.090,,,,,
19924,11/03/25 20:45:00,29.115,,,,,
19925,11/03/25 21:00:00,29.115,,,,,
19926,11/03/25 21:15:00,29.115,,,,,
19927,11/03/25 21:30:00,29.115,,,,,
19928,11/03/25 21:45:00,29.115,,,,,
19929,11/03/25 22:00:00,29.115,,,,,
19930,11/03/25 22:15:00,29.115,,,,,
19931,11/03/25 22:30:00,29.140,,,,,
19932,11/03/25 22:45:00,29.165,,,,,
19933,11/03/25 23:00:00,29.165,,,,,
19934,11/03/25 23:15:00,29.190,,,,,
19935,11/03/25 23:30:00,29.165,,,,,
19936,11/03/25 23:45:00,29.190,,,,,
19937,11/04/25 00:00:00,29.190,,,,,
19938,11/04/25 00:15:00,29.190,,,,,
19939,11/04/25 00:30:00,29.190,,,,,
19940,11/04/25 00:45:00,29.190,,,,,
19941,11/04/25 01:00:00,29.190,,,,,
19942,11/04/25 01:15:00,29.165,,,,,
19943,11/04/25 01:30:00,29.165,,,,,
19944,11/04/25 01:45:00,29.165,,,,,
19945,11/04/25 02:00:00,29.165,,,,,
19946,11/04/25 02:15:00,29.165,,,,,
19947,11/04/25 02:30:00,29.165,,,,,
19948,11/04/25 02:45:00,29.165,,,,,
19949,11/04/25 03:00:00,29.165,,,,,
19950,11/04/25 03:15:00,29.165,,,,,
19951,11/04/25 03:30:00,29.140,,,,,
19952,11/04/25 03:45:00,29.115,,,,,
19953,11/04/25 04:00:00,29.115,,,,,
19954,11/04/25 04:15:00,29.140,,,,,
19955,11/04/25 04:30:00,29.140,,,,,
19956,11/04/25 04:45:00,29.140,,,,,
19957,11/04/25 05:00:00,29.165,,,,,
19958,11/04/25 05:15:00,29.140,,,,,
19959,11/04/25 05:30:00,29.140,,,,,
19960,11/04/25 05:45:00,29.140,,,,,
19961,11/04/25 06:00:00,29.140,,,,,
19962,11/04/25 06:15:00,29.140,,,,,
19963,11/04/25 06:30:00,29.140,,,,,
19964,11/04/25 06:45:00,29.140,,,,,
19965,11/04/25 07:00:00,29.140,,,,,
19966,11/04/25 07:15:00,29.140,,,,,
19967,11/04/25 07:30:00,29.140,,,,,
19968,11/04/25 07:45:00,29.140,,,,,
19969,11/04/25 08:00:00,29.115,,,,,
19970,11/04/25 08:15:00,29.140,,,,,
19971,11/04/25 08:30:00,29.140,,,,,
19972,11/04/25 08:45:00,29.140,,,,,
19973,11/04/25 09:00:00,29.140,,,,,
19974,11/04/25 09:15:00,29.190,,,,,
19975,11/04/25 09:30:00,29.190,,,,,
19976,11/04/25 09:45:00,29.190,,,,,
19977,11/04/25 10:00:00,29.165,,,,,
19978,11/04/25 10:15:00,29.115,,,,,
19979,11/04/25 10:30:00,29.040,,,,,
19980,11/04/25 10:45:00,29.015,,,,,
19981,11/04/25 11:00:00,29.040,,,,,
19982,11/04/25 11:15:00,29.040,,,,,
19983,11/04/25 11:30:00,29.065,,,,,
19984,11/04/25 11:45:00,29.115,,,,,
19985,11/04/25 12:00:00,29.115,,,,,
19986,11/04/25 12:15:00,29.115,,,,,
19987,11/04/25 12:30:00,29.140,,,,,
19988,11/04/25 12:45:00,29.165,,,,,
19989,11/04/25 13:00:00,29.215,,,,,
19990,11/04/25 13:15:00,29.215,,,,,
19991,11/04/25 13:30:00,29.265,,,,,
19992,11/04/25 13:45:00,29.265,,,,,
19993,11/04/25 14:00:00,29.290,,,,,
19994,11/04/25 14:15:00,29.315,,,,,
19995,11/04/25 14:30:00,29.340,,,,,
19996,11/04/25 14:45:00,29.365,,,,,
19997,11/04/25 15:00:00,29.389,,,,,
19998,11/04/25 15:15:00,29.389,,,,,
19999,11/04/25 15:30:00,29.389,,,,,
20000,11/04/25 15:45:00,29.365,,,,,
20001,11/04/25 16:00:00,29.365,,,,,
20002,11/04/25 16:15:00,29.365,,,,,
20003,11/04/25 16:30:00,29.365,,,,,
20004,11/04/25 16:45:00,29.365,,,,,
20005,11/04/25 17:00:00,29.365,,,,,
20006,11/04/25 17:15:00,29.365,,,,,
20007,11/04/25 17:30:00,29.365,,,,,
20008,11/04/25 17:45:00,29.389,,,,,
20009,11/04/25 18:00:00,29.365,,,,,
20010,11/04/25 18:15:00,29.365,,,,,
20011,11/04/25 18:30:00,29.365,,,,,
20012,11/04/25 18:45:00,29.365,,,,,
20013,11/04/25 19:00:00,29.365,,,,,
20014,11/04/25 19:15:00,29.365,,,,,
20015,11/04/25 19:30:00,29.365,,,,,
20016,11/04/25 19:45:00,29.365,,,,,
20017,11/04/25 20:00:00,29.365,,,,,
20018,11/04/25 20:15:00,29.365,,,,,
20019,11/04/25 20:30:00,29.365,,,,,
20020,11/04/25 20:45:00,29.365,,,,,
20021,11/04/25 21:00:00,29.365,,,,,
20022,11/04/25 21:15:00,29.365,,,,,
20023,11/04/25 21:30:00,29.365,,,,,
20024,11/04/25 21:45:00,29.365,,,,,
20025,11/04/25 22:00:00,29.365,,,,,
20026,11/04/25 22:15:00,29.365,,,,,
20027,11/04/25 22:30:00,29.365,,,,,
20028,11/04/25 22:45:00,29.365,,,,,
20029,11/04/25 23:00:00,29.365,,,,,
20030,11/04/25 23:15:00,29.365,,,,,
20031,11/04/25 23:30:00,29.365,,,,,
20032,11/04/25 23:45:00,29.365,,,,,
20033,11/05/25 00:00:00,29.365,,,,,
20034,11/05/25 00:15:00,29.340,,,,,
20035,11/05/25 00:30:00,29.340,,,,,
20036,11/05/25 00:45:00,29.340,,,,,
20037,11/05/25 01:00:00,29.340,,,,,
20038,11/05/25 01:15:00,29.340,,,,,
20039,11/05/25 01:30:00,29.340,,,,,
20040,11/05/25 01:45:00,29.340,,,,,
20041,11/05/25 02:00:00,29.340,,,,,
20042,11/05/25 02:15:00,29.340,,,,,
20043,11/05/25 02:30:00,29.340,,,,,
20044,11/05/25 02:45:00,29.340,,,,,
20045,11/05/25 03:00:00,29.340,,,,,
20046,11/05/25 03:15:00,29.340,,,,,
20047,11/05/25 03:30:00,29.340,,,,,
20048,11/05/25 03:45:00,29.340,,,,,
20049,11/05/25 04:00:00,29.340,,,,,
20050,11/05/25 04:15:00,29.340,,,,,
20051,11/05/25 04:30:00,29.340,,,,,
20052,11/05/25 04:45:00,29.340,,,,,
20053,11/05/25 05:00:00,29.315,,,,,
20054,11/05/25 05:15:00,29.315,,,,,
20055,11/05/25 05:30:00,29.315,,,,,
20056,11/05/25 05:45:00,29.315,,,,,
20057,11/05/25 06:00:00,29.315,,,,,
20058,11/05/25 06:15:00,29.315,,,,,
20059,11/05/25 06:30:00,29.315,,,,,
20060,11/05/25 06:45:00,29.290,,,,,
20061,11/05/25 07:00:00,29.290,,,,,
20062,11/05/25 07:15:00,29.265,,,,,
20063,11/05/25 07:30:00,29.290,,,,,
20064,11/05/25 07:45:00,29.290,,,,,
20065,11/05/25 08:00:00,29.290,,,,,
20066,11/05/25 08:15:00,29.315,,,,,
20067,11/05/25 08:30:00,29.315,,,,,
20068,11/05/25 08:45:00,29.315,,,,,
20069,11/05/25 09:00:00,29.315,,,,,
20070,11/05/25 09:15:00,29.340,,,,,
20071,11/05/25 09:30:00,29.340,,,,,
20072,11/05/25 09:45:00,29.315,,,,,
20073,11/05/25 10:00:00,29.315,,,,,
20074,11/05/25 10:15:00,29.315,,,,,
20075,11/05/25 10:30:00,29.315,,,,,
20076,11/05/25 10:45:00,29.315,,,,,
20077,11/05/25 11:00:00,29.315,,,,,
20078,11/05/25 11:15:00,29.340,,,,,
20079,11/05/25 11:30:00,29.340,,,,,
20080,11/05/25 11:45:00,29.340,,,,,
20081,11/05/25 12:00:00,29.315,,,,,
20082,11/05/25 12:15:00,29.290,,,,,
20083,11/05/25 12:30:00,29.340,,,,,
20084,11/05/25 12:45:00,29.340,,,,,
20085,11/05/25 13:00:00,29.365,,,,,
20086,11/05/25 13:15:00,29.365,,,,,
20087,11/05/25 13:30:00,29.389,,,,,
20088,11/05/25 13:45:00,29.414,,,,,
20089,11/05/25 14:00:00,29.389,,,,,
20090,11/05/25 14:15:00,29.414,,,,,
20091,11/05/25 14:30:00,29.414,,,,,
20092,11/05/25 14:45:00,29.414,,,,,
20093,11/05/25 15:00:00,29.389,,,,,
20094,11/05/25 15:15:00,29.389,,,,,
20095,11/05/25 15:30:00,29.389,,,,,
20096,11/05/25 15:45:00,29.389,,,,,
20097,11/05/25 16:00:00,29.389,,,,,
20098,11/05/25 16:15:00,29.389,,,,,
20099,11/05/25 16:30:00,29.389,,,,,
20100,11/05/25 16:45:00,29.389,,,,,
20101,11/05/25 17:00:00,29.365,,,,,
20102,11/05/25 17:15:00,29.365,,,,,
20103,11/05/25 17:30:00,29.365,,,,,
20104,11/05/25 17:45:00,29.365,,,,,
20105,11/05/25 18:00:00,29.365,,,,,
20106,11/05/25 18:15:00,29.389,,,,,
20107,11/05/25 18:30:00,29.365,,,,,
20108,11/05/25 18:45:00,29.340,,,,,
20109,11/05/25 19:00:00,29.340,,,,,
20110,11/05/25 19:15:00,29.340,,,,,
20111,11/05/25 19:30:00,29.340,,,,,
20112,11/05/25 19:45:00,29.315,,,,,
20113,11/05/25 20:00:00,29.315,,,,,
20114,11/05/25 20:15:00,29.315,,,,,
20115,11/05/25 20:30:00,29.315,,,,,
20116,11/05/25 20:45:00,29.315,,,,,
20117,11/05/25 21:00:00,29.290,,,,,
20118,11/05/25 21:15:00,29.290,,,,,
20119,11/05/25 21:30:00,29.265,,,,,
20120,11/05/25 21:45:00,29.315,,,,,
20121,11/05/25 22:00:00,29.315,,,,,
20122,11/05/25 22:15:00,29.340,,,,,
20123,11/05/25 22:30:00,29.340,,,,,
20124,11/05/25 22:45:00,29.340,,,,,
20125,11/05/25 23:00:00,29.315,,,,,
20126,11/05/25 23:15:00,29.290,,,,,
20127,11/05/25 23:30:00,29.315,,,,,
20128,11/05/25 23:45:00,29.315,,,,,
20129,11/06/25 00:00:00,29.315,,,,,
20130,11/06/25 00:15:00,29.315,,,,,
20131,11/06/25 00:30:00,29.315,,,,,
20132,11/06/25 00:45:00,29.290,,,,,
20133,11/06/25 01:00:00,29.315,,,,,
20134,11/06/25 01:15:00,29.315,,,,,
20135,11/06/25 01:30:00,29.340,,,,,
20136,11/06/25 01:45:00,29.365,,,,,
20137,11/06/25 02:00:00,29.365,,,,,
20138,11/06/25 02:15:00,29.340,,,,,
20139,11/06/25 02:30:00,29.315,,,,,
20140,11/06/25 02:45:00,29.290,,,,,
20141,11/06/25 03:00:00,29.265,,,,,
20142,11/06/25 03:15:00,29.240,,,,,
20143,11/06/25 03:30:00,29.240,,,,,
20144,11/06/25 03:45:00,29.240,,,,,
20145,11/06/25 04:00:00,29.240,,,,,
20146,11/06/25 04:15:00,29.215,,,,,
20147,11/06/25 04:30:00,29.215,,,,,
20148,11/06/25 04:45:00,29.215,,,,,
20149,11/06/25 05:00:00,29.215,,,,,
20150,11/06/25 05:15:00,29.215,,,,,
20151,11/06/25 05:30:00,29.190,,,,,
20152,11/06/25 05:45:00,29.190,,,,,
20153,11/06/25 06:00:00,29.215,,,,,
20154,11/06/25 06:15:00,29.190,,,,,
20155,11/06/25 06:30:00,29.165,,,,,
20156,11/06/25 06:45:00,29.165,,,,,
20157,11/06/25 07:00:00,29.165,,,,,
20158,11/06/25 07:15:00,29.165,,,,,
20159,11/06/25 07:30:00,29.165,,,,,
20160,11/06/25 07:45:00,29.140,,,,,
20161,11/06/25 08:00:00,29.140,,,,,
20162,11/06/25 08:15:00,29.140,,,,,
20163,11/06/25 08:30:00,29.140,,,,,
20164,11/06/25 08:45:00,29.140,,,,,
20165,11/06/25 09:00:00,29.140,,,,,
20166,11/06/25 09:15:00,29.090,,,,,
20167,11/06/25 09:30:00,29.040,,,,,
20168,11/06/25 09:45:00,28.941,,,,,
20169,11/06/25 10:00:00,28.941,,,,,
20170,11/06/25 10:15:00,28.916,,,,,
20171,11/06/25 10:30:00,28.916,,,,,
20172,11/06/25 10:45:00,28.916,,,,,
20173,11/06/25 11:00:00,28.941,,,,,
20174,11/06/25 11:15:00,28.965,,,,,
20175,11/06/25 11:30:00,28.990,,,,,
20176,11/06/25 11:45:00,28.990,,,,,
20177,11/06/25 12:00:00,28.990,,,,,
20178,11/06/25 12:15:00,29.065,,,,,
20179,11/06/25 12:30:00,29.115,,,,,
20180,11/06/25 12:45:00,29.190,,,,,
20181,11/06/25 13:00:00,29.190,,,,,
20182,11/06/25 13:15:00,29.190,,,,,
20183,11/06/25 13:30:00,29.190,,,,,
20184,11/06/25 13:45:00,29.190,,,,,
20185,11/06/25 14:00:00,29.190,,,,,
20186,11/06/25 14:15:00,29.190,,,,,
20187,11/06/25 14:30:00,29.215,,,,,
20188,11/06/25 14:45:00,29.215,,,,,
20189,11/06/25 15:00:00,29.240,,,,,
20190,11/06/25 15:15:00,29.240,,,,,
20191,11/06/25 15:30:00,29.240,,,,,
20192,11/06/25 15:45:00,29.265,,,,,
20193,11/06/25 16:00:00,29.215,,,,,
20194,11/06/25 16:15:00,29.190,,,,,
20195,11/06/25 16:30:00,29.190,,,,,
20196,11/06/25 16:45:00,29.215,,,,,
20197,11/06/25 17:00:00,29.190,,,,,
20198,11/06/25 17:15:00,29.190,,,,,
20199,11/06/25 17:30:00,29.215,,,,,
20200,11/06/25 17:45:00,29.215,,,,,
20201,11/06/25 18:00:00,29.215,,,,,
20202,11/06/25 18:15:00,29.215,,,,,
20203,11/06/25 18:30:00,29.215,,,,,
20204,11/06/25 18:45:00,29.215,,,,,
20205,11/06/25 19:00:00,29.215,,,,,
20206,11/06/25 19:15:00,29.215,,,,,
20207,11/06/25 19:30:00,29.215,,,,,
20208,11/06/25 19:45:00,29.240,,,,,
20209,11/06/25 20:00:00,29.240,,,,,
20210,11/06/25 20:15:00,29.240,,,,,
20211,11/06/25 20:30:00,29.240,,,,,
20212,11/06/25 20:45:00,29.240,,,,,
20213,11/06/25 21:00:00,29.240,,,,,
20214,11/06/25 21:15:00,29.240,,,,,
20215,11/06/25 21:30:00,29.240,,,,,
20216,11/06/25 21:45:00,29.240,,,,,
20217,11/06/25 22:00:00,29.240,,,,,
20218,11/06/25 22:15:00,29.240,,,,,
20219,11/06/25 22:30:00,29.240,,,,,
20220,11/06/25 22:45:00,29.240,,,,,
20221,11/06/25 23:00:00,29.240,,,,,
20222,11/06/25 23:15:00,29.240,,,,,
20223,11/06/25 23:30:00,29.240,,,,,
20224,11/06/25 23:45:00,29.215,,,,,
20225,11/07/25 00:00:00,29.190,,,,,
20226,11/07/25 00:15:00,29.190,,,,,
20227,11/07/25 00:30:00,29.190,,,,,
20228,11/07/25 00:45:00,29.190,,,,,
20229,11/07/25 01:00:00,29.165,,,,,
20230,11/07/25 01:15:00,29.165,,,,,
20231,11/07/25 01:30:00,29.165,,,,,
20232,11/07/25 01:45:00,29.190,,,,,
20233,11/07/25 02:00:00,29.215,,,,,
20234,11/07/25 02:15:00,29.190,,,,,
20235,11/07/25 02:30:00,29.215,,,,,
20236,11/07/25 02:45:00,29.215,,,,,
20237,11/07/25 03:00:00,29.215,,,,,
20238,11/07/25 03:15:00,29.190,,,,,
20239,11/07/25 03:30:00,29.190,,,,,
20240,11/07/25 03:45:00,29.190,,,,,
20241,11/07/25 04:00:00,29.140,,,,,
20242,11/07/25 04:15:00,29.140,,,,,
20243,11/07/25 04:30:00,29.115,,,,,
20244,11/07/25 04:45:00,29.090,,,,,
20245,11/07/25 05:00:00,29.090,,,,,
20246,11/07/25 05:15:00,29.090,,,,,
20247,11/07/25 05:30:00,29.090,,,,,
20248,11/07/25 05:45:00,29.115,,,,,
20249,11/07/25 06:00:00,29.115,,,,,
20250,11/07/25 06:15:00,29.115,,,,,
20251,11/07/25 06:30:00,29.140,,,,,
20252,11/07/25 06:45:00,29.140,,,,,
20253,11/07/25 07:00:00,29.140,,,,,
20254,11/07/25 07:15:00,29.165,,,,,
20255,11/07/25 07:30:00,29.165,,,,,
20256,11/07/25 07:45:00,29.165,,,,,
20257,11/07/25 08:00:00,29.165,,,,,
20258,11/07/25 08:15:00,29.165,,,,,
20259,11/07/25 08:30:00,29.165,,,,,
20260,11/07/25 08:45:00,29.190,,,,,
20261,11/07/25 09:00:00,29.190,,,,,
20262,11/07/25 09:15:00,29.165,,,,,
20263,11/07/25 09:30:00,29.165,,,,,
20264,11/07/25 09:45:00,29.115,,,,,
20265,11/07/25 10:00:00,29.040,,,,,
20266,11/07/25 10:15:00,28.990,,,,,
20267,11/07/25 10:30:00,28.941,,,,,
20268,11/07/25 10:45:00,28.941,,,,,
20269,11/07/25 11:00:00,28.941,,,,,
20270,11/07/25 11:15:00,28.965,,,,,
20271,11/07/25 11:30:00,28.965,,,,,
20272,11/07/25 11:45:00,28.965,,,,,
20273,11/07/25 12:00:00,28.965,,,,,
20274,11/07/25 12:15:00,29.015,,,,,
20275,11/07/25 12:30:00,29.040,,,,,
20276,11/07/25 12:45:00,29.090,,,,,
20277,11/07/25 13:00:00,29.115,,,,,
20278,11/07/25 13:15:00,29.140,,,,,
20279,11/07/25 13:30:00,29.165,,,,,
20280,11/07/25 13:45:00,29.190,,,,,
20281,11/07/25 14:00:00,29.190,,,,,
20282,11/07/25 14:15:00,29.190,,,,,
20283,11/07/25 14:30:00,29.190,,,,,
20284,11/07/25 14:45:00,29.165,,,,,
20285,11/07/25 15:00:00,29.165,,,,,
20286,11/07/25 15:15:00,29.215,,,,,
20287,11/07/25 15:30:00,29.215,,,,,
20288,11/07/25 15:45:00,29.215,,,,,
20289,11/07/25 16:00:00,29.215,,,,,
20290,11/07/25 16:15:00,29.215,,,,,
20291,11/07/25 16:30:00,29.215,,,,,
20292,11/07/25 16:45:00,29.240,,,,,
20293,11/07/25 17:00:00,29.240,,,,,
20294,11/07/25 17:15:00,29.240,,,,,
20295,11/07/25 17:30:00,29.240,,,,,
20296,11/07/25 17:45:00,29.240,,,,,
20297,11/07/25 18:00:00,29.240,,,,,
20298,11/07/25 18:15:00,29.240,,,,,
20299,11/07/25 18:30:00,29.240,,,,,
20300,11/07/25 18:45:00,29.240,,,,,
20301,11/07/25 19:00:00,29.240,,,,,
20302,11/07/25 19:15:00,29.240,,,,,
20303,11/07/25 19:30:00,29.215,,,,,
20304,11/07/25 19:45:00,29.215,,,,,
20305,11/07/25 20:00:00,29.240,,,,,
20306,11/07/25 20:15:00,29.240,,,,,
20307,11/07/25 20:30:00,29.215,,,,,
20308,11/07/25 20:45:00,29.215,,,,,
20309,11/07/25 21:00:00,29.215,,,,,
20310,11/07/25 21:15:00,29.215,,,,,
20311,11/07/25 21:30:00,29.215,,,,,
20312,11/07/25 21:45:00,29.215,,,,,
20313,11/07/25 22:00:00,29.215,,,,,
20314,11/07/25 22:15:00,29.215,,,,,
20315,11/07/25 22:30:00,29.215,,,,,
20316,11/07/25 22:45:00,29.215,,,,,
20317,11/07/25 23:00:00,29.215,,,,,
20318,11/07/25 23:15:00,29.215,,,,,
20319,11/07/25 23:30:00,29.215,,,,,
20320,11/07/25 23:45:00,29.215,,,,,
20321,11/08/25 00:00:00,29.215,,,,,
20322,11/08/25 00:15:00,29.215,,,,,
20323,11/08/25 00:30:00,29.215,,,,,
20324,11/08/25 00:45:00,29.215,,,,,
20325,11/08/25 01:00:00,29.215,,,,,
20326,11/08/25 01:15:00,29.215,,,,,
20327,11/08/25 01:30:00,29.190,,,,,
20328,11/08/25 01:45:00,29.215,,,,,
20329,11/08/25 02:00:00,29.190,,,,,
20330,11/08/25 02:15:00,29.190,,,,,
20331,11/08/25 02:30:00,29.190,,,,,
20332,11/08/25 02:45:00,29.190,,,,,
20333,11/08/25 03:00:00,29.190,,,,,
20334,11/08/25 03:15:00,29.165,,,,,
20335,11/08/25 03:30:00,29.165,,,,,
20336,11/08/25 03:45:00,29.165,,,,,
20337,11/08/25 04:00:00,29.165,,,,,
20338,11/08/25 04:15:00,29.165,,,,,
20339,11/08/25 04:30:00,29.165,,,,,
20340,11/08/25 04:45:00,29.165,,,,,
20341,11/08/25 05:00:00,29.165,,,,,
20342,11/08/25 05:15:00,29.140,,,,,
20343,11/08/25 05:30:00,29.165,,,,,
20344,11/08/25 05:45:00,29.165,,,,,
20345,11/08/25 06:00:00,29.140,,,,,
20346,11/08/25 06:15:00,29.140,,,,,
20347,11/08/25 06:30:00,29.140,,,,,
20348,11/08/25 06:45:00,29.140,,,,,
20349,11/08/25 07:00:00,29.140,,,,,
20350,11/08/25 07:15:00,29.140,,,,,
20351,11/08/25 07:30:00,29.115,,,,,
20352,11/08/25 07:45:00,29.090,,,,,
20353,11/08/25 08:00:00,29.090,,,,,
20354,11/08/25 08:15:00,29.065,,,,,
20355,11/08/25 08:30:00,29.065,,,,,
20356,11/08/25 08:45:00,29.015,,,,,
20357,11/08/25 09:00:00,28.965,,,,,
20358,11/08/25 09:15:00,28.941,,,,,
20359,11/08/25 09:30:00,28.941,,,,,
20360,11/08/25 09:45:00,28.990,,,,,
20361,11/08/25 10:00:00,29.015,,,,,
20362,11/08/25 10:15:00,29.065,,,,,
20363,11/08/25 10:30:00,29.065,,,,,
20364,11/08/25 10:45:00,29.090,,,,,
20365,11/08/25 11:00:00,29.115,,,,,
20366,11/08/25 11:15:00,29.240,,,,,
20367,11/08/25 11:30:00,29.190,,,,,
20368,11/08/25 11:45:00,29.190,,,,,
20369,11/08/25 12:00:00,29.240,,,,,
20370,11/08/25 12:15:00,29.240,,,,,
20371,11/08/25 12:30:00,29.240,,,,,
20372,11/08/25 12:45:00,29.464,,,,,
20373,11/08/25 13:00:00,29.115,,,,,
20374,11/08/25 13:15:00,28.990,,,,,
20375,11/08/25 13:30:00,29.290,,,,,
20376,11/08/25 13:45:00,29.365,,,,,
20377,11/08/25 14:00:00,29.290,,,,,
20378,11/08/25 14:15:00,28.990,,,,,
20379,11/08/25 14:30:00,28.965,,,,,
20380,11/08/25 14:45:00,28.965,,,,,
20381,11/08/25 15:00:00,29.090,,,,,
20382,11/08/25 15:15:00,29.140,,,,,
20383,11/08/25 15:30:00,29.165,,,,,
20384,11/08/25 15:45:00,29.190,,,,,
20385,11/08/25 16:00:00,29.165,,,,,
20386,11/08/25 16:15:00,29.165,,,,,
20387,11/08/25 16:30:00,29.165,,,,,
20388,11/08/25 16:45:00,29.165,,,,,
20389,11/08/25 17:00:00,29.190,,,,,
20390,11/08/25 17:15:00,29.190,,,,,
20391,11/08/25 17:30:00,29.165,,,,,
20392,11/08/25 17:45:00,29.165,,,,,
20393,11/08/25 18:00:00,29.165,,,,,
20394,11/08/25 18:15:00,29.165,,,,,
20395,11/08/25 18:30:00,29.140,,,,,
20396,11/08/25 18:45:00,29.165,,,,,
20397,11/08/25 19:00:00,29.165,,,,,
20398,11/08/25 19:15:00,29.140,,,,,
20399,11/08/25 19:30:00,29.140,,,,,
20400,11/08/25 19:45:00,29.140,,,,,
20401,11/08/25 20:00:00,29.140,,,,,
20402,11/08/25 20:15:00,29.140,,,,,
20403,11/08/25 20:30:00,29.140,,,,,
20404,11/08/25 20:45:00,29.140,,,,,
20405,11/08/25 21:00:00,29.140,,,,,
20406,11/08/25 21:15:00,29.140,,,,,
20407,11/08/25 21:30:00,29.140,,,,,
20408,11/08/25 21:45:00,29.140,,,,,
20409,11/08/25 22:00:00,29.140,,,,,
20410,11/08/25 22:15:00,29.140,,,,,
20411,11/08/25 22:30:00,29.140,,,,,
20412,11/08/25 22:45:00,29.140,,,,,
20413,11/08/25 23:00:00,29.165,,,,,
20414,11/08/25 23:15:00,29.140,,,,,
20415,11/08/25 23:30:00,29.140,,,,,
20416,11/08/25 23:45:00,29.140,,,,,
20417,11/09/25 00:00:00,29.115,,,,,
20418,11/09/25 00:15:00,29.115,,,,,
20419,11/09/25 00:30:00,29.115,,,,,
20420,11/09/25 00:45:00,29.115,,,,,
20421,11/09/25 01:00:00,29.115,,,,,
20422,11/09/25 01:15:00,29.115,,,,,
20423,11/09/25 01:30:00,29.115,,,,,
20424,11/09/25 01:45:00,29.115,,,,,
20425,11/09/25 02:00:00,29.115,,,,,
20426,11/09/25 02:15:00,29.115,,,,,
20427,11/09/25 02:30:00,29.115,,,,,
20428,11/09/25 02:45:00,29.115,,,,,
20429,11/09/25 03:00:00,29.115,,,,,
20430,11/09/25 03:15:00,29.090,,,,,
20431,11/09/25 03:30:00,29.065,,,,,
20432,11/09/25 03:45:00,29.040,,,,,
20433,11/09/25 04:00:00,29.040,,,,,
20434,11/09/25 04:15:00,28.965,,,,,
20435,11/09/25 04:30:00,28.866,,,,,
20436,11/09/25 04:45:00,28.891,,,,,
20437,11/09/25 05:00:00,28.866,,,,,
20438,11/09/25 05:15:00,28.891,,,,,
20439,11/09/25 05:30:00,28.891,,,,,
20440,11/09/25 05:45:00,28.916,,,,,
20441,11/09/25 06:00:00,28.916,,,,,
20442,11/09/25 06:15:00,28.916,,,,,
20443,11/09/25 06:30:00,28.941,,,,,
20444,11/09/25 06:45:00,28.965,,,,,
20445,11/09/25 07:00:00,29.040,,,,,
20446,11/09/25 07:15:00,29.065,,,,,
20447,11/09/25 07:30:00,29.090,,,,,
20448,11/09/25 07:45:00,29.090,,,,,
20449,11/09/25 08:00:00,29.115,,,,,
20450,11/09/25 08:15:00,29.115,,,,,
20451,11/09/25 08:30:00,29.115,,,,,
20452,11/09/25 08:45:00,29.115,,,,,
20453,11/09/25 09:00:00,29.115,,,,,
20454,11/09/25 09:15:00,29.140,,,,,
20455,11/09/25 09:30:00,29.140,,,,,
20456,11/09/25 09:45:00,29.140,,,,,
20457,11/09/25 10:00:00,29.140,,,,,
20458,11/09/25 10:15:00,29.140,,,,,
20459,11/09/25 10:30:00,29.140,,,,,
20460,11/09/25 10:45:00,29.140,,,,,
20461,11/09/25 11:00:00,29.140,,,,,
20462,11/09/25 11:15:00,29.115,,,,,
20463,11/09/25 11:30:00,29.090,,,,,
20464,11/09/25 11:45:00,29.090,,,,,
20465,11/09/25 12:00:00,29.090,,,,,
20466,11/09/25 12:15:00,29.065,,,,,
20467,11/09/25 12:30:00,28.965,,,,,
20468,11/09/25 12:45:00,28.941,,,,,
20469,11/09/25 13:00:00,29.140,,,,,
20470,11/09/25 13:15:00,29.414,,,,,
20471,11/09/25 13:30:00,29.389,,,,,
20472,11/09/25 13:45:00,29.140,,,,,
20473,11/09/25 14:00:00,29.065,,,,,
20474,11/09/25 14:15:00,29.090,,,,,
20475,11/09/25 14:30:00,29.040,,,,,
20476,11/09/25 14:45:00,28.990,,,,,
20477,11/09/25 15:00:00,29.040,,,,,
20478,11/09/25 15:15:00,29.065,,,,,
20479,11/09/25 15:30:00,29.165,,,,,
20480,11/09/25 15:45:00,29.240,,,,,
20481,11/09/25 16:00:00,29.015,,,,,
20482,11/09/25 16:15:00,28.990,,,,,
20483,11/09/25 16:30:00,29.439,,,,,
20484,11/09/25 16:45:00,29.515,,,,,
20485,11/09/25 17:00:00,29.215,,,,,
20486,11/09/25 17:15:00,29.265,,,,,
20487,11/09/25 17:30:00,29.215,,,,,
20488,11/09/25 17:45:00,29.115,,,,,
20489,11/09/25 18:00:00,29.040,,,,,
20490,11/09/25 18:15:00,29.090,,,,,
20491,11/09/25 18:30:00,29.115,,,,,
20492,11/09/25 18:45:00,29.115,,,,,
20493,11/09/25 19:00:00,29.090,,,,,
20494,11/09/25 19:15:00,29.065,,,,,
20495,11/09/25 19:30:00,29.065,,,,,
20496,11/09/25 19:45:00,29.065,,,,,
20497,11/09/25 20:00:00,29.065,,,,,
20498,11/09/25 20:15:00,29.040,,,,,
20499,11/09/25 20:30:00,29.015,,,,,
20500,11/09/25 20:45:00,29.015,,,,,
20501,11/09/25 21:00:00,29.015,,,,,
20502,11/09/25 21:15:00,29.015,,,,,
20503,11/09/25 21:30:00,29.015,,,,,
20504,11/09/25 21:45:00,29.015,,,,,
20505,11/09/25 22:00:00,29.015,,,,,
20506,11/09/25 22:15:00,29.015,,,,,
20507,11/09/25 22:30:00,29.015,,,,,
20508,11/09/25 22:45:00,29.040,,,,,
20509,11/09/25 23:00:00,29.015,,,,,
20510,11/09/25 23:15:00,29.040,,,,,
20511,11/09/25 23:30:00,29.065,,,,,
20512,11/09/25 23:45:00,29.065,,,,,
20513,11/10/25 00:00:00,29.065,,,,,
20514,11/10/25 00:15:00,29.090,,,,,
20515,11/10/25 00:30:00,29.090,,,,,
20516,11/10/25 00:45:00,29.065,,,,,
20517,11/10/25 01:00:00,29.065,,,,,
20518,11/10/25 01:15:00,29.090,,,,,
20519,11/10/25 01:30:00,29.090,,,,,
20520,11/10/25 01:45:00,29.115,,,,,
20521,11/10/25 02:00:00,29.140,,,,,
20522,11/10/25 02:15:00,29.115,,,,,
20523,11/10/25 02:30:00,29.090,,,,,
20524,11/10/25 02:45:00,29.065,,,,,
20525,11/10/25 03:00:00,29.065,,,,,
20526,11/10/25 03:15:00,29.040,,,,,
20527,11/10/25 03:30:00,29.015,,,,,
20528,11/10/25 03:45:00,28.990,,,,,
20529,11/10/25 04:00:00,28.990,,,,,
20530,11/10/25 04:15:00,28.990,,,,,
20531,11/10/25 04:30:00,28.990,,,,,
20532,11/10/25 04:45:00,28.965,,,,,
20533,11/10/25 05:00:00,28.965,,,,,
20534,11/10/25 05:15:00,28.965,,,,,
20535,11/10/25 05:30:00,28.941,,,,,
20536,11/10/25 05:45:00,28.916,,,,,
20537,11/10/25 06:00:00,28.916,,,,,
20538,11/10/25 06:15:00,28.916,,,,,
20539,11/10/25 06:30:00,28.891,,,,,
20540,11/10/25 06:45:00,28.891,,,,,
20541,11/10/25 07:00:00,28.866,,,,,
20542,11/10/25 07:15:00,28.816,,,,,
20543,11/10/25 07:30:00,28.816,,,,,
20544,11/10/25 07:45:00,28.816,,,,,
20545,11/10/25 08:00:00,28.766,,,,,
20546,11/10/25 08:15:00,28.742,,,,,
20547,11/10/25 08:30:00,28.791,,,,,
20548,11/10/25 08:45:00,28.841,,,,,
20549,11/10/25 09:00:00,28.766,,,,,
20550,11/10/25 09:15:00,28.742,,,,,
20551,11/10/25 09:30:00,28.717,,,,,
20552,11/10/25 09:45:00,28.742,,,,,
20553,11/10/25 10:00:00,28.816,,,,,
20554,11/10/25 10:15:00,28.891,,,,,
20555,11/10/25 10:30:00,28.891,,,,,
20556,11/10/25 10:45:00,28.766,,,,,
20557,11/10/25 11:00:00,28.742,,,,,
20558,11/10/25 11:15:00,28.593,,,,,
20559,11/10/25 11:30:00,28.568,,,,,
20560,11/10/25 11:45:00,28.593,,,,,
20561,11/10/25 12:00:00,28.667,,,,,
20562,11/10/25 12:15:00,28.816,,,,,
20563,11/10/25 12:30:00,28.717,,,,,
20564,11/10/25 12:45:00,28.667,,,,,
20565,11/10/25 13:00:00,28.642,,,,,
20566,11/10/25 13:15:00,28.642,,,,,
20567,11/10/25 13:30:00,28.667,,,,,
20568,11/10/25 13:45:00,28.667,,,,,
20569,11/10/25 14:00:00,28.667,,,,,
20570,11/10/25 14:15:00,28.692,,,,,
20571,11/10/25 14:30:00,28.717,,,,,
20572,11/10/25 14:45:00,28.766,,,,,
20573,11/10/25 15:00:00,28.841,,,,,
20574,11/10/25 15:15:00,28.866,,,,,
20575,11/10/25 15:30:00,28.866,,,,,
20576,11/10/25 15:45:00,28.891,,,,,
20577,11/10/25 16:00:00,28.891,,,,,
20578,11/10/25 16:15:00,28.941,,,,,
20579,11/10/25 16:30:00,28.916,,,,,
20580,11/10/25 16:45:00,28.941,,,,,
20581,11/10/25 17:00:00,28.965,,,,,
20582,11/10/25 17:15:00,28.965,,,,,
20583,11/10/25 17:30:00,28.965,,,,,
20584,11/10/25 17:45:00,28.941,,,,,
20585,11/10/25 18:00:00,28.891,,,,,
20586,11/10/25 18:15:00,28.965,,,,,
20587,11/10/25 18:30:00,28.965,,,,,
20588,11/10/25 18:45:00,28.990,,,,,
20589,11/10/25 19:00:00,29.015,,,,,
20590,11/10/25 19:15:00,29.040,,,,,
20591,11/10/25 19:30:00,29.040,,,,,
20592,11/10/25 19:45:00,29.040,,,,,
20593,11/10/25 20:00:00,29.040,,,,,
20594,11/10/25 20:15:00,29.040,,,,,
20595,11/10/25 20:30:00,29.065,,,,,
20596,11/10/25 20:45:00,29.065,,,,,
20597,11/10/25 21:00:00,29.065,,,,,
20598,11/10/25 21:15:00,29.040,,,,,
20599,11/10/25 21:30:00,29.140,,,,,
20600,11/10/25 21:45:00,29.140,,,,,
20601,11/10/25 22:00:00,29.140,,,,,
20602,11/10/25 22:15:00,29.165,,,,,
20603,11/10/25 22:30:00,29.140,,,,,
20604,11/10/25 22:45:00,29.165,,,,,
20605,11/10/25 23:00:00,29.165,,,,,
20606,11/10/25 23:15:00,29.165,,,,,
20607,11/10/25 23:30:00,29.165,,,,,
20608,11/10/25 23:45:00,29.165,,,,,
20609,11/11/25 00:00:00,29.165,,,,,
20610,11/11/25 00:15:00,29.165,,,,,
20611,11/11/25 00:30:00,29.190,,,,,
20612,11/11/25 00:45:00,29.190,,,,,
20613,11/11/25 01:00:00,29.190,,,,,
20614,11/11/25 01:15:00,29.190,,,,,
20615,11/11/25 01:30:00,29.190,,,,,
20616,11/11/25 01:45:00,29.190,,,,,
20617,11/11/25 02:00:00,29.190,,,,,
20618,11/11/25 02:15:00,29.190,,,,,
20619,11/11/25 02:30:00,29.140,,,,,
20620,11/11/25 02:45:00,29.140,,,,,
20621,11/11/25 03:00:00,29.140,,,,,
20622,11/11/25 03:15:00,29.190,,,,,
20623,11/11/25 03:30:00,29.190,,,,,
20624,11/11/25 03:45:00,29.190,,,,,
20625,11/11/25 04:00:00,29.115,,,,,
20626,11/11/25 04:15:00,29.090,,,,,
20627,11/11/25 04:30:00,29.090,,,,,
20628,11/11/25 04:45:00,29.090,,,,,
20629,11/11/25 05:00:00,29.090,,,,,
20630,11/11/25 05:15:00,29.090,,,,,
20631,11/11/25 05:30:00,29.090,,,,,
20632,11/11/25 05:45:00,29.090,,,,,
20633,11/11/25 06:00:00,29.115,,,,,
20634,11/11/25 06:15:00,29.090,,,,,
20635,11/11/25 06:30:00,29.090,,,,,
20636,11/11/25 06:45:00,29.065,,,,,
20637,11/11/25 07:00:00,29.040,,,,,
20638,11/11/25 07:15:00,28.941,,,,,
20639,11/11/25 07:30:00,28.816,,,,,
20640,11/11/25 07:45:00,28.791,,,,,
20641,11/11/25 08:00:00,28.816,,,,,
20642,11/11/25 08:15:00,29.040,,,,,
20643,11/11/25 08:30:00,29.090,,,,,
20644,11/11/25 08:45:00,29.115,,,,,
20645,11/11/25 09:00:00,29.115,,,,,
20646,11/11/25 09:15:00,29.115,,,,,
20647,11/11/25 09:30:00,29.140,,,,,
20648,11/11/25 09:45:00,29.140,,,,,
20649,11/11/25 10:00:00,29.140,,,,,
20650,11/11/25 10:15:00,29.140,,,,,
20651,11/11/25 10:30:00,29.165,,,,,
20652,11/11/25 10:45:00,29.165,,,,,
20653,11/11/25 11:00:00,29.140,,,,,
20654,11/11/25 11:15:00,29.065,,,,,
20655,11/11/25 11:30:00,29.065,,,,,
20656,11/11/25 11:45:00,29.065,,,,,
20657,11/11/25 12:00:00,29.065,,,,,
20658,11/11/25 12:15:00,29.040,,,,,
20659,11/11/25 12:30:00,28.990,,,,,
20660,11/11/25 12:45:00,28.965,,,,,
20661,11/11/25 13:00:00,28.891,,,,,
20662,11/11/25 13:15:00,28.866,,,,,
20663,11/11/25 13:30:00,28.866,,,,,
20664,11/11/25 13:45:00,28.841,,,,,
20665,11/11/25 14:00:00,28.841,,,,,
20666,11/11/25 14:15:00,28.841,,,,,
20667,11/11/25 14:30:00,28.891,,,,,
20668,11/11/25 14:45:00,28.941,,,,,
20669,11/11/25 15:00:00,28.990,,,,,
20670,11/11/25 15:15:00,28.990,,,,,
20671,11/11/25 15:30:00,28.965,,,,,
20672,11/11/25 15:45:00,28.990,,,,,
20673,11/11/25 16:00:00,28.990,,,,,
20674,11/11/25 16:15:00,28.965,,,,,
20675,11/11/25 16:30:00,28.965,,,,,
20676,11/11/25 16:45:00,28.941,,,,,
20677,11/11/25 17:00:00,28.916,,,,,
20678,11/11/25 17:15:00,28.916,,,,,
20679,11/11/25 17:30:00,28.916,,,,,
20680,11/11/25 17:45:00,28.916,,,,,
20681,11/11/25 18:00:00,28.916,,,,,
20682,11/11/25 18:15:00,28.916,,,,,
20683,11/11/25 18:30:00,28.916,,,,,
20684,11/11/25 18:45:00,28.916,,,,,
20685,11/11/25 19:00:00,28.916,,,,,
20686,11/11/25 19:15:00,28.916,,,,,
20687,11/11/25 19:30:00,28.941,,,,,
20688,11/11/25 19:45:00,28.941,,,,,
20689,11/11/25 20:00:00,28.990,,,,,
20690,11/11/25 20:15:00,29.015,,,,,
20691,11/11/25 20:30:00,29.015,,,,,
20692,11/11/25 20:45:00,29.015,,,,,
20693,11/11/25 21:00:00,29.015,,,,,
20694,11/11/25 21:15:00,28.990,,,,,
20695,11/11/25 21:30:00,28.990,,,,,
20696,11/11/25 21:45:00,28.990,,,,,
20697,11/11/25 22:00:00,28.965,,,,,
20698,11/11/25 22:15:00,28.990,,,,,
20699,11/11/25 22:30:00,28.990,,,,,
20700,11/11/25 22:45:00,28.990,,,,,
20701,11/11/25 23:00:00,28.965,,,,,
20702,11/11/25 23:15:00,28.965,,,,,
20703,11/11/25 23:30:00,28.965,,,,,
20704,11/11/25 23:45:00,28.965,,,,,
20705,11/12/25 00:00:00,28.965,,,,,
20706,11/12/25 00:15:00,28.965,,,,,
20707,11/12/25 00:30:00,28.990,,,,,
20708,11/12/25 00:45:00,28.990,,,,,
20709,11/12/25 01:00:00,28.990,,,,,
20710,11/12/25 01:15:00,29.015,,,,,
20711,11/12/25 01:30:00,28.990,,,,,
20712,11/12/25 01:45:00,28.965,,,,,
20713,11/12/25 02:00:00,28.965,,,,,
20714,11/12/25 02:15:00,28.965,,,,,
20715,11/12/25 02:30:00,28.990,,,,,
20716,11/12/25 02:45:00,28.990,,,,,
20717,11/12/25 03:00:00,28.990,,,,,
20718,11/12/25 03:15:00,29.240,,,,,
20719,11/12/25 03:30:00,29.090,,,,,
20720,11/12/25 03:45:00,28.990,,,,,
20721,11/12/25 04:00:00,28.941,,,,,
20722,11/12/25 04:15:00,28.916,,,,,
20723,11/12/25 04:30:00,28.916,,,,,
20724,11/12/25 04:45:00,28.916,,,,,
20725,11/12/25 05:00:00,28.941,,,,,
20726,11/12/25 05:15:00,28.941,,,,,
20727,11/12/25 05:30:00,28.916,,,,,
20728,11/12/25 05:45:00,28.916,,,,,
20729,11/12/25 06:00:00,28.916,,,,,
20730,11/12/25 06:15:00,28.891,,,,,
20731,11/12/25 06:30:00,28.866,,,,,
20732,11/12/25 06:45:00,28.891,,,,,
20733,11/12/25 07:00:00,28.891,,,,,
20734,11/12/25 07:15:00,28.916,,,,,
20735,11/12/25 07:30:00,28.916,,,,,
20736,11/12/25 07:45:00,28.916,,,,,
20737,11/12/25 08:00:00,28.891,,,,,
20738,11/12/25 08:15:00,28.891,,,,,
20739,11/12/25 08:30:00,28.916,,,,,
20740,11/12/25 08:45:00,28.941,,,,,
20741,11/12/25 09:00:00,28.990,,,,,
20742,11/12/25 09:15:00,29.015,,,,,
20743,11/12/25 09:30:00,29.015,,,,,
20744,11/12/25 09:45:00,29.015,,,,,
20745,11/12/25 10:00:00,29.040,,,,,
20746,11/12/25 10:15:00,29.040,,,,,
20747,11/12/25 10:30:00,29.040,,,,,
20748,11/12/25 10:45:00,29.040,,,,,
20749,11/12/25 11:00:00,29.065,,,,,
20750,11/12/25 11:15:00,29.065,,,,,
20751,11/12/25 11:30:00,29.040,,,,,
20752,11/12/25 11:45:00,29.065,,,,,
20753,11/12/25 12:00:00,29.065,,,,,
20754,11/12/25 12:15:00,29.065,,,,,
20755,11/12/25 12:30:00,29.065,,,,,
20756,11/12/25 12:45:00,29.065,,,,,
20757,11/12/25 13:00:00,29.065,,,,,
20758,11/12/25 13:15:00,29.065,,,,,
20759,11/12/25 13:30:00,28.990,,,,,
20760,11/12/25 13:45:00,28.965,,,,,
20761,11/12/25 14:00:00,28.916,,,,,
20762,11/12/25 14:15:00,28.891,,,,,
20763,11/12/25 14:30:00,28.891,,,,,
20764,11/12/25 14:45:00,28.916,,,,,
20765,11/12/25 15:00:00,28.941,,,,,
20766,11/12/25 15:15:00,28.965,,,,,
20767,11/12/25 15:30:00,29.015,,,,,
20768,11/12/25 15:45:00,29.040,,,,,
20769,11/12/25 16:00:00,29.065,,,,,
20770,11/12/25 16:15:00,29.065,,,,,
20771,11/12/25 16:30:00,29.065,,,,,
20772,11/12/25 16:45:00,29.065,,,,,
20773,11/12/25 17:00:00,29.090,,,,,
20774,11/12/25 17:15:00,29.065,,,,,
20775,11/12/25 17:30:00,28.990,,,,,
20776,11/12/25 17:45:00,28.941,,,,,
20777,11/12/25 18:00:00,28.916,,,,,
20778,11/12/25 18:15:00,28.916,,,,,
20779,11/12/25 18:30:00,28.941,,,,,
20780,11/12/25 18:45:00,29.015,,,,,
20781,11/12/25 19:00:00,29.015,,,,,
20782,11/12/25 19:15:00,29.015,,,,,
20783,11/12/25 19:30:00,29.015,,,,,
20784,11/12/25 19:45:00,28.990,,,,,
20785,11/12/25 20:00:00,28.990,,,,,
20786,11/12/25 20:15:00,28.990,,,,,
20787,11/12/25 20:30:00,28.990,,,,,
20788,11/12/25 20:45:00,28.990,,,,,
20789,11/12/25 21:00:00,28.990,,,,,
20790,11/12/25 21:15:00,29.015,,,,,
20791,11/12/25 21:30:00,29.040,,,,,
20792,11/12/25 21:45:00,29.040,,,,,
20793,11/12/25 22:00:00,29.040,,,,,
20794,11/12/25 22:15:00,29.065,,,,,
20795,11/12/25 22:30:00,29.040,,,,,
20796,11/12/25 22:45:00,29.040,,,,,
20797,11/12/25 23:00:00,29.040,,,,,
20798,11/12/25 23:15:00,29.040,,,,,
20799,11/12/25 23:30:00,29.040,,,,,
20800,11/12/25 23:45:00,29.040,,,,,
20801,11/13/25 00:00:00,29.040,,,,,
20802,11/13/25 00:15:00,29.040,,,,,
20803,11/13/25 00:30:00,29.040,,,,,
20804,11/13/25 00:45:00,29.040,,,,,
20805,11/13/25 01:00:00,29.015,,,,,
20806,11/13/25 01:15:00,29.015,,,,,
20807,11/13/25 01:30:00,29.015,,,,,
20808,11/13/25 01:45:00,29.015,,,,,
20809,11/13/25 02:00:00,29.040,,,,,
20810,11/13/25 02:15:00,29.040,,,,,
20811,11/13/25 02:30:00,29.040,,,,,
20812,11/13/25 02:45:00,29.040,,,,,
20813,11/13/25 03:00:00,29.040,,,,,
20814,11/13/25 03:15:00,29.015,,,,,
20815,11/13/25 03:30:00,29.040,,,,,
20816,11/13/25 03:45:00,29.040,,,,,
20817,11/13/25 04:00:00,29.015,,,,,
20818,11/13/25 04:15:00,29.015,,,,,
20819,11/13/25 04:30:00,29.015,,,,,
20820,11/13/25 04:45:00,28.990,,,,,
20821,11/13/25 05:00:00,28.990,,,,,
20822,11/13/25 05:15:00,28.990,,,,,
20823,11/13/25 05:30:00,28.990,,,,,
20824,11/13/25 05:45:00,28.990,,,,,
20825,11/13/25 06:00:00,29.015,,,,,
20826,11/13/25 06:15:00,28.990,,,,,
20827,11/13/25 06:30:00,29.015,,,,,
20828,11/13/25 06:45:00,29.015,,,,,
20829,11/13/25 07:00:00,29.015,,,,,
20830,11/13/25 07:15:00,28.990,,,,,
20831,11/13/25 07:30:00,29.015,,,,,
20832,11/13/25 07:45:00,28.990,,,,,
20833,11/13/25 08:00:00,29.090,,,,,
20834,11/13/25 08:15:00,29.115,,,,,
20835,11/13/25 08:30:00,29.040,,,,,
20836,11/13/25 08:45:00,28.916,,,,,
20837,11/13/25 09:00:00,28.916,,,,,
20838,11/13/25 09:15:00,28.916,,,,,
20839,11/13/25 09:30:00,28.916,,,,,
20840,11/13/25 09:45:00,28.941,,,,,
20841,11/13/25 10:00:00,28.965,,,,,
20842,11/13/25 10:15:00,28.990,,,,,
20843,11/13/25 10:30:00,29.015,,,,,
20844,11/13/25 10:45:00,29.015,,,,,
20845,11/13/25 11:00:00,29.040,,,,,
20846,11/13/25 11:15:00,29.040,,,,,
20847,11/13/25 11:30:00,29.040,,,,,
20848,11/13/25 11:45:00,29.040,,,,,
20849,11/13/25 12:00:00,29.065,,,,,
20850,11/13/25 12:15:00,29.065,,,,,
20851,11/13/25 12:30:00,29.065,,,,,
20852,11/13/25 12:45:00,29.065,,,,,
20853,11/13/25 13:00:00,29.065,,,,,
20854,11/13/25 13:15:00,29.065,,,,,
20855,11/13/25 13:30:00,29.065,,,,,
20856,11/13/25 13:45:00,29.065,,,,,
20857,11/13/25 14:00:00,29.090,,,,,
20858,11/13/25 14:15:00,29.090,,,,,
20859,11/13/25 14:30:00,29.090,,,,,
20860,11/13/25 14:45:00,29.090,,,,,
20861,11/13/25 15:00:00,29.090,,,,,
20862,11/13/25 15:15:00,29.090,,,,,
20863,11/13/25 15:30:00,29.090,,,,,
20864,11/13/25 15:45:00,29.090,,,,,
20865,11/13/25 16:00:00,29.090,,,,,
20866,11/13/25 16:15:00,29.115,,,,,
20867,11/13/25 16:30:00,29.115,,,,,
20868,11/13/25 16:45:00,29.115,,,,,
20869,11/13/25 17:00:00,29.115,,,,,
20870,11/13/25 17:15:00,29.115,,,,,
20871,11/13/25 17:30:00,29.115,,,,,
20872,11/13/25 17:45:00,29.365,,,,,
20873,11/13/25 18:00:00,29.439,,,,,
20874,11/13/25 18:15:00,29.490,,,,,
20875,11/13/25 18:30:00,29.515,,,,,
20876,11/13/25 18:45:00,29.540,,,,,
20877,11/13/25 19:00:00,29.540,,,,,
20878,11/13/25 19:15:00,29.540,,,,,
20879,11/13/25 19:30:00,29.565,,,,,
20880,11/13/25 19:45:00,29.640,,,,,
20881,11/13/25 20:00:00,29.690,,,,,
20882,11/13/25 20:15:00,29.690,,,,,
20883,11/13/25 20:30:00,29.665,,,,,
20884,11/13/25 20:45:00,29.540,,,,,
20885,11/13/25 21:00:00,29.490,,,,,
20886,11/13/25 21:15:00,29.389,,,,,
20887,11/13/25 21:30:00,29.340,,,,,
20888,11/13/25 21:45:00,29.290,,,,,
20889,11/13/25 22:00:00,29.240,,,,,
20890,11/13/25 22:15:00,29.215,,,,,
20891,11/13/25 22:30:00,29.190,,,,,
20892,11/13/25 22:45:00,29.190,,,,,
20893,11/13/25 23:00:00,29.165,,,,,
20894,11/13/25 23:15:00,29.140,,,,,
20895,11/13/25 23:30:00,29.090,,,,,
20896,11/13/25 23:45:00,29.065,,,,,
20897,11/14/25 00:00:00,29.065,,,,,
20898,11/14/25 00:15:00,29.090,,,,,
20899,11/14/25 00:30:00,29.090,,,,,
20900,11/14/25 00:45:00,29.065,,,,,
20901,11/14/25 01:00:00,29.065,,,,,
20902,11/14/25 01:15:00,29.065,,,,,
20903,11/14/25 01:30:00,29.065,,,,,
20904,11/14/25 01:45:00,29.065,,,,,
20905,11/14/25 02:00:00,29.065,,,,,
20906,11/14/25 02:15:00,29.065,,,,,
20907,11/14/25 02:30:00,29.065,,,,,
20908,11/14/25 02:45:00,29.065,,,,,
20909,11/14/25 03:00:00,29.065,,,,,
20910,11/14/25 03:15:00,29.065,,,,,
20911,11/14/25 03:30:00,29.065,,,,,
20912,11/14/25 03:45:00,29.065,,,,,
20913,11/14/25 04:00:00,29.065,,,,,
20914,11/14/25 04:15:00,29.040,,,,,
20915,11/14/25 04:30:00,29.040,,,,,
20916,11/14/25 04:45:00,29.015,,,,,
20917,11/14/25 05:00:00,28.990,,,,,
20918,11/14/25 05:15:00,29.015,,,,,
20919,11/14/25 05:30:00,29.040,,,,,
20920,11/14/25 05:45:00,29.040,,,,,
20921,11/14/25 06:00:00,29.065,,,,,
20922,11/14/25 06:15:00,29.065,,,,,
20923,11/14/25 06:30:00,29.065,,,,,
20924,11/14/25 06:45:00,29.065,,,,,
20925,11/14/25 07:00:00,29.065,,,,,
20926,11/14/25 07:15:00,29.065,,,,,
20927,11/14/25 07:30:00,29.065,,,,,
20928,11/14/25 07:45:00,29.065,,,,,
20929,11/14/25 08:00:00,29.065,,,,,
20930,11/14/25 08:15:00,29.065,,,,,
20931,11/14/25 08:30:00,29.065,,,,,
20932,11/14/25 08:45:00,29.065,,,,,
20933,11/14/25 09:00:00,29.090,,,,,
20934,11/14/25 09:15:00,29.090,,,,,
20935,11/14/25 09:30:00,29.115,,,,,
20936,11/14/25 09:45:00,29.115,,,,,
20937,11/14/25 10:00:00,29.140,,,,,
20938,11/14/25 10:15:00,29.140,,,,,
20939,11/14/25 10:30:00,29.165,,,,,
20940,11/14/25 10:45:00,29.165,,,,,
20941,11/14/25 11:00:00,29.165,,,,,
20942,11/14/25 11:15:00,29.165,,,,,
20943,11/14/25 11:30:00,29.165,,,,,
20944,11/14/25 11:45:00,29.165,,,,,
20945,11/14/25 12:00:00,29.165,,,,,
20946,11/14/25 12:15:00,29.165,,,,,
20947,11/14/25 12:30:00,29.165,,,,,
20948,11/14/25 12:45:00,29.165,,,,,
20949,11/14/25 13:00:00,29.165,,,,,
20950,11/14/25 13:15:00,29.165,,,,,
20951,11/14/25 13:30:00,29.165,,,,,
20952,11/14/25 13:45:00,29.165,,,,,
20953,11/14/25 14:00:00,29.190,,,,,
20954,11/14/25 14:15:00,29.165,,,,,
20955,11/14/25 14:30:00,29.165,,,,,
20956,11/14/25 14:45:00,29.190,,,,,
20957,11/14/25 15:00:00,29.190,,,,,
20958,11/14/25 15:15:00,29.190,,,,,
20959,11/14/25 15:30:00,29.190,,,,,
20960,11/14/25 15:45:00,29.190,,,,,
20961,11/14/25 16:00:00,29.165,,,,,
20962,11/14/25 16:15:00,29.165,,,,,
20963,11/14/25 16:30:00,29.165,,,,,
20964,11/14/25 16:45:00,29.165,,,,,
20965,11/14/25 17:00:00,29.165,,,,,
20966,11/14/25 17:15:00,29.165,,,,,
20967,11/14/25 17:30:00,29.140,,,,,
20968,11/14/25 17:45:00,29.140,,,,,
20969,11/14/25 18:00:00,29.140,,,,,
20970,11/14/25 18:15:00,29.140,,,,,
20971,11/14/25 18:30:00,29.140,,,,,
20972,11/14/25 18:45:00,29.140,,,,,
20973,11/14/25 19:00:00,29.140,,,,,
20974,11/14/25 19:15:00,29.140,,,,,
20975,11/14/25 19:30:00,29.140,,,,,
20976,11/14/25 19:45:00,29.140,,,,,
20977,11/14/25 20:00:00,29.140,,,,,
20978,11/14/25 20:15:00,29.140,,,,,
20979,11/14/25 20:30:00,29.140,,,,,
20980,11/14/25 20:45:00,29.140,,,,,
20981,11/14/25 21:00:00,29.165,,,,,
20982,11/14/25 21:15:00,29.165,,,,,
20983,11/14/25 21:30:00,29.165,,,,,
20984,11/14/25 21:45:00,29.165,,,,,
20985,11/14/25 22:00:00,29.140,,,,,
20986,11/14/25 22:15:00,29.165,,,,,
20987,11/14/25 22:30:00,29.165,,,,,
20988,11/14/25 22:45:00,29.165,,,,,
20989,11/14/25 23:00:00,29.140,,,,,
20990,11/14/25 23:15:00,29.140,,,,,
20991,11/14/25 23:30:00,29.215,,,,,
20992,11/14/25 23:45:00,29.240,,,,,
20993,11/15/25 00:00:00,29.215,,,,,
20994,11/15/25 00:15:00,29.240,,,,,
20995,11/15/25 00:30:00,29.265,,,,,
20996,11/15/25 00:45:00,29.265,,,,,
20997,11/15/25 01:00:00,29.265,,,,,
20998,11/15/25 01:15:00,29.265,,,,,
20999,11/15/25 01:30:00,29.265,,,,,
21000,11/15/25 01:45:00,29.265,,,,,
21001,11/15/25 02:00:00,29.265,,,,,
21002,11/15/25 02:15:00,29.265,,,,,
21003,11/15/25 02:30:00,29.240,,,,,
21004,11/15/25 02:45:00,29.315,,,,,
21005,11/15/25 03:00:00,29.290,,,,,
21006,11/15/25 03:15:00,29.265,,,,,
21007,11/15/25 03:30:00,29.265,,,,,
21008,11/15/25 03:45:00,29.365,,,,,
21009,11/15/25 04:00:00,29.439,,,,,
21010,11/15/25 04:15:00,29.439,,,,,
21011,11/15/25 04:30:00,29.515,,,,,
21012,11/15/25 04:45:00,29.515,,,,,
21013,11/15/25 05:00:00,29.490,,,,,
21014,11/15/25 05:15:00,29.365,,,,,
21015,11/15/25 05:30:00,29.265,,,,,
21016,11/15/25 05:45:00,29.165,,,,,
21017,11/15/25 06:00:00,29.065,,,,,
21018,11/15/25 06:15:00,29.065,,,,,
21019,11/15/25 06:30:00,29.290,,,,,
21020,11/15/25 06:45:00,29.040,,,,,
21021,11/15/25 07:00:00,29.265,,,,,
21022,11/15/25 07:15:00,29.190,,,,,
21023,11/15/25 07:30:00,28.916,,,,,
21024,11/15/25 07:45:00,28.866,,,,,
21025,11/15/25 08:00:00,28.841,,,,,
21026,11/15/25 08:15:00,28.816,,,,,
21027,11/15/25 08:30:00,28.791,,,,,
21028,11/15/25 08:45:00,28.816,,,,,
21029,11/15/25 09:00:00,28.866,,,,,
21030,11/15/25 09:15:00,28.891,,,,,
21031,11/15/25 09:30:00,28.916,,,,,
21032,11/15/25 09:45:00,28.941,,,,,
21033,11/15/25 10:00:00,28.965,,,,,
21034,11/15/25 10:15:00,28.941,,,,,
21035,11/15/25 10:30:00,28.965,,,,,
21036,11/15/25 10:45:00,29.389,,,,,
21037,11/15/25 11:00:00,29.389,,,,,
21038,11/15/25 11:15:00,29.190,,,,,
21039,11/15/25 11:30:00,29.190,,,,,
21040,11/15/25 11:45:00,29.165,,,,,
21041,11/15/25 12:00:00,29.165,,,,,
21042,11/15/25 12:15:00,29.190,,,,,
21043,11/15/25 12:30:00,29.190,,,,,
21044,11/15/25 12:45:00,29.190,,,,,
21045,11/15/25 13:00:00,29.190,,,,,
21046,11/15/25 13:15:00,29.165,,,,,
21047,11/15/25 13:30:00,29.165,,,,,
21048,11/15/25 13:45:00,29.165,,,,,
21049,11/15/25 14:00:00,29.140,,,,,
21050,11/15/25 14:15:00,29.115,,,,,
21051,11/15/25 14:30:00,29.115,,,,,
21052,11/15/25 14:45:00,29.115,,,,,
21053,11/15/25 15:00:00,29.115,,,,,
21054,11/15/25 15:15:00,29.115,,,,,
21055,11/15/25 15:30:00,29.115,,,,,
21056,11/15/25 15:45:00,29.090,,,,,
21057,11/15/25 16:00:00,29.090,,,,,
21058,11/15/25 16:15:00,29.090,,,,,
21059,11/15/25 16:30:00,29.090,,,,,
21060,11/15/25 16:45:00,29.090,,,,,
21061,11/15/25 17:00:00,29.090,,,,,
21062,11/15/25 17:15:00,29.065,,,,,
21063,11/15/25 17:30:00,29.065,,,,,
21064,11/15/25 17:45:00,29.065,,,,,
21065,11/15/25 18:00:00,29.090,,,,,
21066,11/15/25 18:15:00,29.115,,,,,
21067,11/15/25 18:30:00,29.090,,,,,
21068,11/15/25 18:45:00,29.115,,,,,
21069,11/15/25 19:00:00,29.115,,,,,
21070,11/15/25 19:15:00,29.115,,,,,
21071,11/15/25 19:30:00,29.165,,,,,
21072,11/15/25 19:45:00,29.140,,,,,
21073,11/15/25 20:00:00,29.115,,,,,
21074,11/15/25 20:15:00,29.090,,,,,
21075,11/15/25 20:30:00,29.090,,,,,
21076,11/15/25 20:45:00,29.090,,,,,
21077,11/15/25 21:00:00,29.090,,,,,
21078,11/15/25 21:15:00,29.065,,,,,
21079,11/15/25 21:30:00,29.065,,,,,
21080,11/15/25 21:45:00,29.065,,,,,
21081,11/15/25 22:00:00,29.065,,,,,
21082,11/15/25 22:15:00,29.065,,,,,
21083,11/15/25 22:30:00,29.065,,,,,
21084,11/15/25 22:45:00,29.065,,,,,
21085,11/15/25 23:00:00,29.065,,,,,
21086,11/15/25 23:15:00,29.065,,,,,
21087,11/15/25 23:30:00,29.065,,,,,
21088,11/15/25 23:45:00,29.065,,,,,
21089,11/16/25 00:00:00,29.065,,,,,
21090,11/16/25 00:15:00,29.065,,,,,
21091,11/16/25 00:30:00,29.090,,,,,
21092,11/16/25 00:45:00,29.090,,,,,
21093,11/16/25 01:00:00,29.090,,,,,
21094,11/16/25 01:15:00,29.090,,,,,
21095,11/16/25 01:30:00,29.090,,,,,
21096,11/16/25 01:45:00,29.090,,,,,
21097,11/16/25 02:00:00,29.065,,,,,
21098,11/16/25 02:15:00,29.065,,,,,
21099,11/16/25 02:30:00,29.090,,,,,
21100,11/16/25 02:45:00,29.115,,,,,
21101,11/16/25 03:00:00,29.115,,,,,
21102,11/16/25 03:15:00,29.115,,,,,
21103,11/16/25 03:30:00,29.090,,,,,
21104,11/16/25 03:45:00,29.090,,,,,
21105,11/16/25 04:00:00,29.090,,,,,
21106,11/16/25 04:15:00,29.090,,,,,
21107,11/16/25 04:30:00,29.090,,,,,
21108,11/16/25 04:45:00,29.065,,,,,
21109,11/16/25 05:00:00,29.065,,,,,
21110,11/16/25 05:15:00,29.065,,,,,
21111,11/16/25 05:30:00,29.040,,,,,
21112,11/16/25 05:45:00,29.040,,,,,
21113,11/16/25 06:00:00,29.040,,,,,
21114,11/16/25 06:15:00,29.040,,,,,
21115,11/16/25 06:30:00,29.040,,,,,
21116,11/16/25 06:45:00,29.090,,,,,
21117,11/16/25 07:00:00,29.090,,,,,
21118,11/16/25 07:15:00,29.065,,,,,
21119,11/16/25 07:30:00,29.040,,,,,
21120,11/16/25 07:45:00,29.065,,,,,
21121,11/16/25 08:00:00,29.065,,,,,
21122,11/16/25 08:15:00,29.040,,,,,
21123,11/16/25 08:30:00,29.065,,,,,
21124,11/16/25 08:45:00,29.065,,,,,
21125,11/16/25 09:00:00,29.090,,,,,
21126,11/16/25 09:15:00,29.065,,,,,
21127,11/16/25 09:30:00,29.065,,,,,
21128,11/16/25 09:45:00,29.065,,,,,
21129,11/16/25 10:00:00,29.065,,,,,
21130,11/16/25 10:15:00,29.090,,,,,
21131,11/16/25 10:30:00,29.090,,,,,
21132,11/16/25 10:45:00,29.090,,,,,
21133,11/16/25 11:00:00,29.115,,,,,
21134,11/16/25 11:15:00,29.115,,,,,
21135,11/16/25 11:30:00,29.115,,,,,
21136,11/16/25 11:45:00,29.115,,,,,
21137,11/16/25 12:00:00,29.115,,,,,
21138,11/16/25 12:15:00,29.140,,,,,
21139,11/16/25 12:30:00,29.140,,,,,
21140,11/16/25 12:45:00,29.140,,,,,
21141,11/16/25 13:00:00,29.140,,,,,
21142,11/16/25 13:15:00,29.140,,,,,
21143,11/16/25 13:30:00,29.190,,,,,
21144,11/16/25 13:45:00,29.215,,,,,
21145,11/16/25 14:00:00,29.190,,,,,
21146,11/16/25 14:15:00,29.140,,,,,
21147,11/16/25 14:30:00,29.140,,,,,
21148,11/16/25 14:45:00,29.140,,,,,
21149,11/16/25 15:00:00,29.140,,,,,
21150,11/16/25 15:15:00,29.115,,,,,
21151,11/16/25 15:30:00,29.115,,,,,
21152,11/16/25 15:45:00,29.115,,,,,
21153,11/16/25 16:00:00,29.115,,,,,
21154,11/16/25 16:15:00,29.090,,,,,
21155,11/16/25 16:30:00,29.115,,,,,
21156,11/16/25 16:45:00,29.090,,,,,
21157,11/16/25 17:00:00,29.090,,,,,
21158,11/16/25 17:15:00,29.090,,,,,
21159,11/16/25 17:30:00,29.115,,,,,
21160,11/16/25 17:45:00,29.115,,,,,
21161,11/16/25 18:00:00,29.115,,,,,
21162,11/16/25 18:15:00,29.115,,,,,
21163,11/16/25 18:30:00,29.115,,,,,
21164,11/16/25 18:45:00,29.115,,,,,
21165,11/16/25 19:00:00,29.115,,,,,
21166,11/16/25 19:15:00,29.115,,,,,
21167,11/16/25 19:30:00,29.115,,,,,
21168,11/16/25 19:45:00,29.115,,,,,
21169,11/16/25 20:00:00,29.090,,,,,
21170,11/16/25 20:15:00,29.090,,,,,
21171,11/16/25 20:30:00,29.090,,,,,
21172,11/16/25 20:45:00,29.090,,,,,
21173,11/16/25 21:00:00,29.090,,,,,
21174,11/16/25 21:15:00,29.090,,,,,
21175,11/16/25 21:30:00,29.090,,,,,
21176,11/16/25 21:45:00,29.090,,,,,
21177,11/16/25 22:00:00,29.090,,,,,
21178,11/16/25 22:15:00,29.090,,,,,
21179,11/16/25 22:30:00,29.090,,,,,
21180,11/16/25 22:45:00,29.090,,,,,
21181,11/16/25 23:00:00,29.090,,,,,
21182,11/16/25 23:15:00,29.090,,,,,
21183,11/16/25 23:30:00,29.090,,,,,
21184,11/16/25 23:45:00,29.090,,,,,
21185,11/17/25 00:00:00,29.090,,,,,
21186,11/17/25 00:15:00,29.090,,,,,
21187,11/17/25 00:30:00,29.115,,,,,
21188,11/17/25 00:45:00,29.140,,,,,
21189,11/17/25 01:00:00,29.165,,,,,
21190,11/17/25 01:15:00,29.165,,,,,
21191,11/17/25 01:30:00,29.165,,,,,
21192,11/17/25 01:45:00,29.165,,,,,
21193,11/17/25 02:00:00,29.165,,,,,
21194,11/17/25 02:15:00,29.165,,,,,
21195,11/17/25 02:30:00,29.165,,,,,
21196,11/17/25 02:45:00,29.165,,,,,
21197,11/17/25 03:00:00,29.140,,,,,
21198,11/17/25 03:15:00,29.115,,,,,
21199,11/17/25 03:30:00,29.115,,,,,
21200,11/17/25 03:45:00,29.115,,,,,
21201,11/17/25 04:00:00,29.115,,,,,
21202,11/17/25 04:15:00,29.115,,,,,
21203,11/17/25 04:30:00,29.115,,,,,
21204,11/17/25 04:45:00,29.115,,,,,
21205,11/17/25 05:00:00,29.115,,,,,
21206,11/17/25 05:15:00,29.090,,,,,
21207,11/17/25 05:30:00,29.090,,,,,
21208,11/17/25 05:45:00,29.065,,,,,
21209,11/17/25 06:00:00,29.065,,,,,
21210,11/17/25 06:15:00,29.065,,,,,
21211,11/17/25 06:30:00,29.065,,,,,
21212,11/17/25 06:45:00,29.065,,,,,
21213,11/17/25 07:00:00,29.065,,,,,
21214,11/17/25 07:15:00,29.065,,,,,
21215,11/17/25 07:30:00,29.065,,,,,
21216,11/17/25 07:45:00,29.065,,,,,
21217,11/17/25 08:00:00,28.990,,,,,
21218,11/17/25 08:15:00,28.866,,,,,
21219,11/17/25 08:30:00,28.866,,,,,
21220,11/17/25 08:45:00,28.866,,,,,
21221,11/17/25 09:00:00,28.866,,,,,
21222,11/17/25 09:15:00,28.916,,,,,
21223,11/17/25 09:30:00,28.941,,,,,
21224,11/17/25 09:45:00,28.965,,,,,
21225,11/17/25 10:00:00,28.990,,,,,
21226,11/17/25 10:15:00,29.015,,,,,
21227,11/17/25 10:30:00,29.040,,,,,
21228,11/17/25 10:45:00,29.065,,,,,
21229,11/17/25 11:00:00,29.040,,,,,
21230,11/17/25 11:15:00,29.040,,,,,
21231,11/17/25 11:30:00,29.065,,,,,
21232,11/17/25 11:45:00,29.090,,,,,
21233,11/17/25 12:00:00,29.090,,,,,
21234,11/17/25 12:15:00,29.115,,,,,
21235,11/17/25 12:30:00,29.115,,,,,
21236,11/17/25 12:45:00,29.115,,,,,
21237,11/17/25 13:00:00,29.115,,,,,
21238,11/17/25 13:15:00,29.115,,,,,
21239,11/17/25 13:30:00,29.115,,,,,
21240,11/17/25 13:45:00,29.090,,,,,
21241,11/17/25 14:00:00,29.090,,,,,
21242,11/17/25 14:15:00,29.090,,,,,
21243,11/17/25 14:30:00,29.090,,,,,
21244,11/17/25 14:45:00,29.115,,,,,
21245,11/17/25 15:00:00,29.115,,,,,
21246,11/17/25 15:15:00,29.115,,,,,
21247,11/17/25 15:30:00,29.115,,,,,
21248,11/17/25 15:45:00,29.115,,,,,
21249,11/17/25 16:00:00,29.115,,,,,
21250,11/17/25 16:15:00,29.115,,,,,
21251,11/17/25 16:30:00,29.115,,,,,
21252,11/17/25 16:45:00,29.115,,,,,
21253,11/17/25 17:00:00,29.090,,,,,
21254,11/17/25 17:15:00,29.090,,,,,
21255,11/17/25 17:30:00,29.090,,,,,
21256,11/17/25 17:45:00,29.090,,,,,
21257,11/17/25 18:00:00,29.090,,,,,
21258,11/17/25 18:15:00,29.090,,,,,
21259,11/17/25 18:30:00,29.090,,,,,
21260,11/17/25 18:45:00,29.065,,,,,
21261,11/17/25 19:00:00,29.065,,,,,
21262,11/17/25 19:15:00,29.065,,,,,
21263,11/17/25 19:30:00,29.065,,,,,
21264,11/17/25 19:45:00,29.065,,,,,
21265,11/17/25 20:00:00,29.090,,,,,
21266,11/17/25 20:15:00,29.090,,,,,
21267,11/17/25 20:30:00,29.090,,,,,
21268,11/17/25 20:45:00,29.090,,,,,
21269,11/17/25 21:00:00,29.090,,,,,
21270,11/17/25 21:15:00,29.115,,,,,
21271,11/17/25 21:30:00,29.190,,,,,
21272,11/17/25 21:45:00,29.165,,,,,
21273,11/17/25 22:00:00,29.165,,,,,
21274,11/17/25 22:15:00,29.140,,,,,
21275,11/17/25 22:30:00,29.140,,,,,
21276,11/17/25 22:45:00,29.140,,,,,
21277,11/17/25 23:00:00,29.140,,,,,
21278,11/17/25 23:15:00,29.140,,,,,
21279,11/17/25 23:30:00,29.115,,,,,
21280,11/17/25 23:45:00,29.115,,,,,
21281,11/18/25 00:00:00,29.140,,,,,
21282,11/18/25 00:15:00,29.140,,,,,
21283,11/18/25 00:30:00,29.115,,,,,
21284,11/18/25 00:45:00,29.215,,,,,
21285,11/18/25 01:00:00,29.165,,,,,
21286,11/18/25 01:15:00,29.215,,,,,
21287,11/18/25 01:30:00,29.215,,,,,
21288,11/18/25 01:45:00,29.215,,,,,
21289,11/18/25 02:00:00,29.215,,,,,
21290,11/18/25 02:15:00,29.215,,,,,
21291,11/18/25 02:30:00,29.190,,,,,
21292,11/18/25 02:45:00,29.165,,,,,
21293,11/18/25 03:00:00,29.115,,,,,
21294,11/18/25 03:15:00,29.115,,,,,
21295,11/18/25 03:30:00,29.115,,,,,
21296,11/18/25 03:45:00,29.115,,,,,
21297,11/18/25 04:00:00,29.115,,,,,
21298,11/18/25 04:15:00,29.090,,,,,
21299,11/18/25 04:30:00,29.090,,,,,
21300,11/18/25 04:45:00,29.090,,,,,
21301,11/18/25 05:00:00,29.065,,,,,
21302,11/18/25 05:15:00,29.065,,,,,
21303,11/18/25 05:30:00,29.115,,,,,
21304,11/18/25 05:45:00,29.115,,,,,
21305,11/18/25 06:00:00,29.065,,,,,
21306,11/18/25 06:15:00,29.065,,,,,
21307,11/18/25 06:30:00,29.015,,,,,
21308,11/18/25 06:45:00,29.190,,,,,
21309,11/18/25 07:00:00,29.140,,,,,
21310,11/18/25 07:15:00,29.065,,,,,
21311,11/18/25 07:30:00,29.040,,,,,
21312,11/18/25 07:45:00,29.015,,,,,
21313,11/18/25 08:00:00,28.990,,,,,
21314,11/18/25 08:15:00,28.990,,,,,
21315,11/18/25 08:30:00,28.990,,,,,
21316,11/18/25 08:45:00,28.990,,,,,
21317,11/18/25 09:00:00,28.990,,,,,
21318,11/18/25 09:15:00,29.015,,,,,
21319,11/18/25 09:30:00,29.090,,,,,
21320,11/18/25 09:45:00,29.090,,,,,
21321,11/18/25 10:00:00,29.190,,,,,
21322,11/18/25 10:15:00,29.190,,,,,
21323,11/18/25 10:30:00,29.215,,,,,
21324,11/18/25 10:45:00,29.140,,,,,
21325,11/18/25 11:00:00,29.115,,,,,
21326,11/18/25 11:15:00,29.090,,,,,
21327,11/18/25 11:30:00,28.891,,,,,
21328,11/18/25 11:45:00,28.866,,,,,
21329,11/18/25 12:00:00,28.916,,,,,
21330,11/18/25 12:15:00,28.990,,,,,
21331,11/18/25 12:30:00,29.140,,,,,
21332,11/18/25 12:45:00,28.941,,,,,
21333,11/18/25 13:00:00,28.941,,,,,
21334,11/18/25 13:15:00,28.941,,,,,
21335,11/18/25 13:30:00,28.990,,,,,
21336,11/18/25 13:45:00,29.015,,,,,
21337,11/18/25 14:00:00,29.040,,,,,
21338,11/18/25 14:15:00,29.065,,,,,
21339,11/18/25 14:30:00,29.065,,,,,
21340,11/18/25 14:45:00,29.015,,,,,
21341,11/18/25 15:00:00,28.990,,,,,
21342,11/18/25 15:15:00,28.990,,,,,
21343,11/18/25 15:30:00,29.015,,,,,
21344,11/18/25 15:45:00,29.240,,,,,
21345,11/18/25 16:00:00,29.490,,,,,
21346,11/18/25 16:15:00,29.515,,,,,
21347,11/18/25 16:30:00,29.515,,,,,
21348,11/18/25 16:45:00,29.515,,,,,
21349,11/18/25 17:00:00,29.515,,,,,
21350,11/18/25 17:15:00,29.515,,,,,
21351,11/18/25 17:30:00,29.515,,,,,
21352,11/18/25 17:45:00,29.565,,,,,
21353,11/18/25 18:00:00,29.590,,,,,
21354,11/18/25 18:15:00,29.565,,,,,
21355,11/18/25 18:30:00,29.565,,,,,
21356,11/18/25 18:45:00,29.540,,,,,
21357,11/18/25 19:00:00,29.515,,,,,
21358,11/18/25 19:15:00,29.515,,,,,
21359,11/18/25 19:30:00,29.540,,,,,
21360,11/18/25 19:45:00,29.490,,,,,
21361,11/18/25 20:00:00,29.439,,,,,
21362,11/18/25 20:15:00,29.365,,,,,
21363,11/18/25 20:30:00,29.340,,,,,
21364,11/18/25 20:45:00,29.315,,,,,
21365,11/18/25 21:00:00,29.340,,,,,
21366,11/18/25 21:15:00,29.315,,,,,
21367,11/18/25 21:30:00,29.290,,,,,
21368,11/18/25 21:45:00,29.265,,,,,
21369,11/18/25 22:00:00,29.240,,,,,
21370,11/18/25 22:15:00,29.215,,,,,
21371,11/18/25 22:30:00,29.265,,,,,
21372,11/18/25 22:45:00,29.215,,,,,
21373,11/18/25 23:00:00,29.165,,,,,
21374,11/18/25 23:15:00,29.190,,,,,
21375,11/18/25 23:30:00,29.140,,,,,
21376,11/18/25 23:45:00,29.115,,,,,
21377,11/19/25 00:00:00,29.340,,,,,
21378,11/19/25 00:15:00,29.265,,,,,
21379,11/19/25 00:30:00,29.190,,,,,
21380,11/19/25 00:45:00,29.490,,,,,
21381,11/19/25 01:00:00,29.389,,,,,
21382,11/19/25 01:15:00,29.165,,,,,
21383,11/19/25 01:30:00,29.165,,,,,
21384,11/19/25 01:45:00,28.916,,,,,
21385,11/19/25 02:00:00,28.766,,,,,
21386,11/19/25 02:15:00,28.766,,,,,
21387,11/19/25 02:30:00,29.040,,,,,
21388,11/19/25 02:45:00,29.140,,,,,
21389,11/19/25 03:00:00,29.140,,,,,
21390,11/19/25 03:15:00,29.090,,,,,
21391,11/19/25 03:30:00,29.090,,,,,
21392,11/19/25 03:45:00,29.140,,,,,
21393,11/19/25 04:00:00,29.190,,,,,
21394,11/19/25 04:15:00,29.115,,,,,
21395,11/19/25 04:30:00,29.115,,,,,
21396,11/19/25 04:45:00,29.140,,,,,
21397,11/19/25 05:00:00,29.165,,,,,
21398,11/19/25 05:15:00,29.240,,,,,
21399,11/19/25 05:30:00,29.240,,,,,
21400,11/19/25 05:45:00,29.240,,,,,
21401,11/19/25 06:00:00,29.240,,,,,
21402,11/19/25 06:15:00,29.240,,,,,
21403,11/19/25 06:30:00,29.190,,,,,
21404,11/19/25 06:45:00,29.165,,,,,
21405,11/19/25 07:00:00,29.215,,,,,
21406,11/19/25 07:15:00,29.265,,,,,
21407,11/19/25 07:30:00,29.265,,,,,
21408,11/19/25 07:45:00,29.240,,,,,
21409,11/19/25 08:00:00,29.240,,,,,
21410,11/19/25 08:15:00,29.215,,,,,
21411,11/19/25 08:30:00,29.215,,,,,
21412,11/19/25 08:45:00,29.190,,,,,
21413,11/19/25 09:00:00,29.115,,,,,
21414,11/19/25 09:15:00,29.090,,,,,
21415,11/19/25 09:30:00,29.115,,,,,
21416,11/19/25 09:45:00,29.115,,,,,
21417,11/19/25 10:00:00,29.115,,,,,
21418,11/19/25 10:15:00,29.115,,,,,
21419,11/19/25 10:30:00,29.115,,,,,
21420,11/19/25 10:45:00,29.065,,,,,
21421,11/19/25 11:00:00,29.115,,,,,
21422,11/19/25 11:15:00,29.090,,,,,
21423,11/19/25 11:30:00,29.090,,,,,
21424,11/19/25 11:45:00,29.065,,,,,
21425,11/19/25 12:00:00,29.065,,,,,
21426,11/19/25 12:15:00,29.090,,,,,
21427,11/19/25 12:30:00,29.115,,,,,
21428,11/19/25 12:45:00,29.090,,,,,
21429,11/19/25 13:00:00,29.090,,,,,
21430,11/19/25 13:15:00,29.065,,,,,
21431,11/19/25 13:30:00,29.090,,,,,
21432,11/19/25 13:45:00,29.090,,,,,
21433,11/19/25 14:00:00,29.065,,,,,
21434,11/19/25 14:15:00,29.040,,,,,
21435,11/19/25 14:30:00,29.040,,,,,
21436,11/19/25 14:45:00,29.015,,,,,
21437,11/19/25 15:00:00,29.015,,,,,
21438,11/19/25 15:15:00,29.015,,,,,
21439,11/19/25 15:30:00,28.667,,,,,
21440,11/19/25 15:45:00,27.825,,,,,
21441,11/19/25 16:00:00,26.378,,,,,
21442,11/19/25 16:15:00,25.283,,,,,
21443,11/19/25 16:30:00,22.537,,,,,
21444,11/19/25 16:45:00,22.896,,,,,
21445,11/19/25 17:00:00,22.753,,,,,
21446,11/19/25 17:15:00,22.633,,,,,
21447,11/19/25 17:30:00,22.561,,,,,
21448,11/19/25 17:45:00,22.489,,,,,
21449,11/19/25 18:00:00,22.417,,,,,
21450,11/19/25 18:15:00,22.369,,,,,
21451,11/19/25 18:30:00,22.274,,,,,
21452,11/19/25 18:45:00,22.202,,,,,
21453,11/19/25 19:00:00,22.106,,,,,
21454,11/19/25 19:15:00,22.034,,,,,
21455,11/19/25 19:30:00,21.939,,,,,
21456,11/19/25 19:45:00,21.867,,,,,
21457,11/19/25 20:00:00,21.795,,,,,
21458,11/19/25 20:15:00,21.748,,,,,
21459,11/19/25 20:30:00,21.676,,,,,
21460,11/19/25 20:45:00,21.628,,,,,
21461,11/19/25 21:00:00,21.557,,,,,
21462,11/19/25 21:15:00,21.581,,,,,
21463,11/19/25 21:30:00,21.581,,,,,
21464,11/19/25 21:45:00,21.557,,,,,
21465,11/19/25 22:00:00,21.533,,,,,
21466,11/19/25 22:15:00,21.509,,,,,
21467,11/19/25 22:30:00,21.461,,,,,
21468,11/19/25 22:45:00,21.413,,,,,
21469,11/19/25 23:00:00,21.390,,,,,
21470,11/19/25 23:15:00,21.342,,,,,
21471,11/19/25 23:30:00,21.294,,,,,
21472,11/19/25 23:45:00,21.270,,,,,
21473,11/20/25 00:00:00,21.246,,,,,
21474,11/20/25 00:15:00,21.223,,,,,
21475,11/20/25 00:30:00,21.199,,,,,
21476,11/20/25 00:45:00,21.175,,,,,
21477,11/20/25 01:00:00,21.151,,,,,
21478,11/20/25 01:15:00,21.151,,,,,
21479,11/20/25 01:30:00,21.127,,,,,
21480,11/20/25 01:45:00,21.103,,,,,
21481,11/20/25 02:00:00,21.103,,,,,
21482,11/20/25 02:15:00,21.079,,,,,
21483,11/20/25 02:30:00,21.056,,,,,
21484,11/20/25 02:45:00,21.079,,,,,
21485,11/20/25 03:00:00,21.103,,,,,
21486,11/20/25 03:15:00,21.127,,,,,
21487,11/20/25 03:30:00,21.127,,,,,
21488,11/20/25 03:45:00,21.127,,,,,
21489,11/20/25 04:00:00,21.127,,,,,
21490,11/20/25 04:15:00,21.151,,,,,
21491,11/20/25 04:30:00,21.151,,,,,
21492,11/20/25 04:45:00,21.127,,,,,
21493,11/20/25 05:00:00,21.127,,,,,
21494,11/20/25 05:15:00,21.103,,,,,
21495,11/20/25 05:30:00,21.103,,,,,
21496,11/20/25 05:45:00,21.079,,,,,
21497,11/20/25 06:00:00,21.079,,,,,
21498,11/20/25 06:15:00,21.079,,,,,
21499,11/20/25 06:30:00,21.103,,,,,
21500,11/20/25 06:45:00,21.151,,,,,
21501,11/20/25 07:00:00,21.199,,,,,
21502,11/20/25 07:15:00,21.199,,,,,
21503,11/20/25 07:30:00,21.223,,,,,
21504,11/20/25 07:45:00,20.936,,,,,
21505,11/20/25 08:00:00,19.579,,,,,
21506,11/20/25 08:15:00,19.460,,,,,
21507,11/20/25 08:30:00,19.746,,,,,
21508,11/20/25 08:45:00,20.007,,,,,
21509,11/20/25 09:00:00,19.960,,,,,
21510,11/20/25 09:15:00,19.770,,,,,
21511,11/20/25 09:30:00,19.603,,,,,
21512,11/20/25 09:45:00,19.508,,,,,
21513,11/20/25 10:00:00,19.484,,,,,
21514,11/20/25 10:15:00,19.532,,,,,
21515,11/20/25 10:30:00,20.079,,,,,
21516,11/20/25 10:45:00,20.507,,,,,
21517,11/20/25 11:00:00,20.627,,,,,
21518,11/20/25 11:15:00,20.627,,,,,
21519,11/20/25 11:30:00,20.627,,,,,
21520,11/20/25 11:45:00,20.579,,,,,
21521,11/20/25 12:00:00,20.603,,,,,
21522,11/20/25 12:15:00,20.603,,,,,
21523,11/20/25 12:30:00,20.579,,,,,
21524,11/20/25 12:45:00,20.650,,,,,
21525,11/20/25 13:00:00,20.674,,,,,
21526,11/20/25 13:15:00,20.746,,,,,
21527,11/20/25 13:30:00,20.793,,,,,
21528,11/20/25 13:45:00,20.913,,,,,
21529,11/20/25 14:00:00,20.960,,,,,
21530,11/20/25 14:15:00,21.008,,,,,
21531,11/20/25 14:30:00,20.984,,,,,
21532,11/20/25 14:45:00,21.008,,,,,
21533,11/20/25 15:00:00,21.008,,,,,
21534,11/20/25 15:15:00,21.056,,,,,
21535,11/20/25 15:30:00,21.127,,,,,
21536,11/20/25 15:45:00,21.151,,,,,
21537,11/20/25 16:00:00,21.175,,,,,
21538,11/20/25 16:15:00,21.199,,,,,
21539,11/20/25 16:30:00,21.223,,,,,
21540,11/20/25 16:45:00,21.199,,,,,
21541,11/20/25 17:00:00,21.175,,,,,
21542,11/20/25 17:15:00,21.437,,,,,
21543,11/20/25 17:30:00,21.342,,,,,
21544,11/20/25 17:45:00,21.461,,,,,
21545,11/20/25 18:00:00,21.390,,,,,
21546,11/20/25 18:15:00,21.294,,,,,
21547,11/20/25 18:30:00,21.819,,,,,
21548,11/20/25 18:45:00,22.321,,,,,
21549,11/20/25 19:00:00,21.867,,,,,
21550,11/20/25 19:15:00,22.011,,,,,
21551,11/20/25 19:30:00,21.676,,,,,
21552,11/20/25 19:45:00,21.485,,,,,
21553,11/20/25 20:00:00,21.390,,,,,
21554,11/20/25 20:15:00,21.366,,,,,
21555,11/20/25 20:30:00,21.342,,,,,
21556,11/20/25 20:45:00,21.270,,,,,
21557,11/20/25 21:00:00,21.223,,,,,
21558,11/20/25 21:15:00,21.199,,,,,
21559,11/20/25 21:30:00,21.223,,,,,
21560,11/20/25 21:45:00,21.390,,,,,
21561,11/20/25 22:00:00,21.342,,,,,
21562,11/20/25 22:15:00,21.366,,,,,
21563,11/20/25 22:30:00,21.318,,,,,
21564,11/20/25 22:45:00,21.246,,,,,
21565,11/20/25 23:00:00,21.175,,,,,
21566,11/20/25 23:15:00,21.175,,,,,
21567,11/20/25 23:30:00,21.223,,,,,
21568,11/20/25 23:45:00,21.175,,,,,
21569,11/21/25 00:00:00,21.151,,,,,
21570,11/21/25 00:15:00,21.079,,,,,
21571,11/21/25 00:30:00,21.127,,,,,
21572,11/21/25 00:45:00,21.127,,,,,
21573,11/21/25 01:00:00,21.079,,,,,
21574,11/21/25 01:15:00,21.032,,,,,
21575,11/21/25 01:30:00,21.008,,,,,
21576,11/21/25 01:45:00,21.056,,,,,
21577,11/21/25 02:00:00,21.079,,,,,
21578,11/21/25 02:15:00,21.032,,,,,
21579,11/21/25 02:30:00,21.079,,,,,
21580,11/21/25 02:45:00,21.056,,,,,
21581,11/21/25 03:00:00,21.032,,,,,
21582,11/21/25 03:15:00,21.032,,,,,
21583,11/21/25 03:30:00,21.032,,,,,
21584,11/21/25 03:45:00,21.056,,,,,
21585,11/21/25 04:00:00,21.079,,,,,
21586,11/21/25 04:15:00,21.079,,,,,
21587,11/21/25 04:30:00,21.127,,,,,
21588,11/21/25 04:45:00,21.032,,,,,
21589,11/21/25 05:00:00,21.008,,,,,
21590,11/21/25 05:15:00,20.984,,,,,
21591,11/21/25 05:30:00,21.103,,,,,
21592,11/21/25 05:45:00,21.199,,,,,
21593,11/21/25 06:00:00,21.175,,,,,
21594,11/21/25 06:15:00,21.151,,,,,
21595,11/21/25 06:30:00,21.151,,,,,
21596,11/21/25 06:45:00,21.199,,,,,
21597,11/21/25 07:00:00,21.270,,,,,
21598,11/21/25 07:15:00,21.604,,,,,
21599,11/21/25 07:30:00,21.915,,,,,
21600,11/21/25 07:45:00,22.011,,,,,
21601,11/21/25 08:00:00,22.130,,,,,
21602,11/21/25 08:15:00,22.345,,,,,
21603,11/21/25 08:30:00,21.843,,,,,
21604,11/21/25 08:45:00,21.485,,,,,
21605,11/21/25 09:00:00,21.318,,,,,
21606,11/21/25 09:15:00,21.246,,,,,
21607,11/21/25 09:30:00,21.175,,,,,
21608,11/21/25 09:45:00,21.151,,,,,
21609,11/21/25 10:00:00,21.127,,,,,
21610,11/21/25 10:15:00,21.103,,,,,
21611,11/21/25 10:30:00,21.079,,,,,
21612,11/21/25 10:45:00,21.079,,,,,
21613,11/21/25 11:00:00,21.103,,,,,
21614,11/21/25 11:15:00,21.103,,,,,
21615,11/21/25 11:30:00,21.151,,,,,
21616,11/21/25 11:45:00,21.151,,,,,
21617,11/21/25 12:00:00,21.127,,,,,
21618,11/21/25 12:15:00,21.127,,,,,
21619,11/21/25 12:30:00,21.127,,,,,
21620,11/21/25 12:45:00,21.151,,,,,
21621,11/21/25 13:00:00,21.151,,,,,
21622,11/21/25 13:15:00,21.127,,,,,
21623,11/21/25 13:30:00,21.151,,,,,
21624,11/21/25 13:45:00,21.175,,,,,
21625,11/21/25 14:00:00,21.987,,,,,
21626,11/21/25 14:15:00,21.915,,,,,
21627,11/21/25 14:30:00,21.533,,,,,
21628,11/21/25 14:45:00,21.390,,,,,
21629,11/21/25 15:00:00,21.318,,,,,
21630,11/21/25 15:15:00,21.342,,,,,
21631,11/21/25 15:30:00,21.366,,,,,
21632,11/21/25 15:45:00,21.366,,,,,
21633,11/21/25 16:00:00,21.390,,,,,
21634,11/21/25 16:15:00,21.390,,,,,
21635,11/21/25 16:30:00,21.342,,,,,
21636,11/21/25 16:45:00,21.342,,,,,
21637,11/21/25 17:00:00,21.318,,,,,
21638,11/21/25 17:15:00,21.318,,,,,
21639,11/21/25 17:30:00,21.270,,,,,
21640,11/21/25 17:45:00,21.270,,,,,
21641,11/21/25 18:00:00,21.294,,,,,
21642,11/21/25 18:15:00,21.963,,,,,
21643,11/21/25 18:30:00,21.628,,,,,
21644,11/21/25 18:45:00,21.700,,,,,
21645,11/21/25 19:00:00,21.700,,,,,
21646,11/21/25 19:15:00,21.533,,,,,
21647,11/21/25 19:30:00,21.581,,,,,
21648,11/21/25 19:45:00,21.461,,,,,
21649,11/21/25 20:00:00,21.461,,,,,
21650,11/21/25 20:15:00,21.437,,,,,
21651,11/21/25 20:30:00,21.461,,,,,
21652,11/21/25 20:45:00,21.461,,,,,
21653,11/21/25 21:00:00,21.437,,,,,
21654,11/21/25 21:15:00,21.461,,,,,
21655,11/21/25 21:30:00,21.437,,,,,
21656,11/21/25 21:45:00,21.413,,,,,
21657,11/21/25 22:00:00,21.437,,,,,
21658,11/21/25 22:15:00,21.390,,,,,
21659,11/21/25 22:30:00,21.413,,,,,
21660,11/21/25 22:45:00,21.390,,,,,
21661,11/21/25 23:00:00,21.366,,,,,
21662,11/21/25 23:15:00,21.366,,,,,
21663,11/21/25 23:30:00,21.342,,,,,
21664,11/21/25 23:45:00,21.294,,,,,
21665,11/22/25 00:00:00,21.294,,,,,
21666,11/22/25 00:15:00,21.270,,,,,
21667,11/22/25 00:30:00,21.270,,,,,
21668,11/22/25 00:45:00,21.246,,,,,
21669,11/22/25 01:00:00,21.270,,,,,
21670,11/22/25 01:15:00,21.199,,,,,
21671,11/22/25 01:30:00,21.223,,,,,
21672,11/22/25 01:45:00,21.246,,,,,
21673,11/22/25 02:00:00,21.223,,,,,
21674,11/22/25 02:15:00,21.223,,,,,
21675,11/22/25 02:30:00,21.199,,,,,
21676,11/22/25 02:45:00,21.199,,,,,
21677,11/22/25 03:00:00,21.175,,,,,
21678,11/22/25 03:15:00,21.151,,,,,
21679,11/22/25 03:30:00,21.151,,,,,
21680,11/22/25 03:45:00,21.175,,,,,
21681,11/22/25 04:00:00,21.151,,,,,
21682,11/22/25 04:15:00,21.151,,,,,
21683,11/22/25 04:30:00,21.103,,,,,
21684,11/22/25 04:45:00,21.079,,,,,
21685,11/22/25 05:00:00,21.056,,,,,
21686,11/22/25 05:15:00,21.056,,,,,
21687,11/22/25 05:30:00,21.079,,,,,
21688,11/22/25 05:45:00,21.103,,,,,
21689,11/22/25 06:00:00,21.151,,,,,
21690,11/22/25 06:15:00,21.223,,,,,
21691,11/22/25 06:30:00,21.294,,,,,
21692,11/22/25 06:45:00,21.294,,,,,
21693,11/22/25 07:00:00,21.318,,,,,
21694,11/22/25 07:15:00,21.294,,,,,
21695,11/22/25 07:30:00,21.199,,,,,
21696,11/22/25 07:45:00,21.246,,,,,
21697,11/22/25 08:00:00,21.318,,,,,
21698,11/22/25 08:15:00,21.437,,,,,
21699,11/22/25 08:30:00,21.533,,,,,
21700,11/22/25 08:45:00,21.987,,,,,
21701,11/22/25 09:00:00,22.393,,,,,
21702,11/22/25 09:15:00,22.776,,,,,
21703,11/22/25 09:30:00,23.112,,,,,
21704,11/22/25 09:45:00,23.448,,,,,
21705,11/22/25 10:00:00,23.761,,,,,
21706,11/22/25 10:15:00,24.026,,,,,
21707,11/22/25 10:30:00,24.243,,,,,
21708,11/22/25 10:45:00,24.436,,,,,
21709,11/22/25 11:00:00,24.581,,,,,
21710,11/22/25 11:15:00,24.726,,,,,
21711,11/22/25 11:30:00,24.871,,,,,
21712,11/22/25 11:45:00,25.016,,,,,
21713,11/22/25 12:00:00,25.113,,,,,
21714,11/22/25 12:15:00,25.234,,,,,
21715,11/22/25 12:30:00,25.355,,,,,
21716,11/22/25 12:45:00,25.453,,,,,
21717,11/22/25 13:00:00,25.550,,,,,
21718,11/22/25 13:15:00,25.647,,,,,
21719,11/22/25 13:30:00,25.744,,,,,
21720,11/22/25 13:45:00,25.817,,,,,
21721,11/22/25 14:00:00,25.890,,,,,
21722,11/22/25 14:15:00,25.963,,,,,
21723,11/22/25 14:30:00,26.036,,,,,
21724,11/22/25 14:45:00,26.109,,,,,
21725,11/22/25 15:00:00,26.158,,,,,
21726,11/22/25 15:15:00,26.207,,,,,
21727,11/22/25 15:30:00,26.256,,,,,
21728,11/22/25 15:45:00,26.304,,,,,
21729,11/22/25 16:00:00,26.353,,,,,
21730,11/22/25 16:15:00,26.402,,,,,
21731,11/22/25 16:30:00,26.426,,,,,
21732,11/22/25 16:45:00,26.573,,,,,
21733,11/22/25 17:00:00,26.940,,,,,
21734,11/22/25 17:15:00,27.407,,,,,
21735,11/22/25 17:30:00,27.604,,,,,
21736,11/22/25 17:45:00,26.891,,,,,
21737,11/22/25 18:00:00,26.353,,,,,
21738,11/22/25 18:15:00,25.914,,,,,
21739,11/22/25 18:30:00,25.574,,,,,
21740,11/22/25 18:45:00,25.234,,,,,
21741,11/22/25 19:00:00,24.895,,,,,
21742,11/22/25 19:15:00,24.581,,,,,
21743,11/22/25 19:30:00,24.315,,,,,
21744,11/22/25 19:45:00,24.050,,,,,
21745,11/22/25 20:00:00,23.809,,,,,
21746,11/22/25 20:15:00,23.617,,,,,
21747,11/22/25 20:30:00,23.448,,,,,
21748,11/22/25 20:45:00,23.256,,,,,
21749,11/22/25 21:00:00,23.112,,,,,
21750,11/22/25 21:15:00,22.968,,,,,
21751,11/22/25 21:30:00,22.848,,,,,
21752,11/22/25 21:45:00,22.705,,,,,
21753,11/22/25 22:00:00,22.633,,,,,
21754,11/22/25 22:15:00,22.609,,,,,
21755,11/22/25 22:30:00,22.657,,,,,
21756,11/22/25 22:45:00,22.753,,,,,
21757,11/22/25 23:00:00,22.848,,,,,
21758,11/22/25 23:15:00,22.968,,,,,
21759,11/22/25 23:30:00,23.088,,,,,
21760,11/22/25 23:45:00,23.208,,,,,
21761,11/23/25 00:00:00,23.304,,,,,
21762,11/23/25 00:15:00,23.424,,,,,
21763,11/23/25 00:30:00,23.521,,,,,
21764,11/23/25 00:45:00,23.617,,,,,
21765,11/23/25 01:00:00,23.713,,,,,
21766,11/23/25 01:15:00,23.809,,,,,
21767,11/23/25 01:30:00,23.905,,,,,
21768,11/23/25 01:45:00,23.978,,,,,
21769,11/23/25 02:00:00,24.026,,,,,
21770,11/23/25 02:15:00,24.098,,,,,
21771,11/23/25 02:30:00,24.171,,,,,
21772,11/23/25 02:45:00,24.243,,,,,
21773,11/23/25 03:00:00,24.243,,,,,
21774,11/23/25 03:15:00,24.219,,,,,
21775,11/23/25 03:30:00,24.171,,,,,
21776,11/23/25 03:45:00,24.122,,,,,
21777,11/23/25 04:00:00,24.050,,,,,
21778,11/23/25 04:15:00,24.002,,,,,
21779,11/23/25 04:30:00,23.954,,,,,
21780,11/23/25 04:45:00,23.930,,,,,
21781,11/23/25 05:00:00,23.881,,,,,
21782,11/23/25 05:15:00,23.857,,,,,
21783,11/23/25 05:30:00,23.737,,,,,
21784,11/23/25 05:45:00,23.472,,,,,
21785,11/23/25 06:00:00,23.208,,,,,
21786,11/23/25 06:15:00,22.992,,,,,
21787,11/23/25 06:30:00,22.848,,,,,
21788,11/23/25 06:45:00,22.681,,,,,
21789,11/23/25 07:00:00,22.537,,,,,
21790,11/23/25 07:15:00,22.417,,,,,
21791,11/23/25 07:30:00,22.321,,,,,
21792,11/23/25 07:45:00,22.226,,,,,
21793,11/23/25 08:00:00,22.106,,,,,
21794,11/23/25 08:15:00,22.011,,,,,
21795,11/23/25 08:30:00,21.939,,,,,
21796,11/23/25 08:45:00,21.867,,,,,
21797,11/23/25 09:00:00,21.843,,,,,
21798,11/23/25 09:15:00,21.819,,,,,
21799,11/23/25 09:30:00,21.772,,,,,
21800,11/23/25 09:45:00,21.724,,,,,
21801,11/23/25 10:00:00,21.676,,,,,
21802,11/23/25 10:15:00,21.628,,,,,
21803,11/23/25 10:30:00,21.628,,,,,
21804,11/23/25 10:45:00,21.628,,,,,
21805,11/23/25 11:00:00,21.628,,,,,
21806,11/23/25 11:15:00,21.604,,,,,
21807,11/23/25 11:30:00,21.581,,,,,
21808,11/23/25 11:45:00,21.557,,,,,
21809,11/23/25 12:00:00,21.533,,,,,
21810,11/23/25 12:15:00,21.533,,,,,
21811,11/23/25 12:30:00,21.533,,,,,
21812,11/23/25 12:45:00,21.509,,,,,
21813,11/23/25 13:00:00,21.485,,,,,
21814,11/23/25 13:15:00,21.461,,,,,
21815,11/23/25 13:30:00,21.437,,,,,
21816,11/23/25 13:45:00,21.461,,,,,
21817,11/23/25 14:00:00,21.485,,,,,
21818,11/23/25 14:15:00,21.533,,,,,
21819,11/23/25 14:30:00,21.581,,,,,
21820,11/23/25 14:45:00,21.604,,,,,
21821,11/23/25 15:00:00,21.652,,,,,
21822,11/23/25 15:15:00,21.652,,,,,
21823,11/23/25 15:30:00,21.652,,,,,
21824,11/23/25 15:45:00,21.628,,,,,
21825,11/23/25 16:00:00,21.581,,,,,
21826,11/23/25 16:15:00,21.557,,,,,
21827,11/23/25 16:30:00,21.581,,,,,
21828,11/23/25 16:45:00,21.604,,,,,
21829,11/23/25 17:00:00,21.628,,,,,
21830,11/23/25 17:15:00,21.628,,,,,
21831,11/23/25 17:30:00,21.652,,,,,
21832,11/23/25 17:45:00,21.676,,,,,
21833,11/23/25 18:00:00,21.700,,,,,
21834,11/23/25 18:15:00,21.700,,,,,
21835,11/23/25 18:30:00,21.700,,,,,
21836,11/23/25 18:45:00,21.700,,,,,
21837,11/23/25 19:00:00,21.724,,,,,
21838,11/23/25 19:15:00,21.724,,,,,
21839,11/23/25 19:30:00,21.724,,,,,
21840,11/23/25 19:45:00,21.724,,,,,
21841,11/23/25 20:00:00,21.748,,,,,
21842,11/23/25 20:15:00,21.748,,,,,
21843,11/23/25 20:30:00,21.748,,,,,
21844,11/23/25 20:45:00,21.748,,,,,
21845,11/23/25 21:00:00,21.748,,,,,
21846,11/23/25 21:15:00,21.748,,,,,
21847,11/23/25 21:30:00,21.700,,,,,
21848,11/23/25 21:45:00,21.652,,,,,
21849,11/23/25 22:00:00,21.604,,,,,
21850,11/23/25 22:15:00,21.557,,,,,
21851,11/23/25 22:30:00,21.557,,,,,
21852,11/23/25 22:45:00,21.581,,,,,
21853,11/23/25 23:00:00,21.628,,,,,
21854,11/23/25 23:15:00,21.676,,,,,
21855,11/23/25 23:30:00,21.724,,,,,
21856,11/23/25 23:45:00,21.748,,,,,
21857,11/24/25 00:00:00,21.795,,,,,
21858,11/24/25 00:15:00,21.843,,,,,
21859,11/24/25 00:30:00,21.891,,,,,
21860,11/24/25 00:45:00,21.915,,,,,
21861,11/24/25 01:00:00,21.963,,,,,
21862,11/24/25 01:15:00,22.011,,,,,
21863,11/24/25 01:30:00,22.058,,,,,
21864,11/24/25 01:45:00,22.106,,,,,
21865,11/24/25 02:00:00,22.130,,,,,
21866,11/24/25 02:15:00,22.178,,,,,
21867,11/24/25 02:30:00,22.226,,,,,
21868,11/24/25 02:45:00,22.274,,,,,
21869,11/24/25 03:00:00,22.298,,,,,
21870,11/24/25 03:15:00,22.345,,,,,
21871,11/24/25 03:30:00,22.393,,,,,
21872,11/24/25 03:45:00,22.417,,,,,
21873,11/24/25 04:00:00,22.465,,,,,
21874,11/24/25 04:15:00,22.489,,,,,
21875,11/24/25 04:30:00,22.537,,,,,
21876,11/24/25 04:45:00,22.561,,,,,
21877,11/24/25 05:00:00,22.585,,,,,
21878,11/24/25 05:15:00,22.633,,,,,
21879,11/24/25 05:30:00,22.657,,,,,
21880,11/24/25 05:45:00,22.585,,,,,
21881,11/24/25 06:00:00,22.441,,,,,
21882,11/24/25 06:15:00,22.298,,,,,
21883,11/24/25 06:30:00,22.202,,,,,
21884,11/24/25 06:45:00,22.130,,,,,
21885,11/24/25 07:00:00,22.106,,,,,
21886,11/24/25 07:15:00,22.082,,,,,
21887,11/24/25 07:30:00,22.106,,,,,
21888,11/24/25 07:45:00,22.106,,,,,
21889,11/24/25 08:00:00,22.130,,,,,
21890,11/24/25 08:15:00,22.130,,,,,
21891,11/24/25 08:30:00,22.154,,,,,
21892,11/24/25 08:45:00,22.154,,,,,
21893,11/24/25 09:00:00,22.154,,,,,
21894,11/24/25 09:15:00,22.154,,,,,
21895,11/24/25 09:30:00,22.154,,,,,
21896,11/24/25 09:45:00,22.154,,,,,
21897,11/24/25 10:00:00,22.130,,,,,
21898,11/24/25 10:15:00,22.106,,,,,
21899,11/24/25 10:30:00,22.058,,,,,
21900,11/24/25 10:45:00,22.034,,,,,
21901,11/24/25 11:00:00,22.011,,,,,
21902,11/24/25 11:15:00,22.011,,,,,
21903,11/24/25 11:30:00,22.034,,,,,
21904,11/24/25 11:45:00,22.130,,,,,
21905,11/24/25 12:00:00,22.250,,,,,
21906,11/24/25 12:15:00,22.178,,,,,
21907,11/24/25 12:30:00,22.011,,,,,
21908,11/24/25 12:45:00,21.915,,,,,
21909,11/24/25 13:00:00,21.795,,,,,
21910,11/24/25 13:15:00,21.724,,,,,
21911,11/24/25 13:30:00,21.724,,,,,
21912,11/24/25 13:45:00,21.676,,,,,
21913,11/24/25 14:00:00,21.676,,,,,
21914,11/24/25 14:15:00,21.652,,,,,
21915,11/24/25 14:30:00,21.581,,,,,
21916,11/24/25 14:45:00,21.581,,,,,
21917,11/24/25 15:00:00,21.628,,,,,
21918,11/24/25 15:15:00,21.652,,,,,
21919,11/24/25 15:30:00,21.748,,,,,
21920,11/24/25 15:45:00,21.915,,,,,
21921,11/24/25 16:00:00,22.011,,,,,
21922,11/24/25 16:15:00,22.058,,,,,
21923,11/24/25 16:30:00,22.011,,,,,
21924,11/24/25 16:45:00,21.987,,,,,
21925,11/24/25 17:00:00,21.939,,,,,
21926,11/24/25 17:15:00,21.891,,,,,
21927,11/24/25 17:30:00,21.867,,,,,
21928,11/24/25 17:45:00,21.819,,,,,
21929,11/24/25 18:00:00,21.795,,,,,
21930,11/24/25 18:15:00,21.772,,,,,
21931,11/24/25 18:30:00,21.724,,,,,
21932,11/24/25 18:45:00,21.676,,,,,
21933,11/24/25 19:00:00,21.628,,,,,
21934,11/24/25 19:15:00,21.581,,,,,
21935,11/24/25 19:30:00,21.557,,,,,
21936,11/24/25 19:45:00,21.509,,,,,
21937,11/24/25 20:00:00,21.485,,,,,
21938,11/24/25 20:15:00,21.604,,,,,
21939,11/24/25 20:30:00,21.963,,,,,
21940,11/24/25 20:45:00,22.034,,,,,
21941,11/24/25 21:00:00,21.915,,,,,
21942,11/24/25 21:15:00,21.795,,,,,
21943,11/24/25 21:30:00,21.772,,,,,
21944,11/24/25 21:45:00,22.106,,,,,
21945,11/24/25 22:00:00,22.011,,,,,
21946,11/24/25 22:15:00,22.178,,,,,
21947,11/24/25 22:30:00,22.417,,,,,
21948,11/24/25 22:45:00,22.561,,,,,
21949,11/24/25 23:00:00,22.633,,,,,
21950,11/24/25 23:15:00,22.705,,,,,
21951,11/24/25 23:30:00,22.753,,,,,
21952,11/24/25 23:45:00,22.800,,,,,
21953,11/25/25 00:00:00,22.848,,,,,
21954,11/25/25 00:15:00,22.896,,,,,
21955,11/25/25 00:30:00,22.968,,,,,
21956,11/25/25 00:45:00,23.040,,,,,
21957,11/25/25 01:00:00,23.112,,,,,
21958,11/25/25 01:15:00,23.184,,,,,
21959,11/25/25 01:30:00,23.256,,,,,
21960,11/25/25 01:45:00,23.304,,,,,
21961,11/25/25 02:00:00,23.376,,,,,
21962,11/25/25 02:15:00,23.424,,,,,
21963,11/25/25 02:30:00,23.472,,,,,
21964,11/25/25 02:45:00,23.521,,,,,
21965,11/25/25 03:00:00,23.569,,,,,
21966,11/25/25 03:15:00,23.593,,,,,
21967,11/25/25 03:30:00,23.641,,,,,
21968,11/25/25 03:45:00,23.689,,,,,
21969,11/25/25 04:00:00,23.713,,,,,
21970,11/25/25 04:15:00,23.737,,,,,
21971,11/25/25 04:30:00,23.761,,,,,
21972,11/25/25 04:45:00,23.785,,,,,
21973,11/25/25 05:00:00,23.809,,,,,
21974,11/25/25 05:15:00,23.833,,,,,
21975,11/25/25 05:30:00,23.809,,,,,
21976,11/25/25 05:45:00,23.761,,,,,
21977,11/25/25 06:00:00,23.689,,,,,
21978,11/25/25 06:15:00,23.160,,,,,
21979,11/25/25 06:30:00,22.369,,,,,
21980,11/25/25 06:45:00,21.819,,,,,
21981,11/25/25 07:00:00,21.676,,,,,
21982,11/25/25 07:15:00,21.772,,,,,
21983,11/25/25 07:30:00,22.034,,,,,
21984,11/25/25 07:45:00,22.250,,,,,
21985,11/25/25 08:00:00,22.226,,,,,
21986,11/25/25 08:15:00,22.202,,,,,
21987,11/25/25 08:30:00,22.154,,,,,
21988,11/25/25 08:45:00,22.202,,,,,
21989,11/25/25 09:00:00,22.298,,,,,
21990,11/25/25 09:15:00,22.393,,,,,
21991,11/25/25 09:30:00,22.465,,,,,
21992,11/25/25 09:45:00,22.441,,,,,
21993,11/25/25 10:00:00,22.465,,,,,
21994,11/25/25 10:15:00,22.465,,,,,
21995,11/25/25 10:30:00,22.489,,,,,
21996,11/25/25 10:45:00,22.489,,,,,
21997,11/25/25 11:00:00,22.465,,,,,
21998,11/25/25 11:15:00,22.417,,,,,
21999,11/25/25 11:30:00,22.393,,,,,
22000,11/25/25 11:45:00,22.393,,,,,
22001,11/25/25 12:00:00,22.369,,,,,
22002,11/25/25 12:15:00,22.369,,,,,
22003,11/25/25 12:30:00,22.345,,,,,
22004,11/25/25 12:45:00,22.345,,,,,
22005,11/25/25 13:00:00,22.345,,,,,
22006,11/25/25 13:15:00,22.345,,,,,
22007,11/25/25 13:30:00,22.369,,,,,
22008,11/25/25 13:45:00,22.369,,,,,
22009,11/25/25 14:00:00,22.345,,,,,
22010,11/25/25 14:15:00,22.321,,,,,
22011,11/25/25 14:30:00,22.274,,,,,
22012,11/25/25 14:45:00,21.915,,,,,
22013,11/25/25 15:00:00,21.724,,,,,
22014,11/25/25 15:15:00,21.867,,,,,
22015,11/25/25 15:30:00,21.987,,,,,
22016,11/25/25 15:45:00,22.082,,,,,
22017,11/25/25 16:00:00,22.130,,,,,
22018,11/25/25 16:15:00,22.154,,,,,
22019,11/25/25 16:30:00,22.154,,,,,
22020,11/25/25 16:45:00,22.130,,,,,
22021,11/25/25 17:00:00,22.082,,,,,
22022,11/25/25 17:15:00,22.058,,,,,
22023,11/25/25 17:30:00,21.987,,,,,
22024,11/25/25 17:45:00,21.915,,,,,
22025,11/25/25 18:00:00,21.891,,,,,
22026,11/25/25 18:15:00,21.819,,,,,
22027,11/25/25 18:30:00,21.795,,,,,
22028,11/25/25 18:45:00,21.748,,,,,
22029,11/25/25 19:00:00,21.724,,,,,
22030,11/25/25 19:15:00,21.724,,,,,
22031,11/25/25 19:30:00,21.724,,,,,
22032,11/25/25 19:45:00,21.724,,,,,
22033,11/25/25 20:00:00,21.724,,,,,
22034,11/25/25 20:15:00,21.700,,,,,
22035,11/25/25 20:30:00,21.700,,,,,
22036,11/25/25 20:45:00,21.867,,,,,
22037,11/25/25 21:00:00,22.058,,,,,
22038,11/25/25 21:15:00,22.058,,,,,
22039,11/25/25 21:30:00,21.963,,,,,
22040,11/25/25 21:45:00,21.891,,,,,
22041,11/25/25 22:00:00,21.843,,,,,
22042,11/25/25 22:15:00,22.058,,,,,
22043,11/25/25 22:30:00,22.250,,,,,
22044,11/25/25 22:45:00,22.369,,,,,
22045,11/25/25 23:00:00,22.489,,,,,
22046,11/25/25 23:15:00,22.561,,,,,
22047,11/25/25 23:30:00,22.633,,,,,
22048,11/25/25 23:45:00,22.681,,,,,
22049,11/26/25 00:00:00,22.729,,,,,
22050,11/26/25 00:15:00,22.776,,,,,
22051,11/26/25 00:30:00,22.848,,,,,
22052,11/26/25 00:45:00,22.920,,,,,
22053,11/26/25 01:00:00,22.992,,,,,
22054,11/26/25 01:15:00,23.064,,,,,
22055,11/26/25 01:30:00,23.112,,,,,
22056,11/26/25 01:45:00,23.184,,,,,
22057,11/26/25 02:00:00,23.232,,,,,
22058,11/26/25 02:15:00,23.280,,,,,
22059,11/26/25 02:30:00,23.328,,,,,
22060,11/26/25 02:45:00,23.352,,,,,
22061,11/26/25 03:00:00,23.400,,,,,
22062,11/26/25 03:15:00,23.448,,,,,
22063,11/26/25 03:30:00,23.472,,,,,
22064,11/26/25 03:45:00,23.497,,,,,
22065,11/26/25 04:00:00,23.545,,,,,
22066,11/26/25 04:15:00,23.569,,,,,
22067,11/26/25 04:30:00,23.593,,,,,
22068,11/26/25 04:45:00,23.641,,,,,
22069,11/26/25 05:00:00,23.641,,,,,
22070,11/26/25 05:15:00,23.689,,,,,
22071,11/26/25 05:30:00,23.665,,,,,
22072,11/26/25 05:45:00,23.617,,,,,
22073,11/26/25 06:00:00,23.569,,,,,
22074,11/26/25 06:15:00,23.040,,,,,
22075,11/26/25 06:30:00,22.321,,,,,
22076,11/26/25 06:45:00,22.130,,,,,
22077,11/26/25 07:00:00,22.034,,,,,
22078,11/26/25 07:15:00,21.963,,,,,
22079,11/26/25 07:30:00,21.987,,,,,
22080,11/26/25 07:45:00,22.058,,,,,
22081,11/26/25 08:00:00,22.178,,,,,
22082,11/26/25 08:15:00,22.537,,,,,
22083,11/26/25 08:30:00,22.681,,,,,
22084,11/26/25 08:45:00,22.657,,,,,
22085,11/26/25 09:00:00,22.585,,,,,
22086,11/26/25 09:15:00,22.561,,,,,
22087,11/26/25 09:30:00,22.561,,,,,
22088,11/26/25 09:45:00,22.585,,,,,
22089,11/26/25 10:00:00,22.585,,,,,
22090,11/26/25 10:15:00,22.585,,,,,
22091,11/26/25 10:30:00,22.609,,,,,
22092,11/26/25 10:45:00,22.657,,,,,
22093,11/26/25 11:00:00,22.681,,,,,
22094,11/26/25 11:15:00,22.657,,,,,
22095,11/26/25 11:30:00,22.609,,,,,
22096,11/26/25 11:45:00,22.537,,,,,
22097,11/26/25 12:00:00,22.513,,,,,
22098,11/26/25 12:15:00,22.609,,,,,
22099,11/26/25 12:30:00,22.609,,,,,
22100,11/26/25 12:45:00,22.489,,,,,
22101,11/26/25 13:00:00,22.345,,,,,
22102,11/26/25 13:15:00,22.130,,,,,
22103,11/26/25 13:30:00,21.963,,,,,
22104,11/26/25 13:45:00,22.034,,,,,
22105,11/26/25 14:00:00,22.202,,,,,
22106,11/26/25 14:15:00,22.298,,,,,
22107,11/26/25 14:30:00,22.369,,,,,
22108,11/26/25 14:45:00,22.393,,,,,
22109,11/26/25 15:00:00,22.393,,,,,
22110,11/26/25 15:15:00,22.106,,,,,
22111,11/26/25 15:30:00,22.034,,,,,
22112,11/26/25 15:45:00,22.130,,,,,
22113,11/26/25 16:00:00,22.202,,,,,
22114,11/26/25 16:15:00,22.011,,,,,
22115,11/26/25 16:30:00,21.867,,,,,
22116,11/26/25 16:45:00,21.867,,,,,
22117,11/26/25 17:00:00,21.795,,,,,
22118,11/26/25 17:15:00,21.867,,,,,
22119,11/26/25 17:30:00,21.939,,,,,
22120,11/26/25 17:45:00,21.939,,,,,
22121,11/26/25 18:00:00,21.963,,,,,
22122,11/26/25 18:15:00,21.939,,,,,
22123,11/26/25 18:30:00,21.939,,,,,
22124,11/26/25 18:45:00,21.939,,,,,
22125,11/26/25 19:00:00,21.915,,,,,
22126,11/26/25 19:15:00,21.915,,,,,
22127,11/26/25 19:30:00,21.867,,,,,
22128,11/26/25 19:45:00,21.867,,,,,
22129,11/26/25 20:00:00,21.843,,,,,
22130,11/26/25 20:15:00,21.819,,,,,
22131,11/26/25 20:30:00,21.819,,,,,
22132,11/26/25 20:45:00,21.795,,,,,
22133,11/26/25 21:00:00,21.795,,,,,
22134,11/26/25 21:15:00,21.795,,,,,
22135,11/26/25 21:30:00,21.795,,,,,
22136,11/26/25 21:45:00,22.011,,,,,
22137,11/26/25 22:00:00,22.058,,,,,
22138,11/26/25 22:15:00,22.202,,,,,
22139,11/26/25 22:30:00,22.345,,,,,
22140,11/26/25 22:45:00,22.465,,,,,
22141,11/26/25 23:00:00,22.561,,,,,
22142,11/26/25 23:15:00,22.633,,,,,
22143,11/26/25 23:30:00,22.705,,,,,
22144,11/26/25 23:45:00,22.776,,,,,
22145,11/27/25 00:00:00,22.824,,,,,
22146,11/27/25 00:15:00,22.872,,,,,
22147,11/27/25 00:30:00,22.944,,,,,
22148,11/27/25 00:45:00,23.016,,,,,
22149,11/27/25 01:00:00,23.088,,,,,
22150,11/27/25 01:15:00,23.160,,,,,
22151,11/27/25 01:30:00,23.208,,,,,
22152,11/27/25 01:45:00,23.280,,,,,
22153,11/27/25 02:00:00,23.328,,,,,
22154,11/27/25 02:15:00,23.400,,,,,
22155,11/27/25 02:30:00,23.448,,,,,
22156,11/27/25 02:45:00,23.497,,,,,
22157,11/27/25 03:00:00,23.545,,,,,
22158,11/27/25 03:15:00,23.569,,,,,
22159,11/27/25 03:30:00,23.617,,,,,
22160,11/27/25 03:45:00,23.665,,,,,
22161,11/27/25 04:00:00,23.689,,,,,
22162,11/27/25 04:15:00,23.737,,,,,
22163,11/27/25 04:30:00,23.761,,,,,
22164,11/27/25 04:45:00,23.809,,,,,
22165,11/27/25 05:00:00,23.833,,,,,
22166,11/27/25 05:15:00,23.833,,,,,
22167,11/27/25 05:30:00,23.785,,,,,
22168,11/27/25 05:45:00,23.737,,,,,
22169,11/27/25 06:00:00,23.665,,,,,
22170,11/27/25 06:15:00,23.256,,,,,
22171,11/27/25 06:30:00,22.633,,,,,
22172,11/27/25 06:45:00,22.202,,,,,
22173,11/27/25 07:00:00,22.106,,,,,
22174,11/27/25 07:15:00,22.106,,,,,
22175,11/27/25 07:30:00,22.154,,,,,
22176,11/27/25 07:45:00,22.202,,,,,
22177,11/27/25 08:00:00,22.465,,,,,
22178,11/27/25 08:15:00,22.657,,,,,
22179,11/27/25 08:30:00,22.657,,,,,
22180,11/27/25 08:45:00,22.681,,,,,
22181,11/27/25 09:00:00,22.681,,,,,
22182,11/27/25 09:15:00,22.776,,,,,
22183,11/27/25 09:30:00,22.968,,,,,
22184,11/27/25 09:45:00,22.872,,,,,
22185,11/27/25 10:00:00,22.776,,,,,
22186,11/27/25 10:15:00,22.729,,,,,
22187,11/27/25 10:30:00,22.681,,,,,
22188,11/27/25 10:45:00,22.633,,,,,
22189,11/27/25 11:00:00,22.585,,,,,
22190,11/27/25 11:15:00,22.561,,,,,
22191,11/27/25 11:30:00,22.537,,,,,
22192,11/27/25 11:45:00,22.537,,,,,
22193,11/27/25 12:00:00,22.489,,,,,
22194,11/27/25 12:15:00,22.441,,,,,
22195,11/27/25 12:30:00,22.393,,,,,
22196,11/27/25 12:45:00,22.369,,,,,
22197,11/27/25 13:00:00,22.321,,,,,
22198,11/27/25 13:15:00,22.274,,,,,
22199,11/27/25 13:30:00,22.250,,,,,
22200,11/27/25 13:45:00,22.202,,,,,
22201,11/27/25 14:00:00,22.154,,,,,
22202,11/27/25 14:15:00,22.154,,,,,
22203,11/27/25 14:30:00,22.130,,,,,
22204,11/27/25 14:45:00,22.106,,,,,
22205,11/27/25 15:00:00,22.154,,,,,
22206,11/27/25 15:15:00,22.130,,,,,
22207,11/27/25 15:30:00,22.058,,,,,
22208,11/27/25 15:45:00,22.011,,,,,
22209,11/27/25 16:00:00,21.987,,,,,
22210,11/27/25 16:15:00,21.963,,,,,
22211,11/27/25 16:30:00,21.939,,,,,
22212,11/27/25 16:45:00,21.915,,,,,
22213,11/27/25 17:00:00,21.867,,,,,
22214,11/27/25 17:15:00,21.843,,,,,
22215,11/27/25 17:30:00,21.819,,,,,
22216,11/27/25 17:45:00,21.819,,,,,
22217,11/27/25 18:00:00,22.058,,,,,
22218,11/27/25 18:15:00,22.202,,,,,
22219,11/27/25 18:30:00,22.154,,,,,
22220,11/27/25 18:45:00,22.082,,,,,
22221,11/27/25 19:00:00,22.106,,,,,
22222,11/27/25 19:15:00,22.298,,,,,
22223,11/27/25 19:30:00,22.274,,,,,
22224,11/27/25 19:45:00,22.178,,,,,
22225,11/27/25 20:00:00,22.298,,,,,
22226,11/27/25 20:15:00,22.369,,,,,
22227,11/27/25 20:30:00,22.154,,,,,
22228,11/27/25 20:45:00,22.011,,,,,
22229,11/27/25 21:00:00,22.202,,,,,
22230,11/27/25 21:15:00,22.369,,,,,
22231,11/27/25 21:30:00,22.226,,,,,
22232,11/27/25 21:45:00,22.106,,,,,
22233,11/27/25 22:00:00,22.298,,,,,
22234,11/27/25 22:15:00,22.465,,,,,
22235,11/27/25 22:30:00,22.609,,,,,
22236,11/27/25 22:45:00,22.705,,,,,
22237,11/27/25 23:00:00,22.800,,,,,
22238,11/27/25 23:15:00,22.872,,,,,
22239,11/27/25 23:30:00,22.920,,,,,
22240,11/27/25 23:45:00,22.968,,,,,
22241,11/28/25 00:00:00,23.016,,,,,
22242,11/28/25 00:15:00,23.064,,,,,
22243,11/28/25 00:30:00,23.088,,,,,
22244,11/28/25 00:45:00,23.160,,,,,
22245,11/28/25 01:00:00,23.208,,,,,
22246,11/28/25 01:15:00,23.256,,,,,
22247,11/28/25 01:30:00,23.328,,,,,
22248,11/28/25 01:45:00,23.376,,,,,
22249,11/28/25 02:00:00,23.400,,,,,
22250,11/28/25 02:15:00,23.448,,,,,
22251,11/28/25 02:30:00,23.497,,,,,
22252,11/28/25 02:45:00,23.545,,,,,
22253,11/28/25 03:00:00,23.569,,,,,
22254,11/28/25 03:15:00,23.617,,,,,
22255,11/28/25 03:30:00,23.641,,,,,
22256,11/28/25 03:45:00,23.689,,,,,
22257,11/28/25 04:00:00,23.689,,,,,
22258,11/28/25 04:15:00,23.713,,,,,
22259,11/28/25 04:30:00,23.737,,,,,
22260,11/28/25 04:45:00,23.761,,,,,
22261,11/28/25 05:00:00,23.785,,,,,
22262,11/28/25 05:15:00,23.809,,,,,
22263,11/28/25 05:30:00,23.785,,,,,
22264,11/28/25 05:45:00,23.737,,,,,
22265,11/28/25 06:00:00,23.641,,,,,
22266,11/28/25 06:15:00,23.208,,,,,
22267,11/28/25 06:30:00,22.537,,,,,
22268,11/28/25 06:45:00,22.345,,,,,
22269,11/28/25 07:00:00,22.250,,,,,
22270,11/28/25 07:15:00,22.178,,,,,
22271,11/28/25 07:30:00,22.202,,,,,
22272,11/28/25 07:45:00,22.226,,,,,
22273,11/28/25 08:00:00,22.417,,,,,
22274,11/28/25 08:15:00,22.753,,,,,
22275,11/28/25 08:30:00,22.776,,,,,
22276,11/28/25 08:45:00,22.753,,,,,
22277,11/28/25 09:00:00,22.729,,,,,
22278,11/28/25 09:15:00,22.681,,,,,
22279,11/28/25 09:30:00,22.776,,,,,
22280,11/28/25 09:45:00,23.016,,,,,
22281,11/28/25 10:00:00,22.968,,,,,
22282,11/28/25 10:15:00,22.824,,,,,
22283,11/28/25 10:30:00,22.681,,,,,
22284,11/28/25 10:45:00,22.585,,,,,
22285,11/28/25 11:00:00,22.681,,,,,
22286,11/28/25 11:15:00,22.872,,,,,
22287,11/28/25 11:30:00,22.753,,,,,
22288,11/28/25 11:45:00,22.609,,,,,
22289,11/28/25 12:00:00,22.537,,,,,
22290,11/28/25 12:15:00,22.489,,,,,
22291,11/28/25 12:30:00,22.465,,,,,
22292,11/28/25 12:45:00,22.465,,,,,
22293,11/28/25 13:00:00,22.489,,,,,
22294,11/28/25 13:15:00,22.489,,,,,
22295,11/28/25 13:30:00,22.489,,,,,
22296,11/28/25 13:45:00,22.489,,,,,
22297,11/28/25 14:00:00,22.465,,,,,
22298,11/28/25 14:15:00,22.465,,,,,
22299,11/28/25 14:30:00,22.489,,,,,
22300,11/28/25 14:45:00,22.489,,,,,
22301,11/28/25 15:00:00,22.513,,,,,
22302,11/28/25 15:15:00,22.537,,,,,
22303,11/28/25 15:30:00,22.561,,,,,
22304,11/28/25 15:45:00,22.561,,,,,
22305,11/28/25 16:00:00,22.537,,,,,
22306,11/28/25 16:15:00,22.537,,,,,
22307,11/28/25 16:30:00,22.537,,,,,
22308,11/28/25 16:45:00,22.513,,,,,
22309,11/28/25 17:00:00,22.489,,,,,
22310,11/28/25 17:15:00,22.441,,,,,
22311,11/28/25 17:30:00,22.393,,,,,
22312,11/28/25 17:45:00,22.321,,,,,
22313,11/28/25 18:00:00,22.226,,,,,
22314,11/28/25 18:15:00,22.154,,,,,
22315,11/28/25 18:30:00,22.082,,,,,
22316,11/28/25 18:45:00,22.034,,,,,
22317,11/28/25 19:00:00,21.987,,,,,
22318,11/28/25 19:15:00,21.939,,,,,
22319,11/28/25 19:30:00,21.891,,,,,
22320,11/28/25 19:45:00,21.843,,,,,
22321,11/28/25 20:00:00,21.795,,,,,
22322,11/28/25 20:15:00,21.772,,,,,
22323,11/28/25 20:30:00,21.772,,,,,
22324,11/28/25 20:45:00,22.011,,,,,
22325,11/28/25 21:00:00,22.202,,,,,
22326,11/28/25 21:15:00,22.202,,,,,
22327,11/28/25 21:30:00,22.130,,,,,
22328,11/28/25 21:45:00,22.082,,,,,
22329,11/28/25 22:00:00,22.250,,,,,
22330,11/28/25 22:15:00,22.441,,,,,
22331,11/28/25 22:30:00,22.585,,,,,
22332,11/28/25 22:45:00,22.705,,,,,
22333,11/28/25 23:00:00,22.776,,,,,
22334,11/28/25 23:15:00,22.872,,,,,
22335,11/28/25 23:30:00,22.920,,,,,
22336,11/28/25 23:45:00,22.992,,,,,
22337,11/29/25 00:00:00,23.040,,,,,
22338,11/29/25 00:15:00,23.064,,,,,
22339,11/29/25 00:30:00,23.112,,,,,
22340,11/29/25 00:45:00,23.160,,,,,
22341,11/29/25 01:00:00,23.208,,,,,
22342,11/29/25 01:15:00,23.256,,,,,
22343,11/29/25 01:30:00,23.328,,,,,
22344,11/29/25 01:45:00,23.376,,,,,
22345,11/29/25 02:00:00,23.424,,,,,
22346,11/29/25 02:15:00,23.472,,,,,
22347,11/29/25 02:30:00,23.521,,,,,
22348,11/29/25 02:45:00,23.569,,,,,
22349,11/29/25 03:00:00,23.593,,,,,
22350,11/29/25 03:15:00,23.641,,,,,
22351,11/29/25 03:30:00,23.689,,,,,
22352,11/29/25 03:45:00,23.713,,,,,
22353,11/29/25 04:00:00,23.761,,,,,
22354,11/29/25 04:15:00,23.785,,,,,
22355,11/29/25 04:30:00,23.833,,,,,
22356,11/29/25 04:45:00,23.857,,,,,
22357,11/29/25 05:00:00,23.881,,,,,
22358,11/29/25 05:15:00,23.905,,,,,
22359,11/29/25 05:30:00,23.881,,,,,
22360,11/29/25 05:45:00,23.833,,,,,
22361,11/29/25 06:00:00,23.761,,,,,
22362,11/29/25 06:15:00,23.352,,,,,
22363,11/29/25 06:30:00,22.681,,,,,
22364,11/29/25 06:45:00,22.226,,,,,
22365,11/29/25 07:00:00,22.154,,,,,
22366,11/29/25 07:15:00,22.106,,,,,
22367,11/29/25 07:30:00,22.202,,,,,
22368,11/29/25 07:45:00,22.274,,,,,
22369,11/29/25 08:00:00,22.345,,,,,
22370,11/29/25 08:15:00,22.441,,,,,
22371,11/29/25 08:30:00,22.561,,,,,
22372,11/29/25 08:45:00,22.896,,,,,
22373,11/29/25 09:00:00,22.944,,,,,
22374,11/29/25 09:15:00,22.920,,,,,
22375,11/29/25 09:30:00,22.896,,,,,
22376,11/29/25 09:45:00,22.872,,,,,
22377,11/29/25 10:00:00,22.824,,,,,
22378,11/29/25 10:15:00,22.753,,,,,
22379,11/29/25 10:30:00,22.681,,,,,
22380,11/29/25 10:45:00,22.609,,,,,
22381,11/29/25 11:00:00,22.848,,,,,
22382,11/29/25 11:15:00,22.872,,,,,
22383,11/29/25 11:30:00,22.705,,,,,
22384,11/29/25 11:45:00,22.585,,,,,
22385,11/29/25 12:00:00,22.465,,,,,
22386,11/29/25 12:15:00,22.393,,,,,
22387,11/29/25 12:30:00,22.321,,,,,
22388,11/29/25 12:45:00,22.250,,,,,
22389,11/29/25 13:00:00,22.202,,,,,
22390,11/29/25 13:15:00,22.154,,,,,
22391,11/29/25 13:30:00,22.106,,,,,
22392,11/29/25 13:45:00,22.034,,,,,
22393,11/29/25 14:00:00,22.058,,,,,
22394,11/29/25 14:15:00,22.345,,,,,
22395,11/29/25 14:30:00,22.465,,,,,
22396,11/29/25 14:45:00,22.393,,,,,
22397,11/29/25 15:00:00,22.345,,,,,
22398,11/29/25 15:15:00,22.298,,,,,
22399,11/29/25 15:30:00,22.250,,,,,
22400,11/29/25 15:45:00,22.226,,,,,
22401,11/29/25 16:00:00,22.202,,,,,
22402,11/29/25 16:15:00,22.178,,,,,
22403,11/29/25 16:30:00,22.154,,,,,
22404,11/29/25 16:45:00,22.298,,,,,
22405,11/29/25 17:00:00,22.441,,,,,
22406,11/29/25 17:15:00,22.274,,,,,
22407,11/29/25 17:30:00,22.130,,,,,
22408,11/29/25 17:45:00,22.034,,,,,
22409,11/29/25 18:00:00,21.987,,,,,
22410,11/29/25 18:15:00,22.226,,,,,
22411,11/29/25 18:30:00,22.345,,,,,
22412,11/29/25 18:45:00,22.274,,,,,
22413,11/29/25 19:00:00,22.178,,,,,
22414,11/29/25 19:15:00,22.202,,,,,
22415,11/29/25 19:30:00,22.393,,,,,
22416,11/29/25 19:45:00,22.369,,,,,
22417,11/29/25 20:00:00,22.130,,,,,
22418,11/29/25 20:15:00,22.011,,,,,
22419,11/29/25 20:30:00,22.202,,,,,
22420,11/29/25 20:45:00,22.369,,,,,
22421,11/29/25 21:00:00,22.298,,,,,
22422,11/29/25 21:15:00,22.226,,,,,
22423,11/29/25 21:30:00,22.393,,,,,
22424,11/29/25 21:45:00,22.537,,,,,
22425,11/29/25 22:00:00,22.321,,,,,
22426,11/29/25 22:15:00,22.393,,,,,
22427,11/29/25 22:30:00,22.537,,,,,
22428,11/29/25 22:45:00,22.657,,,,,
22429,11/29/25 23:00:00,22.753,,,,,
22430,11/29/25 23:15:00,22.824,,,,,
22431,11/29/25 23:30:00,22.872,,,,,
22432,11/29/25 23:45:00,22.920,,,,,
22433,11/30/25 00:00:00,22.968,,,,,
22434,11/30/25 00:15:00,23.016,,,,,
22435,11/30/25 00:30:00,23.088,,,,,
22436,11/30/25 00:45:00,23.136,,,,,
22437,11/30/25 01:00:00,23.184,,,,,
22438,11/30/25 01:15:00,23.256,,,,,
22439,11/30/25 01:30:00,23.304,,,,,
22440,11/30/25 01:45:00,23.352,,,,,
22441,11/30/25 02:00:00,23.400,,,,,
22442,11/30/25 02:15:00,23.448,,,,,
22443,11/30/25 02:30:00,23.497,,,,,
22444,11/30/25 02:45:00,23.545,,,,,
22445,11/30/25 03:00:00,23.569,,,,,
22446,11/30/25 03:15:00,23.617,,,,,
22447,11/30/25 03:30:00,23.641,,,,,
22448,11/30/25 03:45:00,23.665,,,,,
22449,11/30/25 04:00:00,23.713,,,,,
22450,11/30/25 04:15:00,23.737,,,,,
22451,11/30/25 04:30:00,23.761,,,,,
22452,11/30/25 04:45:00,23.785,,,,,
22453,11/30/25 05:00:00,23.809,,,,,
22454,11/30/25 05:15:00,23.833,,,,,
22455,11/30/25 05:30:00,23.809,,,,,
22456,11/30/25 05:45:00,23.761,,,,,
22457,11/30/25 06:00:00,23.689,,,,,
22458,11/30/25 06:15:00,23.256,,,,,
22459,11/30/25 06:30:00,22.585,,,,,
22460,11/30/25 06:45:00,22.345,,,,,
22461,11/30/25 07:00:00,22.226,,,,,
22462,11/30/25 07:15:00,22.154,,,,,
22463,11/30/25 07:30:00,22.154,,,,,
22464,11/30/25 07:45:00,22.178,,,,,
22465,11/30/25 08:00:00,22.393,,,,,
22466,11/30/25 08:15:00,22.753,,,,,
22467,11/30/25 08:30:00,22.824,,,,,
22468,11/30/25 08:45:00,22.776,,,,,
22469,11/30/25 09:00:00,22.776,,,,,
22470,11/30/25 09:15:00,22.776,,,,,
22471,11/30/25 09:30:00,23.040,,,,,
22472,11/30/25 09:45:00,22.944,,,,,
22473,11/30/25 10:00:00,22.776,,,,,
22474,11/30/25 10:15:00,22.657,,,,,
22475,11/30/25 10:30:00,22.585,,,,,
22476,11/30/25 10:45:00,22.537,,,,,
22477,11/30/25 11:00:00,22.489,,,,,
22478,11/30/25 11:15:00,22.441,,,,,
22479,11/30/25 11:30:00,22.393,,,,,
22480,11/30/25 11:45:00,22.369,,,,,
22481,11/30/25 12:00:00,22.369,,,,,
22482,11/30/25 12:15:00,22.345,,,,,
22483,11/30/25 12:30:00,22.369,,,,,
22484,11/30/25 12:45:00,22.369,,,,,
22485,11/30/25 13:00:00,22.345,,,,,
22486,11/30/25 13:15:00,22.345,,,,,
22487,11/30/25 13:30:00,22.321,,,,,
22488,11/30/25 13:45:00,22.321,,,,,
22489,11/30/25 14:00:00,22.321,,,,,
22490,11/30/25 14:15:00,22.321,,,,,
22491,11/30/25 14:30:00,22.298,,,,,
22492,11/30/25 14:45:00,22.298,,,,,
22493,11/30/25 15:00:00,22.298,,,,,
22494,11/30/25 15:15:00,22.298,,,,,
22495,11/30/25 15:30:00,22.250,,,,,
22496,11/30/25 15:45:00,22.226,,,,,
22497,11/30/25 16:00:00,22.226,,,,,
22498,11/30/25 16:15:00,22.226,,,,,
22499,11/30/25 16:30:00,22.226,,,,,
22500,11/30/25 16:45:00,22.226,,,,,
22501,11/30/25 17:00:00,22.202,,,,,
22502,11/30/25 17:15:00,22.202,,,,,
22503,11/30/25 17:30:00,22.154,,,,,
22504,11/30/25 17:45:00,22.106,,,,,
22505,11/30/25 18:00:00,22.058,,,,,
22506,11/30/25 18:15:00,21.987,,,,,
22507,11/30/25 18:30:00,21.939,,,,,
22508,11/30/25 18:45:00,21.891,,,,,
22509,11/30/25 19:00:00,21.819,,,,,
22510,11/30/25 19:15:00,21.772,,,,,
22511,11/30/25 19:30:00,21.772,,,,,
22512,11/30/25 19:45:00,21.772,,,,,
22513,11/30/25 20:00:00,21.772,,,,,
22514,11/30/25 20:15:00,21.939,,,,,
22515,11/30/25 20:30:00,22.106,,,,,
22516,11/30/25 20:45:00,22.130,,,,,
22517,11/30/25 21:00:00,22.082,,,,,
22518,11/30/25 21:15:00,22.082,,,,,
22519,11/30/25 21:30:00,22.274,,,,,
22520,11/30/25 21:45:00,22.321,,,,,
22521,11/30/25 22:00:00,22.106,,,,,
22522,11/30/25 22:15:00,22.202,,,,,
22523,11/30/25 22:30:00,22.393,,,,,
22524,11/30/25 22:45:00,22.537,,,,,
22525,11/30/25 23:00:00,22.633,,,,,
22526,11/30/25 23:15:00,22.729,,,,,
22527,11/30/25 23:30:00,22.800,,,,,
22528,11/30/25 23:45:00,22.872,,,,,
22529,12/01/25 00:00:00,22.944,,,,,
22530,12/01/25 00:15:00,22.992,,,,,
22531,12/01/25 00:30:00,23.064,,,,,
22532,12/01/25 00:45:00,23.136,,,,,
22533,12/01/25 01:00:00,23.208,,,,,
22534,12/01/25 01:15:00,23.256,,,,,
22535,12/01/25 01:30:00,23.328,,,,,
22536,12/01/25 01:45:00,23.376,,,,,
22537,12/01/25 02:00:00,23.448,,,,,
22538,12/01/25 02:15:00,23.472,,,,,
22539,12/01/25 02:30:00,23.521,,,,,
22540,12/01/25 02:45:00,23.545,,,,,
22541,12/01/25 03:00:00,23.593,,,,,
22542,12/01/25 03:15:00,23.617,,,,,
22543,12/01/25 03:30:00,23.665,,,,,
22544,12/01/25 03:45:00,23.689,,,,,
22545,12/01/25 04:00:00,23.737,,,,,
22546,12/01/25 04:15:00,23.761,,,,,
22547,12/01/25 04:30:00,23.785,,,,,
22548,12/01/25 04:45:00,23.809,,,,,
22549,12/01/25 05:00:00,23.833,,,,,
22550,12/01/25 05:15:00,23.857,,,,,
22551,12/01/25 05:30:00,23.809,,,,,
22552,12/01/25 05:45:00,23.761,,,,,
22553,12/01/25 06:00:00,23.689,,,,,
22554,12/01/25 06:15:00,23.280,,,,,
22555,12/01/25 06:30:00,22.609,,,,,
22556,12/01/25 06:45:00,22.154,,,,,
22557,12/01/25 07:00:00,22.058,,,,,
22558,12/01/25 07:15:00,22.058,,,,,
22559,12/01/25 07:30:00,22.154,,,,,
22560,12/01/25 07:45:00,22.250,,,,,
22561,12/01/25 08:00:00,22.298,,,,,
22562,12/01/25 08:15:00,22.369,,,,,
22563,12/01/25 08:30:00,22.441,,,,,
22564,12/01/25 08:45:00,22.513,,,,,
22565,12/01/25 09:00:00,22.561,,,,,
22566,12/01/25 09:15:00,22.585,,,,,
22567,12/01/25 09:30:00,22.585,,,,,
22568,12/01/25 09:45:00,22.609,,,,,
22569,12/01/25 10:00:00,22.609,,,,,
22570,12/01/25 10:15:00,22.609,,,,,
22571,12/01/25 10:30:00,22.585,,,,,
22572,12/01/25 10:45:00,22.561,,,,,
22573,12/01/25 11:00:00,22.537,,,,,
22574,12/01/25 11:15:00,22.489,,,,,
22575,12/01/25 11:30:00,22.465,,,,,
22576,12/01/25 11:45:00,22.417,,,,,
22577,12/01/25 12:00:00,22.489,,,,,
22578,12/01/25 12:15:00,22.513,,,,,
22579,12/01/25 12:30:00,22.250,,,,,
22580,12/01/25 12:45:00,22.106,,,,,
22581,12/01/25 13:00:00,22.202,,,,,
22582,12/01/25 13:15:00,22.274,,,,,
22583,12/01/25 13:30:00,22.345,,,,,
22584,12/01/25 13:45:00,22.393,,,,,
22585,12/01/25 14:00:00,22.465,,,,,
22586,12/01/25 14:15:00,22.513,,,,,
22587,12/01/25 14:30:00,22.465,,,,,
22588,12/01/25 14:45:00,22.441,,,,,
22589,12/01/25 15:00:00,22.417,,,,,
22590,12/01/25 15:15:00,22.369,,,,,
22591,12/01/25 15:30:00,22.369,,,,,
22592,12/01/25 15:45:00,22.321,,,,,
22593,12/01/25 16:00:00,22.298,,,,,
22594,12/01/25 16:15:00,22.034,,,,,
22595,12/01/25 16:30:00,21.748,,,,,
22596,12/01/25 16:45:00,21.628,,,,,
22597,12/01/25 17:00:00,21.795,,,,,
22598,12/01/25 17:15:00,21.891,,,,,
22599,12/01/25 17:30:00,21.963,,,,,
22600,12/01/25 17:45:00,22.058,,,,,
22601,12/01/25 18:00:00,22.154,,,,,
22602,12/01/25 18:15:00,22.202,,,,,
22603,12/01/25 18:30:00,22.226,,,,,
22604,12/01/25 18:45:00,22.250,,,,,
22605,12/01/25 19:00:00,22.202,,,,,
22606,12/01/25 19:15:00,22.106,,,,,
22607,12/01/25 19:30:00,22.034,,,,,
22608,12/01/25 19:45:00,21.987,,,,,
22609,12/01/25 20:00:00,21.915,,,,,
22610,12/01/25 20:15:00,21.867,,,,,
22611,12/01/25 20:30:00,21.843,,,,,
22612,12/01/25 20:45:00,21.819,,,,,
22613,12/01/25 21:00:00,21.819,,,,,
22614,12/01/25 21:15:00,21.819,,,,,
22615,12/01/25 21:30:00,21.843,,,,,
22616,12/01/25 21:45:00,21.819,,,,,
22617,12/01/25 22:00:00,21.843,,,,,
22618,12/01/25 22:15:00,22.011,,,,,
22619,12/01/25 22:30:00,22.226,,,,,
22620,12/01/25 22:45:00,22.393,,,,,
22621,12/01/25 23:00:00,22.513,,,,,
22622,12/01/25 23:15:00,22.633,,,,,
22623,12/01/25 23:30:00,22.705,,,,,
22624,12/01/25 23:45:00,22.776,,,,,
22625,12/02/25 00:00:00,22.848,,,,,
22626,12/02/25 00:15:00,22.920,,,,,
22627,12/02/25 00:30:00,23.016,,,,,
22628,12/02/25 00:45:00,23.088,,,,,
22629,12/02/25 01:00:00,23.160,,,,,
22630,12/02/25 01:15:00,23.232,,,,,
22631,12/02/25 01:30:00,23.280,,,,,
22632,12/02/25 01:45:00,23.352,,,,,
22633,12/02/25 02:00:00,23.400,,,,,
22634,12/02/25 02:15:00,23.448,,,,,
22635,12/02/25 02:30:00,23.521,,,,,
22636,12/02/25 02:45:00,23.569,,,,,
22637,12/02/25 03:00:00,23.593,,,,,
22638,12/02/25 03:15:00,23.641,,,,,
22639,12/02/25 03:30:00,23.689,,,,,
22640,12/02/25 03:45:00,23.713,,,,,
22641,12/02/25 04:00:00,23.761,,,,,
22642,12/02/25 04:15:00,23.809,,,,,
22643,12/02/25 04:30:00,23.833,,,,,
22644,12/02/25 04:45:00,23.857,,,,,
22645,12/02/25 05:00:00,23.881,,,,,
22646,12/02/25 05:15:00,23.881,,,,,
22647,12/02/25 05:30:00,23.857,,,,,
22648,12/02/25 05:45:00,23.809,,,,,
22649,12/02/25 06:00:00,23.761,,,,,
22650,12/02/25 06:15:00,23.352,,,,,
22651,12/02/25 06:30:00,22.753,,,,,
22652,12/02/25 06:45:00,22.321,,,,,
22653,12/02/25 07:00:00,22.250,,,,,
22654,12/02/25 07:15:00,22.250,,,,,
22655,12/02/25 07:30:00,22.298,,,,,
22656,12/02/25 07:45:00,22.393,,,,,
22657,12/02/25 08:00:00,22.513,,,,,
22658,12/02/25 08:15:00,22.609,,,,,
22659,12/02/25 08:30:00,22.681,,,,,
22660,12/02/25 08:45:00,22.753,,,,,
22661,12/02/25 09:00:00,22.800,,,,,
22662,12/02/25 09:15:00,22.848,,,,,
22663,12/02/25 09:30:00,22.848,,,,,
22664,12/02/25 09:45:00,22.872,,,,,
22665,12/02/25 10:00:00,22.872,,,,,
22666,12/02/25 10:15:00,22.872,,,,,
22667,12/02/25 10:30:00,22.848,,,,,
22668,12/02/25 10:45:00,23.064,,,,,
22669,12/02/25 11:00:00,22.992,,,,,
22670,12/02/25 11:15:00,22.800,,,,,
22671,12/02/25 11:30:00,22.657,,,,,
22672,12/02/25 11:45:00,22.561,,,,,
22673,12/02/25 12:00:00,22.537,,,,,
22674,12/02/25 12:15:00,22.585,,,,,
22675,12/02/25 12:30:00,22.729,,,,,
22676,12/02/25 12:45:00,22.848,,,,,
22677,12/02/25 13:00:00,22.753,,,,,
22678,12/02/25 13:15:00,22.657,,,,,
22679,12/02/25 13:30:00,22.585,,,,,
22680,12/02/25 13:45:00,22.561,,,,,
22681,12/02/25 14:00:00,22.537,,,,,
22682,12/02/25 14:15:00,22.513,,,,,
22683,12/02/25 14:30:00,22.489,,,,,
22684,12/02/25 14:45:00,22.441,,,,,
22685,12/02/25 15:00:00,22.226,,,,,
22686,12/02/25 15:15:00,22.034,,,,,
22687,12/02/25 15:30:00,22.082,,,,,
22688,12/02/25 15:45:00,22.082,,,,,
22689,12/02/25 16:00:00,22.058,,,,,
22690,12/02/25 16:15:00,22.082,,,,,
22691,12/02/25 16:30:00,22.082,,,,,
22692,12/02/25 16:45:00,22.082,,,,,
22693,12/02/25 17:00:00,22.058,,,,,
22694,12/02/25 17:15:00,22.034,,,,,
22695,12/02/25 17:30:00,21.963,,,,,
22696,12/02/25 17:45:00,22.058,,,,,
22697,12/02/25 18:00:00,22.178,,,,,
22698,12/02/25 18:15:00,22.202,,,,,
22699,12/02/25 18:30:00,22.130,,,,,
22700,12/02/25 18:45:00,22.058,,,,,
22701,12/02/25 19:00:00,22.011,,,,,
22702,12/02/25 19:15:00,21.963,,,,,
22703,12/02/25 19:30:00,21.915,,,,,
22704,12/02/25 19:45:00,21.867,,,,,
22705,12/02/25 20:00:00,21.819,,,,,
22706,12/02/25 20:15:00,21.843,,,,,
22707,12/02/25 20:30:00,21.891,,,,,
22708,12/02/25 20:45:00,22.106,,,,,
22709,12/02/25 21:00:00,22.298,,,,,
22710,12/02/25 21:15:00,22.202,,,,,
22711,12/02/25 21:30:00,22.106,,,,,
22712,12/02/25 21:45:00,22.034,,,,,
22713,12/02/25 22:00:00,22.202,,,,,
22714,12/02/25 22:15:00,22.489,,,,,
22715,12/02/25 22:30:00,22.705,,,,,
22716,12/02/25 22:45:00,22.896,,,,,
22717,12/02/25 23:00:00,23.040,,,,,
22718,12/02/25 23:15:00,23.184,,,,,
22719,12/02/25 23:30:00,23.280,,,,,
22720,12/02/25 23:45:00,23.376,,,,,
22721,12/03/25 00:00:00,23.472,,,,,
22722,12/03/25 00:15:00,23.545,,,,,
22723,12/03/25 00:30:00,23.593,,,,,
22724,12/03/25 00:45:00,23.593,,,,,
22725,12/03/25 01:00:00,23.617,,,,,
22726,12/03/25 01:15:00,23.617,,,,,
22727,12/03/25 01:30:00,23.641,,,,,
22728,12/03/25 01:45:00,23.665,,,,,
22729,12/03/25 02:00:00,23.689,,,,,
22730,12/03/25 02:15:00,23.713,,,,,
22731,12/03/25 02:30:00,23.737,,,,,
22732,12/03/25 02:45:00,23.785,,,,,
22733,12/03/25 03:00:00,23.809,,,,,
22734,12/03/25 03:15:00,23.833,,,,,
22735,12/03/25 03:30:00,23.857,,,,,
22736,12/03/25 03:45:00,23.881,,,,,
22737,12/03/25 04:00:00,23.905,,,,,
22738,12/03/25 04:15:00,23.930,,,,,
22739,12/03/25 04:30:00,23.954,,,,,
22740,12/03/25 04:45:00,23.978,,,,,
22741,12/03/25 05:00:00,24.002,,,,,
22742,12/03/25 05:15:00,23.978,,,,,
22743,12/03/25 05:30:00,23.954,,,,,
22744,12/03/25 05:45:00,23.930,,,,,
22745,12/03/25 06:00:00,23.881,,,,,
22746,12/03/25 06:15:00,23.472,,,,,
22747,12/03/25 06:30:00,22.824,,,,,
22748,12/03/25 06:45:00,22.393,,,,,
22749,12/03/25 07:00:00,22.274,,,,,
22750,12/03/25 07:15:00,22.202,,,,,
22751,12/03/25 07:30:00,22.178,,,,,
22752,12/03/25 07:45:00,22.202,,,,,
22753,12/03/25 08:00:00,22.250,,,,,
22754,12/03/25 08:15:00,22.298,,,,,
22755,12/03/25 08:30:00,22.345,,,,,
22756,12/03/25 08:45:00,22.393,,,,,
22757,12/03/25 09:00:00,22.417,,,,,
22758,12/03/25 09:15:00,22.417,,,,,
22759,12/03/25 09:30:00,22.441,,,,,
22760,12/03/25 09:45:00,22.465,,,,,
22761,12/03/25 10:00:00,22.513,,,,,
22762,12/03/25 10:15:00,22.513,,,,,
22763,12/03/25 10:30:00,22.513,,,,,
22764,12/03/25 10:45:00,22.489,,,,,
22765,12/03/25 11:00:00,22.489,,,,,
22766,12/03/25 11:15:00,22.489,,,,,
22767,12/03/25 11:30:00,22.489,,,,,
22768,12/03/25 11:45:00,22.465,,,,,
22769,12/03/25 12:00:00,22.441,,,,,
22770,12/03/25 12:15:00,22.417,,,,,
22771,12/03/25 12:30:00,22.417,,,,,
22772,12/03/25 12:45:00,22.417,,,,,
22773,12/03/25 13:00:00,22.417,,,,,
22774,12/03/25 13:15:00,22.441,,,,,
22775,12/03/25 13:30:00,22.441,,,,,
22776,12/03/25 13:45:00,22.369,,,,,
22777,12/03/25 14:00:00,22.106,,,,,
22778,12/03/25 14:15:00,21.891,,,,,
22779,12/03/25 14:30:00,21.772,,,,,
22780,12/03/25 14:45:00,21.819,,,,,
22781,12/03/25 15:00:00,21.987,,,,,
22782,12/03/25 15:15:00,22.154,,,,,
22783,12/03/25 15:30:00,22.226,,,,,
22784,12/03/25 15:45:00,22.202,,,,,
22785,12/03/25 16:00:00,22.178,,,,,
22786,12/03/25 16:15:00,22.058,,,,,
22787,12/03/25 16:30:00,21.939,,,,,
22788,12/03/25 16:45:00,21.915,,,,,
22789,12/03/25 17:00:00,22.058,,,,,
22790,12/03/25 17:15:00,22.130,,,,,
22791,12/03/25 17:30:00,22.154,,,,,
22792,12/03/25 17:45:00,22.274,,,,,
22793,12/03/25 18:00:00,22.250,,,,,
22794,12/03/25 18:15:00,22.011,,,,,
22795,12/03/25 18:30:00,22.034,,,,,
22796,12/03/25 18:45:00,22.082,,,,,
22797,12/03/25 19:00:00,22.082,,,,,
22798,12/03/25 19:15:00,22.106,,,,,
22799,12/03/25 19:30:00,22.106,,,,,
22800,12/03/25 19:45:00,22.058,,,,,
22801,12/03/25 20:00:00,21.987,,,,,
22802,12/03/25 20:15:00,21.939,,,,,
22803,12/03/25 20:30:00,21.963,,,,,
22804,12/03/25 20:45:00,21.963,,,,,
22805,12/03/25 21:00:00,21.963,,,,,
22806,12/03/25 21:15:00,21.963,,,,,
22807,12/03/25 21:30:00,21.963,,,,,
22808,12/03/25 21:45:00,21.939,,,,,
22809,12/03/25 22:00:00,21.939,,,,,
22810,12/03/25 22:15:00,22.154,,,,,
22811,12/03/25 22:30:00,22.417,,,,,
22812,12/03/25 22:45:00,22.561,,,,,
22813,12/03/25 23:00:00,22.681,,,,,
22814,12/03/25 23:15:00,22.753,,,,,
22815,12/03/25 23:30:00,22.824,,,,,
22816,12/03/25 23:45:00,22.896,,,,,
22817,12/04/25 00:00:00,22.944,,,,,
22818,12/04/25 00:15:00,23.016,,,,,
22819,12/04/25 00:30:00,23.088,,,,,
22820,12/04/25 00:45:00,23.160,,,,,
22821,12/04/25 01:00:00,23.208,,,,,
22822,12/04/25 01:15:00,23.280,,,,,
22823,12/04/25 01:30:00,23.328,,,,,
22824,12/04/25 01:45:00,23.400,,,,,
22825,12/04/25 02:00:00,23.448,,,,,
22826,12/04/25 02:15:00,23.497,,,,,
22827,12/04/25 02:30:00,23.569,,,,,
22828,12/04/25 02:45:00,23.617,,,,,
22829,12/04/25 03:00:00,23.665,,,,,
22830,12/04/25 03:15:00,23.689,,,,,
22831,12/04/25 03:30:00,23.737,,,,,
22832,12/04/25 03:45:00,23.785,,,,,
22833,12/04/25 04:00:00,23.833,,,,,
22834,12/04/25 04:15:00,23.857,,,,,
22835,12/04/25 04:30:00,23.905,,,,,
22836,12/04/25 04:45:00,23.930,,,,,
22837,12/04/25 05:00:00,23.978,,,,,
22838,12/04/25 05:15:00,24.002,,,,,
22839,12/04/25 05:30:00,23.978,,,,,
22840,12/04/25 05:45:00,23.954,,,,,
22841,12/04/25 06:00:00,23.930,,,,,
22842,12/04/25 06:15:00,23.545,,,,,
22843,12/04/25 06:30:00,22.944,,,,,
22844,12/04/25 06:45:00,22.441,,,,,
22845,12/04/25 07:00:00,22.082,,,,,
22846,12/04/25 07:15:00,22.058,,,,,
22847,12/04/25 07:30:00,22.154,,,,,
22848,12/04/25 07:45:00,22.274,,,,,
22849,12/04/25 08:00:00,22.393,,,,,
22850,12/04/25 08:15:00,22.513,,,,,
22851,12/04/25 08:30:00,22.585,,,,,
22852,12/04/25 08:45:00,22.633,,,,,
22853,12/04/25 09:00:00,22.705,,,,,
22854,12/04/25 09:15:00,22.729,,,,,
22855,12/04/25 09:30:00,22.729,,,,,
22856,12/04/25 09:45:00,22.681,,,,,
22857,12/04/25 10:00:00,22.633,,,,,
22858,12/04/25 10:15:00,22.585,,,,,
22859,12/04/25 10:30:00,22.561,,,,,
22860,12/04/25 10:45:00,22.537,,,,,
22861,12/04/25 11:00:00,22.513,,,,,
22862,12/04/25 11:15:00,22.465,,,,,
22863,12/04/25 11:30:00,22.441,,,,,
22864,12/04/25 11:45:00,22.585,,,,,
22865,12/04/25 12:00:00,22.513,,,,,
22866,12/04/25 12:15:00,22.465,,,,,
22867,12/04/25 12:30:00,22.465,,,,,
22868,12/04/25 12:45:00,22.465,,,,,
22869,12/04/25 13:00:00,22.465,,,,,
22870,12/04/25 13:15:00,22.417,,,,,
22871,12/04/25 13:30:00,22.274,,,,,
22872,12/04/25 13:45:00,22.202,,,,,
22873,12/04/25 14:00:00,22.202,,,,,
22874,12/04/25 14:15:00,22.178,,,,,
22875,12/04/25 14:30:00,22.178,,,,,
22876,12/04/25 14:45:00,22.226,,,,,
22877,12/04/25 15:00:00,22.250,,,,,
22878,12/04/25 15:15:00,22.226,,,,,
22879,12/04/25 15:30:00,22.250,,,,,
22880,12/04/25 15:45:00,22.274,,,,,
22881,12/04/25 16:00:00,22.274,,,,,
22882,12/04/25 16:15:00,22.178,,,,,
22883,12/04/25 16:30:00,22.034,,,,,
22884,12/04/25 16:45:00,21.891,,,,,
22885,12/04/25 17:00:00,21.843,,,,,
22886,12/04/25 17:15:00,21.891,,,,,
22887,12/04/25 17:30:00,21.939,,,,,
22888,12/04/25 17:45:00,21.963,,,,,
22889,12/04/25 18:00:00,21.987,,,,,
22890,12/04/25 18:15:00,21.987,,,,,
22891,12/04/25 18:30:00,21.987,,,,,
22892,12/04/25 18:45:00,21.987,,,,,
22893,12/04/25 19:00:00,21.963,,,,,
22894,12/04/25 19:15:00,21.963,,,,,
22895,12/04/25 19:30:00,21.939,,,,,
22896,12/04/25 19:45:00,21.939,,,,,
22897,12/04/25 20:00:00,21.939,,,,,
22898,12/04/25 20:15:00,21.915,,,,,
22899,12/04/25 20:30:00,21.891,,,,,
22900,12/04/25 20:45:00,21.867,,,,,
22901,12/04/25 21:00:00,21.819,,,,,
22902,12/04/25 21:15:00,21.795,,,,,
22903,12/04/25 21:30:00,21.748,,,,,
22904,12/04/25 21:45:00,21.772,,,,,
22905,12/04/25 22:00:00,21.987,,,,,
22906,12/04/25 22:15:00,22.178,,,,,
22907,12/04/25 22:30:00,22.345,,,,,
22908,12/04/25 22:45:00,22.465,,,,,
22909,12/04/25 23:00:00,22.585,,,,,
22910,12/04/25 23:15:00,22.681,,,,,
22911,12/04/25 23:30:00,22.776,,,,,
22912,12/04/25 23:45:00,22.848,,,,,
22913,12/05/25 00:00:00,22.896,,,,,
22914,12/05/25 00:15:00,22.968,,,,,
22915,12/05/25 00:30:00,23.016,,,,,
22916,12/05/25 00:45:00,23.064,,,,,
22917,12/05/25 01:00:00,23.136,,,,,
22918,12/05/25 01:15:00,23.184,,,,,
22919,12/05/25 01:30:00,23.232,,,,,
22920,12/05/25 01:45:00,23.280,,,,,
22921,12/05/25 02:00:00,23.328,,,,,
22922,12/05/25 02:15:00,23.376,,,,,
22923,12/05/25 02:30:00,23.424,,,,,
22924,12/05/25 02:45:00,23.472,,,,,
22925,12/05/25 03:00:00,23.497,,,,,
22926,12/05/25 03:15:00,23.545,,,,,
22927,12/05/25 03:30:00,23.569,,,,,
22928,12/05/25 03:45:00,23.617,,,,,
22929,12/05/25 04:00:00,23.641,,,,,
22930,12/05/25 04:15:00,23.665,,,,,
22931,12/05/25 04:30:00,23.713,,,,,
22932,12/05/25 04:45:00,23.737,,,,,
22933,12/05/25 05:00:00,23.761,,,,,
22934,12/05/25 05:15:00,23.785,,,,,
22935,12/05/25 05:30:00,23.785,,,,,
22936,12/05/25 05:45:00,23.761,,,,,
22937,12/05/25 06:00:00,23.713,,,,,
22938,12/05/25 06:15:00,23.352,,,,,
22939,12/05/25 06:30:00,22.753,,,,,
22940,12/05/25 06:45:00,22.441,,,,,
22941,12/05/25 07:00:00,22.298,,,,,
22942,12/05/25 07:15:00,22.202,,,,,
22943,12/05/25 07:30:00,22.178,,,,,
22944,12/05/25 07:45:00,22.178,,,,,
22945,12/05/25 08:00:00,22.202,,,,,
22946,12/05/25 08:15:00,22.250,,,,,
22947,12/05/25 08:30:00,22.298,,,,,
22948,12/05/25 08:45:00,22.345,,,,,
22949,12/05/25 09:00:00,22.393,,,,,
22950,12/05/25 09:15:00,22.417,,,,,
22951,12/05/25 09:30:00,22.441,,,,,
22952,12/05/25 09:45:00,22.441,,,,,
22953,12/05/25 10:00:00,22.441,,,,,
22954,12/05/25 10:15:00,22.441,,,,,
22955,12/05/25 10:30:00,22.489,,,,,
22956,12/05/25 10:45:00,22.513,,,,,
22957,12/05/25 11:00:00,22.561,,,,,
22958,12/05/25 11:15:00,22.585,,,,,
22959,12/05/25 11:30:00,22.633,,,,,
22960,12/05/25 11:45:00,22.657,,,,,
22961,12/05/25 12:00:00,22.657,,,,,
22962,12/05/25 12:15:00,22.657,,,,,
22963,12/05/25 12:30:00,22.657,,,,,
22964,12/05/25 12:45:00,22.729,,,,,
22965,12/05/25 13:00:00,22.681,,,,,
22966,12/05/25 13:15:00,22.681,,,,,
22967,12/05/25 13:30:00,22.681,,,,,
22968,12/05/25 13:45:00,22.681,,,,,
22969,12/05/25 14:00:00,22.705,,,,,
22970,12/05/25 14:15:00,22.705,,,,,
22971,12/05/25 14:30:00,22.705,,,,,
22972,12/05/25 14:45:00,22.729,,,,,
22973,12/05/25 15:00:00,22.776,,,,,
22974,12/05/25 15:15:00,22.681,,,,,
22975,12/05/25 15:30:00,22.633,,,,,
22976,12/05/25 15:45:00,22.585,,,,,
22977,12/05/25 16:00:00,22.489,,,,,
22978,12/05/25 16:15:00,22.369,,,,,
22979,12/05/25 16:30:00,22.250,,,,,
22980,12/05/25 16:45:00,22.154,,,,,
22981,12/05/25 17:00:00,22.106,,,,,
22982,12/05/25 17:15:00,22.034,,,,,
22983,12/05/25 17:30:00,21.915,,,,,
22984,12/05/25 17:45:00,21.843,,,,,
22985,12/05/25 18:00:00,21.891,,,,,
22986,12/05/25 18:15:00,21.987,,,,,
22987,12/05/25 18:30:00,22.058,,,,,
22988,12/05/25 18:45:00,22.106,,,,,
22989,12/05/25 19:00:00,22.130,,,,,
22990,12/05/25 19:15:00,22.154,,,,,
22991,12/05/25 19:30:00,22.154,,,,,
22992,12/05/25 19:45:00,22.130,,,,,
22993,12/05/25 20:00:00,22.106,,,,,
22994,12/05/25 20:15:00,22.106,,,,,
22995,12/05/25 20:30:00,22.082,,,,,
22996,12/05/25 20:45:00,22.058,,,,,
22997,12/05/25 21:00:00,22.058,,,,,
22998,12/05/25 21:15:00,22.034,,,,,
22999,12/05/25 21:30:00,22.011,,,,,
23000,12/05/25 21:45:00,21.987,,,,,
23001,12/05/25 22:00:00,21.963,,,,,
23002,12/05/25 22:15:00,22.106,,,,,
23003,12/05/25 22:30:00,22.274,,,,,
23004,12/05/25 22:45:00,22.417,,,,,
23005,12/05/25 23:00:00,22.513,,,,,
23006,12/05/25 23:15:00,22.609,,,,,
23007,12/05/25 23:30:00,22.681,,,,,
23008,12/05/25 23:45:00,22.753,,,,,
23009,12/06/25 00:00:00,22.800,,,,,
23010,12/06/25 00:15:00,22.872,,,,,
23011,12/06/25 00:30:00,22.920,,,,,
23012,12/06/25 00:45:00,22.968,,,,,
23013,12/06/25 01:00:00,23.016,,,,,
23014,12/06/25 01:15:00,23.064,,,,,
23015,12/06/25 01:30:00,23.112,,,,,
23016,12/06/25 01:45:00,23.160,,,,,
23017,12/06/25 02:00:00,23.208,,,,,
23018,12/06/25 02:15:00,23.256,,,,,
23019,12/06/25 02:30:00,23.304,,,,,
23020,12/06/25 02:45:00,23.328,,,,,
23021,12/06/25 03:00:00,23.376,,,,,
23022,12/06/25 03:15:00,23.400,,,,,
23023,12/06/25 03:30:00,23.448,,,,,
23024,12/06/25 03:45:00,23.472,,,,,
23025,12/06/25 04:00:00,23.497,,,,,
23026,12/06/25 04:15:00,23.521,,,,,
23027,12/06/25 04:30:00,23.569,,,,,
23028,12/06/25 04:45:00,23.593,,,,,
23029,12/06/25 05:00:00,23.617,,,,,
23030,12/06/25 05:15:00,23.641,,,,,
23031,12/06/25 05:30:00,23.641,,,,,
23032,12/06/25 05:45:00,23.617,,,,,
23033,12/06/25 06:00:00,23.593,,,,,
23034,12/06/25 06:15:00,23.208,,,,,
23035,12/06/25 06:30:00,22.633,,,,,
23036,12/06/25 06:45:00,22.393,,,,,
23037,12/06/25 07:00:00,22.274,,,,,
23038,12/06/25 07:15:00,22.178,,,,,
23039,12/06/25 07:30:00,22.106,,,,,
23040,12/06/25 07:45:00,22.154,,,,,
23041,12/06/25 08:00:00,22.369,,,,,
23042,12/06/25 08:15:00,22.465,,,,,
23043,12/06/25 08:30:00,22.441,,,,,
23044,12/06/25 08:45:00,22.393,,,,,
23045,12/06/25 09:00:00,22.321,,,,,
23046,12/06/25 09:15:00,22.489,,,,,
23047,12/06/25 09:30:00,22.705,,,,,
23048,12/06/25 09:45:00,22.729,,,,,
23049,12/06/25 10:00:00,22.537,,,,,
23050,12/06/25 10:15:00,22.489,,,,,
23051,12/06/25 10:30:00,22.705,,,,,
23052,12/06/25 10:45:00,22.729,,,,,
23053,12/06/25 11:00:00,22.537,,,,,
23054,12/06/25 11:15:00,22.369,,,,,
23055,12/06/25 11:30:00,22.250,,,,,
23056,12/06/25 11:45:00,22.417,,,,,
23057,12/06/25 12:00:00,22.609,,,,,
23058,12/06/25 12:15:00,22.513,,,,,
23059,12/06/25 12:30:00,22.345,,,,,
23060,12/06/25 12:45:00,22.250,,,,,
23061,12/06/25 13:00:00,22.154,,,,,
23062,12/06/25 13:15:00,22.226,,,,,
23063,12/06/25 13:30:00,22.465,,,,,
23064,12/06/25 13:45:00,22.537,,,,,
23065,12/06/25 14:00:00,22.441,,,,,
23066,12/06/25 14:15:00,22.321,,,,,
23067,12/06/25 14:30:00,22.250,,,,,
23068,12/06/25 14:45:00,22.178,,,,,
23069,12/06/25 15:00:00,22.274,,,,,
23070,12/06/25 15:15:00,22.489,,,,,
23071,12/06/25 15:30:00,22.441,,,,,
23072,12/06/25 15:45:00,22.298,,,,,
23073,12/06/25 16:00:00,22.178,,,,,
23074,12/06/25 16:15:00,22.106,,,,,
23075,12/06/25 16:30:00,22.058,,,,,
23076,12/06/25 16:45:00,22.011,,,,,
23077,12/06/25 17:00:00,22.011,,,,,
23078,12/06/25 17:15:00,22.274,,,,,
23079,12/06/25 17:30:00,22.369,,,,,
23080,12/06/25 17:45:00,22.298,,,,,
23081,12/06/25 18:00:00,22.178,,,,,
23082,12/06/25 18:15:00,22.082,,,,,
23083,12/06/25 18:30:00,22.011,,,,,
23084,12/06/25 18:45:00,21.939,,,,,
23085,12/06/25 19:00:00,22.130,,,,,
23086,12/06/25 19:15:00,22.321,,,,,
23087,12/06/25 19:30:00,22.226,,,,,
23088,12/06/25 19:45:00,22.034,,,,,
23089,12/06/25 20:00:00,22.058,,,,,
23090,12/06/25 20:15:00,22.250,,,,,
23091,12/06/25 20:30:00,22.274,,,,,
23092,12/06/25 20:45:00,22.082,,,,,
23093,12/06/25 21:00:00,22.034,,,,,
23094,12/06/25 21:15:00,22.226,,,,,
23095,12/06/25 21:30:00,22.321,,,,,
23096,12/06/25 21:45:00,22.106,,,,,
23097,12/06/25 22:00:00,22.034,,,,,
23098,12/06/25 22:15:00,22.226,,,,,
23099,12/06/25 22:30:00,22.393,,,,,
23100,12/06/25 22:45:00,22.513,,,,,
23101,12/06/25 23:00:00,22.633,,,,,
23102,12/06/25 23:15:00,22.705,,,,,
23103,12/06/25 23:30:00,22.776,,,,,
23104,12/06/25 23:45:00,22.824,,,,,
23105,12/07/25 00:00:00,22.896,,,,,
23106,12/07/25 00:15:00,22.944,,,,,
23107,12/07/25 00:30:00,23.016,,,,,
23108,12/07/25 00:45:00,23.064,,,,,
23109,12/07/25 01:00:00,23.112,,,,,
23110,12/07/25 01:15:00,23.160,,,,,
23111,12/07/25 01:30:00,23.208,,,,,
23112,12/07/25 01:45:00,23.256,,,,,
23113,12/07/25 02:00:00,23.304,,,,,
23114,12/07/25 02:15:00,23.352,,,,,
23115,12/07/25 02:30:00,23.376,,,,,
23116,12/07/25 02:45:00,23.424,,,,,
23117,12/07/25 03:00:00,23.448,,,,,
23118,12/07/25 03:15:00,23.497,,,,,
23119,12/07/25 03:30:00,23.521,,,,,
23120,12/07/25 03:45:00,23.545,,,,,
23121,12/07/25 04:00:00,23.593,,,,,
23122,12/07/25 04:15:00,23.617,,,,,
23123,12/07/25 04:30:00,23.641,,,,,
23124,12/07/25 04:45:00,23.665,,,,,
23125,12/07/25 05:00:00,23.689,,,,,
23126,12/07/25 05:15:00,23.713,,,,,
23127,12/07/25 05:30:00,23.689,,,,,
23128,12/07/25 05:45:00,23.689,,,,,
23129,12/07/25 06:00:00,23.665,,,,,
23130,12/07/25 06:15:00,23.256,,,,,
23131,12/07/25 06:30:00,22.681,,,,,
23132,12/07/25 06:45:00,22.417,,,,,
23133,12/07/25 07:00:00,22.298,,,,,
23134,12/07/25 07:15:00,22.202,,,,,
23135,12/07/25 07:30:00,22.130,,,,,
23136,12/07/25 07:45:00,22.106,,,,,
23137,12/07/25 08:00:00,22.154,,,,,
23138,12/07/25 08:15:00,22.465,,,,,
23139,12/07/25 08:30:00,22.657,,,,,
23140,12/07/25 08:45:00,22.633,,,,,
23141,12/07/25 09:00:00,22.585,,,,,
23142,12/07/25 09:15:00,22.561,,,,,
23143,12/07/25 09:30:00,22.513,,,,,
23144,12/07/25 09:45:00,22.465,,,,,
23145,12/07/25 10:00:00,22.441,,,,,
23146,12/07/25 10:15:00,22.417,,,,,
23147,12/07/25 10:30:00,22.681,,,,,
23148,12/07/25 10:45:00,22.800,,,,,
23149,12/07/25 11:00:00,22.657,,,,,
23150,12/07/25 11:15:00,22.537,,,,,
23151,12/07/25 11:30:00,22.489,,,,,
23152,12/07/25 11:45:00,22.393,,,,,
23153,12/07/25 12:00:00,22.321,,,,,
23154,12/07/25 12:15:00,22.274,,,,,
23155,12/07/25 12:30:00,22.250,,,,,
23156,12/07/25 12:45:00,22.226,,,,,
23157,12/07/25 13:00:00,22.202,,,,,
23158,12/07/25 13:15:00,22.202,,,,,
23159,12/07/25 13:30:00,22.178,,,,,
23160,12/07/25 13:45:00,22.154,,,,,
23161,12/07/25 14:00:00,22.154,,,,,
23162,12/07/25 14:15:00,22.154,,,,,
23163,12/07/25 14:30:00,22.130,,,,,
23164,12/07/25 14:45:00,22.106,,,,,
23165,12/07/25 15:00:00,22.058,,,,,
23166,12/07/25 15:15:00,22.034,,,,,
23167,12/07/25 15:30:00,21.987,,,,,
23168,12/07/25 15:45:00,21.963,,,,,
23169,12/07/25 16:00:00,21.939,,,,,
23170,12/07/25 16:15:00,21.891,,,,,
23171,12/07/25 16:30:00,21.843,,,,,
23172,12/07/25 16:45:00,21.843,,,,,
23173,12/07/25 17:00:00,21.843,,,,,
23174,12/07/25 17:15:00,21.819,,,,,
23175,12/07/25 17:30:00,21.819,,,,,
23176,12/07/25 17:45:00,21.795,,,,,
23177,12/07/25 18:00:00,21.772,,,,,
23178,12/07/25 18:15:00,21.963,,,,,
23179,12/07/25 18:30:00,22.106,,,,,
23180,12/07/25 18:45:00,22.106,,,,,
23181,12/07/25 19:00:00,22.082,,,,,
23182,12/07/25 19:15:00,22.034,,,,,
23183,12/07/25 19:30:00,21.987,,,,,
23184,12/07/25 19:45:00,22.034,,,,,
23185,12/07/25 20:00:00,22.226,,,,,
23186,12/07/25 20:15:00,22.321,,,,,
23187,12/07/25 20:30:00,22.106,,,,,
23188,12/07/25 20:45:00,22.034,,,,,
23189,12/07/25 21:00:00,22.226,,,,,
23190,12/07/25 21:15:00,22.226,,,,,
23191,12/07/25 21:30:00,22.154,,,,,
23192,12/07/25 21:45:00,22.082,,,,,
23193,12/07/25 22:00:00,22.202,,,,,
23194,12/07/25 22:15:00,22.369,,,,,
23195,12/07/25 22:30:00,22.489,,,,,
23196,12/07/25 22:45:00,22.585,,,,,
23197,12/07/25 23:00:00,22.681,,,,,
23198,12/07/25 23:15:00,22.753,,,,,
23199,12/07/25 23:30:00,22.824,,,,,
23200,12/07/25 23:45:00,22.872,,,,,
23201,12/08/25 00:00:00,22.920,,,,,
23202,12/08/25 00:15:00,22.968,,,,,
23203,12/08/25 00:30:00,23.016,,,,,
23204,12/08/25 00:45:00,23.064,,,,,
23205,12/08/25 01:00:00,23.112,,,,,
23206,12/08/25 01:15:00,23.160,,,,,
23207,12/08/25 01:30:00,23.208,,,,,
23208,12/08/25 01:45:00,23.256,,,,,
23209,12/08/25 02:00:00,23.304,,,,,
23210,12/08/25 02:15:00,23.352,,,,,
23211,12/08/25 02:30:00,23.400,,,,,
23212,12/08/25 02:45:00,23.448,,,,,
23213,12/08/25 03:00:00,23.472,,,,,
23214,12/08/25 03:15:00,23.521,,,,,
23215,12/08/25 03:30:00,23.545,,,,,
23216,12/08/25 03:45:00,23.593,,,,,
23217,12/08/25 04:00:00,23.617,,,,,
23218,12/08/25 04:15:00,23.665,,,,,
23219,12/08/25 04:30:00,23.689,,,,,
23220,12/08/25 04:45:00,23.737,,,,,
23221,12/08/25 05:00:00,23.761,,,,,
23222,12/08/25 05:15:00,23.761,,,,,
23223,12/08/25 05:30:00,23.761,,,,,
23224,12/08/25 05:45:00,23.737,,,,,
23225,12/08/25 06:00:00,23.689,,,,,
23226,12/08/25 06:15:00,23.328,,,,,
23227,12/08/25 06:30:00,22.729,,,,,
23228,12/08/25 06:45:00,22.321,,,,,
23229,12/08/25 07:00:00,22.178,,,,,
23230,12/08/25 07:15:00,22.130,,,,,
23231,12/08/25 07:30:00,22.106,,,,,
23232,12/08/25 07:45:00,22.154,,,,,
23233,12/08/25 08:00:00,22.202,,,,,
23234,12/08/25 08:15:00,22.250,,,,,
23235,12/08/25 08:30:00,22.250,,,,,
23236,12/08/25 08:45:00,22.298,,,,,
23237,12/08/25 09:00:00,22.298,,,,,
23238,12/08/25 09:15:00,22.298,,,,,
23239,12/08/25 09:30:00,22.321,,,,,
23240,12/08/25 09:45:00,22.393,,,,,
23241,12/08/25 10:00:00,22.513,,,,,
23242,12/08/25 10:15:00,22.609,,,,,
23243,12/08/25 10:30:00,22.681,,,,,
23244,12/08/25 10:45:00,22.729,,,,,
23245,12/08/25 11:00:00,22.776,,,,,
23246,12/08/25 11:15:00,22.848,,,,,
23247,12/08/25 11:30:00,22.848,,,,,
23248,12/08/25 11:45:00,22.729,,,,,
23249,12/08/25 12:00:00,22.609,,,,,
23250,12/08/25 12:15:00,22.489,,,,,
23251,12/08/25 12:30:00,22.417,,,,,
23252,12/08/25 12:45:00,22.417,,,,,
23253,12/08/25 13:00:00,22.417,,,,,
23254,12/08/25 13:15:00,22.417,,,,,
23255,12/08/25 13:30:00,22.417,,,,,
23256,12/08/25 13:45:00,22.417,,,,,
23257,12/08/25 14:00:00,22.417,,,,,
23258,12/08/25 14:15:00,22.417,,,,,
23259,12/08/25 14:30:00,22.441,,,,,
23260,12/08/25 14:45:00,22.441,,,,,
23261,12/08/25 15:00:00,22.441,,,,,
23262,12/08/25 15:15:00,22.417,,,,,
23263,12/08/25 15:30:00,22.417,,,,,
23264,12/08/25 15:45:00,22.393,,,,,
23265,12/08/25 16:00:00,22.345,,,,,
23266,12/08/25 16:15:00,22.345,,,,,
23267,12/08/25 16:30:00,22.345,,,,,
23268,12/08/25 16:45:00,22.345,,,,,
23269,12/08/25 17:00:00,22.274,,,,,
23270,12/08/25 17:15:00,22.154,,,,,
23271,12/08/25 17:30:00,22.226,,,,,
23272,12/08/25 17:45:00,22.298,,,,,
23273,12/08/25 18:00:00,22.345,,,,,
23274,12/08/25 18:15:00,22.393,,,,,
23275,12/08/25 18:30:00,22.393,,,,,
23276,12/08/25 18:45:00,22.393,,,,,
23277,12/08/25 19:00:00,22.393,,,,,
23278,12/08/25 19:15:00,22.345,,,,,
23279,12/08/25 19:30:00,22.250,,,,,
23280,12/08/25 19:45:00,22.202,,,,,
23281,12/08/25 20:00:00,22.130,,,,,
23282,12/08/25 20:15:00,22.082,,,,,
23283,12/08/25 20:30:00,22.034,,,,,
23284,12/08/25 20:45:00,22.011,,,,,
23285,12/08/25 21:00:00,21.987,,,,,
23286,12/08/25 21:15:00,21.963,,,,,
23287,12/08/25 21:30:00,21.939,,,,,
23288,12/08/25 21:45:00,21.939,,,,,
23289,12/08/25 22:00:00,22.058,,,,,
23290,12/08/25 22:15:00,22.202,,,,,
23291,12/08/25 22:30:00,22.345,,,,,
23292,12/08/25 22:45:00,22.465,,,,,
23293,12/08/25 23:00:00,22.561,,,,,
23294,12/08/25 23:15:00,22.633,,,,,
23295,12/08/25 23:30:00,22.705,,,,,
23296,12/08/25 23:45:00,22.776,,,,,
23297,12/09/25 00:00:00,22.848,,,,,
23298,12/09/25 00:15:00,22.896,,,,,
23299,12/09/25 00:30:00,22.968,,,,,
23300,12/09/25 00:45:00,23.040,,,,,
23301,12/09/25 01:00:00,23.088,,,,,
23302,12/09/25 01:15:00,23.160,,,,,
23303,12/09/25 01:30:00,23.208,,,,,
23304,12/09/25 01:45:00,23.256,,,,,
23305,12/09/25 02:00:00,23.304,,,,,
23306,12/09/25 02:15:00,23.376,,,,,
23307,12/09/25 02:30:00,23.400,,,,,
23308,12/09/25 02:45:00,23.448,,,,,
23309,12/09/25 03:00:00,23.497,,,,,
23310,12/09/25 03:15:00,23.521,,,,,
23311,12/09/25 03:30:00,23.569,,,,,
23312,12/09/25 03:45:00,23.593,,,,,
23313,12/09/25 04:00:00,23.641,,,,,
23314,12/09/25 04:15:00,23.665,,,,,
23315,12/09/25 04:30:00,23.689,,,,,
23316,12/09/25 04:45:00,23.713,,,,,
23317,12/09/25 05:00:00,23.761,,,,,
23318,12/09/25 05:15:00,23.761,,,,,
23319,12/09/25 05:30:00,23.737,,,,,
23320,12/09/25 05:45:00,23.689,,,,,
23321,12/09/25 06:00:00,23.665,,,,,
23322,12/09/25 06:15:00,23.328,,,,,
23323,12/09/25 06:30:00,22.800,,,,,
23324,12/09/25 06:45:00,22.441,,,,,
23325,12/09/25 07:00:00,22.321,,,,,
23326,12/09/25 07:15:00,22.226,,,,,
23327,12/09/25 07:30:00,22.178,,,,,
23328,12/09/25 07:45:00,22.130,,,,,
23329,12/09/25 08:00:00,22.082,,,,,
23330,12/09/25 08:15:00,22.058,,,,,
23331,12/09/25 08:30:00,22.034,,,,,
23332,12/09/25 08:45:00,22.202,,,,,
23333,12/09/25 09:00:00,22.321,,,,,
23334,12/09/25 09:15:00,22.274,,,,,
23335,12/09/25 09:30:00,22.178,,,,,
23336,12/09/25 09:45:00,22.274,,,,,
23337,12/09/25 10:00:00,22.345,,,,,
23338,12/09/25 10:15:00,22.178,,,,,
23339,12/09/25 10:30:00,22.106,,,,,
23340,12/09/25 10:45:00,22.082,,,,,
23341,12/09/25 11:00:00,22.058,,,,,
23342,12/09/25 11:15:00,22.058,,,,,
23343,12/09/25 11:30:00,22.058,,,,,
23344,12/09/25 11:45:00,22.058,,,,,
23345,12/09/25 12:00:00,22.130,,,,,
23346,12/09/25 12:15:00,22.393,,,,,
23347,12/09/25 12:30:00,22.465,,,,,
23348,12/09/25 12:45:00,22.345,,,,,
23349,12/09/25 13:00:00,22.274,,,,,
23350,12/09/25 13:15:00,22.226,,,,,
23351,12/09/25 13:30:00,22.178,,,,,
23352,12/09/25 13:45:00,22.154,,,,,
23353,12/09/25 14:00:00,22.202,,,,,
23354,12/09/25 14:15:00,22.298,,,,,
23355,12/09/25 14:30:00,22.393,,,,,
23356,12/09/25 14:45:00,22.369,,,,,
23357,12/09/25 15:00:00,22.226,,,,,
23358,12/09/25 15:15:00,22.106,,,,,
23359,12/09/25 15:30:00,22.011,,,,,
23360,12/09/25 15:45:00,21.987,,,,,
23361,12/09/25 16:00:00,21.987,,,,,
23362,12/09/25 16:15:00,21.963,,,,,
23363,12/09/25 16:30:00,21.963,,,,,
23364,12/09/25 16:45:00,21.963,,,,,
23365,12/09/25 17:00:00,22.058,,,,,
23366,12/09/25 17:15:00,22.202,,,,,
23367,12/09/25 17:30:00,22.226,,,,,
23368,12/09/25 17:45:00,22.106,,,,,
23369,12/09/25 18:00:00,22.106,,,,,
23370,12/09/25 18:15:00,22.130,,,,,
23371,12/09/25 18:30:00,22.130,,,,,
23372,12/09/25 18:45:00,22.130,,,,,
23373,12/09/25 19:00:00,22.106,,,,,
23374,12/09/25 19:15:00,22.178,,,,,
23375,12/09/25 19:30:00,22.298,,,,,
23376,12/09/25 19:45:00,22.226,,,,,
23377,12/09/25 20:00:00,22.011,,,,,
23378,12/09/25 20:15:00,21.915,,,,,
23379,12/09/25 20:30:00,22.058,,,,,
23380,12/09/25 20:45:00,22.154,,,,,
23381,12/09/25 21:00:00,22.106,,,,,
23382,12/09/25 21:15:00,22.082,,,,,
23383,12/09/25 21:30:00,22.202,,,,,
23384,12/09/25 21:45:00,22.298,,,,,
23385,12/09/25 22:00:00,22.106,,,,,
23386,12/09/25 22:15:00,22.154,,,,,
23387,12/09/25 22:30:00,22.298,,,,,
23388,12/09/25 22:45:00,22.393,,,,,
23389,12/09/25 23:00:00,22.465,,,,,
23390,12/09/25 23:15:00,22.537,,,,,
23391,12/09/25 23:30:00,22.585,,,,,
23392,12/09/25 23:45:00,22.633,,,,,
23393,12/10/25 00:00:00,22.681,,,,,
23394,12/10/25 00:15:00,22.729,,,,,
23395,12/10/25 00:30:00,22.800,,,,,
23396,12/10/25 00:45:00,22.848,,,,,
23397,12/10/25 01:00:00,22.920,,,,,
23398,12/10/25 01:15:00,22.968,,,,,
23399,12/10/25 01:30:00,23.016,,,,,
23400,12/10/25 01:45:00,23.064,,,,,
23401,12/10/25 02:00:00,23.112,,,,,
23402,12/10/25 02:15:00,23.160,,,,,
23403,12/10/25 02:30:00,23.208,,,,,
23404,12/10/25 02:45:00,23.232,,,,,
23405,12/10/25 03:00:00,23.280,,,,,
23406,12/10/25 03:15:00,23.304,,,,,
23407,12/10/25 03:30:00,23.352,,,,,
23408,12/10/25 03:45:00,23.376,,,,,
23409,12/10/25 04:00:00,23.400,,,,,
23410,12/10/25 04:15:00,23.448,,,,,
23411,12/10/25 04:30:00,23.472,,,,,
23412,12/10/25 04:45:00,23.497,,,,,
23413,12/10/25 05:00:00,23.521,,,,,
23414,12/10/25 05:15:00,23.569,,,,,
23415,12/10/25 05:30:00,23.569,,,,,
23416,12/10/25 05:45:00,23.521,,,,,
23417,12/10/25 06:00:00,23.497,,,,,
23418,12/10/25 06:15:00,23.136,,,,,
23419,12/10/25 06:30:00,22.657,,,,,
23420,12/10/25 06:45:00,22.489,,,,,
23421,12/10/25 07:00:00,22.345,,,,,
23422,12/10/25 07:15:00,22.369,,,,,
23423,12/10/25 07:30:00,22.489,,,,,
23424,12/10/25 07:45:00,22.417,,,,,
23425,12/10/25 08:00:00,22.441,,,,,
23426,12/10/25 08:15:00,22.585,,,,,
23427,12/10/25 08:30:00,22.441,,,,,
23428,12/10/25 08:45:00,22.298,,,,,
23429,12/10/25 09:00:00,22.226,,,,,
23430,12/10/25 09:15:00,22.274,,,,,
23431,12/10/25 09:30:00,22.489,,,,,
23432,12/10/25 09:45:00,22.513,,,,,
23433,12/10/25 10:00:00,22.465,,,,,
23434,12/10/25 10:15:00,22.393,,,,,
23435,12/10/25 10:30:00,22.489,,,,,
23436,12/10/25 10:45:00,22.537,,,,,
23437,12/10/25 11:00:00,22.417,,,,,
23438,12/10/25 11:15:00,22.298,,,,,
23439,12/10/25 11:30:00,22.202,,,,,
23440,12/10/25 11:45:00,22.130,,,,,
23441,12/10/25 12:00:00,22.082,,,,,
23442,12/10/25 12:15:00,22.058,,,,,
23443,12/10/25 12:30:00,22.034,,,,,
23444,12/10/25 12:45:00,22.011,,,,,
23445,12/10/25 13:00:00,21.939,,,,,
23446,12/10/25 13:15:00,21.915,,,,,
23447,12/10/25 13:30:00,21.915,,,,,
23448,12/10/25 13:45:00,21.891,,,,,
23449,12/10/25 14:00:00,21.867,,,,,
23450,12/10/25 14:15:00,21.915,,,,,
23451,12/10/25 14:30:00,21.987,,,,,
23452,12/10/25 14:45:00,22.082,,,,,
23453,12/10/25 15:00:00,22.154,,,,,
23454,12/10/25 15:15:00,22.202,,,,,
23455,12/10/25 15:30:00,22.226,,,,,
23456,12/10/25 15:45:00,22.226,,,,,
23457,12/10/25 16:00:00,22.202,,,,,
23458,12/10/25 16:15:00,22.011,,,,,
23459,12/10/25 16:30:00,21.843,,,,,
23460,12/10/25 16:45:00,21.915,,,,,
23461,12/10/25 17:00:00,22.011,,,,,
23462,12/10/25 17:15:00,22.034,,,,,
23463,12/10/25 17:30:00,21.939,,,,,
23464,12/10/25 17:45:00,21.843,,,,,
23465,12/10/25 18:00:00,21.891,,,,,
23466,12/10/25 18:15:00,22.082,,,,,
23467,12/10/25 18:30:00,22.178,,,,,
23468,12/10/25 18:45:00,22.130,,,,,
23469,12/10/25 19:00:00,22.058,,,,,
23470,12/10/25 19:15:00,22.178,,,,,
23471,12/10/25 19:30:00,22.321,,,,,
23472,12/10/25 19:45:00,22.369,,,,,
23473,12/10/25 20:00:00,22.154,,,,,
23474,12/10/25 20:15:00,22.130,,,,,
23475,12/10/25 20:30:00,22.274,,,,,
23476,12/10/25 20:45:00,22.393,,,,,
23477,12/10/25 21:00:00,22.489,,,,,
23478,12/10/25 21:15:00,22.298,,,,,
23479,12/10/25 21:30:00,22.154,,,,,
23480,12/10/25 21:45:00,22.298,,,,,
23481,12/10/25 22:00:00,22.393,,,,,
23482,12/10/25 22:15:00,22.513,,,,,
23483,12/10/25 22:30:00,22.609,,,,,
23484,12/10/25 22:45:00,22.681,,,,,
23485,12/10/25 23:00:00,22.753,,,,,
23486,12/10/25 23:15:00,22.800,,,,,
23487,12/10/25 23:30:00,22.848,,,,,
23488,12/10/25 23:45:00,22.896,,,,,
23489,12/11/25 00:00:00,22.920,,,,,
23490,12/11/25 00:15:00,22.968,,,,,
23491,12/11/25 00:30:00,22.992,,,,,
23492,12/11/25 00:45:00,23.040,,,,,
23493,12/11/25 01:00:00,23.088,,,,,
23494,12/11/25 01:15:00,23.112,,,,,
23495,12/11/25 01:30:00,23.160,,,,,
23496,12/11/25 01:45:00,23.208,,,,,
23497,12/11/25 02:00:00,23.232,,,,,
23498,12/11/25 02:15:00,23.280,,,,,
23499,12/11/25 02:30:00,23.304,,,,,
23500,12/11/25 02:45:00,23.352,,,,,
23501,12/11/25 03:00:00,23.376,,,,,
23502,12/11/25 03:15:00,23.400,,,,,
23503,12/11/25 03:30:00,23.424,,,,,
23504,12/11/25 03:45:00,23.472,,,,,
23505,12/11/25 04:00:00,23.497,,,,,
23506,12/11/25 04:15:00,23.521,,,,,
23507,12/11/25 04:30:00,23.545,,,,,
23508,12/11/25 04:45:00,23.545,,,,,
23509,12/11/25 05:00:00,23.569,,,,,
23510,12/11/25 05:15:00,23.593,,,,,
23511,12/11/25 05:30:00,23.593,,,,,
23512,12/11/25 05:45:00,23.569,,,,,
23513,12/11/25 06:00:00,23.521,,,,,
23514,12/11/25 06:15:00,23.112,,,,,
23515,12/11/25 06:30:00,22.729,,,,,
23516,12/11/25 06:45:00,22.537,,,,,
23517,12/11/25 07:00:00,22.681,,,,,
23518,12/11/25 07:15:00,22.800,,,,,
23519,12/11/25 07:30:00,22.705,,,,,
23520,12/11/25 07:45:00,22.465,,,,,
23521,12/11/25 08:00:00,22.417,,,,,
23522,12/11/25 08:15:00,22.657,,,,,
23523,12/11/25 08:30:00,22.753,,,,,
23524,12/11/25 08:45:00,22.561,,,,,
23525,12/11/25 09:00:00,22.441,,,,,
23526,12/11/25 09:15:00,22.369,,,,,
23527,12/11/25 09:30:00,22.298,,,,,
23528,12/11/25 09:45:00,22.274,,,,,
23529,12/11/25 10:00:00,22.250,,,,,
23530,12/11/25 10:15:00,22.250,,,,,
23531,12/11/25 10:30:00,22.513,,,,,
23532,12/11/25 10:45:00,22.537,,,,,
23533,12/11/25 11:00:00,22.633,,,,,
23534,12/11/25 11:15:00,22.609,,,,,
23535,12/11/25 11:30:00,22.489,,,,,
23536,12/11/25 11:45:00,22.513,,,,,
23537,12/11/25 12:00:00,22.513,,,,,
23538,12/11/25 12:15:00,22.513,,,,,
23539,12/11/25 12:30:00,22.489,,,,,
23540,12/11/25 12:45:00,22.441,,,,,
23541,12/11/25 13:00:00,22.393,,,,,
23542,12/11/25 13:15:00,22.202,,,,,
23543,12/11/25 13:30:00,22.226,,,,,
23544,12/11/25 13:45:00,22.202,,,,,
23545,12/11/25 14:00:00,22.178,,,,,
23546,12/11/25 14:15:00,22.178,,,,,
23547,12/11/25 14:30:00,22.178,,,,,
23548,12/11/25 14:45:00,22.178,,,,,
23549,12/11/25 15:00:00,22.202,,,,,
23550,12/11/25 15:15:00,22.202,,,,,
23551,12/11/25 15:30:00,21.939,,,,,
23552,12/11/25 15:45:00,21.724,,,,,
23553,12/11/25 16:00:00,21.652,,,,,
23554,12/11/25 16:15:00,21.795,,,,,
23555,12/11/25 16:30:00,21.891,,,,,
23556,12/11/25 16:45:00,21.939,,,,,
23557,12/11/25 17:00:00,21.891,,,,,
23558,12/11/25 17:15:00,21.652,,,,,
23559,12/11/25 17:30:00,21.676,,,,,
23560,12/11/25 17:45:00,21.724,,,,,
23561,12/11/25 18:00:00,21.724,,,,,
23562,12/11/25 18:15:00,21.748,,,,,
23563,12/11/25 18:30:00,21.772,,,,,
23564,12/11/25 18:45:00,21.795,,,,,
23565,12/11/25 19:00:00,21.795,,,,,
23566,12/11/25 19:15:00,21.772,,,,,
23567,12/11/25 19:30:00,21.772,,,,,
23568,12/11/25 19:45:00,21.748,,,,,
23569,12/11/25 20:00:00,21.748,,,,,
23570,12/11/25 20:15:00,21.724,,,,,
23571,12/11/25 20:30:00,21.724,,,,,
23572,12/11/25 20:45:00,21.915,,,,,
23573,12/11/25 21:00:00,21.963,,,,,
23574,12/11/25 21:15:00,21.819,,,,,
23575,12/11/25 21:30:00,21.676,,,,,
23576,12/11/25 21:45:00,21.604,,,,,
23577,12/11/25 22:00:00,21.628,,,,,
23578,12/11/25 22:15:00,21.843,,,,,
23579,12/11/25 22:30:00,21.987,,,,,
23580,12/11/25 22:45:00,22.106,,,,,
23581,12/11/25 23:00:00,22.178,,,,,
23582,12/11/25 23:15:00,22.250,,,,,
23583,12/11/25 23:30:00,22.298,,,,,
23584,12/11/25 23:45:00,22.369,,,,,
23585,12/12/25 00:00:00,22.417,,,,,
23586,12/12/25 00:15:00,22.441,,,,,
23587,12/12/25 00:30:00,22.513,,,,,
23588,12/12/25 00:45:00,22.561,,,,,
23589,12/12/25 01:00:00,22.633,,,,,
23590,12/12/25 01:15:00,22.681,,,,,
23591,12/12/25 01:30:00,22.729,,,,,
23592,12/12/25 01:45:00,22.800,,,,,
23593,12/12/25 02:00:00,22.848,,,,,
23594,12/12/25 02:15:00,22.896,,,,,
23595,12/12/25 02:30:00,22.944,,,,,
23596,12/12/25 02:45:00,22.992,,,,,
23597,12/12/25 03:00:00,23.040,,,,,
23598,12/12/25 03:15:00,23.088,,,,,
23599,12/12/25 03:30:00,23.136,,,,,
23600,12/12/25 03:45:00,23.184,,,,,
23601,12/12/25 04:00:00,23.208,,,,,
23602,12/12/25 04:15:00,23.256,,,,,
23603,12/12/25 04:30:00,23.280,,,,,
23604,12/12/25 04:45:00,23.328,,,,,
23605,12/12/25 05:00:00,23.376,,,,,
23606,12/12/25 05:15:00,23.400,,,,,
23607,12/12/25 05:30:00,23.376,,,,,
23608,12/12/25 05:45:00,23.352,,,,,
23609,12/12/25 06:00:00,23.328,,,,,
23610,12/12/25 06:15:00,23.040,,,,,
23611,12/12/25 06:30:00,22.513,,,,,
23612,12/12/25 06:45:00,22.226,,,,,
23613,12/12/25 07:00:00,22.202,,,,,
23614,12/12/25 07:15:00,22.178,,,,,
23615,12/12/25 07:30:00,22.130,,,,,
23616,12/12/25 07:45:00,22.106,,,,,
23617,12/12/25 08:00:00,22.106,,,,,
23618,12/12/25 08:15:00,22.130,,,,,
23619,12/12/25 08:30:00,22.154,,,,,
23620,12/12/25 08:45:00,22.154,,,,,
23621,12/12/25 09:00:00,22.154,,,,,
23622,12/12/25 09:15:00,22.106,,,,,
23623,12/12/25 09:30:00,22.058,,,,,
23624,12/12/25 09:45:00,22.034,,,,,
23625,12/12/25 10:00:00,22.011,,,,,
23626,12/12/25 10:15:00,22.034,,,,,
23627,12/12/25 10:30:00,22.058,,,,,
23628,12/12/25 10:45:00,22.082,,,,,
23629,12/12/25 11:00:00,22.082,,,,,
23630,12/12/25 11:15:00,22.106,,,,,
23631,12/12/25 11:30:00,22.130,,,,,
23632,12/12/25 11:45:00,22.130,,,,,
23633,12/12/25 12:00:00,22.130,,,,,
23634,12/12/25 12:15:00,22.130,,,,,
23635,12/12/25 12:30:00,21.963,,,,,
23636,12/12/25 12:45:00,21.676,,,,,
23637,12/12/25 13:00:00,21.819,,,,,
23638,12/12/25 13:15:00,21.915,,,,,
23639,12/12/25 13:30:00,22.609,,,,,
23640,12/12/25 13:45:00,22.681,,,,,
23641,12/12/25 14:00:00,22.633,,,,,
23642,12/12/25 14:15:00,22.489,,,,,
23643,12/12/25 14:30:00,22.298,,,,,
23644,12/12/25 14:45:00,22.585,,,,,
23645,12/12/25 15:00:00,22.705,,,,,
23646,12/12/25 15:15:00,22.417,,,,,
23647,12/12/25 15:30:00,22.321,,,,,
23648,12/12/25 15:45:00,22.609,,,,,
23649,12/12/25 16:00:00,22.681,,,,,
23650,12/12/25 16:15:00,22.417,,,,,
23651,12/12/25 16:30:00,22.441,,,,,
23652,12/12/25 16:45:00,22.633,,,,,
23653,12/12/25 17:00:00,22.609,,,,,
23654,12/12/25 17:15:00,22.561,,,,,
23655,12/12/25 17:30:00,22.705,,,,,
23656,12/12/25 17:45:00,22.824,,,,,
23657,12/12/25 18:00:00,22.896,,,,,
23658,12/12/25 18:15:00,22.776,,,,,
23659,12/12/25 18:30:00,22.681,,,,,
23660,12/12/25 18:45:00,22.585,,,,,
23661,12/12/25 19:00:00,22.513,,,,,
23662,12/12/25 19:15:00,22.417,,,,,
23663,12/12/25 19:30:00,22.369,,,,,
23664,12/12/25 19:45:00,22.345,,,,,
23665,12/12/25 20:00:00,22.298,,,,,
23666,12/12/25 20:15:00,22.298,,,,,
23667,12/12/25 20:30:00,22.226,,,,,
23668,12/12/25 20:45:00,22.202,,,,,
23669,12/12/25 21:00:00,22.202,,,,,
23670,12/12/25 21:15:00,22.202,,,,,
23671,12/12/25 21:30:00,22.441,,,,,
23672,12/12/25 21:45:00,22.729,,,,,
23673,12/12/25 22:00:00,22.585,,,,,
23674,12/12/25 22:15:00,22.824,,,,,
23675,12/12/25 22:30:00,23.040,,,,,
23676,12/12/25 22:45:00,23.184,,,,,
23677,12/12/25 23:00:00,23.280,,,,,
23678,12/12/25 23:15:00,23.352,,,,,
23679,12/12/25 23:30:00,23.424,,,,,
23680,12/12/25 23:45:00,23.497,,,,,
23681,12/13/25 00:00:00,23.545,,,,,
23682,12/13/25 00:15:00,23.569,,,,,
23683,12/13/25 00:30:00,23.641,,,,,
23684,12/13/25 00:45:00,23.689,,,,,
23685,12/13/25 01:00:00,23.737,,,,,
23686,12/13/25 01:15:00,23.809,,,,,
23687,12/13/25 01:30:00,23.881,,,,,
23688,12/13/25 01:45:00,23.954,,,,,
23689,12/13/25 02:00:00,23.978,,,,,
23690,12/13/25 02:15:00,24.026,,,,,
23691,12/13/25 02:30:00,24.074,,,,,
23692,12/13/25 02:45:00,24.098,,,,,
23693,12/13/25 03:00:00,24.122,,,,,
23694,12/13/25 03:15:00,24.171,,,,,
23695,12/13/25 03:30:00,24.195,,,,,
23696,12/13/25 03:45:00,24.219,,,,,
23697,12/13/25 04:00:00,24.267,,,,,
23698,12/13/25 04:15:00,24.291,,,,,
23699,12/13/25 04:30:00,24.315,,,,,
23700,12/13/25 04:45:00,24.339,,,,,
23701,12/13/25 05:00:00,24.388,,,,,
23702,12/13/25 05:15:00,24.363,,,,,
23703,12/13/25 05:30:00,24.267,,,,,
23704,12/13/25 05:45:00,24.195,,,,,
23705,12/13/25 06:00:00,24.146,,,,,
23706,12/13/25 06:15:00,23.713,,,,,
23707,12/13/25 06:30:00,22.968,,,,,
23708,12/13/25 06:45:00,22.489,,,,,
23709,12/13/25 07:00:00,22.537,,,,,
23710,12/13/25 07:15:00,22.609,,,,,
23711,12/13/25 07:30:00,23.593,,,,,
23712,12/13/25 07:45:00,23.569,,,,,
23713,12/13/25 08:00:00,23.400,,,,,
23714,12/13/25 08:15:00,23.400,,,,,
23715,12/13/25 08:30:00,23.328,,,,,
23716,12/13/25 08:45:00,23.352,,,,,
23717,12/13/25 09:00:00,23.737,,,,,
23718,12/13/25 09:15:00,23.761,,,,,
23719,12/13/25 09:30:00,23.593,,,,,
23720,12/13/25 09:45:00,23.400,,,,,
23721,12/13/25 10:00:00,23.184,,,,,
23722,12/13/25 10:15:00,23.064,,,,,
23723,12/13/25 10:30:00,22.992,,,,,
23724,12/13/25 10:45:00,22.992,,,,,
23725,12/13/25 11:00:00,23.400,,,,,
23726,12/13/25 11:15:00,23.376,,,,,
23727,12/13/25 11:30:00,23.328,,,,,
23728,12/13/25 11:45:00,23.256,,,,,
23729,12/13/25 12:00:00,23.208,,,,,
23730,12/13/25 12:15:00,23.184,,,,,
23731,12/13/25 12:30:00,23.184,,,,,
23732,12/13/25 12:45:00,23.160,,,,,
23733,12/13/25 13:00:00,23.136,,,,,
23734,12/13/25 13:15:00,23.136,,,,,
23735,12/13/25 13:30:00,23.112,,,,,
23736,12/13/25 13:45:00,23.088,,,,,
23737,12/13/25 14:00:00,23.040,,,,,
23738,12/13/25 14:15:00,23.040,,,,,
23739,12/13/25 14:30:00,23.040,,,,,
23740,12/13/25 14:45:00,23.040,,,,,
23741,12/13/25 15:00:00,23.064,,,,,
23742,12/13/25 15:15:00,23.040,,,,,
23743,12/13/25 15:30:00,23.040,,,,,
23744,12/13/25 15:45:00,23.016,,,,,
23745,12/13/25 16:00:00,22.920,,,,,
23746,12/13/25 16:15:00,22.848,,,,,
23747,12/13/25 16:30:00,22.776,,,,,
23748,12/13/25 16:45:00,22.705,,,,,
23749,12/13/25 17:00:00,22.633,,,,,
23750,12/13/25 17:15:00,22.585,,,,,
23751,12/13/25 17:30:00,22.513,,,,,
23752,12/13/25 17:45:00,22.585,,,,,
23753,12/13/25 18:00:00,22.896,,,,,
23754,12/13/25 18:15:00,22.872,,,,,
23755,12/13/25 18:30:00,22.681,,,,,
23756,12/13/25 18:45:00,22.585,,,,,
23757,12/13/25 19:00:00,22.489,,,,,
23758,12/13/25 19:15:00,22.681,,,,,
23759,12/13/25 19:30:00,22.992,,,,,
23760,12/13/25 19:45:00,22.872,,,,,
23761,12/13/25 20:00:00,22.657,,,,,
23762,12/13/25 20:15:00,22.776,,,,,
23763,12/13/25 20:30:00,23.016,,,,,
23764,12/13/25 20:45:00,22.872,,,,,
23765,12/13/25 21:00:00,22.633,,,,,
23766,12/13/25 21:15:00,22.800,,,,,
23767,12/13/25 21:30:00,23.040,,,,,
23768,12/13/25 21:45:00,22.872,,,,,
23769,12/13/25 22:00:00,22.633,,,,,
23770,12/13/25 22:15:00,22.800,,,,,
23771,12/13/25 22:30:00,23.064,,,,,
23772,12/13/25 22:45:00,23.232,,,,,
23773,12/13/25 23:00:00,23.352,,,,,
23774,12/13/25 23:15:00,23.424,,,,,
23775,12/13/25 23:30:00,23.472,,,,,
23776,12/13/25 23:45:00,23.521,,,,,
23777,12/14/25 00:00:00,23.545,,,,,
23778,12/14/25 00:15:00,23.593,,,,,
23779,12/14/25 00:30:00,23.665,,,,,
23780,12/14/25 00:45:00,23.737,,,,,
23781,12/14/25 01:00:00,23.785,,,,,
23782,12/14/25 01:15:00,23.833,,,,,
23783,12/14/25 01:30:00,23.881,,,,,
23784,12/14/25 01:45:00,23.930,,,,,
23785,12/14/25 02:00:00,23.954,,,,,
23786,12/14/25 02:15:00,24.002,,,,,
23787,12/14/25 02:30:00,24.026,,,,,
23788,12/14/25 02:45:00,24.050,,,,,
23789,12/14/25 03:00:00,24.098,,,,,
23790,12/14/25 03:15:00,24.122,,,,,
23791,12/14/25 03:30:00,24.146,,,,,
23792,12/14/25 03:45:00,24.171,,,,,
23793,12/14/25 04:00:00,24.195,,,,,
23794,12/14/25 04:15:00,24.219,,,,,
23795,12/14/25 04:30:00,24.219,,,,,
23796,12/14/25 04:45:00,24.243,,,,,
23797,12/14/25 05:00:00,24.267,,,,,
23798,12/14/25 05:15:00,24.267,,,,,
23799,12/14/25 05:30:00,24.171,,,,,
23800,12/14/25 05:45:00,24.098,,,,,
23801,12/14/25 06:00:00,24.026,,,,,
23802,12/14/25 06:15:00,23.569,,,,,
23803,12/14/25 06:30:00,22.776,,,,,
23804,12/14/25 06:45:00,22.609,,,,,
23805,12/14/25 07:00:00,22.609,,,,,
23806,12/14/25 07:15:00,22.585,,,,,
23807,12/14/25 07:30:00,23.400,,,,,
23808,12/14/25 07:45:00,23.376,,,,,
23809,12/14/25 08:00:00,23.208,,,,,
23810,12/14/25 08:15:00,23.352,,,,,
23811,12/14/25 08:30:00,23.761,,,,,
23812,12/14/25 08:45:00,23.689,,,,,
23813,12/14/25 09:00:00,23.593,,,,,
23814,12/14/25 09:15:00,23.497,,,,,
23815,12/14/25 09:30:00,23.448,,,,,
23816,12/14/25 09:45:00,23.376,,,,,
23817,12/14/25 10:00:00,23.352,,,,,
23818,12/14/25 10:15:00,23.352,,,,,
23819,12/14/25 10:30:00,23.280,,,,,
23820,12/14/25 10:45:00,23.232,,,,,
23821,12/14/25 11:00:00,23.184,,,,,
23822,12/14/25 11:15:00,23.160,,,,,
23823,12/14/25 11:30:00,23.184,,,,,
23824,12/14/25 11:45:00,23.160,,,,,
23825,12/14/25 12:00:00,23.160,,,,,
23826,12/14/25 12:15:00,23.136,,,,,
23827,12/14/25 12:30:00,23.136,,,,,
23828,12/14/25 12:45:00,23.136,,,,,
23829,12/14/25 13:00:00,23.136,,,,,
23830,12/14/25 13:15:00,23.136,,,,,
23831,12/14/25 13:30:00,23.136,,,,,
23832,12/14/25 13:45:00,23.112,,,,,
23833,12/14/25 14:00:00,22.753,,,,,
23834,12/14/25 14:15:00,22.753,,,,,
23835,12/14/25 14:30:00,22.872,,,,,
23836,12/14/25 14:45:00,22.896,,,,,
23837,12/14/25 15:00:00,22.513,,,,,
23838,12/14/25 15:15:00,22.585,,,,,
23839,12/14/25 15:30:00,22.753,,,,,
23840,12/14/25 15:45:00,22.848,,,,,
23841,12/14/25 16:00:00,22.753,,,,,
23842,12/14/25 16:15:00,22.537,,,,,
23843,12/14/25 16:30:00,22.681,,,,,
23844,12/14/25 16:45:00,22.753,,,,,
23845,12/14/25 17:00:00,22.776,,,,,
23846,12/14/25 17:15:00,22.800,,,,,
23847,12/14/25 17:30:00,22.776,,,,,
23848,12/14/25 17:45:00,22.729,,,,,
23849,12/14/25 18:00:00,22.681,,,,,
23850,12/14/25 18:15:00,22.633,,,,,
23851,12/14/25 18:30:00,22.585,,,,,
23852,12/14/25 18:45:00,22.537,,,,,
23853,12/14/25 19:00:00,22.489,,,,,
23854,12/14/25 19:15:00,22.537,,,,,
23855,12/14/25 19:30:00,22.848,,,,,
23856,12/14/25 19:45:00,22.729,,,,,
23857,12/14/25 20:00:00,22.561,,,,,
23858,12/14/25 20:15:00,22.465,,,,,
23859,12/14/25 20:30:00,22.561,,,,,
23860,12/14/25 20:45:00,22.896,,,,,
23861,12/14/25 21:00:00,22.848,,,,,
23862,12/14/25 21:15:00,22.585,,,,,
23863,12/14/25 21:30:00,22.729,,,,,
23864,12/14/25 21:45:00,22.968,,,,,
23865,12/14/25 22:00:00,22.776,,,,,
23866,12/14/25 22:15:00,22.896,,,,,
23867,12/14/25 22:30:00,23.112,,,,,
23868,12/14/25 22:45:00,23.256,,,,,
23869,12/14/25 23:00:00,23.352,,,,,
23870,12/14/25 23:15:00,23.424,,,,,
23871,12/14/25 23:30:00,23.472,,,,,
23872,12/14/25 23:45:00,23.521,,,,,
23873,12/15/25 00:00:00,23.545,,,,,
23874,12/15/25 00:15:00,23.617,,,,,
23875,12/15/25 00:30:00,23.665,,,,,
23876,12/15/25 00:45:00,23.737,,,,,
23877,12/15/25 01:00:00,23.785,,,,,
23878,12/15/25 01:15:00,23.833,,,,,
23879,12/15/25 01:30:00,23.881,,,,,
23880,12/15/25 01:45:00,23.905,,,,,
23881,12/15/25 02:00:00,23.954,,,,,
23882,12/15/25 02:15:00,23.978,,,,,
23883,12/15/25 02:30:00,24.002,,,,,
23884,12/15/25 02:45:00,24.050,,,,,
23885,12/15/25 03:00:00,24.074,,,,,
23886,12/15/25 03:15:00,24.098,,,,,
23887,12/15/25 03:30:00,24.122,,,,,
23888,12/15/25 03:45:00,24.122,,,,,
23889,12/15/25 04:00:00,24.146,,,,,
23890,12/15/25 04:15:00,24.171,,,,,
23891,12/15/25 04:30:00,24.195,,,,,
23892,12/15/25 04:45:00,24.195,,,,,
23893,12/15/25 05:00:00,24.219,,,,,
23894,12/15/25 05:15:00,24.195,,,,,
23895,12/15/25 05:30:00,24.122,,,,,
23896,12/15/25 05:45:00,24.026,,,,,
23897,12/15/25 06:00:00,23.954,,,,,
23898,12/15/25 06:15:00,23.448,,,,,
23899,12/15/25 06:30:00,22.657,,,,,
23900,12/15/25 06:45:00,22.369,,,,,
23901,12/15/25 07:00:00,22.417,,,,,
23902,12/15/25 07:15:00,22.417,,,,,
23903,12/15/25 07:30:00,22.800,,,,,
23904,12/15/25 07:45:00,23.112,,,,,
23905,12/15/25 08:00:00,23.136,,,,,
23906,12/15/25 08:15:00,23.064,,,,,
23907,12/15/25 08:30:00,23.328,,,,,
23908,12/15/25 08:45:00,23.881,,,,,
23909,12/15/25 09:00:00,23.930,,,,,
23910,12/15/25 09:15:00,23.689,,,,,
23911,12/15/25 09:30:00,23.569,,,,,
23912,12/15/25 09:45:00,23.424,,,,,
23913,12/15/25 10:00:00,23.521,,,,,
23914,12/15/25 10:15:00,23.785,,,,,
23915,12/15/25 10:30:00,23.617,,,,,
23916,12/15/25 10:45:00,23.376,,,,,
23917,12/15/25 11:00:00,23.232,,,,,
23918,12/15/25 11:15:00,23.184,,,,,
23919,12/15/25 11:30:00,23.112,,,,,
23920,12/15/25 11:45:00,23.064,,,,,
23921,12/15/25 12:00:00,23.088,,,,,
23922,12/15/25 12:15:00,23.064,,,,,
23923,12/15/25 12:30:00,23.064,,,,,
23924,12/15/25 12:45:00,23.064,,,,,
23925,12/15/25 13:00:00,23.088,,,,,
23926,12/15/25 13:15:00,23.064,,,,,
23927,12/15/25 13:30:00,23.040,,,,,
23928,12/15/25 13:45:00,23.040,,,,,
23929,12/15/25 14:00:00,23.016,,,,,
23930,12/15/25 14:15:00,22.992,,,,,
23931,12/15/25 14:30:00,22.944,,,,,
23932,12/15/25 14:45:00,22.920,,,,,
23933,12/15/25 15:00:00,22.920,,,,,
23934,12/15/25 15:15:00,22.896,,,,,
23935,12/15/25 15:30:00,22.872,,,,,
23936,12/15/25 15:45:00,22.872,,,,,
23937,12/15/25 16:00:00,22.872,,,,,
23938,12/15/25 16:15:00,22.920,,,,,
23939,12/15/25 16:30:00,22.992,,,,,
23940,12/15/25 16:45:00,23.016,,,,,
23941,12/15/25 17:00:00,23.016,,,,,
23942,12/15/25 17:15:00,22.992,,,,,
23943,12/15/25 17:30:00,22.992,,,,,
23944,12/15/25 17:45:00,22.920,,,,,
23945,12/15/25 18:00:00,22.776,,,,,
23946,12/15/25 18:15:00,22.657,,,,,
23947,12/15/25 18:30:00,22.585,,,,,
23948,12/15/25 18:45:00,22.513,,,,,
23949,12/15/25 19:00:00,22.441,,,,,
23950,12/15/25 19:15:00,22.705,,,,,
23951,12/15/25 19:30:00,22.920,,,,,
23952,12/15/25 19:45:00,22.729,,,,,
23953,12/15/25 20:00:00,22.585,,,,,
23954,12/15/25 20:15:00,22.489,,,,,
23955,12/15/25 20:30:00,22.513,,,,,
23956,12/15/25 20:45:00,22.872,,,,,
23957,12/15/25 21:00:00,22.968,,,,,
23958,12/15/25 21:15:00,22.681,,,,,
23959,12/15/25 21:30:00,22.705,,,,,
23960,12/15/25 21:45:00,22.992,,,,,
23961,12/15/25 22:00:00,22.896,,,,,
23962,12/15/25 22:15:00,22.992,,,,,
23963,12/15/25 22:30:00,23.208,,,,,
23964,12/15/25 22:45:00,23.328,,,,,
23965,12/15/25 23:00:00,23.424,,,,,
23966,12/15/25 23:15:00,23.497,,,,,
23967,12/15/25 23:30:00,23.545,,,,,
23968,12/15/25 23:45:00,23.569,,,,,
23969,12/16/25 00:00:00,23.617,,,,,
23970,12/16/25 00:15:00,23.665,,,,,
23971,12/16/25 00:30:00,23.713,,,,,
23972,12/16/25 00:45:00,23.785,,,,,
23973,12/16/25 01:00:00,23.833,,,,,
23974,12/16/25 01:15:00,23.857,,,,,
23975,12/16/25 01:30:00,23.905,,,,,
23976,12/16/25 01:45:00,23.930,,,,,
23977,12/16/25 02:00:00,23.978,,,,,
23978,12/16/25 02:15:00,24.026,,,,,
23979,12/16/25 02:30:00,24.050,,,,,
23980,12/16/25 02:45:00,24.074,,,,,
23981,12/16/25 03:00:00,24.098,,,,,
23982,12/16/25 03:15:00,24.122,,,,,
23983,12/16/25 03:30:00,24.122,,,,,
23984,12/16/25 03:45:00,24.146,,,,,
23985,12/16/25 04:00:00,24.171,,,,,
23986,12/16/25 04:15:00,24.195,,,,,
23987,12/16/25 04:30:00,24.195,,,,,
23988,12/16/25 04:45:00,24.219,,,,,
23989,12/16/25 05:00:00,24.219,,,,,
23990,12/16/25 05:15:00,24.219,,,,,
23991,12/16/25 05:30:00,24.122,,,,,
23992,12/16/25 05:45:00,24.050,,,,,
23993,12/16/25 06:00:00,23.978,,,,,
23994,12/16/25 06:15:00,23.472,,,,,
23995,12/16/25 06:30:00,22.681,,,,,
23996,12/16/25 06:45:00,22.513,,,,,
23997,12/16/25 07:00:00,22.537,,,,,
23998,12/16/25 07:15:00,22.537,,,,,
23999,12/16/25 07:30:00,23.232,,,,,
24000,12/16/25 07:45:00,23.833,,,,,
24001,12/16/25 08:00:00,23.569,,,,,
24002,12/16/25 08:15:00,23.472,,,,,
24003,12/16/25 08:30:00,23.521,,,,,
24004,12/16/25 08:45:00,23.930,,,,,
24005,12/16/25 09:00:00,23.978,,,,,
24006,12/16/25 09:15:00,23.689,,,,,
24007,12/16/25 09:30:00,23.545,,,,,
24008,12/16/25 09:45:00,23.521,,,,,
24009,12/16/25 10:00:00,23.424,,,,,
24010,12/16/25 10:15:00,23.424,,,,,
24011,12/16/25 10:30:00,23.593,,,,,
24012,12/16/25 10:45:00,23.737,,,,,
24013,12/16/25 11:00:00,23.857,,,,,
24014,12/16/25 11:15:00,23.737,,,,,
24015,12/16/25 11:30:00,23.448,,,,,
24016,12/16/25 11:45:00,23.280,,,,,
24017,12/16/25 12:00:00,23.160,,,,,
24018,12/16/25 12:15:00,23.088,,,,,
24019,12/16/25 12:30:00,23.064,,,,,
24020,12/16/25 12:45:00,23.016,,,,,
24021,12/16/25 13:00:00,23.016,,,,,
24022,12/16/25 13:15:00,23.016,,,,,
24023,12/16/25 13:30:00,22.992,,,,,
24024,12/16/25 13:45:00,22.872,,,,,
24025,12/16/25 14:00:00,22.753,,,,,
24026,12/16/25 14:15:00,22.968,,,,,
24027,12/16/25 14:30:00,23.184,,,,,
24028,12/16/25 14:45:00,23.064,,,,,
24029,12/16/25 15:00:00,22.800,,,,,
24030,12/16/25 15:15:00,22.633,,,,,
24031,12/16/25 15:30:00,22.872,,,,,
24032,12/16/25 15:45:00,23.016,,,,,
24033,12/16/25 16:00:00,23.088,,,,,
24034,12/16/25 16:15:00,23.112,,,,,
24035,12/16/25 16:30:00,23.112,,,,,
24036,12/16/25 16:45:00,23.040,,,,,
24037,12/16/25 17:00:00,23.016,,,,,
24038,12/16/25 17:15:00,22.968,,,,,
24039,12/16/25 17:30:00,22.896,,,,,
24040,12/16/25 17:45:00,22.824,,,,,
24041,12/16/25 18:00:00,22.729,,,,,
24042,12/16/25 18:15:00,22.657,,,,,
24043,12/16/25 18:30:00,22.609,,,,,
24044,12/16/25 18:45:00,22.561,,,,,
24045,12/16/25 19:00:00,22.489,,,,,
24046,12/16/25 19:15:00,22.465,,,,,
24047,12/16/25 19:30:00,22.417,,,,,
24048,12/16/25 19:45:00,22.585,,,,,
24049,12/16/25 20:00:00,22.824,,,,,
24050,12/16/25 20:15:00,22.776,,,,,
24051,12/16/25 20:30:00,22.633,,,,,
24052,12/16/25 20:45:00,22.561,,,,,
24053,12/16/25 21:00:00,22.489,,,,,
24054,12/16/25 21:15:00,22.681,,,,,
24055,12/16/25 21:30:00,22.992,,,,,
24056,12/16/25 21:45:00,22.800,,,,,
24057,12/16/25 22:00:00,22.585,,,,,
24058,12/16/25 22:15:00,22.920,,,,,
24059,12/16/25 22:30:00,23.160,,,,,
24060,12/16/25 22:45:00,23.304,,,,,
24061,12/16/25 23:00:00,23.424,,,,,
24062,12/16/25 23:15:00,23.497,,,,,
24063,12/16/25 23:30:00,23.545,,,,,
24064,12/16/25 23:45:00,23.593,,,,,
24065,12/17/25 00:00:00,23.641,,,,,
24066,12/17/25 00:15:00,23.689,,,,,
24067,12/17/25 00:30:00,23.737,,,,,
24068,12/17/25 00:45:00,23.809,,,,,
24069,12/17/25 01:00:00,23.857,,,,,
24070,12/17/25 01:15:00,23.905,,,,,
24071,12/17/25 01:30:00,23.954,,,,,
24072,12/17/25 01:45:00,23.978,,,,,
24073,12/17/25 02:00:00,24.026,,,,,
24074,12/17/25 02:15:00,24.050,,,,,
24075,12/17/25 02:30:00,24.098,,,,,
24076,12/17/25 02:45:00,24.122,,,,,
24077,12/17/25 03:00:00,24.146,,,,,
24078,12/17/25 03:15:00,24.195,,,,,
24079,12/17/25 03:30:00,24.195,,,,,
24080,12/17/25 03:45:00,24.219,,,,,
24081,12/17/25 04:00:00,24.267,,,,,
24082,12/17/25 04:15:00,24.291,,,,,
24083,12/17/25 04:30:00,24.291,,,,,
24084,12/17/25 04:45:00,24.315,,,,,
24085,12/17/25 05:00:00,24.339,,,,,
24086,12/17/25 05:15:00,24.291,,,,,
24087,12/17/25 05:30:00,24.219,,,,,
24088,12/17/25 05:45:00,24.146,,,,,
24089,12/17/25 06:00:00,24.074,,,,,
24090,12/17/25 06:15:00,23.641,,,,,
24091,12/17/25 06:30:00,22.896,,,,,
24092,12/17/25 06:45:00,22.441,,,,,
24093,12/17/25 07:00:00,22.393,,,,,
24094,12/17/25 07:15:00,22.537,,,,,
24095,12/17/25 07:30:00,22.585,,,,,
24096,12/17/25 07:45:00,22.705,,,,,
24097,12/17/25 08:00:00,22.729,,,,,
24098,12/17/25 08:15:00,23.088,,,,,
24099,12/17/25 08:30:00,23.545,,,,,
24100,12/17/25 08:45:00,23.593,,,,,
24101,12/17/25 09:00:00,23.184,,,,,
24102,12/17/25 09:15:00,22.944,,,,,
24103,12/17/25 09:30:00,22.848,,,,,
24104,12/17/25 09:45:00,22.848,,,,,
24105,12/17/25 10:00:00,22.872,,,,,
24106,12/17/25 10:15:00,22.824,,,,,
24107,12/17/25 10:30:00,23.040,,,,,
24108,12/17/25 10:45:00,23.352,,,,,
24109,12/17/25 11:00:00,23.352,,,,,
24110,12/17/25 11:15:00,23.208,,,,,
24111,12/17/25 11:30:00,23.088,,,,,
24112,12/17/25 11:45:00,23.016,,,,,
24113,12/17/25 12:00:00,22.968,,,,,
24114,12/17/25 12:15:00,22.944,,,,,
24115,12/17/25 12:30:00,22.920,,,,,
24116,12/17/25 12:45:00,22.896,,,,,
24117,12/17/25 13:00:00,22.896,,,,,
24118,12/17/25 13:15:00,22.872,,,,,
24119,12/17/25 13:30:00,22.824,,,,,
24120,12/17/25 13:45:00,22.824,,,,,
24121,12/17/25 14:00:00,22.800,,,,,
24122,12/17/25 14:15:00,22.800,,,,,
24123,12/17/25 14:30:00,22.776,,,,,
24124,12/17/25 14:45:00,22.776,,,,,
24125,12/17/25 15:00:00,22.776,,,,,
24126,12/17/25 15:15:00,22.753,,,,,
24127,12/17/25 15:30:00,22.753,,,,,
24128,12/17/25 15:45:00,22.753,,,,,
24129,12/17/25 16:00:00,22.729,,,,,
24130,12/17/25 16:15:00,22.705,,,,,
24131,12/17/25 16:30:00,22.681,,,,,
24132,12/17/25 16:45:00,22.633,,,,,
24133,12/17/25 17:00:00,22.585,,,,,
24134,12/17/25 17:15:00,22.561,,,,,
24135,12/17/25 17:30:00,22.489,,,,,
24136,12/17/25 17:45:00,22.441,,,,,
24137,12/17/25 18:00:00,22.345,,,,,
24138,12/17/25 18:15:00,22.298,,,,,
24139,12/17/25 18:30:00,22.226,,,,,
24140,12/17/25 18:45:00,22.585,,,,,
24141,12/17/25 19:00:00,22.872,,,,,
24142,12/17/25 19:15:00,22.872,,,,,
24143,12/17/25 19:30:00,22.729,,,,,
24144,12/17/25 19:45:00,22.537,,,,,
24145,12/17/25 20:00:00,22.729,,,,,
24146,12/17/25 20:15:00,22.968,,,,,
24147,12/17/25 20:30:00,22.681,,,,,
24148,12/17/25 20:45:00,22.441,,,,,
24149,12/17/25 21:00:00,22.753,,,,,
24150,12/17/25 21:15:00,22.872,,,,,
24151,12/17/25 21:30:00,22.561,,,,,
24152,12/17/25 21:45:00,22.561,,,,,
24153,12/17/25 22:00:00,22.824,,,,,
24154,12/17/25 22:15:00,23.016,,,,,
24155,12/17/25 22:30:00,23.160,,,,,
24156,12/17/25 22:45:00,23.256,,,,,
24157,12/17/25 23:00:00,23.328,,,,,
24158,12/17/25 23:15:00,23.352,,,,,
24159,12/17/25 23:30:00,23.400,,,,,
24160,12/17/25 23:45:00,23.424,,,,,
24161,12/18/25 00:00:00,23.448,,,,,
24162,12/18/25 00:15:00,23.472,,,,,
24163,12/18/25 00:30:00,23.521,,,,,
24164,12/18/25 00:45:00,23.569,,,,,
24165,12/18/25 01:00:00,23.617,,,,,
24166,12/18/25 01:15:00,23.665,,,,,
24167,12/18/25 01:30:00,23.689,,,,,
24168,12/18/25 01:45:00,23.737,,,,,
24169,12/18/25 02:00:00,23.761,,,,,
24170,12/18/25 02:15:00,23.785,,,,,
24171,12/18/25 02:30:00,23.785,,,,,
24172,12/18/25 02:45:00,23.833,,,,,
24173,12/18/25 03:00:00,23.833,,,,,
24174,12/18/25 03:15:00,23.857,,,,,
24175,12/18/25 03:30:00,23.881,,,,,
24176,12/18/25 03:45:00,23.881,,,,,
24177,12/18/25 04:00:00,23.905,,,,,
24178,12/18/25 04:15:00,23.905,,,,,
24179,12/18/25 04:30:00,23.930,,,,,
24180,12/18/25 04:45:00,23.930,,,,,
24181,12/18/25 05:00:00,23.930,,,,,
24182,12/18/25 05:15:00,23.954,,,,,
24183,12/18/25 05:30:00,23.881,,,,,
24184,12/18/25 05:45:00,23.809,,,,,
24185,12/18/25 06:00:00,23.737,,,,,
24186,12/18/25 06:15:00,23.184,,,,,
24187,12/18/25 06:30:00,22.441,,,,,
24188,12/18/25 06:45:00,22.417,,,,,
24189,12/18/25 07:00:00,22.369,,,,,
24190,12/18/25 07:15:00,22.321,,,,,
24191,12/18/25 07:30:00,23.400,,,,,
24192,12/18/25 07:45:00,23.954,,,,,
24193,12/18/25 08:00:00,23.593,,,,,
24194,12/18/25 08:15:00,23.352,,,,,
24195,12/18/25 08:30:00,23.304,,,,,
24196,12/18/25 08:45:00,23.809,,,,,
24197,12/18/25 09:00:00,24.074,,,,,
24198,12/18/25 09:15:00,23.785,,,,,
24199,12/18/25 09:30:00,23.569,,,,,
24200,12/18/25 09:45:00,23.833,,,,,
24201,12/18/25 10:00:00,23.881,,,,,
24202,12/18/25 10:15:00,23.617,,,,,
24203,12/18/25 10:30:00,23.521,,,,,
24204,12/18/25 10:45:00,23.641,,,,,
24205,12/18/25 11:00:00,23.857,,,,,
24206,12/18/25 11:15:00,23.641,,,,,
24207,12/18/25 11:30:00,23.424,,,,,
24208,12/18/25 11:45:00,23.328,,,,,
24209,12/18/25 12:00:00,23.232,,,,,
24210,12/18/25 12:15:00,23.208,,,,,
24211,12/18/25 12:30:00,23.184,,,,,
24212,12/18/25 12:45:00,23.136,,,,,
24213,12/18/25 13:00:00,23.064,,,,,
24214,12/18/25 13:15:00,22.992,,,,,
24215,12/18/25 13:30:00,22.968,,,,,
24216,12/18/25 13:45:00,22.920,,,,,
24217,12/18/25 14:00:00,22.896,,,,,
24218,12/18/25 14:15:00,22.896,,,,,
24219,12/18/25 14:30:00,22.872,,,,,
24220,12/18/25 14:45:00,22.824,,,,,
24221,12/18/25 15:00:00,22.776,,,,,
24222,12/18/25 15:15:00,22.729,,,,,
24223,12/18/25 15:30:00,22.705,,,,,
24224,12/18/25 15:45:00,22.705,,,,,
24225,12/18/25 16:00:00,22.705,,,,,
24226,12/18/25 16:15:00,22.705,,,,,
24227,12/18/25 16:30:00,22.681,,,,,
24228,12/18/25 16:45:00,22.657,,,,,
24229,12/18/25 17:00:00,22.633,,,,,
24230,12/18/25 17:15:00,22.609,,,,,
24231,12/18/25 17:30:00,22.537,,,,,
24232,12/18/25 17:45:00,22.537,,,,,
24233,12/18/25 18:00:00,22.633,,,,,
24234,12/18/25 18:15:00,23.064,,,,,
24235,12/18/25 18:30:00,23.040,,,,,
24236,12/18/25 18:45:00,22.896,,,,,
24237,12/18/25 19:00:00,22.776,,,,,
24238,12/18/25 19:15:00,22.657,,,,,
24239,12/18/25 19:30:00,22.585,,,,,
24240,12/18/25 19:45:00,22.537,,,,,
24241,12/18/25 20:00:00,22.920,,,,,
24242,12/18/25 20:15:00,23.184,,,,,
24243,12/18/25 20:30:00,22.920,,,,,
24244,12/18/25 20:45:00,22.729,,,,,
24245,12/18/25 21:00:00,23.064,,,,,
24246,12/18/25 21:15:00,23.328,,,,,
24247,12/18/25 21:30:00,23.016,,,,,
24248,12/18/25 21:45:00,22.776,,,,,
24249,12/18/25 22:00:00,23.016,,,,,
24250,12/18/25 22:15:00,23.352,,,,,
24251,12/18/25 22:30:00,23.593,,,,,
24252,12/18/25 22:45:00,23.785,,,,,
24253,12/18/25 23:00:00,23.881,,,,,
24254,12/18/25 23:15:00,23.905,,,,,
24255,12/18/25 23:30:00,23.881,,,,,
24256,12/18/25 23:45:00,23.857,,,,,
24257,12/19/25 00:00:00,23.857,,,,,
24258,12/19/25 00:15:00,23.857,,,,,
24259,12/19/25 00:30:00,23.881,,,,,
24260,12/19/25 00:45:00,23.905,,,,,
24261,12/19/25 01:00:00,23.930,,,,,
24262,12/19/25 01:15:00,23.978,,,,,
24263,12/19/25 01:30:00,24.002,,,,,
24264,12/19/25 01:45:00,24.050,,,,,
24265,12/19/25 02:00:00,24.074,,,,,
24266,12/19/25 02:15:00,24.098,,,,,
24267,12/19/25 02:30:00,24.122,,,,,
24268,12/19/25 02:45:00,24.146,,,,,
24269,12/19/25 03:00:00,24.171,,,,,
24270,12/19/25 03:15:00,24.195,,,,,
24271,12/19/25 03:30:00,24.195,,,,,
24272,12/19/25 03:45:00,24.219,,,,,
24273,12/19/25 04:00:00,24.243,,,,,
24274,12/19/25 04:15:00,24.243,,,,,
24275,12/19/25 04:30:00,24.267,,,,,
24276,12/19/25 04:45:00,24.267,,,,,
24277,12/19/25 05:00:00,24.291,,,,,
24278,12/19/25 05:15:00,24.267,,,,,
24279,12/19/25 05:30:00,24.171,,,,,
24280,12/19/25 05:45:00,24.098,,,,,
24281,12/19/25 06:00:00,24.026,,,,,
24282,12/19/25 06:15:00,23.521,,,,,
24283,12/19/25 06:30:00,22.729,,,,,
24284,12/19/25 06:45:00,22.417,,,,,
24285,12/19/25 07:00:00,22.441,,,,,
24286,12/19/25 07:15:00,22.465,,,,,
24287,12/19/25 07:30:00,23.160,,,,,
24288,12/19/25 07:45:00,23.400,,,,,
24289,12/19/25 08:00:00,23.400,,,,,
24290,12/19/25 08:15:00,23.809,,,,,
24291,12/19/25 08:30:00,23.809,,,,,
24292,12/19/25 08:45:00,23.617,,,,,
24293,12/19/25 09:00:00,23.569,,,,,
24294,12/19/25 09:15:00,23.497,,,,,
24295,12/19/25 09:30:00,23.448,,,,,
24296,12/19/25 09:45:00,23.641,,,,,
24297,12/19/25 10:00:00,23.809,,,,,
24298,12/19/25 10:15:00,23.545,,,,,
24299,12/19/25 10:30:00,23.472,,,,,
24300,12/19/25 10:45:00,23.376,,,,,
24301,12/19/25 11:00:00,23.304,,,,,
24302,12/19/25 11:15:00,23.448,,,,,
24303,12/19/25 11:30:00,23.689,,,,,
24304,12/19/25 11:45:00,23.472,,,,,
24305,12/19/25 12:00:00,23.328,,,,,
24306,12/19/25 12:15:00,23.184,,,,,
24307,12/19/25 12:30:00,23.136,,,,,
24308,12/19/25 12:45:00,23.136,,,,,
24309,12/19/25 13:00:00,23.112,,,,,
24310,12/19/25 13:15:00,23.088,,,,,
24311,12/19/25 13:30:00,23.040,,,,,
24312,12/19/25 13:45:00,23.016,,,,,
24313,12/19/25 14:00:00,23.016,,,,,
24314,12/19/25 14:15:00,23.016,,,,,
24315,12/19/25 14:30:00,22.992,,,,,
24316,12/19/25 14:45:00,22.968,,,,,
24317,12/19/25 15:00:00,22.968,,,,,
24318,12/19/25 15:15:00,22.944,,,,,
24319,12/19/25 15:30:00,22.944,,,,,
24320,12/19/25 15:45:00,22.944,,,,,
24321,12/19/25 16:00:00,22.920,,,,,
24322,12/19/25 16:15:00,22.872,,,,,
24323,12/19/25 16:30:00,22.824,,,,,
24324,12/19/25 16:45:00,22.776,,,,,
24325,12/19/25 17:00:00,22.753,,,,,
24326,12/19/25 17:15:00,22.705,,,,,
24327,12/19/25 17:30:00,22.657,,,,,
24328,12/19/25 17:45:00,22.585,,,,,
24329,12/19/25 18:00:00,22.513,,,,,
24330,12/19/25 18:15:00,22.561,,,,,
24331,12/19/25 18:30:00,22.537,,,,,
24332,12/19/25 18:45:00,22.513,,,,,
24333,12/19/25 19:00:00,22.489,,,,,
24334,12/19/25 19:15:00,22.705,,,,,
24335,12/19/25 19:30:00,22.968,,,,,
24336,12/19/25 19:45:00,22.824,,,,,
24337,12/19/25 20:00:00,22.681,,,,,
24338,12/19/25 20:15:00,22.585,,,,,
24339,12/19/25 20:30:00,22.513,,,,,
24340,12/19/25 20:45:00,22.800,,,,,
24341,12/19/25 21:00:00,22.944,,,,,
24342,12/19/25 21:15:00,22.609,,,,,
24343,12/19/25 21:30:00,22.369,,,,,
24344,12/19/25 21:45:00,22.681,,,,,
24345,12/19/25 22:00:00,22.896,,,,,
24346,12/19/25 22:15:00,23.040,,,,,
24347,12/19/25 22:30:00,23.184,,,,,
24348,12/19/25 22:45:00,23.280,,,,,
24349,12/19/25 23:00:00,23.352,,,,,
24350,12/19/25 23:15:00,23.400,,,,,
24351,12/19/25 23:30:00,23.448,,,,,
24352,12/19/25 23:45:00,23.497,,,,,
24353,12/20/25 00:00:00,23.521,,,,,
24354,12/20/25 00:15:00,23.545,,,,,
24355,12/20/25 00:30:00,23.569,,,,,
24356,12/20/25 00:45:00,23.617,,,,,
24357,12/20/25 01:00:00,23.665,,,,,
24358,12/20/25 01:15:00,23.713,,,,,
24359,12/20/25 01:30:00,23.761,,,,,
24360,12/20/25 01:45:00,23.809,,,,,
24361,12/20/25 02:00:00,23.857,,,,,
24362,12/20/25 02:15:00,23.905,,,,,
24363,12/20/25 02:30:00,23.930,,,,,
24364,12/20/25 02:45:00,23.978,,,,,
24365,12/20/25 03:00:00,24.026,,,,,
24366,12/20/25 03:15:00,24.050,,,,,
24367,12/20/25 03:30:00,24.098,,,,,
24368,12/20/25 03:45:00,24.122,,,,,
24369,12/20/25 04:00:00,24.146,,,,,
24370,12/20/25 04:15:00,24.171,,,,,
24371,12/20/25 04:30:00,24.171,,,,,
24372,12/20/25 04:45:00,24.195,,,,,
24373,12/20/25 05:00:00,24.219,,,,,
24374,12/20/25 05:15:00,24.219,,,,,
24375,12/20/25 05:30:00,24.122,,,,,
24376,12/20/25 05:45:00,24.050,,,,,
24377,12/20/25 06:00:00,23.978,,,,,
24378,12/20/25 06:15:00,23.472,,,,,
24379,12/20/25 06:30:00,22.705,,,,,
24380,12/20/25 06:45:00,22.393,,,,,
24381,12/20/25 07:00:00,22.441,,,,,
24382,12/20/25 07:15:00,22.441,,,,,
24383,12/20/25 07:30:00,22.609,,,,,
24384,12/20/25 07:45:00,22.968,,,,,
24385,12/20/25 08:00:00,23.352,,,,,
24386,12/20/25 08:15:00,23.304,,,,,
24387,12/20/25 08:30:00,23.112,,,,,
24388,12/20/25 08:45:00,22.992,,,,,
24389,12/20/25 09:00:00,23.160,,,,,
24390,12/20/25 09:15:00,23.569,,,,,
24391,12/20/25 09:30:00,23.641,,,,,
24392,12/20/25 09:45:00,23.328,,,,,
24393,12/20/25 10:00:00,23.160,,,,,
24394,12/20/25 10:15:00,23.088,,,,,
24395,12/20/25 10:30:00,23.016,,,,,
24396,12/20/25 10:45:00,23.352,,,,,
24397,12/20/25 11:00:00,23.472,,,,,
24398,12/20/25 11:15:00,23.280,,,,,
24399,12/20/25 11:30:00,23.160,,,,,
24400,12/20/25 11:45:00,23.088,,,,,
24401,12/20/25 12:00:00,23.040,,,,,
24402,12/20/25 12:15:00,22.992,,,,,
24403,12/20/25 12:30:00,22.968,,,,,
24404,12/20/25 12:45:00,22.968,,,,,
24405,12/20/25 13:00:00,22.944,,,,,
24406,12/20/25 13:15:00,22.968,,,,,
24407,12/20/25 13:30:00,22.968,,,,,
24408,12/20/25 13:45:00,22.920,,,,,
24409,12/20/25 14:00:00,22.920,,,,,
24410,12/20/25 14:15:00,22.920,,,,,
24411,12/20/25 14:30:00,22.896,,,,,
24412,12/20/25 14:45:00,22.848,,,,,
24413,12/20/25 15:00:00,22.824,,,,,
24414,12/20/25 15:15:00,22.800,,,,,
24415,12/20/25 15:30:00,22.753,,,,,
24416,12/20/25 15:45:00,22.705,,,,,
24417,12/20/25 16:00:00,22.657,,,,,
24418,12/20/25 16:15:00,22.609,,,,,
24419,12/20/25 16:30:00,22.561,,,,,
24420,12/20/25 16:45:00,22.513,,,,,
24421,12/20/25 17:00:00,22.489,,,,,
24422,12/20/25 17:15:00,22.441,,,,,
24423,12/20/25 17:30:00,22.369,,,,,
24424,12/20/25 17:45:00,22.345,,,,,
24425,12/20/25 18:00:00,22.274,,,,,
24426,12/20/25 18:15:00,22.250,,,,,
24427,12/20/25 18:30:00,22.226,,,,,
24428,12/20/25 18:45:00,22.321,,,,,
24429,12/20/25 19:00:00,22.681,,,,,
24430,12/20/25 19:15:00,22.753,,,,,
24431,12/20/25 19:30:00,22.585,,,,,
24432,12/20/25 19:45:00,22.441,,,,,
24433,12/20/25 20:00:00,22.345,,,,,
24434,12/20/25 20:15:00,22.609,,,,,
24435,12/20/25 20:30:00,22.872,,,,,
24436,12/20/25 20:45:00,22.848,,,,,
24437,12/20/25 21:00:00,22.513,,,,,
24438,12/20/25 21:15:00,22.705,,,,,
24439,12/20/25 21:30:00,22.920,,,,,
24440,12/20/25 21:45:00,22.633,,,,,
24441,12/20/25 22:00:00,22.633,,,,,
24442,12/20/25 22:15:00,22.896,,,,,
24443,12/20/25 22:30:00,23.088,,,,,
24444,12/20/25 22:45:00,23.208,,,,,
24445,12/20/25 23:00:00,23.304,,,,,
24446,12/20/25 23:15:00,23.352,,,,,
24447,12/20/25 23:30:00,23.400,,,,,
24448,12/20/25 23:45:00,23.448,,,,,
24449,12/21/25 00:00:00,23.472,,,,,
24450,12/21/25 00:15:00,23.521,,,,,
24451,12/21/25 00:30:00,23.593,,,,,
24452,12/21/25 00:45:00,23.641,,,,,
24453,12/21/25 01:00:00,23.689,,,,,
24454,12/21/25 01:15:00,23.737,,,,,
24455,12/21/25 01:30:00,23.785,,,,,
24456,12/21/25 01:45:00,23.833,,,,,
24457,12/21/25 02:00:00,23.857,,,,,
24458,12/21/25 02:15:00,23.905,,,,,
24459,12/21/25 02:30:00,23.930,,,,,
24460,12/21/25 02:45:00,23.978,,,,,
24461,12/21/25 03:00:00,24.002,,,,,
24462,12/21/25 03:15:00,24.026,,,,,
24463,12/21/25 03:30:00,24.050,,,,,
24464,12/21/25 03:45:00,24.074,,,,,
24465,12/21/25 04:00:00,24.098,,,,,
24466,12/21/25 04:15:00,24.098,,,,,
24467,12/21/25 04:30:00,24.122,,,,,
24468,12/21/25 04:45:00,24.146,,,,,
24469,12/21/25 05:00:00,24.171,,,,,
24470,12/21/25 05:15:00,24.146,,,,,
24471,12/21/25 05:30:00,24.074,,,,,
24472,12/21/25 05:45:00,24.002,,,,,
24473,12/21/25 06:00:00,23.954,,,,,
24474,12/21/25 06:15:00,23.424,,,,,
24475,12/21/25 06:30:00,22.633,,,,,
24476,12/21/25 06:45:00,22.465,,,,,
24477,12/21/25 07:00:00,22.489,,,,,
24478,12/21/25 07:15:00,22.465,,,,,
24479,12/21/25 07:30:00,22.441,,,,,
24480,12/21/25 07:45:00,22.729,,,,,
24481,12/21/25 08:00:00,23.112,,,,,
24482,12/21/25 08:15:00,23.040,,,,,
24483,12/21/25 08:30:00,22.920,,,,,
24484,12/21/25 08:45:00,22.992,,,,,
24485,12/21/25 09:00:00,23.112,,,,,
24486,12/21/25 09:15:00,23.088,,,,,
24487,12/21/25 09:30:00,23.497,,,,,
24488,12/21/25 09:45:00,23.689,,,,,
24489,12/21/25 10:00:00,23.521,,,,,
24490,12/21/25 10:15:00,23.472,,,,,
24491,12/21/25 10:30:00,23.400,,,,,
24492,12/21/25 10:45:00,23.304,,,,,
24493,12/21/25 11:00:00,23.232,,,,,
24494,12/21/25 11:15:00,23.184,,,,,
24495,12/21/25 11:30:00,23.136,,,,,
24496,12/21/25 11:45:00,23.472,,,,,
24497,12/21/25 12:00:00,23.545,,,,,
24498,12/21/25 12:15:00,23.328,,,,,
24499,12/21/25 12:30:00,23.208,,,,,
24500,12/21/25 12:45:00,23.136,,,,,
24501,12/21/25 13:00:00,23.064,,,,,
24502,12/21/25 13:15:00,22.992,,,,,
24503,12/21/25 13:30:00,22.944,,,,,
24504,12/21/25 13:45:00,22.944,,,,,
24505,12/21/25 14:00:00,22.920,,,,,
24506,12/21/25 14:15:00,22.920,,,,,
24507,12/21/25 14:30:00,22.920,,,,,
24508,12/21/25 14:45:00,22.872,,,,,
24509,12/21/25 15:00:00,22.800,,,,,
24510,12/21/25 15:15:00,22.753,,,,,
24511,12/21/25 15:30:00,22.729,,,,,
24512,12/21/25 15:45:00,22.681,,,,,
24513,12/21/25 16:00:00,22.657,,,,,
24514,12/21/25 16:15:00,22.657,,,,,
24515,12/21/25 16:30:00,22.681,,,,,
24516,12/21/25 16:45:00,22.657,,,,,
24517,12/21/25 17:00:00,22.609,,,,,
24518,12/21/25 17:15:00,22.561,,,,,
24519,12/21/25 17:30:00,22.585,,,,,
24520,12/21/25 17:45:00,22.609,,,,,
24521,12/21/25 18:00:00,22.633,,,,,
24522,12/21/25 18:15:00,22.465,,,,,
24523,12/21/25 18:30:00,22.609,,,,,
24524,12/21/25 18:45:00,23.040,,,,,
24525,12/21/25 19:00:00,22.968,,,,,
24526,12/21/25 19:15:00,22.872,,,,,
24527,12/21/25 19:30:00,22.681,,,,,
24528,12/21/25 19:45:00,22.489,,,,,
24529,12/21/25 20:00:00,22.489,,,,,
24530,12/21/25 20:15:00,22.776,,,,,
24531,12/21/25 20:30:00,22.872,,,,,
24532,12/21/25 20:45:00,22.681,,,,,
24533,12/21/25 21:00:00,22.561,,,,,
24534,12/21/25 21:15:00,22.489,,,,,
24535,12/21/25 21:30:00,22.753,,,,,
24536,12/21/25 21:45:00,22.944,,,,,
24537,12/21/25 22:00:00,22.753,,,,,
24538,12/21/25 22:15:00,22.776,,,,,
24539,12/21/25 22:30:00,22.968,,,,,
24540,12/21/25 22:45:00,23.064,,,,,
24541,12/21/25 23:00:00,23.136,,,,,
24542,12/21/25 23:15:00,23.208,,,,,
24543,12/21/25 23:30:00,23.256,,,,,
24544,12/21/25 23:45:00,23.304,,,,,
24545,12/22/25 00:00:00,23.328,,,,,
24546,12/22/25 00:15:00,23.376,,,,,
24547,12/22/25 00:30:00,23.448,,,,,
24548,12/22/25 00:45:00,23.521,,,,,
24549,12/22/25 01:00:00,23.569,,,,,
24550,12/22/25 01:15:00,23.617,,,,,
24551,12/22/25 01:30:00,23.665,,,,,
24552,12/22/25 01:45:00,23.713,,,,,
24553,12/22/25 02:00:00,23.737,,,,,
24554,12/22/25 02:15:00,23.785,,,,,
24555,12/22/25 02:30:00,23.809,,,,,
24556,12/22/25 02:45:00,23.833,,,,,
24557,12/22/25 03:00:00,23.857,,,,,
24558,12/22/25 03:15:00,23.857,,,,,
24559,12/22/25 03:30:00,23.881,,,,,
24560,12/22/25 03:45:00,23.881,,,,,
24561,12/22/25 04:00:00,23.905,,,,,
24562,12/22/25 04:15:00,23.930,,,,,
24563,12/22/25 04:30:00,23.930,,,,,
24564,12/22/25 04:45:00,23.978,,,,,
24565,12/22/25 05:00:00,23.978,,,,,
24566,12/22/25 05:15:00,24.002,,,,,
24567,12/22/25 05:30:00,23.930,,,,,
24568,12/22/25 05:45:00,23.857,,,,,
24569,12/22/25 06:00:00,23.785,,,,,
24570,12/22/25 06:15:00,23.280,,,,,
24571,12/22/25 06:30:00,22.489,,,,,
24572,12/22/25 06:45:00,22.345,,,,,
24573,12/22/25 07:00:00,22.345,,,,,
24574,12/22/25 07:15:00,22.321,,,,,
24575,12/22/25 07:30:00,22.441,,,,,
24576,12/22/25 07:45:00,22.753,,,,,
24577,12/22/25 08:00:00,22.848,,,,,
24578,12/22/25 08:15:00,22.609,,,,,
24579,12/22/25 08:30:00,22.489,,,,,
24580,12/22/25 08:45:00,22.824,,,,,
24581,12/22/25 09:00:00,23.064,,,,,
24582,12/22/25 09:15:00,23.232,,,,,
24583,12/22/25 09:30:00,22.920,,,,,
24584,12/22/25 09:45:00,22.657,,,,,
24585,12/22/25 10:00:00,22.872,,,,,
24586,12/22/25 10:15:00,23.280,,,,,
24587,12/22/25 10:30:00,23.400,,,,,
24588,12/22/25 10:45:00,23.208,,,,,
24589,12/22/25 11:00:00,23.064,,,,,
24590,12/22/25 11:15:00,22.968,,,,,
24591,12/22/25 11:30:00,22.896,,,,,
24592,12/22/25 11:45:00,22.848,,,,,
24593,12/22/25 12:00:00,22.848,,,,,
24594,12/22/25 12:15:00,22.800,,,,,
24595,12/22/25 12:30:00,22.753,,,,,
24596,12/22/25 12:45:00,22.705,,,,,
24597,12/22/25 13:00:00,22.824,,,,,
24598,12/22/25 13:15:00,23.160,,,,,
24599,12/22/25 13:30:00,23.064,,,,,
24600,12/22/25 13:45:00,22.968,,,,,
24601,12/22/25 14:00:00,22.872,,,,,
24602,12/22/25 14:15:00,22.800,,,,,
24603,12/22/25 14:30:00,22.896,,,,,
24604,12/22/25 14:45:00,23.184,,,,,
24605,12/22/25 15:00:00,23.064,,,,,
24606,12/22/25 15:15:00,22.896,,,,,
24607,12/22/25 15:30:00,22.776,,,,,
24608,12/22/25 15:45:00,22.705,,,,,
24609,12/22/25 16:00:00,22.968,,,,,
24610,12/22/25 16:15:00,23.184,,,,,
24611,12/22/25 16:30:00,23.064,,,,,
24612,12/22/25 16:45:00,22.920,,,,,
24613,12/22/25 17:00:00,22.824,,,,,
24614,12/22/25 17:15:00,22.729,,,,,
24615,12/22/25 17:30:00,22.633,,,,,
24616,12/22/25 17:45:00,22.657,,,,,
24617,12/22/25 18:00:00,22.513,,,,,
24618,12/22/25 18:15:00,22.944,,,,,
24619,12/22/25 18:30:00,23.232,,,,,
24620,12/22/25 18:45:00,22.968,,,,,
24621,12/22/25 19:00:00,22.753,,,,,
24622,12/22/25 19:15:00,22.705,,,,,
24623,12/22/25 19:30:00,23.088,,,,,
24624,12/22/25 19:45:00,23.184,,,,,
24625,12/22/25 20:00:00,22.920,,,,,
24626,12/22/25 20:15:00,22.824,,,,,
24627,12/22/25 20:30:00,23.184,,,,,
24628,12/22/25 20:45:00,23.280,,,,,
24629,12/22/25 21:00:00,22.968,,,,,
24630,12/22/25 21:15:00,22.824,,,,,
24631,12/22/25 21:30:00,23.184,,,,,
24632,12/22/25 21:45:00,23.424,,,,,
24633,12/22/25 22:00:00,23.112,,,,,
24634,12/22/25 22:15:00,23.184,,,,,
24635,12/22/25 22:30:00,23.448,,,,,
24636,12/22/25 22:45:00,23.641,,,,,
24637,12/22/25 23:00:00,23.665,,,,,
24638,12/22/25 23:15:00,23.665,,,,,
24639,12/22/25 23:30:00,23.665,,,,,
24640,12/22/25 23:45:00,23.641,,,,,
24641,12/23/25 00:00:00,23.641,,,,,
24642,12/23/25 00:15:00,23.641,,,,,
24643,12/23/25 00:30:00,23.689,,,,,
24644,12/23/25 00:45:00,23.713,,,,,
24645,12/23/25 01:00:00,23.737,,,,,
24646,12/23/25 01:15:00,23.785,,,,,
24647,12/23/25 01:30:00,23.833,,,,,
24648,12/23/25 01:45:00,23.857,,,,,
24649,12/23/25 02:00:00,23.881,,,,,
24650,12/23/25 02:15:00,23.905,,,,,
24651,12/23/25 02:30:00,23.930,,,,,
24652,12/23/25 02:45:00,23.954,,,,,
24653,12/23/25 03:00:00,23.954,,,,,
24654,12/23/25 03:15:00,23.978,,,,,
24655,12/23/25 03:30:00,24.002,,,,,
24656,12/23/25 03:45:00,24.026,,,,,
24657,12/23/25 04:00:00,24.050,,,,,
24658,12/23/25 04:15:00,24.050,,,,,
24659,12/23/25 04:30:00,24.074,,,,,
24660,12/23/25 04:45:00,24.098,,,,,
24661,12/23/25 05:00:00,24.122,,,,,
24662,12/23/25 05:15:00,24.122,,,,,
24663,12/23/25 05:30:00,24.074,,,,,
24664,12/23/25 05:45:00,24.002,,,,,
24665,12/23/25 06:00:00,23.954,,,,,
24666,12/23/25 06:15:00,23.448,,,,,
24667,12/23/25 06:30:00,22.705,,,,,
24668,12/23/25 06:45:00,22.633,,,,,
24669,12/23/25 07:00:00,22.561,,,,,
24670,12/23/25 07:15:00,22.513,,,,,
24671,12/23/25 07:30:00,22.968,,,,,
24672,12/23/25 07:45:00,23.160,,,,,
24673,12/23/25 08:00:00,23.256,,,,,
24674,12/23/25 08:15:00,23.376,,,,,
24675,12/23/25 08:30:00,23.280,,,,,
24676,12/23/25 08:45:00,23.160,,,,,
24677,12/23/25 09:00:00,23.160,,,,,
24678,12/23/25 09:15:00,23.304,,,,,
24679,12/23/25 09:30:00,23.761,,,,,
24680,12/23/25 09:45:00,24.050,,,,,
24681,12/23/25 10:00:00,23.833,,,,,
24682,12/23/25 10:15:00,23.593,,,,,
24683,12/23/25 10:30:00,23.424,,,,,
24684,12/23/25 10:45:00,23.737,,,,,
24685,12/23/25 11:00:00,23.905,,,,,
24686,12/23/25 11:15:00,23.665,,,,,
24687,12/23/25 11:30:00,23.472,,,,,
24688,12/23/25 11:45:00,23.352,,,,,
24689,12/23/25 12:00:00,23.256,,,,,
24690,12/23/25 12:15:00,23.184,,,,,
24691,12/23/25 12:30:00,23.136,,,,,
24692,12/23/25 12:45:00,23.088,,,,,
24693,12/23/25 13:00:00,23.040,,,,,
24694,12/23/25 13:15:00,22.968,,,,,
24695,12/23/25 13:30:00,23.256,,,,,
24696,12/23/25 13:45:00,23.448,,,,,
24697,12/23/25 14:00:00,23.376,,,,,
24698,12/23/25 14:15:00,23.256,,,,,
24699,12/23/25 14:30:00,23.160,,,,,
24700,12/23/25 14:45:00,23.112,,,,,
24701,12/23/25 15:00:00,23.064,,,,,
24702,12/23/25 15:15:00,23.040,,,,,
24703,12/23/25 15:30:00,23.040,,,,,
24704,12/23/25 15:45:00,23.040,,,,,
24705,12/23/25 16:00:00,23.016,,,,,
24706,12/23/25 16:15:00,23.016,,,,,
24707,12/23/25 16:30:00,22.968,,,,,
24708,12/23/25 16:45:00,22.944,,,,,
24709,12/23/25 17:00:00,22.944,,,,,
24710,12/23/25 17:15:00,22.944,,,,,
24711,12/23/25 17:30:00,22.920,,,,,
24712,12/23/25 17:45:00,22.920,,,,,
24713,12/23/25 18:00:00,22.872,,,,,
24714,12/23/25 18:15:00,22.896,,,,,
24715,12/23/25 18:30:00,23.184,,,,,
24716,12/23/25 18:45:00,23.136,,,,,
24717,12/23/25 19:00:00,23.016,,,,,
24718,12/23/25 19:15:00,22.920,,,,,
24719,12/23/25 19:30:00,22.872,,,,,
24720,12/23/25 19:45:00,22.824,,,,,
24721,12/23/25 20:00:00,23.136,,,,,
24722,12/23/25 20:15:00,23.160,,,,,
24723,12/23/25 20:30:00,22.896,,,,,
24724,12/23/25 20:45:00,22.753,,,,,
24725,12/23/25 21:00:00,23.064,,,,,
24726,12/23/25 21:15:00,23.136,,,,,
24727,12/23/25 21:30:00,22.992,,,,,
24728,12/23/25 21:45:00,22.848,,,,,
24729,12/23/25 22:00:00,22.824,,,,,
24730,12/23/25 22:15:00,23.136,,,,,
24731,12/23/25 22:30:00,23.352,,,,,
24732,12/23/25 22:45:00,23.497,,,,,
24733,12/23/25 23:00:00,23.593,,,,,
24734,12/23/25 23:15:00,23.641,,,,,
24735,12/23/25 23:30:00,23.713,,,,,
24736,12/23/25 23:45:00,23.761,,,,,
24737,12/24/25 00:00:00,23.809,,,,,
24738,12/24/25 00:15:00,23.857,,,,,
24739,12/24/25 00:30:00,23.905,,,,,
24740,12/24/25 00:45:00,23.978,,,,,
24741,12/24/25 01:00:00,24.026,,,,,
24742,12/24/25 01:15:00,24.074,,,,,
24743,12/24/25 01:30:00,24.122,,,,,
24744,12/24/25 01:45:00,24.146,,,,,
24745,12/24/25 02:00:00,24.195,,,,,
24746,12/24/25 02:15:00,24.243,,,,,
24747,12/24/25 02:30:00,24.267,,,,,
24748,12/24/25 02:45:00,24.291,,,,,
24749,12/24/25 03:00:00,24.339,,,,,
24750,12/24/25 03:15:00,24.363,,,,,
24751,12/24/25 03:30:00,24.388,,,,,
24752,12/24/25 03:45:00,24.412,,,,,
24753,12/24/25 04:00:00,24.412,,,,,
24754,12/24/25 04:15:00,24.436,,,,,
24755,12/24/25 04:30:00,24.460,,,,,
24756,12/24/25 04:45:00,24.484,,,,,
24757,12/24/25 05:00:00,24.508,,,,,
24758,12/24/25 05:15:00,24.484,,,,,
24759,12/24/25 05:30:00,24.388,,,,,
24760,12/24/25 05:45:00,24.315,,,,,
24761,12/24/25 06:00:00,24.267,,,,,
24762,12/24/25 06:15:00,23.833,,,,,
24763,12/24/25 06:30:00,23.064,,,,,
24764,12/24/25 06:45:00,22.657,,,,,
24765,12/24/25 07:00:00,22.705,,,,,
24766,12/24/25 07:15:00,22.753,,,,,
24767,12/24/25 07:30:00,23.088,,,,,
24768,12/24/25 07:45:00,23.280,,,,,
24769,12/24/25 08:00:00,23.448,,,,,
24770,12/24/25 08:15:00,23.737,,,,,
24771,12/24/25 08:30:00,23.617,,,,,
24772,12/24/25 08:45:00,23.665,,,,,
24773,12/24/25 09:00:00,23.689,,,,,
24774,12/24/25 09:15:00,23.641,,,,,
24775,12/24/25 09:30:00,23.617,,,,,
24776,12/24/25 09:45:00,23.617,,,,,
24777,12/24/25 10:00:00,23.641,,,,,
24778,12/24/25 10:15:00,23.617,,,,,
24779,12/24/25 10:30:00,23.569,,,,,
24780,12/24/25 10:45:00,23.545,,,,,
24781,12/24/25 11:00:00,23.857,,,,,
24782,12/24/25 11:15:00,23.809,,,,,
24783,12/24/25 11:30:00,23.569,,,,,
24784,12/24/25 11:45:00,23.400,,,,,
24785,12/24/25 12:00:00,23.328,,,,,
24786,12/24/25 12:15:00,23.256,,,,,
24787,12/24/25 12:30:00,23.232,,,,,
24788,12/24/25 12:45:00,23.160,,,,,
24789,12/24/25 13:00:00,23.160,,,,,
24790,12/24/25 13:15:00,23.136,,,,,
24791,12/24/25 13:30:00,23.136,,,,,
24792,12/24/25 13:45:00,23.136,,,,,
24793,12/24/25 14:00:00,23.112,,,,,
24794,12/24/25 14:15:00,23.088,,,,,
24795,12/24/25 14:30:00,23.112,,,,,
24796,12/24/25 14:45:00,23.112,,,,,
24797,12/24/25 15:00:00,23.088,,,,,
24798,12/24/25 15:15:00,23.112,,,,,
24799,12/24/25 15:30:00,23.112,,,,,
24800,12/24/25 15:45:00,23.088,,,,,
24801,12/24/25 16:00:00,23.040,,,,,
24802,12/24/25 16:15:00,23.016,,,,,
24803,12/24/25 16:30:00,23.064,,,,,
24804,12/24/25 16:45:00,23.112,,,,,
24805,12/24/25 17:00:00,23.088,,,,,
24806,12/24/25 17:15:00,23.064,,,,,
24807,12/24/25 17:30:00,23.016,,,,,
24808,12/24/25 17:45:00,22.896,,,,,
24809,12/24/25 18:00:00,22.896,,,,,
24810,12/24/25 18:15:00,22.848,,,,,
24811,12/24/25 18:30:00,22.753,,,,,
24812,12/24/25 18:45:00,22.776,,,,,
24813,12/24/25 19:00:00,22.824,,,,,
24814,12/24/25 19:15:00,22.800,,,,,
24815,12/24/25 19:30:00,22.800,,,,,
24816,12/24/25 19:45:00,22.800,,,,,
24817,12/24/25 20:00:00,22.633,,,,,
24818,12/24/25 20:15:00,22.513,,,,,
24819,12/24/25 20:30:00,22.441,,,,,
24820,12/24/25 20:45:00,22.417,,,,,
24821,12/24/25 21:00:00,22.465,,,,,
24822,12/24/25 21:15:00,22.441,,,,,
24823,12/24/25 21:30:00,22.489,,,,,
24824,12/24/25 21:45:00,22.705,,,,,
24825,12/24/25 22:00:00,22.944,,,,,
24826,12/24/25 22:15:00,23.088,,,,,
24827,12/24/25 22:30:00,23.232,,,,,
24828,12/24/25 22:45:00,23.328,,,,,
24829,12/24/25 23:00:00,23.400,,,,,
24830,12/24/25 23:15:00,23.472,,,,,
24831,12/24/25 23:30:00,23.521,,,,,
24832,12/24/25 23:45:00,23.569,,,,,
24833,12/25/25 00:00:00,23.617,,,,,
24834,12/25/25 00:15:00,23.641,,,,,
24835,12/25/25 00:30:00,23.713,,,,,
24836,12/25/25 00:45:00,23.785,,,,,
24837,12/25/25 01:00:00,23.833,,,,,
24838,12/25/25 01:15:00,23.881,,,,,
24839,12/25/25 01:30:00,23.930,,,,,
24840,12/25/25 01:45:00,23.978,,,,,
24841,12/25/25 02:00:00,24.026,,,,,
24842,12/25/25 02:15:00,24.050,,,,,
24843,12/25/25 02:30:00,24.074,,,,,
24844,12/25/25 02:45:00,24.098,,,,,
24845,12/25/25 03:00:00,24.122,,,,,
24846,12/25/25 03:15:00,24.146,,,,,
24847,12/25/25 03:30:00,24.171,,,,,
24848,12/25/25 03:45:00,24.219,,,,,
24849,12/25/25 04:00:00,24.243,,,,,
24850,12/25/25 04:15:00,24.243,,,,,
24851,12/25/25 04:30:00,24.267,,,,,
24852,12/25/25 04:45:00,24.267,,,,,
24853,12/25/25 05:00:00,24.291,,,,,
24854,12/25/25 05:15:00,24.267,,,,,
24855,12/25/25 05:30:00,24.171,,,,,
24856,12/25/25 05:45:00,24.074,,,,,
24857,12/25/25 06:00:00,24.026,,,,,
24858,12/25/25 06:15:00,23.593,,,,,
24859,12/25/25 06:30:00,22.776,,,,,
24860,12/25/25 06:45:00,22.585,,,,,
24861,12/25/25 07:00:00,22.609,,,,,
24862,12/25/25 07:15:00,22.609,,,,,
24863,12/25/25 07:30:00,22.633,,,,,
24864,12/25/25 07:45:00,22.824,,,,,
24865,12/25/25 08:00:00,23.088,,,,,
24866,12/25/25 08:15:00,23.304,,,,,
24867,12/25/25 08:30:00,23.184,,,,,
24868,12/25/25 08:45:00,22.824,,,,,
24869,12/25/25 09:00:00,22.633,,,,,
24870,12/25/25 09:15:00,22.872,,,,,
24871,12/25/25 09:30:00,23.256,,,,,
24872,12/25/25 09:45:00,23.497,,,,,
24873,12/25/25 10:00:00,23.280,,,,,
24874,12/25/25 10:15:00,22.992,,,,,
24875,12/25/25 10:30:00,22.872,,,,,
24876,12/25/25 10:45:00,22.872,,,,,
24877,12/25/25 11:00:00,23.232,,,,,
24878,12/25/25 11:15:00,23.497,,,,,
24879,12/25/25 11:30:00,23.641,,,,,
24880,12/25/25 11:45:00,23.232,,,,,
24881,12/25/25 12:00:00,22.944,,,,,
24882,12/25/25 12:15:00,22.944,,,,,
24883,12/25/25 12:30:00,23.328,,,,,
24884,12/25/25 12:45:00,23.569,,,,,
24885,12/25/25 13:00:00,23.545,,,,,
24886,12/25/25 13:15:00,23.160,,,,,
24887,12/25/25 13:30:00,22.896,,,,,
24888,12/25/25 13:45:00,22.872,,,,,
24889,12/25/25 14:00:00,23.256,,,,,
24890,12/25/25 14:15:00,23.521,,,,,
24891,12/25/25 14:30:00,23.472,,,,,
24892,12/25/25 14:45:00,23.040,,,,,
24893,12/25/25 15:00:00,22.776,,,,,
24894,12/25/25 15:15:00,22.800,,,,,
24895,12/25/25 15:30:00,23.184,,,,,
24896,12/25/25 15:45:00,23.448,,,,,
24897,12/25/25 16:00:00,23.424,,,,,
24898,12/25/25 16:15:00,23.064,,,,,
24899,12/25/25 16:30:00,22.824,,,,,
24900,12/25/25 16:45:00,22.657,,,,,
24901,12/25/25 17:00:00,22.968,,,,,
24902,12/25/25 17:15:00,23.256,,,,,
24903,12/25/25 17:30:00,23.376,,,,,
24904,12/25/25 17:45:00,22.968,,,,,
24905,12/25/25 18:00:00,22.681,,,,,
24906,12/25/25 18:15:00,22.992,,,,,
24907,12/25/25 18:30:00,23.232,,,,,
24908,12/25/25 18:45:00,23.016,,,,,
24909,12/25/25 19:00:00,22.633,,,,,
24910,12/25/25 19:15:00,22.848,,,,,
24911,12/25/25 19:30:00,23.088,,,,,
24912,12/25/25 19:45:00,23.256,,,,,
24913,12/25/25 20:00:00,22.920,,,,,
24914,12/25/25 20:15:00,22.609,,,,,
24915,12/25/25 20:30:00,22.920,,,,,
24916,12/25/25 20:45:00,23.136,,,,,
24917,12/25/25 21:00:00,23.256,,,,,
24918,12/25/25 21:15:00,22.968,,,,,
24919,12/25/25 21:30:00,22.633,,,,,
24920,12/25/25 21:45:00,22.920,,,,,
24921,12/25/25 22:00:00,23.112,,,,,
24922,12/25/25 22:15:00,23.280,,,,,
24923,12/25/25 22:30:00,23.376,,,,,
24924,12/25/25 22:45:00,23.448,,,,,
24925,12/25/25 23:00:00,23.497,,,,,
24926,12/25/25 23:15:00,23.545,,,,,
24927,12/25/25 23:30:00,23.545,,,,,
24928,12/25/25 23:45:00,23.569,,,,,
24929,12/26/25 00:00:00,23.569,,,,,
24930,12/26/25 00:15:00,23.617,,,,,
24931,12/26/25 00:30:00,23.641,,,,,
24932,12/26/25 00:45:00,23.689,,,,,
24933,12/26/25 01:00:00,23.713,,,,,
24934,12/26/25 01:15:00,23.737,,,,,
24935,12/26/25 01:30:00,23.761,,,,,
24936,12/26/25 01:45:00,23.785,,,,,
24937,12/26/25 02:00:00,23.785,,,,,
24938,12/26/25 02:15:00,23.809,,,,,
24939,12/26/25 02:30:00,23.833,,,,,
24940,12/26/25 02:45:00,23.833,,,,,
24941,12/26/25 03:00:00,23.857,,,,,
24942,12/26/25 03:15:00,23.857,,,,,
24943,12/26/25 03:30:00,23.881,,,,,
24944,12/26/25 03:45:00,23.905,,,,,
24945,12/26/25 04:00:00,23.905,,,,,
24946,12/26/25 04:15:00,23.905,,,,,
24947,12/26/25 04:30:00,23.905,,,,,
24948,12/26/25 04:45:00,23.930,,,,,
24949,12/26/25 05:00:00,23.930,,,,,
24950,12/26/25 05:15:00,23.930,,,,,
24951,12/26/25 05:30:00,23.905,,,,,
24952,12/26/25 05:45:00,23.809,,,,,
24953,12/26/25 06:00:00,23.761,,,,,
24954,12/26/25 06:15:00,23.376,,,,,
24955,12/26/25 06:30:00,22.872,,,,,
24956,12/26/25 06:45:00,22.561,,,,,
24957,12/26/25 07:00:00,22.753,,,,,
24958,12/26/25 07:15:00,23.016,,,,,
24959,12/26/25 07:30:00,23.376,,,,,
24960,12/26/25 07:45:00,23.689,,,,,
24961,12/26/25 08:00:00,23.064,,,,,
24962,12/26/25 08:15:00,22.896,,,,,
24963,12/26/25 08:30:00,23.400,,,,,
24964,12/26/25 08:45:00,23.881,,,,,
24965,12/26/25 09:00:00,23.978,,,,,
24966,12/26/25 09:15:00,23.665,,,,,
24967,12/26/25 09:30:00,23.785,,,,,
24968,12/26/25 09:45:00,24.122,,,,,
24969,12/26/25 10:00:00,23.857,,,,,
24970,12/26/25 10:15:00,23.593,,,,,
24971,12/26/25 10:30:00,23.641,,,,,
24972,12/26/25 10:45:00,23.713,,,,,
24973,12/26/25 11:00:00,23.400,,,,,
24974,12/26/25 11:15:00,23.665,,,,,
24975,12/26/25 11:30:00,23.930,,,,,
24976,12/26/25 11:45:00,23.737,,,,,
24977,12/26/25 12:00:00,23.400,,,,,
24978,12/26/25 12:15:00,23.184,,,,,
24979,12/26/25 12:30:00,23.064,,,,,
24980,12/26/25 12:45:00,23.208,,,,,
24981,12/26/25 13:00:00,23.569,,,,,
24982,12/26/25 13:15:00,23.400,,,,,
24983,12/26/25 13:30:00,23.136,,,,,
24984,12/26/25 13:45:00,23.088,,,,,
24985,12/26/25 14:00:00,23.136,,,,,
24986,12/26/25 14:15:00,23.160,,,,,
24987,12/26/25 14:30:00,23.064,,,,,
24988,12/26/25 14:45:00,22.968,,,,,
24989,12/26/25 15:00:00,22.920,,,,,
24990,12/26/25 15:15:00,22.872,,,,,
24991,12/26/25 15:30:00,22.776,,,,,
24992,12/26/25 15:45:00,22.705,,,,,
24993,12/26/25 16:00:00,22.681,,,,,
24994,12/26/25 16:15:00,22.657,,,,,
24995,12/26/25 16:30:00,22.657,,,,,
24996,12/26/25 16:45:00,22.633,,,,,
24997,12/26/25 17:00:00,22.633,,,,,
24998,12/26/25 17:15:00,22.633,,,,,
24999,12/26/25 17:30:00,22.920,,,,,
25000,12/26/25 17:45:00,22.920,,,,,
25001,12/26/25 18:00:00,22.872,,,,,
25002,12/26/25 18:15:00,22.776,,,,,
25003,12/26/25 18:30:00,22.753,,,,,
25004,12/26/25 18:45:00,22.968,,,,,
25005,12/26/25 19:00:00,23.136,,,,,
25006,12/26/25 19:15:00,23.064,,,,,
25007,12/26/25 19:30:00,22.633,,,,,
25008,12/26/25 19:45:00,22.681,,,,,
25009,12/26/25 20:00:00,22.944,,,,,
25010,12/26/25 20:15:00,22.968,,,,,
25011,12/26/25 20:30:00,22.776,,,,,
25012,12/26/25 20:45:00,22.824,,,,,
25013,12/26/25 21:00:00,23.016,,,,,
25014,12/26/25 21:15:00,23.064,,,,,
25015,12/26/25 21:30:00,22.681,,,,,
25016,12/26/25 21:45:00,22.705,,,,,
25017,12/26/25 22:00:00,22.944,,,,,
25018,12/26/25 22:15:00,23.112,,,,,
25019,12/26/25 22:30:00,23.208,,,,,
25020,12/26/25 22:45:00,23.280,,,,,
25021,12/26/25 23:00:00,23.328,,,,,
25022,12/26/25 23:15:00,23.352,,,,,
25023,12/26/25 23:30:00,23.376,,,,,
25024,12/26/25 23:45:00,23.376,,,,,
25025,12/27/25 00:00:00,23.400,,,,,
25026,12/27/25 00:15:00,23.400,,,,,
25027,12/27/25 00:30:00,23.448,,,,,
25028,12/27/25 00:45:00,23.472,,,,,
25029,12/27/25 01:00:00,23.521,,,,,
25030,12/27/25 01:15:00,23.545,,,,,
25031,12/27/25 01:30:00,23.593,,,,,
25032,12/27/25 01:45:00,23.593,,,,,
25033,12/27/25 02:00:00,23.617,,,,,
25034,12/27/25 02:15:00,23.641,,,,,
25035,12/27/25 02:30:00,23.665,,,,,
25036,12/27/25 02:45:00,23.665,,,,,
25037,12/27/25 03:00:00,23.689,,,,,
25038,12/27/25 03:15:00,23.689,,,,,
25039,12/27/25 03:30:00,23.689,,,,,
25040,12/27/25 03:45:00,23.713,,,,,
25041,12/27/25 04:00:00,23.713,,,,,
25042,12/27/25 04:15:00,23.713,,,,,
25043,12/27/25 04:30:00,23.713,,,,,
25044,12/27/25 04:45:00,23.713,,,,,
25045,12/27/25 05:00:00,23.713,,,,,
25046,12/27/25 05:15:00,23.713,,,,,
25047,12/27/25 05:30:00,23.713,,,,,
25048,12/27/25 05:45:00,23.617,,,,,
25049,12/27/25 06:00:00,23.569,,,,,
25050,12/27/25 06:15:00,22.968,,,,,
25051,12/27/25 06:30:00,22.465,,,,,
25052,12/27/25 06:45:00,22.345,,,,,
25053,12/27/25 07:00:00,22.609,,,,,
25054,12/27/25 07:15:00,22.848,,,,,
25055,12/27/25 07:30:00,23.088,,,,,
25056,12/27/25 07:45:00,23.256,,,,,
25057,12/27/25 08:00:00,22.776,,,,,
25058,12/27/25 08:15:00,22.944,,,,,
25059,12/27/25 08:30:00,23.400,,,,,
25060,12/27/25 08:45:00,23.713,,,,,
25061,12/27/25 09:00:00,23.521,,,,,
25062,12/27/25 09:15:00,23.352,,,,,
25063,12/27/25 09:30:00,23.304,,,,,
25064,12/27/25 09:45:00,23.689,,,,,
25065,12/27/25 10:00:00,23.881,,,,,
25066,12/27/25 10:15:00,23.593,,,,,
25067,12/27/25 10:30:00,23.400,,,,,
25068,12/27/25 10:45:00,23.497,,,,,
25069,12/27/25 11:00:00,23.761,,,,,
25070,12/27/25 11:15:00,23.521,,,,,
25071,12/27/25 11:30:00,23.208,,,,,
25072,12/27/25 11:45:00,23.040,,,,,
25073,12/27/25 12:00:00,22.896,,,,,
25074,12/27/25 12:15:00,23.232,,,,,
25075,12/27/25 12:30:00,23.400,,,,,
25076,12/27/25 12:45:00,23.352,,,,,
25077,12/27/25 13:00:00,23.304,,,,,
25078,12/27/25 13:15:00,23.256,,,,,
25079,12/27/25 13:30:00,23.232,,,,,
25080,12/27/25 13:45:00,23.208,,,,,
25081,12/27/25 14:00:00,23.184,,,,,
25082,12/27/25 14:15:00,23.160,,,,,
25083,12/27/25 14:30:00,23.136,,,,,
25084,12/27/25 14:45:00,23.112,,,,,
25085,12/27/25 15:00:00,23.064,,,,,
25086,12/27/25 15:15:00,23.088,,,,,
25087,12/27/25 15:30:00,23.064,,,,,
25088,12/27/25 15:45:00,23.016,,,,,
25089,12/27/25 16:00:00,23.280,,,,,
25090,12/27/25 16:15:00,23.280,,,,,
25091,12/27/25 16:30:00,22.992,,,,,
25092,12/27/25 16:45:00,22.824,,,,,
25093,12/27/25 17:00:00,22.705,,,,,
25094,12/27/25 17:15:00,22.585,,,,,
25095,12/27/25 17:30:00,22.753,,,,,
25096,12/27/25 17:45:00,23.016,,,,,
25097,12/27/25 18:00:00,23.016,,,,,
25098,12/27/25 18:15:00,22.920,,,,,
25099,12/27/25 18:30:00,22.824,,,,,
25100,12/27/25 18:45:00,22.776,,,,,
25101,12/27/25 19:00:00,22.920,,,,,
25102,12/27/25 19:15:00,23.112,,,,,
25103,12/27/25 19:30:00,22.968,,,,,
25104,12/27/25 19:45:00,22.609,,,,,
25105,12/27/25 20:00:00,22.561,,,,,
25106,12/27/25 20:15:00,22.872,,,,,
25107,12/27/25 20:30:00,22.968,,,,,
25108,12/27/25 20:45:00,22.800,,,,,
25109,12/27/25 21:00:00,22.585,,,,,
25110,12/27/25 21:15:00,22.705,,,,,
25111,12/27/25 21:30:00,22.920,,,,,
25112,12/27/25 21:45:00,23.040,,,,,
25113,12/27/25 22:00:00,22.992,,,,,
25114,12/27/25 22:15:00,22.968,,,,,
25115,12/27/25 22:30:00,23.088,,,,,
25116,12/27/25 22:45:00,23.160,,,,,
25117,12/27/25 23:00:00,23.208,,,,,
25118,12/27/25 23:15:00,23.232,,,,,
25119,12/27/25 23:30:00,23.256,,,,,
25120,12/27/25 23:45:00,23.280,,,,,
25121,12/28/25 00:00:00,23.328,,,,,
25122,12/28/25 00:15:00,23.376,,,,,
25123,12/28/25 00:30:00,23.424,,,,,
25124,12/28/25 00:45:00,23.448,,,,,
25125,12/28/25 01:00:00,23.472,,,,,
25126,12/28/25 01:15:00,23.497,,,,,
25127,12/28/25 01:30:00,23.521,,,,,
25128,12/28/25 01:45:00,23.545,,,,,
25129,12/28/25 02:00:00,23.545,,,,,
25130,12/28/25 02:15:00,23.569,,,,,
25131,12/28/25 02:30:00,23.569,,,,,
25132,12/28/25 02:45:00,23.593,,,,,
25133,12/28/25 03:00:00,23.593,,,,,
25134,12/28/25 03:15:00,23.593,,,,,
25135,12/28/25 03:30:00,23.617,,,,,
25136,12/28/25 03:45:00,23.617,,,,,
25137,12/28/25 04:00:00,23.617,,,,,
25138,12/28/25 04:15:00,23.641,,,,,
25139,12/28/25 04:30:00,23.641,,,,,
25140,12/28/25 04:45:00,23.641,,,,,
25141,12/28/25 05:00:00,23.641,,,,,
25142,12/28/25 05:15:00,23.641,,,,,
25143,12/28/25 05:30:00,23.617,,,,,
25144,12/28/25 05:45:00,23.545,,,,,
25145,12/28/25 06:00:00,23.497,,,,,
25146,12/28/25 06:15:00,22.872,,,,,
25147,12/28/25 06:30:00,22.393,,,,,
25148,12/28/25 06:45:00,22.321,,,,,
25149,12/28/25 07:00:00,22.609,,,,,
25150,12/28/25 07:15:00,22.824,,,,,
25151,12/28/25 07:30:00,22.992,,,,,
25152,12/28/25 07:45:00,23.136,,,,,
25153,12/28/25 08:00:00,22.681,,,,,
25154,12/28/25 08:15:00,22.776,,,,,
25155,12/28/25 08:30:00,23.232,,,,,
25156,12/28/25 08:45:00,23.665,,,,,
25157,12/28/25 09:00:00,23.593,,,,,
25158,12/28/25 09:15:00,23.328,,,,,
25159,12/28/25 09:30:00,23.256,,,,,
25160,12/28/25 09:45:00,23.665,,,,,
25161,12/28/25 10:00:00,23.833,,,,,
25162,12/28/25 10:15:00,23.472,,,,,
25163,12/28/25 10:30:00,23.136,,,,,
25164,12/28/25 10:45:00,23.232,,,,,
25165,12/28/25 11:00:00,23.521,,,,,
25166,12/28/25 11:15:00,23.641,,,,,
25167,12/28/25 11:30:00,23.400,,,,,
25168,12/28/25 11:45:00,23.304,,,,,
25169,12/28/25 12:00:00,23.256,,,,,
25170,12/28/25 12:15:00,23.232,,,,,
25171,12/28/25 12:30:00,23.184,,,,,
25172,12/28/25 12:45:00,23.112,,,,,
25173,12/28/25 13:00:00,23.016,,,,,
25174,12/28/25 13:15:00,22.968,,,,,
25175,12/28/25 13:30:00,22.944,,,,,
25176,12/28/25 13:45:00,22.920,,,,,
25177,12/28/25 14:00:00,22.896,,,,,
25178,12/28/25 14:15:00,22.920,,,,,
25179,12/28/25 14:30:00,22.824,,,,,
25180,12/28/25 14:45:00,22.609,,,,,
25181,12/28/25 15:00:00,22.753,,,,,
25182,12/28/25 15:15:00,22.729,,,,,
25183,12/28/25 15:30:00,22.776,,,,,
25184,12/28/25 15:45:00,22.920,,,,,
25185,12/28/25 16:00:00,23.016,,,,,
25186,12/28/25 16:15:00,23.088,,,,,
25187,12/28/25 16:30:00,23.088,,,,,
25188,12/28/25 16:45:00,23.088,,,,,
25189,12/28/25 17:00:00,23.064,,,,,
25190,12/28/25 17:15:00,23.016,,,,,
25191,12/28/25 17:30:00,22.920,,,,,
25192,12/28/25 17:45:00,22.824,,,,,
25193,12/28/25 18:00:00,22.705,,,,,
25194,12/28/25 18:15:00,22.609,,,,,
25195,12/28/25 18:30:00,22.561,,,,,
25196,12/28/25 18:45:00,22.633,,,,,
25197,12/28/25 19:00:00,22.896,,,,,
25198,12/28/25 19:15:00,22.968,,,,,
25199,12/28/25 19:30:00,22.776,,,,,
25200,12/28/25 19:45:00,22.609,,,,,
25201,12/28/25 20:00:00,22.513,,,,,
25202,12/28/25 20:15:00,22.585,,,,,
25203,12/28/25 20:30:00,22.824,,,,,
25204,12/28/25 20:45:00,22.992,,,,,
25205,12/28/25 21:00:00,22.896,,,,,
25206,12/28/25 21:15:00,22.537,,,,,
25207,12/28/25 21:30:00,22.633,,,,,
25208,12/28/25 21:45:00,22.848,,,,,
25209,12/28/25 22:00:00,22.896,,,,,
25210,12/28/25 22:15:00,22.920,,,,,
25211,12/28/25 22:30:00,23.040,,,,,
25212,12/28/25 22:45:00,23.112,,,,,
25213,12/28/25 23:00:00,23.160,,,,,
25214,12/28/25 23:15:00,23.208,,,,,
25215,12/28/25 23:30:00,23.232,,,,,
25216,12/28/25 23:45:00,23.256,,,,,
25217,12/29/25 00:00:00,23.304,,,,,
25218,12/29/25 00:15:00,23.328,,,,,
25219,12/29/25 00:30:00,23.376,,,,,
25220,12/29/25 00:45:00,23.424,,,,,
25221,12/29/25 01:00:00,23.472,,,,,
25222,12/29/25 01:15:00,23.497,,,,,
25223,12/29/25 01:30:00,23.521,,,,,
25224,12/29/25 01:45:00,23.569,,,,,
25225,12/29/25 02:00:00,23.593,,,,,
25226,12/29/25 02:15:00,23.617,,,,,
25227,12/29/25 02:30:00,23.641,,,,,
25228,12/29/25 02:45:00,23.665,,,,,
25229,12/29/25 03:00:00,23.689,,,,,
25230,12/29/25 03:15:00,23.713,,,,,
25231,12/29/25 03:30:00,23.737,,,,,
25232,12/29/25 03:45:00,23.761,,,,,
25233,12/29/25 04:00:00,23.785,,,,,
25234,12/29/25 04:15:00,23.809,,,,,
25235,12/29/25 04:30:00,23.809,,,,,
25236,12/29/25 04:45:00,23.833,,,,,
25237,12/29/25 05:00:00,23.857,,,,,
25238,12/29/25 05:15:00,23.857,,,,,
25239,12/29/25 05:30:00,23.833,,,,,
25240,12/29/25 05:45:00,23.761,,,,,
25241,12/29/25 06:00:00,23.713,,,,,
25242,12/29/25 06:15:00,23.208,,,,,
25243,12/29/25 06:30:00,22.489,,,,,
25244,12/29/25 06:45:00,22.417,,,,,
25245,12/29/25 07:00:00,22.441,,,,,
25246,12/29/25 07:15:00,22.609,,,,,
25247,12/29/25 07:30:00,22.920,,,,,
25248,12/29/25 07:45:00,23.256,,,,,
25249,12/29/25 08:00:00,22.872,,,,,
25250,12/29/25 08:15:00,22.753,,,,,
25251,12/29/25 08:30:00,23.112,,,,,
25252,12/29/25 08:45:00,23.521,,,,,
25253,12/29/25 09:00:00,23.665,,,,,
25254,12/29/25 09:15:00,23.280,,,,,
25255,12/29/25 09:30:00,23.016,,,,,
25256,12/29/25 09:45:00,23.400,,,,,
25257,12/29/25 10:00:00,23.737,,,,,
25258,12/29/25 10:15:00,23.497,,,,,
25259,12/29/25 10:30:00,23.256,,,,,
25260,12/29/25 10:45:00,23.112,,,,,
25261,12/29/25 11:00:00,23.016,,,,,
25262,12/29/25 11:15:00,22.968,,,,,
25263,12/29/25 11:30:00,23.304,,,,,
25264,12/29/25 11:45:00,23.545,,,,,
25265,12/29/25 12:00:00,23.400,,,,,
25266,12/29/25 12:15:00,23.064,,,,,
25267,12/29/25 12:30:00,22.872,,,,,
25268,12/29/25 12:45:00,22.729,,,,,
25269,12/29/25 13:00:00,23.112,,,,,
25270,12/29/25 13:15:00,23.352,,,,,
25271,12/29/25 13:30:00,23.064,,,,,
25272,12/29/25 13:45:00,22.800,,,,,
25273,12/29/25 14:00:00,22.609,,,,,
25274,12/29/25 14:15:00,22.681,,,,,
25275,12/29/25 14:30:00,23.064,,,,,
25276,12/29/25 14:45:00,23.232,,,,,
25277,12/29/25 15:00:00,23.040,,,,,
25278,12/29/25 15:15:00,22.872,,,,,
25279,12/29/25 15:30:00,22.776,,,,,
25280,12/29/25 15:45:00,22.705,,,,,
25281,12/29/25 16:00:00,23.040,,,,,
25282,12/29/25 16:15:00,23.280,,,,,
25283,12/29/25 16:30:00,23.112,,,,,
25284,12/29/25 16:45:00,22.800,,,,,
25285,12/29/25 17:00:00,22.681,,,,,
25286,12/29/25 17:15:00,23.040,,,,,
25287,12/29/25 17:30:00,23.016,,,,,
25288,12/29/25 17:45:00,22.729,,,,,
25289,12/29/25 18:00:00,22.633,,,,,
25290,12/29/25 18:15:00,22.920,,,,,
25291,12/29/25 18:30:00,23.016,,,,,
25292,12/29/25 18:45:00,22.824,,,,,
25293,12/29/25 19:00:00,22.681,,,,,
25294,12/29/25 19:15:00,22.896,,,,,
25295,12/29/25 19:30:00,23.064,,,,,
25296,12/29/25 19:45:00,23.184,,,,,
25297,12/29/25 20:00:00,22.848,,,,,
25298,12/29/25 20:15:00,22.513,,,,,
25299,12/29/25 20:30:00,22.393,,,,,
25300,12/29/25 20:45:00,22.729,,,,,
25301,12/29/25 21:00:00,22.800,,,,,
25302,12/29/25 21:15:00,22.657,,,,,
25303,12/29/25 21:30:00,22.848,,,,,
25304,12/29/25 21:45:00,22.992,,,,,
25305,12/29/25 22:00:00,23.088,,,,,
25306,12/29/25 22:15:00,23.184,,,,,
25307,12/29/25 22:30:00,23.280,,,,,
25308,12/29/25 22:45:00,23.328,,,,,
25309,12/29/25 23:00:00,23.352,,,,,
25310,12/29/25 23:15:00,23.352,,,,,
25311,12/29/25 23:30:00,23.376,,,,,
25312,12/29/25 23:45:00,23.376,,,,,
25313,12/30/25 00:00:00,23.376,,,,,
25314,12/30/25 00:15:00,23.376,,,,,
25315,12/30/25 00:30:00,23.424,,,,,
25316,12/30/25 00:45:00,23.472,,,,,
25317,12/30/25 01:00:00,23.497,,,,,
25318,12/30/25 01:15:00,23.521,,,,,
25319,12/30/25 01:30:00,23.545,,,,,
25320,12/30/25 01:45:00,23.569,,,,,
25321,12/30/25 02:00:00,23.569,,,,,
25322,12/30/25 02:15:00,23.593,,,,,
25323,12/30/25 02:30:00,23.617,,,,,
25324,12/30/25 02:45:00,23.617,,,,,
25325,12/30/25 03:00:00,23.641,,,,,
25326,12/30/25 03:15:00,23.641,,,,,
25327,12/30/25 03:30:00,23.665,,,,,
25328,12/30/25 03:45:00,23.665,,,,,
25329,12/30/25 04:00:00,23.689,,,,,
25330,12/30/25 04:15:00,23.689,,,,,
25331,12/30/25 04:30:00,23.689,,,,,
25332,12/30/25 04:45:00,23.713,,,,,
25333,12/30/25 05:00:00,23.713,,,,,
25334,12/30/25 05:15:00,23.713,,,,,
25335,12/30/25 05:30:00,23.689,,,,,
25336,12/30/25 05:45:00,23.593,,,,,
25337,12/30/25 06:00:00,23.545,,,,,
25338,12/30/25 06:15:00,22.968,,,,,
25339,12/30/25 06:30:00,22.537,,,,,
25340,12/30/25 06:45:00,22.345,,,,,
25341,12/30/25 07:00:00,22.393,,,,,
25342,12/30/25 07:15:00,22.681,,,,,
25343,12/30/25 07:30:00,22.896,,,,,
25344,12/30/25 07:45:00,23.136,,,,,
25345,12/30/25 08:00:00,22.800,,,,,
25346,12/30/25 08:15:00,22.657,,,,,
25347,12/30/25 08:30:00,22.944,,,,,
25348,12/30/25 08:45:00,23.448,,,,,
25349,12/30/25 09:00:00,23.689,,,,,
25350,12/30/25 09:15:00,23.424,,,,,
25351,12/30/25 09:30:00,23.232,,,,,
25352,12/30/25 09:45:00,23.184,,,,,
25353,12/30/25 10:00:00,23.545,,,,,
25354,12/30/25 10:15:00,23.593,,,,,
25355,12/30/25 10:30:00,23.352,,,,,
25356,12/30/25 10:45:00,23.136,,,,,
25357,12/30/25 11:00:00,23.088,,,,,
25358,12/30/25 11:15:00,23.424,,,,,
25359,12/30/25 11:30:00,23.448,,,,,
25360,12/30/25 11:45:00,23.160,,,,,
25361,12/30/25 12:00:00,22.992,,,,,
25362,12/30/25 12:15:00,22.872,,,,,
25363,12/30/25 12:30:00,22.824,,,,,
25364,12/30/25 12:45:00,22.824,,,,,
25365,12/30/25 13:00:00,23.016,,,,,
25366,12/30/25 13:15:00,23.304,,,,,
25367,12/30/25 13:30:00,23.256,,,,,
25368,12/30/25 13:45:00,23.160,,,,,
25369,12/30/25 14:00:00,23.088,,,,,
25370,12/30/25 14:15:00,23.064,,,,,
25371,12/30/25 14:30:00,23.016,,,,,
25372,12/30/25 14:45:00,22.992,,,,,
25373,12/30/25 15:00:00,22.992,,,,,
25374,12/30/25 15:15:00,22.992,,,,,
25375,12/30/25 15:30:00,22.968,,,,,
25376,12/30/25 15:45:00,22.968,,,,,
25377,12/30/25 16:00:00,22.968,,,,,
25378,12/30/25 16:15:00,22.896,,,,,
25379,12/30/25 16:30:00,22.896,,,,,
25380,12/30/25 16:45:00,22.872,,,,,
25381,12/30/25 17:00:00,22.872,,,,,
25382,12/30/25 17:15:00,22.896,,,,,
25383,12/30/25 17:30:00,23.208,,,,,
25384,12/30/25 17:45:00,23.016,,,,,
25385,12/30/25 18:00:00,22.705,,,,,
25386,12/30/25 18:15:00,22.513,,,,,
25387,12/30/25 18:30:00,22.753,,,,,
25388,12/30/25 18:45:00,22.968,,,,,
25389,12/30/25 19:00:00,22.848,,,,,
25390,12/30/25 19:15:00,22.705,,,,,
25391,12/30/25 19:30:00,22.609,,,,,
25392,12/30/25 19:45:00,22.753,,,,,
25393,12/30/25 20:00:00,22.992,,,,,
25394,12/30/25 20:15:00,23.016,,,,,
25395,12/30/25 20:30:00,22.633,,,,,
25396,12/30/25 20:45:00,22.585,,,,,
25397,12/30/25 21:00:00,22.848,,,,,
25398,12/30/25 21:15:00,22.920,,,,,
25399,12/30/25 21:30:00,22.585,,,,,
25400,12/30/25 21:45:00,22.561,,,,,
25401,12/30/25 22:00:00,22.824,,,,,
25402,12/30/25 22:15:00,22.992,,,,,
25403,12/30/25 22:30:00,23.112,,,,,
25404,12/30/25 22:45:00,23.184,,,,,
25405,12/30/25 23:00:00,23.256,,,,,
25406,12/30/25 23:15:00,23.280,,,,,
25407,12/30/25 23:30:00,23.304,,,,,
25408,12/30/25 23:45:00,23.328,,,,,
25409,12/31/25 00:00:00,23.328,,,,,
25410,12/31/25 00:15:00,23.376,,,,,
25411,12/31/25 00:30:00,23.400,,,,,
25412,12/31/25 00:45:00,23.448,,,,,
25413,12/31/25 01:00:00,23.472,,,,,
25414,12/31/25 01:15:00,23.521,,,,,
25415,12/31/25 01:30:00,23.545,,,,,
25416,12/31/25 01:45:00,23.569,,,,,
25417,12/31/25 02:00:00,23.593,,,,,
25418,12/31/25 02:15:00,23.617,,,,,
25419,12/31/25 02:30:00,23.641,,,,,
25420,12/31/25 02:45:00,23.641,,,,,
25421,12/31/25 03:00:00,23.665,,,,,
25422,12/31/25 03:15:00,23.689,,,,,
25423,12/31/25 03:30:00,23.689,,,,,
25424,12/31/25 03:45:00,23.713,,,,,
25425,12/31/25 04:00:00,23.737,,,,,
25426,12/31/25 04:15:00,23.737,,,,,
25427,12/31/25 04:30:00,23.761,,,,,
25428,12/31/25 04:45:00,23.761,,,,,
25429,12/31/25 05:00:00,23.761,,,,,
25430,12/31/25 05:15:00,23.785,,,,,
25431,12/31/25 05:30:00,23.737,,,,,
25432,12/31/25 05:45:00,23.665,,,,,
25433,12/31/25 06:00:00,23.641,,,,,
25434,12/31/25 06:15:00,23.064,,,,,
25435,12/31/25 06:30:00,22.441,,,,,
25436,12/31/25 06:45:00,22.369,,,,,
25437,12/31/25 07:00:00,22.393,,,,,
25438,12/31/25 07:15:00,22.705,,,,,
25439,12/31/25 07:30:00,22.920,,,,,
25440,12/31/25 07:45:00,22.992,,,,,
25441,12/31/25 08:00:00,22.729,,,,,
25442,12/31/25 08:15:00,22.729,,,,,
25443,12/31/25 08:30:00,23.040,,,,,
25444,12/31/25 08:45:00,23.352,,,,,
25445,12/31/25 09:00:00,23.737,,,,,
25446,12/31/25 09:15:00,23.497,,,,,
25447,12/31/25 09:30:00,23.256,,,,,
25448,12/31/25 09:45:00,23.497,,,,,
25449,12/31/25 10:00:00,23.665,,,,,
25450,12/31/25 10:15:00,23.400,,,,,
25451,12/31/25 10:30:00,23.304,,,,,
25452,12/31/25 10:45:00,23.208,,,,,
25453,12/31/25 11:00:00,23.521,,,,,
25454,12/31/25 11:15:00,23.400,,,,,
25455,12/31/25 11:30:00,23.184,,,,,
25456,12/31/25 11:45:00,23.064,,,,,
25457,12/31/25 12:00:00,22.968,,,,,
25458,12/31/25 12:15:00,22.896,,,,,
25459,12/31/25 12:30:00,22.872,,,,,
25460,12/31/25 12:45:00,22.872,,,,,
25461,12/31/25 13:00:00,22.896,,,,,
25462,12/31/25 13:15:00,22.920,,,,,
25463,12/31/25 13:30:00,22.944,,,,,
25464,12/31/25 13:45:00,22.920,,,,,
25465,12/31/25 14:00:00,22.920,,,,,
25466,12/31/25 14:15:00,22.944,,,,,
25467,12/31/25 14:30:00,22.944,,,,,
25468,12/31/25 14:45:00,22.920,,,,,
25469,12/31/25 15:00:00,22.896,,,,,
25470,12/31/25 15:15:00,22.872,,,,,
25471,12/31/25 15:30:00,22.848,,,,,
25472,12/31/25 15:45:00,22.800,,,,,
25473,12/31/25 16:00:00,22.776,,,,,
25474,12/31/25 16:15:00,22.896,,,,,
25475,12/31/25 16:30:00,23.136,,,,,
25476,12/31/25 16:45:00,23.040,,,,,
25477,12/31/25 17:00:00,22.920,,,,,
25478,12/31/25 17:15:00,22.824,,,,,
25479,12/31/25 17:30:00,22.753,,,,,
25480,12/31/25 17:45:00,22.681,,,,,
25481,12/31/25 18:00:00,22.944,,,,,
25482,12/31/25 18:15:00,23.112,,,,,
25483,12/31/25 18:30:00,22.944,,,,,
25484,12/31/25 18:45:00,22.800,,,,,
25485,12/31/25 19:00:00,22.729,,,,,
25486,12/31/25 19:15:00,22.753,,,,,
25487,12/31/25 19:30:00,23.016,,,,,
25488,12/31/25 19:45:00,23.064,,,,,
25489,12/31/25 20:00:00,22.729,,,,,
25490,12/31/25 20:15:00,22.561,,,,,
25491,12/31/25 20:30:00,22.872,,,,,
25492,12/31/25 20:45:00,23.016,,,,,
25493,12/31/25 21:00:00,22.872,,,,,
25494,12/31/25 21:15:00,22.705,,,,,
25495,12/31/25 21:30:00,22.705,,,,,
25496,12/31/25 21:45:00,22.944,,,,,
25497,12/31/25 22:00:00,22.824,,,,,
25498,12/31/25 22:15:00,22.896,,,,,
25499,12/31/25 22:30:00,23.088,,,,,
25500,12/31/25 22:45:00,23.184,,,,,
25501,12/31/25 23:00:00,23.256,,,,,
25502,12/31/25 23:15:00,23.304,,,,,
25503,12/31/25 23:30:00,23.352,,,,,
25504,12/31/25 23:45:00,23.376,,,,,
25505,01/01/26 00:00:00,23.400,,,,,
25506,01/01/26 00:15:00,23.448,,,,,
25507,01/01/26 00:30:00,23.497,,,,,
25508,01/01/26 00:45:00,23.545,,,,,
25509,01/01/26 01:00:00,23.593,,,,,
25510,01/01/26 01:15:00,23.641,,,,,
25511,01/01/26 01:30:00,23.665,,,,,
25512,01/01/26 01:45:00,23.689,,,,,
25513,01/01/26 02:00:00,23.713,,,,,
25514,01/01/26 02:15:00,23.761,,,,,
25515,01/01/26 02:30:00,23.785,,,,,
25516,01/01/26 02:45:00,23.809,,,,,
25517,01/01/26 03:00:00,23.833,,,,,
25518,01/01/26 03:15:00,23.857,,,,,
25519,01/01/26 03:30:00,23.881,,,,,
25520,01/01/26 03:45:00,23.905,,,,,
25521,01/01/26 04:00:00,23.905,,,,,
25522,01/01/26 04:15:00,23.930,,,,,
25523,01/01/26 04:30:00,23.954,,,,,
25524,01/01/26 04:45:00,23.954,,,,,
25525,01/01/26 05:00:00,23.978,,,,,
25526,01/01/26 05:15:00,23.978,,,,,
25527,01/01/26 05:30:00,23.905,,,,,
25528,01/01/26 05:45:00,23.833,,,,,
25529,01/01/26 06:00:00,23.761,,,,,
25530,01/01/26 06:15:00,23.256,,,,,
25531,01/01/26 06:30:00,22.537,,,,,
25532,01/01/26 06:45:00,22.465,,,,,
25533,01/01/26 07:00:00,22.489,,,,,
25534,01/01/26 07:15:00,22.776,,,,,
25535,01/01/26 07:30:00,23.064,,,,,
25536,01/01/26 07:45:00,23.184,,,,,
25537,01/01/26 08:00:00,22.729,,,,,
25538,01/01/26 08:15:00,22.585,,,,,
25539,01/01/26 08:30:00,22.896,,,,,
25540,01/01/26 08:45:00,23.112,,,,,
25541,01/01/26 09:00:00,23.280,,,,,
25542,01/01/26 09:15:00,23.352,,,,,
25543,01/01/26 09:30:00,22.896,,,,,
25544,01/01/26 09:45:00,22.705,,,,,
25545,01/01/26 10:00:00,23.088,,,,,
25546,01/01/26 10:15:00,23.352,,,,,
25547,01/01/26 10:30:00,23.521,,,,,
25548,01/01/26 10:45:00,23.088,,,,,
25549,01/01/26 11:00:00,22.824,,,,,
25550,01/01/26 11:15:00,22.968,,,,,
25551,01/01/26 11:30:00,23.304,,,,,
25552,01/01/26 11:45:00,23.545,,,,,
25553,01/01/26 12:00:00,23.328,,,,,
25554,01/01/26 12:15:00,23.040,,,,,
25555,01/01/26 12:30:00,22.896,,,,,
25556,01/01/26 12:45:00,22.753,,,,,
25557,01/01/26 13:00:00,22.992,,,,,
25558,01/01/26 13:15:00,23.352,,,,,
25559,01/01/26 13:30:00,23.448,,,,,
25560,01/01/26 13:45:00,23.064,,,,,
25561,01/01/26 14:00:00,22.848,,,,,
25562,01/01/26 14:15:00,22.800,,,,,
25563,01/01/26 14:30:00,22.705,,,,,
25564,01/01/26 14:45:00,23.136,,,,,
25565,01/01/26 15:00:00,23.328,,,,,
25566,01/01/26 15:15:00,23.064,,,,,
25567,01/01/26 15:30:00,22.872,,,,,
25568,01/01/26 15:45:00,22.729,,,,,
25569,01/01/26 16:00:00,22.657,,,,,
25570,01/01/26 16:15:00,22.633,,,,,
25571,01/01/26 16:30:00,22.609,,,,,
25572,01/01/26 16:45:00,22.657,,,,,
25573,01/01/26 17:00:00,23.088,,,,,
25574,01/01/26 17:15:00,23.208,,,,,
25575,01/01/26 17:30:00,22.872,,,,,
25576,01/01/26 17:45:00,22.681,,,,,
25577,01/01/26 18:00:00,22.824,,,,,
25578,01/01/26 18:15:00,23.112,,,,,
25579,01/01/26 18:30:00,22.944,,,,,
25580,01/01/26 18:45:00,22.681,,,,,
25581,01/01/26 19:00:00,22.585,,,,,
25582,01/01/26 19:15:00,22.920,,,,,
25583,01/01/26 19:30:00,23.112,,,,,
25584,01/01/26 19:45:00,22.800,,,,,
25585,01/01/26 20:00:00,22.657,,,,,
25586,01/01/26 20:15:00,22.968,,,,,
25587,01/01/26 20:30:00,23.160,,,,,
25588,01/01/26 20:45:00,22.848,,,,,
25589,01/01/26 21:00:00,22.561,,,,,
25590,01/01/26 21:15:00,22.585,,,,,
25591,01/01/26 21:30:00,22.896,,,,,
25592,01/01/26 21:45:00,23.088,,,,,
25593,01/01/26 22:00:00,23.040,,,,,
25594,01/01/26 22:15:00,23.040,,,,,
25595,01/01/26 22:30:00,23.208,,,,,
25596,01/01/26 22:45:00,23.304,,,,,
25597,01/01/26 23:00:00,23.376,,,,,
25598,01/01/26 23:15:00,23.448,,,,,
25599,01/01/26 23:30:00,23.472,,,,,
25600,01/01/26 23:45:00,23.521,,,,,
25601,01/02/26 00:00:00,23.593,,,,,
25602,01/02/26 00:15:00,23.641,,,,,
25603,01/02/26 00:30:00,23.689,,,,,
25604,01/02/26 00:45:00,23.737,,,,,
25605,01/02/26 01:00:00,23.785,,,,,
25606,01/02/26 01:15:00,23.809,,,,,
25607,01/02/26 01:30:00,23.857,,,,,
25608,01/02/26 01:45:00,23.881,,,,,
25609,01/02/26 02:00:00,23.905,,,,,
25610,01/02/26 02:15:00,23.930,,,,,
25611,01/02/26 02:30:00,23.978,,,,,
25612,01/02/26 02:45:00,24.002,,,,,
25613,01/02/26 03:00:00,24.026,,,,,
25614,01/02/26 03:15:00,24.050,,,,,
25615,01/02/26 03:30:00,24.074,,,,,
25616,01/02/26 03:45:00,24.098,,,,,
25617,01/02/26 04:00:00,24.122,,,,,
25618,01/02/26 04:15:00,24.122,,,,,
25619,01/02/26 04:30:00,24.146,,,,,
25620,01/02/26 04:45:00,24.171,,,,,
25621,01/02/26 05:00:00,24.195,,,,,
25622,01/02/26 05:15:00,24.219,,,,,
25623,01/02/26 05:30:00,24.146,,,,,
25624,01/02/26 05:45:00,24.050,,,,,
25625,01/02/26 06:00:00,24.002,,,,,
25626,01/02/26 06:15:00,23.569,,,,,
25627,01/02/26 06:30:00,22.800,,,,,
25628,01/02/26 06:45:00,22.633,,,,,
25629,01/02/26 07:00:00,22.609,,,,,
25630,01/02/26 07:15:00,22.633,,,,,
25631,01/02/26 07:30:00,22.944,,,,,
25632,01/02/26 07:45:00,23.160,,,,,
25633,01/02/26 08:00:00,22.872,,,,,
25634,01/02/26 08:15:00,22.681,,,,,
25635,01/02/26 08:30:00,22.920,,,,,
25636,01/02/26 08:45:00,23.232,,,,,
25637,01/02/26 09:00:00,23.160,,,,,
25638,01/02/26 09:15:00,22.800,,,,,
25639,01/02/26 09:30:00,22.681,,,,,
25640,01/02/26 09:45:00,23.040,,,,,
25641,01/02/26 10:00:00,23.424,,,,,
25642,01/02/26 10:15:00,23.472,,,,,
25643,01/02/26 10:30:00,23.160,,,,,
25644,01/02/26 10:45:00,22.992,,,,,
25645,01/02/26 11:00:00,22.920,,,,,
25646,01/02/26 11:15:00,22.848,,,,,
25647,01/02/26 11:30:00,23.112,,,,,
25648,01/02/26 11:45:00,23.448,,,,,
25649,01/02/26 12:00:00,23.280,,,,,
25650,01/02/26 12:15:00,23.064,,,,,
25651,01/02/26 12:30:00,22.968,,,,,
25652,01/02/26 12:45:00,22.944,,,,,
25653,01/02/26 13:00:00,22.920,,,,,
25654,01/02/26 13:15:00,22.896,,,,,
25655,01/02/26 13:30:00,22.872,,,,,
25656,01/02/26 13:45:00,22.848,,,,,
25657,01/02/26 14:00:00,22.824,,,,,
25658,01/02/26 14:15:00,22.776,,,,,
25659,01/02/26 14:30:00,22.753,,,,,
25660,01/02/26 14:45:00,22.753,,,,,
25661,01/02/26 15:00:00,22.753,,,,,
25662,01/02/26 15:15:00,22.729,,,,,
25663,01/02/26 15:30:00,22.705,,,,,
25664,01/02/26 15:45:00,22.705,,,,,
25665,01/02/26 16:00:00,22.681,,,,,
25666,01/02/26 16:15:00,22.657,,,,,
25667,01/02/26 16:30:00,22.633,,,,,
25668,01/02/26 16:45:00,22.633,,,,,
25669,01/02/26 17:00:00,22.609,,,,,
25670,01/02/26 17:15:00,22.561,,,,,
25671,01/02/26 17:30:00,22.513,,,,,
25672,01/02/26 17:45:00,22.537,,,,,
25673,01/02/26 18:00:00,22.585,,,,,
25674,01/02/26 18:15:00,22.585,,,,,
25675,01/02/26 18:30:00,22.824,,,,,
25676,01/02/26 18:45:00,23.184,,,,,
25677,01/02/26 19:00:00,23.256,,,,,
25678,01/02/26 19:15:00,22.968,,,,,
25679,01/02/26 19:30:00,22.896,,,,,
25680,01/02/26 19:45:00,23.160,,,,,
25681,01/02/26 20:00:00,22.944,,,,,
25682,01/02/26 20:15:00,22.657,,,,,
25683,01/02/26 20:30:00,22.585,,,,,
25684,01/02/26 20:45:00,22.920,,,,,
25685,01/02/26 21:00:00,23.112,,,,,
25686,01/02/26 21:15:00,22.800,,,,,
25687,01/02/26 21:30:00,22.537,,,,,
25688,01/02/26 21:45:00,22.681,,,,,
25689,01/02/26 22:00:00,22.968,,,,,
25690,01/02/26 22:15:00,23.160,,,,,
25691,01/02/26 22:30:00,23.304,,,,,
25692,01/02/26 22:45:00,23.400,,,,,
25693,01/02/26 23:00:00,23.448,,,,,
25694,01/02/26 23:15:00,23.497,,,,,
25695,01/02/26 23:30:00,23.521,,,,,
25696,01/02/26 23:45:00,23.569,,,,,
25697,01/03/26 00:00:00,23.593,,,,,
25698,01/03/26 00:15:00,23.617,,,,,
25699,01/03/26 00:30:00,23.641,,,,,
25700,01/03/26 00:45:00,23.665,,,,,
25701,01/03/26 01:00:00,23.737,,,,,
25702,01/03/26 01:15:00,23.785,,,,,
25703,01/03/26 01:30:00,23.833,,,,,
25704,01/03/26 01:45:00,23.857,,,,,
25705,01/03/26 02:00:00,23.881,,,,,
25706,01/03/26 02:15:00,23.930,,,,,
25707,01/03/26 02:30:00,23.954,,,,,
25708,01/03/26 02:45:00,23.978,,,,,
25709,01/03/26 03:00:00,24.026,,,,,
25710,01/03/26 03:15:00,24.050,,,,,
25711,01/03/26 03:30:00,24.074,,,,,
25712,01/03/26 03:45:00,24.098,,,,,
25713,01/03/26 04:00:00,24.122,,,,,
25714,01/03/26 04:15:00,24.146,,,,,
25715,01/03/26 04:30:00,24.171,,,,,
25716,01/03/26 04:45:00,24.195,,,,,
25717,01/03/26 05:00:00,24.219,,,,,
25718,01/03/26 05:15:00,24.219,,,,,
25719,01/03/26 05:30:00,24.146,,,,,
25720,01/03/26 05:45:00,24.050,,,,,
25721,01/03/26 06:00:00,24.002,,,,,
25722,01/03/26 06:15:00,23.545,,,,,
25723,01/03/26 06:30:00,22.753,,,,,
25724,01/03/26 06:45:00,22.633,,,,,
25725,01/03/26 07:00:00,22.585,,,,,
25726,01/03/26 07:15:00,22.513,,,,,
25727,01/03/26 07:30:00,22.729,,,,,
25728,01/03/26 07:45:00,24.195,,,,,
25729,01/03/26 08:00:00,23.424,,,,,
25730,01/03/26 08:15:00,23.352,,,,,
25731,01/03/26 08:30:00,23.400,,,,,
25732,01/03/26 08:45:00,23.521,,,,,
25733,01/03/26 09:00:00,23.881,,,,,
25734,01/03/26 09:15:00,24.146,,,,,
25735,01/03/26 09:30:00,23.737,,,,,
25736,01/03/26 09:45:00,23.545,,,,,
25737,01/03/26 10:00:00,23.448,,,,,
25738,01/03/26 10:15:00,23.617,,,,,
25739,01/03/26 10:30:00,23.761,,,,,
25740,01/03/26 10:45:00,23.569,,,,,
25741,01/03/26 11:00:00,23.376,,,,,
25742,01/03/26 11:15:00,23.280,,,,,
25743,01/03/26 11:30:00,23.208,,,,,
25744,01/03/26 11:45:00,23.184,,,,,
25745,01/03/26 12:00:00,23.136,,,,,
25746,01/03/26 12:15:00,23.112,,,,,
25747,01/03/26 12:30:00,23.064,,,,,
25748,01/03/26 12:45:00,23.064,,,,,
25749,01/03/26 13:00:00,23.016,,,,,
25750,01/03/26 13:15:00,23.016,,,,,
25751,01/03/26 13:30:00,23.016,,,,,
25752,01/03/26 13:45:00,23.016,,,,,
25753,01/03/26 14:00:00,22.992,,,,,
25754,01/03/26 14:15:00,23.016,,,,,
25755,01/03/26 14:30:00,23.016,,,,,
25756,01/03/26 14:45:00,23.040,,,,,
25757,01/03/26 15:00:00,23.040,,,,,
25758,01/03/26 15:15:00,23.064,,,,,
25759,01/03/26 15:30:00,23.064,,,,,
25760,01/03/26 15:45:00,23.016,,,,,
25761,01/03/26 16:00:00,22.944,,,,,
25762,01/03/26 16:15:00,22.896,,,,,
25763,01/03/26 16:30:00,22.872,,,,,
25764,01/03/26 16:45:00,22.824,,,,,
25765,01/03/26 17:00:00,22.753,,,,,
25766,01/03/26 17:15:00,22.705,,,,,
25767,01/03/26 17:30:00,22.657,,,,,
25768,01/03/26 17:45:00,22.609,,,,,
25769,01/03/26 18:00:00,22.537,,,,,
25770,01/03/26 18:15:00,22.489,,,,,
25771,01/03/26 18:30:00,22.465,,,,,
25772,01/03/26 18:45:00,22.441,,,,,
25773,01/03/26 19:00:00,22.489,,,,,
25774,01/03/26 19:15:00,22.824,,,,,
25775,01/03/26 19:30:00,22.944,,,,,
25776,01/03/26 19:45:00,22.872,,,,,
25777,01/03/26 20:00:00,22.753,,,,,
25778,01/03/26 20:15:00,22.681,,,,,
25779,01/03/26 20:30:00,22.872,,,,,
25780,01/03/26 20:45:00,23.136,,,,,
25781,01/03/26 21:00:00,23.208,,,,,
25782,01/03/26 21:15:00,22.872,,,,,
25783,01/03/26 21:30:00,22.657,,,,,
25784,01/03/26 21:45:00,22.968,,,,,
25785,01/03/26 22:00:00,23.064,,,,,
25786,01/03/26 22:15:00,23.136,,,,,
25787,01/03/26 22:30:00,23.328,,,,,
25788,01/03/26 22:45:00,23.424,,,,,
25789,01/03/26 23:00:00,23.497,,,,,
25790,01/03/26 23:15:00,23.545,,,,,
25791,01/03/26 23:30:00,23.593,,,,,
25792,01/03/26 23:45:00,23.641,,,,,
25793,01/04/26 00:00:00,23.665,,,,,
25794,01/04/26 00:15:00,23.713,,,,,
25795,01/04/26 00:30:00,23.785,,,,,
25796,01/04/26 00:45:00,23.833,,,,,
25797,01/04/26 01:00:00,23.881,,,,,
25798,01/04/26 01:15:00,23.930,,,,,
25799,01/04/26 01:30:00,23.978,,,,,
25800,01/04/26 01:45:00,24.002,,,,,
25801,01/04/26 02:00:00,24.050,,,,,
25802,01/04/26 02:15:00,24.074,,,,,
25803,01/04/26 02:30:00,24.122,,,,,
25804,01/04/26 02:45:00,24.146,,,,,
25805,01/04/26 03:00:00,24.171,,,,,
25806,01/04/26 03:15:00,24.195,,,,,
25807,01/04/26 03:30:00,24.219,,,,,
25808,01/04/26 03:45:00,24.267,,,,,
25809,01/04/26 04:00:00,24.267,,,,,
25810,01/04/26 04:15:00,24.291,,,,,
25811,01/04/26 04:30:00,24.315,,,,,
25812,01/04/26 04:45:00,24.339,,,,,
25813,01/04/26 05:00:00,24.363,,,,,
25814,01/04/26 05:15:00,24.363,,,,,
25815,01/04/26 05:30:00,24.267,,,,,
25816,01/04/26 05:45:00,24.195,,,,,
25817,01/04/26 06:00:00,24.122,,,,,
25818,01/04/26 06:15:00,23.665,,,,,
25819,01/04/26 06:30:00,22.920,,,,,
25820,01/04/26 06:45:00,22.657,,,,,
25821,01/04/26 07:00:00,22.657,,,,,
25822,01/04/26 07:15:00,22.609,,,,,
25823,01/04/26 07:30:00,22.585,,,,,
25824,01/04/26 07:45:00,22.944,,,,,
25825,01/04/26 08:00:00,23.208,,,,,
25826,01/04/26 08:15:00,23.256,,,,,
25827,01/04/26 08:30:00,23.040,,,,,
25828,01/04/26 08:45:00,22.992,,,,,
25829,01/04/26 09:00:00,23.160,,,,,
25830,01/04/26 09:15:00,23.256,,,,,
25831,01/04/26 09:30:00,23.665,,,,,
25832,01/04/26 09:45:00,23.713,,,,,
25833,01/04/26 10:00:00,23.521,,,,,
25834,01/04/26 10:15:00,23.424,,,,,
25835,01/04/26 10:30:00,23.352,,,,,
25836,01/04/26 10:45:00,23.328,,,,,
25837,01/04/26 11:00:00,23.689,,,,,
25838,01/04/26 11:15:00,23.569,,,,,
25839,01/04/26 11:30:00,23.376,,,,,
25840,01/04/26 11:45:00,23.256,,,,,
25841,01/04/26 12:00:00,23.208,,,,,
25842,01/04/26 12:15:00,23.136,,,,,
25843,01/04/26 12:30:00,23.136,,,,,
25844,01/04/26 12:45:00,23.112,,,,,
25845,01/04/26 13:00:00,23.112,,,,,
25846,01/04/26 13:15:00,23.112,,,,,
25847,01/04/26 13:30:00,23.112,,,,,
25848,01/04/26 13:45:00,23.112,,,,,
25849,01/04/26 14:00:00,23.112,,,,,
25850,01/04/26 14:15:00,23.112,,,,,
25851,01/04/26 14:30:00,23.112,,,,,
25852,01/04/26 14:45:00,23.088,,,,,
25853,01/04/26 15:00:00,23.088,,,,,
25854,01/04/26 15:15:00,23.088,,,,,
25855,01/04/26 15:30:00,23.088,,,,,
25856,01/04/26 15:45:00,23.112,,,,,
25857,01/04/26 16:00:00,23.112,,,,,
25858,01/04/26 16:15:00,23.112,,,,,
25859,01/04/26 16:30:00,23.112,,,,,
25860,01/04/26 16:45:00,23.064,,,,,
25861,01/04/26 17:00:00,23.016,,,,,
25862,01/04/26 17:15:00,22.992,,,,,
25863,01/04/26 17:30:00,22.944,,,,,
25864,01/04/26 17:45:00,22.896,,,,,
25865,01/04/26 18:00:00,22.848,,,,,
25866,01/04/26 18:15:00,22.800,,,,,
25867,01/04/26 18:30:00,22.753,,,,,
25868,01/04/26 18:45:00,22.705,,,,,
25869,01/04/26 19:00:00,22.657,,,,,
25870,01/04/26 19:15:00,22.633,,,,,
25871,01/04/26 19:30:00,22.585,,,,,
25872,01/04/26 19:45:00,22.561,,,,,
25873,01/04/26 20:00:00,22.513,,,,,
25874,01/04/26 20:15:00,22.753,,,,,
25875,01/04/26 20:30:00,23.016,,,,,
25876,01/04/26 20:45:00,22.968,,,,,
25877,01/04/26 21:00:00,22.872,,,,,
25878,01/04/26 21:15:00,22.824,,,,,
25879,01/04/26 21:30:00,22.776,,,,,
25880,01/04/26 21:45:00,22.776,,,,,
25881,01/04/26 22:00:00,22.729,,,,,
25882,01/04/26 22:15:00,22.968,,,,,
25883,01/04/26 22:30:00,23.232,,,,,
25884,01/04/26 22:45:00,23.424,,,,,
25885,01/04/26 23:00:00,23.521,,,,,
25886,01/04/26 23:15:00,23.617,,,,,
25887,01/04/26 23:30:00,23.689,,,,,
25888,01/04/26 23:45:00,23.737,,,,,
25889,01/05/26 00:00:00,23.785,,,,,
25890,01/05/26 00:15:00,23.833,,,,,
25891,01/05/26 00:30:00,23.905,,,,,
25892,01/05/26 00:45:00,23.978,,,,,
25893,01/05/26 01:00:00,24.050,,,,,
25894,01/05/26 01:15:00,24.098,,,,,
25895,01/05/26 01:30:00,24.146,,,,,
25896,01/05/26 01:45:00,24.195,,,,,
25897,01/05/26 02:00:00,24.219,,,,,
25898,01/05/26 02:15:00,24.267,,,,,
25899,01/05/26 02:30:00,24.291,,,,,
25900,01/05/26 02:45:00,24.339,,,,,
25901,01/05/26 03:00:00,24.363,,,,,
25902,01/05/26 03:15:00,24.412,,,,,
25903,01/05/26 03:30:00,24.436,,,,,
25904,01/05/26 03:45:00,24.460,,,,,
25905,01/05/26 04:00:00,24.484,,,,,
25906,01/05/26 04:15:00,24.508,,,,,
25907,01/05/26 04:30:00,24.532,,,,,
25908,01/05/26 04:45:00,24.557,,,,,
25909,01/05/26 05:00:00,24.581,,,,,
25910,01/05/26 05:15:00,24.508,,,,,
25911,01/05/26 05:30:00,24.412,,,,,
25912,01/05/26 05:45:00,24.339,,,,,
25913,01/05/26 06:00:00,24.291,,,,,
25914,01/05/26 06:15:00,23.881,,,,,
25915,01/05/26 06:30:00,23.136,,,,,
25916,01/05/26 06:45:00,22.705,,,,,
25917,01/05/26 07:00:00,22.729,,,,,
25918,01/05/26 07:15:00,22.776,,,,,
25919,01/05/26 07:30:00,22.800,,,,,
25920,01/05/26 07:45:00,23.978,,,,,
25921,01/05/26 08:00:00,23.208,,,,,
25922,01/05/26 08:15:00,23.304,,,,,
25923,01/05/26 08:30:00,23.785,,,,,
25924,01/05/26 08:45:00,23.785,,,,,
25925,01/05/26 09:00:00,23.785,,,,,
25926,01/05/26 09:15:00,23.713,,,,,
25927,01/05/26 09:30:00,23.665,,,,,
25928,01/05/26 09:45:00,23.617,,,,,
25929,01/05/26 10:00:00,23.593,,,,,
25930,01/05/26 10:15:00,23.545,,,,,
25931,01/05/26 10:30:00,23.521,,,,,
25932,01/05/26 10:45:00,23.497,,,,,
25933,01/05/26 11:00:00,23.881,,,,,
25934,01/05/26 11:15:00,23.833,,,,,
25935,01/05/26 11:30:00,23.665,,,,,
25936,01/05/26 11:45:00,23.569,,,,,
25937,01/05/26 12:00:00,23.497,,,,,
25938,01/05/26 12:15:00,23.448,,,,,
25939,01/05/26 12:30:00,23.424,,,,,
25940,01/05/26 12:45:00,23.400,,,,,
25941,01/05/26 13:00:00,23.400,,,,,
25942,01/05/26 13:15:00,23.400,,,,,
25943,01/05/26 13:30:00,23.400,,,,,
25944,01/05/26 13:45:00,23.400,,,,,
25945,01/05/26 14:00:00,23.400,,,,,
25946,01/05/26 14:15:00,23.400,,,,,
25947,01/05/26 14:30:00,23.400,,,,,
25948,01/05/26 14:45:00,23.400,,,,,
25949,01/05/26 15:00:00,23.400,,,,,
25950,01/05/26 15:15:00,23.400,,,,,
25951,01/05/26 15:30:00,23.448,,,,,
25952,01/05/26 15:45:00,23.448,,,,,
25953,01/05/26 16:00:00,23.424,,,,,
25954,01/05/26 16:15:00,23.400,,,,,
25955,01/05/26 16:30:00,23.400,,,,,
25956,01/05/26 16:45:00,23.400,,,,,
25957,01/05/26 17:00:00,23.376,,,,,
25958,01/05/26 17:15:00,23.304,,,,,
25959,01/05/26 17:30:00,23.232,,,,,
25960,01/05/26 17:45:00,23.184,,,,,
25961,01/05/26 18:00:00,23.208,,,,,
25962,01/05/26 18:15:00,23.208,,,,,
25963,01/05/26 18:30:00,23.208,,,,,
25964,01/05/26 18:45:00,23.184,,,,,
25965,01/05/26 19:00:00,23.160,,,,,
25966,01/05/26 19:15:00,23.064,,,,,
25967,01/05/26 19:30:00,22.968,,,,,
25968,01/05/26 19:45:00,22.896,,,,,
25969,01/05/26 20:00:00,22.848,,,,,
25970,01/05/26 20:15:00,22.776,,,,,
25971,01/05/26 20:30:00,22.705,,,,,
25972,01/05/26 20:45:00,22.657,,,,,
25973,01/05/26 21:00:00,22.585,,,,,
25974,01/05/26 21:15:00,22.561,,,,,
25975,01/05/26 21:30:00,22.800,,,,,
25976,01/05/26 21:45:00,23.064,,,,,
25977,01/05/26 22:00:00,23.064,,,,,
25978,01/05/26 22:15:00,23.184,,,,,
25979,01/05/26 22:30:00,23.400,,,,,
25980,01/05/26 22:45:00,23.545,,,,,
25981,01/05/26 23:00:00,23.641,,,,,
25982,01/05/26 23:15:00,23.737,,,,,
25983,01/05/26 23:30:00,23.809,,,,,
25984,01/05/26 23:45:00,23.881,,,,,
25985,01/06/26 00:00:00,23.930,,,,,
25986,01/06/26 00:15:00,23.978,,,,,
25987,01/06/26 00:30:00,24.050,,,,,
25988,01/06/26 00:45:00,24.098,,,,,
25989,01/06/26 01:00:00,24.171,,,,,
25990,01/06/26 01:15:00,24.219,,,,,
25991,01/06/26 01:30:00,24.267,,,,,
25992,01/06/26 01:45:00,24.315,,,,,
25993,01/06/26 02:00:00,24.339,,,,,
25994,01/06/26 02:15:00,24.363,,,,,
25995,01/06/26 02:30:00,24.412,,,,,
25996,01/06/26 02:45:00,24.436,,,,,
25997,01/06/26 03:00:00,24.460,,,,,
25998,01/06/26 03:15:00,24.484,,,,,
25999,01/06/26 03:30:00,24.532,,,,,
26000,01/06/26 03:45:00,24.557,,,,,
26001,01/06/26 04:00:00,24.581,,,,,
26002,01/06/26 04:15:00,24.605,,,,,
26003,01/06/26 04:30:00,24.629,,,,,
26004,01/06/26 04:45:00,24.653,,,,,
26005,01/06/26 05:00:00,24.677,,,,,
26006,01/06/26 05:15:00,24.605,,,,,
26007,01/06/26 05:30:00,24.508,,,,,
26008,01/06/26 05:45:00,24.436,,,,,
26009,01/06/26 06:00:00,24.388,,,,,
26010,01/06/26 06:15:00,23.978,,,,,
26011,01/06/26 06:30:00,23.208,,,,,
26012,01/06/26 06:45:00,22.776,,,,,
26013,01/06/26 07:00:00,22.800,,,,,
26014,01/06/26 07:15:00,22.848,,,,,
26015,01/06/26 07:30:00,22.872,,,,,
26016,01/06/26 07:45:00,23.785,,,,,
26017,01/06/26 08:00:00,23.112,,,,,
26018,01/06/26 08:15:00,23.136,,,,,
26019,01/06/26 08:30:00,23.424,,,,,
26020,01/06/26 08:45:00,23.521,,,,,
26021,01/06/26 09:00:00,23.352,,,,,
26022,01/06/26 09:15:00,23.376,,,,,
26023,01/06/26 09:30:00,23.304,,,,,
26024,01/06/26 09:45:00,23.280,,,,,
26025,01/06/26 10:00:00,23.352,,,,,
26026,01/06/26 10:15:00,23.737,,,,,
26027,01/06/26 10:30:00,23.689,,,,,
26028,01/06/26 10:45:00,23.497,,,,,
26029,01/06/26 11:00:00,23.352,,,,,
26030,01/06/26 11:15:00,23.472,,,,,
26031,01/06/26 11:30:00,23.785,,,,,
26032,01/06/26 11:45:00,23.593,,,,,
26033,01/06/26 12:00:00,23.424,,,,,
26034,01/06/26 12:15:00,23.328,,,,,
26035,01/06/26 12:30:00,23.208,,,,,
26036,01/06/26 12:45:00,23.160,,,,,
26037,01/06/26 13:00:00,23.064,,,,,
26038,01/06/26 13:15:00,23.016,,,,,
26039,01/06/26 13:30:00,23.352,,,,,
26040,01/06/26 13:45:00,23.545,,,,,
26041,01/06/26 14:00:00,23.472,,,,,
26042,01/06/26 14:15:00,23.352,,,,,
26043,01/06/26 14:30:00,23.232,,,,,
26044,01/06/26 14:45:00,23.184,,,,,
26045,01/06/26 15:00:00,23.112,,,,,
26046,01/06/26 15:15:00,23.088,,,,,
26047,01/06/26 15:30:00,23.040,,,,,
26048,01/06/26 15:45:00,22.992,,,,,
26049,01/06/26 16:00:00,22.944,,,,,
26050,01/06/26 16:15:00,22.896,,,,,
26051,01/06/26 16:30:00,22.848,,,,,
26052,01/06/26 16:45:00,22.776,,,,,
26053,01/06/26 17:00:00,22.753,,,,,
26054,01/06/26 17:15:00,22.681,,,,,
26055,01/06/26 17:30:00,22.609,,,,,
26056,01/06/26 17:45:00,22.585,,,,,
26057,01/06/26 18:00:00,22.537,,,,,
26058,01/06/26 18:15:00,22.633,,,,,
26059,01/06/26 18:30:00,22.968,,,,,
26060,01/06/26 18:45:00,22.944,,,,,
26061,01/06/26 19:00:00,22.824,,,,,
26062,01/06/26 19:15:00,22.729,,,,,
26063,01/06/26 19:30:00,22.681,,,,,
26064,01/06/26 19:45:00,22.657,,,,,
26065,01/06/26 20:00:00,22.824,,,,,
26066,01/06/26 20:15:00,23.112,,,,,
26067,01/06/26 20:30:00,23.280,,,,,
26068,01/06/26 20:45:00,22.992,,,,,
26069,01/06/26 21:00:00,22.633,,,,,
26070,01/06/26 21:15:00,22.657,,,,,
26071,01/06/26 21:30:00,22.968,,,,,
26072,01/06/26 21:45:00,23.136,,,,,
26073,01/06/26 22:00:00,22.800,,,,,
26074,01/06/26 22:15:00,22.896,,,,,
26075,01/06/26 22:30:00,23.112,,,,,
26076,01/06/26 22:45:00,23.256,,,,,
26077,01/06/26 23:00:00,23.352,,,,,
26078,01/06/26 23:15:00,23.424,,,,,
26079,01/06/26 23:30:00,23.472,,,,,
26080,01/06/26 23:45:00,23.497,,,,,
26081,01/07/26 00:00:00,23.545,,,,,
26082,01/07/26 00:15:00,23.569,,,,,
26083,01/07/26 00:30:00,23.641,,,,,
26084,01/07/26 00:45:00,23.689,,,,,
26085,01/07/26 01:00:00,23.737,,,,,
26086,01/07/26 01:15:00,23.785,,,,,
26087,01/07/26 01:30:00,23.809,,,,,
26088,01/07/26 01:45:00,23.857,,,,,
26089,01/07/26 02:00:00,23.881,,,,,
26090,01/07/26 02:15:00,23.905,,,,,
26091,01/07/26 02:30:00,23.930,,,,,
26092,01/07/26 02:45:00,23.954,,,,,
26093,01/07/26 03:00:00,23.978,,,,,
26094,01/07/26 03:15:00,24.002,,,,,
26095,01/07/26 03:30:00,24.026,,,,,
26096,01/07/26 03:45:00,24.050,,,,,
26097,01/07/26 04:00:00,24.050,,,,,
26098,01/07/26 04:15:00,24.074,,,,,
26099,01/07/26 04:30:00,24.098,,,,,
26100,01/07/26 04:45:00,24.098,,,,,
26101,01/07/26 05:00:00,24.122,,,,,
26102,01/07/26 05:15:00,24.122,,,,,
26103,01/07/26 05:30:00,24.050,,,,,
26104,01/07/26 05:45:00,23.954,,,,,
26105,01/07/26 06:00:00,23.881,,,,,
26106,01/07/26 06:15:00,23.400,,,,,
26107,01/07/26 06:30:00,22.609,,,,,
26108,01/07/26 06:45:00,22.465,,,,,
26109,01/07/26 07:00:00,22.465,,,,,
26110,01/07/26 07:15:00,22.513,,,,,
26111,01/07/26 07:30:00,22.776,,,,,
26112,01/07/26 07:45:00,24.460,,,,,
26113,01/07/26 08:00:00,23.328,,,,,
26114,01/07/26 08:15:00,23.280,,,,,
26115,01/07/26 08:30:00,23.304,,,,,
26116,01/07/26 08:45:00,23.448,,,,,
26117,01/07/26 09:00:00,23.593,,,,,
26118,01/07/26 09:15:00,23.641,,,,,
26119,01/07/26 09:30:00,23.521,,,,,
26120,01/07/26 09:45:00,23.448,,,,,
26121,01/07/26 10:00:00,23.497,,,,,
26122,01/07/26 10:15:00,23.545,,,,,
26123,01/07/26 10:30:00,23.617,,,,,
26124,01/07/26 10:45:00,23.713,,,,,
26125,01/07/26 11:00:00,23.737,,,,,
26126,01/07/26 11:15:00,23.761,,,,,
26127,01/07/26 11:30:00,23.785,,,,,
26128,01/07/26 11:45:00,23.761,,,,,
26129,01/07/26 12:00:00,23.545,,,,,
26130,01/07/26 12:15:00,23.256,,,,,
26131,01/07/26 12:30:00,23.136,,,,,
26132,01/07/26 12:45:00,23.064,,,,,
26133,01/07/26 13:00:00,23.112,,,,,
26134,01/07/26 13:15:00,23.232,,,,,
26135,01/07/26 13:30:00,23.304,,,,,
26136,01/07/26 13:45:00,23.376,,,,,
26137,01/07/26 14:00:00,23.497,,,,,
26138,01/07/26 14:15:00,23.328,,,,,
26139,01/07/26 14:30:00,23.232,,,,,
26140,01/07/26 14:45:00,23.160,,,,,
26141,01/07/26 15:00:00,23.088,,,,,
26142,01/07/26 15:15:00,23.112,,,,,
26143,01/07/26 15:30:00,23.184,,,,,
26144,01/07/26 15:45:00,23.304,,,,,
26145,01/07/26 16:00:00,23.472,,,,,
26146,01/07/26 16:15:00,23.352,,,,,
26147,01/07/26 16:30:00,23.184,,,,,
26148,01/07/26 16:45:00,23.232,,,,,
26149,01/07/26 17:00:00,23.256,,,,,
26150,01/07/26 17:15:00,23.208,,,,,
26151,01/07/26 17:30:00,23.136,,,,,
26152,01/07/26 17:45:00,23.088,,,,,
26153,01/07/26 18:00:00,23.064,,,,,
26154,01/07/26 18:15:00,23.016,,,,,
26155,01/07/26 18:30:00,22.944,,,,,
26156,01/07/26 18:45:00,22.872,,,,,
26157,01/07/26 19:00:00,22.824,,,,,
26158,01/07/26 19:15:00,23.016,,,,,
26159,01/07/26 19:30:00,23.112,,,,,
26160,01/07/26 19:45:00,22.968,,,,,
26161,01/07/26 20:00:00,22.848,,,,,
26162,01/07/26 20:15:00,22.753,,,,,
26163,01/07/26 20:30:00,22.681,,,,,
26164,01/07/26 20:45:00,22.585,,,,,
26165,01/07/26 21:00:00,22.681,,,,,
26166,01/07/26 21:15:00,22.992,,,,,
26167,01/07/26 21:30:00,23.184,,,,,
26168,01/07/26 21:45:00,22.896,,,,,
26169,01/07/26 22:00:00,22.633,,,,,
26170,01/07/26 22:15:00,22.776,,,,,
26171,01/07/26 22:30:00,23.064,,,,,
26172,01/07/26 22:45:00,23.256,,,,,
26173,01/07/26 23:00:00,23.352,,,,,
26174,01/07/26 23:15:00,23.424,,,,,
26175,01/07/26 23:30:00,23.448,,,,,
26176,01/07/26 23:45:00,23.472,,,,,
26177,01/08/26 00:00:00,23.497,,,,,
26178,01/08/26 00:15:00,23.545,,,,,
26179,01/08/26 00:30:00,23.593,,,,,
26180,01/08/26 00:45:00,23.641,,,,,
26181,01/08/26 01:00:00,23.689,,,,,
26182,01/08/26 01:15:00,23.713,,,,,
26183,01/08/26 01:30:00,23.737,,,,,
26184,01/08/26 01:45:00,23.785,,,,,
26185,01/08/26 02:00:00,23.785,,,,,
26186,01/08/26 02:15:00,23.833,,,,,
26187,01/08/26 02:30:00,23.857,,,,,
26188,01/08/26 02:45:00,23.881,,,,,
26189,01/08/26 03:00:00,23.905,,,,,
26190,01/08/26 03:15:00,23.905,,,,,
26191,01/08/26 03:30:00,23.930,,,,,
26192,01/08/26 03:45:00,23.954,,,,,
26193,01/08/26 04:00:00,23.954,,,,,
26194,01/08/26 04:15:00,23.978,,,,,
26195,01/08/26 04:30:00,24.002,,,,,
26196,01/08/26 04:45:00,24.002,,,,,
26197,01/08/26 05:00:00,24.026,,,,,
26198,01/08/26 05:15:00,24.026,,,,,
26199,01/08/26 05:30:00,23.930,,,,,
26200,01/08/26 05:45:00,23.833,,,,,
26201,01/08/26 06:00:00,23.785,,,,,
26202,01/08/26 06:15:00,23.304,,,,,
26203,01/08/26 06:30:00,22.753,,,,,
26204,01/08/26 06:45:00,22.633,,,,,
26205,01/08/26 07:00:00,22.537,,,,,
26206,01/08/26 07:15:00,22.705,,,,,
26207,01/08/26 07:30:00,22.968,,,,,
26208,01/08/26 07:45:00,24.363,,,,,
26209,01/08/26 08:00:00,23.232,,,,,
26210,01/08/26 08:15:00,23.112,,,,,
26211,01/08/26 08:30:00,23.112,,,,,
26212,01/08/26 08:45:00,23.376,,,,,
26213,01/08/26 09:00:00,23.857,,,,,
26214,01/08/26 09:15:00,23.785,,,,,
26215,01/08/26 09:30:00,23.569,,,,,
26216,01/08/26 09:45:00,23.448,,,,,
26217,01/08/26 10:00:00,23.376,,,,,
26218,01/08/26 10:15:00,23.352,,,,,
26219,01/08/26 10:30:00,23.400,,,,,
26220,01/08/26 10:45:00,23.400,,,,,
26221,01/08/26 11:00:00,23.713,,,,,
26222,01/08/26 11:15:00,24.026,,,,,
26223,01/08/26 11:30:00,23.713,,,,,
26224,01/08/26 11:45:00,23.497,,,,,
26225,01/08/26 12:00:00,23.400,,,,,
26226,01/08/26 12:15:00,23.352,,,,,
26227,01/08/26 12:30:00,23.424,,,,,
26228,01/08/26 12:45:00,23.352,,,,,
26229,01/08/26 13:00:00,22.896,,,,,
26230,01/08/26 13:15:00,22.896,,,,,
26231,01/08/26 13:30:00,22.968,,,,,
26232,01/08/26 13:45:00,22.992,,,,,
26233,01/08/26 14:00:00,22.968,,,,,
26234,01/08/26 14:15:00,22.920,,,,,
26235,01/08/26 14:30:00,22.896,,,,,
26236,01/08/26 14:45:00,22.872,,,,,
26237,01/08/26 15:00:00,22.848,,,,,
26238,01/08/26 15:15:00,22.848,,,,,
26239,01/08/26 15:30:00,22.872,,,,,
26240,01/08/26 15:45:00,22.848,,,,,
26241,01/08/26 16:00:00,22.824,,,,,
26242,01/08/26 16:15:00,22.824,,,,,
26243,01/08/26 16:30:00,22.776,,,,,
26244,01/08/26 16:45:00,22.729,,,,,
26245,01/08/26 17:00:00,22.705,,,,,
26246,01/08/26 17:15:00,22.729,,,,,
26247,01/08/26 17:30:00,23.064,,,,,
26248,01/08/26 17:45:00,23.112,,,,,
26249,01/08/26 18:00:00,22.872,,,,,
26250,01/08/26 18:15:00,22.920,,,,,
26251,01/08/26 18:30:00,23.256,,,,,
26252,01/08/26 18:45:00,23.521,,,,,
26253,01/08/26 19:00:00,23.304,,,,,
26254,01/08/26 19:15:00,22.920,,,,,
26255,01/08/26 19:30:00,22.729,,,,,
26256,01/08/26 19:45:00,23.112,,,,,
26257,01/08/26 20:00:00,23.400,,,,,
26258,01/08/26 20:15:00,23.064,,,,,
26259,01/08/26 20:30:00,22.944,,,,,
26260,01/08/26 20:45:00,23.280,,,,,
26261,01/08/26 21:00:00,23.448,,,,,
26262,01/08/26 21:15:00,23.040,,,,,
26263,01/08/26 21:30:00,22.824,,,,,
26264,01/08/26 21:45:00,23.064,,,,,
26265,01/08/26 22:00:00,23.304,,,,,
26266,01/08/26 22:15:00,23.497,,,,,
26267,01/08/26 22:30:00,23.641,,,,,
26268,01/08/26 22:45:00,23.737,,,,,
26269,01/08/26 23:00:00,23.761,,,,,
26270,01/08/26 23:15:00,23.761,,,,,
26271,01/08/26 23:30:00,23.761,,,,,
26272,01/08/26 23:45:00,23.761,,,,,
26273,01/09/26 00:00:00,23.761,,,,,
26274,01/09/26 00:15:00,23.761,,,,,
26275,01/09/26 00:30:00,23.761,,,,,
26276,01/09/26 00:45:00,23.809,,,,,
26277,01/09/26 01:00:00,23.833,,,,,
26278,01/09/26 01:15:00,23.857,,,,,
26279,01/09/26 01:30:00,23.881,,,,,
26280,01/09/26 01:45:00,23.930,,,,,
26281,01/09/26 02:00:00,23.954,,,,,
26282,01/09/26 02:15:00,24.026,,,,,
26283,01/09/26 02:30:00,24.026,,,,,
26284,01/09/26 02:45:00,24.050,,,,,
26285,01/09/26 03:00:00,24.050,,,,,
26286,01/09/26 03:15:00,24.074,,,,,
26287,01/09/26 03:30:00,24.098,,,,,
26288,01/09/26 03:45:00,24.098,,,,,
26289,01/09/26 04:00:00,24.098,,,,,
26290,01/09/26 04:15:00,24.122,,,,,
26291,01/09/26 04:30:00,24.122,,,,,
26292,01/09/26 04:45:00,24.122,,,,,
26293,01/09/26 05:00:00,24.122,,,,,
26294,01/09/26 05:15:00,24.146,,,,,
26295,01/09/26 05:30:00,24.098,,,,,
26296,01/09/26 05:45:00,23.978,,,,,
26297,01/09/26 06:00:00,23.905,,,,,
26298,01/09/26 06:15:00,23.400,,,,,
26299,01/09/26 06:30:00,22.944,,,,,
26300,01/09/26 06:45:00,22.729,,,,,
26301,01/09/26 07:00:00,22.848,,,,,
26302,01/09/26 07:15:00,23.160,,,,,
26303,01/09/26 07:30:00,23.376,,,,,
26304,01/09/26 07:45:00,23.761,,,,,
26305,01/09/26 08:00:00,23.112,,,,,
26306,01/09/26 08:15:00,23.304,,,,,
26307,01/09/26 08:30:00,23.448,,,,,
26308,01/09/26 08:45:00,23.689,,,,,
26309,01/09/26 09:00:00,23.689,,,,,
26310,01/09/26 09:15:00,24.002,,,,,
26311,01/09/26 09:30:00,23.857,,,,,
26312,01/09/26 09:45:00,23.785,,,,,
26313,01/09/26 10:00:00,23.833,,,,,
26314,01/09/26 10:15:00,23.809,,,,,
26315,01/09/26 10:30:00,23.833,,,,,
26316,01/09/26 10:45:00,23.641,,,,,
26317,01/09/26 11:00:00,23.208,,,,,
26318,01/09/26 11:15:00,23.280,,,,,
26319,01/09/26 11:30:00,23.304,,,,,
26320,01/09/26 11:45:00,23.304,,,,,
26321,01/09/26 12:00:00,23.256,,,,,
26322,01/09/26 12:15:00,22.896,,,,,
26323,01/09/26 12:30:00,22.920,,,,,
26324,01/09/26 12:45:00,23.112,,,,,
26325,01/09/26 13:00:00,23.112,,,,,
26326,01/09/26 13:15:00,23.016,,,,,
26327,01/09/26 13:30:00,23.112,,,,,
26328,01/09/26 13:45:00,23.160,,,,,
26329,01/09/26 14:00:00,22.824,,,,,
26330,01/09/26 14:15:00,22.800,,,,,
26331,01/09/26 14:30:00,22.992,,,,,
26332,01/09/26 14:45:00,23.112,,,,,
26333,01/09/26 15:00:00,23.160,,,,,
26334,01/09/26 15:15:00,22.848,,,,,
26335,01/09/26 15:30:00,22.848,,,,,
26336,01/09/26 15:45:00,23.016,,,,,
26337,01/09/26 16:00:00,23.088,,,,,
26338,01/09/26 16:15:00,22.872,,,,,
26339,01/09/26 16:30:00,22.800,,,,,
26340,01/09/26 16:45:00,22.992,,,,,
26341,01/09/26 17:00:00,23.088,,,,,
26342,01/09/26 17:15:00,22.800,,,,,
26343,01/09/26 17:30:00,22.729,,,,,
26344,01/09/26 17:45:00,22.681,,,,,
26345,01/09/26 18:00:00,22.585,,,,,
26346,01/09/26 18:15:00,22.513,,,,,
26347,01/09/26 18:30:00,22.465,,,,,
26348,01/09/26 18:45:00,22.561,,,,,
26349,01/09/26 19:00:00,22.705,,,,,
26350,01/09/26 19:15:00,23.088,,,,,
26351,01/09/26 19:30:00,23.352,,,,,
26352,01/09/26 19:45:00,23.521,,,,,
26353,01/09/26 20:00:00,23.112,,,,,
26354,01/09/26 20:15:00,22.753,,,,,
26355,01/09/26 20:30:00,22.465,,,,,
26356,01/09/26 20:45:00,22.705,,,,,
26357,01/09/26 21:00:00,22.968,,,,,
26358,01/09/26 21:15:00,23.136,,,,,
26359,01/09/26 21:30:00,23.256,,,,,
26360,01/09/26 21:45:00,22.992,,,,,
26361,01/09/26 22:00:00,22.609,,,,,
26362,01/09/26 22:15:00,22.729,,,,,
26363,01/09/26 22:30:00,22.992,,,,,
26364,01/09/26 22:45:00,23.160,,,,,
26365,01/09/26 23:00:00,23.304,,,,,
26366,01/09/26 23:15:00,23.400,,,,,
26367,01/09/26 23:30:00,23.472,,,,,
26368,01/09/26 23:45:00,23.521,,,,,
26369,01/10/26 00:00:00,23.569,,,,,
26370,01/10/26 00:15:00,23.593,,,,,
26371,01/10/26 00:30:00,23.593,,,,,
26372,01/10/26 00:45:00,23.617,,,,,
26373,01/10/26 01:00:00,23.665,,,,,
26374,01/10/26 01:15:00,23.713,,,,,
26375,01/10/26 01:30:00,23.737,,,,,
26376,01/10/26 01:45:00,23.761,,,,,
26377,01/10/26 02:00:00,23.809,,,,,
26378,01/10/26 02:15:00,23.833,,,,,
26379,01/10/26 02:30:00,23.857,,,,,
26380,01/10/26 02:45:00,23.881,,,,,
26381,01/10/26 03:00:00,23.905,,,,,
26382,01/10/26 03:15:00,23.930,,,,,
26383,01/10/26 03:30:00,23.954,,,,,
26384,01/10/26 03:45:00,23.954,,,,,
26385,01/10/26 04:00:00,23.978,,,,,
26386,01/10/26 04:15:00,24.002,,,,,
26387,01/10/26 04:30:00,24.026,,,,,
26388,01/10/26 04:45:00,24.026,,,,,
26389,01/10/26 05:00:00,24.026,,,,,
26390,01/10/26 05:15:00,24.050,,,,,
26391,01/10/26 05:30:00,24.026,,,,,
26392,01/10/26 05:45:00,23.905,,,,,
26393,01/10/26 06:00:00,23.833,,,,,
26394,01/10/26 06:15:00,23.352,,,,,
26395,01/10/26 06:30:00,22.872,,,,,
26396,01/10/26 06:45:00,22.609,,,,,
26397,01/10/26 07:00:00,22.489,,,,,
26398,01/10/26 07:15:00,22.824,,,,,
26399,01/10/26 07:30:00,23.088,,,,,
26400,01/10/26 07:45:00,24.050,,,,,
26401,01/10/26 08:00:00,23.761,,,,,
26402,01/10/26 08:15:00,23.905,,,,,
26403,01/10/26 08:30:00,23.497,,,,,
26404,01/10/26 08:45:00,23.905,,,,,
26405,01/10/26 09:00:00,24.363,,,,,
26406,01/10/26 09:15:00,25.040,,,,,
26407,01/10/26 09:30:00,24.315,,,,,
26408,01/10/26 09:45:00,24.508,,,,,
26409,01/10/26 10:00:00,24.774,,,,,
26410,01/10/26 10:15:00,24.508,,,,,
26411,01/10/26 10:30:00,24.146,,,,,
26412,01/10/26 10:45:00,24.098,,,,,
26413,01/10/26 11:00:00,24.605,,,,,
26414,01/10/26 11:15:00,24.944,,,,,
26415,01/10/26 11:30:00,24.581,,,,,
26416,01/10/26 11:45:00,24.098,,,,,
26417,01/10/26 12:00:00,23.809,,,,,
26418,01/10/26 12:15:00,23.593,,,,,
26419,01/10/26 12:30:00,23.497,,,,,
26420,01/10/26 12:45:00,23.641,,,,,
26421,01/10/26 13:00:00,23.954,,,,,
26422,01/10/26 13:15:00,23.954,,,,,
26423,01/10/26 13:30:00,23.641,,,,,
26424,01/10/26 13:45:00,23.424,,,,,
26425,01/10/26 14:00:00,23.280,,,,,
26426,01/10/26 14:15:00,23.160,,,,,
26427,01/10/26 14:30:00,23.088,,,,,
26428,01/10/26 14:45:00,23.112,,,,,
26429,01/10/26 15:00:00,23.521,,,,,
26430,01/10/26 15:15:00,23.569,,,,,
26431,01/10/26 15:30:00,23.328,,,,,
26432,01/10/26 15:45:00,23.184,,,,,
26433,01/10/26 16:00:00,23.064,,,,,
26434,01/10/26 16:15:00,22.968,,,,,
26435,01/10/26 16:30:00,23.136,,,,,
26436,01/10/26 16:45:00,23.424,,,,,
26437,01/10/26 17:00:00,23.232,,,,,
26438,01/10/26 17:15:00,23.016,,,,,
26439,01/10/26 17:30:00,22.848,,,,,
26440,01/10/26 17:45:00,22.729,,,,,
26441,01/10/26 18:00:00,22.848,,,,,
26442,01/10/26 18:15:00,23.160,,,,,
26443,01/10/26 18:30:00,23.232,,,,,
26444,01/10/26 18:45:00,22.920,,,,,
26445,01/10/26 19:00:00,22.705,,,,,
26446,01/10/26 19:15:00,22.657,,,,,
26447,01/10/26 19:30:00,22.968,,,,,
26448,01/10/26 19:45:00,23.184,,,,,
26449,01/10/26 20:00:00,22.968,,,,,
26450,01/10/26 20:15:00,22.705,,,,,
26451,01/10/26 20:30:00,22.705,,,,,
26452,01/10/26 20:45:00,22.992,,,,,
26453,01/10/26 21:00:00,23.184,,,,,
26454,01/10/26 21:15:00,23.304,,,,,
26455,01/10/26 21:30:00,23.064,,,,,
26456,01/10/26 21:45:00,22.729,,,,,
26457,01/10/26 22:00:00,22.561,,,,,
26458,01/10/26 22:15:00,22.872,,,,,
26459,01/10/26 22:30:00,23.112,,,,,
26460,01/10/26 22:45:00,23.256,,,,,
26461,01/10/26 23:00:00,23.376,,,,,
26462,01/10/26 23:15:00,23.448,,,,,
26463,01/10/26 23:30:00,23.497,,,,,
26464,01/10/26 23:45:00,23.545,,,,,
26465,01/11/26 00:00:00,23.569,,,,,
26466,01/11/26 00:15:00,23.617,,,,,
26467,01/11/26 00:30:00,23.665,,,,,
26468,01/11/26 00:45:00,23.713,,,,,
26469,01/11/26 01:00:00,23.761,,,,,
26470,01/11/26 01:15:00,23.809,,,,,
26471,01/11/26 01:30:00,23.833,,,,,
26472,01/11/26 01:45:00,23.857,,,,,
26473,01/11/26 02:00:00,23.881,,,,,
26474,01/11/26 02:15:00,23.930,,,,,
26475,01/11/26 02:30:00,23.954,,,,,
26476,01/11/26 02:45:00,23.978,,,,,
26477,01/11/26 03:00:00,24.002,,,,,
26478,01/11/26 03:15:00,24.026,,,,,
26479,01/11/26 03:30:00,24.026,,,,,
26480,01/11/26 03:45:00,24.050,,,,,
26481,01/11/26 04:00:00,24.074,,,,,
26482,01/11/26 04:15:00,24.098,,,,,
26483,01/11/26 04:30:00,24.098,,,,,
26484,01/11/26 04:45:00,24.122,,,,,
26485,01/11/26 05:00:00,24.122,,,,,
26486,01/11/26 05:15:00,24.146,,,,,
26487,01/11/26 05:30:00,24.098,,,,,
26488,01/11/26 05:45:00,24.002,,,,,
26489,01/11/26 06:00:00,23.930,,,,,
26490,01/11/26 06:15:00,23.448,,,,,
26491,01/11/26 06:30:00,22.705,,,,,
26492,01/11/26 06:45:00,22.585,,,,,
26493,01/11/26 07:00:00,22.513,,,,,
26494,01/11/26 07:15:00,22.441,,,,,
26495,01/11/26 07:30:00,22.729,,,,,
26496,01/11/26 07:45:00,23.833,,,,,
26497,01/11/26 08:00:00,23.569,,,,,
26498,01/11/26 08:15:00,24.195,,,,,
26499,01/11/26 08:30:00,23.521,,,,,
26500,01/11/26 08:45:00,23.472,,,,,
26501,01/11/26 09:00:00,23.930,,,,,
26502,01/11/26 09:15:00,25.089,,,,,
26503,01/11/26 09:30:00,24.219,,,,,
26504,01/11/26 09:45:00,23.689,,,,,
26505,01/11/26 10:00:00,23.593,,,,,
26506,01/11/26 10:15:00,23.785,,,,,
26507,01/11/26 10:30:00,23.930,,,,,
26508,01/11/26 10:45:00,23.809,,,,,
26509,01/11/26 11:00:00,23.472,,,,,
26510,01/11/26 11:15:00,23.328,,,,,
26511,01/11/26 11:30:00,23.665,,,,,
26512,01/11/26 11:45:00,23.857,,,,,
26513,01/11/26 12:00:00,23.569,,,,,
26514,01/11/26 12:15:00,23.328,,,,,
26515,01/11/26 12:30:00,23.208,,,,,
26516,01/11/26 12:45:00,23.064,,,,,
26517,01/11/26 13:00:00,23.064,,,,,
26518,01/11/26 13:15:00,23.424,,,,,
26519,01/11/26 13:30:00,23.617,,,,,
26520,01/11/26 13:45:00,23.376,,,,,
26521,01/11/26 14:00:00,23.184,,,,,
26522,01/11/26 14:15:00,23.064,,,,,
26523,01/11/26 14:30:00,23.016,,,,,
26524,01/11/26 14:45:00,22.968,,,,,
26525,01/11/26 15:00:00,22.896,,,,,
26526,01/11/26 15:15:00,22.848,,,,,
26527,01/11/26 15:30:00,22.800,,,,,
26528,01/11/26 15:45:00,22.992,,,,,
26529,01/11/26 16:00:00,23.304,,,,,
26530,01/11/26 16:15:00,23.280,,,,,
26531,01/11/26 16:30:00,23.064,,,,,
26532,01/11/26 16:45:00,22.920,,,,,
26533,01/11/26 17:00:00,22.800,,,,,
26534,01/11/26 17:15:00,22.920,,,,,
26535,01/11/26 17:30:00,23.256,,,,,
26536,01/11/26 17:45:00,23.208,,,,,
26537,01/11/26 18:00:00,22.920,,,,,
26538,01/11/26 18:15:00,22.896,,,,,
26539,01/11/26 18:30:00,23.160,,,,,
26540,01/11/26 18:45:00,23.136,,,,,
26541,01/11/26 19:00:00,22.800,,,,,
26542,01/11/26 19:15:00,22.609,,,,,
26543,01/11/26 19:30:00,22.896,,,,,
26544,01/11/26 19:45:00,23.112,,,,,
26545,01/11/26 20:00:00,22.944,,,,,
26546,01/11/26 20:15:00,22.753,,,,,
26547,01/11/26 20:30:00,22.992,,,,,
26548,01/11/26 20:45:00,23.160,,,,,
26549,01/11/26 21:00:00,23.256,,,,,
26550,01/11/26 21:15:00,23.112,,,,,
26551,01/11/26 21:30:00,22.729,,,,,
26552,01/11/26 21:45:00,22.633,,,,,
26553,01/11/26 22:00:00,22.896,,,,,
26554,01/11/26 22:15:00,23.088,,,,,
26555,01/11/26 22:30:00,23.232,,,,,
26556,01/11/26 22:45:00,23.352,,,,,
26557,01/11/26 23:00:00,23.424,,,,,
26558,01/11/26 23:15:00,23.448,,,,,
26559,01/11/26 23:30:00,23.497,,,,,
26560,01/11/26 23:45:00,23.521,,,,,
26561,01/12/26 00:00:00,23.545,,,,,
26562,01/12/26 00:15:00,23.569,,,,,
26563,01/12/26 00:30:00,23.617,,,,,
26564,01/12/26 00:45:00,23.641,,,,,
26565,01/12/26 01:00:00,23.689,,,,,
26566,01/12/26 01:15:00,23.737,,,,,
26567,01/12/26 01:30:00,23.761,,,,,
26568,01/12/26 01:45:00,23.785,,,,,
26569,01/12/26 02:00:00,23.785,,,,,
26570,01/12/26 02:15:00,23.833,,,,,
26571,01/12/26 02:30:00,23.857,,,,,
26572,01/12/26 02:45:00,23.857,,,,,
26573,01/12/26 03:00:00,23.881,,,,,
26574,01/12/26 03:15:00,23.905,,,,,
26575,01/12/26 03:30:00,23.930,,,,,
26576,01/12/26 03:45:00,23.954,,,,,
26577,01/12/26 04:00:00,23.954,,,,,
26578,01/12/26 04:15:00,23.978,,,,,
26579,01/12/26 04:30:00,24.002,,,,,
26580,01/12/26 04:45:00,24.002,,,,,
26581,01/12/26 05:00:00,24.026,,,,,
26582,01/12/26 05:15:00,24.026,,,,,
26583,01/12/26 05:30:00,24.026,,,,,
26584,01/12/26 05:45:00,23.930,,,,,
26585,01/12/26 06:00:00,23.833,,,,,
26586,01/12/26 06:15:00,23.376,,,,,
26587,01/12/26 06:30:00,22.657,,,,,
26588,01/12/26 06:45:00,22.537,,,,,
26589,01/12/26 07:00:00,22.441,,,,,
26590,01/12/26 07:15:00,22.369,,,,,
26591,01/12/26 07:30:00,22.393,,,,,
26592,01/12/26 07:45:00,23.545,,,,,
26593,01/12/26 08:00:00,23.352,,,,,
26594,01/12/26 08:15:00,24.026,,,,,
26595,01/12/26 08:30:00,23.497,,,,,
26596,01/12/26 08:45:00,23.376,,,,,
26597,01/12/26 09:00:00,23.448,,,,,
26598,01/12/26 09:15:00,24.629,,,,,
26599,01/12/26 09:30:00,23.881,,,,,
26600,01/12/26 09:45:00,23.497,,,,,
26601,01/12/26 10:00:00,23.280,,,,,
26602,01/12/26 10:15:00,23.400,,,,,
26603,01/12/26 10:30:00,23.665,,,,,
26604,01/12/26 10:45:00,23.521,,,,,
26605,01/12/26 11:00:00,23.280,,,,,
26606,01/12/26 11:15:00,23.160,,,,,
26607,01/12/26 11:30:00,23.136,,,,,
26608,01/12/26 11:45:00,23.184,,,,,
26609,01/12/26 12:00:00,23.256,,,,,
26610,01/12/26 12:15:00,22.992,,,,,
26611,01/12/26 12:30:00,22.896,,,,,
26612,01/12/26 12:45:00,23.064,,,,,
26613,01/12/26 13:00:00,22.800,,,,,
26614,01/12/26 13:15:00,22.681,,,,,
26615,01/12/26 13:30:00,22.944,,,,,
26616,01/12/26 13:45:00,22.992,,,,,
26617,01/12/26 14:00:00,22.848,,,,,
26618,01/12/26 14:15:00,22.705,,,,,
26619,01/12/26 14:30:00,22.633,,,,,
26620,01/12/26 14:45:00,22.872,,,,,
26621,01/12/26 15:00:00,22.920,,,,,
26622,01/12/26 15:15:00,22.992,,,,,
26623,01/12/26 15:30:00,23.160,,,,,
26624,01/12/26 15:45:00,23.064,,,,,
26625,01/12/26 16:00:00,23.016,,,,,
26626,01/12/26 16:15:00,23.064,,,,,
26627,01/12/26 16:30:00,23.160,,,,,
26628,01/12/26 16:45:00,23.208,,,,,
26629,01/12/26 17:00:00,22.872,,,,,
26630,01/12/26 17:15:00,22.633,,,,,
26631,01/12/26 17:30:00,22.848,,,,,
26632,01/12/26 17:45:00,23.016,,,,,
26633,01/12/26 18:00:00,23.064,,,,,
26634,01/12/26 18:15:00,22.968,,,,,
26635,01/12/26 18:30:00,22.872,,,,,
26636,01/12/26 18:45:00,22.800,,,,,
26637,01/12/26 19:00:00,22.729,,,,,
26638,01/12/26 19:15:00,22.657,,,,,
26639,01/12/26 19:30:00,22.609,,,,,
26640,01/12/26 19:45:00,22.561,,,,,
26641,01/12/26 20:00:00,22.513,,,,,
26642,01/12/26 20:15:00,22.465,,,,,
26643,01/12/26 20:30:00,22.417,,,,,
26644,01/12/26 20:45:00,22.393,,,,,
26645,01/12/26 21:00:00,22.369,,,,,
26646,01/12/26 21:15:00,22.369,,,,,
26647,01/12/26 21:30:00,22.345,,,,,
26648,01/12/26 21:45:00,22.298,,,,,
26649,01/12/26 22:00:00,22.178,,,,,
26650,01/12/26 22:15:00,22.369,,,,,
26651,01/12/26 22:30:00,22.633,,,,,
26652,01/12/26 22:45:00,22.776,,,,,
26653,01/12/26 23:00:00,22.920,,,,,
26654,01/12/26 23:15:00,23.016,,,,,
26655,01/12/26 23:30:00,23.064,,,,,
26656,01/12/26 23:45:00,23.088,,,,,
26657,01/13/26 00:00:00,23.112,,,,,
26658,01/13/26 00:15:00,23.160,,,,,
26659,01/13/26 00:30:00,23.208,,,,,
26660,01/13/26 00:45:00,23.256,,,,,
26661,01/13/26 01:00:00,23.280,,,,,
26662,01/13/26 01:15:00,23.328,,,,,
26663,01/13/26 01:30:00,23.352,,,,,
26664,01/13/26 01:45:00,23.376,,,,,
26665,01/13/26 02:00:00,23.400,,,,,
26666,01/13/26 02:15:00,23.448,,,,,
26667,01/13/26 02:30:00,23.448,,,,,
26668,01/13/26 02:45:00,23.472,,,,,
26669,01/13/26 03:00:00,23.497,,,,,
26670,01/13/26 03:15:00,23.521,,,,,
26671,01/13/26 03:30:00,23.545,,,,,
26672,01/13/26 03:45:00,23.569,,,,,
26673,01/13/26 04:00:00,23.593,,,,,
26674,01/13/26 04:15:00,23.593,,,,,
26675,01/13/26 04:30:00,23.617,,,,,
26676,01/13/26 04:45:00,23.641,,,,,
26677,01/13/26 05:00:00,23.665,,,,,
26678,01/13/26 05:15:00,23.689,,,,,
26679,01/13/26 05:30:00,23.665,,,,,
26680,01/13/26 05:45:00,23.569,,,,,
26681,01/13/26 06:00:00,23.521,,,,,
26682,01/13/26 06:15:00,23.016,,,,,
26683,01/13/26 06:30:00,22.561,,,,,
26684,01/13/26 06:45:00,22.393,,,,,
26685,01/13/26 07:00:00,22.393,,,,,
26686,01/13/26 07:15:00,22.681,,,,,
26687,01/13/26 07:30:00,22.872,,,,,
26688,01/13/26 07:45:00,23.376,,,,,
26689,01/13/26 08:00:00,23.160,,,,,
26690,01/13/26 08:15:00,23.256,,,,,
26691,01/13/26 08:30:00,22.896,,,,,
26692,01/13/26 08:45:00,22.848,,,,,
26693,01/13/26 09:00:00,23.328,,,,,
26694,01/13/26 09:15:00,24.823,,,,,
26695,01/13/26 09:30:00,24.122,,,,,
26696,01/13/26 09:45:00,23.569,,,,,
26697,01/13/26 10:00:00,23.232,,,,,
26698,01/13/26 10:15:00,23.016,,,,,
26699,01/13/26 10:30:00,22.920,,,,,
26700,01/13/26 10:45:00,22.800,,,,,
26701,01/13/26 11:00:00,23.184,,,,,
26702,01/13/26 11:15:00,23.521,,,,,
26703,01/13/26 11:30:00,23.400,,,,,
26704,01/13/26 11:45:00,23.352,,,,,
26705,01/13/26 12:00:00,23.328,,,,,
26706,01/13/26 12:15:00,23.328,,,,,
26707,01/13/26 12:30:00,23.352,,,,,
26708,01/13/26 12:45:00,23.352,,,,,
26709,01/13/26 13:00:00,23.040,,,,,
26710,01/13/26 13:15:00,23.112,,,,,
26711,01/13/26 13:30:00,22.848,,,,,
26712,01/13/26 13:45:00,22.681,,,,,
26713,01/13/26 14:00:00,22.920,,,,,
26714,01/13/26 14:15:00,22.968,,,,,
26715,01/13/26 14:30:00,22.657,,,,,
26716,01/13/26 14:45:00,22.729,,,,,
26717,01/13/26 15:00:00,22.848,,,,,
26718,01/13/26 15:15:00,22.920,,,,,
26719,01/13/26 15:30:00,22.992,,,,,
26720,01/13/26 15:45:00,22.968,,,,,
26721,01/13/26 16:00:00,23.040,,,,,
26722,01/13/26 16:15:00,23.112,,,,,
26723,01/13/26 16:30:00,23.088,,,,,
26724,01/13/26 16:45:00,23.088,,,,,
26725,01/13/26 17:00:00,23.016,,,,,
26726,01/13/26 17:15:00,22.968,,,,,
26727,01/13/26 17:30:00,22.848,,,,,
26728,01/13/26 17:45:00,22.729,,,,,
26729,01/13/26 18:00:00,22.633,,,,,
26730,01/13/26 18:15:00,22.537,,,,,
26731,01/13/26 18:30:00,22.465,,,,,
26732,01/13/26 18:45:00,22.393,,,,,
26733,01/13/26 19:00:00,22.729,,,,,
26734,01/13/26 19:15:00,22.920,,,,,
26735,01/13/26 19:30:00,22.872,,,,,
26736,01/13/26 19:45:00,22.729,,,,,
26737,01/13/26 20:00:00,22.681,,,,,
26738,01/13/26 20:15:00,22.633,,,,,
26739,01/13/26 20:30:00,22.753,,,,,
26740,01/13/26 20:45:00,22.992,,,,,
26741,01/13/26 21:00:00,23.160,,,,,
26742,01/13/26 21:15:00,22.992,,,,,
26743,01/13/26 21:30:00,22.657,,,,,
26744,01/13/26 21:45:00,22.896,,,,,
26745,01/13/26 22:00:00,23.088,,,,,
26746,01/13/26 22:15:00,23.232,,,,,
26747,01/13/26 22:30:00,23.352,,,,,
26748,01/13/26 22:45:00,23.424,,,,,
26749,01/13/26 23:00:00,23.472,,,,,
26750,01/13/26 23:15:00,23.521,,,,,
26751,01/13/26 23:30:00,23.545,,,,,
26752,01/13/26 23:45:00,23.569,,,,,
26753,01/14/26 00:00:00,23.593,,,,,
26754,01/14/26 00:15:00,23.641,,,,,
26755,01/14/26 00:30:00,23.689,,,,,
26756,01/14/26 00:45:00,23.737,,,,,
26757,01/14/26 01:00:00,23.785,,,,,
26758,01/14/26 01:15:00,23.809,,,,,
26759,01/14/26 01:30:00,23.833,,,,,
26760,01/14/26 01:45:00,23.881,,,,,
26761,01/14/26 02:00:00,23.905,,,,,
26762,01/14/26 02:15:00,23.930,,,,,
26763,01/14/26 02:30:00,23.954,,,,,
26764,01/14/26 02:45:00,23.978,,,,,
26765,01/14/26 03:00:00,24.002,,,,,
26766,01/14/26 03:15:00,24.050,,,,,
26767,01/14/26 03:30:00,24.050,,,,,
26768,01/14/26 03:45:00,24.074,,,,,
26769,01/14/26 04:00:00,24.098,,,,,
26770,01/14/26 04:15:00,24.122,,,,,
26771,01/14/26 04:30:00,24.122,,,,,
26772,01/14/26 04:45:00,24.146,,,,,
26773,01/14/26 05:00:00,24.146,,,,,
26774,01/14/26 05:15:00,24.171,,,,,
26775,01/14/26 05:30:00,24.122,,,,,
26776,01/14/26 05:45:00,24.026,,,,,
26777,01/14/26 06:00:00,23.978,,,,,
26778,01/14/26 06:15:00,23.521,,,,,
26779,01/14/26 06:30:00,22.848,,,,,
26780,01/14/26 06:45:00,22.729,,,,,
26781,01/14/26 07:00:00,22.633,,,,,
26782,01/14/26 07:15:00,22.537,,,,,
26783,01/14/26 07:30:00,22.800,,,,,
26784,01/14/26 07:45:00,23.064,,,,,
26785,01/14/26 08:00:00,23.280,,,,,
26786,01/14/26 08:15:00,22.729,,,,,
26787,01/14/26 08:30:00,22.729,,,,,
26788,01/14/26 08:45:00,23.184,,,,,
26789,01/14/26 09:00:00,23.497,,,,,
26790,01/14/26 09:15:00,24.050,,,,,
26791,01/14/26 09:30:00,23.641,,,,,
26792,01/14/26 09:45:00,23.280,,,,,
26793,01/14/26 10:00:00,23.088,,,,,
26794,01/14/26 10:15:00,23.040,,,,,
26795,01/14/26 10:30:00,23.040,,,,,
26796,01/14/26 10:45:00,22.968,,,,,
26797,01/14/26 11:00:00,22.920,,,,,
26798,01/14/26 11:15:00,22.848,,,,,
26799,01/14/26 11:30:00,22.872,,,,,
26800,01/14/26 11:45:00,22.872,,,,,
26801,01/14/26 12:00:00,22.872,,,,,
26802,01/14/26 12:15:00,22.872,,,,,
26803,01/14/26 12:30:00,22.896,,,,,
26804,01/14/26 12:45:00,22.920,,,,,
26805,01/14/26 13:00:00,22.944,,,,,
26806,01/14/26 13:15:00,22.896,,,,,
26807,01/14/26 13:30:00,23.016,,,,,
26808,01/14/26 13:45:00,23.136,,,,,
26809,01/14/26 14:00:00,22.920,,,,,
26810,01/14/26 14:15:00,22.729,,,,,
26811,01/14/26 14:30:00,22.657,,,,,
26812,01/14/26 14:45:00,22.561,,,,,
26813,01/14/26 15:00:00,22.537,,,,,
26814,01/14/26 15:15:00,22.633,,,,,
26815,01/14/26 15:30:00,22.609,,,,,
26816,01/14/26 15:45:00,22.609,,,,,
26817,01/14/26 16:00:00,22.609,,,,,
26818,01/14/26 16:15:00,22.681,,,,,
26819,01/14/26 16:30:00,22.729,,,,,
26820,01/14/26 16:45:00,22.633,,,,,
26821,01/14/26 17:00:00,22.681,,,,,
26822,01/14/26 17:15:00,22.681,,,,,
26823,01/14/26 17:30:00,22.561,,,,,
26824,01/14/26 17:45:00,22.633,,,,,
26825,01/14/26 18:00:00,22.776,,,,,
26826,01/14/26 18:15:00,22.800,,,,,
26827,01/14/26 18:30:00,22.776,,,,,
26828,01/14/26 18:45:00,22.729,,,,,
26829,01/14/26 19:00:00,22.681,,,,,
26830,01/14/26 19:15:00,22.657,,,,,
26831,01/14/26 19:30:00,22.609,,,,,
26832,01/14/26 19:45:00,22.585,,,,,
26833,01/14/26 20:00:00,22.537,,,,,
26834,01/14/26 20:15:00,22.513,,,,,
26835,01/14/26 20:30:00,22.489,,,,,
26836,01/14/26 20:45:00,22.441,,,,,
26837,01/14/26 21:00:00,22.753,,,,,
26838,01/14/26 21:15:00,22.992,,,,,
26839,01/14/26 21:30:00,22.848,,,,,
26840,01/14/26 21:45:00,22.561,,,,,
26841,01/14/26 22:00:00,22.393,,,,,
26842,01/14/26 22:15:00,22.633,,,,,
26843,01/14/26 22:30:00,22.944,,,,,
26844,01/14/26 22:45:00,23.136,,,,,
26845,01/14/26 23:00:00,23.256,,,,,
26846,01/14/26 23:15:00,23.352,,,,,
26847,01/14/26 23:30:00,23.424,,,,,
26848,01/14/26 23:45:00,23.472,,,,,
26849,01/15/26 00:00:00,23.545,,,,,
26850,01/15/26 00:15:00,23.641,,,,,
26851,01/15/26 00:30:00,23.689,,,,,
26852,01/15/26 00:45:00,23.785,,,,,
26853,01/15/26 01:00:00,23.857,,,,,
26854,01/15/26 01:15:00,23.905,,,,,
26855,01/15/26 01:30:00,23.954,,,,,
26856,01/15/26 01:45:00,24.002,,,,,
26857,01/15/26 02:00:00,24.050,,,,,
26858,01/15/26 02:15:00,24.074,,,,,
26859,01/15/26 02:30:00,24.122,,,,,
26860,01/15/26 02:45:00,24.146,,,,,
26861,01/15/26 03:00:00,24.195,,,,,
26862,01/15/26 03:15:00,24.219,,,,,
26863,01/15/26 03:30:00,24.267,,,,,
26864,01/15/26 03:45:00,24.291,,,,,
26865,01/15/26 04:00:00,24.363,,,,,
26866,01/15/26 04:15:00,24.412,,,,,
26867,01/15/26 04:30:00,24.436,,,,,
26868,01/15/26 04:45:00,24.460,,,,,
26869,01/15/26 05:00:00,24.460,,,,,
26870,01/15/26 05:15:00,24.388,,,,,
26871,01/15/26 05:30:00,24.291,,,,,
26872,01/15/26 05:45:00,24.243,,,,,
26873,01/15/26 06:00:00,24.195,,,,,
26874,01/15/26 06:15:00,23.809,,,,,
26875,01/15/26 06:30:00,23.064,,,,,
26876,01/15/26 06:45:00,22.681,,,,,
26877,01/15/26 07:00:00,22.705,,,,,
26878,01/15/26 07:15:00,22.705,,,,,
26879,01/15/26 07:30:00,22.657,,,,,
26880,01/15/26 07:45:00,22.896,,,,,
26881,01/15/26 08:00:00,22.729,,,,,
26882,01/15/26 08:15:00,23.280,,,,,
26883,01/15/26 08:30:00,23.497,,,,,
26884,01/15/26 08:45:00,23.400,,,,,
26885,01/15/26 09:00:00,23.328,,,,,
26886,01/15/26 09:15:00,24.436,,,,,
26887,01/15/26 09:30:00,23.761,,,,,
26888,01/15/26 09:45:00,23.569,,,,,
26889,01/15/26 10:00:00,23.472,,,,,
26890,01/15/26 10:15:00,23.448,,,,,
26891,01/15/26 10:30:00,23.472,,,,,
26892,01/15/26 10:45:00,23.448,,,,,
26893,01/15/26 11:00:00,23.448,,,,,
26894,01/15/26 11:15:00,23.497,,,,,
26895,01/15/26 11:30:00,23.448,,,,,
26896,01/15/26 11:45:00,25.258,,,,,
26897,01/15/26 12:00:00,24.050,,,,,
26898,01/15/26 12:15:00,23.737,,,,,
26899,01/15/26 12:30:00,23.569,,,,,
26900,01/15/26 12:45:00,23.208,,,,,
26901,01/15/26 13:00:00,23.112,,,,,
26902,01/15/26 13:15:00,23.208,,,,,
26903,01/15/26 13:30:00,23.304,,,,,
26904,01/15/26 13:45:00,23.352,,,,,
26905,01/15/26 14:00:00,23.040,,,,,
26906,01/15/26 14:15:00,22.944,,,,,
26907,01/15/26 14:22:57,,,Logged,Logged,,
26908,01/15/26 14:23:04,,,,,Logged,Logged
