#,"Date Time, GMT-04:00",Temperature
503,2023-10-17 13:30:00,30.9
504,2023-10-17 13:45:00,30.9
505,2023-10-17 14:00:00,30.8615
506,2023-10-17 14:15:00,30.849
507,2023-10-17 14:30:00,30.811
508,2023-10-17 14:45:00,30.798
509,2023-10-17 15:00:00,30.773
510,2023-10-17 15:15:00,30.735
511,2023-10-17 15:30:00,30.6845
512,2023-10-17 15:45:00,30.659
513,2023-10-17 16:00:00,30.646
514,2023-10-17 16:15:00,30.646
515,2023-10-17 16:30:00,30.646
516,2023-10-17 16:45:00,30.646
517,2023-10-17 17:00:00,30.621
518,2023-10-17 17:15:00,30.6335
519,2023-10-17 17:30:00,30.621
520,2023-10-17 17:45:00,30.6085
521,2023-10-17 18:00:00,30.596
522,2023-10-17 18:15:00,30.5835
523,2023-10-17 18:30:00,30.571
524,2023-10-17 18:45:00,30.571
525,2023-10-17 19:00:00,30.558
526,2023-10-17 19:15:00,30.558
527,2023-10-17 19:30:00,30.558
528,2023-10-17 19:45:00,30.545
529,2023-10-17 20:00:00,30.545
530,2023-10-17 20:15:00,30.558
531,2023-10-17 20:30:00,30.571
532,2023-10-17 20:45:00,30.571
533,2023-10-17 21:00:00,30.571
534,2023-10-17 21:15:00,30.596
535,2023-10-17 21:30:00,30.5835
536,2023-10-17 21:45:00,30.571
537,2023-10-17 22:00:00,30.571
538,2023-10-17 22:15:00,30.571
539,2023-10-17 22:30:00,30.571
540,2023-10-17 22:45:00,30.5835
541,2023-10-17 23:00:00,30.5835
542,2023-10-17 23:15:00,30.5835
543,2023-10-17 23:30:00,30.571
544,2023-10-17 23:45:00,30.571
545,2023-10-18 00:00:00,30.571
546,2023-10-18 00:15:00,30.571
547,2023-10-18 00:30:00,30.571
548,2023-10-18 00:45:00,30.571
549,2023-10-18 01:00:00,30.5835
550,2023-10-18 01:15:00,30.6085
551,2023-10-18 01:30:00,30.621
552,2023-10-18 01:45:00,30.621
553,2023-10-18 02:00:00,30.6085
554,2023-10-18 02:15:00,30.596
555,2023-10-18 02:30:00,30.5835
556,2023-10-18 02:45:00,30.5835
557,2023-10-18 03:00:00,30.5835
558,2023-10-18 03:15:00,30.571
559,2023-10-18 03:30:00,30.571
560,2023-10-18 03:45:00,30.571
561,2023-10-18 04:00:00,30.545
562,2023-10-18 04:15:00,30.545
563,2023-10-18 04:30:00,30.545
564,2023-10-18 04:45:00,30.5325
565,2023-10-18 05:00:00,30.5325
566,2023-10-18 05:15:00,30.5325
567,2023-10-18 05:30:00,30.52
568,2023-10-18 05:45:00,30.52
569,2023-10-18 06:00:00,30.5075
570,2023-10-18 06:15:00,30.4945
571,2023-10-18 06:30:00,30.482
572,2023-10-18 06:45:00,30.4565
573,2023-10-18 07:00:00,30.4565
574,2023-10-18 07:15:00,30.4315
575,2023-10-18 07:30:00,30.4315
576,2023-10-18 07:45:00,30.4565
577,2023-10-18 08:00:00,30.495
578,2023-10-18 08:15:00,30.5075
579,2023-10-18 08:30:00,30.545
580,2023-10-18 08:45:00,30.571
581,2023-10-18 09:00:00,30.5835
582,2023-10-18 09:15:00,30.596
583,2023-10-18 09:30:00,30.6085
584,2023-10-18 09:45:00,30.6335
585,2023-10-18 10:00:00,30.659
586,2023-10-18 10:15:00,30.672
587,2023-10-18 10:30:00,30.672
588,2023-10-18 10:45:00,30.722
589,2023-10-18 11:00:00,30.722
590,2023-10-18 11:15:00,30.773
591,2023-10-18 11:30:00,30.7855
592,2023-10-18 11:45:00,30.8365
593,2023-10-18 12:00:00,30.8365
594,2023-10-18 12:15:00,30.849
595,2023-10-18 12:30:00,30.874
596,2023-10-18 12:45:00,30.887
597,2023-10-18 13:00:00,30.8995
598,2023-10-18 13:15:00,30.874
599,2023-10-18 13:30:00,30.8615
600,2023-10-18 13:45:00,30.849
601,2023-10-18 14:00:00,30.7985
602,2023-10-18 14:15:00,30.811
603,2023-10-18 14:30:00,30.7855
604,2023-10-18 14:45:00,30.7855
605,2023-10-18 15:00:00,30.7605
606,2023-10-18 15:15:00,30.7605
607,2023-10-18 15:30:00,30.722
608,2023-10-18 15:45:00,30.697
609,2023-10-18 16:00:00,30.672
610,2023-10-18 16:15:00,30.659
611,2023-10-18 16:30:00,30.646
612,2023-10-18 16:45:00,30.6335
613,2023-10-18 17:00:00,30.6085
614,2023-10-18 17:15:00,30.596
615,2023-10-18 17:30:00,30.5835
616,2023-10-18 17:45:00,30.571
617,2023-10-18 18:00:00,30.558
618,2023-10-18 18:15:00,30.558
619,2023-10-18 18:30:00,30.558
620,2023-10-18 18:45:00,30.558
621,2023-10-18 19:00:00,30.558
622,2023-10-18 19:15:00,30.558
623,2023-10-18 19:30:00,30.558
624,2023-10-18 19:45:00,30.558
625,2023-10-18 20:00:00,30.5835
626,2023-10-18 20:15:00,30.5835
627,2023-10-18 20:30:00,30.5835
628,2023-10-18 20:45:00,30.571
629,2023-10-18 21:00:00,30.571
630,2023-10-18 21:15:00,30.571
631,2023-10-18 21:30:00,30.571
632,2023-10-18 21:45:00,30.571
633,2023-10-18 22:00:00,30.5835
634,2023-10-18 22:15:00,30.5835
635,2023-10-18 22:30:00,30.5835
636,2023-10-18 22:45:00,30.5835
637,2023-10-18 23:00:00,30.5835
638,2023-10-18 23:15:00,30.596
639,2023-10-18 23:30:00,30.596
640,2023-10-18 23:45:00,30.5835
641,2023-10-19 00:00:00,30.5835
642,2023-10-19 00:15:00,30.558
643,2023-10-19 00:30:00,30.545
644,2023-10-19 00:45:00,30.5325
645,2023-10-19 01:00:00,30.545
646,2023-10-19 01:15:00,30.545
647,2023-10-19 01:30:00,30.545
648,2023-10-19 01:45:00,30.5325
649,2023-10-19 02:00:00,30.5325
650,2023-10-19 02:15:00,30.5325
651,2023-10-19 02:30:00,30.52
652,2023-10-19 02:45:00,30.52
653,2023-10-19 03:00:00,30.5075
654,2023-10-19 03:15:00,30.5075
655,2023-10-19 03:30:00,30.495
656,2023-10-19 03:45:00,30.482
657,2023-10-19 04:00:00,30.482
658,2023-10-19 04:15:00,30.482
659,2023-10-19 04:30:00,30.482
660,2023-10-19 04:45:00,30.4565
661,2023-10-19 05:00:00,30.4315
662,2023-10-19 05:15:00,30.4315
663,2023-10-19 05:30:00,30.4315
664,2023-10-19 05:45:00,30.4315
665,2023-10-19 06:00:00,30.419
666,2023-10-19 06:15:00,30.419
667,2023-10-19 06:30:00,30.419
668,2023-10-19 06:45:00,30.4315
669,2023-10-19 07:00:00,30.4315
670,2023-10-19 07:15:00,30.444
671,2023-10-19 07:30:00,30.4565
672,2023-10-19 07:45:00,30.4565
673,2023-10-19 08:00:00,30.469
674,2023-10-19 08:15:00,30.495
675,2023-10-19 08:30:00,30.52
676,2023-10-19 08:45:00,30.545
677,2023-10-19 09:00:00,30.558
678,2023-10-19 09:15:00,30.5835
679,2023-10-19 09:30:00,30.621
680,2023-10-19 09:45:00,30.6335
681,2023-10-19 10:00:00,30.659
682,2023-10-19 10:15:00,30.672
683,2023-10-19 10:30:00,30.646
684,2023-10-19 10:45:00,30.672
685,2023-10-19 11:00:00,30.6845
686,2023-10-19 11:15:00,30.697000000000003
687,2023-10-19 11:30:00,30.697
688,2023-10-19 11:45:00,30.697
689,2023-10-19 12:00:00,30.7095
690,2023-10-19 12:15:00,30.6845
691,2023-10-19 12:30:00,30.6845
692,2023-10-19 12:45:00,30.672
693,2023-10-19 13:00:00,30.7095
694,2023-10-19 13:15:00,30.6845
695,2023-10-19 13:30:00,30.672
696,2023-10-19 13:45:00,30.646
697,2023-10-19 14:00:00,30.646
698,2023-10-19 14:15:00,30.6335
699,2023-10-19 14:30:00,30.621
700,2023-10-19 14:45:00,30.621
701,2023-10-19 15:00:00,30.621
702,2023-10-19 15:15:00,30.621
703,2023-10-19 15:30:00,30.621
704,2023-10-19 15:45:00,30.621
705,2023-10-19 16:00:00,30.621
706,2023-10-19 16:15:00,30.6085
707,2023-10-19 16:30:00,30.596
708,2023-10-19 16:45:00,30.5835
709,2023-10-19 17:00:00,30.571
710,2023-10-19 17:15:00,30.558
711,2023-10-19 17:30:00,30.545
712,2023-10-19 17:45:00,30.5325
713,2023-10-19 18:00:00,30.52
714,2023-10-19 18:15:00,30.52
715,2023-10-19 18:30:00,30.52
716,2023-10-19 18:45:00,30.5075
717,2023-10-19 19:00:00,30.5075
718,2023-10-19 19:15:00,30.5075
719,2023-10-19 19:30:00,30.495
720,2023-10-19 19:45:00,30.4565
721,2023-10-19 20:00:00,30.4565
722,2023-10-19 20:15:00,30.4565
723,2023-10-19 20:30:00,30.4565
724,2023-10-19 20:45:00,30.4565
725,2023-10-19 21:00:00,30.4565
726,2023-10-19 21:15:00,30.4565
727,2023-10-19 21:30:00,30.4565
728,2023-10-19 21:45:00,30.4565
729,2023-10-19 22:00:00,30.4565
730,2023-10-19 22:15:00,30.444
731,2023-10-19 22:30:00,30.444
732,2023-10-19 22:45:00,30.4315
733,2023-10-19 23:00:00,30.4315
734,2023-10-19 23:15:00,30.4315
735,2023-10-19 23:30:00,30.4315
736,2023-10-19 23:45:00,30.4315
737,2023-10-20 00:00:00,30.419
738,2023-10-20 00:15:00,30.4065
739,2023-10-20 00:30:00,30.356
740,2023-10-20 00:45:00,30.3305
741,2023-10-20 01:00:00,30.2805
742,2023-10-20 01:15:00,30.2805
743,2023-10-20 01:30:00,30.268
744,2023-10-20 01:45:00,30.2555
745,2023-10-20 02:00:00,30.2555
746,2023-10-20 02:15:00,30.2555
747,2023-10-20 02:30:00,30.2555
748,2023-10-20 02:45:00,30.2555
749,2023-10-20 03:00:00,30.217
750,2023-10-20 03:15:00,30.2045
751,2023-10-20 03:30:00,30.192
752,2023-10-20 03:45:00,30.192
753,2023-10-20 04:00:00,30.192
754,2023-10-20 04:15:00,30.2045
755,2023-10-20 04:30:00,30.2045
756,2023-10-20 04:45:00,30.1415
757,2023-10-20 05:00:00,30.117
758,2023-10-20 05:15:00,30.117
759,2023-10-20 05:30:00,30.142
760,2023-10-20 05:45:00,30.1545
761,2023-10-20 06:00:00,30.129
762,2023-10-20 06:15:00,30.104
763,2023-10-20 06:30:00,30.091
764,2023-10-20 06:45:00,30.117
765,2023-10-20 07:00:00,30.1295
766,2023-10-20 07:15:00,30.104
767,2023-10-20 07:30:00,30.0285
768,2023-10-20 07:45:00,30.041
769,2023-10-20 08:00:00,30.066
770,2023-10-20 08:15:00,30.091
771,2023-10-20 08:30:00,30.117
772,2023-10-20 08:45:00,30.142
773,2023-10-20 09:00:00,30.167
774,2023-10-20 09:15:00,30.1795
775,2023-10-20 09:30:00,30.192
776,2023-10-20 09:45:00,30.217
777,2023-10-20 10:00:00,30.217
778,2023-10-20 10:15:00,30.243
779,2023-10-20 10:30:00,30.268
780,2023-10-20 10:45:00,30.318
781,2023-10-20 11:00:00,30.369
782,2023-10-20 11:15:00,30.419
783,2023-10-20 11:30:00,30.469
784,2023-10-20 11:45:00,30.520000000000003
785,2023-10-20 12:00:00,30.545
786,2023-10-20 12:15:00,30.545
787,2023-10-20 12:30:00,30.558
788,2023-10-20 12:45:00,30.571
789,2023-10-20 13:00:00,30.545
790,2023-10-20 13:15:00,30.571
791,2023-10-20 13:30:00,30.571
792,2023-10-20 13:45:00,30.558
793,2023-10-20 14:00:00,30.571
794,2023-10-20 14:15:00,30.596
795,2023-10-20 14:30:00,30.52
796,2023-10-20 14:45:00,30.558
797,2023-10-20 15:00:00,30.52
798,2023-10-20 15:15:00,30.52
799,2023-10-20 15:30:00,30.52
800,2023-10-20 15:45:00,30.52
801,2023-10-20 16:00:00,30.495
802,2023-10-20 16:15:00,30.495
803,2023-10-20 16:30:00,30.495
804,2023-10-20 16:45:00,30.495
805,2023-10-20 17:00:00,30.469
806,2023-10-20 17:15:00,30.469
807,2023-10-20 17:30:00,30.444
808,2023-10-20 17:45:00,30.419
809,2023-10-20 18:00:00,30.419
810,2023-10-20 18:15:00,30.4065
811,2023-10-20 18:30:00,30.356
812,2023-10-20 18:45:00,30.3305
813,2023-10-20 19:00:00,30.3305
814,2023-10-20 19:15:00,30.3305
815,2023-10-20 19:30:00,30.318
816,2023-10-20 19:45:00,30.3305
817,2023-10-20 20:00:00,30.318
818,2023-10-20 20:15:00,30.3305
819,2023-10-20 20:30:00,30.318
820,2023-10-20 20:45:00,30.2805
821,2023-10-20 21:00:00,30.2805
822,2023-10-20 21:15:00,30.2805
823,2023-10-20 21:30:00,30.3055
824,2023-10-20 21:45:00,30.3055
825,2023-10-20 22:00:00,30.3055
826,2023-10-20 22:15:00,30.3055
827,2023-10-20 22:30:00,30.3055
828,2023-10-20 22:45:00,30.3055
829,2023-10-20 23:00:00,30.318
830,2023-10-20 23:15:00,30.3055
831,2023-10-20 23:30:00,30.3055
832,2023-10-20 23:45:00,30.3055
833,2023-10-21 00:00:00,30.3055
834,2023-10-21 00:15:00,30.293
835,2023-10-21 00:30:00,30.293
836,2023-10-21 00:45:00,30.2805
837,2023-10-21 01:00:00,30.268
838,2023-10-21 01:15:00,30.2555
839,2023-10-21 01:30:00,30.2555
840,2023-10-21 01:45:00,30.23
841,2023-10-21 02:00:00,30.217
842,2023-10-21 02:15:00,30.1295
843,2023-10-21 02:30:00,30.0915
844,2023-10-21 02:45:00,30.0785
845,2023-10-21 03:00:00,30.0535
846,2023-10-21 03:15:00,30.0285
847,2023-10-21 03:30:00,30.016
848,2023-10-21 03:45:00,30.0035
849,2023-10-21 04:00:00,30.0035
850,2023-10-21 04:15:00,29.991
851,2023-10-21 04:30:00,29.9785
852,2023-10-21 04:45:00,29.966
853,2023-10-21 05:00:00,29.966
854,2023-10-21 05:15:00,29.991
855,2023-10-21 05:30:00,30.0035
856,2023-10-21 05:45:00,30.016
857,2023-10-21 06:00:00,30.016
858,2023-10-21 06:15:00,30.0285
859,2023-10-21 06:30:00,30.041
860,2023-10-21 06:45:00,30.0535
861,2023-10-21 07:00:00,30.0535
862,2023-10-21 07:15:00,30.0535
863,2023-10-21 07:30:00,30.066
864,2023-10-21 07:45:00,30.0785
865,2023-10-21 08:00:00,30.0785
866,2023-10-21 08:15:00,30.0785
867,2023-10-21 08:30:00,30.104
868,2023-10-21 08:45:00,30.117
869,2023-10-21 09:00:00,30.167
870,2023-10-21 09:15:00,30.1795
871,2023-10-21 09:30:00,30.2045
872,2023-10-21 09:45:00,30.2045
873,2023-10-21 10:00:00,30.23
874,2023-10-21 10:15:00,30.2805
875,2023-10-21 10:30:00,30.3055
876,2023-10-21 10:45:00,30.293
877,2023-10-21 11:00:00,30.3305
878,2023-10-21 11:15:00,30.356
879,2023-10-21 11:30:00,30.3305
880,2023-10-21 11:45:00,30.369
881,2023-10-21 12:00:00,30.394
882,2023-10-21 12:15:00,30.419
883,2023-10-21 12:30:00,30.419
884,2023-10-21 12:45:00,30.3815
885,2023-10-21 13:00:00,30.444
886,2023-10-21 13:15:00,30.469
887,2023-10-21 13:30:00,30.4065
888,2023-10-21 13:45:00,30.394
889,2023-10-21 14:00:00,30.394
890,2023-10-21 14:15:00,30.394
891,2023-10-21 14:30:00,30.3815
892,2023-10-21 14:45:00,30.3815
893,2023-10-21 15:00:00,30.3815
894,2023-10-21 15:15:00,30.3815
895,2023-10-21 15:30:00,30.3815
896,2023-10-21 15:45:00,30.369
897,2023-10-21 16:00:00,30.369
898,2023-10-21 16:15:00,30.356
899,2023-10-21 16:30:00,30.343
900,2023-10-21 16:45:00,30.343
901,2023-10-21 17:00:00,30.343
902,2023-10-21 17:15:00,30.318
903,2023-10-21 17:30:00,30.318
904,2023-10-21 17:45:00,30.293
905,2023-10-21 18:00:00,30.2805
906,2023-10-21 18:15:00,30.2805
907,2023-10-21 18:30:00,30.268
908,2023-10-21 18:45:00,30.268
909,2023-10-21 19:00:00,30.268
910,2023-10-21 19:15:00,30.2555
911,2023-10-21 19:30:00,30.2555
912,2023-10-21 19:45:00,30.2555
913,2023-10-21 20:00:00,30.2555
914,2023-10-21 20:15:00,30.2555
915,2023-10-21 20:30:00,30.2555
916,2023-10-21 20:45:00,30.243
917,2023-10-21 21:00:00,30.243
918,2023-10-21 21:15:00,30.243
919,2023-10-21 21:30:00,30.23
920,2023-10-21 21:45:00,30.23
921,2023-10-21 22:00:00,30.23
922,2023-10-21 22:15:00,30.23
923,2023-10-21 22:30:00,30.23
924,2023-10-21 22:45:00,30.23
925,2023-10-21 23:00:00,30.23
926,2023-10-21 23:15:00,30.23
927,2023-10-21 23:30:00,30.23
928,2023-10-21 23:45:00,30.243
929,2023-10-22 00:00:00,30.243
930,2023-10-22 00:15:00,30.2555
931,2023-10-22 00:30:00,30.2555
932,2023-10-22 00:45:00,30.23
933,2023-10-22 01:00:00,30.2045
934,2023-10-22 01:15:00,30.2045
935,2023-10-22 01:30:00,30.2045
936,2023-10-22 01:45:00,30.217
937,2023-10-22 02:00:00,30.1795
938,2023-10-22 02:15:00,30.1795
939,2023-10-22 02:30:00,30.1795
940,2023-10-22 02:45:00,30.192
941,2023-10-22 03:00:00,30.2045
942,2023-10-22 03:15:00,30.2045
943,2023-10-22 03:30:00,30.2045
944,2023-10-22 03:45:00,30.1795
945,2023-10-22 04:00:00,30.1545
946,2023-10-22 04:15:00,30.142000000000003
947,2023-10-22 04:30:00,30.1295
948,2023-10-22 04:45:00,30.1295
949,2023-10-22 05:00:00,30.142000000000003
950,2023-10-22 05:15:00,30.1545
951,2023-10-22 05:30:00,30.1545
952,2023-10-22 05:45:00,30.1545
953,2023-10-22 06:00:00,30.142000000000003
954,2023-10-22 06:15:00,30.1295
955,2023-10-22 06:30:00,30.1295
956,2023-10-22 06:45:00,30.1295
957,2023-10-22 07:00:00,30.1295
958,2023-10-22 07:15:00,30.1295
959,2023-10-22 07:30:00,30.1295
960,2023-10-22 07:45:00,30.1545
961,2023-10-22 08:00:00,30.1545
962,2023-10-22 08:15:00,30.1545
963,2023-10-22 08:30:00,30.1545
964,2023-10-22 08:45:00,30.1415
965,2023-10-22 09:00:00,30.1545
966,2023-10-22 09:15:00,30.1545
967,2023-10-22 09:30:00,30.1795
968,2023-10-22 09:45:00,30.1925
969,2023-10-22 10:00:00,30.192
970,2023-10-22 10:15:00,30.23
971,2023-10-22 10:30:00,30.192
972,2023-10-22 10:45:00,30.2555
973,2023-10-22 11:00:00,30.268
974,2023-10-22 11:15:00,30.268
975,2023-10-22 11:30:00,30.268
976,2023-10-22 11:45:00,30.23
977,2023-10-22 12:00:00,30.217
978,2023-10-22 12:15:00,30.217
979,2023-10-22 12:30:00,30.2555
980,2023-10-22 12:45:00,30.243
981,2023-10-22 13:00:00,30.2555
982,2023-10-22 13:15:00,30.268
983,2023-10-22 13:30:00,30.3055
984,2023-10-22 13:45:00,30.318
985,2023-10-22 14:00:00,30.2805
986,2023-10-22 14:15:00,30.3055
987,2023-10-22 14:30:00,30.293
988,2023-10-22 14:45:00,30.268
989,2023-10-22 15:00:00,30.2805
990,2023-10-22 15:15:00,30.293
991,2023-10-22 15:30:00,30.293
992,2023-10-22 15:45:00,30.268
993,2023-10-22 16:00:00,30.243
994,2023-10-22 16:15:00,30.243
995,2023-10-22 16:30:00,30.23
996,2023-10-22 16:45:00,30.2045
997,2023-10-22 17:00:00,30.2045
998,2023-10-22 17:15:00,30.192
999,2023-10-22 17:30:00,30.1795
1000,2023-10-22 17:45:00,30.1795
1001,2023-10-22 18:00:00,30.1795
1002,2023-10-22 18:15:00,30.1795
1003,2023-10-22 18:30:00,30.167
1004,2023-10-22 18:45:00,30.167
1005,2023-10-22 19:00:00,30.167
1006,2023-10-22 19:15:00,30.1545
1007,2023-10-22 19:30:00,30.1545
1008,2023-10-22 19:45:00,30.142
1009,2023-10-22 20:00:00,30.142
1010,2023-10-22 20:15:00,30.142
1011,2023-10-22 20:30:00,30.142
1012,2023-10-22 20:45:00,30.1295
1013,2023-10-22 21:00:00,30.142
1014,2023-10-22 21:15:00,30.142
1015,2023-10-22 21:30:00,30.142
1016,2023-10-22 21:45:00,30.142
1017,2023-10-22 22:00:00,30.1545
1018,2023-10-22 22:15:00,30.142
1019,2023-10-22 22:30:00,30.1295
1020,2023-10-22 22:45:00,30.1295
1021,2023-10-22 23:00:00,30.1295
1022,2023-10-22 23:15:00,30.1295
1023,2023-10-22 23:30:00,30.1295
1024,2023-10-22 23:45:00,30.1295
1025,2023-10-23 00:00:00,30.1295
1026,2023-10-23 00:15:00,30.142
1027,2023-10-23 00:30:00,30.1295
1028,2023-10-23 00:45:00,30.1295
1029,2023-10-23 01:00:00,30.1295
1030,2023-10-23 01:15:00,30.104
1031,2023-10-23 01:30:00,30.0785
1032,2023-10-23 01:45:00,30.0785
1033,2023-10-23 02:00:00,30.0785
1034,2023-10-23 02:15:00,30.0535
1035,2023-10-23 02:30:00,30.0535
1036,2023-10-23 02:45:00,30.0535
1037,2023-10-23 03:00:00,30.0535
1038,2023-10-23 03:15:00,30.041
1039,2023-10-23 03:30:00,30.0285
1040,2023-10-23 03:45:00,30.0285
1041,2023-10-23 04:00:00,30.016
1042,2023-10-23 04:15:00,30.0035
1043,2023-10-23 04:30:00,30.0035
1044,2023-10-23 04:45:00,29.9785
1045,2023-10-23 05:00:00,29.9785
1046,2023-10-23 05:15:00,29.9785
1047,2023-10-23 05:30:00,29.991
1048,2023-10-23 05:45:00,29.991
1049,2023-10-23 06:00:00,30.0035
1050,2023-10-23 06:15:00,29.9785
1051,2023-10-23 06:30:00,29.966
1052,2023-10-23 06:45:00,29.966
1053,2023-10-23 07:00:00,29.9785
1054,2023-10-23 07:15:00,29.966
1055,2023-10-23 07:30:00,29.966
1056,2023-10-23 07:45:00,29.966
1057,2023-10-23 08:00:00,29.966
1058,2023-10-23 08:15:00,29.966
1059,2023-10-23 08:30:00,29.9535
1060,2023-10-23 08:45:00,29.9785
1061,2023-10-23 09:00:00,29.9785
1062,2023-10-23 09:15:00,30.0035
1063,2023-10-23 09:30:00,30.016
1064,2023-10-23 09:45:00,30.041
1065,2023-10-23 10:00:00,30.066
1066,2023-10-23 10:15:00,30.091
1067,2023-10-23 10:30:00,30.1295
1068,2023-10-23 10:45:00,30.167
1069,2023-10-23 11:00:00,30.217
1070,2023-10-23 11:15:00,30.243
1071,2023-10-23 11:30:00,30.268
1072,2023-10-23 11:45:00,30.293
1073,2023-10-23 12:00:00,30.318
1074,2023-10-23 12:15:00,30.3055
1075,2023-10-23 12:30:00,30.243
1076,2023-10-23 12:45:00,30.268
1077,2023-10-23 13:00:00,30.293
1078,2023-10-23 13:15:00,30.2805
1079,2023-10-23 13:30:00,30.2805
1080,2023-10-23 13:45:00,30.3305
1081,2023-10-23 14:00:00,30.343
1082,2023-10-23 14:15:00,30.3305
1083,2023-10-23 14:30:00,30.2805
1084,2023-10-23 14:45:00,30.268
1085,2023-10-23 15:00:00,30.217
1086,2023-10-23 15:15:00,30.243
1087,2023-10-23 15:30:00,30.2555
1088,2023-10-23 15:45:00,30.2045
1089,2023-10-23 16:00:00,30.192
1090,2023-10-23 16:15:00,30.1795
1091,2023-10-23 16:30:00,30.1795
1092,2023-10-23 16:45:00,30.192
1093,2023-10-23 17:00:00,30.1795
1094,2023-10-23 17:15:00,30.167
1095,2023-10-23 17:30:00,30.167
1096,2023-10-23 17:45:00,30.2045
1097,2023-10-23 18:00:00,30.217
1098,2023-10-23 18:15:00,30.23
1099,2023-10-23 18:30:00,30.2555
1100,2023-10-23 18:45:00,30.2555
1101,2023-10-23 19:00:00,30.268
1102,2023-10-23 19:15:00,30.268
1103,2023-10-23 19:30:00,30.2555
1104,2023-10-23 19:45:00,30.2175
1105,2023-10-23 20:00:00,30.1545
1106,2023-10-23 20:15:00,30.117
1107,2023-10-23 20:30:00,30.117
1108,2023-10-23 20:45:00,30.142000000000003
1109,2023-10-23 21:00:00,30.1545
1110,2023-10-23 21:15:00,30.142
1111,2023-10-23 21:30:00,30.142
1112,2023-10-23 21:45:00,30.167
1113,2023-10-23 22:00:00,30.1545
1114,2023-10-23 22:15:00,30.1295
1115,2023-10-23 22:30:00,30.1295
1116,2023-10-23 22:45:00,30.1295
1117,2023-10-23 23:00:00,30.1295
1118,2023-10-23 23:15:00,30.117
1119,2023-10-23 23:30:00,30.104
1120,2023-10-23 23:45:00,30.091
1121,2023-10-24 00:00:00,30.0785
1122,2023-10-24 00:15:00,30.091
1123,2023-10-24 00:30:00,30.104
1124,2023-10-24 00:45:00,30.1295
1125,2023-10-24 01:00:00,30.1545
1126,2023-10-24 01:15:00,30.167
1127,2023-10-24 01:30:00,30.167
1128,2023-10-24 01:45:00,30.167
1129,2023-10-24 02:00:00,30.1545
1130,2023-10-24 02:15:00,30.1545
1131,2023-10-24 02:30:00,30.1545
1132,2023-10-24 02:45:00,30.1545
1133,2023-10-24 03:00:00,30.1545
1134,2023-10-24 03:15:00,30.1545
1135,2023-10-24 03:30:00,30.1545
1136,2023-10-24 03:45:00,30.167
1137,2023-10-24 04:00:00,30.1795
1138,2023-10-24 04:15:00,30.1795
1139,2023-10-24 04:30:00,30.1795
1140,2023-10-24 04:45:00,30.1795
1141,2023-10-24 05:00:00,30.1795
1142,2023-10-24 05:15:00,30.2045
1143,2023-10-24 05:30:00,30.217
1144,2023-10-24 05:45:00,30.192
1145,2023-10-24 06:00:00,30.167
1146,2023-10-24 06:15:00,30.167
1147,2023-10-24 06:30:00,30.167
1148,2023-10-24 06:45:00,30.1795
1149,2023-10-24 07:00:00,30.167
1150,2023-10-24 07:15:00,30.167
1151,2023-10-24 07:30:00,30.167
1152,2023-10-24 07:45:00,30.1795
1153,2023-10-24 08:00:00,30.167
1154,2023-10-24 08:15:00,30.1795
1155,2023-10-24 08:30:00,30.192
1156,2023-10-24 08:45:00,30.192
1157,2023-10-24 09:00:00,30.192
1158,2023-10-24 09:15:00,30.217
1159,2023-10-24 09:30:00,30.167
1160,2023-10-24 09:45:00,30.192
1161,2023-10-24 10:00:00,30.2045
1162,2023-10-24 10:15:00,30.1545
1163,2023-10-24 10:30:00,30.167
1164,2023-10-24 10:45:00,30.167
1165,2023-10-24 11:00:00,30.142
1166,2023-10-24 11:15:00,30.104
1167,2023-10-24 11:30:00,30.192
1168,2023-10-24 11:45:00,30.1795
1169,2023-10-24 12:00:00,30.167
1170,2023-10-24 12:15:00,30.1545
1171,2023-10-24 12:30:00,30.142
1172,2023-10-24 12:45:00,30.1545
1173,2023-10-24 13:00:00,30.1545
1174,2023-10-24 13:15:00,30.192
1175,2023-10-24 13:30:00,30.1795
1176,2023-10-24 13:45:00,30.192
1177,2023-10-24 14:00:00,30.2045
1178,2023-10-24 14:15:00,30.217
1179,2023-10-24 14:30:00,30.217
1180,2023-10-24 14:45:00,30.192
1181,2023-10-24 15:00:00,30.2045
1182,2023-10-24 15:15:00,30.192
1183,2023-10-24 15:30:00,30.217
1184,2023-10-24 15:45:00,30.243
1185,2023-10-24 16:00:00,30.2555
1186,2023-10-24 16:15:00,30.2425
1187,2023-10-24 16:30:00,30.2045
1188,2023-10-24 16:45:00,30.2045
1189,2023-10-24 17:00:00,30.192
1190,2023-10-24 17:15:00,30.2045
1191,2023-10-24 17:30:00,30.2045
1192,2023-10-24 17:45:00,30.2175
1193,2023-10-24 18:00:00,30.2175
1194,2023-10-24 18:15:00,30.2045
1195,2023-10-24 18:30:00,30.2045
1196,2023-10-24 18:45:00,30.2045
1197,2023-10-24 19:00:00,30.23
1198,2023-10-24 19:15:00,30.23
1199,2023-10-24 19:30:00,30.23
1200,2023-10-24 19:45:00,30.217
1201,2023-10-24 20:00:00,30.23
1202,2023-10-24 20:15:00,30.23
1203,2023-10-24 20:30:00,30.23
1204,2023-10-24 20:45:00,30.23
1205,2023-10-24 21:00:00,30.23
1206,2023-10-24 21:15:00,30.23
1207,2023-10-24 21:30:00,30.23
1208,2023-10-24 21:45:00,30.217
1209,2023-10-24 22:00:00,30.217
1210,2023-10-24 22:15:00,30.217
1211,2023-10-24 22:30:00,30.2045
1212,2023-10-24 22:45:00,30.2045
1213,2023-10-24 23:00:00,30.192
1214,2023-10-24 23:15:00,30.1795
1215,2023-10-24 23:30:00,30.167
1216,2023-10-24 23:45:00,30.167
1217,2023-10-25 00:00:00,30.1545
1218,2023-10-25 00:15:00,30.1545
1219,2023-10-25 00:30:00,30.1545
1220,2023-10-25 00:45:00,30.142
1221,2023-10-25 01:00:00,30.142
1222,2023-10-25 01:15:00,30.142
1223,2023-10-25 01:30:00,30.142
1224,2023-10-25 01:45:00,30.1295
1225,2023-10-25 02:00:00,30.1295
1226,2023-10-25 02:15:00,30.142
1227,2023-10-25 02:30:00,30.1295
1228,2023-10-25 02:45:00,30.142
1229,2023-10-25 03:00:00,30.142
1230,2023-10-25 03:15:00,30.142
1231,2023-10-25 03:30:00,30.142
1232,2023-10-25 03:45:00,30.1295
1233,2023-10-25 04:00:00,30.117
1234,2023-10-25 04:15:00,30.117
1235,2023-10-25 04:30:00,30.1295
1236,2023-10-25 04:45:00,30.104
1237,2023-10-25 05:00:00,30.091
1238,2023-10-25 05:15:00,30.0785
1239,2023-10-25 05:30:00,30.091
1240,2023-10-25 05:45:00,30.104
1241,2023-10-25 06:00:00,30.104
1242,2023-10-25 06:15:00,30.104
1243,2023-10-25 06:30:00,30.104
1244,2023-10-25 06:45:00,30.104
1245,2023-10-25 07:00:00,30.104
1246,2023-10-25 07:15:00,30.117
1247,2023-10-25 07:30:00,30.117
1248,2023-10-25 07:45:00,30.1295
1249,2023-10-25 08:00:00,30.1295
1250,2023-10-25 08:15:00,30.1295
1251,2023-10-25 08:30:00,30.142000000000003
1252,2023-10-25 08:45:00,30.1545
1253,2023-10-25 09:00:00,30.142000000000003
1254,2023-10-25 09:15:00,30.167
1255,2023-10-25 09:30:00,30.192
1256,2023-10-25 09:45:00,30.192
1257,2023-10-25 10:00:00,30.142
1258,2023-10-25 10:15:00,30.1545
1259,2023-10-25 10:30:00,30.167
1260,2023-10-25 10:45:00,30.167
1261,2023-10-25 11:00:00,30.167
1262,2023-10-25 11:15:00,30.192
1263,2023-10-25 11:30:00,30.1545
1264,2023-10-25 11:45:00,30.192
1265,2023-10-25 12:00:00,30.117
1266,2023-10-25 12:15:00,30.1795
1267,2023-10-25 12:30:00,30.1795
1268,2023-10-25 12:45:00,30.192
1269,2023-10-25 13:00:00,30.1545
1270,2023-10-25 13:15:00,30.192
1271,2023-10-25 13:30:00,30.1545
1272,2023-10-25 13:45:00,30.192
1273,2023-10-25 14:00:00,30.167
1274,2023-10-25 14:15:00,30.1795
1275,2023-10-25 14:30:00,30.1545
1276,2023-10-25 14:45:00,30.167
1277,2023-10-25 15:00:00,30.167
1278,2023-10-25 15:15:00,30.167
1279,2023-10-25 15:30:00,30.142
1280,2023-10-25 15:45:00,30.142
1281,2023-10-25 16:00:00,30.1295
1282,2023-10-25 16:15:00,30.142
1283,2023-10-25 16:30:00,30.142
1284,2023-10-25 16:45:00,30.1295
1285,2023-10-25 17:00:00,30.117
1286,2023-10-25 17:15:00,30.117
1287,2023-10-25 17:30:00,30.104
1288,2023-10-25 17:45:00,30.104
1289,2023-10-25 18:00:00,30.104
1290,2023-10-25 18:15:00,30.104
1291,2023-10-25 18:30:00,30.117
1292,2023-10-25 18:45:00,30.117
1293,2023-10-25 19:00:00,30.1545
1294,2023-10-25 19:15:00,30.1545
1295,2023-10-25 19:30:00,30.1545
1296,2023-10-25 19:45:00,30.1545
1297,2023-10-25 20:00:00,30.1545
1298,2023-10-25 20:15:00,30.142
1299,2023-10-25 20:30:00,30.142
1300,2023-10-25 20:45:00,30.1545
1301,2023-10-25 21:00:00,30.1165
1302,2023-10-25 21:15:00,30.104
1303,2023-10-25 21:30:00,30.104
1304,2023-10-25 21:45:00,30.104
1305,2023-10-25 22:00:00,30.104
1306,2023-10-25 22:15:00,30.0785
1307,2023-10-25 22:30:00,30.0785
1308,2023-10-25 22:45:00,30.0785
1309,2023-10-25 23:00:00,30.0785
1310,2023-10-25 23:15:00,30.0535
1311,2023-10-25 23:30:00,30.0535
1312,2023-10-25 23:45:00,30.0535
1313,2023-10-26 00:00:00,30.0785
1314,2023-10-26 00:15:00,30.0785
1315,2023-10-26 00:30:00,30.0915
1316,2023-10-26 00:45:00,30.104
1317,2023-10-26 01:00:00,30.104
1318,2023-10-26 01:15:00,30.104
1319,2023-10-26 01:30:00,30.091
1320,2023-10-26 01:45:00,30.0785
1321,2023-10-26 02:00:00,30.0785
1322,2023-10-26 02:15:00,30.066000000000003
1323,2023-10-26 02:30:00,30.066
1324,2023-10-26 02:45:00,30.0785
1325,2023-10-26 03:00:00,30.0535
1326,2023-10-26 03:15:00,30.0535
1327,2023-10-26 03:30:00,30.0285
1328,2023-10-26 03:45:00,30.0285
1329,2023-10-26 04:00:00,30.016
1330,2023-10-26 04:15:00,30.0035
1331,2023-10-26 04:30:00,30.0035
1332,2023-10-26 04:45:00,30.0035
1333,2023-10-26 05:00:00,29.9785
1334,2023-10-26 05:15:00,29.9285
1335,2023-10-26 05:30:00,29.9285
1336,2023-10-26 05:45:00,29.9285
1337,2023-10-26 06:00:00,29.9155
1338,2023-10-26 06:15:00,29.8775
1339,2023-10-26 06:30:00,29.8525
1340,2023-10-26 06:45:00,29.8525
1341,2023-10-26 07:00:00,29.865
1342,2023-10-26 07:15:00,29.89
1343,2023-10-26 07:30:00,29.89
1344,2023-10-26 07:45:00,29.89
1345,2023-10-26 08:00:00,29.903
1346,2023-10-26 08:15:00,29.916
1347,2023-10-26 08:30:00,29.9535
1348,2023-10-26 08:45:00,29.966
1349,2023-10-26 09:00:00,29.991
1350,2023-10-26 09:15:00,30.016
1351,2023-10-26 09:30:00,30.041
1352,2023-10-26 09:45:00,30.066
1353,2023-10-26 10:00:00,30.0785
1354,2023-10-26 10:15:00,30.104
1355,2023-10-26 10:30:00,30.091
1356,2023-10-26 10:45:00,30.1295
1357,2023-10-26 11:00:00,30.1295
1358,2023-10-26 11:15:00,30.142
1359,2023-10-26 11:30:00,30.167
1360,2023-10-26 11:45:00,30.1795
1361,2023-10-26 12:00:00,30.192
1362,2023-10-26 12:15:00,30.1545
1363,2023-10-26 12:30:00,30.142
1364,2023-10-26 12:45:00,30.1545
1365,2023-10-26 13:00:00,30.142
1366,2023-10-26 13:15:00,30.1295
1367,2023-10-26 13:30:00,30.167
1368,2023-10-26 13:45:00,30.167
1369,2023-10-26 14:00:00,30.1795
1370,2023-10-26 14:15:00,30.1795
1371,2023-10-26 14:30:00,30.1545
1372,2023-10-26 14:45:00,30.142
1373,2023-10-26 15:00:00,30.117
1374,2023-10-26 15:15:00,30.117
1375,2023-10-26 15:30:00,30.167
1376,2023-10-26 15:45:00,30.1545
1377,2023-10-26 16:00:00,30.1295
1378,2023-10-26 16:15:00,30.117
1379,2023-10-26 16:30:00,30.1295
1380,2023-10-26 16:45:00,30.1545
1381,2023-10-26 17:00:00,30.167
1382,2023-10-26 17:15:00,30.142
1383,2023-10-26 17:30:00,30.142
1384,2023-10-26 17:45:00,30.1545
1385,2023-10-26 18:00:00,30.1795
1386,2023-10-26 18:15:00,30.192
1387,2023-10-26 18:30:00,30.2045
1388,2023-10-26 18:45:00,30.205
1389,2023-10-26 19:00:00,30.2175
1390,2023-10-26 19:15:00,30.2045
1391,2023-10-26 19:30:00,30.192
1392,2023-10-26 19:45:00,30.1545
1393,2023-10-26 20:00:00,30.192
1394,2023-10-26 20:15:00,30.2175
1395,2023-10-26 20:30:00,30.217
1396,2023-10-26 20:45:00,30.1545
1397,2023-10-26 21:00:00,30.1545
1398,2023-10-26 21:15:00,30.1545
1399,2023-10-26 21:30:00,30.1545
1400,2023-10-26 21:45:00,30.1545
1401,2023-10-26 22:00:00,30.1545
1402,2023-10-26 22:15:00,30.1545
1403,2023-10-26 22:30:00,30.1545
1404,2023-10-26 22:45:00,30.1545
1405,2023-10-26 23:00:00,30.1545
1406,2023-10-26 23:15:00,30.142
1407,2023-10-26 23:30:00,30.142
1408,2023-10-26 23:45:00,30.142
1409,2023-10-27 00:00:00,30.142
1410,2023-10-27 00:15:00,30.142
1411,2023-10-27 00:30:00,30.142
1412,2023-10-27 00:45:00,30.142
1413,2023-10-27 01:00:00,30.142
1414,2023-10-27 01:15:00,30.142
1415,2023-10-27 01:30:00,30.1545
1416,2023-10-27 01:45:00,30.1545
1417,2023-10-27 02:00:00,30.1545
1418,2023-10-27 02:15:00,30.142
1419,2023-10-27 02:30:00,30.142
1420,2023-10-27 02:45:00,30.1295
1421,2023-10-27 03:00:00,30.142
1422,2023-10-27 03:15:00,30.1295
1423,2023-10-27 03:30:00,30.1295
1424,2023-10-27 03:45:00,30.1295
1425,2023-10-27 04:00:00,30.117
1426,2023-10-27 04:15:00,30.0915
1427,2023-10-27 04:30:00,30.066
1428,2023-10-27 04:45:00,30.066
1429,2023-10-27 05:00:00,30.066
1430,2023-10-27 05:15:00,30.0785
1431,2023-10-27 05:30:00,30.0785
1432,2023-10-27 05:45:00,30.0785
1433,2023-10-27 06:00:00,30.0785
1434,2023-10-27 06:15:00,30.0785
1435,2023-10-27 06:30:00,30.0785
1436,2023-10-27 06:45:00,30.0785
1437,2023-10-27 07:00:00,30.0785
1438,2023-10-27 07:15:00,30.0535
1439,2023-10-27 07:30:00,30.0535
1440,2023-10-27 07:45:00,30.0535
1441,2023-10-27 08:00:00,29.9785
1442,2023-10-27 08:15:00,29.9785
1443,2023-10-27 08:30:00,29.991
1444,2023-10-27 08:45:00,30.0035
1445,2023-10-27 09:00:00,29.991
1446,2023-10-27 09:15:00,29.991
1447,2023-10-27 09:30:00,29.991
1448,2023-10-27 09:45:00,29.991
1449,2023-10-27 10:00:00,30.016
1450,2023-10-27 10:15:00,30.0535
1451,2023-10-27 10:30:00,30.104
1452,2023-10-27 10:45:00,30.117
1453,2023-10-27 11:00:00,30.1295
1454,2023-10-27 11:15:00,30.1545
1455,2023-10-27 11:30:00,30.192
1456,2023-10-27 11:45:00,30.2045
1457,2023-10-27 12:00:00,30.2045
1458,2023-10-27 12:15:00,30.2045
1459,2023-10-27 12:30:00,30.2045
1460,2023-10-27 12:45:00,30.2045
1461,2023-10-27 13:00:00,30.2805
1462,2023-10-27 13:15:00,30.343
1463,2023-10-27 13:30:00,30.318
1464,2023-10-27 13:45:00,30.3055
1465,2023-10-27 14:00:00,30.268
1466,2023-10-27 14:15:00,30.217
1467,2023-10-27 14:30:00,30.192
1468,2023-10-27 14:45:00,30.2045
1469,2023-10-27 15:00:00,30.192
1470,2023-10-27 15:15:00,30.1795
1471,2023-10-27 15:30:00,30.1545
1472,2023-10-27 15:45:00,30.1545
1473,2023-10-27 16:00:00,30.167
1474,2023-10-27 16:15:00,30.1795
1475,2023-10-27 16:30:00,30.2045
1476,2023-10-27 16:45:00,30.2045
1477,2023-10-27 17:00:00,30.1795
1478,2023-10-27 17:15:00,30.1795
1479,2023-10-27 17:30:00,30.167
1480,2023-10-27 17:45:00,30.167
1481,2023-10-27 18:00:00,30.167
1482,2023-10-27 18:15:00,30.1795
1483,2023-10-27 18:30:00,30.1795
1484,2023-10-27 18:45:00,30.167
1485,2023-10-27 19:00:00,30.167
1486,2023-10-27 19:15:00,30.167
1487,2023-10-27 19:30:00,30.167
1488,2023-10-27 19:45:00,30.167
1489,2023-10-27 20:00:00,30.1545
1490,2023-10-27 20:15:00,30.1545
1491,2023-10-27 20:30:00,30.1545
1492,2023-10-27 20:45:00,30.1545
1493,2023-10-27 21:00:00,30.167
1494,2023-10-27 21:15:00,30.167
1495,2023-10-27 21:30:00,30.167
1496,2023-10-27 21:45:00,30.167
1497,2023-10-27 22:00:00,30.1795
1498,2023-10-27 22:15:00,30.1795
1499,2023-10-27 22:30:00,30.1795
1500,2023-10-27 22:45:00,30.1795
1501,2023-10-27 23:00:00,30.1795
1502,2023-10-27 23:15:00,30.1795
1503,2023-10-27 23:30:00,30.192
1504,2023-10-27 23:45:00,30.192
1505,2023-10-28 00:00:00,30.2045
1506,2023-10-28 00:15:00,30.217
1507,2023-10-28 00:30:00,30.23
1508,2023-10-28 00:45:00,30.23
1509,2023-10-28 01:00:00,30.23
1510,2023-10-28 01:15:00,30.23
1511,2023-10-28 01:30:00,30.23
1512,2023-10-28 01:45:00,30.2045
1513,2023-10-28 02:00:00,30.167
1514,2023-10-28 02:15:00,30.142
1515,2023-10-28 02:30:00,30.1295
1516,2023-10-28 02:45:00,30.0785
1517,2023-10-28 03:00:00,30.016
1518,2023-10-28 03:15:00,29.991
1519,2023-10-28 03:30:00,29.9785
1520,2023-10-28 03:45:00,29.9785
1521,2023-10-28 04:00:00,29.9785
1522,2023-10-28 04:15:00,29.9785
1523,2023-10-28 04:30:00,29.9785
1524,2023-10-28 04:45:00,29.9535
1525,2023-10-28 05:00:00,29.9535
1526,2023-10-28 05:15:00,29.9285
1527,2023-10-28 05:30:00,29.903
1528,2023-10-28 05:45:00,29.903
1529,2023-10-28 06:00:00,29.8775
1530,2023-10-28 06:15:00,29.865
1531,2023-10-28 06:30:00,29.8525
1532,2023-10-28 06:45:00,29.815
1533,2023-10-28 07:00:00,29.815
1534,2023-10-28 07:15:00,29.8275
1535,2023-10-28 07:30:00,29.8275
1536,2023-10-28 07:45:00,29.765
1537,2023-10-28 08:00:00,29.69
1538,2023-10-28 08:15:00,29.6525
1539,2023-10-28 08:30:00,29.6275
1540,2023-10-28 08:45:00,29.6525
1541,2023-10-28 09:00:00,29.665
1542,2023-10-28 09:15:00,29.69
1543,2023-10-28 09:30:00,29.7025
1544,2023-10-28 09:45:00,29.69
1545,2023-10-28 10:00:00,29.715
1546,2023-10-28 10:15:00,29.715
1547,2023-10-28 10:30:00,29.7275
1548,2023-10-28 10:45:00,29.7275
1549,2023-10-28 11:00:00,29.79
1550,2023-10-28 11:15:00,29.8525
1551,2023-10-28 11:30:00,29.9155
1552,2023-10-28 11:45:00,29.966
1553,2023-10-28 12:00:00,29.9535
1554,2023-10-28 12:15:00,30.0035
1555,2023-10-28 12:30:00,30.117
1556,2023-10-28 12:45:00,30.117
1557,2023-10-28 13:00:00,30.142
1558,2023-10-28 13:15:00,30.0915
1559,2023-10-28 13:30:00,30.0535
1560,2023-10-28 13:45:00,30.041
1561,2023-10-28 14:00:00,30.066
1562,2023-10-28 14:15:00,30.0785
1563,2023-10-28 14:30:00,30.0035
1564,2023-10-28 14:45:00,30.016
1565,2023-10-28 15:00:00,30.016
1566,2023-10-28 15:15:00,29.966
1567,2023-10-28 15:30:00,29.9535
1568,2023-10-28 15:45:00,29.9535
1569,2023-10-28 16:00:00,29.966
1570,2023-10-28 16:15:00,29.9535
1571,2023-10-28 16:30:00,29.941
1572,2023-10-28 16:45:00,29.966
1573,2023-10-28 17:00:00,30.066
1574,2023-10-28 17:15:00,30.117
1575,2023-10-28 17:30:00,30.1295
1576,2023-10-28 17:45:00,30.104
1577,2023-10-28 18:00:00,30.1545
1578,2023-10-28 18:15:00,30.167
1579,2023-10-28 18:30:00,30.142
1580,2023-10-28 18:45:00,30.091
1581,2023-10-28 19:00:00,30.041
1582,2023-10-28 19:15:00,30.0035
1583,2023-10-28 19:30:00,30.0035
1584,2023-10-28 19:45:00,30.0035
1585,2023-10-28 20:00:00,29.9785
1586,2023-10-28 20:15:00,29.966
1587,2023-10-28 20:30:00,29.941
1588,2023-10-28 20:45:00,29.9285
1589,2023-10-28 21:00:00,29.9285
1590,2023-10-28 21:15:00,29.9285
1591,2023-10-28 21:30:00,29.9535
1592,2023-10-28 21:45:00,29.9535
1593,2023-10-28 22:00:00,29.9785
1594,2023-10-28 22:15:00,29.991
1595,2023-10-28 22:30:00,30.016
1596,2023-10-28 22:45:00,30.041
1597,2023-10-28 23:00:00,30.041
1598,2023-10-28 23:15:00,30.0535
1599,2023-10-28 23:30:00,30.0535
1600,2023-10-28 23:45:00,30.0285
1601,2023-10-29 00:00:00,30.0035
1602,2023-10-29 00:15:00,30.016
1603,2023-10-29 00:30:00,30.0285
1604,2023-10-29 00:45:00,30.016
1605,2023-10-29 01:00:00,30.016
1606,2023-10-29 01:15:00,30.0035
1607,2023-10-29 01:30:00,29.991
1608,2023-10-29 01:45:00,29.9535
1609,2023-10-29 02:00:00,29.9535
1610,2023-10-29 02:15:00,29.9285
1611,2023-10-29 02:30:00,29.903
1612,2023-10-29 02:45:00,29.8775
1613,2023-10-29 03:00:00,29.865
1614,2023-10-29 03:15:00,29.8525
1615,2023-10-29 03:30:00,29.8525
1616,2023-10-29 03:45:00,29.8525
1617,2023-10-29 04:00:00,29.8525
1618,2023-10-29 04:15:00,29.8525
1619,2023-10-29 04:30:00,29.8525
1620,2023-10-29 04:45:00,29.8525
1621,2023-10-29 05:00:00,29.865
1622,2023-10-29 05:15:00,29.865
1623,2023-10-29 05:30:00,29.865
1624,2023-10-29 05:45:00,29.865
1625,2023-10-29 06:00:00,29.865
1626,2023-10-29 06:15:00,29.865
1627,2023-10-29 06:30:00,29.865
1628,2023-10-29 06:45:00,29.8525
1629,2023-10-29 07:00:00,29.8275
1630,2023-10-29 07:15:00,29.8025
1631,2023-10-29 07:30:00,29.7775
1632,2023-10-29 07:45:00,29.765
1633,2023-10-29 08:00:00,29.7525
1634,2023-10-29 08:15:00,29.765
1635,2023-10-29 08:30:00,29.765
1636,2023-10-29 08:45:00,29.79
1637,2023-10-29 09:00:00,29.815
1638,2023-10-29 09:15:00,29.8275
1639,2023-10-29 09:30:00,29.84
1640,2023-10-29 09:45:00,29.8025
1641,2023-10-29 10:00:00,29.84
1642,2023-10-29 10:15:00,29.8525
1643,2023-10-29 10:30:00,29.89
1644,2023-10-29 10:45:00,29.9285
1645,2023-10-29 11:00:00,29.941
1646,2023-10-29 11:15:00,29.966
1647,2023-10-29 11:30:00,29.9535
1648,2023-10-29 11:45:00,29.966
1649,2023-10-29 12:00:00,29.991
1650,2023-10-29 12:15:00,29.9785
1651,2023-10-29 12:30:00,29.9785
1652,2023-10-29 12:45:00,30.016
1653,2023-10-29 13:00:00,29.991
1654,2023-10-29 13:15:00,30.0035
1655,2023-10-29 13:30:00,29.991
1656,2023-10-29 13:45:00,29.966
1657,2023-10-29 14:00:00,29.966
1658,2023-10-29 14:15:00,29.941
1659,2023-10-29 14:30:00,29.903
1660,2023-10-29 14:45:00,29.8775
1661,2023-10-29 15:00:00,29.865
1662,2023-10-29 15:15:00,29.8775
1663,2023-10-29 15:30:00,29.8775
1664,2023-10-29 15:45:00,29.865
1665,2023-10-29 16:00:00,29.8775
1666,2023-10-29 16:15:00,29.865
1667,2023-10-29 16:30:00,29.8525
1668,2023-10-29 16:45:00,29.8525
1669,2023-10-29 17:00:00,29.8525
1670,2023-10-29 17:15:00,29.8525
1671,2023-10-29 17:30:00,29.8525
1672,2023-10-29 17:45:00,29.8525
1673,2023-10-29 18:00:00,29.8525
1674,2023-10-29 18:15:00,29.8525
1675,2023-10-29 18:30:00,29.8525
1676,2023-10-29 18:45:00,29.8525
1677,2023-10-29 19:00:00,29.8525
1678,2023-10-29 19:15:00,29.8525
1679,2023-10-29 19:30:00,29.865
1680,2023-10-29 19:45:00,29.865
1681,2023-10-29 20:00:00,29.8775
1682,2023-10-29 20:15:00,29.8775
1683,2023-10-29 20:30:00,29.8775
1684,2023-10-29 20:45:00,29.8775
1685,2023-10-29 21:00:00,29.8775
1686,2023-10-29 21:15:00,29.865
1687,2023-10-29 21:30:00,29.8525
1688,2023-10-29 21:45:00,29.84
1689,2023-10-29 22:00:00,29.84
1690,2023-10-29 22:15:00,29.8275
1691,2023-10-29 22:30:00,29.8275
1692,2023-10-29 22:45:00,29.8025
1693,2023-10-29 23:00:00,29.8025
1694,2023-10-29 23:15:00,29.8025
1695,2023-10-29 23:30:00,29.8025
1696,2023-10-29 23:45:00,29.7775
1697,2023-10-30 00:00:00,29.7775
1698,2023-10-30 00:15:00,29.7775
1699,2023-10-30 00:30:00,29.7775
1700,2023-10-30 00:45:00,29.7775
1701,2023-10-30 01:00:00,29.7775
1702,2023-10-30 01:15:00,29.7775
1703,2023-10-30 01:30:00,29.7775
1704,2023-10-30 01:45:00,29.7775
1705,2023-10-30 02:00:00,29.74
1706,2023-10-30 02:15:00,29.74
1707,2023-10-30 02:30:00,29.7525
1708,2023-10-30 02:45:00,29.765
1709,2023-10-30 03:00:00,29.79
1710,2023-10-30 03:15:00,29.7275
1711,2023-10-30 03:30:00,29.6525
1712,2023-10-30 03:45:00,29.6525
1713,2023-10-30 04:00:00,29.6525
1714,2023-10-30 04:15:00,29.6525
1715,2023-10-30 04:30:00,29.6775
1716,2023-10-30 04:45:00,29.69
1717,2023-10-30 05:00:00,29.7025
1718,2023-10-30 05:15:00,29.7275
1719,2023-10-30 05:30:00,29.665
1720,2023-10-30 05:45:00,29.6275
1721,2023-10-30 06:00:00,29.6525
1722,2023-10-30 06:15:00,29.6775
1723,2023-10-30 06:30:00,29.665
1724,2023-10-30 06:45:00,29.615
1725,2023-10-30 07:00:00,29.5525
1726,2023-10-30 07:15:00,29.49
1727,2023-10-30 07:30:00,29.4515
1728,2023-10-30 07:45:00,29.4515
1729,2023-10-30 08:00:00,29.4515
1730,2023-10-30 08:15:00,29.439
1731,2023-10-30 08:30:00,29.464
1732,2023-10-30 08:45:00,29.5025
1733,2023-10-30 09:00:00,29.515
1734,2023-10-30 09:15:00,29.49
1735,2023-10-30 09:30:00,29.59
1736,2023-10-30 09:45:00,29.64
1737,2023-10-30 10:00:00,29.6275
1738,2023-10-30 10:15:00,29.565
1739,2023-10-30 10:30:00,29.6025
1740,2023-10-30 10:45:00,29.6275
1741,2023-10-30 11:00:00,29.6775
1742,2023-10-30 11:15:00,29.6775
1743,2023-10-30 11:30:00,29.6775
1744,2023-10-30 11:45:00,29.69
1745,2023-10-30 12:00:00,29.69
1746,2023-10-30 12:15:00,29.7025
1747,2023-10-30 12:30:00,29.7025
1748,2023-10-30 12:45:00,29.7025
1749,2023-10-30 13:00:00,29.715
1750,2023-10-30 13:15:00,29.74
1751,2023-10-30 13:30:00,29.7525
1752,2023-10-30 13:45:00,29.7525
1753,2023-10-30 14:00:00,29.74
1754,2023-10-30 14:15:00,29.74
1755,2023-10-30 14:30:00,29.74
1756,2023-10-30 14:45:00,29.7525
1757,2023-10-30 15:00:00,29.7525
1758,2023-10-30 15:15:00,29.7525
1759,2023-10-30 15:30:00,29.7525
1760,2023-10-30 15:45:00,29.7525
1761,2023-10-30 16:00:00,29.7525
1762,2023-10-30 16:15:00,29.7525
1763,2023-10-30 16:30:00,29.7525
1764,2023-10-30 16:45:00,29.7525
1765,2023-10-30 17:00:00,29.7525
1766,2023-10-30 17:15:00,29.7525
1767,2023-10-30 17:30:00,29.7525
1768,2023-10-30 17:45:00,29.7525
1769,2023-10-30 18:00:00,29.7525
1770,2023-10-30 18:15:00,29.7525
1771,2023-10-30 18:30:00,29.7525
1772,2023-10-30 18:45:00,29.7525
1773,2023-10-30 19:00:00,29.7525
1774,2023-10-30 19:15:00,29.7525
1775,2023-10-30 19:30:00,29.7525
1776,2023-10-30 19:45:00,29.7525
1777,2023-10-30 20:00:00,29.7525
1778,2023-10-30 20:15:00,29.7525
1779,2023-10-30 20:30:00,29.7525
1780,2023-10-30 20:45:00,29.7525
1781,2023-10-30 21:00:00,29.7525
1782,2023-10-30 21:15:00,29.7525
1783,2023-10-30 21:30:00,29.74
1784,2023-10-30 21:45:00,29.7275
1785,2023-10-30 22:00:00,29.7275
1786,2023-10-30 22:15:00,29.7275
1787,2023-10-30 22:30:00,29.7275
1788,2023-10-30 22:45:00,29.715
1789,2023-10-30 23:00:00,29.715
1790,2023-10-30 23:15:00,29.6275
1791,2023-10-30 23:30:00,29.59
1792,2023-10-30 23:45:00,29.6025
1793,2023-10-31 00:00:00,29.59
1794,2023-10-31 00:15:00,29.6025
1795,2023-10-31 00:30:00,29.59
1796,2023-10-31 00:45:00,29.5775
1797,2023-10-31 01:00:00,29.59
1798,2023-10-31 01:15:00,29.5775
1799,2023-10-31 01:30:00,29.565
1800,2023-10-31 01:45:00,29.565
1801,2023-10-31 02:00:00,29.5525
1802,2023-10-31 02:15:00,29.5275
1803,2023-10-31 02:30:00,29.5025
1804,2023-10-31 02:45:00,29.477
1805,2023-10-31 03:00:00,29.464
1806,2023-10-31 03:15:00,29.4515
1807,2023-10-31 03:30:00,29.4515
1808,2023-10-31 03:45:00,29.4265
1809,2023-10-31 04:00:00,29.4265
1810,2023-10-31 04:15:00,29.4265
1811,2023-10-31 04:30:00,29.4265
1812,2023-10-31 04:45:00,29.4265
1813,2023-10-31 05:00:00,29.439
1814,2023-10-31 05:15:00,29.4515
1815,2023-10-31 05:30:00,29.464
1816,2023-10-31 05:45:00,29.464
1817,2023-10-31 06:00:00,29.49
1818,2023-10-31 06:15:00,29.515
1819,2023-10-31 06:30:00,29.5275
1820,2023-10-31 06:45:00,29.54
1821,2023-10-31 07:00:00,29.5275
1822,2023-10-31 07:15:00,29.5275
1823,2023-10-31 07:30:00,29.54
1824,2023-10-31 07:45:00,29.515
1825,2023-10-31 08:00:00,29.49
1826,2023-10-31 08:15:00,29.515
1827,2023-10-31 08:30:00,29.49
1828,2023-10-31 08:45:00,29.5025
1829,2023-10-31 09:00:00,29.5275
1830,2023-10-31 09:15:00,29.5275
1831,2023-10-31 09:30:00,29.5275
1832,2023-10-31 09:45:00,29.54
1833,2023-10-31 10:00:00,29.5525
1834,2023-10-31 10:15:00,29.565
1835,2023-10-31 10:30:00,29.565
1836,2023-10-31 10:45:00,29.5775
1837,2023-10-31 11:00:00,29.6025
1838,2023-10-31 11:15:00,29.59
1839,2023-10-31 11:30:00,29.615
1840,2023-10-31 11:45:00,29.6275
1841,2023-10-31 12:00:00,29.6275
1842,2023-10-31 12:15:00,29.64
1843,2023-10-31 12:30:00,29.665
1844,2023-10-31 12:45:00,29.6775
1845,2023-10-31 13:00:00,29.6775
1846,2023-10-31 13:15:00,29.69
1847,2023-10-31 13:30:00,29.665
1848,2023-10-31 13:45:00,29.69
1849,2023-10-31 14:00:00,29.665
1850,2023-10-31 14:15:00,29.6775
1851,2023-10-31 14:30:00,29.6525
1852,2023-10-31 14:45:00,29.7025
1853,2023-10-31 15:00:00,29.7275
1854,2023-10-31 15:15:00,29.715
1855,2023-10-31 15:30:00,29.7275
1856,2023-10-31 15:45:00,29.7275
1857,2023-10-31 16:00:00,29.69
1858,2023-10-31 16:15:00,29.69
1859,2023-10-31 16:30:00,29.7025
1860,2023-10-31 16:45:00,29.69
1861,2023-10-31 17:00:00,29.6775
1862,2023-10-31 17:15:00,29.6775
1863,2023-10-31 17:30:00,29.6775
1864,2023-10-31 17:45:00,29.6775
1865,2023-10-31 18:00:00,29.6775
1866,2023-10-31 18:15:00,29.6525
1867,2023-10-31 18:30:00,29.6275
1868,2023-10-31 18:45:00,29.6525
1869,2023-10-31 19:00:00,29.6525
1870,2023-10-31 19:15:00,29.6525
1871,2023-10-31 19:30:00,29.6525
1872,2023-10-31 19:45:00,29.6525
1873,2023-10-31 20:00:00,29.64
1874,2023-10-31 20:15:00,29.6525
1875,2023-10-31 20:30:00,29.6525
1876,2023-10-31 20:45:00,29.6525
1877,2023-10-31 21:00:00,29.6525
1878,2023-10-31 21:15:00,29.6525
1879,2023-10-31 21:30:00,29.665
1880,2023-10-31 21:45:00,29.665
1881,2023-10-31 22:00:00,29.665
1882,2023-10-31 22:15:00,29.6525
1883,2023-10-31 22:30:00,29.665
1884,2023-10-31 22:45:00,29.665
1885,2023-10-31 23:00:00,29.665
1886,2023-10-31 23:15:00,29.665
1887,2023-10-31 23:30:00,29.665
1888,2023-10-31 23:45:00,29.665
1889,2023-11-01 00:00:00,29.665
1890,2023-11-01 00:15:00,29.665
1891,2023-11-01 00:30:00,29.665
1892,2023-11-01 00:45:00,29.665
1893,2023-11-01 01:00:00,29.665
1894,2023-11-01 01:15:00,29.6525
1895,2023-11-01 01:30:00,29.64
1896,2023-11-01 01:45:00,29.6275
1897,2023-11-01 02:00:00,29.6275
1898,2023-11-01 02:15:00,29.6025
1899,2023-11-01 02:30:00,29.5775
1900,2023-11-01 02:45:00,29.5775
1901,2023-11-01 03:00:00,29.5775
1902,2023-11-01 03:15:00,29.5775
1903,2023-11-01 03:30:00,29.5775
1904,2023-11-01 03:45:00,29.5775
1905,2023-11-01 04:00:00,29.5775
1906,2023-11-01 04:15:00,29.565
1907,2023-11-01 04:30:00,29.565
1908,2023-11-01 04:45:00,29.5395
1909,2023-11-01 05:00:00,29.527
1910,2023-11-01 05:15:00,29.502
1911,2023-11-01 05:30:00,29.452
1912,2023-11-01 05:45:00,29.4265
1913,2023-11-01 06:00:00,29.4265
1914,2023-11-01 06:15:00,29.4265
1915,2023-11-01 06:30:00,29.4265
1916,2023-11-01 06:45:00,29.4265
1917,2023-11-01 07:00:00,29.4265
1918,2023-11-01 07:15:00,29.4265
1919,2023-11-01 07:30:00,29.439
1920,2023-11-01 07:45:00,29.464
1921,2023-11-01 08:00:00,29.477
1922,2023-11-01 08:15:00,29.5025
1923,2023-11-01 08:30:00,29.515
1924,2023-11-01 08:45:00,29.54
1925,2023-11-01 09:00:00,29.565
1926,2023-11-01 09:15:00,29.59
1927,2023-11-01 09:30:00,29.6025
1928,2023-11-01 09:45:00,29.615
1929,2023-11-01 10:00:00,29.64
1930,2023-11-01 10:15:00,29.665
1931,2023-11-01 10:30:00,29.69
1932,2023-11-01 10:45:00,29.715
1933,2023-11-01 11:00:00,29.74
1934,2023-11-01 11:15:00,29.7525
1935,2023-11-01 11:30:00,29.765
1936,2023-11-01 11:45:00,29.815
1937,2023-11-01 12:00:00,29.8275
1938,2023-11-01 12:15:00,29.8525
1939,2023-11-01 12:30:00,29.8775
1940,2023-11-01 12:45:00,29.903
1941,2023-11-01 13:00:00,29.903
1942,2023-11-01 13:15:00,29.9285
1943,2023-11-01 13:30:00,29.941
1944,2023-11-01 13:45:00,29.941
1945,2023-11-01 14:00:00,29.9285
1946,2023-11-01 14:15:00,29.8905
1947,2023-11-01 14:30:00,29.815
1948,2023-11-01 14:45:00,29.8275
1949,2023-11-01 15:00:00,29.815
1950,2023-11-01 15:15:00,29.79
1951,2023-11-01 15:30:00,29.7525
1952,2023-11-01 15:45:00,29.74
1953,2023-11-01 16:00:00,29.74
1954,2023-11-01 16:15:00,29.7275
1955,2023-11-01 16:30:00,29.715
1956,2023-11-01 16:45:00,29.7025
1957,2023-11-01 17:00:00,29.7025
1958,2023-11-01 17:15:00,29.69
1959,2023-11-01 17:30:00,29.6775
1960,2023-11-01 17:45:00,29.6775
1961,2023-11-01 18:00:00,29.6775
1962,2023-11-01 18:15:00,29.6775
1963,2023-11-01 18:30:00,29.6775
1964,2023-11-01 18:45:00,29.6775
1965,2023-11-01 19:00:00,29.6775
1966,2023-11-01 19:15:00,29.6775
1967,2023-11-01 19:30:00,29.6775
1968,2023-11-01 19:45:00,29.6775
1969,2023-11-01 20:00:00,29.6775
1970,2023-11-01 20:15:00,29.6775
1971,2023-11-01 20:30:00,29.665
1972,2023-11-01 20:45:00,29.6775
1973,2023-11-01 21:00:00,29.69
1974,2023-11-01 21:15:00,29.69
1975,2023-11-01 21:30:00,29.7025
1976,2023-11-01 21:45:00,29.7025
1977,2023-11-01 22:00:00,29.69
1978,2023-11-01 22:15:00,29.6775
1979,2023-11-01 22:30:00,29.6775
1980,2023-11-01 22:45:00,29.6775
1981,2023-11-01 23:00:00,29.665
1982,2023-11-01 23:15:00,29.6525
1983,2023-11-01 23:30:00,29.6525
1984,2023-11-01 23:45:00,29.6525
1985,2023-11-02 00:00:00,29.64
1986,2023-11-02 00:15:00,29.6275
1987,2023-11-02 00:30:00,29.6025
1988,2023-11-02 00:45:00,29.59
1989,2023-11-02 01:00:00,29.5775
1990,2023-11-02 01:15:00,29.5775
1991,2023-11-02 01:30:00,29.565
1992,2023-11-02 01:45:00,29.5525
1993,2023-11-02 02:00:00,29.5525
1994,2023-11-02 02:15:00,29.5275
1995,2023-11-02 02:30:00,29.5275
1996,2023-11-02 02:45:00,29.477
1997,2023-11-02 03:00:00,29.477
1998,2023-11-02 03:15:00,29.439
1999,2023-11-02 03:30:00,29.4265
2000,2023-11-02 03:45:00,29.4265
2001,2023-11-02 04:00:00,29.4265
2002,2023-11-02 04:15:00,29.414
2003,2023-11-02 04:30:00,29.4265
2004,2023-11-02 04:45:00,29.4265
2005,2023-11-02 05:00:00,29.414
2006,2023-11-02 05:15:00,29.389
2007,2023-11-02 05:30:00,29.389
2008,2023-11-02 05:45:00,29.365
2009,2023-11-02 06:00:00,29.377
2010,2023-11-02 06:15:00,29.389
2011,2023-11-02 06:30:00,29.414
2012,2023-11-02 06:45:00,29.414
2013,2023-11-02 07:00:00,29.414
2014,2023-11-02 07:15:00,29.4265
2015,2023-11-02 07:30:00,29.4265
2016,2023-11-02 07:45:00,29.439
2017,2023-11-02 08:00:00,29.4515
2018,2023-11-02 08:15:00,29.4515
2019,2023-11-02 08:30:00,29.464
2020,2023-11-02 08:45:00,29.49
2021,2023-11-02 09:00:00,29.5025
2022,2023-11-02 09:15:00,29.5275
2023,2023-11-02 09:30:00,29.5525
2024,2023-11-02 09:45:00,29.565
2025,2023-11-02 10:00:00,29.6025
2026,2023-11-02 10:15:00,29.64
2027,2023-11-02 10:30:00,29.665
2028,2023-11-02 10:45:00,29.69
2029,2023-11-02 11:00:00,29.7025
2030,2023-11-02 11:15:00,29.74
2031,2023-11-02 11:30:00,29.7525
2032,2023-11-02 11:45:00,29.7775
2033,2023-11-02 12:00:00,29.79
2034,2023-11-02 12:15:00,29.8025
2035,2023-11-02 12:30:00,29.815
2036,2023-11-02 12:45:00,29.84
2037,2023-11-02 13:00:00,29.84
2038,2023-11-02 13:15:00,29.84
2039,2023-11-02 13:30:00,29.84
2040,2023-11-02 13:45:00,29.815
2041,2023-11-02 14:00:00,29.815
2042,2023-11-02 14:15:00,29.815
2043,2023-11-02 14:30:00,29.79
2044,2023-11-02 14:45:00,29.79
2045,2023-11-02 15:00:00,29.79
2046,2023-11-02 15:15:00,29.765
2047,2023-11-02 15:30:00,29.7525
2048,2023-11-02 15:45:00,29.74
2049,2023-11-02 16:00:00,29.715
2050,2023-11-02 16:15:00,29.69
2051,2023-11-02 16:30:00,29.69
2052,2023-11-02 16:45:00,29.665
2053,2023-11-02 17:00:00,29.6525
2054,2023-11-02 17:15:00,29.6275
2055,2023-11-02 17:30:00,29.6275
2056,2023-11-02 17:45:00,29.615
2057,2023-11-02 18:00:00,29.6025
2058,2023-11-02 18:15:00,29.6025
2059,2023-11-02 18:30:00,29.6025
2060,2023-11-02 18:45:00,29.6025
2061,2023-11-02 19:00:00,29.6025
2062,2023-11-02 19:15:00,29.6025
2063,2023-11-02 19:30:00,29.6025
2064,2023-11-02 19:45:00,29.6025
2065,2023-11-02 20:00:00,29.6025
2066,2023-11-02 20:15:00,29.6025
2067,2023-11-02 20:30:00,29.6025
2068,2023-11-02 20:45:00,29.6025
2069,2023-11-02 21:00:00,29.6025
2070,2023-11-02 21:15:00,29.6025
2071,2023-11-02 21:30:00,29.6025
2072,2023-11-02 21:45:00,29.6025
2073,2023-11-02 22:00:00,29.615
2074,2023-11-02 22:15:00,29.615
2075,2023-11-02 22:30:00,29.6025
2076,2023-11-02 22:45:00,29.6025
2077,2023-11-02 23:00:00,29.5775
2078,2023-11-02 23:15:00,29.565
2079,2023-11-02 23:30:00,29.5525
2080,2023-11-02 23:45:00,29.5525
2081,2023-11-03 00:00:00,29.5525
2082,2023-11-03 00:15:00,29.5525
2083,2023-11-03 00:30:00,29.4895
2084,2023-11-03 00:45:00,29.477
2085,2023-11-03 01:00:00,29.4515
2086,2023-11-03 01:15:00,29.4265
2087,2023-11-03 01:30:00,29.4265
2088,2023-11-03 01:45:00,29.4015
2089,2023-11-03 02:00:00,29.377
2090,2023-11-03 02:15:00,29.3525
2091,2023-11-03 02:30:00,29.3525
2092,2023-11-03 02:45:00,29.34
2093,2023-11-03 03:00:00,29.34
2094,2023-11-03 03:15:00,29.3275
2095,2023-11-03 03:30:00,29.3025
2096,2023-11-03 03:45:00,29.2775
2097,2023-11-03 04:00:00,29.2775
2098,2023-11-03 04:15:00,29.2775
2099,2023-11-03 04:30:00,29.29
2100,2023-11-03 04:45:00,29.2775
2101,2023-11-03 05:00:00,29.2775
2102,2023-11-03 05:15:00,29.2775
2103,2023-11-03 05:30:00,29.3025
2104,2023-11-03 05:45:00,29.2775
2105,2023-11-03 06:00:00,29.265
2106,2023-11-03 06:15:00,29.265
2107,2023-11-03 06:30:00,29.2775
2108,2023-11-03 06:45:00,29.2775
2109,2023-11-03 07:00:00,29.29
2110,2023-11-03 07:15:00,29.29
2111,2023-11-03 07:30:00,29.2525
2112,2023-11-03 07:45:00,29.215
2113,2023-11-03 08:00:00,29.2025
2114,2023-11-03 08:15:00,29.24
2115,2023-11-03 08:30:00,29.29
2116,2023-11-03 08:45:00,29.315
2117,2023-11-03 09:00:00,29.34
2118,2023-11-03 09:15:00,29.3525
2119,2023-11-03 09:30:00,29.414
2120,2023-11-03 09:45:00,29.464
2121,2023-11-03 10:00:00,29.49
2122,2023-11-03 10:15:00,29.49
2123,2023-11-03 10:30:00,29.54
2124,2023-11-03 10:45:00,29.54
2125,2023-11-03 11:00:00,29.5525
2126,2023-11-03 11:15:00,29.5275
2127,2023-11-03 11:30:00,29.54
2128,2023-11-03 11:45:00,29.5775
2129,2023-11-03 12:00:00,29.5775
2130,2023-11-03 12:15:00,29.5525
2131,2023-11-03 12:30:00,29.5775
2132,2023-11-03 12:45:00,29.6275
2133,2023-11-03 13:00:00,29.6275
2134,2023-11-03 13:15:00,29.64
2135,2023-11-03 13:30:00,29.64
2136,2023-11-03 13:45:00,29.6025
2137,2023-11-03 14:00:00,29.64
2138,2023-11-03 14:15:00,29.665
2139,2023-11-03 14:30:00,29.64
2140,2023-11-03 14:45:00,29.6275
2141,2023-11-03 15:00:00,29.6275
2142,2023-11-03 15:15:00,29.6525
2143,2023-11-03 15:30:00,29.64
2144,2023-11-03 15:45:00,29.615
2145,2023-11-03 16:00:00,29.6025
2146,2023-11-03 16:15:00,29.59
2147,2023-11-03 16:30:00,29.5775
2148,2023-11-03 16:45:00,29.5775
2149,2023-11-03 17:00:00,29.5775
2150,2023-11-03 17:15:00,29.5775
2151,2023-11-03 17:30:00,29.565
2152,2023-11-03 17:45:00,29.5525
2153,2023-11-03 18:00:00,29.5525
2154,2023-11-03 18:15:00,29.5525
2155,2023-11-03 18:30:00,29.5525
2156,2023-11-03 18:45:00,29.5525
2157,2023-11-03 19:00:00,29.5525
2158,2023-11-03 19:15:00,29.5525
2159,2023-11-03 19:30:00,29.54
2160,2023-11-03 19:45:00,29.5275
2161,2023-11-03 20:00:00,29.515
2162,2023-11-03 20:15:00,29.515
2163,2023-11-03 20:30:00,29.5025
2164,2023-11-03 20:45:00,29.5025
2165,2023-11-03 21:00:00,29.5025
2166,2023-11-03 21:15:00,29.5025
2167,2023-11-03 21:30:00,29.5025
2168,2023-11-03 21:45:00,29.5025
2169,2023-11-03 22:00:00,29.5025
2170,2023-11-03 22:15:00,29.477
2171,2023-11-03 22:30:00,29.477
2172,2023-11-03 22:45:00,29.49
2173,2023-11-03 23:00:00,29.49
2174,2023-11-03 23:15:00,29.49
2175,2023-11-03 23:30:00,29.49
2176,2023-11-03 23:45:00,29.5025
2177,2023-11-04 00:00:00,29.4895
2178,2023-11-04 00:15:00,29.4645
2179,2023-11-04 00:30:00,29.439
2180,2023-11-04 00:45:00,29.4265
2181,2023-11-04 01:00:00,29.4015
2182,2023-11-04 01:15:00,29.4015
2183,2023-11-04 01:30:00,29.4265
2184,2023-11-04 01:45:00,29.4015
2185,2023-11-04 02:00:00,29.3895
2186,2023-11-04 02:15:00,29.377
2187,2023-11-04 02:30:00,29.365
2188,2023-11-04 02:45:00,29.3275
2189,2023-11-04 03:00:00,29.3275
2190,2023-11-04 03:15:00,29.3275
2191,2023-11-04 03:30:00,29.3025
2192,2023-11-04 03:45:00,29.2525
2193,2023-11-04 04:00:00,29.215
2194,2023-11-04 04:15:00,29.1775
2195,2023-11-04 04:30:00,29.1525
2196,2023-11-04 04:45:00,29.1525
2197,2023-11-04 05:00:00,29.14
2198,2023-11-04 05:15:00,29.165
2199,2023-11-04 05:30:00,29.1525
2200,2023-11-04 05:45:00,29.1525
2201,2023-11-04 06:00:00,29.1525
2202,2023-11-04 06:15:00,29.1525
2203,2023-11-04 06:30:00,29.1525
2204,2023-11-04 06:45:00,29.1275
2205,2023-11-04 07:00:00,29.1275
2206,2023-11-04 07:15:00,29.14
2207,2023-11-04 07:30:00,29.14
2208,2023-11-04 07:45:00,29.14
2209,2023-11-04 08:00:00,29.165
2210,2023-11-04 08:15:00,29.1775
2211,2023-11-04 08:30:00,29.19
2212,2023-11-04 08:45:00,29.2025
2213,2023-11-04 09:00:00,29.1775
2214,2023-11-04 09:15:00,29.165
2215,2023-11-04 09:30:00,29.165
2216,2023-11-04 09:45:00,29.19
2217,2023-11-04 10:00:00,29.215
2218,2023-11-04 10:15:00,29.265
2219,2023-11-04 10:30:00,29.2775
2220,2023-11-04 10:45:00,29.29
2221,2023-11-04 11:00:00,29.3275
2222,2023-11-04 11:15:00,29.439
2223,2023-11-04 11:30:00,29.54
2224,2023-11-04 11:45:00,29.565
2225,2023-11-04 12:00:00,29.5775
2226,2023-11-04 12:15:00,29.59
2227,2023-11-04 12:30:00,29.59
2228,2023-11-04 12:45:00,29.5525
2229,2023-11-04 13:00:00,29.59
2230,2023-11-04 13:15:00,29.615
2231,2023-11-04 13:30:00,29.615
2232,2023-11-04 13:45:00,29.615
2233,2023-11-04 14:00:00,29.6525
2234,2023-11-04 14:15:00,29.6275
2235,2023-11-04 14:30:00,29.6025
2236,2023-11-04 14:45:00,29.6025
2237,2023-11-04 15:00:00,29.6025
2238,2023-11-04 15:15:00,29.6025
2239,2023-11-04 15:30:00,29.615
2240,2023-11-04 15:45:00,29.615
2241,2023-11-04 16:00:00,29.5775
2242,2023-11-04 16:15:00,29.5775
2243,2023-11-04 16:30:00,29.59
2244,2023-11-04 16:45:00,29.5775
2245,2023-11-04 17:00:00,29.5525
2246,2023-11-04 17:15:00,29.5525
2247,2023-11-04 17:30:00,29.54
2248,2023-11-04 17:45:00,29.5275
2249,2023-11-04 18:00:00,29.5275
2250,2023-11-04 18:15:00,29.515
2251,2023-11-04 18:30:00,29.49
2252,2023-11-04 18:45:00,29.49
2253,2023-11-04 19:00:00,29.477
2254,2023-11-04 19:15:00,29.5025
2255,2023-11-04 19:30:00,29.5025
2256,2023-11-04 19:45:00,29.49
2257,2023-11-04 20:00:00,29.477
2258,2023-11-04 20:15:00,29.477
2259,2023-11-04 20:30:00,29.477
2260,2023-11-04 20:45:00,29.477
2261,2023-11-04 21:00:00,29.477
2262,2023-11-04 21:15:00,29.477
2263,2023-11-04 21:30:00,29.477
2264,2023-11-04 21:45:00,29.477
2265,2023-11-04 22:00:00,29.477
2266,2023-11-04 22:15:00,29.4515
2267,2023-11-04 22:30:00,29.477
2268,2023-11-04 22:45:00,29.477
2269,2023-11-04 23:00:00,29.477
2270,2023-11-04 23:15:00,29.477
2271,2023-11-04 23:30:00,29.49
2272,2023-11-04 23:45:00,29.5025
2273,2023-11-05 00:00:00,29.4895
2274,2023-11-05 00:15:00,29.439
2275,2023-11-05 00:30:00,29.4015
2276,2023-11-05 00:45:00,29.389
2277,2023-11-05 01:00:00,29.389
2278,2023-11-05 01:15:00,29.377
2279,2023-11-05 01:30:00,29.377
2280,2023-11-05 01:45:00,29.377
2281,2023-11-05 02:00:00,29.377
2282,2023-11-05 02:15:00,29.3525
2283,2023-11-05 02:30:00,29.3525
2284,2023-11-05 02:45:00,29.365
2285,2023-11-05 03:00:00,29.365
2286,2023-11-05 03:15:00,29.4015
2287,2023-11-05 03:30:00,29.389
2288,2023-11-05 03:45:00,29.365
2289,2023-11-05 04:00:00,29.365
2290,2023-11-05 04:15:00,29.3525
2291,2023-11-05 04:30:00,29.3275
2292,2023-11-05 04:45:00,29.3025
2293,2023-11-05 05:00:00,29.2775
2294,2023-11-05 05:15:00,29.2525
2295,2023-11-05 05:30:00,29.2525
2296,2023-11-05 05:45:00,29.2275
2297,2023-11-05 06:00:00,29.2025
2298,2023-11-05 06:15:00,29.1775
2299,2023-11-05 06:30:00,29.1775
2300,2023-11-05 06:45:00,29.1775
2301,2023-11-05 07:00:00,29.2025
2302,2023-11-05 07:15:00,29.2275
2303,2023-11-05 07:30:00,29.24
2304,2023-11-05 07:45:00,29.265
2305,2023-11-05 08:00:00,29.2775
2306,2023-11-05 08:15:00,29.29
2307,2023-11-05 08:30:00,29.315
2308,2023-11-05 08:45:00,29.315
2309,2023-11-05 09:00:00,29.3275
2310,2023-11-05 09:15:00,29.365
2311,2023-11-05 09:30:00,29.389
2312,2023-11-05 09:45:00,29.377
2313,2023-11-05 10:00:00,29.389
2314,2023-11-05 10:15:00,29.439
2315,2023-11-05 10:30:00,29.439
2316,2023-11-05 10:45:00,29.4015
2317,2023-11-05 11:00:00,29.414
2318,2023-11-05 11:15:00,29.414
2319,2023-11-05 11:30:00,29.4015
2320,2023-11-05 11:45:00,29.464
2321,2023-11-05 12:00:00,29.439
2322,2023-11-05 12:15:00,29.464
2323,2023-11-05 12:30:00,29.464
2324,2023-11-05 12:45:00,29.414
2325,2023-11-05 13:00:00,29.464
2326,2023-11-05 13:15:00,29.477
2327,2023-11-05 13:30:00,29.464
2328,2023-11-05 13:45:00,29.464
2329,2023-11-05 14:00:00,29.477
2330,2023-11-05 14:15:00,29.464
2331,2023-11-05 14:30:00,29.477
2332,2023-11-05 14:45:00,29.477
2333,2023-11-05 15:00:00,29.4515
2334,2023-11-05 15:15:00,29.477
2335,2023-11-05 15:30:00,29.477
2336,2023-11-05 15:45:00,29.477
2337,2023-11-05 16:00:00,29.477
2338,2023-11-05 16:15:00,29.5025
2339,2023-11-05 16:30:00,29.515
2340,2023-11-05 16:45:00,29.5025
2341,2023-11-05 17:00:00,29.5025
2342,2023-11-05 17:15:00,29.5025
2343,2023-11-05 17:30:00,29.49
2344,2023-11-05 17:45:00,29.477
2345,2023-11-05 18:00:00,29.464
2346,2023-11-05 18:15:00,29.464
2347,2023-11-05 18:30:00,29.464
2348,2023-11-05 18:45:00,29.439
2349,2023-11-05 19:00:00,29.439
2350,2023-11-05 19:15:00,29.439
2351,2023-11-05 19:30:00,29.414
2352,2023-11-05 19:45:00,29.414
2353,2023-11-05 20:00:00,29.414
2354,2023-11-05 20:15:00,29.414
2355,2023-11-05 20:30:00,29.4265
2356,2023-11-05 20:45:00,29.414
2357,2023-11-05 21:00:00,29.414
2358,2023-11-05 21:15:00,29.414
2359,2023-11-05 21:30:00,29.4015
2360,2023-11-05 21:45:00,29.4015
2361,2023-11-05 22:00:00,29.4015
2362,2023-11-05 22:15:00,29.4015
2363,2023-11-05 22:30:00,29.4015
2364,2023-11-05 22:45:00,29.4015
2365,2023-11-05 23:00:00,29.4015
2366,2023-11-05 23:15:00,29.414
2367,2023-11-05 23:30:00,29.414
2368,2023-11-05 23:45:00,29.414
2369,2023-11-06 00:00:00,29.4015
2370,2023-11-06 00:15:00,29.4015
2371,2023-11-06 00:30:00,29.4015
2372,2023-11-06 00:45:00,29.4015
2373,2023-11-06 01:00:00,29.4015
2374,2023-11-06 01:15:00,29.389
2375,2023-11-06 01:30:00,29.377
2376,2023-11-06 01:45:00,29.377
2377,2023-11-06 02:00:00,29.377
2378,2023-11-06 02:15:00,29.377
2379,2023-11-06 02:30:00,29.365
2380,2023-11-06 02:45:00,29.3525
2381,2023-11-06 03:00:00,29.3525
2382,2023-11-06 03:15:00,29.3275
2383,2023-11-06 03:30:00,29.3275
2384,2023-11-06 03:45:00,29.3275
2385,2023-11-06 04:00:00,29.3275
2386,2023-11-06 04:15:00,29.3275
2387,2023-11-06 04:30:00,29.3025
2388,2023-11-06 04:45:00,29.3025
2389,2023-11-06 05:00:00,29.3025
2390,2023-11-06 05:15:00,29.3025
2391,2023-11-06 05:30:00,29.2775
2392,2023-11-06 05:45:00,29.2775
2393,2023-11-06 06:00:00,29.29
2394,2023-11-06 06:15:00,29.3025
2395,2023-11-06 06:30:00,29.315
2396,2023-11-06 06:45:00,29.315
2397,2023-11-06 07:00:00,29.315
2398,2023-11-06 07:15:00,29.315
2399,2023-11-06 07:30:00,29.3275
2400,2023-11-06 07:45:00,29.3275
2401,2023-11-06 08:00:00,29.3525
2402,2023-11-06 08:15:00,29.3525
2403,2023-11-06 08:30:00,29.389
2404,2023-11-06 08:45:00,29.414
2405,2023-11-06 09:00:00,29.414
2406,2023-11-06 09:15:00,29.4265
2407,2023-11-06 09:30:00,29.439
2408,2023-11-06 09:45:00,29.4515
2409,2023-11-06 10:00:00,29.4515
2410,2023-11-06 10:15:00,29.4515
2411,2023-11-06 10:30:00,29.477
2412,2023-11-06 10:45:00,29.477
2413,2023-11-06 11:00:00,29.477
2414,2023-11-06 11:15:00,29.4895
2415,2023-11-06 11:30:00,29.5025
2416,2023-11-06 11:45:00,29.5275
2417,2023-11-06 12:00:00,29.5275
2418,2023-11-06 12:15:00,29.5025
2419,2023-11-06 12:30:00,29.5025
2420,2023-11-06 12:45:00,29.515
2421,2023-11-06 13:00:00,29.54
2422,2023-11-06 13:15:00,29.54
2423,2023-11-06 13:30:00,29.5775
2424,2023-11-06 13:45:00,29.5775
2425,2023-11-06 14:00:00,29.5775
2426,2023-11-06 14:15:00,29.5775
2427,2023-11-06 14:30:00,29.5275
2428,2023-11-06 14:45:00,29.5525
2429,2023-11-06 15:00:00,29.54
2430,2023-11-06 15:15:00,29.5275
2431,2023-11-06 15:30:00,29.515
2432,2023-11-06 15:45:00,29.515
2433,2023-11-06 16:00:00,29.515
2434,2023-11-06 16:15:00,29.515
2435,2023-11-06 16:30:00,29.5025
2436,2023-11-06 16:45:00,29.464
2437,2023-11-06 17:00:00,29.4515
2438,2023-11-06 17:15:00,29.4515
2439,2023-11-06 17:30:00,29.439
2440,2023-11-06 17:45:00,29.439
2441,2023-11-06 18:00:00,29.439
2442,2023-11-06 18:15:00,29.439
2443,2023-11-06 18:30:00,29.439
2444,2023-11-06 18:45:00,29.439
2445,2023-11-06 19:00:00,29.439
2446,2023-11-06 19:15:00,29.439
2447,2023-11-06 19:30:00,29.4265
2448,2023-11-06 19:45:00,29.4265
2449,2023-11-06 20:00:00,29.4265
2450,2023-11-06 20:15:00,29.439
2451,2023-11-06 20:30:00,29.439
2452,2023-11-06 20:45:00,29.4265
2453,2023-11-06 21:00:00,29.414
2454,2023-11-06 21:15:00,29.4265
2455,2023-11-06 21:30:00,29.439
2456,2023-11-06 21:45:00,29.4515
2457,2023-11-06 22:00:00,29.4515
2458,2023-11-06 22:15:00,29.4515
2459,2023-11-06 22:30:00,29.4515
2460,2023-11-06 22:45:00,29.464
2461,2023-11-06 23:00:00,29.414
2462,2023-11-06 23:15:00,29.414
2463,2023-11-06 23:30:00,29.414
2464,2023-11-06 23:45:00,29.4265
2465,2023-11-07 00:00:00,29.4265
2466,2023-11-07 00:15:00,29.4265
2467,2023-11-07 00:30:00,29.4265
2468,2023-11-07 00:45:00,29.439
2469,2023-11-07 01:00:00,29.4515
2470,2023-11-07 01:15:00,29.439
2471,2023-11-07 01:30:00,29.439
2472,2023-11-07 01:45:00,29.4515
2473,2023-11-07 02:00:00,29.4515
2474,2023-11-07 02:15:00,29.4515
2475,2023-11-07 02:30:00,29.477
2476,2023-11-07 02:45:00,29.477
2477,2023-11-07 03:00:00,29.5025
2478,2023-11-07 03:15:00,29.515
2479,2023-11-07 03:30:00,29.5275
2480,2023-11-07 03:45:00,29.54
2481,2023-11-07 04:00:00,29.5275
2482,2023-11-07 04:15:00,29.5275
2483,2023-11-07 04:30:00,29.515
2484,2023-11-07 04:45:00,29.515
2485,2023-11-07 05:00:00,29.515
2486,2023-11-07 05:15:00,29.515
2487,2023-11-07 05:30:00,29.515
2488,2023-11-07 05:45:00,29.5275
2489,2023-11-07 06:00:00,29.5025
2490,2023-11-07 06:15:00,29.5025
2491,2023-11-07 06:30:00,29.4895
2492,2023-11-07 06:45:00,29.4515
2493,2023-11-07 07:00:00,29.439
2494,2023-11-07 07:15:00,29.4265
2495,2023-11-07 07:30:00,29.4265
2496,2023-11-07 07:45:00,29.439
2497,2023-11-07 08:00:00,29.4515
2498,2023-11-07 08:15:00,29.477
2499,2023-11-07 08:30:00,29.4895
2500,2023-11-07 08:45:00,29.515
2501,2023-11-07 09:00:00,29.502
2502,2023-11-07 09:15:00,29.54
2503,2023-11-07 09:30:00,29.5275
2504,2023-11-07 09:45:00,29.5525
2505,2023-11-07 10:00:00,29.5775
2506,2023-11-07 10:15:00,29.5275
2507,2023-11-07 10:30:00,29.5525
2508,2023-11-07 10:45:00,29.565
2509,2023-11-07 11:00:00,29.59
2510,2023-11-07 11:15:00,29.615
2511,2023-11-07 11:30:00,29.615
2512,2023-11-07 11:45:00,29.615
2513,2023-11-07 12:00:00,29.6275
2514,2023-11-07 12:15:00,29.615
2515,2023-11-07 12:30:00,29.615
2516,2023-11-07 12:45:00,29.615
2517,2023-11-07 13:00:00,29.6275
2518,2023-11-07 13:15:00,29.665
2519,2023-11-07 13:30:00,29.715
2520,2023-11-07 13:45:00,29.7025
2521,2023-11-07 14:00:00,29.69
2522,2023-11-07 14:15:00,29.715
2523,2023-11-07 14:30:00,29.715
2524,2023-11-07 14:45:00,29.7275
2525,2023-11-07 15:00:00,29.7525
2526,2023-11-07 15:15:00,29.765
2527,2023-11-07 15:30:00,29.7275
2528,2023-11-07 15:45:00,29.7025
2529,2023-11-07 16:00:00,29.64
2530,2023-11-07 16:15:00,29.615
2531,2023-11-07 16:30:00,29.6025
2532,2023-11-07 16:45:00,29.6025
2533,2023-11-07 17:00:00,29.6025
2534,2023-11-07 17:15:00,29.615
2535,2023-11-07 17:30:00,29.6025
2536,2023-11-07 17:45:00,29.615
2537,2023-11-07 18:00:00,29.615
2538,2023-11-07 18:15:00,29.615
2539,2023-11-07 18:30:00,29.615
2540,2023-11-07 18:45:00,29.6025
2541,2023-11-07 19:00:00,29.59
2542,2023-11-07 19:15:00,29.6025
2543,2023-11-07 19:30:00,29.64
2544,2023-11-07 19:45:00,29.6525
2545,2023-11-07 20:00:00,29.6275
2546,2023-11-07 20:15:00,29.615
2547,2023-11-07 20:30:00,29.615
2548,2023-11-07 20:45:00,29.615
2549,2023-11-07 21:00:00,29.6025
2550,2023-11-07 21:15:00,29.6025
2551,2023-11-07 21:30:00,29.5775
2552,2023-11-07 21:45:00,29.565
2553,2023-11-07 22:00:00,29.54
2554,2023-11-07 22:15:00,29.5275
2555,2023-11-07 22:30:00,29.515
2556,2023-11-07 22:45:00,29.515
2557,2023-11-07 23:00:00,29.515
2558,2023-11-07 23:15:00,29.515
2559,2023-11-07 23:30:00,29.5275
2560,2023-11-07 23:45:00,29.5275
2561,2023-11-08 00:00:00,29.5275
2562,2023-11-08 00:15:00,29.5275
2563,2023-11-08 00:30:00,29.515
2564,2023-11-08 00:45:00,29.5275
2565,2023-11-08 01:00:00,29.54
2566,2023-11-08 01:15:00,29.5525
2567,2023-11-08 01:30:00,29.5525
2568,2023-11-08 01:45:00,29.5525
2569,2023-11-08 02:00:00,29.565
2570,2023-11-08 02:15:00,29.565
2571,2023-11-08 02:30:00,29.565
2572,2023-11-08 02:45:00,29.5525
2573,2023-11-08 03:00:00,29.5525
2574,2023-11-08 03:15:00,29.5525
2575,2023-11-08 03:30:00,29.565
2576,2023-11-08 03:45:00,29.565
2577,2023-11-08 04:00:00,29.5525
2578,2023-11-08 04:15:00,29.5275
2579,2023-11-08 04:30:00,29.515
2580,2023-11-08 04:45:00,29.5025
2581,2023-11-08 05:00:00,29.5025
2582,2023-11-08 05:15:00,29.5025
2583,2023-11-08 05:30:00,29.5025
2584,2023-11-08 05:45:00,29.5025
2585,2023-11-08 06:00:00,29.477
2586,2023-11-08 06:15:00,29.477
2587,2023-11-08 06:30:00,29.464
2588,2023-11-08 06:45:00,29.4515
2589,2023-11-08 07:00:00,29.4515
2590,2023-11-08 07:15:00,29.4515
2591,2023-11-08 07:30:00,29.4515
2592,2023-11-08 07:45:00,29.464
2593,2023-11-08 08:00:00,29.4515
2594,2023-11-08 08:15:00,29.464
2595,2023-11-08 08:30:00,29.464
2596,2023-11-08 08:45:00,29.464
2597,2023-11-08 09:00:00,29.477
2598,2023-11-08 09:15:00,29.4895
2599,2023-11-08 09:30:00,29.5025
2600,2023-11-08 09:45:00,29.5275
2601,2023-11-08 10:00:00,29.5525
2602,2023-11-08 10:15:00,29.5775
2603,2023-11-08 10:30:00,29.565
2604,2023-11-08 10:45:00,29.59
2605,2023-11-08 11:00:00,29.6025
2606,2023-11-08 11:15:00,29.5525
2607,2023-11-08 11:30:00,29.59
2608,2023-11-08 11:45:00,29.6275
2609,2023-11-08 12:00:00,29.6025
2610,2023-11-08 12:15:00,29.6275
2611,2023-11-08 12:30:00,29.6775
2612,2023-11-08 12:45:00,29.6525
2613,2023-11-08 13:00:00,29.69
2614,2023-11-08 13:15:00,29.64
2615,2023-11-08 13:30:00,29.64
2616,2023-11-08 13:45:00,29.665
2617,2023-11-08 14:00:00,29.6525
2618,2023-11-08 14:15:00,29.6275
2619,2023-11-08 14:30:00,29.64
2620,2023-11-08 14:45:00,29.64
2621,2023-11-08 15:00:00,29.7025
2622,2023-11-08 15:15:00,29.665
2623,2023-11-08 15:30:00,29.615
2624,2023-11-08 15:45:00,29.615
2625,2023-11-08 16:00:00,29.6025
2626,2023-11-08 16:15:00,29.6025
2627,2023-11-08 16:30:00,29.59
2628,2023-11-08 16:45:00,29.59
2629,2023-11-08 17:00:00,29.59
2630,2023-11-08 17:15:00,29.6025
2631,2023-11-08 17:30:00,29.6025
2632,2023-11-08 17:45:00,29.615
2633,2023-11-08 18:00:00,29.6275
2634,2023-11-08 18:15:00,29.615
2635,2023-11-08 18:30:00,29.6025
2636,2023-11-08 18:45:00,29.59
2637,2023-11-08 19:00:00,29.565
2638,2023-11-08 19:15:00,29.565
2639,2023-11-08 19:30:00,29.5525
2640,2023-11-08 19:45:00,29.54
2641,2023-11-08 20:00:00,29.54
2642,2023-11-08 20:15:00,29.5275
2643,2023-11-08 20:30:00,29.5275
2644,2023-11-08 20:45:00,29.515
2645,2023-11-08 21:00:00,29.515
2646,2023-11-08 21:15:00,29.515
2647,2023-11-08 21:30:00,29.515
2648,2023-11-08 21:45:00,29.5275
2649,2023-11-08 22:00:00,29.5275
2650,2023-11-08 22:15:00,29.5275
2651,2023-11-08 22:30:00,29.54
2652,2023-11-08 22:45:00,29.54
2653,2023-11-08 23:00:00,29.5525
2654,2023-11-08 23:15:00,29.54
2655,2023-11-08 23:30:00,29.5525
2656,2023-11-08 23:45:00,29.54
2657,2023-11-09 00:00:00,29.5275
2658,2023-11-09 00:15:00,29.5275
2659,2023-11-09 00:30:00,29.5275
2660,2023-11-09 00:45:00,29.5275
2661,2023-11-09 01:00:00,29.5275
2662,2023-11-09 01:15:00,29.515
2663,2023-11-09 01:30:00,29.515
2664,2023-11-09 01:45:00,29.515
2665,2023-11-09 02:00:00,29.515
2666,2023-11-09 02:15:00,29.5025
2667,2023-11-09 02:30:00,29.4895
2668,2023-11-09 02:45:00,29.4645
2669,2023-11-09 03:00:00,29.4515
2670,2023-11-09 03:15:00,29.4515
2671,2023-11-09 03:30:00,29.4265
2672,2023-11-09 03:45:00,29.4265
2673,2023-11-09 04:00:00,29.4015
2674,2023-11-09 04:15:00,29.4015
2675,2023-11-09 04:30:00,29.377
2676,2023-11-09 04:45:00,29.377
2677,2023-11-09 05:00:00,29.377
2678,2023-11-09 05:15:00,29.377
2679,2023-11-09 05:30:00,29.365
2680,2023-11-09 05:45:00,29.365
2681,2023-11-09 06:00:00,29.365
2682,2023-11-09 06:15:00,29.3525
2683,2023-11-09 06:30:00,29.3525
2684,2023-11-09 06:45:00,29.3275
2685,2023-11-09 07:00:00,29.3025
2686,2023-11-09 07:15:00,29.2525
2687,2023-11-09 07:30:00,29.2025
2688,2023-11-09 07:45:00,29.2275
2689,2023-11-09 08:00:00,29.2525
2690,2023-11-09 08:15:00,29.2775
2691,2023-11-09 08:30:00,29.2775
2692,2023-11-09 08:45:00,29.29
2693,2023-11-09 09:00:00,29.3025
2694,2023-11-09 09:15:00,29.3025
2695,2023-11-09 09:30:00,29.29
2696,2023-11-09 09:45:00,29.265
2697,2023-11-09 10:00:00,29.24
2698,2023-11-09 10:15:00,29.24
2699,2023-11-09 10:30:00,29.265
2700,2023-11-09 10:45:00,29.29
2701,2023-11-09 11:00:00,29.3025
2702,2023-11-09 11:15:00,29.315
2703,2023-11-09 11:30:00,29.3275
2704,2023-11-09 11:45:00,29.34
2705,2023-11-09 12:00:00,29.365
2706,2023-11-09 12:15:00,29.365
2707,2023-11-09 12:30:00,29.377
2708,2023-11-09 12:45:00,29.377
2709,2023-11-09 13:00:00,29.4015
2710,2023-11-09 13:15:00,29.4265
2711,2023-11-09 13:30:00,29.4265
2712,2023-11-09 13:45:00,29.414
2713,2023-11-09 14:00:00,29.4265
2714,2023-11-09 14:15:00,29.439
2715,2023-11-09 14:30:00,29.439
2716,2023-11-09 14:45:00,29.414
2717,2023-11-09 15:00:00,29.4265
2718,2023-11-09 15:15:00,29.4515
2719,2023-11-09 15:30:00,29.477
2720,2023-11-09 15:45:00,29.49
2721,2023-11-09 16:00:00,29.477
2722,2023-11-09 16:15:00,29.477
2723,2023-11-09 16:30:00,29.4515
2724,2023-11-09 16:45:00,29.439
2725,2023-11-09 17:00:00,29.4515
2726,2023-11-09 17:15:00,29.4265
2727,2023-11-09 17:30:00,29.439
2728,2023-11-09 17:45:00,29.4515
2729,2023-11-09 18:00:00,29.4515
2730,2023-11-09 18:15:00,29.4515
2731,2023-11-09 18:30:00,29.4515
2732,2023-11-09 18:45:00,29.4515
2733,2023-11-09 19:00:00,29.4515
2734,2023-11-09 19:15:00,29.4515
2735,2023-11-09 19:30:00,29.4515
2736,2023-11-09 19:45:00,29.439
2737,2023-11-09 20:00:00,29.4265
2738,2023-11-09 20:15:00,29.4265
2739,2023-11-09 20:30:00,29.4265
2740,2023-11-09 20:45:00,29.414
2741,2023-11-09 21:00:00,29.414
2742,2023-11-09 21:15:00,29.4015
2743,2023-11-09 21:30:00,29.389
2744,2023-11-09 21:45:00,29.377
2745,2023-11-09 22:00:00,29.377
2746,2023-11-09 22:15:00,29.3525
2747,2023-11-09 22:30:00,29.3525
2748,2023-11-09 22:45:00,29.3525
2749,2023-11-09 23:00:00,29.3275
2750,2023-11-09 23:15:00,29.3275
2751,2023-11-09 23:30:00,29.3025
2752,2023-11-09 23:45:00,29.2775
2753,2023-11-10 00:00:00,29.265
2754,2023-11-10 00:15:00,29.2525
2755,2023-11-10 00:30:00,29.24
2756,2023-11-10 00:45:00,29.2275
2757,2023-11-10 01:00:00,29.2025
2758,2023-11-10 01:15:00,29.2025
2759,2023-11-10 01:30:00,29.1775
2760,2023-11-10 01:45:00,29.1775
2761,2023-11-10 02:00:00,29.1775
2762,2023-11-10 02:15:00,29.1775
2763,2023-11-10 02:30:00,29.165
2764,2023-11-10 02:45:00,29.1525
2765,2023-11-10 03:00:00,29.1525
2766,2023-11-10 03:15:00,29.1525
2767,2023-11-10 03:30:00,29.165
2768,2023-11-10 03:45:00,29.1525
2769,2023-11-10 04:00:00,29.1525
2770,2023-11-10 04:15:00,29.14
2771,2023-11-10 04:30:00,29.14
2772,2023-11-10 04:45:00,29.14
2773,2023-11-10 05:00:00,29.1525
2774,2023-11-10 05:15:00,29.1525
2775,2023-11-10 05:30:00,29.1525
2776,2023-11-10 05:45:00,29.165
2777,2023-11-10 06:00:00,29.1775
2778,2023-11-10 06:15:00,29.2025
2779,2023-11-10 06:30:00,29.1775
2780,2023-11-10 06:45:00,29.1525
2781,2023-11-10 07:00:00,29.165
2782,2023-11-10 07:15:00,29.1775
2783,2023-11-10 07:30:00,29.1775
2784,2023-11-10 07:45:00,29.165
2785,2023-11-10 08:00:00,29.165
2786,2023-11-10 08:15:00,29.1775
2787,2023-11-10 08:30:00,29.1775
2788,2023-11-10 08:45:00,29.1775
2789,2023-11-10 09:00:00,29.1525
2790,2023-11-10 09:15:00,29.1525
2791,2023-11-10 09:30:00,29.1525
2792,2023-11-10 09:45:00,29.1775
2793,2023-11-10 10:00:00,29.19
2794,2023-11-10 10:15:00,29.19
2795,2023-11-10 10:30:00,29.1775
2796,2023-11-10 10:45:00,29.19
2797,2023-11-10 11:00:00,29.2025
2798,2023-11-10 11:15:00,29.215
2799,2023-11-10 11:30:00,29.2275
2800,2023-11-10 11:45:00,29.2275
2801,2023-11-10 12:00:00,29.2525
2802,2023-11-10 12:15:00,29.24
2803,2023-11-10 12:30:00,29.24
2804,2023-11-10 12:45:00,29.2275
2805,2023-11-10 13:00:00,29.2275
2806,2023-11-10 13:15:00,29.2525
2807,2023-11-10 13:30:00,29.2525
2808,2023-11-10 13:45:00,29.24
2809,2023-11-10 14:00:00,29.2275
2810,2023-11-10 14:15:00,29.2025
2811,2023-11-10 14:30:00,29.19
2812,2023-11-10 14:45:00,29.1775
2813,2023-11-10 15:00:00,29.2025
2814,2023-11-10 15:15:00,29.215
2815,2023-11-10 15:30:00,29.2275
2816,2023-11-10 15:45:00,29.24
2817,2023-11-10 16:00:00,29.2525
2818,2023-11-10 16:15:00,29.2525
2819,2023-11-10 16:30:00,29.2525
2820,2023-11-10 16:45:00,29.2525
2821,2023-11-10 17:00:00,29.24
2822,2023-11-10 17:15:00,29.2275
2823,2023-11-10 17:30:00,29.2275
2824,2023-11-10 17:45:00,29.2275
2825,2023-11-10 18:00:00,29.215
2826,2023-11-10 18:15:00,29.2025
2827,2023-11-10 18:30:00,29.1275
2828,2023-11-10 18:45:00,29.1025
2829,2023-11-10 19:00:00,29.0775
2830,2023-11-10 19:15:00,29.0525
2831,2023-11-10 19:30:00,29.0275
2832,2023-11-10 19:45:00,29.0275
2833,2023-11-10 20:00:00,29.0025
2834,2023-11-10 20:15:00,29.0025
2835,2023-11-10 20:30:00,29.0025
2836,2023-11-10 20:45:00,29.0275
2837,2023-11-10 21:00:00,29.065
2838,2023-11-10 21:15:00,29.04
2839,2023-11-10 21:30:00,29.0525
2840,2023-11-10 21:45:00,29.0775
2841,2023-11-10 22:00:00,29.065
2842,2023-11-10 22:15:00,29.0525
2843,2023-11-10 22:30:00,28.99
2844,2023-11-10 22:45:00,28.953
2845,2023-11-10 23:00:00,28.9285
2846,2023-11-10 23:15:00,28.9285
2847,2023-11-10 23:30:00,28.9035
2848,2023-11-10 23:45:00,28.891
2849,2023-11-11 00:00:00,28.8785
2850,2023-11-11 00:15:00,28.866
2851,2023-11-11 00:30:00,28.8535
2852,2023-11-11 00:45:00,28.841
2853,2023-11-11 01:00:00,28.841
2854,2023-11-11 01:15:00,28.841
2855,2023-11-11 01:30:00,28.8535
2856,2023-11-11 01:45:00,28.8785
2857,2023-11-11 02:00:00,28.916
2858,2023-11-11 02:15:00,28.9285
2859,2023-11-11 02:30:00,28.941
2860,2023-11-11 02:45:00,28.941
2861,2023-11-11 03:00:00,28.965
2862,2023-11-11 03:15:00,28.9775
2863,2023-11-11 03:30:00,28.9775
2864,2023-11-11 03:45:00,28.99
2865,2023-11-11 04:00:00,28.99
2866,2023-11-11 04:15:00,29.0025
2867,2023-11-11 04:30:00,29.015
2868,2023-11-11 04:45:00,29.015
2869,2023-11-11 05:00:00,29.0025
2870,2023-11-11 05:15:00,28.953
2871,2023-11-11 05:30:00,28.8785
2872,2023-11-11 05:45:00,28.8285
2873,2023-11-11 06:00:00,28.7785
2874,2023-11-11 06:15:00,28.791
2875,2023-11-11 06:30:00,28.8035
2876,2023-11-11 06:45:00,28.816
2877,2023-11-11 07:00:00,28.8285
2878,2023-11-11 07:15:00,28.816
2879,2023-11-11 07:30:00,28.8285
2880,2023-11-11 07:45:00,28.841
2881,2023-11-11 08:00:00,28.891
2882,2023-11-11 08:15:00,28.9285
2883,2023-11-11 08:30:00,28.953
2884,2023-11-11 08:45:00,29.0025
2885,2023-11-11 09:00:00,29.0275
2886,2023-11-11 09:15:00,29.0525
2887,2023-11-11 09:30:00,29.065
2888,2023-11-11 09:45:00,29.0525
2889,2023-11-11 10:00:00,29.0775
2890,2023-11-11 10:15:00,29.1525
2891,2023-11-11 10:30:00,29.19
2892,2023-11-11 10:45:00,29.19
2893,2023-11-11 11:00:00,29.215
2894,2023-11-11 11:15:00,29.2275
2895,2023-11-11 11:30:00,29.2525
2896,2023-11-11 11:45:00,29.2525
2897,2023-11-11 12:00:00,29.265
2898,2023-11-11 12:15:00,29.2525
2899,2023-11-11 12:30:00,29.29
2900,2023-11-11 12:45:00,29.3025
2901,2023-11-11 13:00:00,29.315
2902,2023-11-11 13:15:00,29.34
2903,2023-11-11 13:30:00,29.3275
2904,2023-11-11 13:45:00,29.34
2905,2023-11-11 14:00:00,29.3525
2906,2023-11-11 14:15:00,29.3525
2907,2023-11-11 14:30:00,29.315
2908,2023-11-11 14:45:00,29.3025
2909,2023-11-11 15:00:00,29.315
2910,2023-11-11 15:15:00,29.315
2911,2023-11-11 15:30:00,29.315
2912,2023-11-11 15:45:00,29.315
2913,2023-11-11 16:00:00,29.3025
2914,2023-11-11 16:15:00,29.29
2915,2023-11-11 16:30:00,29.2775
2916,2023-11-11 16:45:00,29.2775
2917,2023-11-11 17:00:00,29.2775
2918,2023-11-11 17:15:00,29.2525
2919,2023-11-11 17:30:00,29.24
2920,2023-11-11 17:45:00,29.2525
2921,2023-11-11 18:00:00,29.265
2922,2023-11-11 18:15:00,29.265
2923,2023-11-11 18:30:00,29.265
2924,2023-11-11 18:45:00,29.2525
2925,2023-11-11 19:00:00,29.265
2926,2023-11-11 19:15:00,29.265
2927,2023-11-11 19:30:00,29.265
2928,2023-11-11 19:45:00,29.265
2929,2023-11-11 20:00:00,29.2275
2930,2023-11-11 20:15:00,29.2025
2931,2023-11-11 20:30:00,29.2025
2932,2023-11-11 20:45:00,29.1775
2933,2023-11-11 21:00:00,29.1775
2934,2023-11-11 21:15:00,29.165
2935,2023-11-11 21:30:00,29.1525
2936,2023-11-11 21:45:00,29.1525
2937,2023-11-11 22:00:00,29.1525
2938,2023-11-11 22:15:00,29.1275
2939,2023-11-11 22:30:00,29.1275
2940,2023-11-11 22:45:00,29.1025
2941,2023-11-11 23:00:00,29.1025
2942,2023-11-11 23:15:00,29.0775
2943,2023-11-11 23:30:00,29.0775
2944,2023-11-11 23:45:00,29.0525
2945,2023-11-12 00:00:00,29.0525
2946,2023-11-12 00:15:00,29.0275
2947,2023-11-12 00:30:00,29.0275
2948,2023-11-12 00:45:00,29.0025
2949,2023-11-12 01:00:00,29.0025
2950,2023-11-12 01:15:00,29.0025
2951,2023-11-12 01:30:00,28.9775
2952,2023-11-12 01:45:00,28.953
2953,2023-11-12 02:00:00,28.953
2954,2023-11-12 02:15:00,28.941
2955,2023-11-12 02:30:00,28.9285
2956,2023-11-12 02:45:00,28.9285
2957,2023-11-12 03:00:00,28.916
2958,2023-11-12 03:15:00,28.9035
2959,2023-11-12 03:30:00,28.9035
2960,2023-11-12 03:45:00,28.9035
2961,2023-11-12 04:00:00,28.9035
2962,2023-11-12 04:15:00,28.9035
2963,2023-11-12 04:30:00,28.916
2964,2023-11-12 04:45:00,28.9285
2965,2023-11-12 05:00:00,28.9285
2966,2023-11-12 05:15:00,28.9285
2967,2023-11-12 05:30:00,28.9285
2968,2023-11-12 05:45:00,28.941
2969,2023-11-12 06:00:00,28.9285
2970,2023-11-12 06:15:00,28.9035
2971,2023-11-12 06:30:00,28.8785
2972,2023-11-12 06:45:00,28.891
2973,2023-11-12 07:00:00,28.891
2974,2023-11-12 07:15:00,28.891
2975,2023-11-12 07:30:00,28.9035
2976,2023-11-12 07:45:00,28.9285
2977,2023-11-12 08:00:00,28.941
2978,2023-11-12 08:15:00,28.941
2979,2023-11-12 08:30:00,28.941
2980,2023-11-12 08:45:00,28.941
2981,2023-11-12 09:00:00,28.953
2982,2023-11-12 09:15:00,28.965
2983,2023-11-12 09:30:00,28.99
2984,2023-11-12 09:45:00,28.99
2985,2023-11-12 10:00:00,29.015
2986,2023-11-12 10:15:00,29.015
2987,2023-11-12 10:30:00,29.04
2988,2023-11-12 10:45:00,29.0775
2989,2023-11-12 11:00:00,29.115
2990,2023-11-12 11:15:00,29.14
2991,2023-11-12 11:30:00,29.19
2992,2023-11-12 11:45:00,29.215
2993,2023-11-12 12:00:00,29.2275
2994,2023-11-12 12:15:00,29.24
2995,2023-11-12 12:30:00,29.24
2996,2023-11-12 12:45:00,29.24
2997,2023-11-12 13:00:00,29.2525
2998,2023-11-12 13:15:00,29.2525
2999,2023-11-12 13:30:00,29.2275
3000,2023-11-12 13:45:00,29.2525
3001,2023-11-12 14:00:00,29.2275
3002,2023-11-12 14:15:00,29.265
3003,2023-11-12 14:30:00,29.2775
3004,2023-11-12 14:45:00,29.24
3005,2023-11-12 15:00:00,29.265
3006,2023-11-12 15:15:00,29.24
3007,2023-11-12 15:30:00,29.2275
3008,2023-11-12 15:45:00,29.215
3009,2023-11-12 16:00:00,29.215
3010,2023-11-12 16:15:00,29.2025
3011,2023-11-12 16:30:00,29.19
3012,2023-11-12 16:45:00,29.19
3013,2023-11-12 17:00:00,29.19
3014,2023-11-12 17:15:00,29.19
3015,2023-11-12 17:30:00,29.19
3016,2023-11-12 17:45:00,29.19
3017,2023-11-12 18:00:00,29.19
3018,2023-11-12 18:15:00,29.19
3019,2023-11-12 18:30:00,29.2025
3020,2023-11-12 18:45:00,29.2025
3021,2023-11-12 19:00:00,29.215
3022,2023-11-12 19:15:00,29.2275
3023,2023-11-12 19:30:00,29.2525
3024,2023-11-12 19:45:00,29.2025
3025,2023-11-12 20:00:00,29.165
3026,2023-11-12 20:15:00,29.1525
3027,2023-11-12 20:30:00,29.14
3028,2023-11-12 20:45:00,29.14
3029,2023-11-12 21:00:00,29.1275
3030,2023-11-12 21:15:00,29.1275
3031,2023-11-12 21:30:00,29.115
3032,2023-11-12 21:45:00,29.1025
3033,2023-11-12 22:00:00,29.1025
3034,2023-11-12 22:15:00,29.1025
3035,2023-11-12 22:30:00,29.1025
3036,2023-11-12 22:45:00,29.0775
3037,2023-11-12 23:00:00,29.0775
3038,2023-11-12 23:15:00,29.0525
3039,2023-11-12 23:30:00,29.0275
3040,2023-11-12 23:45:00,29.0025
3041,2023-11-13 00:00:00,29.0025
3042,2023-11-13 00:15:00,29.0025
3043,2023-11-13 00:30:00,28.99
3044,2023-11-13 00:45:00,28.9775
3045,2023-11-13 01:00:00,28.9775
3046,2023-11-13 01:15:00,28.965
3047,2023-11-13 01:30:00,28.953
3048,2023-11-13 01:45:00,28.965
3049,2023-11-13 02:00:00,28.953
3050,2023-11-13 02:15:00,28.941
3051,2023-11-13 02:30:00,28.9285
3052,2023-11-13 02:45:00,28.916
3053,2023-11-13 03:00:00,28.916
3054,2023-11-13 03:15:00,28.916
3055,2023-11-13 03:30:00,28.916
3056,2023-11-13 03:45:00,28.9035
3057,2023-11-13 04:00:00,28.9035
3058,2023-11-13 04:15:00,28.891
3059,2023-11-13 04:30:00,28.9035
3060,2023-11-13 04:45:00,28.891
3061,2023-11-13 05:00:00,28.8785
3062,2023-11-13 05:15:00,28.8785
3063,2023-11-13 05:30:00,28.8785
3064,2023-11-13 05:45:00,28.8785
3065,2023-11-13 06:00:00,28.8785
3066,2023-11-13 06:15:00,28.8785
3067,2023-11-13 06:30:00,28.8785
3068,2023-11-13 06:45:00,28.8785
3069,2023-11-13 07:00:00,28.8785
3070,2023-11-13 07:15:00,28.8785
3071,2023-11-13 07:30:00,28.8785
3072,2023-11-13 07:45:00,28.8785
3073,2023-11-13 08:00:00,28.891
3074,2023-11-13 08:15:00,28.916
3075,2023-11-13 08:30:00,28.916
3076,2023-11-13 08:45:00,28.953
3077,2023-11-13 09:00:00,28.965
3078,2023-11-13 09:15:00,28.99
3079,2023-11-13 09:30:00,29.015
3080,2023-11-13 09:45:00,29.0275
3081,2023-11-13 10:00:00,29.0525
3082,2023-11-13 10:15:00,29.1025
3083,2023-11-13 10:30:00,29.1275
3084,2023-11-13 10:45:00,29.165
3085,2023-11-13 11:00:00,29.215
3086,2023-11-13 11:15:00,29.215
3087,2023-11-13 11:30:00,29.215
3088,2023-11-13 11:45:00,29.2025
3089,2023-11-13 12:00:00,29.215
3090,2023-11-13 12:15:00,29.2025
3091,2023-11-13 12:30:00,29.2025
3092,2023-11-13 12:45:00,29.24
3093,2023-11-13 13:00:00,29.265
3094,2023-11-13 13:15:00,29.29
3095,2023-11-13 13:30:00,29.2775
3096,2023-11-13 13:45:00,29.2525
3097,2023-11-13 14:00:00,29.2775
3098,2023-11-13 14:15:00,29.2775
3099,2023-11-13 14:30:00,29.2525
3100,2023-11-13 14:45:00,29.2275
3101,2023-11-13 15:00:00,29.24
3102,2023-11-13 15:15:00,29.2275
3103,2023-11-13 15:30:00,29.2525
3104,2023-11-13 15:45:00,29.3025
3105,2023-11-13 16:00:00,29.3025
3106,2023-11-13 16:15:00,29.3025
3107,2023-11-13 16:30:00,29.315
3108,2023-11-13 16:45:00,29.2775
3109,2023-11-13 17:00:00,29.2775
3110,2023-11-13 17:15:00,29.265
3111,2023-11-13 17:30:00,29.2525
3112,2023-11-13 17:45:00,29.2525
3113,2023-11-13 18:00:00,29.2525
3114,2023-11-13 18:15:00,29.2525
3115,2023-11-13 18:30:00,29.2525
3116,2023-11-13 18:45:00,29.2525
3117,2023-11-13 19:00:00,29.2775
3118,2023-11-13 19:15:00,29.2775
3119,2023-11-13 19:30:00,29.2775
3120,2023-11-13 19:45:00,29.2775
3121,2023-11-13 20:00:00,29.265
3122,2023-11-13 20:15:00,29.2525
3123,2023-11-13 20:30:00,29.24
3124,2023-11-13 20:45:00,29.2275
3125,2023-11-13 21:00:00,29.2275
3126,2023-11-13 21:15:00,29.2275
3127,2023-11-13 21:30:00,29.2275
3128,2023-11-13 21:45:00,29.215
3129,2023-11-13 22:00:00,29.215
3130,2023-11-13 22:15:00,29.215
3131,2023-11-13 22:30:00,29.215
3132,2023-11-13 22:45:00,29.19
3133,2023-11-13 23:00:00,29.19
3134,2023-11-13 23:15:00,29.1775
3135,2023-11-13 23:30:00,29.1525
3136,2023-11-13 23:45:00,29.1525
3137,2023-11-14 00:00:00,29.1525
3138,2023-11-14 00:15:00,29.1275
3139,2023-11-14 00:30:00,29.1275
3140,2023-11-14 00:45:00,29.1025
3141,2023-11-14 01:00:00,29.065
3142,2023-11-14 01:15:00,29.0525
3143,2023-11-14 01:30:00,29.015
3144,2023-11-14 01:45:00,29.0025
3145,2023-11-14 02:00:00,28.9775
3146,2023-11-14 02:15:00,28.953
3147,2023-11-14 02:30:00,28.953
3148,2023-11-14 02:45:00,28.9285
3149,2023-11-14 03:00:00,28.9035
3150,2023-11-14 03:15:00,28.8785
3151,2023-11-14 03:30:00,28.8785
3152,2023-11-14 03:45:00,28.891
3153,2023-11-14 04:00:00,28.916
3154,2023-11-14 04:15:00,28.916
3155,2023-11-14 04:30:00,28.9285
3156,2023-11-14 04:45:00,28.941
3157,2023-11-14 05:00:00,28.941
3158,2023-11-14 05:15:00,28.9285
3159,2023-11-14 05:30:00,28.9035
3160,2023-11-14 05:45:00,28.8785
3161,2023-11-14 06:00:00,28.8535
3162,2023-11-14 06:15:00,28.8035
3163,2023-11-14 06:30:00,28.8035
3164,2023-11-14 06:45:00,28.816
3165,2023-11-14 07:00:00,28.816
3166,2023-11-14 07:15:00,28.841
3167,2023-11-14 07:30:00,28.8535
3168,2023-11-14 07:45:00,28.8785
3169,2023-11-14 08:00:00,28.891
3170,2023-11-14 08:15:00,28.916
3171,2023-11-14 08:30:00,28.941
3172,2023-11-14 08:45:00,28.9775
3173,2023-11-14 09:00:00,29.015
3174,2023-11-14 09:15:00,29.015
3175,2023-11-14 09:30:00,29.04
3176,2023-11-14 09:45:00,29.015
3177,2023-11-14 10:00:00,29.065
3178,2023-11-14 10:15:00,29.1025
3179,2023-11-14 10:30:00,29.115
3180,2023-11-14 10:45:00,29.14
3181,2023-11-14 11:00:00,29.165
3182,2023-11-14 11:15:00,29.2025
3183,2023-11-14 11:30:00,29.2525
3184,2023-11-14 11:45:00,29.3025
3185,2023-11-14 12:00:00,29.315
3186,2023-11-14 12:15:00,29.34
3187,2023-11-14 12:30:00,29.34
3188,2023-11-14 12:45:00,29.3525
3189,2023-11-14 13:00:00,29.365
3190,2023-11-14 13:15:00,29.389
3191,2023-11-14 13:30:00,29.389
3192,2023-11-14 13:45:00,29.4015
3193,2023-11-14 14:00:00,29.414
3194,2023-11-14 14:15:00,29.4265
3195,2023-11-14 14:30:00,29.377
3196,2023-11-14 14:45:00,29.365
3197,2023-11-14 15:00:00,29.377
3198,2023-11-14 15:15:00,29.377
3199,2023-11-14 15:30:00,29.365
3200,2023-11-14 15:45:00,29.365
3201,2023-11-14 16:00:00,29.365
3202,2023-11-14 16:15:00,29.34
3203,2023-11-14 16:30:00,29.34
3204,2023-11-14 16:45:00,29.3275
3205,2023-11-14 17:00:00,29.3275
3206,2023-11-14 17:15:00,29.315
3207,2023-11-14 17:30:00,29.3025
3208,2023-11-14 17:45:00,29.3025
3209,2023-11-14 18:00:00,29.3025
3210,2023-11-14 18:15:00,29.3025
3211,2023-11-14 18:30:00,29.3025
3212,2023-11-14 18:45:00,29.315
3213,2023-11-14 19:00:00,29.3275
3214,2023-11-14 19:15:00,29.3275
3215,2023-11-14 19:30:00,29.3275
3216,2023-11-14 19:45:00,29.34
3217,2023-11-14 20:00:00,29.3275
3218,2023-11-14 20:15:00,29.3275
3219,2023-11-14 20:30:00,29.315
3220,2023-11-14 20:45:00,29.3025
3221,2023-11-14 21:00:00,29.3275
3222,2023-11-14 21:15:00,29.315
3223,2023-11-14 21:30:00,29.2775
3224,2023-11-14 21:45:00,29.265
3225,2023-11-14 22:00:00,29.2525
3226,2023-11-14 22:15:00,29.2525
3227,2023-11-14 22:30:00,29.2525
3228,2023-11-14 22:45:00,29.2275
3229,2023-11-14 23:00:00,29.2025
3230,2023-11-14 23:15:00,29.1775
3231,2023-11-14 23:30:00,29.1775
3232,2023-11-14 23:45:00,29.1525
3233,2023-11-15 00:00:00,29.1525
3234,2023-11-15 00:15:00,29.1275
3235,2023-11-15 00:30:00,29.0775
3236,2023-11-15 00:45:00,29.0525
3237,2023-11-15 01:00:00,29.0525
3238,2023-11-15 01:15:00,29.0525
3239,2023-11-15 01:30:00,29.0275
3240,2023-11-15 01:45:00,29.0275
3241,2023-11-15 02:00:00,29.0025
3242,2023-11-15 02:15:00,29.0025
3243,2023-11-15 02:30:00,28.9775
3244,2023-11-15 02:45:00,28.9775
3245,2023-11-15 03:00:00,28.953
3246,2023-11-15 03:15:00,28.9405
3247,2023-11-15 03:30:00,28.9285
3248,2023-11-15 03:45:00,28.9285
3249,2023-11-15 04:00:00,28.9035
3250,2023-11-15 04:15:00,28.8785
3251,2023-11-15 04:30:00,28.866
3252,2023-11-15 04:45:00,28.866
3253,2023-11-15 05:00:00,28.866
3254,2023-11-15 05:15:00,28.8785
3255,2023-11-15 05:30:00,28.891
3256,2023-11-15 05:45:00,28.9035
3257,2023-11-15 06:00:00,28.916
3258,2023-11-15 06:15:00,28.9285
3259,2023-11-15 06:30:00,28.941
3260,2023-11-15 06:45:00,28.953
3261,2023-11-15 07:00:00,28.965
3262,2023-11-15 07:15:00,28.965
3263,2023-11-15 07:30:00,28.99
3264,2023-11-15 07:45:00,29.015
3265,2023-11-15 08:00:00,29.015
3266,2023-11-15 08:15:00,29.04
3267,2023-11-15 08:30:00,29.065
3268,2023-11-15 08:45:00,29.09
3269,2023-11-15 09:00:00,29.09
3270,2023-11-15 09:15:00,29.115
3271,2023-11-15 09:30:00,29.1525
3272,2023-11-15 09:45:00,29.165
3273,2023-11-15 10:00:00,29.19
3274,2023-11-15 10:15:00,29.1775
3275,2023-11-15 10:30:00,29.19
3276,2023-11-15 10:45:00,29.2025
3277,2023-11-15 11:00:00,29.215
3278,2023-11-15 11:15:00,29.24
3279,2023-11-15 11:30:00,29.265
3280,2023-11-15 11:45:00,29.315
3281,2023-11-15 12:00:00,29.365
3282,2023-11-15 12:15:00,29.377
3283,2023-11-15 12:30:00,29.414
3284,2023-11-15 12:45:00,29.414
3285,2023-11-15 13:00:00,29.414
3286,2023-11-15 13:15:00,29.414
3287,2023-11-15 13:30:00,29.414
3288,2023-11-15 13:45:00,29.4015
3289,2023-11-15 14:00:00,29.365
3290,2023-11-15 14:15:00,29.3275
3291,2023-11-15 14:30:00,29.265
3292,2023-11-15 14:45:00,29.265
3293,2023-11-15 15:00:00,29.2775
3294,2023-11-15 15:15:00,29.265
3295,2023-11-15 15:30:00,29.2525
3296,2023-11-15 15:45:00,29.2275
3297,2023-11-15 16:00:00,29.1775
3298,2023-11-15 16:15:00,29.1775
3299,2023-11-15 16:30:00,29.1525
3300,2023-11-15 16:45:00,29.1525
3301,2023-11-15 17:00:00,29.1525
3302,2023-11-15 17:15:00,29.1525
3303,2023-11-15 17:30:00,29.165
3304,2023-11-15 17:45:00,29.1775
3305,2023-11-15 18:00:00,29.1775
3306,2023-11-15 18:15:00,29.1775
3307,2023-11-15 18:30:00,29.19
3308,2023-11-15 18:45:00,29.19
3309,2023-11-15 19:00:00,29.215
3310,2023-11-15 19:15:00,29.2275
3311,2023-11-15 19:30:00,29.2275
3312,2023-11-15 19:45:00,29.24
3313,2023-11-15 20:00:00,29.24
3314,2023-11-15 20:15:00,29.2275
3315,2023-11-15 20:30:00,29.215
3316,2023-11-15 20:45:00,29.2275
3317,2023-11-15 21:00:00,29.2275
3318,2023-11-15 21:15:00,29.2275
3319,2023-11-15 21:30:00,29.24
3320,2023-11-15 21:45:00,29.2275
3321,2023-11-15 22:00:00,29.2275
3322,2023-11-15 22:15:00,29.2275
3323,2023-11-15 22:30:00,29.2275
3324,2023-11-15 22:45:00,29.2275
3325,2023-11-15 23:00:00,29.2025
3326,2023-11-15 23:15:00,29.2025
3327,2023-11-15 23:30:00,29.2025
3328,2023-11-15 23:45:00,29.1775
3329,2023-11-16 00:00:00,29.1775
3330,2023-11-16 00:15:00,29.165
3331,2023-11-16 00:30:00,29.165
3332,2023-11-16 00:45:00,29.1525
3333,2023-11-16 01:00:00,29.14
3334,2023-11-16 01:15:00,29.1275
3335,2023-11-16 01:30:00,29.1275
3336,2023-11-16 01:45:00,29.115
3337,2023-11-16 02:00:00,29.115
3338,2023-11-16 02:15:00,29.1025
3339,2023-11-16 02:30:00,29.0775
3340,2023-11-16 02:45:00,29.0775
3341,2023-11-16 03:00:00,29.0525
3342,2023-11-16 03:15:00,29.04
3343,2023-11-16 03:30:00,29.0275
3344,2023-11-16 03:45:00,29.0025
3345,2023-11-16 04:00:00,28.99
3346,2023-11-16 04:15:00,28.9775
3347,2023-11-16 04:30:00,28.953
3348,2023-11-16 04:45:00,28.9285
3349,2023-11-16 05:00:00,28.9035
3350,2023-11-16 05:15:00,28.8785
3351,2023-11-16 05:30:00,28.8535
3352,2023-11-16 05:45:00,28.8285
3353,2023-11-16 06:00:00,28.8035
3354,2023-11-16 06:15:00,28.8035
3355,2023-11-16 06:30:00,28.791
3356,2023-11-16 06:45:00,28.7785
3357,2023-11-16 07:00:00,28.766
3358,2023-11-16 07:15:00,28.791
3359,2023-11-16 07:30:00,28.8535
3360,2023-11-16 07:45:00,28.9035
3361,2023-11-16 08:00:00,28.916
3362,2023-11-16 08:15:00,28.941
3363,2023-11-16 08:30:00,28.965
3364,2023-11-16 08:45:00,28.99
3365,2023-11-16 09:00:00,28.99
3366,2023-11-16 09:15:00,29.015
3367,2023-11-16 09:30:00,29.0525
3368,2023-11-16 09:45:00,29.065
3369,2023-11-16 10:00:00,29.065
3370,2023-11-16 10:15:00,29.09
3371,2023-11-16 10:30:00,29.1025
3372,2023-11-16 10:45:00,29.1275
3373,2023-11-16 11:00:00,29.165
3374,2023-11-16 11:15:00,29.215
3375,2023-11-16 11:30:00,29.2525
3376,2023-11-16 11:45:00,29.2775
3377,2023-11-16 12:00:00,29.265
3378,2023-11-16 12:15:00,29.3025
3379,2023-11-16 12:30:00,29.315
3380,2023-11-16 12:45:00,29.315
3381,2023-11-16 13:00:00,29.3275
3382,2023-11-16 13:15:00,29.3275
3383,2023-11-16 13:30:00,29.3525
3384,2023-11-16 13:45:00,29.3275
3385,2023-11-16 14:00:00,29.3275
3386,2023-11-16 14:15:00,29.3275
3387,2023-11-16 14:30:00,29.315
3388,2023-11-16 14:45:00,29.315
3389,2023-11-16 15:00:00,29.2775
3390,2023-11-16 15:15:00,29.2275
3391,2023-11-16 15:30:00,29.265
3392,2023-11-16 15:45:00,29.265
3393,2023-11-16 16:00:00,29.265
3394,2023-11-16 16:15:00,29.2525
3395,2023-11-16 16:30:00,29.2525
3396,2023-11-16 16:45:00,29.2275
3397,2023-11-16 17:00:00,29.215
3398,2023-11-16 17:15:00,29.19
3399,2023-11-16 17:30:00,29.2025
3400,2023-11-16 17:45:00,29.2025
3401,2023-11-16 18:00:00,29.2025
3402,2023-11-16 18:15:00,29.2025
3403,2023-11-16 18:30:00,29.215
3404,2023-11-16 18:45:00,29.215
3405,2023-11-16 19:00:00,29.2275
3406,2023-11-16 19:15:00,29.24
3407,2023-11-16 19:30:00,29.24
3408,2023-11-16 19:45:00,29.2275
3409,2023-11-16 20:00:00,29.215
3410,2023-11-16 20:15:00,29.215
3411,2023-11-16 20:30:00,29.2275
3412,2023-11-16 20:45:00,29.2525
3413,2023-11-16 21:00:00,29.2525
3414,2023-11-16 21:15:00,29.2525
3415,2023-11-16 21:30:00,29.2525
3416,2023-11-16 21:45:00,29.2275
3417,2023-11-16 22:00:00,29.215
3418,2023-11-16 22:15:00,29.1775
3419,2023-11-16 22:30:00,29.1525
3420,2023-11-16 22:45:00,29.1525
3421,2023-11-16 23:00:00,29.1275
3422,2023-11-16 23:15:00,29.1275
3423,2023-11-16 23:30:00,29.1275
3424,2023-11-16 23:45:00,29.1025
3425,2023-11-17 00:00:00,29.1025
3426,2023-11-17 00:15:00,29.1025
3427,2023-11-17 00:30:00,29.09
3428,2023-11-17 00:45:00,29.0775
3429,2023-11-17 01:00:00,29.0525
3430,2023-11-17 01:15:00,29.0525
3431,2023-11-17 01:30:00,29.04
3432,2023-11-17 01:45:00,29.0275
3433,2023-11-17 02:00:00,29.0275
3434,2023-11-17 02:15:00,29.0025
3435,2023-11-17 02:30:00,28.9775
3436,2023-11-17 02:45:00,28.9405
3437,2023-11-17 03:00:00,28.9035
3438,2023-11-17 03:15:00,28.9035
3439,2023-11-17 03:30:00,28.8785
3440,2023-11-17 03:45:00,28.8785
3441,2023-11-17 04:00:00,28.866
3442,2023-11-17 04:15:00,28.866
3443,2023-11-17 04:30:00,28.8785
3444,2023-11-17 04:45:00,28.8785
3445,2023-11-17 05:00:00,28.8785
3446,2023-11-17 05:15:00,28.8785
3447,2023-11-17 05:30:00,28.8535
3448,2023-11-17 05:45:00,28.866
3449,2023-11-17 06:00:00,28.866
3450,2023-11-17 06:15:00,28.8535
3451,2023-11-17 06:30:00,28.8535
3452,2023-11-17 06:45:00,28.8535
3453,2023-11-17 07:00:00,28.8535
3454,2023-11-17 07:15:00,28.866
3455,2023-11-17 07:30:00,28.866
3456,2023-11-17 07:45:00,28.866
3457,2023-11-17 08:00:00,28.891
3458,2023-11-17 08:15:00,28.9035
3459,2023-11-17 08:30:00,28.916
3460,2023-11-17 08:45:00,28.953
3461,2023-11-17 09:00:00,28.9775
3462,2023-11-17 09:15:00,29.0275
3463,2023-11-17 09:30:00,29.04
3464,2023-11-17 09:45:00,29.0275
3465,2023-11-17 10:00:00,29.015
3466,2023-11-17 10:15:00,29.0025
3467,2023-11-17 10:30:00,29.015
3468,2023-11-17 10:45:00,29.04
3469,2023-11-17 11:00:00,29.09
3470,2023-11-17 11:15:00,29.1025
3471,2023-11-17 11:30:00,29.1275
3472,2023-11-17 11:45:00,29.19
3473,2023-11-17 12:00:00,29.2275
3474,2023-11-17 12:15:00,29.2525
3475,2023-11-17 12:30:00,29.265
3476,2023-11-17 12:45:00,29.29
3477,2023-11-17 13:00:00,29.2775
3478,2023-11-17 13:15:00,29.29
3479,2023-11-17 13:30:00,29.3025
3480,2023-11-17 13:45:00,29.315
3481,2023-11-17 14:00:00,29.2775
3482,2023-11-17 14:15:00,29.29
3483,2023-11-17 14:30:00,29.3025
3484,2023-11-17 14:45:00,29.2775
3485,2023-11-17 15:00:00,29.29
3486,2023-11-17 15:15:00,29.2775
3487,2023-11-17 15:30:00,29.265
3488,2023-11-17 15:45:00,29.265
3489,2023-11-17 16:00:00,29.24
3490,2023-11-17 16:15:00,29.2275
3491,2023-11-17 16:30:00,29.215
3492,2023-11-17 16:45:00,29.2275
3493,2023-11-17 17:00:00,29.2275
3494,2023-11-17 17:15:00,29.215
3495,2023-11-17 17:30:00,29.2025
3496,2023-11-17 17:45:00,29.19
3497,2023-11-17 18:00:00,29.1775
3498,2023-11-17 18:15:00,29.1775
3499,2023-11-17 18:30:00,29.1775
3500,2023-11-17 18:45:00,29.165
3501,2023-11-17 19:00:00,29.165
3502,2023-11-17 19:15:00,29.1775
3503,2023-11-17 19:30:00,29.1775
3504,2023-11-17 19:45:00,29.1775
3505,2023-11-17 20:00:00,29.2025
3506,2023-11-17 20:15:00,29.2025
3507,2023-11-17 20:30:00,29.2025
3508,2023-11-17 20:45:00,29.165
3509,2023-11-17 21:00:00,29.1525
3510,2023-11-17 21:15:00,29.165
3511,2023-11-17 21:30:00,29.1525
3512,2023-11-17 21:45:00,29.1525
3513,2023-11-17 22:00:00,29.1275
3514,2023-11-17 22:15:00,29.1275
3515,2023-11-17 22:30:00,29.1275
3516,2023-11-17 22:45:00,29.115
3517,2023-11-17 23:00:00,29.1025
3518,2023-11-17 23:15:00,29.0775
3519,2023-11-17 23:30:00,29.065
3520,2023-11-17 23:45:00,29.0525
3521,2023-11-18 00:00:00,29.0525
3522,2023-11-18 00:15:00,29.0525
3523,2023-11-18 00:30:00,29.0275
3524,2023-11-18 00:45:00,29.0275
3525,2023-11-18 01:00:00,29.0275
3526,2023-11-18 01:15:00,29.0275
3527,2023-11-18 01:30:00,29.0275
3528,2023-11-18 01:45:00,29.0025
3529,2023-11-18 02:00:00,29.0275
3530,2023-11-18 02:15:00,29.015
3531,2023-11-18 02:30:00,29.0275
3532,2023-11-18 02:45:00,29.04
3533,2023-11-18 03:00:00,29.04
3534,2023-11-18 03:15:00,29.04
3535,2023-11-18 03:30:00,29.04
3536,2023-11-18 03:45:00,29.04
3537,2023-11-18 04:00:00,29.0275
3538,2023-11-18 04:15:00,29.0275
3539,2023-11-18 04:30:00,28.9655
3540,2023-11-18 04:45:00,28.9155
3541,2023-11-18 05:00:00,28.903
3542,2023-11-18 05:15:00,28.953
3543,2023-11-18 05:30:00,28.9655
3544,2023-11-18 05:45:00,28.9655
3545,2023-11-18 06:00:00,28.9405
3546,2023-11-18 06:15:00,28.903
3547,2023-11-18 06:30:00,28.8655
3548,2023-11-18 06:45:00,28.7785
3549,2023-11-18 07:00:00,28.7785
3550,2023-11-18 07:15:00,28.7785
3551,2023-11-18 07:30:00,28.7665
3552,2023-11-18 07:45:00,28.754
3553,2023-11-18 08:00:00,28.7785
3554,2023-11-18 08:15:00,28.8035
3555,2023-11-18 08:30:00,28.7665
3556,2023-11-18 08:45:00,28.754
3557,2023-11-18 09:00:00,28.754
3558,2023-11-18 09:15:00,28.754
3559,2023-11-18 09:30:00,28.766
3560,2023-11-18 09:45:00,28.7785
3561,2023-11-18 10:00:00,28.8035
3562,2023-11-18 10:15:00,28.866
3563,2023-11-18 10:30:00,28.891
3564,2023-11-18 10:45:00,28.891
3565,2023-11-18 11:00:00,28.916
3566,2023-11-18 11:15:00,28.941
3567,2023-11-18 11:30:00,28.965
3568,2023-11-18 11:45:00,29.0025
3569,2023-11-18 12:00:00,29.0525
3570,2023-11-18 12:15:00,29.115
3571,2023-11-18 12:30:00,29.165
3572,2023-11-18 12:45:00,29.19
3573,2023-11-18 13:00:00,29.19
3574,2023-11-18 13:15:00,29.215
3575,2023-11-18 13:30:00,29.215
3576,2023-11-18 13:45:00,29.19
3577,2023-11-18 14:00:00,29.215
3578,2023-11-18 14:15:00,29.215
3579,2023-11-18 14:30:00,29.215
3580,2023-11-18 14:45:00,29.215
3581,2023-11-18 15:00:00,29.19
3582,2023-11-18 15:15:00,29.19
3583,2023-11-18 15:30:00,29.165
3584,2023-11-18 15:45:00,29.165
3585,2023-11-18 16:00:00,29.14
3586,2023-11-18 16:15:00,29.1275
3587,2023-11-18 16:30:00,29.115
3588,2023-11-18 16:45:00,29.1025
3589,2023-11-18 17:00:00,29.09
3590,2023-11-18 17:15:00,29.0775
3591,2023-11-18 17:30:00,29.0775
3592,2023-11-18 17:45:00,29.0525
3593,2023-11-18 18:00:00,29.0525
3594,2023-11-18 18:15:00,29.0525
3595,2023-11-18 18:30:00,29.0525
3596,2023-11-18 18:45:00,29.0525
3597,2023-11-18 19:00:00,29.0525
3598,2023-11-18 19:15:00,29.0525
3599,2023-11-18 19:30:00,29.04
3600,2023-11-18 19:45:00,29.0275
3601,2023-11-18 20:00:00,29.0275
3602,2023-11-18 20:15:00,29.0275
3603,2023-11-18 20:30:00,29.0275
3604,2023-11-18 20:45:00,29.0275
3605,2023-11-18 21:00:00,29.015
3606,2023-11-18 21:15:00,29.0275
3607,2023-11-18 21:30:00,29.0275
3608,2023-11-18 21:45:00,29.0275
3609,2023-11-18 22:00:00,29.0275
3610,2023-11-18 22:15:00,28.965
3611,2023-11-18 22:30:00,28.953
3612,2023-11-18 22:45:00,28.9285
3613,2023-11-18 23:00:00,28.9035
3614,2023-11-18 23:15:00,28.9035
3615,2023-11-18 23:30:00,28.9035
3616,2023-11-18 23:45:00,28.8785
3617,2023-11-19 00:00:00,28.8785
3618,2023-11-19 00:15:00,28.8785
3619,2023-11-19 00:30:00,28.8785
3620,2023-11-19 00:45:00,28.866
3621,2023-11-19 01:00:00,28.8535
3622,2023-11-19 01:15:00,28.8285
3623,2023-11-19 01:30:00,28.8285
3624,2023-11-19 01:45:00,28.8285
3625,2023-11-19 02:00:00,28.8285
3626,2023-11-19 02:15:00,28.816000000000003
3627,2023-11-19 02:30:00,28.8035
3628,2023-11-19 02:45:00,28.7785
3629,2023-11-19 03:00:00,28.7785
3630,2023-11-19 03:15:00,28.754
3631,2023-11-19 03:30:00,28.7295
3632,2023-11-19 03:45:00,28.7295
3633,2023-11-19 04:00:00,28.7045
3634,2023-11-19 04:15:00,28.7045
3635,2023-11-19 04:30:00,28.692
3636,2023-11-19 04:45:00,28.6795
3637,2023-11-19 05:00:00,28.6795
3638,2023-11-19 05:15:00,28.6795
3639,2023-11-19 05:30:00,28.667
3640,2023-11-19 05:45:00,28.667
3641,2023-11-19 06:00:00,28.667
3642,2023-11-19 06:15:00,28.667
3643,2023-11-19 06:30:00,28.667
3644,2023-11-19 06:45:00,28.729
3645,2023-11-19 07:00:00,28.779
3646,2023-11-19 07:15:00,28.8285
3647,2023-11-19 07:30:00,28.841
3648,2023-11-19 07:45:00,28.804
3649,2023-11-19 08:00:00,28.8165
3650,2023-11-19 08:15:00,28.9035
3651,2023-11-19 08:30:00,28.829
3652,2023-11-19 08:45:00,28.7415
3653,2023-11-19 09:00:00,28.754
3654,2023-11-19 09:15:00,28.766
3655,2023-11-19 09:30:00,28.7785
3656,2023-11-19 09:45:00,28.791
3657,2023-11-19 10:00:00,28.8035
3658,2023-11-19 10:15:00,28.816
3659,2023-11-19 10:30:00,28.841
3660,2023-11-19 10:45:00,28.841
3661,2023-11-19 11:00:00,28.866
3662,2023-11-19 11:15:00,28.891
3663,2023-11-19 11:30:00,28.941
3664,2023-11-19 11:45:00,28.941
3665,2023-11-19 12:00:00,28.965
3666,2023-11-19 12:15:00,28.9775
3667,2023-11-19 12:30:00,29.015
3668,2023-11-19 12:45:00,29.0525
3669,2023-11-19 13:00:00,29.065
3670,2023-11-19 13:15:00,29.09
3671,2023-11-19 13:30:00,29.09
3672,2023-11-19 13:45:00,29.115
3673,2023-11-19 14:00:00,29.14
3674,2023-11-19 14:15:00,29.14
3675,2023-11-19 14:30:00,29.1525
3676,2023-11-19 14:45:00,29.14
3677,2023-11-19 15:00:00,29.1275
3678,2023-11-19 15:15:00,29.1025
3679,2023-11-19 15:30:00,29.1025
3680,2023-11-19 15:45:00,29.1275
3681,2023-11-19 16:00:00,29.14
3682,2023-11-19 16:15:00,29.115
3683,2023-11-19 16:30:00,29.115
3684,2023-11-19 16:45:00,29.115
3685,2023-11-19 17:00:00,29.09
3686,2023-11-19 17:15:00,29.1025
3687,2023-11-19 17:30:00,29.09
3688,2023-11-19 17:45:00,29.09
3689,2023-11-19 18:00:00,29.0775
3690,2023-11-19 18:15:00,29.065
3691,2023-11-19 18:30:00,29.0525
3692,2023-11-19 18:45:00,29.0525
3693,2023-11-19 19:00:00,29.0525
3694,2023-11-19 19:15:00,29.0525
3695,2023-11-19 19:30:00,29.04
3696,2023-11-19 19:45:00,29.0275
3697,2023-11-19 20:00:00,29.0275
3698,2023-11-19 20:15:00,29.015
3699,2023-11-19 20:30:00,29.015
3700,2023-11-19 20:45:00,29.015
3701,2023-11-19 21:00:00,29.0025
3702,2023-11-19 21:15:00,29.0025
3703,2023-11-19 21:30:00,29.0025
3704,2023-11-19 21:45:00,28.9775
3705,2023-11-19 22:00:00,28.9775
3706,2023-11-19 22:15:00,28.9775
3707,2023-11-19 22:30:00,28.9775
3708,2023-11-19 22:45:00,29.0025
3709,2023-11-19 23:00:00,28.99
3710,2023-11-19 23:15:00,28.953
3711,2023-11-19 23:30:00,28.953
3712,2023-11-19 23:45:00,28.9285
3713,2023-11-20 00:00:00,28.9035
3714,2023-11-20 00:15:00,28.8785
3715,2023-11-20 00:30:00,28.8785
3716,2023-11-20 00:45:00,28.866
3717,2023-11-20 01:00:00,28.866
3718,2023-11-20 01:15:00,28.8535
3719,2023-11-20 01:30:00,28.8285
3720,2023-11-20 01:45:00,28.8285
3721,2023-11-20 02:00:00,28.8035
3722,2023-11-20 02:15:00,28.7785
3723,2023-11-20 02:30:00,28.7785
3724,2023-11-20 02:45:00,28.754
3725,2023-11-20 03:00:00,28.754
3726,2023-11-20 03:15:00,28.7295
3727,2023-11-20 03:30:00,28.7045
3728,2023-11-20 03:45:00,28.692
3729,2023-11-20 04:00:00,28.6795
3730,2023-11-20 04:15:00,28.6545
3731,2023-11-20 04:30:00,28.6295
3732,2023-11-20 04:45:00,28.605
3733,2023-11-20 05:00:00,28.5805
3734,2023-11-20 05:15:00,28.5805
3735,2023-11-20 05:30:00,28.5805
3736,2023-11-20 05:45:00,28.593
3737,2023-11-20 06:00:00,28.568
3738,2023-11-20 06:15:00,28.5805
3739,2023-11-20 06:30:00,28.568
3740,2023-11-20 06:45:00,28.5805
3741,2023-11-20 07:00:00,28.605
3742,2023-11-20 07:15:00,28.605
3743,2023-11-20 07:30:00,28.605
3744,2023-11-20 07:45:00,28.5925
3745,2023-11-20 08:00:00,28.6295
3746,2023-11-20 08:15:00,28.6545
3747,2023-11-20 08:30:00,28.667
3748,2023-11-20 08:45:00,28.667
3749,2023-11-20 09:00:00,28.667
3750,2023-11-20 09:15:00,28.6795
3751,2023-11-20 09:30:00,28.717
3752,2023-11-20 09:45:00,28.742
3753,2023-11-20 10:00:00,28.754
3754,2023-11-20 10:15:00,28.766
3755,2023-11-20 10:30:00,28.791
3756,2023-11-20 10:45:00,28.8035
3757,2023-11-20 11:00:00,28.816
3758,2023-11-20 11:15:00,28.8035
3759,2023-11-20 11:30:00,28.791
3760,2023-11-20 11:45:00,28.7785
3761,2023-11-20 12:00:00,28.766
3762,2023-11-20 12:15:00,28.7785
3763,2023-11-20 12:30:00,28.791
3764,2023-11-20 12:45:00,28.8035
3765,2023-11-20 13:00:00,28.816
3766,2023-11-20 13:15:00,28.816
3767,2023-11-20 13:30:00,28.816
3768,2023-11-20 13:45:00,28.841
3769,2023-11-20 14:00:00,28.841
3770,2023-11-20 14:15:00,28.8535
3771,2023-11-20 14:30:00,28.8535
3772,2023-11-20 14:45:00,28.841
3773,2023-11-20 15:00:00,28.841
3774,2023-11-20 15:15:00,28.841
3775,2023-11-20 15:30:00,28.8535
3776,2023-11-20 15:45:00,28.866
3777,2023-11-20 16:00:00,28.866
3778,2023-11-20 16:15:00,28.866
3779,2023-11-20 16:30:00,28.866
3780,2023-11-20 16:45:00,28.8785
3781,2023-11-20 17:00:00,28.8785
3782,2023-11-20 17:15:00,28.8785
3783,2023-11-20 17:30:00,28.866
3784,2023-11-20 17:45:00,28.866
3785,2023-11-20 18:00:00,28.866
3786,2023-11-20 18:15:00,28.8535
3787,2023-11-20 18:30:00,28.8535
3788,2023-11-20 18:45:00,28.8535
3789,2023-11-20 19:00:00,28.8535
3790,2023-11-20 19:15:00,28.8535
3791,2023-11-20 19:30:00,28.8535
3792,2023-11-20 19:45:00,28.8535
3793,2023-11-20 20:00:00,28.8285
3794,2023-11-20 20:15:00,28.8285
3795,2023-11-20 20:30:00,28.816
3796,2023-11-20 20:45:00,28.816
3797,2023-11-20 21:00:00,28.8035
3798,2023-11-20 21:15:00,28.8035
3799,2023-11-20 21:30:00,28.816
3800,2023-11-20 21:45:00,28.816
3801,2023-11-20 22:00:00,28.8285
3802,2023-11-20 22:15:00,28.8285
3803,2023-11-20 22:30:00,28.8035
3804,2023-11-20 22:45:00,28.7785
3805,2023-11-20 23:00:00,28.7785
3806,2023-11-20 23:15:00,28.7785
3807,2023-11-20 23:30:00,28.7785
3808,2023-11-20 23:45:00,28.766
3809,2023-11-21 00:00:00,28.766
3810,2023-11-21 00:15:00,28.766
3811,2023-11-21 00:30:00,28.766
3812,2023-11-21 00:45:00,28.754
3813,2023-11-21 01:00:00,28.754
3814,2023-11-21 01:15:00,28.742
3815,2023-11-21 01:30:00,28.7295
3816,2023-11-21 01:45:00,28.7295
3817,2023-11-21 02:00:00,28.7295
3818,2023-11-21 02:15:00,28.7295
3819,2023-11-21 02:30:00,28.7295
3820,2023-11-21 02:45:00,28.7295
3821,2023-11-21 03:00:00,28.7295
3822,2023-11-21 03:15:00,28.7295
3823,2023-11-21 03:30:00,28.7295
3824,2023-11-21 03:45:00,28.7295
3825,2023-11-21 04:00:00,28.7295
3826,2023-11-21 04:15:00,28.7295
3827,2023-11-21 04:30:00,28.7295
3828,2023-11-21 04:45:00,28.7295
3829,2023-11-21 05:00:00,28.717
3830,2023-11-21 05:15:00,28.7045
3831,2023-11-21 05:30:00,28.7045
3832,2023-11-21 05:45:00,28.692
3833,2023-11-21 06:00:00,28.692
3834,2023-11-21 06:15:00,28.692
3835,2023-11-21 06:30:00,28.667
3836,2023-11-21 06:45:00,28.642000000000003
3837,2023-11-21 07:00:00,28.6295
3838,2023-11-21 07:15:00,28.6545
3839,2023-11-21 07:30:00,28.6795
3840,2023-11-21 07:45:00,28.6545
3841,2023-11-21 08:00:00,28.6295
3842,2023-11-21 08:15:00,28.617
3843,2023-11-21 08:30:00,28.605
3844,2023-11-21 08:45:00,28.617
3845,2023-11-21 09:00:00,28.6295
3846,2023-11-21 09:15:00,28.6295
3847,2023-11-21 09:30:00,28.6545
3848,2023-11-21 09:45:00,28.667
3849,2023-11-21 10:00:00,28.692
3850,2023-11-21 10:15:00,28.717
3851,2023-11-21 10:30:00,28.742
3852,2023-11-21 10:45:00,28.766
3853,2023-11-21 11:00:00,28.7785
3854,2023-11-21 11:15:00,28.7785
3855,2023-11-21 11:30:00,28.7785
3856,2023-11-21 11:45:00,28.791
3857,2023-11-21 12:00:00,28.816
3858,2023-11-21 12:15:00,28.816
3859,2023-11-21 12:30:00,28.816
3860,2023-11-21 12:45:00,28.8285
3861,2023-11-21 13:00:00,28.8285
3862,2023-11-21 13:15:00,28.8285
3863,2023-11-21 13:30:00,28.8285
3864,2023-11-21 13:45:00,28.8285
3865,2023-11-21 14:00:00,28.841
3866,2023-11-21 14:15:00,28.841
3867,2023-11-21 14:30:00,28.841
3868,2023-11-21 14:45:00,28.841
3869,2023-11-21 15:00:00,28.841
3870,2023-11-21 15:15:00,28.841
3871,2023-11-21 15:30:00,28.8535
3872,2023-11-21 15:45:00,28.866
3873,2023-11-21 16:00:00,28.866
3874,2023-11-21 16:15:00,28.866
3875,2023-11-21 16:30:00,28.8535
3876,2023-11-21 16:45:00,28.866
3877,2023-11-21 17:00:00,28.8535
3878,2023-11-21 17:15:00,28.8535
3879,2023-11-21 17:30:00,28.8535
3880,2023-11-21 17:45:00,28.866
3881,2023-11-21 18:00:00,28.866
3882,2023-11-21 18:15:00,28.8535
3883,2023-11-21 18:30:00,28.841
3884,2023-11-21 18:45:00,28.791
3885,2023-11-21 19:00:00,28.7785
3886,2023-11-21 19:15:00,28.7785
3887,2023-11-21 19:30:00,28.7785
3888,2023-11-21 19:45:00,28.7785
3889,2023-11-21 20:00:00,28.7785
3890,2023-11-21 20:15:00,28.8035
3891,2023-11-21 20:30:00,28.8035
3892,2023-11-21 20:45:00,28.8035
3893,2023-11-21 21:00:00,28.8035
3894,2023-11-21 21:15:00,28.791
3895,2023-11-21 21:30:00,28.7785
3896,2023-11-21 21:45:00,28.7665
3897,2023-11-21 22:00:00,28.754
3898,2023-11-21 22:15:00,28.754
3899,2023-11-21 22:30:00,28.717
3900,2023-11-21 22:45:00,28.6795
3901,2023-11-21 23:00:00,28.6795
3902,2023-11-21 23:15:00,28.692
3903,2023-11-21 23:30:00,28.717
3904,2023-11-21 23:45:00,28.7295
3905,2023-11-22 00:00:00,28.6795
3906,2023-11-22 00:15:00,28.642000000000003
3907,2023-11-22 00:30:00,28.5925
3908,2023-11-22 00:45:00,28.4805
3909,2023-11-22 01:00:00,28.444
3910,2023-11-22 01:15:00,28.4805
3911,2023-11-22 01:30:00,28.4805
3912,2023-11-22 01:45:00,28.5055
3913,2023-11-22 02:00:00,28.5055
3914,2023-11-22 02:15:00,28.5055
3915,2023-11-22 02:30:00,28.518
3916,2023-11-22 02:45:00,28.5055
3917,2023-11-22 03:00:00,28.5055
3918,2023-11-22 03:15:00,28.4805
3919,2023-11-22 03:30:00,28.468
3920,2023-11-22 03:45:00,28.456
3921,2023-11-22 04:00:00,28.4685
3922,2023-11-22 04:15:00,28.456
3923,2023-11-22 04:30:00,28.456
3924,2023-11-22 04:45:00,28.456
3925,2023-11-22 05:00:00,28.468
3926,2023-11-22 05:15:00,28.456
3927,2023-11-22 05:30:00,28.4435
3928,2023-11-22 05:45:00,28.4065
3929,2023-11-22 06:00:00,28.3815
3930,2023-11-22 06:15:00,28.3445
3931,2023-11-22 06:30:00,28.3325
3932,2023-11-22 06:45:00,28.3325
3933,2023-11-22 07:00:00,28.345
3934,2023-11-22 07:15:00,28.345
3935,2023-11-22 07:30:00,28.32
3936,2023-11-22 07:45:00,28.345
3937,2023-11-22 08:00:00,28.394
3938,2023-11-22 08:15:00,28.4315
3939,2023-11-22 08:30:00,28.456
3940,2023-11-22 08:45:00,28.4805
3941,2023-11-22 09:00:00,28.518
3942,2023-11-22 09:15:00,28.568
3943,2023-11-22 09:30:00,28.6175
3944,2023-11-22 09:45:00,28.642000000000003
3945,2023-11-22 10:00:00,28.667
3946,2023-11-22 10:15:00,28.667
3947,2023-11-22 10:30:00,28.7045
3948,2023-11-22 10:45:00,28.766
3949,2023-11-22 11:00:00,28.7785
3950,2023-11-22 11:15:00,28.7785
3951,2023-11-22 11:30:00,28.816
3952,2023-11-22 11:45:00,28.791
3953,2023-11-22 12:00:00,28.791
3954,2023-11-22 12:15:00,28.816
3955,2023-11-22 12:30:00,28.8285
3956,2023-11-22 12:45:00,28.841
3957,2023-11-22 13:00:00,28.841
3958,2023-11-22 13:15:00,28.841
3959,2023-11-22 13:30:00,28.841
3960,2023-11-22 13:45:00,28.841
3961,2023-11-22 14:00:00,28.866
3962,2023-11-22 14:15:00,28.8535
3963,2023-11-22 14:30:00,28.8285
3964,2023-11-22 14:45:00,28.841
3965,2023-11-22 15:00:00,28.841
3966,2023-11-22 15:15:00,28.841
3967,2023-11-22 15:30:00,28.841
3968,2023-11-22 15:45:00,28.841
3969,2023-11-22 16:00:00,28.841
3970,2023-11-22 16:15:00,28.8285
3971,2023-11-22 16:30:00,28.816
3972,2023-11-22 16:45:00,28.816
3973,2023-11-22 17:00:00,28.816
3974,2023-11-22 17:15:00,28.8035
3975,2023-11-22 17:30:00,28.8035
3976,2023-11-22 17:45:00,28.8035
3977,2023-11-22 18:00:00,28.8035
3978,2023-11-22 18:15:00,28.791
3979,2023-11-22 18:30:00,28.7785
3980,2023-11-22 18:45:00,28.7785
3981,2023-11-22 19:00:00,28.7785
3982,2023-11-22 19:15:00,28.8035
3983,2023-11-22 19:30:00,28.8035
3984,2023-11-22 19:45:00,28.7785
3985,2023-11-22 20:00:00,28.7785
3986,2023-11-22 20:15:00,28.816000000000003
3987,2023-11-22 20:30:00,28.8285
3988,2023-11-22 20:45:00,28.7785
3989,2023-11-22 21:00:00,28.754
3990,2023-11-22 21:15:00,28.754
3991,2023-11-22 21:30:00,28.742
3992,2023-11-22 21:45:00,28.742
3993,2023-11-22 22:00:00,28.742
3994,2023-11-22 22:15:00,28.7295
3995,2023-11-22 22:30:00,28.7295
3996,2023-11-22 22:45:00,28.7295
3997,2023-11-22 23:00:00,28.742
3998,2023-11-22 23:15:00,28.754
3999,2023-11-22 23:30:00,28.754
4000,2023-11-22 23:45:00,28.742
4001,2023-11-23 00:00:00,28.7295
4002,2023-11-23 00:15:00,28.7045
4003,2023-11-23 00:30:00,28.6795
4004,2023-11-23 00:45:00,28.667
4005,2023-11-23 01:00:00,28.6545
4006,2023-11-23 01:15:00,28.6545
4007,2023-11-23 01:30:00,28.6295
4008,2023-11-23 01:45:00,28.6295
4009,2023-11-23 02:00:00,28.6295
4010,2023-11-23 02:15:00,28.6295
4011,2023-11-23 02:30:00,28.6295
4012,2023-11-23 02:45:00,28.6295
4013,2023-11-23 03:00:00,28.6295
4014,2023-11-23 03:15:00,28.605
4015,2023-11-23 03:30:00,28.568
4016,2023-11-23 03:45:00,28.543
4017,2023-11-23 04:00:00,28.5055
4018,2023-11-23 04:15:00,28.5055
4019,2023-11-23 04:30:00,28.493
4020,2023-11-23 04:45:00,28.493
4021,2023-11-23 05:00:00,28.456
4022,2023-11-23 05:15:00,28.468
4023,2023-11-23 05:30:00,28.4805
4024,2023-11-23 05:45:00,28.4805
4025,2023-11-23 06:00:00,28.493
4026,2023-11-23 06:15:00,28.4935
4027,2023-11-23 06:30:00,28.481
4028,2023-11-23 06:45:00,28.4315
4029,2023-11-23 07:00:00,28.4315
4030,2023-11-23 07:15:00,28.419
4031,2023-11-23 07:30:00,28.3815
4032,2023-11-23 07:45:00,28.357
4033,2023-11-23 08:00:00,28.3325
4034,2023-11-23 08:15:00,28.369
4035,2023-11-23 08:30:00,28.4315
4036,2023-11-23 08:45:00,28.456
4037,2023-11-23 09:00:00,28.5055
4038,2023-11-23 09:15:00,28.518
4039,2023-11-23 09:30:00,28.5555
4040,2023-11-23 09:45:00,28.5555
4041,2023-11-23 10:00:00,28.5805
4042,2023-11-23 10:15:00,28.6175
4043,2023-11-23 10:30:00,28.667
4044,2023-11-23 10:45:00,28.667
4045,2023-11-23 11:00:00,28.692
4046,2023-11-23 11:15:00,28.7045
4047,2023-11-23 11:30:00,28.717
4048,2023-11-23 11:45:00,28.7785
4049,2023-11-23 12:00:00,28.766
4050,2023-11-23 12:15:00,28.816
4051,2023-11-23 12:30:00,28.8535
4052,2023-11-23 12:45:00,28.8535
4053,2023-11-23 13:00:00,28.866
4054,2023-11-23 13:15:00,28.8785
4055,2023-11-23 13:30:00,28.8285
4056,2023-11-23 13:45:00,28.816
4057,2023-11-23 14:00:00,28.816
4058,2023-11-23 14:15:00,28.8285
4059,2023-11-23 14:30:00,28.841
4060,2023-11-23 14:45:00,28.8285
4061,2023-11-23 15:00:00,28.841
4062,2023-11-23 15:15:00,28.816
4063,2023-11-23 15:30:00,28.841
4064,2023-11-23 15:45:00,28.841
4065,2023-11-23 16:00:00,28.8285
4066,2023-11-23 16:15:00,28.8535
4067,2023-11-23 16:30:00,28.8785
4068,2023-11-23 16:45:00,28.9655
4069,2023-11-23 17:00:00,28.9775
4070,2023-11-23 17:15:00,28.9285
4071,2023-11-23 17:30:00,28.916
4072,2023-11-23 17:45:00,28.9285
4073,2023-11-23 18:00:00,28.953
4074,2023-11-23 18:15:00,28.99
4075,2023-11-23 18:30:00,28.965
4076,2023-11-23 18:45:00,28.953
4077,2023-11-23 19:00:00,28.953
4078,2023-11-23 19:15:00,28.941
4079,2023-11-23 19:30:00,28.9285
4080,2023-11-23 19:45:00,28.9285
4081,2023-11-23 20:00:00,28.891
4082,2023-11-23 20:15:00,28.8285
4083,2023-11-23 20:30:00,28.791
4084,2023-11-23 20:45:00,28.766
4085,2023-11-23 21:00:00,28.754
4086,2023-11-23 21:15:00,28.754
4087,2023-11-23 21:30:00,28.766
4088,2023-11-23 21:45:00,28.766
4089,2023-11-23 22:00:00,28.766
4090,2023-11-23 22:15:00,28.766
4091,2023-11-23 22:30:00,28.766
4092,2023-11-23 22:45:00,28.816
4093,2023-11-23 23:00:00,28.8285
4094,2023-11-23 23:15:00,28.8285
4095,2023-11-23 23:30:00,28.8285
4096,2023-11-23 23:45:00,28.8035
4097,2023-11-24 00:00:00,28.754
4098,2023-11-24 00:15:00,28.754
4099,2023-11-24 00:30:00,28.754
4100,2023-11-24 00:45:00,28.754
4101,2023-11-24 01:00:00,28.754
4102,2023-11-24 01:15:00,28.754
4103,2023-11-24 01:30:00,28.754
4104,2023-11-24 01:45:00,28.7295
4105,2023-11-24 02:00:00,28.7295
4106,2023-11-24 02:15:00,28.7295
4107,2023-11-24 02:30:00,28.7045
4108,2023-11-24 02:45:00,28.7045
4109,2023-11-24 03:00:00,28.7045
4110,2023-11-24 03:15:00,28.7045
4111,2023-11-24 03:30:00,28.7045
4112,2023-11-24 03:45:00,28.7045
4113,2023-11-24 04:00:00,28.7045
4114,2023-11-24 04:15:00,28.7045
4115,2023-11-24 04:30:00,28.7045
4116,2023-11-24 04:45:00,28.7045
4117,2023-11-24 05:00:00,28.7045
4118,2023-11-24 05:15:00,28.7045
4119,2023-11-24 05:30:00,28.7045
4120,2023-11-24 05:45:00,28.6795
4121,2023-11-24 06:00:00,28.6795
4122,2023-11-24 06:15:00,28.6795
4123,2023-11-24 06:30:00,28.6545
4124,2023-11-24 06:45:00,28.5805
4125,2023-11-24 07:00:00,28.605
4126,2023-11-24 07:15:00,28.617
4127,2023-11-24 07:30:00,28.617
4128,2023-11-24 07:45:00,28.642
4129,2023-11-24 08:00:00,28.6545
4130,2023-11-24 08:15:00,28.667
4131,2023-11-24 08:30:00,28.692
4132,2023-11-24 08:45:00,28.717
4133,2023-11-24 09:00:00,28.7295
4134,2023-11-24 09:15:00,28.742
4135,2023-11-24 09:30:00,28.766
4136,2023-11-24 09:45:00,28.7785
4137,2023-11-24 10:00:00,28.754
4138,2023-11-24 10:15:00,28.766
4139,2023-11-24 10:30:00,28.8035
4140,2023-11-24 10:45:00,28.8285
4141,2023-11-24 11:00:00,28.866
4142,2023-11-24 11:15:00,28.9035
4143,2023-11-24 11:30:00,28.953
4144,2023-11-24 11:45:00,28.965
4145,2023-11-24 12:00:00,29.0025
4146,2023-11-24 12:15:00,29.0275
4147,2023-11-24 12:30:00,29.04
4148,2023-11-24 12:45:00,29.04
4149,2023-11-24 13:00:00,29.0275
4150,2023-11-24 13:15:00,29.0775
4151,2023-11-24 13:30:00,29.1025
4152,2023-11-24 13:45:00,29.015
4153,2023-11-24 14:00:00,29.015
4154,2023-11-24 14:15:00,28.99
4155,2023-11-24 14:30:00,29.0025
4156,2023-11-24 14:45:00,28.965
4157,2023-11-24 15:00:00,28.99
4158,2023-11-24 15:15:00,28.965
4159,2023-11-24 15:30:00,28.941
4160,2023-11-24 15:45:00,28.941
4161,2023-11-24 16:00:00,28.941
4162,2023-11-24 16:15:00,28.941
4163,2023-11-24 16:30:00,28.9285
4164,2023-11-24 16:45:00,28.9285
4165,2023-11-24 17:00:00,28.941
4166,2023-11-24 17:15:00,28.953
4167,2023-11-24 17:30:00,28.941
4168,2023-11-24 17:45:00,28.953
4169,2023-11-24 18:00:00,28.953
4170,2023-11-24 18:15:00,28.9775
4171,2023-11-24 18:30:00,28.9775
4172,2023-11-24 18:45:00,28.9775
4173,2023-11-24 19:00:00,28.9775
4174,2023-11-24 19:15:00,28.953
4175,2023-11-24 19:30:00,28.953
4176,2023-11-24 19:45:00,28.953
4177,2023-11-24 20:00:00,28.941
4178,2023-11-24 20:15:00,28.953
4179,2023-11-24 20:30:00,28.941
4180,2023-11-24 20:45:00,28.9285
4181,2023-11-24 21:00:00,28.9285
4182,2023-11-24 21:15:00,28.9285
4183,2023-11-24 21:30:00,28.916
4184,2023-11-24 21:45:00,28.9035
4185,2023-11-24 22:00:00,28.9035
4186,2023-11-24 22:15:00,28.9035
4187,2023-11-24 22:30:00,28.9035
4188,2023-11-24 22:45:00,28.8785
4189,2023-11-24 23:00:00,28.8535
4190,2023-11-24 23:15:00,28.841
4191,2023-11-24 23:30:00,28.8285
4192,2023-11-24 23:45:00,28.8285
4193,2023-11-25 00:00:00,28.8035
4194,2023-11-25 00:15:00,28.8035
4195,2023-11-25 00:30:00,28.8035
4196,2023-11-25 00:45:00,28.8035
4197,2023-11-25 01:00:00,28.8035
4198,2023-11-25 01:15:00,28.8035
4199,2023-11-25 01:30:00,28.8035
4200,2023-11-25 01:45:00,28.8035
4201,2023-11-25 02:00:00,28.791
4202,2023-11-25 02:15:00,28.7665
4203,2023-11-25 02:30:00,28.754
4204,2023-11-25 02:45:00,28.7295
4205,2023-11-25 03:00:00,28.7295
4206,2023-11-25 03:15:00,28.717
4207,2023-11-25 03:30:00,28.7045
4208,2023-11-25 03:45:00,28.7045
4209,2023-11-25 04:00:00,28.7045
4210,2023-11-25 04:15:00,28.7045
4211,2023-11-25 04:30:00,28.692
4212,2023-11-25 04:45:00,28.692
4213,2023-11-25 05:00:00,28.692
4214,2023-11-25 05:15:00,28.6795
4215,2023-11-25 05:30:00,28.667
4216,2023-11-25 05:45:00,28.667
4217,2023-11-25 06:00:00,28.667
4218,2023-11-25 06:15:00,28.667
4219,2023-11-25 06:30:00,28.667
4220,2023-11-25 06:45:00,28.667
4221,2023-11-25 07:00:00,28.667
4222,2023-11-25 07:15:00,28.667
4223,2023-11-25 07:30:00,28.6545
4224,2023-11-25 07:45:00,28.642
4225,2023-11-25 08:00:00,28.6545
4226,2023-11-25 08:15:00,28.6795
4227,2023-11-25 08:30:00,28.6795
4228,2023-11-25 08:45:00,28.6795
4229,2023-11-25 09:00:00,28.704500000000003
4230,2023-11-25 09:15:00,28.704500000000003
4231,2023-11-25 09:30:00,28.7295
4232,2023-11-25 09:45:00,28.766
4233,2023-11-25 10:00:00,28.791
4234,2023-11-25 10:15:00,28.8035
4235,2023-11-25 10:30:00,28.816
4236,2023-11-25 10:45:00,28.866
4237,2023-11-25 11:00:00,28.8785
4238,2023-11-25 11:15:00,28.891
4239,2023-11-25 11:30:00,28.916
4240,2023-11-25 11:45:00,28.941
4241,2023-11-25 12:00:00,28.941
4242,2023-11-25 12:15:00,28.941
4243,2023-11-25 12:30:00,28.941
4244,2023-11-25 12:45:00,28.941
4245,2023-11-25 13:00:00,28.953
4246,2023-11-25 13:15:00,28.941
4247,2023-11-25 13:30:00,28.9285
4248,2023-11-25 13:45:00,28.9285
4249,2023-11-25 14:00:00,28.916
4250,2023-11-25 14:15:00,28.916
4251,2023-11-25 14:30:00,28.9035
4252,2023-11-25 14:45:00,28.916
4253,2023-11-25 15:00:00,28.916
4254,2023-11-25 15:15:00,28.916
4255,2023-11-25 15:30:00,28.9035
4256,2023-11-25 15:45:00,28.891
4257,2023-11-25 16:00:00,28.891
4258,2023-11-25 16:15:00,28.891
4259,2023-11-25 16:30:00,28.891
4260,2023-11-25 16:45:00,28.891
4261,2023-11-25 17:00:00,28.9035
4262,2023-11-25 17:15:00,28.891
4263,2023-11-25 17:30:00,28.891
4264,2023-11-25 17:45:00,28.891
4265,2023-11-25 18:00:00,28.9035
4266,2023-11-25 18:15:00,28.9285
4267,2023-11-25 18:30:00,28.916
4268,2023-11-25 18:45:00,28.9035
4269,2023-11-25 19:00:00,28.9035
4270,2023-11-25 19:15:00,28.9035
4271,2023-11-25 19:30:00,28.9035
4272,2023-11-25 19:45:00,28.9035
4273,2023-11-25 20:00:00,28.9035
4274,2023-11-25 20:15:00,28.9035
4275,2023-11-25 20:30:00,28.9035
4276,2023-11-25 20:45:00,28.916
4277,2023-11-25 21:00:00,28.916
4278,2023-11-25 21:15:00,28.916
4279,2023-11-25 21:30:00,28.916
4280,2023-11-25 21:45:00,28.9285
4281,2023-11-25 22:00:00,28.9285
4282,2023-11-25 22:15:00,28.9285
4283,2023-11-25 22:30:00,28.9285
4284,2023-11-25 22:45:00,28.9285
4285,2023-11-25 23:00:00,28.9285
4286,2023-11-25 23:15:00,28.9285
4287,2023-11-25 23:30:00,28.9285
4288,2023-11-25 23:45:00,28.9285
4289,2023-11-26 00:00:00,28.9285
4290,2023-11-26 00:15:00,28.9285
4291,2023-11-26 00:30:00,28.9285
4292,2023-11-26 00:45:00,28.9285
4293,2023-11-26 01:00:00,28.916
4294,2023-11-26 01:15:00,28.916
4295,2023-11-26 01:30:00,28.9035
4296,2023-11-26 01:45:00,28.916
4297,2023-11-26 02:00:00,28.9285
4298,2023-11-26 02:15:00,28.941
4299,2023-11-26 02:30:00,28.9285
4300,2023-11-26 02:45:00,28.9285
4301,2023-11-26 03:00:00,28.9285
4302,2023-11-26 03:15:00,28.9035
4303,2023-11-26 03:30:00,28.9035
4304,2023-11-26 03:45:00,28.8785
4305,2023-11-26 04:00:00,28.866
4306,2023-11-26 04:15:00,28.866
4307,2023-11-26 04:30:00,28.891
4308,2023-11-26 04:45:00,28.8785
4309,2023-11-26 05:00:00,28.891
4310,2023-11-26 05:15:00,28.8785
4311,2023-11-26 05:30:00,28.8535
4312,2023-11-26 05:45:00,28.8285
4313,2023-11-26 06:00:00,28.8035
4314,2023-11-26 06:15:00,28.8035
4315,2023-11-26 06:30:00,28.816
4316,2023-11-26 06:45:00,28.8285
4317,2023-11-26 07:00:00,28.8285
4318,2023-11-26 07:15:00,28.8285
4319,2023-11-26 07:30:00,28.816
4320,2023-11-26 07:45:00,28.816
4321,2023-11-26 08:00:00,28.816
4322,2023-11-26 08:15:00,28.8285
4323,2023-11-26 08:30:00,28.8285
4324,2023-11-26 08:45:00,28.816
4325,2023-11-26 09:00:00,28.816
4326,2023-11-26 09:15:00,28.841
4327,2023-11-26 09:30:00,28.841
4328,2023-11-26 09:45:00,28.8285
4329,2023-11-26 10:00:00,28.866
4330,2023-11-26 10:15:00,28.891
4331,2023-11-26 10:30:00,28.8535
4332,2023-11-26 10:45:00,28.891
4333,2023-11-26 11:00:00,28.866
4334,2023-11-26 11:15:00,28.866
4335,2023-11-26 11:30:00,28.8535
4336,2023-11-26 11:45:00,28.866
4337,2023-11-26 12:00:00,28.8785
4338,2023-11-26 12:15:00,28.866
4339,2023-11-26 12:30:00,28.8785
4340,2023-11-26 12:45:00,28.891
4341,2023-11-26 13:00:00,28.916
4342,2023-11-26 13:15:00,28.916
4343,2023-11-26 13:30:00,28.9035
4344,2023-11-26 13:45:00,28.866
4345,2023-11-26 14:00:00,28.866
4346,2023-11-26 14:15:00,28.866
4347,2023-11-26 14:30:00,28.891
4348,2023-11-26 14:45:00,28.916
4349,2023-11-26 15:00:00,28.891
4350,2023-11-26 15:15:00,28.891
4351,2023-11-26 15:30:00,28.891
4352,2023-11-26 15:45:00,28.891
4353,2023-11-26 16:00:00,28.9035
4354,2023-11-26 16:15:00,28.9035
4355,2023-11-26 16:30:00,28.891
4356,2023-11-26 16:45:00,28.9035
4357,2023-11-26 17:00:00,28.9035
4358,2023-11-26 17:15:00,28.9035
4359,2023-11-26 17:30:00,28.9035
4360,2023-11-26 17:45:00,28.916
4361,2023-11-26 18:00:00,28.916
4362,2023-11-26 18:15:00,28.916
4363,2023-11-26 18:30:00,28.916
4364,2023-11-26 18:45:00,28.891
4365,2023-11-26 19:00:00,28.891
4366,2023-11-26 19:15:00,28.8785
4367,2023-11-26 19:30:00,28.8785
4368,2023-11-26 19:45:00,28.8785
4369,2023-11-26 20:00:00,28.866
4370,2023-11-26 20:15:00,28.8535
4371,2023-11-26 20:30:00,28.8535
4372,2023-11-26 20:45:00,28.8535
4373,2023-11-26 21:00:00,28.8535
4374,2023-11-26 21:15:00,28.8285
4375,2023-11-26 21:30:00,28.8285
4376,2023-11-26 21:45:00,28.816
4377,2023-11-26 22:00:00,28.8035
4378,2023-11-26 22:15:00,28.7785
4379,2023-11-26 22:30:00,28.7785
4380,2023-11-26 22:45:00,28.7785
4381,2023-11-26 23:00:00,28.754
4382,2023-11-26 23:15:00,28.754
4383,2023-11-26 23:30:00,28.7295
4384,2023-11-26 23:45:00,28.7045
4385,2023-11-27 00:00:00,28.692
4386,2023-11-27 00:15:00,28.6795
4387,2023-11-27 00:30:00,28.6795
4388,2023-11-27 00:45:00,28.6795
4389,2023-11-27 01:00:00,28.6295
4390,2023-11-27 01:15:00,28.6295
4391,2023-11-27 01:30:00,28.617
4392,2023-11-27 01:45:00,28.617
4393,2023-11-27 02:00:00,28.593
4394,2023-11-27 02:15:00,28.593
4395,2023-11-27 02:30:00,28.5805
4396,2023-11-27 02:45:00,28.568
4397,2023-11-27 03:00:00,28.5805
4398,2023-11-27 03:15:00,28.543
4399,2023-11-27 03:30:00,28.5305
4400,2023-11-27 03:45:00,28.518
4401,2023-11-27 04:00:00,28.493
4402,2023-11-27 04:15:00,28.493
4403,2023-11-27 04:30:00,28.518
4404,2023-11-27 04:45:00,28.543
4405,2023-11-27 05:00:00,28.568
4406,2023-11-27 05:15:00,28.593
4407,2023-11-27 05:30:00,28.605
4408,2023-11-27 05:45:00,28.605
4409,2023-11-27 06:00:00,28.617
4410,2023-11-27 06:15:00,28.6295
4411,2023-11-27 06:30:00,28.6295
4412,2023-11-27 06:45:00,28.6295
4413,2023-11-27 07:00:00,28.6295
4414,2023-11-27 07:15:00,28.6545
4415,2023-11-27 07:30:00,28.6545
4416,2023-11-27 07:45:00,28.642
4417,2023-11-27 08:00:00,28.642
4418,2023-11-27 08:15:00,28.642
4419,2023-11-27 08:30:00,28.642
4420,2023-11-27 08:45:00,28.667
4421,2023-11-27 09:00:00,28.667
4422,2023-11-27 09:15:00,28.692
4423,2023-11-27 09:30:00,28.7045
4424,2023-11-27 09:45:00,28.717
4425,2023-11-27 10:00:00,28.717
4426,2023-11-27 10:15:00,28.754
4427,2023-11-27 10:30:00,28.742
4428,2023-11-27 10:45:00,28.742
4429,2023-11-27 11:00:00,28.7785
4430,2023-11-27 11:15:00,28.841
4431,2023-11-27 11:30:00,28.866
4432,2023-11-27 11:45:00,28.8785
4433,2023-11-27 12:00:00,28.8535
4434,2023-11-27 12:15:00,28.866
4435,2023-11-27 12:30:00,28.891
4436,2023-11-27 12:45:00,28.866
4437,2023-11-27 13:00:00,28.866
4438,2023-11-27 13:15:00,28.891
4439,2023-11-27 13:30:00,28.9035
4440,2023-11-27 13:45:00,28.916
4441,2023-11-27 14:00:00,28.9035
4442,2023-11-27 14:15:00,28.891
4443,2023-11-27 14:30:00,28.916
4444,2023-11-27 14:45:00,28.9035
4445,2023-11-27 15:00:00,28.916
4446,2023-11-27 15:15:00,28.916
4447,2023-11-27 15:30:00,28.916
4448,2023-11-27 15:45:00,28.916
4449,2023-11-27 16:00:00,28.916
4450,2023-11-27 16:15:00,28.891
4451,2023-11-27 16:30:00,28.9035
4452,2023-11-27 16:45:00,28.9035
4453,2023-11-27 17:00:00,28.916
4454,2023-11-27 17:15:00,28.916
4455,2023-11-27 17:30:00,28.916
4456,2023-11-27 17:45:00,28.9285
4457,2023-11-27 18:00:00,28.916
4458,2023-11-27 18:15:00,28.916
4459,2023-11-27 18:30:00,28.916
4460,2023-11-27 18:45:00,28.9035
4461,2023-11-27 19:00:00,28.8785
4462,2023-11-27 19:15:00,28.8785
4463,2023-11-27 19:30:00,28.866
4464,2023-11-27 19:45:00,28.866
4465,2023-11-27 20:00:00,28.866
4466,2023-11-27 20:15:00,28.866
4467,2023-11-27 20:30:00,28.8535
4468,2023-11-27 20:45:00,28.8535
4469,2023-11-27 21:00:00,28.866
4470,2023-11-27 21:15:00,28.8535
4471,2023-11-27 21:30:00,28.8535
4472,2023-11-27 21:45:00,28.8285
4473,2023-11-27 22:00:00,28.816
4474,2023-11-27 22:15:00,28.816000000000003
4475,2023-11-27 22:30:00,28.816000000000003
4476,2023-11-27 22:45:00,28.8035
4477,2023-11-27 23:00:00,28.8035
4478,2023-11-27 23:15:00,28.8035
4479,2023-11-27 23:30:00,28.8035
4480,2023-11-27 23:45:00,28.7785
4481,2023-11-28 00:00:00,28.754
4482,2023-11-28 00:15:00,28.754
4483,2023-11-28 00:30:00,28.754
4484,2023-11-28 00:45:00,28.742
4485,2023-11-28 01:00:00,28.717
4486,2023-11-28 01:15:00,28.7045
4487,2023-11-28 01:30:00,28.6795
4488,2023-11-28 01:45:00,28.6795
4489,2023-11-28 02:00:00,28.6545
4490,2023-11-28 02:15:00,28.6295
4491,2023-11-28 02:30:00,28.605
4492,2023-11-28 02:45:00,28.5805
4493,2023-11-28 03:00:00,28.5805
4494,2023-11-28 03:15:00,28.5555
4495,2023-11-28 03:30:00,28.5305
4496,2023-11-28 03:45:00,28.493
4497,2023-11-28 04:00:00,28.4805
4498,2023-11-28 04:15:00,28.456
4499,2023-11-28 04:30:00,28.456
4500,2023-11-28 04:45:00,28.468
4501,2023-11-28 05:00:00,28.493
4502,2023-11-28 05:15:00,28.518
4503,2023-11-28 05:30:00,28.543
4504,2023-11-28 05:45:00,28.5555
4505,2023-11-28 06:00:00,28.568
4506,2023-11-28 06:15:00,28.5805
4507,2023-11-28 06:30:00,28.605
4508,2023-11-28 06:45:00,28.6545
4509,2023-11-28 07:00:00,28.642000000000003
4510,2023-11-28 07:15:00,28.617
4511,2023-11-28 07:30:00,28.6295
4512,2023-11-28 07:45:00,28.642
4513,2023-11-28 08:00:00,28.667
4514,2023-11-28 08:15:00,28.667
4515,2023-11-28 08:30:00,28.667
4516,2023-11-28 08:45:00,28.667
4517,2023-11-28 09:00:00,28.692
4518,2023-11-28 09:15:00,28.692
4519,2023-11-28 09:30:00,28.717
4520,2023-11-28 09:45:00,28.7045
4521,2023-11-28 10:00:00,28.717
4522,2023-11-28 10:15:00,28.766
4523,2023-11-28 10:30:00,28.754
4524,2023-11-28 10:45:00,28.7295
4525,2023-11-28 11:00:00,28.717
4526,2023-11-28 11:15:00,28.742
4527,2023-11-28 11:30:00,28.742
4528,2023-11-28 11:45:00,28.7295
4529,2023-11-28 12:00:00,28.7295
4530,2023-11-28 12:15:00,28.754
4531,2023-11-28 12:30:00,28.816
4532,2023-11-28 12:45:00,28.841
4533,2023-11-28 13:00:00,28.841
4534,2023-11-28 13:15:00,28.9035
4535,2023-11-28 13:30:00,28.9035
4536,2023-11-28 13:45:00,28.916
4537,2023-11-28 14:00:00,28.9035
4538,2023-11-28 14:15:00,28.8785
4539,2023-11-28 14:30:00,28.8535
4540,2023-11-28 14:45:00,28.866
4541,2023-11-28 15:00:00,28.8535
4542,2023-11-28 15:15:00,28.841
4543,2023-11-28 15:30:00,28.8535
4544,2023-11-28 15:45:00,28.866
4545,2023-11-28 16:00:00,28.9035
4546,2023-11-28 16:15:00,28.9285
4547,2023-11-28 16:30:00,28.953
4548,2023-11-28 16:45:00,28.941
4549,2023-11-28 17:00:00,28.9285
4550,2023-11-28 17:15:00,28.916
4551,2023-11-28 17:30:00,28.8535
4552,2023-11-28 17:45:00,28.8285
4553,2023-11-28 18:00:00,28.8285
4554,2023-11-28 18:15:00,28.8285
4555,2023-11-28 18:30:00,28.8535
4556,2023-11-28 18:45:00,28.8785
4557,2023-11-28 19:00:00,28.8535
4558,2023-11-28 19:15:00,28.8285
4559,2023-11-28 19:30:00,28.816
4560,2023-11-28 19:45:00,28.816
4561,2023-11-28 20:00:00,28.816
4562,2023-11-28 20:15:00,28.8285
4563,2023-11-28 20:30:00,28.841
4564,2023-11-28 20:45:00,28.841
4565,2023-11-28 21:00:00,28.8535
4566,2023-11-28 21:15:00,28.8785
4567,2023-11-28 21:30:00,28.8785
4568,2023-11-28 21:45:00,28.866
4569,2023-11-28 22:00:00,28.8535
4570,2023-11-28 22:15:00,28.8535
4571,2023-11-28 22:30:00,28.8535
4572,2023-11-28 22:45:00,28.8285
4573,2023-11-28 23:00:00,28.8285
4574,2023-11-28 23:15:00,28.816
4575,2023-11-28 23:30:00,28.8035
4576,2023-11-28 23:45:00,28.7785
4577,2023-11-29 00:00:00,28.754
4578,2023-11-29 00:15:00,28.7295
4579,2023-11-29 00:30:00,28.7295
4580,2023-11-29 00:45:00,28.7295
4581,2023-11-29 01:00:00,28.7295
4582,2023-11-29 01:15:00,28.717
4583,2023-11-29 01:30:00,28.7045
4584,2023-11-29 01:45:00,28.7045
4585,2023-11-29 02:00:00,28.7045
4586,2023-11-29 02:15:00,28.6795
4587,2023-11-29 02:30:00,28.6795
4588,2023-11-29 02:45:00,28.6795
4589,2023-11-29 03:00:00,28.6545
4590,2023-11-29 03:15:00,28.6295
4591,2023-11-29 03:30:00,28.6295
4592,2023-11-29 03:45:00,28.605
4593,2023-11-29 04:00:00,28.605
4594,2023-11-29 04:15:00,28.605
4595,2023-11-29 04:30:00,28.605
4596,2023-11-29 04:45:00,28.605
4597,2023-11-29 05:00:00,28.605
4598,2023-11-29 05:15:00,28.605
4599,2023-11-29 05:30:00,28.605
4600,2023-11-29 05:45:00,28.605
4601,2023-11-29 06:00:00,28.605
4602,2023-11-29 06:15:00,28.617
4603,2023-11-29 06:30:00,28.6295
4604,2023-11-29 06:45:00,28.6295
4605,2023-11-29 07:00:00,28.6295
4606,2023-11-29 07:15:00,28.642
4607,2023-11-29 07:30:00,28.6295
4608,2023-11-29 07:45:00,28.6295
4609,2023-11-29 08:00:00,28.642
4610,2023-11-29 08:15:00,28.667
4611,2023-11-29 08:30:00,28.667
4612,2023-11-29 08:45:00,28.6795
4613,2023-11-29 09:00:00,28.6795
4614,2023-11-29 09:15:00,28.6795
4615,2023-11-29 09:30:00,28.692
4616,2023-11-29 09:45:00,28.7045
4617,2023-11-29 10:00:00,28.717
4618,2023-11-29 10:15:00,28.7295
4619,2023-11-29 10:30:00,28.754
4620,2023-11-29 10:45:00,28.7785
4621,2023-11-29 11:00:00,28.816000000000003
4622,2023-11-29 11:15:00,28.841
4623,2023-11-29 11:30:00,28.866
4624,2023-11-29 11:45:00,28.8785
4625,2023-11-29 12:00:00,28.8535
4626,2023-11-29 12:15:00,28.841
4627,2023-11-29 12:30:00,28.841
4628,2023-11-29 12:45:00,28.866
4629,2023-11-29 13:00:00,28.841
4630,2023-11-29 13:15:00,28.866
4631,2023-11-29 13:30:00,28.866
4632,2023-11-29 13:45:00,28.816
4633,2023-11-29 14:00:00,28.866
4634,2023-11-29 14:15:00,28.841
4635,2023-11-29 14:30:00,28.791
4636,2023-11-29 14:45:00,28.7785
4637,2023-11-29 15:00:00,28.8285
4638,2023-11-29 15:15:00,28.816
4639,2023-11-29 15:30:00,28.8285
4640,2023-11-29 15:45:00,28.8035
4641,2023-11-29 16:00:00,28.816
4642,2023-11-29 16:15:00,28.8035
4643,2023-11-29 16:30:00,28.791
4644,2023-11-29 16:45:00,28.7785
4645,2023-11-29 17:00:00,28.7785
4646,2023-11-29 17:15:00,28.7785
4647,2023-11-29 17:30:00,28.766
4648,2023-11-29 17:45:00,28.754
4649,2023-11-29 18:00:00,28.754
4650,2023-11-29 18:15:00,28.754
4651,2023-11-29 18:30:00,28.754
4652,2023-11-29 18:45:00,28.766
4653,2023-11-29 19:00:00,28.766
4654,2023-11-29 19:15:00,28.766
4655,2023-11-29 19:30:00,28.7785
4656,2023-11-29 19:45:00,28.7785
4657,2023-11-29 20:00:00,28.7785
4658,2023-11-29 20:15:00,28.7785
4659,2023-11-29 20:30:00,28.7785
4660,2023-11-29 20:45:00,28.7785
4661,2023-11-29 21:00:00,28.7785
4662,2023-11-29 21:15:00,28.7785
4663,2023-11-29 21:30:00,28.7785
4664,2023-11-29 21:45:00,28.791
4665,2023-11-29 22:00:00,28.8035
4666,2023-11-29 22:15:00,28.7785
4667,2023-11-29 22:30:00,28.766
4668,2023-11-29 22:45:00,28.742
4669,2023-11-29 23:00:00,28.7295
4670,2023-11-29 23:15:00,28.7295
4671,2023-11-29 23:30:00,28.7045
4672,2023-11-29 23:45:00,28.7045
4673,2023-11-30 00:00:00,28.7045
4674,2023-11-30 00:15:00,28.7045
4675,2023-11-30 00:30:00,28.6795
4676,2023-11-30 00:45:00,28.6795
4677,2023-11-30 01:00:00,28.6795
4678,2023-11-30 01:15:00,28.6795
4679,2023-11-30 01:30:00,28.6545
4680,2023-11-30 01:45:00,28.6545
4681,2023-11-30 02:00:00,28.6295
4682,2023-11-30 02:15:00,28.6295
4683,2023-11-30 02:30:00,28.6295
4684,2023-11-30 02:45:00,28.6295
4685,2023-11-30 03:00:00,28.605
4686,2023-11-30 03:15:00,28.605
4687,2023-11-30 03:30:00,28.5805
4688,2023-11-30 03:45:00,28.5555
4689,2023-11-30 04:00:00,28.5555
4690,2023-11-30 04:15:00,28.5305
4691,2023-11-30 04:30:00,28.5055
4692,2023-11-30 04:45:00,28.5055
4693,2023-11-30 05:00:00,28.493
4694,2023-11-30 05:15:00,28.468
4695,2023-11-30 05:30:00,28.468
4696,2023-11-30 05:45:00,28.444
4697,2023-11-30 06:00:00,28.4315
4698,2023-11-30 06:15:00,28.419
4699,2023-11-30 06:30:00,28.4065
4700,2023-11-30 06:45:00,28.4065
4701,2023-11-30 07:00:00,28.4065
4702,2023-11-30 07:15:00,28.4065
4703,2023-11-30 07:30:00,28.4065
4704,2023-11-30 07:45:00,28.419
4705,2023-11-30 08:00:00,28.444
4706,2023-11-30 08:15:00,28.4805
4707,2023-11-30 08:30:00,28.5055
4708,2023-11-30 08:45:00,28.493
4709,2023-11-30 09:00:00,28.518
4710,2023-11-30 09:15:00,28.5305
4711,2023-11-30 09:30:00,28.568
4712,2023-11-30 09:45:00,28.605
4713,2023-11-30 10:00:00,28.617
4714,2023-11-30 10:15:00,28.617
4715,2023-11-30 10:30:00,28.617
4716,2023-11-30 10:45:00,28.6795
4717,2023-11-30 11:00:00,28.692
4718,2023-11-30 11:15:00,28.6795
4719,2023-11-30 11:30:00,28.7295
4720,2023-11-30 11:45:00,28.7295
4721,2023-11-30 12:00:00,28.754
4722,2023-11-30 12:15:00,28.7785
4723,2023-11-30 12:30:00,28.766
4724,2023-11-30 12:45:00,28.754
4725,2023-11-30 13:00:00,28.791
4726,2023-11-30 13:15:00,28.8035
4727,2023-11-30 13:30:00,28.7785
4728,2023-11-30 13:45:00,28.766
4729,2023-11-30 14:00:00,28.754
4730,2023-11-30 14:15:00,28.766
4731,2023-11-30 14:30:00,28.7785
4732,2023-11-30 14:45:00,28.7785
4733,2023-11-30 15:00:00,28.7785
4734,2023-11-30 15:15:00,28.754
4735,2023-11-30 15:30:00,28.7295
4736,2023-11-30 15:45:00,28.717
4737,2023-11-30 16:00:00,28.6795
4738,2023-11-30 16:15:00,28.6795
4739,2023-11-30 16:30:00,28.667
4740,2023-11-30 16:45:00,28.6795
4741,2023-11-30 17:00:00,28.667
4742,2023-11-30 17:15:00,28.6545
4743,2023-11-30 17:30:00,28.667
4744,2023-11-30 17:45:00,28.6545
4745,2023-11-30 18:00:00,28.6545
4746,2023-11-30 18:15:00,28.6545
4747,2023-11-30 18:30:00,28.6545
4748,2023-11-30 18:45:00,28.6545
4749,2023-11-30 19:00:00,28.6545
4750,2023-11-30 19:15:00,28.6545
4751,2023-11-30 19:30:00,28.6545
4752,2023-11-30 19:45:00,28.6545
4753,2023-11-30 20:00:00,28.6545
4754,2023-11-30 20:15:00,28.6545
4755,2023-11-30 20:30:00,28.6545
4756,2023-11-30 20:45:00,28.642
4757,2023-11-30 21:00:00,28.6545
4758,2023-11-30 21:15:00,28.6545
4759,2023-11-30 21:30:00,28.6545
4760,2023-11-30 21:45:00,28.6545
4761,2023-11-30 22:00:00,28.6545
4762,2023-11-30 22:15:00,28.6295
4763,2023-11-30 22:30:00,28.617
4764,2023-11-30 22:45:00,28.5805
4765,2023-11-30 23:00:00,28.568
4766,2023-11-30 23:15:00,28.5555
4767,2023-11-30 23:30:00,28.5555
4768,2023-11-30 23:45:00,28.543
4769,2023-12-01 00:00:00,28.5305
4770,2023-12-01 00:15:00,28.5305
4771,2023-12-01 00:30:00,28.5055
4772,2023-12-01 00:45:00,28.493
4773,2023-12-01 01:00:00,28.4805
4774,2023-12-01 01:15:00,28.456
4775,2023-12-01 01:30:00,28.4685
4776,2023-12-01 01:45:00,28.456
4777,2023-12-01 02:00:00,28.456
4778,2023-12-01 02:15:00,28.456
4779,2023-12-01 02:30:00,28.4435
4780,2023-12-01 02:45:00,28.4315
4781,2023-12-01 03:00:00,28.4315
4782,2023-12-01 03:15:00,28.419
4783,2023-12-01 03:30:00,28.4065
4784,2023-12-01 03:45:00,28.3815
4785,2023-12-01 04:00:00,28.3815
4786,2023-12-01 04:15:00,28.357
4787,2023-12-01 04:30:00,28.3445
4788,2023-12-01 04:45:00,28.3325
4789,2023-12-01 05:00:00,28.3325
4790,2023-12-01 05:15:00,28.3075
4791,2023-12-01 05:30:00,28.295
4792,2023-12-01 05:45:00,28.27
4793,2023-12-01 06:00:00,28.245
4794,2023-12-01 06:15:00,28.233
4795,2023-12-01 06:30:00,28.233
4796,2023-12-01 06:45:00,28.221
4797,2023-12-01 07:00:00,28.2085
4798,2023-12-01 07:15:00,28.2085
4799,2023-12-01 07:30:00,28.2085
4800,2023-12-01 07:45:00,28.2085
4801,2023-12-01 08:00:00,28.2205
4802,2023-12-01 08:15:00,28.221
4803,2023-12-01 08:30:00,28.221
4804,2023-12-01 08:45:00,28.233
4805,2023-12-01 09:00:00,28.2575
4806,2023-12-01 09:15:00,28.2825
4807,2023-12-01 09:30:00,28.345
4808,2023-12-01 09:45:00,28.3815
4809,2023-12-01 10:00:00,28.419
4810,2023-12-01 10:15:00,28.456
4811,2023-12-01 10:30:00,28.518
4812,2023-12-01 10:45:00,28.518
4813,2023-12-01 11:00:00,28.543
4814,2023-12-01 11:15:00,28.5555
4815,2023-12-01 11:30:00,28.5555
4816,2023-12-01 11:45:00,28.5305
4817,2023-12-01 12:00:00,28.568
4818,2023-12-01 12:15:00,28.605
4819,2023-12-01 12:30:00,28.642
4820,2023-12-01 12:45:00,28.642
4821,2023-12-01 13:00:00,28.642
4822,2023-12-01 13:15:00,28.692
4823,2023-12-01 13:30:00,28.7045
4824,2023-12-01 13:45:00,28.642000000000003
4825,2023-12-01 14:00:00,28.642
4826,2023-12-01 14:15:00,28.6545
4827,2023-12-01 14:30:00,28.6545
4828,2023-12-01 14:45:00,28.6295
4829,2023-12-01 15:00:00,28.642
4830,2023-12-01 15:15:00,28.617
4831,2023-12-01 15:30:00,28.617
4832,2023-12-01 15:45:00,28.617
4833,2023-12-01 16:00:00,28.617
4834,2023-12-01 16:15:00,28.593
4835,2023-12-01 16:30:00,28.593
4836,2023-12-01 16:45:00,28.568
4837,2023-12-01 17:00:00,28.5555
4838,2023-12-01 17:15:00,28.543
4839,2023-12-01 17:30:00,28.5305
4840,2023-12-01 17:45:00,28.5305
4841,2023-12-01 18:00:00,28.5305
4842,2023-12-01 18:15:00,28.518
4843,2023-12-01 18:30:00,28.518
4844,2023-12-01 18:45:00,28.5305
4845,2023-12-01 19:00:00,28.5305
4846,2023-12-01 19:15:00,28.543
4847,2023-12-01 19:30:00,28.5555
4848,2023-12-01 19:45:00,28.5555
4849,2023-12-01 20:00:00,28.5555
4850,2023-12-01 20:15:00,28.5555
4851,2023-12-01 20:30:00,28.5555
4852,2023-12-01 20:45:00,28.543
4853,2023-12-01 21:00:00,28.5305
4854,2023-12-01 21:15:00,28.5305
4855,2023-12-01 21:30:00,28.5305
4856,2023-12-01 21:45:00,28.5305
4857,2023-12-01 22:00:00,28.5305
4858,2023-12-01 22:15:00,28.518
4859,2023-12-01 22:30:00,28.518
4860,2023-12-01 22:45:00,28.5055
4861,2023-12-01 23:00:00,28.5055
4862,2023-12-01 23:15:00,28.468
4863,2023-12-01 23:30:00,28.456
4864,2023-12-01 23:45:00,28.4315
4865,2023-12-02 00:00:00,28.419
4866,2023-12-02 00:15:00,28.4065
4867,2023-12-02 00:30:00,28.3815
4868,2023-12-02 00:45:00,28.394
4869,2023-12-02 01:00:00,28.3815
4870,2023-12-02 01:15:00,28.357
4871,2023-12-02 01:30:00,28.357
4872,2023-12-02 01:45:00,28.3325
4873,2023-12-02 02:00:00,28.3325
4874,2023-12-02 02:15:00,28.3325
4875,2023-12-02 02:30:00,28.3075
4876,2023-12-02 02:45:00,28.3075
4877,2023-12-02 03:00:00,28.2825
4878,2023-12-02 03:15:00,28.2825
4879,2023-12-02 03:30:00,28.2825
4880,2023-12-02 03:45:00,28.2825
4881,2023-12-02 04:00:00,28.2825
4882,2023-12-02 04:15:00,28.295
4883,2023-12-02 04:30:00,28.3325
4884,2023-12-02 04:45:00,28.3075
4885,2023-12-02 05:00:00,28.3075
4886,2023-12-02 05:15:00,28.32
4887,2023-12-02 05:30:00,28.3075
4888,2023-12-02 05:45:00,28.3075
4889,2023-12-02 06:00:00,28.3075
4890,2023-12-02 06:15:00,28.2825
4891,2023-12-02 06:30:00,28.2825
4892,2023-12-02 06:45:00,28.2825
4893,2023-12-02 07:00:00,28.2825
4894,2023-12-02 07:15:00,28.2825
4895,2023-12-02 07:30:00,28.2825
4896,2023-12-02 07:45:00,28.27
4897,2023-12-02 08:00:00,28.27
4898,2023-12-02 08:15:00,28.27
4899,2023-12-02 08:30:00,28.2575
4900,2023-12-02 08:45:00,28.245
4901,2023-12-02 09:00:00,28.27
4902,2023-12-02 09:15:00,28.2825
4903,2023-12-02 09:30:00,28.3075
4904,2023-12-02 09:45:00,28.32
4905,2023-12-02 10:00:00,28.357
4906,2023-12-02 10:15:00,28.4065
4907,2023-12-02 10:30:00,28.4315
4908,2023-12-02 10:45:00,28.4805
4909,2023-12-02 11:00:00,28.493
4910,2023-12-02 11:15:00,28.5305
4911,2023-12-02 11:30:00,28.5305
4912,2023-12-02 11:45:00,28.568
4913,2023-12-02 12:00:00,28.5805
4914,2023-12-02 12:15:00,28.5305
4915,2023-12-02 12:30:00,28.5305
4916,2023-12-02 12:45:00,28.5555
4917,2023-12-02 13:00:00,28.605
4918,2023-12-02 13:15:00,28.6175
4919,2023-12-02 13:30:00,28.642000000000003
4920,2023-12-02 13:45:00,28.642
4921,2023-12-02 14:00:00,28.6295
4922,2023-12-02 14:15:00,28.6295
4923,2023-12-02 14:30:00,28.617
4924,2023-12-02 14:45:00,28.617
4925,2023-12-02 15:00:00,28.605
4926,2023-12-02 15:15:00,28.5925
4927,2023-12-02 15:30:00,28.5805
4928,2023-12-02 15:45:00,28.568
4929,2023-12-02 16:00:00,28.543
4930,2023-12-02 16:15:00,28.543
4931,2023-12-02 16:30:00,28.518
4932,2023-12-02 16:45:00,28.5305
4933,2023-12-02 17:00:00,28.5305
4934,2023-12-02 17:15:00,28.5305
4935,2023-12-02 17:30:00,28.5305
4936,2023-12-02 17:45:00,28.5305
4937,2023-12-02 18:00:00,28.518
4938,2023-12-02 18:15:00,28.518
4939,2023-12-02 18:30:00,28.518
4940,2023-12-02 18:45:00,28.518
4941,2023-12-02 19:00:00,28.5055
4942,2023-12-02 19:15:00,28.5055
4943,2023-12-02 19:30:00,28.493
4944,2023-12-02 19:45:00,28.518
4945,2023-12-02 20:00:00,28.5305
4946,2023-12-02 20:15:00,28.5555
4947,2023-12-02 20:30:00,28.543
4948,2023-12-02 20:45:00,28.518
4949,2023-12-02 21:00:00,28.5055
4950,2023-12-02 21:15:00,28.5055
4951,2023-12-02 21:30:00,28.518
4952,2023-12-02 21:45:00,28.5305
4953,2023-12-02 22:00:00,28.5305
4954,2023-12-02 22:15:00,28.5305
4955,2023-12-02 22:30:00,28.5305
4956,2023-12-02 22:45:00,28.5305
4957,2023-12-02 23:00:00,28.5305
4958,2023-12-02 23:15:00,28.518
4959,2023-12-02 23:30:00,28.493
4960,2023-12-02 23:45:00,28.4435
4961,2023-12-03 00:00:00,28.4315
4962,2023-12-03 00:15:00,28.4315
4963,2023-12-03 00:30:00,28.444
4964,2023-12-03 00:45:00,28.431
4965,2023-12-03 01:00:00,28.3815
4966,2023-12-03 01:15:00,28.4065
4967,2023-12-03 01:30:00,28.4065
4968,2023-12-03 01:45:00,28.3815
4969,2023-12-03 02:00:00,28.357
4970,2023-12-03 02:15:00,28.345
4971,2023-12-03 02:30:00,28.3325
4972,2023-12-03 02:45:00,28.32
4973,2023-12-03 03:00:00,28.3325
4974,2023-12-03 03:15:00,28.3325
4975,2023-12-03 03:30:00,28.3325
4976,2023-12-03 03:45:00,28.3075
4977,2023-12-03 04:00:00,28.2825
4978,2023-12-03 04:15:00,28.2825
4979,2023-12-03 04:30:00,28.2825
4980,2023-12-03 04:45:00,28.2825
4981,2023-12-03 05:00:00,28.27
4982,2023-12-03 05:15:00,28.27
4983,2023-12-03 05:30:00,28.2825
4984,2023-12-03 05:45:00,28.2825
4985,2023-12-03 06:00:00,28.2825
4986,2023-12-03 06:15:00,28.27
4987,2023-12-03 06:30:00,28.2825
4988,2023-12-03 06:45:00,28.2825
4989,2023-12-03 07:00:00,28.2825
4990,2023-12-03 07:15:00,28.2825
4991,2023-12-03 07:30:00,28.27
4992,2023-12-03 07:45:00,28.2575
4993,2023-12-03 08:00:00,28.2575
4994,2023-12-03 08:15:00,28.2575
4995,2023-12-03 08:30:00,28.27
4996,2023-12-03 08:45:00,28.295
4997,2023-12-03 09:00:00,28.32
4998,2023-12-03 09:15:00,28.3325
4999,2023-12-03 09:30:00,28.357
5000,2023-12-03 09:45:00,28.3815
5001,2023-12-03 10:00:00,28.4065
5002,2023-12-03 10:15:00,28.4315
5003,2023-12-03 10:30:00,28.456
5004,2023-12-03 10:45:00,28.4805
5005,2023-12-03 11:00:00,28.5055
5006,2023-12-03 11:15:00,28.5055
5007,2023-12-03 11:30:00,28.5305
5008,2023-12-03 11:45:00,28.5305
5009,2023-12-03 12:00:00,28.5555
5010,2023-12-03 12:15:00,28.568
5011,2023-12-03 12:30:00,28.568
5012,2023-12-03 12:45:00,28.543
5013,2023-12-03 13:00:00,28.5555
5014,2023-12-03 13:15:00,28.5805
5015,2023-12-03 13:30:00,28.5555
5016,2023-12-03 13:45:00,28.5555
5017,2023-12-03 14:00:00,28.5305
5018,2023-12-03 14:15:00,28.5305
5019,2023-12-03 14:30:00,28.493
5020,2023-12-03 14:45:00,28.5055
5021,2023-12-03 15:00:00,28.518
5022,2023-12-03 15:15:00,28.518
5023,2023-12-03 15:30:00,28.5055
5024,2023-12-03 15:45:00,28.5055
5025,2023-12-03 16:00:00,28.493
5026,2023-12-03 16:15:00,28.493
5027,2023-12-03 16:30:00,28.493
5028,2023-12-03 16:45:00,28.4805
5029,2023-12-03 17:00:00,28.468
5030,2023-12-03 17:15:00,28.456
5031,2023-12-03 17:30:00,28.456
5032,2023-12-03 17:45:00,28.456
5033,2023-12-03 18:00:00,28.456
5034,2023-12-03 18:15:00,28.456
5035,2023-12-03 18:30:00,28.444
5036,2023-12-03 18:45:00,28.444
5037,2023-12-03 19:00:00,28.4315
5038,2023-12-03 19:15:00,28.444
5039,2023-12-03 19:30:00,28.4315
5040,2023-12-03 19:45:00,28.4315
5041,2023-12-03 20:00:00,28.4315
5042,2023-12-03 20:15:00,28.4315
5043,2023-12-03 20:30:00,28.4315
5044,2023-12-03 20:45:00,28.4315
5045,2023-12-03 21:00:00,28.4315
5046,2023-12-03 21:15:00,28.4315
5047,2023-12-03 21:30:00,28.4315
5048,2023-12-03 21:45:00,28.419
5049,2023-12-03 22:00:00,28.4065
5050,2023-12-03 22:15:00,28.4065
5051,2023-12-03 22:30:00,28.394
5052,2023-12-03 22:45:00,28.3815
5053,2023-12-03 23:00:00,28.3815
5054,2023-12-03 23:15:00,28.3815
5055,2023-12-03 23:30:00,28.369
5056,2023-12-03 23:45:00,28.357
5057,2023-12-04 00:00:00,28.357
5058,2023-12-04 00:15:00,28.3325
5059,2023-12-04 00:30:00,28.3325
5060,2023-12-04 00:45:00,28.32
5061,2023-12-04 01:00:00,28.3075
5062,2023-12-04 01:15:00,28.3075
5063,2023-12-04 01:30:00,28.3075
5064,2023-12-04 01:45:00,28.295
5065,2023-12-04 02:00:00,28.2825
5066,2023-12-04 02:15:00,28.2825
5067,2023-12-04 02:30:00,28.2575
5068,2023-12-04 02:45:00,28.2575
5069,2023-12-04 03:00:00,28.2575
5070,2023-12-04 03:15:00,28.2575
5071,2023-12-04 03:30:00,28.2575
5072,2023-12-04 03:45:00,28.27
5073,2023-12-04 04:00:00,28.27
5074,2023-12-04 04:15:00,28.27
5075,2023-12-04 04:30:00,28.27
5076,2023-12-04 04:45:00,28.233
5077,2023-12-04 05:00:00,28.1835
5078,2023-12-04 05:15:00,28.1345
5079,2023-12-04 05:30:00,28.1095
5080,2023-12-04 05:45:00,28.122
5081,2023-12-04 06:00:00,28.147
5082,2023-12-04 06:15:00,28.159
5083,2023-12-04 06:30:00,28.171
5084,2023-12-04 06:45:00,28.196
5085,2023-12-04 07:00:00,28.1835
5086,2023-12-04 07:15:00,28.196
5087,2023-12-04 07:30:00,28.196
5088,2023-12-04 07:45:00,28.221
5089,2023-12-04 08:00:00,28.221
5090,2023-12-04 08:15:00,28.221
5091,2023-12-04 08:30:00,28.221
5092,2023-12-04 08:45:00,28.245
5093,2023-12-04 09:00:00,28.2575
5094,2023-12-04 09:15:00,28.27
5095,2023-12-04 09:30:00,28.32
5096,2023-12-04 09:45:00,28.3815
5097,2023-12-04 10:00:00,28.419
5098,2023-12-04 10:15:00,28.444
5099,2023-12-04 10:30:00,28.468
5100,2023-12-04 10:45:00,28.468
5101,2023-12-04 11:00:00,28.5055
5102,2023-12-04 11:15:00,28.518
5103,2023-12-04 11:30:00,28.518
5104,2023-12-04 11:45:00,28.5555
5105,2023-12-04 12:00:00,28.568
5106,2023-12-04 12:15:00,28.5805
5107,2023-12-04 12:30:00,28.605
5108,2023-12-04 12:45:00,28.617
5109,2023-12-04 13:00:00,28.593
5110,2023-12-04 13:15:00,28.617
5111,2023-12-04 13:30:00,28.6295
5112,2023-12-04 13:45:00,28.617
5113,2023-12-04 14:00:00,28.642
5114,2023-12-04 14:15:00,28.6295
5115,2023-12-04 14:30:00,28.6295
5116,2023-12-04 14:45:00,28.617
5117,2023-12-04 15:00:00,28.6295
5118,2023-12-04 15:15:00,28.642
5119,2023-12-04 15:30:00,28.6295
5120,2023-12-04 15:45:00,28.617
5121,2023-12-04 16:00:00,28.605
5122,2023-12-04 16:15:00,28.605
5123,2023-12-04 16:30:00,28.5805
5124,2023-12-04 16:45:00,28.5805
5125,2023-12-04 17:00:00,28.568
5126,2023-12-04 17:15:00,28.5555
5127,2023-12-04 17:30:00,28.5555
5128,2023-12-04 17:45:00,28.5555
5129,2023-12-04 18:00:00,28.5555
5130,2023-12-04 18:15:00,28.543
5131,2023-12-04 18:30:00,28.5305
5132,2023-12-04 18:45:00,28.5305
5133,2023-12-04 19:00:00,28.518
5134,2023-12-04 19:15:00,28.5055
5135,2023-12-04 19:30:00,28.5055
5136,2023-12-04 19:45:00,28.5055
5137,2023-12-04 20:00:00,28.5055
5138,2023-12-04 20:15:00,28.5055
5139,2023-12-04 20:30:00,28.5055
5140,2023-12-04 20:45:00,28.5055
5141,2023-12-04 21:00:00,28.493
5142,2023-12-04 21:15:00,28.4805
5143,2023-12-04 21:30:00,28.4805
5144,2023-12-04 21:45:00,28.4805
5145,2023-12-04 22:00:00,28.4805
5146,2023-12-04 22:15:00,28.4805
5147,2023-12-04 22:30:00,28.4805
5148,2023-12-04 22:45:00,28.4805
5149,2023-12-04 23:00:00,28.493
5150,2023-12-04 23:15:00,28.493
5151,2023-12-04 23:30:00,28.5055
5152,2023-12-04 23:45:00,28.493
5153,2023-12-05 00:00:00,28.493
5154,2023-12-05 00:15:00,28.5055
5155,2023-12-05 00:30:00,28.4805
5156,2023-12-05 00:45:00,28.456
5157,2023-12-05 01:00:00,28.456
5158,2023-12-05 01:15:00,28.456
5159,2023-12-05 01:30:00,28.456
5160,2023-12-05 01:45:00,28.456
5161,2023-12-05 02:00:00,28.456
5162,2023-12-05 02:15:00,28.456
5163,2023-12-05 02:30:00,28.4315
5164,2023-12-05 02:45:00,28.4315
5165,2023-12-05 03:00:00,28.4315
5166,2023-12-05 03:15:00,28.4065
5167,2023-12-05 03:30:00,28.3815
5168,2023-12-05 03:45:00,28.3445
5169,2023-12-05 04:00:00,28.2825
5170,2023-12-05 04:15:00,28.2575
5171,2023-12-05 04:30:00,28.27
5172,2023-12-05 04:45:00,28.2825
5173,2023-12-05 05:00:00,28.295
5174,2023-12-05 05:15:00,28.3075
5175,2023-12-05 05:30:00,28.3075
5176,2023-12-05 05:45:00,28.2825
5177,2023-12-05 06:00:00,28.2825
5178,2023-12-05 06:15:00,28.2575
5179,2023-12-05 06:30:00,28.233
5180,2023-12-05 06:45:00,28.233
5181,2023-12-05 07:00:00,28.221
5182,2023-12-05 07:15:00,28.221
5183,2023-12-05 07:30:00,28.221
5184,2023-12-05 07:45:00,28.221
5185,2023-12-05 08:00:00,28.221
5186,2023-12-05 08:15:00,28.221
5187,2023-12-05 08:30:00,28.221
5188,2023-12-05 08:45:00,28.245
5189,2023-12-05 09:00:00,28.27
5190,2023-12-05 09:15:00,28.2825
5191,2023-12-05 09:30:00,28.32
5192,2023-12-05 09:45:00,28.345
5193,2023-12-05 10:00:00,28.369
5194,2023-12-05 10:15:00,28.4065
5195,2023-12-05 10:30:00,28.444
5196,2023-12-05 10:45:00,28.4805
5197,2023-12-05 11:00:00,28.493
5198,2023-12-05 11:15:00,28.518
5199,2023-12-05 11:30:00,28.5305
5200,2023-12-05 11:45:00,28.518
5201,2023-12-05 12:00:00,28.543
5202,2023-12-05 12:15:00,28.543
5203,2023-12-05 12:30:00,28.543
5204,2023-12-05 12:45:00,28.518
5205,2023-12-05 13:00:00,28.5305
5206,2023-12-05 13:15:00,28.568
5207,2023-12-05 13:30:00,28.568
5208,2023-12-05 13:45:00,28.5805
5209,2023-12-05 14:00:00,28.5805
5210,2023-12-05 14:15:00,28.593
5211,2023-12-05 14:30:00,28.5805
5212,2023-12-05 14:45:00,28.5805
5213,2023-12-05 15:00:00,28.568
5214,2023-12-05 15:15:00,28.593
5215,2023-12-05 15:30:00,28.6295
5216,2023-12-05 15:45:00,28.617
5217,2023-12-05 16:00:00,28.605
5218,2023-12-05 16:15:00,28.593
5219,2023-12-05 16:30:00,28.568
5220,2023-12-05 16:45:00,28.5555
5221,2023-12-05 17:00:00,28.543
5222,2023-12-05 17:15:00,28.518
5223,2023-12-05 17:30:00,28.493
5224,2023-12-05 17:45:00,28.493
5225,2023-12-05 18:00:00,28.5055
5226,2023-12-05 18:15:00,28.5055
5227,2023-12-05 18:30:00,28.5055
5228,2023-12-05 18:45:00,28.493
5229,2023-12-05 19:00:00,28.4805
5230,2023-12-05 19:15:00,28.468
5231,2023-12-05 19:30:00,28.468
5232,2023-12-05 19:45:00,28.456
5233,2023-12-05 20:00:00,28.468
5234,2023-12-05 20:15:00,28.456
5235,2023-12-05 20:30:00,28.4315
5236,2023-12-05 20:45:00,28.4065
5237,2023-12-05 21:00:00,28.4065
5238,2023-12-05 21:15:00,28.4065
5239,2023-12-05 21:30:00,28.3815
5240,2023-12-05 21:45:00,28.3815
5241,2023-12-05 22:00:00,28.3815
5242,2023-12-05 22:15:00,28.3695
5243,2023-12-05 22:30:00,28.357
5244,2023-12-05 22:45:00,28.3445
5245,2023-12-05 23:00:00,28.3325
5246,2023-12-05 23:15:00,28.3325
5247,2023-12-05 23:30:00,28.32
5248,2023-12-05 23:45:00,28.32
5249,2023-12-06 00:00:00,28.32
5250,2023-12-06 00:15:00,28.3325
5251,2023-12-06 00:30:00,28.32
5252,2023-12-06 00:45:00,28.3075
5253,2023-12-06 01:00:00,28.295
5254,2023-12-06 01:15:00,28.2825
5255,2023-12-06 01:30:00,28.2575
5256,2023-12-06 01:45:00,28.2575
5257,2023-12-06 02:00:00,28.233
5258,2023-12-06 02:15:00,28.233
5259,2023-12-06 02:30:00,28.2085
5260,2023-12-06 02:45:00,28.2085
5261,2023-12-06 03:00:00,28.2085
5262,2023-12-06 03:15:00,28.2085
5263,2023-12-06 03:30:00,28.196
5264,2023-12-06 03:45:00,28.1835
5265,2023-12-06 04:00:00,28.1835
5266,2023-12-06 04:15:00,28.1835
5267,2023-12-06 04:30:00,28.1835
5268,2023-12-06 04:45:00,28.1835
5269,2023-12-06 05:00:00,28.1835
5270,2023-12-06 05:15:00,28.171
5271,2023-12-06 05:30:00,28.171
5272,2023-12-06 05:45:00,28.1835
5273,2023-12-06 06:00:00,28.1835
5274,2023-12-06 06:15:00,28.1835
5275,2023-12-06 06:30:00,28.1835
5276,2023-12-06 06:45:00,28.171
5277,2023-12-06 07:00:00,28.159
5278,2023-12-06 07:15:00,28.159
5279,2023-12-06 07:30:00,28.171
5280,2023-12-06 07:45:00,28.171
5281,2023-12-06 08:00:00,28.171
5282,2023-12-06 08:15:00,28.1835
5283,2023-12-06 08:30:00,28.1835
5284,2023-12-06 08:45:00,28.196
5285,2023-12-06 09:00:00,28.221
5286,2023-12-06 09:15:00,28.27
5287,2023-12-06 09:30:00,28.295
5288,2023-12-06 09:45:00,28.3325
5289,2023-12-06 10:00:00,28.357
5290,2023-12-06 10:15:00,28.369
5291,2023-12-06 10:30:00,28.394
5292,2023-12-06 10:45:00,28.419
5293,2023-12-06 11:00:00,28.444
5294,2023-12-06 11:15:00,28.444
5295,2023-12-06 11:30:00,28.4805
5296,2023-12-06 11:45:00,28.493
5297,2023-12-06 12:00:00,28.518
5298,2023-12-06 12:15:00,28.518
5299,2023-12-06 12:30:00,28.5305
5300,2023-12-06 12:45:00,28.5305
5301,2023-12-06 13:00:00,28.518
5302,2023-12-06 13:15:00,28.543
5303,2023-12-06 13:30:00,28.5805
5304,2023-12-06 13:45:00,28.605
5305,2023-12-06 14:00:00,28.617
5306,2023-12-06 14:15:00,28.6295
5307,2023-12-06 14:30:00,28.617
5308,2023-12-06 14:45:00,28.617
5309,2023-12-06 15:00:00,28.642
5310,2023-12-06 15:15:00,28.642
5311,2023-12-06 15:30:00,28.642
5312,2023-12-06 15:45:00,28.642
5313,2023-12-06 16:00:00,28.6295
5314,2023-12-06 16:15:00,28.605
5315,2023-12-06 16:30:00,28.568
5316,2023-12-06 16:45:00,28.5555
5317,2023-12-06 17:00:00,28.5555
5318,2023-12-06 17:15:00,28.543
5319,2023-12-06 17:30:00,28.543
5320,2023-12-06 17:45:00,28.543
5321,2023-12-06 18:00:00,28.543
5322,2023-12-06 18:15:00,28.5305
5323,2023-12-06 18:30:00,28.518
5324,2023-12-06 18:45:00,28.493
5325,2023-12-06 19:00:00,28.4805
5326,2023-12-06 19:15:00,28.468
5327,2023-12-06 19:30:00,28.456
5328,2023-12-06 19:45:00,28.456
5329,2023-12-06 20:00:00,28.444
5330,2023-12-06 20:15:00,28.4315
5331,2023-12-06 20:30:00,28.4315
5332,2023-12-06 20:45:00,28.4315
5333,2023-12-06 21:00:00,28.4315
5334,2023-12-06 21:15:00,28.4315
5335,2023-12-06 21:30:00,28.4315
5336,2023-12-06 21:45:00,28.4315
5337,2023-12-06 22:00:00,28.419
5338,2023-12-06 22:15:00,28.4065
5339,2023-12-06 22:30:00,28.4065
5340,2023-12-06 22:45:00,28.4065
5341,2023-12-06 23:00:00,28.4065
5342,2023-12-06 23:15:00,28.4065
5343,2023-12-06 23:30:00,28.4065
5344,2023-12-06 23:45:00,28.3815
5345,2023-12-07 00:00:00,28.3815
5346,2023-12-07 00:15:00,28.3815
5347,2023-12-07 00:30:00,28.357
5348,2023-12-07 00:45:00,28.357
5349,2023-12-07 01:00:00,28.357
5350,2023-12-07 01:15:00,28.357
5351,2023-12-07 01:30:00,28.357
5352,2023-12-07 01:45:00,28.357
5353,2023-12-07 02:00:00,28.357
5354,2023-12-07 02:15:00,28.357
5355,2023-12-07 02:30:00,28.357
5356,2023-12-07 02:45:00,28.357
5357,2023-12-07 03:00:00,28.357
5358,2023-12-07 03:15:00,28.357
5359,2023-12-07 03:30:00,28.357
5360,2023-12-07 03:45:00,28.357
5361,2023-12-07 04:00:00,28.357
5362,2023-12-07 04:15:00,28.357
5363,2023-12-07 04:30:00,28.369
5364,2023-12-07 04:45:00,28.3815
5365,2023-12-07 05:00:00,28.3815
5366,2023-12-07 05:15:00,28.369
5367,2023-12-07 05:30:00,28.369
5368,2023-12-07 05:45:00,28.3325
5369,2023-12-07 06:00:00,28.3325
5370,2023-12-07 06:15:00,28.3075
5371,2023-12-07 06:30:00,28.295
5372,2023-12-07 06:45:00,28.2825
5373,2023-12-07 07:00:00,28.2825
5374,2023-12-07 07:15:00,28.2825
5375,2023-12-07 07:30:00,28.2825
5376,2023-12-07 07:45:00,28.27
5377,2023-12-07 08:00:00,28.27
5378,2023-12-07 08:15:00,28.2825
5379,2023-12-07 08:30:00,28.295
5380,2023-12-07 08:45:00,28.295
5381,2023-12-07 09:00:00,28.295
5382,2023-12-07 09:15:00,28.32
5383,2023-12-07 09:30:00,28.345
5384,2023-12-07 09:45:00,28.369
5385,2023-12-07 10:00:00,28.394
5386,2023-12-07 10:15:00,28.419
5387,2023-12-07 10:30:00,28.4315
5388,2023-12-07 10:45:00,28.444
5389,2023-12-07 11:00:00,28.468
5390,2023-12-07 11:15:00,28.468
5391,2023-12-07 11:30:00,28.5055
5392,2023-12-07 11:45:00,28.5305
5393,2023-12-07 12:00:00,28.543
5394,2023-12-07 12:15:00,28.543
5395,2023-12-07 12:30:00,28.5305
5396,2023-12-07 12:45:00,28.543
5397,2023-12-07 13:00:00,28.5555
5398,2023-12-07 13:15:00,28.568
5399,2023-12-07 13:30:00,28.5805
5400,2023-12-07 13:45:00,28.5805
5401,2023-12-07 14:00:00,28.5805
5402,2023-12-07 14:15:00,28.617
5403,2023-12-07 14:30:00,28.617
5404,2023-12-07 14:45:00,28.617
5405,2023-12-07 15:00:00,28.642
5406,2023-12-07 15:15:00,28.6295
5407,2023-12-07 15:30:00,28.6295
5408,2023-12-07 15:45:00,28.6295
5409,2023-12-07 16:00:00,28.5805
5410,2023-12-07 16:15:00,28.5555
5411,2023-12-07 16:30:00,28.543
5412,2023-12-07 16:45:00,28.5305
5413,2023-12-07 17:00:00,28.518
5414,2023-12-07 17:15:00,28.5305
5415,2023-12-07 17:30:00,28.543
5416,2023-12-07 17:45:00,28.568
5417,2023-12-07 18:00:00,28.605
5418,2023-12-07 18:15:00,28.617
5419,2023-12-07 18:30:00,28.605
5420,2023-12-07 18:45:00,28.568
5421,2023-12-07 19:00:00,28.5555
5422,2023-12-07 19:15:00,28.543
5423,2023-12-07 19:30:00,28.543
5424,2023-12-07 19:45:00,28.543
5425,2023-12-07 20:00:00,28.543
5426,2023-12-07 20:15:00,28.5305
5427,2023-12-07 20:30:00,28.5305
5428,2023-12-07 20:45:00,28.518
5429,2023-12-07 21:00:00,28.518
5430,2023-12-07 21:15:00,28.518
5431,2023-12-07 21:30:00,28.518
5432,2023-12-07 21:45:00,28.518
5433,2023-12-07 22:00:00,28.518
5434,2023-12-07 22:15:00,28.518
5435,2023-12-07 22:30:00,28.518
5436,2023-12-07 22:45:00,28.518
5437,2023-12-07 23:00:00,28.518
5438,2023-12-07 23:15:00,28.5305
5439,2023-12-07 23:30:00,28.5305
5440,2023-12-07 23:45:00,28.518
5441,2023-12-08 00:00:00,28.518
5442,2023-12-08 00:15:00,28.5305
5443,2023-12-08 00:30:00,28.5555
5444,2023-12-08 00:45:00,28.543
5445,2023-12-08 01:00:00,28.543
5446,2023-12-08 01:15:00,28.543
5447,2023-12-08 01:30:00,28.543
5448,2023-12-08 01:45:00,28.5555
5449,2023-12-08 02:00:00,28.568
5450,2023-12-08 02:15:00,28.5805
5451,2023-12-08 02:30:00,28.593
5452,2023-12-08 02:45:00,28.5805
5453,2023-12-08 03:00:00,28.568
5454,2023-12-08 03:15:00,28.568
5455,2023-12-08 03:30:00,28.568
5456,2023-12-08 03:45:00,28.5805
5457,2023-12-08 04:00:00,28.5805
5458,2023-12-08 04:15:00,28.5805
5459,2023-12-08 04:30:00,28.5805
5460,2023-12-08 04:45:00,28.5805
5461,2023-12-08 05:00:00,28.5805
5462,2023-12-08 05:15:00,28.5805
5463,2023-12-08 05:30:00,28.5555
5464,2023-12-08 05:45:00,28.543
5465,2023-12-08 06:00:00,28.543
5466,2023-12-08 06:15:00,28.543
5467,2023-12-08 06:30:00,28.5305
5468,2023-12-08 06:45:00,28.5305
5469,2023-12-08 07:00:00,28.5305
5470,2023-12-08 07:15:00,28.5305
5471,2023-12-08 07:30:00,28.5305
5472,2023-12-08 07:45:00,28.5305
5473,2023-12-08 08:00:00,28.5555
5474,2023-12-08 08:15:00,28.543
5475,2023-12-08 08:30:00,28.5305
5476,2023-12-08 08:45:00,28.543
5477,2023-12-08 09:00:00,28.5555
5478,2023-12-08 09:15:00,28.5555
5479,2023-12-08 09:30:00,28.518
5480,2023-12-08 09:45:00,28.5305
5481,2023-12-08 10:00:00,28.5305
5482,2023-12-08 10:15:00,28.518
5483,2023-12-08 10:30:00,28.5055
5484,2023-12-08 10:45:00,28.518
5485,2023-12-08 11:00:00,28.5305
5486,2023-12-08 11:15:00,28.568
5487,2023-12-08 11:30:00,28.5805
5488,2023-12-08 11:45:00,28.568
5489,2023-12-08 12:00:00,28.5555
5490,2023-12-08 12:15:00,28.518
5491,2023-12-08 12:30:00,28.5305
5492,2023-12-08 12:45:00,28.543
5493,2023-12-08 13:00:00,28.568
5494,2023-12-08 13:15:00,28.568
5495,2023-12-08 13:30:00,28.5555
5496,2023-12-08 13:45:00,28.543
5497,2023-12-08 14:00:00,28.5555
5498,2023-12-08 14:15:00,28.568
5499,2023-12-08 14:30:00,28.568
5500,2023-12-08 14:45:00,28.568
5501,2023-12-08 15:00:00,28.5305
5502,2023-12-08 15:15:00,28.518
5503,2023-12-08 15:30:00,28.4805
5504,2023-12-08 15:45:00,28.493
5505,2023-12-08 16:00:00,28.493
5506,2023-12-08 16:15:00,28.5055
5507,2023-12-08 16:30:00,28.5055
5508,2023-12-08 16:45:00,28.5055
5509,2023-12-08 17:00:00,28.5055
5510,2023-12-08 17:15:00,28.5055
5511,2023-12-08 17:30:00,28.5055
5512,2023-12-08 17:45:00,28.5055
5513,2023-12-08 18:00:00,28.5055
5514,2023-12-08 18:15:00,28.5055
5515,2023-12-08 18:30:00,28.5055
5516,2023-12-08 18:45:00,28.5055
5517,2023-12-08 19:00:00,28.5055
5518,2023-12-08 19:15:00,28.5055
5519,2023-12-08 19:30:00,28.518
5520,2023-12-08 19:45:00,28.5305
5521,2023-12-08 20:00:00,28.543
5522,2023-12-08 20:15:00,28.518
5523,2023-12-08 20:30:00,28.5055
5524,2023-12-08 20:45:00,28.493
5525,2023-12-08 21:00:00,28.4805
5526,2023-12-08 21:15:00,28.4805
5527,2023-12-08 21:30:00,28.468
5528,2023-12-08 21:45:00,28.456
5529,2023-12-08 22:00:00,28.468
5530,2023-12-08 22:15:00,28.444
5531,2023-12-08 22:30:00,28.419
5532,2023-12-08 22:45:00,28.4065
5533,2023-12-08 23:00:00,28.3815
5534,2023-12-08 23:15:00,28.3815
5535,2023-12-08 23:30:00,28.3815
5536,2023-12-08 23:45:00,28.3815
5537,2023-12-09 00:00:00,28.357
5538,2023-12-09 00:15:00,28.357
5539,2023-12-09 00:30:00,28.357
5540,2023-12-09 00:45:00,28.3325
5541,2023-12-09 01:00:00,28.3075
5542,2023-12-09 01:15:00,28.3075
5543,2023-12-09 01:30:00,28.3075
5544,2023-12-09 01:45:00,28.3075
5545,2023-12-09 02:00:00,28.2825
5546,2023-12-09 02:15:00,28.2575
5547,2023-12-09 02:30:00,28.233
5548,2023-12-09 02:45:00,28.2085
5549,2023-12-09 03:00:00,28.1835
5550,2023-12-09 03:15:00,28.159
5551,2023-12-09 03:30:00,28.1345
5552,2023-12-09 03:45:00,28.1345
5553,2023-12-09 04:00:00,28.122
5554,2023-12-09 04:15:00,28.122
5555,2023-12-09 04:30:00,28.147
5556,2023-12-09 04:45:00,28.171
5557,2023-12-09 05:00:00,28.196
5558,2023-12-09 05:15:00,28.245
5559,2023-12-09 05:30:00,28.245
5560,2023-12-09 05:45:00,28.245
5561,2023-12-09 06:00:00,28.233
5562,2023-12-09 06:15:00,28.233
5563,2023-12-09 06:30:00,28.233
5564,2023-12-09 06:45:00,28.233
5565,2023-12-09 07:00:00,28.233
5566,2023-12-09 07:15:00,28.233
5567,2023-12-09 07:30:00,28.2085
5568,2023-12-09 07:45:00,28.1835
5569,2023-12-09 08:00:00,28.1835
5570,2023-12-09 08:15:00,28.2085
5571,2023-12-09 08:30:00,28.196
5572,2023-12-09 08:45:00,28.2085
5573,2023-12-09 09:00:00,28.221
5574,2023-12-09 09:15:00,28.3075
5575,2023-12-09 09:30:00,28.3075
5576,2023-12-09 09:45:00,28.3195
5577,2023-12-09 10:00:00,28.3075
5578,2023-12-09 10:15:00,28.345
5579,2023-12-09 10:30:00,28.357
5580,2023-12-09 10:45:00,28.369
5581,2023-12-09 11:00:00,28.3815
5582,2023-12-09 11:15:00,28.394
5583,2023-12-09 11:30:00,28.394
5584,2023-12-09 11:45:00,28.3815
5585,2023-12-09 12:00:00,28.369
5586,2023-12-09 12:15:00,28.369
5587,2023-12-09 12:30:00,28.369
5588,2023-12-09 12:45:00,28.3815
5589,2023-12-09 13:00:00,28.394
5590,2023-12-09 13:15:00,28.4315
5591,2023-12-09 13:30:00,28.456
5592,2023-12-09 13:45:00,28.4805
5593,2023-12-09 14:00:00,28.468
5594,2023-12-09 14:15:00,28.468
5595,2023-12-09 14:30:00,28.468
5596,2023-12-09 14:45:00,28.468
5597,2023-12-09 15:00:00,28.493
5598,2023-12-09 15:15:00,28.5055
5599,2023-12-09 15:30:00,28.5055
5600,2023-12-09 15:45:00,28.5055
5601,2023-12-09 16:00:00,28.5055
5602,2023-12-09 16:15:00,28.5055
5603,2023-12-09 16:30:00,28.468
5604,2023-12-09 16:45:00,28.4315
5605,2023-12-09 17:00:00,28.4065
5606,2023-12-09 17:15:00,28.4065
5607,2023-12-09 17:30:00,28.456
5608,2023-12-09 17:45:00,28.4435
5609,2023-12-09 18:00:00,28.431
5610,2023-12-09 18:15:00,28.431
5611,2023-12-09 18:30:00,28.4315
5612,2023-12-09 18:45:00,28.4315
5613,2023-12-09 19:00:00,28.4065
5614,2023-12-09 19:15:00,28.3815
5615,2023-12-09 19:30:00,28.369
5616,2023-12-09 19:45:00,28.345
5617,2023-12-09 20:00:00,28.345
5618,2023-12-09 20:15:00,28.3325
5619,2023-12-09 20:30:00,28.3325
5620,2023-12-09 20:45:00,28.32
5621,2023-12-09 21:00:00,28.3075
5622,2023-12-09 21:15:00,28.2825
5623,2023-12-09 21:30:00,28.27
5624,2023-12-09 21:45:00,28.2575
5625,2023-12-09 22:00:00,28.2575
5626,2023-12-09 22:15:00,28.2575
5627,2023-12-09 22:30:00,28.2575
5628,2023-12-09 22:45:00,28.2455
5629,2023-12-09 23:00:00,28.2455
5630,2023-12-09 23:15:00,28.2455
5631,2023-12-09 23:30:00,28.233
5632,2023-12-09 23:45:00,28.233
5633,2023-12-10 00:00:00,28.233
5634,2023-12-10 00:15:00,28.233
5635,2023-12-10 00:30:00,28.2205
5636,2023-12-10 00:45:00,28.2205
5637,2023-12-10 01:00:00,28.1835
5638,2023-12-10 01:15:00,28.1465
5639,2023-12-10 01:30:00,28.1095
5640,2023-12-10 01:45:00,28.0845
5641,2023-12-10 02:00:00,28.0845
5642,2023-12-10 02:15:00,28.0845
5643,2023-12-10 02:30:00,28.072
5644,2023-12-10 02:45:00,28.072
5645,2023-12-10 03:00:00,28.0845
5646,2023-12-10 03:15:00,28.097
5647,2023-12-10 03:30:00,28.1095
5648,2023-12-10 03:45:00,28.0845
5649,2023-12-10 04:00:00,28.072
5650,2023-12-10 04:15:00,28.147
5651,2023-12-10 04:30:00,28.221
5652,2023-12-10 04:45:00,28.245
5653,2023-12-10 05:00:00,28.2575
5654,2023-12-10 05:15:00,28.2575
5655,2023-12-10 05:30:00,28.2575
5656,2023-12-10 05:45:00,28.2575
5657,2023-12-10 06:00:00,28.2575
5658,2023-12-10 06:15:00,28.2575
5659,2023-12-10 06:30:00,28.2575
5660,2023-12-10 06:45:00,28.2575
5661,2023-12-10 07:00:00,28.2575
5662,2023-12-10 07:15:00,28.2575
5663,2023-12-10 07:30:00,28.245
5664,2023-12-10 07:45:00,28.245
5665,2023-12-10 08:00:00,28.245
5666,2023-12-10 08:15:00,28.233
5667,2023-12-10 08:30:00,28.233
5668,2023-12-10 08:45:00,28.1345
5669,2023-12-10 09:00:00,28.06
5670,2023-12-10 09:15:00,28.06
5671,2023-12-10 09:30:00,28.06
5672,2023-12-10 09:45:00,28.072
5673,2023-12-10 10:00:00,28.1095
5674,2023-12-10 10:15:00,28.159
5675,2023-12-10 10:30:00,28.1835
5676,2023-12-10 10:45:00,28.2825
5677,2023-12-10 11:00:00,28.3075
5678,2023-12-10 11:15:00,28.3075
5679,2023-12-10 11:30:00,28.345
5680,2023-12-10 11:45:00,28.3325
5681,2023-12-10 12:00:00,28.345
5682,2023-12-10 12:15:00,28.357
5683,2023-12-10 12:30:00,28.357
5684,2023-12-10 12:45:00,28.369
5685,2023-12-10 13:00:00,28.3815
5686,2023-12-10 13:15:00,28.4065
5687,2023-12-10 13:30:00,28.394
5688,2023-12-10 13:45:00,28.4065
5689,2023-12-10 14:00:00,28.394
5690,2023-12-10 14:15:00,28.4065
5691,2023-12-10 14:30:00,28.4065
5692,2023-12-10 14:45:00,28.419
5693,2023-12-10 15:00:00,28.419
5694,2023-12-10 15:15:00,28.4065
5695,2023-12-10 15:30:00,28.419
5696,2023-12-10 15:45:00,28.4065
5697,2023-12-10 16:00:00,28.4065
5698,2023-12-10 16:15:00,28.4315
5699,2023-12-10 16:30:00,28.4315
5700,2023-12-10 16:45:00,28.4315
5701,2023-12-10 17:00:00,28.4315
5702,2023-12-10 17:15:00,28.4315
5703,2023-12-10 17:30:00,28.4315
5704,2023-12-10 17:45:00,28.4315
5705,2023-12-10 18:00:00,28.4315
5706,2023-12-10 18:15:00,28.4315
5707,2023-12-10 18:30:00,28.4315
5708,2023-12-10 18:45:00,28.419
5709,2023-12-10 19:00:00,28.394
5710,2023-12-10 19:15:00,28.3815
5711,2023-12-10 19:30:00,28.369
5712,2023-12-10 19:45:00,28.3815
5713,2023-12-10 20:00:00,28.4065
5714,2023-12-10 20:15:00,28.4065
5715,2023-12-10 20:30:00,28.394
5716,2023-12-10 20:45:00,28.3815
5717,2023-12-10 21:00:00,28.3815
5718,2023-12-10 21:15:00,28.357
5719,2023-12-10 21:30:00,28.357
5720,2023-12-10 21:45:00,28.357
5721,2023-12-10 22:00:00,28.357
5722,2023-12-10 22:15:00,28.357
5723,2023-12-10 22:30:00,28.32
5724,2023-12-10 22:45:00,28.233
5725,2023-12-10 23:00:00,28.159
5726,2023-12-10 23:15:00,28.159
5727,2023-12-10 23:30:00,28.159
5728,2023-12-10 23:45:00,28.159
5729,2023-12-11 00:00:00,28.159
5730,2023-12-11 00:15:00,28.159
5731,2023-12-11 00:30:00,28.1465
5732,2023-12-11 00:45:00,28.1345
5733,2023-12-11 01:00:00,28.1095
5734,2023-12-11 01:15:00,28.1095
5735,2023-12-11 01:30:00,28.0845
5736,2023-12-11 01:45:00,28.072
5737,2023-12-11 02:00:00,28.072
5738,2023-12-11 02:15:00,28.06
5739,2023-12-11 02:30:00,28.072
5740,2023-12-11 02:45:00,28.072
5741,2023-12-11 03:00:00,28.0845
5742,2023-12-11 03:15:00,28.0845
5743,2023-12-11 03:30:00,28.0845
5744,2023-12-11 03:45:00,28.122
5745,2023-12-11 04:00:00,28.1345
5746,2023-12-11 04:15:00,28.1465
5747,2023-12-11 04:30:00,28.159
5748,2023-12-11 04:45:00,28.1835
5749,2023-12-11 05:00:00,28.1835
5750,2023-12-11 05:15:00,28.1835
5751,2023-12-11 05:30:00,28.1835
5752,2023-12-11 05:45:00,28.1835
5753,2023-12-11 06:00:00,28.159
5754,2023-12-11 06:15:00,28.159
5755,2023-12-11 06:30:00,28.159
5756,2023-12-11 06:45:00,28.147
5757,2023-12-11 07:00:00,28.1345
5758,2023-12-11 07:15:00,28.1345
5759,2023-12-11 07:30:00,28.1345
5760,2023-12-11 07:45:00,28.1345
5761,2023-12-11 08:00:00,28.072
5762,2023-12-11 08:15:00,28.0355
5763,2023-12-11 08:30:00,28.023
5764,2023-12-11 08:45:00,28.023
5765,2023-12-11 09:00:00,28.0105
5766,2023-12-11 09:15:00,27.998
5767,2023-12-11 09:30:00,28.048
5768,2023-12-11 09:45:00,28.0845
5769,2023-12-11 10:00:00,28.122
5770,2023-12-11 10:15:00,28.122
5771,2023-12-11 10:30:00,28.171
5772,2023-12-11 10:45:00,28.1835
5773,2023-12-11 11:00:00,28.1835
5774,2023-12-11 11:15:00,28.2085
5775,2023-12-11 11:30:00,28.2575
5776,2023-12-11 11:45:00,28.295
5777,2023-12-11 12:00:00,28.3075
5778,2023-12-11 12:15:00,28.32
5779,2023-12-11 12:30:00,28.3325
5780,2023-12-11 12:45:00,28.357
5781,2023-12-11 13:00:00,28.3695
5782,2023-12-11 13:15:00,28.369
5783,2023-12-11 13:30:00,28.357
5784,2023-12-11 13:45:00,28.3325
5785,2023-12-11 14:00:00,28.3325
5786,2023-12-11 14:15:00,28.3075
5787,2023-12-11 14:30:00,28.32
5788,2023-12-11 14:45:00,28.32
5789,2023-12-11 15:00:00,28.295
5790,2023-12-11 15:15:00,28.245
5791,2023-12-11 15:30:00,28.233
5792,2023-12-11 15:45:00,28.233
5793,2023-12-11 16:00:00,28.233
5794,2023-12-11 16:15:00,28.245
5795,2023-12-11 16:30:00,28.245
5796,2023-12-11 16:45:00,28.2575
5797,2023-12-11 17:00:00,28.2575
5798,2023-12-11 17:15:00,28.2575
5799,2023-12-11 17:30:00,28.2575
5800,2023-12-11 17:45:00,28.2575
5801,2023-12-11 18:00:00,28.2575
5802,2023-12-11 18:15:00,28.2575
5803,2023-12-11 18:30:00,28.2575
5804,2023-12-11 18:45:00,28.2575
5805,2023-12-11 19:00:00,28.2575
5806,2023-12-11 19:15:00,28.2575
5807,2023-12-11 19:30:00,28.2575
5808,2023-12-11 19:45:00,28.2825
5809,2023-12-11 20:00:00,28.2825
5810,2023-12-11 20:15:00,28.2825
5811,2023-12-11 20:30:00,28.2825
5812,2023-12-11 20:45:00,28.2825
5813,2023-12-11 21:00:00,28.2825
5814,2023-12-11 21:15:00,28.2825
5815,2023-12-11 21:30:00,28.27
5816,2023-12-11 21:45:00,28.245
5817,2023-12-11 22:00:00,28.2085
5818,2023-12-11 22:15:00,28.1835
5819,2023-12-11 22:30:00,28.171
5820,2023-12-11 22:45:00,28.159
5821,2023-12-11 23:00:00,28.159
5822,2023-12-11 23:15:00,28.1345
5823,2023-12-11 23:30:00,28.1345
5824,2023-12-11 23:45:00,28.1095
5825,2023-12-12 00:00:00,28.1095
5826,2023-12-12 00:15:00,28.097
5827,2023-12-12 00:30:00,28.0725
5828,2023-12-12 00:45:00,28.0845
5829,2023-12-12 01:00:00,28.06
5830,2023-12-12 01:15:00,28.06
5831,2023-12-12 01:30:00,27.9985
5832,2023-12-12 01:45:00,27.9615
5833,2023-12-12 02:00:00,27.9365
5834,2023-12-12 02:15:00,27.924
5835,2023-12-12 02:30:00,27.887
5836,2023-12-12 02:45:00,27.887
5837,2023-12-12 03:00:00,27.899
5838,2023-12-12 03:15:00,27.9115
5839,2023-12-12 03:30:00,27.924
5840,2023-12-12 03:45:00,27.949
5841,2023-12-12 04:00:00,27.974
5842,2023-12-12 04:15:00,27.986
5843,2023-12-12 04:30:00,27.986
5844,2023-12-12 04:45:00,28.0105
5845,2023-12-12 05:00:00,28.023
5846,2023-12-12 05:15:00,28.023
5847,2023-12-12 05:30:00,28.0355
5848,2023-12-12 05:45:00,28.0355
5849,2023-12-12 06:00:00,28.0355
5850,2023-12-12 06:15:00,28.0355
5851,2023-12-12 06:30:00,28.048
5852,2023-12-12 06:45:00,28.048
5853,2023-12-12 07:00:00,28.048
5854,2023-12-12 07:15:00,28.06
5855,2023-12-12 07:30:00,28.072
5856,2023-12-12 07:45:00,28.072
5857,2023-12-12 08:00:00,28.0845
5858,2023-12-12 08:15:00,28.0845
5859,2023-12-12 08:30:00,28.0845
5860,2023-12-12 08:45:00,28.097
5861,2023-12-12 09:00:00,28.097
5862,2023-12-12 09:15:00,28.1095
5863,2023-12-12 09:30:00,28.1095
5864,2023-12-12 09:45:00,28.1095
5865,2023-12-12 10:00:00,28.1095
5866,2023-12-12 10:15:00,28.1345
5867,2023-12-12 10:30:00,28.1345
5868,2023-12-12 10:45:00,28.1095
5869,2023-12-12 11:00:00,28.0845
5870,2023-12-12 11:15:00,28.1345
5871,2023-12-12 11:30:00,28.159
5872,2023-12-12 11:45:00,28.196
5873,2023-12-12 12:00:00,28.1835
5874,2023-12-12 12:15:00,28.196
5875,2023-12-12 12:30:00,28.196
5876,2023-12-12 12:45:00,28.2085
5877,2023-12-12 13:00:00,28.1715
5878,2023-12-12 13:15:00,28.1835
5879,2023-12-12 13:30:00,28.2085
5880,2023-12-12 13:45:00,28.1835
5881,2023-12-12 14:00:00,28.2085
5882,2023-12-12 14:15:00,28.2085
5883,2023-12-12 14:30:00,28.196
5884,2023-12-12 14:45:00,28.2085
5885,2023-12-12 15:00:00,28.1835
5886,2023-12-12 15:15:00,28.1835
5887,2023-12-12 15:30:00,28.1835
5888,2023-12-12 15:45:00,28.1835
5889,2023-12-12 16:00:00,28.1835
5890,2023-12-12 16:15:00,28.1835
5891,2023-12-12 16:30:00,28.1835
5892,2023-12-12 16:45:00,28.1835
5893,2023-12-12 17:00:00,28.1835
5894,2023-12-12 17:15:00,28.1345
5895,2023-12-12 17:30:00,28.1345
5896,2023-12-12 17:45:00,28.0845
5897,2023-12-12 18:00:00,28.0845
5898,2023-12-12 18:15:00,28.0845
5899,2023-12-12 18:30:00,28.06
5900,2023-12-12 18:45:00,28.06
5901,2023-12-12 19:00:00,28.0355
5902,2023-12-12 19:15:00,28.0355
5903,2023-12-12 19:30:00,28.0105
5904,2023-12-12 19:45:00,27.9735
5905,2023-12-12 20:00:00,27.912
5906,2023-12-12 20:15:00,27.8625
5907,2023-12-12 20:30:00,27.85
5908,2023-12-12 20:45:00,27.8625
5909,2023-12-12 21:00:00,27.85
5910,2023-12-12 21:15:00,27.8375
5911,2023-12-12 21:30:00,27.8375
5912,2023-12-12 21:45:00,27.8375
5913,2023-12-12 22:00:00,27.7885
5914,2023-12-12 22:15:00,27.739
5915,2023-12-12 22:30:00,27.7145
5916,2023-12-12 22:45:00,27.702
5917,2023-12-12 23:00:00,27.7145
5918,2023-12-12 23:15:00,27.727
5919,2023-12-12 23:30:00,27.727
5920,2023-12-12 23:45:00,27.739
5921,2023-12-13 00:00:00,27.727
5922,2023-12-13 00:15:00,27.7145
5923,2023-12-13 00:30:00,27.702
5924,2023-12-13 00:45:00,27.7145
5925,2023-12-13 01:00:00,27.7145
5926,2023-12-13 01:15:00,27.727
5927,2023-12-13 01:30:00,27.7145
5928,2023-12-13 01:45:00,27.6895
5929,2023-12-13 02:00:00,27.6895
5930,2023-12-13 02:15:00,27.6895
5931,2023-12-13 02:30:00,27.702
5932,2023-12-13 02:45:00,27.677
5933,2023-12-13 03:00:00,27.6405
5934,2023-12-13 03:15:00,27.665
5935,2023-12-13 03:30:00,27.665
5936,2023-12-13 03:45:00,27.677
5937,2023-12-13 04:00:00,27.702
5938,2023-12-13 04:15:00,27.727
5939,2023-12-13 04:30:00,27.727
5940,2023-12-13 04:45:00,27.702
5941,2023-12-13 05:00:00,27.702
5942,2023-12-13 05:15:00,27.677
5943,2023-12-13 05:30:00,27.677
5944,2023-12-13 05:45:00,27.677
5945,2023-12-13 06:00:00,27.677
5946,2023-12-13 06:15:00,27.677
5947,2023-12-13 06:30:00,27.677
5948,2023-12-13 06:45:00,27.677
5949,2023-12-13 07:00:00,27.653
5950,2023-12-13 07:15:00,27.653
5951,2023-12-13 07:30:00,27.677
5952,2023-12-13 07:45:00,27.677
5953,2023-12-13 08:00:00,27.665
5954,2023-12-13 08:15:00,27.677
5955,2023-12-13 08:30:00,27.677
5956,2023-12-13 08:45:00,27.702
5957,2023-12-13 09:00:00,27.702
5958,2023-12-13 09:15:00,27.739
5959,2023-12-13 09:30:00,27.7635
5960,2023-12-13 09:45:00,27.776
5961,2023-12-13 10:00:00,27.7885
5962,2023-12-13 10:15:00,27.813
5963,2023-12-13 10:30:00,27.825
5964,2023-12-13 10:45:00,27.813
5965,2023-12-13 11:00:00,27.8005
5966,2023-12-13 11:15:00,27.85
5967,2023-12-13 11:30:00,27.8745
5968,2023-12-13 11:45:00,27.9365
5969,2023-12-13 12:00:00,28.0105
5970,2023-12-13 12:15:00,27.986
5971,2023-12-13 12:30:00,28.0355
5972,2023-12-13 12:45:00,28.0355
5973,2023-12-13 13:00:00,28.0355
5974,2023-12-13 13:15:00,28.0355
5975,2023-12-13 13:30:00,28.048
5976,2023-12-13 13:45:00,28.023
5977,2023-12-13 14:00:00,28.023
5978,2023-12-13 14:15:00,28.0355
5979,2023-12-13 14:30:00,28.0355
5980,2023-12-13 14:45:00,28.023
5981,2023-12-13 15:00:00,28.0105
5982,2023-12-13 15:15:00,28.0105
5983,2023-12-13 15:30:00,28.0105
5984,2023-12-13 15:45:00,27.998
5985,2023-12-13 16:00:00,27.974
5986,2023-12-13 16:15:00,27.974
5987,2023-12-13 16:30:00,27.986
5988,2023-12-13 16:45:00,27.986
5989,2023-12-13 17:00:00,27.9615
5990,2023-12-13 17:15:00,27.9365
5991,2023-12-13 17:30:00,27.899
5992,2023-12-13 17:45:00,27.899
5993,2023-12-13 18:00:00,27.8375
5994,2023-12-13 18:15:00,27.8375
5995,2023-12-13 18:30:00,27.8375
5996,2023-12-13 18:45:00,27.8625
5997,2023-12-13 19:00:00,27.85
5998,2023-12-13 19:15:00,27.8255
5999,2023-12-13 19:30:00,27.8005
6000,2023-12-13 19:45:00,27.714
6001,2023-12-13 20:00:00,27.665
6002,2023-12-13 20:15:00,27.665
6003,2023-12-13 20:30:00,27.653
6004,2023-12-13 20:45:00,27.6405
6005,2023-12-13 21:00:00,27.6405
6006,2023-12-13 21:15:00,27.616
6007,2023-12-13 21:30:00,27.628
6008,2023-12-13 21:45:00,27.616
6009,2023-12-13 22:00:00,27.5915
6010,2023-12-13 22:15:00,27.5665
6011,2023-12-13 22:30:00,27.53
6012,2023-12-13 22:45:00,27.5175
6013,2023-12-13 23:00:00,27.53
6014,2023-12-13 23:15:00,27.5175
6015,2023-12-13 23:30:00,27.5175
6016,2023-12-13 23:45:00,27.5175
6017,2023-12-14 00:00:00,27.493
6018,2023-12-14 00:15:00,27.481
6019,2023-12-14 00:30:00,27.481
6020,2023-12-14 00:45:00,27.481
6021,2023-12-14 01:00:00,27.481
6022,2023-12-14 01:15:00,27.4685
6023,2023-12-14 01:30:00,27.456
6024,2023-12-14 01:45:00,27.4435
6025,2023-12-14 02:00:00,27.419
6026,2023-12-14 02:15:00,27.419
6027,2023-12-14 02:30:00,27.431
6028,2023-12-14 02:45:00,27.4435
6029,2023-12-14 03:00:00,27.456
6030,2023-12-14 03:15:00,27.481
6031,2023-12-14 03:30:00,27.481
6032,2023-12-14 03:45:00,27.481
6033,2023-12-14 04:00:00,27.481
6034,2023-12-14 04:15:00,27.481
6035,2023-12-14 04:30:00,27.481
6036,2023-12-14 04:45:00,27.481
6037,2023-12-14 05:00:00,27.481
6038,2023-12-14 05:15:00,27.481
6039,2023-12-14 05:30:00,27.493
6040,2023-12-14 05:45:00,27.493
6041,2023-12-14 06:00:00,27.5175
6042,2023-12-14 06:15:00,27.5175
6043,2023-12-14 06:30:00,27.5175
6044,2023-12-14 06:45:00,27.542
6045,2023-12-14 07:00:00,27.554
6046,2023-12-14 07:15:00,27.542
6047,2023-12-14 07:30:00,27.542
6048,2023-12-14 07:45:00,27.5175
6049,2023-12-14 08:00:00,27.53
6050,2023-12-14 08:15:00,27.5175
6051,2023-12-14 08:30:00,27.53
6052,2023-12-14 08:45:00,27.542
6053,2023-12-14 09:00:00,27.579
6054,2023-12-14 09:15:00,27.604
6055,2023-12-14 09:30:00,27.628
6056,2023-12-14 09:45:00,27.653
6057,2023-12-14 10:00:00,27.677
6058,2023-12-14 10:15:00,27.677
6059,2023-12-14 10:30:00,27.702
6060,2023-12-14 10:45:00,27.7145
6061,2023-12-14 11:00:00,27.727
6062,2023-12-14 11:15:00,27.739
6063,2023-12-14 11:30:00,27.7635
6064,2023-12-14 11:45:00,27.7635
6065,2023-12-14 12:00:00,27.7515
6066,2023-12-14 12:15:00,27.7515
6067,2023-12-14 12:30:00,27.7515
6068,2023-12-14 12:45:00,27.776
6069,2023-12-14 13:00:00,27.8005
6070,2023-12-14 13:15:00,27.7885
6071,2023-12-14 13:30:00,27.7885
6072,2023-12-14 13:45:00,27.776
6073,2023-12-14 14:00:00,27.7635
6074,2023-12-14 14:15:00,27.751
6075,2023-12-14 14:30:00,27.751
6076,2023-12-14 14:45:00,27.751
6077,2023-12-14 15:00:00,27.751
6078,2023-12-14 15:15:00,27.739
6079,2023-12-14 15:30:00,27.7635
6080,2023-12-14 15:45:00,27.7515
6081,2023-12-14 16:00:00,27.739
6082,2023-12-14 16:15:00,27.739
6083,2023-12-14 16:30:00,27.739
6084,2023-12-14 16:45:00,27.727
6085,2023-12-14 17:00:00,27.727
6086,2023-12-14 17:15:00,27.727
6087,2023-12-14 17:30:00,27.739
6088,2023-12-14 17:45:00,27.727
6089,2023-12-14 18:00:00,27.7145
6090,2023-12-14 18:15:00,27.7145
6091,2023-12-14 18:30:00,27.702
6092,2023-12-14 18:45:00,27.702
6093,2023-12-14 19:00:00,27.702
6094,2023-12-14 19:15:00,27.7145
6095,2023-12-14 19:30:00,27.7145
6096,2023-12-14 19:45:00,27.6895
6097,2023-12-14 20:00:00,27.6895
6098,2023-12-14 20:15:00,27.6895
6099,2023-12-14 20:30:00,27.665
6100,2023-12-14 20:45:00,27.6405
6101,2023-12-14 21:00:00,27.6405
6102,2023-12-14 21:15:00,27.628
6103,2023-12-14 21:30:00,27.616
6104,2023-12-14 21:45:00,27.5915
6105,2023-12-14 22:00:00,27.5665
6106,2023-12-14 22:15:00,27.554
6107,2023-12-14 22:30:00,27.542
6108,2023-12-14 22:45:00,27.5175
6109,2023-12-14 23:00:00,27.5175
6110,2023-12-14 23:15:00,27.505
6111,2023-12-14 23:30:00,27.5175
6112,2023-12-14 23:45:00,27.53
6113,2023-12-15 00:00:00,27.5055
6114,2023-12-15 00:15:00,27.493
6115,2023-12-15 00:30:00,27.481
6116,2023-12-15 00:45:00,27.481
6117,2023-12-15 01:00:00,27.4685
6118,2023-12-15 01:15:00,27.4685
6119,2023-12-15 01:30:00,27.4435
6120,2023-12-15 01:45:00,27.431
6121,2023-12-15 02:00:00,27.419
6122,2023-12-15 02:15:00,27.3945
6123,2023-12-15 02:30:00,27.3945
6124,2023-12-15 02:45:00,27.37
6125,2023-12-15 03:00:00,27.358
6126,2023-12-15 03:15:00,27.358
6127,2023-12-15 03:30:00,27.382
6128,2023-12-15 03:45:00,27.407
6129,2023-12-15 04:00:00,27.3945
6130,2023-12-15 04:15:00,27.3945
6131,2023-12-15 04:30:00,27.3945
6132,2023-12-15 04:45:00,27.3945
6133,2023-12-15 05:00:00,27.382
6134,2023-12-15 05:15:00,27.37
6135,2023-12-15 05:30:00,27.3455
6136,2023-12-15 05:45:00,27.3455
6137,2023-12-15 06:00:00,27.358
6138,2023-12-15 06:15:00,27.382
6139,2023-12-15 06:30:00,27.3945
6140,2023-12-15 06:45:00,27.407
6141,2023-12-15 07:00:00,27.407
6142,2023-12-15 07:15:00,27.407
6143,2023-12-15 07:30:00,27.407
6144,2023-12-15 07:45:00,27.419
6145,2023-12-15 08:00:00,27.431
6146,2023-12-15 08:15:00,27.4685
6147,2023-12-15 08:30:00,27.5915
6148,2023-12-15 08:45:00,27.616
6149,2023-12-15 09:00:00,27.616
6150,2023-12-15 09:15:00,27.604
6151,2023-12-15 09:30:00,27.616
6152,2023-12-15 09:45:00,27.6405
6153,2023-12-15 10:00:00,27.6405
6154,2023-12-15 10:15:00,27.6405
6155,2023-12-15 10:30:00,27.628
6156,2023-12-15 10:45:00,27.653
6157,2023-12-15 11:00:00,27.665
6158,2023-12-15 11:15:00,27.665
6159,2023-12-15 11:30:00,27.6405
6160,2023-12-15 11:45:00,27.628
6161,2023-12-15 12:00:00,27.6405
6162,2023-12-15 12:15:00,27.6405
6163,2023-12-15 12:30:00,27.628
6164,2023-12-15 12:45:00,27.6405
6165,2023-12-15 13:00:00,27.616
6166,2023-12-15 13:15:00,27.616
6167,2023-12-15 13:30:00,27.628
6168,2023-12-15 13:45:00,27.6405
6169,2023-12-15 14:00:00,27.665
6170,2023-12-15 14:15:00,27.665
6171,2023-12-15 14:30:00,27.653
6172,2023-12-15 14:45:00,27.665
6173,2023-12-15 15:00:00,27.665
6174,2023-12-15 15:15:00,27.665
6175,2023-12-15 15:30:00,27.665
6176,2023-12-15 15:45:00,27.677
6177,2023-12-15 16:00:00,27.665
6178,2023-12-15 16:15:00,27.665
6179,2023-12-15 16:30:00,27.653
6180,2023-12-15 16:45:00,27.665
6181,2023-12-15 17:00:00,27.665
6182,2023-12-15 17:15:00,27.665
6183,2023-12-15 17:30:00,27.6405
6184,2023-12-15 17:45:00,27.616
6185,2023-12-15 18:00:00,27.616
6186,2023-12-15 18:15:00,27.616
6187,2023-12-15 18:30:00,27.616
6188,2023-12-15 18:45:00,27.665
6189,2023-12-15 19:00:00,27.6895
6190,2023-12-15 19:15:00,27.7145
6191,2023-12-15 19:30:00,27.7145
6192,2023-12-15 19:45:00,27.702
6193,2023-12-15 20:00:00,27.6895
6194,2023-12-15 20:15:00,27.677
6195,2023-12-15 20:30:00,27.653
6196,2023-12-15 20:45:00,27.6405
6197,2023-12-15 21:00:00,27.628
6198,2023-12-15 21:15:00,27.616
6199,2023-12-15 21:30:00,27.5915
6200,2023-12-15 21:45:00,27.5175
6201,2023-12-15 22:00:00,27.505
6202,2023-12-15 22:15:00,27.4685
6203,2023-12-15 22:30:00,27.4435
6204,2023-12-15 22:45:00,27.456000000000003
6205,2023-12-15 23:00:00,27.456000000000003
6206,2023-12-15 23:15:00,27.456000000000003
6207,2023-12-15 23:30:00,27.4685
6208,2023-12-15 23:45:00,27.4685
6209,2023-12-16 00:00:00,27.4685
6210,2023-12-16 00:15:00,27.4685
6211,2023-12-16 00:30:00,27.431
6212,2023-12-16 00:45:00,27.407
6213,2023-12-16 01:00:00,27.3825
6214,2023-12-16 01:15:00,27.3825
6215,2023-12-16 01:30:00,27.321
6216,2023-12-16 01:45:00,27.2595
6217,2023-12-16 02:00:00,27.2225
6218,2023-12-16 02:15:00,27.2105
6219,2023-12-16 02:30:00,27.2225
6220,2023-12-16 02:45:00,27.235
6221,2023-12-16 03:00:00,27.235
6222,2023-12-16 03:15:00,27.247
6223,2023-12-16 03:30:00,27.247
6224,2023-12-16 03:45:00,27.247
6225,2023-12-16 04:00:00,27.2345
6226,2023-12-16 04:15:00,27.2105
6227,2023-12-16 04:30:00,27.1735
6228,2023-12-16 04:45:00,27.1735
6229,2023-12-16 05:00:00,27.198
6230,2023-12-16 05:15:00,27.21
6231,2023-12-16 05:30:00,27.21
6232,2023-12-16 05:45:00,27.21
6233,2023-12-16 06:00:00,27.235
6234,2023-12-16 06:15:00,27.259
6235,2023-12-16 06:30:00,27.259
6236,2023-12-16 06:45:00,27.259
6237,2023-12-16 07:00:00,27.2715
6238,2023-12-16 07:15:00,27.296
6239,2023-12-16 07:30:00,27.3205
6240,2023-12-16 07:45:00,27.333
6241,2023-12-16 08:00:00,27.3455
6242,2023-12-16 08:15:00,27.37
6243,2023-12-16 08:30:00,27.407
6244,2023-12-16 08:45:00,27.419
6245,2023-12-16 09:00:00,27.419
6246,2023-12-16 09:15:00,27.431
6247,2023-12-16 09:30:00,27.456
6248,2023-12-16 09:45:00,27.456
6249,2023-12-16 10:00:00,27.481
6250,2023-12-16 10:15:00,27.505
6251,2023-12-16 10:30:00,27.505
6252,2023-12-16 10:45:00,27.53
6253,2023-12-16 11:00:00,27.5175
6254,2023-12-16 11:15:00,27.542
6255,2023-12-16 11:30:00,27.542
6256,2023-12-16 11:45:00,27.579
6257,2023-12-16 12:00:00,27.579
6258,2023-12-16 12:15:00,27.579
6259,2023-12-16 12:30:00,27.604
6260,2023-12-16 12:45:00,27.6405
6261,2023-12-16 13:00:00,27.665
6262,2023-12-16 13:15:00,27.665
6263,2023-12-16 13:30:00,27.665
6264,2023-12-16 13:45:00,27.6895
6265,2023-12-16 14:00:00,27.6895
6266,2023-12-16 14:15:00,27.7145
6267,2023-12-16 14:30:00,27.6895
6268,2023-12-16 14:45:00,27.6895
6269,2023-12-16 15:00:00,27.6895
6270,2023-12-16 15:15:00,27.6895
6271,2023-12-16 15:30:00,27.7145
6272,2023-12-16 15:45:00,27.6895
6273,2023-12-16 16:00:00,27.665
6274,2023-12-16 16:15:00,27.653
6275,2023-12-16 16:30:00,27.6405
6276,2023-12-16 16:45:00,27.6405
6277,2023-12-16 17:00:00,27.6405
6278,2023-12-16 17:15:00,27.628
6279,2023-12-16 17:30:00,27.604
6280,2023-12-16 17:45:00,27.604
6281,2023-12-16 18:00:00,27.604
6282,2023-12-16 18:15:00,27.5915
6283,2023-12-16 18:30:00,27.5915
6284,2023-12-16 18:45:00,27.5915
6285,2023-12-16 19:00:00,27.5915
6286,2023-12-16 19:15:00,27.5915
6287,2023-12-16 19:30:00,27.5915
6288,2023-12-16 19:45:00,27.604
6289,2023-12-16 20:00:00,27.616
6290,2023-12-16 20:15:00,27.616
6291,2023-12-16 20:30:00,27.616
6292,2023-12-16 20:45:00,27.616
6293,2023-12-16 21:00:00,27.616
6294,2023-12-16 21:15:00,27.616
6295,2023-12-16 21:30:00,27.616
6296,2023-12-16 21:45:00,27.616
6297,2023-12-16 22:00:00,27.616
6298,2023-12-16 22:15:00,27.616
6299,2023-12-16 22:30:00,27.604
6300,2023-12-16 22:45:00,27.579
6301,2023-12-16 23:00:00,27.542
6302,2023-12-16 23:15:00,27.5175
6303,2023-12-16 23:30:00,27.5175
6304,2023-12-16 23:45:00,27.5295
6305,2023-12-17 00:00:00,27.5175
6306,2023-12-17 00:15:00,27.493
6307,2023-12-17 00:30:00,27.493
6308,2023-12-17 00:45:00,27.493
6309,2023-12-17 01:00:00,27.4685
6310,2023-12-17 01:15:00,27.4685
6311,2023-12-17 01:30:00,27.4435
6312,2023-12-17 01:45:00,27.419
6313,2023-12-17 02:00:00,27.419
6314,2023-12-17 02:15:00,27.407
6315,2023-12-17 02:30:00,27.3945
6316,2023-12-17 02:45:00,27.37
6317,2023-12-17 03:00:00,27.37
6318,2023-12-17 03:15:00,27.358
6319,2023-12-17 03:30:00,27.358
6320,2023-12-17 03:45:00,27.37
6321,2023-12-17 04:00:00,27.37
6322,2023-12-17 04:15:00,27.37
6323,2023-12-17 04:30:00,27.37
6324,2023-12-17 04:45:00,27.358
6325,2023-12-17 05:00:00,27.358
6326,2023-12-17 05:15:00,27.3455
6327,2023-12-17 05:30:00,27.3205
6328,2023-12-17 05:45:00,27.308
6329,2023-12-17 06:00:00,27.296
6330,2023-12-17 06:15:00,27.308
6331,2023-12-17 06:30:00,27.333
6332,2023-12-17 06:45:00,27.3455
6333,2023-12-17 07:00:00,27.3455
6334,2023-12-17 07:15:00,27.333
6335,2023-12-17 07:30:00,27.3205
6336,2023-12-17 07:45:00,27.3205
6337,2023-12-17 08:00:00,27.296
6338,2023-12-17 08:15:00,27.2715
6339,2023-12-17 08:30:00,27.284
6340,2023-12-17 08:45:00,27.3205
6341,2023-12-17 09:00:00,27.3205
6342,2023-12-17 09:15:00,27.333
6343,2023-12-17 09:30:00,27.358
6344,2023-12-17 09:45:00,27.382
6345,2023-12-17 10:00:00,27.382
6346,2023-12-17 10:15:00,27.407
6347,2023-12-17 10:30:00,27.431
6348,2023-12-17 10:45:00,27.456
6349,2023-12-17 11:00:00,27.481
6350,2023-12-17 11:15:00,27.4685
6351,2023-12-17 11:30:00,27.4685
6352,2023-12-17 11:45:00,27.481
6353,2023-12-17 12:00:00,27.493
6354,2023-12-17 12:15:00,27.5175
6355,2023-12-17 12:30:00,27.542
6356,2023-12-17 12:45:00,27.542
6357,2023-12-17 13:00:00,27.5915
6358,2023-12-17 13:15:00,27.5915
6359,2023-12-17 13:30:00,27.6285
6360,2023-12-17 13:45:00,27.6525
6361,2023-12-17 14:00:00,27.665
6362,2023-12-17 14:15:00,27.665
6363,2023-12-17 14:30:00,27.665
6364,2023-12-17 14:45:00,27.665
6365,2023-12-17 15:00:00,27.6525
6366,2023-12-17 15:15:00,27.6405
6367,2023-12-17 15:30:00,27.6405
6368,2023-12-17 15:45:00,27.6405
6369,2023-12-17 16:00:00,27.6405
6370,2023-12-17 16:15:00,27.6405
6371,2023-12-17 16:30:00,27.6405
6372,2023-12-17 16:45:00,27.628
6373,2023-12-17 17:00:00,27.628
6374,2023-12-17 17:15:00,27.628
6375,2023-12-17 17:30:00,27.616
6376,2023-12-17 17:45:00,27.604
6377,2023-12-17 18:00:00,27.579
6378,2023-12-17 18:15:00,27.579
6379,2023-12-17 18:30:00,27.579
6380,2023-12-17 18:45:00,27.5665
6381,2023-12-17 19:00:00,27.5665
6382,2023-12-17 19:15:00,27.5665
6383,2023-12-17 19:30:00,27.554
6384,2023-12-17 19:45:00,27.554
6385,2023-12-17 20:00:00,27.542
6386,2023-12-17 20:15:00,27.542
6387,2023-12-17 20:30:00,27.542
6388,2023-12-17 20:45:00,27.53
6389,2023-12-17 21:00:00,27.53
6390,2023-12-17 21:15:00,27.542
6391,2023-12-17 21:30:00,27.542
6392,2023-12-17 21:45:00,27.5175
6393,2023-12-17 22:00:00,27.505
6394,2023-12-17 22:15:00,27.505
6395,2023-12-17 22:30:00,27.493
6396,2023-12-17 22:45:00,27.481
6397,2023-12-17 23:00:00,27.4435
6398,2023-12-17 23:15:00,27.37
6399,2023-12-17 23:30:00,27.358
6400,2023-12-17 23:45:00,27.3455
6401,2023-12-18 00:00:00,27.333
6402,2023-12-18 00:15:00,27.3455
6403,2023-12-18 00:30:00,27.358
6404,2023-12-18 00:45:00,27.3455
6405,2023-12-18 01:00:00,27.3205
6406,2023-12-18 01:15:00,27.296
6407,2023-12-18 01:30:00,27.3205
6408,2023-12-18 01:45:00,27.3205
6409,2023-12-18 02:00:00,27.3205
6410,2023-12-18 02:15:00,27.308
6411,2023-12-18 02:30:00,27.296
6412,2023-12-18 02:45:00,27.296
6413,2023-12-18 03:00:00,27.296
6414,2023-12-18 03:15:00,27.296
6415,2023-12-18 03:30:00,27.296
6416,2023-12-18 03:45:00,27.284
6417,2023-12-18 04:00:00,27.2715
6418,2023-12-18 04:15:00,27.2715
6419,2023-12-18 04:30:00,27.247
6420,2023-12-18 04:45:00,27.247
6421,2023-12-18 05:00:00,27.235
6422,2023-12-18 05:15:00,27.2225
6423,2023-12-18 05:30:00,27.21
6424,2023-12-18 05:45:00,27.186
6425,2023-12-18 06:00:00,27.1735
6426,2023-12-18 06:15:00,27.161
6427,2023-12-18 06:30:00,27.1485
6428,2023-12-18 06:45:00,27.1485
6429,2023-12-18 07:00:00,27.161
6430,2023-12-18 07:15:00,27.1735
6431,2023-12-18 07:30:00,27.186
6432,2023-12-18 07:45:00,27.198
6433,2023-12-18 08:00:00,27.198
6434,2023-12-18 08:15:00,27.198
6435,2023-12-18 08:30:00,27.21
6436,2023-12-18 08:45:00,27.235
6437,2023-12-18 09:00:00,27.247
6438,2023-12-18 09:15:00,27.259
6439,2023-12-18 09:30:00,27.259
6440,2023-12-18 09:45:00,27.308
6441,2023-12-18 10:00:00,27.3455
6442,2023-12-18 10:15:00,27.3575
6443,2023-12-18 10:30:00,27.3945
6444,2023-12-18 10:45:00,27.419
6445,2023-12-18 11:00:00,27.4685
6446,2023-12-18 11:15:00,27.5175
6447,2023-12-18 11:30:00,27.542
6448,2023-12-18 11:45:00,27.5175
6449,2023-12-18 12:00:00,27.542
6450,2023-12-18 12:15:00,27.5915
6451,2023-12-18 12:30:00,27.616
6452,2023-12-18 12:45:00,27.616
6453,2023-12-18 13:00:00,27.6285
6454,2023-12-18 13:15:00,27.628
6455,2023-12-18 13:30:00,27.6405
6456,2023-12-18 13:45:00,27.665
6457,2023-12-18 14:00:00,27.665
6458,2023-12-18 14:15:00,27.665
6459,2023-12-18 14:30:00,27.677
6460,2023-12-18 14:45:00,27.6895
6461,2023-12-18 15:00:00,27.6895
6462,2023-12-18 15:15:00,27.677
6463,2023-12-18 15:30:00,27.665
6464,2023-12-18 15:45:00,27.6405
6465,2023-12-18 16:00:00,27.6405
6466,2023-12-18 16:15:00,27.628
6467,2023-12-18 16:30:00,27.616
6468,2023-12-18 16:45:00,27.604
6469,2023-12-18 17:00:00,27.5915
6470,2023-12-18 17:15:00,27.579
6471,2023-12-18 17:30:00,27.5665
6472,2023-12-18 17:45:00,27.5665
6473,2023-12-18 18:00:00,27.542
6474,2023-12-18 18:15:00,27.542
6475,2023-12-18 18:30:00,27.53
6476,2023-12-18 18:45:00,27.5175
6477,2023-12-18 19:00:00,27.505
6478,2023-12-18 19:15:00,27.493
6479,2023-12-18 19:30:00,27.493
6480,2023-12-18 19:45:00,27.481
6481,2023-12-18 20:00:00,27.481
6482,2023-12-18 20:15:00,27.481
6483,2023-12-18 20:30:00,27.493
6484,2023-12-18 20:45:00,27.493
6485,2023-12-18 21:00:00,27.493
6486,2023-12-18 21:15:00,27.493
6487,2023-12-18 21:30:00,27.493
6488,2023-12-18 21:45:00,27.493
6489,2023-12-18 22:00:00,27.4685
6490,2023-12-18 22:15:00,27.4685
6491,2023-12-18 22:30:00,27.481
6492,2023-12-18 22:45:00,27.493
6493,2023-12-18 23:00:00,27.5175
6494,2023-12-18 23:15:00,27.5175
6495,2023-12-18 23:30:00,27.5175
6496,2023-12-18 23:45:00,27.5175
6497,2023-12-19 00:00:00,27.5175
6498,2023-12-19 00:15:00,27.5175
6499,2023-12-19 00:30:00,27.493
6500,2023-12-19 00:45:00,27.4685
6501,2023-12-19 01:00:00,27.4435
6502,2023-12-19 01:15:00,27.431
6503,2023-12-19 01:30:00,27.431
6504,2023-12-19 01:45:00,27.419
6505,2023-12-19 02:00:00,27.419
6506,2023-12-19 02:15:00,27.431
6507,2023-12-19 02:30:00,27.419
6508,2023-12-19 02:45:00,27.419
6509,2023-12-19 03:00:00,27.407
6510,2023-12-19 03:15:00,27.382
6511,2023-12-19 03:30:00,27.358
6512,2023-12-19 03:45:00,27.333
6513,2023-12-19 04:00:00,27.333
6514,2023-12-19 04:15:00,27.333
6515,2023-12-19 04:30:00,27.333
6516,2023-12-19 04:45:00,27.308
6517,2023-12-19 05:00:00,27.259
6518,2023-12-19 05:15:00,27.198
6519,2023-12-19 05:30:00,27.1735
6520,2023-12-19 05:45:00,27.1735
6521,2023-12-19 06:00:00,27.1735
6522,2023-12-19 06:15:00,27.1735
6523,2023-12-19 06:30:00,27.2105
6524,2023-12-19 06:45:00,27.2345
6525,2023-12-19 07:00:00,27.2595
6526,2023-12-19 07:15:00,27.2965
6527,2023-12-19 07:30:00,27.2965
6528,2023-12-19 07:45:00,27.247
6529,2023-12-19 08:00:00,27.247
6530,2023-12-19 08:15:00,27.247
6531,2023-12-19 08:30:00,27.247
6532,2023-12-19 08:45:00,27.247
6533,2023-12-19 09:00:00,27.259
6534,2023-12-19 09:15:00,27.2715
6535,2023-12-19 09:30:00,27.284
6536,2023-12-19 09:45:00,27.308
6537,2023-12-19 10:00:00,27.3455
6538,2023-12-19 10:15:00,27.4435
6539,2023-12-19 10:30:00,27.481
6540,2023-12-19 10:45:00,27.505
6541,2023-12-19 11:00:00,27.505
6542,2023-12-19 11:15:00,27.505
6543,2023-12-19 11:30:00,27.53
6544,2023-12-19 11:45:00,27.5175
6545,2023-12-19 12:00:00,27.53
6546,2023-12-19 12:15:00,27.53
6547,2023-12-19 12:30:00,27.481
6548,2023-12-19 12:45:00,27.493
6549,2023-12-19 13:00:00,27.5175
6550,2023-12-19 13:15:00,27.505
6551,2023-12-19 13:30:00,27.5175
6552,2023-12-19 13:45:00,27.505
6553,2023-12-19 14:00:00,27.5175
6554,2023-12-19 14:15:00,27.5175
6555,2023-12-19 14:30:00,27.505
6556,2023-12-19 14:45:00,27.5175
6557,2023-12-19 15:00:00,27.53
6558,2023-12-19 15:15:00,27.53
6559,2023-12-19 15:30:00,27.542
6560,2023-12-19 15:45:00,27.542
6561,2023-12-19 16:00:00,27.5665
6562,2023-12-19 16:15:00,27.554
6563,2023-12-19 16:30:00,27.554
6564,2023-12-19 16:45:00,27.542
6565,2023-12-19 17:00:00,27.542
6566,2023-12-19 17:15:00,27.53
6567,2023-12-19 17:30:00,27.53
6568,2023-12-19 17:45:00,27.505
6569,2023-12-19 18:00:00,27.505
6570,2023-12-19 18:15:00,27.493
6571,2023-12-19 18:30:00,27.493
6572,2023-12-19 18:45:00,27.493
6573,2023-12-19 19:00:00,27.481
6574,2023-12-19 19:15:00,27.4685
6575,2023-12-19 19:30:00,27.456
6576,2023-12-19 19:45:00,27.4435
6577,2023-12-19 20:00:00,27.4435
6578,2023-12-19 20:15:00,27.4435
6579,2023-12-19 20:30:00,27.4435
6580,2023-12-19 20:45:00,27.431
6581,2023-12-19 21:00:00,27.4435
6582,2023-12-19 21:15:00,27.431
6583,2023-12-19 21:30:00,27.4435
6584,2023-12-19 21:45:00,27.4435
6585,2023-12-19 22:00:00,27.431
6586,2023-12-19 22:15:00,27.4435
6587,2023-12-19 22:30:00,27.4435
6588,2023-12-19 22:45:00,27.4435
6589,2023-12-19 23:00:00,27.4435
6590,2023-12-19 23:15:00,27.4435
6591,2023-12-19 23:30:00,27.4435
6592,2023-12-19 23:45:00,27.419
6593,2023-12-20 00:00:00,27.3945
6594,2023-12-20 00:15:00,27.3945
6595,2023-12-20 00:30:00,27.407
6596,2023-12-20 00:45:00,27.407
6597,2023-12-20 01:00:00,27.407
6598,2023-12-20 01:15:00,27.3945
6599,2023-12-20 01:30:00,27.3945
6600,2023-12-20 01:45:00,27.37
6601,2023-12-20 02:00:00,27.37
6602,2023-12-20 02:15:00,27.37
6603,2023-12-20 02:30:00,27.333
6604,2023-12-20 02:45:00,27.3205
6605,2023-12-20 03:00:00,27.3205
6606,2023-12-20 03:15:00,27.3205
6607,2023-12-20 03:30:00,27.296
6608,2023-12-20 03:45:00,27.296
6609,2023-12-20 04:00:00,27.296
6610,2023-12-20 04:15:00,27.296
6611,2023-12-20 04:30:00,27.321
6612,2023-12-20 04:45:00,27.3455
6613,2023-12-20 05:00:00,27.3455
6614,2023-12-20 05:15:00,27.3455
6615,2023-12-20 05:30:00,27.358
6616,2023-12-20 05:45:00,27.3455
6617,2023-12-20 06:00:00,27.3455
6618,2023-12-20 06:15:00,27.3085
6619,2023-12-20 06:30:00,27.272
6620,2023-12-20 06:45:00,27.284
6621,2023-12-20 07:00:00,27.284
6622,2023-12-20 07:15:00,27.296
6623,2023-12-20 07:30:00,27.3085
6624,2023-12-20 07:45:00,27.3335
6625,2023-12-20 08:00:00,27.320500000000003
6626,2023-12-20 08:15:00,27.2715
6627,2023-12-20 08:30:00,27.3945
6628,2023-12-20 08:45:00,27.493
6629,2023-12-20 09:00:00,27.5055
6630,2023-12-20 09:15:00,27.5175
6631,2023-12-20 09:30:00,27.53
6632,2023-12-20 09:45:00,27.554
6633,2023-12-20 10:00:00,27.542
6634,2023-12-20 10:15:00,27.5665
6635,2023-12-20 10:30:00,27.579
6636,2023-12-20 10:45:00,27.554
6637,2023-12-20 11:00:00,27.554
6638,2023-12-20 11:15:00,27.554
6639,2023-12-20 11:30:00,27.53
6640,2023-12-20 11:45:00,27.554
6641,2023-12-20 12:00:00,27.5665
6642,2023-12-20 12:15:00,27.579
6643,2023-12-20 12:30:00,27.5915
6644,2023-12-20 12:45:00,27.5915
6645,2023-12-20 13:00:00,27.5915
6646,2023-12-20 13:15:00,27.5915
6647,2023-12-20 13:30:00,27.604
6648,2023-12-20 13:45:00,27.616
6649,2023-12-20 14:00:00,27.628
6650,2023-12-20 14:15:00,27.6405
6651,2023-12-20 14:30:00,27.665
6652,2023-12-20 14:45:00,27.677
6653,2023-12-20 15:00:00,27.665
6654,2023-12-20 15:15:00,27.677
6655,2023-12-20 15:30:00,27.677
6656,2023-12-20 15:45:00,27.677
6657,2023-12-20 16:00:00,27.677
6658,2023-12-20 16:15:00,27.6895
6659,2023-12-20 16:30:00,27.6895
6660,2023-12-20 16:45:00,27.6895
6661,2023-12-20 17:00:00,27.677
6662,2023-12-20 17:15:00,27.665
6663,2023-12-20 17:30:00,27.616
6664,2023-12-20 17:45:00,27.579
6665,2023-12-20 18:00:00,27.5915
6666,2023-12-20 18:15:00,27.579
6667,2023-12-20 18:30:00,27.554
6668,2023-12-20 18:45:00,27.554
6669,2023-12-20 19:00:00,27.542
6670,2023-12-20 19:15:00,27.53
6671,2023-12-20 19:30:00,27.542
6672,2023-12-20 19:45:00,27.542
6673,2023-12-20 20:00:00,27.542
6674,2023-12-20 20:15:00,27.542
6675,2023-12-20 20:30:00,27.542
6676,2023-12-20 20:45:00,27.5665
6677,2023-12-20 21:00:00,27.53
6678,2023-12-20 21:15:00,27.5175
6679,2023-12-20 21:30:00,27.5175
6680,2023-12-20 21:45:00,27.5175
6681,2023-12-20 22:00:00,27.5175
6682,2023-12-20 22:15:00,27.5175
6683,2023-12-20 22:30:00,27.5175
6684,2023-12-20 22:45:00,27.5175
6685,2023-12-20 23:00:00,27.5175
6686,2023-12-20 23:15:00,27.5175
6687,2023-12-20 23:30:00,27.5175
6688,2023-12-20 23:45:00,27.5175
6689,2023-12-21 00:00:00,27.505
6690,2023-12-21 00:15:00,27.4685
6691,2023-12-21 00:30:00,27.456
6692,2023-12-21 00:45:00,27.431
6693,2023-12-21 01:00:00,27.431
6694,2023-12-21 01:15:00,27.431
6695,2023-12-21 01:30:00,27.4435
6696,2023-12-21 01:45:00,27.4435
6697,2023-12-21 02:00:00,27.4065
6698,2023-12-21 02:15:00,27.3455
6699,2023-12-21 02:30:00,27.3455
6700,2023-12-21 02:45:00,27.3455
6701,2023-12-21 03:00:00,27.333
6702,2023-12-21 03:15:00,27.3205
6703,2023-12-21 03:30:00,27.3205
6704,2023-12-21 03:45:00,27.308
6705,2023-12-21 04:00:00,27.296
6706,2023-12-21 04:15:00,27.296
6707,2023-12-21 04:30:00,27.284
6708,2023-12-21 04:45:00,27.259
6709,2023-12-21 05:00:00,27.247
6710,2023-12-21 05:15:00,27.235
6711,2023-12-21 05:30:00,27.2225
6712,2023-12-21 05:45:00,27.198
6713,2023-12-21 06:00:00,27.186
6714,2023-12-21 06:15:00,27.186
6715,2023-12-21 06:30:00,27.186
6716,2023-12-21 06:45:00,27.186
6717,2023-12-21 07:00:00,27.186
6718,2023-12-21 07:15:00,27.186
6719,2023-12-21 07:30:00,27.186
6720,2023-12-21 07:45:00,27.198
6721,2023-12-21 08:00:00,27.2225
6722,2023-12-21 08:15:00,27.296
6723,2023-12-21 08:30:00,27.3205
6724,2023-12-21 08:45:00,27.3455
6725,2023-12-21 09:00:00,27.3455
6726,2023-12-21 09:15:00,27.382
6727,2023-12-21 09:30:00,27.493
6728,2023-12-21 09:45:00,27.542
6729,2023-12-21 10:00:00,27.542
6730,2023-12-21 10:15:00,27.542
6731,2023-12-21 10:30:00,27.579
6732,2023-12-21 10:45:00,27.579
6733,2023-12-21 11:00:00,27.604
6734,2023-12-21 11:15:00,27.604
6735,2023-12-21 11:30:00,27.579
6736,2023-12-21 11:45:00,27.604
6737,2023-12-21 12:00:00,27.579
6738,2023-12-21 12:15:00,27.604
6739,2023-12-21 12:30:00,27.616
6740,2023-12-21 12:45:00,27.5665
6741,2023-12-21 13:00:00,27.5665
6742,2023-12-21 13:15:00,27.542
6743,2023-12-21 13:30:00,27.542
6744,2023-12-21 13:45:00,27.542
6745,2023-12-21 14:00:00,27.53
6746,2023-12-21 14:15:00,27.542
6747,2023-12-21 14:30:00,27.542
6748,2023-12-21 14:45:00,27.5665
6749,2023-12-21 15:00:00,27.5915
6750,2023-12-21 15:15:00,27.6405
6751,2023-12-21 15:30:00,27.6405
6752,2023-12-21 15:45:00,27.6405
6753,2023-12-21 16:00:00,27.616
6754,2023-12-21 16:15:00,27.616
6755,2023-12-21 16:30:00,27.628
6756,2023-12-21 16:45:00,27.628
6757,2023-12-21 17:00:00,27.628
6758,2023-12-21 17:15:00,27.628
6759,2023-12-21 17:30:00,27.628
6760,2023-12-21 17:45:00,27.628
6761,2023-12-21 18:00:00,27.6405
6762,2023-12-21 18:15:00,27.6405
6763,2023-12-21 18:30:00,27.653
6764,2023-12-21 18:45:00,27.653
6765,2023-12-21 19:00:00,27.653
6766,2023-12-21 19:15:00,27.6405
6767,2023-12-21 19:30:00,27.616
6768,2023-12-21 19:45:00,27.616
6769,2023-12-21 20:00:00,27.604
6770,2023-12-21 20:15:00,27.604
6771,2023-12-21 20:30:00,27.5915
6772,2023-12-21 20:45:00,27.579
6773,2023-12-21 21:00:00,27.5665
6774,2023-12-21 21:15:00,27.554
6775,2023-12-21 21:30:00,27.542
6776,2023-12-21 21:45:00,27.542
6777,2023-12-21 22:00:00,27.542
6778,2023-12-21 22:15:00,27.542
6779,2023-12-21 22:30:00,27.542
6780,2023-12-21 22:45:00,27.542
6781,2023-12-21 23:00:00,27.542
6782,2023-12-21 23:15:00,27.542
6783,2023-12-21 23:30:00,27.542
6784,2023-12-21 23:45:00,27.542
6785,2023-12-22 00:00:00,27.542
6786,2023-12-22 00:15:00,27.542
6787,2023-12-22 00:30:00,27.542
6788,2023-12-22 00:45:00,27.542
6789,2023-12-22 01:00:00,27.542
6790,2023-12-22 01:15:00,27.542
6791,2023-12-22 01:30:00,27.542
6792,2023-12-22 01:45:00,27.53
6793,2023-12-22 02:00:00,27.5175
6794,2023-12-22 02:15:00,27.5175
6795,2023-12-22 02:30:00,27.5175
6796,2023-12-22 02:45:00,27.493
6797,2023-12-22 03:00:00,27.481
6798,2023-12-22 03:15:00,27.456
6799,2023-12-22 03:30:00,27.431
6800,2023-12-22 03:45:00,27.431
6801,2023-12-22 04:00:00,27.431
6802,2023-12-22 04:15:00,27.419
6803,2023-12-22 04:30:00,27.419
6804,2023-12-22 04:45:00,27.3945
6805,2023-12-22 05:00:00,27.37
6806,2023-12-22 05:15:00,27.3455
6807,2023-12-22 05:30:00,27.3455
6808,2023-12-22 05:45:00,27.3455
6809,2023-12-22 06:00:00,27.3455
6810,2023-12-22 06:15:00,27.333
6811,2023-12-22 06:30:00,27.333
6812,2023-12-22 06:45:00,27.3455
6813,2023-12-22 07:00:00,27.333
6814,2023-12-22 07:15:00,27.3205
6815,2023-12-22 07:30:00,27.333
6816,2023-12-22 07:45:00,27.333
6817,2023-12-22 08:00:00,27.3455
6818,2023-12-22 08:15:00,27.3455
6819,2023-12-22 08:30:00,27.3455
6820,2023-12-22 08:45:00,27.37
6821,2023-12-22 09:00:00,27.456000000000003
6822,2023-12-22 09:15:00,27.493
6823,2023-12-22 09:30:00,27.493
6824,2023-12-22 09:45:00,27.5055
6825,2023-12-22 10:00:00,27.493
6826,2023-12-22 10:15:00,27.481
6827,2023-12-22 10:30:00,27.5175
6828,2023-12-22 10:45:00,27.4805
6829,2023-12-22 11:00:00,27.4685
6830,2023-12-22 11:15:00,27.5055
6831,2023-12-22 11:30:00,27.4805
6832,2023-12-22 11:45:00,27.4685
6833,2023-12-22 12:00:00,27.481
6834,2023-12-22 12:15:00,27.493
6835,2023-12-22 12:30:00,27.5175
6836,2023-12-22 12:45:00,27.493
6837,2023-12-22 13:00:00,27.493
6838,2023-12-22 13:15:00,27.481
6839,2023-12-22 13:30:00,27.4685
6840,2023-12-22 13:45:00,27.481
6841,2023-12-22 14:00:00,27.493
6842,2023-12-22 14:15:00,27.53
6843,2023-12-22 14:30:00,27.542
6844,2023-12-22 14:45:00,27.53
6845,2023-12-22 15:00:00,27.554
6846,2023-12-22 15:15:00,27.542
6847,2023-12-22 15:30:00,27.5545
6848,2023-12-22 15:45:00,27.5665
6849,2023-12-22 16:00:00,27.5665
6850,2023-12-22 16:15:00,27.5665
6851,2023-12-22 16:30:00,27.5665
6852,2023-12-22 16:45:00,27.579
6853,2023-12-22 17:00:00,27.579
6854,2023-12-22 17:15:00,27.5915
6855,2023-12-22 17:30:00,27.5915
6856,2023-12-22 17:45:00,27.579
6857,2023-12-22 18:00:00,27.579
6858,2023-12-22 18:15:00,27.579
6859,2023-12-22 18:30:00,27.5665
6860,2023-12-22 18:45:00,27.554
6861,2023-12-22 19:00:00,27.554
6862,2023-12-22 19:15:00,27.542
6863,2023-12-22 19:30:00,27.53
6864,2023-12-22 19:45:00,27.5175
6865,2023-12-22 20:00:00,27.5175
6866,2023-12-22 20:15:00,27.505
6867,2023-12-22 20:30:00,27.493
6868,2023-12-22 20:45:00,27.493
6869,2023-12-22 21:00:00,27.493
6870,2023-12-22 21:15:00,27.4685
6871,2023-12-22 21:30:00,27.4685
6872,2023-12-22 21:45:00,27.4685
6873,2023-12-22 22:00:00,27.4685
6874,2023-12-22 22:15:00,27.4685
6875,2023-12-22 22:30:00,27.4685
6876,2023-12-22 22:45:00,27.456
6877,2023-12-22 23:00:00,27.4435
6878,2023-12-22 23:15:00,27.4435
6879,2023-12-22 23:30:00,27.4435
6880,2023-12-22 23:45:00,27.419
6881,2023-12-23 00:00:00,27.419
6882,2023-12-23 00:15:00,27.407
6883,2023-12-23 00:30:00,27.407
6884,2023-12-23 00:45:00,27.3945
6885,2023-12-23 01:00:00,27.3945
6886,2023-12-23 01:15:00,27.3945
6887,2023-12-23 01:30:00,27.3945
6888,2023-12-23 01:45:00,27.3945
6889,2023-12-23 02:00:00,27.3945
6890,2023-12-23 02:15:00,27.3945
6891,2023-12-23 02:30:00,27.4315
6892,2023-12-23 02:45:00,27.4435
6893,2023-12-23 03:00:00,27.4685
6894,2023-12-23 03:15:00,27.4685
6895,2023-12-23 03:30:00,27.4685
6896,2023-12-23 03:45:00,27.456000000000003
6897,2023-12-23 04:00:00,27.419
6898,2023-12-23 04:15:00,27.3825
6899,2023-12-23 04:30:00,27.3455
6900,2023-12-23 04:45:00,27.3455
6901,2023-12-23 05:00:00,27.3455
6902,2023-12-23 05:15:00,27.3455
6903,2023-12-23 05:30:00,27.3205
6904,2023-12-23 05:45:00,27.296
6905,2023-12-23 06:00:00,27.2715
6906,2023-12-23 06:15:00,27.284
6907,2023-12-23 06:30:00,27.2715
6908,2023-12-23 06:45:00,27.2595
6909,2023-12-23 07:00:00,27.247
6910,2023-12-23 07:15:00,27.247
6911,2023-12-23 07:30:00,27.247
6912,2023-12-23 07:45:00,27.247
6913,2023-12-23 08:00:00,27.2715
6914,2023-12-23 08:15:00,27.2715
6915,2023-12-23 08:30:00,27.296
6916,2023-12-23 08:45:00,27.296
6917,2023-12-23 09:00:00,27.3205
6918,2023-12-23 09:15:00,27.3455
6919,2023-12-23 09:30:00,27.3455
6920,2023-12-23 09:45:00,27.37
6921,2023-12-23 10:00:00,27.382
6922,2023-12-23 10:15:00,27.3945
6923,2023-12-23 10:30:00,27.419
6924,2023-12-23 10:45:00,27.419
6925,2023-12-23 11:00:00,27.419
6926,2023-12-23 11:15:00,27.431
6927,2023-12-23 11:30:00,27.4685
6928,2023-12-23 11:45:00,27.5055
6929,2023-12-23 12:00:00,27.4685
6930,2023-12-23 12:15:00,27.419
6931,2023-12-23 12:30:00,27.4315
6932,2023-12-23 12:45:00,27.444000000000003
6933,2023-12-23 13:00:00,27.444000000000003
6934,2023-12-23 13:15:00,27.4315
6935,2023-12-23 13:30:00,27.4315
6936,2023-12-23 13:45:00,27.4435
6937,2023-12-23 14:00:00,27.4805
6938,2023-12-23 14:15:00,27.493
6939,2023-12-23 14:30:00,27.4805
6940,2023-12-23 14:45:00,27.493
6941,2023-12-23 15:00:00,27.5055
6942,2023-12-23 15:15:00,27.5055
6943,2023-12-23 15:30:00,27.5055
6944,2023-12-23 15:45:00,27.493
6945,2023-12-23 16:00:00,27.5175
6946,2023-12-23 16:15:00,27.5175
6947,2023-12-23 16:30:00,27.493
6948,2023-12-23 16:45:00,27.493
6949,2023-12-23 17:00:00,27.493
6950,2023-12-23 17:15:00,27.493
6951,2023-12-23 17:30:00,27.5175
6952,2023-12-23 17:45:00,27.5175
6953,2023-12-23 18:00:00,27.5175
6954,2023-12-23 18:15:00,27.5175
6955,2023-12-23 18:30:00,27.505
6956,2023-12-23 18:45:00,27.493
6957,2023-12-23 19:00:00,27.481
6958,2023-12-23 19:15:00,27.481
6959,2023-12-23 19:30:00,27.4685
6960,2023-12-23 19:45:00,27.4685
6961,2023-12-23 20:00:00,27.4435
6962,2023-12-23 20:15:00,27.4435
6963,2023-12-23 20:30:00,27.4435
6964,2023-12-23 20:45:00,27.4435
6965,2023-12-23 21:00:00,27.4435
6966,2023-12-23 21:15:00,27.4435
6967,2023-12-23 21:30:00,27.456
6968,2023-12-23 21:45:00,27.456
6969,2023-12-23 22:00:00,27.4685
6970,2023-12-23 22:15:00,27.4685
6971,2023-12-23 22:30:00,27.456
6972,2023-12-23 22:45:00,27.4435
6973,2023-12-23 23:00:00,27.4435
6974,2023-12-23 23:15:00,27.4435
6975,2023-12-23 23:30:00,27.4435
6976,2023-12-23 23:45:00,27.4435
6977,2023-12-24 00:00:00,27.4435
6978,2023-12-24 00:15:00,27.4435
6979,2023-12-24 00:30:00,27.4435
6980,2023-12-24 00:45:00,27.4315
6981,2023-12-24 01:00:00,27.4315
6982,2023-12-24 01:15:00,27.4315
6983,2023-12-24 01:30:00,27.4315
6984,2023-12-24 01:45:00,27.4065
6985,2023-12-24 02:00:00,27.4065
6986,2023-12-24 02:15:00,27.3945
6987,2023-12-24 02:30:00,27.3945
6988,2023-12-24 02:45:00,27.407
6989,2023-12-24 03:00:00,27.407
6990,2023-12-24 03:15:00,27.419
6991,2023-12-24 03:30:00,27.419
6992,2023-12-24 03:45:00,27.419
6993,2023-12-24 04:00:00,27.419
6994,2023-12-24 04:15:00,27.419
6995,2023-12-24 04:30:00,27.419
6996,2023-12-24 04:45:00,27.419
6997,2023-12-24 05:00:00,27.419
6998,2023-12-24 05:15:00,27.419
6999,2023-12-24 05:30:00,27.419
7000,2023-12-24 05:45:00,27.419
7001,2023-12-24 06:00:00,27.419
7002,2023-12-24 06:15:00,27.419
7003,2023-12-24 06:30:00,27.419
7004,2023-12-24 06:45:00,27.419
7005,2023-12-24 07:00:00,27.419
7006,2023-12-24 07:15:00,27.3945
7007,2023-12-24 07:30:00,27.37
7008,2023-12-24 07:45:00,27.37
7009,2023-12-24 08:00:00,27.37
7010,2023-12-24 08:15:00,27.3945
7011,2023-12-24 08:30:00,27.3945
7012,2023-12-24 08:45:00,27.3945
7013,2023-12-24 09:00:00,27.4065
7014,2023-12-24 09:15:00,27.4065
7015,2023-12-24 09:30:00,27.419
7016,2023-12-24 09:45:00,27.4435
7017,2023-12-24 10:00:00,27.456000000000003
7018,2023-12-24 10:15:00,27.4685
7019,2023-12-24 10:30:00,27.493
7020,2023-12-24 10:45:00,27.4805
7021,2023-12-24 11:00:00,27.456000000000003
7022,2023-12-24 11:15:00,27.4685
7023,2023-12-24 11:30:00,27.5055
7024,2023-12-24 11:45:00,27.5055
7025,2023-12-24 12:00:00,27.5295
7026,2023-12-24 12:15:00,27.5295
7027,2023-12-24 12:30:00,27.5295
7028,2023-12-24 12:45:00,27.493
7029,2023-12-24 13:00:00,27.5175
7030,2023-12-24 13:15:00,27.5175
7031,2023-12-24 13:30:00,27.5175
7032,2023-12-24 13:45:00,27.542
7033,2023-12-24 14:00:00,27.5545
7034,2023-12-24 14:15:00,27.53
7035,2023-12-24 14:30:00,27.542
7036,2023-12-24 14:45:00,27.5175
7037,2023-12-24 15:00:00,27.5175
7038,2023-12-24 15:15:00,27.5175
7039,2023-12-24 15:30:00,27.505
7040,2023-12-24 15:45:00,27.5175
7041,2023-12-24 16:00:00,27.505
7042,2023-12-24 16:15:00,27.505
7043,2023-12-24 16:30:00,27.505
7044,2023-12-24 16:45:00,27.5175
7045,2023-12-24 17:00:00,27.5175
7046,2023-12-24 17:15:00,27.5175
7047,2023-12-24 17:30:00,27.53
7048,2023-12-24 17:45:00,27.53
7049,2023-12-24 18:00:00,27.53
7050,2023-12-24 18:15:00,27.53
7051,2023-12-24 18:30:00,27.5175
7052,2023-12-24 18:45:00,27.5175
7053,2023-12-24 19:00:00,27.493
7054,2023-12-24 19:15:00,27.493
7055,2023-12-24 19:30:00,27.481
7056,2023-12-24 19:45:00,27.4685
7057,2023-12-24 20:00:00,27.481
7058,2023-12-24 20:15:00,27.493
7059,2023-12-24 20:30:00,27.493
7060,2023-12-24 20:45:00,27.493
7061,2023-12-24 21:00:00,27.493
7062,2023-12-24 21:15:00,27.493
7063,2023-12-24 21:30:00,27.5175
7064,2023-12-24 21:45:00,27.554
7065,2023-12-24 22:00:00,27.554
7066,2023-12-24 22:15:00,27.542
7067,2023-12-24 22:30:00,27.53
7068,2023-12-24 22:45:00,27.53
7069,2023-12-24 23:00:00,27.53
7070,2023-12-24 23:15:00,27.53
7071,2023-12-24 23:30:00,27.53
7072,2023-12-24 23:45:00,27.5175
7073,2023-12-25 00:00:00,27.5175
7074,2023-12-25 00:15:00,27.5175
7075,2023-12-25 00:30:00,27.5175
7076,2023-12-25 00:45:00,27.5175
7077,2023-12-25 01:00:00,27.5175
7078,2023-12-25 01:15:00,27.5175
7079,2023-12-25 01:30:00,27.493
7080,2023-12-25 01:45:00,27.493
7081,2023-12-25 02:00:00,27.493
7082,2023-12-25 02:15:00,27.493
7083,2023-12-25 02:30:00,27.4805
7084,2023-12-25 02:45:00,27.4685
7085,2023-12-25 03:00:00,27.456000000000003
7086,2023-12-25 03:15:00,27.4435
7087,2023-12-25 03:30:00,27.4315
7088,2023-12-25 03:45:00,27.419
7089,2023-12-25 04:00:00,27.419
7090,2023-12-25 04:15:00,27.4065
7091,2023-12-25 04:30:00,27.3945
7092,2023-12-25 04:45:00,27.382
7093,2023-12-25 05:00:00,27.3945
7094,2023-12-25 05:15:00,27.3945
7095,2023-12-25 05:30:00,27.3945
7096,2023-12-25 05:45:00,27.3945
7097,2023-12-25 06:00:00,27.3945
7098,2023-12-25 06:15:00,27.419
7099,2023-12-25 06:30:00,27.419
7100,2023-12-25 06:45:00,27.419
7101,2023-12-25 07:00:00,27.419
7102,2023-12-25 07:15:00,27.4065
7103,2023-12-25 07:30:00,27.4065
7104,2023-12-25 07:45:00,27.419
7105,2023-12-25 08:00:00,27.419
7106,2023-12-25 08:15:00,27.419
7107,2023-12-25 08:30:00,27.419
7108,2023-12-25 08:45:00,27.3945
7109,2023-12-25 09:00:00,27.3945
7110,2023-12-25 09:15:00,27.3945
7111,2023-12-25 09:30:00,27.419
7112,2023-12-25 09:45:00,27.419
7113,2023-12-25 10:00:00,27.419
7114,2023-12-25 10:15:00,27.419
7115,2023-12-25 10:30:00,27.419
7116,2023-12-25 10:45:00,27.4435
7117,2023-12-25 11:00:00,27.4805
7118,2023-12-25 11:15:00,27.5055
7119,2023-12-25 11:30:00,27.493
7120,2023-12-25 11:45:00,27.5175
7121,2023-12-25 12:00:00,27.5175
7122,2023-12-25 12:15:00,27.5055
7123,2023-12-25 12:30:00,27.542
7124,2023-12-25 12:45:00,27.5545
7125,2023-12-25 13:00:00,27.5295
7126,2023-12-25 13:15:00,27.5295
7127,2023-12-25 13:30:00,27.5295
7128,2023-12-25 13:45:00,27.5295
7129,2023-12-25 14:00:00,27.5175
7130,2023-12-25 14:15:00,27.567
7131,2023-12-25 14:30:00,27.579
7132,2023-12-25 14:45:00,27.579
7133,2023-12-25 15:00:00,27.5665
7134,2023-12-25 15:15:00,27.5665
7135,2023-12-25 15:30:00,27.5665
7136,2023-12-25 15:45:00,27.554
7137,2023-12-25 16:00:00,27.554
7138,2023-12-25 16:15:00,27.554
7139,2023-12-25 16:30:00,27.554
7140,2023-12-25 16:45:00,27.542
7141,2023-12-25 17:00:00,27.542
7142,2023-12-25 17:15:00,27.542
7143,2023-12-25 17:30:00,27.542
7144,2023-12-25 17:45:00,27.542
7145,2023-12-25 18:00:00,27.5665
7146,2023-12-25 18:15:00,27.5665
7147,2023-12-25 18:30:00,27.5665
7148,2023-12-25 18:45:00,27.5665
7149,2023-12-25 19:00:00,27.5665
7150,2023-12-25 19:15:00,27.5665
7151,2023-12-25 19:30:00,27.5665
7152,2023-12-25 19:45:00,27.5665
7153,2023-12-25 20:00:00,27.542
7154,2023-12-25 20:15:00,27.542
7155,2023-12-25 20:30:00,27.53
7156,2023-12-25 20:45:00,27.53
7157,2023-12-25 21:00:00,27.53
7158,2023-12-25 21:15:00,27.5175
7159,2023-12-25 21:30:00,27.5175
7160,2023-12-25 21:45:00,27.5175
7161,2023-12-25 22:00:00,27.493
7162,2023-12-25 22:15:00,27.493
7163,2023-12-25 22:30:00,27.505
7164,2023-12-25 22:45:00,27.493
7165,2023-12-25 23:00:00,27.493
7166,2023-12-25 23:15:00,27.481
7167,2023-12-25 23:30:00,27.493
7168,2023-12-25 23:45:00,27.481
7169,2023-12-26 00:00:00,27.4685
7170,2023-12-26 00:15:00,27.4435
7171,2023-12-26 00:30:00,27.419
7172,2023-12-26 00:45:00,27.419
7173,2023-12-26 01:00:00,27.419
7174,2023-12-26 01:15:00,27.419
7175,2023-12-26 01:30:00,27.419
7176,2023-12-26 01:45:00,27.4065
7177,2023-12-26 02:00:00,27.4065
7178,2023-12-26 02:15:00,27.4315
7179,2023-12-26 02:30:00,27.4315
7180,2023-12-26 02:45:00,27.4315
7181,2023-12-26 03:00:00,27.419
7182,2023-12-26 03:15:00,27.419
7183,2023-12-26 03:30:00,27.419
7184,2023-12-26 03:45:00,27.407
7185,2023-12-26 04:00:00,27.407
7186,2023-12-26 04:15:00,27.3945
7187,2023-12-26 04:30:00,27.3825
7188,2023-12-26 04:45:00,27.37
7189,2023-12-26 05:00:00,27.37
7190,2023-12-26 05:15:00,27.37
7191,2023-12-26 05:30:00,27.3575
7192,2023-12-26 05:45:00,27.3575
7193,2023-12-26 06:00:00,27.3455
7194,2023-12-26 06:15:00,27.3455
7195,2023-12-26 06:30:00,27.3455
7196,2023-12-26 06:45:00,27.3455
7197,2023-12-26 07:00:00,27.358
7198,2023-12-26 07:15:00,27.37
7199,2023-12-26 07:30:00,27.382
7200,2023-12-26 07:45:00,27.3945
7201,2023-12-26 08:00:00,27.407
7202,2023-12-26 08:15:00,27.431
7203,2023-12-26 08:30:00,27.4435
7204,2023-12-26 08:45:00,27.4435
7205,2023-12-26 09:00:00,27.456000000000003
7206,2023-12-26 09:15:00,27.4685
7207,2023-12-26 09:30:00,27.493
7208,2023-12-26 09:45:00,27.481
7209,2023-12-26 10:00:00,27.493
7210,2023-12-26 10:15:00,27.5175
7211,2023-12-26 10:30:00,27.5175
7212,2023-12-26 10:45:00,27.542
7213,2023-12-26 11:00:00,27.5665
7214,2023-12-26 11:15:00,27.542
7215,2023-12-26 11:30:00,27.542
7216,2023-12-26 11:45:00,27.53
7217,2023-12-26 12:00:00,27.542
7218,2023-12-26 12:15:00,27.53
7219,2023-12-26 12:30:00,27.5175
7220,2023-12-26 12:45:00,27.5175
7221,2023-12-26 13:00:00,27.53
7222,2023-12-26 13:15:00,27.5175
7223,2023-12-26 13:30:00,27.5175
7224,2023-12-26 13:45:00,27.53
7225,2023-12-26 14:00:00,27.53
7226,2023-12-26 14:15:00,27.5175
7227,2023-12-26 14:30:00,27.53
7228,2023-12-26 14:45:00,27.5175
7229,2023-12-26 15:00:00,27.53
7230,2023-12-26 15:15:00,27.53
7231,2023-12-26 15:30:00,27.505
7232,2023-12-26 15:45:00,27.493
7233,2023-12-26 16:00:00,27.493
7234,2023-12-26 16:15:00,27.5175
7235,2023-12-26 16:30:00,27.5175
7236,2023-12-26 16:45:00,27.53
7237,2023-12-26 17:00:00,27.53
7238,2023-12-26 17:15:00,27.53
7239,2023-12-26 17:30:00,27.5175
7240,2023-12-26 17:45:00,27.5175
7241,2023-12-26 18:00:00,27.5175
7242,2023-12-26 18:15:00,27.5175
7243,2023-12-26 18:30:00,27.5175
7244,2023-12-26 18:45:00,27.5175
7245,2023-12-26 19:00:00,27.5175
7246,2023-12-26 19:15:00,27.5175
7247,2023-12-26 19:30:00,27.5175
7248,2023-12-26 19:45:00,27.5175
7249,2023-12-26 20:00:00,27.5175
7250,2023-12-26 20:15:00,27.5175
7251,2023-12-26 20:30:00,27.5175
7252,2023-12-26 20:45:00,27.5175
7253,2023-12-26 21:00:00,27.5175
7254,2023-12-26 21:15:00,27.5175
7255,2023-12-26 21:30:00,27.5175
7256,2023-12-26 21:45:00,27.5175
7257,2023-12-26 22:00:00,27.5175
7258,2023-12-26 22:15:00,27.505
7259,2023-12-26 22:30:00,27.493
7260,2023-12-26 22:45:00,27.493
7261,2023-12-26 23:00:00,27.481
7262,2023-12-26 23:15:00,27.481
7263,2023-12-26 23:30:00,27.4685
7264,2023-12-26 23:45:00,27.4685
7265,2023-12-27 00:00:00,27.4685
7266,2023-12-27 00:15:00,27.4685
7267,2023-12-27 00:30:00,27.4685
7268,2023-12-27 00:45:00,27.456
7269,2023-12-27 01:00:00,27.4435
7270,2023-12-27 01:15:00,27.4435
7271,2023-12-27 01:30:00,27.4435
7272,2023-12-27 01:45:00,27.4435
7273,2023-12-27 02:00:00,27.4435
7274,2023-12-27 02:15:00,27.4435
7275,2023-12-27 02:30:00,27.431
7276,2023-12-27 02:45:00,27.419
7277,2023-12-27 03:00:00,27.431
7278,2023-12-27 03:15:00,27.419
7279,2023-12-27 03:30:00,27.419
7280,2023-12-27 03:45:00,27.419
7281,2023-12-27 04:00:00,27.419
7282,2023-12-27 04:15:00,27.407
7283,2023-12-27 04:30:00,27.407
7284,2023-12-27 04:45:00,27.3945
7285,2023-12-27 05:00:00,27.37
7286,2023-12-27 05:15:00,27.3455
7287,2023-12-27 05:30:00,27.3085
7288,2023-12-27 05:45:00,27.296
7289,2023-12-27 06:00:00,27.2835
7290,2023-12-27 06:15:00,27.2715
7291,2023-12-27 06:30:00,27.2595
7292,2023-12-27 06:45:00,27.247
7293,2023-12-27 07:00:00,27.247
7294,2023-12-27 07:15:00,27.2225
7295,2023-12-27 07:30:00,27.2225
7296,2023-12-27 07:45:00,27.235
7297,2023-12-27 08:00:00,27.247
7298,2023-12-27 08:15:00,27.247
7299,2023-12-27 08:30:00,27.2715
7300,2023-12-27 08:45:00,27.2715
7301,2023-12-27 09:00:00,27.284
7302,2023-12-27 09:15:00,27.284
7303,2023-12-27 09:30:00,27.308
7304,2023-12-27 09:45:00,27.333
7305,2023-12-27 10:00:00,27.333
7306,2023-12-27 10:15:00,27.37
7307,2023-12-27 10:30:00,27.419
7308,2023-12-27 10:45:00,27.4435
7309,2023-12-27 11:00:00,27.456
7310,2023-12-27 11:15:00,27.4685
7311,2023-12-27 11:30:00,27.493
7312,2023-12-27 11:45:00,27.5295
7313,2023-12-27 12:00:00,27.542
7314,2023-12-27 12:15:00,27.542
7315,2023-12-27 12:30:00,27.5175
7316,2023-12-27 12:45:00,27.542
7317,2023-12-27 13:00:00,27.5295
7318,2023-12-27 13:15:00,27.5175
7319,2023-12-27 13:30:00,27.5545
7320,2023-12-27 13:45:00,27.5545
7321,2023-12-27 14:00:00,27.5545
7322,2023-12-27 14:15:00,27.5295
7323,2023-12-27 14:30:00,27.542
7324,2023-12-27 14:45:00,27.5175
7325,2023-12-27 15:00:00,27.542
7326,2023-12-27 15:15:00,27.554
7327,2023-12-27 15:30:00,27.5915
7328,2023-12-27 15:45:00,27.5665
7329,2023-12-27 16:00:00,27.5665
7330,2023-12-27 16:15:00,27.554
7331,2023-12-27 16:30:00,27.542
7332,2023-12-27 16:45:00,27.542
7333,2023-12-27 17:00:00,27.554
7334,2023-12-27 17:15:00,27.5665
7335,2023-12-27 17:30:00,27.53
7336,2023-12-27 17:45:00,27.542
7337,2023-12-27 18:00:00,27.542
7338,2023-12-27 18:15:00,27.554
7339,2023-12-27 18:30:00,27.542
7340,2023-12-27 18:45:00,27.542
7341,2023-12-27 19:00:00,27.554
7342,2023-12-27 19:15:00,27.554
7343,2023-12-27 19:30:00,27.554
7344,2023-12-27 19:45:00,27.554
7345,2023-12-27 20:00:00,27.542
7346,2023-12-27 20:15:00,27.542
7347,2023-12-27 20:30:00,27.542
7348,2023-12-27 20:45:00,27.53
7349,2023-12-27 21:00:00,27.53
7350,2023-12-27 21:15:00,27.5175
7351,2023-12-27 21:30:00,27.5175
7352,2023-12-27 21:45:00,27.505
7353,2023-12-27 22:00:00,27.493
7354,2023-12-27 22:15:00,27.493
7355,2023-12-27 22:30:00,27.481
7356,2023-12-27 22:45:00,27.481
7357,2023-12-27 23:00:00,27.456
7358,2023-12-27 23:15:00,27.4435
7359,2023-12-27 23:30:00,27.4435
7360,2023-12-27 23:45:00,27.4435
7361,2023-12-28 00:00:00,27.431
7362,2023-12-28 00:15:00,27.419
7363,2023-12-28 00:30:00,27.419
7364,2023-12-28 00:45:00,27.419
7365,2023-12-28 01:00:00,27.419
7366,2023-12-28 01:15:00,27.3945
7367,2023-12-28 01:30:00,27.3945
7368,2023-12-28 01:45:00,27.3825
7369,2023-12-28 02:00:00,27.3575
7370,2023-12-28 02:15:00,27.3455
7371,2023-12-28 02:30:00,27.3455
7372,2023-12-28 02:45:00,27.3205
7373,2023-12-28 03:00:00,27.296
7374,2023-12-28 03:15:00,27.2715
7375,2023-12-28 03:30:00,27.247
7376,2023-12-28 03:45:00,27.259
7377,2023-12-28 04:00:00,27.2715
7378,2023-12-28 04:15:00,27.284
7379,2023-12-28 04:30:00,27.284
7380,2023-12-28 04:45:00,27.2715
7381,2023-12-28 05:00:00,27.2715
7382,2023-12-28 05:15:00,27.259
7383,2023-12-28 05:30:00,27.247
7384,2023-12-28 05:45:00,27.235
7385,2023-12-28 06:00:00,27.2225
7386,2023-12-28 06:15:00,27.2105
7387,2023-12-28 06:30:00,27.198
7388,2023-12-28 06:45:00,27.198
7389,2023-12-28 07:00:00,27.21
7390,2023-12-28 07:15:00,27.2225
7391,2023-12-28 07:30:00,27.259
7392,2023-12-28 07:45:00,27.284
7393,2023-12-28 08:00:00,27.308
7394,2023-12-28 08:15:00,27.3205
7395,2023-12-28 08:30:00,27.333
7396,2023-12-28 08:45:00,27.3455
7397,2023-12-28 09:00:00,27.37
7398,2023-12-28 09:15:00,27.3945
7399,2023-12-28 09:30:00,27.419
7400,2023-12-28 09:45:00,27.431
7401,2023-12-28 10:00:00,27.4435
7402,2023-12-28 10:15:00,27.4435
7403,2023-12-28 10:30:00,27.4435
7404,2023-12-28 10:45:00,27.4685
7405,2023-12-28 11:00:00,27.493
7406,2023-12-28 11:15:00,27.5175
7407,2023-12-28 11:30:00,27.5175
7408,2023-12-28 11:45:00,27.542
7409,2023-12-28 12:00:00,27.5545
7410,2023-12-28 12:15:00,27.5545
7411,2023-12-28 12:30:00,27.579
7412,2023-12-28 12:45:00,27.591
7413,2023-12-28 13:00:00,27.6035
7414,2023-12-28 13:15:00,27.6035
7415,2023-12-28 13:30:00,27.6035
7416,2023-12-28 13:45:00,27.6035
7417,2023-12-28 14:00:00,27.5915
7418,2023-12-28 14:15:00,27.591
7419,2023-12-28 14:30:00,27.5915
7420,2023-12-28 14:45:00,27.579
7421,2023-12-28 15:00:00,27.579
7422,2023-12-28 15:15:00,27.579
7423,2023-12-28 15:30:00,27.554
7424,2023-12-28 15:45:00,27.542
7425,2023-12-28 16:00:00,27.542
7426,2023-12-28 16:15:00,27.542
7427,2023-12-28 16:30:00,27.542
7428,2023-12-28 16:45:00,27.554
7429,2023-12-28 17:00:00,27.542
7430,2023-12-28 17:15:00,27.542
7431,2023-12-28 17:30:00,27.542
7432,2023-12-28 17:45:00,27.542
7433,2023-12-28 18:00:00,27.53
7434,2023-12-28 18:15:00,27.53
7435,2023-12-28 18:30:00,27.542
7436,2023-12-28 18:45:00,27.542
7437,2023-12-28 19:00:00,27.542
7438,2023-12-28 19:15:00,27.542
7439,2023-12-28 19:30:00,27.542
7440,2023-12-28 19:45:00,27.5175
7441,2023-12-28 20:00:00,27.4685
7442,2023-12-28 20:15:00,27.4435
7443,2023-12-28 20:30:00,27.456
7444,2023-12-28 20:45:00,27.456
7445,2023-12-28 21:00:00,27.456
7446,2023-12-28 21:15:00,27.4435
7447,2023-12-28 21:30:00,27.4435
7448,2023-12-28 21:45:00,27.4435
7449,2023-12-28 22:00:00,27.4435
7450,2023-12-28 22:15:00,27.4435
7451,2023-12-28 22:30:00,27.4435
7452,2023-12-28 22:45:00,27.431
7453,2023-12-28 23:00:00,27.419
7454,2023-12-28 23:15:00,27.419
7455,2023-12-28 23:30:00,27.419
7456,2023-12-28 23:45:00,27.419
7457,2023-12-29 00:00:00,27.419
7458,2023-12-29 00:15:00,27.419
7459,2023-12-29 00:30:00,27.3945
7460,2023-12-29 00:45:00,27.3945
7461,2023-12-29 01:00:00,27.37
7462,2023-12-29 01:15:00,27.37
7463,2023-12-29 01:30:00,27.3455
7464,2023-12-29 01:45:00,27.3205
7465,2023-12-29 02:00:00,27.3085
7466,2023-12-29 02:15:00,27.2715
7467,2023-12-29 02:30:00,27.247
7468,2023-12-29 02:45:00,27.259
7469,2023-12-29 03:00:00,27.259
7470,2023-12-29 03:15:00,27.2715
7471,2023-12-29 03:30:00,27.2715
7472,2023-12-29 03:45:00,27.2715
7473,2023-12-29 04:00:00,27.259
7474,2023-12-29 04:15:00,27.247
7475,2023-12-29 04:30:00,27.247
7476,2023-12-29 04:45:00,27.247
7477,2023-12-29 05:00:00,27.2225
7478,2023-12-29 05:15:00,27.2105
7479,2023-12-29 05:30:00,27.198
7480,2023-12-29 05:45:00,27.2105
7481,2023-12-29 06:00:00,27.198
7482,2023-12-29 06:15:00,27.198
7483,2023-12-29 06:30:00,27.186
7484,2023-12-29 06:45:00,27.2225
7485,2023-12-29 07:00:00,27.259
7486,2023-12-29 07:15:00,27.284
7487,2023-12-29 07:30:00,27.296
7488,2023-12-29 07:45:00,27.296
7489,2023-12-29 08:00:00,27.296
7490,2023-12-29 08:15:00,27.296
7491,2023-12-29 08:30:00,27.308
7492,2023-12-29 08:45:00,27.333
7493,2023-12-29 09:00:00,27.358
7494,2023-12-29 09:15:00,27.382
7495,2023-12-29 09:30:00,27.407
7496,2023-12-29 09:45:00,27.431
7497,2023-12-29 10:00:00,27.456
7498,2023-12-29 10:15:00,27.505
7499,2023-12-29 10:30:00,27.505
7500,2023-12-29 10:45:00,27.542
7501,2023-12-29 11:00:00,27.5665
7502,2023-12-29 11:15:00,27.542
7503,2023-12-29 11:30:00,27.5665
7504,2023-12-29 11:45:00,27.579
7505,2023-12-29 12:00:00,27.616
7506,2023-12-29 12:15:00,27.6405
7507,2023-12-29 12:30:00,27.665
7508,2023-12-29 12:45:00,27.616
7509,2023-12-29 13:00:00,27.604
7510,2023-12-29 13:15:00,27.579
7511,2023-12-29 13:30:00,27.591
7512,2023-12-29 13:45:00,27.5915
7513,2023-12-29 14:00:00,27.5665
7514,2023-12-29 14:15:00,27.5665
7515,2023-12-29 14:30:00,27.542
7516,2023-12-29 14:45:00,27.542
7517,2023-12-29 15:00:00,27.5545
7518,2023-12-29 15:15:00,27.542
7519,2023-12-29 15:30:00,27.542
7520,2023-12-29 15:45:00,27.53
7521,2023-12-29 16:00:00,27.5175
7522,2023-12-29 16:15:00,27.5175
7523,2023-12-29 16:30:00,27.5175
7524,2023-12-29 16:45:00,27.5175
7525,2023-12-29 17:00:00,27.5055
7526,2023-12-29 17:15:00,27.493
7527,2023-12-29 17:30:00,27.493
7528,2023-12-29 17:45:00,27.493
7529,2023-12-29 18:00:00,27.481
7530,2023-12-29 18:15:00,27.481
7531,2023-12-29 18:30:00,27.481
7532,2023-12-29 18:45:00,27.493
7533,2023-12-29 19:00:00,27.493
7534,2023-12-29 19:15:00,27.493
7535,2023-12-29 19:30:00,27.481
7536,2023-12-29 19:45:00,27.481
7537,2023-12-29 20:00:00,27.4685
7538,2023-12-29 20:15:00,27.4685
7539,2023-12-29 20:30:00,27.4685
7540,2023-12-29 20:45:00,27.4685
7541,2023-12-29 21:00:00,27.4685
7542,2023-12-29 21:15:00,27.4685
7543,2023-12-29 21:30:00,27.4435
7544,2023-12-29 21:45:00,27.4435
7545,2023-12-29 22:00:00,27.456
7546,2023-12-29 22:15:00,27.4685
7547,2023-12-29 22:30:00,27.456
7548,2023-12-29 22:45:00,27.456
7549,2023-12-29 23:00:00,27.4435
7550,2023-12-29 23:15:00,27.4435
7551,2023-12-29 23:30:00,27.4435
7552,2023-12-29 23:45:00,27.431
7553,2023-12-30 00:00:00,27.431
7554,2023-12-30 00:15:00,27.431
7555,2023-12-30 00:30:00,27.4315
7556,2023-12-30 00:45:00,27.419
7557,2023-12-30 01:00:00,27.3945
7558,2023-12-30 01:15:00,27.37
7559,2023-12-30 01:30:00,27.3455
7560,2023-12-30 01:45:00,27.3455
7561,2023-12-30 02:00:00,27.3205
7562,2023-12-30 02:15:00,27.3085
7563,2023-12-30 02:30:00,27.296
7564,2023-12-30 02:45:00,27.296
7565,2023-12-30 03:00:00,27.296
7566,2023-12-30 03:15:00,27.296
7567,2023-12-30 03:30:00,27.284
7568,2023-12-30 03:45:00,27.284
7569,2023-12-30 04:00:00,27.2715
7570,2023-12-30 04:15:00,27.247
7571,2023-12-30 04:30:00,27.247
7572,2023-12-30 04:45:00,27.2105
7573,2023-12-30 05:00:00,27.1855
7574,2023-12-30 05:15:00,27.161
7575,2023-12-30 05:30:00,27.1485
7576,2023-12-30 05:45:00,27.161
7577,2023-12-30 06:00:00,27.161
7578,2023-12-30 06:15:00,27.161
7579,2023-12-30 06:30:00,27.1735
7580,2023-12-30 06:45:00,27.1735
7581,2023-12-30 07:00:00,27.1485
7582,2023-12-30 07:15:00,27.1485
7583,2023-12-30 07:30:00,27.124
7584,2023-12-30 07:45:00,27.136
7585,2023-12-30 08:00:00,27.161
7586,2023-12-30 08:15:00,27.21
7587,2023-12-30 08:30:00,27.235
7588,2023-12-30 08:45:00,27.284
7589,2023-12-30 09:00:00,27.308
7590,2023-12-30 09:15:00,27.3455
7591,2023-12-30 09:30:00,27.3945
7592,2023-12-30 09:45:00,27.419
7593,2023-12-30 10:00:00,27.456
7594,2023-12-30 10:15:00,27.4685
7595,2023-12-30 10:30:00,27.493
7596,2023-12-30 10:45:00,27.5175
7597,2023-12-30 11:00:00,27.554
7598,2023-12-30 11:15:00,27.579
7599,2023-12-30 11:30:00,27.5915
7600,2023-12-30 11:45:00,27.628
7601,2023-12-30 12:00:00,27.6405
7602,2023-12-30 12:15:00,27.628
7603,2023-12-30 12:30:00,27.665
7604,2023-12-30 12:45:00,27.6405
7605,2023-12-30 13:00:00,27.653
7606,2023-12-30 13:15:00,27.6405
7607,2023-12-30 13:30:00,27.6405
7608,2023-12-30 13:45:00,27.6525
7609,2023-12-30 14:00:00,27.6405
7610,2023-12-30 14:15:00,27.6525
7611,2023-12-30 14:30:00,27.665
7612,2023-12-30 14:45:00,27.6525
7613,2023-12-30 15:00:00,27.6405
7614,2023-12-30 15:15:00,27.6405
7615,2023-12-30 15:30:00,27.616
7616,2023-12-30 15:45:00,27.5915
7617,2023-12-30 16:00:00,27.579
7618,2023-12-30 16:15:00,27.554
7619,2023-12-30 16:30:00,27.53
7620,2023-12-30 16:45:00,27.53
7621,2023-12-30 17:00:00,27.53
7622,2023-12-30 17:15:00,27.5175
7623,2023-12-30 17:30:00,27.505
7624,2023-12-30 17:45:00,27.505
7625,2023-12-30 18:00:00,27.505
7626,2023-12-30 18:15:00,27.493
7627,2023-12-30 18:30:00,27.493
7628,2023-12-30 18:45:00,27.493
7629,2023-12-30 19:00:00,27.493
7630,2023-12-30 19:15:00,27.493
7631,2023-12-30 19:30:00,27.493
7632,2023-12-30 19:45:00,27.493
7633,2023-12-30 20:00:00,27.493
7634,2023-12-30 20:15:00,27.493
7635,2023-12-30 20:30:00,27.493
7636,2023-12-30 20:45:00,27.493
7637,2023-12-30 21:00:00,27.493
7638,2023-12-30 21:15:00,27.493
7639,2023-12-30 21:30:00,27.493
7640,2023-12-30 21:45:00,27.493
7641,2023-12-30 22:00:00,27.493
7642,2023-12-30 22:15:00,27.493
7643,2023-12-30 22:30:00,27.493
7644,2023-12-30 22:45:00,27.493
7645,2023-12-30 23:00:00,27.4685
7646,2023-12-30 23:15:00,27.456
7647,2023-12-30 23:30:00,27.456
7648,2023-12-30 23:45:00,27.4435
7649,2023-12-31 00:00:00,27.4435
7650,2023-12-31 00:15:00,27.4435
7651,2023-12-31 00:30:00,27.431
7652,2023-12-31 00:45:00,27.419
7653,2023-12-31 01:00:00,27.419
7654,2023-12-31 01:15:00,27.431
7655,2023-12-31 01:30:00,27.419
7656,2023-12-31 01:45:00,27.419
7657,2023-12-31 02:00:00,27.419
7658,2023-12-31 02:15:00,27.407
7659,2023-12-31 02:30:00,27.407
7660,2023-12-31 02:45:00,27.3945
7661,2023-12-31 03:00:00,27.382
7662,2023-12-31 03:15:00,27.37
7663,2023-12-31 03:30:00,27.358
7664,2023-12-31 03:45:00,27.3455
7665,2023-12-31 04:00:00,27.3455
7666,2023-12-31 04:15:00,27.333
7667,2023-12-31 04:30:00,27.3205
7668,2023-12-31 04:45:00,27.296
7669,2023-12-31 05:00:00,27.2715
7670,2023-12-31 05:15:00,27.247
7671,2023-12-31 05:30:00,27.2225
7672,2023-12-31 05:45:00,27.198
7673,2023-12-31 06:00:00,27.198
7674,2023-12-31 06:15:00,27.198
7675,2023-12-31 06:30:00,27.21
7676,2023-12-31 06:45:00,27.235
7677,2023-12-31 07:00:00,27.235
7678,2023-12-31 07:15:00,27.247
7679,2023-12-31 07:30:00,27.247
7680,2023-12-31 07:45:00,27.2715
7681,2023-12-31 08:00:00,27.2715
7682,2023-12-31 08:15:00,27.2595
7683,2023-12-31 08:30:00,27.2595
7684,2023-12-31 08:45:00,27.2345
7685,2023-12-31 09:00:00,27.2225
7686,2023-12-31 09:15:00,27.259
7687,2023-12-31 09:30:00,27.296
7688,2023-12-31 09:45:00,27.3205
7689,2023-12-31 10:00:00,27.358
7690,2023-12-31 10:15:00,27.37
7691,2023-12-31 10:30:00,27.3945
7692,2023-12-31 10:45:00,27.431
7693,2023-12-31 11:00:00,27.4685
7694,2023-12-31 11:15:00,27.493
7695,2023-12-31 11:30:00,27.493
7696,2023-12-31 11:45:00,27.5175
7697,2023-12-31 12:00:00,27.5175
7698,2023-12-31 12:15:00,27.5175
7699,2023-12-31 12:30:00,27.5175
7700,2023-12-31 12:45:00,27.5175
7701,2023-12-31 13:00:00,27.5295
7702,2023-12-31 13:15:00,27.5545
7703,2023-12-31 13:30:00,27.5295
7704,2023-12-31 13:45:00,27.5055
7705,2023-12-31 14:00:00,27.5055
7706,2023-12-31 14:15:00,27.5175
7707,2023-12-31 14:30:00,27.5175
7708,2023-12-31 14:45:00,27.493
7709,2023-12-31 15:00:00,27.493
7710,2023-12-31 15:15:00,27.5055
7711,2023-12-31 15:30:00,27.481
7712,2023-12-31 15:45:00,27.4685
7713,2023-12-31 16:00:00,27.4685
7714,2023-12-31 16:15:00,27.4685
7715,2023-12-31 16:30:00,27.4685
7716,2023-12-31 16:45:00,27.456
7717,2023-12-31 17:00:00,27.4435
7718,2023-12-31 17:15:00,27.4435
7719,2023-12-31 17:30:00,27.4685
7720,2023-12-31 17:45:00,27.4685
7721,2023-12-31 18:00:00,27.456000000000003
7722,2023-12-31 18:15:00,27.4685
7723,2023-12-31 18:30:00,27.493
7724,2023-12-31 18:45:00,27.493
7725,2023-12-31 19:00:00,27.493
7726,2023-12-31 19:15:00,27.493
7727,2023-12-31 19:30:00,27.493
7728,2023-12-31 19:45:00,27.493
7729,2023-12-31 20:00:00,27.493
7730,2023-12-31 20:15:00,27.493
7731,2023-12-31 20:30:00,27.481
7732,2023-12-31 20:45:00,27.493
7733,2023-12-31 21:00:00,27.493
7734,2023-12-31 21:15:00,27.493
7735,2023-12-31 21:30:00,27.4685
7736,2023-12-31 21:45:00,27.4435
7737,2023-12-31 22:00:00,27.431
7738,2023-12-31 22:15:00,27.3945
7739,2023-12-31 22:30:00,27.37
7740,2023-12-31 22:45:00,27.3575
7741,2023-12-31 23:00:00,27.3455
7742,2023-12-31 23:15:00,27.3455
7743,2023-12-31 23:30:00,27.3455
7744,2023-12-31 23:45:00,27.3455
7745,2024-01-01 00:00:00,27.37
7746,2024-01-01 00:15:00,27.37
7747,2024-01-01 00:30:00,27.3455
7748,2024-01-01 00:45:00,27.333
7749,2024-01-01 01:00:00,27.3205
7750,2024-01-01 01:15:00,27.296
7751,2024-01-01 01:30:00,27.2715
7752,2024-01-01 01:45:00,27.2835
7753,2024-01-01 02:00:00,27.2595
7754,2024-01-01 02:15:00,27.247
7755,2024-01-01 02:30:00,27.2225
7756,2024-01-01 02:45:00,27.1735
7757,2024-01-01 03:00:00,27.1735
7758,2024-01-01 03:15:00,27.1365
7759,2024-01-01 03:30:00,27.124
7760,2024-01-01 03:45:00,27.1115
7761,2024-01-01 04:00:00,27.075
7762,2024-01-01 04:15:00,27.087
7763,2024-01-01 04:30:00,27.112
7764,2024-01-01 04:45:00,27.136
7765,2024-01-01 05:00:00,27.136
7766,2024-01-01 05:15:00,27.136
7767,2024-01-01 05:30:00,27.136
7768,2024-01-01 05:45:00,27.136
7769,2024-01-01 06:00:00,27.136
7770,2024-01-01 06:15:00,27.1485
7771,2024-01-01 06:30:00,27.136
7772,2024-01-01 06:45:00,27.136
7773,2024-01-01 07:00:00,27.124
7774,2024-01-01 07:15:00,27.136
7775,2024-01-01 07:30:00,27.136
7776,2024-01-01 07:45:00,27.161
7777,2024-01-01 08:00:00,27.161
7778,2024-01-01 08:15:00,27.1485
7779,2024-01-01 08:30:00,27.124
7780,2024-01-01 08:45:00,27.112
7781,2024-01-01 09:00:00,27.124
7782,2024-01-01 09:15:00,27.161
7783,2024-01-01 09:30:00,27.2225
7784,2024-01-01 09:45:00,27.259
7785,2024-01-01 10:00:00,27.284
7786,2024-01-01 10:15:00,27.3205
7787,2024-01-01 10:30:00,27.3455
7788,2024-01-01 10:45:00,27.358
7789,2024-01-01 11:00:00,27.37
7790,2024-01-01 11:15:00,27.419
7791,2024-01-01 11:30:00,27.419
7792,2024-01-01 11:45:00,27.431
7793,2024-01-01 12:00:00,27.4435
7794,2024-01-01 12:15:00,27.4435
7795,2024-01-01 12:30:00,27.456000000000003
7796,2024-01-01 12:45:00,27.4685
7797,2024-01-01 13:00:00,27.4685
7798,2024-01-01 13:15:00,27.5055
7799,2024-01-01 13:30:00,27.5055
7800,2024-01-01 13:45:00,27.505
7801,2024-01-01 14:00:00,27.493
7802,2024-01-01 14:15:00,27.5055
7803,2024-01-01 14:30:00,27.4805
7804,2024-01-01 14:45:00,27.493
7805,2024-01-01 15:00:00,27.4685
7806,2024-01-01 15:15:00,27.4685
7807,2024-01-01 15:30:00,27.4685
7808,2024-01-01 15:45:00,27.456
7809,2024-01-01 16:00:00,27.4435
7810,2024-01-01 16:15:00,27.431
7811,2024-01-01 16:30:00,27.431
7812,2024-01-01 16:45:00,27.431
7813,2024-01-01 17:00:00,27.431
7814,2024-01-01 17:15:00,27.419
7815,2024-01-01 17:30:00,27.3945
7816,2024-01-01 17:45:00,27.3945
7817,2024-01-01 18:00:00,27.382
7818,2024-01-01 18:15:00,27.382
7819,2024-01-01 18:30:00,27.382
7820,2024-01-01 18:45:00,27.382
7821,2024-01-01 19:00:00,27.382
7822,2024-01-01 19:15:00,27.382
7823,2024-01-01 19:30:00,27.37
7824,2024-01-01 19:45:00,27.37
7825,2024-01-01 20:00:00,27.382
7826,2024-01-01 20:15:00,27.382
7827,2024-01-01 20:30:00,27.382
7828,2024-01-01 20:45:00,27.3945
7829,2024-01-01 21:00:00,27.3945
7830,2024-01-01 21:15:00,27.382
7831,2024-01-01 21:30:00,27.382
7832,2024-01-01 21:45:00,27.37
7833,2024-01-01 22:00:00,27.37
7834,2024-01-01 22:15:00,27.3455
7835,2024-01-01 22:30:00,27.2835
7836,2024-01-01 22:45:00,27.2715
7837,2024-01-01 23:00:00,27.284
7838,2024-01-01 23:15:00,27.2225
7839,2024-01-01 23:30:00,27.2225
7840,2024-01-01 23:45:00,27.2225
7841,2024-01-02 00:00:00,27.21
7842,2024-01-02 00:15:00,27.198
7843,2024-01-02 00:30:00,27.1735
7844,2024-01-02 00:45:00,27.1485
7845,2024-01-02 01:00:00,27.161
7846,2024-01-02 01:15:00,27.1485
7847,2024-01-02 01:30:00,27.1485
7848,2024-01-02 01:45:00,27.1485
7849,2024-01-02 02:00:00,27.149
7850,2024-01-02 02:15:00,27.112
7851,2024-01-02 02:30:00,27.0995
7852,2024-01-02 02:45:00,27.112
7853,2024-01-02 03:00:00,27.0995
7854,2024-01-02 03:15:00,27.0995
7855,2024-01-02 03:30:00,27.112
7856,2024-01-02 03:45:00,27.0995
7857,2024-01-02 04:00:00,27.0995
7858,2024-01-02 04:15:00,27.0995
7859,2024-01-02 04:30:00,27.0995
7860,2024-01-02 04:45:00,27.0995
7861,2024-01-02 05:00:00,27.0995
7862,2024-01-02 05:15:00,27.087
7863,2024-01-02 05:30:00,27.087
7864,2024-01-02 05:45:00,27.0995
7865,2024-01-02 06:00:00,27.112
7866,2024-01-02 06:15:00,27.112
7867,2024-01-02 06:30:00,27.0995
7868,2024-01-02 06:45:00,27.0995
7869,2024-01-02 07:00:00,27.0875
7870,2024-01-02 07:15:00,27.075
7871,2024-01-02 07:30:00,27.0625
7872,2024-01-02 07:45:00,27.0385
7873,2024-01-02 08:00:00,27.0015
7874,2024-01-02 08:15:00,26.989
7875,2024-01-02 08:30:00,27.0015
7876,2024-01-02 08:45:00,27.026
7877,2024-01-02 09:00:00,27.0505
7878,2024-01-02 09:15:00,27.075
7879,2024-01-02 09:30:00,27.087
7880,2024-01-02 09:45:00,27.124
7881,2024-01-02 10:00:00,27.161
7882,2024-01-02 10:15:00,27.21
7883,2024-01-02 10:30:00,27.247
7884,2024-01-02 10:45:00,27.2715
7885,2024-01-02 11:00:00,27.3085
7886,2024-01-02 11:15:00,27.3455
7887,2024-01-02 11:30:00,27.37
7888,2024-01-02 11:45:00,27.4065
7889,2024-01-02 12:00:00,27.4435
7890,2024-01-02 12:15:00,27.456000000000003
7891,2024-01-02 12:30:00,27.456000000000003
7892,2024-01-02 12:45:00,27.456000000000003
7893,2024-01-02 13:00:00,27.5055
7894,2024-01-02 13:15:00,27.5055
7895,2024-01-02 13:30:00,27.5055
7896,2024-01-02 13:45:00,27.481
7897,2024-01-02 14:00:00,27.493
7898,2024-01-02 14:15:00,27.4685
7899,2024-01-02 14:30:00,27.4685
7900,2024-01-02 14:45:00,27.4685
7901,2024-01-02 15:00:00,27.4685
7902,2024-01-02 15:15:00,27.456
7903,2024-01-02 15:30:00,27.4685
7904,2024-01-02 15:45:00,27.4685
7905,2024-01-02 16:00:00,27.4435
7906,2024-01-02 16:15:00,27.431
7907,2024-01-02 16:30:00,27.431
7908,2024-01-02 16:45:00,27.431
7909,2024-01-02 17:00:00,27.431
7910,2024-01-02 17:15:00,27.431
7911,2024-01-02 17:30:00,27.431
7912,2024-01-02 17:45:00,27.419
7913,2024-01-02 18:00:00,27.431
7914,2024-01-02 18:15:00,27.419
7915,2024-01-02 18:30:00,27.407
7916,2024-01-02 18:45:00,27.382
7917,2024-01-02 19:00:00,27.382
7918,2024-01-02 19:15:00,27.37
7919,2024-01-02 19:30:00,27.358
7920,2024-01-02 19:45:00,27.37
7921,2024-01-02 20:00:00,27.382
7922,2024-01-02 20:15:00,27.382
7923,2024-01-02 20:30:00,27.3945
7924,2024-01-02 20:45:00,27.3945
7925,2024-01-02 21:00:00,27.3945
7926,2024-01-02 21:15:00,27.3945
7927,2024-01-02 21:30:00,27.3945
7928,2024-01-02 21:45:00,27.3945
7929,2024-01-02 22:00:00,27.3945
7930,2024-01-02 22:15:00,27.3945
7931,2024-01-02 22:30:00,27.3945
7932,2024-01-02 22:45:00,27.3945
7933,2024-01-02 23:00:00,27.3945
7934,2024-01-02 23:15:00,27.382
7935,2024-01-02 23:30:00,27.37
7936,2024-01-02 23:45:00,27.37
7937,2024-01-03 00:00:00,27.37
7938,2024-01-03 00:15:00,27.37
7939,2024-01-03 00:30:00,27.358
7940,2024-01-03 00:45:00,27.3455
7941,2024-01-03 01:00:00,27.358
7942,2024-01-03 01:15:00,27.3455
7943,2024-01-03 01:30:00,27.3205
7944,2024-01-03 01:45:00,27.3205
7945,2024-01-03 02:00:00,27.3205
7946,2024-01-03 02:15:00,27.296
7947,2024-01-03 02:30:00,27.296
7948,2024-01-03 02:45:00,27.284
7949,2024-01-03 03:00:00,27.2715
7950,2024-01-03 03:15:00,27.2715
7951,2024-01-03 03:30:00,27.2715
7952,2024-01-03 03:45:00,27.2715
7953,2024-01-03 04:00:00,27.2595
7954,2024-01-03 04:15:00,27.247
7955,2024-01-03 04:30:00,27.247
7956,2024-01-03 04:45:00,27.235
7957,2024-01-03 05:00:00,27.235
7958,2024-01-03 05:15:00,27.235
7959,2024-01-03 05:30:00,27.235
7960,2024-01-03 05:45:00,27.235
7961,2024-01-03 06:00:00,27.2225
7962,2024-01-03 06:15:00,27.2225
7963,2024-01-03 06:30:00,27.2225
7964,2024-01-03 06:45:00,27.198
7965,2024-01-03 07:00:00,27.198
7966,2024-01-03 07:15:00,27.198
7967,2024-01-03 07:30:00,27.198
7968,2024-01-03 07:45:00,27.198
7969,2024-01-03 08:00:00,27.1855
7970,2024-01-03 08:15:00,27.2225
7971,2024-01-03 08:30:00,27.2105
7972,2024-01-03 08:45:00,27.2345
7973,2024-01-03 09:00:00,27.2595
7974,2024-01-03 09:15:00,27.2715
7975,2024-01-03 09:30:00,27.333
7976,2024-01-03 09:45:00,27.3205
7977,2024-01-03 10:00:00,27.3455
7978,2024-01-03 10:15:00,27.3945
7979,2024-01-03 10:30:00,27.4065
7980,2024-01-03 10:45:00,27.419
7981,2024-01-03 11:00:00,27.419
7982,2024-01-03 11:15:00,27.456000000000003
7983,2024-01-03 11:30:00,27.493
7984,2024-01-03 11:45:00,27.5055
7985,2024-01-03 12:00:00,27.5055
7986,2024-01-03 12:15:00,27.5295
7987,2024-01-03 12:30:00,27.5175
7988,2024-01-03 12:45:00,27.5295
7989,2024-01-03 13:00:00,27.5175
7990,2024-01-03 13:15:00,27.5175
7991,2024-01-03 13:30:00,27.5175
7992,2024-01-03 13:45:00,27.542
7993,2024-01-03 14:00:00,27.542
7994,2024-01-03 14:15:00,27.542
7995,2024-01-03 14:30:00,27.5665
7996,2024-01-03 14:45:00,27.579
7997,2024-01-03 15:00:00,27.5175
7998,2024-01-03 15:15:00,27.493
7999,2024-01-03 15:30:00,27.481
8000,2024-01-03 15:45:00,27.493
8001,2024-01-03 16:00:00,27.493
8002,2024-01-03 16:15:00,27.481
8003,2024-01-03 16:30:00,27.456
8004,2024-01-03 16:45:00,27.456
8005,2024-01-03 17:00:00,27.4435
8006,2024-01-03 17:15:00,27.4435
8007,2024-01-03 17:30:00,27.431
8008,2024-01-03 17:45:00,27.419
8009,2024-01-03 18:00:00,27.419
8010,2024-01-03 18:15:00,27.419
8011,2024-01-03 18:30:00,27.407
8012,2024-01-03 18:45:00,27.407
8013,2024-01-03 19:00:00,27.407
8014,2024-01-03 19:15:00,27.407
8015,2024-01-03 19:30:00,27.407
8016,2024-01-03 19:45:00,27.3945
8017,2024-01-03 20:00:00,27.407
8018,2024-01-03 20:15:00,27.407
8019,2024-01-03 20:30:00,27.419
8020,2024-01-03 20:45:00,27.419
8021,2024-01-03 21:00:00,27.419
8022,2024-01-03 21:15:00,27.419
8023,2024-01-03 21:30:00,27.407
8024,2024-01-03 21:45:00,27.3945
8025,2024-01-03 22:00:00,27.3945
8026,2024-01-03 22:15:00,27.3945
8027,2024-01-03 22:30:00,27.3945
8028,2024-01-03 22:45:00,27.3945
8029,2024-01-03 23:00:00,27.3945
8030,2024-01-03 23:15:00,27.3945
8031,2024-01-03 23:30:00,27.3945
8032,2024-01-03 23:45:00,27.3945
8033,2024-01-04 00:00:00,27.3945
8034,2024-01-04 00:15:00,27.3945
8035,2024-01-04 00:30:00,27.37
8036,2024-01-04 00:45:00,27.37
8037,2024-01-04 01:00:00,27.37
8038,2024-01-04 01:15:00,27.358
8039,2024-01-04 01:30:00,27.3455
8040,2024-01-04 01:45:00,27.3455
8041,2024-01-04 02:00:00,27.3205
8042,2024-01-04 02:15:00,27.2715
8043,2024-01-04 02:30:00,27.247
8044,2024-01-04 02:45:00,27.2225
8045,2024-01-04 03:00:00,27.21
8046,2024-01-04 03:15:00,27.235
8047,2024-01-04 03:30:00,27.247
8048,2024-01-04 03:45:00,27.259
8049,2024-01-04 04:00:00,27.259
8050,2024-01-04 04:15:00,27.247
8051,2024-01-04 04:30:00,27.235
8052,2024-01-04 04:45:00,27.2225
8053,2024-01-04 05:00:00,27.21
8054,2024-01-04 05:15:00,27.21
8055,2024-01-04 05:30:00,27.21
8056,2024-01-04 05:45:00,27.235
8057,2024-01-04 06:00:00,27.235
8058,2024-01-04 06:15:00,27.235
8059,2024-01-04 06:30:00,27.235
8060,2024-01-04 06:45:00,27.235
8061,2024-01-04 07:00:00,27.235
8062,2024-01-04 07:15:00,27.2225
8063,2024-01-04 07:30:00,27.235
8064,2024-01-04 07:45:00,27.235
8065,2024-01-04 08:00:00,27.235
8066,2024-01-04 08:15:00,27.235
8067,2024-01-04 08:30:00,27.247
8068,2024-01-04 08:45:00,27.2595
8069,2024-01-04 09:00:00,27.3455
8070,2024-01-04 09:15:00,27.3575
8071,2024-01-04 09:30:00,27.3575
8072,2024-01-04 09:45:00,27.37
8073,2024-01-04 10:00:00,27.382
8074,2024-01-04 10:15:00,27.419
8075,2024-01-04 10:30:00,27.456000000000003
8076,2024-01-04 10:45:00,27.4685
8077,2024-01-04 11:00:00,27.505
8078,2024-01-04 11:15:00,27.493
8079,2024-01-04 11:30:00,27.5175
8080,2024-01-04 11:45:00,27.5175
8081,2024-01-04 12:00:00,27.5175
8082,2024-01-04 12:15:00,27.5175
8083,2024-01-04 12:30:00,27.53
8084,2024-01-04 12:45:00,27.542
8085,2024-01-04 13:00:00,27.542
8086,2024-01-04 13:15:00,27.5665
8087,2024-01-04 13:30:00,27.5665
8088,2024-01-04 13:45:00,27.5915
8089,2024-01-04 14:00:00,27.6035
8090,2024-01-04 14:15:00,27.6285
8091,2024-01-04 14:30:00,27.6285
8092,2024-01-04 14:45:00,27.6525
8093,2024-01-04 15:00:00,27.665
8094,2024-01-04 15:15:00,27.665
8095,2024-01-04 15:30:00,27.6895
8096,2024-01-04 15:45:00,27.677
8097,2024-01-04 16:00:00,27.653
8098,2024-01-04 16:15:00,27.6775
8099,2024-01-04 16:30:00,27.677
8100,2024-01-04 16:45:00,27.665
8101,2024-01-04 17:00:00,27.628
8102,2024-01-04 17:15:00,27.616
8103,2024-01-04 17:30:00,27.616
8104,2024-01-04 17:45:00,27.616
8105,2024-01-04 18:00:00,27.616
8106,2024-01-04 18:15:00,27.604
8107,2024-01-04 18:30:00,27.5915
8108,2024-01-04 18:45:00,27.5665
8109,2024-01-04 19:00:00,27.5665
8110,2024-01-04 19:15:00,27.5915
8111,2024-01-04 19:30:00,27.604
8112,2024-01-04 19:45:00,27.604
8113,2024-01-04 20:00:00,27.616
8114,2024-01-04 20:15:00,27.591
8115,2024-01-04 20:30:00,27.5915
8116,2024-01-04 20:45:00,27.5915
8117,2024-01-04 21:00:00,27.579
8118,2024-01-04 21:15:00,27.554
8119,2024-01-04 21:30:00,27.542
8120,2024-01-04 21:45:00,27.5175
8121,2024-01-04 22:00:00,27.505
8122,2024-01-04 22:15:00,27.505
8123,2024-01-04 22:30:00,27.493
8124,2024-01-04 22:45:00,27.493
8125,2024-01-04 23:00:00,27.493
8126,2024-01-04 23:15:00,27.493
8127,2024-01-04 23:30:00,27.481
8128,2024-01-04 23:45:00,27.481
8129,2024-01-05 00:00:00,27.481
8130,2024-01-05 00:15:00,27.493
8131,2024-01-05 00:30:00,27.493
8132,2024-01-05 00:45:00,27.493
8133,2024-01-05 01:00:00,27.505
8134,2024-01-05 01:15:00,27.505
8135,2024-01-05 01:30:00,27.5175
8136,2024-01-05 01:45:00,27.5175
8137,2024-01-05 02:00:00,27.5175
8138,2024-01-05 02:15:00,27.53
8139,2024-01-05 02:30:00,27.53
8140,2024-01-05 02:45:00,27.53
8141,2024-01-05 03:00:00,27.53
8142,2024-01-05 03:15:00,27.542
8143,2024-01-05 03:30:00,27.542
8144,2024-01-05 03:45:00,27.542
8145,2024-01-05 04:00:00,27.542
8146,2024-01-05 04:15:00,27.542
8147,2024-01-05 04:30:00,27.5175
8148,2024-01-05 04:45:00,27.493
8149,2024-01-05 05:00:00,27.493
8150,2024-01-05 05:15:00,27.4685
8151,2024-01-05 05:30:00,27.4685
8152,2024-01-05 05:45:00,27.456
8153,2024-01-05 06:00:00,27.4435
8154,2024-01-05 06:15:00,27.4435
8155,2024-01-05 06:30:00,27.431
8156,2024-01-05 06:45:00,27.431
8157,2024-01-05 07:00:00,27.431
8158,2024-01-05 07:15:00,27.419
8159,2024-01-05 07:30:00,27.419
8160,2024-01-05 07:45:00,27.419
8161,2024-01-05 08:00:00,27.407
8162,2024-01-05 08:15:00,27.419
8163,2024-01-05 08:30:00,27.419
8164,2024-01-05 08:45:00,27.431
8165,2024-01-05 09:00:00,27.468
8166,2024-01-05 09:15:00,27.468
8167,2024-01-05 09:30:00,27.5055
8168,2024-01-05 09:45:00,27.5175
8169,2024-01-05 10:00:00,27.542
8170,2024-01-05 10:15:00,27.542
8171,2024-01-05 10:30:00,27.5665
8172,2024-01-05 10:45:00,27.5665
8173,2024-01-05 11:00:00,27.5545
8174,2024-01-05 11:15:00,27.579
8175,2024-01-05 11:30:00,27.6035
8176,2024-01-05 11:45:00,27.6035
8177,2024-01-05 12:00:00,27.616
8178,2024-01-05 12:15:00,27.6405
8179,2024-01-05 12:30:00,27.628
8180,2024-01-05 12:45:00,27.604
8181,2024-01-05 13:00:00,27.604
8182,2024-01-05 13:15:00,27.628
8183,2024-01-05 13:30:00,27.628
8184,2024-01-05 13:45:00,27.616
8185,2024-01-05 14:00:00,27.653
8186,2024-01-05 14:15:00,27.6775
8187,2024-01-05 14:30:00,27.665
8188,2024-01-05 14:45:00,27.628
8189,2024-01-05 15:00:00,27.5915
8190,2024-01-05 15:15:00,27.5915
8191,2024-01-05 15:30:00,27.5915
8192,2024-01-05 15:45:00,27.579
8193,2024-01-05 16:00:00,27.579
8194,2024-01-05 16:15:00,27.579
8195,2024-01-05 16:30:00,27.579
8196,2024-01-05 16:45:00,27.5665
8197,2024-01-05 17:00:00,27.5665
8198,2024-01-05 17:15:00,27.554
8199,2024-01-05 17:30:00,27.542
8200,2024-01-05 17:45:00,27.542
8201,2024-01-05 18:00:00,27.542
8202,2024-01-05 18:15:00,27.542
8203,2024-01-05 18:30:00,27.542
8204,2024-01-05 18:45:00,27.542
8205,2024-01-05 19:00:00,27.542
8206,2024-01-05 19:15:00,27.542
8207,2024-01-05 19:30:00,27.542
8208,2024-01-05 19:45:00,27.554
8209,2024-01-05 20:00:00,27.5665
8210,2024-01-05 20:15:00,27.604
8211,2024-01-05 20:30:00,27.5915
8212,2024-01-05 20:45:00,27.5915
8213,2024-01-05 21:00:00,27.604
8214,2024-01-05 21:15:00,27.616
8215,2024-01-05 21:30:00,27.6035
8216,2024-01-05 21:45:00,27.6035
8217,2024-01-05 22:00:00,27.579
8218,2024-01-05 22:15:00,27.579
8219,2024-01-05 22:30:00,27.5665
8220,2024-01-05 22:45:00,27.5665
8221,2024-01-05 23:00:00,27.579
8222,2024-01-05 23:15:00,27.579
8223,2024-01-05 23:30:00,27.5665
8224,2024-01-05 23:45:00,27.5665
8225,2024-01-06 00:00:00,27.5665
8226,2024-01-06 00:15:00,27.554
8227,2024-01-06 00:30:00,27.554
8228,2024-01-06 00:45:00,27.554
8229,2024-01-06 01:00:00,27.554
8230,2024-01-06 01:15:00,27.554
8231,2024-01-06 01:30:00,27.554
8232,2024-01-06 01:45:00,27.542
8233,2024-01-06 02:00:00,27.542
8234,2024-01-06 02:15:00,27.542
8235,2024-01-06 02:30:00,27.53
8236,2024-01-06 02:45:00,27.53
8237,2024-01-06 03:00:00,27.53
8238,2024-01-06 03:15:00,27.542
8239,2024-01-06 03:30:00,27.53
8240,2024-01-06 03:45:00,27.5175
8241,2024-01-06 04:00:00,27.5175
8242,2024-01-06 04:15:00,27.5175
8243,2024-01-06 04:30:00,27.5175
8244,2024-01-06 04:45:00,27.5175
8245,2024-01-06 05:00:00,27.5175
8246,2024-01-06 05:15:00,27.5175
8247,2024-01-06 05:30:00,27.4805
8248,2024-01-06 05:45:00,27.419
8249,2024-01-06 06:00:00,27.419
8250,2024-01-06 06:15:00,27.419
8251,2024-01-06 06:30:00,27.407
8252,2024-01-06 06:45:00,27.3945
8253,2024-01-06 07:00:00,27.407
8254,2024-01-06 07:15:00,27.407
8255,2024-01-06 07:30:00,27.407
8256,2024-01-06 07:45:00,27.3945
8257,2024-01-06 08:00:00,27.407
8258,2024-01-06 08:15:00,27.407
8259,2024-01-06 08:30:00,27.419
8260,2024-01-06 08:45:00,27.419
8261,2024-01-06 09:00:00,27.4435
8262,2024-01-06 09:15:00,27.456
8263,2024-01-06 09:30:00,27.4685
8264,2024-01-06 09:45:00,27.4805
8265,2024-01-06 10:00:00,27.5175
8266,2024-01-06 10:15:00,27.5175
8267,2024-01-06 10:30:00,27.5175
8268,2024-01-06 10:45:00,27.5175
8269,2024-01-06 11:00:00,27.505
8270,2024-01-06 11:15:00,27.5175
8271,2024-01-06 11:30:00,27.5175
8272,2024-01-06 11:45:00,27.5175
8273,2024-01-06 12:00:00,27.542
8274,2024-01-06 12:15:00,27.554
8275,2024-01-06 12:30:00,27.554
8276,2024-01-06 12:45:00,27.5915
8277,2024-01-06 13:00:00,27.5665
8278,2024-01-06 13:15:00,27.579
8279,2024-01-06 13:30:00,27.5665
8280,2024-01-06 13:45:00,27.554
8281,2024-01-06 14:00:00,27.554
8282,2024-01-06 14:15:00,27.554
8283,2024-01-06 14:30:00,27.5665
8284,2024-01-06 14:45:00,27.5665
8285,2024-01-06 15:00:00,27.5665
8286,2024-01-06 15:15:00,27.5665
8287,2024-01-06 15:30:00,27.5665
8288,2024-01-06 15:45:00,27.5665
8289,2024-01-06 16:00:00,27.5665
8290,2024-01-06 16:15:00,27.5665
8291,2024-01-06 16:30:00,27.5665
8292,2024-01-06 16:45:00,27.5665
8293,2024-01-06 17:00:00,27.5665
8294,2024-01-06 17:15:00,27.5665
8295,2024-01-06 17:30:00,27.579
8296,2024-01-06 17:45:00,27.5915
8297,2024-01-06 18:00:00,27.5915
8298,2024-01-06 18:15:00,27.5915
8299,2024-01-06 18:30:00,27.604
8300,2024-01-06 18:45:00,27.5915
8301,2024-01-06 19:00:00,27.5915
8302,2024-01-06 19:15:00,27.579
8303,2024-01-06 19:30:00,27.579
8304,2024-01-06 19:45:00,27.5665
8305,2024-01-06 20:00:00,27.5665
8306,2024-01-06 20:15:00,27.554
8307,2024-01-06 20:30:00,27.554
8308,2024-01-06 20:45:00,27.554
8309,2024-01-06 21:00:00,27.542
8310,2024-01-06 21:15:00,27.554
8311,2024-01-06 21:30:00,27.542
8312,2024-01-06 21:45:00,27.542
8313,2024-01-06 22:00:00,27.542
8314,2024-01-06 22:15:00,27.542
8315,2024-01-06 22:30:00,27.53
8316,2024-01-06 22:45:00,27.5175
8317,2024-01-06 23:00:00,27.5175
8318,2024-01-06 23:15:00,27.505
8319,2024-01-06 23:30:00,27.493
8320,2024-01-06 23:45:00,27.481
8321,2024-01-07 00:00:00,27.4685
8322,2024-01-07 00:15:00,27.456
8323,2024-01-07 00:30:00,27.4435
8324,2024-01-07 00:45:00,27.4435
8325,2024-01-07 01:00:00,27.419
8326,2024-01-07 01:15:00,27.407
8327,2024-01-07 01:30:00,27.3945
8328,2024-01-07 01:45:00,27.3945
8329,2024-01-07 02:00:00,27.37
8330,2024-01-07 02:15:00,27.37
8331,2024-01-07 02:30:00,27.3455
8332,2024-01-07 02:45:00,27.3455
8333,2024-01-07 03:00:00,27.333
8334,2024-01-07 03:15:00,27.3205
8335,2024-01-07 03:30:00,27.3205
8336,2024-01-07 03:45:00,27.333
8337,2024-01-07 04:00:00,27.333
8338,2024-01-07 04:15:00,27.333
8339,2024-01-07 04:30:00,27.333
8340,2024-01-07 04:45:00,27.3205
8341,2024-01-07 05:00:00,27.308
8342,2024-01-07 05:15:00,27.296
8343,2024-01-07 05:30:00,27.308
8344,2024-01-07 05:45:00,27.308
8345,2024-01-07 06:00:00,27.3205
8346,2024-01-07 06:15:00,27.308
8347,2024-01-07 06:30:00,27.296
8348,2024-01-07 06:45:00,27.2715
8349,2024-01-07 07:00:00,27.284
8350,2024-01-07 07:15:00,27.284
8351,2024-01-07 07:30:00,27.259
8352,2024-01-07 07:45:00,27.259
8353,2024-01-07 08:00:00,27.284
8354,2024-01-07 08:15:00,27.284
8355,2024-01-07 08:30:00,27.284
8356,2024-01-07 08:45:00,27.284
8357,2024-01-07 09:00:00,27.296
8358,2024-01-07 09:15:00,27.3205
8359,2024-01-07 09:30:00,27.333
8360,2024-01-07 09:45:00,27.358
8361,2024-01-07 10:00:00,27.3945
8362,2024-01-07 10:15:00,27.431
8363,2024-01-07 10:30:00,27.4435
8364,2024-01-07 10:45:00,27.4685
8365,2024-01-07 11:00:00,27.493
8366,2024-01-07 11:15:00,27.53
8367,2024-01-07 11:30:00,27.542
8368,2024-01-07 11:45:00,27.554
8369,2024-01-07 12:00:00,27.554
8370,2024-01-07 12:15:00,27.554
8371,2024-01-07 12:30:00,27.5915
8372,2024-01-07 12:45:00,27.616
8373,2024-01-07 13:00:00,27.616
8374,2024-01-07 13:15:00,27.628
8375,2024-01-07 13:30:00,27.6285
8376,2024-01-07 13:45:00,27.6405
8377,2024-01-07 14:00:00,27.628
8378,2024-01-07 14:15:00,27.628
8379,2024-01-07 14:30:00,27.6405
8380,2024-01-07 14:45:00,27.6405
8381,2024-01-07 15:00:00,27.6405
8382,2024-01-07 15:15:00,27.6405
8383,2024-01-07 15:30:00,27.628
8384,2024-01-07 15:45:00,27.6405
8385,2024-01-07 16:00:00,27.665
8386,2024-01-07 16:15:00,27.665
8387,2024-01-07 16:30:00,27.6895
8388,2024-01-07 16:45:00,27.677
8389,2024-01-07 17:00:00,27.6895
8390,2024-01-07 17:15:00,27.6895
8391,2024-01-07 17:30:00,27.6895
8392,2024-01-07 17:45:00,27.6895
8393,2024-01-07 18:00:00,27.6895
8394,2024-01-07 18:15:00,27.677
8395,2024-01-07 18:30:00,27.665
8396,2024-01-07 18:45:00,27.653
8397,2024-01-07 19:00:00,27.653
8398,2024-01-07 19:15:00,27.653
8399,2024-01-07 19:30:00,27.653
8400,2024-01-07 19:45:00,27.6405
8401,2024-01-07 20:00:00,27.628
8402,2024-01-07 20:15:00,27.616
8403,2024-01-07 20:30:00,27.604
8404,2024-01-07 20:45:00,27.604
8405,2024-01-07 21:00:00,27.604
8406,2024-01-07 21:15:00,27.5915
8407,2024-01-07 21:30:00,27.5915
8408,2024-01-07 21:45:00,27.579
8409,2024-01-07 22:00:00,27.5665
8410,2024-01-07 22:15:00,27.554
8411,2024-01-07 22:30:00,27.554
8412,2024-01-07 22:45:00,27.542
8413,2024-01-07 23:00:00,27.542
8414,2024-01-07 23:15:00,27.542
8415,2024-01-07 23:30:00,27.542
8416,2024-01-07 23:45:00,27.53
8417,2024-01-08 00:00:00,27.53
8418,2024-01-08 00:15:00,27.53
8419,2024-01-08 00:30:00,27.53
8420,2024-01-08 00:45:00,27.53
8421,2024-01-08 01:00:00,27.53
8422,2024-01-08 01:15:00,27.53
8423,2024-01-08 01:30:00,27.5175
8424,2024-01-08 01:45:00,27.5175
8425,2024-01-08 02:00:00,27.5175
8426,2024-01-08 02:15:00,27.5175
8427,2024-01-08 02:30:00,27.5175
8428,2024-01-08 02:45:00,27.5295
8429,2024-01-08 03:00:00,27.5175
8430,2024-01-08 03:15:00,27.53
8431,2024-01-08 03:30:00,27.554
8432,2024-01-08 03:45:00,27.5665
8433,2024-01-08 04:00:00,27.5665
8434,2024-01-08 04:15:00,27.5545
8435,2024-01-08 04:30:00,27.554
8436,2024-01-08 04:45:00,27.579
8437,2024-01-08 05:00:00,27.5915
8438,2024-01-08 05:15:00,27.5915
8439,2024-01-08 05:30:00,27.5545
8440,2024-01-08 05:45:00,27.5295
8441,2024-01-08 06:00:00,27.493
8442,2024-01-08 06:15:00,27.4685
8443,2024-01-08 06:30:00,27.4685
8444,2024-01-08 06:45:00,27.4435
8445,2024-01-08 07:00:00,27.419
8446,2024-01-08 07:15:00,27.419
8447,2024-01-08 07:30:00,27.419
8448,2024-01-08 07:45:00,27.419
8449,2024-01-08 08:00:00,27.419
8450,2024-01-08 08:15:00,27.419
8451,2024-01-08 08:30:00,27.431
8452,2024-01-08 08:45:00,27.431
8453,2024-01-08 09:00:00,27.419
8454,2024-01-08 09:15:00,27.4435
8455,2024-01-08 09:30:00,27.4435
8456,2024-01-08 09:45:00,27.456
8457,2024-01-08 10:00:00,27.481
8458,2024-01-08 10:15:00,27.5175
8459,2024-01-08 10:30:00,27.53
8460,2024-01-08 10:45:00,27.5545
8461,2024-01-08 11:00:00,27.5915
8462,2024-01-08 11:15:00,27.616
8463,2024-01-08 11:30:00,27.604
8464,2024-01-08 11:45:00,27.5425
8465,2024-01-08 12:00:00,27.493
8466,2024-01-08 12:15:00,27.5545
8467,2024-01-08 12:30:00,27.5545
8468,2024-01-08 12:45:00,27.554
8469,2024-01-08 13:00:00,27.542
8470,2024-01-08 13:15:00,27.5915
8471,2024-01-08 13:30:00,27.579
8472,2024-01-08 13:45:00,27.604
8473,2024-01-08 14:00:00,27.6285
8474,2024-01-08 14:15:00,27.665
8475,2024-01-08 14:30:00,27.677
8476,2024-01-08 14:45:00,27.6895
8477,2024-01-08 15:00:00,27.6895
8478,2024-01-08 15:15:00,27.7145
8479,2024-01-08 15:30:00,27.702
8480,2024-01-08 15:45:00,27.7145
8481,2024-01-08 16:00:00,27.7145
8482,2024-01-08 16:15:00,27.702
8483,2024-01-08 16:30:00,27.702
8484,2024-01-08 16:45:00,27.7145
8485,2024-01-08 17:00:00,27.7145
8486,2024-01-08 17:15:00,27.7145
8487,2024-01-08 17:30:00,27.7145
8488,2024-01-08 17:45:00,27.7145
8489,2024-01-08 18:00:00,27.702
8490,2024-01-08 18:15:00,27.6895
8491,2024-01-08 18:30:00,27.677
8492,2024-01-08 18:45:00,27.665
8493,2024-01-08 19:00:00,27.653
8494,2024-01-08 19:15:00,27.653
8495,2024-01-08 19:30:00,27.653
8496,2024-01-08 19:45:00,27.665
8497,2024-01-08 20:00:00,27.665
8498,2024-01-08 20:15:00,27.665
8499,2024-01-08 20:30:00,27.665
8500,2024-01-08 20:45:00,27.665
8501,2024-01-08 21:00:00,27.665
8502,2024-01-08 21:15:00,27.653
8503,2024-01-08 21:30:00,27.653
8504,2024-01-08 21:45:00,27.653
8505,2024-01-08 22:00:00,27.653
8506,2024-01-08 22:15:00,27.6405
8507,2024-01-08 22:30:00,27.6405
8508,2024-01-08 22:45:00,27.6405
8509,2024-01-08 23:00:00,27.6405
8510,2024-01-08 23:15:00,27.616
8511,2024-01-08 23:30:00,27.616
8512,2024-01-08 23:45:00,27.616
8513,2024-01-09 00:00:00,27.5915
8514,2024-01-09 00:15:00,27.5915
8515,2024-01-09 00:30:00,27.6035
8516,2024-01-09 00:45:00,27.616
8517,2024-01-09 01:00:00,27.616
8518,2024-01-09 01:15:00,27.6035
8519,2024-01-09 01:30:00,27.5915
8520,2024-01-09 01:45:00,27.5915
8521,2024-01-09 02:00:00,27.5915
8522,2024-01-09 02:15:00,27.5915
8523,2024-01-09 02:30:00,27.5915
8524,2024-01-09 02:45:00,27.5665
8525,2024-01-09 03:00:00,27.5545
8526,2024-01-09 03:15:00,27.493
8527,2024-01-09 03:30:00,27.456000000000003
8528,2024-01-09 03:45:00,27.4435
8529,2024-01-09 04:00:00,27.4435
8530,2024-01-09 04:15:00,27.4435
8531,2024-01-09 04:30:00,27.4435
8532,2024-01-09 04:45:00,27.4435
8533,2024-01-09 05:00:00,27.431
8534,2024-01-09 05:15:00,27.431
8535,2024-01-09 05:30:00,27.431
8536,2024-01-09 05:45:00,27.431
8537,2024-01-09 06:00:00,27.431
8538,2024-01-09 06:15:00,27.431
8539,2024-01-09 06:30:00,27.419
8540,2024-01-09 06:45:00,27.3455
8541,2024-01-09 07:00:00,27.333
8542,2024-01-09 07:15:00,27.3455
8543,2024-01-09 07:30:00,27.3455
8544,2024-01-09 07:45:00,27.358
8545,2024-01-09 08:00:00,27.37
8546,2024-01-09 08:15:00,27.382
8547,2024-01-09 08:30:00,27.407
8548,2024-01-09 08:45:00,27.407
8549,2024-01-09 09:00:00,27.431
8550,2024-01-09 09:15:00,27.431
8551,2024-01-09 09:30:00,27.431
8552,2024-01-09 09:45:00,27.431
8553,2024-01-09 10:00:00,27.456
8554,2024-01-09 10:15:00,27.4805
8555,2024-01-09 10:30:00,27.5175
8556,2024-01-09 10:45:00,27.53
8557,2024-01-09 11:00:00,27.542
8558,2024-01-09 11:15:00,27.542
8559,2024-01-09 11:30:00,27.554
8560,2024-01-09 11:45:00,27.5665
8561,2024-01-09 12:00:00,27.5665
8562,2024-01-09 12:15:00,27.616
8563,2024-01-09 12:30:00,27.6035
8564,2024-01-09 12:45:00,27.616
8565,2024-01-09 13:00:00,27.616
8566,2024-01-09 13:15:00,27.5915
8567,2024-01-09 13:30:00,27.6035
8568,2024-01-09 13:45:00,27.5915
8569,2024-01-09 14:00:00,27.5915
8570,2024-01-09 14:15:00,27.5915
8571,2024-01-09 14:30:00,27.604
8572,2024-01-09 14:45:00,27.604
8573,2024-01-09 15:00:00,27.5915
8574,2024-01-09 15:15:00,27.604
8575,2024-01-09 15:30:00,27.5915
8576,2024-01-09 15:45:00,27.5665
8577,2024-01-09 16:00:00,27.579
8578,2024-01-09 16:15:00,27.5665
8579,2024-01-09 16:30:00,27.579
8580,2024-01-09 16:45:00,27.579
8581,2024-01-09 17:00:00,27.5915
8582,2024-01-09 17:15:00,27.5915
8583,2024-01-09 17:30:00,27.5915
8584,2024-01-09 17:45:00,27.5915
8585,2024-01-09 18:00:00,27.5915
8586,2024-01-09 18:15:00,27.5915
8587,2024-01-09 18:30:00,27.5915
8588,2024-01-09 18:45:00,27.616
8589,2024-01-09 19:00:00,27.604
8590,2024-01-09 19:15:00,27.604
8591,2024-01-09 19:30:00,27.5915
8592,2024-01-09 19:45:00,27.579
8593,2024-01-09 20:00:00,27.579
8594,2024-01-09 20:15:00,27.5665
8595,2024-01-09 20:30:00,27.542
8596,2024-01-09 20:45:00,27.53
8597,2024-01-09 21:00:00,27.5175
8598,2024-01-09 21:15:00,27.505
8599,2024-01-09 21:30:00,27.493
8600,2024-01-09 21:45:00,27.493
8601,2024-01-09 22:00:00,27.493
8602,2024-01-09 22:15:00,27.4685
8603,2024-01-09 22:30:00,27.456000000000003
8604,2024-01-09 22:45:00,27.4435
8605,2024-01-09 23:00:00,27.4435
8606,2024-01-09 23:15:00,27.431
8607,2024-01-09 23:30:00,27.419
8608,2024-01-09 23:45:00,27.4065
8609,2024-01-10 00:00:00,27.3945
8610,2024-01-10 00:15:00,27.3945
8611,2024-01-10 00:30:00,27.37
8612,2024-01-10 00:45:00,27.37
8613,2024-01-10 01:00:00,27.37
8614,2024-01-10 01:15:00,27.3575
8615,2024-01-10 01:30:00,27.3455
8616,2024-01-10 01:45:00,27.3455
8617,2024-01-10 02:00:00,27.333
8618,2024-01-10 02:15:00,27.333
8619,2024-01-10 02:30:00,27.333
8620,2024-01-10 02:45:00,27.296
8621,2024-01-10 03:00:00,27.2595
8622,2024-01-10 03:15:00,27.247
8623,2024-01-10 03:30:00,27.2225
8624,2024-01-10 03:45:00,27.21
8625,2024-01-10 04:00:00,27.198
8626,2024-01-10 04:15:00,27.198
8627,2024-01-10 04:30:00,27.21
8628,2024-01-10 04:45:00,27.2225
8629,2024-01-10 05:00:00,27.247
8630,2024-01-10 05:15:00,27.284
8631,2024-01-10 05:30:00,27.284
8632,2024-01-10 05:45:00,27.296
8633,2024-01-10 06:00:00,27.308
8634,2024-01-10 06:15:00,27.3205
8635,2024-01-10 06:30:00,27.333
8636,2024-01-10 06:45:00,27.3205
8637,2024-01-10 07:00:00,27.333
8638,2024-01-10 07:15:00,27.3455
8639,2024-01-10 07:30:00,27.358
8640,2024-01-10 07:45:00,27.358
8641,2024-01-10 08:00:00,27.407
8642,2024-01-10 08:15:00,27.419
8643,2024-01-10 08:30:00,27.431
8644,2024-01-10 08:45:00,27.431
8645,2024-01-10 09:00:00,27.419
8646,2024-01-10 09:15:00,27.431
8647,2024-01-10 09:30:00,27.419
8648,2024-01-10 09:45:00,27.419
8649,2024-01-10 10:00:00,27.419
8650,2024-01-10 10:15:00,27.419
8651,2024-01-10 10:30:00,27.419
8652,2024-01-10 10:45:00,27.4315
8653,2024-01-10 11:00:00,27.456000000000003
8654,2024-01-10 11:15:00,27.493
8655,2024-01-10 11:30:00,27.542
8656,2024-01-10 11:45:00,27.5545
8657,2024-01-10 12:00:00,27.567
8658,2024-01-10 12:15:00,27.591
8659,2024-01-10 12:30:00,27.579
8660,2024-01-10 12:45:00,27.6405
8661,2024-01-10 13:00:00,27.665
8662,2024-01-10 13:15:00,27.677
8663,2024-01-10 13:30:00,27.702
8664,2024-01-10 13:45:00,27.702
8665,2024-01-10 14:00:00,27.69
8666,2024-01-10 14:15:00,27.677
8667,2024-01-10 14:30:00,27.6895
8668,2024-01-10 14:45:00,27.702
8669,2024-01-10 15:00:00,27.702
8670,2024-01-10 15:15:00,27.702
8671,2024-01-10 15:30:00,27.6895
8672,2024-01-10 15:45:00,27.6405
8673,2024-01-10 16:00:00,27.628
8674,2024-01-10 16:15:00,27.616
8675,2024-01-10 16:30:00,27.604
8676,2024-01-10 16:45:00,27.604
8677,2024-01-10 17:00:00,27.604
8678,2024-01-10 17:15:00,27.604
8679,2024-01-10 17:30:00,27.604
8680,2024-01-10 17:45:00,27.616
8681,2024-01-10 18:00:00,27.604
8682,2024-01-10 18:15:00,27.616
8683,2024-01-10 18:30:00,27.616
8684,2024-01-10 18:45:00,27.616
8685,2024-01-10 19:00:00,27.616
8686,2024-01-10 19:15:00,27.616
8687,2024-01-10 19:30:00,27.616
8688,2024-01-10 19:45:00,27.616
8689,2024-01-10 20:00:00,27.628
8690,2024-01-10 20:15:00,27.628
8691,2024-01-10 20:30:00,27.6405
8692,2024-01-10 20:45:00,27.6405
8693,2024-01-10 21:00:00,27.6405
8694,2024-01-10 21:15:00,27.628
8695,2024-01-10 21:30:00,27.628
8696,2024-01-10 21:45:00,27.616
8697,2024-01-10 22:00:00,27.604
8698,2024-01-10 22:15:00,27.5915
8699,2024-01-10 22:30:00,27.5915
8700,2024-01-10 22:45:00,27.5915
8701,2024-01-10 23:00:00,27.5915
8702,2024-01-10 23:15:00,27.579
8703,2024-01-10 23:30:00,27.579
8704,2024-01-10 23:45:00,27.579
8705,2024-01-11 00:00:00,27.5665
8706,2024-01-11 00:15:00,27.554
8707,2024-01-11 00:30:00,27.554
8708,2024-01-11 00:45:00,27.542
8709,2024-01-11 01:00:00,27.53
8710,2024-01-11 01:15:00,27.53
8711,2024-01-11 01:30:00,27.505
8712,2024-01-11 01:45:00,27.493
8713,2024-01-11 02:00:00,27.4685
8714,2024-01-11 02:15:00,27.4685
8715,2024-01-11 02:30:00,27.4685
8716,2024-01-11 02:45:00,27.4685
8717,2024-01-11 03:00:00,27.4685
8718,2024-01-11 03:15:00,27.4685
8719,2024-01-11 03:30:00,27.4435
8720,2024-01-11 03:45:00,27.419
8721,2024-01-11 04:00:00,27.419
8722,2024-01-11 04:15:00,27.419
8723,2024-01-11 04:30:00,27.3945
8724,2024-01-11 04:45:00,27.37
8725,2024-01-11 05:00:00,27.358
8726,2024-01-11 05:15:00,27.358
8727,2024-01-11 05:30:00,27.358
8728,2024-01-11 05:45:00,27.37
8729,2024-01-11 06:00:00,27.382
8730,2024-01-11 06:15:00,27.3945
8731,2024-01-11 06:30:00,27.3945
8732,2024-01-11 06:45:00,27.3945
8733,2024-01-11 07:00:00,27.4065
8734,2024-01-11 07:15:00,27.3945
8735,2024-01-11 07:30:00,27.382
8736,2024-01-11 07:45:00,27.382
8737,2024-01-11 08:00:00,27.382
8738,2024-01-11 08:15:00,27.4435
8739,2024-01-11 08:30:00,27.481
8740,2024-01-11 08:45:00,27.481
8741,2024-01-11 09:00:00,27.493
8742,2024-01-11 09:15:00,27.4685
8743,2024-01-11 09:30:00,27.456
8744,2024-01-11 09:45:00,27.481
8745,2024-01-11 10:00:00,27.505
8746,2024-01-11 10:15:00,27.53
8747,2024-01-11 10:30:00,27.53
8748,2024-01-11 10:45:00,27.53
8749,2024-01-11 11:00:00,27.53
8750,2024-01-11 11:15:00,27.5665
8751,2024-01-11 11:30:00,27.5915
8752,2024-01-11 11:45:00,27.616
8753,2024-01-11 12:00:00,27.616
8754,2024-01-11 12:15:00,27.616
8755,2024-01-11 12:30:00,27.6405
8756,2024-01-11 12:45:00,27.6405
8757,2024-01-11 13:00:00,27.702
8758,2024-01-11 13:15:00,27.6895
8759,2024-01-11 13:30:00,27.727
8760,2024-01-11 13:45:00,27.665
8761,2024-01-11 14:00:00,27.591
8762,2024-01-11 14:15:00,27.5915
8763,2024-01-11 14:30:00,27.579
8764,2024-01-11 14:45:00,27.53
8765,2024-01-11 15:00:00,27.554
8766,2024-01-11 15:15:00,27.5915
8767,2024-01-11 15:30:00,27.554
8768,2024-01-11 15:45:00,27.579
8769,2024-01-11 16:00:00,27.5915
8770,2024-01-11 16:15:00,27.5915
8771,2024-01-11 16:30:00,27.616
8772,2024-01-11 16:45:00,27.628
8773,2024-01-11 17:00:00,27.6405
8774,2024-01-11 17:15:00,27.616
8775,2024-01-11 17:30:00,27.5915
8776,2024-01-11 17:45:00,27.5915
8777,2024-01-11 18:00:00,27.5915
8778,2024-01-11 18:15:00,27.5915
8779,2024-01-11 18:30:00,27.5915
8780,2024-01-11 18:45:00,27.5915
8781,2024-01-11 19:00:00,27.5915
8782,2024-01-11 19:15:00,27.616
8783,2024-01-11 19:30:00,27.616
8784,2024-01-11 19:45:00,27.616
8785,2024-01-11 20:00:00,27.604
8786,2024-01-11 20:15:00,27.5915
8787,2024-01-11 20:30:00,27.604
8788,2024-01-11 20:45:00,27.604
8789,2024-01-11 21:00:00,27.616
8790,2024-01-11 21:15:00,27.616
8791,2024-01-11 21:30:00,27.628
8792,2024-01-11 21:45:00,27.628
8793,2024-01-11 22:00:00,27.6405
8794,2024-01-11 22:15:00,27.628
8795,2024-01-11 22:30:00,27.628
8796,2024-01-11 22:45:00,27.628
8797,2024-01-11 23:00:00,27.616
8798,2024-01-11 23:15:00,27.604
8799,2024-01-11 23:30:00,27.579
8800,2024-01-11 23:45:00,27.579
8801,2024-01-12 00:00:00,27.579
8802,2024-01-12 00:15:00,27.5665
8803,2024-01-12 00:30:00,27.5665
8804,2024-01-12 00:45:00,27.554
8805,2024-01-12 01:00:00,27.542
8806,2024-01-12 01:15:00,27.53
8807,2024-01-12 01:30:00,27.5175
8808,2024-01-12 01:45:00,27.493
8809,2024-01-12 02:00:00,27.493
8810,2024-01-12 02:15:00,27.4685
8811,2024-01-12 02:30:00,27.4435
8812,2024-01-12 02:45:00,27.419
8813,2024-01-12 03:00:00,27.4065
8814,2024-01-12 03:15:00,27.3945
8815,2024-01-12 03:30:00,27.3825
8816,2024-01-12 03:45:00,27.3825
8817,2024-01-12 04:00:00,27.37
8818,2024-01-12 04:15:00,27.37
8819,2024-01-12 04:30:00,27.382
8820,2024-01-12 04:45:00,27.3945
8821,2024-01-12 05:00:00,27.419
8822,2024-01-12 05:15:00,27.4435
8823,2024-01-12 05:30:00,27.4435
8824,2024-01-12 05:45:00,27.4315
8825,2024-01-12 06:00:00,27.419
8826,2024-01-12 06:15:00,27.3945
8827,2024-01-12 06:30:00,27.3825
8828,2024-01-12 06:45:00,27.333
8829,2024-01-12 07:00:00,27.3205
8830,2024-01-12 07:15:00,27.3575
8831,2024-01-12 07:30:00,27.3945
8832,2024-01-12 07:45:00,27.419
8833,2024-01-12 08:00:00,27.419
8834,2024-01-12 08:15:00,27.419
8835,2024-01-12 08:30:00,27.419
8836,2024-01-12 08:45:00,27.419
8837,2024-01-12 09:00:00,27.3455
8838,2024-01-12 09:15:00,27.308
8839,2024-01-12 09:30:00,27.2715
8840,2024-01-12 09:45:00,27.284
8841,2024-01-12 10:00:00,27.3205
8842,2024-01-12 10:15:00,27.3455
8843,2024-01-12 10:30:00,27.4065
8844,2024-01-12 10:45:00,27.4435
8845,2024-01-12 11:00:00,27.431
8846,2024-01-12 11:15:00,27.456
8847,2024-01-12 11:30:00,27.53
8848,2024-01-12 11:45:00,27.5915
8849,2024-01-12 12:00:00,27.628
8850,2024-01-12 12:15:00,27.628
8851,2024-01-12 12:30:00,27.6405
8852,2024-01-12 12:45:00,27.6405
8853,2024-01-12 13:00:00,27.5915
8854,2024-01-12 13:15:00,27.604
8855,2024-01-12 13:30:00,27.604
8856,2024-01-12 13:45:00,27.604
8857,2024-01-12 14:00:00,27.604
8858,2024-01-12 14:15:00,27.628
8859,2024-01-12 14:30:00,27.628
8860,2024-01-12 14:45:00,27.628
8861,2024-01-12 15:00:00,27.628
8862,2024-01-12 15:15:00,27.616
8863,2024-01-12 15:30:00,27.579
8864,2024-01-12 15:45:00,27.579
8865,2024-01-12 16:00:00,27.5665
8866,2024-01-12 16:15:00,27.554
8867,2024-01-12 16:30:00,27.554
8868,2024-01-12 16:45:00,27.5665
8869,2024-01-12 17:00:00,27.5665
8870,2024-01-12 17:15:00,27.5665
8871,2024-01-12 17:30:00,27.5665
8872,2024-01-12 17:45:00,27.5665
8873,2024-01-12 18:00:00,27.5665
8874,2024-01-12 18:15:00,27.5665
8875,2024-01-12 18:30:00,27.5665
8876,2024-01-12 18:45:00,27.5665
8877,2024-01-12 19:00:00,27.579
8878,2024-01-12 19:15:00,27.5915
8879,2024-01-12 19:30:00,27.5915
8880,2024-01-12 19:45:00,27.5915
8881,2024-01-12 20:00:00,27.604
8882,2024-01-12 20:15:00,27.604
8883,2024-01-12 20:30:00,27.604
8884,2024-01-12 20:45:00,27.579
8885,2024-01-12 21:00:00,27.579
8886,2024-01-12 21:15:00,27.579
8887,2024-01-12 21:30:00,27.579
8888,2024-01-12 21:45:00,27.579
8889,2024-01-12 22:00:00,27.5665
8890,2024-01-12 22:15:00,27.5665
8891,2024-01-12 22:30:00,27.5665
8892,2024-01-12 22:45:00,27.53
8893,2024-01-12 23:00:00,27.493
8894,2024-01-12 23:15:00,27.493
8895,2024-01-12 23:30:00,27.493
8896,2024-01-12 23:45:00,27.4685
8897,2024-01-13 00:00:00,27.4685
8898,2024-01-13 00:15:00,27.4685
8899,2024-01-13 00:30:00,27.456
8900,2024-01-13 00:45:00,27.4435
8901,2024-01-13 01:00:00,27.431
8902,2024-01-13 01:15:00,27.419
8903,2024-01-13 01:30:00,27.419
8904,2024-01-13 01:45:00,27.419
8905,2024-01-13 02:00:00,27.419
8906,2024-01-13 02:15:00,27.3945
8907,2024-01-13 02:30:00,27.37
8908,2024-01-13 02:45:00,27.3455
8909,2024-01-13 03:00:00,27.3455
8910,2024-01-13 03:15:00,27.3455
8911,2024-01-13 03:30:00,27.37
8912,2024-01-13 03:45:00,27.3575
8913,2024-01-13 04:00:00,27.37
8914,2024-01-13 04:15:00,27.3825
8915,2024-01-13 04:30:00,27.407
8916,2024-01-13 04:45:00,27.4315
8917,2024-01-13 05:00:00,27.4065
8918,2024-01-13 05:15:00,27.333
8919,2024-01-13 05:30:00,27.3455
8920,2024-01-13 05:45:00,27.37
8921,2024-01-13 06:00:00,27.3945
8922,2024-01-13 06:15:00,27.419
8923,2024-01-13 06:30:00,27.4685
8924,2024-01-13 06:45:00,27.4685
8925,2024-01-13 07:00:00,27.481
8926,2024-01-13 07:15:00,27.493
8927,2024-01-13 07:30:00,27.493
8928,2024-01-13 07:45:00,27.493
8929,2024-01-13 08:00:00,27.481
8930,2024-01-13 08:15:00,27.493
8931,2024-01-13 08:30:00,27.505
8932,2024-01-13 08:45:00,27.505
8933,2024-01-13 09:00:00,27.53
8934,2024-01-13 09:15:00,27.53
8935,2024-01-13 09:30:00,27.542
8936,2024-01-13 09:45:00,27.554
8937,2024-01-13 10:00:00,27.5665
8938,2024-01-13 10:15:00,27.5665
8939,2024-01-13 10:30:00,27.5665
8940,2024-01-13 10:45:00,27.554
8941,2024-01-13 11:00:00,27.579
8942,2024-01-13 11:15:00,27.5915
8943,2024-01-13 11:30:00,27.616
8944,2024-01-13 11:45:00,27.5915
8945,2024-01-13 12:00:00,27.579
8946,2024-01-13 12:15:00,27.604
8947,2024-01-13 12:30:00,27.604
8948,2024-01-13 12:45:00,27.616
8949,2024-01-13 13:00:00,27.616
8950,2024-01-13 13:15:00,27.604
8951,2024-01-13 13:30:00,27.604
8952,2024-01-13 13:45:00,27.604
8953,2024-01-13 14:00:00,27.604
8954,2024-01-13 14:15:00,27.604
8955,2024-01-13 14:30:00,27.616
8956,2024-01-13 14:45:00,27.628
8957,2024-01-13 15:00:00,27.628
8958,2024-01-13 15:15:00,27.604
8959,2024-01-13 15:30:00,27.616
8960,2024-01-13 15:45:00,27.616
8961,2024-01-13 16:00:00,27.604
8962,2024-01-13 16:15:00,27.604
8963,2024-01-13 16:30:00,27.579
8964,2024-01-13 16:45:00,27.579
8965,2024-01-13 17:00:00,27.579
8966,2024-01-13 17:15:00,27.5665
8967,2024-01-13 17:30:00,27.554
8968,2024-01-13 17:45:00,27.542
8969,2024-01-13 18:00:00,27.542
8970,2024-01-13 18:15:00,27.554
8971,2024-01-13 18:30:00,27.554
8972,2024-01-13 18:45:00,27.5665
8973,2024-01-13 19:00:00,27.5665
8974,2024-01-13 19:15:00,27.579
8975,2024-01-13 19:30:00,27.5915
8976,2024-01-13 19:45:00,27.5915
8977,2024-01-13 20:00:00,27.604
8978,2024-01-13 20:15:00,27.616
8979,2024-01-13 20:30:00,27.616
8980,2024-01-13 20:45:00,27.604
8981,2024-01-13 21:00:00,27.5915
8982,2024-01-13 21:15:00,27.579
8983,2024-01-13 21:30:00,27.554
8984,2024-01-13 21:45:00,27.5175
8985,2024-01-13 22:00:00,27.5175
8986,2024-01-13 22:15:00,27.5175
8987,2024-01-13 22:30:00,27.5175
8988,2024-01-13 22:45:00,27.505
8989,2024-01-13 23:00:00,27.493
8990,2024-01-13 23:15:00,27.481
8991,2024-01-13 23:30:00,27.456000000000003
8992,2024-01-13 23:45:00,27.4435
8993,2024-01-14 00:00:00,27.431
8994,2024-01-14 00:15:00,27.419
8995,2024-01-14 00:30:00,27.419
8996,2024-01-14 00:45:00,27.3945
8997,2024-01-14 01:00:00,27.3945
8998,2024-01-14 01:15:00,27.3945
8999,2024-01-14 01:30:00,27.382
9000,2024-01-14 01:45:00,27.37
9001,2024-01-14 02:00:00,27.3455
9002,2024-01-14 02:15:00,27.3455
9003,2024-01-14 02:30:00,27.3455
9004,2024-01-14 02:45:00,27.3205
9005,2024-01-14 03:00:00,27.3205
9006,2024-01-14 03:15:00,27.296
9007,2024-01-14 03:30:00,27.296
9008,2024-01-14 03:45:00,27.296
9009,2024-01-14 04:00:00,27.296
9010,2024-01-14 04:15:00,27.296
9011,2024-01-14 04:30:00,27.296
9012,2024-01-14 04:45:00,27.296
9013,2024-01-14 05:00:00,27.3205
9014,2024-01-14 05:15:00,27.333
9015,2024-01-14 05:30:00,27.333
9016,2024-01-14 05:45:00,27.333
9017,2024-01-14 06:00:00,27.333
9018,2024-01-14 06:15:00,27.3205
9019,2024-01-14 06:30:00,27.296
9020,2024-01-14 06:45:00,27.2715
9021,2024-01-14 07:00:00,27.2715
9022,2024-01-14 07:15:00,27.2715
9023,2024-01-14 07:30:00,27.308
9024,2024-01-14 07:45:00,27.333
9025,2024-01-14 08:00:00,27.358
9026,2024-01-14 08:15:00,27.382
9027,2024-01-14 08:30:00,27.407
9028,2024-01-14 08:45:00,27.431
9029,2024-01-14 09:00:00,27.456
9030,2024-01-14 09:15:00,27.456
9031,2024-01-14 09:30:00,27.481
9032,2024-01-14 09:45:00,27.4685
9033,2024-01-14 10:00:00,27.456
9034,2024-01-14 10:15:00,27.481
9035,2024-01-14 10:30:00,27.493
9036,2024-01-14 10:45:00,27.505
9037,2024-01-14 11:00:00,27.53
9038,2024-01-14 11:15:00,27.554
9039,2024-01-14 11:30:00,27.542
9040,2024-01-14 11:45:00,27.542
9041,2024-01-14 12:00:00,27.554
9042,2024-01-14 12:15:00,27.5665
9043,2024-01-14 12:30:00,27.5665
9044,2024-01-14 12:45:00,27.5665
9045,2024-01-14 13:00:00,27.5665
9046,2024-01-14 13:15:00,27.5915
9047,2024-01-14 13:30:00,27.5915
9048,2024-01-14 13:45:00,27.579
9049,2024-01-14 14:00:00,27.579
9050,2024-01-14 14:15:00,27.5665
9051,2024-01-14 14:30:00,27.616
9052,2024-01-14 14:45:00,27.6405
9053,2024-01-14 15:00:00,27.628
9054,2024-01-14 15:15:00,27.628
9055,2024-01-14 15:30:00,27.616
9056,2024-01-14 15:45:00,27.604
9057,2024-01-14 16:00:00,27.604
9058,2024-01-14 16:15:00,27.604
9059,2024-01-14 16:30:00,27.604
9060,2024-01-14 16:45:00,27.604
9061,2024-01-14 17:00:00,27.604
9062,2024-01-14 17:15:00,27.5665
9063,2024-01-14 17:30:00,27.542
9064,2024-01-14 17:45:00,27.542
9065,2024-01-14 18:00:00,27.53
9066,2024-01-14 18:15:00,27.5175
9067,2024-01-14 18:30:00,27.5175
9068,2024-01-14 18:45:00,27.5175
9069,2024-01-14 19:00:00,27.5175
9070,2024-01-14 19:15:00,27.5175
9071,2024-01-14 19:30:00,27.53
9072,2024-01-14 19:45:00,27.53
9073,2024-01-14 20:00:00,27.542
9074,2024-01-14 20:15:00,27.542
9075,2024-01-14 20:30:00,27.542
9076,2024-01-14 20:45:00,27.542
9077,2024-01-14 21:00:00,27.53
9078,2024-01-14 21:15:00,27.53
9079,2024-01-14 21:30:00,27.53
9080,2024-01-14 21:45:00,27.53
9081,2024-01-14 22:00:00,27.5175
9082,2024-01-14 22:15:00,27.53
9083,2024-01-14 22:30:00,27.5175
9084,2024-01-14 22:45:00,27.5175
9085,2024-01-14 23:00:00,27.481
9086,2024-01-14 23:15:00,27.4685
9087,2024-01-14 23:30:00,27.4435
9088,2024-01-14 23:45:00,27.419
9089,2024-01-15 00:00:00,27.419
9090,2024-01-15 00:15:00,27.419
9091,2024-01-15 00:30:00,27.3945
9092,2024-01-15 00:45:00,27.3945
9093,2024-01-15 01:00:00,27.3945
9094,2024-01-15 01:15:00,27.382
9095,2024-01-15 01:30:00,27.37
9096,2024-01-15 01:45:00,27.3455
9097,2024-01-15 02:00:00,27.333
9098,2024-01-15 02:15:00,27.3205
9099,2024-01-15 02:30:00,27.3205
9100,2024-01-15 02:45:00,27.3205
9101,2024-01-15 03:00:00,27.3205
9102,2024-01-15 03:15:00,27.3205
9103,2024-01-15 03:30:00,27.296
9104,2024-01-15 03:45:00,27.296
9105,2024-01-15 04:00:00,27.296
9106,2024-01-15 04:15:00,27.296
9107,2024-01-15 04:30:00,27.2715
9108,2024-01-15 04:45:00,27.235
9109,2024-01-15 05:00:00,27.2225
9110,2024-01-15 05:15:00,27.21
9111,2024-01-15 05:30:00,27.2225
9112,2024-01-15 05:45:00,27.2715
9113,2024-01-15 06:00:00,27.284
9114,2024-01-15 06:15:00,27.247
9115,2024-01-15 06:30:00,27.198
9116,2024-01-15 06:45:00,27.198
9117,2024-01-15 07:00:00,27.198
9118,2024-01-15 07:15:00,27.21
9119,2024-01-15 07:30:00,27.235
9120,2024-01-15 07:45:00,27.259
9121,2024-01-15 08:00:00,27.247
9122,2024-01-15 08:15:00,27.2225
9123,2024-01-15 08:30:00,27.21
9124,2024-01-15 08:45:00,27.259
9125,2024-01-15 09:00:00,27.308
9126,2024-01-15 09:15:00,27.358
9127,2024-01-15 09:30:00,27.284
9128,2024-01-15 09:45:00,27.3205
9129,2024-01-15 10:00:00,27.333
9130,2024-01-15 10:15:00,27.3945
9131,2024-01-15 10:30:00,27.419
9132,2024-01-15 10:45:00,27.382
9133,2024-01-15 11:00:00,27.419
9134,2024-01-15 11:15:00,27.4435
9135,2024-01-15 11:30:00,27.431
9136,2024-01-15 11:45:00,27.431
9137,2024-01-15 12:00:00,27.456
9138,2024-01-15 12:15:00,27.505
9139,2024-01-15 12:30:00,27.554
9140,2024-01-15 12:45:00,27.5295
9141,2024-01-15 13:00:00,27.5295
9142,2024-01-15 13:15:00,27.5665
9143,2024-01-15 13:30:00,27.604
9144,2024-01-15 13:45:00,27.604
9145,2024-01-15 14:00:00,27.5915
9146,2024-01-15 14:15:00,27.616
9147,2024-01-15 14:30:00,27.628
9148,2024-01-15 14:45:00,27.628
9149,2024-01-15 15:00:00,27.628
9150,2024-01-15 15:15:00,27.604
9151,2024-01-15 15:30:00,27.604
9152,2024-01-15 15:45:00,27.579
9153,2024-01-15 16:00:00,27.579
9154,2024-01-15 16:15:00,27.579
9155,2024-01-15 16:30:00,27.554
9156,2024-01-15 16:45:00,27.542
9157,2024-01-15 17:00:00,27.53
9158,2024-01-15 17:15:00,27.5175
9159,2024-01-15 17:30:00,27.505
9160,2024-01-15 17:45:00,27.456
9161,2024-01-15 18:00:00,27.4685
9162,2024-01-15 18:15:00,27.456
9163,2024-01-15 18:30:00,27.4435
9164,2024-01-15 18:45:00,27.4435
9165,2024-01-15 19:00:00,27.4435
9166,2024-01-15 19:15:00,27.4435
9167,2024-01-15 19:30:00,27.431
9168,2024-01-15 19:45:00,27.431
9169,2024-01-15 20:00:00,27.431
9170,2024-01-15 20:15:00,27.431
9171,2024-01-15 20:30:00,27.431
9172,2024-01-15 20:45:00,27.431
9173,2024-01-15 21:00:00,27.431
9174,2024-01-15 21:15:00,27.431
9175,2024-01-15 21:30:00,27.431
9176,2024-01-15 21:45:00,27.431
9177,2024-01-15 22:00:00,27.407
9178,2024-01-15 22:15:00,27.382
9179,2024-01-15 22:30:00,27.3455
9180,2024-01-15 22:45:00,27.296
9181,2024-01-15 23:00:00,27.296
9182,2024-01-15 23:15:00,27.2835
9183,2024-01-15 23:30:00,27.296
9184,2024-01-15 23:45:00,27.2595
9185,2024-01-16 00:00:00,27.2225
9186,2024-01-16 00:15:00,27.21
9187,2024-01-16 00:30:00,27.2225
9188,2024-01-16 00:45:00,27.2225
9189,2024-01-16 01:00:00,27.198
9190,2024-01-16 01:15:00,27.21
9191,2024-01-16 01:30:00,27.186
9192,2024-01-16 01:45:00,27.1735
9193,2024-01-16 02:00:00,27.1735
9194,2024-01-16 02:15:00,27.186
9195,2024-01-16 02:30:00,27.21
9196,2024-01-16 02:45:00,27.2225
9197,2024-01-16 03:00:00,27.235
9198,2024-01-16 03:15:00,27.2225
9199,2024-01-16 03:30:00,27.2225
9200,2024-01-16 03:45:00,27.2225
9201,2024-01-16 04:00:00,27.2225
9202,2024-01-16 04:15:00,27.2225
9203,2024-01-16 04:30:00,27.2225
9204,2024-01-16 04:45:00,27.2225
9205,2024-01-16 05:00:00,27.21
9206,2024-01-16 05:15:00,27.198
9207,2024-01-16 05:30:00,27.1735
9208,2024-01-16 05:45:00,27.136
9209,2024-01-16 06:00:00,27.112
9210,2024-01-16 06:15:00,27.087
9211,2024-01-16 06:30:00,27.075
9212,2024-01-16 06:45:00,27.075
9213,2024-01-16 07:00:00,27.075
9214,2024-01-16 07:15:00,27.075
9215,2024-01-16 07:30:00,27.075
9216,2024-01-16 07:45:00,27.087
9217,2024-01-16 08:00:00,27.087
9218,2024-01-16 08:15:00,27.112
9219,2024-01-16 08:30:00,27.136
9220,2024-01-16 08:45:00,27.161
9221,2024-01-16 09:00:00,27.186
9222,2024-01-16 09:15:00,27.161
9223,2024-01-16 09:30:00,27.136
9224,2024-01-16 09:45:00,27.136
9225,2024-01-16 10:00:00,27.1485
9226,2024-01-16 10:15:00,27.186
9227,2024-01-16 10:30:00,27.21
9228,2024-01-16 10:45:00,27.21
9229,2024-01-16 11:00:00,27.247
9230,2024-01-16 11:15:00,27.284
9231,2024-01-16 11:30:00,27.296
9232,2024-01-16 11:45:00,27.308
9233,2024-01-16 12:00:00,27.333
9234,2024-01-16 12:15:00,27.358
9235,2024-01-16 12:30:00,27.431
9236,2024-01-16 12:45:00,27.4435
9237,2024-01-16 13:00:00,27.456
9238,2024-01-16 13:15:00,27.493
9239,2024-01-16 13:30:00,27.53
9240,2024-01-16 13:45:00,27.53
9241,2024-01-16 14:00:00,27.53
9242,2024-01-16 14:15:00,27.554
9243,2024-01-16 14:30:00,27.554
9244,2024-01-16 14:45:00,27.554
9245,2024-01-16 15:00:00,27.554
9246,2024-01-16 15:15:00,27.554
9247,2024-01-16 15:30:00,27.542
9248,2024-01-16 15:45:00,27.554
9249,2024-01-16 16:00:00,27.542
9250,2024-01-16 16:15:00,27.53
9251,2024-01-16 16:30:00,27.53
9252,2024-01-16 16:45:00,27.5175
9253,2024-01-16 17:00:00,27.505
9254,2024-01-16 17:15:00,27.505
9255,2024-01-16 17:30:00,27.481
9256,2024-01-16 17:45:00,27.481
9257,2024-01-16 18:00:00,27.431
9258,2024-01-16 18:15:00,27.382
9259,2024-01-16 18:30:00,27.358
9260,2024-01-16 18:45:00,27.3455
9261,2024-01-16 19:00:00,27.3455
9262,2024-01-16 19:15:00,27.333
9263,2024-01-16 19:30:00,27.333
9264,2024-01-16 19:45:00,27.333
9265,2024-01-16 20:00:00,27.333
9266,2024-01-16 20:15:00,27.333
9267,2024-01-16 20:30:00,27.333
9268,2024-01-16 20:45:00,27.333
9269,2024-01-16 21:00:00,27.3455
9270,2024-01-16 21:15:00,27.3455
9271,2024-01-16 21:30:00,27.3455
9272,2024-01-16 21:45:00,27.3455
9273,2024-01-16 22:00:00,27.3455
9274,2024-01-16 22:15:00,27.3455
9275,2024-01-16 22:30:00,27.3455
9276,2024-01-16 22:45:00,27.3455
9277,2024-01-16 23:00:00,27.3455
9278,2024-01-16 23:15:00,27.3455
9279,2024-01-16 23:30:00,27.37
9280,2024-01-16 23:45:00,27.37
9281,2024-01-17 00:00:00,27.37
9282,2024-01-17 00:15:00,27.3205
9283,2024-01-17 00:30:00,27.284
9284,2024-01-17 00:45:00,27.259
9285,2024-01-17 01:00:00,27.247
9286,2024-01-17 01:15:00,27.2225
9287,2024-01-17 01:30:00,27.198
9288,2024-01-17 01:45:00,27.1735
9289,2024-01-17 02:00:00,27.161
9290,2024-01-17 02:15:00,27.1485
9291,2024-01-17 02:30:00,27.136
9292,2024-01-17 02:45:00,27.124
9293,2024-01-17 03:00:00,27.1115
9294,2024-01-17 03:15:00,27.0995
9295,2024-01-17 03:30:00,27.075
9296,2024-01-17 03:45:00,27.075
9297,2024-01-17 04:00:00,27.0505
9298,2024-01-17 04:15:00,27.0505
9299,2024-01-17 04:30:00,27.0505
9300,2024-01-17 04:45:00,27.063
9301,2024-01-17 05:00:00,27.087
9302,2024-01-17 05:15:00,27.087
9303,2024-01-17 05:30:00,27.112
9304,2024-01-17 05:45:00,27.0995
9305,2024-01-17 06:00:00,27.112
9306,2024-01-17 06:15:00,27.124
9307,2024-01-17 06:30:00,27.124
9308,2024-01-17 06:45:00,27.124
9309,2024-01-17 07:00:00,27.0995
9310,2024-01-17 07:15:00,27.063
9311,2024-01-17 07:30:00,27.014
9312,2024-01-17 07:45:00,26.989
9313,2024-01-17 08:00:00,26.989
9314,2024-01-17 08:15:00,27.014
9315,2024-01-17 08:30:00,27.014
9316,2024-01-17 08:45:00,27.038
9317,2024-01-17 09:00:00,27.063
9318,2024-01-17 09:15:00,27.0995
9319,2024-01-17 09:30:00,27.136
9320,2024-01-17 09:45:00,27.161
9321,2024-01-17 10:00:00,27.186
9322,2024-01-17 10:15:00,27.186
9323,2024-01-17 10:30:00,27.21
9324,2024-01-17 10:45:00,27.2225
9325,2024-01-17 11:00:00,27.235
9326,2024-01-17 11:15:00,27.259
9327,2024-01-17 11:30:00,27.308
9328,2024-01-17 11:45:00,27.358
9329,2024-01-17 12:00:00,27.333
9330,2024-01-17 12:15:00,27.3205
9331,2024-01-17 12:30:00,27.333
9332,2024-01-17 12:45:00,27.333
9333,2024-01-17 13:00:00,27.358
9334,2024-01-17 13:15:00,27.37
9335,2024-01-17 13:30:00,27.37
9336,2024-01-17 13:45:00,27.37
9337,2024-01-17 14:00:00,27.37
9338,2024-01-17 14:15:00,27.37
9339,2024-01-17 14:30:00,27.3945
9340,2024-01-17 14:45:00,27.3945
9341,2024-01-17 15:00:00,27.382
9342,2024-01-17 15:15:00,27.37
9343,2024-01-17 15:30:00,27.3945
9344,2024-01-17 15:45:00,27.382
9345,2024-01-17 16:00:00,27.382
9346,2024-01-17 16:15:00,27.37
9347,2024-01-17 16:30:00,27.358
9348,2024-01-17 16:45:00,27.3455
9349,2024-01-17 17:00:00,27.333
9350,2024-01-17 17:15:00,27.333
9351,2024-01-17 17:30:00,27.333
9352,2024-01-17 17:45:00,27.308
9353,2024-01-17 18:00:00,27.308
9354,2024-01-17 18:15:00,27.296
9355,2024-01-17 18:30:00,27.284
9356,2024-01-17 18:45:00,27.284
9357,2024-01-17 19:00:00,27.2715
9358,2024-01-17 19:15:00,27.2715
9359,2024-01-17 19:30:00,27.2715
9360,2024-01-17 19:45:00,27.2595
9361,2024-01-17 20:00:00,27.247
9362,2024-01-17 20:15:00,27.247
9363,2024-01-17 20:30:00,27.247
9364,2024-01-17 20:45:00,27.2345
9365,2024-01-17 21:00:00,27.2225
9366,2024-01-17 21:15:00,27.2225
9367,2024-01-17 21:30:00,27.2225
9368,2024-01-17 21:45:00,27.2225
9369,2024-01-17 22:00:00,27.198
9370,2024-01-17 22:15:00,27.2225
9371,2024-01-17 22:30:00,27.235
9372,2024-01-17 22:45:00,27.247
9373,2024-01-17 23:00:00,27.247
9374,2024-01-17 23:15:00,27.247
9375,2024-01-17 23:30:00,27.259
9376,2024-01-17 23:45:00,27.259
9377,2024-01-18 00:00:00,27.247
9378,2024-01-18 00:15:00,27.2345
9379,2024-01-18 00:30:00,27.198
9380,2024-01-18 00:45:00,27.161
9381,2024-01-18 01:00:00,27.1365
9382,2024-01-18 01:15:00,27.0995
9383,2024-01-18 01:30:00,27.0625
9384,2024-01-18 01:45:00,27.0625
9385,2024-01-18 02:00:00,27.026
9386,2024-01-18 02:15:00,27.0505
9387,2024-01-18 02:30:00,27.026
9388,2024-01-18 02:45:00,27.0015
9389,2024-01-18 03:00:00,26.977
9390,2024-01-18 03:15:00,26.977
9391,2024-01-18 03:30:00,27.014
9392,2024-01-18 03:45:00,27.026
9393,2024-01-18 04:00:00,27.0505
9394,2024-01-18 04:15:00,27.0505
9395,2024-01-18 04:30:00,27.0505
9396,2024-01-18 04:45:00,27.0505
9397,2024-01-18 05:00:00,27.026
9398,2024-01-18 05:15:00,26.989
9399,2024-01-18 05:30:00,26.989
9400,2024-01-18 05:45:00,26.989
9401,2024-01-18 06:00:00,26.965
9402,2024-01-18 06:15:00,26.9525
9403,2024-01-18 06:30:00,26.9525
9404,2024-01-18 06:45:00,26.965
9405,2024-01-18 07:00:00,26.965
9406,2024-01-18 07:15:00,26.965
9407,2024-01-18 07:30:00,26.965
9408,2024-01-18 07:45:00,26.965
9409,2024-01-18 08:00:00,26.965
9410,2024-01-18 08:15:00,26.977
9411,2024-01-18 08:30:00,27.0015
9412,2024-01-18 08:45:00,27.014
9413,2024-01-18 09:00:00,27.038
9414,2024-01-18 09:15:00,27.063
9415,2024-01-18 09:30:00,27.063
9416,2024-01-18 09:45:00,27.0505
9417,2024-01-18 10:00:00,27.026
9418,2024-01-18 10:15:00,27.0015
9419,2024-01-18 10:30:00,26.965
9420,2024-01-18 10:45:00,26.989
9421,2024-01-18 11:00:00,27.0015
9422,2024-01-18 11:15:00,27.038
9423,2024-01-18 11:30:00,27.014
9424,2024-01-18 11:45:00,27.038
9425,2024-01-18 12:00:00,27.063
9426,2024-01-18 12:15:00,27.075
9427,2024-01-18 12:30:00,27.087
9428,2024-01-18 12:45:00,27.112
9429,2024-01-18 13:00:00,27.136
9430,2024-01-18 13:15:00,27.161
9431,2024-01-18 13:30:00,27.161
9432,2024-01-18 13:45:00,27.161
9433,2024-01-18 14:00:00,27.21
9434,2024-01-18 14:15:00,27.21
9435,2024-01-18 14:30:00,27.235
9436,2024-01-18 14:45:00,27.235
9437,2024-01-18 15:00:00,27.284
9438,2024-01-18 15:15:00,27.284
9439,2024-01-18 15:30:00,27.284
9440,2024-01-18 15:45:00,27.284
9441,2024-01-18 16:00:00,27.284
9442,2024-01-18 16:15:00,27.296
9443,2024-01-18 16:30:00,27.296
9444,2024-01-18 16:45:00,27.284
9445,2024-01-18 17:00:00,27.284
9446,2024-01-18 17:15:00,27.284
9447,2024-01-18 17:30:00,27.284
9448,2024-01-18 17:45:00,27.284
9449,2024-01-18 18:00:00,27.2715
9450,2024-01-18 18:15:00,27.2715
9451,2024-01-18 18:30:00,27.259
9452,2024-01-18 18:45:00,27.259
9453,2024-01-18 19:00:00,27.247
9454,2024-01-18 19:15:00,27.235
9455,2024-01-18 19:30:00,27.235
9456,2024-01-18 19:45:00,27.2225
9457,2024-01-18 20:00:00,27.21
9458,2024-01-18 20:15:00,27.21
9459,2024-01-18 20:30:00,27.198
9460,2024-01-18 20:45:00,27.198
9461,2024-01-18 21:00:00,27.198
9462,2024-01-18 21:15:00,27.198
9463,2024-01-18 21:30:00,27.198
9464,2024-01-18 21:45:00,27.198
9465,2024-01-18 22:00:00,27.198
9466,2024-01-18 22:15:00,27.198
9467,2024-01-18 22:30:00,27.2225
9468,2024-01-18 22:45:00,27.2225
9469,2024-01-18 23:00:00,27.2225
9470,2024-01-18 23:15:00,27.2225
9471,2024-01-18 23:30:00,27.2225
9472,2024-01-18 23:45:00,27.2225
9473,2024-01-19 00:00:00,27.2225
9474,2024-01-19 00:15:00,27.21
9475,2024-01-19 00:30:00,27.21
9476,2024-01-19 00:45:00,27.21
9477,2024-01-19 01:00:00,27.2225
9478,2024-01-19 01:15:00,27.198
9479,2024-01-19 01:30:00,27.1735
9480,2024-01-19 01:45:00,27.0875
9481,2024-01-19 02:00:00,27.026
9482,2024-01-19 02:15:00,27.0015
9483,2024-01-19 02:30:00,26.9645
9484,2024-01-19 02:45:00,26.9525
9485,2024-01-19 03:00:00,26.965
9486,2024-01-19 03:15:00,26.94
9487,2024-01-19 03:30:00,26.9525
9488,2024-01-19 03:45:00,26.928
9489,2024-01-19 04:00:00,26.94
9490,2024-01-19 04:15:00,26.9525
9491,2024-01-19 04:30:00,26.965
9492,2024-01-19 04:45:00,26.94
9493,2024-01-19 05:00:00,26.965
9494,2024-01-19 05:15:00,26.977
9495,2024-01-19 05:30:00,26.965
9496,2024-01-19 05:45:00,26.965
9497,2024-01-19 06:00:00,26.965
9498,2024-01-19 06:15:00,26.94
9499,2024-01-19 06:30:00,26.928
9500,2024-01-19 06:45:00,26.928
9501,2024-01-19 07:00:00,26.9155
9502,2024-01-19 07:15:00,26.879
9503,2024-01-19 07:30:00,26.879
9504,2024-01-19 07:45:00,26.8545
9505,2024-01-19 08:00:00,26.8545
9506,2024-01-19 08:15:00,26.842
9507,2024-01-19 08:30:00,26.842
9508,2024-01-19 08:45:00,26.867
9509,2024-01-19 09:00:00,26.9035
9510,2024-01-19 09:15:00,26.94
9511,2024-01-19 09:30:00,26.965
9512,2024-01-19 09:45:00,26.989
9513,2024-01-19 10:00:00,26.989
9514,2024-01-19 10:15:00,26.9645
9515,2024-01-19 10:30:00,26.965
9516,2024-01-19 10:45:00,27.014
9517,2024-01-19 11:00:00,27.0505
9518,2024-01-19 11:15:00,27.112
9519,2024-01-19 11:30:00,27.136
9520,2024-01-19 11:45:00,27.186
9521,2024-01-19 12:00:00,27.21
9522,2024-01-19 12:15:00,27.247
9523,2024-01-19 12:30:00,27.284
9524,2024-01-19 12:45:00,27.296
9525,2024-01-19 13:00:00,27.333
9526,2024-01-19 13:15:00,27.3205
9527,2024-01-19 13:30:00,27.358
9528,2024-01-19 13:45:00,27.37
9529,2024-01-19 14:00:00,27.382
9530,2024-01-19 14:15:00,27.3945
9531,2024-01-19 14:30:00,27.407
9532,2024-01-19 14:45:00,27.3945
9533,2024-01-19 15:00:00,27.382
9534,2024-01-19 15:15:00,27.382
9535,2024-01-19 15:30:00,27.382
9536,2024-01-19 15:45:00,27.382
9537,2024-01-19 16:00:00,27.37
9538,2024-01-19 16:15:00,27.3575
9539,2024-01-19 16:30:00,27.3205
9540,2024-01-19 16:45:00,27.3205
9541,2024-01-19 17:00:00,27.3205
9542,2024-01-19 17:15:00,27.308
9543,2024-01-19 17:30:00,27.308
9544,2024-01-19 17:45:00,27.308
9545,2024-01-19 18:00:00,27.3205
9546,2024-01-19 18:15:00,27.3205
9547,2024-01-19 18:30:00,27.308
9548,2024-01-19 18:45:00,27.284
9549,2024-01-19 19:00:00,27.247
9550,2024-01-19 19:15:00,27.235
9551,2024-01-19 19:30:00,27.235
9552,2024-01-19 19:45:00,27.235
9553,2024-01-19 20:00:00,27.235
9554,2024-01-19 20:15:00,27.2225
9555,2024-01-19 20:30:00,27.2225
9556,2024-01-19 20:45:00,27.2225
9557,2024-01-19 21:00:00,27.2225
9558,2024-01-19 21:15:00,27.2225
9559,2024-01-19 21:30:00,27.2225
9560,2024-01-19 21:45:00,27.21
9561,2024-01-19 22:00:00,27.198
9562,2024-01-19 22:15:00,27.198
9563,2024-01-19 22:30:00,27.198
9564,2024-01-19 22:45:00,27.198
9565,2024-01-19 23:00:00,27.198
9566,2024-01-19 23:15:00,27.186
9567,2024-01-19 23:30:00,27.186
9568,2024-01-19 23:45:00,27.186
9569,2024-01-20 00:00:00,27.186
9570,2024-01-20 00:15:00,27.186
9571,2024-01-20 00:30:00,27.1735
9572,2024-01-20 00:45:00,27.1735
9573,2024-01-20 01:00:00,27.1735
9574,2024-01-20 01:15:00,27.1735
9575,2024-01-20 01:30:00,27.1735
9576,2024-01-20 01:45:00,27.186
9577,2024-01-20 02:00:00,27.1735
9578,2024-01-20 02:15:00,27.1735
9579,2024-01-20 02:30:00,27.186
9580,2024-01-20 02:45:00,27.186
9581,2024-01-20 03:00:00,27.198
9582,2024-01-20 03:15:00,27.21
9583,2024-01-20 03:30:00,27.21
9584,2024-01-20 03:45:00,27.21
9585,2024-01-20 04:00:00,27.21
9586,2024-01-20 04:15:00,27.21
9587,2024-01-20 04:30:00,27.1855
9588,2024-01-20 04:45:00,27.161
9589,2024-01-20 05:00:00,27.1485
9590,2024-01-20 05:15:00,27.124
9591,2024-01-20 05:30:00,27.124
9592,2024-01-20 05:45:00,27.124
9593,2024-01-20 06:00:00,27.124
9594,2024-01-20 06:15:00,27.124
9595,2024-01-20 06:30:00,27.124
9596,2024-01-20 06:45:00,27.112
9597,2024-01-20 07:00:00,27.087
9598,2024-01-20 07:15:00,27.038
9599,2024-01-20 07:30:00,26.989
9600,2024-01-20 07:45:00,26.965
9601,2024-01-20 08:00:00,26.965
9602,2024-01-20 08:15:00,26.965
9603,2024-01-20 08:30:00,26.977
9604,2024-01-20 08:45:00,27.014
9605,2024-01-20 09:00:00,27.038
9606,2024-01-20 09:15:00,27.063
9607,2024-01-20 09:30:00,27.075
9608,2024-01-20 09:45:00,27.112
9609,2024-01-20 10:00:00,27.136
9610,2024-01-20 10:15:00,27.186
9611,2024-01-20 10:30:00,27.21
9612,2024-01-20 10:45:00,27.247
9613,2024-01-20 11:00:00,27.296
9614,2024-01-20 11:15:00,27.333
9615,2024-01-20 11:30:00,27.37
9616,2024-01-20 11:45:00,27.407
9617,2024-01-20 12:00:00,27.431
9618,2024-01-20 12:15:00,27.4435
9619,2024-01-20 12:30:00,27.4065
9620,2024-01-20 12:45:00,27.3945
9621,2024-01-20 13:00:00,27.382
9622,2024-01-20 13:15:00,27.382
9623,2024-01-20 13:30:00,27.382
9624,2024-01-20 13:45:00,27.3945
9625,2024-01-20 14:00:00,27.4435
9626,2024-01-20 14:15:00,27.5055
9627,2024-01-20 14:30:00,27.493
9628,2024-01-20 14:45:00,27.493
9629,2024-01-20 15:00:00,27.493
9630,2024-01-20 15:15:00,27.481
9631,2024-01-20 15:30:00,27.481
9632,2024-01-20 15:45:00,27.4685
9633,2024-01-20 16:00:00,27.431
9634,2024-01-20 16:15:00,27.407
9635,2024-01-20 16:30:00,27.3945
9636,2024-01-20 16:45:00,27.3945
9637,2024-01-20 17:00:00,27.3945
9638,2024-01-20 17:15:00,27.407
9639,2024-01-20 17:30:00,27.4315
9640,2024-01-20 17:45:00,27.4315
9641,2024-01-20 18:00:00,27.4435
9642,2024-01-20 18:15:00,27.4435
9643,2024-01-20 18:30:00,27.419
9644,2024-01-20 18:45:00,27.3945
9645,2024-01-20 19:00:00,27.37
9646,2024-01-20 19:15:00,27.358
9647,2024-01-20 19:30:00,27.358
9648,2024-01-20 19:45:00,27.333
9649,2024-01-20 20:00:00,27.333
9650,2024-01-20 20:15:00,27.333
9651,2024-01-20 20:30:00,27.308
9652,2024-01-20 20:45:00,27.308
9653,2024-01-20 21:00:00,27.284
9654,2024-01-20 21:15:00,27.284
9655,2024-01-20 21:30:00,27.2715
9656,2024-01-20 21:45:00,27.2715
9657,2024-01-20 22:00:00,27.2715
9658,2024-01-20 22:15:00,27.259
9659,2024-01-20 22:30:00,27.247
9660,2024-01-20 22:45:00,27.247
9661,2024-01-20 23:00:00,27.247
9662,2024-01-20 23:15:00,27.247
9663,2024-01-20 23:30:00,27.247
9664,2024-01-20 23:45:00,27.247
9665,2024-01-21 00:00:00,27.235
9666,2024-01-21 00:15:00,27.235
9667,2024-01-21 00:30:00,27.235
9668,2024-01-21 00:45:00,27.2225
9669,2024-01-21 01:00:00,27.2225
9670,2024-01-21 01:15:00,27.2225
9671,2024-01-21 01:30:00,27.2225
9672,2024-01-21 01:45:00,27.2225
9673,2024-01-21 02:00:00,27.2225
9674,2024-01-21 02:15:00,27.2225
9675,2024-01-21 02:30:00,27.2225
9676,2024-01-21 02:45:00,27.2225
9677,2024-01-21 03:00:00,27.2225
9678,2024-01-21 03:15:00,27.2225
9679,2024-01-21 03:30:00,27.235
9680,2024-01-21 03:45:00,27.235
9681,2024-01-21 04:00:00,27.235
9682,2024-01-21 04:15:00,27.235
9683,2024-01-21 04:30:00,27.235
9684,2024-01-21 04:45:00,27.235
9685,2024-01-21 05:00:00,27.247
9686,2024-01-21 05:15:00,27.2345
9687,2024-01-21 05:30:00,27.2105
9688,2024-01-21 05:45:00,27.198
9689,2024-01-21 06:00:00,27.1855
9690,2024-01-21 06:15:00,27.1735
9691,2024-01-21 06:30:00,27.1735
9692,2024-01-21 06:45:00,27.161
9693,2024-01-21 07:00:00,27.1485
9694,2024-01-21 07:15:00,27.136
9695,2024-01-21 07:30:00,27.124
9696,2024-01-21 07:45:00,27.087
9697,2024-01-21 08:00:00,27.075
9698,2024-01-21 08:15:00,27.063
9699,2024-01-21 08:30:00,27.063
9700,2024-01-21 08:45:00,27.087
9701,2024-01-21 09:00:00,27.136
9702,2024-01-21 09:15:00,27.161
9703,2024-01-21 09:30:00,27.186
9704,2024-01-21 09:45:00,27.21
9705,2024-01-21 10:00:00,27.21
9706,2024-01-21 10:15:00,27.1735
9707,2024-01-21 10:30:00,27.198
9708,2024-01-21 10:45:00,27.247
9709,2024-01-21 11:00:00,27.284
9710,2024-01-21 11:15:00,27.3205
9711,2024-01-21 11:30:00,27.3455
9712,2024-01-21 11:45:00,27.382
9713,2024-01-21 12:00:00,27.407
9714,2024-01-21 12:15:00,27.431
9715,2024-01-21 12:30:00,27.4435
9716,2024-01-21 12:45:00,27.4435
9717,2024-01-21 13:00:00,27.481
9718,2024-01-21 13:15:00,27.493
9719,2024-01-21 13:30:00,27.5175
9720,2024-01-21 13:45:00,27.456
9721,2024-01-21 14:00:00,27.456
9722,2024-01-21 14:15:00,27.456
9723,2024-01-21 14:30:00,27.456
9724,2024-01-21 14:45:00,27.456
9725,2024-01-21 15:00:00,27.4685
9726,2024-01-21 15:15:00,27.481
9727,2024-01-21 15:30:00,27.493
9728,2024-01-21 15:45:00,27.505
9729,2024-01-21 16:00:00,27.4685
9730,2024-01-21 16:15:00,27.4435
9731,2024-01-21 16:30:00,27.419
9732,2024-01-21 16:45:00,27.419
9733,2024-01-21 17:00:00,27.419
9734,2024-01-21 17:15:00,27.419
9735,2024-01-21 17:30:00,27.4435
9736,2024-01-21 17:45:00,27.4435
9737,2024-01-21 18:00:00,27.4435
9738,2024-01-21 18:15:00,27.4435
9739,2024-01-21 18:30:00,27.4435
9740,2024-01-21 18:45:00,27.4435
9741,2024-01-21 19:00:00,27.431
9742,2024-01-21 19:15:00,27.431
9743,2024-01-21 19:30:00,27.431
9744,2024-01-21 19:45:00,27.431
9745,2024-01-21 20:00:00,27.431
9746,2024-01-21 20:15:00,27.3945
9747,2024-01-21 20:30:00,27.382
9748,2024-01-21 20:45:00,27.382
9749,2024-01-21 21:00:00,27.358
9750,2024-01-21 21:15:00,27.333
9751,2024-01-21 21:30:00,27.333
9752,2024-01-21 21:45:00,27.308
9753,2024-01-21 22:00:00,27.296
9754,2024-01-21 22:15:00,27.296
9755,2024-01-21 22:30:00,27.296
9756,2024-01-21 22:45:00,27.284
9757,2024-01-21 23:00:00,27.284
9758,2024-01-21 23:15:00,27.284
9759,2024-01-21 23:30:00,27.284
9760,2024-01-21 23:45:00,27.284
9761,2024-01-22 00:00:00,27.284
9762,2024-01-22 00:15:00,27.284
9763,2024-01-22 00:30:00,27.2715
9764,2024-01-22 00:45:00,27.2715
9765,2024-01-22 01:00:00,27.2715
9766,2024-01-22 01:15:00,27.296
9767,2024-01-22 01:30:00,27.3205
9768,2024-01-22 01:45:00,27.3455
9769,2024-01-22 02:00:00,27.37
9770,2024-01-22 02:15:00,27.333
9771,2024-01-22 02:30:00,27.345
9772,2024-01-22 02:45:00,27.296
9773,2024-01-22 03:00:00,27.284
9774,2024-01-22 03:15:00,27.2595
9775,2024-01-22 03:30:00,27.259
9776,2024-01-22 03:45:00,27.2715
9777,2024-01-22 04:00:00,27.2715
9778,2024-01-22 04:15:00,27.2715
9779,2024-01-22 04:30:00,27.2715
9780,2024-01-22 04:45:00,27.2715
9781,2024-01-22 05:00:00,27.2715
9782,2024-01-22 05:15:00,27.2715
9783,2024-01-22 05:30:00,27.247
9784,2024-01-22 05:45:00,27.247
9785,2024-01-22 06:00:00,27.2225
9786,2024-01-22 06:15:00,27.2225
9787,2024-01-22 06:30:00,27.2225
9788,2024-01-22 06:45:00,27.2225
9789,2024-01-22 07:00:00,27.2225
9790,2024-01-22 07:15:00,27.198
9791,2024-01-22 07:30:00,27.1735
9792,2024-01-22 07:45:00,27.1735
9793,2024-01-22 08:00:00,27.1735
9794,2024-01-22 08:15:00,27.1735
9795,2024-01-22 08:30:00,27.1735
9796,2024-01-22 08:45:00,27.1735
9797,2024-01-22 09:00:00,27.186
9798,2024-01-22 09:15:00,27.198
9799,2024-01-22 09:30:00,27.21
9800,2024-01-22 09:45:00,27.235
9801,2024-01-22 10:00:00,27.259
9802,2024-01-22 10:15:00,27.2715
9803,2024-01-22 10:30:00,27.2715
9804,2024-01-22 10:45:00,27.296
9805,2024-01-22 11:00:00,27.308
9806,2024-01-22 11:15:00,27.296
9807,2024-01-22 11:30:00,27.308
9808,2024-01-22 11:45:00,27.296
9809,2024-01-22 12:00:00,27.296
9810,2024-01-22 12:15:00,27.3455
9811,2024-01-22 12:30:00,27.382
9812,2024-01-22 12:45:00,27.419
9813,2024-01-22 13:00:00,27.3945
9814,2024-01-22 13:15:00,27.358
9815,2024-01-22 13:30:00,27.358
9816,2024-01-22 13:45:00,27.3455
9817,2024-01-22 14:00:00,27.333
9818,2024-01-22 14:15:00,27.358
9819,2024-01-22 14:30:00,27.382
9820,2024-01-22 14:45:00,27.382
9821,2024-01-22 15:00:00,27.382
9822,2024-01-22 15:15:00,27.3945
9823,2024-01-22 15:30:00,27.382
9824,2024-01-22 15:45:00,27.382
9825,2024-01-22 16:00:00,27.382
9826,2024-01-22 16:15:00,27.382
9827,2024-01-22 16:30:00,27.382
9828,2024-01-22 16:45:00,27.382
9829,2024-01-22 17:00:00,27.382
9830,2024-01-22 17:15:00,27.382
9831,2024-01-22 17:30:00,27.37
9832,2024-01-22 17:45:00,27.382
9833,2024-01-22 18:00:00,27.4065
9834,2024-01-22 18:15:00,27.3945
9835,2024-01-22 18:30:00,27.3945
9836,2024-01-22 18:45:00,27.3945
9837,2024-01-22 19:00:00,27.382
9838,2024-01-22 19:15:00,27.382
9839,2024-01-22 19:30:00,27.358
9840,2024-01-22 19:45:00,27.358
9841,2024-01-22 20:00:00,27.358
9842,2024-01-22 20:15:00,27.37
9843,2024-01-22 20:30:00,27.37
9844,2024-01-22 20:45:00,27.358
9845,2024-01-22 21:00:00,27.3455
9846,2024-01-22 21:15:00,27.3205
9847,2024-01-22 21:30:00,27.308
9848,2024-01-22 21:45:00,27.2715
9849,2024-01-22 22:00:00,27.2225
9850,2024-01-22 22:15:00,27.2105
9851,2024-01-22 22:30:00,27.198
9852,2024-01-22 22:45:00,27.1735
9853,2024-01-22 23:00:00,27.1735
9854,2024-01-22 23:15:00,27.1735
9855,2024-01-22 23:30:00,27.1485
9856,2024-01-22 23:45:00,27.124
9857,2024-01-23 00:00:00,27.0995
9858,2024-01-23 00:15:00,27.0995
9859,2024-01-23 00:30:00,27.075
9860,2024-01-23 00:45:00,27.0505
9861,2024-01-23 01:00:00,27.026
9862,2024-01-23 01:15:00,27.026
9863,2024-01-23 01:30:00,27.026
9864,2024-01-23 01:45:00,26.9895
9865,2024-01-23 02:00:00,26.977
9866,2024-01-23 02:15:00,26.9525
9867,2024-01-23 02:30:00,26.9525
9868,2024-01-23 02:45:00,26.965
9869,2024-01-23 03:00:00,26.989
9870,2024-01-23 03:15:00,26.989
9871,2024-01-23 03:30:00,26.989
9872,2024-01-23 03:45:00,27.0015
9873,2024-01-23 04:00:00,27.0015
9874,2024-01-23 04:15:00,27.0015
9875,2024-01-23 04:30:00,27.014
9876,2024-01-23 04:45:00,27.026
9877,2024-01-23 05:00:00,27.014
9878,2024-01-23 05:15:00,27.038
9879,2024-01-23 05:30:00,27.038
9880,2024-01-23 05:45:00,27.038
9881,2024-01-23 06:00:00,27.038
9882,2024-01-23 06:15:00,27.0505
9883,2024-01-23 06:30:00,27.0505
9884,2024-01-23 06:45:00,27.038
9885,2024-01-23 07:00:00,27.0505
9886,2024-01-23 07:15:00,27.038
9887,2024-01-23 07:30:00,27.038
9888,2024-01-23 07:45:00,27.014
9889,2024-01-23 08:00:00,26.977
9890,2024-01-23 08:15:00,26.965
9891,2024-01-23 08:30:00,26.989
9892,2024-01-23 08:45:00,27.0015
9893,2024-01-23 09:00:00,27.026
9894,2024-01-23 09:15:00,27.038
9895,2024-01-23 09:30:00,27.0505
9896,2024-01-23 09:45:00,27.0505
9897,2024-01-23 10:00:00,27.026
9898,2024-01-23 10:15:00,27.075
9899,2024-01-23 10:30:00,27.136
9900,2024-01-23 10:45:00,27.1735
9901,2024-01-23 11:00:00,27.2225
9902,2024-01-23 11:15:00,27.247
9903,2024-01-23 11:30:00,27.259
9904,2024-01-23 11:45:00,27.284
9905,2024-01-23 12:00:00,27.284
9906,2024-01-23 12:15:00,27.308
9907,2024-01-23 12:30:00,27.308
9908,2024-01-23 12:45:00,27.333
9909,2024-01-23 13:00:00,27.333
9910,2024-01-23 13:15:00,27.333
9911,2024-01-23 13:30:00,27.3455
9912,2024-01-23 13:45:00,27.284
9913,2024-01-23 14:00:00,27.284
9914,2024-01-23 14:15:00,27.296
9915,2024-01-23 14:30:00,27.296
9916,2024-01-23 14:45:00,27.308
9917,2024-01-23 15:00:00,27.308
9918,2024-01-23 15:15:00,27.284
9919,2024-01-23 15:30:00,27.308
9920,2024-01-23 15:45:00,27.308
9921,2024-01-23 16:00:00,27.296
9922,2024-01-23 16:15:00,27.296
9923,2024-01-23 16:30:00,27.296
9924,2024-01-23 16:45:00,27.296
9925,2024-01-23 17:00:00,27.284
9926,2024-01-23 17:15:00,27.284
9927,2024-01-23 17:30:00,27.259
9928,2024-01-23 17:45:00,27.247
9929,2024-01-23 18:00:00,27.247
9930,2024-01-23 18:15:00,27.247
9931,2024-01-23 18:30:00,27.247
9932,2024-01-23 18:45:00,27.235
9933,2024-01-23 19:00:00,27.247
9934,2024-01-23 19:15:00,27.247
9935,2024-01-23 19:30:00,27.259
9936,2024-01-23 19:45:00,27.259
9937,2024-01-23 20:00:00,27.2715
9938,2024-01-23 20:15:00,27.2715
9939,2024-01-23 20:30:00,27.259
9940,2024-01-23 20:45:00,27.247
9941,2024-01-23 21:00:00,27.235
9942,2024-01-23 21:15:00,27.21
9943,2024-01-23 21:30:00,27.21
9944,2024-01-23 21:45:00,27.1735
9945,2024-01-23 22:00:00,27.1485
9946,2024-01-23 22:15:00,27.136
9947,2024-01-23 22:30:00,27.124
9948,2024-01-23 22:45:00,27.112
9949,2024-01-23 23:00:00,27.0995
9950,2024-01-23 23:15:00,27.0995
9951,2024-01-23 23:30:00,27.0995
9952,2024-01-23 23:45:00,27.0995
9953,2024-01-24 00:00:00,27.0875
9954,2024-01-24 00:15:00,27.0995
9955,2024-01-24 00:30:00,27.1115
9956,2024-01-24 00:45:00,27.0875
9957,2024-01-24 01:00:00,27.0875
9958,2024-01-24 01:15:00,27.0135
9959,2024-01-24 01:30:00,26.9405
9960,2024-01-24 01:45:00,26.9525
9961,2024-01-24 02:00:00,26.9525
9962,2024-01-24 02:15:00,26.94
9963,2024-01-24 02:30:00,26.9525
9964,2024-01-24 02:45:00,26.9525
9965,2024-01-24 03:00:00,26.965
9966,2024-01-24 03:15:00,26.9525
9967,2024-01-24 03:30:00,26.94
9968,2024-01-24 03:45:00,26.94
9969,2024-01-24 04:00:00,26.9525
9970,2024-01-24 04:15:00,26.9525
9971,2024-01-24 04:30:00,26.94
9972,2024-01-24 04:45:00,26.94
9973,2024-01-24 05:00:00,26.94
9974,2024-01-24 05:15:00,26.94
9975,2024-01-24 05:30:00,26.94
9976,2024-01-24 05:45:00,26.94
9977,2024-01-24 06:00:00,26.94
9978,2024-01-24 06:15:00,26.9525
9979,2024-01-24 06:30:00,26.965
9980,2024-01-24 06:45:00,26.965
9981,2024-01-24 07:00:00,26.977
9982,2024-01-24 07:15:00,26.977
9983,2024-01-24 07:30:00,26.928
9984,2024-01-24 07:45:00,26.916
9985,2024-01-24 08:00:00,26.891
9986,2024-01-24 08:15:00,26.9035
9987,2024-01-24 08:30:00,26.94
9988,2024-01-24 08:45:00,26.94
9989,2024-01-24 09:00:00,26.965
9990,2024-01-24 09:15:00,26.965
9991,2024-01-24 09:30:00,26.965
9992,2024-01-24 09:45:00,26.965
9993,2024-01-24 10:00:00,26.977
9994,2024-01-24 10:15:00,26.989
9995,2024-01-24 10:30:00,26.977
9996,2024-01-24 10:45:00,26.977
9997,2024-01-24 11:00:00,26.989
9998,2024-01-24 11:15:00,27.014
9999,2024-01-24 11:30:00,27.0505
10000,2024-01-24 11:45:00,27.0995
10001,2024-01-24 12:00:00,27.136
10002,2024-01-24 12:15:00,27.136
10003,2024-01-24 12:30:00,27.124
10004,2024-01-24 12:45:00,27.1485
10005,2024-01-24 13:00:00,27.124
10006,2024-01-24 13:15:00,27.161
10007,2024-01-24 13:30:00,27.161
10008,2024-01-24 13:45:00,27.1485
10009,2024-01-24 14:00:00,27.1485
10010,2024-01-24 14:15:00,27.136
10011,2024-01-24 14:30:00,27.161
10012,2024-01-24 14:45:00,27.1485
10013,2024-01-24 15:00:00,27.161
10014,2024-01-24 15:15:00,27.1735
10015,2024-01-24 15:30:00,27.1485
10016,2024-01-24 15:45:00,27.136
10017,2024-01-24 16:00:00,27.124
10018,2024-01-24 16:15:00,27.124
10019,2024-01-24 16:30:00,27.124
10020,2024-01-24 16:45:00,27.124
10021,2024-01-24 17:00:00,27.124
10022,2024-01-24 17:15:00,27.124
10023,2024-01-24 17:30:00,27.124
10024,2024-01-24 17:45:00,27.136
10025,2024-01-24 18:00:00,27.136
10026,2024-01-24 18:15:00,27.124
10027,2024-01-24 18:30:00,27.124
10028,2024-01-24 18:45:00,27.124
10029,2024-01-24 19:00:00,27.112
10030,2024-01-24 19:15:00,27.112
10031,2024-01-24 19:30:00,27.124
10032,2024-01-24 19:45:00,27.0995
10033,2024-01-24 20:00:00,27.075
10034,2024-01-24 20:15:00,27.0015
10035,2024-01-24 20:30:00,27.0015
10036,2024-01-24 20:45:00,26.977
10037,2024-01-24 21:00:00,26.977
10038,2024-01-24 21:15:00,26.977
10039,2024-01-24 21:30:00,26.9525
10040,2024-01-24 21:45:00,26.9525
10041,2024-01-24 22:00:00,26.928
10042,2024-01-24 22:15:00,26.928
10043,2024-01-24 22:30:00,26.9155
10044,2024-01-24 22:45:00,26.9035
10045,2024-01-24 23:00:00,26.8915
10046,2024-01-24 23:15:00,26.879
10047,2024-01-24 23:30:00,26.8545
10048,2024-01-24 23:45:00,26.8545
10049,2024-01-25 00:00:00,26.8545
10050,2024-01-25 00:15:00,26.9035
10051,2024-01-25 00:30:00,26.928
10052,2024-01-25 00:45:00,26.9405
10053,2024-01-25 01:00:00,26.8055
10054,2024-01-25 01:15:00,26.6955
10055,2024-01-25 01:30:00,26.7075
10056,2024-01-25 01:45:00,26.7195
10057,2024-01-25 02:00:00,26.7075
10058,2024-01-25 02:15:00,26.72
10059,2024-01-25 02:30:00,26.744
10060,2024-01-25 02:45:00,26.744
10061,2024-01-25 03:00:00,26.744
10062,2024-01-25 03:15:00,26.744
10063,2024-01-25 03:30:00,26.769
10064,2024-01-25 03:45:00,26.793
10065,2024-01-25 04:00:00,26.818
10066,2024-01-25 04:15:00,26.83
10067,2024-01-25 04:30:00,26.83
10068,2024-01-25 04:45:00,26.8175
10069,2024-01-25 05:00:00,26.781
10070,2024-01-25 05:15:00,26.7565
10071,2024-01-25 05:30:00,26.7195
10072,2024-01-25 05:45:00,26.732
10073,2024-01-25 06:00:00,26.732
10074,2024-01-25 06:15:00,26.732
10075,2024-01-25 06:30:00,26.732
10076,2024-01-25 06:45:00,26.769
10077,2024-01-25 07:00:00,26.781
10078,2024-01-25 07:15:00,26.744
10079,2024-01-25 07:30:00,26.72
10080,2024-01-25 07:45:00,26.72
10081,2024-01-25 08:00:00,26.72
10082,2024-01-25 08:15:00,26.695
10083,2024-01-25 08:30:00,26.671
10084,2024-01-25 08:45:00,26.646
10085,2024-01-25 09:00:00,26.6585
10086,2024-01-25 09:15:00,26.634
10087,2024-01-25 09:30:00,26.634
10088,2024-01-25 09:45:00,26.598
10089,2024-01-25 10:00:00,26.5855
10090,2024-01-25 10:15:00,26.5735
10091,2024-01-25 10:30:00,26.5975
10092,2024-01-25 10:45:00,26.634
10093,2024-01-25 11:00:00,26.598
10094,2024-01-25 11:15:00,26.683
10095,2024-01-25 11:30:00,26.7195
10096,2024-01-25 11:45:00,26.7075
10097,2024-01-25 12:00:00,26.769
10098,2024-01-25 12:15:00,26.94
10099,2024-01-25 12:30:00,26.965
10100,2024-01-25 12:45:00,26.94
10101,2024-01-25 13:00:00,26.94
10102,2024-01-25 13:15:00,26.94
10103,2024-01-25 13:30:00,26.94
10104,2024-01-25 13:45:00,26.94
10105,2024-01-25 14:00:00,26.94
10106,2024-01-25 14:15:00,26.928
10107,2024-01-25 14:30:00,26.928
10108,2024-01-25 14:45:00,26.916
10109,2024-01-25 15:00:00,26.928
10110,2024-01-25 15:15:00,26.94
10111,2024-01-25 15:30:00,26.928
10112,2024-01-25 15:45:00,26.916
10113,2024-01-25 16:00:00,26.916
10114,2024-01-25 16:15:00,26.916
10115,2024-01-25 16:30:00,26.916
10116,2024-01-25 16:45:00,26.916
10117,2024-01-25 17:00:00,26.916
10118,2024-01-25 17:15:00,26.916
10119,2024-01-25 17:30:00,26.916
10120,2024-01-25 17:45:00,26.916
10121,2024-01-25 18:00:00,26.916
10122,2024-01-25 18:15:00,26.916
10123,2024-01-25 18:30:00,26.916
10124,2024-01-25 18:45:00,26.9035
10125,2024-01-25 19:00:00,26.9035
10126,2024-01-25 19:15:00,26.9035
10127,2024-01-25 19:30:00,26.9035
10128,2024-01-25 19:45:00,26.9035
10129,2024-01-25 20:00:00,26.9035
10130,2024-01-25 20:15:00,26.9035
10131,2024-01-25 20:30:00,26.9035
10132,2024-01-25 20:45:00,26.879
10133,2024-01-25 21:00:00,26.879
10134,2024-01-25 21:15:00,26.8545
10135,2024-01-25 21:30:00,26.8545
10136,2024-01-25 21:45:00,26.83
10137,2024-01-25 22:00:00,26.8055
10138,2024-01-25 22:15:00,26.7565
10139,2024-01-25 22:30:00,26.7195
10140,2024-01-25 22:45:00,26.695
10141,2024-01-25 23:00:00,26.683
10142,2024-01-25 23:15:00,26.6585
10143,2024-01-25 23:30:00,26.671
10144,2024-01-25 23:45:00,26.6705
10145,2024-01-26 00:00:00,26.6585
10146,2024-01-26 00:15:00,26.6585
10147,2024-01-26 00:30:00,26.634
10148,2024-01-26 00:45:00,26.634
10149,2024-01-26 01:00:00,26.598
10150,2024-01-26 01:15:00,26.5855
10151,2024-01-26 01:30:00,26.561
10152,2024-01-26 01:45:00,26.561
10153,2024-01-26 02:00:00,26.5365
10154,2024-01-26 02:15:00,26.5365
10155,2024-01-26 02:30:00,26.549
10156,2024-01-26 02:45:00,26.5365
10157,2024-01-26 03:00:00,26.524
10158,2024-01-26 03:15:00,26.524
10159,2024-01-26 03:30:00,26.5365
10160,2024-01-26 03:45:00,26.5365
10161,2024-01-26 04:00:00,26.5365
10162,2024-01-26 04:15:00,26.5245
10163,2024-01-26 04:30:00,26.4995
10164,2024-01-26 04:45:00,26.4755
10165,2024-01-26 05:00:00,26.4505
10166,2024-01-26 05:15:00,26.4265
10167,2024-01-26 05:30:00,26.426
10168,2024-01-26 05:45:00,26.414
10169,2024-01-26 06:00:00,26.426
10170,2024-01-26 06:15:00,26.4385
10171,2024-01-26 06:30:00,26.451
10172,2024-01-26 06:45:00,26.426
10173,2024-01-26 07:00:00,26.451
10174,2024-01-26 07:15:00,26.475
10175,2024-01-26 07:30:00,26.475
10176,2024-01-26 07:45:00,26.4875
10177,2024-01-26 08:00:00,26.524
10178,2024-01-26 08:15:00,26.549
10179,2024-01-26 08:30:00,26.573
10180,2024-01-26 08:45:00,26.573
10181,2024-01-26 09:00:00,26.5855
10182,2024-01-26 09:15:00,26.598
10183,2024-01-26 09:30:00,26.598
10184,2024-01-26 09:45:00,26.598
10185,2024-01-26 10:00:00,26.61
10186,2024-01-26 10:15:00,26.622
10187,2024-01-26 10:30:00,26.61
10188,2024-01-26 10:45:00,26.573
10189,2024-01-26 11:00:00,26.598
10190,2024-01-26 11:15:00,26.573
10191,2024-01-26 11:30:00,26.573
10192,2024-01-26 11:45:00,26.61
10193,2024-01-26 12:00:00,26.646
10194,2024-01-26 12:15:00,26.671
10195,2024-01-26 12:30:00,26.695
10196,2024-01-26 12:45:00,26.744
10197,2024-01-26 13:00:00,26.781
10198,2024-01-26 13:15:00,26.842
10199,2024-01-26 13:30:00,26.879
10200,2024-01-26 13:45:00,26.891
10201,2024-01-26 14:00:00,26.9035
10202,2024-01-26 14:15:00,26.9035
10203,2024-01-26 14:30:00,26.891
10204,2024-01-26 14:45:00,26.867
10205,2024-01-26 15:00:00,26.879
10206,2024-01-26 15:15:00,26.891
10207,2024-01-26 15:30:00,26.891
10208,2024-01-26 15:45:00,26.891
10209,2024-01-26 16:00:00,26.891
10210,2024-01-26 16:15:00,26.891
10211,2024-01-26 16:30:00,26.842
10212,2024-01-26 16:45:00,26.8545
10213,2024-01-26 17:00:00,26.8545
10214,2024-01-26 17:15:00,26.8545
10215,2024-01-26 17:30:00,26.8545
10216,2024-01-26 17:45:00,26.842
10217,2024-01-26 18:00:00,26.83
10218,2024-01-26 18:15:00,26.83
10219,2024-01-26 18:30:00,26.83
10220,2024-01-26 18:45:00,26.83
10221,2024-01-26 19:00:00,26.83
10222,2024-01-26 19:15:00,26.83
10223,2024-01-26 19:30:00,26.83
10224,2024-01-26 19:45:00,26.83
10225,2024-01-26 20:00:00,26.83
10226,2024-01-26 20:15:00,26.83
10227,2024-01-26 20:30:00,26.83
10228,2024-01-26 20:45:00,26.83
10229,2024-01-26 21:00:00,26.83
10230,2024-01-26 21:15:00,26.818
10231,2024-01-26 21:30:00,26.8055
10232,2024-01-26 21:45:00,26.781
10233,2024-01-26 22:00:00,26.7565
10234,2024-01-26 22:15:00,26.7565
10235,2024-01-26 22:30:00,26.7565
10236,2024-01-26 22:45:00,26.744
10237,2024-01-26 23:00:00,26.732
10238,2024-01-26 23:15:00,26.7075
10239,2024-01-26 23:30:00,26.7075
10240,2024-01-26 23:45:00,26.695
10241,2024-01-27 00:00:00,26.683
10242,2024-01-27 00:15:00,26.683
10243,2024-01-27 00:30:00,26.646
10244,2024-01-27 00:45:00,26.634
10245,2024-01-27 01:00:00,26.634
10246,2024-01-27 01:15:00,26.61
10247,2024-01-27 01:30:00,26.61
10248,2024-01-27 01:45:00,26.5855
10249,2024-01-27 02:00:00,26.561
10250,2024-01-27 02:15:00,26.561
10251,2024-01-27 02:30:00,26.561
10252,2024-01-27 02:45:00,26.5365
10253,2024-01-27 03:00:00,26.524
10254,2024-01-27 03:15:00,26.524
10255,2024-01-27 03:30:00,26.5365
10256,2024-01-27 03:45:00,26.5975
10257,2024-01-27 04:00:00,26.6095
10258,2024-01-27 04:15:00,26.6095
10259,2024-01-27 04:30:00,26.5975
10260,2024-01-27 04:45:00,26.561
10261,2024-01-27 05:00:00,26.512
10262,2024-01-27 05:15:00,26.512
10263,2024-01-27 05:30:00,26.524
10264,2024-01-27 05:45:00,26.524
10265,2024-01-27 06:00:00,26.524
10266,2024-01-27 06:15:00,26.5365
10267,2024-01-27 06:30:00,26.549
10268,2024-01-27 06:45:00,26.549
10269,2024-01-27 07:00:00,26.5365
10270,2024-01-27 07:15:00,26.512
10271,2024-01-27 07:30:00,26.4875
10272,2024-01-27 07:45:00,26.475
10273,2024-01-27 08:00:00,26.4385
10274,2024-01-27 08:15:00,26.414
10275,2024-01-27 08:30:00,26.39
10276,2024-01-27 08:45:00,26.39
10277,2024-01-27 09:00:00,26.402
10278,2024-01-27 09:15:00,26.426
10279,2024-01-27 09:30:00,26.475
10280,2024-01-27 09:45:00,26.524
10281,2024-01-27 10:00:00,26.573
10282,2024-01-27 10:15:00,26.573
10283,2024-01-27 10:30:00,26.61
10284,2024-01-27 10:45:00,26.671
10285,2024-01-27 11:00:00,26.7075
10286,2024-01-27 11:15:00,26.732
10287,2024-01-27 11:30:00,26.744
10288,2024-01-27 11:45:00,26.769
10289,2024-01-27 12:00:00,26.793
10290,2024-01-27 12:15:00,26.818
10291,2024-01-27 12:30:00,26.83
10292,2024-01-27 12:45:00,26.8425
10293,2024-01-27 13:00:00,26.83
10294,2024-01-27 13:15:00,26.867
10295,2024-01-27 13:30:00,26.867
10296,2024-01-27 13:45:00,26.842
10297,2024-01-27 14:00:00,26.793
10298,2024-01-27 14:15:00,26.793
10299,2024-01-27 14:30:00,26.793
10300,2024-01-27 14:45:00,26.793
10301,2024-01-27 15:00:00,26.769
10302,2024-01-27 15:15:00,26.781
10303,2024-01-27 15:30:00,26.7565
10304,2024-01-27 15:45:00,26.7565
10305,2024-01-27 16:00:00,26.744
10306,2024-01-27 16:15:00,26.732
10307,2024-01-27 16:30:00,26.732
10308,2024-01-27 16:45:00,26.732
10309,2024-01-27 17:00:00,26.72
10310,2024-01-27 17:15:00,26.7075
10311,2024-01-27 17:30:00,26.7075
10312,2024-01-27 17:45:00,26.7075
10313,2024-01-27 18:00:00,26.7075
10314,2024-01-27 18:15:00,26.7075
10315,2024-01-27 18:30:00,26.7075
10316,2024-01-27 18:45:00,26.7075
10317,2024-01-27 19:00:00,26.7075
10318,2024-01-27 19:15:00,26.7075
10319,2024-01-27 19:30:00,26.7075
10320,2024-01-27 19:45:00,26.7075
10321,2024-01-27 20:00:00,26.7075
10322,2024-01-27 20:15:00,26.7075
10323,2024-01-27 20:30:00,26.7075
10324,2024-01-27 20:45:00,26.7075
10325,2024-01-27 21:00:00,26.7075
10326,2024-01-27 21:15:00,26.7075
10327,2024-01-27 21:30:00,26.695
10328,2024-01-27 21:45:00,26.695
10329,2024-01-27 22:00:00,26.695
10330,2024-01-27 22:15:00,26.695
10331,2024-01-27 22:30:00,26.695
10332,2024-01-27 22:45:00,26.683
10333,2024-01-27 23:00:00,26.683
10334,2024-01-27 23:15:00,26.683
10335,2024-01-27 23:30:00,26.683
10336,2024-01-27 23:45:00,26.6585
10337,2024-01-28 00:00:00,26.6585
10338,2024-01-28 00:15:00,26.634
10339,2024-01-28 00:30:00,26.61
10340,2024-01-28 00:45:00,26.598
10341,2024-01-28 01:00:00,26.5855
10342,2024-01-28 01:15:00,26.561
10343,2024-01-28 01:30:00,26.549
10344,2024-01-28 01:45:00,26.5365
10345,2024-01-28 02:00:00,26.512
10346,2024-01-28 02:15:00,26.4875
10347,2024-01-28 02:30:00,26.463
10348,2024-01-28 02:45:00,26.4385
10349,2024-01-28 03:00:00,26.4265
10350,2024-01-28 03:15:00,26.39
10351,2024-01-28 03:30:00,26.378
10352,2024-01-28 03:45:00,26.3655
10353,2024-01-28 04:00:00,26.341
10354,2024-01-28 04:15:00,26.353
10355,2024-01-28 04:30:00,26.3655
10356,2024-01-28 04:45:00,26.39
10357,2024-01-28 05:00:00,26.39
10358,2024-01-28 05:15:00,26.402
10359,2024-01-28 05:30:00,26.426
10360,2024-01-28 05:45:00,26.451
10361,2024-01-28 06:00:00,26.463
10362,2024-01-28 06:15:00,26.463
10363,2024-01-28 06:30:00,26.4875
10364,2024-01-28 06:45:00,26.5
10365,2024-01-28 07:00:00,26.524
10366,2024-01-28 07:15:00,26.5365
10367,2024-01-28 07:30:00,26.549
10368,2024-01-28 07:45:00,26.549
10369,2024-01-28 08:00:00,26.5365
10370,2024-01-28 08:15:00,26.512
10371,2024-01-28 08:30:00,26.512
10372,2024-01-28 08:45:00,26.512
10373,2024-01-28 09:00:00,26.5365
10374,2024-01-28 09:15:00,26.549
10375,2024-01-28 09:30:00,26.549
10376,2024-01-28 09:45:00,26.573
10377,2024-01-28 10:00:00,26.598
10378,2024-01-28 10:15:00,26.598
10379,2024-01-28 10:30:00,26.646
10380,2024-01-28 10:45:00,26.622
10381,2024-01-28 11:00:00,26.683
10382,2024-01-28 11:15:00,26.72
10383,2024-01-28 11:30:00,26.732
10384,2024-01-28 11:45:00,26.744
10385,2024-01-28 12:00:00,26.769
10386,2024-01-28 12:15:00,26.781
10387,2024-01-28 12:30:00,26.793
10388,2024-01-28 12:45:00,26.793
10389,2024-01-28 13:00:00,26.7935
10390,2024-01-28 13:15:00,26.818
10391,2024-01-28 13:30:00,26.8055
10392,2024-01-28 13:45:00,26.744
10393,2024-01-28 14:00:00,26.744
10394,2024-01-28 14:15:00,26.7565
10395,2024-01-28 14:30:00,26.793
10396,2024-01-28 14:45:00,26.793
10397,2024-01-28 15:00:00,26.842
10398,2024-01-28 15:15:00,26.83
10399,2024-01-28 15:30:00,26.842
10400,2024-01-28 15:45:00,26.842
10401,2024-01-28 16:00:00,26.83
10402,2024-01-28 16:15:00,26.83
10403,2024-01-28 16:30:00,26.818
10404,2024-01-28 16:45:00,26.818
10405,2024-01-28 17:00:00,26.793
10406,2024-01-28 17:15:00,26.793
10407,2024-01-28 17:30:00,26.781
10408,2024-01-28 17:45:00,26.781
10409,2024-01-28 18:00:00,26.769
10410,2024-01-28 18:15:00,26.769
10411,2024-01-28 18:30:00,26.769
10412,2024-01-28 18:45:00,26.769
10413,2024-01-28 19:00:00,26.7565
10414,2024-01-28 19:15:00,26.769
10415,2024-01-28 19:30:00,26.769
10416,2024-01-28 19:45:00,26.769
10417,2024-01-28 20:00:00,26.7565
10418,2024-01-28 20:15:00,26.769
10419,2024-01-28 20:30:00,26.744
10420,2024-01-28 20:45:00,26.7075
10421,2024-01-28 21:00:00,26.7075
10422,2024-01-28 21:15:00,26.7075
10423,2024-01-28 21:30:00,26.7075
10424,2024-01-28 21:45:00,26.72
10425,2024-01-28 22:00:00,26.72
10426,2024-01-28 22:15:00,26.72
10427,2024-01-28 22:30:00,26.744
10428,2024-01-28 22:45:00,26.744
10429,2024-01-28 23:00:00,26.732
10430,2024-01-28 23:15:00,26.732
10431,2024-01-28 23:30:00,26.732
10432,2024-01-28 23:45:00,26.72
10433,2024-01-29 00:00:00,26.7075
10434,2024-01-29 00:15:00,26.7075
10435,2024-01-29 00:30:00,26.7075
10436,2024-01-29 00:45:00,26.7075
10437,2024-01-29 01:00:00,26.7075
10438,2024-01-29 01:15:00,26.7075
10439,2024-01-29 01:30:00,26.683
10440,2024-01-29 01:45:00,26.671
10441,2024-01-29 02:00:00,26.6585
10442,2024-01-29 02:15:00,26.634
10443,2024-01-29 02:30:00,26.634
10444,2024-01-29 02:45:00,26.634
10445,2024-01-29 03:00:00,26.622
10446,2024-01-29 03:15:00,26.61
10447,2024-01-29 03:30:00,26.61
10448,2024-01-29 03:45:00,26.61
10449,2024-01-29 04:00:00,26.5855
10450,2024-01-29 04:15:00,26.5855
10451,2024-01-29 04:30:00,26.5855
10452,2024-01-29 04:45:00,26.5855
10453,2024-01-29 05:00:00,26.561
10454,2024-01-29 05:15:00,26.561
10455,2024-01-29 05:30:00,26.549
10456,2024-01-29 05:45:00,26.549
10457,2024-01-29 06:00:00,26.549
10458,2024-01-29 06:15:00,26.5365
10459,2024-01-29 06:30:00,26.549
10460,2024-01-29 06:45:00,26.549
10461,2024-01-29 07:00:00,26.549
10462,2024-01-29 07:15:00,26.549
10463,2024-01-29 07:30:00,26.561
10464,2024-01-29 07:45:00,26.561
10465,2024-01-29 08:00:00,26.573
10466,2024-01-29 08:15:00,26.5855
10467,2024-01-29 08:30:00,26.598
10468,2024-01-29 08:45:00,26.622
10469,2024-01-29 09:00:00,26.622
10470,2024-01-29 09:15:00,26.646
10471,2024-01-29 09:30:00,26.683
10472,2024-01-29 09:45:00,26.695
10473,2024-01-29 10:00:00,26.72
10474,2024-01-29 10:15:00,26.732
10475,2024-01-29 10:30:00,26.7565
10476,2024-01-29 10:45:00,26.769
10477,2024-01-29 11:00:00,26.744
10478,2024-01-29 11:15:00,26.8055
10479,2024-01-29 11:30:00,26.781
10480,2024-01-29 11:45:00,26.732
10481,2024-01-29 12:00:00,26.7565
10482,2024-01-29 12:15:00,26.781
10483,2024-01-29 12:30:00,26.83
10484,2024-01-29 12:45:00,26.842
10485,2024-01-29 13:00:00,26.8545
10486,2024-01-29 13:15:00,26.867
10487,2024-01-29 13:30:00,26.842
10488,2024-01-29 13:45:00,26.842
10489,2024-01-29 14:00:00,26.842
10490,2024-01-29 14:15:00,26.8545
10491,2024-01-29 14:30:00,26.8545
10492,2024-01-29 14:45:00,26.8545
10493,2024-01-29 15:00:00,26.8545
10494,2024-01-29 15:15:00,26.842
10495,2024-01-29 15:30:00,26.818
10496,2024-01-29 15:45:00,26.83
10497,2024-01-29 16:00:00,26.83
10498,2024-01-29 16:15:00,26.8055
10499,2024-01-29 16:30:00,26.793
10500,2024-01-29 16:45:00,26.781
10501,2024-01-29 17:00:00,26.769
10502,2024-01-29 17:15:00,26.769
10503,2024-01-29 17:30:00,26.7565
10504,2024-01-29 17:45:00,26.769
10505,2024-01-29 18:00:00,26.769
10506,2024-01-29 18:15:00,26.781
10507,2024-01-29 18:30:00,26.769
10508,2024-01-29 18:45:00,26.781
10509,2024-01-29 19:00:00,26.8055
10510,2024-01-29 19:15:00,26.8055
10511,2024-01-29 19:30:00,26.793
10512,2024-01-29 19:45:00,26.769
10513,2024-01-29 20:00:00,26.744
10514,2024-01-29 20:15:00,26.7565
10515,2024-01-29 20:30:00,26.7565
10516,2024-01-29 20:45:00,26.781
10517,2024-01-29 21:00:00,26.818
10518,2024-01-29 21:15:00,26.842
10519,2024-01-29 21:30:00,26.8545
10520,2024-01-29 21:45:00,26.8545
10521,2024-01-29 22:00:00,26.8545
10522,2024-01-29 22:15:00,26.8545
10523,2024-01-29 22:30:00,26.867
10524,2024-01-29 22:45:00,26.867
10525,2024-01-29 23:00:00,26.867
10526,2024-01-29 23:15:00,26.879
10527,2024-01-29 23:30:00,26.879
10528,2024-01-29 23:45:00,26.879
10529,2024-01-30 00:00:00,26.879
10530,2024-01-30 00:15:00,26.879
10531,2024-01-30 00:30:00,26.867
10532,2024-01-30 00:45:00,26.867
10533,2024-01-30 01:00:00,26.867
10534,2024-01-30 01:15:00,26.867
10535,2024-01-30 01:30:00,26.879
10536,2024-01-30 01:45:00,26.879
10537,2024-01-30 02:00:00,26.867
10538,2024-01-30 02:15:00,26.867
10539,2024-01-30 02:30:00,26.8545
10540,2024-01-30 02:45:00,26.8545
10541,2024-01-30 03:00:00,26.842
10542,2024-01-30 03:15:00,26.842
10543,2024-01-30 03:30:00,26.83
10544,2024-01-30 03:45:00,26.818
10545,2024-01-30 04:00:00,26.8055
10546,2024-01-30 04:15:00,26.793
10547,2024-01-30 04:30:00,26.793
10548,2024-01-30 04:45:00,26.793
10549,2024-01-30 05:00:00,26.793
10550,2024-01-30 05:15:00,26.793
10551,2024-01-30 05:30:00,26.781
10552,2024-01-30 05:45:00,26.781
10553,2024-01-30 06:00:00,26.781
10554,2024-01-30 06:15:00,26.781
10555,2024-01-30 06:30:00,26.781
10556,2024-01-30 06:45:00,26.781
10557,2024-01-30 07:00:00,26.769
10558,2024-01-30 07:15:00,26.7565
10559,2024-01-30 07:30:00,26.7565
10560,2024-01-30 07:45:00,26.781
10561,2024-01-30 08:00:00,26.781
10562,2024-01-30 08:15:00,26.781
10563,2024-01-30 08:30:00,26.8055
10564,2024-01-30 08:45:00,26.8055
10565,2024-01-30 09:00:00,26.8055
10566,2024-01-30 09:15:00,26.8055
10567,2024-01-30 09:30:00,26.818
10568,2024-01-30 09:45:00,26.842
10569,2024-01-30 10:00:00,26.842
10570,2024-01-30 10:15:00,26.8545
10571,2024-01-30 10:30:00,26.867
10572,2024-01-30 10:45:00,26.891
10573,2024-01-30 11:00:00,26.879
10574,2024-01-30 11:15:00,26.891
10575,2024-01-30 11:30:00,26.9035
10576,2024-01-30 11:45:00,26.9035
10577,2024-01-30 12:00:00,26.9035
10578,2024-01-30 12:15:00,26.928
10579,2024-01-30 12:30:00,26.9155
10580,2024-01-30 12:45:00,26.94
10581,2024-01-30 13:00:00,26.94
10582,2024-01-30 13:15:00,26.94
10583,2024-01-30 13:30:00,26.94
10584,2024-01-30 13:45:00,26.94
10585,2024-01-30 14:00:00,26.9525
10586,2024-01-30 14:15:00,26.9525
10587,2024-01-30 14:30:00,26.9525
10588,2024-01-30 14:45:00,26.928
10589,2024-01-30 15:00:00,26.9525
10590,2024-01-30 15:15:00,26.94
10591,2024-01-30 15:30:00,26.94
10592,2024-01-30 15:45:00,26.928
10593,2024-01-30 16:00:00,26.928
10594,2024-01-30 16:15:00,26.9155
10595,2024-01-30 16:30:00,26.9035
10596,2024-01-30 16:45:00,26.9035
10597,2024-01-30 17:00:00,26.9035
10598,2024-01-30 17:15:00,26.879
10599,2024-01-30 17:30:00,26.879
10600,2024-01-30 17:45:00,26.867
10601,2024-01-30 18:00:00,26.867
10602,2024-01-30 18:15:00,26.8545
10603,2024-01-30 18:30:00,26.8545
10604,2024-01-30 18:45:00,26.8545
10605,2024-01-30 19:00:00,26.8545
10606,2024-01-30 19:15:00,26.8545
10607,2024-01-30 19:30:00,26.842
10608,2024-01-30 19:45:00,26.8545
10609,2024-01-30 20:00:00,26.8545
10610,2024-01-30 20:15:00,26.8545
10611,2024-01-30 20:30:00,26.879
10612,2024-01-30 20:45:00,26.928
10613,2024-01-30 21:00:00,26.94
10614,2024-01-30 21:15:00,26.94
10615,2024-01-30 21:30:00,26.977
10616,2024-01-30 21:45:00,26.9645
10617,2024-01-30 22:00:00,26.928
10618,2024-01-30 22:15:00,26.9035
10619,2024-01-30 22:30:00,26.9035
10620,2024-01-30 22:45:00,26.891
10621,2024-01-30 23:00:00,26.891
10622,2024-01-30 23:15:00,26.891
10623,2024-01-30 23:30:00,26.891
10624,2024-01-30 23:45:00,26.891
10625,2024-01-31 00:00:00,26.9035
10626,2024-01-31 00:15:00,26.94
10627,2024-01-31 00:30:00,26.9525
10628,2024-01-31 00:45:00,27.0015
10629,2024-01-31 01:00:00,27.014
10630,2024-01-31 01:15:00,26.9895
10631,2024-01-31 01:30:00,26.977
10632,2024-01-31 01:45:00,27.0015
10633,2024-01-31 02:00:00,27.0015
10634,2024-01-31 02:15:00,26.977
10635,2024-01-31 02:30:00,26.9645
10636,2024-01-31 02:45:00,26.928
10637,2024-01-31 03:00:00,26.916
10638,2024-01-31 03:15:00,26.891
10639,2024-01-31 03:30:00,26.891
10640,2024-01-31 03:45:00,26.879
10641,2024-01-31 04:00:00,26.867
10642,2024-01-31 04:15:00,26.867
10643,2024-01-31 04:30:00,26.8545
10644,2024-01-31 04:45:00,26.8545
10645,2024-01-31 05:00:00,26.8545
10646,2024-01-31 05:15:00,26.867
10647,2024-01-31 05:30:00,26.867
10648,2024-01-31 05:45:00,26.867
10649,2024-01-31 06:00:00,26.8545
10650,2024-01-31 06:15:00,26.8545
10651,2024-01-31 06:30:00,26.8545
10652,2024-01-31 06:45:00,26.8545
10653,2024-01-31 07:00:00,26.8545
10654,2024-01-31 07:15:00,26.8545
10655,2024-01-31 07:30:00,26.867
10656,2024-01-31 07:45:00,26.867
10657,2024-01-31 08:00:00,26.867
10658,2024-01-31 08:15:00,26.879
10659,2024-01-31 08:30:00,26.879
10660,2024-01-31 08:45:00,26.9035
10661,2024-01-31 09:00:00,26.9035
10662,2024-01-31 09:15:00,26.9035
10663,2024-01-31 09:30:00,26.928
10664,2024-01-31 09:45:00,26.94
10665,2024-01-31 10:00:00,26.928
10666,2024-01-31 10:15:00,26.928
10667,2024-01-31 10:30:00,26.965
10668,2024-01-31 10:45:00,26.94
10669,2024-01-31 11:00:00,26.94
10670,2024-01-31 11:15:00,26.9525
10671,2024-01-31 11:30:00,26.965
10672,2024-01-31 11:45:00,26.965
10673,2024-01-31 12:00:00,26.977
10674,2024-01-31 12:15:00,27.0015
10675,2024-01-31 12:30:00,27.038
10676,2024-01-31 12:45:00,27.0505
10677,2024-01-31 13:00:00,27.0995
10678,2024-01-31 13:15:00,27.1735
10679,2024-01-31 13:30:00,27.173
10680,2024-01-31 13:45:00,27.1365
10681,2024-01-31 14:00:00,27.0505
10682,2024-01-31 14:15:00,26.989
10683,2024-01-31 14:30:00,26.965
10684,2024-01-31 14:45:00,26.9525
10685,2024-01-31 15:00:00,26.94
10686,2024-01-31 15:15:00,26.94
10687,2024-01-31 15:30:00,26.94
10688,2024-01-31 15:45:00,26.928
10689,2024-01-31 16:00:00,26.916
10690,2024-01-31 16:15:00,26.9035
10691,2024-01-31 16:30:00,26.891
10692,2024-01-31 16:45:00,26.879
10693,2024-01-31 17:00:00,26.879
10694,2024-01-31 17:15:00,26.879
10695,2024-01-31 17:30:00,26.879
10696,2024-01-31 17:45:00,26.879
10697,2024-01-31 18:00:00,26.879
10698,2024-01-31 18:15:00,26.879
10699,2024-01-31 18:30:00,26.879
10700,2024-01-31 18:45:00,26.879
10701,2024-01-31 19:00:00,26.879
10702,2024-01-31 19:15:00,26.879
10703,2024-01-31 19:30:00,26.879
10704,2024-01-31 19:45:00,26.867
10705,2024-01-31 20:00:00,26.867
10706,2024-01-31 20:15:00,26.867
10707,2024-01-31 20:30:00,26.867
10708,2024-01-31 20:45:00,26.867
10709,2024-01-31 21:00:00,26.867
10710,2024-01-31 21:15:00,26.867
10711,2024-01-31 21:30:00,26.867
10712,2024-01-31 21:45:00,26.867
10713,2024-01-31 22:00:00,26.879
10714,2024-01-31 22:15:00,26.879
10715,2024-01-31 22:30:00,26.879
10716,2024-01-31 22:45:00,26.879
10717,2024-01-31 23:00:00,26.879
10718,2024-01-31 23:15:00,26.8665
10719,2024-01-31 23:30:00,26.8545
10720,2024-01-31 23:45:00,26.83
10721,2024-02-01 00:00:00,26.83
10722,2024-02-01 00:15:00,26.83
10723,2024-02-01 00:30:00,26.83
10724,2024-02-01 00:45:00,26.83
10725,2024-02-01 01:00:00,26.8055
10726,2024-02-01 01:15:00,26.8055
10727,2024-02-01 01:30:00,26.8055
10728,2024-02-01 01:45:00,26.8055
10729,2024-02-01 02:00:00,26.793
10730,2024-02-01 02:15:00,26.781
10731,2024-02-01 02:30:00,26.7565
10732,2024-02-01 02:45:00,26.7565
10733,2024-02-01 03:00:00,26.7565
10734,2024-02-01 03:15:00,26.744
10735,2024-02-01 03:30:00,26.744
10736,2024-02-01 03:45:00,26.744
10737,2024-02-01 04:00:00,26.732
10738,2024-02-01 04:15:00,26.72
10739,2024-02-01 04:30:00,26.7075
10740,2024-02-01 04:45:00,26.7075
10741,2024-02-01 05:00:00,26.7075
10742,2024-02-01 05:15:00,26.7075
10743,2024-02-01 05:30:00,26.7075
10744,2024-02-01 05:45:00,26.7075
10745,2024-02-01 06:00:00,26.7075
10746,2024-02-01 06:15:00,26.72
10747,2024-02-01 06:30:00,26.72
10748,2024-02-01 06:45:00,26.72
10749,2024-02-01 07:00:00,26.732
10750,2024-02-01 07:15:00,26.732
10751,2024-02-01 07:30:00,26.732
10752,2024-02-01 07:45:00,26.732
10753,2024-02-01 08:00:00,26.7565
10754,2024-02-01 08:15:00,26.7685
10755,2024-02-01 08:30:00,26.7935
10756,2024-02-01 08:45:00,26.8055
10757,2024-02-01 09:00:00,26.83
10758,2024-02-01 09:15:00,26.83
10759,2024-02-01 09:30:00,26.8545
10760,2024-02-01 09:45:00,26.879
10761,2024-02-01 10:00:00,26.879
10762,2024-02-01 10:15:00,26.9035
10763,2024-02-01 10:30:00,26.9035
10764,2024-02-01 10:45:00,26.9155
10765,2024-02-01 11:00:00,26.9525
10766,2024-02-01 11:15:00,26.9525
10767,2024-02-01 11:30:00,26.9525
10768,2024-02-01 11:45:00,26.9525
10769,2024-02-01 12:00:00,26.9645
10770,2024-02-01 12:15:00,26.977
10771,2024-02-01 12:30:00,26.989
10772,2024-02-01 12:45:00,27.014
10773,2024-02-01 13:00:00,27.0015
10774,2024-02-01 13:15:00,27.026
10775,2024-02-01 13:30:00,27.026
10776,2024-02-01 13:45:00,27.026
10777,2024-02-01 14:00:00,27.0505
10778,2024-02-01 14:15:00,27.038
10779,2024-02-01 14:30:00,27.038
10780,2024-02-01 14:45:00,27.038
10781,2024-02-01 15:00:00,27.038
10782,2024-02-01 15:15:00,27.026
10783,2024-02-01 15:30:00,27.014
10784,2024-02-01 15:45:00,27.014
10785,2024-02-01 16:00:00,27.014
10786,2024-02-01 16:15:00,27.014
10787,2024-02-01 16:30:00,27.0015
10788,2024-02-01 16:45:00,26.989
10789,2024-02-01 17:00:00,26.989
10790,2024-02-01 17:15:00,26.977
10791,2024-02-01 17:30:00,26.965
10792,2024-02-01 17:45:00,26.965
10793,2024-02-01 18:00:00,26.965
10794,2024-02-01 18:15:00,26.965
10795,2024-02-01 18:30:00,26.9525
10796,2024-02-01 18:45:00,26.9525
10797,2024-02-01 19:00:00,26.965
10798,2024-02-01 19:15:00,26.977
10799,2024-02-01 19:30:00,26.977
10800,2024-02-01 19:45:00,26.989
10801,2024-02-01 20:00:00,27.0015
10802,2024-02-01 20:15:00,27.014
10803,2024-02-01 20:30:00,27.014
10804,2024-02-01 20:45:00,27.014
10805,2024-02-01 21:00:00,26.989
10806,2024-02-01 21:15:00,27.0015
10807,2024-02-01 21:30:00,26.989
10808,2024-02-01 21:45:00,27.014
10809,2024-02-01 22:00:00,27.026
10810,2024-02-01 22:15:00,27.026
10811,2024-02-01 22:30:00,27.026
10812,2024-02-01 22:45:00,27.038
10813,2024-02-01 23:00:00,27.0505
10814,2024-02-01 23:15:00,27.075
10815,2024-02-01 23:30:00,27.0995
10816,2024-02-01 23:45:00,27.0995
10817,2024-02-02 00:00:00,27.124
10818,2024-02-02 00:15:00,27.124
10819,2024-02-02 00:30:00,27.124
10820,2024-02-02 00:45:00,27.136
10821,2024-02-02 01:00:00,27.136
10822,2024-02-02 01:15:00,27.136
10823,2024-02-02 01:30:00,27.136
10824,2024-02-02 01:45:00,27.136
10825,2024-02-02 02:00:00,27.124
10826,2024-02-02 02:15:00,27.112
10827,2024-02-02 02:30:00,27.112
10828,2024-02-02 02:45:00,27.112
10829,2024-02-02 03:00:00,27.112
10830,2024-02-02 03:15:00,27.112
10831,2024-02-02 03:30:00,27.0995
10832,2024-02-02 03:45:00,27.0995
10833,2024-02-02 04:00:00,27.0995
10834,2024-02-02 04:15:00,27.112
10835,2024-02-02 04:30:00,27.112
10836,2024-02-02 04:45:00,27.112
10837,2024-02-02 05:00:00,27.0995
10838,2024-02-02 05:15:00,27.0995
10839,2024-02-02 05:30:00,27.087
10840,2024-02-02 05:45:00,27.075
10841,2024-02-02 06:00:00,27.038
10842,2024-02-02 06:15:00,27.038
10843,2024-02-02 06:30:00,27.0505
10844,2024-02-02 06:45:00,27.0505
10845,2024-02-02 07:00:00,27.0505
10846,2024-02-02 07:15:00,27.0505
10847,2024-02-02 07:30:00,27.075
10848,2024-02-02 07:45:00,27.075
10849,2024-02-02 08:00:00,27.075
10850,2024-02-02 08:15:00,27.075
10851,2024-02-02 08:30:00,27.075
10852,2024-02-02 08:45:00,27.063
10853,2024-02-02 09:00:00,27.038
10854,2024-02-02 09:15:00,27.014
10855,2024-02-02 09:30:00,27.014
10856,2024-02-02 09:45:00,27.0015
10857,2024-02-02 10:00:00,26.989
10858,2024-02-02 10:15:00,26.989
10859,2024-02-02 10:30:00,26.989
10860,2024-02-02 10:45:00,27.0015
10861,2024-02-02 11:00:00,27.026
10862,2024-02-02 11:15:00,27.026
10863,2024-02-02 11:30:00,27.038
10864,2024-02-02 11:45:00,27.038
10865,2024-02-02 12:00:00,27.0505
10866,2024-02-02 12:15:00,27.038
10867,2024-02-02 12:30:00,27.063
10868,2024-02-02 12:45:00,27.063
10869,2024-02-02 13:00:00,27.075
10870,2024-02-02 13:15:00,27.0995
10871,2024-02-02 13:30:00,27.0995
10872,2024-02-02 13:45:00,27.087
10873,2024-02-02 14:00:00,27.075
10874,2024-02-02 14:15:00,27.0995
10875,2024-02-02 14:30:00,27.0995
10876,2024-02-02 14:45:00,27.112
10877,2024-02-02 15:00:00,27.0995
10878,2024-02-02 15:15:00,27.087
10879,2024-02-02 15:30:00,27.0995
10880,2024-02-02 15:45:00,27.0995
10881,2024-02-02 16:00:00,27.087
10882,2024-02-02 16:15:00,27.087
10883,2024-02-02 16:30:00,27.075
10884,2024-02-02 16:45:00,27.075
10885,2024-02-02 17:00:00,27.075
10886,2024-02-02 17:15:00,27.063
10887,2024-02-02 17:30:00,27.063
10888,2024-02-02 17:45:00,27.063
10889,2024-02-02 18:00:00,27.063
10890,2024-02-02 18:15:00,27.0505
10891,2024-02-02 18:30:00,27.0505
10892,2024-02-02 18:45:00,27.0505
10893,2024-02-02 19:00:00,27.0505
10894,2024-02-02 19:15:00,27.0505
10895,2024-02-02 19:30:00,27.0505
10896,2024-02-02 19:45:00,27.063
10897,2024-02-02 20:00:00,27.063
10898,2024-02-02 20:15:00,27.063
10899,2024-02-02 20:30:00,27.063
10900,2024-02-02 20:45:00,27.0505
10901,2024-02-02 21:00:00,27.0505
10902,2024-02-02 21:15:00,27.0505
10903,2024-02-02 21:30:00,27.0505
10904,2024-02-02 21:45:00,27.0505
10905,2024-02-02 22:00:00,27.0505
10906,2024-02-02 22:15:00,27.0505
10907,2024-02-02 22:30:00,27.0505
10908,2024-02-02 22:45:00,27.0505
10909,2024-02-02 23:00:00,27.0505
10910,2024-02-02 23:15:00,27.0505
10911,2024-02-02 23:30:00,27.0505
10912,2024-02-02 23:45:00,27.0505
10913,2024-02-03 00:00:00,27.0505
10914,2024-02-03 00:15:00,27.0505
10915,2024-02-03 00:30:00,27.0505
10916,2024-02-03 00:45:00,27.0505
10917,2024-02-03 01:00:00,27.026
10918,2024-02-03 01:15:00,27.026
10919,2024-02-03 01:30:00,27.0015
10920,2024-02-03 01:45:00,27.0015
10921,2024-02-03 02:00:00,26.989
10922,2024-02-03 02:15:00,26.989
10923,2024-02-03 02:30:00,26.977
10924,2024-02-03 02:45:00,26.977
10925,2024-02-03 03:00:00,26.977
10926,2024-02-03 03:15:00,26.9525
10927,2024-02-03 03:30:00,26.9525
10928,2024-02-03 03:45:00,26.94
10929,2024-02-03 04:00:00,26.94
10930,2024-02-03 04:15:00,26.928
10931,2024-02-03 04:30:00,26.928
10932,2024-02-03 04:45:00,26.928
10933,2024-02-03 05:00:00,26.9035
10934,2024-02-03 05:15:00,26.879
10935,2024-02-03 05:30:00,26.8545
10936,2024-02-03 05:45:00,26.842
10937,2024-02-03 06:00:00,26.83
10938,2024-02-03 06:15:00,26.8055
10939,2024-02-03 06:30:00,26.8055
10940,2024-02-03 06:45:00,26.793
10941,2024-02-03 07:00:00,26.793
10942,2024-02-03 07:15:00,26.793
10943,2024-02-03 07:30:00,26.781
10944,2024-02-03 07:45:00,26.793
10945,2024-02-03 08:00:00,26.793
10946,2024-02-03 08:15:00,26.8055
10947,2024-02-03 08:30:00,26.8055
10948,2024-02-03 08:45:00,26.818
10949,2024-02-03 09:00:00,26.83
10950,2024-02-03 09:15:00,26.842
10951,2024-02-03 09:30:00,26.8545
10952,2024-02-03 09:45:00,26.891
10953,2024-02-03 10:00:00,26.94
10954,2024-02-03 10:15:00,26.965
10955,2024-02-03 10:30:00,27.014
10956,2024-02-03 10:45:00,27.038
10957,2024-02-03 11:00:00,27.063
10958,2024-02-03 11:15:00,27.063
10959,2024-02-03 11:30:00,27.087
10960,2024-02-03 11:45:00,27.0995
10961,2024-02-03 12:00:00,27.136
10962,2024-02-03 12:15:00,27.1485
10963,2024-02-03 12:30:00,27.186
10964,2024-02-03 12:45:00,27.198
10965,2024-02-03 13:00:00,27.2225
10966,2024-02-03 13:15:00,27.247
10967,2024-02-03 13:30:00,27.259
10968,2024-02-03 13:45:00,27.284
10969,2024-02-03 14:00:00,27.284
10970,2024-02-03 14:15:00,27.2835
10971,2024-02-03 14:30:00,27.235
10972,2024-02-03 14:45:00,27.2225
10973,2024-02-03 15:00:00,27.21
10974,2024-02-03 15:15:00,27.2225
10975,2024-02-03 15:30:00,27.186
10976,2024-02-03 15:45:00,27.186
10977,2024-02-03 16:00:00,27.1735
10978,2024-02-03 16:15:00,27.1735
10979,2024-02-03 16:30:00,27.1735
10980,2024-02-03 16:45:00,27.186
10981,2024-02-03 17:00:00,27.21
10982,2024-02-03 17:15:00,27.2225
10983,2024-02-03 17:30:00,27.235
10984,2024-02-03 17:45:00,27.21
10985,2024-02-03 18:00:00,27.186
10986,2024-02-03 18:15:00,27.1365
10987,2024-02-03 18:30:00,27.087
10988,2024-02-03 18:45:00,27.063
10989,2024-02-03 19:00:00,27.063
10990,2024-02-03 19:15:00,27.063
10991,2024-02-03 19:30:00,27.063
10992,2024-02-03 19:45:00,27.063
10993,2024-02-03 20:00:00,27.063
10994,2024-02-03 20:15:00,27.063
10995,2024-02-03 20:30:00,27.075
10996,2024-02-03 20:45:00,27.0995
10997,2024-02-03 21:00:00,27.1485
10998,2024-02-03 21:15:00,27.1735
10999,2024-02-03 21:30:00,27.1735
11000,2024-02-03 21:45:00,27.198
11001,2024-02-03 22:00:00,27.198
11002,2024-02-03 22:15:00,27.198
11003,2024-02-03 22:30:00,27.198
11004,2024-02-03 22:45:00,27.198
11005,2024-02-03 23:00:00,27.198
11006,2024-02-03 23:15:00,27.21
11007,2024-02-03 23:30:00,27.21
11008,2024-02-03 23:45:00,27.21
11009,2024-02-04 00:00:00,27.198
11010,2024-02-04 00:15:00,27.21
11011,2024-02-04 00:30:00,27.21
11012,2024-02-04 00:45:00,27.21
11013,2024-02-04 01:00:00,27.21
11014,2024-02-04 01:15:00,27.2225
11015,2024-02-04 01:30:00,27.2225
11016,2024-02-04 01:45:00,27.21
11017,2024-02-04 02:00:00,27.2225
11018,2024-02-04 02:15:00,27.2225
11019,2024-02-04 02:30:00,27.21
11020,2024-02-04 02:45:00,27.21
11021,2024-02-04 03:00:00,27.21
11022,2024-02-04 03:15:00,27.186
11023,2024-02-04 03:30:00,27.1735
11024,2024-02-04 03:45:00,27.186
11025,2024-02-04 04:00:00,27.186
11026,2024-02-04 04:15:00,27.186
11027,2024-02-04 04:30:00,27.1735
11028,2024-02-04 04:45:00,27.161
11029,2024-02-04 05:00:00,27.1485
11030,2024-02-04 05:15:00,27.1485
11031,2024-02-04 05:30:00,27.136
11032,2024-02-04 05:45:00,27.136
11033,2024-02-04 06:00:00,27.112
11034,2024-02-04 06:15:00,27.0995
11035,2024-02-04 06:30:00,27.075
11036,2024-02-04 06:45:00,27.075
11037,2024-02-04 07:00:00,27.075
11038,2024-02-04 07:15:00,27.0505
11039,2024-02-04 07:30:00,27.0505
11040,2024-02-04 07:45:00,27.0505
11041,2024-02-04 08:00:00,27.0625
11042,2024-02-04 08:15:00,27.0625
11043,2024-02-04 08:30:00,27.0625
11044,2024-02-04 08:45:00,27.0505
11045,2024-02-04 09:00:00,27.063
11046,2024-02-04 09:15:00,27.075
11047,2024-02-04 09:30:00,27.087
11048,2024-02-04 09:45:00,27.112
11049,2024-02-04 10:00:00,27.136
11050,2024-02-04 10:15:00,27.136
11051,2024-02-04 10:30:00,27.1485
11052,2024-02-04 10:45:00,27.161
11053,2024-02-04 11:00:00,27.1735
11054,2024-02-04 11:15:00,27.1735
11055,2024-02-04 11:30:00,27.186
11056,2024-02-04 11:45:00,27.186
11057,2024-02-04 12:00:00,27.2225
11058,2024-02-04 12:15:00,27.259
11059,2024-02-04 12:30:00,27.2715
11060,2024-02-04 12:45:00,27.284
11061,2024-02-04 13:00:00,27.2715
11062,2024-02-04 13:15:00,27.2715
11063,2024-02-04 13:30:00,27.2715
11064,2024-02-04 13:45:00,27.2715
11065,2024-02-04 14:00:00,27.259
11066,2024-02-04 14:15:00,27.259
11067,2024-02-04 14:30:00,27.2715
11068,2024-02-04 14:45:00,27.296
11069,2024-02-04 15:00:00,27.3085
11070,2024-02-04 15:15:00,27.284
11071,2024-02-04 15:30:00,27.296
11072,2024-02-04 15:45:00,27.3085
11073,2024-02-04 16:00:00,27.3085
11074,2024-02-04 16:15:00,27.3085
11075,2024-02-04 16:30:00,27.308
11076,2024-02-04 16:45:00,27.3205
11077,2024-02-04 17:00:00,27.3455
11078,2024-02-04 17:15:00,27.3455
11079,2024-02-04 17:30:00,27.37
11080,2024-02-04 17:45:00,27.37
11081,2024-02-04 18:00:00,27.37
11082,2024-02-04 18:15:00,27.333
11083,2024-02-04 18:30:00,27.3205
11084,2024-02-04 18:45:00,27.284
11085,2024-02-04 19:00:00,27.259
11086,2024-02-04 19:15:00,27.259
11087,2024-02-04 19:30:00,27.259
11088,2024-02-04 19:45:00,27.259
11089,2024-02-04 20:00:00,27.259
11090,2024-02-04 20:15:00,27.247
11091,2024-02-04 20:30:00,27.235
11092,2024-02-04 20:45:00,27.235
11093,2024-02-04 21:00:00,27.2225
11094,2024-02-04 21:15:00,27.21
11095,2024-02-04 21:30:00,27.21
11096,2024-02-04 21:45:00,27.198
11097,2024-02-04 22:00:00,27.198
11098,2024-02-04 22:15:00,27.198
11099,2024-02-04 22:30:00,27.198
11100,2024-02-04 22:45:00,27.186
11101,2024-02-04 23:00:00,27.186
11102,2024-02-04 23:15:00,27.1735
11103,2024-02-04 23:30:00,27.1735
11104,2024-02-04 23:45:00,27.1735
11105,2024-02-05 00:00:00,27.186
11106,2024-02-05 00:15:00,27.136
11107,2024-02-05 00:30:00,27.0995
11108,2024-02-05 00:45:00,27.075
11109,2024-02-05 01:00:00,27.075
11110,2024-02-05 01:15:00,27.0505
11111,2024-02-05 01:30:00,27.0505
11112,2024-02-05 01:45:00,27.038
11113,2024-02-05 02:00:00,27.038
11114,2024-02-05 02:15:00,27.038
11115,2024-02-05 02:30:00,27.038
11116,2024-02-05 02:45:00,27.026
11117,2024-02-05 03:00:00,27.026
11118,2024-02-05 03:15:00,27.026
11119,2024-02-05 03:30:00,27.026
11120,2024-02-05 03:45:00,27.014
11121,2024-02-05 04:00:00,27.0015
11122,2024-02-05 04:15:00,27.0015
11123,2024-02-05 04:30:00,26.977
11124,2024-02-05 04:45:00,26.965
11125,2024-02-05 05:00:00,26.965
11126,2024-02-05 05:15:00,26.9525
11127,2024-02-05 05:30:00,26.9525
11128,2024-02-05 05:45:00,26.9525
11129,2024-02-05 06:00:00,26.9525
11130,2024-02-05 06:15:00,26.9525
11131,2024-02-05 06:30:00,26.9525
11132,2024-02-05 06:45:00,26.94
11133,2024-02-05 07:00:00,26.94
11134,2024-02-05 07:15:00,26.94
11135,2024-02-05 07:30:00,26.928
11136,2024-02-05 07:45:00,26.928
11137,2024-02-05 08:00:00,26.928
11138,2024-02-05 08:15:00,26.928
11139,2024-02-05 08:30:00,26.94
11140,2024-02-05 08:45:00,26.94
11141,2024-02-05 09:00:00,26.9525
11142,2024-02-05 09:15:00,26.977
11143,2024-02-05 09:30:00,26.9895
11144,2024-02-05 09:45:00,26.989
11145,2024-02-05 10:00:00,26.989
11146,2024-02-05 10:15:00,27.014
11147,2024-02-05 10:30:00,27.038
11148,2024-02-05 10:45:00,27.063
11149,2024-02-05 11:00:00,27.087
11150,2024-02-05 11:15:00,27.124
11151,2024-02-05 11:30:00,27.1735
11152,2024-02-05 11:45:00,27.198
11153,2024-02-05 12:00:00,27.2225
11154,2024-02-05 12:15:00,27.247
11155,2024-02-05 12:30:00,27.259
11156,2024-02-05 12:45:00,27.259
11157,2024-02-05 13:00:00,27.259
11158,2024-02-05 13:15:00,27.2715
11159,2024-02-05 13:30:00,27.284
11160,2024-02-05 13:45:00,27.284
11161,2024-02-05 14:00:00,27.284
11162,2024-02-05 14:15:00,27.284
11163,2024-02-05 14:30:00,27.296
11164,2024-02-05 14:45:00,27.296
11165,2024-02-05 15:00:00,27.296
11166,2024-02-05 15:15:00,27.296
11167,2024-02-05 15:30:00,27.296
11168,2024-02-05 15:45:00,27.296
11169,2024-02-05 16:00:00,27.3205
11170,2024-02-05 16:15:00,27.333
11171,2024-02-05 16:30:00,27.3455
11172,2024-02-05 16:45:00,27.37
11173,2024-02-05 17:00:00,27.37
11174,2024-02-05 17:15:00,27.37
11175,2024-02-05 17:30:00,27.37
11176,2024-02-05 17:45:00,27.37
11177,2024-02-05 18:00:00,27.37
11178,2024-02-05 18:15:00,27.382
11179,2024-02-05 18:30:00,27.382
11180,2024-02-05 18:45:00,27.358
11181,2024-02-05 19:00:00,27.333
11182,2024-02-05 19:15:00,27.333
11183,2024-02-05 19:30:00,27.333
11184,2024-02-05 19:45:00,27.3205
11185,2024-02-05 20:00:00,27.3205
11186,2024-02-05 20:15:00,27.3205
11187,2024-02-05 20:30:00,27.3205
11188,2024-02-05 20:45:00,27.308
11189,2024-02-05 21:00:00,27.308
11190,2024-02-05 21:15:00,27.296
11191,2024-02-05 21:30:00,27.296
11192,2024-02-05 21:45:00,27.296
11193,2024-02-05 22:00:00,27.296
11194,2024-02-05 22:15:00,27.284
11195,2024-02-05 22:30:00,27.284
11196,2024-02-05 22:45:00,27.2715
11197,2024-02-05 23:00:00,27.2715
11198,2024-02-05 23:15:00,27.2715
11199,2024-02-05 23:30:00,27.2715
11200,2024-02-05 23:45:00,27.2715
11201,2024-02-06 00:00:00,27.2715
11202,2024-02-06 00:15:00,27.2715
11203,2024-02-06 00:30:00,27.259
11204,2024-02-06 00:45:00,27.2715
11205,2024-02-06 01:00:00,27.2715
11206,2024-02-06 01:15:00,27.2715
11207,2024-02-06 01:30:00,27.2715
11208,2024-02-06 01:45:00,27.2715
11209,2024-02-06 02:00:00,27.284
11210,2024-02-06 02:15:00,27.284
11211,2024-02-06 02:30:00,27.296
11212,2024-02-06 02:45:00,27.284
11213,2024-02-06 03:00:00,27.284
11214,2024-02-06 03:15:00,27.284
11215,2024-02-06 03:30:00,27.284
11216,2024-02-06 03:45:00,27.284
11217,2024-02-06 04:00:00,27.296
11218,2024-02-06 04:15:00,27.284
11219,2024-02-06 04:30:00,27.259
11220,2024-02-06 04:45:00,27.235
11221,2024-02-06 05:00:00,27.235
11222,2024-02-06 05:15:00,27.2225
11223,2024-02-06 05:30:00,27.198
11224,2024-02-06 05:45:00,27.198
11225,2024-02-06 06:00:00,27.198
11226,2024-02-06 06:15:00,27.198
11227,2024-02-06 06:30:00,27.2105
11228,2024-02-06 06:45:00,27.2105
11229,2024-02-06 07:00:00,27.2105
11230,2024-02-06 07:15:00,27.2105
11231,2024-02-06 07:30:00,27.2105
11232,2024-02-06 07:45:00,27.198
11233,2024-02-06 08:00:00,27.2105
11234,2024-02-06 08:15:00,27.2105
11235,2024-02-06 08:30:00,27.2105
11236,2024-02-06 08:45:00,27.2225
11237,2024-02-06 09:00:00,27.2225
11238,2024-02-06 09:15:00,27.2225
11239,2024-02-06 09:30:00,27.2105
11240,2024-02-06 09:45:00,27.2105
11241,2024-02-06 10:00:00,27.2105
11242,2024-02-06 10:15:00,27.2225
11243,2024-02-06 10:30:00,27.247
11244,2024-02-06 10:45:00,27.247
11245,2024-02-06 11:00:00,27.247
11246,2024-02-06 11:15:00,27.247
11247,2024-02-06 11:30:00,27.247
11248,2024-02-06 11:45:00,27.247
11249,2024-02-06 12:00:00,27.247
11250,2024-02-06 12:15:00,27.259
11251,2024-02-06 12:30:00,27.2715
11252,2024-02-06 12:45:00,27.2715
11253,2024-02-06 13:00:00,27.2715
11254,2024-02-06 13:15:00,27.2715
11255,2024-02-06 13:30:00,27.2715
11256,2024-02-06 13:45:00,27.2715
11257,2024-02-06 14:00:00,27.2715
11258,2024-02-06 14:15:00,27.2715
11259,2024-02-06 14:30:00,27.259
11260,2024-02-06 14:45:00,27.259
11261,2024-02-06 15:00:00,27.259
11262,2024-02-06 15:15:00,27.2715
11263,2024-02-06 15:30:00,27.2715
11264,2024-02-06 15:45:00,27.259
11265,2024-02-06 16:00:00,27.259
11266,2024-02-06 16:15:00,27.259
11267,2024-02-06 16:30:00,27.259
11268,2024-02-06 16:45:00,27.259
11269,2024-02-06 17:00:00,27.259
11270,2024-02-06 17:15:00,27.259
11271,2024-02-06 17:30:00,27.259
11272,2024-02-06 17:45:00,27.259
11273,2024-02-06 18:00:00,27.247
11274,2024-02-06 18:15:00,27.247
11275,2024-02-06 18:30:00,27.247
11276,2024-02-06 18:45:00,27.235
11277,2024-02-06 19:00:00,27.2225
11278,2024-02-06 19:15:00,27.2105
11279,2024-02-06 19:30:00,27.2105
11280,2024-02-06 19:45:00,27.198
11281,2024-02-06 20:00:00,27.198
11282,2024-02-06 20:15:00,27.198
11283,2024-02-06 20:30:00,27.198
11284,2024-02-06 20:45:00,27.198
11285,2024-02-06 21:00:00,27.198
11286,2024-02-06 21:15:00,27.198
11287,2024-02-06 21:30:00,27.198
11288,2024-02-06 21:45:00,27.198
11289,2024-02-06 22:00:00,27.198
11290,2024-02-06 22:15:00,27.198
11291,2024-02-06 22:30:00,27.198
11292,2024-02-06 22:45:00,27.198
11293,2024-02-06 23:00:00,27.198
11294,2024-02-06 23:15:00,27.198
11295,2024-02-06 23:30:00,27.198
11296,2024-02-06 23:45:00,27.198
11297,2024-02-07 00:00:00,27.198
11298,2024-02-07 00:15:00,27.198
11299,2024-02-07 00:30:00,27.198
11300,2024-02-07 00:45:00,27.198
11301,2024-02-07 01:00:00,27.198
11302,2024-02-07 01:15:00,27.198
11303,2024-02-07 01:30:00,27.198
11304,2024-02-07 01:45:00,27.198
11305,2024-02-07 02:00:00,27.198
11306,2024-02-07 02:15:00,27.198
11307,2024-02-07 02:30:00,27.186
11308,2024-02-07 02:45:00,27.186
11309,2024-02-07 03:00:00,27.186
11310,2024-02-07 03:15:00,27.186
11311,2024-02-07 03:30:00,27.1735
11312,2024-02-07 03:45:00,27.1735
11313,2024-02-07 04:00:00,27.1735
11314,2024-02-07 04:15:00,27.1735
11315,2024-02-07 04:30:00,27.1735
11316,2024-02-07 04:45:00,27.1735
11317,2024-02-07 05:00:00,27.1735
11318,2024-02-07 05:15:00,27.1735
11319,2024-02-07 05:30:00,27.1735
11320,2024-02-07 05:45:00,27.1485
11321,2024-02-07 06:00:00,27.161
11322,2024-02-07 06:15:00,27.1735
11323,2024-02-07 06:30:00,27.1735
11324,2024-02-07 06:45:00,27.1735
11325,2024-02-07 07:00:00,27.1735
11326,2024-02-07 07:15:00,27.1735
11327,2024-02-07 07:30:00,27.1735
11328,2024-02-07 07:45:00,27.1735
11329,2024-02-07 08:00:00,27.186
11330,2024-02-07 08:15:00,27.186
11331,2024-02-07 08:30:00,27.186
11332,2024-02-07 08:45:00,27.186
11333,2024-02-07 09:00:00,27.161
11334,2024-02-07 09:15:00,27.161
11335,2024-02-07 09:30:00,27.161
11336,2024-02-07 09:45:00,27.1485
11337,2024-02-07 10:00:00,27.1485
11338,2024-02-07 10:15:00,27.161
11339,2024-02-07 10:30:00,27.161
11340,2024-02-07 10:45:00,27.1485
11341,2024-02-07 11:00:00,27.1485
11342,2024-02-07 11:15:00,27.1485
11343,2024-02-07 11:30:00,27.136
11344,2024-02-07 11:45:00,27.136
11345,2024-02-07 12:00:00,27.1485
11346,2024-02-07 12:15:00,27.1485
11347,2024-02-07 12:30:00,27.1485
11348,2024-02-07 12:45:00,27.1485
11349,2024-02-07 13:00:00,27.1485
11350,2024-02-07 13:15:00,27.136
11351,2024-02-07 13:30:00,27.136
11352,2024-02-07 13:45:00,27.136
11353,2024-02-07 14:00:00,27.136
11354,2024-02-07 14:15:00,27.136
11355,2024-02-07 14:30:00,27.136
11356,2024-02-07 14:45:00,27.136
11357,2024-02-07 15:00:00,27.136
11358,2024-02-07 15:15:00,27.136
11359,2024-02-07 15:30:00,27.136
11360,2024-02-07 15:45:00,27.136
11361,2024-02-07 16:00:00,27.124
11362,2024-02-07 16:15:00,27.124
11363,2024-02-07 16:30:00,27.124
11364,2024-02-07 16:45:00,27.124
11365,2024-02-07 17:00:00,27.112
11366,2024-02-07 17:15:00,27.112
11367,2024-02-07 17:30:00,27.112
11368,2024-02-07 17:45:00,27.0995
11369,2024-02-07 18:00:00,27.112
11370,2024-02-07 18:15:00,27.112
11371,2024-02-07 18:30:00,27.112
11372,2024-02-07 18:45:00,27.124
11373,2024-02-07 19:00:00,27.124
11374,2024-02-07 19:15:00,27.124
11375,2024-02-07 19:30:00,27.124
11376,2024-02-07 19:45:00,27.124
11377,2024-02-07 20:00:00,27.124
11378,2024-02-07 20:15:00,27.124
11379,2024-02-07 20:30:00,27.124
11380,2024-02-07 20:45:00,27.124
11381,2024-02-07 21:00:00,27.124
11382,2024-02-07 21:15:00,27.124
11383,2024-02-07 21:30:00,27.136
11384,2024-02-07 21:45:00,27.136
11385,2024-02-07 22:00:00,27.136
11386,2024-02-07 22:15:00,27.136
11387,2024-02-07 22:30:00,27.136
11388,2024-02-07 22:45:00,27.136
11389,2024-02-07 23:00:00,27.124
11390,2024-02-07 23:15:00,27.124
11391,2024-02-07 23:30:00,27.124
11392,2024-02-07 23:45:00,27.112
11393,2024-02-08 00:00:00,27.112
11394,2024-02-08 00:15:00,27.112
11395,2024-02-08 00:30:00,27.112
11396,2024-02-08 00:45:00,27.112
11397,2024-02-08 01:00:00,27.0995
11398,2024-02-08 01:15:00,27.0995
11399,2024-02-08 01:30:00,27.0995
11400,2024-02-08 01:45:00,27.0995
11401,2024-02-08 02:00:00,27.0995
11402,2024-02-08 02:15:00,27.112
11403,2024-02-08 02:30:00,27.112
11404,2024-02-08 02:45:00,27.112
11405,2024-02-08 03:00:00,27.112
11406,2024-02-08 03:15:00,27.112
11407,2024-02-08 03:30:00,27.112
11408,2024-02-08 03:45:00,27.124
11409,2024-02-08 04:00:00,27.124
11410,2024-02-08 04:15:00,27.112
11411,2024-02-08 04:30:00,27.112
11412,2024-02-08 04:45:00,27.0995
11413,2024-02-08 05:00:00,27.087
11414,2024-02-08 05:15:00,27.087
11415,2024-02-08 05:30:00,27.0995
11416,2024-02-08 05:45:00,27.0995
11417,2024-02-08 06:00:00,27.087
11418,2024-02-08 06:15:00,27.075
11419,2024-02-08 06:30:00,27.075
11420,2024-02-08 06:45:00,27.075
11421,2024-02-08 07:00:00,27.075
11422,2024-02-08 07:15:00,27.075
11423,2024-02-08 07:30:00,27.075
11424,2024-02-08 07:45:00,27.075
11425,2024-02-08 08:00:00,27.075
11426,2024-02-08 08:15:00,27.075
11427,2024-02-08 08:30:00,27.075
11428,2024-02-08 08:45:00,27.075
11429,2024-02-08 09:00:00,27.087
11430,2024-02-08 09:15:00,27.075
11431,2024-02-08 09:30:00,27.0505
11432,2024-02-08 09:45:00,27.0385
11433,2024-02-08 10:00:00,27.0385
11434,2024-02-08 10:15:00,27.038
11435,2024-02-08 10:30:00,27.038
11436,2024-02-08 10:45:00,27.038
11437,2024-02-08 11:00:00,27.038
11438,2024-02-08 11:15:00,27.038
11439,2024-02-08 11:30:00,27.063
11440,2024-02-08 11:45:00,27.063
11441,2024-02-08 12:00:00,27.063
11442,2024-02-08 12:15:00,27.075
11443,2024-02-08 12:30:00,27.087
11444,2024-02-08 12:45:00,27.087
11445,2024-02-08 13:00:00,27.087
11446,2024-02-08 13:15:00,27.063
11447,2024-02-08 13:30:00,27.063
11448,2024-02-08 13:45:00,27.0505
11449,2024-02-08 14:00:00,27.038
11450,2024-02-08 14:15:00,27.0015
11451,2024-02-08 14:30:00,27.0015
11452,2024-02-08 14:45:00,27.0015
11453,2024-02-08 15:00:00,26.989
11454,2024-02-08 15:15:00,26.989
11455,2024-02-08 15:30:00,27.0015
11456,2024-02-08 15:45:00,26.989
11457,2024-02-08 16:00:00,27.0015
11458,2024-02-08 16:15:00,27.014
11459,2024-02-08 16:30:00,27.014
11460,2024-02-08 16:45:00,27.014
11461,2024-02-08 17:00:00,27.014
11462,2024-02-08 17:15:00,27.026
11463,2024-02-08 17:30:00,27.026
11464,2024-02-08 17:45:00,27.026
11465,2024-02-08 18:00:00,27.014
11466,2024-02-08 18:15:00,27.026
11467,2024-02-08 18:30:00,27.026
11468,2024-02-08 18:45:00,27.026
11469,2024-02-08 19:00:00,27.038
11470,2024-02-08 19:15:00,27.038
11471,2024-02-08 19:30:00,27.038
11472,2024-02-08 19:45:00,27.0505
11473,2024-02-08 20:00:00,27.0135
11474,2024-02-08 20:15:00,26.94
11475,2024-02-08 20:30:00,26.9155
11476,2024-02-08 20:45:00,26.9525
11477,2024-02-08 21:00:00,26.928
11478,2024-02-08 21:15:00,26.9895
11479,2024-02-08 21:30:00,27.014
11480,2024-02-08 21:45:00,27.026
11481,2024-02-08 22:00:00,27.0135
11482,2024-02-08 22:15:00,27.0135
11483,2024-02-08 22:30:00,27.0015
11484,2024-02-08 22:45:00,27.0015
11485,2024-02-08 23:00:00,27.0015
11486,2024-02-08 23:15:00,26.9645
11487,2024-02-08 23:30:00,26.9525
11488,2024-02-08 23:45:00,26.9525
11489,2024-02-09 00:00:00,26.9525
11490,2024-02-09 00:15:00,26.9525
11491,2024-02-09 00:30:00,26.928
11492,2024-02-09 00:45:00,26.9405
11493,2024-02-09 01:00:00,26.9525
11494,2024-02-09 01:15:00,26.9525
11495,2024-02-09 01:30:00,26.9405
11496,2024-02-09 01:45:00,26.9155
11497,2024-02-09 02:00:00,26.916
11498,2024-02-09 02:15:00,26.879
11499,2024-02-09 02:30:00,26.8425
11500,2024-02-09 02:45:00,26.8425
11501,2024-02-09 03:00:00,26.83
11502,2024-02-09 03:15:00,26.8175
11503,2024-02-09 03:30:00,26.793
11504,2024-02-09 03:45:00,26.732
11505,2024-02-09 04:00:00,26.622
11506,2024-02-09 04:15:00,26.61
11507,2024-02-09 04:30:00,26.598
11508,2024-02-09 04:45:00,26.622
11509,2024-02-09 05:00:00,26.634
11510,2024-02-09 05:15:00,26.6585
11511,2024-02-09 05:30:00,26.671
11512,2024-02-09 05:45:00,26.671
11513,2024-02-09 06:00:00,26.683
11514,2024-02-09 06:15:00,26.671
11515,2024-02-09 06:30:00,26.671
11516,2024-02-09 06:45:00,26.671
11517,2024-02-09 07:00:00,26.671
11518,2024-02-09 07:15:00,26.671
11519,2024-02-09 07:30:00,26.695
11520,2024-02-09 07:45:00,26.695
11521,2024-02-09 08:00:00,26.7075
11522,2024-02-09 08:15:00,26.7075
11523,2024-02-09 08:30:00,26.7075
11524,2024-02-09 08:45:00,26.72
11525,2024-02-09 09:00:00,26.732
11526,2024-02-09 09:15:00,26.744
11527,2024-02-09 09:30:00,26.7565
11528,2024-02-09 09:45:00,26.8055
11529,2024-02-09 10:00:00,26.83
11530,2024-02-09 10:15:00,26.8175
11531,2024-02-09 10:30:00,26.781
11532,2024-02-09 10:45:00,26.793
11533,2024-02-09 11:00:00,26.8055
11534,2024-02-09 11:15:00,26.818
11535,2024-02-09 11:30:00,26.83
11536,2024-02-09 11:45:00,26.842
11537,2024-02-09 12:00:00,26.8545
11538,2024-02-09 12:15:00,26.879
11539,2024-02-09 12:30:00,26.9035
11540,2024-02-09 12:45:00,26.928
11541,2024-02-09 13:00:00,26.928
11542,2024-02-09 13:15:00,26.9035
11543,2024-02-09 13:30:00,26.867
11544,2024-02-09 13:45:00,26.842
11545,2024-02-09 14:00:00,26.8545
11546,2024-02-09 14:15:00,26.8545
11547,2024-02-09 14:30:00,26.8545
11548,2024-02-09 14:45:00,26.879
11549,2024-02-09 15:00:00,26.8915
11550,2024-02-09 15:15:00,26.9035
11551,2024-02-09 15:30:00,26.9035
11552,2024-02-09 15:45:00,26.9035
11553,2024-02-09 16:00:00,26.9035
11554,2024-02-09 16:15:00,26.9035
11555,2024-02-09 16:30:00,26.891
11556,2024-02-09 16:45:00,26.891
11557,2024-02-09 17:00:00,26.891
11558,2024-02-09 17:15:00,26.891
11559,2024-02-09 17:30:00,26.891
11560,2024-02-09 17:45:00,26.891
11561,2024-02-09 18:00:00,26.891
11562,2024-02-09 18:15:00,26.9035
11563,2024-02-09 18:30:00,26.9035
11564,2024-02-09 18:45:00,26.928
11565,2024-02-09 19:00:00,26.916
11566,2024-02-09 19:15:00,26.916
11567,2024-02-09 19:30:00,26.891
11568,2024-02-09 19:45:00,26.891
11569,2024-02-09 20:00:00,26.8545
11570,2024-02-09 20:15:00,26.83
11571,2024-02-09 20:30:00,26.818
11572,2024-02-09 20:45:00,26.781
11573,2024-02-09 21:00:00,26.793
11574,2024-02-09 21:15:00,26.781
11575,2024-02-09 21:30:00,26.781
11576,2024-02-09 21:45:00,26.7565
11577,2024-02-09 22:00:00,26.732
11578,2024-02-09 22:15:00,26.7075
11579,2024-02-09 22:30:00,26.695
11580,2024-02-09 22:45:00,26.683
11581,2024-02-09 23:00:00,26.6585
11582,2024-02-09 23:15:00,26.646
11583,2024-02-09 23:30:00,26.634
11584,2024-02-09 23:45:00,26.61
11585,2024-02-10 00:00:00,26.61
11586,2024-02-10 00:15:00,26.634
11587,2024-02-10 00:30:00,26.634
11588,2024-02-10 00:45:00,26.634
11589,2024-02-10 01:00:00,26.634
11590,2024-02-10 01:15:00,26.634
11591,2024-02-10 01:30:00,26.6095
11592,2024-02-10 01:45:00,26.5975
11593,2024-02-10 02:00:00,26.549
11594,2024-02-10 02:15:00,26.524
11595,2024-02-10 02:30:00,26.524
11596,2024-02-10 02:45:00,26.5365
11597,2024-02-10 03:00:00,26.5365
11598,2024-02-10 03:15:00,26.549
11599,2024-02-10 03:30:00,26.549
11600,2024-02-10 03:45:00,26.5365
11601,2024-02-10 04:00:00,26.5365
11602,2024-02-10 04:15:00,26.512
11603,2024-02-10 04:30:00,26.4995
11604,2024-02-10 04:45:00,26.4875
11605,2024-02-10 05:00:00,26.463
11606,2024-02-10 05:15:00,26.475
11607,2024-02-10 05:30:00,26.4875
11608,2024-02-10 05:45:00,26.4875
11609,2024-02-10 06:00:00,26.5
11610,2024-02-10 06:15:00,26.524
11611,2024-02-10 06:30:00,26.5365
11612,2024-02-10 06:45:00,26.524
11613,2024-02-10 07:00:00,26.549
11614,2024-02-10 07:15:00,26.573
11615,2024-02-10 07:30:00,26.5855
11616,2024-02-10 07:45:00,26.5855
11617,2024-02-10 08:00:00,26.5855
11618,2024-02-10 08:15:00,26.573
11619,2024-02-10 08:30:00,26.549
11620,2024-02-10 08:45:00,26.524
11621,2024-02-10 09:00:00,26.524
11622,2024-02-10 09:15:00,26.549
11623,2024-02-10 09:30:00,26.549
11624,2024-02-10 09:45:00,26.549
11625,2024-02-10 10:00:00,26.561
11626,2024-02-10 10:15:00,26.573
11627,2024-02-10 10:30:00,26.622
11628,2024-02-10 10:45:00,26.634
11629,2024-02-10 11:00:00,26.622
11630,2024-02-10 11:15:00,26.634
11631,2024-02-10 11:30:00,26.671
11632,2024-02-10 11:45:00,26.695
11633,2024-02-10 12:00:00,26.744
11634,2024-02-10 12:15:00,26.793
11635,2024-02-10 12:30:00,26.818
11636,2024-02-10 12:45:00,26.842
11637,2024-02-10 13:00:00,26.8425
11638,2024-02-10 13:15:00,26.8545
11639,2024-02-10 13:30:00,26.8545
11640,2024-02-10 13:45:00,26.8665
11641,2024-02-10 14:00:00,26.879
11642,2024-02-10 14:15:00,26.8665
11643,2024-02-10 14:30:00,26.879
11644,2024-02-10 14:45:00,26.879
11645,2024-02-10 15:00:00,26.8545
11646,2024-02-10 15:15:00,26.83
11647,2024-02-10 15:30:00,26.8055
11648,2024-02-10 15:45:00,26.8055
11649,2024-02-10 16:00:00,26.8055
11650,2024-02-10 16:15:00,26.793
11651,2024-02-10 16:30:00,26.781
11652,2024-02-10 16:45:00,26.781
11653,2024-02-10 17:00:00,26.769
11654,2024-02-10 17:15:00,26.769
11655,2024-02-10 17:30:00,26.769
11656,2024-02-10 17:45:00,26.769
11657,2024-02-10 18:00:00,26.769
11658,2024-02-10 18:15:00,26.769
11659,2024-02-10 18:30:00,26.769
11660,2024-02-10 18:45:00,26.769
11661,2024-02-10 19:00:00,26.781
11662,2024-02-10 19:15:00,26.781
11663,2024-02-10 19:30:00,26.781
11664,2024-02-10 19:45:00,26.8055
11665,2024-02-10 20:00:00,26.8055
11666,2024-02-10 20:15:00,26.8055
11667,2024-02-10 20:30:00,26.793
11668,2024-02-10 20:45:00,26.769
11669,2024-02-10 21:00:00,26.7565
11670,2024-02-10 21:15:00,26.744
11671,2024-02-10 21:30:00,26.72
11672,2024-02-10 21:45:00,26.695
11673,2024-02-10 22:00:00,26.683
11674,2024-02-10 22:15:00,26.6585
11675,2024-02-10 22:30:00,26.634
11676,2024-02-10 22:45:00,26.61
11677,2024-02-10 23:00:00,26.5855
11678,2024-02-10 23:15:00,26.561
11679,2024-02-10 23:30:00,26.549
11680,2024-02-10 23:45:00,26.512
11681,2024-02-11 00:00:00,26.5
11682,2024-02-11 00:15:00,26.5
11683,2024-02-11 00:30:00,26.4875
11684,2024-02-11 00:45:00,26.5
11685,2024-02-11 01:00:00,26.475
11686,2024-02-11 01:15:00,26.463
11687,2024-02-11 01:30:00,26.414
11688,2024-02-11 01:45:00,26.3655
11689,2024-02-11 02:00:00,26.341
11690,2024-02-11 02:15:00,26.341
11691,2024-02-11 02:30:00,26.329
11692,2024-02-11 02:45:00,26.353
11693,2024-02-11 03:00:00,26.378
11694,2024-02-11 03:15:00,26.39
11695,2024-02-11 03:30:00,26.402
11696,2024-02-11 03:45:00,26.402
11697,2024-02-11 04:00:00,26.414
11698,2024-02-11 04:15:00,26.414
11699,2024-02-11 04:30:00,26.426
11700,2024-02-11 04:45:00,26.426
11701,2024-02-11 05:00:00,26.402
11702,2024-02-11 05:15:00,26.402
11703,2024-02-11 05:30:00,26.39
11704,2024-02-11 05:45:00,26.341
11705,2024-02-11 06:00:00,26.292
11706,2024-02-11 06:15:00,26.292
11707,2024-02-11 06:30:00,26.292
11708,2024-02-11 06:45:00,26.304
11709,2024-02-11 07:00:00,26.3165
11710,2024-02-11 07:15:00,26.3165
11711,2024-02-11 07:30:00,26.3045
11712,2024-02-11 07:45:00,26.268
11713,2024-02-11 08:00:00,26.28
11714,2024-02-11 08:15:00,26.341
11715,2024-02-11 08:30:00,26.353
11716,2024-02-11 08:45:00,26.378
11717,2024-02-11 09:00:00,26.402
11718,2024-02-11 09:15:00,26.414
11719,2024-02-11 09:30:00,26.426
11720,2024-02-11 09:45:00,26.463
11721,2024-02-11 10:00:00,26.5
11722,2024-02-11 10:15:00,26.5365
11723,2024-02-11 10:30:00,26.549
11724,2024-02-11 10:45:00,26.5855
11725,2024-02-11 11:00:00,26.622
11726,2024-02-11 11:15:00,26.622
11727,2024-02-11 11:30:00,26.6585
11728,2024-02-11 11:45:00,26.683
11729,2024-02-11 12:00:00,26.695
11730,2024-02-11 12:15:00,26.7075
11731,2024-02-11 12:30:00,26.732
11732,2024-02-11 12:45:00,26.7445
11733,2024-02-11 13:00:00,26.7565
11734,2024-02-11 13:15:00,26.7565
11735,2024-02-11 13:30:00,26.7565
11736,2024-02-11 13:45:00,26.7565
11737,2024-02-11 14:00:00,26.7565
11738,2024-02-11 14:15:00,26.7565
11739,2024-02-11 14:30:00,26.7565
11740,2024-02-11 14:45:00,26.7565
11741,2024-02-11 15:00:00,26.7565
11742,2024-02-11 15:15:00,26.7565
11743,2024-02-11 15:30:00,26.744
11744,2024-02-11 15:45:00,26.72
11745,2024-02-11 16:00:00,26.732
11746,2024-02-11 16:15:00,26.744
11747,2024-02-11 16:30:00,26.7565
11748,2024-02-11 16:45:00,26.732
11749,2024-02-11 17:00:00,26.7075
11750,2024-02-11 17:15:00,26.695
11751,2024-02-11 17:30:00,26.695
11752,2024-02-11 17:45:00,26.695
11753,2024-02-11 18:00:00,26.7075
11754,2024-02-11 18:15:00,26.7075
11755,2024-02-11 18:30:00,26.732
11756,2024-02-11 18:45:00,26.732
11757,2024-02-11 19:00:00,26.744
11758,2024-02-11 19:15:00,26.7565
11759,2024-02-11 19:30:00,26.781
11760,2024-02-11 19:45:00,26.793
11761,2024-02-11 20:00:00,26.793
11762,2024-02-11 20:15:00,26.7075
11763,2024-02-11 20:30:00,26.671
11764,2024-02-11 20:45:00,26.646
11765,2024-02-11 21:00:00,26.646
11766,2024-02-11 21:15:00,26.646
11767,2024-02-11 21:30:00,26.646
11768,2024-02-11 21:45:00,26.646
11769,2024-02-11 22:00:00,26.634
11770,2024-02-11 22:15:00,26.634
11771,2024-02-11 22:30:00,26.634
11772,2024-02-11 22:45:00,26.634
11773,2024-02-11 23:00:00,26.634
11774,2024-02-11 23:15:00,26.61
11775,2024-02-11 23:30:00,26.61
11776,2024-02-11 23:45:00,26.5855
11777,2024-02-12 00:00:00,26.561
11778,2024-02-12 00:15:00,26.561
11779,2024-02-12 00:30:00,26.549
11780,2024-02-12 00:45:00,26.5365
11781,2024-02-12 01:00:00,26.5365
11782,2024-02-12 01:15:00,26.524
11783,2024-02-12 01:30:00,26.512
11784,2024-02-12 01:45:00,26.4875
11785,2024-02-12 02:00:00,26.463
11786,2024-02-12 02:15:00,26.414
11787,2024-02-12 02:30:00,26.414
11788,2024-02-12 02:45:00,26.414
11789,2024-02-12 03:00:00,26.414
11790,2024-02-12 03:15:00,26.39
11791,2024-02-12 03:30:00,26.378
11792,2024-02-12 03:45:00,26.353
11793,2024-02-12 04:00:00,26.353
11794,2024-02-12 04:15:00,26.3655
11795,2024-02-12 04:30:00,26.378
11796,2024-02-12 04:45:00,26.378
11797,2024-02-12 05:00:00,26.378
11798,2024-02-12 05:15:00,26.378
11799,2024-02-12 05:30:00,26.353
11800,2024-02-12 05:45:00,26.341
11801,2024-02-12 06:00:00,26.341
11802,2024-02-12 06:15:00,26.341
11803,2024-02-12 06:30:00,26.341
11804,2024-02-12 06:45:00,26.3165
11805,2024-02-12 07:00:00,26.3165
11806,2024-02-12 07:15:00,26.3165
11807,2024-02-12 07:30:00,26.292
11808,2024-02-12 07:45:00,26.268
11809,2024-02-12 08:00:00,26.268
11810,2024-02-12 08:15:00,26.268
11811,2024-02-12 08:30:00,26.28
11812,2024-02-12 08:45:00,26.304
11813,2024-02-12 09:00:00,26.353
11814,2024-02-12 09:15:00,26.378
11815,2024-02-12 09:30:00,26.426
11816,2024-02-12 09:45:00,26.475
11817,2024-02-12 10:00:00,26.5
11818,2024-02-12 10:15:00,26.549
11819,2024-02-12 10:30:00,26.5855
11820,2024-02-12 10:45:00,26.598
11821,2024-02-12 11:00:00,26.622
11822,2024-02-12 11:15:00,26.646
11823,2024-02-12 11:30:00,26.6585
11824,2024-02-12 11:45:00,26.671
11825,2024-02-12 12:00:00,26.6585
11826,2024-02-12 12:15:00,26.7075
11827,2024-02-12 12:30:00,26.7195
11828,2024-02-12 12:45:00,26.732
11829,2024-02-12 13:00:00,26.7565
11830,2024-02-12 13:15:00,26.781
11831,2024-02-12 13:30:00,26.8055
11832,2024-02-12 13:45:00,26.8545
11833,2024-02-12 14:00:00,26.879
11834,2024-02-12 14:15:00,26.9035
11835,2024-02-12 14:30:00,26.9035
11836,2024-02-12 14:45:00,26.891
11837,2024-02-12 15:00:00,26.879
11838,2024-02-12 15:15:00,26.879
11839,2024-02-12 15:30:00,26.891
11840,2024-02-12 15:45:00,26.8545
11841,2024-02-12 16:00:00,26.842
11842,2024-02-12 16:15:00,26.83
11843,2024-02-12 16:30:00,26.818
11844,2024-02-12 16:45:00,26.818
11845,2024-02-12 17:00:00,26.83
11846,2024-02-12 17:15:00,26.744
11847,2024-02-12 17:30:00,26.695
11848,2024-02-12 17:45:00,26.732
11849,2024-02-12 18:00:00,26.7075
11850,2024-02-12 18:15:00,26.7075
11851,2024-02-12 18:30:00,26.7075
11852,2024-02-12 18:45:00,26.732
11853,2024-02-12 19:00:00,26.7565
11854,2024-02-12 19:15:00,26.781
11855,2024-02-12 19:30:00,26.781
11856,2024-02-12 19:45:00,26.8055
11857,2024-02-12 20:00:00,26.8055
11858,2024-02-12 20:15:00,26.8055
11859,2024-02-12 20:30:00,26.8055
11860,2024-02-12 20:45:00,26.8055
11861,2024-02-12 21:00:00,26.83
11862,2024-02-12 21:15:00,26.818
11863,2024-02-12 21:30:00,26.8055
11864,2024-02-12 21:45:00,26.8055
11865,2024-02-12 22:00:00,26.793
11866,2024-02-12 22:15:00,26.781
11867,2024-02-12 22:30:00,26.769
11868,2024-02-12 22:45:00,26.7565
11869,2024-02-12 23:00:00,26.7565
11870,2024-02-12 23:15:00,26.7565
11871,2024-02-12 23:30:00,26.7565
11872,2024-02-12 23:45:00,26.7565
11873,2024-02-13 00:00:00,26.732
11874,2024-02-13 00:15:00,26.7075
11875,2024-02-13 00:30:00,26.695
11876,2024-02-13 00:45:00,26.695
11877,2024-02-13 01:00:00,26.695
11878,2024-02-13 01:15:00,26.683
11879,2024-02-13 01:30:00,26.683
11880,2024-02-13 01:45:00,26.6585
11881,2024-02-13 02:00:00,26.646
11882,2024-02-13 02:15:00,26.634
11883,2024-02-13 02:30:00,26.634
11884,2024-02-13 02:45:00,26.634
11885,2024-02-13 03:00:00,26.634
11886,2024-02-13 03:15:00,26.622
11887,2024-02-13 03:30:00,26.61
11888,2024-02-13 03:45:00,26.622
11889,2024-02-13 04:00:00,26.622
11890,2024-02-13 04:15:00,26.6095
11891,2024-02-13 04:30:00,26.6095
11892,2024-02-13 04:45:00,26.5855
11893,2024-02-13 05:00:00,26.549
11894,2024-02-13 05:15:00,26.512
11895,2024-02-13 05:30:00,26.463
11896,2024-02-13 05:45:00,26.4385
11897,2024-02-13 06:00:00,26.4265
11898,2024-02-13 06:15:00,26.402
11899,2024-02-13 06:30:00,26.414
11900,2024-02-13 06:45:00,26.426
11901,2024-02-13 07:00:00,26.451
11902,2024-02-13 07:15:00,26.463
11903,2024-02-13 07:30:00,26.475
11904,2024-02-13 07:45:00,26.5
11905,2024-02-13 08:00:00,26.524
11906,2024-02-13 08:15:00,26.524
11907,2024-02-13 08:30:00,26.5365
11908,2024-02-13 08:45:00,26.549
11909,2024-02-13 09:00:00,26.561
11910,2024-02-13 09:15:00,26.5855
11911,2024-02-13 09:30:00,26.61
11912,2024-02-13 09:45:00,26.646
11913,2024-02-13 10:00:00,26.671
11914,2024-02-13 10:15:00,26.7075
11915,2024-02-13 10:30:00,26.7565
11916,2024-02-13 10:45:00,26.793
11917,2024-02-13 11:00:00,26.818
11918,2024-02-13 11:15:00,26.842
11919,2024-02-13 11:30:00,26.879
11920,2024-02-13 11:45:00,26.9035
11921,2024-02-13 12:00:00,26.94
11922,2024-02-13 12:15:00,26.977
11923,2024-02-13 12:30:00,27.0015
11924,2024-02-13 12:45:00,27.014
11925,2024-02-13 13:00:00,26.94
11926,2024-02-13 13:15:00,26.916
11927,2024-02-13 13:30:00,26.916
11928,2024-02-13 13:45:00,26.879
11929,2024-02-13 14:00:00,26.879
11930,2024-02-13 14:15:00,26.879
11931,2024-02-13 14:30:00,26.8665
11932,2024-02-13 14:45:00,26.8665
11933,2024-02-13 15:00:00,26.8545
11934,2024-02-13 15:15:00,26.8545
11935,2024-02-13 15:30:00,26.842
11936,2024-02-13 15:45:00,26.8545
11937,2024-02-13 16:00:00,26.9155
11938,2024-02-13 16:15:00,26.8545
11939,2024-02-13 16:30:00,26.8055
11940,2024-02-13 16:45:00,26.781
11941,2024-02-13 17:00:00,26.769
11942,2024-02-13 17:15:00,26.769
11943,2024-02-13 17:30:00,26.7565
11944,2024-02-13 17:45:00,26.7565
11945,2024-02-13 18:00:00,26.7565
11946,2024-02-13 18:15:00,26.7565
11947,2024-02-13 18:30:00,26.7565
11948,2024-02-13 18:45:00,26.7565
11949,2024-02-13 19:00:00,26.781
11950,2024-02-13 19:15:00,26.793
11951,2024-02-13 19:30:00,26.8175
11952,2024-02-13 19:45:00,26.8425
11953,2024-02-13 20:00:00,26.8545
11954,2024-02-13 20:15:00,26.879
11955,2024-02-13 20:30:00,26.867
11956,2024-02-13 20:45:00,26.867
11957,2024-02-13 21:00:00,26.867
11958,2024-02-13 21:15:00,26.867
11959,2024-02-13 21:30:00,26.8545
11960,2024-02-13 21:45:00,26.842
11961,2024-02-13 22:00:00,26.842
11962,2024-02-13 22:15:00,26.842
11963,2024-02-13 22:30:00,26.83
11964,2024-02-13 22:45:00,26.83
11965,2024-02-13 23:00:00,26.842
11966,2024-02-13 23:15:00,26.842
11967,2024-02-13 23:30:00,26.842
11968,2024-02-13 23:45:00,26.842
11969,2024-02-14 00:00:00,26.842
11970,2024-02-14 00:15:00,26.842
11971,2024-02-14 00:30:00,26.842
11972,2024-02-14 00:45:00,26.842
11973,2024-02-14 01:00:00,26.842
11974,2024-02-14 01:15:00,26.8545
11975,2024-02-14 01:30:00,26.8545
11976,2024-02-14 01:45:00,26.867
11977,2024-02-14 02:00:00,26.8545
11978,2024-02-14 02:15:00,26.83
11979,2024-02-14 02:30:00,26.818
11980,2024-02-14 02:45:00,26.818
11981,2024-02-14 03:00:00,26.8055
11982,2024-02-14 03:15:00,26.818
11983,2024-02-14 03:30:00,26.818
11984,2024-02-14 03:45:00,26.818
11985,2024-02-14 04:00:00,26.818
11986,2024-02-14 04:15:00,26.8055
11987,2024-02-14 04:30:00,26.8055
11988,2024-02-14 04:45:00,26.793
11989,2024-02-14 05:00:00,26.781
11990,2024-02-14 05:15:00,26.781
11991,2024-02-14 05:30:00,26.781
11992,2024-02-14 05:45:00,26.769
11993,2024-02-14 06:00:00,26.769
11994,2024-02-14 06:15:00,26.7565
11995,2024-02-14 06:30:00,26.7565
11996,2024-02-14 06:45:00,26.7565
11997,2024-02-14 07:00:00,26.732
11998,2024-02-14 07:15:00,26.7445
11999,2024-02-14 07:30:00,26.7445
12000,2024-02-14 07:45:00,26.7445
12001,2024-02-14 08:00:00,26.7445
12002,2024-02-14 08:15:00,26.732
12003,2024-02-14 08:30:00,26.7075
12004,2024-02-14 08:45:00,26.7075
12005,2024-02-14 09:00:00,26.732
12006,2024-02-14 09:15:00,26.744
12007,2024-02-14 09:30:00,26.781
12008,2024-02-14 09:45:00,26.8055
12009,2024-02-14 10:00:00,26.83
12010,2024-02-14 10:15:00,26.842
12011,2024-02-14 10:30:00,26.8545
12012,2024-02-14 10:45:00,26.9035
12013,2024-02-14 11:00:00,26.94
12014,2024-02-14 11:15:00,26.928
12015,2024-02-14 11:30:00,26.94
12016,2024-02-14 11:45:00,26.9525
12017,2024-02-14 12:00:00,27.0015
12018,2024-02-14 12:15:00,27.0505
12019,2024-02-14 12:30:00,27.075
12020,2024-02-14 12:45:00,27.0995
12021,2024-02-14 13:00:00,27.112
12022,2024-02-14 13:15:00,27.1485
12023,2024-02-14 13:30:00,27.1485
12024,2024-02-14 13:45:00,27.161
12025,2024-02-14 14:00:00,27.1365
12026,2024-02-14 14:15:00,27.149
12027,2024-02-14 14:30:00,27.186
12028,2024-02-14 14:45:00,27.161
12029,2024-02-14 15:00:00,27.2225
12030,2024-02-14 15:15:00,27.247
12031,2024-02-14 15:30:00,27.247
12032,2024-02-14 15:45:00,27.2715
12033,2024-02-14 16:00:00,27.296
12034,2024-02-14 16:15:00,27.284
12035,2024-02-14 16:30:00,27.2225
12036,2024-02-14 16:45:00,27.0385
12037,2024-02-14 17:00:00,26.977
12038,2024-02-14 17:15:00,26.9525
12039,2024-02-14 17:30:00,26.94
12040,2024-02-14 17:45:00,26.928
12041,2024-02-14 18:00:00,26.916
12042,2024-02-14 18:15:00,26.9035
12043,2024-02-14 18:30:00,26.916
12044,2024-02-14 18:45:00,26.928
12045,2024-02-14 19:00:00,26.94
12046,2024-02-14 19:15:00,26.9525
12047,2024-02-14 19:30:00,27.0015
12048,2024-02-14 19:45:00,27.0385
12049,2024-02-14 20:00:00,27.0625
12050,2024-02-14 20:15:00,27.075
12051,2024-02-14 20:30:00,27.075
12052,2024-02-14 20:45:00,27.075
12053,2024-02-14 21:00:00,27.075
12054,2024-02-14 21:15:00,27.075
12055,2024-02-14 21:30:00,27.1115
12056,2024-02-14 21:45:00,27.124
12057,2024-02-14 22:00:00,27.124
12058,2024-02-14 22:15:00,27.136
12059,2024-02-14 22:30:00,27.1485
12060,2024-02-14 22:45:00,27.1485
12061,2024-02-14 23:00:00,27.136
12062,2024-02-14 23:15:00,27.136
12063,2024-02-14 23:30:00,27.1485
12064,2024-02-14 23:45:00,27.1485
12065,2024-02-15 00:00:00,27.1485
12066,2024-02-15 00:15:00,27.1485
12067,2024-02-15 00:30:00,27.1115
12068,2024-02-15 00:45:00,27.063
12069,2024-02-15 01:00:00,27.063
12070,2024-02-15 01:15:00,27.0505
12071,2024-02-15 01:30:00,27.0505
12072,2024-02-15 01:45:00,27.063
12073,2024-02-15 02:00:00,27.063
12074,2024-02-15 02:15:00,27.075
12075,2024-02-15 02:30:00,27.075
12076,2024-02-15 02:45:00,27.075
12077,2024-02-15 03:00:00,27.075
12078,2024-02-15 03:15:00,27.087
12079,2024-02-15 03:30:00,27.087
12080,2024-02-15 03:45:00,27.087
12081,2024-02-15 04:00:00,27.063
12082,2024-02-15 04:15:00,27.063
12083,2024-02-15 04:30:00,27.0505
12084,2024-02-15 04:45:00,27.0505
12085,2024-02-15 05:00:00,27.038
12086,2024-02-15 05:15:00,27.026
12087,2024-02-15 05:30:00,27.026
12088,2024-02-15 05:45:00,27.026
12089,2024-02-15 06:00:00,27.038
12090,2024-02-15 06:15:00,27.038
12091,2024-02-15 06:30:00,27.038
12092,2024-02-15 06:45:00,27.038
12093,2024-02-15 07:00:00,27.038
12094,2024-02-15 07:15:00,27.0505
12095,2024-02-15 07:30:00,27.0505
12096,2024-02-15 07:45:00,27.0505
12097,2024-02-15 08:00:00,27.0385
12098,2024-02-15 08:15:00,27.0135
12099,2024-02-15 08:30:00,27.014
12100,2024-02-15 08:45:00,27.026
12101,2024-02-15 09:00:00,27.0505
12102,2024-02-15 09:15:00,27.075
12103,2024-02-15 09:30:00,27.075
12104,2024-02-15 09:45:00,27.0875
12105,2024-02-15 10:00:00,27.0625
12106,2024-02-15 10:15:00,27.0505
12107,2024-02-15 10:30:00,27.063
12108,2024-02-15 10:45:00,27.075
12109,2024-02-15 11:00:00,27.075
12110,2024-02-15 11:15:00,27.124
12111,2024-02-15 11:30:00,27.161
12112,2024-02-15 11:45:00,27.124
12113,2024-02-15 12:00:00,27.1365
12114,2024-02-15 12:15:00,27.1485
12115,2024-02-15 12:30:00,27.1735
12116,2024-02-15 12:45:00,27.1855
12117,2024-02-15 13:00:00,27.1855
12118,2024-02-15 13:15:00,27.1855
12119,2024-02-15 13:30:00,27.2105
12120,2024-02-15 13:45:00,27.161
12121,2024-02-15 14:00:00,27.124
