<?xml version="1.0" encoding="UTF-8" standalone="yes"?>
<kml xmlns="http://www.opengis.net/kml/2.2" xmlns:gx="http://www.google.com/kml/ext/2.2" xmlns:atom="http://www.w3.org/2005/Atom" xmlns:xal="urn:oasis:names:tc:ciq:xsdschema:xAL:2.0">
    <Document>
        <Style id="WarningSurfacings">
            <IconStyle>
                <scale>0.5</scale>
                <heading>0.0</heading>
                <Icon>
                    <href>https://glider.marine.rutgers.edu/sfmc/static/images/warning-marker-in-focus.png</href>
                    <refreshInterval>0.0</refreshInterval>
                    <viewRefreshTime>0.0</viewRefreshTime>
                    <viewBoundScale>0.0</viewBoundScale>
                </Icon>
            </IconStyle>
        </Style>
        <Style id="HitWaypointSurfacings">
            <IconStyle>
                <scale>0.5</scale>
                <heading>0.0</heading>
                <Icon>
                    <href>https://glider.marine.rutgers.edu/sfmc/static/images/hit-waypoint-marker-in-focus.png</href>
                    <refreshInterval>0.0</refreshInterval>
                    <viewRefreshTime>0.0</viewRefreshTime>
                    <viewBoundScale>0.0</viewBoundScale>
                </Icon>
            </IconStyle>
        </Style>
        <Style id="AbortSurfacings">
            <IconStyle>
                <scale>0.800000011920929</scale>
                <heading>0.0</heading>
                <Icon>
                    <href>https://glider.marine.rutgers.edu/sfmc/static/images/abort-marker-in-focus.png</href>
                    <refreshInterval>0.0</refreshInterval>
                    <viewRefreshTime>0.0</viewRefreshTime>
                    <viewBoundScale>0.0</viewBoundScale>
                </Icon>
            </IconStyle>
        </Style>
        <Style id="LatestGliderPosition">
            <IconStyle>
                <scale>1.5</scale>
                <heading>0.0</heading>
                <Icon>
                    <href>https://glider.marine.rutgers.edu/sfmc/static/images/slocum_glider.png</href>
                    <refreshInterval>0.0</refreshInterval>
                    <viewRefreshTime>0.0</viewRefreshTime>
                    <viewBoundScale>0.0</viewBoundScale>
                </Icon>
            </IconStyle>
        </Style>
        <Style id="NextWaypoint">
            <IconStyle>
                <scale>0.699999988079071</scale>
                <heading>0.0</heading>
                <Icon>
                    <href>https://glider.marine.rutgers.edu/sfmc/static/images/target-32x32.png</href>
                    <refreshInterval>0.0</refreshInterval>
                    <viewRefreshTime>0.0</viewRefreshTime>
                    <viewBoundScale>0.0</viewBoundScale>
                </Icon>
            </IconStyle>
        </Style>
        <Style id="PlannedWaypoint">
            <IconStyle>
                <scale>1.0</scale>
                <heading>0.0</heading>
                <Icon>
                    <href>https://glider.marine.rutgers.edu/sfmc/static/images/planned-waypoint.png</href>
                    <refreshInterval>0.0</refreshInterval>
                    <viewRefreshTime>0.0</viewRefreshTime>
                    <viewBoundScale>0.0</viewBoundScale>
                </Icon>
            </IconStyle>
        </Style>
        <Style id="SurfaceMovements">
            <IconStyle>
                <scale>0.699999988079071</scale>
                <heading>0.0</heading>
                <Icon>
                    <href>https://glider.marine.rutgers.edu/sfmc/static/images/light-surface-movement-icon.png</href>
                    <refreshInterval>0.0</refreshInterval>
                    <viewRefreshTime>0.0</viewRefreshTime>
                    <viewBoundScale>0.0</viewBoundScale>
                </Icon>
            </IconStyle>
        </Style>
        <Style id="PlannedWaypointsPath">
            <LineStyle>
                <color>FFFF00FF</color>
                <width>2.0</width>
            </LineStyle>
        </Style>
        <Style id="DepthAveragedCurrentVectors">
            <LineStyle>
                <color>FF0000FF</color>
                <width>2.0</width>
            </LineStyle>
        </Style>
        <Style id="GliderTrack">
            <LineStyle>
                <width>2.0</width>
            </LineStyle>
        </Style>
        <Folder>
            <name>Surfacings</name>
            <Placemark>
                <name>uvi_02 Surfacing</name>
                <visibility>1</visibility>
                <description>&lt;b&gt;18°10.743'N 64°58.617'W&lt;br/&gt;Time of GPS Position: 2024-11-05 13:10:04&lt;br/&gt;Connect time: 2024-11-05 13:12:19&lt;br/&gt;Mission: od.mi&lt;br/&gt;Segment: 0057.0000&lt;br/&gt;Reason: MS_ABORT_OVERDEPTH&lt;br/&gt;&lt;/b&gt;</description>
                <styleUrl>#AbortSurfacings</styleUrl>
                <Point>
                    <coordinates>-64.97695,18.17905</coordinates>
                </Point>
            </Placemark>
            <Placemark>
                <name>uvi_02 Surfacing</name>
                <visibility>1</visibility>
                <description>&lt;b&gt;18°10.744'N 64°59.113'W&lt;br/&gt;Time of GPS Position: 2024-11-05 14:38:45&lt;br/&gt;Connect time: 2024-11-05 14:40:04&lt;br/&gt;Mission: 200_n.mi&lt;br/&gt;Segment: 0061.0000&lt;br/&gt;Reason: MS_ABORT_BEH_ERROR&lt;br/&gt;&lt;/b&gt;</description>
                <styleUrl>#AbortSurfacings</styleUrl>
                <Point>
                    <coordinates>-64.98521666666667,18.179066666666664</coordinates>
                </Point>
            </Placemark>
            <Placemark>
                <name>uvi_02 Surfacing</name>
                <visibility>1</visibility>
                <description>&lt;b&gt;18°10.383'N 64°59.341'W&lt;br/&gt;Time of GPS Position: 2024-11-05 16:20:43&lt;br/&gt;Connect time: 2024-11-05 16:22:14&lt;br/&gt;Mission: 200_n.mi&lt;br/&gt;Segment: 0063.0000&lt;br/&gt;Reason: nothing commanded&lt;br/&gt;&lt;/b&gt;</description>
                <styleUrl>#WarningSurfacings</styleUrl>
                <Point>
                    <coordinates>-64.98901666666667,18.17305</coordinates>
                </Point>
            </Placemark>
            <Placemark>
                <name>uvi_02 Surfacing</name>
                <visibility>1</visibility>
                <description>&lt;b&gt;18°10.073'N 64°59.478'W&lt;br/&gt;Time of GPS Position: 2024-11-05 17:04:05&lt;br/&gt;Connect time: 2024-11-05 17:05:08&lt;br/&gt;Mission: 200_n.mi&lt;br/&gt;Segment: 0063.0002&lt;br/&gt;Reason: nothing commanded&lt;br/&gt;&lt;/b&gt;</description>
                <styleUrl>#WarningSurfacings</styleUrl>
                <Point>
                    <coordinates>-64.9913,18.167883333333336</coordinates>
                </Point>
            </Placemark>
            <Placemark>
                <name>uvi_02 Surfacing</name>
                <visibility>1</visibility>
                <description>&lt;b&gt;18°10.073'N 64°59.478'W&lt;br/&gt;Time of GPS Position: 2024-11-05 17:04:05&lt;br/&gt;Connect time: 2024-11-05 17:12:16&lt;br/&gt;Mission: 200_n.mi&lt;br/&gt;Segment: 0063.0003&lt;br/&gt;Reason: nothing commanded&lt;br/&gt;&lt;/b&gt;</description>
                <styleUrl>#WarningSurfacings</styleUrl>
                <Point>
                    <coordinates>-64.9913,18.167883333333336</coordinates>
                </Point>
            </Placemark>
            <Placemark>
                <name>uvi_02 Surfacing</name>
                <visibility>1</visibility>
                <description>&lt;b&gt;18°09.198'N 64°59.817'W&lt;br/&gt;Time of GPS Position: 2024-11-05 18:59:14&lt;br/&gt;Connect time: 2024-11-05 19:00:10&lt;br/&gt;Mission: 200_n.mi&lt;br/&gt;Segment: 0063.0004&lt;br/&gt;Reason: nothing commanded&lt;br/&gt;&lt;/b&gt;</description>
                <styleUrl>#WarningSurfacings</styleUrl>
                <Point>
                    <coordinates>-64.99695,18.1533</coordinates>
                </Point>
            </Placemark>
            <Placemark>
                <name>uvi_02 Surfacing</name>
                <visibility>1</visibility>
                <description>&lt;b&gt;18°09.112'N 64°59.282'W&lt;br/&gt;Time of GPS Position: 2024-11-05 20:49:34&lt;br/&gt;Connect time: 2024-11-05 20:50:33&lt;br/&gt;Mission: 200_n.mi&lt;br/&gt;Segment: 0063.0006&lt;br/&gt;Reason: nothing commanded&lt;br/&gt;&lt;/b&gt;</description>
                <styleUrl>#WarningSurfacings</styleUrl>
                <Point>
                    <coordinates>-64.98803333333333,18.151866666666667</coordinates>
                </Point>
            </Placemark>
            <Placemark>
                <name>uvi_02 Surfacing</name>
                <visibility>1</visibility>
                <description>&lt;b&gt;18°09.137'N 64°58.824'W&lt;br/&gt;Time of GPS Position: 2024-11-05 22:44:34&lt;br/&gt;Connect time: 2024-11-05 22:45:38&lt;br/&gt;Mission: 200_n.mi&lt;br/&gt;Segment: 0063.0008&lt;br/&gt;Reason: nothing commanded&lt;br/&gt;&lt;/b&gt;</description>
                <styleUrl>#WarningSurfacings</styleUrl>
                <Point>
                    <coordinates>-64.98039999999999,18.152283333333333</coordinates>
                </Point>
            </Placemark>
            <Placemark>
                <name>uvi_02 Surfacing</name>
                <visibility>1</visibility>
                <description>&lt;b&gt;18°09.198'N 64°58.359'W&lt;br/&gt;Time of GPS Position: 2024-11-06 00:37:29&lt;br/&gt;Connect time: 2024-11-06 00:38:29&lt;br/&gt;Mission: 200_n.mi&lt;br/&gt;Segment: 0063.0010&lt;br/&gt;Reason: nothing commanded&lt;br/&gt;&lt;/b&gt;</description>
                <styleUrl>#WarningSurfacings</styleUrl>
                <Point>
                    <coordinates>-64.97265,18.1533</coordinates>
                </Point>
            </Placemark>
            <Placemark>
                <name>uvi_02 Surfacing</name>
                <visibility>1</visibility>
                <description>&lt;b&gt;18°09.263'N 64°57.864'W&lt;br/&gt;Time of GPS Position: 2024-11-06 02:31:34&lt;br/&gt;Connect time: 2024-11-06 02:32:51&lt;br/&gt;Mission: 200_n.mi&lt;br/&gt;Segment: 0063.0012&lt;br/&gt;Reason: nothing commanded&lt;br/&gt;&lt;/b&gt;</description>
                <styleUrl>#WarningSurfacings</styleUrl>
                <Point>
                    <coordinates>-64.9644,18.15438333333333</coordinates>
                </Point>
            </Placemark>
            <Placemark>
                <name>uvi_02 Surfacing</name>
                <visibility>1</visibility>
                <description>&lt;b&gt;18°09.201'N 64°57.456'W&lt;br/&gt;Time of GPS Position: 2024-11-06 04:33:44&lt;br/&gt;Connect time: 2024-11-06 04:34:52&lt;br/&gt;Mission: 200_n.mi&lt;br/&gt;Segment: 0063.0014&lt;br/&gt;Reason: nothing commanded&lt;br/&gt;&lt;/b&gt;</description>
                <styleUrl>#WarningSurfacings</styleUrl>
                <Point>
                    <coordinates>-64.9576,18.15335</coordinates>
                </Point>
            </Placemark>
            <Placemark>
                <name>uvi_02 Surfacing</name>
                <visibility>1</visibility>
                <description>&lt;b&gt;18°09.009'N 64°56.931'W&lt;br/&gt;Time of GPS Position: 2024-11-06 06:25:49&lt;br/&gt;Connect time: 2024-11-06 06:26:44&lt;br/&gt;Mission: 200_n.mi&lt;br/&gt;Segment: 0063.0016&lt;br/&gt;Reason: nothing commanded&lt;br/&gt;&lt;/b&gt;</description>
                <styleUrl>#WarningSurfacings</styleUrl>
                <Point>
                    <coordinates>-64.94885,18.15015</coordinates>
                </Point>
            </Placemark>
            <Placemark>
                <name>uvi_02 Surfacing</name>
                <visibility>1</visibility>
                <description>&lt;b&gt;18°08.813'N 64°56.653'W&lt;br/&gt;Time of GPS Position: 2024-11-06 08:22:59&lt;br/&gt;Connect time: 2024-11-06 08:24:06&lt;br/&gt;Mission: 200_n.mi&lt;br/&gt;Segment: 0063.0018&lt;br/&gt;Reason: nothing commanded&lt;br/&gt;&lt;/b&gt;</description>
                <styleUrl>#WarningSurfacings</styleUrl>
                <Point>
                    <coordinates>-64.94421666666668,18.146883333333335</coordinates>
                </Point>
            </Placemark>
            <Placemark>
                <name>uvi_02 Surfacing</name>
                <visibility>1</visibility>
                <description>&lt;b&gt;18°08.851'N 64°56.398'W&lt;br/&gt;Time of GPS Position: 2024-11-06 10:09:29&lt;br/&gt;Connect time: 2024-11-06 10:10:26&lt;br/&gt;Mission: 200_n.mi&lt;br/&gt;Segment: 0063.0020&lt;br/&gt;Reason: nothing commanded&lt;br/&gt;&lt;/b&gt;</description>
                <styleUrl>#WarningSurfacings</styleUrl>
                <Point>
                    <coordinates>-64.93996666666666,18.147516666666668</coordinates>
                </Point>
            </Placemark>
            <Placemark>
                <name>uvi_02 Surfacing</name>
                <visibility>1</visibility>
                <description>&lt;b&gt;18°08.978'N 64°56.119'W&lt;br/&gt;Time of GPS Position: 2024-11-06 11:57:34&lt;br/&gt;Connect time: 2024-11-06 11:58:31&lt;br/&gt;Mission: 200_n.mi&lt;br/&gt;Segment: 0063.0022&lt;br/&gt;Reason: nothing commanded&lt;br/&gt;&lt;/b&gt;</description>
                <styleUrl>#WarningSurfacings</styleUrl>
                <Point>
                    <coordinates>-64.93531666666667,18.149633333333334</coordinates>
                </Point>
            </Placemark>
            <Placemark>
                <name>uvi_02 Surfacing</name>
                <visibility>1</visibility>
                <description>&lt;b&gt;18°08.999'N 64°55.876'W&lt;br/&gt;Time of GPS Position: 2024-11-06 13:58:59&lt;br/&gt;Connect time: 2024-11-06 14:00:06&lt;br/&gt;Mission: 200_n.mi&lt;br/&gt;Segment: 0063.0024&lt;br/&gt;Reason: nothing commanded&lt;br/&gt;&lt;/b&gt;</description>
                <styleUrl>#WarningSurfacings</styleUrl>
                <Point>
                    <coordinates>-64.93126666666667,18.149983333333335</coordinates>
                </Point>
            </Placemark>
            <Placemark>
                <name>uvi_02 Surfacing</name>
                <visibility>1</visibility>
                <description>&lt;b&gt;18°09.06'N 64°55.587'W&lt;br/&gt;Time of GPS Position: 2024-11-06 15:56:44&lt;br/&gt;Connect time: 2024-11-06 15:57:41&lt;br/&gt;Mission: 200_n.mi&lt;br/&gt;Segment: 0063.0026&lt;br/&gt;Reason: nothing commanded&lt;br/&gt;&lt;/b&gt;</description>
                <styleUrl>#WarningSurfacings</styleUrl>
                <Point>
                    <coordinates>-64.92645,18.151</coordinates>
                </Point>
            </Placemark>
            <Placemark>
                <name>uvi_02 Surfacing</name>
                <visibility>1</visibility>
                <description>&lt;b&gt;18°08.995'N 64°55.352'W&lt;br/&gt;Time of GPS Position: 2024-11-06 17:53:34&lt;br/&gt;Connect time: 2024-11-06 17:55:12&lt;br/&gt;Mission: 200_n.mi&lt;br/&gt;Segment: 0064.0000&lt;br/&gt;Reason: nothing commanded&lt;br/&gt;&lt;/b&gt;</description>
                <styleUrl>#WarningSurfacings</styleUrl>
                <Point>
                    <coordinates>-64.92253333333333,18.149916666666666</coordinates>
                </Point>
            </Placemark>
            <Placemark>
                <name>uvi_02 Surfacing</name>
                <visibility>1</visibility>
                <description>&lt;b&gt;18°08.854'N 64°55.314'W&lt;br/&gt;Time of GPS Position: 2024-11-06 20:04:19&lt;br/&gt;Connect time: 2024-11-06 20:05:15&lt;br/&gt;Mission: 200_n.mi&lt;br/&gt;Segment: 0064.0002&lt;br/&gt;Reason: nothing commanded&lt;br/&gt;&lt;/b&gt;</description>
                <styleUrl>#WarningSurfacings</styleUrl>
                <Point>
                    <coordinates>-64.92190000000001,18.147566666666666</coordinates>
                </Point>
            </Placemark>
            <Placemark>
                <name>uvi_02 Surfacing</name>
                <visibility>1</visibility>
                <description>&lt;b&gt;18°08.874'N 64°55.095'W&lt;br/&gt;Time of GPS Position: 2024-11-06 22:01:29&lt;br/&gt;Connect time: 2024-11-06 22:02:26&lt;br/&gt;Mission: 200_n.mi&lt;br/&gt;Segment: 0064.0004&lt;br/&gt;Reason: nothing commanded&lt;br/&gt;&lt;/b&gt;</description>
                <styleUrl>#WarningSurfacings</styleUrl>
                <Point>
                    <coordinates>-64.91825,18.1479</coordinates>
                </Point>
            </Placemark>
            <Placemark>
                <name>uvi_02 Surfacing</name>
                <visibility>1</visibility>
                <description>&lt;b&gt;18°08.929'N 64°54.706'W&lt;br/&gt;Time of GPS Position: 2024-11-06 23:54:59&lt;br/&gt;Connect time: 2024-11-06 23:55:57&lt;br/&gt;Mission: 200_n.mi&lt;br/&gt;Segment: 0064.0006&lt;br/&gt;Reason: nothing commanded&lt;br/&gt;&lt;/b&gt;</description>
                <styleUrl>#WarningSurfacings</styleUrl>
                <Point>
                    <coordinates>-64.91176666666667,18.14881666666667</coordinates>
                </Point>
            </Placemark>
            <Placemark>
                <name>uvi_02 Surfacing</name>
                <visibility>1</visibility>
                <description>&lt;b&gt;18°08.972'N 64°54.182'W&lt;br/&gt;Time of GPS Position: 2024-11-07 01:43:29&lt;br/&gt;Connect time: 2024-11-07 01:44:26&lt;br/&gt;Mission: 200_n.mi&lt;br/&gt;Segment: 0064.0008&lt;br/&gt;Reason: nothing commanded&lt;br/&gt;&lt;/b&gt;</description>
                <styleUrl>#WarningSurfacings</styleUrl>
                <Point>
                    <coordinates>-64.90303333333333,18.149533333333334</coordinates>
                </Point>
            </Placemark>
            <Placemark>
                <name>uvi_02 Surfacing</name>
                <visibility>1</visibility>
                <description>&lt;b&gt;18°09.167'N 64°53.56'W&lt;br/&gt;Time of GPS Position: 2024-11-07 03:33:54&lt;br/&gt;Connect time: 2024-11-07 03:35:00&lt;br/&gt;Mission: 200_n.mi&lt;br/&gt;Segment: 0064.0010&lt;br/&gt;Reason: nothing commanded&lt;br/&gt;&lt;/b&gt;</description>
                <styleUrl>#WarningSurfacings</styleUrl>
                <Point>
                    <coordinates>-64.89266666666667,18.152783333333332</coordinates>
                </Point>
            </Placemark>
            <Placemark>
                <name>uvi_02 Surfacing</name>
                <visibility>1</visibility>
                <description>&lt;b&gt;18°09.192'N 64°52.953'W&lt;br/&gt;Time of GPS Position: 2024-11-07 05:26:54&lt;br/&gt;Connect time: 2024-11-07 05:28:07&lt;br/&gt;Mission: 200_n.mi&lt;br/&gt;Segment: 0064.0012&lt;br/&gt;Reason: nothing commanded&lt;br/&gt;&lt;/b&gt;</description>
                <styleUrl>#WarningSurfacings</styleUrl>
                <Point>
                    <coordinates>-64.88255000000001,18.153200000000002</coordinates>
                </Point>
            </Placemark>
            <Placemark>
                <name>uvi_02 Surfacing</name>
                <visibility>1</visibility>
                <description>&lt;b&gt;18°09.124'N 64°52.353'W&lt;br/&gt;Time of GPS Position: 2024-11-07 07:24:43&lt;br/&gt;Connect time: 2024-11-07 07:25:55&lt;br/&gt;Mission: 200_n.mi&lt;br/&gt;Segment: 0064.0014&lt;br/&gt;Reason: nothing commanded&lt;br/&gt;&lt;/b&gt;</description>
                <styleUrl>#WarningSurfacings</styleUrl>
                <Point>
                    <coordinates>-64.87255,18.152066666666666</coordinates>
                </Point>
            </Placemark>
            <Placemark>
                <name>uvi_02 Surfacing</name>
                <visibility>1</visibility>
                <description>&lt;b&gt;18°08.978'N 64°51.556'W&lt;br/&gt;Time of GPS Position: 2024-11-07 09:14:08&lt;br/&gt;Connect time: 2024-11-07 09:15:06&lt;br/&gt;Mission: 200_n.mi&lt;br/&gt;Segment: 0064.0016&lt;br/&gt;Reason: nothing commanded&lt;br/&gt;&lt;/b&gt;</description>
                <styleUrl>#WarningSurfacings</styleUrl>
                <Point>
                    <coordinates>-64.85926666666666,18.149633333333334</coordinates>
                </Point>
            </Placemark>
            <Placemark>
                <name>uvi_02 Surfacing</name>
                <visibility>1</visibility>
                <description>&lt;b&gt;18°08.913'N 64°50.81'W&lt;br/&gt;Time of GPS Position: 2024-11-07 11:13:33&lt;br/&gt;Connect time: 2024-11-07 11:14:33&lt;br/&gt;Mission: 200_n.mi&lt;br/&gt;Segment: 0064.0018&lt;br/&gt;Reason: nothing commanded&lt;br/&gt;&lt;/b&gt;</description>
                <styleUrl>#WarningSurfacings</styleUrl>
                <Point>
                    <coordinates>-64.84683333333334,18.14855</coordinates>
                </Point>
            </Placemark>
            <Placemark>
                <name>uvi_02 Surfacing</name>
                <visibility>1</visibility>
                <description>&lt;b&gt;18°08.976'N 64°50.499'W&lt;br/&gt;Time of GPS Position: 2024-11-07 13:09:59&lt;br/&gt;Connect time: 2024-11-07 13:10:59&lt;br/&gt;Mission: 200_n.mi&lt;br/&gt;Segment: 0064.0020&lt;br/&gt;Reason: nothing commanded&lt;br/&gt;&lt;/b&gt;</description>
                <styleUrl>#WarningSurfacings</styleUrl>
                <Point>
                    <coordinates>-64.84165,18.149600000000003</coordinates>
                </Point>
            </Placemark>
            <Placemark>
                <name>uvi_02 Surfacing</name>
                <visibility>1</visibility>
                <description>&lt;b&gt;18°09.014'N 64°51.697'W&lt;br/&gt;Time of GPS Position: 2024-11-07 14:59:35&lt;br/&gt;Connect time: 2024-11-07 15:00:37&lt;br/&gt;Mission: 200_n.mi&lt;br/&gt;Segment: 0064.0022&lt;br/&gt;Reason: nothing commanded&lt;br/&gt;&lt;/b&gt;</description>
                <styleUrl>#WarningSurfacings</styleUrl>
                <Point>
                    <coordinates>-64.86161666666666,18.150233333333333</coordinates>
                </Point>
            </Placemark>
            <Placemark>
                <name>uvi_02 Surfacing</name>
                <visibility>1</visibility>
                <description>&lt;b&gt;18°09.006'N 64°52.918'W&lt;br/&gt;Time of GPS Position: 2024-11-07 16:52:15&lt;br/&gt;Connect time: 2024-11-07 16:53:14&lt;br/&gt;Mission: 200_n.mi&lt;br/&gt;Segment: 0064.0024&lt;br/&gt;Reason: nothing commanded&lt;br/&gt;&lt;/b&gt;</description>
                <styleUrl>#WarningSurfacings</styleUrl>
                <Point>
                    <coordinates>-64.88196666666666,18.150100000000002</coordinates>
                </Point>
            </Placemark>
            <Placemark>
                <name>uvi_02 Surfacing</name>
                <visibility>1</visibility>
                <description>&lt;b&gt;18°08.964'N 64°54.263'W&lt;br/&gt;Time of GPS Position: 2024-11-07 18:52:29&lt;br/&gt;Connect time: 2024-11-07 18:53:24&lt;br/&gt;Mission: 200_n.mi&lt;br/&gt;Segment: 0064.0026&lt;br/&gt;Reason: nothing commanded&lt;br/&gt;&lt;/b&gt;</description>
                <styleUrl>#WarningSurfacings</styleUrl>
                <Point>
                    <coordinates>-64.90438333333333,18.1494</coordinates>
                </Point>
            </Placemark>
            <Placemark>
                <name>uvi_02 Surfacing</name>
                <visibility>1</visibility>
                <description>&lt;b&gt;18°08.979'N 64°55.637'W&lt;br/&gt;Time of GPS Position: 2024-11-07 20:52:43&lt;br/&gt;Connect time: 2024-11-07 20:53:46&lt;br/&gt;Mission: 200_n.mi&lt;br/&gt;Segment: 0064.0028&lt;br/&gt;Reason: nothing commanded&lt;br/&gt;&lt;/b&gt;</description>
                <styleUrl>#WarningSurfacings</styleUrl>
                <Point>
                    <coordinates>-64.92728333333334,18.14965</coordinates>
                </Point>
            </Placemark>
            <Placemark>
                <name>uvi_02 Surfacing</name>
                <visibility>1</visibility>
                <description>&lt;b&gt;18°09.041'N 64°56.869'W&lt;br/&gt;Time of GPS Position: 2024-11-07 22:45:44&lt;br/&gt;Connect time: 2024-11-07 22:46:46&lt;br/&gt;Mission: 200_n.mi&lt;br/&gt;Segment: 0064.0030&lt;br/&gt;Reason: nothing commanded&lt;br/&gt;&lt;/b&gt;</description>
                <styleUrl>#WarningSurfacings</styleUrl>
                <Point>
                    <coordinates>-64.94781666666667,18.150683333333333</coordinates>
                </Point>
            </Placemark>
            <Placemark>
                <name>uvi_02 Surfacing</name>
                <visibility>1</visibility>
                <description>&lt;b&gt;18°09.112'N 64°58.082'W&lt;br/&gt;Time of GPS Position: 2024-11-08 00:45:10&lt;br/&gt;Connect time: 2024-11-08 00:46:13&lt;br/&gt;Mission: 200_n.mi&lt;br/&gt;Segment: 0064.0032&lt;br/&gt;Reason: nothing commanded&lt;br/&gt;&lt;/b&gt;</description>
                <styleUrl>#WarningSurfacings</styleUrl>
                <Point>
                    <coordinates>-64.96803333333334,18.151866666666667</coordinates>
                </Point>
            </Placemark>
            <Placemark>
                <name>uvi_02 Surfacing</name>
                <visibility>1</visibility>
                <description>&lt;b&gt;18°09.08'N 64°59.127'W&lt;br/&gt;Time of GPS Position: 2024-11-08 02:38:30&lt;br/&gt;Connect time: 2024-11-08 02:39:28&lt;br/&gt;Mission: 200_n.mi&lt;br/&gt;Segment: 0064.0034&lt;br/&gt;Reason: nothing commanded&lt;br/&gt;&lt;/b&gt;</description>
                <styleUrl>#WarningSurfacings</styleUrl>
                <Point>
                    <coordinates>-64.98545,18.151333333333334</coordinates>
                </Point>
            </Placemark>
            <Placemark>
                <name>uvi_02 Surfacing</name>
                <visibility>1</visibility>
                <description>&lt;b&gt;18°09.053'N 64°59.327'W&lt;br/&gt;Time of GPS Position: 2024-11-08 04:26:34&lt;br/&gt;Connect time: 2024-11-08 04:27:28&lt;br/&gt;Mission: 200_n.mi&lt;br/&gt;Segment: 0064.0036&lt;br/&gt;Reason: nothing commanded&lt;br/&gt;&lt;/b&gt;</description>
                <styleUrl>#WarningSurfacings</styleUrl>
                <Point>
                    <coordinates>-64.98878333333333,18.150883333333336</coordinates>
                </Point>
            </Placemark>
            <Placemark>
                <name>uvi_02 Surfacing</name>
                <visibility>1</visibility>
                <description>&lt;b&gt;18°09.04'N 64°58.34'W&lt;br/&gt;Time of GPS Position: 2024-11-08 06:14:34&lt;br/&gt;Connect time: 2024-11-08 06:15:31&lt;br/&gt;Mission: 200_n.mi&lt;br/&gt;Segment: 0064.0038&lt;br/&gt;Reason: nothing commanded&lt;br/&gt;&lt;/b&gt;</description>
                <styleUrl>#WarningSurfacings</styleUrl>
                <Point>
                    <coordinates>-64.97233333333334,18.150666666666666</coordinates>
                </Point>
            </Placemark>
            <Placemark>
                <name>uvi_02 Surfacing</name>
                <visibility>1</visibility>
                <description>&lt;b&gt;18°08.943'N 64°57.272'W&lt;br/&gt;Time of GPS Position: 2024-11-08 08:06:05&lt;br/&gt;Connect time: 2024-11-08 08:07:04&lt;br/&gt;Mission: 200_n.mi&lt;br/&gt;Segment: 0064.0040&lt;br/&gt;Reason: nothing commanded&lt;br/&gt;&lt;/b&gt;</description>
                <styleUrl>#WarningSurfacings</styleUrl>
                <Point>
                    <coordinates>-64.95453333333333,18.14905</coordinates>
                </Point>
            </Placemark>
            <Placemark>
                <name>uvi_02 Surfacing</name>
                <visibility>1</visibility>
                <description>&lt;b&gt;18°08.857'N 64°56.293'W&lt;br/&gt;Time of GPS Position: 2024-11-08 10:06:05&lt;br/&gt;Connect time: 2024-11-08 10:07:01&lt;br/&gt;Mission: 200_n.mi&lt;br/&gt;Segment: 0064.0042&lt;br/&gt;Reason: nothing commanded&lt;br/&gt;&lt;/b&gt;</description>
                <styleUrl>#WarningSurfacings</styleUrl>
                <Point>
                    <coordinates>-64.93821666666666,18.147616666666668</coordinates>
                </Point>
            </Placemark>
            <Placemark>
                <name>uvi_02 Surfacing</name>
                <visibility>1</visibility>
                <description>&lt;b&gt;18°08.91'N 64°55.367'W&lt;br/&gt;Time of GPS Position: 2024-11-08 11:59:59&lt;br/&gt;Connect time: 2024-11-08 12:00:58&lt;br/&gt;Mission: 200_n.mi&lt;br/&gt;Segment: 0064.0044&lt;br/&gt;Reason: nothing commanded&lt;br/&gt;&lt;/b&gt;</description>
                <styleUrl>#WarningSurfacings</styleUrl>
                <Point>
                    <coordinates>-64.92278333333334,18.148500000000002</coordinates>
                </Point>
            </Placemark>
            <Placemark>
                <name>uvi_02 Surfacing</name>
                <visibility>1</visibility>
                <description>&lt;b&gt;18°09.052'N 64°54.454'W&lt;br/&gt;Time of GPS Position: 2024-11-08 13:54:19&lt;br/&gt;Connect time: 2024-11-08 13:56:05&lt;br/&gt;Mission: 200_n.mi&lt;br/&gt;Segment: 0064.0046&lt;br/&gt;Reason: nothing commanded&lt;br/&gt;&lt;/b&gt;</description>
                <styleUrl>#WarningSurfacings</styleUrl>
                <Point>
                    <coordinates>-64.90756666666667,18.150866666666666</coordinates>
                </Point>
            </Placemark>
            <Placemark>
                <name>uvi_02 Surfacing</name>
                <visibility>1</visibility>
                <description>&lt;b&gt;18°09.206'N 64°53.551'W&lt;br/&gt;Time of GPS Position: 2024-11-08 15:45:45&lt;br/&gt;Connect time: 2024-11-08 15:47:02&lt;br/&gt;Mission: 200_n.mi&lt;br/&gt;Segment: 0064.0048&lt;br/&gt;Reason: nothing commanded&lt;br/&gt;&lt;/b&gt;</description>
                <styleUrl>#WarningSurfacings</styleUrl>
                <Point>
                    <coordinates>-64.89251666666668,18.153433333333332</coordinates>
                </Point>
            </Placemark>
            <Placemark>
                <name>uvi_02 Surfacing</name>
                <visibility>1</visibility>
                <description>&lt;b&gt;18°09.234'N 64°52.768'W&lt;br/&gt;Time of GPS Position: 2024-11-08 17:44:19&lt;br/&gt;Connect time: 2024-11-08 17:45:14&lt;br/&gt;Mission: 200_n.mi&lt;br/&gt;Segment: 0064.0050&lt;br/&gt;Reason: nothing commanded&lt;br/&gt;&lt;/b&gt;</description>
                <styleUrl>#WarningSurfacings</styleUrl>
                <Point>
                    <coordinates>-64.87946666666667,18.1539</coordinates>
                </Point>
            </Placemark>
            <Placemark>
                <name>uvi_02 Surfacing</name>
                <visibility>1</visibility>
                <description>&lt;b&gt;18°09.119'N 64°52.078'W&lt;br/&gt;Time of GPS Position: 2024-11-08 19:40:49&lt;br/&gt;Connect time: 2024-11-08 19:41:45&lt;br/&gt;Mission: 200_n.mi&lt;br/&gt;Segment: 0064.0052&lt;br/&gt;Reason: nothing commanded&lt;br/&gt;&lt;/b&gt;</description>
                <styleUrl>#WarningSurfacings</styleUrl>
                <Point>
                    <coordinates>-64.86796666666667,18.15198333333333</coordinates>
                </Point>
            </Placemark>
            <Placemark>
                <name>uvi_02 Surfacing</name>
                <visibility>1</visibility>
                <description>&lt;b&gt;18°09.032'N 64°51.341'W&lt;br/&gt;Time of GPS Position: 2024-11-08 21:35:45&lt;br/&gt;Connect time: 2024-11-08 21:36:40&lt;br/&gt;Mission: 200_n.mi&lt;br/&gt;Segment: 0064.0054&lt;br/&gt;Reason: nothing commanded&lt;br/&gt;&lt;/b&gt;</description>
                <styleUrl>#WarningSurfacings</styleUrl>
                <Point>
                    <coordinates>-64.85568333333335,18.150533333333332</coordinates>
                </Point>
            </Placemark>
            <Placemark>
                <name>uvi_02 Surfacing</name>
                <visibility>1</visibility>
                <description>&lt;b&gt;18°09.019'N 64°50.423'W&lt;br/&gt;Time of GPS Position: 2024-11-08 23:33:39&lt;br/&gt;Connect time: 2024-11-08 23:34:37&lt;br/&gt;Mission: 200_n.mi&lt;br/&gt;Segment: 0064.0056&lt;br/&gt;Reason: nothing commanded&lt;br/&gt;&lt;/b&gt;</description>
                <styleUrl>#WarningSurfacings</styleUrl>
                <Point>
                    <coordinates>-64.84038333333334,18.150316666666665</coordinates>
                </Point>
            </Placemark>
            <Placemark>
                <name>uvi_02 Surfacing</name>
                <visibility>1</visibility>
                <description>&lt;b&gt;18°09.13'N 64°50.963'W&lt;br/&gt;Time of GPS Position: 2024-11-09 01:23:03&lt;br/&gt;Connect time: 2024-11-09 01:24:00&lt;br/&gt;Mission: 200_n.mi&lt;br/&gt;Segment: 0064.0058&lt;br/&gt;Reason: nothing commanded&lt;br/&gt;&lt;/b&gt;</description>
                <styleUrl>#WarningSurfacings</styleUrl>
                <Point>
                    <coordinates>-64.84938333333334,18.15216666666667</coordinates>
                </Point>
            </Placemark>
            <Placemark>
                <name>uvi_02 Surfacing</name>
                <visibility>1</visibility>
                <description>&lt;b&gt;18°09.121'N 64°51.802'W&lt;br/&gt;Time of GPS Position: 2024-11-09 03:09:44&lt;br/&gt;Connect time: 2024-11-09 03:10:42&lt;br/&gt;Mission: 200_n.mi&lt;br/&gt;Segment: 0064.0060&lt;br/&gt;Reason: nothing commanded&lt;br/&gt;&lt;/b&gt;</description>
                <styleUrl>#WarningSurfacings</styleUrl>
                <Point>
                    <coordinates>-64.86336666666666,18.15201666666667</coordinates>
                </Point>
            </Placemark>
            <Placemark>
                <name>uvi_02 Surfacing</name>
                <visibility>1</visibility>
                <description>&lt;b&gt;18°09.081'N 64°52.49'W&lt;br/&gt;Time of GPS Position: 2024-11-09 05:04:10&lt;br/&gt;Connect time: 2024-11-09 05:05:03&lt;br/&gt;Mission: 200_n.mi&lt;br/&gt;Segment: 0064.0062&lt;br/&gt;Reason: nothing commanded&lt;br/&gt;&lt;/b&gt;</description>
                <styleUrl>#WarningSurfacings</styleUrl>
                <Point>
                    <coordinates>-64.87483333333333,18.151349999999997</coordinates>
                </Point>
            </Placemark>
            <Placemark>
                <name>uvi_02 Surfacing</name>
                <visibility>1</visibility>
                <description>&lt;b&gt;18°08.985'N 64°53.373'W&lt;br/&gt;Time of GPS Position: 2024-11-09 06:58:04&lt;br/&gt;Connect time: 2024-11-09 06:58:59&lt;br/&gt;Mission: 200_n.mi&lt;br/&gt;Segment: 0064.0064&lt;br/&gt;Reason: nothing commanded&lt;br/&gt;&lt;/b&gt;</description>
                <styleUrl>#WarningSurfacings</styleUrl>
                <Point>
                    <coordinates>-64.88955,18.149749999999997</coordinates>
                </Point>
            </Placemark>
            <Placemark>
                <name>uvi_02 Surfacing</name>
                <visibility>1</visibility>
                <description>&lt;b&gt;18°08.706'N 64°54.451'W&lt;br/&gt;Time of GPS Position: 2024-11-09 08:59:59&lt;br/&gt;Connect time: 2024-11-09 09:00:55&lt;br/&gt;Mission: 200_n.mi&lt;br/&gt;Segment: 0064.0066&lt;br/&gt;Reason: nothing commanded&lt;br/&gt;&lt;/b&gt;</description>
                <styleUrl>#WarningSurfacings</styleUrl>
                <Point>
                    <coordinates>-64.90751666666667,18.1451</coordinates>
                </Point>
            </Placemark>
            <Placemark>
                <name>uvi_02 Surfacing</name>
                <visibility>1</visibility>
                <description>&lt;b&gt;18°08.402'N 64°55.489'W&lt;br/&gt;Time of GPS Position: 2024-11-09 10:56:29&lt;br/&gt;Connect time: 2024-11-09 10:57:28&lt;br/&gt;Mission: 200_n.mi&lt;br/&gt;Segment: 0064.0068&lt;br/&gt;Reason: nothing commanded&lt;br/&gt;&lt;/b&gt;</description>
                <styleUrl>#WarningSurfacings</styleUrl>
                <Point>
                    <coordinates>-64.92481666666666,18.140033333333335</coordinates>
                </Point>
            </Placemark>
            <Placemark>
                <name>uvi_02 Surfacing</name>
                <visibility>1</visibility>
                <description>&lt;b&gt;18°08.397'N 64°56.685'W&lt;br/&gt;Time of GPS Position: 2024-11-09 12:57:35&lt;br/&gt;Connect time: 2024-11-09 12:58:33&lt;br/&gt;Mission: 200_n.mi&lt;br/&gt;Segment: 0064.0070&lt;br/&gt;Reason: nothing commanded&lt;br/&gt;&lt;/b&gt;</description>
                <styleUrl>#WarningSurfacings</styleUrl>
                <Point>
                    <coordinates>-64.94475000000001,18.13995</coordinates>
                </Point>
            </Placemark>
            <Placemark>
                <name>uvi_02 Surfacing</name>
                <visibility>1</visibility>
                <description>&lt;b&gt;18°08.608'N 64°57.827'W&lt;br/&gt;Time of GPS Position: 2024-11-09 14:54:34&lt;br/&gt;Connect time: 2024-11-09 14:55:30&lt;br/&gt;Mission: 200_n.mi&lt;br/&gt;Segment: 0064.0072&lt;br/&gt;Reason: nothing commanded&lt;br/&gt;&lt;/b&gt;</description>
                <styleUrl>#WarningSurfacings</styleUrl>
                <Point>
                    <coordinates>-64.96378333333334,18.143466666666665</coordinates>
                </Point>
            </Placemark>
            <Placemark>
                <name>uvi_02 Surfacing</name>
                <visibility>1</visibility>
                <description>&lt;b&gt;18°08.829'N 64°58.98'W&lt;br/&gt;Time of GPS Position: 2024-11-09 16:48:34&lt;br/&gt;Connect time: 2024-11-09 16:49:30&lt;br/&gt;Mission: 200_n.mi&lt;br/&gt;Segment: 0064.0074&lt;br/&gt;Reason: nothing commanded&lt;br/&gt;&lt;/b&gt;</description>
                <styleUrl>#WarningSurfacings</styleUrl>
                <Point>
                    <coordinates>-64.98299999999999,18.14715</coordinates>
                </Point>
            </Placemark>
            <Placemark>
                <name>uvi_02 Surfacing</name>
                <visibility>1</visibility>
                <description>&lt;b&gt;18°08.859'N 64°59.523'W&lt;br/&gt;Time of GPS Position: 2024-11-09 18:47:34&lt;br/&gt;Connect time: 2024-11-09 18:48:29&lt;br/&gt;Mission: 200_n.mi&lt;br/&gt;Segment: 0064.0076&lt;br/&gt;Reason: nothing commanded&lt;br/&gt;&lt;/b&gt;</description>
                <styleUrl>#WarningSurfacings</styleUrl>
                <Point>
                    <coordinates>-64.99205,18.14765</coordinates>
                </Point>
            </Placemark>
            <Placemark>
                <name>uvi_02 Surfacing</name>
                <visibility>1</visibility>
                <description>&lt;b&gt;18°08.793'N 64°58.811'W&lt;br/&gt;Time of GPS Position: 2024-11-09 20:46:29&lt;br/&gt;Connect time: 2024-11-09 20:47:25&lt;br/&gt;Mission: 200_n.mi&lt;br/&gt;Segment: 0064.0078&lt;br/&gt;Reason: nothing commanded&lt;br/&gt;&lt;/b&gt;</description>
                <styleUrl>#WarningSurfacings</styleUrl>
                <Point>
                    <coordinates>-64.98018333333333,18.146549999999998</coordinates>
                </Point>
            </Placemark>
            <Placemark>
                <name>uvi_02 Surfacing</name>
                <visibility>1</visibility>
                <description>&lt;b&gt;18°08.794'N 64°58.161'W&lt;br/&gt;Time of GPS Position: 2024-11-09 22:42:29&lt;br/&gt;Connect time: 2024-11-09 22:43:23&lt;br/&gt;Mission: 200_n.mi&lt;br/&gt;Segment: 0064.0080&lt;br/&gt;Reason: nothing commanded&lt;br/&gt;&lt;/b&gt;</description>
                <styleUrl>#WarningSurfacings</styleUrl>
                <Point>
                    <coordinates>-64.96935,18.14656666666667</coordinates>
                </Point>
            </Placemark>
            <Placemark>
                <name>uvi_02 Surfacing</name>
                <visibility>1</visibility>
                <description>&lt;b&gt;18°08.908'N 64°57.55'W&lt;br/&gt;Time of GPS Position: 2024-11-10 00:36:19&lt;br/&gt;Connect time: 2024-11-10 00:37:27&lt;br/&gt;Mission: 200_n.mi&lt;br/&gt;Segment: 0064.0082&lt;br/&gt;Reason: nothing commanded&lt;br/&gt;&lt;/b&gt;</description>
                <styleUrl>#WarningSurfacings</styleUrl>
                <Point>
                    <coordinates>-64.95916666666668,18.148466666666664</coordinates>
                </Point>
            </Placemark>
            <Placemark>
                <name>uvi_02 Surfacing</name>
                <visibility>1</visibility>
                <description>&lt;b&gt;18°09.513'N 64°58.57'W&lt;br/&gt;Time of GPS Position: 2024-11-10 02:35:04&lt;br/&gt;Connect time: 2024-11-10 02:36:05&lt;br/&gt;Mission: 200_n.mi&lt;br/&gt;Segment: 0064.0084&lt;br/&gt;Reason: nothing commanded&lt;br/&gt;&lt;/b&gt;</description>
                <styleUrl>#WarningSurfacings</styleUrl>
                <Point>
                    <coordinates>-64.97616666666666,18.158549999999998</coordinates>
                </Point>
            </Placemark>
            <Placemark>
                <name>uvi_02 Surfacing</name>
                <visibility>1</visibility>
                <description>&lt;b&gt;18°09.955'N 64°59.494'W&lt;br/&gt;Time of GPS Position: 2024-11-10 04:33:28&lt;br/&gt;Connect time: 2024-11-10 04:34:28&lt;br/&gt;Mission: 200_n.mi&lt;br/&gt;Segment: 0064.0086&lt;br/&gt;Reason: nothing commanded&lt;br/&gt;&lt;/b&gt;</description>
                <styleUrl>#WarningSurfacings</styleUrl>
                <Point>
                    <coordinates>-64.99156666666666,18.165916666666664</coordinates>
                </Point>
            </Placemark>
            <Placemark>
                <name>uvi_02 Surfacing</name>
                <visibility>1</visibility>
                <description>&lt;b&gt;18°09.926'N 64°58.841'W&lt;br/&gt;Time of GPS Position: 2024-11-10 06:27:58&lt;br/&gt;Connect time: 2024-11-10 06:28:58&lt;br/&gt;Mission: 200_n.mi&lt;br/&gt;Segment: 0064.0088&lt;br/&gt;Reason: nothing commanded&lt;br/&gt;&lt;/b&gt;</description>
                <styleUrl>#WarningSurfacings</styleUrl>
                <Point>
                    <coordinates>-64.98068333333335,18.165433333333333</coordinates>
                </Point>
            </Placemark>
            <Placemark>
                <name>uvi_02 Surfacing</name>
                <visibility>1</visibility>
                <description>&lt;b&gt;18°09.754'N 64°57.929'W&lt;br/&gt;Time of GPS Position: 2024-11-10 08:30:44&lt;br/&gt;Connect time: 2024-11-10 08:31:41&lt;br/&gt;Mission: 200_n.mi&lt;br/&gt;Segment: 0064.0090&lt;br/&gt;Reason: nothing commanded&lt;br/&gt;&lt;/b&gt;</description>
                <styleUrl>#WarningSurfacings</styleUrl>
                <Point>
                    <coordinates>-64.96548333333334,18.162566666666667</coordinates>
                </Point>
            </Placemark>
            <Placemark>
                <name>uvi_02 Surfacing</name>
                <visibility>1</visibility>
                <description>&lt;b&gt;18°09.576'N 64°57.262'W&lt;br/&gt;Time of GPS Position: 2024-11-10 10:29:45&lt;br/&gt;Connect time: 2024-11-10 10:30:49&lt;br/&gt;Mission: 200_n.mi&lt;br/&gt;Segment: 0064.0092&lt;br/&gt;Reason: nothing commanded&lt;br/&gt;&lt;/b&gt;</description>
                <styleUrl>#WarningSurfacings</styleUrl>
                <Point>
                    <coordinates>-64.95436666666666,18.1596</coordinates>
                </Point>
            </Placemark>
            <Placemark>
                <name>uvi_02 Surfacing</name>
                <visibility>1</visibility>
                <description>&lt;b&gt;18°09.549'N 64°56.709'W&lt;br/&gt;Time of GPS Position: 2024-11-10 12:24:39&lt;br/&gt;Connect time: 2024-11-10 12:25:38&lt;br/&gt;Mission: 200_n.mi&lt;br/&gt;Segment: 0064.0094&lt;br/&gt;Reason: nothing commanded&lt;br/&gt;&lt;/b&gt;</description>
                <styleUrl>#WarningSurfacings</styleUrl>
                <Point>
                    <coordinates>-64.94515,18.15915</coordinates>
                </Point>
            </Placemark>
            <Placemark>
                <name>uvi_02 Surfacing</name>
                <visibility>1</visibility>
                <description>&lt;b&gt;18°09.723'N 64°56.069'W&lt;br/&gt;Time of GPS Position: 2024-11-10 14:18:19&lt;br/&gt;Connect time: 2024-11-10 14:19:17&lt;br/&gt;Mission: 200_n.mi&lt;br/&gt;Segment: 0064.0096&lt;br/&gt;Reason: nothing commanded&lt;br/&gt;&lt;/b&gt;</description>
                <styleUrl>#WarningSurfacings</styleUrl>
                <Point>
                    <coordinates>-64.93448333333335,18.16205</coordinates>
                </Point>
            </Placemark>
            <Placemark>
                <name>uvi_02 Surfacing</name>
                <visibility>1</visibility>
                <description>&lt;b&gt;18°09.801'N 64°55.426'W&lt;br/&gt;Time of GPS Position: 2024-11-10 16:13:28&lt;br/&gt;Connect time: 2024-11-10 16:14:33&lt;br/&gt;Mission: 200_n.mi&lt;br/&gt;Segment: 0064.0098&lt;br/&gt;Reason: nothing commanded&lt;br/&gt;&lt;/b&gt;</description>
                <styleUrl>#WarningSurfacings</styleUrl>
                <Point>
                    <coordinates>-64.92376666666668,18.163349999999998</coordinates>
                </Point>
            </Placemark>
            <Placemark>
                <name>uvi_02 Surfacing</name>
                <visibility>1</visibility>
                <description>&lt;b&gt;18°09.841'N 64°54.803'W&lt;br/&gt;Time of GPS Position: 2024-11-10 18:06:54&lt;br/&gt;Connect time: 2024-11-10 18:08:33&lt;br/&gt;Mission: 200_n.mi&lt;br/&gt;Segment: 0064.0100&lt;br/&gt;Reason: nothing commanded&lt;br/&gt;&lt;/b&gt;</description>
                <styleUrl>#WarningSurfacings</styleUrl>
                <Point>
                    <coordinates>-64.91338333333333,18.164016666666665</coordinates>
                </Point>
            </Placemark>
            <Placemark>
                <name>uvi_02 Surfacing</name>
                <visibility>1</visibility>
                <description>&lt;b&gt;18°10.02'N 64°56.086'W&lt;br/&gt;Time of GPS Position: 2024-11-10 19:58:44&lt;br/&gt;Connect time: 2024-11-10 19:59:41&lt;br/&gt;Mission: 200_n.mi&lt;br/&gt;Segment: 0064.0102&lt;br/&gt;Reason: nothing commanded&lt;br/&gt;&lt;/b&gt;</description>
                <styleUrl>#WarningSurfacings</styleUrl>
                <Point>
                    <coordinates>-64.93476666666668,18.166999999999998</coordinates>
                </Point>
            </Placemark>
            <Placemark>
                <name>uvi_02 Surfacing</name>
                <visibility>1</visibility>
                <description>&lt;b&gt;18°09.908'N 64°57.32'W&lt;br/&gt;Time of GPS Position: 2024-11-10 21:50:33&lt;br/&gt;Connect time: 2024-11-10 21:51:56&lt;br/&gt;Mission: 200_n.mi&lt;br/&gt;Segment: 0064.0104&lt;br/&gt;Reason: nothing commanded&lt;br/&gt;&lt;/b&gt;</description>
                <styleUrl>#WarningSurfacings</styleUrl>
                <Point>
                    <coordinates>-64.95533333333333,18.165133333333333</coordinates>
                </Point>
            </Placemark>
            <Placemark>
                <name>uvi_02 Surfacing</name>
                <visibility>1</visibility>
                <description>&lt;b&gt;18°09.857'N 64°58.533'W&lt;br/&gt;Time of GPS Position: 2024-11-10 23:53:03&lt;br/&gt;Connect time: 2024-11-10 23:53:59&lt;br/&gt;Mission: 200_n.mi&lt;br/&gt;Segment: 0064.0106&lt;br/&gt;Reason: nothing commanded&lt;br/&gt;&lt;/b&gt;</description>
                <styleUrl>#WarningSurfacings</styleUrl>
                <Point>
                    <coordinates>-64.97555000000001,18.164283333333334</coordinates>
                </Point>
            </Placemark>
            <Placemark>
                <name>uvi_02 Surfacing</name>
                <visibility>1</visibility>
                <description>&lt;b&gt;18°09.969'N 64°59.634'W&lt;br/&gt;Time of GPS Position: 2024-11-11 01:49:14&lt;br/&gt;Connect time: 2024-11-11 01:50:10&lt;br/&gt;Mission: 200_n.mi&lt;br/&gt;Segment: 0064.0108&lt;br/&gt;Reason: nothing commanded&lt;br/&gt;&lt;/b&gt;</description>
                <styleUrl>#WarningSurfacings</styleUrl>
                <Point>
                    <coordinates>-64.9939,18.166150000000002</coordinates>
                </Point>
            </Placemark>
            <Placemark>
                <name>uvi_02 Surfacing</name>
                <visibility>1</visibility>
                <description>&lt;b&gt;18°10.089'N 64°58.806'W&lt;br/&gt;Time of GPS Position: 2024-11-11 03:50:44&lt;br/&gt;Connect time: 2024-11-11 03:51:40&lt;br/&gt;Mission: 200_n.mi&lt;br/&gt;Segment: 0064.0110&lt;br/&gt;Reason: nothing commanded&lt;br/&gt;&lt;/b&gt;</description>
                <styleUrl>#WarningSurfacings</styleUrl>
                <Point>
                    <coordinates>-64.9801,18.16815</coordinates>
                </Point>
            </Placemark>
            <Placemark>
                <name>uvi_02 Surfacing</name>
                <visibility>1</visibility>
                <description>&lt;b&gt;18°10.106'N 64°57.888'W&lt;br/&gt;Time of GPS Position: 2024-11-11 05:44:19&lt;br/&gt;Connect time: 2024-11-11 05:45:13&lt;br/&gt;Mission: 200_n.mi&lt;br/&gt;Segment: 0064.0112&lt;br/&gt;Reason: nothing commanded&lt;br/&gt;&lt;/b&gt;</description>
                <styleUrl>#WarningSurfacings</styleUrl>
                <Point>
                    <coordinates>-64.9648,18.168433333333333</coordinates>
                </Point>
            </Placemark>
            <Placemark>
                <name>uvi_02 Surfacing</name>
                <visibility>1</visibility>
                <description>&lt;b&gt;18°10.001'N 64°57.042'W&lt;br/&gt;Time of GPS Position: 2024-11-11 07:38:43&lt;br/&gt;Connect time: 2024-11-11 07:39:47&lt;br/&gt;Mission: 200_n.mi&lt;br/&gt;Segment: 0064.0114&lt;br/&gt;Reason: nothing commanded&lt;br/&gt;&lt;/b&gt;</description>
                <styleUrl>#WarningSurfacings</styleUrl>
                <Point>
                    <coordinates>-64.95070000000001,18.16668333333333</coordinates>
                </Point>
            </Placemark>
            <Placemark>
                <name>uvi_02 Surfacing</name>
                <visibility>1</visibility>
                <description>&lt;b&gt;18°09.835'N 64°56.722'W&lt;br/&gt;Time of GPS Position: 2024-11-11 09:45:25&lt;br/&gt;Connect time: 2024-11-11 09:46:29&lt;br/&gt;Mission: 200_n.mi&lt;br/&gt;Segment: 0064.0116&lt;br/&gt;Reason: nothing commanded&lt;br/&gt;&lt;/b&gt;</description>
                <styleUrl>#WarningSurfacings</styleUrl>
                <Point>
                    <coordinates>-64.94536666666666,18.16391666666667</coordinates>
                </Point>
            </Placemark>
            <Placemark>
                <name>uvi_02 Surfacing</name>
                <visibility>1</visibility>
                <description>&lt;b&gt;18°09.926'N 64°57.978'W&lt;br/&gt;Time of GPS Position: 2024-11-11 11:46:59&lt;br/&gt;Connect time: 2024-11-11 11:50:53&lt;br/&gt;Mission: 200_n.mi&lt;br/&gt;Segment: 0064.0118&lt;br/&gt;Reason: nothing commanded&lt;br/&gt;&lt;/b&gt;</description>
                <styleUrl>#WarningSurfacings</styleUrl>
                <Point>
                    <coordinates>-64.9663,18.165433333333333</coordinates>
                </Point>
            </Placemark>
            <Placemark>
                <name>uvi_02 Surfacing</name>
                <visibility>1</visibility>
                <description>&lt;b&gt;18°10.078'N 64°59.263'W&lt;br/&gt;Time of GPS Position: 2024-11-11 13:45:13&lt;br/&gt;Connect time: 2024-11-11 13:46:11&lt;br/&gt;Mission: 200_n.mi&lt;br/&gt;Segment: 0064.0120&lt;br/&gt;Reason: nothing commanded&lt;br/&gt;&lt;/b&gt;</description>
                <styleUrl>#WarningSurfacings</styleUrl>
                <Point>
                    <coordinates>-64.98771666666667,18.167966666666665</coordinates>
                </Point>
            </Placemark>
            <Placemark>
                <name>uvi_02 Surfacing</name>
                <visibility>1</visibility>
                <description>&lt;b&gt;18°10.078'N 64°59.263'W&lt;br/&gt;Time of GPS Position: 2024-11-11 13:45:13&lt;br/&gt;Connect time: 2024-11-11 13:54:10&lt;br/&gt;Mission: 200_n.mi&lt;br/&gt;Segment: 0064.0121&lt;br/&gt;Reason: nothing commanded&lt;br/&gt;&lt;/b&gt;</description>
                <styleUrl>#WarningSurfacings</styleUrl>
                <Point>
                    <coordinates>-64.98771666666667,18.167966666666665</coordinates>
                </Point>
            </Placemark>
            <Placemark>
                <name>uvi_02 Surfacing</name>
                <visibility>1</visibility>
                <description>&lt;b&gt;18°10.144'N 64°59.322'W&lt;br/&gt;Time of GPS Position: 2024-11-11 15:36:12&lt;br/&gt;Connect time: 2024-11-11 15:37:14&lt;br/&gt;Mission: 200_n.mi&lt;br/&gt;Segment: 0064.0122&lt;br/&gt;Reason: nothing commanded&lt;br/&gt;&lt;/b&gt;</description>
                <styleUrl>#WarningSurfacings</styleUrl>
                <Point>
                    <coordinates>-64.98870000000001,18.169066666666666</coordinates>
                </Point>
            </Placemark>
            <Placemark>
                <name>uvi_02 Surfacing</name>
                <visibility>1</visibility>
                <description>&lt;b&gt;18°10.266'N 64°58.624'W&lt;br/&gt;Time of GPS Position: 2024-11-11 17:27:44&lt;br/&gt;Connect time: 2024-11-11 17:28:56&lt;br/&gt;Mission: 200_n.mi&lt;br/&gt;Segment: 0064.0124&lt;br/&gt;Reason: nothing commanded&lt;br/&gt;&lt;/b&gt;</description>
                <styleUrl>#WarningSurfacings</styleUrl>
                <Point>
                    <coordinates>-64.97706666666666,18.171100000000003</coordinates>
                </Point>
            </Placemark>
            <Placemark>
                <name>uvi_02 Surfacing</name>
                <visibility>1</visibility>
                <description>&lt;b&gt;18°10.342'N 64°58.094'W&lt;br/&gt;Time of GPS Position: 2024-11-11 19:19:34&lt;br/&gt;Connect time: 2024-11-11 19:20:36&lt;br/&gt;Mission: 200_n.mi&lt;br/&gt;Segment: 0064.0126&lt;br/&gt;Reason: nothing commanded&lt;br/&gt;&lt;/b&gt;</description>
                <styleUrl>#WarningSurfacings</styleUrl>
                <Point>
                    <coordinates>-64.96823333333333,18.17236666666667</coordinates>
                </Point>
            </Placemark>
            <Placemark>
                <name>uvi_02 Surfacing</name>
                <visibility>1</visibility>
                <description>&lt;b&gt;18°10.264'N 64°57.651'W&lt;br/&gt;Time of GPS Position: 2024-11-11 21:17:49&lt;br/&gt;Connect time: 2024-11-11 21:18:45&lt;br/&gt;Mission: 200_n.mi&lt;br/&gt;Segment: 0064.0128&lt;br/&gt;Reason: nothing commanded&lt;br/&gt;&lt;/b&gt;</description>
                <styleUrl>#WarningSurfacings</styleUrl>
                <Point>
                    <coordinates>-64.96085,18.171066666666665</coordinates>
                </Point>
            </Placemark>
            <Placemark>
                <name>uvi_02 Surfacing</name>
                <visibility>1</visibility>
                <description>&lt;b&gt;18°10.284'N 64°57.282'W&lt;br/&gt;Time of GPS Position: 2024-11-11 23:21:05&lt;br/&gt;Connect time: 2024-11-11 23:22:02&lt;br/&gt;Mission: 200_n.mi&lt;br/&gt;Segment: 0064.0130&lt;br/&gt;Reason: nothing commanded&lt;br/&gt;&lt;/b&gt;</description>
                <styleUrl>#WarningSurfacings</styleUrl>
                <Point>
                    <coordinates>-64.9547,18.171400000000002</coordinates>
                </Point>
            </Placemark>
            <Placemark>
                <name>uvi_02 Surfacing</name>
                <visibility>1</visibility>
                <description>&lt;b&gt;18°10.205'N 64°56.747'W&lt;br/&gt;Time of GPS Position: 2024-11-12 01:14:24&lt;br/&gt;Connect time: 2024-11-12 01:15:25&lt;br/&gt;Mission: 200_n.mi&lt;br/&gt;Segment: 0064.0132&lt;br/&gt;Reason: nothing commanded&lt;br/&gt;&lt;/b&gt;</description>
                <styleUrl>#WarningSurfacings</styleUrl>
                <Point>
                    <coordinates>-64.94578333333334,18.17008333333333</coordinates>
                </Point>
            </Placemark>
            <Placemark>
                <name>uvi_02 Surfacing</name>
                <visibility>1</visibility>
                <description>&lt;b&gt;18°10.109'N 64°56.373'W&lt;br/&gt;Time of GPS Position: 2024-11-12 03:05:53&lt;br/&gt;Connect time: 2024-11-12 03:06:52&lt;br/&gt;Mission: 200_n.mi&lt;br/&gt;Segment: 0064.0134&lt;br/&gt;Reason: nothing commanded&lt;br/&gt;&lt;/b&gt;</description>
                <styleUrl>#WarningSurfacings</styleUrl>
                <Point>
                    <coordinates>-64.93955,18.16848333333333</coordinates>
                </Point>
            </Placemark>
            <Placemark>
                <name>uvi_02 Surfacing</name>
                <visibility>1</visibility>
                <description>&lt;b&gt;18°10.157'N 64°57.43'W&lt;br/&gt;Time of GPS Position: 2024-11-12 05:01:40&lt;br/&gt;Connect time: 2024-11-12 05:02:35&lt;br/&gt;Mission: 200_n.mi&lt;br/&gt;Segment: 0064.0136&lt;br/&gt;Reason: nothing commanded&lt;br/&gt;&lt;/b&gt;</description>
                <styleUrl>#WarningSurfacings</styleUrl>
                <Point>
                    <coordinates>-64.95716666666667,18.169283333333333</coordinates>
                </Point>
            </Placemark>
            <Placemark>
                <name>uvi_02 Surfacing</name>
                <visibility>1</visibility>
                <description>&lt;b&gt;18°10.125'N 64°58.374'W&lt;br/&gt;Time of GPS Position: 2024-11-12 06:58:40&lt;br/&gt;Connect time: 2024-11-12 06:59:35&lt;br/&gt;Mission: 200_n.mi&lt;br/&gt;Segment: 0064.0138&lt;br/&gt;Reason: nothing commanded&lt;br/&gt;&lt;/b&gt;</description>
                <styleUrl>#WarningSurfacings</styleUrl>
                <Point>
                    <coordinates>-64.9729,18.16875</coordinates>
                </Point>
            </Placemark>
            <Placemark>
                <name>uvi_02 Surfacing</name>
                <visibility>1</visibility>
                <description>&lt;b&gt;18°09.981'N 64°59.259'W&lt;br/&gt;Time of GPS Position: 2024-11-12 08:54:59&lt;br/&gt;Connect time: 2024-11-12 08:55:54&lt;br/&gt;Mission: 200_n.mi&lt;br/&gt;Segment: 0064.0140&lt;br/&gt;Reason: nothing commanded&lt;br/&gt;&lt;/b&gt;</description>
                <styleUrl>#WarningSurfacings</styleUrl>
                <Point>
                    <coordinates>-64.98765,18.16635</coordinates>
                </Point>
            </Placemark>
            <Placemark>
                <name>uvi_02 Surfacing</name>
                <visibility>1</visibility>
                <description>&lt;b&gt;18°09.834'N 64°59.287'W&lt;br/&gt;Time of GPS Position: 2024-11-12 10:57:59&lt;br/&gt;Connect time: 2024-11-12 10:58:59&lt;br/&gt;Mission: 200_n.mi&lt;br/&gt;Segment: 0064.0142&lt;br/&gt;Reason: nothing commanded&lt;br/&gt;&lt;/b&gt;</description>
                <styleUrl>#WarningSurfacings</styleUrl>
                <Point>
                    <coordinates>-64.98811666666667,18.1639</coordinates>
                </Point>
            </Placemark>
            <Placemark>
                <name>uvi_02 Surfacing</name>
                <visibility>1</visibility>
                <description>&lt;b&gt;18°09.731'N 64°58.629'W&lt;br/&gt;Time of GPS Position: 2024-11-12 12:55:34&lt;br/&gt;Connect time: 2024-11-12 12:56:33&lt;br/&gt;Mission: 200_n.mi&lt;br/&gt;Segment: 0064.0144&lt;br/&gt;Reason: nothing commanded&lt;br/&gt;&lt;/b&gt;</description>
                <styleUrl>#WarningSurfacings</styleUrl>
                <Point>
                    <coordinates>-64.97715,18.162183333333335</coordinates>
                </Point>
            </Placemark>
            <Placemark>
                <name>uvi_02 Surfacing</name>
                <visibility>1</visibility>
                <description>&lt;b&gt;18°09.777'N 64°58.093'W&lt;br/&gt;Time of GPS Position: 2024-11-12 14:50:00&lt;br/&gt;Connect time: 2024-11-12 14:52:03&lt;br/&gt;Mission: 200_n.mi&lt;br/&gt;Segment: 0064.0146&lt;br/&gt;Reason: nothing commanded&lt;br/&gt;&lt;/b&gt;</description>
                <styleUrl>#WarningSurfacings</styleUrl>
                <Point>
                    <coordinates>-64.96821666666666,18.162950000000002</coordinates>
                </Point>
            </Placemark>
            <Placemark>
                <name>uvi_02 Surfacing</name>
                <visibility>1</visibility>
                <description>&lt;b&gt;18°09.922'N 64°57.551'W&lt;br/&gt;Time of GPS Position: 2024-11-12 16:41:58&lt;br/&gt;Connect time: 2024-11-12 16:43:10&lt;br/&gt;Mission: 200_n.mi&lt;br/&gt;Segment: 0064.0148&lt;br/&gt;Reason: nothing commanded&lt;br/&gt;&lt;/b&gt;</description>
                <styleUrl>#WarningSurfacings</styleUrl>
                <Point>
                    <coordinates>-64.95918333333334,18.165366666666667</coordinates>
                </Point>
            </Placemark>
            <Placemark>
                <name>uvi_02 Surfacing</name>
                <visibility>1</visibility>
                <description>&lt;b&gt;18°10.052'N 64°56.874'W&lt;br/&gt;Time of GPS Position: 2024-11-12 18:35:19&lt;br/&gt;Connect time: 2024-11-12 18:37:55&lt;br/&gt;Mission: 200_n.mi&lt;br/&gt;Segment: 0064.0150&lt;br/&gt;Reason: nothing commanded&lt;br/&gt;&lt;/b&gt;</description>
                <styleUrl>#WarningSurfacings</styleUrl>
                <Point>
                    <coordinates>-64.94789999999999,18.16753333333333</coordinates>
                </Point>
            </Placemark>
            <Placemark>
                <name>uvi_02 Surfacing</name>
                <visibility>1</visibility>
                <description>&lt;b&gt;18°10.123'N 64°56.406'W&lt;br/&gt;Time of GPS Position: 2024-11-12 20:30:30&lt;br/&gt;Connect time: 2024-11-12 20:31:27&lt;br/&gt;Mission: 200_n.mi&lt;br/&gt;Segment: 0064.0152&lt;br/&gt;Reason: nothing commanded&lt;br/&gt;&lt;/b&gt;</description>
                <styleUrl>#WarningSurfacings</styleUrl>
                <Point>
                    <coordinates>-64.9401,18.16871666666667</coordinates>
                </Point>
            </Placemark>
            <Placemark>
                <name>uvi_02 Surfacing</name>
                <visibility>1</visibility>
                <description>&lt;b&gt;18°10.15'N 64°57.613'W&lt;br/&gt;Time of GPS Position: 2024-11-12 22:28:29&lt;br/&gt;Connect time: 2024-11-12 22:29:34&lt;br/&gt;Mission: 200_n.mi&lt;br/&gt;Segment: 0064.0154&lt;br/&gt;Reason: nothing commanded&lt;br/&gt;&lt;/b&gt;</description>
                <styleUrl>#WarningSurfacings</styleUrl>
                <Point>
                    <coordinates>-64.96021666666667,18.16916666666667</coordinates>
                </Point>
            </Placemark>
            <Placemark>
                <name>uvi_02 Surfacing</name>
                <visibility>1</visibility>
                <description>&lt;b&gt;18°09.998'N 64°58.895'W&lt;br/&gt;Time of GPS Position: 2024-11-13 00:27:04&lt;br/&gt;Connect time: 2024-11-13 00:28:02&lt;br/&gt;Mission: 200_n.mi&lt;br/&gt;Segment: 0064.0156&lt;br/&gt;Reason: nothing commanded&lt;br/&gt;&lt;/b&gt;</description>
                <styleUrl>#WarningSurfacings</styleUrl>
                <Point>
                    <coordinates>-64.98158333333335,18.166633333333333</coordinates>
                </Point>
            </Placemark>
            <Placemark>
                <name>uvi_02 Surfacing</name>
                <visibility>1</visibility>
                <description>&lt;b&gt;18°10.017'N 64°59.506'W&lt;br/&gt;Time of GPS Position: 2024-11-13 02:28:14&lt;br/&gt;Connect time: 2024-11-13 02:29:11&lt;br/&gt;Mission: 200_n.mi&lt;br/&gt;Segment: 0064.0158&lt;br/&gt;Reason: nothing commanded&lt;br/&gt;&lt;/b&gt;</description>
                <styleUrl>#WarningSurfacings</styleUrl>
                <Point>
                    <coordinates>-64.99176666666668,18.16695</coordinates>
                </Point>
            </Placemark>
            <Placemark>
                <name>uvi_02 Surfacing</name>
                <visibility>1</visibility>
                <description>&lt;b&gt;18°10.174'N 64°58.734'W&lt;br/&gt;Time of GPS Position: 2024-11-13 04:28:08&lt;br/&gt;Connect time: 2024-11-13 04:33:52&lt;br/&gt;Mission: 200_n.mi&lt;br/&gt;Segment: 0064.0161&lt;br/&gt;Reason: MS_ABORT_BEH_ERROR&lt;br/&gt;&lt;/b&gt;</description>
                <styleUrl>#AbortSurfacings</styleUrl>
                <Point>
                    <coordinates>-64.97890000000001,18.169566666666665</coordinates>
                </Point>
            </Placemark>
            <Placemark>
                <name>uvi_02 Surfacing</name>
                <visibility>1</visibility>
                <description>&lt;b&gt;18°10.174'N 64°58.734'W&lt;br/&gt;Time of GPS Position: 2024-11-13 04:28:09&lt;br/&gt;Connect time: 2024-11-13 04:29:07&lt;br/&gt;Mission: 200_n.mi&lt;br/&gt;Segment: 0064.0160&lt;br/&gt;Reason: nothing commanded&lt;br/&gt;&lt;/b&gt;</description>
                <styleUrl>#WarningSurfacings</styleUrl>
                <Point>
                    <coordinates>-64.97890000000001,18.169566666666665</coordinates>
                </Point>
            </Placemark>
            <Placemark>
                <name>uvi_02 Surfacing</name>
                <visibility>1</visibility>
                <description>&lt;b&gt;18°10.305'N 64°57.877'W&lt;br/&gt;Time of GPS Position: 2024-11-13 06:45:39&lt;br/&gt;Connect time: 2024-11-13 06:47:09&lt;br/&gt;Mission: 200_n.mi&lt;br/&gt;Segment: 0065.0000&lt;br/&gt;Reason: nothing commanded&lt;br/&gt;&lt;/b&gt;</description>
                <styleUrl>#WarningSurfacings</styleUrl>
                <Point>
                    <coordinates>-64.96461666666667,18.17175</coordinates>
                </Point>
            </Placemark>
            <Placemark>
                <name>uvi_02 Surfacing</name>
                <visibility>1</visibility>
                <description>&lt;b&gt;18°10.136'N 64°56.895'W&lt;br/&gt;Time of GPS Position: 2024-11-13 08:40:19&lt;br/&gt;Connect time: 2024-11-13 08:41:15&lt;br/&gt;Mission: 200_n.mi&lt;br/&gt;Segment: 0065.0002&lt;br/&gt;Reason: nothing commanded&lt;br/&gt;&lt;/b&gt;</description>
                <styleUrl>#WarningSurfacings</styleUrl>
                <Point>
                    <coordinates>-64.94825,18.16893333333333</coordinates>
                </Point>
            </Placemark>
            <Placemark>
                <name>uvi_02 Surfacing</name>
                <visibility>1</visibility>
                <description>&lt;b&gt;18°09.912'N 64°56.552'W&lt;br/&gt;Time of GPS Position: 2024-11-13 10:37:14&lt;br/&gt;Connect time: 2024-11-13 10:38:11&lt;br/&gt;Mission: 200_n.mi&lt;br/&gt;Segment: 0065.0004&lt;br/&gt;Reason: nothing commanded&lt;br/&gt;&lt;/b&gt;</description>
                <styleUrl>#WarningSurfacings</styleUrl>
                <Point>
                    <coordinates>-64.94253333333333,18.165200000000002</coordinates>
                </Point>
            </Placemark>
            <Placemark>
                <name>uvi_02 Surfacing</name>
                <visibility>1</visibility>
                <description>&lt;b&gt;18°09.657'N 64°57.636'W&lt;br/&gt;Time of GPS Position: 2024-11-13 12:36:29&lt;br/&gt;Connect time: 2024-11-13 12:37:29&lt;br/&gt;Mission: 200_n.mi&lt;br/&gt;Segment: 0065.0006&lt;br/&gt;Reason: nothing commanded&lt;br/&gt;&lt;/b&gt;</description>
                <styleUrl>#WarningSurfacings</styleUrl>
                <Point>
                    <coordinates>-64.96060000000001,18.16095</coordinates>
                </Point>
            </Placemark>
            <Placemark>
                <name>uvi_02 Surfacing</name>
                <visibility>1</visibility>
                <description>&lt;b&gt;18°09.622'N 64°58.837'W&lt;br/&gt;Time of GPS Position: 2024-11-13 14:35:43&lt;br/&gt;Connect time: 2024-11-13 14:36:47&lt;br/&gt;Mission: 200_n.mi&lt;br/&gt;Segment: 0065.0008&lt;br/&gt;Reason: nothing commanded&lt;br/&gt;&lt;/b&gt;</description>
                <styleUrl>#WarningSurfacings</styleUrl>
                <Point>
                    <coordinates>-64.98061666666668,18.16036666666667</coordinates>
                </Point>
            </Placemark>
            <Placemark>
                <name>uvi_02 Surfacing</name>
                <visibility>1</visibility>
                <description>&lt;b&gt;18°09.943'N 64°59.674'W&lt;br/&gt;Time of GPS Position: 2024-11-13 16:27:29&lt;br/&gt;Connect time: 2024-11-13 16:28:25&lt;br/&gt;Mission: 200_n.mi&lt;br/&gt;Segment: 0065.0010&lt;br/&gt;Reason: nothing commanded&lt;br/&gt;&lt;/b&gt;</description>
                <styleUrl>#WarningSurfacings</styleUrl>
                <Point>
                    <coordinates>-64.99456666666667,18.165716666666665</coordinates>
                </Point>
            </Placemark>
            <Placemark>
                <name>uvi_02 Surfacing</name>
                <visibility>1</visibility>
                <description>&lt;b&gt;18°10.128'N 64°58.913'W&lt;br/&gt;Time of GPS Position: 2024-11-13 18:21:09&lt;br/&gt;Connect time: 2024-11-13 18:22:05&lt;br/&gt;Mission: 200_n.mi&lt;br/&gt;Segment: 0065.0012&lt;br/&gt;Reason: nothing commanded&lt;br/&gt;&lt;/b&gt;</description>
                <styleUrl>#WarningSurfacings</styleUrl>
                <Point>
                    <coordinates>-64.98188333333333,18.168799999999997</coordinates>
                </Point>
            </Placemark>
            <Placemark>
                <name>uvi_02 Surfacing</name>
                <visibility>1</visibility>
                <description>&lt;b&gt;18°10.273'N 64°58.036'W&lt;br/&gt;Time of GPS Position: 2024-11-13 20:17:09&lt;br/&gt;Connect time: 2024-11-13 20:18:08&lt;br/&gt;Mission: 200_n.mi&lt;br/&gt;Segment: 0065.0014&lt;br/&gt;Reason: nothing commanded&lt;br/&gt;&lt;/b&gt;</description>
                <styleUrl>#WarningSurfacings</styleUrl>
                <Point>
                    <coordinates>-64.96726666666667,18.171216666666666</coordinates>
                </Point>
            </Placemark>
            <Placemark>
                <name>uvi_02 Surfacing</name>
                <visibility>1</visibility>
                <description>&lt;b&gt;18°10.249'N 64°57.139'W&lt;br/&gt;Time of GPS Position: 2024-11-13 22:15:30&lt;br/&gt;Connect time: 2024-11-13 22:16:34&lt;br/&gt;Mission: 200_n.mi&lt;br/&gt;Segment: 0065.0016&lt;br/&gt;Reason: nothing commanded&lt;br/&gt;&lt;/b&gt;</description>
                <styleUrl>#WarningSurfacings</styleUrl>
                <Point>
                    <coordinates>-64.95231666666668,18.170816666666667</coordinates>
                </Point>
            </Placemark>
            <Placemark>
                <name>uvi_02 Surfacing</name>
                <visibility>1</visibility>
                <description>&lt;b&gt;18°10.042'N 64°56.359'W&lt;br/&gt;Time of GPS Position: 2024-11-14 00:08:49&lt;br/&gt;Connect time: 2024-11-14 00:09:46&lt;br/&gt;Mission: 200_n.mi&lt;br/&gt;Segment: 0065.0018&lt;br/&gt;Reason: nothing commanded&lt;br/&gt;&lt;/b&gt;</description>
                <styleUrl>#WarningSurfacings</styleUrl>
                <Point>
                    <coordinates>-64.93931666666667,18.167366666666666</coordinates>
                </Point>
            </Placemark>
            <Placemark>
                <name>uvi_02 Surfacing</name>
                <visibility>1</visibility>
                <description>&lt;b&gt;18°09.96'N 64°57.146'W&lt;br/&gt;Time of GPS Position: 2024-11-14 02:04:09&lt;br/&gt;Connect time: 2024-11-14 02:05:10&lt;br/&gt;Mission: 200_n.mi&lt;br/&gt;Segment: 0065.0020&lt;br/&gt;Reason: nothing commanded&lt;br/&gt;&lt;/b&gt;</description>
                <styleUrl>#WarningSurfacings</styleUrl>
                <Point>
                    <coordinates>-64.95243333333333,18.166</coordinates>
                </Point>
            </Placemark>
            <Placemark>
                <name>uvi_02 Surfacing</name>
                <visibility>1</visibility>
                <description>&lt;b&gt;18°09.961'N 64°58.227'W&lt;br/&gt;Time of GPS Position: 2024-11-14 04:01:09&lt;br/&gt;Connect time: 2024-11-14 04:02:04&lt;br/&gt;Mission: 200_n.mi&lt;br/&gt;Segment: 0065.0022&lt;br/&gt;Reason: nothing commanded&lt;br/&gt;&lt;/b&gt;</description>
                <styleUrl>#WarningSurfacings</styleUrl>
                <Point>
                    <coordinates>-64.97045,18.166016666666668</coordinates>
                </Point>
            </Placemark>
            <Placemark>
                <name>uvi_02 Surfacing</name>
                <visibility>1</visibility>
                <description>&lt;b&gt;18°10.097'N 64°59.237'W&lt;br/&gt;Time of GPS Position: 2024-11-14 05:58:59&lt;br/&gt;Connect time: 2024-11-14 05:59:57&lt;br/&gt;Mission: 200_n.mi&lt;br/&gt;Segment: 0065.0024&lt;br/&gt;Reason: nothing commanded&lt;br/&gt;&lt;/b&gt;</description>
                <styleUrl>#WarningSurfacings</styleUrl>
                <Point>
                    <coordinates>-64.98728333333334,18.16828333333333</coordinates>
                </Point>
            </Placemark>
            <Placemark>
                <name>uvi_02 Surfacing</name>
                <visibility>1</visibility>
                <description>&lt;b&gt;18°10.173'N 64°59.148'W&lt;br/&gt;Time of GPS Position: 2024-11-14 07:53:55&lt;br/&gt;Connect time: 2024-11-14 07:55:10&lt;br/&gt;Mission: 200_n.mi&lt;br/&gt;Segment: 0065.0026&lt;br/&gt;Reason: nothing commanded&lt;br/&gt;&lt;/b&gt;</description>
                <styleUrl>#WarningSurfacings</styleUrl>
                <Point>
                    <coordinates>-64.9858,18.16955</coordinates>
                </Point>
            </Placemark>
            <Placemark>
                <name>uvi_02 Surfacing</name>
                <visibility>1</visibility>
                <description>&lt;b&gt;18°10.094'N 64°57.945'W&lt;br/&gt;Time of GPS Position: 2024-11-14 09:52:30&lt;br/&gt;Connect time: 2024-11-14 09:53:27&lt;br/&gt;Mission: 200_n.mi&lt;br/&gt;Segment: 0065.0028&lt;br/&gt;Reason: nothing commanded&lt;br/&gt;&lt;/b&gt;</description>
                <styleUrl>#WarningSurfacings</styleUrl>
                <Point>
                    <coordinates>-64.96575,18.168233333333333</coordinates>
                </Point>
            </Placemark>
            <Placemark>
                <name>uvi_02 Surfacing</name>
                <visibility>1</visibility>
                <description>&lt;b&gt;18°09.9'N 64°56.745'W&lt;br/&gt;Time of GPS Position: 2024-11-14 11:45:59&lt;br/&gt;Connect time: 2024-11-14 11:46:58&lt;br/&gt;Mission: 200_n.mi&lt;br/&gt;Segment: 0065.0030&lt;br/&gt;Reason: nothing commanded&lt;br/&gt;&lt;/b&gt;</description>
                <styleUrl>#WarningSurfacings</styleUrl>
                <Point>
                    <coordinates>-64.94575,18.165000000000003</coordinates>
                </Point>
            </Placemark>
            <Placemark>
                <name>uvi_02 Surfacing</name>
                <visibility>1</visibility>
                <description>&lt;b&gt;18°09.833'N 64°56.746'W&lt;br/&gt;Time of GPS Position: 2024-11-14 13:39:34&lt;br/&gt;Connect time: 2024-11-14 13:40:37&lt;br/&gt;Mission: 200_n.mi&lt;br/&gt;Segment: 0065.0032&lt;br/&gt;Reason: nothing commanded&lt;br/&gt;&lt;/b&gt;</description>
                <styleUrl>#WarningSurfacings</styleUrl>
                <Point>
                    <coordinates>-64.94576666666667,18.163883333333334</coordinates>
                </Point>
            </Placemark>
            <Placemark>
                <name>uvi_02 Surfacing</name>
                <visibility>1</visibility>
                <description>&lt;b&gt;18°09.7'N 64°57.78'W&lt;br/&gt;Time of GPS Position: 2024-11-14 15:35:24&lt;br/&gt;Connect time: 2024-11-14 15:36:20&lt;br/&gt;Mission: 200_n.mi&lt;br/&gt;Segment: 0065.0034&lt;br/&gt;Reason: nothing commanded&lt;br/&gt;&lt;/b&gt;</description>
                <styleUrl>#WarningSurfacings</styleUrl>
                <Point>
                    <coordinates>-64.963,18.16166666666667</coordinates>
                </Point>
            </Placemark>
            <Placemark>
                <name>uvi_02 Surfacing</name>
                <visibility>1</visibility>
                <description>&lt;b&gt;18°09.581'N 64°58.93'W&lt;br/&gt;Time of GPS Position: 2024-11-14 17:31:04&lt;br/&gt;Connect time: 2024-11-14 17:31:59&lt;br/&gt;Mission: 200_n.mi&lt;br/&gt;Segment: 0065.0036&lt;br/&gt;Reason: nothing commanded&lt;br/&gt;&lt;/b&gt;</description>
                <styleUrl>#WarningSurfacings</styleUrl>
                <Point>
                    <coordinates>-64.98216666666667,18.15968333333333</coordinates>
                </Point>
            </Placemark>
            <Placemark>
                <name>uvi_02 Surfacing</name>
                <visibility>1</visibility>
                <description>&lt;b&gt;18°09.97'N 64°59.595'W&lt;br/&gt;Time of GPS Position: 2024-11-14 19:19:25&lt;br/&gt;Connect time: 2024-11-14 19:20:23&lt;br/&gt;Mission: 200_n.mi&lt;br/&gt;Segment: 0065.0038&lt;br/&gt;Reason: nothing commanded&lt;br/&gt;&lt;/b&gt;</description>
                <styleUrl>#WarningSurfacings</styleUrl>
                <Point>
                    <coordinates>-64.99325,18.166166666666665</coordinates>
                </Point>
            </Placemark>
            <Placemark>
                <name>uvi_02 Surfacing</name>
                <visibility>1</visibility>
                <description>&lt;b&gt;18°10.127'N 64°58.838'W&lt;br/&gt;Time of GPS Position: 2024-11-14 21:14:33&lt;br/&gt;Connect time: 2024-11-14 21:15:28&lt;br/&gt;Mission: 200_n.mi&lt;br/&gt;Segment: 0065.0040&lt;br/&gt;Reason: nothing commanded&lt;br/&gt;&lt;/b&gt;</description>
                <styleUrl>#WarningSurfacings</styleUrl>
                <Point>
                    <coordinates>-64.98063333333333,18.168783333333334</coordinates>
                </Point>
            </Placemark>
            <Placemark>
                <name>uvi_02 Surfacing</name>
                <visibility>1</visibility>
                <description>&lt;b&gt;18°10.171'N 64°58.071'W&lt;br/&gt;Time of GPS Position: 2024-11-14 23:15:19&lt;br/&gt;Connect time: 2024-11-14 23:16:17&lt;br/&gt;Mission: 200_n.mi&lt;br/&gt;Segment: 0065.0042&lt;br/&gt;Reason: nothing commanded&lt;br/&gt;&lt;/b&gt;</description>
                <styleUrl>#WarningSurfacings</styleUrl>
                <Point>
                    <coordinates>-64.96785,18.169516666666667</coordinates>
                </Point>
            </Placemark>
            <Placemark>
                <name>uvi_02 Surfacing</name>
                <visibility>1</visibility>
                <description>&lt;b&gt;18°09.95'N 64°57.328'W&lt;br/&gt;Time of GPS Position: 2024-11-15 01:16:34&lt;br/&gt;Connect time: 2024-11-15 01:17:36&lt;br/&gt;Mission: 200_n.mi&lt;br/&gt;Segment: 0065.0044&lt;br/&gt;Reason: nothing commanded&lt;br/&gt;&lt;/b&gt;</description>
                <styleUrl>#WarningSurfacings</styleUrl>
                <Point>
                    <coordinates>-64.95546666666668,18.165833333333335</coordinates>
                </Point>
            </Placemark>
            <Placemark>
                <name>uvi_02 Surfacing</name>
                <visibility>1</visibility>
                <description>&lt;b&gt;18°09.885'N 64°56.737'W&lt;br/&gt;Time of GPS Position: 2024-11-15 03:16:29&lt;br/&gt;Connect time: 2024-11-15 03:17:28&lt;br/&gt;Mission: 200_n.mi&lt;br/&gt;Segment: 0065.0046&lt;br/&gt;Reason: nothing commanded&lt;br/&gt;&lt;/b&gt;</description>
                <styleUrl>#WarningSurfacings</styleUrl>
                <Point>
                    <coordinates>-64.94561666666667,18.16475</coordinates>
                </Point>
            </Placemark>
            <Placemark>
                <name>uvi_02 Surfacing</name>
                <visibility>1</visibility>
                <description>&lt;b&gt;18°09.977'N 64°56.362'W&lt;br/&gt;Time of GPS Position: 2024-11-15 05:18:59&lt;br/&gt;Connect time: 2024-11-15 05:19:54&lt;br/&gt;Mission: 200_n.mi&lt;br/&gt;Segment: 0065.0048&lt;br/&gt;Reason: nothing commanded&lt;br/&gt;&lt;/b&gt;</description>
                <styleUrl>#WarningSurfacings</styleUrl>
                <Point>
                    <coordinates>-64.93936666666667,18.166283333333336</coordinates>
                </Point>
            </Placemark>
            <Placemark>
                <name>uvi_02 Surfacing</name>
                <visibility>1</visibility>
                <description>&lt;b&gt;18°10.103'N 64°57.468'W&lt;br/&gt;Time of GPS Position: 2024-11-15 07:17:28&lt;br/&gt;Connect time: 2024-11-15 07:18:30&lt;br/&gt;Mission: 200_n.mi&lt;br/&gt;Segment: 0065.0050&lt;br/&gt;Reason: nothing commanded&lt;br/&gt;&lt;/b&gt;</description>
                <styleUrl>#WarningSurfacings</styleUrl>
                <Point>
                    <coordinates>-64.95779999999999,18.168383333333335</coordinates>
                </Point>
            </Placemark>
            <Placemark>
                <name>uvi_02 Surfacing</name>
                <visibility>1</visibility>
                <description>&lt;b&gt;18°10.131'N 64°58.514'W&lt;br/&gt;Time of GPS Position: 2024-11-15 09:20:09&lt;br/&gt;Connect time: 2024-11-15 09:21:31&lt;br/&gt;Mission: 200_n.mi&lt;br/&gt;Segment: 0065.0052&lt;br/&gt;Reason: nothing commanded&lt;br/&gt;&lt;/b&gt;</description>
                <styleUrl>#WarningSurfacings</styleUrl>
                <Point>
                    <coordinates>-64.97523333333334,18.168850000000003</coordinates>
                </Point>
            </Placemark>
            <Placemark>
                <name>uvi_02 Surfacing</name>
                <visibility>1</visibility>
                <description>&lt;b&gt;18°10.007'N 64°59.474'W&lt;br/&gt;Time of GPS Position: 2024-11-15 11:16:03&lt;br/&gt;Connect time: 2024-11-15 11:17:03&lt;br/&gt;Mission: 200_n.mi&lt;br/&gt;Segment: 0065.0054&lt;br/&gt;Reason: nothing commanded&lt;br/&gt;&lt;/b&gt;</description>
                <styleUrl>#WarningSurfacings</styleUrl>
                <Point>
                    <coordinates>-64.99123333333334,18.166783333333335</coordinates>
                </Point>
            </Placemark>
            <Placemark>
                <name>uvi_02 Surfacing</name>
                <visibility>1</visibility>
                <description>&lt;b&gt;18°09.97'N 64°58.893'W&lt;br/&gt;Time of GPS Position: 2024-11-15 13:12:29&lt;br/&gt;Connect time: 2024-11-15 13:14:12&lt;br/&gt;Mission: 200_n.mi&lt;br/&gt;Segment: 0065.0056&lt;br/&gt;Reason: nothing commanded&lt;br/&gt;&lt;/b&gt;</description>
                <styleUrl>#WarningSurfacings</styleUrl>
                <Point>
                    <coordinates>-64.98155,18.166166666666665</coordinates>
                </Point>
            </Placemark>
            <Placemark>
                <name>uvi_02 Surfacing</name>
                <visibility>1</visibility>
                <description>&lt;b&gt;18°09.854'N 64°58.133'W&lt;br/&gt;Time of GPS Position: 2024-11-15 15:00:09&lt;br/&gt;Connect time: 2024-11-15 15:01:06&lt;br/&gt;Mission: 200_n.mi&lt;br/&gt;Segment: 0065.0058&lt;br/&gt;Reason: nothing commanded&lt;br/&gt;&lt;/b&gt;</description>
                <styleUrl>#WarningSurfacings</styleUrl>
                <Point>
                    <coordinates>-64.96888333333332,18.164233333333335</coordinates>
                </Point>
            </Placemark>
            <Placemark>
                <name>uvi_02 Surfacing</name>
                <visibility>1</visibility>
                <description>&lt;b&gt;18°09.84'N 64°57.729'W&lt;br/&gt;Time of GPS Position: 2024-11-15 16:56:59&lt;br/&gt;Connect time: 2024-11-15 16:57:55&lt;br/&gt;Mission: 200_n.mi&lt;br/&gt;Segment: 0065.0060&lt;br/&gt;Reason: nothing commanded&lt;br/&gt;&lt;/b&gt;</description>
                <styleUrl>#WarningSurfacings</styleUrl>
                <Point>
                    <coordinates>-64.96215000000001,18.163999999999998</coordinates>
                </Point>
            </Placemark>
            <Placemark>
                <name>uvi_02 Surfacing</name>
                <visibility>1</visibility>
                <description>&lt;b&gt;18°10.024'N 64°57.271'W&lt;br/&gt;Time of GPS Position: 2024-11-15 18:51:38&lt;br/&gt;Connect time: 2024-11-15 18:52:38&lt;br/&gt;Mission: 200_n.mi&lt;br/&gt;Segment: 0065.0062&lt;br/&gt;Reason: nothing commanded&lt;br/&gt;&lt;/b&gt;</description>
                <styleUrl>#WarningSurfacings</styleUrl>
                <Point>
                    <coordinates>-64.95451666666666,18.167066666666663</coordinates>
                </Point>
            </Placemark>
            <Placemark>
                <name>uvi_02 Surfacing</name>
                <visibility>1</visibility>
                <description>&lt;b&gt;18°10.134'N 64°56.763'W&lt;br/&gt;Time of GPS Position: 2024-11-15 20:45:39&lt;br/&gt;Connect time: 2024-11-15 20:46:36&lt;br/&gt;Mission: 200_n.mi&lt;br/&gt;Segment: 0065.0064&lt;br/&gt;Reason: nothing commanded&lt;br/&gt;&lt;/b&gt;</description>
                <styleUrl>#WarningSurfacings</styleUrl>
                <Point>
                    <coordinates>-64.94605,18.1689</coordinates>
                </Point>
            </Placemark>
            <Placemark>
                <name>uvi_02 Surfacing</name>
                <visibility>1</visibility>
                <description>&lt;b&gt;18°10.162'N 64°56.378'W&lt;br/&gt;Time of GPS Position: 2024-11-15 22:43:29&lt;br/&gt;Connect time: 2024-11-15 22:44:35&lt;br/&gt;Mission: 200_n.mi&lt;br/&gt;Segment: 0065.0066&lt;br/&gt;Reason: nothing commanded&lt;br/&gt;&lt;/b&gt;</description>
                <styleUrl>#WarningSurfacings</styleUrl>
                <Point>
                    <coordinates>-64.93963333333333,18.16936666666667</coordinates>
                </Point>
            </Placemark>
            <Placemark>
                <name>uvi_02 Surfacing</name>
                <visibility>1</visibility>
                <description>&lt;b&gt;18°10.094'N 64°57.64'W&lt;br/&gt;Time of GPS Position: 2024-11-16 00:48:03&lt;br/&gt;Connect time: 2024-11-16 00:49:01&lt;br/&gt;Mission: 200_n.mi&lt;br/&gt;Segment: 0065.0068&lt;br/&gt;Reason: nothing commanded&lt;br/&gt;&lt;/b&gt;</description>
                <styleUrl>#WarningSurfacings</styleUrl>
                <Point>
                    <coordinates>-64.96066666666667,18.168233333333333</coordinates>
                </Point>
            </Placemark>
            <Placemark>
                <name>uvi_02 Surfacing</name>
                <visibility>1</visibility>
                <description>&lt;b&gt;18°09.91'N 64°58.823'W&lt;br/&gt;Time of GPS Position: 2024-11-16 02:48:49&lt;br/&gt;Connect time: 2024-11-16 02:51:35&lt;br/&gt;Mission: 200_n.mi&lt;br/&gt;Segment: 0065.0070&lt;br/&gt;Reason: nothing commanded&lt;br/&gt;&lt;/b&gt;</description>
                <styleUrl>#WarningSurfacings</styleUrl>
                <Point>
                    <coordinates>-64.98038333333334,18.165166666666668</coordinates>
                </Point>
            </Placemark>
            <Placemark>
                <name>uvi_02 Surfacing</name>
                <visibility>1</visibility>
                <description>&lt;b&gt;18°09.861'N 64°59.607'W&lt;br/&gt;Time of GPS Position: 2024-11-16 04:55:35&lt;br/&gt;Connect time: 2024-11-16 04:56:29&lt;br/&gt;Mission: 200_n.mi&lt;br/&gt;Segment: 0065.0072&lt;br/&gt;Reason: nothing commanded&lt;br/&gt;&lt;/b&gt;</description>
                <styleUrl>#WarningSurfacings</styleUrl>
                <Point>
                    <coordinates>-64.99345,18.164350000000002</coordinates>
                </Point>
            </Placemark>
            <Placemark>
                <name>uvi_02 Surfacing</name>
                <visibility>1</visibility>
                <description>&lt;b&gt;18°09.868'N 64°59.015'W&lt;br/&gt;Time of GPS Position: 2024-11-16 06:53:44&lt;br/&gt;Connect time: 2024-11-16 06:54:44&lt;br/&gt;Mission: 200_n.mi&lt;br/&gt;Segment: 0065.0074&lt;br/&gt;Reason: nothing commanded&lt;br/&gt;&lt;/b&gt;</description>
                <styleUrl>#WarningSurfacings</styleUrl>
                <Point>
                    <coordinates>-64.98358333333334,18.164466666666666</coordinates>
                </Point>
            </Placemark>
            <Placemark>
                <name>uvi_02 Surfacing</name>
                <visibility>1</visibility>
                <description>&lt;b&gt;18°10.026'N 64°58.113'W&lt;br/&gt;Time of GPS Position: 2024-11-16 08:50:34&lt;br/&gt;Connect time: 2024-11-16 08:51:31&lt;br/&gt;Mission: 200_n.mi&lt;br/&gt;Segment: 0065.0076&lt;br/&gt;Reason: nothing commanded&lt;br/&gt;&lt;/b&gt;</description>
                <styleUrl>#WarningSurfacings</styleUrl>
                <Point>
                    <coordinates>-64.96855000000001,18.1671</coordinates>
                </Point>
            </Placemark>
            <Placemark>
                <name>uvi_02 Surfacing</name>
                <visibility>1</visibility>
                <description>&lt;b&gt;18°10.216'N 64°57.031'W&lt;br/&gt;Time of GPS Position: 2024-11-16 10:52:19&lt;br/&gt;Connect time: 2024-11-16 10:53:16&lt;br/&gt;Mission: 200_n.mi&lt;br/&gt;Segment: 0065.0078&lt;br/&gt;Reason: nothing commanded&lt;br/&gt;&lt;/b&gt;</description>
                <styleUrl>#WarningSurfacings</styleUrl>
                <Point>
                    <coordinates>-64.95051666666667,18.170266666666667</coordinates>
                </Point>
            </Placemark>
            <Placemark>
                <name>uvi_02 Surfacing</name>
                <visibility>1</visibility>
                <description>&lt;b&gt;18°10.035'N 64°56.459'W&lt;br/&gt;Time of GPS Position: 2024-11-16 12:48:38&lt;br/&gt;Connect time: 2024-11-16 12:49:36&lt;br/&gt;Mission: 200_n.mi&lt;br/&gt;Segment: 0065.0080&lt;br/&gt;Reason: nothing commanded&lt;br/&gt;&lt;/b&gt;</description>
                <styleUrl>#WarningSurfacings</styleUrl>
                <Point>
                    <coordinates>-64.94098333333334,18.167250000000003</coordinates>
                </Point>
            </Placemark>
            <Placemark>
                <name>uvi_02 Surfacing</name>
                <visibility>1</visibility>
                <description>&lt;b&gt;18°09.864'N 64°57.517'W&lt;br/&gt;Time of GPS Position: 2024-11-16 14:45:24&lt;br/&gt;Connect time: 2024-11-16 14:46:20&lt;br/&gt;Mission: 200_n.mi&lt;br/&gt;Segment: 0065.0082&lt;br/&gt;Reason: nothing commanded&lt;br/&gt;&lt;/b&gt;</description>
                <styleUrl>#WarningSurfacings</styleUrl>
                <Point>
                    <coordinates>-64.95861666666666,18.1644</coordinates>
                </Point>
            </Placemark>
            <Placemark>
                <name>uvi_02 Surfacing</name>
                <visibility>1</visibility>
                <description>&lt;b&gt;18°09.864'N 64°57.517'W&lt;br/&gt;Time of GPS Position: 2024-11-16 14:45:25&lt;br/&gt;Connect time: 2024-11-16 14:50:13&lt;br/&gt;Mission: 200_n.mi&lt;br/&gt;Segment: 0065.0083&lt;br/&gt;Reason: nothing commanded&lt;br/&gt;&lt;/b&gt;</description>
                <styleUrl>#WarningSurfacings</styleUrl>
                <Point>
                    <coordinates>-64.95861666666666,18.1644</coordinates>
                </Point>
            </Placemark>
            <Placemark>
                <name>uvi_02 Surfacing</name>
                <visibility>1</visibility>
                <description>&lt;b&gt;18°09.807'N 64°58.818'W&lt;br/&gt;Time of GPS Position: 2024-11-16 16:37:19&lt;br/&gt;Connect time: 2024-11-16 16:38:17&lt;br/&gt;Mission: 200_n.mi&lt;br/&gt;Segment: 0065.0084&lt;br/&gt;Reason: nothing commanded&lt;br/&gt;&lt;/b&gt;</description>
                <styleUrl>#WarningSurfacings</styleUrl>
                <Point>
                    <coordinates>-64.9803,18.16345</coordinates>
                </Point>
            </Placemark>
            <Placemark>
                <name>uvi_02 Surfacing</name>
                <visibility>1</visibility>
                <description>&lt;b&gt;18°09.955'N 64°59.582'W&lt;br/&gt;Time of GPS Position: 2024-11-16 18:41:34&lt;br/&gt;Connect time: 2024-11-16 18:42:30&lt;br/&gt;Mission: 200_n.mi&lt;br/&gt;Segment: 0065.0086&lt;br/&gt;Reason: nothing commanded&lt;br/&gt;&lt;/b&gt;</description>
                <styleUrl>#WarningSurfacings</styleUrl>
                <Point>
                    <coordinates>-64.99303333333334,18.165916666666664</coordinates>
                </Point>
            </Placemark>
            <Placemark>
                <name>uvi_02 Surfacing</name>
                <visibility>1</visibility>
                <description>&lt;b&gt;18°10.195'N 64°58.85'W&lt;br/&gt;Time of GPS Position: 2024-11-16 20:37:04&lt;br/&gt;Connect time: 2024-11-16 20:38:16&lt;br/&gt;Mission: 200_n.mi&lt;br/&gt;Segment: 0065.0088&lt;br/&gt;Reason: nothing commanded&lt;br/&gt;&lt;/b&gt;</description>
                <styleUrl>#WarningSurfacings</styleUrl>
                <Point>
                    <coordinates>-64.98083333333334,18.169916666666666</coordinates>
                </Point>
            </Placemark>
            <Placemark>
                <name>uvi_02 Surfacing</name>
                <visibility>1</visibility>
                <description>&lt;b&gt;18°10.542'N 64°58.076'W&lt;br/&gt;Time of GPS Position: 2024-11-16 22:32:39&lt;br/&gt;Connect time: 2024-11-16 22:33:51&lt;br/&gt;Mission: 200_n.mi&lt;br/&gt;Segment: 0065.0090&lt;br/&gt;Reason: nothing commanded&lt;br/&gt;&lt;/b&gt;</description>
                <styleUrl>#WarningSurfacings</styleUrl>
                <Point>
                    <coordinates>-64.96793333333333,18.1757</coordinates>
                </Point>
            </Placemark>
            <Placemark>
                <name>uvi_02 Surfacing</name>
                <visibility>1</visibility>
                <description>&lt;b&gt;18°10.368'N 64°57.254'W&lt;br/&gt;Time of GPS Position: 2024-11-17 00:29:44&lt;br/&gt;Connect time: 2024-11-17 00:30:40&lt;br/&gt;Mission: 200_n.mi&lt;br/&gt;Segment: 0065.0092&lt;br/&gt;Reason: nothing commanded&lt;br/&gt;&lt;/b&gt;</description>
                <styleUrl>#WarningSurfacings</styleUrl>
                <Point>
                    <coordinates>-64.95423333333333,18.1728</coordinates>
                </Point>
            </Placemark>
            <Placemark>
                <name>uvi_02 Surfacing</name>
                <visibility>1</visibility>
                <description>&lt;b&gt;18°09.952'N 64°56.205'W&lt;br/&gt;Time of GPS Position: 2024-11-17 02:28:39&lt;br/&gt;Connect time: 2024-11-17 02:29:37&lt;br/&gt;Mission: 200_n.mi&lt;br/&gt;Segment: 0065.0094&lt;br/&gt;Reason: nothing commanded&lt;br/&gt;&lt;/b&gt;</description>
                <styleUrl>#WarningSurfacings</styleUrl>
                <Point>
                    <coordinates>-64.93675,18.165866666666666</coordinates>
                </Point>
            </Placemark>
            <Placemark>
                <name>uvi_02 Surfacing</name>
                <visibility>1</visibility>
                <description>&lt;b&gt;18°09.484'N 64°57.134'W&lt;br/&gt;Time of GPS Position: 2024-11-17 04:31:14&lt;br/&gt;Connect time: 2024-11-17 04:32:10&lt;br/&gt;Mission: 200_n.mi&lt;br/&gt;Segment: 0065.0096&lt;br/&gt;Reason: nothing commanded&lt;br/&gt;&lt;/b&gt;</description>
                <styleUrl>#WarningSurfacings</styleUrl>
                <Point>
                    <coordinates>-64.95223333333334,18.158066666666667</coordinates>
                </Point>
            </Placemark>
            <Placemark>
                <name>uvi_02 Surfacing</name>
                <visibility>1</visibility>
                <description>&lt;b&gt;18°09.412'N 64°58.138'W&lt;br/&gt;Time of GPS Position: 2024-11-17 06:24:49&lt;br/&gt;Connect time: 2024-11-17 06:25:46&lt;br/&gt;Mission: 200_n.mi&lt;br/&gt;Segment: 0065.0098&lt;br/&gt;Reason: nothing commanded&lt;br/&gt;&lt;/b&gt;</description>
                <styleUrl>#WarningSurfacings</styleUrl>
                <Point>
                    <coordinates>-64.96896666666666,18.156866666666666</coordinates>
                </Point>
            </Placemark>
            <Placemark>
                <name>uvi_02 Surfacing</name>
                <visibility>1</visibility>
                <description>&lt;b&gt;18°09.672'N 64°59.022'W&lt;br/&gt;Time of GPS Position: 2024-11-17 08:18:44&lt;br/&gt;Connect time: 2024-11-17 08:19:39&lt;br/&gt;Mission: 200_n.mi&lt;br/&gt;Segment: 0065.0100&lt;br/&gt;Reason: nothing commanded&lt;br/&gt;&lt;/b&gt;</description>
                <styleUrl>#WarningSurfacings</styleUrl>
                <Point>
                    <coordinates>-64.9837,18.1612</coordinates>
                </Point>
            </Placemark>
            <Placemark>
                <name>uvi_02 Surfacing</name>
                <visibility>1</visibility>
                <description>&lt;b&gt;18°09.998'N 64°59.563'W&lt;br/&gt;Time of GPS Position: 2024-11-17 10:10:49&lt;br/&gt;Connect time: 2024-11-17 10:11:46&lt;br/&gt;Mission: 200_n.mi&lt;br/&gt;Segment: 0065.0102&lt;br/&gt;Reason: nothing commanded&lt;br/&gt;&lt;/b&gt;</description>
                <styleUrl>#WarningSurfacings</styleUrl>
                <Point>
                    <coordinates>-64.99271666666667,18.166633333333333</coordinates>
                </Point>
            </Placemark>
            <Placemark>
                <name>uvi_02 Surfacing</name>
                <visibility>1</visibility>
                <description>&lt;b&gt;18°10.057'N 64°58.447'W&lt;br/&gt;Time of GPS Position: 2024-11-17 12:05:09&lt;br/&gt;Connect time: 2024-11-17 12:06:26&lt;br/&gt;Mission: 200_n.mi&lt;br/&gt;Segment: 0065.0104&lt;br/&gt;Reason: nothing commanded&lt;br/&gt;&lt;/b&gt;</description>
                <styleUrl>#WarningSurfacings</styleUrl>
                <Point>
                    <coordinates>-64.97411666666667,18.167616666666667</coordinates>
                </Point>
            </Placemark>
            <Placemark>
                <name>uvi_02 Surfacing</name>
                <visibility>1</visibility>
                <description>&lt;b&gt;18°10.009'N 64°57.404'W&lt;br/&gt;Time of GPS Position: 2024-11-17 14:00:15&lt;br/&gt;Connect time: 2024-11-17 14:01:13&lt;br/&gt;Mission: 200_n.mi&lt;br/&gt;Segment: 0065.0106&lt;br/&gt;Reason: nothing commanded&lt;br/&gt;&lt;/b&gt;</description>
                <styleUrl>#WarningSurfacings</styleUrl>
                <Point>
                    <coordinates>-64.95673333333335,18.166816666666666</coordinates>
                </Point>
            </Placemark>
            <Placemark>
                <name>uvi_02 Surfacing</name>
                <visibility>1</visibility>
                <description>&lt;b&gt;18°09.943'N 64°56.455'W&lt;br/&gt;Time of GPS Position: 2024-11-17 15:56:14&lt;br/&gt;Connect time: 2024-11-17 15:57:18&lt;br/&gt;Mission: 200_n.mi&lt;br/&gt;Segment: 0065.0108&lt;br/&gt;Reason: nothing commanded&lt;br/&gt;&lt;/b&gt;</description>
                <styleUrl>#WarningSurfacings</styleUrl>
                <Point>
                    <coordinates>-64.94091666666667,18.165716666666665</coordinates>
                </Point>
            </Placemark>
            <Placemark>
                <name>uvi_02 Surfacing</name>
                <visibility>1</visibility>
                <description>&lt;b&gt;18°09.783'N 64°57.21'W&lt;br/&gt;Time of GPS Position: 2024-11-17 17:54:44&lt;br/&gt;Connect time: 2024-11-17 17:55:39&lt;br/&gt;Mission: 200_n.mi&lt;br/&gt;Segment: 0065.0110&lt;br/&gt;Reason: nothing commanded&lt;br/&gt;&lt;/b&gt;</description>
                <styleUrl>#WarningSurfacings</styleUrl>
                <Point>
                    <coordinates>-64.9535,18.16305</coordinates>
                </Point>
            </Placemark>
            <Placemark>
                <name>uvi_02 Surfacing</name>
                <visibility>1</visibility>
                <description>&lt;b&gt;18°09.913'N 64°58.489'W&lt;br/&gt;Time of GPS Position: 2024-11-17 19:49:18&lt;br/&gt;Connect time: 2024-11-17 19:50:16&lt;br/&gt;Mission: 200_n.mi&lt;br/&gt;Segment: 0065.0112&lt;br/&gt;Reason: nothing commanded&lt;br/&gt;&lt;/b&gt;</description>
                <styleUrl>#WarningSurfacings</styleUrl>
                <Point>
                    <coordinates>-64.97481666666665,18.165216666666666</coordinates>
                </Point>
            </Placemark>
            <Placemark>
                <name>uvi_02 Surfacing</name>
                <visibility>1</visibility>
                <description>&lt;b&gt;18°10.062'N 64°59.675'W&lt;br/&gt;Time of GPS Position: 2024-11-17 21:55:19&lt;br/&gt;Connect time: 2024-11-17 21:56:51&lt;br/&gt;Mission: 200_n.mi&lt;br/&gt;Segment: 0065.0114&lt;br/&gt;Reason: nothing commanded&lt;br/&gt;&lt;/b&gt;</description>
                <styleUrl>#WarningSurfacings</styleUrl>
                <Point>
                    <coordinates>-64.99458333333334,18.1677</coordinates>
                </Point>
            </Placemark>
            <Placemark>
                <name>uvi_02 Surfacing</name>
                <visibility>1</visibility>
                <description>&lt;b&gt;18°10.346'N 64°58.802'W&lt;br/&gt;Time of GPS Position: 2024-11-17 23:57:54&lt;br/&gt;Connect time: 2024-11-17 23:58:52&lt;br/&gt;Mission: 200_n.mi&lt;br/&gt;Segment: 0065.0116&lt;br/&gt;Reason: nothing commanded&lt;br/&gt;&lt;/b&gt;</description>
                <styleUrl>#WarningSurfacings</styleUrl>
                <Point>
                    <coordinates>-64.98003333333332,18.172433333333334</coordinates>
                </Point>
            </Placemark>
            <Placemark>
                <name>uvi_02 Surfacing</name>
                <visibility>1</visibility>
                <description>&lt;b&gt;18°10.258'N 64°57.898'W&lt;br/&gt;Time of GPS Position: 2024-11-18 01:58:04&lt;br/&gt;Connect time: 2024-11-18 01:58:59&lt;br/&gt;Mission: 200_n.mi&lt;br/&gt;Segment: 0065.0118&lt;br/&gt;Reason: nothing commanded&lt;br/&gt;&lt;/b&gt;</description>
                <styleUrl>#WarningSurfacings</styleUrl>
                <Point>
                    <coordinates>-64.96496666666667,18.17096666666667</coordinates>
                </Point>
            </Placemark>
            <Placemark>
                <name>uvi_02 Surfacing</name>
                <visibility>1</visibility>
                <description>&lt;b&gt;18°09.931'N 64°56.928'W&lt;br/&gt;Time of GPS Position: 2024-11-18 04:00:14&lt;br/&gt;Connect time: 2024-11-18 04:01:11&lt;br/&gt;Mission: 200_n.mi&lt;br/&gt;Segment: 0065.0120&lt;br/&gt;Reason: nothing commanded&lt;br/&gt;&lt;/b&gt;</description>
                <styleUrl>#WarningSurfacings</styleUrl>
                <Point>
                    <coordinates>-64.94879999999999,18.16551666666667</coordinates>
                </Point>
            </Placemark>
            <Placemark>
                <name>uvi_02 Surfacing</name>
                <visibility>1</visibility>
                <description>&lt;b&gt;18°09.867'N 64°56.44'W&lt;br/&gt;Time of GPS Position: 2024-11-18 06:02:03&lt;br/&gt;Connect time: 2024-11-18 06:03:07&lt;br/&gt;Mission: 200_n.mi&lt;br/&gt;Segment: 0065.0122&lt;br/&gt;Reason: nothing commanded&lt;br/&gt;&lt;/b&gt;</description>
                <styleUrl>#WarningSurfacings</styleUrl>
                <Point>
                    <coordinates>-64.94066666666666,18.16445</coordinates>
                </Point>
            </Placemark>
            <Placemark>
                <name>uvi_02 Surfacing</name>
                <visibility>1</visibility>
                <description>&lt;b&gt;18°09.752'N 64°57.721'W&lt;br/&gt;Time of GPS Position: 2024-11-18 08:05:39&lt;br/&gt;Connect time: 2024-11-18 08:06:39&lt;br/&gt;Mission: 200_n.mi&lt;br/&gt;Segment: 0065.0124&lt;br/&gt;Reason: nothing commanded&lt;br/&gt;&lt;/b&gt;</description>
                <styleUrl>#WarningSurfacings</styleUrl>
                <Point>
                    <coordinates>-64.96201666666666,18.162533333333332</coordinates>
                </Point>
            </Placemark>
            <Placemark>
                <name>uvi_02 Surfacing</name>
                <visibility>1</visibility>
                <description>&lt;b&gt;18°09.889'N 64°58.872'W&lt;br/&gt;Time of GPS Position: 2024-11-18 10:05:35&lt;br/&gt;Connect time: 2024-11-18 10:06:32&lt;br/&gt;Mission: 200_n.mi&lt;br/&gt;Segment: 0065.0126&lt;br/&gt;Reason: nothing commanded&lt;br/&gt;&lt;/b&gt;</description>
                <styleUrl>#WarningSurfacings</styleUrl>
                <Point>
                    <coordinates>-64.9812,18.164816666666663</coordinates>
                </Point>
            </Placemark>
            <Placemark>
                <name>uvi_02 Surfacing</name>
                <visibility>1</visibility>
                <description>&lt;b&gt;18°10.044'N 64°59.601'W&lt;br/&gt;Time of GPS Position: 2024-11-18 11:52:19&lt;br/&gt;Connect time: 2024-11-18 11:53:32&lt;br/&gt;Mission: 200_n.mi&lt;br/&gt;Segment: 0065.0128&lt;br/&gt;Reason: nothing commanded&lt;br/&gt;&lt;/b&gt;</description>
                <styleUrl>#WarningSurfacings</styleUrl>
                <Point>
                    <coordinates>-64.99334999999999,18.1674</coordinates>
                </Point>
            </Placemark>
            <Placemark>
                <name>uvi_02 Surfacing</name>
                <visibility>1</visibility>
                <description>&lt;b&gt;18°09.971'N 64°58.623'W&lt;br/&gt;Time of GPS Position: 2024-11-18 13:43:38&lt;br/&gt;Connect time: 2024-11-18 13:44:37&lt;br/&gt;Mission: 200_n.mi&lt;br/&gt;Segment: 0065.0130&lt;br/&gt;Reason: nothing commanded&lt;br/&gt;&lt;/b&gt;</description>
                <styleUrl>#WarningSurfacings</styleUrl>
                <Point>
                    <coordinates>-64.97704999999999,18.166183333333333</coordinates>
                </Point>
            </Placemark>
            <Placemark>
                <name>uvi_02 Surfacing</name>
                <visibility>1</visibility>
                <description>&lt;b&gt;18°09.825'N 64°57.773'W&lt;br/&gt;Time of GPS Position: 2024-11-18 15:38:34&lt;br/&gt;Connect time: 2024-11-18 15:39:44&lt;br/&gt;Mission: 200_n.mi&lt;br/&gt;Segment: 0065.0132&lt;br/&gt;Reason: nothing commanded&lt;br/&gt;&lt;/b&gt;</description>
                <styleUrl>#WarningSurfacings</styleUrl>
                <Point>
                    <coordinates>-64.96288333333334,18.16375</coordinates>
                </Point>
            </Placemark>
            <Placemark>
                <name>uvi_02 Surfacing</name>
                <visibility>1</visibility>
                <description>&lt;b&gt;18°09.952'N 64°57.783'W&lt;br/&gt;Time of GPS Position: 2024-11-18 16:27:00&lt;br/&gt;Connect time: 2024-11-18 16:27:59&lt;br/&gt;Mission: 200_n.mi&lt;br/&gt;Segment: 0065.0134&lt;br/&gt;Reason: nothing commanded&lt;br/&gt;&lt;/b&gt;</description>
                <styleUrl>#WarningSurfacings</styleUrl>
                <Point>
                    <coordinates>-64.96305000000001,18.165866666666666</coordinates>
                </Point>
            </Placemark>
            <Placemark>
                <name>uvi_02 Surfacing</name>
                <visibility>1</visibility>
                <description>&lt;b&gt;18°09.927'N 64°57.887'W&lt;br/&gt;Time of GPS Position: 2024-11-18 16:42:14&lt;br/&gt;Connect time: 2024-11-18 16:43:21&lt;br/&gt;Mission: 200_n.mi&lt;br/&gt;Segment: 0065.0137&lt;br/&gt;Reason: nothing commanded&lt;br/&gt;&lt;/b&gt;</description>
                <styleUrl>#WarningSurfacings</styleUrl>
                <Point>
                    <coordinates>-64.96478333333333,18.16545</coordinates>
                </Point>
            </Placemark>
            <Placemark>
                <name>uvi_02 Surfacing</name>
                <visibility>1</visibility>
                <description>&lt;b&gt;18°09.901'N 64°58.081'W&lt;br/&gt;Time of GPS Position: 2024-11-18 18:21:34&lt;br/&gt;Connect time: 2024-11-18 18:22:39&lt;br/&gt;Mission: 200_n.mi&lt;br/&gt;Segment: 0065.0142&lt;br/&gt;Reason: nothing commanded&lt;br/&gt;&lt;/b&gt;</description>
                <styleUrl>#WarningSurfacings</styleUrl>
                <Point>
                    <coordinates>-64.96801666666667,18.165016666666666</coordinates>
                </Point>
            </Placemark>
            <Placemark>
                <name>uvi_02 Surfacing</name>
                <visibility>1</visibility>
                <description>&lt;b&gt;18°10.013'N 64°58.066'W&lt;br/&gt;Time of GPS Position: 2024-11-18 19:03:38&lt;br/&gt;Connect time: 2024-11-18 19:05:02&lt;br/&gt;Mission: 200_n.mi&lt;br/&gt;Segment: 0065.0144&lt;br/&gt;Reason: nothing commanded&lt;br/&gt;&lt;/b&gt;</description>
                <styleUrl>#WarningSurfacings</styleUrl>
                <Point>
                    <coordinates>-64.96776666666666,18.16688333333333</coordinates>
                </Point>
            </Placemark>
            <Placemark>
                <name>uvi_02 Surfacing</name>
                <visibility>1</visibility>
                <description>&lt;b&gt;18°10.117'N 64°57.993'W&lt;br/&gt;Time of GPS Position: 2024-11-18 19:45:50&lt;br/&gt;Connect time: 2024-11-18 19:46:47&lt;br/&gt;Mission: 200_n.mi&lt;br/&gt;Segment: 0065.0145&lt;br/&gt;Reason: nothing commanded&lt;br/&gt;&lt;/b&gt;</description>
                <styleUrl>#WarningSurfacings</styleUrl>
                <Point>
                    <coordinates>-64.96655000000001,18.168616666666665</coordinates>
                </Point>
            </Placemark>
            <Placemark>
                <name>uvi_02 Surfacing</name>
                <visibility>1</visibility>
                <description>&lt;b&gt;18°10.215'N 64°57.937'W&lt;br/&gt;Time of GPS Position: 2024-11-18 20:33:39&lt;br/&gt;Connect time: 2024-11-18 20:34:38&lt;br/&gt;Mission: 200_n.mi&lt;br/&gt;Segment: 0065.0147&lt;br/&gt;Reason: nothing commanded&lt;br/&gt;&lt;/b&gt;</description>
                <styleUrl>#WarningSurfacings</styleUrl>
                <Point>
                    <coordinates>-64.96561666666666,18.17025</coordinates>
                </Point>
            </Placemark>
            <Placemark>
                <name>uvi_02 Surfacing</name>
                <visibility>1</visibility>
                <description>&lt;b&gt;18°10.314'N 64°57.831'W&lt;br/&gt;Time of GPS Position: 2024-11-18 21:19:24&lt;br/&gt;Connect time: 2024-11-18 21:20:27&lt;br/&gt;Mission: 200_n.mi&lt;br/&gt;Segment: 0065.0149&lt;br/&gt;Reason: nothing commanded&lt;br/&gt;&lt;/b&gt;</description>
                <styleUrl>#WarningSurfacings</styleUrl>
                <Point>
                    <coordinates>-64.96385000000001,18.1719</coordinates>
                </Point>
            </Placemark>
            <Placemark>
                <name>uvi_02 Surfacing</name>
                <visibility>1</visibility>
                <description>&lt;b&gt;18°10.439'N 64°57.701'W&lt;br/&gt;Time of GPS Position: 2024-11-18 22:04:09&lt;br/&gt;Connect time: 2024-11-18 22:05:07&lt;br/&gt;Mission: 200_n.mi&lt;br/&gt;Segment: 0065.0151&lt;br/&gt;Reason: nothing commanded&lt;br/&gt;&lt;/b&gt;</description>
                <styleUrl>#WarningSurfacings</styleUrl>
                <Point>
                    <coordinates>-64.96168333333334,18.173983333333336</coordinates>
                </Point>
            </Placemark>
            <Placemark>
                <name>uvi_02 Surfacing</name>
                <visibility>1</visibility>
                <description>&lt;b&gt;18°10.563'N 64°57.537'W&lt;br/&gt;Time of GPS Position: 2024-11-18 22:46:10&lt;br/&gt;Connect time: 2024-11-18 22:49:09&lt;br/&gt;Mission: 200_n.mi&lt;br/&gt;Segment: 0065.0153&lt;br/&gt;Reason: nothing commanded&lt;br/&gt;&lt;/b&gt;</description>
                <styleUrl>#WarningSurfacings</styleUrl>
                <Point>
                    <coordinates>-64.95895,18.17605</coordinates>
                </Point>
            </Placemark>
            <Placemark>
                <name>uvi_02 Surfacing</name>
                <visibility>1</visibility>
                <description>&lt;b&gt;18°10.61'N 64°57.358'W&lt;br/&gt;Time of GPS Position: 2024-11-18 23:31:29&lt;br/&gt;Connect time: 2024-11-18 23:32:28&lt;br/&gt;Mission: 200_n.mi&lt;br/&gt;Segment: 0065.0155&lt;br/&gt;Reason: nothing commanded&lt;br/&gt;&lt;/b&gt;</description>
                <styleUrl>#WarningSurfacings</styleUrl>
                <Point>
                    <coordinates>-64.95596666666667,18.17683333333333</coordinates>
                </Point>
            </Placemark>
            <Placemark>
                <name>uvi_02 Surfacing</name>
                <visibility>1</visibility>
                <description>&lt;b&gt;18°10.572'N 64°57.234'W&lt;br/&gt;Time of GPS Position: 2024-11-19 00:13:59&lt;br/&gt;Connect time: 2024-11-19 00:14:57&lt;br/&gt;Mission: 200_n.mi&lt;br/&gt;Segment: 0065.0157&lt;br/&gt;Reason: nothing commanded&lt;br/&gt;&lt;/b&gt;</description>
                <styleUrl>#WarningSurfacings</styleUrl>
                <Point>
                    <coordinates>-64.9539,18.176199999999998</coordinates>
                </Point>
            </Placemark>
            <Placemark>
                <name>uvi_02 Surfacing</name>
                <visibility>1</visibility>
                <description>&lt;b&gt;18°10.372'N 64°57.243'W&lt;br/&gt;Time of GPS Position: 2024-11-19 00:59:23&lt;br/&gt;Connect time: 2024-11-19 01:00:21&lt;br/&gt;Mission: 200_n.mi&lt;br/&gt;Segment: 0065.0159&lt;br/&gt;Reason: nothing commanded&lt;br/&gt;&lt;/b&gt;</description>
                <styleUrl>#WarningSurfacings</styleUrl>
                <Point>
                    <coordinates>-64.95405000000001,18.172866666666668</coordinates>
                </Point>
            </Placemark>
            <Placemark>
                <name>uvi_02 Surfacing</name>
                <visibility>1</visibility>
                <description>&lt;b&gt;18°10.168'N 64°57.238'W&lt;br/&gt;Time of GPS Position: 2024-11-19 01:44:34&lt;br/&gt;Connect time: 2024-11-19 01:45:41&lt;br/&gt;Mission: 200_n.mi&lt;br/&gt;Segment: 0065.0161&lt;br/&gt;Reason: nothing commanded&lt;br/&gt;&lt;/b&gt;</description>
                <styleUrl>#WarningSurfacings</styleUrl>
                <Point>
                    <coordinates>-64.95396666666667,18.169466666666665</coordinates>
                </Point>
            </Placemark>
            <Placemark>
                <name>uvi_02 Surfacing</name>
                <visibility>1</visibility>
                <description>&lt;b&gt;18°09.93'N 64°57.245'W&lt;br/&gt;Time of GPS Position: 2024-11-19 02:28:05&lt;br/&gt;Connect time: 2024-11-19 02:29:03&lt;br/&gt;Mission: 200_n.mi&lt;br/&gt;Segment: 0065.0163&lt;br/&gt;Reason: nothing commanded&lt;br/&gt;&lt;/b&gt;</description>
                <styleUrl>#WarningSurfacings</styleUrl>
                <Point>
                    <coordinates>-64.95408333333333,18.1655</coordinates>
                </Point>
            </Placemark>
            <Placemark>
                <name>uvi_02 Surfacing</name>
                <visibility>1</visibility>
                <description>&lt;b&gt;18°09.68'N 64°57.205'W&lt;br/&gt;Time of GPS Position: 2024-11-19 03:13:54&lt;br/&gt;Connect time: 2024-11-19 03:14:50&lt;br/&gt;Mission: 200_n.mi&lt;br/&gt;Segment: 0065.0165&lt;br/&gt;Reason: nothing commanded&lt;br/&gt;&lt;/b&gt;</description>
                <styleUrl>#WarningSurfacings</styleUrl>
                <Point>
                    <coordinates>-64.95341666666667,18.161333333333335</coordinates>
                </Point>
            </Placemark>
            <Placemark>
                <name>uvi_02 Surfacing</name>
                <visibility>1</visibility>
                <description>&lt;b&gt;18°09.737'N 64°57.425'W&lt;br/&gt;Time of GPS Position: 2024-11-19 03:47:24&lt;br/&gt;Connect time: 2024-11-19 03:48:20&lt;br/&gt;Mission: 200_n.mi&lt;br/&gt;Segment: 0065.0167&lt;br/&gt;Reason: nothing commanded&lt;br/&gt;&lt;/b&gt;</description>
                <styleUrl>#WarningSurfacings</styleUrl>
                <Point>
                    <coordinates>-64.95708333333333,18.162283333333335</coordinates>
                </Point>
            </Placemark>
            <Placemark>
                <name>uvi_02 Surfacing</name>
                <visibility>1</visibility>
                <description>&lt;b&gt;18°09.831'N 64°57.59'W&lt;br/&gt;Time of GPS Position: 2024-11-19 04:17:54&lt;br/&gt;Connect time: 2024-11-19 04:18:52&lt;br/&gt;Mission: 200_n.mi&lt;br/&gt;Segment: 0065.0169&lt;br/&gt;Reason: nothing commanded&lt;br/&gt;&lt;/b&gt;</description>
                <styleUrl>#WarningSurfacings</styleUrl>
                <Point>
                    <coordinates>-64.95983333333334,18.16385</coordinates>
                </Point>
            </Placemark>
            <Placemark>
                <name>uvi_02 Surfacing</name>
                <visibility>1</visibility>
                <description>&lt;b&gt;18°09.921'N 64°57.726'W&lt;br/&gt;Time of GPS Position: 2024-11-19 04:48:08&lt;br/&gt;Connect time: 2024-11-19 04:49:04&lt;br/&gt;Mission: 200_n.mi&lt;br/&gt;Segment: 0065.0171&lt;br/&gt;Reason: nothing commanded&lt;br/&gt;&lt;/b&gt;</description>
                <styleUrl>#WarningSurfacings</styleUrl>
                <Point>
                    <coordinates>-64.96209999999999,18.16535</coordinates>
                </Point>
            </Placemark>
            <Placemark>
                <name>uvi_02 Surfacing</name>
                <visibility>1</visibility>
                <description>&lt;b&gt;18°10.009'N 64°57.841'W&lt;br/&gt;Time of GPS Position: 2024-11-19 05:18:44&lt;br/&gt;Connect time: 2024-11-19 05:19:40&lt;br/&gt;Mission: 200_n.mi&lt;br/&gt;Segment: 0065.0173&lt;br/&gt;Reason: nothing commanded&lt;br/&gt;&lt;/b&gt;</description>
                <styleUrl>#WarningSurfacings</styleUrl>
                <Point>
                    <coordinates>-64.96401666666667,18.166816666666666</coordinates>
                </Point>
            </Placemark>
            <Placemark>
                <name>uvi_02 Surfacing</name>
                <visibility>1</visibility>
                <description>&lt;b&gt;18°10.097'N 64°58.003'W&lt;br/&gt;Time of GPS Position: 2024-11-19 05:51:39&lt;br/&gt;Connect time: 2024-11-19 05:52:35&lt;br/&gt;Mission: 200_n.mi&lt;br/&gt;Segment: 0065.0175&lt;br/&gt;Reason: nothing commanded&lt;br/&gt;&lt;/b&gt;</description>
                <styleUrl>#WarningSurfacings</styleUrl>
                <Point>
                    <coordinates>-64.96671666666666,18.16828333333333</coordinates>
                </Point>
            </Placemark>
            <Placemark>
                <name>uvi_02 Surfacing</name>
                <visibility>1</visibility>
                <description>&lt;b&gt;18°10.123'N 64°58.101'W&lt;br/&gt;Time of GPS Position: 2024-11-19 06:12:34&lt;br/&gt;Connect time: 2024-11-19 06:13:28&lt;br/&gt;Mission: 200_n.mi&lt;br/&gt;Segment: 0065.0177&lt;br/&gt;Reason: nothing commanded&lt;br/&gt;&lt;/b&gt;</description>
                <styleUrl>#WarningSurfacings</styleUrl>
                <Point>
                    <coordinates>-64.96835,18.16871666666667</coordinates>
                </Point>
            </Placemark>
            <Placemark>
                <name>uvi_02 Surfacing</name>
                <visibility>1</visibility>
                <description>&lt;b&gt;18°10.097'N 64°58.152'W&lt;br/&gt;Time of GPS Position: 2024-11-19 06:21:39&lt;br/&gt;Connect time: 2024-11-19 06:22:35&lt;br/&gt;Mission: 200_n.mi&lt;br/&gt;Segment: 0065.0179&lt;br/&gt;Reason: nothing commanded&lt;br/&gt;&lt;/b&gt;</description>
                <styleUrl>#WarningSurfacings</styleUrl>
                <Point>
                    <coordinates>-64.9692,18.16828333333333</coordinates>
                </Point>
            </Placemark>
            <Placemark>
                <name>uvi_02 Surfacing</name>
                <visibility>1</visibility>
                <description>&lt;b&gt;18°10.08'N 64°58.206'W&lt;br/&gt;Time of GPS Position: 2024-11-19 06:30:19&lt;br/&gt;Connect time: 2024-11-19 06:31:16&lt;br/&gt;Mission: 200_n.mi&lt;br/&gt;Segment: 0065.0181&lt;br/&gt;Reason: nothing commanded&lt;br/&gt;&lt;/b&gt;</description>
                <styleUrl>#WarningSurfacings</styleUrl>
                <Point>
                    <coordinates>-64.9701,18.168</coordinates>
                </Point>
            </Placemark>
            <Placemark>
                <name>uvi_02 Surfacing</name>
                <visibility>1</visibility>
                <description>&lt;b&gt;18°10.059'N 64°58.245'W&lt;br/&gt;Time of GPS Position: 2024-11-19 06:42:14&lt;br/&gt;Connect time: 2024-11-19 06:43:09&lt;br/&gt;Mission: 200_n.mi&lt;br/&gt;Segment: 0065.0184&lt;br/&gt;Reason: nothing commanded&lt;br/&gt;&lt;/b&gt;</description>
                <styleUrl>#WarningSurfacings</styleUrl>
                <Point>
                    <coordinates>-64.97075,18.16765</coordinates>
                </Point>
            </Placemark>
            <Placemark>
                <name>uvi_02 Surfacing</name>
                <visibility>1</visibility>
                <description>&lt;b&gt;18°09.991'N 64°58.469'W&lt;br/&gt;Time of GPS Position: 2024-11-19 08:11:09&lt;br/&gt;Connect time: 2024-11-19 08:12:40&lt;br/&gt;Mission: 200_n.mi&lt;br/&gt;Segment: 0065.0193&lt;br/&gt;Reason: nothing commanded&lt;br/&gt;&lt;/b&gt;</description>
                <styleUrl>#WarningSurfacings</styleUrl>
                <Point>
                    <coordinates>-64.97448333333334,18.166516666666666</coordinates>
                </Point>
            </Placemark>
            <Placemark>
                <name>uvi_02 Surfacing</name>
                <visibility>1</visibility>
                <description>&lt;b&gt;18°10.077'N 64°58.444'W&lt;br/&gt;Time of GPS Position: 2024-11-19 08:47:44&lt;br/&gt;Connect time: 2024-11-19 08:48:39&lt;br/&gt;Mission: 200_n.mi&lt;br/&gt;Segment: 0065.0194&lt;br/&gt;Reason: nothing commanded&lt;br/&gt;&lt;/b&gt;</description>
                <styleUrl>#WarningSurfacings</styleUrl>
                <Point>
                    <coordinates>-64.97406666666667,18.16795</coordinates>
                </Point>
            </Placemark>
            <Placemark>
                <name>uvi_02 Surfacing</name>
                <visibility>1</visibility>
                <description>&lt;b&gt;18°10.189'N 64°58.369'W&lt;br/&gt;Time of GPS Position: 2024-11-19 09:19:54&lt;br/&gt;Connect time: 2024-11-19 09:20:51&lt;br/&gt;Mission: 200_n.mi&lt;br/&gt;Segment: 0065.0196&lt;br/&gt;Reason: nothing commanded&lt;br/&gt;&lt;/b&gt;</description>
                <styleUrl>#WarningSurfacings</styleUrl>
                <Point>
                    <coordinates>-64.97281666666666,18.16981666666667</coordinates>
                </Point>
            </Placemark>
            <Placemark>
                <name>uvi_02 Surfacing</name>
                <visibility>1</visibility>
                <description>&lt;b&gt;18°10.189'N 64°58.369'W&lt;br/&gt;Time of GPS Position: 2024-11-19 09:19:54&lt;br/&gt;Connect time: 2024-11-19 09:27:44&lt;br/&gt;Mission: 200_n.mi&lt;br/&gt;Segment: 0065.0197&lt;br/&gt;Reason: nothing commanded&lt;br/&gt;&lt;/b&gt;</description>
                <styleUrl>#WarningSurfacings</styleUrl>
                <Point>
                    <coordinates>-64.97281666666666,18.16981666666667</coordinates>
                </Point>
            </Placemark>
            <Placemark>
                <name>uvi_02 Surfacing</name>
                <visibility>1</visibility>
                <description>&lt;b&gt;18°10.329'N 64°58.284'W&lt;br/&gt;Time of GPS Position: 2024-11-19 09:53:49&lt;br/&gt;Connect time: 2024-11-19 09:54:48&lt;br/&gt;Mission: 200_n.mi&lt;br/&gt;Segment: 0065.0198&lt;br/&gt;Reason: nothing commanded&lt;br/&gt;&lt;/b&gt;</description>
                <styleUrl>#WarningSurfacings</styleUrl>
                <Point>
                    <coordinates>-64.97139999999999,18.17215</coordinates>
                </Point>
            </Placemark>
            <Placemark>
                <name>uvi_02 Surfacing</name>
                <visibility>1</visibility>
                <description>&lt;b&gt;18°10.449'N 64°58.292'W&lt;br/&gt;Time of GPS Position: 2024-11-19 10:25:19&lt;br/&gt;Connect time: 2024-11-19 10:26:22&lt;br/&gt;Mission: 200_n.mi&lt;br/&gt;Segment: 0065.0200&lt;br/&gt;Reason: nothing commanded&lt;br/&gt;&lt;/b&gt;</description>
                <styleUrl>#WarningSurfacings</styleUrl>
                <Point>
                    <coordinates>-64.97153333333334,18.17415</coordinates>
                </Point>
            </Placemark>
            <Placemark>
                <name>uvi_02 Surfacing</name>
                <visibility>1</visibility>
                <description>&lt;b&gt;18°10.49'N 64°58.468'W&lt;br/&gt;Time of GPS Position: 2024-11-19 10:56:29&lt;br/&gt;Connect time: 2024-11-19 10:57:27&lt;br/&gt;Mission: 200_n.mi&lt;br/&gt;Segment: 0065.0202&lt;br/&gt;Reason: nothing commanded&lt;br/&gt;&lt;/b&gt;</description>
                <styleUrl>#WarningSurfacings</styleUrl>
                <Point>
                    <coordinates>-64.97446666666666,18.174833333333332</coordinates>
                </Point>
            </Placemark>
            <Placemark>
                <name>uvi_02 Surfacing</name>
                <visibility>1</visibility>
                <description>&lt;b&gt;18°10.527'N 64°58.659'W&lt;br/&gt;Time of GPS Position: 2024-11-19 11:27:05&lt;br/&gt;Connect time: 2024-11-19 11:28:00&lt;br/&gt;Mission: 200_n.mi&lt;br/&gt;Segment: 0065.0204&lt;br/&gt;Reason: nothing commanded&lt;br/&gt;&lt;/b&gt;</description>
                <styleUrl>#WarningSurfacings</styleUrl>
                <Point>
                    <coordinates>-64.97765,18.17545</coordinates>
                </Point>
            </Placemark>
            <Placemark>
                <name>uvi_02 Surfacing</name>
                <visibility>1</visibility>
                <description>&lt;b&gt;18°10.562'N 64°58.853'W&lt;br/&gt;Time of GPS Position: 2024-11-19 11:57:35&lt;br/&gt;Connect time: 2024-11-19 11:58:31&lt;br/&gt;Mission: 200_n.mi&lt;br/&gt;Segment: 0065.0206&lt;br/&gt;Reason: nothing commanded&lt;br/&gt;&lt;/b&gt;</description>
                <styleUrl>#WarningSurfacings</styleUrl>
                <Point>
                    <coordinates>-64.98088333333334,18.176033333333333</coordinates>
                </Point>
            </Placemark>
            <Placemark>
                <name>uvi_02 Surfacing</name>
                <visibility>1</visibility>
                <description>&lt;b&gt;18°10.614'N 64°58.656'W&lt;br/&gt;Time of GPS Position: 2024-11-19 12:25:58&lt;br/&gt;Connect time: 2024-11-19 12:27:01&lt;br/&gt;Mission: 200_n.mi&lt;br/&gt;Segment: 0065.0208&lt;br/&gt;Reason: nothing commanded&lt;br/&gt;&lt;/b&gt;</description>
                <styleUrl>#WarningSurfacings</styleUrl>
                <Point>
                    <coordinates>-64.9776,18.1769</coordinates>
                </Point>
            </Placemark>
            <Placemark>
                <name>uvi_02 Surfacing</name>
                <visibility>1</visibility>
                <description>&lt;b&gt;18°20.406'N 64°58.586'W&lt;br/&gt;Time of GPS Position: 2024-11-19 14:52:08&lt;br/&gt;Connect time: 2024-11-19 14:53:53&lt;br/&gt;Mission: initial.mi&lt;br/&gt;Segment: 0066.0000&lt;br/&gt;Reason: Hit a waypoint&lt;br/&gt;&lt;/b&gt;</description>
                <styleUrl>#HitWaypointSurfacings</styleUrl>
                <Point>
                    <coordinates>-64.97643333333333,18.3401</coordinates>
                </Point>
            </Placemark>
        </Folder>
        <Folder>
            <name>Surface Movements</name>
            <Placemark>
                <name>uvi_02 Surface Movement</name>
                <visibility>1</visibility>
                <description>&lt;b&gt;18°18.907'N 64°57.916'W&lt;br/&gt;Time of GPS Position: 2024-11-05 12:26:28&lt;br/&gt;&lt;/b&gt;</description>
                <styleUrl>#SurfaceMovements</styleUrl>
                <Point>
                    <coordinates>-64.96526666666666,18.315116666666665</coordinates>
                </Point>
            </Placemark>
            <Placemark>
                <name>uvi_02 Surface Movement</name>
                <visibility>1</visibility>
                <description>&lt;b&gt;18°17.377'N 64°57.804'W&lt;br/&gt;Time of GPS Position: 2024-11-05 12:31:23&lt;br/&gt;&lt;/b&gt;</description>
                <styleUrl>#SurfaceMovements</styleUrl>
                <Point>
                    <coordinates>-64.96340000000001,18.289616666666667</coordinates>
                </Point>
            </Placemark>
            <Placemark>
                <name>uvi_02 Surface Movement</name>
                <visibility>1</visibility>
                <description>&lt;b&gt;18°17.377'N 64°57.804'W&lt;br/&gt;Time of GPS Position: 2024-11-05 12:31:23&lt;br/&gt;&lt;/b&gt;</description>
                <styleUrl>#SurfaceMovements</styleUrl>
                <Point>
                    <coordinates>-64.96340000000001,18.289616666666667</coordinates>
                </Point>
            </Placemark>
            <Placemark>
                <name>uvi_02 Surface Movement</name>
                <visibility>1</visibility>
                <description>&lt;b&gt;18°17.377'N 64°57.804'W&lt;br/&gt;Time of GPS Position: 2024-11-05 12:31:24&lt;br/&gt;&lt;/b&gt;</description>
                <styleUrl>#SurfaceMovements</styleUrl>
                <Point>
                    <coordinates>-64.96340000000001,18.289616666666667</coordinates>
                </Point>
            </Placemark>
            <Placemark>
                <name>uvi_02 Surface Movement</name>
                <visibility>1</visibility>
                <description>&lt;b&gt;18°17.377'N 64°57.804'W&lt;br/&gt;Time of GPS Position: 2024-11-05 12:31:24&lt;br/&gt;&lt;/b&gt;</description>
                <styleUrl>#SurfaceMovements</styleUrl>
                <Point>
                    <coordinates>-64.96340000000001,18.289616666666667</coordinates>
                </Point>
            </Placemark>
            <Placemark>
                <name>uvi_02 Surface Movement</name>
                <visibility>1</visibility>
                <description>&lt;b&gt;18°10.705'N 64°58.474'W&lt;br/&gt;Time of GPS Position: 2024-11-05 12:55:33&lt;br/&gt;&lt;/b&gt;</description>
                <styleUrl>#SurfaceMovements</styleUrl>
                <Point>
                    <coordinates>-64.97456666666668,18.178416666666667</coordinates>
                </Point>
            </Placemark>
            <Placemark>
                <name>uvi_02 Surface Movement</name>
                <visibility>1</visibility>
                <description>&lt;b&gt;18°10.705'N 64°58.474'W&lt;br/&gt;Time of GPS Position: 2024-11-05 12:55:33&lt;br/&gt;&lt;/b&gt;</description>
                <styleUrl>#SurfaceMovements</styleUrl>
                <Point>
                    <coordinates>-64.97456666666668,18.178416666666667</coordinates>
                </Point>
            </Placemark>
            <Placemark>
                <name>uvi_02 Surface Movement</name>
                <visibility>1</visibility>
                <description>&lt;b&gt;18°10.705'N 64°58.474'W&lt;br/&gt;Time of GPS Position: 2024-11-05 12:55:34&lt;br/&gt;&lt;/b&gt;</description>
                <styleUrl>#SurfaceMovements</styleUrl>
                <Point>
                    <coordinates>-64.97456666666668,18.178416666666667</coordinates>
                </Point>
            </Placemark>
            <Placemark>
                <name>uvi_02 Surface Movement</name>
                <visibility>1</visibility>
                <description>&lt;b&gt;18°10.743'N 64°58.617'W&lt;br/&gt;Time of GPS Position: 2024-11-05 13:10:04&lt;br/&gt;&lt;/b&gt;</description>
                <styleUrl>#SurfaceMovements</styleUrl>
                <Point>
                    <coordinates>-64.97695,18.17905</coordinates>
                </Point>
            </Placemark>
            <Placemark>
                <name>uvi_02 Surface Movement</name>
                <visibility>1</visibility>
                <description>&lt;b&gt;18°10.785'N 64°58.687'W&lt;br/&gt;Time of GPS Position: 2024-11-05 13:23:26&lt;br/&gt;&lt;/b&gt;</description>
                <styleUrl>#SurfaceMovements</styleUrl>
                <Point>
                    <coordinates>-64.97811666666666,18.179750000000002</coordinates>
                </Point>
            </Placemark>
            <Placemark>
                <name>uvi_02 Surface Movement</name>
                <visibility>1</visibility>
                <description>&lt;b&gt;18°10.785'N 64°58.687'W&lt;br/&gt;Time of GPS Position: 2024-11-05 13:23:26&lt;br/&gt;&lt;/b&gt;</description>
                <styleUrl>#SurfaceMovements</styleUrl>
                <Point>
                    <coordinates>-64.97811666666666,18.179750000000002</coordinates>
                </Point>
            </Placemark>
            <Placemark>
                <name>uvi_02 Surface Movement</name>
                <visibility>1</visibility>
                <description>&lt;b&gt;18°10.801'N 64°58.927'W&lt;br/&gt;Time of GPS Position: 2024-11-05 14:01:30&lt;br/&gt;&lt;/b&gt;</description>
                <styleUrl>#SurfaceMovements</styleUrl>
                <Point>
                    <coordinates>-64.98211666666666,18.180016666666667</coordinates>
                </Point>
            </Placemark>
            <Placemark>
                <name>uvi_02 Surface Movement</name>
                <visibility>1</visibility>
                <description>&lt;b&gt;18°10.801'N 64°58.927'W&lt;br/&gt;Time of GPS Position: 2024-11-05 14:01:31&lt;br/&gt;&lt;/b&gt;</description>
                <styleUrl>#SurfaceMovements</styleUrl>
                <Point>
                    <coordinates>-64.98211666666666,18.180016666666667</coordinates>
                </Point>
            </Placemark>
            <Placemark>
                <name>uvi_02 Surface Movement</name>
                <visibility>1</visibility>
                <description>&lt;b&gt;18°10.744'N 64°59.113'W&lt;br/&gt;Time of GPS Position: 2024-11-05 14:38:45&lt;br/&gt;&lt;/b&gt;</description>
                <styleUrl>#SurfaceMovements</styleUrl>
                <Point>
                    <coordinates>-64.98521666666667,18.179066666666664</coordinates>
                </Point>
            </Placemark>
            <Placemark>
                <name>uvi_02 Surface Movement</name>
                <visibility>1</visibility>
                <description>&lt;b&gt;18°10.383'N 64°59.341'W&lt;br/&gt;Time of GPS Position: 2024-11-05 16:20:43&lt;br/&gt;&lt;/b&gt;</description>
                <styleUrl>#SurfaceMovements</styleUrl>
                <Point>
                    <coordinates>-64.98901666666667,18.17305</coordinates>
                </Point>
            </Placemark>
            <Placemark>
                <name>uvi_02 Surface Movement</name>
                <visibility>1</visibility>
                <description>&lt;b&gt;18°10.383'N 64°59.341'W&lt;br/&gt;Time of GPS Position: 2024-11-05 16:20:43&lt;br/&gt;&lt;/b&gt;</description>
                <styleUrl>#SurfaceMovements</styleUrl>
                <Point>
                    <coordinates>-64.98901666666667,18.17305</coordinates>
                </Point>
            </Placemark>
            <Placemark>
                <name>uvi_02 Surface Movement</name>
                <visibility>1</visibility>
                <description>&lt;b&gt;18°10.383'N 64°59.341'W&lt;br/&gt;Time of GPS Position: 2024-11-05 16:20:43&lt;br/&gt;&lt;/b&gt;</description>
                <styleUrl>#SurfaceMovements</styleUrl>
                <Point>
                    <coordinates>-64.98901666666667,18.17305</coordinates>
                </Point>
            </Placemark>
            <Placemark>
                <name>uvi_02 Surface Movement</name>
                <visibility>1</visibility>
                <description>&lt;b&gt;18°10.073'N 64°59.478'W&lt;br/&gt;Time of GPS Position: 2024-11-05 17:04:04&lt;br/&gt;&lt;/b&gt;</description>
                <styleUrl>#SurfaceMovements</styleUrl>
                <Point>
                    <coordinates>-64.9913,18.167883333333336</coordinates>
                </Point>
            </Placemark>
            <Placemark>
                <name>uvi_02 Surface Movement</name>
                <visibility>1</visibility>
                <description>&lt;b&gt;18°10.073'N 64°59.478'W&lt;br/&gt;Time of GPS Position: 2024-11-05 17:04:05&lt;br/&gt;&lt;/b&gt;</description>
                <styleUrl>#SurfaceMovements</styleUrl>
                <Point>
                    <coordinates>-64.9913,18.167883333333336</coordinates>
                </Point>
            </Placemark>
            <Placemark>
                <name>uvi_02 Surface Movement</name>
                <visibility>1</visibility>
                <description>&lt;b&gt;18°10.073'N 64°59.478'W&lt;br/&gt;Time of GPS Position: 2024-11-05 17:04:05&lt;br/&gt;&lt;/b&gt;</description>
                <styleUrl>#SurfaceMovements</styleUrl>
                <Point>
                    <coordinates>-64.9913,18.167883333333336</coordinates>
                </Point>
            </Placemark>
            <Placemark>
                <name>uvi_02 Surface Movement</name>
                <visibility>1</visibility>
                <description>&lt;b&gt;18°09.198'N 64°59.817'W&lt;br/&gt;Time of GPS Position: 2024-11-05 18:59:14&lt;br/&gt;&lt;/b&gt;</description>
                <styleUrl>#SurfaceMovements</styleUrl>
                <Point>
                    <coordinates>-64.99695,18.1533</coordinates>
                </Point>
            </Placemark>
            <Placemark>
                <name>uvi_02 Surface Movement</name>
                <visibility>1</visibility>
                <description>&lt;b&gt;18°09.112'N 64°59.282'W&lt;br/&gt;Time of GPS Position: 2024-11-05 20:49:35&lt;br/&gt;&lt;/b&gt;</description>
                <styleUrl>#SurfaceMovements</styleUrl>
                <Point>
                    <coordinates>-64.98803333333333,18.151866666666667</coordinates>
                </Point>
            </Placemark>
            <Placemark>
                <name>uvi_02 Surface Movement</name>
                <visibility>1</visibility>
                <description>&lt;b&gt;18°09.112'N 64°59.282'W&lt;br/&gt;Time of GPS Position: 2024-11-05 20:49:35&lt;br/&gt;&lt;/b&gt;</description>
                <styleUrl>#SurfaceMovements</styleUrl>
                <Point>
                    <coordinates>-64.98803333333333,18.151866666666667</coordinates>
                </Point>
            </Placemark>
            <Placemark>
                <name>uvi_02 Surface Movement</name>
                <visibility>1</visibility>
                <description>&lt;b&gt;18°09.137'N 64°58.824'W&lt;br/&gt;Time of GPS Position: 2024-11-05 22:44:34&lt;br/&gt;&lt;/b&gt;</description>
                <styleUrl>#SurfaceMovements</styleUrl>
                <Point>
                    <coordinates>-64.98039999999999,18.152283333333333</coordinates>
                </Point>
            </Placemark>
            <Placemark>
                <name>uvi_02 Surface Movement</name>
                <visibility>1</visibility>
                <description>&lt;b&gt;18°09.137'N 64°58.824'W&lt;br/&gt;Time of GPS Position: 2024-11-05 22:44:34&lt;br/&gt;&lt;/b&gt;</description>
                <styleUrl>#SurfaceMovements</styleUrl>
                <Point>
                    <coordinates>-64.98039999999999,18.152283333333333</coordinates>
                </Point>
            </Placemark>
            <Placemark>
                <name>uvi_02 Surface Movement</name>
                <visibility>1</visibility>
                <description>&lt;b&gt;18°09.198'N 64°58.359'W&lt;br/&gt;Time of GPS Position: 2024-11-06 00:37:29&lt;br/&gt;&lt;/b&gt;</description>
                <styleUrl>#SurfaceMovements</styleUrl>
                <Point>
                    <coordinates>-64.97265,18.1533</coordinates>
                </Point>
            </Placemark>
            <Placemark>
                <name>uvi_02 Surface Movement</name>
                <visibility>1</visibility>
                <description>&lt;b&gt;18°09.198'N 64°58.359'W&lt;br/&gt;Time of GPS Position: 2024-11-06 00:37:29&lt;br/&gt;&lt;/b&gt;</description>
                <styleUrl>#SurfaceMovements</styleUrl>
                <Point>
                    <coordinates>-64.97265,18.1533</coordinates>
                </Point>
            </Placemark>
            <Placemark>
                <name>uvi_02 Surface Movement</name>
                <visibility>1</visibility>
                <description>&lt;b&gt;18°09.263'N 64°57.864'W&lt;br/&gt;Time of GPS Position: 2024-11-06 02:31:34&lt;br/&gt;&lt;/b&gt;</description>
                <styleUrl>#SurfaceMovements</styleUrl>
                <Point>
                    <coordinates>-64.9644,18.15438333333333</coordinates>
                </Point>
            </Placemark>
            <Placemark>
                <name>uvi_02 Surface Movement</name>
                <visibility>1</visibility>
                <description>&lt;b&gt;18°09.201'N 64°57.456'W&lt;br/&gt;Time of GPS Position: 2024-11-06 04:33:44&lt;br/&gt;&lt;/b&gt;</description>
                <styleUrl>#SurfaceMovements</styleUrl>
                <Point>
                    <coordinates>-64.9576,18.15335</coordinates>
                </Point>
            </Placemark>
            <Placemark>
                <name>uvi_02 Surface Movement</name>
                <visibility>1</visibility>
                <description>&lt;b&gt;18°09.009'N 64°56.931'W&lt;br/&gt;Time of GPS Position: 2024-11-06 06:25:48&lt;br/&gt;&lt;/b&gt;</description>
                <styleUrl>#SurfaceMovements</styleUrl>
                <Point>
                    <coordinates>-64.94885,18.15015</coordinates>
                </Point>
            </Placemark>
            <Placemark>
                <name>uvi_02 Surface Movement</name>
                <visibility>1</visibility>
                <description>&lt;b&gt;18°09.009'N 64°56.931'W&lt;br/&gt;Time of GPS Position: 2024-11-06 06:25:48&lt;br/&gt;&lt;/b&gt;</description>
                <styleUrl>#SurfaceMovements</styleUrl>
                <Point>
                    <coordinates>-64.94885,18.15015</coordinates>
                </Point>
            </Placemark>
            <Placemark>
                <name>uvi_02 Surface Movement</name>
                <visibility>1</visibility>
                <description>&lt;b&gt;18°08.813'N 64°56.653'W&lt;br/&gt;Time of GPS Position: 2024-11-06 08:22:59&lt;br/&gt;&lt;/b&gt;</description>
                <styleUrl>#SurfaceMovements</styleUrl>
                <Point>
                    <coordinates>-64.94421666666668,18.146883333333335</coordinates>
                </Point>
            </Placemark>
            <Placemark>
                <name>uvi_02 Surface Movement</name>
                <visibility>1</visibility>
                <description>&lt;b&gt;18°08.851'N 64°56.398'W&lt;br/&gt;Time of GPS Position: 2024-11-06 10:09:30&lt;br/&gt;&lt;/b&gt;</description>
                <styleUrl>#SurfaceMovements</styleUrl>
                <Point>
                    <coordinates>-64.93996666666666,18.147516666666668</coordinates>
                </Point>
            </Placemark>
            <Placemark>
                <name>uvi_02 Surface Movement</name>
                <visibility>1</visibility>
                <description>&lt;b&gt;18°08.851'N 64°56.398'W&lt;br/&gt;Time of GPS Position: 2024-11-06 10:09:30&lt;br/&gt;&lt;/b&gt;</description>
                <styleUrl>#SurfaceMovements</styleUrl>
                <Point>
                    <coordinates>-64.93996666666666,18.147516666666668</coordinates>
                </Point>
            </Placemark>
            <Placemark>
                <name>uvi_02 Surface Movement</name>
                <visibility>1</visibility>
                <description>&lt;b&gt;18°08.978'N 64°56.119'W&lt;br/&gt;Time of GPS Position: 2024-11-06 11:57:34&lt;br/&gt;&lt;/b&gt;</description>
                <styleUrl>#SurfaceMovements</styleUrl>
                <Point>
                    <coordinates>-64.93531666666667,18.149633333333334</coordinates>
                </Point>
            </Placemark>
            <Placemark>
                <name>uvi_02 Surface Movement</name>
                <visibility>1</visibility>
                <description>&lt;b&gt;18°08.978'N 64°56.119'W&lt;br/&gt;Time of GPS Position: 2024-11-06 11:57:34&lt;br/&gt;&lt;/b&gt;</description>
                <styleUrl>#SurfaceMovements</styleUrl>
                <Point>
                    <coordinates>-64.93531666666667,18.149633333333334</coordinates>
                </Point>
            </Placemark>
            <Placemark>
                <name>uvi_02 Surface Movement</name>
                <visibility>1</visibility>
                <description>&lt;b&gt;18°08.999'N 64°55.876'W&lt;br/&gt;Time of GPS Position: 2024-11-06 13:58:59&lt;br/&gt;&lt;/b&gt;</description>
                <styleUrl>#SurfaceMovements</styleUrl>
                <Point>
                    <coordinates>-64.93126666666667,18.149983333333335</coordinates>
                </Point>
            </Placemark>
            <Placemark>
                <name>uvi_02 Surface Movement</name>
                <visibility>1</visibility>
                <description>&lt;b&gt;18°09.06'N 64°55.587'W&lt;br/&gt;Time of GPS Position: 2024-11-06 15:56:44&lt;br/&gt;&lt;/b&gt;</description>
                <styleUrl>#SurfaceMovements</styleUrl>
                <Point>
                    <coordinates>-64.92645,18.151</coordinates>
                </Point>
            </Placemark>
            <Placemark>
                <name>uvi_02 Surface Movement</name>
                <visibility>1</visibility>
                <description>&lt;b&gt;18°09.06'N 64°55.587'W&lt;br/&gt;Time of GPS Position: 2024-11-06 15:56:44&lt;br/&gt;&lt;/b&gt;</description>
                <styleUrl>#SurfaceMovements</styleUrl>
                <Point>
                    <coordinates>-64.92645,18.151</coordinates>
                </Point>
            </Placemark>
            <Placemark>
                <name>uvi_02 Surface Movement</name>
                <visibility>1</visibility>
                <description>&lt;b&gt;18°08.995'N 64°55.352'W&lt;br/&gt;Time of GPS Position: 2024-11-06 17:53:34&lt;br/&gt;&lt;/b&gt;</description>
                <styleUrl>#SurfaceMovements</styleUrl>
                <Point>
                    <coordinates>-64.92253333333333,18.149916666666666</coordinates>
                </Point>
            </Placemark>
            <Placemark>
                <name>uvi_02 Surface Movement</name>
                <visibility>1</visibility>
                <description>&lt;b&gt;18°08.854'N 64°55.314'W&lt;br/&gt;Time of GPS Position: 2024-11-06 20:04:19&lt;br/&gt;&lt;/b&gt;</description>
                <styleUrl>#SurfaceMovements</styleUrl>
                <Point>
                    <coordinates>-64.92190000000001,18.147566666666666</coordinates>
                </Point>
            </Placemark>
            <Placemark>
                <name>uvi_02 Surface Movement</name>
                <visibility>1</visibility>
                <description>&lt;b&gt;18°08.854'N 64°55.314'W&lt;br/&gt;Time of GPS Position: 2024-11-06 20:04:19&lt;br/&gt;&lt;/b&gt;</description>
                <styleUrl>#SurfaceMovements</styleUrl>
                <Point>
                    <coordinates>-64.92190000000001,18.147566666666666</coordinates>
                </Point>
            </Placemark>
            <Placemark>
                <name>uvi_02 Surface Movement</name>
                <visibility>1</visibility>
                <description>&lt;b&gt;18°08.874'N 64°55.095'W&lt;br/&gt;Time of GPS Position: 2024-11-06 22:01:29&lt;br/&gt;&lt;/b&gt;</description>
                <styleUrl>#SurfaceMovements</styleUrl>
                <Point>
                    <coordinates>-64.91825,18.1479</coordinates>
                </Point>
            </Placemark>
            <Placemark>
                <name>uvi_02 Surface Movement</name>
                <visibility>1</visibility>
                <description>&lt;b&gt;18°08.874'N 64°55.095'W&lt;br/&gt;Time of GPS Position: 2024-11-06 22:01:29&lt;br/&gt;&lt;/b&gt;</description>
                <styleUrl>#SurfaceMovements</styleUrl>
                <Point>
                    <coordinates>-64.91825,18.1479</coordinates>
                </Point>
            </Placemark>
            <Placemark>
                <name>uvi_02 Surface Movement</name>
                <visibility>1</visibility>
                <description>&lt;b&gt;18°08.929'N 64°54.706'W&lt;br/&gt;Time of GPS Position: 2024-11-06 23:54:59&lt;br/&gt;&lt;/b&gt;</description>
                <styleUrl>#SurfaceMovements</styleUrl>
                <Point>
                    <coordinates>-64.91176666666667,18.14881666666667</coordinates>
                </Point>
            </Placemark>
            <Placemark>
                <name>uvi_02 Surface Movement</name>
                <visibility>1</visibility>
                <description>&lt;b&gt;18°08.929'N 64°54.706'W&lt;br/&gt;Time of GPS Position: 2024-11-06 23:55:00&lt;br/&gt;&lt;/b&gt;</description>
                <styleUrl>#SurfaceMovements</styleUrl>
                <Point>
                    <coordinates>-64.91176666666667,18.14881666666667</coordinates>
                </Point>
            </Placemark>
            <Placemark>
                <name>uvi_02 Surface Movement</name>
                <visibility>1</visibility>
                <description>&lt;b&gt;18°08.972'N 64°54.182'W&lt;br/&gt;Time of GPS Position: 2024-11-07 01:43:29&lt;br/&gt;&lt;/b&gt;</description>
                <styleUrl>#SurfaceMovements</styleUrl>
                <Point>
                    <coordinates>-64.90303333333333,18.149533333333334</coordinates>
                </Point>
            </Placemark>
            <Placemark>
                <name>uvi_02 Surface Movement</name>
                <visibility>1</visibility>
                <description>&lt;b&gt;18°08.972'N 64°54.182'W&lt;br/&gt;Time of GPS Position: 2024-11-07 01:43:30&lt;br/&gt;&lt;/b&gt;</description>
                <styleUrl>#SurfaceMovements</styleUrl>
                <Point>
                    <coordinates>-64.90303333333333,18.149533333333334</coordinates>
                </Point>
            </Placemark>
            <Placemark>
                <name>uvi_02 Surface Movement</name>
                <visibility>1</visibility>
                <description>&lt;b&gt;18°09.167'N 64°53.56'W&lt;br/&gt;Time of GPS Position: 2024-11-07 03:33:54&lt;br/&gt;&lt;/b&gt;</description>
                <styleUrl>#SurfaceMovements</styleUrl>
                <Point>
                    <coordinates>-64.89266666666667,18.152783333333332</coordinates>
                </Point>
            </Placemark>
            <Placemark>
                <name>uvi_02 Surface Movement</name>
                <visibility>1</visibility>
                <description>&lt;b&gt;18°09.192'N 64°52.953'W&lt;br/&gt;Time of GPS Position: 2024-11-07 05:26:54&lt;br/&gt;&lt;/b&gt;</description>
                <styleUrl>#SurfaceMovements</styleUrl>
                <Point>
                    <coordinates>-64.88255000000001,18.153200000000002</coordinates>
                </Point>
            </Placemark>
            <Placemark>
                <name>uvi_02 Surface Movement</name>
                <visibility>1</visibility>
                <description>&lt;b&gt;18°09.192'N 64°52.953'W&lt;br/&gt;Time of GPS Position: 2024-11-07 05:26:55&lt;br/&gt;&lt;/b&gt;</description>
                <styleUrl>#SurfaceMovements</styleUrl>
                <Point>
                    <coordinates>-64.88255000000001,18.153200000000002</coordinates>
                </Point>
            </Placemark>
            <Placemark>
                <name>uvi_02 Surface Movement</name>
                <visibility>1</visibility>
                <description>&lt;b&gt;18°09.124'N 64°52.353'W&lt;br/&gt;Time of GPS Position: 2024-11-07 07:24:43&lt;br/&gt;&lt;/b&gt;</description>
                <styleUrl>#SurfaceMovements</styleUrl>
                <Point>
                    <coordinates>-64.87255,18.152066666666666</coordinates>
                </Point>
            </Placemark>
            <Placemark>
                <name>uvi_02 Surface Movement</name>
                <visibility>1</visibility>
                <description>&lt;b&gt;18°09.124'N 64°52.353'W&lt;br/&gt;Time of GPS Position: 2024-11-07 07:24:44&lt;br/&gt;&lt;/b&gt;</description>
                <styleUrl>#SurfaceMovements</styleUrl>
                <Point>
                    <coordinates>-64.87255,18.152066666666666</coordinates>
                </Point>
            </Placemark>
            <Placemark>
                <name>uvi_02 Surface Movement</name>
                <visibility>1</visibility>
                <description>&lt;b&gt;18°08.978'N 64°51.556'W&lt;br/&gt;Time of GPS Position: 2024-11-07 09:14:09&lt;br/&gt;&lt;/b&gt;</description>
                <styleUrl>#SurfaceMovements</styleUrl>
                <Point>
                    <coordinates>-64.85926666666666,18.149633333333334</coordinates>
                </Point>
            </Placemark>
            <Placemark>
                <name>uvi_02 Surface Movement</name>
                <visibility>1</visibility>
                <description>&lt;b&gt;18°08.978'N 64°51.556'W&lt;br/&gt;Time of GPS Position: 2024-11-07 09:14:09&lt;br/&gt;&lt;/b&gt;</description>
                <styleUrl>#SurfaceMovements</styleUrl>
                <Point>
                    <coordinates>-64.85926666666666,18.149633333333334</coordinates>
                </Point>
            </Placemark>
            <Placemark>
                <name>uvi_02 Surface Movement</name>
                <visibility>1</visibility>
                <description>&lt;b&gt;18°08.913'N 64°50.81'W&lt;br/&gt;Time of GPS Position: 2024-11-07 11:13:34&lt;br/&gt;&lt;/b&gt;</description>
                <styleUrl>#SurfaceMovements</styleUrl>
                <Point>
                    <coordinates>-64.84683333333334,18.14855</coordinates>
                </Point>
            </Placemark>
            <Placemark>
                <name>uvi_02 Surface Movement</name>
                <visibility>1</visibility>
                <description>&lt;b&gt;18°08.913'N 64°50.81'W&lt;br/&gt;Time of GPS Position: 2024-11-07 11:13:34&lt;br/&gt;&lt;/b&gt;</description>
                <styleUrl>#SurfaceMovements</styleUrl>
                <Point>
                    <coordinates>-64.84683333333334,18.14855</coordinates>
                </Point>
            </Placemark>
            <Placemark>
                <name>uvi_02 Surface Movement</name>
                <visibility>1</visibility>
                <description>&lt;b&gt;18°08.976'N 64°50.499'W&lt;br/&gt;Time of GPS Position: 2024-11-07 13:09:59&lt;br/&gt;&lt;/b&gt;</description>
                <styleUrl>#SurfaceMovements</styleUrl>
                <Point>
                    <coordinates>-64.84165,18.149600000000003</coordinates>
                </Point>
            </Placemark>
            <Placemark>
                <name>uvi_02 Surface Movement</name>
                <visibility>1</visibility>
                <description>&lt;b&gt;18°09.014'N 64°51.697'W&lt;br/&gt;Time of GPS Position: 2024-11-07 14:59:35&lt;br/&gt;&lt;/b&gt;</description>
                <styleUrl>#SurfaceMovements</styleUrl>
                <Point>
                    <coordinates>-64.86161666666666,18.150233333333333</coordinates>
                </Point>
            </Placemark>
            <Placemark>
                <name>uvi_02 Surface Movement</name>
                <visibility>1</visibility>
                <description>&lt;b&gt;18°09.006'N 64°52.918'W&lt;br/&gt;Time of GPS Position: 2024-11-07 16:52:15&lt;br/&gt;&lt;/b&gt;</description>
                <styleUrl>#SurfaceMovements</styleUrl>
                <Point>
                    <coordinates>-64.88196666666666,18.150100000000002</coordinates>
                </Point>
            </Placemark>
            <Placemark>
                <name>uvi_02 Surface Movement</name>
                <visibility>1</visibility>
                <description>&lt;b&gt;18°09.006'N 64°52.918'W&lt;br/&gt;Time of GPS Position: 2024-11-07 16:52:15&lt;br/&gt;&lt;/b&gt;</description>
                <styleUrl>#SurfaceMovements</styleUrl>
                <Point>
                    <coordinates>-64.88196666666666,18.150100000000002</coordinates>
                </Point>
            </Placemark>
            <Placemark>
                <name>uvi_02 Surface Movement</name>
                <visibility>1</visibility>
                <description>&lt;b&gt;18°08.964'N 64°54.263'W&lt;br/&gt;Time of GPS Position: 2024-11-07 18:52:28&lt;br/&gt;&lt;/b&gt;</description>
                <styleUrl>#SurfaceMovements</styleUrl>
                <Point>
                    <coordinates>-64.90438333333333,18.1494</coordinates>
                </Point>
            </Placemark>
            <Placemark>
                <name>uvi_02 Surface Movement</name>
                <visibility>1</visibility>
                <description>&lt;b&gt;18°08.964'N 64°54.263'W&lt;br/&gt;Time of GPS Position: 2024-11-07 18:52:29&lt;br/&gt;&lt;/b&gt;</description>
                <styleUrl>#SurfaceMovements</styleUrl>
                <Point>
                    <coordinates>-64.90438333333333,18.1494</coordinates>
                </Point>
            </Placemark>
            <Placemark>
                <name>uvi_02 Surface Movement</name>
                <visibility>1</visibility>
                <description>&lt;b&gt;18°08.979'N 64°55.637'W&lt;br/&gt;Time of GPS Position: 2024-11-07 20:52:43&lt;br/&gt;&lt;/b&gt;</description>
                <styleUrl>#SurfaceMovements</styleUrl>
                <Point>
                    <coordinates>-64.92728333333334,18.14965</coordinates>
                </Point>
            </Placemark>
            <Placemark>
                <name>uvi_02 Surface Movement</name>
                <visibility>1</visibility>
                <description>&lt;b&gt;18°09.041'N 64°56.869'W&lt;br/&gt;Time of GPS Position: 2024-11-07 22:45:44&lt;br/&gt;&lt;/b&gt;</description>
                <styleUrl>#SurfaceMovements</styleUrl>
                <Point>
                    <coordinates>-64.94781666666667,18.150683333333333</coordinates>
                </Point>
            </Placemark>
            <Placemark>
                <name>uvi_02 Surface Movement</name>
                <visibility>1</visibility>
                <description>&lt;b&gt;18°09.041'N 64°56.869'W&lt;br/&gt;Time of GPS Position: 2024-11-07 22:45:45&lt;br/&gt;&lt;/b&gt;</description>
                <styleUrl>#SurfaceMovements</styleUrl>
                <Point>
                    <coordinates>-64.94781666666667,18.150683333333333</coordinates>
                </Point>
            </Placemark>
            <Placemark>
                <name>uvi_02 Surface Movement</name>
                <visibility>1</visibility>
                <description>&lt;b&gt;18°09.112'N 64°58.082'W&lt;br/&gt;Time of GPS Position: 2024-11-08 00:45:10&lt;br/&gt;&lt;/b&gt;</description>
                <styleUrl>#SurfaceMovements</styleUrl>
                <Point>
                    <coordinates>-64.96803333333334,18.151866666666667</coordinates>
                </Point>
            </Placemark>
            <Placemark>
                <name>uvi_02 Surface Movement</name>
                <visibility>1</visibility>
                <description>&lt;b&gt;18°09.112'N 64°58.082'W&lt;br/&gt;Time of GPS Position: 2024-11-08 00:45:10&lt;br/&gt;&lt;/b&gt;</description>
                <styleUrl>#SurfaceMovements</styleUrl>
                <Point>
                    <coordinates>-64.96803333333334,18.151866666666667</coordinates>
                </Point>
            </Placemark>
            <Placemark>
                <name>uvi_02 Surface Movement</name>
                <visibility>1</visibility>
                <description>&lt;b&gt;18°09.08'N 64°59.127'W&lt;br/&gt;Time of GPS Position: 2024-11-08 02:38:30&lt;br/&gt;&lt;/b&gt;</description>
                <styleUrl>#SurfaceMovements</styleUrl>
                <Point>
                    <coordinates>-64.98545,18.151333333333334</coordinates>
                </Point>
            </Placemark>
            <Placemark>
                <name>uvi_02 Surface Movement</name>
                <visibility>1</visibility>
                <description>&lt;b&gt;18°09.08'N 64°59.127'W&lt;br/&gt;Time of GPS Position: 2024-11-08 02:38:30&lt;br/&gt;&lt;/b&gt;</description>
                <styleUrl>#SurfaceMovements</styleUrl>
                <Point>
                    <coordinates>-64.98545,18.151333333333334</coordinates>
                </Point>
            </Placemark>
            <Placemark>
                <name>uvi_02 Surface Movement</name>
                <visibility>1</visibility>
                <description>&lt;b&gt;18°09.053'N 64°59.327'W&lt;br/&gt;Time of GPS Position: 2024-11-08 04:26:34&lt;br/&gt;&lt;/b&gt;</description>
                <styleUrl>#SurfaceMovements</styleUrl>
                <Point>
                    <coordinates>-64.98878333333333,18.150883333333336</coordinates>
                </Point>
            </Placemark>
            <Placemark>
                <name>uvi_02 Surface Movement</name>
                <visibility>1</visibility>
                <description>&lt;b&gt;18°09.053'N 64°59.327'W&lt;br/&gt;Time of GPS Position: 2024-11-08 04:26:34&lt;br/&gt;&lt;/b&gt;</description>
                <styleUrl>#SurfaceMovements</styleUrl>
                <Point>
                    <coordinates>-64.98878333333333,18.150883333333336</coordinates>
                </Point>
            </Placemark>
            <Placemark>
                <name>uvi_02 Surface Movement</name>
                <visibility>1</visibility>
                <description>&lt;b&gt;18°09.04'N 64°58.34'W&lt;br/&gt;Time of GPS Position: 2024-11-08 06:14:34&lt;br/&gt;&lt;/b&gt;</description>
                <styleUrl>#SurfaceMovements</styleUrl>
                <Point>
                    <coordinates>-64.97233333333334,18.150666666666666</coordinates>
                </Point>
            </Placemark>
            <Placemark>
                <name>uvi_02 Surface Movement</name>
                <visibility>1</visibility>
                <description>&lt;b&gt;18°08.943'N 64°57.272'W&lt;br/&gt;Time of GPS Position: 2024-11-08 08:06:04&lt;br/&gt;&lt;/b&gt;</description>
                <styleUrl>#SurfaceMovements</styleUrl>
                <Point>
                    <coordinates>-64.95453333333333,18.14905</coordinates>
                </Point>
            </Placemark>
            <Placemark>
                <name>uvi_02 Surface Movement</name>
                <visibility>1</visibility>
                <description>&lt;b&gt;18°08.943'N 64°57.272'W&lt;br/&gt;Time of GPS Position: 2024-11-08 08:06:04&lt;br/&gt;&lt;/b&gt;</description>
                <styleUrl>#SurfaceMovements</styleUrl>
                <Point>
                    <coordinates>-64.95453333333333,18.14905</coordinates>
                </Point>
            </Placemark>
            <Placemark>
                <name>uvi_02 Surface Movement</name>
                <visibility>1</visibility>
                <description>&lt;b&gt;18°08.857'N 64°56.293'W&lt;br/&gt;Time of GPS Position: 2024-11-08 10:06:05&lt;br/&gt;&lt;/b&gt;</description>
                <styleUrl>#SurfaceMovements</styleUrl>
                <Point>
                    <coordinates>-64.93821666666666,18.147616666666668</coordinates>
                </Point>
            </Placemark>
            <Placemark>
                <name>uvi_02 Surface Movement</name>
                <visibility>1</visibility>
                <description>&lt;b&gt;18°08.91'N 64°55.367'W&lt;br/&gt;Time of GPS Position: 2024-11-08 11:59:59&lt;br/&gt;&lt;/b&gt;</description>
                <styleUrl>#SurfaceMovements</styleUrl>
                <Point>
                    <coordinates>-64.92278333333334,18.148500000000002</coordinates>
                </Point>
            </Placemark>
            <Placemark>
                <name>uvi_02 Surface Movement</name>
                <visibility>1</visibility>
                <description>&lt;b&gt;18°08.91'N 64°55.367'W&lt;br/&gt;Time of GPS Position: 2024-11-08 11:59:59&lt;br/&gt;&lt;/b&gt;</description>
                <styleUrl>#SurfaceMovements</styleUrl>
                <Point>
                    <coordinates>-64.92278333333334,18.148500000000002</coordinates>
                </Point>
            </Placemark>
            <Placemark>
                <name>uvi_02 Surface Movement</name>
                <visibility>1</visibility>
                <description>&lt;b&gt;18°09.052'N 64°54.454'W&lt;br/&gt;Time of GPS Position: 2024-11-08 13:54:20&lt;br/&gt;&lt;/b&gt;</description>
                <styleUrl>#SurfaceMovements</styleUrl>
                <Point>
                    <coordinates>-64.90756666666667,18.150866666666666</coordinates>
                </Point>
            </Placemark>
            <Placemark>
                <name>uvi_02 Surface Movement</name>
                <visibility>1</visibility>
                <description>&lt;b&gt;18°09.052'N 64°54.454'W&lt;br/&gt;Time of GPS Position: 2024-11-08 13:54:20&lt;br/&gt;&lt;/b&gt;</description>
                <styleUrl>#SurfaceMovements</styleUrl>
                <Point>
                    <coordinates>-64.90756666666667,18.150866666666666</coordinates>
                </Point>
            </Placemark>
            <Placemark>
                <name>uvi_02 Surface Movement</name>
                <visibility>1</visibility>
                <description>&lt;b&gt;18°09.206'N 64°53.551'W&lt;br/&gt;Time of GPS Position: 2024-11-08 15:45:45&lt;br/&gt;&lt;/b&gt;</description>
                <styleUrl>#SurfaceMovements</styleUrl>
                <Point>
                    <coordinates>-64.89251666666668,18.153433333333332</coordinates>
                </Point>
            </Placemark>
            <Placemark>
                <name>uvi_02 Surface Movement</name>
                <visibility>1</visibility>
                <description>&lt;b&gt;18°09.206'N 64°53.551'W&lt;br/&gt;Time of GPS Position: 2024-11-08 15:45:45&lt;br/&gt;&lt;/b&gt;</description>
                <styleUrl>#SurfaceMovements</styleUrl>
                <Point>
                    <coordinates>-64.89251666666668,18.153433333333332</coordinates>
                </Point>
            </Placemark>
            <Placemark>
                <name>uvi_02 Surface Movement</name>
                <visibility>1</visibility>
                <description>&lt;b&gt;18°09.234'N 64°52.768'W&lt;br/&gt;Time of GPS Position: 2024-11-08 17:44:19&lt;br/&gt;&lt;/b&gt;</description>
                <styleUrl>#SurfaceMovements</styleUrl>
                <Point>
                    <coordinates>-64.87946666666667,18.1539</coordinates>
                </Point>
            </Placemark>
            <Placemark>
                <name>uvi_02 Surface Movement</name>
                <visibility>1</visibility>
                <description>&lt;b&gt;18°09.234'N 64°52.768'W&lt;br/&gt;Time of GPS Position: 2024-11-08 17:44:19&lt;br/&gt;&lt;/b&gt;</description>
                <styleUrl>#SurfaceMovements</styleUrl>
                <Point>
                    <coordinates>-64.87946666666667,18.1539</coordinates>
                </Point>
            </Placemark>
            <Placemark>
                <name>uvi_02 Surface Movement</name>
                <visibility>1</visibility>
                <description>&lt;b&gt;18°09.119'N 64°52.078'W&lt;br/&gt;Time of GPS Position: 2024-11-08 19:40:49&lt;br/&gt;&lt;/b&gt;</description>
                <styleUrl>#SurfaceMovements</styleUrl>
                <Point>
                    <coordinates>-64.86796666666667,18.15198333333333</coordinates>
                </Point>
            </Placemark>
            <Placemark>
                <name>uvi_02 Surface Movement</name>
                <visibility>1</visibility>
                <description>&lt;b&gt;18°09.119'N 64°52.078'W&lt;br/&gt;Time of GPS Position: 2024-11-08 19:40:49&lt;br/&gt;&lt;/b&gt;</description>
                <styleUrl>#SurfaceMovements</styleUrl>
                <Point>
                    <coordinates>-64.86796666666667,18.15198333333333</coordinates>
                </Point>
            </Placemark>
            <Placemark>
                <name>uvi_02 Surface Movement</name>
                <visibility>1</visibility>
                <description>&lt;b&gt;18°09.032'N 64°51.341'W&lt;br/&gt;Time of GPS Position: 2024-11-08 21:35:44&lt;br/&gt;&lt;/b&gt;</description>
                <styleUrl>#SurfaceMovements</styleUrl>
                <Point>
                    <coordinates>-64.85568333333335,18.150533333333332</coordinates>
                </Point>
            </Placemark>
            <Placemark>
                <name>uvi_02 Surface Movement</name>
                <visibility>1</visibility>
                <description>&lt;b&gt;18°09.032'N 64°51.341'W&lt;br/&gt;Time of GPS Position: 2024-11-08 21:35:45&lt;br/&gt;&lt;/b&gt;</description>
                <styleUrl>#SurfaceMovements</styleUrl>
                <Point>
                    <coordinates>-64.85568333333335,18.150533333333332</coordinates>
                </Point>
            </Placemark>
            <Placemark>
                <name>uvi_02 Surface Movement</name>
                <visibility>1</visibility>
                <description>&lt;b&gt;18°09.019'N 64°50.423'W&lt;br/&gt;Time of GPS Position: 2024-11-08 23:33:39&lt;br/&gt;&lt;/b&gt;</description>
                <styleUrl>#SurfaceMovements</styleUrl>
                <Point>
                    <coordinates>-64.84038333333334,18.150316666666665</coordinates>
                </Point>
            </Placemark>
            <Placemark>
                <name>uvi_02 Surface Movement</name>
                <visibility>1</visibility>
                <description>&lt;b&gt;18°09.019'N 64°50.423'W&lt;br/&gt;Time of GPS Position: 2024-11-08 23:33:39&lt;br/&gt;&lt;/b&gt;</description>
                <styleUrl>#SurfaceMovements</styleUrl>
                <Point>
                    <coordinates>-64.84038333333334,18.150316666666665</coordinates>
                </Point>
            </Placemark>
            <Placemark>
                <name>uvi_02 Surface Movement</name>
                <visibility>1</visibility>
                <description>&lt;b&gt;18°09.13'N 64°50.963'W&lt;br/&gt;Time of GPS Position: 2024-11-09 01:23:03&lt;br/&gt;&lt;/b&gt;</description>
                <styleUrl>#SurfaceMovements</styleUrl>
                <Point>
                    <coordinates>-64.84938333333334,18.15216666666667</coordinates>
                </Point>
            </Placemark>
            <Placemark>
                <name>uvi_02 Surface Movement</name>
                <visibility>1</visibility>
                <description>&lt;b&gt;18°09.121'N 64°51.802'W&lt;br/&gt;Time of GPS Position: 2024-11-09 03:09:44&lt;br/&gt;&lt;/b&gt;</description>
                <styleUrl>#SurfaceMovements</styleUrl>
                <Point>
                    <coordinates>-64.86336666666666,18.15201666666667</coordinates>
                </Point>
            </Placemark>
            <Placemark>
                <name>uvi_02 Surface Movement</name>
                <visibility>1</visibility>
                <description>&lt;b&gt;18°09.121'N 64°51.802'W&lt;br/&gt;Time of GPS Position: 2024-11-09 03:09:44&lt;br/&gt;&lt;/b&gt;</description>
                <styleUrl>#SurfaceMovements</styleUrl>
                <Point>
                    <coordinates>-64.86336666666666,18.15201666666667</coordinates>
                </Point>
            </Placemark>
            <Placemark>
                <name>uvi_02 Surface Movement</name>
                <visibility>1</visibility>
                <description>&lt;b&gt;18°09.081'N 64°52.49'W&lt;br/&gt;Time of GPS Position: 2024-11-09 05:04:10&lt;br/&gt;&lt;/b&gt;</description>
                <styleUrl>#SurfaceMovements</styleUrl>
                <Point>
                    <coordinates>-64.87483333333333,18.151349999999997</coordinates>
                </Point>
            </Placemark>
            <Placemark>
                <name>uvi_02 Surface Movement</name>
                <visibility>1</visibility>
                <description>&lt;b&gt;18°09.081'N 64°52.49'W&lt;br/&gt;Time of GPS Position: 2024-11-09 05:04:10&lt;br/&gt;&lt;/b&gt;</description>
                <styleUrl>#SurfaceMovements</styleUrl>
                <Point>
                    <coordinates>-64.87483333333333,18.151349999999997</coordinates>
                </Point>
            </Placemark>
            <Placemark>
                <name>uvi_02 Surface Movement</name>
                <visibility>1</visibility>
                <description>&lt;b&gt;18°08.985'N 64°53.373'W&lt;br/&gt;Time of GPS Position: 2024-11-09 06:58:03&lt;br/&gt;&lt;/b&gt;</description>
                <styleUrl>#SurfaceMovements</styleUrl>
                <Point>
                    <coordinates>-64.88955,18.149749999999997</coordinates>
                </Point>
            </Placemark>
            <Placemark>
                <name>uvi_02 Surface Movement</name>
                <visibility>1</visibility>
                <description>&lt;b&gt;18°08.985'N 64°53.373'W&lt;br/&gt;Time of GPS Position: 2024-11-09 06:58:04&lt;br/&gt;&lt;/b&gt;</description>
                <styleUrl>#SurfaceMovements</styleUrl>
                <Point>
                    <coordinates>-64.88955,18.149749999999997</coordinates>
                </Point>
            </Placemark>
            <Placemark>
                <name>uvi_02 Surface Movement</name>
                <visibility>1</visibility>
                <description>&lt;b&gt;18°08.706'N 64°54.451'W&lt;br/&gt;Time of GPS Position: 2024-11-09 08:59:59&lt;br/&gt;&lt;/b&gt;</description>
                <styleUrl>#SurfaceMovements</styleUrl>
                <Point>
                    <coordinates>-64.90751666666667,18.1451</coordinates>
                </Point>
            </Placemark>
            <Placemark>
                <name>uvi_02 Surface Movement</name>
                <visibility>1</visibility>
                <description>&lt;b&gt;18°08.706'N 64°54.451'W&lt;br/&gt;Time of GPS Position: 2024-11-09 08:59:59&lt;br/&gt;&lt;/b&gt;</description>
                <styleUrl>#SurfaceMovements</styleUrl>
                <Point>
                    <coordinates>-64.90751666666667,18.1451</coordinates>
                </Point>
            </Placemark>
            <Placemark>
                <name>uvi_02 Surface Movement</name>
                <visibility>1</visibility>
                <description>&lt;b&gt;18°08.402'N 64°55.489'W&lt;br/&gt;Time of GPS Position: 2024-11-09 10:56:30&lt;br/&gt;&lt;/b&gt;</description>
                <styleUrl>#SurfaceMovements</styleUrl>
                <Point>
                    <coordinates>-64.92481666666666,18.140033333333335</coordinates>
                </Point>
            </Placemark>
            <Placemark>
                <name>uvi_02 Surface Movement</name>
                <visibility>1</visibility>
                <description>&lt;b&gt;18°08.402'N 64°55.489'W&lt;br/&gt;Time of GPS Position: 2024-11-09 10:56:30&lt;br/&gt;&lt;/b&gt;</description>
                <styleUrl>#SurfaceMovements</styleUrl>
                <Point>
                    <coordinates>-64.92481666666666,18.140033333333335</coordinates>
                </Point>
            </Placemark>
            <Placemark>
                <name>uvi_02 Surface Movement</name>
                <visibility>1</visibility>
                <description>&lt;b&gt;18°08.397'N 64°56.685'W&lt;br/&gt;Time of GPS Position: 2024-11-09 12:57:35&lt;br/&gt;&lt;/b&gt;</description>
                <styleUrl>#SurfaceMovements</styleUrl>
                <Point>
                    <coordinates>-64.94475000000001,18.13995</coordinates>
                </Point>
            </Placemark>
            <Placemark>
                <name>uvi_02 Surface Movement</name>
                <visibility>1</visibility>
                <description>&lt;b&gt;18°08.397'N 64°56.685'W&lt;br/&gt;Time of GPS Position: 2024-11-09 12:57:35&lt;br/&gt;&lt;/b&gt;</description>
                <styleUrl>#SurfaceMovements</styleUrl>
                <Point>
                    <coordinates>-64.94475000000001,18.13995</coordinates>
                </Point>
            </Placemark>
            <Placemark>
                <name>uvi_02 Surface Movement</name>
                <visibility>1</visibility>
                <description>&lt;b&gt;18°08.608'N 64°57.827'W&lt;br/&gt;Time of GPS Position: 2024-11-09 14:54:34&lt;br/&gt;&lt;/b&gt;</description>
                <styleUrl>#SurfaceMovements</styleUrl>
                <Point>
                    <coordinates>-64.96378333333334,18.143466666666665</coordinates>
                </Point>
            </Placemark>
            <Placemark>
                <name>uvi_02 Surface Movement</name>
                <visibility>1</visibility>
                <description>&lt;b&gt;18°08.608'N 64°57.827'W&lt;br/&gt;Time of GPS Position: 2024-11-09 14:54:34&lt;br/&gt;&lt;/b&gt;</description>
                <styleUrl>#SurfaceMovements</styleUrl>
                <Point>
                    <coordinates>-64.96378333333334,18.143466666666665</coordinates>
                </Point>
            </Placemark>
            <Placemark>
                <name>uvi_02 Surface Movement</name>
                <visibility>1</visibility>
                <description>&lt;b&gt;18°08.829'N 64°58.98'W&lt;br/&gt;Time of GPS Position: 2024-11-09 16:48:34&lt;br/&gt;&lt;/b&gt;</description>
                <styleUrl>#SurfaceMovements</styleUrl>
                <Point>
                    <coordinates>-64.98299999999999,18.14715</coordinates>
                </Point>
            </Placemark>
            <Placemark>
                <name>uvi_02 Surface Movement</name>
                <visibility>1</visibility>
                <description>&lt;b&gt;18°08.829'N 64°58.98'W&lt;br/&gt;Time of GPS Position: 2024-11-09 16:48:34&lt;br/&gt;&lt;/b&gt;</description>
                <styleUrl>#SurfaceMovements</styleUrl>
                <Point>
                    <coordinates>-64.98299999999999,18.14715</coordinates>
                </Point>
            </Placemark>
            <Placemark>
                <name>uvi_02 Surface Movement</name>
                <visibility>1</visibility>
                <description>&lt;b&gt;18°08.859'N 64°59.523'W&lt;br/&gt;Time of GPS Position: 2024-11-09 18:47:33&lt;br/&gt;&lt;/b&gt;</description>
                <styleUrl>#SurfaceMovements</styleUrl>
                <Point>
                    <coordinates>-64.99205,18.14765</coordinates>
                </Point>
            </Placemark>
            <Placemark>
                <name>uvi_02 Surface Movement</name>
                <visibility>1</visibility>
                <description>&lt;b&gt;18°08.859'N 64°59.523'W&lt;br/&gt;Time of GPS Position: 2024-11-09 18:47:33&lt;br/&gt;&lt;/b&gt;</description>
                <styleUrl>#SurfaceMovements</styleUrl>
                <Point>
                    <coordinates>-64.99205,18.14765</coordinates>
                </Point>
            </Placemark>
            <Placemark>
                <name>uvi_02 Surface Movement</name>
                <visibility>1</visibility>
                <description>&lt;b&gt;18°08.793'N 64°58.811'W&lt;br/&gt;Time of GPS Position: 2024-11-09 20:46:30&lt;br/&gt;&lt;/b&gt;</description>
                <styleUrl>#SurfaceMovements</styleUrl>
                <Point>
                    <coordinates>-64.98018333333333,18.146549999999998</coordinates>
                </Point>
            </Placemark>
            <Placemark>
                <name>uvi_02 Surface Movement</name>
                <visibility>1</visibility>
                <description>&lt;b&gt;18°08.793'N 64°58.811'W&lt;br/&gt;Time of GPS Position: 2024-11-09 20:46:30&lt;br/&gt;&lt;/b&gt;</description>
                <styleUrl>#SurfaceMovements</styleUrl>
                <Point>
                    <coordinates>-64.98018333333333,18.146549999999998</coordinates>
                </Point>
            </Placemark>
            <Placemark>
                <name>uvi_02 Surface Movement</name>
                <visibility>1</visibility>
                <description>&lt;b&gt;18°08.794'N 64°58.161'W&lt;br/&gt;Time of GPS Position: 2024-11-09 22:42:30&lt;br/&gt;&lt;/b&gt;</description>
                <styleUrl>#SurfaceMovements</styleUrl>
                <Point>
                    <coordinates>-64.96935,18.14656666666667</coordinates>
                </Point>
            </Placemark>
            <Placemark>
                <name>uvi_02 Surface Movement</name>
                <visibility>1</visibility>
                <description>&lt;b&gt;18°08.794'N 64°58.161'W&lt;br/&gt;Time of GPS Position: 2024-11-09 22:42:30&lt;br/&gt;&lt;/b&gt;</description>
                <styleUrl>#SurfaceMovements</styleUrl>
                <Point>
                    <coordinates>-64.96935,18.14656666666667</coordinates>
                </Point>
            </Placemark>
            <Placemark>
                <name>uvi_02 Surface Movement</name>
                <visibility>1</visibility>
                <description>&lt;b&gt;18°08.908'N 64°57.55'W&lt;br/&gt;Time of GPS Position: 2024-11-10 00:36:19&lt;br/&gt;&lt;/b&gt;</description>
                <styleUrl>#SurfaceMovements</styleUrl>
                <Point>
                    <coordinates>-64.95916666666668,18.148466666666664</coordinates>
                </Point>
            </Placemark>
            <Placemark>
                <name>uvi_02 Surface Movement</name>
                <visibility>1</visibility>
                <description>&lt;b&gt;18°08.908'N 64°57.55'W&lt;br/&gt;Time of GPS Position: 2024-11-10 00:36:19&lt;br/&gt;&lt;/b&gt;</description>
                <styleUrl>#SurfaceMovements</styleUrl>
                <Point>
                    <coordinates>-64.95916666666668,18.148466666666664</coordinates>
                </Point>
            </Placemark>
            <Placemark>
                <name>uvi_02 Surface Movement</name>
                <visibility>1</visibility>
                <description>&lt;b&gt;18°09.513'N 64°58.57'W&lt;br/&gt;Time of GPS Position: 2024-11-10 02:35:04&lt;br/&gt;&lt;/b&gt;</description>
                <styleUrl>#SurfaceMovements</styleUrl>
                <Point>
                    <coordinates>-64.97616666666666,18.158549999999998</coordinates>
                </Point>
            </Placemark>
            <Placemark>
                <name>uvi_02 Surface Movement</name>
                <visibility>1</visibility>
                <description>&lt;b&gt;18°09.513'N 64°58.57'W&lt;br/&gt;Time of GPS Position: 2024-11-10 02:35:04&lt;br/&gt;&lt;/b&gt;</description>
                <styleUrl>#SurfaceMovements</styleUrl>
                <Point>
                    <coordinates>-64.97616666666666,18.158549999999998</coordinates>
                </Point>
            </Placemark>
            <Placemark>
                <name>uvi_02 Surface Movement</name>
                <visibility>1</visibility>
                <description>&lt;b&gt;18°09.955'N 64°59.494'W&lt;br/&gt;Time of GPS Position: 2024-11-10 04:33:28&lt;br/&gt;&lt;/b&gt;</description>
                <styleUrl>#SurfaceMovements</styleUrl>
                <Point>
                    <coordinates>-64.99156666666666,18.165916666666664</coordinates>
                </Point>
            </Placemark>
            <Placemark>
                <name>uvi_02 Surface Movement</name>
                <visibility>1</visibility>
                <description>&lt;b&gt;18°09.926'N 64°58.841'W&lt;br/&gt;Time of GPS Position: 2024-11-10 06:27:59&lt;br/&gt;&lt;/b&gt;</description>
                <styleUrl>#SurfaceMovements</styleUrl>
                <Point>
                    <coordinates>-64.98068333333335,18.165433333333333</coordinates>
                </Point>
            </Placemark>
            <Placemark>
                <name>uvi_02 Surface Movement</name>
                <visibility>1</visibility>
                <description>&lt;b&gt;18°09.926'N 64°58.841'W&lt;br/&gt;Time of GPS Position: 2024-11-10 06:27:59&lt;br/&gt;&lt;/b&gt;</description>
                <styleUrl>#SurfaceMovements</styleUrl>
                <Point>
                    <coordinates>-64.98068333333335,18.165433333333333</coordinates>
                </Point>
            </Placemark>
            <Placemark>
                <name>uvi_02 Surface Movement</name>
                <visibility>1</visibility>
                <description>&lt;b&gt;18°09.754'N 64°57.929'W&lt;br/&gt;Time of GPS Position: 2024-11-10 08:30:44&lt;br/&gt;&lt;/b&gt;</description>
                <styleUrl>#SurfaceMovements</styleUrl>
                <Point>
                    <coordinates>-64.96548333333334,18.162566666666667</coordinates>
                </Point>
            </Placemark>
            <Placemark>
                <name>uvi_02 Surface Movement</name>
                <visibility>1</visibility>
                <description>&lt;b&gt;18°09.754'N 64°57.929'W&lt;br/&gt;Time of GPS Position: 2024-11-10 08:30:44&lt;br/&gt;&lt;/b&gt;</description>
                <styleUrl>#SurfaceMovements</styleUrl>
                <Point>
                    <coordinates>-64.96548333333334,18.162566666666667</coordinates>
                </Point>
            </Placemark>
            <Placemark>
                <name>uvi_02 Surface Movement</name>
                <visibility>1</visibility>
                <description>&lt;b&gt;18°09.576'N 64°57.262'W&lt;br/&gt;Time of GPS Position: 2024-11-10 10:29:45&lt;br/&gt;&lt;/b&gt;</description>
                <styleUrl>#SurfaceMovements</styleUrl>
                <Point>
                    <coordinates>-64.95436666666666,18.1596</coordinates>
                </Point>
            </Placemark>
            <Placemark>
                <name>uvi_02 Surface Movement</name>
                <visibility>1</visibility>
                <description>&lt;b&gt;18°09.576'N 64°57.262'W&lt;br/&gt;Time of GPS Position: 2024-11-10 10:29:45&lt;br/&gt;&lt;/b&gt;</description>
                <styleUrl>#SurfaceMovements</styleUrl>
                <Point>
                    <coordinates>-64.95436666666666,18.1596</coordinates>
                </Point>
            </Placemark>
            <Placemark>
                <name>uvi_02 Surface Movement</name>
                <visibility>1</visibility>
                <description>&lt;b&gt;18°09.549'N 64°56.709'W&lt;br/&gt;Time of GPS Position: 2024-11-10 12:24:39&lt;br/&gt;&lt;/b&gt;</description>
                <styleUrl>#SurfaceMovements</styleUrl>
                <Point>
                    <coordinates>-64.94515,18.15915</coordinates>
                </Point>
            </Placemark>
            <Placemark>
                <name>uvi_02 Surface Movement</name>
                <visibility>1</visibility>
                <description>&lt;b&gt;18°09.549'N 64°56.709'W&lt;br/&gt;Time of GPS Position: 2024-11-10 12:24:39&lt;br/&gt;&lt;/b&gt;</description>
                <styleUrl>#SurfaceMovements</styleUrl>
                <Point>
                    <coordinates>-64.94515,18.15915</coordinates>
                </Point>
            </Placemark>
            <Placemark>
                <name>uvi_02 Surface Movement</name>
                <visibility>1</visibility>
                <description>&lt;b&gt;18°09.723'N 64°56.069'W&lt;br/&gt;Time of GPS Position: 2024-11-10 14:18:19&lt;br/&gt;&lt;/b&gt;</description>
                <styleUrl>#SurfaceMovements</styleUrl>
                <Point>
                    <coordinates>-64.93448333333335,18.16205</coordinates>
                </Point>
            </Placemark>
            <Placemark>
                <name>uvi_02 Surface Movement</name>
                <visibility>1</visibility>
                <description>&lt;b&gt;18°09.801'N 64°55.426'W&lt;br/&gt;Time of GPS Position: 2024-11-10 16:13:29&lt;br/&gt;&lt;/b&gt;</description>
                <styleUrl>#SurfaceMovements</styleUrl>
                <Point>
                    <coordinates>-64.92376666666668,18.163349999999998</coordinates>
                </Point>
            </Placemark>
            <Placemark>
                <name>uvi_02 Surface Movement</name>
                <visibility>1</visibility>
                <description>&lt;b&gt;18°09.801'N 64°55.426'W&lt;br/&gt;Time of GPS Position: 2024-11-10 16:13:29&lt;br/&gt;&lt;/b&gt;</description>
                <styleUrl>#SurfaceMovements</styleUrl>
                <Point>
                    <coordinates>-64.92376666666668,18.163349999999998</coordinates>
                </Point>
            </Placemark>
            <Placemark>
                <name>uvi_02 Surface Movement</name>
                <visibility>1</visibility>
                <description>&lt;b&gt;18°09.841'N 64°54.803'W&lt;br/&gt;Time of GPS Position: 2024-11-10 18:06:54&lt;br/&gt;&lt;/b&gt;</description>
                <styleUrl>#SurfaceMovements</styleUrl>
                <Point>
                    <coordinates>-64.91338333333333,18.164016666666665</coordinates>
                </Point>
            </Placemark>
            <Placemark>
                <name>uvi_02 Surface Movement</name>
                <visibility>1</visibility>
                <description>&lt;b&gt;18°09.841'N 64°54.803'W&lt;br/&gt;Time of GPS Position: 2024-11-10 18:06:55&lt;br/&gt;&lt;/b&gt;</description>
                <styleUrl>#SurfaceMovements</styleUrl>
                <Point>
                    <coordinates>-64.91338333333333,18.164016666666665</coordinates>
                </Point>
            </Placemark>
            <Placemark>
                <name>uvi_02 Surface Movement</name>
                <visibility>1</visibility>
                <description>&lt;b&gt;18°10.02'N 64°56.086'W&lt;br/&gt;Time of GPS Position: 2024-11-10 19:58:44&lt;br/&gt;&lt;/b&gt;</description>
                <styleUrl>#SurfaceMovements</styleUrl>
                <Point>
                    <coordinates>-64.93476666666668,18.166999999999998</coordinates>
                </Point>
            </Placemark>
            <Placemark>
                <name>uvi_02 Surface Movement</name>
                <visibility>1</visibility>
                <description>&lt;b&gt;18°09.908'N 64°57.32'W&lt;br/&gt;Time of GPS Position: 2024-11-10 21:50:33&lt;br/&gt;&lt;/b&gt;</description>
                <styleUrl>#SurfaceMovements</styleUrl>
                <Point>
                    <coordinates>-64.95533333333333,18.165133333333333</coordinates>
                </Point>
            </Placemark>
            <Placemark>
                <name>uvi_02 Surface Movement</name>
                <visibility>1</visibility>
                <description>&lt;b&gt;18°09.908'N 64°57.32'W&lt;br/&gt;Time of GPS Position: 2024-11-10 21:50:33&lt;br/&gt;&lt;/b&gt;</description>
                <styleUrl>#SurfaceMovements</styleUrl>
                <Point>
                    <coordinates>-64.95533333333333,18.165133333333333</coordinates>
                </Point>
            </Placemark>
            <Placemark>
                <name>uvi_02 Surface Movement</name>
                <visibility>1</visibility>
                <description>&lt;b&gt;18°09.857'N 64°58.533'W&lt;br/&gt;Time of GPS Position: 2024-11-10 23:53:03&lt;br/&gt;&lt;/b&gt;</description>
                <styleUrl>#SurfaceMovements</styleUrl>
                <Point>
                    <coordinates>-64.97555000000001,18.164283333333334</coordinates>
                </Point>
            </Placemark>
            <Placemark>
                <name>uvi_02 Surface Movement</name>
                <visibility>1</visibility>
                <description>&lt;b&gt;18°09.969'N 64°59.634'W&lt;br/&gt;Time of GPS Position: 2024-11-11 01:49:15&lt;br/&gt;&lt;/b&gt;</description>
                <styleUrl>#SurfaceMovements</styleUrl>
                <Point>
                    <coordinates>-64.9939,18.166150000000002</coordinates>
                </Point>
            </Placemark>
            <Placemark>
                <name>uvi_02 Surface Movement</name>
                <visibility>1</visibility>
                <description>&lt;b&gt;18°09.969'N 64°59.634'W&lt;br/&gt;Time of GPS Position: 2024-11-11 01:49:15&lt;br/&gt;&lt;/b&gt;</description>
                <styleUrl>#SurfaceMovements</styleUrl>
                <Point>
                    <coordinates>-64.9939,18.166150000000002</coordinates>
                </Point>
            </Placemark>
            <Placemark>
                <name>uvi_02 Surface Movement</name>
                <visibility>1</visibility>
                <description>&lt;b&gt;18°10.089'N 64°58.806'W&lt;br/&gt;Time of GPS Position: 2024-11-11 03:50:43&lt;br/&gt;&lt;/b&gt;</description>
                <styleUrl>#SurfaceMovements</styleUrl>
                <Point>
                    <coordinates>-64.9801,18.16815</coordinates>
                </Point>
            </Placemark>
            <Placemark>
                <name>uvi_02 Surface Movement</name>
                <visibility>1</visibility>
                <description>&lt;b&gt;18°10.089'N 64°58.806'W&lt;br/&gt;Time of GPS Position: 2024-11-11 03:50:43&lt;br/&gt;&lt;/b&gt;</description>
                <styleUrl>#SurfaceMovements</styleUrl>
                <Point>
                    <coordinates>-64.9801,18.16815</coordinates>
                </Point>
            </Placemark>
            <Placemark>
                <name>uvi_02 Surface Movement</name>
                <visibility>1</visibility>
                <description>&lt;b&gt;18°10.106'N 64°57.888'W&lt;br/&gt;Time of GPS Position: 2024-11-11 05:44:19&lt;br/&gt;&lt;/b&gt;</description>
                <styleUrl>#SurfaceMovements</styleUrl>
                <Point>
                    <coordinates>-64.9648,18.168433333333333</coordinates>
                </Point>
            </Placemark>
            <Placemark>
                <name>uvi_02 Surface Movement</name>
                <visibility>1</visibility>
                <description>&lt;b&gt;18°10.001'N 64°57.042'W&lt;br/&gt;Time of GPS Position: 2024-11-11 07:38:43&lt;br/&gt;&lt;/b&gt;</description>
                <styleUrl>#SurfaceMovements</styleUrl>
                <Point>
                    <coordinates>-64.95070000000001,18.16668333333333</coordinates>
                </Point>
            </Placemark>
            <Placemark>
                <name>uvi_02 Surface Movement</name>
                <visibility>1</visibility>
                <description>&lt;b&gt;18°10.001'N 64°57.042'W&lt;br/&gt;Time of GPS Position: 2024-11-11 07:38:43&lt;br/&gt;&lt;/b&gt;</description>
                <styleUrl>#SurfaceMovements</styleUrl>
                <Point>
                    <coordinates>-64.95070000000001,18.16668333333333</coordinates>
                </Point>
            </Placemark>
            <Placemark>
                <name>uvi_02 Surface Movement</name>
                <visibility>1</visibility>
                <description>&lt;b&gt;18°09.835'N 64°56.722'W&lt;br/&gt;Time of GPS Position: 2024-11-11 09:45:25&lt;br/&gt;&lt;/b&gt;</description>
                <styleUrl>#SurfaceMovements</styleUrl>
                <Point>
                    <coordinates>-64.94536666666666,18.16391666666667</coordinates>
                </Point>
            </Placemark>
            <Placemark>
                <name>uvi_02 Surface Movement</name>
                <visibility>1</visibility>
                <description>&lt;b&gt;18°09.926'N 64°57.978'W&lt;br/&gt;Time of GPS Position: 2024-11-11 11:46:59&lt;br/&gt;&lt;/b&gt;</description>
                <styleUrl>#SurfaceMovements</styleUrl>
                <Point>
                    <coordinates>-64.9663,18.165433333333333</coordinates>
                </Point>
            </Placemark>
            <Placemark>
                <name>uvi_02 Surface Movement</name>
                <visibility>1</visibility>
                <description>&lt;b&gt;18°09.926'N 64°57.978'W&lt;br/&gt;Time of GPS Position: 2024-11-11 11:46:59&lt;br/&gt;&lt;/b&gt;</description>
                <styleUrl>#SurfaceMovements</styleUrl>
                <Point>
                    <coordinates>-64.9663,18.165433333333333</coordinates>
                </Point>
            </Placemark>
            <Placemark>
                <name>uvi_02 Surface Movement</name>
                <visibility>1</visibility>
                <description>&lt;b&gt;18°10.078'N 64°59.263'W&lt;br/&gt;Time of GPS Position: 2024-11-11 13:45:13&lt;br/&gt;&lt;/b&gt;</description>
                <styleUrl>#SurfaceMovements</styleUrl>
                <Point>
                    <coordinates>-64.98771666666667,18.167966666666665</coordinates>
                </Point>
            </Placemark>
            <Placemark>
                <name>uvi_02 Surface Movement</name>
                <visibility>1</visibility>
                <description>&lt;b&gt;18°10.078'N 64°59.263'W&lt;br/&gt;Time of GPS Position: 2024-11-11 13:45:13&lt;br/&gt;&lt;/b&gt;</description>
                <styleUrl>#SurfaceMovements</styleUrl>
                <Point>
                    <coordinates>-64.98771666666667,18.167966666666665</coordinates>
                </Point>
            </Placemark>
            <Placemark>
                <name>uvi_02 Surface Movement</name>
                <visibility>1</visibility>
                <description>&lt;b&gt;18°10.144'N 64°59.322'W&lt;br/&gt;Time of GPS Position: 2024-11-11 15:36:12&lt;br/&gt;&lt;/b&gt;</description>
                <styleUrl>#SurfaceMovements</styleUrl>
                <Point>
                    <coordinates>-64.98870000000001,18.169066666666666</coordinates>
                </Point>
            </Placemark>
            <Placemark>
                <name>uvi_02 Surface Movement</name>
                <visibility>1</visibility>
                <description>&lt;b&gt;18°10.144'N 64°59.322'W&lt;br/&gt;Time of GPS Position: 2024-11-11 15:36:13&lt;br/&gt;&lt;/b&gt;</description>
                <styleUrl>#SurfaceMovements</styleUrl>
                <Point>
                    <coordinates>-64.98870000000001,18.169066666666666</coordinates>
                </Point>
            </Placemark>
            <Placemark>
                <name>uvi_02 Surface Movement</name>
                <visibility>1</visibility>
                <description>&lt;b&gt;18°10.266'N 64°58.624'W&lt;br/&gt;Time of GPS Position: 2024-11-11 17:27:43&lt;br/&gt;&lt;/b&gt;</description>
                <styleUrl>#SurfaceMovements</styleUrl>
                <Point>
                    <coordinates>-64.97706666666666,18.171100000000003</coordinates>
                </Point>
            </Placemark>
            <Placemark>
                <name>uvi_02 Surface Movement</name>
                <visibility>1</visibility>
                <description>&lt;b&gt;18°10.266'N 64°58.624'W&lt;br/&gt;Time of GPS Position: 2024-11-11 17:27:44&lt;br/&gt;&lt;/b&gt;</description>
                <styleUrl>#SurfaceMovements</styleUrl>
                <Point>
                    <coordinates>-64.97706666666666,18.171100000000003</coordinates>
                </Point>
            </Placemark>
            <Placemark>
                <name>uvi_02 Surface Movement</name>
                <visibility>1</visibility>
                <description>&lt;b&gt;18°10.342'N 64°58.094'W&lt;br/&gt;Time of GPS Position: 2024-11-11 19:19:34&lt;br/&gt;&lt;/b&gt;</description>
                <styleUrl>#SurfaceMovements</styleUrl>
                <Point>
                    <coordinates>-64.96823333333333,18.17236666666667</coordinates>
                </Point>
            </Placemark>
            <Placemark>
                <name>uvi_02 Surface Movement</name>
                <visibility>1</visibility>
                <description>&lt;b&gt;18°10.342'N 64°58.094'W&lt;br/&gt;Time of GPS Position: 2024-11-11 19:19:34&lt;br/&gt;&lt;/b&gt;</description>
                <styleUrl>#SurfaceMovements</styleUrl>
                <Point>
                    <coordinates>-64.96823333333333,18.17236666666667</coordinates>
                </Point>
            </Placemark>
            <Placemark>
                <name>uvi_02 Surface Movement</name>
                <visibility>1</visibility>
                <description>&lt;b&gt;18°10.264'N 64°57.651'W&lt;br/&gt;Time of GPS Position: 2024-11-11 21:17:49&lt;br/&gt;&lt;/b&gt;</description>
                <styleUrl>#SurfaceMovements</styleUrl>
                <Point>
                    <coordinates>-64.96085,18.171066666666665</coordinates>
                </Point>
            </Placemark>
            <Placemark>
                <name>uvi_02 Surface Movement</name>
                <visibility>1</visibility>
                <description>&lt;b&gt;18°10.264'N 64°57.651'W&lt;br/&gt;Time of GPS Position: 2024-11-11 21:17:50&lt;br/&gt;&lt;/b&gt;</description>
                <styleUrl>#SurfaceMovements</styleUrl>
                <Point>
                    <coordinates>-64.96085,18.171066666666665</coordinates>
                </Point>
            </Placemark>
            <Placemark>
                <name>uvi_02 Surface Movement</name>
                <visibility>1</visibility>
                <description>&lt;b&gt;18°10.284'N 64°57.282'W&lt;br/&gt;Time of GPS Position: 2024-11-11 23:21:05&lt;br/&gt;&lt;/b&gt;</description>
                <styleUrl>#SurfaceMovements</styleUrl>
                <Point>
                    <coordinates>-64.9547,18.171400000000002</coordinates>
                </Point>
            </Placemark>
            <Placemark>
                <name>uvi_02 Surface Movement</name>
                <visibility>1</visibility>
                <description>&lt;b&gt;18°10.284'N 64°57.282'W&lt;br/&gt;Time of GPS Position: 2024-11-11 23:21:05&lt;br/&gt;&lt;/b&gt;</description>
                <styleUrl>#SurfaceMovements</styleUrl>
                <Point>
                    <coordinates>-64.9547,18.171400000000002</coordinates>
                </Point>
            </Placemark>
            <Placemark>
                <name>uvi_02 Surface Movement</name>
                <visibility>1</visibility>
                <description>&lt;b&gt;18°10.205'N 64°56.747'W&lt;br/&gt;Time of GPS Position: 2024-11-12 01:14:25&lt;br/&gt;&lt;/b&gt;</description>
                <styleUrl>#SurfaceMovements</styleUrl>
                <Point>
                    <coordinates>-64.94578333333334,18.17008333333333</coordinates>
                </Point>
            </Placemark>
            <Placemark>
                <name>uvi_02 Surface Movement</name>
                <visibility>1</visibility>
                <description>&lt;b&gt;18°10.205'N 64°56.747'W&lt;br/&gt;Time of GPS Position: 2024-11-12 01:14:25&lt;br/&gt;&lt;/b&gt;</description>
                <styleUrl>#SurfaceMovements</styleUrl>
                <Point>
                    <coordinates>-64.94578333333334,18.17008333333333</coordinates>
                </Point>
            </Placemark>
            <Placemark>
                <name>uvi_02 Surface Movement</name>
                <visibility>1</visibility>
                <description>&lt;b&gt;18°10.109'N 64°56.373'W&lt;br/&gt;Time of GPS Position: 2024-11-12 03:05:54&lt;br/&gt;&lt;/b&gt;</description>
                <styleUrl>#SurfaceMovements</styleUrl>
                <Point>
                    <coordinates>-64.93955,18.16848333333333</coordinates>
                </Point>
            </Placemark>
            <Placemark>
                <name>uvi_02 Surface Movement</name>
                <visibility>1</visibility>
                <description>&lt;b&gt;18°10.109'N 64°56.373'W&lt;br/&gt;Time of GPS Position: 2024-11-12 03:05:54&lt;br/&gt;&lt;/b&gt;</description>
                <styleUrl>#SurfaceMovements</styleUrl>
                <Point>
                    <coordinates>-64.93955,18.16848333333333</coordinates>
                </Point>
            </Placemark>
            <Placemark>
                <name>uvi_02 Surface Movement</name>
                <visibility>1</visibility>
                <description>&lt;b&gt;18°10.157'N 64°57.43'W&lt;br/&gt;Time of GPS Position: 2024-11-12 05:01:40&lt;br/&gt;&lt;/b&gt;</description>
                <styleUrl>#SurfaceMovements</styleUrl>
                <Point>
                    <coordinates>-64.95716666666667,18.169283333333333</coordinates>
                </Point>
            </Placemark>
            <Placemark>
                <name>uvi_02 Surface Movement</name>
                <visibility>1</visibility>
                <description>&lt;b&gt;18°10.157'N 64°57.43'W&lt;br/&gt;Time of GPS Position: 2024-11-12 05:01:40&lt;br/&gt;&lt;/b&gt;</description>
                <styleUrl>#SurfaceMovements</styleUrl>
                <Point>
                    <coordinates>-64.95716666666667,18.169283333333333</coordinates>
                </Point>
            </Placemark>
            <Placemark>
                <name>uvi_02 Surface Movement</name>
                <visibility>1</visibility>
                <description>&lt;b&gt;18°10.125'N 64°58.374'W&lt;br/&gt;Time of GPS Position: 2024-11-12 06:58:40&lt;br/&gt;&lt;/b&gt;</description>
                <styleUrl>#SurfaceMovements</styleUrl>
                <Point>
                    <coordinates>-64.9729,18.16875</coordinates>
                </Point>
            </Placemark>
            <Placemark>
                <name>uvi_02 Surface Movement</name>
                <visibility>1</visibility>
                <description>&lt;b&gt;18°09.981'N 64°59.259'W&lt;br/&gt;Time of GPS Position: 2024-11-12 08:55:00&lt;br/&gt;&lt;/b&gt;</description>
                <styleUrl>#SurfaceMovements</styleUrl>
                <Point>
                    <coordinates>-64.98765,18.16635</coordinates>
                </Point>
            </Placemark>
            <Placemark>
                <name>uvi_02 Surface Movement</name>
                <visibility>1</visibility>
                <description>&lt;b&gt;18°09.981'N 64°59.259'W&lt;br/&gt;Time of GPS Position: 2024-11-12 08:55:00&lt;br/&gt;&lt;/b&gt;</description>
                <styleUrl>#SurfaceMovements</styleUrl>
                <Point>
                    <coordinates>-64.98765,18.16635</coordinates>
                </Point>
            </Placemark>
            <Placemark>
                <name>uvi_02 Surface Movement</name>
                <visibility>1</visibility>
                <description>&lt;b&gt;18°09.834'N 64°59.287'W&lt;br/&gt;Time of GPS Position: 2024-11-12 10:58:00&lt;br/&gt;&lt;/b&gt;</description>
                <styleUrl>#SurfaceMovements</styleUrl>
                <Point>
                    <coordinates>-64.98811666666667,18.1639</coordinates>
                </Point>
            </Placemark>
            <Placemark>
                <name>uvi_02 Surface Movement</name>
                <visibility>1</visibility>
                <description>&lt;b&gt;18°09.834'N 64°59.287'W&lt;br/&gt;Time of GPS Position: 2024-11-12 10:58:00&lt;br/&gt;&lt;/b&gt;</description>
                <styleUrl>#SurfaceMovements</styleUrl>
                <Point>
                    <coordinates>-64.98811666666667,18.1639</coordinates>
                </Point>
            </Placemark>
            <Placemark>
                <name>uvi_02 Surface Movement</name>
                <visibility>1</visibility>
                <description>&lt;b&gt;18°09.731'N 64°58.629'W&lt;br/&gt;Time of GPS Position: 2024-11-12 12:55:34&lt;br/&gt;&lt;/b&gt;</description>
                <styleUrl>#SurfaceMovements</styleUrl>
                <Point>
                    <coordinates>-64.97715,18.162183333333335</coordinates>
                </Point>
            </Placemark>
            <Placemark>
                <name>uvi_02 Surface Movement</name>
                <visibility>1</visibility>
                <description>&lt;b&gt;18°09.731'N 64°58.629'W&lt;br/&gt;Time of GPS Position: 2024-11-12 12:55:34&lt;br/&gt;&lt;/b&gt;</description>
                <styleUrl>#SurfaceMovements</styleUrl>
                <Point>
                    <coordinates>-64.97715,18.162183333333335</coordinates>
                </Point>
            </Placemark>
            <Placemark>
                <name>uvi_02 Surface Movement</name>
                <visibility>1</visibility>
                <description>&lt;b&gt;18°09.777'N 64°58.093'W&lt;br/&gt;Time of GPS Position: 2024-11-12 14:50:00&lt;br/&gt;&lt;/b&gt;</description>
                <styleUrl>#SurfaceMovements</styleUrl>
                <Point>
                    <coordinates>-64.96821666666666,18.162950000000002</coordinates>
                </Point>
            </Placemark>
            <Placemark>
                <name>uvi_02 Surface Movement</name>
                <visibility>1</visibility>
                <description>&lt;b&gt;18°09.777'N 64°58.093'W&lt;br/&gt;Time of GPS Position: 2024-11-12 14:50:00&lt;br/&gt;&lt;/b&gt;</description>
                <styleUrl>#SurfaceMovements</styleUrl>
                <Point>
                    <coordinates>-64.96821666666666,18.162950000000002</coordinates>
                </Point>
            </Placemark>
            <Placemark>
                <name>uvi_02 Surface Movement</name>
                <visibility>1</visibility>
                <description>&lt;b&gt;18°09.922'N 64°57.551'W&lt;br/&gt;Time of GPS Position: 2024-11-12 16:41:58&lt;br/&gt;&lt;/b&gt;</description>
                <styleUrl>#SurfaceMovements</styleUrl>
                <Point>
                    <coordinates>-64.95918333333334,18.165366666666667</coordinates>
                </Point>
            </Placemark>
            <Placemark>
                <name>uvi_02 Surface Movement</name>
                <visibility>1</visibility>
                <description>&lt;b&gt;18°09.922'N 64°57.551'W&lt;br/&gt;Time of GPS Position: 2024-11-12 16:41:58&lt;br/&gt;&lt;/b&gt;</description>
                <styleUrl>#SurfaceMovements</styleUrl>
                <Point>
                    <coordinates>-64.95918333333334,18.165366666666667</coordinates>
                </Point>
            </Placemark>
            <Placemark>
                <name>uvi_02 Surface Movement</name>
                <visibility>1</visibility>
                <description>&lt;b&gt;18°10.052'N 64°56.874'W&lt;br/&gt;Time of GPS Position: 2024-11-12 18:35:19&lt;br/&gt;&lt;/b&gt;</description>
                <styleUrl>#SurfaceMovements</styleUrl>
                <Point>
                    <coordinates>-64.94789999999999,18.16753333333333</coordinates>
                </Point>
            </Placemark>
            <Placemark>
                <name>uvi_02 Surface Movement</name>
                <visibility>1</visibility>
                <description>&lt;b&gt;18°10.052'N 64°56.874'W&lt;br/&gt;Time of GPS Position: 2024-11-12 18:35:19&lt;br/&gt;&lt;/b&gt;</description>
                <styleUrl>#SurfaceMovements</styleUrl>
                <Point>
                    <coordinates>-64.94789999999999,18.16753333333333</coordinates>
                </Point>
            </Placemark>
            <Placemark>
                <name>uvi_02 Surface Movement</name>
                <visibility>1</visibility>
                <description>&lt;b&gt;18°10.052'N 64°56.874'W&lt;br/&gt;Time of GPS Position: 2024-11-12 18:35:19&lt;br/&gt;&lt;/b&gt;</description>
                <styleUrl>#SurfaceMovements</styleUrl>
                <Point>
                    <coordinates>-64.94789999999999,18.16753333333333</coordinates>
                </Point>
            </Placemark>
            <Placemark>
                <name>uvi_02 Surface Movement</name>
                <visibility>1</visibility>
                <description>&lt;b&gt;18°10.123'N 64°56.406'W&lt;br/&gt;Time of GPS Position: 2024-11-12 20:30:30&lt;br/&gt;&lt;/b&gt;</description>
                <styleUrl>#SurfaceMovements</styleUrl>
                <Point>
                    <coordinates>-64.9401,18.16871666666667</coordinates>
                </Point>
            </Placemark>
            <Placemark>
                <name>uvi_02 Surface Movement</name>
                <visibility>1</visibility>
                <description>&lt;b&gt;18°10.123'N 64°56.406'W&lt;br/&gt;Time of GPS Position: 2024-11-12 20:30:30&lt;br/&gt;&lt;/b&gt;</description>
                <styleUrl>#SurfaceMovements</styleUrl>
                <Point>
                    <coordinates>-64.9401,18.16871666666667</coordinates>
                </Point>
            </Placemark>
            <Placemark>
                <name>uvi_02 Surface Movement</name>
                <visibility>1</visibility>
                <description>&lt;b&gt;18°10.15'N 64°57.613'W&lt;br/&gt;Time of GPS Position: 2024-11-12 22:28:30&lt;br/&gt;&lt;/b&gt;</description>
                <styleUrl>#SurfaceMovements</styleUrl>
                <Point>
                    <coordinates>-64.96021666666667,18.16916666666667</coordinates>
                </Point>
            </Placemark>
            <Placemark>
                <name>uvi_02 Surface Movement</name>
                <visibility>1</visibility>
                <description>&lt;b&gt;18°10.15'N 64°57.613'W&lt;br/&gt;Time of GPS Position: 2024-11-12 22:28:30&lt;br/&gt;&lt;/b&gt;</description>
                <styleUrl>#SurfaceMovements</styleUrl>
                <Point>
                    <coordinates>-64.96021666666667,18.16916666666667</coordinates>
                </Point>
            </Placemark>
            <Placemark>
                <name>uvi_02 Surface Movement</name>
                <visibility>1</visibility>
                <description>&lt;b&gt;18°09.998'N 64°58.895'W&lt;br/&gt;Time of GPS Position: 2024-11-13 00:27:05&lt;br/&gt;&lt;/b&gt;</description>
                <styleUrl>#SurfaceMovements</styleUrl>
                <Point>
                    <coordinates>-64.98158333333335,18.166633333333333</coordinates>
                </Point>
            </Placemark>
            <Placemark>
                <name>uvi_02 Surface Movement</name>
                <visibility>1</visibility>
                <description>&lt;b&gt;18°09.998'N 64°58.895'W&lt;br/&gt;Time of GPS Position: 2024-11-13 00:27:05&lt;br/&gt;&lt;/b&gt;</description>
                <styleUrl>#SurfaceMovements</styleUrl>
                <Point>
                    <coordinates>-64.98158333333335,18.166633333333333</coordinates>
                </Point>
            </Placemark>
            <Placemark>
                <name>uvi_02 Surface Movement</name>
                <visibility>1</visibility>
                <description>&lt;b&gt;18°10.017'N 64°59.506'W&lt;br/&gt;Time of GPS Position: 2024-11-13 02:28:13&lt;br/&gt;&lt;/b&gt;</description>
                <styleUrl>#SurfaceMovements</styleUrl>
                <Point>
                    <coordinates>-64.99176666666668,18.16695</coordinates>
                </Point>
            </Placemark>
            <Placemark>
                <name>uvi_02 Surface Movement</name>
                <visibility>1</visibility>
                <description>&lt;b&gt;18°10.017'N 64°59.506'W&lt;br/&gt;Time of GPS Position: 2024-11-13 02:28:14&lt;br/&gt;&lt;/b&gt;</description>
                <styleUrl>#SurfaceMovements</styleUrl>
                <Point>
                    <coordinates>-64.99176666666668,18.16695</coordinates>
                </Point>
            </Placemark>
            <Placemark>
                <name>uvi_02 Surface Movement</name>
                <visibility>1</visibility>
                <description>&lt;b&gt;18°10.174'N 64°58.734'W&lt;br/&gt;Time of GPS Position: 2024-11-13 04:28:09&lt;br/&gt;&lt;/b&gt;</description>
                <styleUrl>#SurfaceMovements</styleUrl>
                <Point>
                    <coordinates>-64.97890000000001,18.169566666666665</coordinates>
                </Point>
            </Placemark>
            <Placemark>
                <name>uvi_02 Surface Movement</name>
                <visibility>1</visibility>
                <description>&lt;b&gt;18°10.174'N 64°58.734'W&lt;br/&gt;Time of GPS Position: 2024-11-13 04:28:10&lt;br/&gt;&lt;/b&gt;</description>
                <styleUrl>#SurfaceMovements</styleUrl>
                <Point>
                    <coordinates>-64.97890000000001,18.169566666666665</coordinates>
                </Point>
            </Placemark>
            <Placemark>
                <name>uvi_02 Surface Movement</name>
                <visibility>1</visibility>
                <description>&lt;b&gt;18°10.305'N 64°57.877'W&lt;br/&gt;Time of GPS Position: 2024-11-13 06:45:39&lt;br/&gt;&lt;/b&gt;</description>
                <styleUrl>#SurfaceMovements</styleUrl>
                <Point>
                    <coordinates>-64.96461666666667,18.17175</coordinates>
                </Point>
            </Placemark>
            <Placemark>
                <name>uvi_02 Surface Movement</name>
                <visibility>1</visibility>
                <description>&lt;b&gt;18°10.136'N 64°56.895'W&lt;br/&gt;Time of GPS Position: 2024-11-13 08:40:19&lt;br/&gt;&lt;/b&gt;</description>
                <styleUrl>#SurfaceMovements</styleUrl>
                <Point>
                    <coordinates>-64.94825,18.16893333333333</coordinates>
                </Point>
            </Placemark>
            <Placemark>
                <name>uvi_02 Surface Movement</name>
                <visibility>1</visibility>
                <description>&lt;b&gt;18°09.912'N 64°56.552'W&lt;br/&gt;Time of GPS Position: 2024-11-13 10:37:14&lt;br/&gt;&lt;/b&gt;</description>
                <styleUrl>#SurfaceMovements</styleUrl>
                <Point>
                    <coordinates>-64.94253333333333,18.165200000000002</coordinates>
                </Point>
            </Placemark>
            <Placemark>
                <name>uvi_02 Surface Movement</name>
                <visibility>1</visibility>
                <description>&lt;b&gt;18°09.912'N 64°56.552'W&lt;br/&gt;Time of GPS Position: 2024-11-13 10:37:14&lt;br/&gt;&lt;/b&gt;</description>
                <styleUrl>#SurfaceMovements</styleUrl>
                <Point>
                    <coordinates>-64.94253333333333,18.165200000000002</coordinates>
                </Point>
            </Placemark>
            <Placemark>
                <name>uvi_02 Surface Movement</name>
                <visibility>1</visibility>
                <description>&lt;b&gt;18°09.657'N 64°57.636'W&lt;br/&gt;Time of GPS Position: 2024-11-13 12:36:30&lt;br/&gt;&lt;/b&gt;</description>
                <styleUrl>#SurfaceMovements</styleUrl>
                <Point>
                    <coordinates>-64.96060000000001,18.16095</coordinates>
                </Point>
            </Placemark>
            <Placemark>
                <name>uvi_02 Surface Movement</name>
                <visibility>1</visibility>
                <description>&lt;b&gt;18°09.657'N 64°57.636'W&lt;br/&gt;Time of GPS Position: 2024-11-13 12:36:30&lt;br/&gt;&lt;/b&gt;</description>
                <styleUrl>#SurfaceMovements</styleUrl>
                <Point>
                    <coordinates>-64.96060000000001,18.16095</coordinates>
                </Point>
            </Placemark>
            <Placemark>
                <name>uvi_02 Surface Movement</name>
                <visibility>1</visibility>
                <description>&lt;b&gt;18°09.622'N 64°58.837'W&lt;br/&gt;Time of GPS Position: 2024-11-13 14:35:43&lt;br/&gt;&lt;/b&gt;</description>
                <styleUrl>#SurfaceMovements</styleUrl>
                <Point>
                    <coordinates>-64.98061666666668,18.16036666666667</coordinates>
                </Point>
            </Placemark>
            <Placemark>
                <name>uvi_02 Surface Movement</name>
                <visibility>1</visibility>
                <description>&lt;b&gt;18°09.622'N 64°58.837'W&lt;br/&gt;Time of GPS Position: 2024-11-13 14:35:44&lt;br/&gt;&lt;/b&gt;</description>
                <styleUrl>#SurfaceMovements</styleUrl>
                <Point>
                    <coordinates>-64.98061666666668,18.16036666666667</coordinates>
                </Point>
            </Placemark>
            <Placemark>
                <name>uvi_02 Surface Movement</name>
                <visibility>1</visibility>
                <description>&lt;b&gt;18°09.943'N 64°59.674'W&lt;br/&gt;Time of GPS Position: 2024-11-13 16:27:29&lt;br/&gt;&lt;/b&gt;</description>
                <styleUrl>#SurfaceMovements</styleUrl>
                <Point>
                    <coordinates>-64.99456666666667,18.165716666666665</coordinates>
                </Point>
            </Placemark>
            <Placemark>
                <name>uvi_02 Surface Movement</name>
                <visibility>1</visibility>
                <description>&lt;b&gt;18°09.943'N 64°59.674'W&lt;br/&gt;Time of GPS Position: 2024-11-13 16:27:29&lt;br/&gt;&lt;/b&gt;</description>
                <styleUrl>#SurfaceMovements</styleUrl>
                <Point>
                    <coordinates>-64.99456666666667,18.165716666666665</coordinates>
                </Point>
            </Placemark>
            <Placemark>
                <name>uvi_02 Surface Movement</name>
                <visibility>1</visibility>
                <description>&lt;b&gt;18°10.128'N 64°58.913'W&lt;br/&gt;Time of GPS Position: 2024-11-13 18:21:08&lt;br/&gt;&lt;/b&gt;</description>
                <styleUrl>#SurfaceMovements</styleUrl>
                <Point>
                    <coordinates>-64.98188333333333,18.168799999999997</coordinates>
                </Point>
            </Placemark>
            <Placemark>
                <name>uvi_02 Surface Movement</name>
                <visibility>1</visibility>
                <description>&lt;b&gt;18°10.128'N 64°58.913'W&lt;br/&gt;Time of GPS Position: 2024-11-13 18:21:08&lt;br/&gt;&lt;/b&gt;</description>
                <styleUrl>#SurfaceMovements</styleUrl>
                <Point>
                    <coordinates>-64.98188333333333,18.168799999999997</coordinates>
                </Point>
            </Placemark>
            <Placemark>
                <name>uvi_02 Surface Movement</name>
                <visibility>1</visibility>
                <description>&lt;b&gt;18°10.273'N 64°58.036'W&lt;br/&gt;Time of GPS Position: 2024-11-13 20:17:09&lt;br/&gt;&lt;/b&gt;</description>
                <styleUrl>#SurfaceMovements</styleUrl>
                <Point>
                    <coordinates>-64.96726666666667,18.171216666666666</coordinates>
                </Point>
            </Placemark>
            <Placemark>
                <name>uvi_02 Surface Movement</name>
                <visibility>1</visibility>
                <description>&lt;b&gt;18°10.273'N 64°58.036'W&lt;br/&gt;Time of GPS Position: 2024-11-13 20:17:09&lt;br/&gt;&lt;/b&gt;</description>
                <styleUrl>#SurfaceMovements</styleUrl>
                <Point>
                    <coordinates>-64.96726666666667,18.171216666666666</coordinates>
                </Point>
            </Placemark>
            <Placemark>
                <name>uvi_02 Surface Movement</name>
                <visibility>1</visibility>
                <description>&lt;b&gt;18°10.249'N 64°57.139'W&lt;br/&gt;Time of GPS Position: 2024-11-13 22:15:29&lt;br/&gt;&lt;/b&gt;</description>
                <styleUrl>#SurfaceMovements</styleUrl>
                <Point>
                    <coordinates>-64.95231666666668,18.170816666666667</coordinates>
                </Point>
            </Placemark>
            <Placemark>
                <name>uvi_02 Surface Movement</name>
                <visibility>1</visibility>
                <description>&lt;b&gt;18°10.249'N 64°57.139'W&lt;br/&gt;Time of GPS Position: 2024-11-13 22:15:30&lt;br/&gt;&lt;/b&gt;</description>
                <styleUrl>#SurfaceMovements</styleUrl>
                <Point>
                    <coordinates>-64.95231666666668,18.170816666666667</coordinates>
                </Point>
            </Placemark>
            <Placemark>
                <name>uvi_02 Surface Movement</name>
                <visibility>1</visibility>
                <description>&lt;b&gt;18°10.042'N 64°56.359'W&lt;br/&gt;Time of GPS Position: 2024-11-14 00:08:49&lt;br/&gt;&lt;/b&gt;</description>
                <styleUrl>#SurfaceMovements</styleUrl>
                <Point>
                    <coordinates>-64.93931666666667,18.167366666666666</coordinates>
                </Point>
            </Placemark>
            <Placemark>
                <name>uvi_02 Surface Movement</name>
                <visibility>1</visibility>
                <description>&lt;b&gt;18°10.042'N 64°56.359'W&lt;br/&gt;Time of GPS Position: 2024-11-14 00:08:49&lt;br/&gt;&lt;/b&gt;</description>
                <styleUrl>#SurfaceMovements</styleUrl>
                <Point>
                    <coordinates>-64.93931666666667,18.167366666666666</coordinates>
                </Point>
            </Placemark>
            <Placemark>
                <name>uvi_02 Surface Movement</name>
                <visibility>1</visibility>
                <description>&lt;b&gt;18°09.96'N 64°57.146'W&lt;br/&gt;Time of GPS Position: 2024-11-14 02:04:09&lt;br/&gt;&lt;/b&gt;</description>
                <styleUrl>#SurfaceMovements</styleUrl>
                <Point>
                    <coordinates>-64.95243333333333,18.166</coordinates>
                </Point>
            </Placemark>
            <Placemark>
                <name>uvi_02 Surface Movement</name>
                <visibility>1</visibility>
                <description>&lt;b&gt;18°09.96'N 64°57.146'W&lt;br/&gt;Time of GPS Position: 2024-11-14 02:04:10&lt;br/&gt;&lt;/b&gt;</description>
                <styleUrl>#SurfaceMovements</styleUrl>
                <Point>
                    <coordinates>-64.95243333333333,18.166</coordinates>
                </Point>
            </Placemark>
            <Placemark>
                <name>uvi_02 Surface Movement</name>
                <visibility>1</visibility>
                <description>&lt;b&gt;18°09.961'N 64°58.227'W&lt;br/&gt;Time of GPS Position: 2024-11-14 04:01:10&lt;br/&gt;&lt;/b&gt;</description>
                <styleUrl>#SurfaceMovements</styleUrl>
                <Point>
                    <coordinates>-64.97045,18.166016666666668</coordinates>
                </Point>
            </Placemark>
            <Placemark>
                <name>uvi_02 Surface Movement</name>
                <visibility>1</visibility>
                <description>&lt;b&gt;18°09.961'N 64°58.227'W&lt;br/&gt;Time of GPS Position: 2024-11-14 04:01:10&lt;br/&gt;&lt;/b&gt;</description>
                <styleUrl>#SurfaceMovements</styleUrl>
                <Point>
                    <coordinates>-64.97045,18.166016666666668</coordinates>
                </Point>
            </Placemark>
            <Placemark>
                <name>uvi_02 Surface Movement</name>
                <visibility>1</visibility>
                <description>&lt;b&gt;18°10.097'N 64°59.237'W&lt;br/&gt;Time of GPS Position: 2024-11-14 05:58:59&lt;br/&gt;&lt;/b&gt;</description>
                <styleUrl>#SurfaceMovements</styleUrl>
                <Point>
                    <coordinates>-64.98728333333334,18.16828333333333</coordinates>
                </Point>
            </Placemark>
            <Placemark>
                <name>uvi_02 Surface Movement</name>
                <visibility>1</visibility>
                <description>&lt;b&gt;18°10.173'N 64°59.148'W&lt;br/&gt;Time of GPS Position: 2024-11-14 07:53:54&lt;br/&gt;&lt;/b&gt;</description>
                <styleUrl>#SurfaceMovements</styleUrl>
                <Point>
                    <coordinates>-64.9858,18.16955</coordinates>
                </Point>
            </Placemark>
            <Placemark>
                <name>uvi_02 Surface Movement</name>
                <visibility>1</visibility>
                <description>&lt;b&gt;18°10.173'N 64°59.148'W&lt;br/&gt;Time of GPS Position: 2024-11-14 07:53:54&lt;br/&gt;&lt;/b&gt;</description>
                <styleUrl>#SurfaceMovements</styleUrl>
                <Point>
                    <coordinates>-64.9858,18.16955</coordinates>
                </Point>
            </Placemark>
            <Placemark>
                <name>uvi_02 Surface Movement</name>
                <visibility>1</visibility>
                <description>&lt;b&gt;18°10.094'N 64°57.945'W&lt;br/&gt;Time of GPS Position: 2024-11-14 09:52:30&lt;br/&gt;&lt;/b&gt;</description>
                <styleUrl>#SurfaceMovements</styleUrl>
                <Point>
                    <coordinates>-64.96575,18.168233333333333</coordinates>
                </Point>
            </Placemark>
            <Placemark>
                <name>uvi_02 Surface Movement</name>
                <visibility>1</visibility>
                <description>&lt;b&gt;18°10.094'N 64°57.945'W&lt;br/&gt;Time of GPS Position: 2024-11-14 09:52:30&lt;br/&gt;&lt;/b&gt;</description>
                <styleUrl>#SurfaceMovements</styleUrl>
                <Point>
                    <coordinates>-64.96575,18.168233333333333</coordinates>
                </Point>
            </Placemark>
            <Placemark>
                <name>uvi_02 Surface Movement</name>
                <visibility>1</visibility>
                <description>&lt;b&gt;18°09.9'N 64°56.745'W&lt;br/&gt;Time of GPS Position: 2024-11-14 11:45:59&lt;br/&gt;&lt;/b&gt;</description>
                <styleUrl>#SurfaceMovements</styleUrl>
                <Point>
                    <coordinates>-64.94575,18.165000000000003</coordinates>
                </Point>
            </Placemark>
            <Placemark>
                <name>uvi_02 Surface Movement</name>
                <visibility>1</visibility>
                <description>&lt;b&gt;18°09.833'N 64°56.746'W&lt;br/&gt;Time of GPS Position: 2024-11-14 13:39:34&lt;br/&gt;&lt;/b&gt;</description>
                <styleUrl>#SurfaceMovements</styleUrl>
                <Point>
                    <coordinates>-64.94576666666667,18.163883333333334</coordinates>
                </Point>
            </Placemark>
            <Placemark>
                <name>uvi_02 Surface Movement</name>
                <visibility>1</visibility>
                <description>&lt;b&gt;18°09.833'N 64°56.746'W&lt;br/&gt;Time of GPS Position: 2024-11-14 13:39:34&lt;br/&gt;&lt;/b&gt;</description>
                <styleUrl>#SurfaceMovements</styleUrl>
                <Point>
                    <coordinates>-64.94576666666667,18.163883333333334</coordinates>
                </Point>
            </Placemark>
            <Placemark>
                <name>uvi_02 Surface Movement</name>
                <visibility>1</visibility>
                <description>&lt;b&gt;18°09.7'N 64°57.78'W&lt;br/&gt;Time of GPS Position: 2024-11-14 15:35:23&lt;br/&gt;&lt;/b&gt;</description>
                <styleUrl>#SurfaceMovements</styleUrl>
                <Point>
                    <coordinates>-64.963,18.16166666666667</coordinates>
                </Point>
            </Placemark>
            <Placemark>
                <name>uvi_02 Surface Movement</name>
                <visibility>1</visibility>
                <description>&lt;b&gt;18°09.7'N 64°57.78'W&lt;br/&gt;Time of GPS Position: 2024-11-14 15:35:24&lt;br/&gt;&lt;/b&gt;</description>
                <styleUrl>#SurfaceMovements</styleUrl>
                <Point>
                    <coordinates>-64.963,18.16166666666667</coordinates>
                </Point>
            </Placemark>
            <Placemark>
                <name>uvi_02 Surface Movement</name>
                <visibility>1</visibility>
                <description>&lt;b&gt;18°09.581'N 64°58.93'W&lt;br/&gt;Time of GPS Position: 2024-11-14 17:31:04&lt;br/&gt;&lt;/b&gt;</description>
                <styleUrl>#SurfaceMovements</styleUrl>
                <Point>
                    <coordinates>-64.98216666666667,18.15968333333333</coordinates>
                </Point>
            </Placemark>
            <Placemark>
                <name>uvi_02 Surface Movement</name>
                <visibility>1</visibility>
                <description>&lt;b&gt;18°09.581'N 64°58.93'W&lt;br/&gt;Time of GPS Position: 2024-11-14 17:31:04&lt;br/&gt;&lt;/b&gt;</description>
                <styleUrl>#SurfaceMovements</styleUrl>
                <Point>
                    <coordinates>-64.98216666666667,18.15968333333333</coordinates>
                </Point>
            </Placemark>
            <Placemark>
                <name>uvi_02 Surface Movement</name>
                <visibility>1</visibility>
                <description>&lt;b&gt;18°09.97'N 64°59.595'W&lt;br/&gt;Time of GPS Position: 2024-11-14 19:19:25&lt;br/&gt;&lt;/b&gt;</description>
                <styleUrl>#SurfaceMovements</styleUrl>
                <Point>
                    <coordinates>-64.99325,18.166166666666665</coordinates>
                </Point>
            </Placemark>
            <Placemark>
                <name>uvi_02 Surface Movement</name>
                <visibility>1</visibility>
                <description>&lt;b&gt;18°09.97'N 64°59.595'W&lt;br/&gt;Time of GPS Position: 2024-11-14 19:19:26&lt;br/&gt;&lt;/b&gt;</description>
                <styleUrl>#SurfaceMovements</styleUrl>
                <Point>
                    <coordinates>-64.99325,18.166166666666665</coordinates>
                </Point>
            </Placemark>
            <Placemark>
                <name>uvi_02 Surface Movement</name>
                <visibility>1</visibility>
                <description>&lt;b&gt;18°10.127'N 64°58.838'W&lt;br/&gt;Time of GPS Position: 2024-11-14 21:14:34&lt;br/&gt;&lt;/b&gt;</description>
                <styleUrl>#SurfaceMovements</styleUrl>
                <Point>
                    <coordinates>-64.98063333333333,18.168783333333334</coordinates>
                </Point>
            </Placemark>
            <Placemark>
                <name>uvi_02 Surface Movement</name>
                <visibility>1</visibility>
                <description>&lt;b&gt;18°10.127'N 64°58.838'W&lt;br/&gt;Time of GPS Position: 2024-11-14 21:14:34&lt;br/&gt;&lt;/b&gt;</description>
                <styleUrl>#SurfaceMovements</styleUrl>
                <Point>
                    <coordinates>-64.98063333333333,18.168783333333334</coordinates>
                </Point>
            </Placemark>
            <Placemark>
                <name>uvi_02 Surface Movement</name>
                <visibility>1</visibility>
                <description>&lt;b&gt;18°10.171'N 64°58.071'W&lt;br/&gt;Time of GPS Position: 2024-11-14 23:15:19&lt;br/&gt;&lt;/b&gt;</description>
                <styleUrl>#SurfaceMovements</styleUrl>
                <Point>
                    <coordinates>-64.96785,18.169516666666667</coordinates>
                </Point>
            </Placemark>
            <Placemark>
                <name>uvi_02 Surface Movement</name>
                <visibility>1</visibility>
                <description>&lt;b&gt;18°10.171'N 64°58.071'W&lt;br/&gt;Time of GPS Position: 2024-11-14 23:15:19&lt;br/&gt;&lt;/b&gt;</description>
                <styleUrl>#SurfaceMovements</styleUrl>
                <Point>
                    <coordinates>-64.96785,18.169516666666667</coordinates>
                </Point>
            </Placemark>
            <Placemark>
                <name>uvi_02 Surface Movement</name>
                <visibility>1</visibility>
                <description>&lt;b&gt;18°09.95'N 64°57.328'W&lt;br/&gt;Time of GPS Position: 2024-11-15 01:16:34&lt;br/&gt;&lt;/b&gt;</description>
                <styleUrl>#SurfaceMovements</styleUrl>
                <Point>
                    <coordinates>-64.95546666666668,18.165833333333335</coordinates>
                </Point>
            </Placemark>
            <Placemark>
                <name>uvi_02 Surface Movement</name>
                <visibility>1</visibility>
                <description>&lt;b&gt;18°09.885'N 64°56.737'W&lt;br/&gt;Time of GPS Position: 2024-11-15 03:16:29&lt;br/&gt;&lt;/b&gt;</description>
                <styleUrl>#SurfaceMovements</styleUrl>
                <Point>
                    <coordinates>-64.94561666666667,18.16475</coordinates>
                </Point>
            </Placemark>
            <Placemark>
                <name>uvi_02 Surface Movement</name>
                <visibility>1</visibility>
                <description>&lt;b&gt;18°09.885'N 64°56.737'W&lt;br/&gt;Time of GPS Position: 2024-11-15 03:16:29&lt;br/&gt;&lt;/b&gt;</description>
                <styleUrl>#SurfaceMovements</styleUrl>
                <Point>
                    <coordinates>-64.94561666666667,18.16475</coordinates>
                </Point>
            </Placemark>
            <Placemark>
                <name>uvi_02 Surface Movement</name>
                <visibility>1</visibility>
                <description>&lt;b&gt;18°09.977'N 64°56.362'W&lt;br/&gt;Time of GPS Position: 2024-11-15 05:18:59&lt;br/&gt;&lt;/b&gt;</description>
                <styleUrl>#SurfaceMovements</styleUrl>
                <Point>
                    <coordinates>-64.93936666666667,18.166283333333336</coordinates>
                </Point>
            </Placemark>
            <Placemark>
                <name>uvi_02 Surface Movement</name>
                <visibility>1</visibility>
                <description>&lt;b&gt;18°09.977'N 64°56.362'W&lt;br/&gt;Time of GPS Position: 2024-11-15 05:18:59&lt;br/&gt;&lt;/b&gt;</description>
                <styleUrl>#SurfaceMovements</styleUrl>
                <Point>
                    <coordinates>-64.93936666666667,18.166283333333336</coordinates>
                </Point>
            </Placemark>
            <Placemark>
                <name>uvi_02 Surface Movement</name>
                <visibility>1</visibility>
                <description>&lt;b&gt;18°10.103'N 64°57.468'W&lt;br/&gt;Time of GPS Position: 2024-11-15 07:17:28&lt;br/&gt;&lt;/b&gt;</description>
                <styleUrl>#SurfaceMovements</styleUrl>
                <Point>
                    <coordinates>-64.95779999999999,18.168383333333335</coordinates>
                </Point>
            </Placemark>
            <Placemark>
                <name>uvi_02 Surface Movement</name>
                <visibility>1</visibility>
                <description>&lt;b&gt;18°10.103'N 64°57.468'W&lt;br/&gt;Time of GPS Position: 2024-11-15 07:17:28&lt;br/&gt;&lt;/b&gt;</description>
                <styleUrl>#SurfaceMovements</styleUrl>
                <Point>
                    <coordinates>-64.95779999999999,18.168383333333335</coordinates>
                </Point>
            </Placemark>
            <Placemark>
                <name>uvi_02 Surface Movement</name>
                <visibility>1</visibility>
                <description>&lt;b&gt;18°10.131'N 64°58.514'W&lt;br/&gt;Time of GPS Position: 2024-11-15 09:20:09&lt;br/&gt;&lt;/b&gt;</description>
                <styleUrl>#SurfaceMovements</styleUrl>
                <Point>
                    <coordinates>-64.97523333333334,18.168850000000003</coordinates>
                </Point>
            </Placemark>
            <Placemark>
                <name>uvi_02 Surface Movement</name>
                <visibility>1</visibility>
                <description>&lt;b&gt;18°10.007'N 64°59.474'W&lt;br/&gt;Time of GPS Position: 2024-11-15 11:16:03&lt;br/&gt;&lt;/b&gt;</description>
                <styleUrl>#SurfaceMovements</styleUrl>
                <Point>
                    <coordinates>-64.99123333333334,18.166783333333335</coordinates>
                </Point>
            </Placemark>
            <Placemark>
                <name>uvi_02 Surface Movement</name>
                <visibility>1</visibility>
                <description>&lt;b&gt;18°10.007'N 64°59.474'W&lt;br/&gt;Time of GPS Position: 2024-11-15 11:16:03&lt;br/&gt;&lt;/b&gt;</description>
                <styleUrl>#SurfaceMovements</styleUrl>
                <Point>
                    <coordinates>-64.99123333333334,18.166783333333335</coordinates>
                </Point>
            </Placemark>
            <Placemark>
                <name>uvi_02 Surface Movement</name>
                <visibility>1</visibility>
                <description>&lt;b&gt;18°09.97'N 64°58.893'W&lt;br/&gt;Time of GPS Position: 2024-11-15 13:12:29&lt;br/&gt;&lt;/b&gt;</description>
                <styleUrl>#SurfaceMovements</styleUrl>
                <Point>
                    <coordinates>-64.98155,18.166166666666665</coordinates>
                </Point>
            </Placemark>
            <Placemark>
                <name>uvi_02 Surface Movement</name>
                <visibility>1</visibility>
                <description>&lt;b&gt;18°09.854'N 64°58.133'W&lt;br/&gt;Time of GPS Position: 2024-11-15 15:00:09&lt;br/&gt;&lt;/b&gt;</description>
                <styleUrl>#SurfaceMovements</styleUrl>
                <Point>
                    <coordinates>-64.96888333333332,18.164233333333335</coordinates>
                </Point>
            </Placemark>
            <Placemark>
                <name>uvi_02 Surface Movement</name>
                <visibility>1</visibility>
                <description>&lt;b&gt;18°09.854'N 64°58.133'W&lt;br/&gt;Time of GPS Position: 2024-11-15 15:00:09&lt;br/&gt;&lt;/b&gt;</description>
                <styleUrl>#SurfaceMovements</styleUrl>
                <Point>
                    <coordinates>-64.96888333333332,18.164233333333335</coordinates>
                </Point>
            </Placemark>
            <Placemark>
                <name>uvi_02 Surface Movement</name>
                <visibility>1</visibility>
                <description>&lt;b&gt;18°09.84'N 64°57.729'W&lt;br/&gt;Time of GPS Position: 2024-11-15 16:56:59&lt;br/&gt;&lt;/b&gt;</description>
                <styleUrl>#SurfaceMovements</styleUrl>
                <Point>
                    <coordinates>-64.96215000000001,18.163999999999998</coordinates>
                </Point>
            </Placemark>
            <Placemark>
                <name>uvi_02 Surface Movement</name>
                <visibility>1</visibility>
                <description>&lt;b&gt;18°09.84'N 64°57.729'W&lt;br/&gt;Time of GPS Position: 2024-11-15 16:56:59&lt;br/&gt;&lt;/b&gt;</description>
                <styleUrl>#SurfaceMovements</styleUrl>
                <Point>
                    <coordinates>-64.96215000000001,18.163999999999998</coordinates>
                </Point>
            </Placemark>
            <Placemark>
                <name>uvi_02 Surface Movement</name>
                <visibility>1</visibility>
                <description>&lt;b&gt;18°10.024'N 64°57.271'W&lt;br/&gt;Time of GPS Position: 2024-11-15 18:51:39&lt;br/&gt;&lt;/b&gt;</description>
                <styleUrl>#SurfaceMovements</styleUrl>
                <Point>
                    <coordinates>-64.95451666666666,18.167066666666663</coordinates>
                </Point>
            </Placemark>
            <Placemark>
                <name>uvi_02 Surface Movement</name>
                <visibility>1</visibility>
                <description>&lt;b&gt;18°10.024'N 64°57.271'W&lt;br/&gt;Time of GPS Position: 2024-11-15 18:51:39&lt;br/&gt;&lt;/b&gt;</description>
                <styleUrl>#SurfaceMovements</styleUrl>
                <Point>
                    <coordinates>-64.95451666666666,18.167066666666663</coordinates>
                </Point>
            </Placemark>
            <Placemark>
                <name>uvi_02 Surface Movement</name>
                <visibility>1</visibility>
                <description>&lt;b&gt;18°10.134'N 64°56.763'W&lt;br/&gt;Time of GPS Position: 2024-11-15 20:45:39&lt;br/&gt;&lt;/b&gt;</description>
                <styleUrl>#SurfaceMovements</styleUrl>
                <Point>
                    <coordinates>-64.94605,18.1689</coordinates>
                </Point>
            </Placemark>
            <Placemark>
                <name>uvi_02 Surface Movement</name>
                <visibility>1</visibility>
                <description>&lt;b&gt;18°10.134'N 64°56.763'W&lt;br/&gt;Time of GPS Position: 2024-11-15 20:45:40&lt;br/&gt;&lt;/b&gt;</description>
                <styleUrl>#SurfaceMovements</styleUrl>
                <Point>
                    <coordinates>-64.94605,18.1689</coordinates>
                </Point>
            </Placemark>
            <Placemark>
                <name>uvi_02 Surface Movement</name>
                <visibility>1</visibility>
                <description>&lt;b&gt;18°10.162'N 64°56.378'W&lt;br/&gt;Time of GPS Position: 2024-11-15 22:43:29&lt;br/&gt;&lt;/b&gt;</description>
                <styleUrl>#SurfaceMovements</styleUrl>
                <Point>
                    <coordinates>-64.93963333333333,18.16936666666667</coordinates>
                </Point>
            </Placemark>
            <Placemark>
                <name>uvi_02 Surface Movement</name>
                <visibility>1</visibility>
                <description>&lt;b&gt;18°10.162'N 64°56.378'W&lt;br/&gt;Time of GPS Position: 2024-11-15 22:43:29&lt;br/&gt;&lt;/b&gt;</description>
                <styleUrl>#SurfaceMovements</styleUrl>
                <Point>
                    <coordinates>-64.93963333333333,18.16936666666667</coordinates>
                </Point>
            </Placemark>
            <Placemark>
                <name>uvi_02 Surface Movement</name>
                <visibility>1</visibility>
                <description>&lt;b&gt;18°10.094'N 64°57.64'W&lt;br/&gt;Time of GPS Position: 2024-11-16 00:48:03&lt;br/&gt;&lt;/b&gt;</description>
                <styleUrl>#SurfaceMovements</styleUrl>
                <Point>
                    <coordinates>-64.96066666666667,18.168233333333333</coordinates>
                </Point>
            </Placemark>
            <Placemark>
                <name>uvi_02 Surface Movement</name>
                <visibility>1</visibility>
                <description>&lt;b&gt;18°09.91'N 64°58.823'W&lt;br/&gt;Time of GPS Position: 2024-11-16 02:48:48&lt;br/&gt;&lt;/b&gt;</description>
                <styleUrl>#SurfaceMovements</styleUrl>
                <Point>
                    <coordinates>-64.98038333333334,18.165166666666668</coordinates>
                </Point>
            </Placemark>
            <Placemark>
                <name>uvi_02 Surface Movement</name>
                <visibility>1</visibility>
                <description>&lt;b&gt;18°09.91'N 64°58.823'W&lt;br/&gt;Time of GPS Position: 2024-11-16 02:48:49&lt;br/&gt;&lt;/b&gt;</description>
                <styleUrl>#SurfaceMovements</styleUrl>
                <Point>
                    <coordinates>-64.98038333333334,18.165166666666668</coordinates>
                </Point>
            </Placemark>
            <Placemark>
                <name>uvi_02 Surface Movement</name>
                <visibility>1</visibility>
                <description>&lt;b&gt;18°09.91'N 64°58.823'W&lt;br/&gt;Time of GPS Position: 2024-11-16 02:48:49&lt;br/&gt;&lt;/b&gt;</description>
                <styleUrl>#SurfaceMovements</styleUrl>
                <Point>
                    <coordinates>-64.98038333333334,18.165166666666668</coordinates>
                </Point>
            </Placemark>
            <Placemark>
                <name>uvi_02 Surface Movement</name>
                <visibility>1</visibility>
                <description>&lt;b&gt;18°09.861'N 64°59.607'W&lt;br/&gt;Time of GPS Position: 2024-11-16 04:55:35&lt;br/&gt;&lt;/b&gt;</description>
                <styleUrl>#SurfaceMovements</styleUrl>
                <Point>
                    <coordinates>-64.99345,18.164350000000002</coordinates>
                </Point>
            </Placemark>
            <Placemark>
                <name>uvi_02 Surface Movement</name>
                <visibility>1</visibility>
                <description>&lt;b&gt;18°09.861'N 64°59.607'W&lt;br/&gt;Time of GPS Position: 2024-11-16 04:55:35&lt;br/&gt;&lt;/b&gt;</description>
                <styleUrl>#SurfaceMovements</styleUrl>
                <Point>
                    <coordinates>-64.99345,18.164350000000002</coordinates>
                </Point>
            </Placemark>
            <Placemark>
                <name>uvi_02 Surface Movement</name>
                <visibility>1</visibility>
                <description>&lt;b&gt;18°09.868'N 64°59.015'W&lt;br/&gt;Time of GPS Position: 2024-11-16 06:53:44&lt;br/&gt;&lt;/b&gt;</description>
                <styleUrl>#SurfaceMovements</styleUrl>
                <Point>
                    <coordinates>-64.98358333333334,18.164466666666666</coordinates>
                </Point>
            </Placemark>
            <Placemark>
                <name>uvi_02 Surface Movement</name>
                <visibility>1</visibility>
                <description>&lt;b&gt;18°09.868'N 64°59.015'W&lt;br/&gt;Time of GPS Position: 2024-11-16 06:53:45&lt;br/&gt;&lt;/b&gt;</description>
                <styleUrl>#SurfaceMovements</styleUrl>
                <Point>
                    <coordinates>-64.98358333333334,18.164466666666666</coordinates>
                </Point>
            </Placemark>
            <Placemark>
                <name>uvi_02 Surface Movement</name>
                <visibility>1</visibility>
                <description>&lt;b&gt;18°10.026'N 64°58.113'W&lt;br/&gt;Time of GPS Position: 2024-11-16 08:50:34&lt;br/&gt;&lt;/b&gt;</description>
                <styleUrl>#SurfaceMovements</styleUrl>
                <Point>
                    <coordinates>-64.96855000000001,18.1671</coordinates>
                </Point>
            </Placemark>
            <Placemark>
                <name>uvi_02 Surface Movement</name>
                <visibility>1</visibility>
                <description>&lt;b&gt;18°10.026'N 64°58.113'W&lt;br/&gt;Time of GPS Position: 2024-11-16 08:50:35&lt;br/&gt;&lt;/b&gt;</description>
                <styleUrl>#SurfaceMovements</styleUrl>
                <Point>
                    <coordinates>-64.96855000000001,18.1671</coordinates>
                </Point>
            </Placemark>
            <Placemark>
                <name>uvi_02 Surface Movement</name>
                <visibility>1</visibility>
                <description>&lt;b&gt;18°10.216'N 64°57.031'W&lt;br/&gt;Time of GPS Position: 2024-11-16 10:52:19&lt;br/&gt;&lt;/b&gt;</description>
                <styleUrl>#SurfaceMovements</styleUrl>
                <Point>
                    <coordinates>-64.95051666666667,18.170266666666667</coordinates>
                </Point>
            </Placemark>
            <Placemark>
                <name>uvi_02 Surface Movement</name>
                <visibility>1</visibility>
                <description>&lt;b&gt;18°10.216'N 64°57.031'W&lt;br/&gt;Time of GPS Position: 2024-11-16 10:52:19&lt;br/&gt;&lt;/b&gt;</description>
                <styleUrl>#SurfaceMovements</styleUrl>
                <Point>
                    <coordinates>-64.95051666666667,18.170266666666667</coordinates>
                </Point>
            </Placemark>
            <Placemark>
                <name>uvi_02 Surface Movement</name>
                <visibility>1</visibility>
                <description>&lt;b&gt;18°10.035'N 64°56.459'W&lt;br/&gt;Time of GPS Position: 2024-11-16 12:48:39&lt;br/&gt;&lt;/b&gt;</description>
                <styleUrl>#SurfaceMovements</styleUrl>
                <Point>
                    <coordinates>-64.94098333333334,18.167250000000003</coordinates>
                </Point>
            </Placemark>
            <Placemark>
                <name>uvi_02 Surface Movement</name>
                <visibility>1</visibility>
                <description>&lt;b&gt;18°10.035'N 64°56.459'W&lt;br/&gt;Time of GPS Position: 2024-11-16 12:48:39&lt;br/&gt;&lt;/b&gt;</description>
                <styleUrl>#SurfaceMovements</styleUrl>
                <Point>
                    <coordinates>-64.94098333333334,18.167250000000003</coordinates>
                </Point>
            </Placemark>
            <Placemark>
                <name>uvi_02 Surface Movement</name>
                <visibility>1</visibility>
                <description>&lt;b&gt;18°09.864'N 64°57.517'W&lt;br/&gt;Time of GPS Position: 2024-11-16 14:45:24&lt;br/&gt;&lt;/b&gt;</description>
                <styleUrl>#SurfaceMovements</styleUrl>
                <Point>
                    <coordinates>-64.95861666666666,18.1644</coordinates>
                </Point>
            </Placemark>
            <Placemark>
                <name>uvi_02 Surface Movement</name>
                <visibility>1</visibility>
                <description>&lt;b&gt;18°09.864'N 64°57.517'W&lt;br/&gt;Time of GPS Position: 2024-11-16 14:45:25&lt;br/&gt;&lt;/b&gt;</description>
                <styleUrl>#SurfaceMovements</styleUrl>
                <Point>
                    <coordinates>-64.95861666666666,18.1644</coordinates>
                </Point>
            </Placemark>
            <Placemark>
                <name>uvi_02 Surface Movement</name>
                <visibility>1</visibility>
                <description>&lt;b&gt;18°09.807'N 64°58.818'W&lt;br/&gt;Time of GPS Position: 2024-11-16 16:37:18&lt;br/&gt;&lt;/b&gt;</description>
                <styleUrl>#SurfaceMovements</styleUrl>
                <Point>
                    <coordinates>-64.9803,18.16345</coordinates>
                </Point>
            </Placemark>
            <Placemark>
                <name>uvi_02 Surface Movement</name>
                <visibility>1</visibility>
                <description>&lt;b&gt;18°09.807'N 64°58.818'W&lt;br/&gt;Time of GPS Position: 2024-11-16 16:37:19&lt;br/&gt;&lt;/b&gt;</description>
                <styleUrl>#SurfaceMovements</styleUrl>
                <Point>
                    <coordinates>-64.9803,18.16345</coordinates>
                </Point>
            </Placemark>
            <Placemark>
                <name>uvi_02 Surface Movement</name>
                <visibility>1</visibility>
                <description>&lt;b&gt;18°09.955'N 64°59.582'W&lt;br/&gt;Time of GPS Position: 2024-11-16 18:41:34&lt;br/&gt;&lt;/b&gt;</description>
                <styleUrl>#SurfaceMovements</styleUrl>
                <Point>
                    <coordinates>-64.99303333333334,18.165916666666664</coordinates>
                </Point>
            </Placemark>
            <Placemark>
                <name>uvi_02 Surface Movement</name>
                <visibility>1</visibility>
                <description>&lt;b&gt;18°09.955'N 64°59.582'W&lt;br/&gt;Time of GPS Position: 2024-11-16 18:41:34&lt;br/&gt;&lt;/b&gt;</description>
                <styleUrl>#SurfaceMovements</styleUrl>
                <Point>
                    <coordinates>-64.99303333333334,18.165916666666664</coordinates>
                </Point>
            </Placemark>
            <Placemark>
                <name>uvi_02 Surface Movement</name>
                <visibility>1</visibility>
                <description>&lt;b&gt;18°10.195'N 64°58.85'W&lt;br/&gt;Time of GPS Position: 2024-11-16 20:37:04&lt;br/&gt;&lt;/b&gt;</description>
                <styleUrl>#SurfaceMovements</styleUrl>
                <Point>
                    <coordinates>-64.98083333333334,18.169916666666666</coordinates>
                </Point>
            </Placemark>
            <Placemark>
                <name>uvi_02 Surface Movement</name>
                <visibility>1</visibility>
                <description>&lt;b&gt;18°10.195'N 64°58.85'W&lt;br/&gt;Time of GPS Position: 2024-11-16 20:37:04&lt;br/&gt;&lt;/b&gt;</description>
                <styleUrl>#SurfaceMovements</styleUrl>
                <Point>
                    <coordinates>-64.98083333333334,18.169916666666666</coordinates>
                </Point>
            </Placemark>
            <Placemark>
                <name>uvi_02 Surface Movement</name>
                <visibility>1</visibility>
                <description>&lt;b&gt;18°10.542'N 64°58.076'W&lt;br/&gt;Time of GPS Position: 2024-11-16 22:32:39&lt;br/&gt;&lt;/b&gt;</description>
                <styleUrl>#SurfaceMovements</styleUrl>
                <Point>
                    <coordinates>-64.96793333333333,18.1757</coordinates>
                </Point>
            </Placemark>
            <Placemark>
                <name>uvi_02 Surface Movement</name>
                <visibility>1</visibility>
                <description>&lt;b&gt;18°10.542'N 64°58.076'W&lt;br/&gt;Time of GPS Position: 2024-11-16 22:32:39&lt;br/&gt;&lt;/b&gt;</description>
                <styleUrl>#SurfaceMovements</styleUrl>
                <Point>
                    <coordinates>-64.96793333333333,18.1757</coordinates>
                </Point>
            </Placemark>
            <Placemark>
                <name>uvi_02 Surface Movement</name>
                <visibility>1</visibility>
                <description>&lt;b&gt;18°10.368'N 64°57.254'W&lt;br/&gt;Time of GPS Position: 2024-11-17 00:29:44&lt;br/&gt;&lt;/b&gt;</description>
                <styleUrl>#SurfaceMovements</styleUrl>
                <Point>
                    <coordinates>-64.95423333333333,18.1728</coordinates>
                </Point>
            </Placemark>
            <Placemark>
                <name>uvi_02 Surface Movement</name>
                <visibility>1</visibility>
                <description>&lt;b&gt;18°10.368'N 64°57.254'W&lt;br/&gt;Time of GPS Position: 2024-11-17 00:29:44&lt;br/&gt;&lt;/b&gt;</description>
                <styleUrl>#SurfaceMovements</styleUrl>
                <Point>
                    <coordinates>-64.95423333333333,18.1728</coordinates>
                </Point>
            </Placemark>
            <Placemark>
                <name>uvi_02 Surface Movement</name>
                <visibility>1</visibility>
                <description>&lt;b&gt;18°09.952'N 64°56.205'W&lt;br/&gt;Time of GPS Position: 2024-11-17 02:28:39&lt;br/&gt;&lt;/b&gt;</description>
                <styleUrl>#SurfaceMovements</styleUrl>
                <Point>
                    <coordinates>-64.93675,18.165866666666666</coordinates>
                </Point>
            </Placemark>
            <Placemark>
                <name>uvi_02 Surface Movement</name>
                <visibility>1</visibility>
                <description>&lt;b&gt;18°09.952'N 64°56.205'W&lt;br/&gt;Time of GPS Position: 2024-11-17 02:28:39&lt;br/&gt;&lt;/b&gt;</description>
                <styleUrl>#SurfaceMovements</styleUrl>
                <Point>
                    <coordinates>-64.93675,18.165866666666666</coordinates>
                </Point>
            </Placemark>
            <Placemark>
                <name>uvi_02 Surface Movement</name>
                <visibility>1</visibility>
                <description>&lt;b&gt;18°09.484'N 64°57.134'W&lt;br/&gt;Time of GPS Position: 2024-11-17 04:31:14&lt;br/&gt;&lt;/b&gt;</description>
                <styleUrl>#SurfaceMovements</styleUrl>
                <Point>
                    <coordinates>-64.95223333333334,18.158066666666667</coordinates>
                </Point>
            </Placemark>
            <Placemark>
                <name>uvi_02 Surface Movement</name>
                <visibility>1</visibility>
                <description>&lt;b&gt;18°09.484'N 64°57.134'W&lt;br/&gt;Time of GPS Position: 2024-11-17 04:31:14&lt;br/&gt;&lt;/b&gt;</description>
                <styleUrl>#SurfaceMovements</styleUrl>
                <Point>
                    <coordinates>-64.95223333333334,18.158066666666667</coordinates>
                </Point>
            </Placemark>
            <Placemark>
                <name>uvi_02 Surface Movement</name>
                <visibility>1</visibility>
                <description>&lt;b&gt;18°09.412'N 64°58.138'W&lt;br/&gt;Time of GPS Position: 2024-11-17 06:24:50&lt;br/&gt;&lt;/b&gt;</description>
                <styleUrl>#SurfaceMovements</styleUrl>
                <Point>
                    <coordinates>-64.96896666666666,18.156866666666666</coordinates>
                </Point>
            </Placemark>
            <Placemark>
                <name>uvi_02 Surface Movement</name>
                <visibility>1</visibility>
                <description>&lt;b&gt;18°09.412'N 64°58.138'W&lt;br/&gt;Time of GPS Position: 2024-11-17 06:24:50&lt;br/&gt;&lt;/b&gt;</description>
                <styleUrl>#SurfaceMovements</styleUrl>
                <Point>
                    <coordinates>-64.96896666666666,18.156866666666666</coordinates>
                </Point>
            </Placemark>
            <Placemark>
                <name>uvi_02 Surface Movement</name>
                <visibility>1</visibility>
                <description>&lt;b&gt;18°09.672'N 64°59.022'W&lt;br/&gt;Time of GPS Position: 2024-11-17 08:18:44&lt;br/&gt;&lt;/b&gt;</description>
                <styleUrl>#SurfaceMovements</styleUrl>
                <Point>
                    <coordinates>-64.9837,18.1612</coordinates>
                </Point>
            </Placemark>
            <Placemark>
                <name>uvi_02 Surface Movement</name>
                <visibility>1</visibility>
                <description>&lt;b&gt;18°09.998'N 64°59.563'W&lt;br/&gt;Time of GPS Position: 2024-11-17 10:10:50&lt;br/&gt;&lt;/b&gt;</description>
                <styleUrl>#SurfaceMovements</styleUrl>
                <Point>
                    <coordinates>-64.99271666666667,18.166633333333333</coordinates>
                </Point>
            </Placemark>
            <Placemark>
                <name>uvi_02 Surface Movement</name>
                <visibility>1</visibility>
                <description>&lt;b&gt;18°09.998'N 64°59.563'W&lt;br/&gt;Time of GPS Position: 2024-11-17 10:10:50&lt;br/&gt;&lt;/b&gt;</description>
                <styleUrl>#SurfaceMovements</styleUrl>
                <Point>
                    <coordinates>-64.99271666666667,18.166633333333333</coordinates>
                </Point>
            </Placemark>
            <Placemark>
                <name>uvi_02 Surface Movement</name>
                <visibility>1</visibility>
                <description>&lt;b&gt;18°10.057'N 64°58.447'W&lt;br/&gt;Time of GPS Position: 2024-11-17 12:05:08&lt;br/&gt;&lt;/b&gt;</description>
                <styleUrl>#SurfaceMovements</styleUrl>
                <Point>
                    <coordinates>-64.97411666666667,18.167616666666667</coordinates>
                </Point>
            </Placemark>
            <Placemark>
                <name>uvi_02 Surface Movement</name>
                <visibility>1</visibility>
                <description>&lt;b&gt;18°10.057'N 64°58.447'W&lt;br/&gt;Time of GPS Position: 2024-11-17 12:05:09&lt;br/&gt;&lt;/b&gt;</description>
                <styleUrl>#SurfaceMovements</styleUrl>
                <Point>
                    <coordinates>-64.97411666666667,18.167616666666667</coordinates>
                </Point>
            </Placemark>
            <Placemark>
                <name>uvi_02 Surface Movement</name>
                <visibility>1</visibility>
                <description>&lt;b&gt;18°10.009'N 64°57.404'W&lt;br/&gt;Time of GPS Position: 2024-11-17 14:00:14&lt;br/&gt;&lt;/b&gt;</description>
                <styleUrl>#SurfaceMovements</styleUrl>
                <Point>
                    <coordinates>-64.95673333333335,18.166816666666666</coordinates>
                </Point>
            </Placemark>
            <Placemark>
                <name>uvi_02 Surface Movement</name>
                <visibility>1</visibility>
                <description>&lt;b&gt;18°10.009'N 64°57.404'W&lt;br/&gt;Time of GPS Position: 2024-11-17 14:00:15&lt;br/&gt;&lt;/b&gt;</description>
                <styleUrl>#SurfaceMovements</styleUrl>
                <Point>
                    <coordinates>-64.95673333333335,18.166816666666666</coordinates>
                </Point>
            </Placemark>
            <Placemark>
                <name>uvi_02 Surface Movement</name>
                <visibility>1</visibility>
                <description>&lt;b&gt;18°09.943'N 64°56.455'W&lt;br/&gt;Time of GPS Position: 2024-11-17 15:56:14&lt;br/&gt;&lt;/b&gt;</description>
                <styleUrl>#SurfaceMovements</styleUrl>
                <Point>
                    <coordinates>-64.94091666666667,18.165716666666665</coordinates>
                </Point>
            </Placemark>
            <Placemark>
                <name>uvi_02 Surface Movement</name>
                <visibility>1</visibility>
                <description>&lt;b&gt;18°09.943'N 64°56.455'W&lt;br/&gt;Time of GPS Position: 2024-11-17 15:56:14&lt;br/&gt;&lt;/b&gt;</description>
                <styleUrl>#SurfaceMovements</styleUrl>
                <Point>
                    <coordinates>-64.94091666666667,18.165716666666665</coordinates>
                </Point>
            </Placemark>
            <Placemark>
                <name>uvi_02 Surface Movement</name>
                <visibility>1</visibility>
                <description>&lt;b&gt;18°09.783'N 64°57.21'W&lt;br/&gt;Time of GPS Position: 2024-11-17 17:54:44&lt;br/&gt;&lt;/b&gt;</description>
                <styleUrl>#SurfaceMovements</styleUrl>
                <Point>
                    <coordinates>-64.9535,18.16305</coordinates>
                </Point>
            </Placemark>
            <Placemark>
                <name>uvi_02 Surface Movement</name>
                <visibility>1</visibility>
                <description>&lt;b&gt;18°09.913'N 64°58.489'W&lt;br/&gt;Time of GPS Position: 2024-11-17 19:49:19&lt;br/&gt;&lt;/b&gt;</description>
                <styleUrl>#SurfaceMovements</styleUrl>
                <Point>
                    <coordinates>-64.97481666666665,18.165216666666666</coordinates>
                </Point>
            </Placemark>
            <Placemark>
                <name>uvi_02 Surface Movement</name>
                <visibility>1</visibility>
                <description>&lt;b&gt;18°10.062'N 64°59.675'W&lt;br/&gt;Time of GPS Position: 2024-11-17 21:55:19&lt;br/&gt;&lt;/b&gt;</description>
                <styleUrl>#SurfaceMovements</styleUrl>
                <Point>
                    <coordinates>-64.99458333333334,18.1677</coordinates>
                </Point>
            </Placemark>
            <Placemark>
                <name>uvi_02 Surface Movement</name>
                <visibility>1</visibility>
                <description>&lt;b&gt;18°10.062'N 64°59.675'W&lt;br/&gt;Time of GPS Position: 2024-11-17 21:55:19&lt;br/&gt;&lt;/b&gt;</description>
                <styleUrl>#SurfaceMovements</styleUrl>
                <Point>
                    <coordinates>-64.99458333333334,18.1677</coordinates>
                </Point>
            </Placemark>
            <Placemark>
                <name>uvi_02 Surface Movement</name>
                <visibility>1</visibility>
                <description>&lt;b&gt;18°10.346'N 64°58.802'W&lt;br/&gt;Time of GPS Position: 2024-11-17 23:57:54&lt;br/&gt;&lt;/b&gt;</description>
                <styleUrl>#SurfaceMovements</styleUrl>
                <Point>
                    <coordinates>-64.98003333333332,18.172433333333334</coordinates>
                </Point>
            </Placemark>
            <Placemark>
                <name>uvi_02 Surface Movement</name>
                <visibility>1</visibility>
                <description>&lt;b&gt;18°10.346'N 64°58.802'W&lt;br/&gt;Time of GPS Position: 2024-11-17 23:57:54&lt;br/&gt;&lt;/b&gt;</description>
                <styleUrl>#SurfaceMovements</styleUrl>
                <Point>
                    <coordinates>-64.98003333333332,18.172433333333334</coordinates>
                </Point>
            </Placemark>
            <Placemark>
                <name>uvi_02 Surface Movement</name>
                <visibility>1</visibility>
                <description>&lt;b&gt;18°10.258'N 64°57.898'W&lt;br/&gt;Time of GPS Position: 2024-11-18 01:58:04&lt;br/&gt;&lt;/b&gt;</description>
                <styleUrl>#SurfaceMovements</styleUrl>
                <Point>
                    <coordinates>-64.96496666666667,18.17096666666667</coordinates>
                </Point>
            </Placemark>
            <Placemark>
                <name>uvi_02 Surface Movement</name>
                <visibility>1</visibility>
                <description>&lt;b&gt;18°10.258'N 64°57.898'W&lt;br/&gt;Time of GPS Position: 2024-11-18 01:58:04&lt;br/&gt;&lt;/b&gt;</description>
                <styleUrl>#SurfaceMovements</styleUrl>
                <Point>
                    <coordinates>-64.96496666666667,18.17096666666667</coordinates>
                </Point>
            </Placemark>
            <Placemark>
                <name>uvi_02 Surface Movement</name>
                <visibility>1</visibility>
                <description>&lt;b&gt;18°09.931'N 64°56.928'W&lt;br/&gt;Time of GPS Position: 2024-11-18 04:00:14&lt;br/&gt;&lt;/b&gt;</description>
                <styleUrl>#SurfaceMovements</styleUrl>
                <Point>
                    <coordinates>-64.94879999999999,18.16551666666667</coordinates>
                </Point>
            </Placemark>
            <Placemark>
                <name>uvi_02 Surface Movement</name>
                <visibility>1</visibility>
                <description>&lt;b&gt;18°09.931'N 64°56.928'W&lt;br/&gt;Time of GPS Position: 2024-11-18 04:00:14&lt;br/&gt;&lt;/b&gt;</description>
                <styleUrl>#SurfaceMovements</styleUrl>
                <Point>
                    <coordinates>-64.94879999999999,18.16551666666667</coordinates>
                </Point>
            </Placemark>
            <Placemark>
                <name>uvi_02 Surface Movement</name>
                <visibility>1</visibility>
                <description>&lt;b&gt;18°09.867'N 64°56.44'W&lt;br/&gt;Time of GPS Position: 2024-11-18 06:02:04&lt;br/&gt;&lt;/b&gt;</description>
                <styleUrl>#SurfaceMovements</styleUrl>
                <Point>
                    <coordinates>-64.94066666666666,18.16445</coordinates>
                </Point>
            </Placemark>
            <Placemark>
                <name>uvi_02 Surface Movement</name>
                <visibility>1</visibility>
                <description>&lt;b&gt;18°09.867'N 64°56.44'W&lt;br/&gt;Time of GPS Position: 2024-11-18 06:02:04&lt;br/&gt;&lt;/b&gt;</description>
                <styleUrl>#SurfaceMovements</styleUrl>
                <Point>
                    <coordinates>-64.94066666666666,18.16445</coordinates>
                </Point>
            </Placemark>
            <Placemark>
                <name>uvi_02 Surface Movement</name>
                <visibility>1</visibility>
                <description>&lt;b&gt;18°09.752'N 64°57.721'W&lt;br/&gt;Time of GPS Position: 2024-11-18 08:05:40&lt;br/&gt;&lt;/b&gt;</description>
                <styleUrl>#SurfaceMovements</styleUrl>
                <Point>
                    <coordinates>-64.96201666666666,18.162533333333332</coordinates>
                </Point>
            </Placemark>
            <Placemark>
                <name>uvi_02 Surface Movement</name>
                <visibility>1</visibility>
                <description>&lt;b&gt;18°09.752'N 64°57.721'W&lt;br/&gt;Time of GPS Position: 2024-11-18 08:05:40&lt;br/&gt;&lt;/b&gt;</description>
                <styleUrl>#SurfaceMovements</styleUrl>
                <Point>
                    <coordinates>-64.96201666666666,18.162533333333332</coordinates>
                </Point>
            </Placemark>
            <Placemark>
                <name>uvi_02 Surface Movement</name>
                <visibility>1</visibility>
                <description>&lt;b&gt;18°09.889'N 64°58.872'W&lt;br/&gt;Time of GPS Position: 2024-11-18 10:05:35&lt;br/&gt;&lt;/b&gt;</description>
                <styleUrl>#SurfaceMovements</styleUrl>
                <Point>
                    <coordinates>-64.9812,18.164816666666663</coordinates>
                </Point>
            </Placemark>
            <Placemark>
                <name>uvi_02 Surface Movement</name>
                <visibility>1</visibility>
                <description>&lt;b&gt;18°09.889'N 64°58.872'W&lt;br/&gt;Time of GPS Position: 2024-11-18 10:05:35&lt;br/&gt;&lt;/b&gt;</description>
                <styleUrl>#SurfaceMovements</styleUrl>
                <Point>
                    <coordinates>-64.9812,18.164816666666663</coordinates>
                </Point>
            </Placemark>
            <Placemark>
                <name>uvi_02 Surface Movement</name>
                <visibility>1</visibility>
                <description>&lt;b&gt;18°10.044'N 64°59.601'W&lt;br/&gt;Time of GPS Position: 2024-11-18 11:52:19&lt;br/&gt;&lt;/b&gt;</description>
                <styleUrl>#SurfaceMovements</styleUrl>
                <Point>
                    <coordinates>-64.99334999999999,18.1674</coordinates>
                </Point>
            </Placemark>
            <Placemark>
                <name>uvi_02 Surface Movement</name>
                <visibility>1</visibility>
                <description>&lt;b&gt;18°10.044'N 64°59.601'W&lt;br/&gt;Time of GPS Position: 2024-11-18 11:52:19&lt;br/&gt;&lt;/b&gt;</description>
                <styleUrl>#SurfaceMovements</styleUrl>
                <Point>
                    <coordinates>-64.99334999999999,18.1674</coordinates>
                </Point>
            </Placemark>
            <Placemark>
                <name>uvi_02 Surface Movement</name>
                <visibility>1</visibility>
                <description>&lt;b&gt;18°09.971'N 64°58.623'W&lt;br/&gt;Time of GPS Position: 2024-11-18 13:43:39&lt;br/&gt;&lt;/b&gt;</description>
                <styleUrl>#SurfaceMovements</styleUrl>
                <Point>
                    <coordinates>-64.97704999999999,18.166183333333333</coordinates>
                </Point>
            </Placemark>
            <Placemark>
                <name>uvi_02 Surface Movement</name>
                <visibility>1</visibility>
                <description>&lt;b&gt;18°09.971'N 64°58.623'W&lt;br/&gt;Time of GPS Position: 2024-11-18 13:43:39&lt;br/&gt;&lt;/b&gt;</description>
                <styleUrl>#SurfaceMovements</styleUrl>
                <Point>
                    <coordinates>-64.97704999999999,18.166183333333333</coordinates>
                </Point>
            </Placemark>
            <Placemark>
                <name>uvi_02 Surface Movement</name>
                <visibility>1</visibility>
                <description>&lt;b&gt;18°09.825'N 64°57.773'W&lt;br/&gt;Time of GPS Position: 2024-11-18 15:38:34&lt;br/&gt;&lt;/b&gt;</description>
                <styleUrl>#SurfaceMovements</styleUrl>
                <Point>
                    <coordinates>-64.96288333333334,18.16375</coordinates>
                </Point>
            </Placemark>
            <Placemark>
                <name>uvi_02 Surface Movement</name>
                <visibility>1</visibility>
                <description>&lt;b&gt;18°09.825'N 64°57.773'W&lt;br/&gt;Time of GPS Position: 2024-11-18 15:38:34&lt;br/&gt;&lt;/b&gt;</description>
                <styleUrl>#SurfaceMovements</styleUrl>
                <Point>
                    <coordinates>-64.96288333333334,18.16375</coordinates>
                </Point>
            </Placemark>
            <Placemark>
                <name>uvi_02 Surface Movement</name>
                <visibility>1</visibility>
                <description>&lt;b&gt;18°09.952'N 64°57.783'W&lt;br/&gt;Time of GPS Position: 2024-11-18 16:27:00&lt;br/&gt;&lt;/b&gt;</description>
                <styleUrl>#SurfaceMovements</styleUrl>
                <Point>
                    <coordinates>-64.96305000000001,18.165866666666666</coordinates>
                </Point>
            </Placemark>
            <Placemark>
                <name>uvi_02 Surface Movement</name>
                <visibility>1</visibility>
                <description>&lt;b&gt;18°09.952'N 64°57.783'W&lt;br/&gt;Time of GPS Position: 2024-11-18 16:27:00&lt;br/&gt;&lt;/b&gt;</description>
                <styleUrl>#SurfaceMovements</styleUrl>
                <Point>
                    <coordinates>-64.96305000000001,18.165866666666666</coordinates>
                </Point>
            </Placemark>
            <Placemark>
                <name>uvi_02 Surface Movement</name>
                <visibility>1</visibility>
                <description>&lt;b&gt;18°09.927'N 64°57.887'W&lt;br/&gt;Time of GPS Position: 2024-11-18 16:42:13&lt;br/&gt;&lt;/b&gt;</description>
                <styleUrl>#SurfaceMovements</styleUrl>
                <Point>
                    <coordinates>-64.96478333333333,18.16545</coordinates>
                </Point>
            </Placemark>
            <Placemark>
                <name>uvi_02 Surface Movement</name>
                <visibility>1</visibility>
                <description>&lt;b&gt;18°09.927'N 64°57.887'W&lt;br/&gt;Time of GPS Position: 2024-11-18 16:42:14&lt;br/&gt;&lt;/b&gt;</description>
                <styleUrl>#SurfaceMovements</styleUrl>
                <Point>
                    <coordinates>-64.96478333333333,18.16545</coordinates>
                </Point>
            </Placemark>
            <Placemark>
                <name>uvi_02 Surface Movement</name>
                <visibility>1</visibility>
                <description>&lt;b&gt;18°09.864'N 64°58.012'W&lt;br/&gt;Time of GPS Position: 2024-11-18 16:52:59&lt;br/&gt;&lt;/b&gt;</description>
                <styleUrl>#SurfaceMovements</styleUrl>
                <Point>
                    <coordinates>-64.96686666666666,18.1644</coordinates>
                </Point>
            </Placemark>
            <Placemark>
                <name>uvi_02 Surface Movement</name>
                <visibility>1</visibility>
                <description>&lt;b&gt;18°09.831'N 64°58.079'W&lt;br/&gt;Time of GPS Position: 2024-11-18 16:58:30&lt;br/&gt;&lt;/b&gt;</description>
                <styleUrl>#SurfaceMovements</styleUrl>
                <Point>
                    <coordinates>-64.96798333333332,18.16385</coordinates>
                </Point>
            </Placemark>
            <Placemark>
                <name>uvi_02 Surface Movement</name>
                <visibility>1</visibility>
                <description>&lt;b&gt;18°09.803'N 64°58.137'W&lt;br/&gt;Time of GPS Position: 2024-11-18 17:03:02&lt;br/&gt;&lt;/b&gt;</description>
                <styleUrl>#SurfaceMovements</styleUrl>
                <Point>
                    <coordinates>-64.96894999999999,18.163383333333336</coordinates>
                </Point>
            </Placemark>
            <Placemark>
                <name>uvi_02 Surface Movement</name>
                <visibility>1</visibility>
                <description>&lt;b&gt;18°09.901'N 64°58.081'W&lt;br/&gt;Time of GPS Position: 2024-11-18 18:21:34&lt;br/&gt;&lt;/b&gt;</description>
                <styleUrl>#SurfaceMovements</styleUrl>
                <Point>
                    <coordinates>-64.96801666666667,18.165016666666666</coordinates>
                </Point>
            </Placemark>
            <Placemark>
                <name>uvi_02 Surface Movement</name>
                <visibility>1</visibility>
                <description>&lt;b&gt;18°10.013'N 64°58.066'W&lt;br/&gt;Time of GPS Position: 2024-11-18 19:03:38&lt;br/&gt;&lt;/b&gt;</description>
                <styleUrl>#SurfaceMovements</styleUrl>
                <Point>
                    <coordinates>-64.96776666666666,18.16688333333333</coordinates>
                </Point>
            </Placemark>
            <Placemark>
                <name>uvi_02 Surface Movement</name>
                <visibility>1</visibility>
                <description>&lt;b&gt;18°10.117'N 64°57.993'W&lt;br/&gt;Time of GPS Position: 2024-11-18 19:45:49&lt;br/&gt;&lt;/b&gt;</description>
                <styleUrl>#SurfaceMovements</styleUrl>
                <Point>
                    <coordinates>-64.96655000000001,18.168616666666665</coordinates>
                </Point>
            </Placemark>
            <Placemark>
                <name>uvi_02 Surface Movement</name>
                <visibility>1</visibility>
                <description>&lt;b&gt;18°10.117'N 64°57.993'W&lt;br/&gt;Time of GPS Position: 2024-11-18 19:45:49&lt;br/&gt;&lt;/b&gt;</description>
                <styleUrl>#SurfaceMovements</styleUrl>
                <Point>
                    <coordinates>-64.96655000000001,18.168616666666665</coordinates>
                </Point>
            </Placemark>
            <Placemark>
                <name>uvi_02 Surface Movement</name>
                <visibility>1</visibility>
                <description>&lt;b&gt;18°10.215'N 64°57.937'W&lt;br/&gt;Time of GPS Position: 2024-11-18 20:33:39&lt;br/&gt;&lt;/b&gt;</description>
                <styleUrl>#SurfaceMovements</styleUrl>
                <Point>
                    <coordinates>-64.96561666666666,18.17025</coordinates>
                </Point>
            </Placemark>
            <Placemark>
                <name>uvi_02 Surface Movement</name>
                <visibility>1</visibility>
                <description>&lt;b&gt;18°10.215'N 64°57.937'W&lt;br/&gt;Time of GPS Position: 2024-11-18 20:33:39&lt;br/&gt;&lt;/b&gt;</description>
                <styleUrl>#SurfaceMovements</styleUrl>
                <Point>
                    <coordinates>-64.96561666666666,18.17025</coordinates>
                </Point>
            </Placemark>
            <Placemark>
                <name>uvi_02 Surface Movement</name>
                <visibility>1</visibility>
                <description>&lt;b&gt;18°10.314'N 64°57.831'W&lt;br/&gt;Time of GPS Position: 2024-11-18 21:19:24&lt;br/&gt;&lt;/b&gt;</description>
                <styleUrl>#SurfaceMovements</styleUrl>
                <Point>
                    <coordinates>-64.96385000000001,18.1719</coordinates>
                </Point>
            </Placemark>
            <Placemark>
                <name>uvi_02 Surface Movement</name>
                <visibility>1</visibility>
                <description>&lt;b&gt;18°10.314'N 64°57.831'W&lt;br/&gt;Time of GPS Position: 2024-11-18 21:19:24&lt;br/&gt;&lt;/b&gt;</description>
                <styleUrl>#SurfaceMovements</styleUrl>
                <Point>
                    <coordinates>-64.96385000000001,18.1719</coordinates>
                </Point>
            </Placemark>
            <Placemark>
                <name>uvi_02 Surface Movement</name>
                <visibility>1</visibility>
                <description>&lt;b&gt;18°10.439'N 64°57.701'W&lt;br/&gt;Time of GPS Position: 2024-11-18 22:04:09&lt;br/&gt;&lt;/b&gt;</description>
                <styleUrl>#SurfaceMovements</styleUrl>
                <Point>
                    <coordinates>-64.96168333333334,18.173983333333336</coordinates>
                </Point>
            </Placemark>
            <Placemark>
                <name>uvi_02 Surface Movement</name>
                <visibility>1</visibility>
                <description>&lt;b&gt;18°10.439'N 64°57.701'W&lt;br/&gt;Time of GPS Position: 2024-11-18 22:04:09&lt;br/&gt;&lt;/b&gt;</description>
                <styleUrl>#SurfaceMovements</styleUrl>
                <Point>
                    <coordinates>-64.96168333333334,18.173983333333336</coordinates>
                </Point>
            </Placemark>
            <Placemark>
                <name>uvi_02 Surface Movement</name>
                <visibility>1</visibility>
                <description>&lt;b&gt;18°10.563'N 64°57.537'W&lt;br/&gt;Time of GPS Position: 2024-11-18 22:46:10&lt;br/&gt;&lt;/b&gt;</description>
                <styleUrl>#SurfaceMovements</styleUrl>
                <Point>
                    <coordinates>-64.95895,18.17605</coordinates>
                </Point>
            </Placemark>
            <Placemark>
                <name>uvi_02 Surface Movement</name>
                <visibility>1</visibility>
                <description>&lt;b&gt;18°10.563'N 64°57.537'W&lt;br/&gt;Time of GPS Position: 2024-11-18 22:46:10&lt;br/&gt;&lt;/b&gt;</description>
                <styleUrl>#SurfaceMovements</styleUrl>
                <Point>
                    <coordinates>-64.95895,18.17605</coordinates>
                </Point>
            </Placemark>
            <Placemark>
                <name>uvi_02 Surface Movement</name>
                <visibility>1</visibility>
                <description>&lt;b&gt;18°10.61'N 64°57.358'W&lt;br/&gt;Time of GPS Position: 2024-11-18 23:31:29&lt;br/&gt;&lt;/b&gt;</description>
                <styleUrl>#SurfaceMovements</styleUrl>
                <Point>
                    <coordinates>-64.95596666666667,18.17683333333333</coordinates>
                </Point>
            </Placemark>
            <Placemark>
                <name>uvi_02 Surface Movement</name>
                <visibility>1</visibility>
                <description>&lt;b&gt;18°10.61'N 64°57.358'W&lt;br/&gt;Time of GPS Position: 2024-11-18 23:31:29&lt;br/&gt;&lt;/b&gt;</description>
                <styleUrl>#SurfaceMovements</styleUrl>
                <Point>
                    <coordinates>-64.95596666666667,18.17683333333333</coordinates>
                </Point>
            </Placemark>
            <Placemark>
                <name>uvi_02 Surface Movement</name>
                <visibility>1</visibility>
                <description>&lt;b&gt;18°10.572'N 64°57.234'W&lt;br/&gt;Time of GPS Position: 2024-11-19 00:13:59&lt;br/&gt;&lt;/b&gt;</description>
                <styleUrl>#SurfaceMovements</styleUrl>
                <Point>
                    <coordinates>-64.9539,18.176199999999998</coordinates>
                </Point>
            </Placemark>
            <Placemark>
                <name>uvi_02 Surface Movement</name>
                <visibility>1</visibility>
                <description>&lt;b&gt;18°10.572'N 64°57.234'W&lt;br/&gt;Time of GPS Position: 2024-11-19 00:13:59&lt;br/&gt;&lt;/b&gt;</description>
                <styleUrl>#SurfaceMovements</styleUrl>
                <Point>
                    <coordinates>-64.9539,18.176199999999998</coordinates>
                </Point>
            </Placemark>
            <Placemark>
                <name>uvi_02 Surface Movement</name>
                <visibility>1</visibility>
                <description>&lt;b&gt;18°10.372'N 64°57.243'W&lt;br/&gt;Time of GPS Position: 2024-11-19 00:59:23&lt;br/&gt;&lt;/b&gt;</description>
                <styleUrl>#SurfaceMovements</styleUrl>
                <Point>
                    <coordinates>-64.95405000000001,18.172866666666668</coordinates>
                </Point>
            </Placemark>
            <Placemark>
                <name>uvi_02 Surface Movement</name>
                <visibility>1</visibility>
                <description>&lt;b&gt;18°10.372'N 64°57.243'W&lt;br/&gt;Time of GPS Position: 2024-11-19 00:59:23&lt;br/&gt;&lt;/b&gt;</description>
                <styleUrl>#SurfaceMovements</styleUrl>
                <Point>
                    <coordinates>-64.95405000000001,18.172866666666668</coordinates>
                </Point>
            </Placemark>
            <Placemark>
                <name>uvi_02 Surface Movement</name>
                <visibility>1</visibility>
                <description>&lt;b&gt;18°10.168'N 64°57.238'W&lt;br/&gt;Time of GPS Position: 2024-11-19 01:44:34&lt;br/&gt;&lt;/b&gt;</description>
                <styleUrl>#SurfaceMovements</styleUrl>
                <Point>
                    <coordinates>-64.95396666666667,18.169466666666665</coordinates>
                </Point>
            </Placemark>
            <Placemark>
                <name>uvi_02 Surface Movement</name>
                <visibility>1</visibility>
                <description>&lt;b&gt;18°10.168'N 64°57.238'W&lt;br/&gt;Time of GPS Position: 2024-11-19 01:44:34&lt;br/&gt;&lt;/b&gt;</description>
                <styleUrl>#SurfaceMovements</styleUrl>
                <Point>
                    <coordinates>-64.95396666666667,18.169466666666665</coordinates>
                </Point>
            </Placemark>
            <Placemark>
                <name>uvi_02 Surface Movement</name>
                <visibility>1</visibility>
                <description>&lt;b&gt;18°09.93'N 64°57.245'W&lt;br/&gt;Time of GPS Position: 2024-11-19 02:28:05&lt;br/&gt;&lt;/b&gt;</description>
                <styleUrl>#SurfaceMovements</styleUrl>
                <Point>
                    <coordinates>-64.95408333333333,18.1655</coordinates>
                </Point>
            </Placemark>
            <Placemark>
                <name>uvi_02 Surface Movement</name>
                <visibility>1</visibility>
                <description>&lt;b&gt;18°09.93'N 64°57.245'W&lt;br/&gt;Time of GPS Position: 2024-11-19 02:28:05&lt;br/&gt;&lt;/b&gt;</description>
                <styleUrl>#SurfaceMovements</styleUrl>
                <Point>
                    <coordinates>-64.95408333333333,18.1655</coordinates>
                </Point>
            </Placemark>
            <Placemark>
                <name>uvi_02 Surface Movement</name>
                <visibility>1</visibility>
                <description>&lt;b&gt;18°09.68'N 64°57.205'W&lt;br/&gt;Time of GPS Position: 2024-11-19 03:13:54&lt;br/&gt;&lt;/b&gt;</description>
                <styleUrl>#SurfaceMovements</styleUrl>
                <Point>
                    <coordinates>-64.95341666666667,18.161333333333335</coordinates>
                </Point>
            </Placemark>
            <Placemark>
                <name>uvi_02 Surface Movement</name>
                <visibility>1</visibility>
                <description>&lt;b&gt;18°09.68'N 64°57.205'W&lt;br/&gt;Time of GPS Position: 2024-11-19 03:13:55&lt;br/&gt;&lt;/b&gt;</description>
                <styleUrl>#SurfaceMovements</styleUrl>
                <Point>
                    <coordinates>-64.95341666666667,18.161333333333335</coordinates>
                </Point>
            </Placemark>
            <Placemark>
                <name>uvi_02 Surface Movement</name>
                <visibility>1</visibility>
                <description>&lt;b&gt;18°09.737'N 64°57.425'W&lt;br/&gt;Time of GPS Position: 2024-11-19 03:47:24&lt;br/&gt;&lt;/b&gt;</description>
                <styleUrl>#SurfaceMovements</styleUrl>
                <Point>
                    <coordinates>-64.95708333333333,18.162283333333335</coordinates>
                </Point>
            </Placemark>
            <Placemark>
                <name>uvi_02 Surface Movement</name>
                <visibility>1</visibility>
                <description>&lt;b&gt;18°09.737'N 64°57.425'W&lt;br/&gt;Time of GPS Position: 2024-11-19 03:47:24&lt;br/&gt;&lt;/b&gt;</description>
                <styleUrl>#SurfaceMovements</styleUrl>
                <Point>
                    <coordinates>-64.95708333333333,18.162283333333335</coordinates>
                </Point>
            </Placemark>
            <Placemark>
                <name>uvi_02 Surface Movement</name>
                <visibility>1</visibility>
                <description>&lt;b&gt;18°09.831'N 64°57.59'W&lt;br/&gt;Time of GPS Position: 2024-11-19 04:17:54&lt;br/&gt;&lt;/b&gt;</description>
                <styleUrl>#SurfaceMovements</styleUrl>
                <Point>
                    <coordinates>-64.95983333333334,18.16385</coordinates>
                </Point>
            </Placemark>
            <Placemark>
                <name>uvi_02 Surface Movement</name>
                <visibility>1</visibility>
                <description>&lt;b&gt;18°09.831'N 64°57.59'W&lt;br/&gt;Time of GPS Position: 2024-11-19 04:17:54&lt;br/&gt;&lt;/b&gt;</description>
                <styleUrl>#SurfaceMovements</styleUrl>
                <Point>
                    <coordinates>-64.95983333333334,18.16385</coordinates>
                </Point>
            </Placemark>
            <Placemark>
                <name>uvi_02 Surface Movement</name>
                <visibility>1</visibility>
                <description>&lt;b&gt;18°09.921'N 64°57.726'W&lt;br/&gt;Time of GPS Position: 2024-11-19 04:48:08&lt;br/&gt;&lt;/b&gt;</description>
                <styleUrl>#SurfaceMovements</styleUrl>
                <Point>
                    <coordinates>-64.96209999999999,18.16535</coordinates>
                </Point>
            </Placemark>
            <Placemark>
                <name>uvi_02 Surface Movement</name>
                <visibility>1</visibility>
                <description>&lt;b&gt;18°09.921'N 64°57.726'W&lt;br/&gt;Time of GPS Position: 2024-11-19 04:48:08&lt;br/&gt;&lt;/b&gt;</description>
                <styleUrl>#SurfaceMovements</styleUrl>
                <Point>
                    <coordinates>-64.96209999999999,18.16535</coordinates>
                </Point>
            </Placemark>
            <Placemark>
                <name>uvi_02 Surface Movement</name>
                <visibility>1</visibility>
                <description>&lt;b&gt;18°10.009'N 64°57.841'W&lt;br/&gt;Time of GPS Position: 2024-11-19 05:18:44&lt;br/&gt;&lt;/b&gt;</description>
                <styleUrl>#SurfaceMovements</styleUrl>
                <Point>
                    <coordinates>-64.96401666666667,18.166816666666666</coordinates>
                </Point>
            </Placemark>
            <Placemark>
                <name>uvi_02 Surface Movement</name>
                <visibility>1</visibility>
                <description>&lt;b&gt;18°10.009'N 64°57.841'W&lt;br/&gt;Time of GPS Position: 2024-11-19 05:18:44&lt;br/&gt;&lt;/b&gt;</description>
                <styleUrl>#SurfaceMovements</styleUrl>
                <Point>
                    <coordinates>-64.96401666666667,18.166816666666666</coordinates>
                </Point>
            </Placemark>
            <Placemark>
                <name>uvi_02 Surface Movement</name>
                <visibility>1</visibility>
                <description>&lt;b&gt;18°10.097'N 64°58.003'W&lt;br/&gt;Time of GPS Position: 2024-11-19 05:51:39&lt;br/&gt;&lt;/b&gt;</description>
                <styleUrl>#SurfaceMovements</styleUrl>
                <Point>
                    <coordinates>-64.96671666666666,18.16828333333333</coordinates>
                </Point>
            </Placemark>
            <Placemark>
                <name>uvi_02 Surface Movement</name>
                <visibility>1</visibility>
                <description>&lt;b&gt;18°10.097'N 64°58.003'W&lt;br/&gt;Time of GPS Position: 2024-11-19 05:51:39&lt;br/&gt;&lt;/b&gt;</description>
                <styleUrl>#SurfaceMovements</styleUrl>
                <Point>
                    <coordinates>-64.96671666666666,18.16828333333333</coordinates>
                </Point>
            </Placemark>
            <Placemark>
                <name>uvi_02 Surface Movement</name>
                <visibility>1</visibility>
                <description>&lt;b&gt;18°10.123'N 64°58.101'W&lt;br/&gt;Time of GPS Position: 2024-11-19 06:12:34&lt;br/&gt;&lt;/b&gt;</description>
                <styleUrl>#SurfaceMovements</styleUrl>
                <Point>
                    <coordinates>-64.96835,18.16871666666667</coordinates>
                </Point>
            </Placemark>
            <Placemark>
                <name>uvi_02 Surface Movement</name>
                <visibility>1</visibility>
                <description>&lt;b&gt;18°10.123'N 64°58.101'W&lt;br/&gt;Time of GPS Position: 2024-11-19 06:12:34&lt;br/&gt;&lt;/b&gt;</description>
                <styleUrl>#SurfaceMovements</styleUrl>
                <Point>
                    <coordinates>-64.96835,18.16871666666667</coordinates>
                </Point>
            </Placemark>
            <Placemark>
                <name>uvi_02 Surface Movement</name>
                <visibility>1</visibility>
                <description>&lt;b&gt;18°10.097'N 64°58.152'W&lt;br/&gt;Time of GPS Position: 2024-11-19 06:21:39&lt;br/&gt;&lt;/b&gt;</description>
                <styleUrl>#SurfaceMovements</styleUrl>
                <Point>
                    <coordinates>-64.9692,18.16828333333333</coordinates>
                </Point>
            </Placemark>
            <Placemark>
                <name>uvi_02 Surface Movement</name>
                <visibility>1</visibility>
                <description>&lt;b&gt;18°10.097'N 64°58.152'W&lt;br/&gt;Time of GPS Position: 2024-11-19 06:21:40&lt;br/&gt;&lt;/b&gt;</description>
                <styleUrl>#SurfaceMovements</styleUrl>
                <Point>
                    <coordinates>-64.9692,18.16828333333333</coordinates>
                </Point>
            </Placemark>
            <Placemark>
                <name>uvi_02 Surface Movement</name>
                <visibility>1</visibility>
                <description>&lt;b&gt;18°10.08'N 64°58.206'W&lt;br/&gt;Time of GPS Position: 2024-11-19 06:30:19&lt;br/&gt;&lt;/b&gt;</description>
                <styleUrl>#SurfaceMovements</styleUrl>
                <Point>
                    <coordinates>-64.9701,18.168</coordinates>
                </Point>
            </Placemark>
            <Placemark>
                <name>uvi_02 Surface Movement</name>
                <visibility>1</visibility>
                <description>&lt;b&gt;18°10.08'N 64°58.206'W&lt;br/&gt;Time of GPS Position: 2024-11-19 06:30:19&lt;br/&gt;&lt;/b&gt;</description>
                <styleUrl>#SurfaceMovements</styleUrl>
                <Point>
                    <coordinates>-64.9701,18.168</coordinates>
                </Point>
            </Placemark>
            <Placemark>
                <name>uvi_02 Surface Movement</name>
                <visibility>1</visibility>
                <description>&lt;b&gt;18°10.059'N 64°58.245'W&lt;br/&gt;Time of GPS Position: 2024-11-19 06:42:14&lt;br/&gt;&lt;/b&gt;</description>
                <styleUrl>#SurfaceMovements</styleUrl>
                <Point>
                    <coordinates>-64.97075,18.16765</coordinates>
                </Point>
            </Placemark>
            <Placemark>
                <name>uvi_02 Surface Movement</name>
                <visibility>1</visibility>
                <description>&lt;b&gt;18°10.059'N 64°58.245'W&lt;br/&gt;Time of GPS Position: 2024-11-19 06:42:15&lt;br/&gt;&lt;/b&gt;</description>
                <styleUrl>#SurfaceMovements</styleUrl>
                <Point>
                    <coordinates>-64.97075,18.16765</coordinates>
                </Point>
            </Placemark>
            <Placemark>
                <name>uvi_02 Surface Movement</name>
                <visibility>1</visibility>
                <description>&lt;b&gt;18°10.025'N 64°58.329'W&lt;br/&gt;Time of GPS Position: 2024-11-19 06:53:05&lt;br/&gt;&lt;/b&gt;</description>
                <styleUrl>#SurfaceMovements</styleUrl>
                <Point>
                    <coordinates>-64.97215,18.167083333333334</coordinates>
                </Point>
            </Placemark>
            <Placemark>
                <name>uvi_02 Surface Movement</name>
                <visibility>1</visibility>
                <description>&lt;b&gt;18°10.01'N 64°58.364'W&lt;br/&gt;Time of GPS Position: 2024-11-19 06:57:40&lt;br/&gt;&lt;/b&gt;</description>
                <styleUrl>#SurfaceMovements</styleUrl>
                <Point>
                    <coordinates>-64.97273333333332,18.166833333333333</coordinates>
                </Point>
            </Placemark>
            <Placemark>
                <name>uvi_02 Surface Movement</name>
                <visibility>1</visibility>
                <description>&lt;b&gt;18°09.995'N 64°58.391'W&lt;br/&gt;Time of GPS Position: 2024-11-19 07:01:29&lt;br/&gt;&lt;/b&gt;</description>
                <styleUrl>#SurfaceMovements</styleUrl>
                <Point>
                    <coordinates>-64.97318333333332,18.16658333333333</coordinates>
                </Point>
            </Placemark>
            <Placemark>
                <name>uvi_02 Surface Movement</name>
                <visibility>1</visibility>
                <description>&lt;b&gt;18°09.991'N 64°58.469'W&lt;br/&gt;Time of GPS Position: 2024-11-19 08:11:09&lt;br/&gt;&lt;/b&gt;</description>
                <styleUrl>#SurfaceMovements</styleUrl>
                <Point>
                    <coordinates>-64.97448333333334,18.166516666666666</coordinates>
                </Point>
            </Placemark>
            <Placemark>
                <name>uvi_02 Surface Movement</name>
                <visibility>1</visibility>
                <description>&lt;b&gt;18°09.991'N 64°58.469'W&lt;br/&gt;Time of GPS Position: 2024-11-19 08:11:10&lt;br/&gt;&lt;/b&gt;</description>
                <styleUrl>#SurfaceMovements</styleUrl>
                <Point>
                    <coordinates>-64.97448333333334,18.166516666666666</coordinates>
                </Point>
            </Placemark>
            <Placemark>
                <name>uvi_02 Surface Movement</name>
                <visibility>1</visibility>
                <description>&lt;b&gt;18°10.077'N 64°58.444'W&lt;br/&gt;Time of GPS Position: 2024-11-19 08:47:44&lt;br/&gt;&lt;/b&gt;</description>
                <styleUrl>#SurfaceMovements</styleUrl>
                <Point>
                    <coordinates>-64.97406666666667,18.16795</coordinates>
                </Point>
            </Placemark>
            <Placemark>
                <name>uvi_02 Surface Movement</name>
                <visibility>1</visibility>
                <description>&lt;b&gt;18°10.077'N 64°58.444'W&lt;br/&gt;Time of GPS Position: 2024-11-19 08:47:44&lt;br/&gt;&lt;/b&gt;</description>
                <styleUrl>#SurfaceMovements</styleUrl>
                <Point>
                    <coordinates>-64.97406666666667,18.16795</coordinates>
                </Point>
            </Placemark>
            <Placemark>
                <name>uvi_02 Surface Movement</name>
                <visibility>1</visibility>
                <description>&lt;b&gt;18°10.189'N 64°58.369'W&lt;br/&gt;Time of GPS Position: 2024-11-19 09:19:54&lt;br/&gt;&lt;/b&gt;</description>
                <styleUrl>#SurfaceMovements</styleUrl>
                <Point>
                    <coordinates>-64.97281666666666,18.16981666666667</coordinates>
                </Point>
            </Placemark>
            <Placemark>
                <name>uvi_02 Surface Movement</name>
                <visibility>1</visibility>
                <description>&lt;b&gt;18°10.189'N 64°58.369'W&lt;br/&gt;Time of GPS Position: 2024-11-19 09:19:54&lt;br/&gt;&lt;/b&gt;</description>
                <styleUrl>#SurfaceMovements</styleUrl>
                <Point>
                    <coordinates>-64.97281666666666,18.16981666666667</coordinates>
                </Point>
            </Placemark>
            <Placemark>
                <name>uvi_02 Surface Movement</name>
                <visibility>1</visibility>
                <description>&lt;b&gt;18°10.329'N 64°58.284'W&lt;br/&gt;Time of GPS Position: 2024-11-19 09:53:49&lt;br/&gt;&lt;/b&gt;</description>
                <styleUrl>#SurfaceMovements</styleUrl>
                <Point>
                    <coordinates>-64.97139999999999,18.17215</coordinates>
                </Point>
            </Placemark>
            <Placemark>
                <name>uvi_02 Surface Movement</name>
                <visibility>1</visibility>
                <description>&lt;b&gt;18°10.329'N 64°58.284'W&lt;br/&gt;Time of GPS Position: 2024-11-19 09:53:49&lt;br/&gt;&lt;/b&gt;</description>
                <styleUrl>#SurfaceMovements</styleUrl>
                <Point>
                    <coordinates>-64.97139999999999,18.17215</coordinates>
                </Point>
            </Placemark>
            <Placemark>
                <name>uvi_02 Surface Movement</name>
                <visibility>1</visibility>
                <description>&lt;b&gt;18°10.449'N 64°58.292'W&lt;br/&gt;Time of GPS Position: 2024-11-19 10:25:19&lt;br/&gt;&lt;/b&gt;</description>
                <styleUrl>#SurfaceMovements</styleUrl>
                <Point>
                    <coordinates>-64.97153333333334,18.17415</coordinates>
                </Point>
            </Placemark>
            <Placemark>
                <name>uvi_02 Surface Movement</name>
                <visibility>1</visibility>
                <description>&lt;b&gt;18°10.449'N 64°58.292'W&lt;br/&gt;Time of GPS Position: 2024-11-19 10:25:19&lt;br/&gt;&lt;/b&gt;</description>
                <styleUrl>#SurfaceMovements</styleUrl>
                <Point>
                    <coordinates>-64.97153333333334,18.17415</coordinates>
                </Point>
            </Placemark>
            <Placemark>
                <name>uvi_02 Surface Movement</name>
                <visibility>1</visibility>
                <description>&lt;b&gt;18°10.49'N 64°58.468'W&lt;br/&gt;Time of GPS Position: 2024-11-19 10:56:29&lt;br/&gt;&lt;/b&gt;</description>
                <styleUrl>#SurfaceMovements</styleUrl>
                <Point>
                    <coordinates>-64.97446666666666,18.174833333333332</coordinates>
                </Point>
            </Placemark>
            <Placemark>
                <name>uvi_02 Surface Movement</name>
                <visibility>1</visibility>
                <description>&lt;b&gt;18°10.49'N 64°58.468'W&lt;br/&gt;Time of GPS Position: 2024-11-19 10:56:29&lt;br/&gt;&lt;/b&gt;</description>
                <styleUrl>#SurfaceMovements</styleUrl>
                <Point>
                    <coordinates>-64.97446666666666,18.174833333333332</coordinates>
                </Point>
            </Placemark>
            <Placemark>
                <name>uvi_02 Surface Movement</name>
                <visibility>1</visibility>
                <description>&lt;b&gt;18°10.527'N 64°58.659'W&lt;br/&gt;Time of GPS Position: 2024-11-19 11:27:04&lt;br/&gt;&lt;/b&gt;</description>
                <styleUrl>#SurfaceMovements</styleUrl>
                <Point>
                    <coordinates>-64.97765,18.17545</coordinates>
                </Point>
            </Placemark>
            <Placemark>
                <name>uvi_02 Surface Movement</name>
                <visibility>1</visibility>
                <description>&lt;b&gt;18°10.527'N 64°58.659'W&lt;br/&gt;Time of GPS Position: 2024-11-19 11:27:05&lt;br/&gt;&lt;/b&gt;</description>
                <styleUrl>#SurfaceMovements</styleUrl>
                <Point>
                    <coordinates>-64.97765,18.17545</coordinates>
                </Point>
            </Placemark>
            <Placemark>
                <name>uvi_02 Surface Movement</name>
                <visibility>1</visibility>
                <description>&lt;b&gt;18°10.562'N 64°58.853'W&lt;br/&gt;Time of GPS Position: 2024-11-19 11:57:34&lt;br/&gt;&lt;/b&gt;</description>
                <styleUrl>#SurfaceMovements</styleUrl>
                <Point>
                    <coordinates>-64.98088333333334,18.176033333333333</coordinates>
                </Point>
            </Placemark>
            <Placemark>
                <name>uvi_02 Surface Movement</name>
                <visibility>1</visibility>
                <description>&lt;b&gt;18°10.562'N 64°58.853'W&lt;br/&gt;Time of GPS Position: 2024-11-19 11:57:35&lt;br/&gt;&lt;/b&gt;</description>
                <styleUrl>#SurfaceMovements</styleUrl>
                <Point>
                    <coordinates>-64.98088333333334,18.176033333333333</coordinates>
                </Point>
            </Placemark>
            <Placemark>
                <name>uvi_02 Surface Movement</name>
                <visibility>1</visibility>
                <description>&lt;b&gt;18°10.614'N 64°58.656'W&lt;br/&gt;Time of GPS Position: 2024-11-19 12:25:58&lt;br/&gt;&lt;/b&gt;</description>
                <styleUrl>#SurfaceMovements</styleUrl>
                <Point>
                    <coordinates>-64.9776,18.1769</coordinates>
                </Point>
            </Placemark>
            <Placemark>
                <name>uvi_02 Surface Movement</name>
                <visibility>1</visibility>
                <description>&lt;b&gt;18°10.614'N 64°58.656'W&lt;br/&gt;Time of GPS Position: 2024-11-19 12:25:59&lt;br/&gt;&lt;/b&gt;</description>
                <styleUrl>#SurfaceMovements</styleUrl>
                <Point>
                    <coordinates>-64.9776,18.1769</coordinates>
                </Point>
            </Placemark>
            <Placemark>
                <name>uvi_02 Surface Movement</name>
                <visibility>1</visibility>
                <description>&lt;b&gt;18°10.672'N 64°58.559'W&lt;br/&gt;Time of GPS Position: 2024-11-19 12:47:24&lt;br/&gt;&lt;/b&gt;</description>
                <styleUrl>#SurfaceMovements</styleUrl>
                <Point>
                    <coordinates>-64.97598333333333,18.177866666666667</coordinates>
                </Point>
            </Placemark>
            <Placemark>
                <name>uvi_02 Surface Movement</name>
                <visibility>1</visibility>
                <description>&lt;b&gt;18°10.672'N 64°58.559'W&lt;br/&gt;Time of GPS Position: 2024-11-19 12:47:25&lt;br/&gt;&lt;/b&gt;</description>
                <styleUrl>#SurfaceMovements</styleUrl>
                <Point>
                    <coordinates>-64.97598333333333,18.177866666666667</coordinates>
                </Point>
            </Placemark>
            <Placemark>
                <name>uvi_02 Surface Movement</name>
                <visibility>1</visibility>
                <description>&lt;b&gt;18°10.614'N 64°58.656'W !!!Not Valid!!!&lt;br/&gt;Time of GPS Position: 2024-11-19 14:16:12&lt;br/&gt;&lt;/b&gt;</description>
                <styleUrl>#SurfaceMovements</styleUrl>
                <Point>
                    <coordinates>-64.9776,18.1769</coordinates>
                </Point>
            </Placemark>
        </Folder>
        <Folder>
            <name>Glider Tracks</name>
            <Placemark>
                <name>uvi_02 Track</name>
                <visibility>1</visibility>
                <description>&lt;b&gt;Start: 18°18.907'N 64°57.916'W&lt;br/&gt;End: 18°17.377'N 64°57.804'W&lt;br/&gt;Range: 2.84km&lt;br/&gt;Speed: 9.63m/s @ 176&amp;deg;&lt;br/&gt;&lt;/b&gt;</description>
                <styleUrl>#GliderTrack</styleUrl>
                <LineString>
                    <coordinates>-64.96526666666666,18.315116666666665 -64.96340000000001,18.289616666666667</coordinates>
                </LineString>
            </Placemark>
            <Placemark>
                <name>uvi_02 Track</name>
                <visibility>1</visibility>
                <description>&lt;b&gt;Start: 18°17.377'N 64°57.804'W&lt;br/&gt;End: 18°17.377'N 64°57.804'W&lt;br/&gt;Range: 0.00m&lt;br/&gt;Speed: NaNm/s @ 0&amp;deg;&lt;br/&gt;&lt;/b&gt;</description>
                <styleUrl>#GliderTrack</styleUrl>
                <LineString>
                    <coordinates>-64.96340000000001,18.289616666666667 -64.96340000000001,18.289616666666667</coordinates>
                </LineString>
            </Placemark>
            <Placemark>
                <name>uvi_02 Track</name>
                <visibility>1</visibility>
                <description>&lt;b&gt;Start: 18°17.377'N 64°57.804'W&lt;br/&gt;End: 18°17.377'N 64°57.804'W&lt;br/&gt;Range: 0.00m&lt;br/&gt;Speed: 0.00m/s @ 0&amp;deg;&lt;br/&gt;&lt;/b&gt;</description>
                <styleUrl>#GliderTrack</styleUrl>
                <LineString>
                    <coordinates>-64.96340000000001,18.289616666666667 -64.96340000000001,18.289616666666667</coordinates>
                </LineString>
            </Placemark>
            <Placemark>
                <name>uvi_02 Track</name>
                <visibility>1</visibility>
                <description>&lt;b&gt;Start: 18°17.377'N 64°57.804'W&lt;br/&gt;End: 18°17.377'N 64°57.804'W&lt;br/&gt;Range: 0.00m&lt;br/&gt;Speed: NaNm/s @ 0&amp;deg;&lt;br/&gt;&lt;/b&gt;</description>
                <styleUrl>#GliderTrack</styleUrl>
                <LineString>
                    <coordinates>-64.96340000000001,18.289616666666667 -64.96340000000001,18.289616666666667</coordinates>
                </LineString>
            </Placemark>
            <Placemark>
                <name>uvi_02 Track</name>
                <visibility>1</visibility>
                <description>&lt;b&gt;Start: 18°17.377'N 64°57.804'W&lt;br/&gt;End: 18°10.705'N 64°58.474'W&lt;br/&gt;Range: 12.42km&lt;br/&gt;Speed: 8.57m/s @ 185&amp;deg;&lt;br/&gt;&lt;/b&gt;</description>
                <styleUrl>#GliderTrack</styleUrl>
                <LineString>
                    <coordinates>-64.96340000000001,18.289616666666667 -64.97456666666668,18.178416666666667</coordinates>
                </LineString>
            </Placemark>
            <Placemark>
                <name>uvi_02 Track</name>
                <visibility>1</visibility>
                <description>&lt;b&gt;Start: 18°10.705'N 64°58.474'W&lt;br/&gt;End: 18°10.705'N 64°58.474'W&lt;br/&gt;Range: 0.00m&lt;br/&gt;Speed: NaNm/s @ 0&amp;deg;&lt;br/&gt;&lt;/b&gt;</description>
                <styleUrl>#GliderTrack</styleUrl>
                <LineString>
                    <coordinates>-64.97456666666668,18.178416666666667 -64.97456666666668,18.178416666666667</coordinates>
                </LineString>
            </Placemark>
            <Placemark>
                <name>uvi_02 Track</name>
                <visibility>1</visibility>
                <description>&lt;b&gt;Start: 18°10.705'N 64°58.474'W&lt;br/&gt;End: 18°10.705'N 64°58.474'W&lt;br/&gt;Range: 0.00m&lt;br/&gt;Speed: 0.00m/s @ 0&amp;deg;&lt;br/&gt;&lt;/b&gt;</description>
                <styleUrl>#GliderTrack</styleUrl>
                <LineString>
                    <coordinates>-64.97456666666668,18.178416666666667 -64.97456666666668,18.178416666666667</coordinates>
                </LineString>
            </Placemark>
            <Placemark>
                <name>uvi_02 Track</name>
                <visibility>1</visibility>
                <description>&lt;b&gt;Start: 18°10.705'N 64°58.474'W&lt;br/&gt;End: 18°10.743'N 64°58.617'W&lt;br/&gt;Range: 261.45m&lt;br/&gt;Speed: 0.30m/s @ 286&amp;deg;&lt;br/&gt;&lt;/b&gt;</description>
                <styleUrl>#GliderTrack</styleUrl>
                <LineString>
                    <coordinates>-64.97456666666668,18.178416666666667 -64.97695,18.17905</coordinates>
                </LineString>
            </Placemark>
            <Placemark>
                <name>uvi_02 Track</name>
                <visibility>1</visibility>
                <description>&lt;b&gt;Start: 18°10.743'N 64°58.617'W&lt;br/&gt;End: 18°10.743'N 64°58.617'W&lt;br/&gt;Range: 0.00m&lt;br/&gt;Speed: NaNm/s @ 0&amp;deg;&lt;br/&gt;&lt;/b&gt;</description>
                <styleUrl>#GliderTrack</styleUrl>
                <LineString>
                    <coordinates>-64.97695,18.17905 -64.97695,18.17905</coordinates>
                </LineString>
            </Placemark>
            <Placemark>
                <name>uvi_02 Track</name>
                <visibility>1</visibility>
                <description>&lt;b&gt;Start: 18°10.743'N 64°58.617'W&lt;br/&gt;End: 18°10.785'N 64°58.687'W&lt;br/&gt;Range: 145.77m&lt;br/&gt;Speed: 0.18m/s @ 302&amp;deg;&lt;br/&gt;&lt;/b&gt;</description>
                <styleUrl>#GliderTrack</styleUrl>
                <LineString>
                    <coordinates>-64.97695,18.17905 -64.97811666666666,18.179750000000002</coordinates>
                </LineString>
            </Placemark>
            <Placemark>
                <name>uvi_02 Track</name>
                <visibility>1</visibility>
                <description>&lt;b&gt;Start: 18°10.785'N 64°58.687'W&lt;br/&gt;End: 18°10.785'N 64°58.687'W&lt;br/&gt;Range: 0.00m&lt;br/&gt;Speed: NaNm/s @ 0&amp;deg;&lt;br/&gt;&lt;/b&gt;</description>
                <styleUrl>#GliderTrack</styleUrl>
                <LineString>
                    <coordinates>-64.97811666666666,18.179750000000002 -64.97811666666666,18.179750000000002</coordinates>
                </LineString>
            </Placemark>
            <Placemark>
                <name>uvi_02 Track</name>
                <visibility>1</visibility>
                <description>&lt;b&gt;Start: 18°10.785'N 64°58.687'W&lt;br/&gt;End: 18°10.801'N 64°58.927'W&lt;br/&gt;Range: 423.62m&lt;br/&gt;Speed: 0.19m/s @ 274&amp;deg;&lt;br/&gt;&lt;/b&gt;</description>
                <styleUrl>#GliderTrack</styleUrl>
                <LineString>
                    <coordinates>-64.97811666666666,18.179750000000002 -64.98211666666666,18.180016666666667</coordinates>
                </LineString>
            </Placemark>
            <Placemark>
                <name>uvi_02 Track</name>
                <visibility>1</visibility>
                <description>&lt;b&gt;Start: 18°10.801'N 64°58.927'W&lt;br/&gt;End: 18°10.801'N 64°58.927'W&lt;br/&gt;Range: 0.00m&lt;br/&gt;Speed: 0.00m/s @ 0&amp;deg;&lt;br/&gt;&lt;/b&gt;</description>
                <styleUrl>#GliderTrack</styleUrl>
                <LineString>
                    <coordinates>-64.98211666666666,18.180016666666667 -64.98211666666666,18.180016666666667</coordinates>
                </LineString>
            </Placemark>
            <Placemark>
                <name>uvi_02 Track</name>
                <visibility>1</visibility>
                <description>&lt;b&gt;Start: 18°10.801'N 64°58.927'W&lt;br/&gt;End: 18°10.744'N 64°59.113'W&lt;br/&gt;Range: 344.11m&lt;br/&gt;Speed: 0.15m/s @ 252&amp;deg;&lt;br/&gt;&lt;/b&gt;</description>
                <styleUrl>#GliderTrack</styleUrl>
                <LineString>
                    <coordinates>-64.98211666666666,18.180016666666667 -64.98521666666667,18.179066666666664</coordinates>
                </LineString>
            </Placemark>
            <Placemark>
                <name>uvi_02 Track</name>
                <visibility>1</visibility>
                <description>&lt;b&gt;Start: 18°10.744'N 64°59.113'W&lt;br/&gt;End: 18°10.744'N 64°59.113'W&lt;br/&gt;Range: 0.00m&lt;br/&gt;Speed: NaNm/s @ 0&amp;deg;&lt;br/&gt;&lt;/b&gt;</description>
                <styleUrl>#GliderTrack</styleUrl>
                <LineString>
                    <coordinates>-64.98521666666667,18.179066666666664 -64.98521666666667,18.179066666666664</coordinates>
                </LineString>
            </Placemark>
            <Placemark>
                <name>uvi_02 Track</name>
                <visibility>1</visibility>
                <description>&lt;b&gt;Start: 18°10.744'N 64°59.113'W&lt;br/&gt;End: 18°10.383'N 64°59.341'W&lt;br/&gt;Range: 780.23m&lt;br/&gt;Speed: 0.13m/s @ 211&amp;deg;&lt;br/&gt;&lt;/b&gt;</description>
                <styleUrl>#GliderTrack</styleUrl>
                <LineString>
                    <coordinates>-64.98521666666667,18.179066666666664 -64.98901666666667,18.17305</coordinates>
                </LineString>
            </Placemark>
            <Placemark>
                <name>uvi_02 Track</name>
                <visibility>1</visibility>
                <description>&lt;b&gt;Start: 18°10.383'N 64°59.341'W&lt;br/&gt;End: 18°10.383'N 64°59.341'W&lt;br/&gt;Range: 0.00m&lt;br/&gt;Speed: NaNm/s @ 0&amp;deg;&lt;br/&gt;&lt;/b&gt;</description>
                <styleUrl>#GliderTrack</styleUrl>
                <LineString>
                    <coordinates>-64.98901666666667,18.17305 -64.98901666666667,18.17305</coordinates>
                </LineString>
            </Placemark>
            <Placemark>
                <name>uvi_02 Track</name>
                <visibility>1</visibility>
                <description>&lt;b&gt;Start: 18°10.383'N 64°59.341'W&lt;br/&gt;End: 18°10.383'N 64°59.341'W&lt;br/&gt;Range: 0.00m&lt;br/&gt;Speed: NaNm/s @ 0&amp;deg;&lt;br/&gt;&lt;/b&gt;</description>
                <styleUrl>#GliderTrack</styleUrl>
                <LineString>
                    <coordinates>-64.98901666666667,18.17305 -64.98901666666667,18.17305</coordinates>
                </LineString>
            </Placemark>
            <Placemark>
                <name>uvi_02 Track</name>
                <visibility>1</visibility>
                <description>&lt;b&gt;Start: 18°10.383'N 64°59.341'W&lt;br/&gt;End: 18°10.383'N 64°59.341'W&lt;br/&gt;Range: 0.00m&lt;br/&gt;Speed: NaNm/s @ 0&amp;deg;&lt;br/&gt;&lt;/b&gt;</description>
                <styleUrl>#GliderTrack</styleUrl>
                <LineString>
                    <coordinates>-64.98901666666667,18.17305 -64.98901666666667,18.17305</coordinates>
                </LineString>
            </Placemark>
            <Placemark>
                <name>uvi_02 Track</name>
                <visibility>1</visibility>
                <description>&lt;b&gt;Start: 18°10.383'N 64°59.341'W&lt;br/&gt;End: 18°10.073'N 64°59.478'W&lt;br/&gt;Range: 623.10m&lt;br/&gt;Speed: 0.24m/s @ 203&amp;deg;&lt;br/&gt;&lt;/b&gt;</description>
                <styleUrl>#GliderTrack</styleUrl>
                <LineString>
                    <coordinates>-64.98901666666667,18.17305 -64.9913,18.167883333333336</coordinates>
                </LineString>
            </Placemark>
            <Placemark>
                <name>uvi_02 Track</name>
                <visibility>1</visibility>
                <description>&lt;b&gt;Start: 18°10.073'N 64°59.478'W&lt;br/&gt;End: 18°10.073'N 64°59.478'W&lt;br/&gt;Range: 0.00m&lt;br/&gt;Speed: 0.00m/s @ 0&amp;deg;&lt;br/&gt;&lt;/b&gt;</description>
                <styleUrl>#GliderTrack</styleUrl>
                <LineString>
                    <coordinates>-64.9913,18.167883333333336 -64.9913,18.167883333333336</coordinates>
                </LineString>
            </Placemark>
            <Placemark>
                <name>uvi_02 Track</name>
                <visibility>1</visibility>
                <description>&lt;b&gt;Start: 18°10.073'N 64°59.478'W&lt;br/&gt;End: 18°10.073'N 64°59.478'W&lt;br/&gt;Range: 0.00m&lt;br/&gt;Speed: NaNm/s @ 0&amp;deg;&lt;br/&gt;&lt;/b&gt;</description>
                <styleUrl>#GliderTrack</styleUrl>
                <LineString>
                    <coordinates>-64.9913,18.167883333333336 -64.9913,18.167883333333336</coordinates>
                </LineString>
            </Placemark>
            <Placemark>
                <name>uvi_02 Track</name>
                <visibility>1</visibility>
                <description>&lt;b&gt;Start: 18°10.073'N 64°59.478'W&lt;br/&gt;End: 18°10.073'N 64°59.478'W&lt;br/&gt;Range: 0.00m&lt;br/&gt;Speed: NaNm/s @ 0&amp;deg;&lt;br/&gt;&lt;/b&gt;</description>
                <styleUrl>#GliderTrack</styleUrl>
                <LineString>
                    <coordinates>-64.9913,18.167883333333336 -64.9913,18.167883333333336</coordinates>
                </LineString>
            </Placemark>
            <Placemark>
                <name>uvi_02 Track</name>
                <visibility>1</visibility>
                <description>&lt;b&gt;Start: 18°10.073'N 64°59.478'W&lt;br/&gt;End: 18°10.073'N 64°59.478'W&lt;br/&gt;Range: 0.00m&lt;br/&gt;Speed: NaNm/s @ 0&amp;deg;&lt;br/&gt;&lt;/b&gt;</description>
                <styleUrl>#GliderTrack</styleUrl>
                <LineString>
                    <coordinates>-64.9913,18.167883333333336 -64.9913,18.167883333333336</coordinates>
                </LineString>
            </Placemark>
            <Placemark>
                <name>uvi_02 Track</name>
                <visibility>1</visibility>
                <description>&lt;b&gt;Start: 18°10.073'N 64°59.478'W&lt;br/&gt;End: 18°09.198'N 64°59.817'W&lt;br/&gt;Range: 1.73km&lt;br/&gt;Speed: 0.25m/s @ 200&amp;deg;&lt;br/&gt;&lt;/b&gt;</description>
                <styleUrl>#GliderTrack</styleUrl>
                <LineString>
                    <coordinates>-64.9913,18.167883333333336 -64.99695,18.1533</coordinates>
                </LineString>
            </Placemark>
            <Placemark>
                <name>uvi_02 Track</name>
                <visibility>1</visibility>
                <description>&lt;b&gt;Start: 18°09.198'N 64°59.817'W&lt;br/&gt;End: 18°09.198'N 64°59.817'W&lt;br/&gt;Range: 0.00m&lt;br/&gt;Speed: NaNm/s @ 0&amp;deg;&lt;br/&gt;&lt;/b&gt;</description>
                <styleUrl>#GliderTrack</styleUrl>
                <LineString>
                    <coordinates>-64.99695,18.1533 -64.99695,18.1533</coordinates>
                </LineString>
            </Placemark>
            <Placemark>
                <name>uvi_02 Track</name>
                <visibility>1</visibility>
                <description>&lt;b&gt;Start: 18°09.198'N 64°59.817'W&lt;br/&gt;End: 18°09.112'N 64°59.282'W&lt;br/&gt;Range: 955.53m&lt;br/&gt;Speed: 0.14m/s @ 100&amp;deg;&lt;br/&gt;&lt;/b&gt;</description>
                <styleUrl>#GliderTrack</styleUrl>
                <LineString>
                    <coordinates>-64.99695,18.1533 -64.98803333333333,18.151866666666667</coordinates>
                </LineString>
            </Placemark>
            <Placemark>
                <name>uvi_02 Track</name>
                <visibility>1</visibility>
                <description>&lt;b&gt;Start: 18°09.112'N 64°59.282'W&lt;br/&gt;End: 18°09.112'N 64°59.282'W&lt;br/&gt;Range: 0.00m&lt;br/&gt;Speed: 0.00m/s @ 0&amp;deg;&lt;br/&gt;&lt;/b&gt;</description>
                <styleUrl>#GliderTrack</styleUrl>
                <LineString>
                    <coordinates>-64.98803333333333,18.151866666666667 -64.98803333333333,18.151866666666667</coordinates>
                </LineString>
            </Placemark>
            <Placemark>
                <name>uvi_02 Track</name>
                <visibility>1</visibility>
                <description>&lt;b&gt;Start: 18°09.112'N 64°59.282'W&lt;br/&gt;End: 18°09.112'N 64°59.282'W&lt;br/&gt;Range: 0.00m&lt;br/&gt;Speed: NaNm/s @ 0&amp;deg;&lt;br/&gt;&lt;/b&gt;</description>
                <styleUrl>#GliderTrack</styleUrl>
                <LineString>
                    <coordinates>-64.98803333333333,18.151866666666667 -64.98803333333333,18.151866666666667</coordinates>
                </LineString>
            </Placemark>
            <Placemark>
                <name>uvi_02 Track</name>
                <visibility>1</visibility>
                <description>&lt;b&gt;Start: 18°09.112'N 64°59.282'W&lt;br/&gt;End: 18°09.137'N 64°58.824'W&lt;br/&gt;Range: 807.88m&lt;br/&gt;Speed: 0.12m/s @ 87&amp;deg;&lt;br/&gt;&lt;/b&gt;</description>
                <styleUrl>#GliderTrack</styleUrl>
                <LineString>
                    <coordinates>-64.98803333333333,18.151866666666667 -64.98039999999999,18.152283333333333</coordinates>
                </LineString>
            </Placemark>
            <Placemark>
                <name>uvi_02 Track</name>
                <visibility>1</visibility>
                <description>&lt;b&gt;Start: 18°09.137'N 64°58.824'W&lt;br/&gt;End: 18°09.137'N 64°58.824'W&lt;br/&gt;Range: 0.00m&lt;br/&gt;Speed: NaNm/s @ 0&amp;deg;&lt;br/&gt;&lt;/b&gt;</description>
                <styleUrl>#GliderTrack</styleUrl>
                <LineString>
                    <coordinates>-64.98039999999999,18.152283333333333 -64.98039999999999,18.152283333333333</coordinates>
                </LineString>
            </Placemark>
            <Placemark>
                <name>uvi_02 Track</name>
                <visibility>1</visibility>
                <description>&lt;b&gt;Start: 18°09.137'N 64°58.824'W&lt;br/&gt;End: 18°09.137'N 64°58.824'W&lt;br/&gt;Range: 0.00m&lt;br/&gt;Speed: NaNm/s @ 0&amp;deg;&lt;br/&gt;&lt;/b&gt;</description>
                <styleUrl>#GliderTrack</styleUrl>
                <LineString>
                    <coordinates>-64.98039999999999,18.152283333333333 -64.98039999999999,18.152283333333333</coordinates>
                </LineString>
            </Placemark>
            <Placemark>
                <name>uvi_02 Track</name>
                <visibility>1</visibility>
                <description>&lt;b&gt;Start: 18°09.137'N 64°58.824'W&lt;br/&gt;End: 18°09.198'N 64°58.359'W&lt;br/&gt;Range: 826.64m&lt;br/&gt;Speed: 0.12m/s @ 82&amp;deg;&lt;br/&gt;&lt;/b&gt;</description>
                <styleUrl>#GliderTrack</styleUrl>
                <LineString>
                    <coordinates>-64.98039999999999,18.152283333333333 -64.97265,18.1533</coordinates>
                </LineString>
            </Placemark>
            <Placemark>
                <name>uvi_02 Track</name>
                <visibility>1</visibility>
                <description>&lt;b&gt;Start: 18°09.198'N 64°58.359'W&lt;br/&gt;End: 18°09.198'N 64°58.359'W&lt;br/&gt;Range: 0.00m&lt;br/&gt;Speed: NaNm/s @ 0&amp;deg;&lt;br/&gt;&lt;/b&gt;</description>
                <styleUrl>#GliderTrack</styleUrl>
                <LineString>
                    <coordinates>-64.97265,18.1533 -64.97265,18.1533</coordinates>
                </LineString>
            </Placemark>
            <Placemark>
                <name>uvi_02 Track</name>
                <visibility>1</visibility>
                <description>&lt;b&gt;Start: 18°09.198'N 64°58.359'W&lt;br/&gt;End: 18°09.198'N 64°58.359'W&lt;br/&gt;Range: 0.00m&lt;br/&gt;Speed: NaNm/s @ 0&amp;deg;&lt;br/&gt;&lt;/b&gt;</description>
                <styleUrl>#GliderTrack</styleUrl>
                <LineString>
                    <coordinates>-64.97265,18.1533 -64.97265,18.1533</coordinates>
                </LineString>
            </Placemark>
            <Placemark>
                <name>uvi_02 Track</name>
                <visibility>1</visibility>
                <description>&lt;b&gt;Start: 18°09.198'N 64°58.359'W&lt;br/&gt;End: 18°09.263'N 64°57.864'W&lt;br/&gt;Range: 879.98m&lt;br/&gt;Speed: 0.13m/s @ 82&amp;deg;&lt;br/&gt;&lt;/b&gt;</description>
                <styleUrl>#GliderTrack</styleUrl>
                <LineString>
                    <coordinates>-64.97265,18.1533 -64.9644,18.15438333333333</coordinates>
                </LineString>
            </Placemark>
            <Placemark>
                <name>uvi_02 Track</name>
                <visibility>1</visibility>
                <description>&lt;b&gt;Start: 18°09.263'N 64°57.864'W&lt;br/&gt;End: 18°09.263'N 64°57.864'W&lt;br/&gt;Range: 0.00m&lt;br/&gt;Speed: NaNm/s @ 0&amp;deg;&lt;br/&gt;&lt;/b&gt;</description>
                <styleUrl>#GliderTrack</styleUrl>
                <LineString>
                    <coordinates>-64.9644,18.15438333333333 -64.9644,18.15438333333333</coordinates>
                </LineString>
            </Placemark>
            <Placemark>
                <name>uvi_02 Track</name>
                <visibility>1</visibility>
                <description>&lt;b&gt;Start: 18°09.263'N 64°57.864'W&lt;br/&gt;End: 18°09.201'N 64°57.456'W&lt;br/&gt;Range: 727.62m&lt;br/&gt;Speed: 0.10m/s @ 99&amp;deg;&lt;br/&gt;&lt;/b&gt;</description>
                <styleUrl>#GliderTrack</styleUrl>
                <LineString>
                    <coordinates>-64.9644,18.15438333333333 -64.9576,18.15335</coordinates>
                </LineString>
            </Placemark>
            <Placemark>
                <name>uvi_02 Track</name>
                <visibility>1</visibility>
                <description>&lt;b&gt;Start: 18°09.201'N 64°57.456'W&lt;br/&gt;End: 18°09.201'N 64°57.456'W&lt;br/&gt;Range: 0.00m&lt;br/&gt;Speed: NaNm/s @ 0&amp;deg;&lt;br/&gt;&lt;/b&gt;</description>
                <styleUrl>#GliderTrack</styleUrl>
                <LineString>
                    <coordinates>-64.9576,18.15335 -64.9576,18.15335</coordinates>
                </LineString>
            </Placemark>
            <Placemark>
                <name>uvi_02 Track</name>
                <visibility>1</visibility>
                <description>&lt;b&gt;Start: 18°09.201'N 64°57.456'W&lt;br/&gt;End: 18°09.009'N 64°56.931'W&lt;br/&gt;Range: 990.64m&lt;br/&gt;Speed: 0.15m/s @ 111&amp;deg;&lt;br/&gt;&lt;/b&gt;</description>
                <styleUrl>#GliderTrack</styleUrl>
                <LineString>
                    <coordinates>-64.9576,18.15335 -64.94885,18.15015</coordinates>
                </LineString>
            </Placemark>
            <Placemark>
                <name>uvi_02 Track</name>
                <visibility>1</visibility>
                <description>&lt;b&gt;Start: 18°09.009'N 64°56.931'W&lt;br/&gt;End: 18°09.009'N 64°56.931'W&lt;br/&gt;Range: 0.00m&lt;br/&gt;Speed: NaNm/s @ 0&amp;deg;&lt;br/&gt;&lt;/b&gt;</description>
                <styleUrl>#GliderTrack</styleUrl>
                <LineString>
                    <coordinates>-64.94885,18.15015 -64.94885,18.15015</coordinates>
                </LineString>
            </Placemark>
            <Placemark>
                <name>uvi_02 Track</name>
                <visibility>1</visibility>
                <description>&lt;b&gt;Start: 18°09.009'N 64°56.931'W&lt;br/&gt;End: 18°09.009'N 64°56.931'W&lt;br/&gt;Range: 0.00m&lt;br/&gt;Speed: 0.00m/s @ 0&amp;deg;&lt;br/&gt;&lt;/b&gt;</description>
                <styleUrl>#GliderTrack</styleUrl>
                <LineString>
                    <coordinates>-64.94885,18.15015 -64.94885,18.15015</coordinates>
                </LineString>
            </Placemark>
            <Placemark>
                <name>uvi_02 Track</name>
                <visibility>1</visibility>
                <description>&lt;b&gt;Start: 18°09.009'N 64°56.931'W&lt;br/&gt;End: 18°08.813'N 64°56.653'W&lt;br/&gt;Range: 609.61m&lt;br/&gt;Speed: 0.09m/s @ 127&amp;deg;&lt;br/&gt;&lt;/b&gt;</description>
                <styleUrl>#GliderTrack</styleUrl>
                <LineString>
                    <coordinates>-64.94885,18.15015 -64.94421666666668,18.146883333333335</coordinates>
                </LineString>
            </Placemark>
            <Placemark>
                <name>uvi_02 Track</name>
                <visibility>1</visibility>
                <description>&lt;b&gt;Start: 18°08.813'N 64°56.653'W&lt;br/&gt;End: 18°08.813'N 64°56.653'W&lt;br/&gt;Range: 0.00m&lt;br/&gt;Speed: NaNm/s @ 0&amp;deg;&lt;br/&gt;&lt;/b&gt;</description>
                <styleUrl>#GliderTrack</styleUrl>
                <LineString>
                    <coordinates>-64.94421666666668,18.146883333333335 -64.94421666666668,18.146883333333335</coordinates>
                </LineString>
            </Placemark>
            <Placemark>
                <name>uvi_02 Track</name>
                <visibility>1</visibility>
                <description>&lt;b&gt;Start: 18°08.813'N 64°56.653'W&lt;br/&gt;End: 18°08.851'N 64°56.398'W&lt;br/&gt;Range: 454.56m&lt;br/&gt;Speed: 0.07m/s @ 81&amp;deg;&lt;br/&gt;&lt;/b&gt;</description>
                <styleUrl>#GliderTrack</styleUrl>
                <LineString>
                    <coordinates>-64.94421666666668,18.146883333333335 -64.93996666666666,18.147516666666668</coordinates>
                </LineString>
            </Placemark>
            <Placemark>
                <name>uvi_02 Track</name>
                <visibility>1</visibility>
                <description>&lt;b&gt;Start: 18°08.851'N 64°56.398'W&lt;br/&gt;End: 18°08.851'N 64°56.398'W&lt;br/&gt;Range: 0.00m&lt;br/&gt;Speed: 0.00m/s @ 0&amp;deg;&lt;br/&gt;&lt;/b&gt;</description>
                <styleUrl>#GliderTrack</styleUrl>
                <LineString>
                    <coordinates>-64.93996666666666,18.147516666666668 -64.93996666666666,18.147516666666668</coordinates>
                </LineString>
            </Placemark>
            <Placemark>
                <name>uvi_02 Track</name>
                <visibility>1</visibility>
                <description>&lt;b&gt;Start: 18°08.851'N 64°56.398'W&lt;br/&gt;End: 18°08.851'N 64°56.398'W&lt;br/&gt;Range: 0.00m&lt;br/&gt;Speed: NaNm/s @ 0&amp;deg;&lt;br/&gt;&lt;/b&gt;</description>
                <styleUrl>#GliderTrack</styleUrl>
                <LineString>
                    <coordinates>-64.93996666666666,18.147516666666668 -64.93996666666666,18.147516666666668</coordinates>
                </LineString>
            </Placemark>
            <Placemark>
                <name>uvi_02 Track</name>
                <visibility>1</visibility>
                <description>&lt;b&gt;Start: 18°08.851'N 64°56.398'W&lt;br/&gt;End: 18°08.978'N 64°56.119'W&lt;br/&gt;Range: 544.80m&lt;br/&gt;Speed: 0.08m/s @ 64&amp;deg;&lt;br/&gt;&lt;/b&gt;</description>
                <styleUrl>#GliderTrack</styleUrl>
                <LineString>
                    <coordinates>-64.93996666666666,18.147516666666668 -64.93531666666667,18.149633333333334</coordinates>
                </LineString>
            </Placemark>
            <Placemark>
                <name>uvi_02 Track</name>
                <visibility>1</visibility>
                <description>&lt;b&gt;Start: 18°08.978'N 64°56.119'W&lt;br/&gt;End: 18°08.978'N 64°56.119'W&lt;br/&gt;Range: 0.00m&lt;br/&gt;Speed: NaNm/s @ 0&amp;deg;&lt;br/&gt;&lt;/b&gt;</description>
                <styleUrl>#GliderTrack</styleUrl>
                <LineString>
                    <coordinates>-64.93531666666667,18.149633333333334 -64.93531666666667,18.149633333333334</coordinates>
                </LineString>
            </Placemark>
            <Placemark>
                <name>uvi_02 Track</name>
                <visibility>1</visibility>
                <description>&lt;b&gt;Start: 18°08.978'N 64°56.119'W&lt;br/&gt;End: 18°08.978'N 64°56.119'W&lt;br/&gt;Range: 0.00m&lt;br/&gt;Speed: NaNm/s @ 0&amp;deg;&lt;br/&gt;&lt;/b&gt;</description>
                <styleUrl>#GliderTrack</styleUrl>
                <LineString>
                    <coordinates>-64.93531666666667,18.149633333333334 -64.93531666666667,18.149633333333334</coordinates>
                </LineString>
            </Placemark>
            <Placemark>
                <name>uvi_02 Track</name>
                <visibility>1</visibility>
                <description>&lt;b&gt;Start: 18°08.978'N 64°56.119'W&lt;br/&gt;End: 18°08.999'N 64°55.876'W&lt;br/&gt;Range: 429.70m&lt;br/&gt;Speed: 0.06m/s @ 85&amp;deg;&lt;br/&gt;&lt;/b&gt;</description>
                <styleUrl>#GliderTrack</styleUrl>
                <LineString>
                    <coordinates>-64.93531666666667,18.149633333333334 -64.93126666666667,18.149983333333335</coordinates>
                </LineString>
            </Placemark>
            <Placemark>
                <name>uvi_02 Track</name>
                <visibility>1</visibility>
                <description>&lt;b&gt;Start: 18°08.999'N 64°55.876'W&lt;br/&gt;End: 18°08.999'N 64°55.876'W&lt;br/&gt;Range: 0.00m&lt;br/&gt;Speed: NaNm/s @ 0&amp;deg;&lt;br/&gt;&lt;/b&gt;</description>
                <styleUrl>#GliderTrack</styleUrl>
                <LineString>
                    <coordinates>-64.93126666666667,18.149983333333335 -64.93126666666667,18.149983333333335</coordinates>
                </LineString>
            </Placemark>
            <Placemark>
                <name>uvi_02 Track</name>
                <visibility>1</visibility>
                <description>&lt;b&gt;Start: 18°08.999'N 64°55.876'W&lt;br/&gt;End: 18°09.06'N 64°55.587'W&lt;br/&gt;Range: 521.34m&lt;br/&gt;Speed: 0.07m/s @ 77&amp;deg;&lt;br/&gt;&lt;/b&gt;</description>
                <styleUrl>#GliderTrack</styleUrl>
                <LineString>
                    <coordinates>-64.93126666666667,18.149983333333335 -64.92645,18.151</coordinates>
                </LineString>
            </Placemark>
            <Placemark>
                <name>uvi_02 Track</name>
                <visibility>1</visibility>
                <description>&lt;b&gt;Start: 18°09.06'N 64°55.587'W&lt;br/&gt;End: 18°09.06'N 64°55.587'W&lt;br/&gt;Range: 0.00m&lt;br/&gt;Speed: NaNm/s @ 0&amp;deg;&lt;br/&gt;&lt;/b&gt;</description>
                <styleUrl>#GliderTrack</styleUrl>
                <LineString>
                    <coordinates>-64.92645,18.151 -64.92645,18.151</coordinates>
                </LineString>
            </Placemark>
            <Placemark>
                <name>uvi_02 Track</name>
                <visibility>1</visibility>
                <description>&lt;b&gt;Start: 18°09.06'N 64°55.587'W&lt;br/&gt;End: 18°09.06'N 64°55.587'W&lt;br/&gt;Range: 0.00m&lt;br/&gt;Speed: NaNm/s @ 0&amp;deg;&lt;br/&gt;&lt;/b&gt;</description>
                <styleUrl>#GliderTrack</styleUrl>
                <LineString>
                    <coordinates>-64.92645,18.151 -64.92645,18.151</coordinates>
                </LineString>
            </Placemark>
            <Placemark>
                <name>uvi_02 Track</name>
                <visibility>1</visibility>
                <description>&lt;b&gt;Start: 18°09.06'N 64°55.587'W&lt;br/&gt;End: 18°08.995'N 64°55.352'W&lt;br/&gt;Range: 431.02m&lt;br/&gt;Speed: 0.06m/s @ 106&amp;deg;&lt;br/&gt;&lt;/b&gt;</description>
                <styleUrl>#GliderTrack</styleUrl>
                <LineString>
                    <coordinates>-64.92645,18.151 -64.92253333333333,18.149916666666666</coordinates>
                </LineString>
            </Placemark>
            <Placemark>
                <name>uvi_02 Track</name>
                <visibility>1</visibility>
                <description>&lt;b&gt;Start: 18°08.995'N 64°55.352'W&lt;br/&gt;End: 18°08.995'N 64°55.352'W&lt;br/&gt;Range: 0.00m&lt;br/&gt;Speed: NaNm/s @ 0&amp;deg;&lt;br/&gt;&lt;/b&gt;</description>
                <styleUrl>#GliderTrack</styleUrl>
                <LineString>
                    <coordinates>-64.92253333333333,18.149916666666666 -64.92253333333333,18.149916666666666</coordinates>
                </LineString>
            </Placemark>
            <Placemark>
                <name>uvi_02 Track</name>
                <visibility>1</visibility>
                <description>&lt;b&gt;Start: 18°08.995'N 64°55.352'W&lt;br/&gt;End: 18°08.854'N 64°55.314'W&lt;br/&gt;Range: 269.74m&lt;br/&gt;Speed: 0.03m/s @ 166&amp;deg;&lt;br/&gt;&lt;/b&gt;</description>
                <styleUrl>#GliderTrack</styleUrl>
                <LineString>
                    <coordinates>-64.92253333333333,18.149916666666666 -64.92190000000001,18.147566666666666</coordinates>
                </LineString>
            </Placemark>
            <Placemark>
                <name>uvi_02 Track</name>
                <visibility>1</visibility>
                <description>&lt;b&gt;Start: 18°08.854'N 64°55.314'W&lt;br/&gt;End: 18°08.854'N 64°55.314'W&lt;br/&gt;Range: 0.00m&lt;br/&gt;Speed: NaNm/s @ 0&amp;deg;&lt;br/&gt;&lt;/b&gt;</description>
                <styleUrl>#GliderTrack</styleUrl>
                <LineString>
                    <coordinates>-64.92190000000001,18.147566666666666 -64.92190000000001,18.147566666666666</coordinates>
                </LineString>
            </Placemark>
            <Placemark>
                <name>uvi_02 Track</name>
                <visibility>1</visibility>
                <description>&lt;b&gt;Start: 18°08.854'N 64°55.314'W&lt;br/&gt;End: 18°08.854'N 64°55.314'W&lt;br/&gt;Range: 0.00m&lt;br/&gt;Speed: NaNm/s @ 0&amp;deg;&lt;br/&gt;&lt;/b&gt;</description>
                <styleUrl>#GliderTrack</styleUrl>
                <LineString>
                    <coordinates>-64.92190000000001,18.147566666666666 -64.92190000000001,18.147566666666666</coordinates>
                </LineString>
            </Placemark>
            <Placemark>
                <name>uvi_02 Track</name>
                <visibility>1</visibility>
                <description>&lt;b&gt;Start: 18°08.854'N 64°55.314'W&lt;br/&gt;End: 18°08.874'N 64°55.095'W&lt;br/&gt;Range: 387.45m&lt;br/&gt;Speed: 0.06m/s @ 85&amp;deg;&lt;br/&gt;&lt;/b&gt;</description>
                <styleUrl>#GliderTrack</styleUrl>
                <LineString>
                    <coordinates>-64.92190000000001,18.147566666666666 -64.91825,18.1479</coordinates>
                </LineString>
            </Placemark>
            <Placemark>
                <name>uvi_02 Track</name>
                <visibility>1</visibility>
                <description>&lt;b&gt;Start: 18°08.874'N 64°55.095'W&lt;br/&gt;End: 18°08.874'N 64°55.095'W&lt;br/&gt;Range: 0.00m&lt;br/&gt;Speed: NaNm/s @ 0&amp;deg;&lt;br/&gt;&lt;/b&gt;</description>
                <styleUrl>#GliderTrack</styleUrl>
                <LineString>
                    <coordinates>-64.91825,18.1479 -64.91825,18.1479</coordinates>
                </LineString>
            </Placemark>
            <Placemark>
                <name>uvi_02 Track</name>
                <visibility>1</visibility>
                <description>&lt;b&gt;Start: 18°08.874'N 64°55.095'W&lt;br/&gt;End: 18°08.874'N 64°55.095'W&lt;br/&gt;Range: 0.00m&lt;br/&gt;Speed: NaNm/s @ 0&amp;deg;&lt;br/&gt;&lt;/b&gt;</description>
                <styleUrl>#GliderTrack</styleUrl>
                <LineString>
                    <coordinates>-64.91825,18.1479 -64.91825,18.1479</coordinates>
                </LineString>
            </Placemark>
            <Placemark>
                <name>uvi_02 Track</name>
                <visibility>1</visibility>
                <description>&lt;b&gt;Start: 18°08.874'N 64°55.095'W&lt;br/&gt;End: 18°08.929'N 64°54.706'W&lt;br/&gt;Range: 692.59m&lt;br/&gt;Speed: 0.10m/s @ 82&amp;deg;&lt;br/&gt;&lt;/b&gt;</description>
                <styleUrl>#GliderTrack</styleUrl>
                <LineString>
                    <coordinates>-64.91825,18.1479 -64.91176666666667,18.14881666666667</coordinates>
                </LineString>
            </Placemark>
            <Placemark>
                <name>uvi_02 Track</name>
                <visibility>1</visibility>
                <description>&lt;b&gt;Start: 18°08.929'N 64°54.706'W&lt;br/&gt;End: 18°08.929'N 64°54.706'W&lt;br/&gt;Range: 0.00m&lt;br/&gt;Speed: NaNm/s @ 0&amp;deg;&lt;br/&gt;&lt;/b&gt;</description>
                <styleUrl>#GliderTrack</styleUrl>
                <LineString>
                    <coordinates>-64.91176666666667,18.14881666666667 -64.91176666666667,18.14881666666667</coordinates>
                </LineString>
            </Placemark>
            <Placemark>
                <name>uvi_02 Track</name>
                <visibility>1</visibility>
                <description>&lt;b&gt;Start: 18°08.929'N 64°54.706'W&lt;br/&gt;End: 18°08.929'N 64°54.706'W&lt;br/&gt;Range: 0.00m&lt;br/&gt;Speed: 0.00m/s @ 0&amp;deg;&lt;br/&gt;&lt;/b&gt;</description>
                <styleUrl>#GliderTrack</styleUrl>
                <LineString>
                    <coordinates>-64.91176666666667,18.14881666666667 -64.91176666666667,18.14881666666667</coordinates>
                </LineString>
            </Placemark>
            <Placemark>
                <name>uvi_02 Track</name>
                <visibility>1</visibility>
                <description>&lt;b&gt;Start: 18°08.929'N 64°54.706'W&lt;br/&gt;End: 18°08.972'N 64°54.182'W&lt;br/&gt;Range: 926.22m&lt;br/&gt;Speed: 0.14m/s @ 85&amp;deg;&lt;br/&gt;&lt;/b&gt;</description>
                <styleUrl>#GliderTrack</styleUrl>
                <LineString>
                    <coordinates>-64.91176666666667,18.14881666666667 -64.90303333333333,18.149533333333334</coordinates>
                </LineString>
            </Placemark>
            <Placemark>
                <name>uvi_02 Track</name>
                <visibility>1</visibility>
                <description>&lt;b&gt;Start: 18°08.972'N 64°54.182'W&lt;br/&gt;End: 18°08.972'N 64°54.182'W&lt;br/&gt;Range: 0.00m&lt;br/&gt;Speed: NaNm/s @ 0&amp;deg;&lt;br/&gt;&lt;/b&gt;</description>
                <styleUrl>#GliderTrack</styleUrl>
                <LineString>
                    <coordinates>-64.90303333333333,18.149533333333334 -64.90303333333333,18.149533333333334</coordinates>
                </LineString>
            </Placemark>
            <Placemark>
                <name>uvi_02 Track</name>
                <visibility>1</visibility>
                <description>&lt;b&gt;Start: 18°08.972'N 64°54.182'W&lt;br/&gt;End: 18°08.972'N 64°54.182'W&lt;br/&gt;Range: 0.00m&lt;br/&gt;Speed: 0.00m/s @ 0&amp;deg;&lt;br/&gt;&lt;/b&gt;</description>
                <styleUrl>#GliderTrack</styleUrl>
                <LineString>
                    <coordinates>-64.90303333333333,18.149533333333334 -64.90303333333333,18.149533333333334</coordinates>
                </LineString>
            </Placemark>
            <Placemark>
                <name>uvi_02 Track</name>
                <visibility>1</visibility>
                <description>&lt;b&gt;Start: 18°08.972'N 64°54.182'W&lt;br/&gt;End: 18°09.167'N 64°53.56'W&lt;br/&gt;Range: 1.15km&lt;br/&gt;Speed: 0.17m/s @ 72&amp;deg;&lt;br/&gt;&lt;/b&gt;</description>
                <styleUrl>#GliderTrack</styleUrl>
                <LineString>
                    <coordinates>-64.90303333333333,18.149533333333334 -64.89266666666667,18.152783333333332</coordinates>
                </LineString>
            </Placemark>
            <Placemark>
                <name>uvi_02 Track</name>
                <visibility>1</visibility>
                <description>&lt;b&gt;Start: 18°09.167'N 64°53.56'W&lt;br/&gt;End: 18°09.167'N 64°53.56'W&lt;br/&gt;Range: 0.00m&lt;br/&gt;Speed: NaNm/s @ 0&amp;deg;&lt;br/&gt;&lt;/b&gt;</description>
                <styleUrl>#GliderTrack</styleUrl>
                <LineString>
                    <coordinates>-64.89266666666667,18.152783333333332 -64.89266666666667,18.152783333333332</coordinates>
                </LineString>
            </Placemark>
            <Placemark>
                <name>uvi_02 Track</name>
                <visibility>1</visibility>
                <description>&lt;b&gt;Start: 18°09.167'N 64°53.56'W&lt;br/&gt;End: 18°09.192'N 64°52.953'W&lt;br/&gt;Range: 1.07km&lt;br/&gt;Speed: 0.16m/s @ 88&amp;deg;&lt;br/&gt;&lt;/b&gt;</description>
                <styleUrl>#GliderTrack</styleUrl>
                <LineString>
                    <coordinates>-64.89266666666667,18.152783333333332 -64.88255000000001,18.153200000000002</coordinates>
                </LineString>
            </Placemark>
            <Placemark>
                <name>uvi_02 Track</name>
                <visibility>1</visibility>
                <description>&lt;b&gt;Start: 18°09.192'N 64°52.953'W&lt;br/&gt;End: 18°09.192'N 64°52.953'W&lt;br/&gt;Range: 0.00m&lt;br/&gt;Speed: NaNm/s @ 0&amp;deg;&lt;br/&gt;&lt;/b&gt;</description>
                <styleUrl>#GliderTrack</styleUrl>
                <LineString>
                    <coordinates>-64.88255000000001,18.153200000000002 -64.88255000000001,18.153200000000002</coordinates>
                </LineString>
            </Placemark>
            <Placemark>
                <name>uvi_02 Track</name>
                <visibility>1</visibility>
                <description>&lt;b&gt;Start: 18°09.192'N 64°52.953'W&lt;br/&gt;End: 18°09.192'N 64°52.953'W&lt;br/&gt;Range: 0.00m&lt;br/&gt;Speed: 0.00m/s @ 0&amp;deg;&lt;br/&gt;&lt;/b&gt;</description>
                <styleUrl>#GliderTrack</styleUrl>
                <LineString>
                    <coordinates>-64.88255000000001,18.153200000000002 -64.88255000000001,18.153200000000002</coordinates>
                </LineString>
            </Placemark>
            <Placemark>
                <name>uvi_02 Track</name>
                <visibility>1</visibility>
                <description>&lt;b&gt;Start: 18°09.192'N 64°52.953'W&lt;br/&gt;End: 18°09.124'N 64°52.353'W&lt;br/&gt;Range: 1.06km&lt;br/&gt;Speed: 0.15m/s @ 97&amp;deg;&lt;br/&gt;&lt;/b&gt;</description>
                <styleUrl>#GliderTrack</styleUrl>
                <LineString>
                    <coordinates>-64.88255000000001,18.153200000000002 -64.87255,18.152066666666666</coordinates>
                </LineString>
            </Placemark>
            <Placemark>
                <name>uvi_02 Track</name>
                <visibility>1</visibility>
                <description>&lt;b&gt;Start: 18°09.124'N 64°52.353'W&lt;br/&gt;End: 18°09.124'N 64°52.353'W&lt;br/&gt;Range: 0.00m&lt;br/&gt;Speed: NaNm/s @ 0&amp;deg;&lt;br/&gt;&lt;/b&gt;</description>
                <styleUrl>#GliderTrack</styleUrl>
                <LineString>
                    <coordinates>-64.87255,18.152066666666666 -64.87255,18.152066666666666</coordinates>
                </LineString>
            </Placemark>
            <Placemark>
                <name>uvi_02 Track</name>
                <visibility>1</visibility>
                <description>&lt;b&gt;Start: 18°09.124'N 64°52.353'W&lt;br/&gt;End: 18°09.124'N 64°52.353'W&lt;br/&gt;Range: 0.00m&lt;br/&gt;Speed: 0.00m/s @ 0&amp;deg;&lt;br/&gt;&lt;/b&gt;</description>
                <styleUrl>#GliderTrack</styleUrl>
                <LineString>
                    <coordinates>-64.87255,18.152066666666666 -64.87255,18.152066666666666</coordinates>
                </LineString>
            </Placemark>
            <Placemark>
                <name>uvi_02 Track</name>
                <visibility>1</visibility>
                <description>&lt;b&gt;Start: 18°09.124'N 64°52.353'W&lt;br/&gt;End: 18°08.978'N 64°51.556'W&lt;br/&gt;Range: 1.43km&lt;br/&gt;Speed: 0.22m/s @ 101&amp;deg;&lt;br/&gt;&lt;/b&gt;</description>
                <styleUrl>#GliderTrack</styleUrl>
                <LineString>
                    <coordinates>-64.87255,18.152066666666666 -64.85926666666666,18.149633333333334</coordinates>
                </LineString>
            </Placemark>
            <Placemark>
                <name>uvi_02 Track</name>
                <visibility>1</visibility>
                <description>&lt;b&gt;Start: 18°08.978'N 64°51.556'W&lt;br/&gt;End: 18°08.978'N 64°51.556'W&lt;br/&gt;Range: 0.00m&lt;br/&gt;Speed: 0.00m/s @ 0&amp;deg;&lt;br/&gt;&lt;/b&gt;</description>
                <styleUrl>#GliderTrack</styleUrl>
                <LineString>
                    <coordinates>-64.85926666666666,18.149633333333334 -64.85926666666666,18.149633333333334</coordinates>
                </LineString>
            </Placemark>
            <Placemark>
                <name>uvi_02 Track</name>
                <visibility>1</visibility>
                <description>&lt;b&gt;Start: 18°08.978'N 64°51.556'W&lt;br/&gt;End: 18°08.978'N 64°51.556'W&lt;br/&gt;Range: 0.00m&lt;br/&gt;Speed: NaNm/s @ 0&amp;deg;&lt;br/&gt;&lt;/b&gt;</description>
                <styleUrl>#GliderTrack</styleUrl>
                <LineString>
                    <coordinates>-64.85926666666666,18.149633333333334 -64.85926666666666,18.149633333333334</coordinates>
                </LineString>
            </Placemark>
            <Placemark>
                <name>uvi_02 Track</name>
                <visibility>1</visibility>
                <description>&lt;b&gt;Start: 18°08.978'N 64°51.556'W&lt;br/&gt;End: 18°08.913'N 64°50.81'W&lt;br/&gt;Range: 1.32km&lt;br/&gt;Speed: 0.18m/s @ 95&amp;deg;&lt;br/&gt;&lt;/b&gt;</description>
                <styleUrl>#GliderTrack</styleUrl>
                <LineString>
                    <coordinates>-64.85926666666666,18.149633333333334 -64.84683333333334,18.14855</coordinates>
                </LineString>
            </Placemark>
            <Placemark>
                <name>uvi_02 Track</name>
                <visibility>1</visibility>
                <description>&lt;b&gt;Start: 18°08.913'N 64°50.81'W&lt;br/&gt;End: 18°08.913'N 64°50.81'W&lt;br/&gt;Range: 0.00m&lt;br/&gt;Speed: 0.00m/s @ 0&amp;deg;&lt;br/&gt;&lt;/b&gt;</description>
                <styleUrl>#GliderTrack</styleUrl>
                <LineString>
                    <coordinates>-64.84683333333334,18.14855 -64.84683333333334,18.14855</coordinates>
                </LineString>
            </Placemark>
            <Placemark>
                <name>uvi_02 Track</name>
                <visibility>1</visibility>
                <description>&lt;b&gt;Start: 18°08.913'N 64°50.81'W&lt;br/&gt;End: 18°08.913'N 64°50.81'W&lt;br/&gt;Range: 0.00m&lt;br/&gt;Speed: NaNm/s @ 0&amp;deg;&lt;br/&gt;&lt;/b&gt;</description>
                <styleUrl>#GliderTrack</styleUrl>
                <LineString>
                    <coordinates>-64.84683333333334,18.14855 -64.84683333333334,18.14855</coordinates>
                </LineString>
            </Placemark>
            <Placemark>
                <name>uvi_02 Track</name>
                <visibility>1</visibility>
                <description>&lt;b&gt;Start: 18°08.913'N 64°50.81'W&lt;br/&gt;End: 18°08.976'N 64°50.499'W&lt;br/&gt;Range: 559.99m&lt;br/&gt;Speed: 0.08m/s @ 78&amp;deg;&lt;br/&gt;&lt;/b&gt;</description>
                <styleUrl>#GliderTrack</styleUrl>
                <LineString>
                    <coordinates>-64.84683333333334,18.14855 -64.84165,18.149600000000003</coordinates>
                </LineString>
            </Placemark>
            <Placemark>
                <name>uvi_02 Track</name>
                <visibility>1</visibility>
                <description>&lt;b&gt;Start: 18°08.976'N 64°50.499'W&lt;br/&gt;End: 18°08.976'N 64°50.499'W&lt;br/&gt;Range: 0.00m&lt;br/&gt;Speed: NaNm/s @ 0&amp;deg;&lt;br/&gt;&lt;/b&gt;</description>
                <styleUrl>#GliderTrack</styleUrl>
                <LineString>
                    <coordinates>-64.84165,18.149600000000003 -64.84165,18.149600000000003</coordinates>
                </LineString>
            </Placemark>
            <Placemark>
                <name>uvi_02 Track</name>
                <visibility>1</visibility>
                <description>&lt;b&gt;Start: 18°08.976'N 64°50.499'W&lt;br/&gt;End: 18°09.014'N 64°51.697'W&lt;br/&gt;Range: 2.11km&lt;br/&gt;Speed: 0.32m/s @ 272&amp;deg;&lt;br/&gt;&lt;/b&gt;</description>
                <styleUrl>#GliderTrack</styleUrl>
                <LineString>
                    <coordinates>-64.84165,18.149600000000003 -64.86161666666666,18.150233333333333</coordinates>
                </LineString>
            </Placemark>
            <Placemark>
                <name>uvi_02 Track</name>
                <visibility>1</visibility>
                <description>&lt;b&gt;Start: 18°09.014'N 64°51.697'W&lt;br/&gt;End: 18°09.014'N 64°51.697'W&lt;br/&gt;Range: 0.00m&lt;br/&gt;Speed: NaNm/s @ 0&amp;deg;&lt;br/&gt;&lt;/b&gt;</description>
                <styleUrl>#GliderTrack</styleUrl>
                <LineString>
                    <coordinates>-64.86161666666666,18.150233333333333 -64.86161666666666,18.150233333333333</coordinates>
                </LineString>
            </Placemark>
            <Placemark>
                <name>uvi_02 Track</name>
                <visibility>1</visibility>
                <description>&lt;b&gt;Start: 18°09.014'N 64°51.697'W&lt;br/&gt;End: 18°09.006'N 64°52.918'W&lt;br/&gt;Range: 2.15km&lt;br/&gt;Speed: 0.32m/s @ 270&amp;deg;&lt;br/&gt;&lt;/b&gt;</description>
                <styleUrl>#GliderTrack</styleUrl>
                <LineString>
                    <coordinates>-64.86161666666666,18.150233333333333 -64.88196666666666,18.150100000000002</coordinates>
                </LineString>
            </Placemark>
            <Placemark>
                <name>uvi_02 Track</name>
                <visibility>1</visibility>
                <description>&lt;b&gt;Start: 18°09.006'N 64°52.918'W&lt;br/&gt;End: 18°09.006'N 64°52.918'W&lt;br/&gt;Range: 0.00m&lt;br/&gt;Speed: NaNm/s @ 0&amp;deg;&lt;br/&gt;&lt;/b&gt;</description>
                <styleUrl>#GliderTrack</styleUrl>
                <LineString>
                    <coordinates>-64.88196666666666,18.150100000000002 -64.88196666666666,18.150100000000002</coordinates>
                </LineString>
            </Placemark>
            <Placemark>
                <name>uvi_02 Track</name>
                <visibility>1</visibility>
                <description>&lt;b&gt;Start: 18°09.006'N 64°52.918'W&lt;br/&gt;End: 18°09.006'N 64°52.918'W&lt;br/&gt;Range: 0.00m&lt;br/&gt;Speed: NaNm/s @ 0&amp;deg;&lt;br/&gt;&lt;/b&gt;</description>
                <styleUrl>#GliderTrack</styleUrl>
                <LineString>
                    <coordinates>-64.88196666666666,18.150100000000002 -64.88196666666666,18.150100000000002</coordinates>
                </LineString>
            </Placemark>
            <Placemark>
                <name>uvi_02 Track</name>
                <visibility>1</visibility>
                <description>&lt;b&gt;Start: 18°09.006'N 64°52.918'W&lt;br/&gt;End: 18°08.964'N 64°54.263'W&lt;br/&gt;Range: 2.37km&lt;br/&gt;Speed: 0.33m/s @ 268&amp;deg;&lt;br/&gt;&lt;/b&gt;</description>
                <styleUrl>#GliderTrack</styleUrl>
                <LineString>
                    <coordinates>-64.88196666666666,18.150100000000002 -64.90438333333333,18.1494</coordinates>
                </LineString>
            </Placemark>
            <Placemark>
                <name>uvi_02 Track</name>
                <visibility>1</visibility>
                <description>&lt;b&gt;Start: 18°08.964'N 64°54.263'W&lt;br/&gt;End: 18°08.964'N 64°54.263'W&lt;br/&gt;Range: 0.00m&lt;br/&gt;Speed: 0.00m/s @ 0&amp;deg;&lt;br/&gt;&lt;/b&gt;</description>
                <styleUrl>#GliderTrack</styleUrl>
                <LineString>
                    <coordinates>-64.90438333333333,18.1494 -64.90438333333333,18.1494</coordinates>
                </LineString>
            </Placemark>
            <Placemark>
                <name>uvi_02 Track</name>
                <visibility>1</visibility>
                <description>&lt;b&gt;Start: 18°08.964'N 64°54.263'W&lt;br/&gt;End: 18°08.964'N 64°54.263'W&lt;br/&gt;Range: 0.00m&lt;br/&gt;Speed: NaNm/s @ 0&amp;deg;&lt;br/&gt;&lt;/b&gt;</description>
                <styleUrl>#GliderTrack</styleUrl>
                <LineString>
                    <coordinates>-64.90438333333333,18.1494 -64.90438333333333,18.1494</coordinates>
                </LineString>
            </Placemark>
            <Placemark>
                <name>uvi_02 Track</name>
                <visibility>1</visibility>
                <description>&lt;b&gt;Start: 18°08.964'N 64°54.263'W&lt;br/&gt;End: 18°08.979'N 64°55.637'W&lt;br/&gt;Range: 2.42km&lt;br/&gt;Speed: 0.34m/s @ 271&amp;deg;&lt;br/&gt;&lt;/b&gt;</description>
                <styleUrl>#GliderTrack</styleUrl>
                <LineString>
                    <coordinates>-64.90438333333333,18.1494 -64.92728333333334,18.14965</coordinates>
                </LineString>
            </Placemark>
            <Placemark>
                <name>uvi_02 Track</name>
                <visibility>1</visibility>
                <description>&lt;b&gt;Start: 18°08.979'N 64°55.637'W&lt;br/&gt;End: 18°08.979'N 64°55.637'W&lt;br/&gt;Range: 0.00m&lt;br/&gt;Speed: NaNm/s @ 0&amp;deg;&lt;br/&gt;&lt;/b&gt;</description>
                <styleUrl>#GliderTrack</styleUrl>
                <LineString>
                    <coordinates>-64.92728333333334,18.14965 -64.92728333333334,18.14965</coordinates>
                </LineString>
            </Placemark>
            <Placemark>
                <name>uvi_02 Track</name>
                <visibility>1</visibility>
                <description>&lt;b&gt;Start: 18°08.979'N 64°55.637'W&lt;br/&gt;End: 18°09.041'N 64°56.869'W&lt;br/&gt;Range: 2.17km&lt;br/&gt;Speed: 0.32m/s @ 273&amp;deg;&lt;br/&gt;&lt;/b&gt;</description>
                <styleUrl>#GliderTrack</styleUrl>
                <LineString>
                    <coordinates>-64.92728333333334,18.14965 -64.94781666666667,18.150683333333333</coordinates>
                </LineString>
            </Placemark>
            <Placemark>
                <name>uvi_02 Track</name>
                <visibility>1</visibility>
                <description>&lt;b&gt;Start: 18°09.041'N 64°56.869'W&lt;br/&gt;End: 18°09.041'N 64°56.869'W&lt;br/&gt;Range: 0.00m&lt;br/&gt;Speed: NaNm/s @ 0&amp;deg;&lt;br/&gt;&lt;/b&gt;</description>
                <styleUrl>#GliderTrack</styleUrl>
                <LineString>
                    <coordinates>-64.94781666666667,18.150683333333333 -64.94781666666667,18.150683333333333</coordinates>
                </LineString>
            </Placemark>
            <Placemark>
                <name>uvi_02 Track</name>
                <visibility>1</visibility>
                <description>&lt;b&gt;Start: 18°09.041'N 64°56.869'W&lt;br/&gt;End: 18°09.041'N 64°56.869'W&lt;br/&gt;Range: 0.00m&lt;br/&gt;Speed: 0.00m/s @ 0&amp;deg;&lt;br/&gt;&lt;/b&gt;</description>
                <styleUrl>#GliderTrack</styleUrl>
                <LineString>
                    <coordinates>-64.94781666666667,18.150683333333333 -64.94781666666667,18.150683333333333</coordinates>
                </LineString>
            </Placemark>
            <Placemark>
                <name>uvi_02 Track</name>
                <visibility>1</visibility>
                <description>&lt;b&gt;Start: 18°09.041'N 64°56.869'W&lt;br/&gt;End: 18°09.112'N 64°58.082'W&lt;br/&gt;Range: 2.14km&lt;br/&gt;Speed: 0.30m/s @ 274&amp;deg;&lt;br/&gt;&lt;/b&gt;</description>
                <styleUrl>#GliderTrack</styleUrl>
                <LineString>
                    <coordinates>-64.94781666666667,18.150683333333333 -64.96803333333334,18.151866666666667</coordinates>
                </LineString>
            </Placemark>
            <Placemark>
                <name>uvi_02 Track</name>
                <visibility>1</visibility>
                <description>&lt;b&gt;Start: 18°09.112'N 64°58.082'W&lt;br/&gt;End: 18°09.112'N 64°58.082'W&lt;br/&gt;Range: 0.00m&lt;br/&gt;Speed: NaNm/s @ 0&amp;deg;&lt;br/&gt;&lt;/b&gt;</description>
                <styleUrl>#GliderTrack</styleUrl>
                <LineString>
                    <coordinates>-64.96803333333334,18.151866666666667 -64.96803333333334,18.151866666666667</coordinates>
                </LineString>
            </Placemark>
            <Placemark>
                <name>uvi_02 Track</name>
                <visibility>1</visibility>
                <description>&lt;b&gt;Start: 18°09.112'N 64°58.082'W&lt;br/&gt;End: 18°09.112'N 64°58.082'W&lt;br/&gt;Range: 0.00m&lt;br/&gt;Speed: NaNm/s @ 0&amp;deg;&lt;br/&gt;&lt;/b&gt;</description>
                <styleUrl>#GliderTrack</styleUrl>
                <LineString>
                    <coordinates>-64.96803333333334,18.151866666666667 -64.96803333333334,18.151866666666667</coordinates>
                </LineString>
            </Placemark>
            <Placemark>
                <name>uvi_02 Track</name>
                <visibility>1</visibility>
                <description>&lt;b&gt;Start: 18°09.112'N 64°58.082'W&lt;br/&gt;End: 18°09.08'N 64°59.127'W&lt;br/&gt;Range: 1.84km&lt;br/&gt;Speed: 0.27m/s @ 268&amp;deg;&lt;br/&gt;&lt;/b&gt;</description>
                <styleUrl>#GliderTrack</styleUrl>
                <LineString>
                    <coordinates>-64.96803333333334,18.151866666666667 -64.98545,18.151333333333334</coordinates>
                </LineString>
            </Placemark>
            <Placemark>
                <name>uvi_02 Track</name>
                <visibility>1</visibility>
                <description>&lt;b&gt;Start: 18°09.08'N 64°59.127'W&lt;br/&gt;End: 18°09.08'N 64°59.127'W&lt;br/&gt;Range: 0.00m&lt;br/&gt;Speed: NaNm/s @ 0&amp;deg;&lt;br/&gt;&lt;/b&gt;</description>
                <styleUrl>#GliderTrack</styleUrl>
                <LineString>
                    <coordinates>-64.98545,18.151333333333334 -64.98545,18.151333333333334</coordinates>
                </LineString>
            </Placemark>
            <Placemark>
                <name>uvi_02 Track</name>
                <visibility>1</visibility>
                <description>&lt;b&gt;Start: 18°09.08'N 64°59.127'W&lt;br/&gt;End: 18°09.08'N 64°59.127'W&lt;br/&gt;Range: 0.00m&lt;br/&gt;Speed: NaNm/s @ 0&amp;deg;&lt;br/&gt;&lt;/b&gt;</description>
                <styleUrl>#GliderTrack</styleUrl>
                <LineString>
                    <coordinates>-64.98545,18.151333333333334 -64.98545,18.151333333333334</coordinates>
                </LineString>
            </Placemark>
            <Placemark>
                <name>uvi_02 Track</name>
                <visibility>1</visibility>
                <description>&lt;b&gt;Start: 18°09.08'N 64°59.127'W&lt;br/&gt;End: 18°09.053'N 64°59.327'W&lt;br/&gt;Range: 355.74m&lt;br/&gt;Speed: 0.05m/s @ 262&amp;deg;&lt;br/&gt;&lt;/b&gt;</description>
                <styleUrl>#GliderTrack</styleUrl>
                <LineString>
                    <coordinates>-64.98545,18.151333333333334 -64.98878333333333,18.150883333333336</coordinates>
                </LineString>
            </Placemark>
            <Placemark>
                <name>uvi_02 Track</name>
                <visibility>1</visibility>
                <description>&lt;b&gt;Start: 18°09.053'N 64°59.327'W&lt;br/&gt;End: 18°09.053'N 64°59.327'W&lt;br/&gt;Range: 0.00m&lt;br/&gt;Speed: NaNm/s @ 0&amp;deg;&lt;br/&gt;&lt;/b&gt;</description>
                <styleUrl>#GliderTrack</styleUrl>
                <LineString>
                    <coordinates>-64.98878333333333,18.150883333333336 -64.98878333333333,18.150883333333336</coordinates>
                </LineString>
            </Placemark>
            <Placemark>
                <name>uvi_02 Track</name>
                <visibility>1</visibility>
                <description>&lt;b&gt;Start: 18°09.053'N 64°59.327'W&lt;br/&gt;End: 18°09.053'N 64°59.327'W&lt;br/&gt;Range: 0.00m&lt;br/&gt;Speed: NaNm/s @ 0&amp;deg;&lt;br/&gt;&lt;/b&gt;</description>
                <styleUrl>#GliderTrack</styleUrl>
                <LineString>
                    <coordinates>-64.98878333333333,18.150883333333336 -64.98878333333333,18.150883333333336</coordinates>
                </LineString>
            </Placemark>
            <Placemark>
                <name>uvi_02 Track</name>
                <visibility>1</visibility>
                <description>&lt;b&gt;Start: 18°09.053'N 64°59.327'W&lt;br/&gt;End: 18°09.04'N 64°58.34'W&lt;br/&gt;Range: 1.74km&lt;br/&gt;Speed: 0.27m/s @ 91&amp;deg;&lt;br/&gt;&lt;/b&gt;</description>
                <styleUrl>#GliderTrack</styleUrl>
                <LineString>
                    <coordinates>-64.98878333333333,18.150883333333336 -64.97233333333334,18.150666666666666</coordinates>
                </LineString>
            </Placemark>
            <Placemark>
                <name>uvi_02 Track</name>
                <visibility>1</visibility>
                <description>&lt;b&gt;Start: 18°09.04'N 64°58.34'W&lt;br/&gt;End: 18°09.04'N 64°58.34'W&lt;br/&gt;Range: 0.00m&lt;br/&gt;Speed: NaNm/s @ 0&amp;deg;&lt;br/&gt;&lt;/b&gt;</description>
                <styleUrl>#GliderTrack</styleUrl>
                <LineString>
                    <coordinates>-64.97233333333334,18.150666666666666 -64.97233333333334,18.150666666666666</coordinates>
                </LineString>
            </Placemark>
            <Placemark>
                <name>uvi_02 Track</name>
                <visibility>1</visibility>
                <description>&lt;b&gt;Start: 18°09.04'N 64°58.34'W&lt;br/&gt;End: 18°08.943'N 64°57.272'W&lt;br/&gt;Range: 1.89km&lt;br/&gt;Speed: 0.28m/s @ 95&amp;deg;&lt;br/&gt;&lt;/b&gt;</description>
                <styleUrl>#GliderTrack</styleUrl>
                <LineString>
                    <coordinates>-64.97233333333334,18.150666666666666 -64.95453333333333,18.14905</coordinates>
                </LineString>
            </Placemark>
            <Placemark>
                <name>uvi_02 Track</name>
                <visibility>1</visibility>
                <description>&lt;b&gt;Start: 18°08.943'N 64°57.272'W&lt;br/&gt;End: 18°08.943'N 64°57.272'W&lt;br/&gt;Range: 0.00m&lt;br/&gt;Speed: NaNm/s @ 0&amp;deg;&lt;br/&gt;&lt;/b&gt;</description>
                <styleUrl>#GliderTrack</styleUrl>
                <LineString>
                    <coordinates>-64.95453333333333,18.14905 -64.95453333333333,18.14905</coordinates>
                </LineString>
            </Placemark>
            <Placemark>
                <name>uvi_02 Track</name>
                <visibility>1</visibility>
                <description>&lt;b&gt;Start: 18°08.943'N 64°57.272'W&lt;br/&gt;End: 18°08.943'N 64°57.272'W&lt;br/&gt;Range: 0.00m&lt;br/&gt;Speed: 0.00m/s @ 0&amp;deg;&lt;br/&gt;&lt;/b&gt;</description>
                <styleUrl>#GliderTrack</styleUrl>
                <LineString>
                    <coordinates>-64.95453333333333,18.14905 -64.95453333333333,18.14905</coordinates>
                </LineString>
            </Placemark>
            <Placemark>
                <name>uvi_02 Track</name>
                <visibility>1</visibility>
                <description>&lt;b&gt;Start: 18°08.943'N 64°57.272'W&lt;br/&gt;End: 18°08.857'N 64°56.293'W&lt;br/&gt;Range: 1.73km&lt;br/&gt;Speed: 0.24m/s @ 95&amp;deg;&lt;br/&gt;&lt;/b&gt;</description>
                <styleUrl>#GliderTrack</styleUrl>
                <LineString>
                    <coordinates>-64.95453333333333,18.14905 -64.93821666666666,18.147616666666668</coordinates>
                </LineString>
            </Placemark>
            <Placemark>
                <name>uvi_02 Track</name>
                <visibility>1</visibility>
                <description>&lt;b&gt;Start: 18°08.857'N 64°56.293'W&lt;br/&gt;End: 18°08.857'N 64°56.293'W&lt;br/&gt;Range: 0.00m&lt;br/&gt;Speed: NaNm/s @ 0&amp;deg;&lt;br/&gt;&lt;/b&gt;</description>
                <styleUrl>#GliderTrack</styleUrl>
                <LineString>
                    <coordinates>-64.93821666666666,18.147616666666668 -64.93821666666666,18.147616666666668</coordinates>
                </LineString>
            </Placemark>
            <Placemark>
                <name>uvi_02 Track</name>
                <visibility>1</visibility>
                <description>&lt;b&gt;Start: 18°08.857'N 64°56.293'W&lt;br/&gt;End: 18°08.91'N 64°55.367'W&lt;br/&gt;Range: 1.63km&lt;br/&gt;Speed: 0.24m/s @ 87&amp;deg;&lt;br/&gt;&lt;/b&gt;</description>
                <styleUrl>#GliderTrack</styleUrl>
                <LineString>
                    <coordinates>-64.93821666666666,18.147616666666668 -64.92278333333334,18.148500000000002</coordinates>
                </LineString>
            </Placemark>
            <Placemark>
                <name>uvi_02 Track</name>
                <visibility>1</visibility>
                <description>&lt;b&gt;Start: 18°08.91'N 64°55.367'W&lt;br/&gt;End: 18°08.91'N 64°55.367'W&lt;br/&gt;Range: 0.00m&lt;br/&gt;Speed: NaNm/s @ 0&amp;deg;&lt;br/&gt;&lt;/b&gt;</description>
                <styleUrl>#GliderTrack</styleUrl>
                <LineString>
                    <coordinates>-64.92278333333334,18.148500000000002 -64.92278333333334,18.148500000000002</coordinates>
                </LineString>
            </Placemark>
            <Placemark>
                <name>uvi_02 Track</name>
                <visibility>1</visibility>
                <description>&lt;b&gt;Start: 18°08.91'N 64°55.367'W&lt;br/&gt;End: 18°08.91'N 64°55.367'W&lt;br/&gt;Range: 0.00m&lt;br/&gt;Speed: NaNm/s @ 0&amp;deg;&lt;br/&gt;&lt;/b&gt;</description>
                <styleUrl>#GliderTrack</styleUrl>
                <LineString>
                    <coordinates>-64.92278333333334,18.148500000000002 -64.92278333333334,18.148500000000002</coordinates>
                </LineString>
            </Placemark>
            <Placemark>
                <name>uvi_02 Track</name>
                <visibility>1</visibility>
                <description>&lt;b&gt;Start: 18°08.91'N 64°55.367'W&lt;br/&gt;End: 18°09.052'N 64°54.454'W&lt;br/&gt;Range: 1.63km&lt;br/&gt;Speed: 0.24m/s @ 81&amp;deg;&lt;br/&gt;&lt;/b&gt;</description>
                <styleUrl>#GliderTrack</styleUrl>
                <LineString>
                    <coordinates>-64.92278333333334,18.148500000000002 -64.90756666666667,18.150866666666666</coordinates>
                </LineString>
            </Placemark>
            <Placemark>
                <name>uvi_02 Track</name>
                <visibility>1</visibility>
                <description>&lt;b&gt;Start: 18°09.052'N 64°54.454'W&lt;br/&gt;End: 18°09.052'N 64°54.454'W&lt;br/&gt;Range: 0.00m&lt;br/&gt;Speed: 0.00m/s @ 0&amp;deg;&lt;br/&gt;&lt;/b&gt;</description>
                <styleUrl>#GliderTrack</styleUrl>
                <LineString>
                    <coordinates>-64.90756666666667,18.150866666666666 -64.90756666666667,18.150866666666666</coordinates>
                </LineString>
            </Placemark>
            <Placemark>
                <name>uvi_02 Track</name>
                <visibility>1</visibility>
                <description>&lt;b&gt;Start: 18°09.052'N 64°54.454'W&lt;br/&gt;End: 18°09.052'N 64°54.454'W&lt;br/&gt;Range: 0.00m&lt;br/&gt;Speed: NaNm/s @ 0&amp;deg;&lt;br/&gt;&lt;/b&gt;</description>
                <styleUrl>#GliderTrack</styleUrl>
                <LineString>
                    <coordinates>-64.90756666666667,18.150866666666666 -64.90756666666667,18.150866666666666</coordinates>
                </LineString>
            </Placemark>
            <Placemark>
                <name>uvi_02 Track</name>
                <visibility>1</visibility>
                <description>&lt;b&gt;Start: 18°09.052'N 64°54.454'W&lt;br/&gt;End: 18°09.206'N 64°53.551'W&lt;br/&gt;Range: 1.62km&lt;br/&gt;Speed: 0.24m/s @ 80&amp;deg;&lt;br/&gt;&lt;/b&gt;</description>
                <styleUrl>#GliderTrack</styleUrl>
                <LineString>
                    <coordinates>-64.90756666666667,18.150866666666666 -64.89251666666668,18.153433333333332</coordinates>
                </LineString>
            </Placemark>
            <Placemark>
                <name>uvi_02 Track</name>
                <visibility>1</visibility>
                <description>&lt;b&gt;Start: 18°09.206'N 64°53.551'W&lt;br/&gt;End: 18°09.206'N 64°53.551'W&lt;br/&gt;Range: 0.00m&lt;br/&gt;Speed: NaNm/s @ 0&amp;deg;&lt;br/&gt;&lt;/b&gt;</description>
                <styleUrl>#GliderTrack</styleUrl>
                <LineString>
                    <coordinates>-64.89251666666668,18.153433333333332 -64.89251666666668,18.153433333333332</coordinates>
                </LineString>
            </Placemark>
            <Placemark>
                <name>uvi_02 Track</name>
                <visibility>1</visibility>
                <description>&lt;b&gt;Start: 18°09.206'N 64°53.551'W&lt;br/&gt;End: 18°09.206'N 64°53.551'W&lt;br/&gt;Range: 0.00m&lt;br/&gt;Speed: NaNm/s @ 0&amp;deg;&lt;br/&gt;&lt;/b&gt;</description>
                <styleUrl>#GliderTrack</styleUrl>
                <LineString>
                    <coordinates>-64.89251666666668,18.153433333333332 -64.89251666666668,18.153433333333332</coordinates>
                </LineString>
            </Placemark>
            <Placemark>
                <name>uvi_02 Track</name>
                <visibility>1</visibility>
                <description>&lt;b&gt;Start: 18°09.206'N 64°53.551'W&lt;br/&gt;End: 18°09.234'N 64°52.768'W&lt;br/&gt;Range: 1.38km&lt;br/&gt;Speed: 0.19m/s @ 88&amp;deg;&lt;br/&gt;&lt;/b&gt;</description>
                <styleUrl>#GliderTrack</styleUrl>
                <LineString>
                    <coordinates>-64.89251666666668,18.153433333333332 -64.87946666666667,18.1539</coordinates>
                </LineString>
            </Placemark>
            <Placemark>
                <name>uvi_02 Track</name>
                <visibility>1</visibility>
                <description>&lt;b&gt;Start: 18°09.234'N 64°52.768'W&lt;br/&gt;End: 18°09.234'N 64°52.768'W&lt;br/&gt;Range: 0.00m&lt;br/&gt;Speed: NaNm/s @ 0&amp;deg;&lt;br/&gt;&lt;/b&gt;</description>
                <styleUrl>#GliderTrack</styleUrl>
                <LineString>
                    <coordinates>-64.87946666666667,18.1539 -64.87946666666667,18.1539</coordinates>
                </LineString>
            </Placemark>
            <Placemark>
                <name>uvi_02 Track</name>
                <visibility>1</visibility>
                <description>&lt;b&gt;Start: 18°09.234'N 64°52.768'W&lt;br/&gt;End: 18°09.234'N 64°52.768'W&lt;br/&gt;Range: 0.00m&lt;br/&gt;Speed: NaNm/s @ 0&amp;deg;&lt;br/&gt;&lt;/b&gt;</description>
                <styleUrl>#GliderTrack</styleUrl>
                <LineString>
                    <coordinates>-64.87946666666667,18.1539 -64.87946666666667,18.1539</coordinates>
                </LineString>
            </Placemark>
            <Placemark>
                <name>uvi_02 Track</name>
                <visibility>1</visibility>
                <description>&lt;b&gt;Start: 18°09.234'N 64°52.768'W&lt;br/&gt;End: 18°09.119'N 64°52.078'W&lt;br/&gt;Range: 1.23km&lt;br/&gt;Speed: 0.18m/s @ 100&amp;deg;&lt;br/&gt;&lt;/b&gt;</description>
                <styleUrl>#GliderTrack</styleUrl>
                <LineString>
                    <coordinates>-64.87946666666667,18.1539 -64.86796666666667,18.15198333333333</coordinates>
                </LineString>
            </Placemark>
            <Placemark>
                <name>uvi_02 Track</name>
                <visibility>1</visibility>
                <description>&lt;b&gt;Start: 18°09.119'N 64°52.078'W&lt;br/&gt;End: 18°09.119'N 64°52.078'W&lt;br/&gt;Range: 0.00m&lt;br/&gt;Speed: NaNm/s @ 0&amp;deg;&lt;br/&gt;&lt;/b&gt;</description>
                <styleUrl>#GliderTrack</styleUrl>
                <LineString>
                    <coordinates>-64.86796666666667,18.15198333333333 -64.86796666666667,18.15198333333333</coordinates>
                </LineString>
            </Placemark>
            <Placemark>
                <name>uvi_02 Track</name>
                <visibility>1</visibility>
                <description>&lt;b&gt;Start: 18°09.119'N 64°52.078'W&lt;br/&gt;End: 18°09.119'N 64°52.078'W&lt;br/&gt;Range: 0.00m&lt;br/&gt;Speed: NaNm/s @ 0&amp;deg;&lt;br/&gt;&lt;/b&gt;</description>
                <styleUrl>#GliderTrack</styleUrl>
                <LineString>
                    <coordinates>-64.86796666666667,18.15198333333333 -64.86796666666667,18.15198333333333</coordinates>
                </LineString>
            </Placemark>
            <Placemark>
                <name>uvi_02 Track</name>
                <visibility>1</visibility>
                <description>&lt;b&gt;Start: 18°09.119'N 64°52.078'W&lt;br/&gt;End: 18°09.032'N 64°51.341'W&lt;br/&gt;Range: 1.31km&lt;br/&gt;Speed: 0.19m/s @ 97&amp;deg;&lt;br/&gt;&lt;/b&gt;</description>
                <styleUrl>#GliderTrack</styleUrl>
                <LineString>
                    <coordinates>-64.86796666666667,18.15198333333333 -64.85568333333335,18.150533333333332</coordinates>
                </LineString>
            </Placemark>
            <Placemark>
                <name>uvi_02 Track</name>
                <visibility>1</visibility>
                <description>&lt;b&gt;Start: 18°09.032'N 64°51.341'W&lt;br/&gt;End: 18°09.032'N 64°51.341'W&lt;br/&gt;Range: 0.00m&lt;br/&gt;Speed: 0.00m/s @ 0&amp;deg;&lt;br/&gt;&lt;/b&gt;</description>
                <styleUrl>#GliderTrack</styleUrl>
                <LineString>
                    <coordinates>-64.85568333333335,18.150533333333332 -64.85568333333335,18.150533333333332</coordinates>
                </LineString>
            </Placemark>
            <Placemark>
                <name>uvi_02 Track</name>
                <visibility>1</visibility>
                <description>&lt;b&gt;Start: 18°09.032'N 64°51.341'W&lt;br/&gt;End: 18°09.032'N 64°51.341'W&lt;br/&gt;Range: 0.00m&lt;br/&gt;Speed: NaNm/s @ 0&amp;deg;&lt;br/&gt;&lt;/b&gt;</description>
                <styleUrl>#GliderTrack</styleUrl>
                <LineString>
                    <coordinates>-64.85568333333335,18.150533333333332 -64.85568333333335,18.150533333333332</coordinates>
                </LineString>
            </Placemark>
            <Placemark>
                <name>uvi_02 Track</name>
                <visibility>1</visibility>
                <description>&lt;b&gt;Start: 18°09.032'N 64°51.341'W&lt;br/&gt;End: 18°09.019'N 64°50.423'W&lt;br/&gt;Range: 1.62km&lt;br/&gt;Speed: 0.23m/s @ 91&amp;deg;&lt;br/&gt;&lt;/b&gt;</description>
                <styleUrl>#GliderTrack</styleUrl>
                <LineString>
                    <coordinates>-64.85568333333335,18.150533333333332 -64.84038333333334,18.150316666666665</coordinates>
                </LineString>
            </Placemark>
            <Placemark>
                <name>uvi_02 Track</name>
                <visibility>1</visibility>
                <description>&lt;b&gt;Start: 18°09.019'N 64°50.423'W&lt;br/&gt;End: 18°09.019'N 64°50.423'W&lt;br/&gt;Range: 0.00m&lt;br/&gt;Speed: NaNm/s @ 0&amp;deg;&lt;br/&gt;&lt;/b&gt;</description>
                <styleUrl>#GliderTrack</styleUrl>
                <LineString>
                    <coordinates>-64.84038333333334,18.150316666666665 -64.84038333333334,18.150316666666665</coordinates>
                </LineString>
            </Placemark>
            <Placemark>
                <name>uvi_02 Track</name>
                <visibility>1</visibility>
                <description>&lt;b&gt;Start: 18°09.019'N 64°50.423'W&lt;br/&gt;End: 18°09.019'N 64°50.423'W&lt;br/&gt;Range: 0.00m&lt;br/&gt;Speed: NaNm/s @ 0&amp;deg;&lt;br/&gt;&lt;/b&gt;</description>
                <styleUrl>#GliderTrack</styleUrl>
                <LineString>
                    <coordinates>-64.84038333333334,18.150316666666665 -64.84038333333334,18.150316666666665</coordinates>
                </LineString>
            </Placemark>
            <Placemark>
                <name>uvi_02 Track</name>
                <visibility>1</visibility>
                <description>&lt;b&gt;Start: 18°09.019'N 64°50.423'W&lt;br/&gt;End: 18°09.13'N 64°50.963'W&lt;br/&gt;Range: 972.95m&lt;br/&gt;Speed: 0.15m/s @ 282&amp;deg;&lt;br/&gt;&lt;/b&gt;</description>
                <styleUrl>#GliderTrack</styleUrl>
                <LineString>
                    <coordinates>-64.84038333333334,18.150316666666665 -64.84938333333334,18.15216666666667</coordinates>
                </LineString>
            </Placemark>
            <Placemark>
                <name>uvi_02 Track</name>
                <visibility>1</visibility>
                <description>&lt;b&gt;Start: 18°09.13'N 64°50.963'W&lt;br/&gt;End: 18°09.13'N 64°50.963'W&lt;br/&gt;Range: 0.00m&lt;br/&gt;Speed: NaNm/s @ 0&amp;deg;&lt;br/&gt;&lt;/b&gt;</description>
                <styleUrl>#GliderTrack</styleUrl>
                <LineString>
                    <coordinates>-64.84938333333334,18.15216666666667 -64.84938333333334,18.15216666666667</coordinates>
                </LineString>
            </Placemark>
            <Placemark>
                <name>uvi_02 Track</name>
                <visibility>1</visibility>
                <description>&lt;b&gt;Start: 18°09.13'N 64°50.963'W&lt;br/&gt;End: 18°09.121'N 64°51.802'W&lt;br/&gt;Range: 1.48km&lt;br/&gt;Speed: 0.23m/s @ 269&amp;deg;&lt;br/&gt;&lt;/b&gt;</description>
                <styleUrl>#GliderTrack</styleUrl>
                <LineString>
                    <coordinates>-64.84938333333334,18.15216666666667 -64.86336666666666,18.15201666666667</coordinates>
                </LineString>
            </Placemark>
            <Placemark>
                <name>uvi_02 Track</name>
                <visibility>1</visibility>
                <description>&lt;b&gt;Start: 18°09.121'N 64°51.802'W&lt;br/&gt;End: 18°09.121'N 64°51.802'W&lt;br/&gt;Range: 0.00m&lt;br/&gt;Speed: NaNm/s @ 0&amp;deg;&lt;br/&gt;&lt;/b&gt;</description>
                <styleUrl>#GliderTrack</styleUrl>
                <LineString>
                    <coordinates>-64.86336666666666,18.15201666666667 -64.86336666666666,18.15201666666667</coordinates>
                </LineString>
            </Placemark>
            <Placemark>
                <name>uvi_02 Track</name>
                <visibility>1</visibility>
                <description>&lt;b&gt;Start: 18°09.121'N 64°51.802'W&lt;br/&gt;End: 18°09.121'N 64°51.802'W&lt;br/&gt;Range: 0.00m&lt;br/&gt;Speed: NaNm/s @ 0&amp;deg;&lt;br/&gt;&lt;/b&gt;</description>
                <styleUrl>#GliderTrack</styleUrl>
                <LineString>
                    <coordinates>-64.86336666666666,18.15201666666667 -64.86336666666666,18.15201666666667</coordinates>
                </LineString>
            </Placemark>
            <Placemark>
                <name>uvi_02 Track</name>
                <visibility>1</visibility>
                <description>&lt;b&gt;Start: 18°09.121'N 64°51.802'W&lt;br/&gt;End: 18°09.081'N 64°52.49'W&lt;br/&gt;Range: 1.21km&lt;br/&gt;Speed: 0.18m/s @ 266&amp;deg;&lt;br/&gt;&lt;/b&gt;</description>
                <styleUrl>#GliderTrack</styleUrl>
                <LineString>
                    <coordinates>-64.86336666666666,18.15201666666667 -64.87483333333333,18.151349999999997</coordinates>
                </LineString>
            </Placemark>
            <Placemark>
                <name>uvi_02 Track</name>
                <visibility>1</visibility>
                <description>&lt;b&gt;Start: 18°09.081'N 64°52.49'W&lt;br/&gt;End: 18°09.081'N 64°52.49'W&lt;br/&gt;Range: 0.00m&lt;br/&gt;Speed: NaNm/s @ 0&amp;deg;&lt;br/&gt;&lt;/b&gt;</description>
                <styleUrl>#GliderTrack</styleUrl>
                <LineString>
                    <coordinates>-64.87483333333333,18.151349999999997 -64.87483333333333,18.151349999999997</coordinates>
                </LineString>
            </Placemark>
            <Placemark>
                <name>uvi_02 Track</name>
                <visibility>1</visibility>
                <description>&lt;b&gt;Start: 18°09.081'N 64°52.49'W&lt;br/&gt;End: 18°09.081'N 64°52.49'W&lt;br/&gt;Range: 0.00m&lt;br/&gt;Speed: NaNm/s @ 0&amp;deg;&lt;br/&gt;&lt;/b&gt;</description>
                <styleUrl>#GliderTrack</styleUrl>
                <LineString>
                    <coordinates>-64.87483333333333,18.151349999999997 -64.87483333333333,18.151349999999997</coordinates>
                </LineString>
            </Placemark>
            <Placemark>
                <name>uvi_02 Track</name>
                <visibility>1</visibility>
                <description>&lt;b&gt;Start: 18°09.081'N 64°52.49'W&lt;br/&gt;End: 18°08.985'N 64°53.373'W&lt;br/&gt;Range: 1.57km&lt;br/&gt;Speed: 0.23m/s @ 263&amp;deg;&lt;br/&gt;&lt;/b&gt;</description>
                <styleUrl>#GliderTrack</styleUrl>
                <LineString>
                    <coordinates>-64.87483333333333,18.151349999999997 -64.88955,18.149749999999997</coordinates>
                </LineString>
            </Placemark>
            <Placemark>
                <name>uvi_02 Track</name>
                <visibility>1</visibility>
                <description>&lt;b&gt;Start: 18°08.985'N 64°53.373'W&lt;br/&gt;End: 18°08.985'N 64°53.373'W&lt;br/&gt;Range: 0.00m&lt;br/&gt;Speed: 0.00m/s @ 0&amp;deg;&lt;br/&gt;&lt;/b&gt;</description>
                <styleUrl>#GliderTrack</styleUrl>
                <LineString>
                    <coordinates>-64.88955,18.149749999999997 -64.88955,18.149749999999997</coordinates>
                </LineString>
            </Placemark>
            <Placemark>
                <name>uvi_02 Track</name>
                <visibility>1</visibility>
                <description>&lt;b&gt;Start: 18°08.985'N 64°53.373'W&lt;br/&gt;End: 18°08.985'N 64°53.373'W&lt;br/&gt;Range: 0.00m&lt;br/&gt;Speed: NaNm/s @ 0&amp;deg;&lt;br/&gt;&lt;/b&gt;</description>
                <styleUrl>#GliderTrack</styleUrl>
                <LineString>
                    <coordinates>-64.88955,18.149749999999997 -64.88955,18.149749999999997</coordinates>
                </LineString>
            </Placemark>
            <Placemark>
                <name>uvi_02 Track</name>
                <visibility>1</visibility>
                <description>&lt;b&gt;Start: 18°08.985'N 64°53.373'W&lt;br/&gt;End: 18°08.706'N 64°54.451'W&lt;br/&gt;Range: 1.97km&lt;br/&gt;Speed: 0.27m/s @ 255&amp;deg;&lt;br/&gt;&lt;/b&gt;</description>
                <styleUrl>#GliderTrack</styleUrl>
                <LineString>
                    <coordinates>-64.88955,18.149749999999997 -64.90751666666667,18.1451</coordinates>
                </LineString>
            </Placemark>
            <Placemark>
                <name>uvi_02 Track</name>
                <visibility>1</visibility>
                <description>&lt;b&gt;Start: 18°08.706'N 64°54.451'W&lt;br/&gt;End: 18°08.706'N 64°54.451'W&lt;br/&gt;Range: 0.00m&lt;br/&gt;Speed: NaNm/s @ 0&amp;deg;&lt;br/&gt;&lt;/b&gt;</description>
                <styleUrl>#GliderTrack</styleUrl>
                <LineString>
                    <coordinates>-64.90751666666667,18.1451 -64.90751666666667,18.1451</coordinates>
                </LineString>
            </Placemark>
            <Placemark>
                <name>uvi_02 Track</name>
                <visibility>1</visibility>
                <description>&lt;b&gt;Start: 18°08.706'N 64°54.451'W&lt;br/&gt;End: 18°08.706'N 64°54.451'W&lt;br/&gt;Range: 0.00m&lt;br/&gt;Speed: NaNm/s @ 0&amp;deg;&lt;br/&gt;&lt;/b&gt;</description>
                <styleUrl>#GliderTrack</styleUrl>
                <LineString>
                    <coordinates>-64.90751666666667,18.1451 -64.90751666666667,18.1451</coordinates>
                </LineString>
            </Placemark>
            <Placemark>
                <name>uvi_02 Track</name>
                <visibility>1</visibility>
                <description>&lt;b&gt;Start: 18°08.706'N 64°54.451'W&lt;br/&gt;End: 18°08.402'N 64°55.489'W&lt;br/&gt;Range: 1.91km&lt;br/&gt;Speed: 0.27m/s @ 253&amp;deg;&lt;br/&gt;&lt;/b&gt;</description>
                <styleUrl>#GliderTrack</styleUrl>
                <LineString>
                    <coordinates>-64.90751666666667,18.1451 -64.92481666666666,18.140033333333335</coordinates>
                </LineString>
            </Placemark>
            <Placemark>
                <name>uvi_02 Track</name>
                <visibility>1</visibility>
                <description>&lt;b&gt;Start: 18°08.402'N 64°55.489'W&lt;br/&gt;End: 18°08.402'N 64°55.489'W&lt;br/&gt;Range: 0.00m&lt;br/&gt;Speed: 0.00m/s @ 0&amp;deg;&lt;br/&gt;&lt;/b&gt;</description>
                <styleUrl>#GliderTrack</styleUrl>
                <LineString>
                    <coordinates>-64.92481666666666,18.140033333333335 -64.92481666666666,18.140033333333335</coordinates>
                </LineString>
            </Placemark>
            <Placemark>
                <name>uvi_02 Track</name>
                <visibility>1</visibility>
                <description>&lt;b&gt;Start: 18°08.402'N 64°55.489'W&lt;br/&gt;End: 18°08.402'N 64°55.489'W&lt;br/&gt;Range: 0.00m&lt;br/&gt;Speed: NaNm/s @ 0&amp;deg;&lt;br/&gt;&lt;/b&gt;</description>
                <styleUrl>#GliderTrack</styleUrl>
                <LineString>
                    <coordinates>-64.92481666666666,18.140033333333335 -64.92481666666666,18.140033333333335</coordinates>
                </LineString>
            </Placemark>
            <Placemark>
                <name>uvi_02 Track</name>
                <visibility>1</visibility>
                <description>&lt;b&gt;Start: 18°08.402'N 64°55.489'W&lt;br/&gt;End: 18°08.397'N 64°56.685'W&lt;br/&gt;Range: 2.11km&lt;br/&gt;Speed: 0.29m/s @ 270&amp;deg;&lt;br/&gt;&lt;/b&gt;</description>
                <styleUrl>#GliderTrack</styleUrl>
                <LineString>
                    <coordinates>-64.92481666666666,18.140033333333335 -64.94475000000001,18.13995</coordinates>
                </LineString>
            </Placemark>
            <Placemark>
                <name>uvi_02 Track</name>
                <visibility>1</visibility>
                <description>&lt;b&gt;Start: 18°08.397'N 64°56.685'W&lt;br/&gt;End: 18°08.397'N 64°56.685'W&lt;br/&gt;Range: 0.00m&lt;br/&gt;Speed: NaNm/s @ 0&amp;deg;&lt;br/&gt;&lt;/b&gt;</description>
                <styleUrl>#GliderTrack</styleUrl>
                <LineString>
                    <coordinates>-64.94475000000001,18.13995 -64.94475000000001,18.13995</coordinates>
                </LineString>
            </Placemark>
            <Placemark>
                <name>uvi_02 Track</name>
                <visibility>1</visibility>
                <description>&lt;b&gt;Start: 18°08.397'N 64°56.685'W&lt;br/&gt;End: 18°08.397'N 64°56.685'W&lt;br/&gt;Range: 0.00m&lt;br/&gt;Speed: NaNm/s @ 0&amp;deg;&lt;br/&gt;&lt;/b&gt;</description>
                <styleUrl>#GliderTrack</styleUrl>
                <LineString>
                    <coordinates>-64.94475000000001,18.13995 -64.94475000000001,18.13995</coordinates>
                </LineString>
            </Placemark>
            <Placemark>
                <name>uvi_02 Track</name>
                <visibility>1</visibility>
                <description>&lt;b&gt;Start: 18°08.397'N 64°56.685'W&lt;br/&gt;End: 18°08.608'N 64°57.827'W&lt;br/&gt;Range: 2.05km&lt;br/&gt;Speed: 0.29m/s @ 281&amp;deg;&lt;br/&gt;&lt;/b&gt;</description>
                <styleUrl>#GliderTrack</styleUrl>
                <LineString>
                    <coordinates>-64.94475000000001,18.13995 -64.96378333333334,18.143466666666665</coordinates>
                </LineString>
            </Placemark>
            <Placemark>
                <name>uvi_02 Track</name>
                <visibility>1</visibility>
                <description>&lt;b&gt;Start: 18°08.608'N 64°57.827'W&lt;br/&gt;End: 18°08.608'N 64°57.827'W&lt;br/&gt;Range: 0.00m&lt;br/&gt;Speed: NaNm/s @ 0&amp;deg;&lt;br/&gt;&lt;/b&gt;</description>
                <styleUrl>#GliderTrack</styleUrl>
                <LineString>
                    <coordinates>-64.96378333333334,18.143466666666665 -64.96378333333334,18.143466666666665</coordinates>
                </LineString>
            </Placemark>
            <Placemark>
                <name>uvi_02 Track</name>
                <visibility>1</visibility>
                <description>&lt;b&gt;Start: 18°08.608'N 64°57.827'W&lt;br/&gt;End: 18°08.608'N 64°57.827'W&lt;br/&gt;Range: 0.00m&lt;br/&gt;Speed: NaNm/s @ 0&amp;deg;&lt;br/&gt;&lt;/b&gt;</description>
                <styleUrl>#GliderTrack</styleUrl>
                <LineString>
                    <coordinates>-64.96378333333334,18.143466666666665 -64.96378333333334,18.143466666666665</coordinates>
                </LineString>
            </Placemark>
            <Placemark>
                <name>uvi_02 Track</name>
                <visibility>1</visibility>
                <description>&lt;b&gt;Start: 18°08.608'N 64°57.827'W&lt;br/&gt;End: 18°08.829'N 64°58.98'W&lt;br/&gt;Range: 2.07km&lt;br/&gt;Speed: 0.30m/s @ 281&amp;deg;&lt;br/&gt;&lt;/b&gt;</description>
                <styleUrl>#GliderTrack</styleUrl>
                <LineString>
                    <coordinates>-64.96378333333334,18.143466666666665 -64.98299999999999,18.14715</coordinates>
                </LineString>
            </Placemark>
            <Placemark>
                <name>uvi_02 Track</name>
                <visibility>1</visibility>
                <description>&lt;b&gt;Start: 18°08.829'N 64°58.98'W&lt;br/&gt;End: 18°08.829'N 64°58.98'W&lt;br/&gt;Range: 0.00m&lt;br/&gt;Speed: NaNm/s @ 0&amp;deg;&lt;br/&gt;&lt;/b&gt;</description>
                <styleUrl>#GliderTrack</styleUrl>
                <LineString>
                    <coordinates>-64.98299999999999,18.14715 -64.98299999999999,18.14715</coordinates>
                </LineString>
            </Placemark>
            <Placemark>
                <name>uvi_02 Track</name>
                <visibility>1</visibility>
                <description>&lt;b&gt;Start: 18°08.829'N 64°58.98'W&lt;br/&gt;End: 18°08.829'N 64°58.98'W&lt;br/&gt;Range: 0.00m&lt;br/&gt;Speed: NaNm/s @ 0&amp;deg;&lt;br/&gt;&lt;/b&gt;</description>
                <styleUrl>#GliderTrack</styleUrl>
                <LineString>
                    <coordinates>-64.98299999999999,18.14715 -64.98299999999999,18.14715</coordinates>
                </LineString>
            </Placemark>
            <Placemark>
                <name>uvi_02 Track</name>
                <visibility>1</visibility>
                <description>&lt;b&gt;Start: 18°08.829'N 64°58.98'W&lt;br/&gt;End: 18°08.859'N 64°59.523'W&lt;br/&gt;Range: 957.87m&lt;br/&gt;Speed: 0.13m/s @ 273&amp;deg;&lt;br/&gt;&lt;/b&gt;</description>
                <styleUrl>#GliderTrack</styleUrl>
                <LineString>
                    <coordinates>-64.98299999999999,18.14715 -64.99205,18.14765</coordinates>
                </LineString>
            </Placemark>
            <Placemark>
                <name>uvi_02 Track</name>
                <visibility>1</visibility>
                <description>&lt;b&gt;Start: 18°08.859'N 64°59.523'W&lt;br/&gt;End: 18°08.859'N 64°59.523'W&lt;br/&gt;Range: 0.00m&lt;br/&gt;Speed: NaNm/s @ 0&amp;deg;&lt;br/&gt;&lt;/b&gt;</description>
                <styleUrl>#GliderTrack</styleUrl>
                <LineString>
                    <coordinates>-64.99205,18.14765 -64.99205,18.14765</coordinates>
                </LineString>
            </Placemark>
            <Placemark>
                <name>uvi_02 Track</name>
                <visibility>1</visibility>
                <description>&lt;b&gt;Start: 18°08.859'N 64°59.523'W&lt;br/&gt;End: 18°08.859'N 64°59.523'W&lt;br/&gt;Range: 0.00m&lt;br/&gt;Speed: 0.00m/s @ 0&amp;deg;&lt;br/&gt;&lt;/b&gt;</description>
                <styleUrl>#GliderTrack</styleUrl>
                <LineString>
                    <coordinates>-64.99205,18.14765 -64.99205,18.14765</coordinates>
                </LineString>
            </Placemark>
            <Placemark>
                <name>uvi_02 Track</name>
                <visibility>1</visibility>
                <description>&lt;b&gt;Start: 18°08.859'N 64°59.523'W&lt;br/&gt;End: 18°08.793'N 64°58.811'W&lt;br/&gt;Range: 1.26km&lt;br/&gt;Speed: 0.18m/s @ 96&amp;deg;&lt;br/&gt;&lt;/b&gt;</description>
                <styleUrl>#GliderTrack</styleUrl>
                <LineString>
                    <coordinates>-64.99205,18.14765 -64.98018333333333,18.146549999999998</coordinates>
                </LineString>
            </Placemark>
            <Placemark>
                <name>uvi_02 Track</name>
                <visibility>1</visibility>
                <description>&lt;b&gt;Start: 18°08.793'N 64°58.811'W&lt;br/&gt;End: 18°08.793'N 64°58.811'W&lt;br/&gt;Range: 0.00m&lt;br/&gt;Speed: 0.00m/s @ 0&amp;deg;&lt;br/&gt;&lt;/b&gt;</description>
                <styleUrl>#GliderTrack</styleUrl>
                <LineString>
                    <coordinates>-64.98018333333333,18.146549999999998 -64.98018333333333,18.146549999999998</coordinates>
                </LineString>
            </Placemark>
            <Placemark>
                <name>uvi_02 Track</name>
                <visibility>1</visibility>
                <description>&lt;b&gt;Start: 18°08.793'N 64°58.811'W&lt;br/&gt;End: 18°08.793'N 64°58.811'W&lt;br/&gt;Range: 0.00m&lt;br/&gt;Speed: NaNm/s @ 0&amp;deg;&lt;br/&gt;&lt;/b&gt;</description>
                <styleUrl>#GliderTrack</styleUrl>
                <LineString>
                    <coordinates>-64.98018333333333,18.146549999999998 -64.98018333333333,18.146549999999998</coordinates>
                </LineString>
            </Placemark>
            <Placemark>
                <name>uvi_02 Track</name>
                <visibility>1</visibility>
                <description>&lt;b&gt;Start: 18°08.793'N 64°58.811'W&lt;br/&gt;End: 18°08.794'N 64°58.161'W&lt;br/&gt;Range: 1.14km&lt;br/&gt;Speed: 0.16m/s @ 90&amp;deg;&lt;br/&gt;&lt;/b&gt;</description>
                <styleUrl>#GliderTrack</styleUrl>
                <LineString>
                    <coordinates>-64.98018333333333,18.146549999999998 -64.96935,18.14656666666667</coordinates>
                </LineString>
            </Placemark>
            <Placemark>
                <name>uvi_02 Track</name>
                <visibility>1</visibility>
                <description>&lt;b&gt;Start: 18°08.794'N 64°58.161'W&lt;br/&gt;End: 18°08.794'N 64°58.161'W&lt;br/&gt;Range: 0.00m&lt;br/&gt;Speed: 0.00m/s @ 0&amp;deg;&lt;br/&gt;&lt;/b&gt;</description>
                <styleUrl>#GliderTrack</styleUrl>
                <LineString>
                    <coordinates>-64.96935,18.14656666666667 -64.96935,18.14656666666667</coordinates>
                </LineString>
            </Placemark>
            <Placemark>
                <name>uvi_02 Track</name>
                <visibility>1</visibility>
                <description>&lt;b&gt;Start: 18°08.794'N 64°58.161'W&lt;br/&gt;End: 18°08.794'N 64°58.161'W&lt;br/&gt;Range: 0.00m&lt;br/&gt;Speed: NaNm/s @ 0&amp;deg;&lt;br/&gt;&lt;/b&gt;</description>
                <styleUrl>#GliderTrack</styleUrl>
                <LineString>
                    <coordinates>-64.96935,18.14656666666667 -64.96935,18.14656666666667</coordinates>
                </LineString>
            </Placemark>
            <Placemark>
                <name>uvi_02 Track</name>
                <visibility>1</visibility>
                <description>&lt;b&gt;Start: 18°08.794'N 64°58.161'W&lt;br/&gt;End: 18°08.908'N 64°57.55'W&lt;br/&gt;Range: 1.10km&lt;br/&gt;Speed: 0.16m/s @ 79&amp;deg;&lt;br/&gt;&lt;/b&gt;</description>
                <styleUrl>#GliderTrack</styleUrl>
                <LineString>
                    <coordinates>-64.96935,18.14656666666667 -64.95916666666668,18.148466666666664</coordinates>
                </LineString>
            </Placemark>
            <Placemark>
                <name>uvi_02 Track</name>
                <visibility>1</visibility>
                <description>&lt;b&gt;Start: 18°08.908'N 64°57.55'W&lt;br/&gt;End: 18°08.908'N 64°57.55'W&lt;br/&gt;Range: 0.00m&lt;br/&gt;Speed: NaNm/s @ 0&amp;deg;&lt;br/&gt;&lt;/b&gt;</description>
                <styleUrl>#GliderTrack</styleUrl>
                <LineString>
                    <coordinates>-64.95916666666668,18.148466666666664 -64.95916666666668,18.148466666666664</coordinates>
                </LineString>
            </Placemark>
            <Placemark>
                <name>uvi_02 Track</name>
                <visibility>1</visibility>
                <description>&lt;b&gt;Start: 18°08.908'N 64°57.55'W&lt;br/&gt;End: 18°08.908'N 64°57.55'W&lt;br/&gt;Range: 0.00m&lt;br/&gt;Speed: NaNm/s @ 0&amp;deg;&lt;br/&gt;&lt;/b&gt;</description>
                <styleUrl>#GliderTrack</styleUrl>
                <LineString>
                    <coordinates>-64.95916666666668,18.148466666666664 -64.95916666666668,18.148466666666664</coordinates>
                </LineString>
            </Placemark>
            <Placemark>
                <name>uvi_02 Track</name>
                <visibility>1</visibility>
                <description>&lt;b&gt;Start: 18°08.908'N 64°57.55'W&lt;br/&gt;End: 18°09.513'N 64°58.57'W&lt;br/&gt;Range: 2.12km&lt;br/&gt;Speed: 0.30m/s @ 302&amp;deg;&lt;br/&gt;&lt;/b&gt;</description>
                <styleUrl>#GliderTrack</styleUrl>
                <LineString>
                    <coordinates>-64.95916666666668,18.148466666666664 -64.97616666666666,18.158549999999998</coordinates>
                </LineString>
            </Placemark>
            <Placemark>
                <name>uvi_02 Track</name>
                <visibility>1</visibility>
                <description>&lt;b&gt;Start: 18°09.513'N 64°58.57'W&lt;br/&gt;End: 18°09.513'N 64°58.57'W&lt;br/&gt;Range: 0.00m&lt;br/&gt;Speed: NaNm/s @ 0&amp;deg;&lt;br/&gt;&lt;/b&gt;</description>
                <styleUrl>#GliderTrack</styleUrl>
                <LineString>
                    <coordinates>-64.97616666666666,18.158549999999998 -64.97616666666666,18.158549999999998</coordinates>
                </LineString>
            </Placemark>
            <Placemark>
                <name>uvi_02 Track</name>
                <visibility>1</visibility>
                <description>&lt;b&gt;Start: 18°09.513'N 64°58.57'W&lt;br/&gt;End: 18°09.513'N 64°58.57'W&lt;br/&gt;Range: 0.00m&lt;br/&gt;Speed: NaNm/s @ 0&amp;deg;&lt;br/&gt;&lt;/b&gt;</description>
                <styleUrl>#GliderTrack</styleUrl>
                <LineString>
                    <coordinates>-64.97616666666666,18.158549999999998 -64.97616666666666,18.158549999999998</coordinates>
                </LineString>
            </Placemark>
            <Placemark>
                <name>uvi_02 Track</name>
                <visibility>1</visibility>
                <description>&lt;b&gt;Start: 18°09.513'N 64°58.57'W&lt;br/&gt;End: 18°09.955'N 64°59.494'W&lt;br/&gt;Range: 1.82km&lt;br/&gt;Speed: 0.26m/s @ 297&amp;deg;&lt;br/&gt;&lt;/b&gt;</description>
                <styleUrl>#GliderTrack</styleUrl>
                <LineString>
                    <coordinates>-64.97616666666666,18.158549999999998 -64.99156666666666,18.165916666666664</coordinates>
                </LineString>
            </Placemark>
            <Placemark>
                <name>uvi_02 Track</name>
                <visibility>1</visibility>
                <description>&lt;b&gt;Start: 18°09.955'N 64°59.494'W&lt;br/&gt;End: 18°09.955'N 64°59.494'W&lt;br/&gt;Range: 0.00m&lt;br/&gt;Speed: NaNm/s @ 0&amp;deg;&lt;br/&gt;&lt;/b&gt;</description>
                <styleUrl>#GliderTrack</styleUrl>
                <LineString>
                    <coordinates>-64.99156666666666,18.165916666666664 -64.99156666666666,18.165916666666664</coordinates>
                </LineString>
            </Placemark>
            <Placemark>
                <name>uvi_02 Track</name>
                <visibility>1</visibility>
                <description>&lt;b&gt;Start: 18°09.955'N 64°59.494'W&lt;br/&gt;End: 18°09.926'N 64°58.841'W&lt;br/&gt;Range: 1.15km&lt;br/&gt;Speed: 0.17m/s @ 93&amp;deg;&lt;br/&gt;&lt;/b&gt;</description>
                <styleUrl>#GliderTrack</styleUrl>
                <LineString>
                    <coordinates>-64.99156666666666,18.165916666666664 -64.98068333333335,18.165433333333333</coordinates>
                </LineString>
            </Placemark>
            <Placemark>
                <name>uvi_02 Track</name>
                <visibility>1</visibility>
                <description>&lt;b&gt;Start: 18°09.926'N 64°58.841'W&lt;br/&gt;End: 18°09.926'N 64°58.841'W&lt;br/&gt;Range: 0.00m&lt;br/&gt;Speed: 0.00m/s @ 0&amp;deg;&lt;br/&gt;&lt;/b&gt;</description>
                <styleUrl>#GliderTrack</styleUrl>
                <LineString>
                    <coordinates>-64.98068333333335,18.165433333333333 -64.98068333333335,18.165433333333333</coordinates>
                </LineString>
            </Placemark>
            <Placemark>
                <name>uvi_02 Track</name>
                <visibility>1</visibility>
                <description>&lt;b&gt;Start: 18°09.926'N 64°58.841'W&lt;br/&gt;End: 18°09.926'N 64°58.841'W&lt;br/&gt;Range: 0.00m&lt;br/&gt;Speed: NaNm/s @ 0&amp;deg;&lt;br/&gt;&lt;/b&gt;</description>
                <styleUrl>#GliderTrack</styleUrl>
                <LineString>
                    <coordinates>-64.98068333333335,18.165433333333333 -64.98068333333335,18.165433333333333</coordinates>
                </LineString>
            </Placemark>
            <Placemark>
                <name>uvi_02 Track</name>
                <visibility>1</visibility>
                <description>&lt;b&gt;Start: 18°09.926'N 64°58.841'W&lt;br/&gt;End: 18°09.754'N 64°57.929'W&lt;br/&gt;Range: 1.64km&lt;br/&gt;Speed: 0.22m/s @ 101&amp;deg;&lt;br/&gt;&lt;/b&gt;</description>
                <styleUrl>#GliderTrack</styleUrl>
                <LineString>
                    <coordinates>-64.98068333333335,18.165433333333333 -64.96548333333334,18.162566666666667</coordinates>
                </LineString>
            </Placemark>
            <Placemark>
                <name>uvi_02 Track</name>
                <visibility>1</visibility>
                <description>&lt;b&gt;Start: 18°09.754'N 64°57.929'W&lt;br/&gt;End: 18°09.754'N 64°57.929'W&lt;br/&gt;Range: 0.00m&lt;br/&gt;Speed: NaNm/s @ 0&amp;deg;&lt;br/&gt;&lt;/b&gt;</description>
                <styleUrl>#GliderTrack</styleUrl>
                <LineString>
                    <coordinates>-64.96548333333334,18.162566666666667 -64.96548333333334,18.162566666666667</coordinates>
                </LineString>
            </Placemark>
            <Placemark>
                <name>uvi_02 Track</name>
                <visibility>1</visibility>
                <description>&lt;b&gt;Start: 18°09.754'N 64°57.929'W&lt;br/&gt;End: 18°09.754'N 64°57.929'W&lt;br/&gt;Range: 0.00m&lt;br/&gt;Speed: NaNm/s @ 0&amp;deg;&lt;br/&gt;&lt;/b&gt;</description>
                <styleUrl>#GliderTrack</styleUrl>
                <LineString>
                    <coordinates>-64.96548333333334,18.162566666666667 -64.96548333333334,18.162566666666667</coordinates>
                </LineString>
            </Placemark>
            <Placemark>
                <name>uvi_02 Track</name>
                <visibility>1</visibility>
                <description>&lt;b&gt;Start: 18°09.754'N 64°57.929'W&lt;br/&gt;End: 18°09.576'N 64°57.262'W&lt;br/&gt;Range: 1.22km&lt;br/&gt;Speed: 0.17m/s @ 106&amp;deg;&lt;br/&gt;&lt;/b&gt;</description>
                <styleUrl>#GliderTrack</styleUrl>
                <LineString>
                    <coordinates>-64.96548333333334,18.162566666666667 -64.95436666666666,18.1596</coordinates>
                </LineString>
            </Placemark>
            <Placemark>
                <name>uvi_02 Track</name>
                <visibility>1</visibility>
                <description>&lt;b&gt;Start: 18°09.576'N 64°57.262'W&lt;br/&gt;End: 18°09.576'N 64°57.262'W&lt;br/&gt;Range: 0.00m&lt;br/&gt;Speed: NaNm/s @ 0&amp;deg;&lt;br/&gt;&lt;/b&gt;</description>
                <styleUrl>#GliderTrack</styleUrl>
                <LineString>
                    <coordinates>-64.95436666666666,18.1596 -64.95436666666666,18.1596</coordinates>
                </LineString>
            </Placemark>
            <Placemark>
                <name>uvi_02 Track</name>
                <visibility>1</visibility>
                <description>&lt;b&gt;Start: 18°09.576'N 64°57.262'W&lt;br/&gt;End: 18°09.576'N 64°57.262'W&lt;br/&gt;Range: 0.00m&lt;br/&gt;Speed: NaNm/s @ 0&amp;deg;&lt;br/&gt;&lt;/b&gt;</description>
                <styleUrl>#GliderTrack</styleUrl>
                <LineString>
                    <coordinates>-64.95436666666666,18.1596 -64.95436666666666,18.1596</coordinates>
                </LineString>
            </Placemark>
            <Placemark>
                <name>uvi_02 Track</name>
                <visibility>1</visibility>
                <description>&lt;b&gt;Start: 18°09.576'N 64°57.262'W&lt;br/&gt;End: 18°09.549'N 64°56.709'W&lt;br/&gt;Range: 975.09m&lt;br/&gt;Speed: 0.14m/s @ 93&amp;deg;&lt;br/&gt;&lt;/b&gt;</description>
                <styleUrl>#GliderTrack</styleUrl>
                <LineString>
                    <coordinates>-64.95436666666666,18.1596 -64.94515,18.15915</coordinates>
                </LineString>
            </Placemark>
            <Placemark>
                <name>uvi_02 Track</name>
                <visibility>1</visibility>
                <description>&lt;b&gt;Start: 18°09.549'N 64°56.709'W&lt;br/&gt;End: 18°09.549'N 64°56.709'W&lt;br/&gt;Range: 0.00m&lt;br/&gt;Speed: NaNm/s @ 0&amp;deg;&lt;br/&gt;&lt;/b&gt;</description>
                <styleUrl>#GliderTrack</styleUrl>
                <LineString>
                    <coordinates>-64.94515,18.15915 -64.94515,18.15915</coordinates>
                </LineString>
            </Placemark>
            <Placemark>
                <name>uvi_02 Track</name>
                <visibility>1</visibility>
                <description>&lt;b&gt;Start: 18°09.549'N 64°56.709'W&lt;br/&gt;End: 18°09.549'N 64°56.709'W&lt;br/&gt;Range: 0.00m&lt;br/&gt;Speed: NaNm/s @ 0&amp;deg;&lt;br/&gt;&lt;/b&gt;</description>
                <styleUrl>#GliderTrack</styleUrl>
                <LineString>
                    <coordinates>-64.94515,18.15915 -64.94515,18.15915</coordinates>
                </LineString>
            </Placemark>
            <Placemark>
                <name>uvi_02 Track</name>
                <visibility>1</visibility>
                <description>&lt;b&gt;Start: 18°09.549'N 64°56.709'W&lt;br/&gt;End: 18°09.723'N 64°56.069'W&lt;br/&gt;Range: 1.17km&lt;br/&gt;Speed: 0.17m/s @ 74&amp;deg;&lt;br/&gt;&lt;/b&gt;</description>
                <styleUrl>#GliderTrack</styleUrl>
                <LineString>
                    <coordinates>-64.94515,18.15915 -64.93448333333335,18.16205</coordinates>
                </LineString>
            </Placemark>
            <Placemark>
                <name>uvi_02 Track</name>
                <visibility>1</visibility>
                <description>&lt;b&gt;Start: 18°09.723'N 64°56.069'W&lt;br/&gt;End: 18°09.723'N 64°56.069'W&lt;br/&gt;Range: 0.00m&lt;br/&gt;Speed: NaNm/s @ 0&amp;deg;&lt;br/&gt;&lt;/b&gt;</description>
                <styleUrl>#GliderTrack</styleUrl>
                <LineString>
                    <coordinates>-64.93448333333335,18.16205 -64.93448333333335,18.16205</coordinates>
                </LineString>
            </Placemark>
            <Placemark>
                <name>uvi_02 Track</name>
                <visibility>1</visibility>
                <description>&lt;b&gt;Start: 18°09.723'N 64°56.069'W&lt;br/&gt;End: 18°09.801'N 64°55.426'W&lt;br/&gt;Range: 1.14km&lt;br/&gt;Speed: 0.17m/s @ 83&amp;deg;&lt;br/&gt;&lt;/b&gt;</description>
                <styleUrl>#GliderTrack</styleUrl>
                <LineString>
                    <coordinates>-64.93448333333335,18.16205 -64.92376666666668,18.163349999999998</coordinates>
                </LineString>
            </Placemark>
            <Placemark>
                <name>uvi_02 Track</name>
                <visibility>1</visibility>
                <description>&lt;b&gt;Start: 18°09.801'N 64°55.426'W&lt;br/&gt;End: 18°09.801'N 64°55.426'W&lt;br/&gt;Range: 0.00m&lt;br/&gt;Speed: 0.00m/s @ 0&amp;deg;&lt;br/&gt;&lt;/b&gt;</description>
                <styleUrl>#GliderTrack</styleUrl>
                <LineString>
                    <coordinates>-64.92376666666668,18.163349999999998 -64.92376666666668,18.163349999999998</coordinates>
                </LineString>
            </Placemark>
            <Placemark>
                <name>uvi_02 Track</name>
                <visibility>1</visibility>
                <description>&lt;b&gt;Start: 18°09.801'N 64°55.426'W&lt;br/&gt;End: 18°09.801'N 64°55.426'W&lt;br/&gt;Range: 0.00m&lt;br/&gt;Speed: NaNm/s @ 0&amp;deg;&lt;br/&gt;&lt;/b&gt;</description>
                <styleUrl>#GliderTrack</styleUrl>
                <LineString>
                    <coordinates>-64.92376666666668,18.163349999999998 -64.92376666666668,18.163349999999998</coordinates>
                </LineString>
            </Placemark>
            <Placemark>
                <name>uvi_02 Track</name>
                <visibility>1</visibility>
                <description>&lt;b&gt;Start: 18°09.801'N 64°55.426'W&lt;br/&gt;End: 18°09.841'N 64°54.803'W&lt;br/&gt;Range: 1.10km&lt;br/&gt;Speed: 0.16m/s @ 86&amp;deg;&lt;br/&gt;&lt;/b&gt;</description>
                <styleUrl>#GliderTrack</styleUrl>
                <LineString>
                    <coordinates>-64.92376666666668,18.163349999999998 -64.91338333333333,18.164016666666665</coordinates>
                </LineString>
            </Placemark>
            <Placemark>
                <name>uvi_02 Track</name>
                <visibility>1</visibility>
                <description>&lt;b&gt;Start: 18°09.841'N 64°54.803'W&lt;br/&gt;End: 18°09.841'N 64°54.803'W&lt;br/&gt;Range: 0.00m&lt;br/&gt;Speed: NaNm/s @ 0&amp;deg;&lt;br/&gt;&lt;/b&gt;</description>
                <styleUrl>#GliderTrack</styleUrl>
                <LineString>
                    <coordinates>-64.91338333333333,18.164016666666665 -64.91338333333333,18.164016666666665</coordinates>
                </LineString>
            </Placemark>
            <Placemark>
                <name>uvi_02 Track</name>
                <visibility>1</visibility>
                <description>&lt;b&gt;Start: 18°09.841'N 64°54.803'W&lt;br/&gt;End: 18°09.841'N 64°54.803'W&lt;br/&gt;Range: 0.00m&lt;br/&gt;Speed: 0.00m/s @ 0&amp;deg;&lt;br/&gt;&lt;/b&gt;</description>
                <styleUrl>#GliderTrack</styleUrl>
                <LineString>
                    <coordinates>-64.91338333333333,18.164016666666665 -64.91338333333333,18.164016666666665</coordinates>
                </LineString>
            </Placemark>
            <Placemark>
                <name>uvi_02 Track</name>
                <visibility>1</visibility>
                <description>&lt;b&gt;Start: 18°09.841'N 64°54.803'W&lt;br/&gt;End: 18°10.02'N 64°56.086'W&lt;br/&gt;Range: 2.28km&lt;br/&gt;Speed: 0.34m/s @ 278&amp;deg;&lt;br/&gt;&lt;/b&gt;</description>
                <styleUrl>#GliderTrack</styleUrl>
                <LineString>
                    <coordinates>-64.91338333333333,18.164016666666665 -64.93476666666668,18.166999999999998</coordinates>
                </LineString>
            </Placemark>
            <Placemark>
                <name>uvi_02 Track</name>
                <visibility>1</visibility>
                <description>&lt;b&gt;Start: 18°10.02'N 64°56.086'W&lt;br/&gt;End: 18°10.02'N 64°56.086'W&lt;br/&gt;Range: 0.00m&lt;br/&gt;Speed: NaNm/s @ 0&amp;deg;&lt;br/&gt;&lt;/b&gt;</description>
                <styleUrl>#GliderTrack</styleUrl>
                <LineString>
                    <coordinates>-64.93476666666668,18.166999999999998 -64.93476666666668,18.166999999999998</coordinates>
                </LineString>
            </Placemark>
            <Placemark>
                <name>uvi_02 Track</name>
                <visibility>1</visibility>
                <description>&lt;b&gt;Start: 18°10.02'N 64°56.086'W&lt;br/&gt;End: 18°09.908'N 64°57.32'W&lt;br/&gt;Range: 2.18km&lt;br/&gt;Speed: 0.33m/s @ 265&amp;deg;&lt;br/&gt;&lt;/b&gt;</description>
                <styleUrl>#GliderTrack</styleUrl>
                <LineString>
                    <coordinates>-64.93476666666668,18.166999999999998 -64.95533333333333,18.165133333333333</coordinates>
                </LineString>
            </Placemark>
            <Placemark>
                <name>uvi_02 Track</name>
                <visibility>1</visibility>
                <description>&lt;b&gt;Start: 18°09.908'N 64°57.32'W&lt;br/&gt;End: 18°09.908'N 64°57.32'W&lt;br/&gt;Range: 0.00m&lt;br/&gt;Speed: NaNm/s @ 0&amp;deg;&lt;br/&gt;&lt;/b&gt;</description>
                <styleUrl>#GliderTrack</styleUrl>
                <LineString>
                    <coordinates>-64.95533333333333,18.165133333333333 -64.95533333333333,18.165133333333333</coordinates>
                </LineString>
            </Placemark>
            <Placemark>
                <name>uvi_02 Track</name>
                <visibility>1</visibility>
                <description>&lt;b&gt;Start: 18°09.908'N 64°57.32'W&lt;br/&gt;End: 18°09.908'N 64°57.32'W&lt;br/&gt;Range: 0.00m&lt;br/&gt;Speed: NaNm/s @ 0&amp;deg;&lt;br/&gt;&lt;/b&gt;</description>
                <styleUrl>#GliderTrack</styleUrl>
                <LineString>
                    <coordinates>-64.95533333333333,18.165133333333333 -64.95533333333333,18.165133333333333</coordinates>
                </LineString>
            </Placemark>
            <Placemark>
                <name>uvi_02 Track</name>
                <visibility>1</visibility>
                <description>&lt;b&gt;Start: 18°09.908'N 64°57.32'W&lt;br/&gt;End: 18°09.857'N 64°58.533'W&lt;br/&gt;Range: 2.14km&lt;br/&gt;Speed: 0.29m/s @ 267&amp;deg;&lt;br/&gt;&lt;/b&gt;</description>
                <styleUrl>#GliderTrack</styleUrl>
                <LineString>
                    <coordinates>-64.95533333333333,18.165133333333333 -64.97555000000001,18.164283333333334</coordinates>
                </LineString>
            </Placemark>
            <Placemark>
                <name>uvi_02 Track</name>
                <visibility>1</visibility>
                <description>&lt;b&gt;Start: 18°09.857'N 64°58.533'W&lt;br/&gt;End: 18°09.857'N 64°58.533'W&lt;br/&gt;Range: 0.00m&lt;br/&gt;Speed: NaNm/s @ 0&amp;deg;&lt;br/&gt;&lt;/b&gt;</description>
                <styleUrl>#GliderTrack</styleUrl>
                <LineString>
                    <coordinates>-64.97555000000001,18.164283333333334 -64.97555000000001,18.164283333333334</coordinates>
                </LineString>
            </Placemark>
            <Placemark>
                <name>uvi_02 Track</name>
                <visibility>1</visibility>
                <description>&lt;b&gt;Start: 18°09.857'N 64°58.533'W&lt;br/&gt;End: 18°09.969'N 64°59.634'W&lt;br/&gt;Range: 1.95km&lt;br/&gt;Speed: 0.28m/s @ 276&amp;deg;&lt;br/&gt;&lt;/b&gt;</description>
                <styleUrl>#GliderTrack</styleUrl>
                <LineString>
                    <coordinates>-64.97555000000001,18.164283333333334 -64.9939,18.166150000000002</coordinates>
                </LineString>
            </Placemark>
            <Placemark>
                <name>uvi_02 Track</name>
                <visibility>1</visibility>
                <description>&lt;b&gt;Start: 18°09.969'N 64°59.634'W&lt;br/&gt;End: 18°09.969'N 64°59.634'W&lt;br/&gt;Range: 0.00m&lt;br/&gt;Speed: 0.00m/s @ 0&amp;deg;&lt;br/&gt;&lt;/b&gt;</description>
                <styleUrl>#GliderTrack</styleUrl>
                <LineString>
                    <coordinates>-64.9939,18.166150000000002 -64.9939,18.166150000000002</coordinates>
                </LineString>
            </Placemark>
            <Placemark>
                <name>uvi_02 Track</name>
                <visibility>1</visibility>
                <description>&lt;b&gt;Start: 18°09.969'N 64°59.634'W&lt;br/&gt;End: 18°09.969'N 64°59.634'W&lt;br/&gt;Range: 0.00m&lt;br/&gt;Speed: NaNm/s @ 0&amp;deg;&lt;br/&gt;&lt;/b&gt;</description>
                <styleUrl>#GliderTrack</styleUrl>
                <LineString>
                    <coordinates>-64.9939,18.166150000000002 -64.9939,18.166150000000002</coordinates>
                </LineString>
            </Placemark>
            <Placemark>
                <name>uvi_02 Track</name>
                <visibility>1</visibility>
                <description>&lt;b&gt;Start: 18°09.969'N 64°59.634'W&lt;br/&gt;End: 18°10.089'N 64°58.806'W&lt;br/&gt;Range: 1.47km&lt;br/&gt;Speed: 0.20m/s @ 81&amp;deg;&lt;br/&gt;&lt;/b&gt;</description>
                <styleUrl>#GliderTrack</styleUrl>
                <LineString>
                    <coordinates>-64.9939,18.166150000000002 -64.9801,18.16815</coordinates>
                </LineString>
            </Placemark>
            <Placemark>
                <name>uvi_02 Track</name>
                <visibility>1</visibility>
                <description>&lt;b&gt;Start: 18°10.089'N 64°58.806'W&lt;br/&gt;End: 18°10.089'N 64°58.806'W&lt;br/&gt;Range: 0.00m&lt;br/&gt;Speed: NaNm/s @ 0&amp;deg;&lt;br/&gt;&lt;/b&gt;</description>
                <styleUrl>#GliderTrack</styleUrl>
                <LineString>
                    <coordinates>-64.9801,18.16815 -64.9801,18.16815</coordinates>
                </LineString>
            </Placemark>
            <Placemark>
                <name>uvi_02 Track</name>
                <visibility>1</visibility>
                <description>&lt;b&gt;Start: 18°10.089'N 64°58.806'W&lt;br/&gt;End: 18°10.089'N 64°58.806'W&lt;br/&gt;Range: 0.00m&lt;br/&gt;Speed: 0.00m/s @ 0&amp;deg;&lt;br/&gt;&lt;/b&gt;</description>
                <styleUrl>#GliderTrack</styleUrl>
                <LineString>
                    <coordinates>-64.9801,18.16815 -64.9801,18.16815</coordinates>
                </LineString>
            </Placemark>
            <Placemark>
                <name>uvi_02 Track</name>
                <visibility>1</visibility>
                <description>&lt;b&gt;Start: 18°10.089'N 64°58.806'W&lt;br/&gt;End: 18°10.106'N 64°57.888'W&lt;br/&gt;Range: 1.62km&lt;br/&gt;Speed: 0.24m/s @ 89&amp;deg;&lt;br/&gt;&lt;/b&gt;</description>
                <styleUrl>#GliderTrack</styleUrl>
                <LineString>
                    <coordinates>-64.9801,18.16815 -64.9648,18.168433333333333</coordinates>
                </LineString>
            </Placemark>
            <Placemark>
                <name>uvi_02 Track</name>
                <visibility>1</visibility>
                <description>&lt;b&gt;Start: 18°10.106'N 64°57.888'W&lt;br/&gt;End: 18°10.106'N 64°57.888'W&lt;br/&gt;Range: 0.00m&lt;br/&gt;Speed: NaNm/s @ 0&amp;deg;&lt;br/&gt;&lt;/b&gt;</description>
                <styleUrl>#GliderTrack</styleUrl>
                <LineString>
                    <coordinates>-64.9648,18.168433333333333 -64.9648,18.168433333333333</coordinates>
                </LineString>
            </Placemark>
            <Placemark>
                <name>uvi_02 Track</name>
                <visibility>1</visibility>
                <description>&lt;b&gt;Start: 18°10.106'N 64°57.888'W&lt;br/&gt;End: 18°10.001'N 64°57.042'W&lt;br/&gt;Range: 1.50km&lt;br/&gt;Speed: 0.22m/s @ 97&amp;deg;&lt;br/&gt;&lt;/b&gt;</description>
                <styleUrl>#GliderTrack</styleUrl>
                <LineString>
                    <coordinates>-64.9648,18.168433333333333 -64.95070000000001,18.16668333333333</coordinates>
                </LineString>
            </Placemark>
            <Placemark>
                <name>uvi_02 Track</name>
                <visibility>1</visibility>
                <description>&lt;b&gt;Start: 18°10.001'N 64°57.042'W&lt;br/&gt;End: 18°10.001'N 64°57.042'W&lt;br/&gt;Range: 0.00m&lt;br/&gt;Speed: NaNm/s @ 0&amp;deg;&lt;br/&gt;&lt;/b&gt;</description>
                <styleUrl>#GliderTrack</styleUrl>
                <LineString>
                    <coordinates>-64.95070000000001,18.16668333333333 -64.95070000000001,18.16668333333333</coordinates>
                </LineString>
            </Placemark>
            <Placemark>
                <name>uvi_02 Track</name>
                <visibility>1</visibility>
                <description>&lt;b&gt;Start: 18°10.001'N 64°57.042'W&lt;br/&gt;End: 18°10.001'N 64°57.042'W&lt;br/&gt;Range: 0.00m&lt;br/&gt;Speed: NaNm/s @ 0&amp;deg;&lt;br/&gt;&lt;/b&gt;</description>
                <styleUrl>#GliderTrack</styleUrl>
                <LineString>
                    <coordinates>-64.95070000000001,18.16668333333333 -64.95070000000001,18.16668333333333</coordinates>
                </LineString>
            </Placemark>
            <Placemark>
                <name>uvi_02 Track</name>
                <visibility>1</visibility>
                <description>&lt;b&gt;Start: 18°10.001'N 64°57.042'W&lt;br/&gt;End: 18°09.835'N 64°56.722'W&lt;br/&gt;Range: 641.99m&lt;br/&gt;Speed: 0.08m/s @ 119&amp;deg;&lt;br/&gt;&lt;/b&gt;</description>
                <styleUrl>#GliderTrack</styleUrl>
                <LineString>
                    <coordinates>-64.95070000000001,18.16668333333333 -64.94536666666666,18.16391666666667</coordinates>
                </LineString>
            </Placemark>
            <Placemark>
                <name>uvi_02 Track</name>
                <visibility>1</visibility>
                <description>&lt;b&gt;Start: 18°09.835'N 64°56.722'W&lt;br/&gt;End: 18°09.835'N 64°56.722'W&lt;br/&gt;Range: 0.00m&lt;br/&gt;Speed: NaNm/s @ 0&amp;deg;&lt;br/&gt;&lt;/b&gt;</description>
                <styleUrl>#GliderTrack</styleUrl>
                <LineString>
                    <coordinates>-64.94536666666666,18.16391666666667 -64.94536666666666,18.16391666666667</coordinates>
                </LineString>
            </Placemark>
            <Placemark>
                <name>uvi_02 Track</name>
                <visibility>1</visibility>
                <description>&lt;b&gt;Start: 18°09.835'N 64°56.722'W&lt;br/&gt;End: 18°09.926'N 64°57.978'W&lt;br/&gt;Range: 2.22km&lt;br/&gt;Speed: 0.30m/s @ 274&amp;deg;&lt;br/&gt;&lt;/b&gt;</description>
                <styleUrl>#GliderTrack</styleUrl>
                <LineString>
                    <coordinates>-64.94536666666666,18.16391666666667 -64.9663,18.165433333333333</coordinates>
                </LineString>
            </Placemark>
            <Placemark>
                <name>uvi_02 Track</name>
                <visibility>1</visibility>
                <description>&lt;b&gt;Start: 18°09.926'N 64°57.978'W&lt;br/&gt;End: 18°09.926'N 64°57.978'W&lt;br/&gt;Range: 0.00m&lt;br/&gt;Speed: NaNm/s @ 0&amp;deg;&lt;br/&gt;&lt;/b&gt;</description>
                <styleUrl>#GliderTrack</styleUrl>
                <LineString>
                    <coordinates>-64.9663,18.165433333333333 -64.9663,18.165433333333333</coordinates>
                </LineString>
            </Placemark>
            <Placemark>
                <name>uvi_02 Track</name>
                <visibility>1</visibility>
                <description>&lt;b&gt;Start: 18°09.926'N 64°57.978'W&lt;br/&gt;End: 18°09.926'N 64°57.978'W&lt;br/&gt;Range: 0.00m&lt;br/&gt;Speed: NaNm/s @ 0&amp;deg;&lt;br/&gt;&lt;/b&gt;</description>
                <styleUrl>#GliderTrack</styleUrl>
                <LineString>
                    <coordinates>-64.9663,18.165433333333333 -64.9663,18.165433333333333</coordinates>
                </LineString>
            </Placemark>
            <Placemark>
                <name>uvi_02 Track</name>
                <visibility>1</visibility>
                <description>&lt;b&gt;Start: 18°09.926'N 64°57.978'W&lt;br/&gt;End: 18°10.078'N 64°59.263'W&lt;br/&gt;Range: 2.28km&lt;br/&gt;Speed: 0.32m/s @ 277&amp;deg;&lt;br/&gt;&lt;/b&gt;</description>
                <styleUrl>#GliderTrack</styleUrl>
                <LineString>
                    <coordinates>-64.9663,18.165433333333333 -64.98771666666667,18.167966666666665</coordinates>
                </LineString>
            </Placemark>
            <Placemark>
                <name>uvi_02 Track</name>
                <visibility>1</visibility>
                <description>&lt;b&gt;Start: 18°10.078'N 64°59.263'W&lt;br/&gt;End: 18°10.078'N 64°59.263'W&lt;br/&gt;Range: 0.00m&lt;br/&gt;Speed: NaNm/s @ 0&amp;deg;&lt;br/&gt;&lt;/b&gt;</description>
                <styleUrl>#GliderTrack</styleUrl>
                <LineString>
                    <coordinates>-64.98771666666667,18.167966666666665 -64.98771666666667,18.167966666666665</coordinates>
                </LineString>
            </Placemark>
            <Placemark>
                <name>uvi_02 Track</name>
                <visibility>1</visibility>
                <description>&lt;b&gt;Start: 18°10.078'N 64°59.263'W&lt;br/&gt;End: 18°10.078'N 64°59.263'W&lt;br/&gt;Range: 0.00m&lt;br/&gt;Speed: NaNm/s @ 0&amp;deg;&lt;br/&gt;&lt;/b&gt;</description>
                <styleUrl>#GliderTrack</styleUrl>
                <LineString>
                    <coordinates>-64.98771666666667,18.167966666666665 -64.98771666666667,18.167966666666665</coordinates>
                </LineString>
            </Placemark>
            <Placemark>
                <name>uvi_02 Track</name>
                <visibility>1</visibility>
                <description>&lt;b&gt;Start: 18°10.078'N 64°59.263'W&lt;br/&gt;End: 18°10.078'N 64°59.263'W&lt;br/&gt;Range: 0.00m&lt;br/&gt;Speed: NaNm/s @ 0&amp;deg;&lt;br/&gt;&lt;/b&gt;</description>
                <styleUrl>#GliderTrack</styleUrl>
                <LineString>
                    <coordinates>-64.98771666666667,18.167966666666665 -64.98771666666667,18.167966666666665</coordinates>
                </LineString>
            </Placemark>
            <Placemark>
                <name>uvi_02 Track</name>
                <visibility>1</visibility>
                <description>&lt;b&gt;Start: 18°10.078'N 64°59.263'W&lt;br/&gt;End: 18°10.144'N 64°59.322'W&lt;br/&gt;Range: 160.48m&lt;br/&gt;Speed: 0.02m/s @ 320&amp;deg;&lt;br/&gt;&lt;/b&gt;</description>
                <styleUrl>#GliderTrack</styleUrl>
                <LineString>
                    <coordinates>-64.98771666666667,18.167966666666665 -64.98870000000001,18.169066666666666</coordinates>
                </LineString>
            </Placemark>
            <Placemark>
                <name>uvi_02 Track</name>
                <visibility>1</visibility>
                <description>&lt;b&gt;Start: 18°10.144'N 64°59.322'W&lt;br/&gt;End: 18°10.144'N 64°59.322'W&lt;br/&gt;Range: 0.00m&lt;br/&gt;Speed: NaNm/s @ 0&amp;deg;&lt;br/&gt;&lt;/b&gt;</description>
                <styleUrl>#GliderTrack</styleUrl>
                <LineString>
                    <coordinates>-64.98870000000001,18.169066666666666 -64.98870000000001,18.169066666666666</coordinates>
                </LineString>
            </Placemark>
            <Placemark>
                <name>uvi_02 Track</name>
                <visibility>1</visibility>
                <description>&lt;b&gt;Start: 18°10.144'N 64°59.322'W&lt;br/&gt;End: 18°10.144'N 64°59.322'W&lt;br/&gt;Range: 0.00m&lt;br/&gt;Speed: 0.00m/s @ 0&amp;deg;&lt;br/&gt;&lt;/b&gt;</description>
                <styleUrl>#GliderTrack</styleUrl>
                <LineString>
                    <coordinates>-64.98870000000001,18.169066666666666 -64.98870000000001,18.169066666666666</coordinates>
                </LineString>
            </Placemark>
            <Placemark>
                <name>uvi_02 Track</name>
                <visibility>1</visibility>
                <description>&lt;b&gt;Start: 18°10.144'N 64°59.322'W&lt;br/&gt;End: 18°10.266'N 64°58.624'W&lt;br/&gt;Range: 1.25km&lt;br/&gt;Speed: 0.19m/s @ 80&amp;deg;&lt;br/&gt;&lt;/b&gt;</description>
                <styleUrl>#GliderTrack</styleUrl>
                <LineString>
                    <coordinates>-64.98870000000001,18.169066666666666 -64.97706666666666,18.171100000000003</coordinates>
                </LineString>
            </Placemark>
            <Placemark>
                <name>uvi_02 Track</name>
                <visibility>1</visibility>
                <description>&lt;b&gt;Start: 18°10.266'N 64°58.624'W&lt;br/&gt;End: 18°10.266'N 64°58.624'W&lt;br/&gt;Range: 0.00m&lt;br/&gt;Speed: 0.00m/s @ 0&amp;deg;&lt;br/&gt;&lt;/b&gt;</description>
                <styleUrl>#GliderTrack</styleUrl>
                <LineString>
                    <coordinates>-64.97706666666666,18.171100000000003 -64.97706666666666,18.171100000000003</coordinates>
                </LineString>
            </Placemark>
            <Placemark>
                <name>uvi_02 Track</name>
                <visibility>1</visibility>
                <description>&lt;b&gt;Start: 18°10.266'N 64°58.624'W&lt;br/&gt;End: 18°10.266'N 64°58.624'W&lt;br/&gt;Range: 0.00m&lt;br/&gt;Speed: NaNm/s @ 0&amp;deg;&lt;br/&gt;&lt;/b&gt;</description>
                <styleUrl>#GliderTrack</styleUrl>
                <LineString>
                    <coordinates>-64.97706666666666,18.171100000000003 -64.97706666666666,18.171100000000003</coordinates>
                </LineString>
            </Placemark>
            <Placemark>
                <name>uvi_02 Track</name>
                <visibility>1</visibility>
                <description>&lt;b&gt;Start: 18°10.266'N 64°58.624'W&lt;br/&gt;End: 18°10.342'N 64°58.094'W&lt;br/&gt;Range: 943.80m&lt;br/&gt;Speed: 0.14m/s @ 81&amp;deg;&lt;br/&gt;&lt;/b&gt;</description>
                <styleUrl>#GliderTrack</styleUrl>
                <LineString>
                    <coordinates>-64.97706666666666,18.171100000000003 -64.96823333333333,18.17236666666667</coordinates>
                </LineString>
            </Placemark>
            <Placemark>
                <name>uvi_02 Track</name>
                <visibility>1</visibility>
                <description>&lt;b&gt;Start: 18°10.342'N 64°58.094'W&lt;br/&gt;End: 18°10.342'N 64°58.094'W&lt;br/&gt;Range: 0.00m&lt;br/&gt;Speed: NaNm/s @ 0&amp;deg;&lt;br/&gt;&lt;/b&gt;</description>
                <styleUrl>#GliderTrack</styleUrl>
                <LineString>
                    <coordinates>-64.96823333333333,18.17236666666667 -64.96823333333333,18.17236666666667</coordinates>
                </LineString>
            </Placemark>
            <Placemark>
                <name>uvi_02 Track</name>
                <visibility>1</visibility>
                <description>&lt;b&gt;Start: 18°10.342'N 64°58.094'W&lt;br/&gt;End: 18°10.342'N 64°58.094'W&lt;br/&gt;Range: 0.00m&lt;br/&gt;Speed: NaNm/s @ 0&amp;deg;&lt;br/&gt;&lt;/b&gt;</description>
                <styleUrl>#GliderTrack</styleUrl>
                <LineString>
                    <coordinates>-64.96823333333333,18.17236666666667 -64.96823333333333,18.17236666666667</coordinates>
                </LineString>
            </Placemark>
            <Placemark>
                <name>uvi_02 Track</name>
                <visibility>1</visibility>
                <description>&lt;b&gt;Start: 18°10.342'N 64°58.094'W&lt;br/&gt;End: 18°10.264'N 64°57.651'W&lt;br/&gt;Range: 793.32m&lt;br/&gt;Speed: 0.11m/s @ 100&amp;deg;&lt;br/&gt;&lt;/b&gt;</description>
                <styleUrl>#GliderTrack</styleUrl>
                <LineString>
                    <coordinates>-64.96823333333333,18.17236666666667 -64.96085,18.171066666666665</coordinates>
                </LineString>
            </Placemark>
            <Placemark>
                <name>uvi_02 Track</name>
                <visibility>1</visibility>
                <description>&lt;b&gt;Start: 18°10.264'N 64°57.651'W&lt;br/&gt;End: 18°10.264'N 64°57.651'W&lt;br/&gt;Range: 0.00m&lt;br/&gt;Speed: NaNm/s @ 0&amp;deg;&lt;br/&gt;&lt;/b&gt;</description>
                <styleUrl>#GliderTrack</styleUrl>
                <LineString>
                    <coordinates>-64.96085,18.171066666666665 -64.96085,18.171066666666665</coordinates>
                </LineString>
            </Placemark>
            <Placemark>
                <name>uvi_02 Track</name>
                <visibility>1</visibility>
                <description>&lt;b&gt;Start: 18°10.264'N 64°57.651'W&lt;br/&gt;End: 18°10.264'N 64°57.651'W&lt;br/&gt;Range: 0.00m&lt;br/&gt;Speed: 0.00m/s @ 0&amp;deg;&lt;br/&gt;&lt;/b&gt;</description>
                <styleUrl>#GliderTrack</styleUrl>
                <LineString>
                    <coordinates>-64.96085,18.171066666666665 -64.96085,18.171066666666665</coordinates>
                </LineString>
            </Placemark>
            <Placemark>
                <name>uvi_02 Track</name>
                <visibility>1</visibility>
                <description>&lt;b&gt;Start: 18°10.264'N 64°57.651'W&lt;br/&gt;End: 18°10.284'N 64°57.282'W&lt;br/&gt;Range: 650.80m&lt;br/&gt;Speed: 0.09m/s @ 87&amp;deg;&lt;br/&gt;&lt;/b&gt;</description>
                <styleUrl>#GliderTrack</styleUrl>
                <LineString>
                    <coordinates>-64.96085,18.171066666666665 -64.9547,18.171400000000002</coordinates>
                </LineString>
            </Placemark>
            <Placemark>
                <name>uvi_02 Track</name>
                <visibility>1</visibility>
                <description>&lt;b&gt;Start: 18°10.284'N 64°57.282'W&lt;br/&gt;End: 18°10.284'N 64°57.282'W&lt;br/&gt;Range: 0.00m&lt;br/&gt;Speed: NaNm/s @ 0&amp;deg;&lt;br/&gt;&lt;/b&gt;</description>
                <styleUrl>#GliderTrack</styleUrl>
                <LineString>
                    <coordinates>-64.9547,18.171400000000002 -64.9547,18.171400000000002</coordinates>
                </LineString>
            </Placemark>
            <Placemark>
                <name>uvi_02 Track</name>
                <visibility>1</visibility>
                <description>&lt;b&gt;Start: 18°10.284'N 64°57.282'W&lt;br/&gt;End: 18°10.284'N 64°57.282'W&lt;br/&gt;Range: 0.00m&lt;br/&gt;Speed: NaNm/s @ 0&amp;deg;&lt;br/&gt;&lt;/b&gt;</description>
                <styleUrl>#GliderTrack</styleUrl>
                <LineString>
                    <coordinates>-64.9547,18.171400000000002 -64.9547,18.171400000000002</coordinates>
                </LineString>
            </Placemark>
            <Placemark>
                <name>uvi_02 Track</name>
                <visibility>1</visibility>
                <description>&lt;b&gt;Start: 18°10.284'N 64°57.282'W&lt;br/&gt;End: 18°10.205'N 64°56.747'W&lt;br/&gt;Range: 953.35m&lt;br/&gt;Speed: 0.14m/s @ 99&amp;deg;&lt;br/&gt;&lt;/b&gt;</description>
                <styleUrl>#GliderTrack</styleUrl>
                <LineString>
                    <coordinates>-64.9547,18.171400000000002 -64.94578333333334,18.17008333333333</coordinates>
                </LineString>
            </Placemark>
            <Placemark>
                <name>uvi_02 Track</name>
                <visibility>1</visibility>
                <description>&lt;b&gt;Start: 18°10.205'N 64°56.747'W&lt;br/&gt;End: 18°10.205'N 64°56.747'W&lt;br/&gt;Range: 0.00m&lt;br/&gt;Speed: 0.00m/s @ 0&amp;deg;&lt;br/&gt;&lt;/b&gt;</description>
                <styleUrl>#GliderTrack</styleUrl>
                <LineString>
                    <coordinates>-64.94578333333334,18.17008333333333 -64.94578333333334,18.17008333333333</coordinates>
                </LineString>
            </Placemark>
            <Placemark>
                <name>uvi_02 Track</name>
                <visibility>1</visibility>
                <description>&lt;b&gt;Start: 18°10.205'N 64°56.747'W&lt;br/&gt;End: 18°10.205'N 64°56.747'W&lt;br/&gt;Range: 0.00m&lt;br/&gt;Speed: NaNm/s @ 0&amp;deg;&lt;br/&gt;&lt;/b&gt;</description>
                <styleUrl>#GliderTrack</styleUrl>
                <LineString>
                    <coordinates>-64.94578333333334,18.17008333333333 -64.94578333333334,18.17008333333333</coordinates>
                </LineString>
            </Placemark>
            <Placemark>
                <name>uvi_02 Track</name>
                <visibility>1</visibility>
                <description>&lt;b&gt;Start: 18°10.205'N 64°56.747'W&lt;br/&gt;End: 18°10.109'N 64°56.373'W&lt;br/&gt;Range: 682.16m&lt;br/&gt;Speed: 0.10m/s @ 105&amp;deg;&lt;br/&gt;&lt;/b&gt;</description>
                <styleUrl>#GliderTrack</styleUrl>
                <LineString>
                    <coordinates>-64.94578333333334,18.17008333333333 -64.93955,18.16848333333333</coordinates>
                </LineString>
            </Placemark>
            <Placemark>
                <name>uvi_02 Track</name>
                <visibility>1</visibility>
                <description>&lt;b&gt;Start: 18°10.109'N 64°56.373'W&lt;br/&gt;End: 18°10.109'N 64°56.373'W&lt;br/&gt;Range: 0.00m&lt;br/&gt;Speed: 0.00m/s @ 0&amp;deg;&lt;br/&gt;&lt;/b&gt;</description>
                <styleUrl>#GliderTrack</styleUrl>
                <LineString>
                    <coordinates>-64.93955,18.16848333333333 -64.93955,18.16848333333333</coordinates>
                </LineString>
            </Placemark>
            <Placemark>
                <name>uvi_02 Track</name>
                <visibility>1</visibility>
                <description>&lt;b&gt;Start: 18°10.109'N 64°56.373'W&lt;br/&gt;End: 18°10.109'N 64°56.373'W&lt;br/&gt;Range: 0.00m&lt;br/&gt;Speed: NaNm/s @ 0&amp;deg;&lt;br/&gt;&lt;/b&gt;</description>
                <styleUrl>#GliderTrack</styleUrl>
                <LineString>
                    <coordinates>-64.93955,18.16848333333333 -64.93955,18.16848333333333</coordinates>
                </LineString>
            </Placemark>
            <Placemark>
                <name>uvi_02 Track</name>
                <visibility>1</visibility>
                <description>&lt;b&gt;Start: 18°10.109'N 64°56.373'W&lt;br/&gt;End: 18°10.157'N 64°57.43'W&lt;br/&gt;Range: 1.86km&lt;br/&gt;Speed: 0.27m/s @ 273&amp;deg;&lt;br/&gt;&lt;/b&gt;</description>
                <styleUrl>#GliderTrack</styleUrl>
                <LineString>
                    <coordinates>-64.93955,18.16848333333333 -64.95716666666667,18.169283333333333</coordinates>
                </LineString>
            </Placemark>
            <Placemark>
                <name>uvi_02 Track</name>
                <visibility>1</visibility>
                <description>&lt;b&gt;Start: 18°10.157'N 64°57.43'W&lt;br/&gt;End: 18°10.157'N 64°57.43'W&lt;br/&gt;Range: 0.00m&lt;br/&gt;Speed: NaNm/s @ 0&amp;deg;&lt;br/&gt;&lt;/b&gt;</description>
                <styleUrl>#GliderTrack</styleUrl>
                <LineString>
                    <coordinates>-64.95716666666667,18.169283333333333 -64.95716666666667,18.169283333333333</coordinates>
                </LineString>
            </Placemark>
            <Placemark>
                <name>uvi_02 Track</name>
                <visibility>1</visibility>
                <description>&lt;b&gt;Start: 18°10.157'N 64°57.43'W&lt;br/&gt;End: 18°10.157'N 64°57.43'W&lt;br/&gt;Range: 0.00m&lt;br/&gt;Speed: NaNm/s @ 0&amp;deg;&lt;br/&gt;&lt;/b&gt;</description>
                <styleUrl>#GliderTrack</styleUrl>
                <LineString>
                    <coordinates>-64.95716666666667,18.169283333333333 -64.95716666666667,18.169283333333333</coordinates>
                </LineString>
            </Placemark>
            <Placemark>
                <name>uvi_02 Track</name>
                <visibility>1</visibility>
                <description>&lt;b&gt;Start: 18°10.157'N 64°57.43'W&lt;br/&gt;End: 18°10.125'N 64°58.374'W&lt;br/&gt;Range: 1.66km&lt;br/&gt;Speed: 0.24m/s @ 268&amp;deg;&lt;br/&gt;&lt;/b&gt;</description>
                <styleUrl>#GliderTrack</styleUrl>
                <LineString>
                    <coordinates>-64.95716666666667,18.169283333333333 -64.9729,18.16875</coordinates>
                </LineString>
            </Placemark>
            <Placemark>
                <name>uvi_02 Track</name>
                <visibility>1</visibility>
                <description>&lt;b&gt;Start: 18°10.125'N 64°58.374'W&lt;br/&gt;End: 18°10.125'N 64°58.374'W&lt;br/&gt;Range: 0.00m&lt;br/&gt;Speed: NaNm/s @ 0&amp;deg;&lt;br/&gt;&lt;/b&gt;</description>
                <styleUrl>#GliderTrack</styleUrl>
                <LineString>
                    <coordinates>-64.9729,18.16875 -64.9729,18.16875</coordinates>
                </LineString>
            </Placemark>
            <Placemark>
                <name>uvi_02 Track</name>
                <visibility>1</visibility>
                <description>&lt;b&gt;Start: 18°10.125'N 64°58.374'W&lt;br/&gt;End: 18°09.981'N 64°59.259'W&lt;br/&gt;Range: 1.58km&lt;br/&gt;Speed: 0.23m/s @ 260&amp;deg;&lt;br/&gt;&lt;/b&gt;</description>
                <styleUrl>#GliderTrack</styleUrl>
                <LineString>
                    <coordinates>-64.9729,18.16875 -64.98765,18.16635</coordinates>
                </LineString>
            </Placemark>
            <Placemark>
                <name>uvi_02 Track</name>
                <visibility>1</visibility>
                <description>&lt;b&gt;Start: 18°09.981'N 64°59.259'W&lt;br/&gt;End: 18°09.981'N 64°59.259'W&lt;br/&gt;Range: 0.00m&lt;br/&gt;Speed: 0.00m/s @ 0&amp;deg;&lt;br/&gt;&lt;/b&gt;</description>
                <styleUrl>#GliderTrack</styleUrl>
                <LineString>
                    <coordinates>-64.98765,18.16635 -64.98765,18.16635</coordinates>
                </LineString>
            </Placemark>
            <Placemark>
                <name>uvi_02 Track</name>
                <visibility>1</visibility>
                <description>&lt;b&gt;Start: 18°09.981'N 64°59.259'W&lt;br/&gt;End: 18°09.981'N 64°59.259'W&lt;br/&gt;Range: 0.00m&lt;br/&gt;Speed: NaNm/s @ 0&amp;deg;&lt;br/&gt;&lt;/b&gt;</description>
                <styleUrl>#GliderTrack</styleUrl>
                <LineString>
                    <coordinates>-64.98765,18.16635 -64.98765,18.16635</coordinates>
                </LineString>
            </Placemark>
            <Placemark>
                <name>uvi_02 Track</name>
                <visibility>1</visibility>
                <description>&lt;b&gt;Start: 18°09.981'N 64°59.259'W&lt;br/&gt;End: 18°09.834'N 64°59.287'W&lt;br/&gt;Range: 276.85m&lt;br/&gt;Speed: 0.04m/s @ 190&amp;deg;&lt;br/&gt;&lt;/b&gt;</description>
                <styleUrl>#GliderTrack</styleUrl>
                <LineString>
                    <coordinates>-64.98765,18.16635 -64.98811666666667,18.1639</coordinates>
                </LineString>
            </Placemark>
            <Placemark>
                <name>uvi_02 Track</name>
                <visibility>1</visibility>
                <description>&lt;b&gt;Start: 18°09.834'N 64°59.287'W&lt;br/&gt;End: 18°09.834'N 64°59.287'W&lt;br/&gt;Range: 0.00m&lt;br/&gt;Speed: 0.00m/s @ 0&amp;deg;&lt;br/&gt;&lt;/b&gt;</description>
                <styleUrl>#GliderTrack</styleUrl>
                <LineString>
                    <coordinates>-64.98811666666667,18.1639 -64.98811666666667,18.1639</coordinates>
                </LineString>
            </Placemark>
            <Placemark>
                <name>uvi_02 Track</name>
                <visibility>1</visibility>
                <description>&lt;b&gt;Start: 18°09.834'N 64°59.287'W&lt;br/&gt;End: 18°09.834'N 64°59.287'W&lt;br/&gt;Range: 0.00m&lt;br/&gt;Speed: NaNm/s @ 0&amp;deg;&lt;br/&gt;&lt;/b&gt;</description>
                <styleUrl>#GliderTrack</styleUrl>
                <LineString>
                    <coordinates>-64.98811666666667,18.1639 -64.98811666666667,18.1639</coordinates>
                </LineString>
            </Placemark>
            <Placemark>
                <name>uvi_02 Track</name>
                <visibility>1</visibility>
                <description>&lt;b&gt;Start: 18°09.834'N 64°59.287'W&lt;br/&gt;End: 18°09.731'N 64°58.629'W&lt;br/&gt;Range: 1.17km&lt;br/&gt;Speed: 0.17m/s @ 99&amp;deg;&lt;br/&gt;&lt;/b&gt;</description>
                <styleUrl>#GliderTrack</styleUrl>
                <LineString>
                    <coordinates>-64.98811666666667,18.1639 -64.97715,18.162183333333335</coordinates>
                </LineString>
            </Placemark>
            <Placemark>
                <name>uvi_02 Track</name>
                <visibility>1</visibility>
                <description>&lt;b&gt;Start: 18°09.731'N 64°58.629'W&lt;br/&gt;End: 18°09.731'N 64°58.629'W&lt;br/&gt;Range: 0.00m&lt;br/&gt;Speed: NaNm/s @ 0&amp;deg;&lt;br/&gt;&lt;/b&gt;</description>
                <styleUrl>#GliderTrack</styleUrl>
                <LineString>
                    <coordinates>-64.97715,18.162183333333335 -64.97715,18.162183333333335</coordinates>
                </LineString>
            </Placemark>
            <Placemark>
                <name>uvi_02 Track</name>
                <visibility>1</visibility>
                <description>&lt;b&gt;Start: 18°09.731'N 64°58.629'W&lt;br/&gt;End: 18°09.731'N 64°58.629'W&lt;br/&gt;Range: 0.00m&lt;br/&gt;Speed: NaNm/s @ 0&amp;deg;&lt;br/&gt;&lt;/b&gt;</description>
                <styleUrl>#GliderTrack</styleUrl>
                <LineString>
                    <coordinates>-64.97715,18.162183333333335 -64.97715,18.162183333333335</coordinates>
                </LineString>
            </Placemark>
            <Placemark>
                <name>uvi_02 Track</name>
                <visibility>1</visibility>
                <description>&lt;b&gt;Start: 18°09.731'N 64°58.629'W&lt;br/&gt;End: 18°09.777'N 64°58.093'W&lt;br/&gt;Range: 947.69m&lt;br/&gt;Speed: 0.14m/s @ 85&amp;deg;&lt;br/&gt;&lt;/b&gt;</description>
                <styleUrl>#GliderTrack</styleUrl>
                <LineString>
                    <coordinates>-64.97715,18.162183333333335 -64.96821666666666,18.162950000000002</coordinates>
                </LineString>
            </Placemark>
            <Placemark>
                <name>uvi_02 Track</name>
                <visibility>1</visibility>
                <description>&lt;b&gt;Start: 18°09.777'N 64°58.093'W&lt;br/&gt;End: 18°09.777'N 64°58.093'W&lt;br/&gt;Range: 0.00m&lt;br/&gt;Speed: NaNm/s @ 0&amp;deg;&lt;br/&gt;&lt;/b&gt;</description>
                <styleUrl>#GliderTrack</styleUrl>
                <LineString>
                    <coordinates>-64.96821666666666,18.162950000000002 -64.96821666666666,18.162950000000002</coordinates>
                </LineString>
            </Placemark>
            <Placemark>
                <name>uvi_02 Track</name>
                <visibility>1</visibility>
                <description>&lt;b&gt;Start: 18°09.777'N 64°58.093'W&lt;br/&gt;End: 18°09.777'N 64°58.093'W&lt;br/&gt;Range: 0.00m&lt;br/&gt;Speed: NaNm/s @ 0&amp;deg;&lt;br/&gt;&lt;/b&gt;</description>
                <styleUrl>#GliderTrack</styleUrl>
                <LineString>
                    <coordinates>-64.96821666666666,18.162950000000002 -64.96821666666666,18.162950000000002</coordinates>
                </LineString>
            </Placemark>
            <Placemark>
                <name>uvi_02 Track</name>
                <visibility>1</visibility>
                <description>&lt;b&gt;Start: 18°09.777'N 64°58.093'W&lt;br/&gt;End: 18°09.922'N 64°57.551'W&lt;br/&gt;Range: 991.51m&lt;br/&gt;Speed: 0.15m/s @ 74&amp;deg;&lt;br/&gt;&lt;/b&gt;</description>
                <styleUrl>#GliderTrack</styleUrl>
                <LineString>
                    <coordinates>-64.96821666666666,18.162950000000002 -64.95918333333334,18.165366666666667</coordinates>
                </LineString>
            </Placemark>
            <Placemark>
                <name>uvi_02 Track</name>
                <visibility>1</visibility>
                <description>&lt;b&gt;Start: 18°09.922'N 64°57.551'W&lt;br/&gt;End: 18°09.922'N 64°57.551'W&lt;br/&gt;Range: 0.00m&lt;br/&gt;Speed: NaNm/s @ 0&amp;deg;&lt;br/&gt;&lt;/b&gt;</description>
                <styleUrl>#GliderTrack</styleUrl>
                <LineString>
                    <coordinates>-64.95918333333334,18.165366666666667 -64.95918333333334,18.165366666666667</coordinates>
                </LineString>
            </Placemark>
            <Placemark>
                <name>uvi_02 Track</name>
                <visibility>1</visibility>
                <description>&lt;b&gt;Start: 18°09.922'N 64°57.551'W&lt;br/&gt;End: 18°09.922'N 64°57.551'W&lt;br/&gt;Range: 0.00m&lt;br/&gt;Speed: NaNm/s @ 0&amp;deg;&lt;br/&gt;&lt;/b&gt;</description>
                <styleUrl>#GliderTrack</styleUrl>
                <LineString>
                    <coordinates>-64.95918333333334,18.165366666666667 -64.95918333333334,18.165366666666667</coordinates>
                </LineString>
            </Placemark>
            <Placemark>
                <name>uvi_02 Track</name>
                <visibility>1</visibility>
                <description>&lt;b&gt;Start: 18°09.922'N 64°57.551'W&lt;br/&gt;End: 18°10.052'N 64°56.874'W&lt;br/&gt;Range: 1.22km&lt;br/&gt;Speed: 0.18m/s @ 79&amp;deg;&lt;br/&gt;&lt;/b&gt;</description>
                <styleUrl>#GliderTrack</styleUrl>
                <LineString>
                    <coordinates>-64.95918333333334,18.165366666666667 -64.94789999999999,18.16753333333333</coordinates>
                </LineString>
            </Placemark>
            <Placemark>
                <name>uvi_02 Track</name>
                <visibility>1</visibility>
                <description>&lt;b&gt;Start: 18°10.052'N 64°56.874'W&lt;br/&gt;End: 18°10.052'N 64°56.874'W&lt;br/&gt;Range: 0.00m&lt;br/&gt;Speed: NaNm/s @ 0&amp;deg;&lt;br/&gt;&lt;/b&gt;</description>
                <styleUrl>#GliderTrack</styleUrl>
                <LineString>
                    <coordinates>-64.94789999999999,18.16753333333333 -64.94789999999999,18.16753333333333</coordinates>
                </LineString>
            </Placemark>
            <Placemark>
                <name>uvi_02 Track</name>
                <visibility>1</visibility>
                <description>&lt;b&gt;Start: 18°10.052'N 64°56.874'W&lt;br/&gt;End: 18°10.052'N 64°56.874'W&lt;br/&gt;Range: 0.00m&lt;br/&gt;Speed: NaNm/s @ 0&amp;deg;&lt;br/&gt;&lt;/b&gt;</description>
                <styleUrl>#GliderTrack</styleUrl>
                <LineString>
                    <coordinates>-64.94789999999999,18.16753333333333 -64.94789999999999,18.16753333333333</coordinates>
                </LineString>
            </Placemark>
            <Placemark>
                <name>uvi_02 Track</name>
                <visibility>1</visibility>
                <description>&lt;b&gt;Start: 18°10.052'N 64°56.874'W&lt;br/&gt;End: 18°10.052'N 64°56.874'W&lt;br/&gt;Range: 0.00m&lt;br/&gt;Speed: NaNm/s @ 0&amp;deg;&lt;br/&gt;&lt;/b&gt;</description>
                <styleUrl>#GliderTrack</styleUrl>
                <LineString>
                    <coordinates>-64.94789999999999,18.16753333333333 -64.94789999999999,18.16753333333333</coordinates>
                </LineString>
            </Placemark>
            <Placemark>
                <name>uvi_02 Track</name>
                <visibility>1</visibility>
                <description>&lt;b&gt;Start: 18°10.052'N 64°56.874'W&lt;br/&gt;End: 18°10.123'N 64°56.406'W&lt;br/&gt;Range: 834.52m&lt;br/&gt;Speed: 0.12m/s @ 81&amp;deg;&lt;br/&gt;&lt;/b&gt;</description>
                <styleUrl>#GliderTrack</styleUrl>
                <LineString>
                    <coordinates>-64.94789999999999,18.16753333333333 -64.9401,18.16871666666667</coordinates>
                </LineString>
            </Placemark>
            <Placemark>
                <name>uvi_02 Track</name>
                <visibility>1</visibility>
                <description>&lt;b&gt;Start: 18°10.123'N 64°56.406'W&lt;br/&gt;End: 18°10.123'N 64°56.406'W&lt;br/&gt;Range: 0.00m&lt;br/&gt;Speed: NaNm/s @ 0&amp;deg;&lt;br/&gt;&lt;/b&gt;</description>
                <styleUrl>#GliderTrack</styleUrl>
                <LineString>
                    <coordinates>-64.9401,18.16871666666667 -64.9401,18.16871666666667</coordinates>
                </LineString>
            </Placemark>
            <Placemark>
                <name>uvi_02 Track</name>
                <visibility>1</visibility>
                <description>&lt;b&gt;Start: 18°10.123'N 64°56.406'W&lt;br/&gt;End: 18°10.123'N 64°56.406'W&lt;br/&gt;Range: 0.00m&lt;br/&gt;Speed: NaNm/s @ 0&amp;deg;&lt;br/&gt;&lt;/b&gt;</description>
                <styleUrl>#GliderTrack</styleUrl>
                <LineString>
                    <coordinates>-64.9401,18.16871666666667 -64.9401,18.16871666666667</coordinates>
                </LineString>
            </Placemark>
            <Placemark>
                <name>uvi_02 Track</name>
                <visibility>1</visibility>
                <description>&lt;b&gt;Start: 18°10.123'N 64°56.406'W&lt;br/&gt;End: 18°10.15'N 64°57.613'W&lt;br/&gt;Range: 2.13km&lt;br/&gt;Speed: 0.30m/s @ 271&amp;deg;&lt;br/&gt;&lt;/b&gt;</description>
                <styleUrl>#GliderTrack</styleUrl>
                <LineString>
                    <coordinates>-64.9401,18.16871666666667 -64.96021666666667,18.16916666666667</coordinates>
                </LineString>
            </Placemark>
            <Placemark>
                <name>uvi_02 Track</name>
                <visibility>1</visibility>
                <description>&lt;b&gt;Start: 18°10.15'N 64°57.613'W&lt;br/&gt;End: 18°10.15'N 64°57.613'W&lt;br/&gt;Range: 0.00m&lt;br/&gt;Speed: 0.00m/s @ 0&amp;deg;&lt;br/&gt;&lt;/b&gt;</description>
                <styleUrl>#GliderTrack</styleUrl>
                <LineString>
                    <coordinates>-64.96021666666667,18.16916666666667 -64.96021666666667,18.16916666666667</coordinates>
                </LineString>
            </Placemark>
            <Placemark>
                <name>uvi_02 Track</name>
                <visibility>1</visibility>
                <description>&lt;b&gt;Start: 18°10.15'N 64°57.613'W&lt;br/&gt;End: 18°10.15'N 64°57.613'W&lt;br/&gt;Range: 0.00m&lt;br/&gt;Speed: NaNm/s @ 0&amp;deg;&lt;br/&gt;&lt;/b&gt;</description>
                <styleUrl>#GliderTrack</styleUrl>
                <LineString>
                    <coordinates>-64.96021666666667,18.16916666666667 -64.96021666666667,18.16916666666667</coordinates>
                </LineString>
            </Placemark>
            <Placemark>
                <name>uvi_02 Track</name>
                <visibility>1</visibility>
                <description>&lt;b&gt;Start: 18°10.15'N 64°57.613'W&lt;br/&gt;End: 18°09.998'N 64°58.895'W&lt;br/&gt;Range: 2.27km&lt;br/&gt;Speed: 0.32m/s @ 263&amp;deg;&lt;br/&gt;&lt;/b&gt;</description>
                <styleUrl>#GliderTrack</styleUrl>
                <LineString>
                    <coordinates>-64.96021666666667,18.16916666666667 -64.98158333333335,18.166633333333333</coordinates>
                </LineString>
            </Placemark>
            <Placemark>
                <name>uvi_02 Track</name>
                <visibility>1</visibility>
                <description>&lt;b&gt;Start: 18°09.998'N 64°58.895'W&lt;br/&gt;End: 18°09.998'N 64°58.895'W&lt;br/&gt;Range: 0.00m&lt;br/&gt;Speed: 0.00m/s @ 0&amp;deg;&lt;br/&gt;&lt;/b&gt;</description>
                <styleUrl>#GliderTrack</styleUrl>
                <LineString>
                    <coordinates>-64.98158333333335,18.166633333333333 -64.98158333333335,18.166633333333333</coordinates>
                </LineString>
            </Placemark>
            <Placemark>
                <name>uvi_02 Track</name>
                <visibility>1</visibility>
                <description>&lt;b&gt;Start: 18°09.998'N 64°58.895'W&lt;br/&gt;End: 18°09.998'N 64°58.895'W&lt;br/&gt;Range: 0.00m&lt;br/&gt;Speed: NaNm/s @ 0&amp;deg;&lt;br/&gt;&lt;/b&gt;</description>
                <styleUrl>#GliderTrack</styleUrl>
                <LineString>
                    <coordinates>-64.98158333333335,18.166633333333333 -64.98158333333335,18.166633333333333</coordinates>
                </LineString>
            </Placemark>
            <Placemark>
                <name>uvi_02 Track</name>
                <visibility>1</visibility>
                <description>&lt;b&gt;Start: 18°09.998'N 64°58.895'W&lt;br/&gt;End: 18°10.017'N 64°59.506'W&lt;br/&gt;Range: 1.08km&lt;br/&gt;Speed: 0.15m/s @ 272&amp;deg;&lt;br/&gt;&lt;/b&gt;</description>
                <styleUrl>#GliderTrack</styleUrl>
                <LineString>
                    <coordinates>-64.98158333333335,18.166633333333333 -64.99176666666668,18.16695</coordinates>
                </LineString>
            </Placemark>
            <Placemark>
                <name>uvi_02 Track</name>
                <visibility>1</visibility>
                <description>&lt;b&gt;Start: 18°10.017'N 64°59.506'W&lt;br/&gt;End: 18°10.017'N 64°59.506'W&lt;br/&gt;Range: 0.00m&lt;br/&gt;Speed: 0.00m/s @ 0&amp;deg;&lt;br/&gt;&lt;/b&gt;</description>
                <styleUrl>#GliderTrack</styleUrl>
                <LineString>
                    <coordinates>-64.99176666666668,18.16695 -64.99176666666668,18.16695</coordinates>
                </LineString>
            </Placemark>
            <Placemark>
                <name>uvi_02 Track</name>
                <visibility>1</visibility>
                <description>&lt;b&gt;Start: 18°10.017'N 64°59.506'W&lt;br/&gt;End: 18°10.017'N 64°59.506'W&lt;br/&gt;Range: 0.00m&lt;br/&gt;Speed: NaNm/s @ 0&amp;deg;&lt;br/&gt;&lt;/b&gt;</description>
                <styleUrl>#GliderTrack</styleUrl>
                <LineString>
                    <coordinates>-64.99176666666668,18.16695 -64.99176666666668,18.16695</coordinates>
                </LineString>
            </Placemark>
            <Placemark>
                <name>uvi_02 Track</name>
                <visibility>1</visibility>
                <description>&lt;b&gt;Start: 18°10.017'N 64°59.506'W&lt;br/&gt;End: 18°10.174'N 64°58.734'W&lt;br/&gt;Range: 1.39km&lt;br/&gt;Speed: 0.19m/s @ 78&amp;deg;&lt;br/&gt;&lt;/b&gt;</description>
                <styleUrl>#GliderTrack</styleUrl>
                <LineString>
                    <coordinates>-64.99176666666668,18.16695 -64.97890000000001,18.169566666666665</coordinates>
                </LineString>
            </Placemark>
            <Placemark>
                <name>uvi_02 Track</name>
                <visibility>1</visibility>
                <description>&lt;b&gt;Start: 18°10.174'N 64°58.734'W&lt;br/&gt;End: 18°10.174'N 64°58.734'W&lt;br/&gt;Range: 0.00m&lt;br/&gt;Speed: 0.00m/s @ 0&amp;deg;&lt;br/&gt;&lt;/b&gt;</description>
                <styleUrl>#GliderTrack</styleUrl>
                <LineString>
                    <coordinates>-64.97890000000001,18.169566666666665 -64.97890000000001,18.169566666666665</coordinates>
                </LineString>
            </Placemark>
            <Placemark>
                <name>uvi_02 Track</name>
                <visibility>1</visibility>
                <description>&lt;b&gt;Start: 18°10.174'N 64°58.734'W&lt;br/&gt;End: 18°10.174'N 64°58.734'W&lt;br/&gt;Range: 0.00m&lt;br/&gt;Speed: NaNm/s @ 0&amp;deg;&lt;br/&gt;&lt;/b&gt;</description>
                <styleUrl>#GliderTrack</styleUrl>
                <LineString>
                    <coordinates>-64.97890000000001,18.169566666666665 -64.97890000000001,18.169566666666665</coordinates>
                </LineString>
            </Placemark>
            <Placemark>
                <name>uvi_02 Track</name>
                <visibility>1</visibility>
                <description>&lt;b&gt;Start: 18°10.174'N 64°58.734'W&lt;br/&gt;End: 18°10.174'N 64°58.734'W&lt;br/&gt;Range: 0.00m&lt;br/&gt;Speed: 0.00m/s @ 0&amp;deg;&lt;br/&gt;&lt;/b&gt;</description>
                <styleUrl>#GliderTrack</styleUrl>
                <LineString>
                    <coordinates>-64.97890000000001,18.169566666666665 -64.97890000000001,18.169566666666665</coordinates>
                </LineString>
            </Placemark>
            <Placemark>
                <name>uvi_02 Track</name>
                <visibility>1</visibility>
                <description>&lt;b&gt;Start: 18°10.174'N 64°58.734'W&lt;br/&gt;End: 18°10.305'N 64°57.877'W&lt;br/&gt;Range: 1.53km&lt;br/&gt;Speed: 0.19m/s @ 81&amp;deg;&lt;br/&gt;&lt;/b&gt;</description>
                <styleUrl>#GliderTrack</styleUrl>
                <LineString>
                    <coordinates>-64.97890000000001,18.169566666666665 -64.96461666666667,18.17175</coordinates>
                </LineString>
            </Placemark>
            <Placemark>
                <name>uvi_02 Track</name>
                <visibility>1</visibility>
                <description>&lt;b&gt;Start: 18°10.305'N 64°57.877'W&lt;br/&gt;End: 18°10.305'N 64°57.877'W&lt;br/&gt;Range: 0.00m&lt;br/&gt;Speed: NaNm/s @ 0&amp;deg;&lt;br/&gt;&lt;/b&gt;</description>
                <styleUrl>#GliderTrack</styleUrl>
                <LineString>
                    <coordinates>-64.96461666666667,18.17175 -64.96461666666667,18.17175</coordinates>
                </LineString>
            </Placemark>
            <Placemark>
                <name>uvi_02 Track</name>
                <visibility>1</visibility>
                <description>&lt;b&gt;Start: 18°10.305'N 64°57.877'W&lt;br/&gt;End: 18°10.136'N 64°56.895'W&lt;br/&gt;Range: 1.76km&lt;br/&gt;Speed: 0.26m/s @ 100&amp;deg;&lt;br/&gt;&lt;/b&gt;</description>
                <styleUrl>#GliderTrack</styleUrl>
                <LineString>
                    <coordinates>-64.96461666666667,18.17175 -64.94825,18.16893333333333</coordinates>
                </LineString>
            </Placemark>
            <Placemark>
                <name>uvi_02 Track</name>
                <visibility>1</visibility>
                <description>&lt;b&gt;Start: 18°10.136'N 64°56.895'W&lt;br/&gt;End: 18°10.136'N 64°56.895'W&lt;br/&gt;Range: 0.00m&lt;br/&gt;Speed: NaNm/s @ 0&amp;deg;&lt;br/&gt;&lt;/b&gt;</description>
                <styleUrl>#GliderTrack</styleUrl>
                <LineString>
                    <coordinates>-64.94825,18.16893333333333 -64.94825,18.16893333333333</coordinates>
                </LineString>
            </Placemark>
            <Placemark>
                <name>uvi_02 Track</name>
                <visibility>1</visibility>
                <description>&lt;b&gt;Start: 18°10.136'N 64°56.895'W&lt;br/&gt;End: 18°09.912'N 64°56.552'W&lt;br/&gt;Range: 732.88m&lt;br/&gt;Speed: 0.10m/s @ 125&amp;deg;&lt;br/&gt;&lt;/b&gt;</description>
                <styleUrl>#GliderTrack</styleUrl>
                <LineString>
                    <coordinates>-64.94825,18.16893333333333 -64.94253333333333,18.165200000000002</coordinates>
                </LineString>
            </Placemark>
            <Placemark>
                <name>uvi_02 Track</name>
                <visibility>1</visibility>
                <description>&lt;b&gt;Start: 18°09.912'N 64°56.552'W&lt;br/&gt;End: 18°09.912'N 64°56.552'W&lt;br/&gt;Range: 0.00m&lt;br/&gt;Speed: NaNm/s @ 0&amp;deg;&lt;br/&gt;&lt;/b&gt;</description>
                <styleUrl>#GliderTrack</styleUrl>
                <LineString>
                    <coordinates>-64.94253333333333,18.165200000000002 -64.94253333333333,18.165200000000002</coordinates>
                </LineString>
            </Placemark>
            <Placemark>
                <name>uvi_02 Track</name>
                <visibility>1</visibility>
                <description>&lt;b&gt;Start: 18°09.912'N 64°56.552'W&lt;br/&gt;End: 18°09.912'N 64°56.552'W&lt;br/&gt;Range: 0.00m&lt;br/&gt;Speed: NaNm/s @ 0&amp;deg;&lt;br/&gt;&lt;/b&gt;</description>
                <styleUrl>#GliderTrack</styleUrl>
                <LineString>
                    <coordinates>-64.94253333333333,18.165200000000002 -64.94253333333333,18.165200000000002</coordinates>
                </LineString>
            </Placemark>
            <Placemark>
                <name>uvi_02 Track</name>
                <visibility>1</visibility>
                <description>&lt;b&gt;Start: 18°09.912'N 64°56.552'W&lt;br/&gt;End: 18°09.657'N 64°57.636'W&lt;br/&gt;Range: 1.97km&lt;br/&gt;Speed: 0.27m/s @ 256&amp;deg;&lt;br/&gt;&lt;/b&gt;</description>
                <styleUrl>#GliderTrack</styleUrl>
                <LineString>
                    <coordinates>-64.94253333333333,18.165200000000002 -64.96060000000001,18.16095</coordinates>
                </LineString>
            </Placemark>
            <Placemark>
                <name>uvi_02 Track</name>
                <visibility>1</visibility>
                <description>&lt;b&gt;Start: 18°09.657'N 64°57.636'W&lt;br/&gt;End: 18°09.657'N 64°57.636'W&lt;br/&gt;Range: 0.00m&lt;br/&gt;Speed: 0.00m/s @ 0&amp;deg;&lt;br/&gt;&lt;/b&gt;</description>
                <styleUrl>#GliderTrack</styleUrl>
                <LineString>
                    <coordinates>-64.96060000000001,18.16095 -64.96060000000001,18.16095</coordinates>
                </LineString>
            </Placemark>
            <Placemark>
                <name>uvi_02 Track</name>
                <visibility>1</visibility>
                <description>&lt;b&gt;Start: 18°09.657'N 64°57.636'W&lt;br/&gt;End: 18°09.657'N 64°57.636'W&lt;br/&gt;Range: 0.00m&lt;br/&gt;Speed: NaNm/s @ 0&amp;deg;&lt;br/&gt;&lt;/b&gt;</description>
                <styleUrl>#GliderTrack</styleUrl>
                <LineString>
                    <coordinates>-64.96060000000001,18.16095 -64.96060000000001,18.16095</coordinates>
                </LineString>
            </Placemark>
            <Placemark>
                <name>uvi_02 Track</name>
                <visibility>1</visibility>
                <description>&lt;b&gt;Start: 18°09.657'N 64°57.636'W&lt;br/&gt;End: 18°09.622'N 64°58.837'W&lt;br/&gt;Range: 2.12km&lt;br/&gt;Speed: 0.30m/s @ 268&amp;deg;&lt;br/&gt;&lt;/b&gt;</description>
                <styleUrl>#GliderTrack</styleUrl>
                <LineString>
                    <coordinates>-64.96060000000001,18.16095 -64.98061666666668,18.16036666666667</coordinates>
                </LineString>
            </Placemark>
            <Placemark>
                <name>uvi_02 Track</name>
                <visibility>1</visibility>
                <description>&lt;b&gt;Start: 18°09.622'N 64°58.837'W&lt;br/&gt;End: 18°09.622'N 64°58.837'W&lt;br/&gt;Range: 0.00m&lt;br/&gt;Speed: NaNm/s @ 0&amp;deg;&lt;br/&gt;&lt;/b&gt;</description>
                <styleUrl>#GliderTrack</styleUrl>
                <LineString>
                    <coordinates>-64.98061666666668,18.16036666666667 -64.98061666666668,18.16036666666667</coordinates>
                </LineString>
            </Placemark>
            <Placemark>
                <name>uvi_02 Track</name>
                <visibility>1</visibility>
                <description>&lt;b&gt;Start: 18°09.622'N 64°58.837'W&lt;br/&gt;End: 18°09.622'N 64°58.837'W&lt;br/&gt;Range: 0.00m&lt;br/&gt;Speed: 0.00m/s @ 0&amp;deg;&lt;br/&gt;&lt;/b&gt;</description>
                <styleUrl>#GliderTrack</styleUrl>
                <LineString>
                    <coordinates>-64.98061666666668,18.16036666666667 -64.98061666666668,18.16036666666667</coordinates>
                </LineString>
            </Placemark>
            <Placemark>
                <name>uvi_02 Track</name>
                <visibility>1</visibility>
                <description>&lt;b&gt;Start: 18°09.622'N 64°58.837'W&lt;br/&gt;End: 18°09.943'N 64°59.674'W&lt;br/&gt;Range: 1.59km&lt;br/&gt;Speed: 0.24m/s @ 292&amp;deg;&lt;br/&gt;&lt;/b&gt;</description>
                <styleUrl>#GliderTrack</styleUrl>
                <LineString>
                    <coordinates>-64.98061666666668,18.16036666666667 -64.99456666666667,18.165716666666665</coordinates>
                </LineString>
            </Placemark>
            <Placemark>
                <name>uvi_02 Track</name>
                <visibility>1</visibility>
                <description>&lt;b&gt;Start: 18°09.943'N 64°59.674'W&lt;br/&gt;End: 18°09.943'N 64°59.674'W&lt;br/&gt;Range: 0.00m&lt;br/&gt;Speed: NaNm/s @ 0&amp;deg;&lt;br/&gt;&lt;/b&gt;</description>
                <styleUrl>#GliderTrack</styleUrl>
                <LineString>
                    <coordinates>-64.99456666666667,18.165716666666665 -64.99456666666667,18.165716666666665</coordinates>
                </LineString>
            </Placemark>
            <Placemark>
                <name>uvi_02 Track</name>
                <visibility>1</visibility>
                <description>&lt;b&gt;Start: 18°09.943'N 64°59.674'W&lt;br/&gt;End: 18°09.943'N 64°59.674'W&lt;br/&gt;Range: 0.00m&lt;br/&gt;Speed: NaNm/s @ 0&amp;deg;&lt;br/&gt;&lt;/b&gt;</description>
                <styleUrl>#GliderTrack</styleUrl>
                <LineString>
                    <coordinates>-64.99456666666667,18.165716666666665 -64.99456666666667,18.165716666666665</coordinates>
                </LineString>
            </Placemark>
            <Placemark>
                <name>uvi_02 Track</name>
                <visibility>1</visibility>
                <description>&lt;b&gt;Start: 18°09.943'N 64°59.674'W&lt;br/&gt;End: 18°10.128'N 64°58.913'W&lt;br/&gt;Range: 1.38km&lt;br/&gt;Speed: 0.20m/s @ 76&amp;deg;&lt;br/&gt;&lt;/b&gt;</description>
                <styleUrl>#GliderTrack</styleUrl>
                <LineString>
                    <coordinates>-64.99456666666667,18.165716666666665 -64.98188333333333,18.168799999999997</coordinates>
                </LineString>
            </Placemark>
            <Placemark>
                <name>uvi_02 Track</name>
                <visibility>1</visibility>
                <description>&lt;b&gt;Start: 18°10.128'N 64°58.913'W&lt;br/&gt;End: 18°10.128'N 64°58.913'W&lt;br/&gt;Range: 0.00m&lt;br/&gt;Speed: NaNm/s @ 0&amp;deg;&lt;br/&gt;&lt;/b&gt;</description>
                <styleUrl>#GliderTrack</styleUrl>
                <LineString>
                    <coordinates>-64.98188333333333,18.168799999999997 -64.98188333333333,18.168799999999997</coordinates>
                </LineString>
            </Placemark>
            <Placemark>
                <name>uvi_02 Track</name>
                <visibility>1</visibility>
                <description>&lt;b&gt;Start: 18°10.128'N 64°58.913'W&lt;br/&gt;End: 18°10.128'N 64°58.913'W&lt;br/&gt;Range: 0.00m&lt;br/&gt;Speed: 0.00m/s @ 0&amp;deg;&lt;br/&gt;&lt;/b&gt;</description>
                <styleUrl>#GliderTrack</styleUrl>
                <LineString>
                    <coordinates>-64.98188333333333,18.168799999999997 -64.98188333333333,18.168799999999997</coordinates>
                </LineString>
            </Placemark>
            <Placemark>
                <name>uvi_02 Track</name>
                <visibility>1</visibility>
                <description>&lt;b&gt;Start: 18°10.128'N 64°58.913'W&lt;br/&gt;End: 18°10.273'N 64°58.036'W&lt;br/&gt;Range: 1.57km&lt;br/&gt;Speed: 0.23m/s @ 80&amp;deg;&lt;br/&gt;&lt;/b&gt;</description>
                <styleUrl>#GliderTrack</styleUrl>
                <LineString>
                    <coordinates>-64.98188333333333,18.168799999999997 -64.96726666666667,18.171216666666666</coordinates>
                </LineString>
            </Placemark>
            <Placemark>
                <name>uvi_02 Track</name>
                <visibility>1</visibility>
                <description>&lt;b&gt;Start: 18°10.273'N 64°58.036'W&lt;br/&gt;End: 18°10.273'N 64°58.036'W&lt;br/&gt;Range: 0.00m&lt;br/&gt;Speed: NaNm/s @ 0&amp;deg;&lt;br/&gt;&lt;/b&gt;</description>
                <styleUrl>#GliderTrack</styleUrl>
                <LineString>
                    <coordinates>-64.96726666666667,18.171216666666666 -64.96726666666667,18.171216666666666</coordinates>
                </LineString>
            </Placemark>
            <Placemark>
                <name>uvi_02 Track</name>
                <visibility>1</visibility>
                <description>&lt;b&gt;Start: 18°10.273'N 64°58.036'W&lt;br/&gt;End: 18°10.273'N 64°58.036'W&lt;br/&gt;Range: 0.00m&lt;br/&gt;Speed: NaNm/s @ 0&amp;deg;&lt;br/&gt;&lt;/b&gt;</description>
                <styleUrl>#GliderTrack</styleUrl>
                <LineString>
                    <coordinates>-64.96726666666667,18.171216666666666 -64.96726666666667,18.171216666666666</coordinates>
                </LineString>
            </Placemark>
            <Placemark>
                <name>uvi_02 Track</name>
                <visibility>1</visibility>
                <description>&lt;b&gt;Start: 18°10.273'N 64°58.036'W&lt;br/&gt;End: 18°10.249'N 64°57.139'W&lt;br/&gt;Range: 1.58km&lt;br/&gt;Speed: 0.22m/s @ 92&amp;deg;&lt;br/&gt;&lt;/b&gt;</description>
                <styleUrl>#GliderTrack</styleUrl>
                <LineString>
                    <coordinates>-64.96726666666667,18.171216666666666 -64.95231666666668,18.170816666666667</coordinates>
                </LineString>
            </Placemark>
            <Placemark>
                <name>uvi_02 Track</name>
                <visibility>1</visibility>
                <description>&lt;b&gt;Start: 18°10.249'N 64°57.139'W&lt;br/&gt;End: 18°10.249'N 64°57.139'W&lt;br/&gt;Range: 0.00m&lt;br/&gt;Speed: 0.00m/s @ 0&amp;deg;&lt;br/&gt;&lt;/b&gt;</description>
                <styleUrl>#GliderTrack</styleUrl>
                <LineString>
                    <coordinates>-64.95231666666668,18.170816666666667 -64.95231666666668,18.170816666666667</coordinates>
                </LineString>
            </Placemark>
            <Placemark>
                <name>uvi_02 Track</name>
                <visibility>1</visibility>
                <description>&lt;b&gt;Start: 18°10.249'N 64°57.139'W&lt;br/&gt;End: 18°10.249'N 64°57.139'W&lt;br/&gt;Range: 0.00m&lt;br/&gt;Speed: NaNm/s @ 0&amp;deg;&lt;br/&gt;&lt;/b&gt;</description>
                <styleUrl>#GliderTrack</styleUrl>
                <LineString>
                    <coordinates>-64.95231666666668,18.170816666666667 -64.95231666666668,18.170816666666667</coordinates>
                </LineString>
            </Placemark>
            <Placemark>
                <name>uvi_02 Track</name>
                <visibility>1</visibility>
                <description>&lt;b&gt;Start: 18°10.249'N 64°57.139'W&lt;br/&gt;End: 18°10.042'N 64°56.359'W&lt;br/&gt;Range: 1.43km&lt;br/&gt;Speed: 0.21m/s @ 106&amp;deg;&lt;br/&gt;&lt;/b&gt;</description>
                <styleUrl>#GliderTrack</styleUrl>
                <LineString>
                    <coordinates>-64.95231666666668,18.170816666666667 -64.93931666666667,18.167366666666666</coordinates>
                </LineString>
            </Placemark>
            <Placemark>
                <name>uvi_02 Track</name>
                <visibility>1</visibility>
                <description>&lt;b&gt;Start: 18°10.042'N 64°56.359'W&lt;br/&gt;End: 18°10.042'N 64°56.359'W&lt;br/&gt;Range: 0.00m&lt;br/&gt;Speed: NaNm/s @ 0&amp;deg;&lt;br/&gt;&lt;/b&gt;</description>
                <styleUrl>#GliderTrack</styleUrl>
                <LineString>
                    <coordinates>-64.93931666666667,18.167366666666666 -64.93931666666667,18.167366666666666</coordinates>
                </LineString>
            </Placemark>
            <Placemark>
                <name>uvi_02 Track</name>
                <visibility>1</visibility>
                <description>&lt;b&gt;Start: 18°10.042'N 64°56.359'W&lt;br/&gt;End: 18°10.042'N 64°56.359'W&lt;br/&gt;Range: 0.00m&lt;br/&gt;Speed: NaNm/s @ 0&amp;deg;&lt;br/&gt;&lt;/b&gt;</description>
                <styleUrl>#GliderTrack</styleUrl>
                <LineString>
                    <coordinates>-64.93931666666667,18.167366666666666 -64.93931666666667,18.167366666666666</coordinates>
                </LineString>
            </Placemark>
            <Placemark>
                <name>uvi_02 Track</name>
                <visibility>1</visibility>
                <description>&lt;b&gt;Start: 18°10.042'N 64°56.359'W&lt;br/&gt;End: 18°09.96'N 64°57.146'W&lt;br/&gt;Range: 1.39km&lt;br/&gt;Speed: 0.20m/s @ 264&amp;deg;&lt;br/&gt;&lt;/b&gt;</description>
                <styleUrl>#GliderTrack</styleUrl>
                <LineString>
                    <coordinates>-64.93931666666667,18.167366666666666 -64.95243333333333,18.166</coordinates>
                </LineString>
            </Placemark>
            <Placemark>
                <name>uvi_02 Track</name>
                <visibility>1</visibility>
                <description>&lt;b&gt;Start: 18°09.96'N 64°57.146'W&lt;br/&gt;End: 18°09.96'N 64°57.146'W&lt;br/&gt;Range: 0.00m&lt;br/&gt;Speed: NaNm/s @ 0&amp;deg;&lt;br/&gt;&lt;/b&gt;</description>
                <styleUrl>#GliderTrack</styleUrl>
                <LineString>
                    <coordinates>-64.95243333333333,18.166 -64.95243333333333,18.166</coordinates>
                </LineString>
            </Placemark>
            <Placemark>
                <name>uvi_02 Track</name>
                <visibility>1</visibility>
                <description>&lt;b&gt;Start: 18°09.96'N 64°57.146'W&lt;br/&gt;End: 18°09.96'N 64°57.146'W&lt;br/&gt;Range: 0.00m&lt;br/&gt;Speed: 0.00m/s @ 0&amp;deg;&lt;br/&gt;&lt;/b&gt;</description>
                <styleUrl>#GliderTrack</styleUrl>
                <LineString>
                    <coordinates>-64.95243333333333,18.166 -64.95243333333333,18.166</coordinates>
                </LineString>
            </Placemark>
            <Placemark>
                <name>uvi_02 Track</name>
                <visibility>1</visibility>
                <description>&lt;b&gt;Start: 18°09.96'N 64°57.146'W&lt;br/&gt;End: 18°09.961'N 64°58.227'W&lt;br/&gt;Range: 1.90km&lt;br/&gt;Speed: 0.27m/s @ 270&amp;deg;&lt;br/&gt;&lt;/b&gt;</description>
                <styleUrl>#GliderTrack</styleUrl>
                <LineString>
                    <coordinates>-64.95243333333333,18.166 -64.97045,18.166016666666668</coordinates>
                </LineString>
            </Placemark>
            <Placemark>
                <name>uvi_02 Track</name>
                <visibility>1</visibility>
                <description>&lt;b&gt;Start: 18°09.961'N 64°58.227'W&lt;br/&gt;End: 18°09.961'N 64°58.227'W&lt;br/&gt;Range: 0.00m&lt;br/&gt;Speed: 0.00m/s @ 0&amp;deg;&lt;br/&gt;&lt;/b&gt;</description>
                <styleUrl>#GliderTrack</styleUrl>
                <LineString>
                    <coordinates>-64.97045,18.166016666666668 -64.97045,18.166016666666668</coordinates>
                </LineString>
            </Placemark>
            <Placemark>
                <name>uvi_02 Track</name>
                <visibility>1</visibility>
                <description>&lt;b&gt;Start: 18°09.961'N 64°58.227'W&lt;br/&gt;End: 18°09.961'N 64°58.227'W&lt;br/&gt;Range: 0.00m&lt;br/&gt;Speed: NaNm/s @ 0&amp;deg;&lt;br/&gt;&lt;/b&gt;</description>
                <styleUrl>#GliderTrack</styleUrl>
                <LineString>
                    <coordinates>-64.97045,18.166016666666668 -64.97045,18.166016666666668</coordinates>
                </LineString>
            </Placemark>
            <Placemark>
                <name>uvi_02 Track</name>
                <visibility>1</visibility>
                <description>&lt;b&gt;Start: 18°09.961'N 64°58.227'W&lt;br/&gt;End: 18°10.097'N 64°59.237'W&lt;br/&gt;Range: 1.80km&lt;br/&gt;Speed: 0.25m/s @ 278&amp;deg;&lt;br/&gt;&lt;/b&gt;</description>
                <styleUrl>#GliderTrack</styleUrl>
                <LineString>
                    <coordinates>-64.97045,18.166016666666668 -64.98728333333334,18.16828333333333</coordinates>
                </LineString>
            </Placemark>
            <Placemark>
                <name>uvi_02 Track</name>
                <visibility>1</visibility>
                <description>&lt;b&gt;Start: 18°10.097'N 64°59.237'W&lt;br/&gt;End: 18°10.097'N 64°59.237'W&lt;br/&gt;Range: 0.00m&lt;br/&gt;Speed: NaNm/s @ 0&amp;deg;&lt;br/&gt;&lt;/b&gt;</description>
                <styleUrl>#GliderTrack</styleUrl>
                <LineString>
                    <coordinates>-64.98728333333334,18.16828333333333 -64.98728333333334,18.16828333333333</coordinates>
                </LineString>
            </Placemark>
            <Placemark>
                <name>uvi_02 Track</name>
                <visibility>1</visibility>
                <description>&lt;b&gt;Start: 18°10.097'N 64°59.237'W&lt;br/&gt;End: 18°10.173'N 64°59.148'W&lt;br/&gt;Range: 210.71m&lt;br/&gt;Speed: 0.03m/s @ 48&amp;deg;&lt;br/&gt;&lt;/b&gt;</description>
                <styleUrl>#GliderTrack</styleUrl>
                <LineString>
                    <coordinates>-64.98728333333334,18.16828333333333 -64.9858,18.16955</coordinates>
                </LineString>
            </Placemark>
            <Placemark>
                <name>uvi_02 Track</name>
                <visibility>1</visibility>
                <description>&lt;b&gt;Start: 18°10.173'N 64°59.148'W&lt;br/&gt;End: 18°10.173'N 64°59.148'W&lt;br/&gt;Range: 0.00m&lt;br/&gt;Speed: NaNm/s @ 0&amp;deg;&lt;br/&gt;&lt;/b&gt;</description>
                <styleUrl>#GliderTrack</styleUrl>
                <LineString>
                    <coordinates>-64.9858,18.16955 -64.9858,18.16955</coordinates>
                </LineString>
            </Placemark>
            <Placemark>
                <name>uvi_02 Track</name>
                <visibility>1</visibility>
                <description>&lt;b&gt;Start: 18°10.173'N 64°59.148'W&lt;br/&gt;End: 18°10.173'N 64°59.148'W&lt;br/&gt;Range: 0.00m&lt;br/&gt;Speed: 0.00m/s @ 0&amp;deg;&lt;br/&gt;&lt;/b&gt;</description>
                <styleUrl>#GliderTrack</styleUrl>
                <LineString>
                    <coordinates>-64.9858,18.16955 -64.9858,18.16955</coordinates>
                </LineString>
            </Placemark>
            <Placemark>
                <name>uvi_02 Track</name>
                <visibility>1</visibility>
                <description>&lt;b&gt;Start: 18°10.173'N 64°59.148'W&lt;br/&gt;End: 18°10.094'N 64°57.945'W&lt;br/&gt;Range: 2.12km&lt;br/&gt;Speed: 0.30m/s @ 94&amp;deg;&lt;br/&gt;&lt;/b&gt;</description>
                <styleUrl>#GliderTrack</styleUrl>
                <LineString>
                    <coordinates>-64.9858,18.16955 -64.96575,18.168233333333333</coordinates>
                </LineString>
            </Placemark>
            <Placemark>
                <name>uvi_02 Track</name>
                <visibility>1</visibility>
                <description>&lt;b&gt;Start: 18°10.094'N 64°57.945'W&lt;br/&gt;End: 18°10.094'N 64°57.945'W&lt;br/&gt;Range: 0.00m&lt;br/&gt;Speed: NaNm/s @ 0&amp;deg;&lt;br/&gt;&lt;/b&gt;</description>
                <styleUrl>#GliderTrack</styleUrl>
                <LineString>
                    <coordinates>-64.96575,18.168233333333333 -64.96575,18.168233333333333</coordinates>
                </LineString>
            </Placemark>
            <Placemark>
                <name>uvi_02 Track</name>
                <visibility>1</visibility>
                <description>&lt;b&gt;Start: 18°10.094'N 64°57.945'W&lt;br/&gt;End: 18°10.094'N 64°57.945'W&lt;br/&gt;Range: 0.00m&lt;br/&gt;Speed: NaNm/s @ 0&amp;deg;&lt;br/&gt;&lt;/b&gt;</description>
                <styleUrl>#GliderTrack</styleUrl>
                <LineString>
                    <coordinates>-64.96575,18.168233333333333 -64.96575,18.168233333333333</coordinates>
                </LineString>
            </Placemark>
            <Placemark>
                <name>uvi_02 Track</name>
                <visibility>1</visibility>
                <description>&lt;b&gt;Start: 18°10.094'N 64°57.945'W&lt;br/&gt;End: 18°09.9'N 64°56.745'W&lt;br/&gt;Range: 2.14km&lt;br/&gt;Speed: 0.31m/s @ 100&amp;deg;&lt;br/&gt;&lt;/b&gt;</description>
                <styleUrl>#GliderTrack</styleUrl>
                <LineString>
                    <coordinates>-64.96575,18.168233333333333 -64.94575,18.165000000000003</coordinates>
                </LineString>
            </Placemark>
            <Placemark>
                <name>uvi_02 Track</name>
                <visibility>1</visibility>
                <description>&lt;b&gt;Start: 18°09.9'N 64°56.745'W&lt;br/&gt;End: 18°09.9'N 64°56.745'W&lt;br/&gt;Range: 0.00m&lt;br/&gt;Speed: NaNm/s @ 0&amp;deg;&lt;br/&gt;&lt;/b&gt;</description>
                <styleUrl>#GliderTrack</styleUrl>
                <LineString>
                    <coordinates>-64.94575,18.165000000000003 -64.94575,18.165000000000003</coordinates>
                </LineString>
            </Placemark>
            <Placemark>
                <name>uvi_02 Track</name>
                <visibility>1</visibility>
                <description>&lt;b&gt;Start: 18°09.9'N 64°56.745'W&lt;br/&gt;End: 18°09.833'N 64°56.746'W&lt;br/&gt;Range: 124.18m&lt;br/&gt;Speed: 0.02m/s @ 181&amp;deg;&lt;br/&gt;&lt;/b&gt;</description>
                <styleUrl>#GliderTrack</styleUrl>
                <LineString>
                    <coordinates>-64.94575,18.165000000000003 -64.94576666666667,18.163883333333334</coordinates>
                </LineString>
            </Placemark>
            <Placemark>
                <name>uvi_02 Track</name>
                <visibility>1</visibility>
                <description>&lt;b&gt;Start: 18°09.833'N 64°56.746'W&lt;br/&gt;End: 18°09.833'N 64°56.746'W&lt;br/&gt;Range: 0.00m&lt;br/&gt;Speed: NaNm/s @ 0&amp;deg;&lt;br/&gt;&lt;/b&gt;</description>
                <styleUrl>#GliderTrack</styleUrl>
                <LineString>
                    <coordinates>-64.94576666666667,18.163883333333334 -64.94576666666667,18.163883333333334</coordinates>
                </LineString>
            </Placemark>
            <Placemark>
                <name>uvi_02 Track</name>
                <visibility>1</visibility>
                <description>&lt;b&gt;Start: 18°09.833'N 64°56.746'W&lt;br/&gt;End: 18°09.833'N 64°56.746'W&lt;br/&gt;Range: 0.00m&lt;br/&gt;Speed: NaNm/s @ 0&amp;deg;&lt;br/&gt;&lt;/b&gt;</description>
                <styleUrl>#GliderTrack</styleUrl>
                <LineString>
                    <coordinates>-64.94576666666667,18.163883333333334 -64.94576666666667,18.163883333333334</coordinates>
                </LineString>
            </Placemark>
            <Placemark>
                <name>uvi_02 Track</name>
                <visibility>1</visibility>
                <description>&lt;b&gt;Start: 18°09.833'N 64°56.746'W&lt;br/&gt;End: 18°09.7'N 64°57.78'W&lt;br/&gt;Range: 1.84km&lt;br/&gt;Speed: 0.26m/s @ 262&amp;deg;&lt;br/&gt;&lt;/b&gt;</description>
                <styleUrl>#GliderTrack</styleUrl>
                <LineString>
                    <coordinates>-64.94576666666667,18.163883333333334 -64.963,18.16166666666667</coordinates>
                </LineString>
            </Placemark>
            <Placemark>
                <name>uvi_02 Track</name>
                <visibility>1</visibility>
                <description>&lt;b&gt;Start: 18°09.7'N 64°57.78'W&lt;br/&gt;End: 18°09.7'N 64°57.78'W&lt;br/&gt;Range: 0.00m&lt;br/&gt;Speed: 0.00m/s @ 0&amp;deg;&lt;br/&gt;&lt;/b&gt;</description>
                <styleUrl>#GliderTrack</styleUrl>
                <LineString>
                    <coordinates>-64.963,18.16166666666667 -64.963,18.16166666666667</coordinates>
                </LineString>
            </Placemark>
            <Placemark>
                <name>uvi_02 Track</name>
                <visibility>1</visibility>
                <description>&lt;b&gt;Start: 18°09.7'N 64°57.78'W&lt;br/&gt;End: 18°09.7'N 64°57.78'W&lt;br/&gt;Range: 0.00m&lt;br/&gt;Speed: NaNm/s @ 0&amp;deg;&lt;br/&gt;&lt;/b&gt;</description>
                <styleUrl>#GliderTrack</styleUrl>
                <LineString>
                    <coordinates>-64.963,18.16166666666667 -64.963,18.16166666666667</coordinates>
                </LineString>
            </Placemark>
            <Placemark>
                <name>uvi_02 Track</name>
                <visibility>1</visibility>
                <description>&lt;b&gt;Start: 18°09.7'N 64°57.78'W&lt;br/&gt;End: 18°09.581'N 64°58.93'W&lt;br/&gt;Range: 2.04km&lt;br/&gt;Speed: 0.29m/s @ 264&amp;deg;&lt;br/&gt;&lt;/b&gt;</description>
                <styleUrl>#GliderTrack</styleUrl>
                <LineString>
                    <coordinates>-64.963,18.16166666666667 -64.98216666666667,18.15968333333333</coordinates>
                </LineString>
            </Placemark>
            <Placemark>
                <name>uvi_02 Track</name>
                <visibility>1</visibility>
                <description>&lt;b&gt;Start: 18°09.581'N 64°58.93'W&lt;br/&gt;End: 18°09.581'N 64°58.93'W&lt;br/&gt;Range: 0.00m&lt;br/&gt;Speed: NaNm/s @ 0&amp;deg;&lt;br/&gt;&lt;/b&gt;</description>
                <styleUrl>#GliderTrack</styleUrl>
                <LineString>
                    <coordinates>-64.98216666666667,18.15968333333333 -64.98216666666667,18.15968333333333</coordinates>
                </LineString>
            </Placemark>
            <Placemark>
                <name>uvi_02 Track</name>
                <visibility>1</visibility>
                <description>&lt;b&gt;Start: 18°09.581'N 64°58.93'W&lt;br/&gt;End: 18°09.581'N 64°58.93'W&lt;br/&gt;Range: 0.00m&lt;br/&gt;Speed: NaNm/s @ 0&amp;deg;&lt;br/&gt;&lt;/b&gt;</description>
                <styleUrl>#GliderTrack</styleUrl>
                <LineString>
                    <coordinates>-64.98216666666667,18.15968333333333 -64.98216666666667,18.15968333333333</coordinates>
                </LineString>
            </Placemark>
            <Placemark>
                <name>uvi_02 Track</name>
                <visibility>1</visibility>
                <description>&lt;b&gt;Start: 18°09.581'N 64°58.93'W&lt;br/&gt;End: 18°09.97'N 64°59.595'W&lt;br/&gt;Range: 1.38km&lt;br/&gt;Speed: 0.21m/s @ 302&amp;deg;&lt;br/&gt;&lt;/b&gt;</description>
                <styleUrl>#GliderTrack</styleUrl>
                <LineString>
                    <coordinates>-64.98216666666667,18.15968333333333 -64.99325,18.166166666666665</coordinates>
                </LineString>
            </Placemark>
            <Placemark>
                <name>uvi_02 Track</name>
                <visibility>1</visibility>
                <description>&lt;b&gt;Start: 18°09.97'N 64°59.595'W&lt;br/&gt;End: 18°09.97'N 64°59.595'W&lt;br/&gt;Range: 0.00m&lt;br/&gt;Speed: NaNm/s @ 0&amp;deg;&lt;br/&gt;&lt;/b&gt;</description>
                <styleUrl>#GliderTrack</styleUrl>
                <LineString>
                    <coordinates>-64.99325,18.166166666666665 -64.99325,18.166166666666665</coordinates>
                </LineString>
            </Placemark>
            <Placemark>
                <name>uvi_02 Track</name>
                <visibility>1</visibility>
                <description>&lt;b&gt;Start: 18°09.97'N 64°59.595'W&lt;br/&gt;End: 18°09.97'N 64°59.595'W&lt;br/&gt;Range: 0.00m&lt;br/&gt;Speed: 0.00m/s @ 0&amp;deg;&lt;br/&gt;&lt;/b&gt;</description>
                <styleUrl>#GliderTrack</styleUrl>
                <LineString>
                    <coordinates>-64.99325,18.166166666666665 -64.99325,18.166166666666665</coordinates>
                </LineString>
            </Placemark>
            <Placemark>
                <name>uvi_02 Track</name>
                <visibility>1</visibility>
                <description>&lt;b&gt;Start: 18°09.97'N 64°59.595'W&lt;br/&gt;End: 18°10.127'N 64°58.838'W&lt;br/&gt;Range: 1.36km&lt;br/&gt;Speed: 0.20m/s @ 78&amp;deg;&lt;br/&gt;&lt;/b&gt;</description>
                <styleUrl>#GliderTrack</styleUrl>
                <LineString>
                    <coordinates>-64.99325,18.166166666666665 -64.98063333333333,18.168783333333334</coordinates>
                </LineString>
            </Placemark>
            <Placemark>
                <name>uvi_02 Track</name>
                <visibility>1</visibility>
                <description>&lt;b&gt;Start: 18°10.127'N 64°58.838'W&lt;br/&gt;End: 18°10.127'N 64°58.838'W&lt;br/&gt;Range: 0.00m&lt;br/&gt;Speed: 0.00m/s @ 0&amp;deg;&lt;br/&gt;&lt;/b&gt;</description>
                <styleUrl>#GliderTrack</styleUrl>
                <LineString>
                    <coordinates>-64.98063333333333,18.168783333333334 -64.98063333333333,18.168783333333334</coordinates>
                </LineString>
            </Placemark>
            <Placemark>
                <name>uvi_02 Track</name>
                <visibility>1</visibility>
                <description>&lt;b&gt;Start: 18°10.127'N 64°58.838'W&lt;br/&gt;End: 18°10.127'N 64°58.838'W&lt;br/&gt;Range: 0.00m&lt;br/&gt;Speed: NaNm/s @ 0&amp;deg;&lt;br/&gt;&lt;/b&gt;</description>
                <styleUrl>#GliderTrack</styleUrl>
                <LineString>
                    <coordinates>-64.98063333333333,18.168783333333334 -64.98063333333333,18.168783333333334</coordinates>
                </LineString>
            </Placemark>
            <Placemark>
                <name>uvi_02 Track</name>
                <visibility>1</visibility>
                <description>&lt;b&gt;Start: 18°10.127'N 64°58.838'W&lt;br/&gt;End: 18°10.171'N 64°58.071'W&lt;br/&gt;Range: 1.35km&lt;br/&gt;Speed: 0.19m/s @ 87&amp;deg;&lt;br/&gt;&lt;/b&gt;</description>
                <styleUrl>#GliderTrack</styleUrl>
                <LineString>
                    <coordinates>-64.98063333333333,18.168783333333334 -64.96785,18.169516666666667</coordinates>
                </LineString>
            </Placemark>
            <Placemark>
                <name>uvi_02 Track</name>
                <visibility>1</visibility>
                <description>&lt;b&gt;Start: 18°10.171'N 64°58.071'W&lt;br/&gt;End: 18°10.171'N 64°58.071'W&lt;br/&gt;Range: 0.00m&lt;br/&gt;Speed: NaNm/s @ 0&amp;deg;&lt;br/&gt;&lt;/b&gt;</description>
                <styleUrl>#GliderTrack</styleUrl>
                <LineString>
                    <coordinates>-64.96785,18.169516666666667 -64.96785,18.169516666666667</coordinates>
                </LineString>
            </Placemark>
            <Placemark>
                <name>uvi_02 Track</name>
                <visibility>1</visibility>
                <description>&lt;b&gt;Start: 18°10.171'N 64°58.071'W&lt;br/&gt;End: 18°10.171'N 64°58.071'W&lt;br/&gt;Range: 0.00m&lt;br/&gt;Speed: NaNm/s @ 0&amp;deg;&lt;br/&gt;&lt;/b&gt;</description>
                <styleUrl>#GliderTrack</styleUrl>
                <LineString>
                    <coordinates>-64.96785,18.169516666666667 -64.96785,18.169516666666667</coordinates>
                </LineString>
            </Placemark>
            <Placemark>
                <name>uvi_02 Track</name>
                <visibility>1</visibility>
                <description>&lt;b&gt;Start: 18°10.171'N 64°58.071'W&lt;br/&gt;End: 18°09.95'N 64°57.328'W&lt;br/&gt;Range: 1.37km&lt;br/&gt;Speed: 0.19m/s @ 107&amp;deg;&lt;br/&gt;&lt;/b&gt;</description>
                <styleUrl>#GliderTrack</styleUrl>
                <LineString>
                    <coordinates>-64.96785,18.169516666666667 -64.95546666666668,18.165833333333335</coordinates>
                </LineString>
            </Placemark>
            <Placemark>
                <name>uvi_02 Track</name>
                <visibility>1</visibility>
                <description>&lt;b&gt;Start: 18°09.95'N 64°57.328'W&lt;br/&gt;End: 18°09.95'N 64°57.328'W&lt;br/&gt;Range: 0.00m&lt;br/&gt;Speed: NaNm/s @ 0&amp;deg;&lt;br/&gt;&lt;/b&gt;</description>
                <styleUrl>#GliderTrack</styleUrl>
                <LineString>
                    <coordinates>-64.95546666666668,18.165833333333335 -64.95546666666668,18.165833333333335</coordinates>
                </LineString>
            </Placemark>
            <Placemark>
                <name>uvi_02 Track</name>
                <visibility>1</visibility>
                <description>&lt;b&gt;Start: 18°09.95'N 64°57.328'W&lt;br/&gt;End: 18°09.885'N 64°56.737'W&lt;br/&gt;Range: 1.05km&lt;br/&gt;Speed: 0.15m/s @ 97&amp;deg;&lt;br/&gt;&lt;/b&gt;</description>
                <styleUrl>#GliderTrack</styleUrl>
                <LineString>
                    <coordinates>-64.95546666666668,18.165833333333335 -64.94561666666667,18.16475</coordinates>
                </LineString>
            </Placemark>
            <Placemark>
                <name>uvi_02 Track</name>
                <visibility>1</visibility>
                <description>&lt;b&gt;Start: 18°09.885'N 64°56.737'W&lt;br/&gt;End: 18°09.885'N 64°56.737'W&lt;br/&gt;Range: 0.00m&lt;br/&gt;Speed: NaNm/s @ 0&amp;deg;&lt;br/&gt;&lt;/b&gt;</description>
                <styleUrl>#GliderTrack</styleUrl>
                <LineString>
                    <coordinates>-64.94561666666667,18.16475 -64.94561666666667,18.16475</coordinates>
                </LineString>
            </Placemark>
            <Placemark>
                <name>uvi_02 Track</name>
                <visibility>1</visibility>
                <description>&lt;b&gt;Start: 18°09.885'N 64°56.737'W&lt;br/&gt;End: 18°09.885'N 64°56.737'W&lt;br/&gt;Range: 0.00m&lt;br/&gt;Speed: NaNm/s @ 0&amp;deg;&lt;br/&gt;&lt;/b&gt;</description>
                <styleUrl>#GliderTrack</styleUrl>
                <LineString>
                    <coordinates>-64.94561666666667,18.16475 -64.94561666666667,18.16475</coordinates>
                </LineString>
            </Placemark>
            <Placemark>
                <name>uvi_02 Track</name>
                <visibility>1</visibility>
                <description>&lt;b&gt;Start: 18°09.885'N 64°56.737'W&lt;br/&gt;End: 18°09.977'N 64°56.362'W&lt;br/&gt;Range: 681.99m&lt;br/&gt;Speed: 0.09m/s @ 76&amp;deg;&lt;br/&gt;&lt;/b&gt;</description>
                <styleUrl>#GliderTrack</styleUrl>
                <LineString>
                    <coordinates>-64.94561666666667,18.16475 -64.93936666666667,18.166283333333336</coordinates>
                </LineString>
            </Placemark>
            <Placemark>
                <name>uvi_02 Track</name>
                <visibility>1</visibility>
                <description>&lt;b&gt;Start: 18°09.977'N 64°56.362'W&lt;br/&gt;End: 18°09.977'N 64°56.362'W&lt;br/&gt;Range: 0.00m&lt;br/&gt;Speed: NaNm/s @ 0&amp;deg;&lt;br/&gt;&lt;/b&gt;</description>
                <styleUrl>#GliderTrack</styleUrl>
                <LineString>
                    <coordinates>-64.93936666666667,18.166283333333336 -64.93936666666667,18.166283333333336</coordinates>
                </LineString>
            </Placemark>
            <Placemark>
                <name>uvi_02 Track</name>
                <visibility>1</visibility>
                <description>&lt;b&gt;Start: 18°09.977'N 64°56.362'W&lt;br/&gt;End: 18°09.977'N 64°56.362'W&lt;br/&gt;Range: 0.00m&lt;br/&gt;Speed: NaNm/s @ 0&amp;deg;&lt;br/&gt;&lt;/b&gt;</description>
                <styleUrl>#GliderTrack</styleUrl>
                <LineString>
                    <coordinates>-64.93936666666667,18.166283333333336 -64.93936666666667,18.166283333333336</coordinates>
                </LineString>
            </Placemark>
            <Placemark>
                <name>uvi_02 Track</name>
                <visibility>1</visibility>
                <description>&lt;b&gt;Start: 18°09.977'N 64°56.362'W&lt;br/&gt;End: 18°10.103'N 64°57.468'W&lt;br/&gt;Range: 1.96km&lt;br/&gt;Speed: 0.28m/s @ 277&amp;deg;&lt;br/&gt;&lt;/b&gt;</description>
                <styleUrl>#GliderTrack</styleUrl>
                <LineString>
                    <coordinates>-64.93936666666667,18.166283333333336 -64.95779999999999,18.168383333333335</coordinates>
                </LineString>
            </Placemark>
            <Placemark>
                <name>uvi_02 Track</name>
                <visibility>1</visibility>
                <description>&lt;b&gt;Start: 18°10.103'N 64°57.468'W&lt;br/&gt;End: 18°10.103'N 64°57.468'W&lt;br/&gt;Range: 0.00m&lt;br/&gt;Speed: NaNm/s @ 0&amp;deg;&lt;br/&gt;&lt;/b&gt;</description>
                <styleUrl>#GliderTrack</styleUrl>
                <LineString>
                    <coordinates>-64.95779999999999,18.168383333333335 -64.95779999999999,18.168383333333335</coordinates>
                </LineString>
            </Placemark>
            <Placemark>
                <name>uvi_02 Track</name>
                <visibility>1</visibility>
                <description>&lt;b&gt;Start: 18°10.103'N 64°57.468'W&lt;br/&gt;End: 18°10.103'N 64°57.468'W&lt;br/&gt;Range: 0.00m&lt;br/&gt;Speed: NaNm/s @ 0&amp;deg;&lt;br/&gt;&lt;/b&gt;</description>
                <styleUrl>#GliderTrack</styleUrl>
                <LineString>
                    <coordinates>-64.95779999999999,18.168383333333335 -64.95779999999999,18.168383333333335</coordinates>
                </LineString>
            </Placemark>
            <Placemark>
                <name>uvi_02 Track</name>
                <visibility>1</visibility>
                <description>&lt;b&gt;Start: 18°10.103'N 64°57.468'W&lt;br/&gt;End: 18°10.131'N 64°58.514'W&lt;br/&gt;Range: 1.84km&lt;br/&gt;Speed: 0.25m/s @ 272&amp;deg;&lt;br/&gt;&lt;/b&gt;</description>
                <styleUrl>#GliderTrack</styleUrl>
                <LineString>
                    <coordinates>-64.95779999999999,18.168383333333335 -64.97523333333334,18.168850000000003</coordinates>
                </LineString>
            </Placemark>
            <Placemark>
                <name>uvi_02 Track</name>
                <visibility>1</visibility>
                <description>&lt;b&gt;Start: 18°10.131'N 64°58.514'W&lt;br/&gt;End: 18°10.131'N 64°58.514'W&lt;br/&gt;Range: 0.00m&lt;br/&gt;Speed: NaNm/s @ 0&amp;deg;&lt;br/&gt;&lt;/b&gt;</description>
                <styleUrl>#GliderTrack</styleUrl>
                <LineString>
                    <coordinates>-64.97523333333334,18.168850000000003 -64.97523333333334,18.168850000000003</coordinates>
                </LineString>
            </Placemark>
            <Placemark>
                <name>uvi_02 Track</name>
                <visibility>1</visibility>
                <description>&lt;b&gt;Start: 18°10.131'N 64°58.514'W&lt;br/&gt;End: 18°10.007'N 64°59.474'W&lt;br/&gt;Range: 1.71km&lt;br/&gt;Speed: 0.25m/s @ 262&amp;deg;&lt;br/&gt;&lt;/b&gt;</description>
                <styleUrl>#GliderTrack</styleUrl>
                <LineString>
                    <coordinates>-64.97523333333334,18.168850000000003 -64.99123333333334,18.166783333333335</coordinates>
                </LineString>
            </Placemark>
            <Placemark>
                <name>uvi_02 Track</name>
                <visibility>1</visibility>
                <description>&lt;b&gt;Start: 18°10.007'N 64°59.474'W&lt;br/&gt;End: 18°10.007'N 64°59.474'W&lt;br/&gt;Range: 0.00m&lt;br/&gt;Speed: NaNm/s @ 0&amp;deg;&lt;br/&gt;&lt;/b&gt;</description>
                <styleUrl>#GliderTrack</styleUrl>
                <LineString>
                    <coordinates>-64.99123333333334,18.166783333333335 -64.99123333333334,18.166783333333335</coordinates>
                </LineString>
            </Placemark>
            <Placemark>
                <name>uvi_02 Track</name>
                <visibility>1</visibility>
                <description>&lt;b&gt;Start: 18°10.007'N 64°59.474'W&lt;br/&gt;End: 18°10.007'N 64°59.474'W&lt;br/&gt;Range: 0.00m&lt;br/&gt;Speed: NaNm/s @ 0&amp;deg;&lt;br/&gt;&lt;/b&gt;</description>
                <styleUrl>#GliderTrack</styleUrl>
                <LineString>
                    <coordinates>-64.99123333333334,18.166783333333335 -64.99123333333334,18.166783333333335</coordinates>
                </LineString>
            </Placemark>
            <Placemark>
                <name>uvi_02 Track</name>
                <visibility>1</visibility>
                <description>&lt;b&gt;Start: 18°10.007'N 64°59.474'W&lt;br/&gt;End: 18°09.97'N 64°58.893'W&lt;br/&gt;Range: 1.03km&lt;br/&gt;Speed: 0.15m/s @ 94&amp;deg;&lt;br/&gt;&lt;/b&gt;</description>
                <styleUrl>#GliderTrack</styleUrl>
                <LineString>
                    <coordinates>-64.99123333333334,18.166783333333335 -64.98155,18.166166666666665</coordinates>
                </LineString>
            </Placemark>
            <Placemark>
                <name>uvi_02 Track</name>
                <visibility>1</visibility>
                <description>&lt;b&gt;Start: 18°09.97'N 64°58.893'W&lt;br/&gt;End: 18°09.97'N 64°58.893'W&lt;br/&gt;Range: 0.00m&lt;br/&gt;Speed: NaNm/s @ 0&amp;deg;&lt;br/&gt;&lt;/b&gt;</description>
                <styleUrl>#GliderTrack</styleUrl>
                <LineString>
                    <coordinates>-64.98155,18.166166666666665 -64.98155,18.166166666666665</coordinates>
                </LineString>
            </Placemark>
            <Placemark>
                <name>uvi_02 Track</name>
                <visibility>1</visibility>
                <description>&lt;b&gt;Start: 18°09.97'N 64°58.893'W&lt;br/&gt;End: 18°09.854'N 64°58.133'W&lt;br/&gt;Range: 1.36km&lt;br/&gt;Speed: 0.21m/s @ 99&amp;deg;&lt;br/&gt;&lt;/b&gt;</description>
                <styleUrl>#GliderTrack</styleUrl>
                <LineString>
                    <coordinates>-64.98155,18.166166666666665 -64.96888333333332,18.164233333333335</coordinates>
                </LineString>
            </Placemark>
            <Placemark>
                <name>uvi_02 Track</name>
                <visibility>1</visibility>
                <description>&lt;b&gt;Start: 18°09.854'N 64°58.133'W&lt;br/&gt;End: 18°09.854'N 64°58.133'W&lt;br/&gt;Range: 0.00m&lt;br/&gt;Speed: NaNm/s @ 0&amp;deg;&lt;br/&gt;&lt;/b&gt;</description>
                <styleUrl>#GliderTrack</styleUrl>
                <LineString>
                    <coordinates>-64.96888333333332,18.164233333333335 -64.96888333333332,18.164233333333335</coordinates>
                </LineString>
            </Placemark>
            <Placemark>
                <name>uvi_02 Track</name>
                <visibility>1</visibility>
                <description>&lt;b&gt;Start: 18°09.854'N 64°58.133'W&lt;br/&gt;End: 18°09.854'N 64°58.133'W&lt;br/&gt;Range: 0.00m&lt;br/&gt;Speed: NaNm/s @ 0&amp;deg;&lt;br/&gt;&lt;/b&gt;</description>
                <styleUrl>#GliderTrack</styleUrl>
                <LineString>
                    <coordinates>-64.96888333333332,18.164233333333335 -64.96888333333332,18.164233333333335</coordinates>
                </LineString>
            </Placemark>
            <Placemark>
                <name>uvi_02 Track</name>
                <visibility>1</visibility>
                <description>&lt;b&gt;Start: 18°09.854'N 64°58.133'W&lt;br/&gt;End: 18°09.84'N 64°57.729'W&lt;br/&gt;Range: 711.88m&lt;br/&gt;Speed: 0.10m/s @ 92&amp;deg;&lt;br/&gt;&lt;/b&gt;</description>
                <styleUrl>#GliderTrack</styleUrl>
                <LineString>
                    <coordinates>-64.96888333333332,18.164233333333335 -64.96215000000001,18.163999999999998</coordinates>
                </LineString>
            </Placemark>
            <Placemark>
                <name>uvi_02 Track</name>
                <visibility>1</visibility>
                <description>&lt;b&gt;Start: 18°09.84'N 64°57.729'W&lt;br/&gt;End: 18°09.84'N 64°57.729'W&lt;br/&gt;Range: 0.00m&lt;br/&gt;Speed: NaNm/s @ 0&amp;deg;&lt;br/&gt;&lt;/b&gt;</description>
                <styleUrl>#GliderTrack</styleUrl>
                <LineString>
                    <coordinates>-64.96215000000001,18.163999999999998 -64.96215000000001,18.163999999999998</coordinates>
                </LineString>
            </Placemark>
            <Placemark>
                <name>uvi_02 Track</name>
                <visibility>1</visibility>
                <description>&lt;b&gt;Start: 18°09.84'N 64°57.729'W&lt;br/&gt;End: 18°09.84'N 64°57.729'W&lt;br/&gt;Range: 0.00m&lt;br/&gt;Speed: NaNm/s @ 0&amp;deg;&lt;br/&gt;&lt;/b&gt;</description>
                <styleUrl>#GliderTrack</styleUrl>
                <LineString>
                    <coordinates>-64.96215000000001,18.163999999999998 -64.96215000000001,18.163999999999998</coordinates>
                </LineString>
            </Placemark>
            <Placemark>
                <name>uvi_02 Track</name>
                <visibility>1</visibility>
                <description>&lt;b&gt;Start: 18°09.84'N 64°57.729'W&lt;br/&gt;End: 18°10.024'N 64°57.271'W&lt;br/&gt;Range: 875.61m&lt;br/&gt;Speed: 0.13m/s @ 67&amp;deg;&lt;br/&gt;&lt;/b&gt;</description>
                <styleUrl>#GliderTrack</styleUrl>
                <LineString>
                    <coordinates>-64.96215000000001,18.163999999999998 -64.95451666666666,18.167066666666663</coordinates>
                </LineString>
            </Placemark>
            <Placemark>
                <name>uvi_02 Track</name>
                <visibility>1</visibility>
                <description>&lt;b&gt;Start: 18°10.024'N 64°57.271'W&lt;br/&gt;End: 18°10.024'N 64°57.271'W&lt;br/&gt;Range: 0.00m&lt;br/&gt;Speed: 0.00m/s @ 0&amp;deg;&lt;br/&gt;&lt;/b&gt;</description>
                <styleUrl>#GliderTrack</styleUrl>
                <LineString>
                    <coordinates>-64.95451666666666,18.167066666666663 -64.95451666666666,18.167066666666663</coordinates>
                </LineString>
            </Placemark>
            <Placemark>
                <name>uvi_02 Track</name>
                <visibility>1</visibility>
                <description>&lt;b&gt;Start: 18°10.024'N 64°57.271'W&lt;br/&gt;End: 18°10.024'N 64°57.271'W&lt;br/&gt;Range: 0.00m&lt;br/&gt;Speed: NaNm/s @ 0&amp;deg;&lt;br/&gt;&lt;/b&gt;</description>
                <styleUrl>#GliderTrack</styleUrl>
                <LineString>
                    <coordinates>-64.95451666666666,18.167066666666663 -64.95451666666666,18.167066666666663</coordinates>
                </LineString>
            </Placemark>
            <Placemark>
                <name>uvi_02 Track</name>
                <visibility>1</visibility>
                <description>&lt;b&gt;Start: 18°10.024'N 64°57.271'W&lt;br/&gt;End: 18°10.134'N 64°56.763'W&lt;br/&gt;Range: 917.45m&lt;br/&gt;Speed: 0.13m/s @ 77&amp;deg;&lt;br/&gt;&lt;/b&gt;</description>
                <styleUrl>#GliderTrack</styleUrl>
                <LineString>
                    <coordinates>-64.95451666666666,18.167066666666663 -64.94605,18.1689</coordinates>
                </LineString>
            </Placemark>
            <Placemark>
                <name>uvi_02 Track</name>
                <visibility>1</visibility>
                <description>&lt;b&gt;Start: 18°10.134'N 64°56.763'W&lt;br/&gt;End: 18°10.134'N 64°56.763'W&lt;br/&gt;Range: 0.00m&lt;br/&gt;Speed: NaNm/s @ 0&amp;deg;&lt;br/&gt;&lt;/b&gt;</description>
                <styleUrl>#GliderTrack</styleUrl>
                <LineString>
                    <coordinates>-64.94605,18.1689 -64.94605,18.1689</coordinates>
                </LineString>
            </Placemark>
            <Placemark>
                <name>uvi_02 Track</name>
                <visibility>1</visibility>
                <description>&lt;b&gt;Start: 18°10.134'N 64°56.763'W&lt;br/&gt;End: 18°10.134'N 64°56.763'W&lt;br/&gt;Range: 0.00m&lt;br/&gt;Speed: 0.00m/s @ 0&amp;deg;&lt;br/&gt;&lt;/b&gt;</description>
                <styleUrl>#GliderTrack</styleUrl>
                <LineString>
                    <coordinates>-64.94605,18.1689 -64.94605,18.1689</coordinates>
                </LineString>
            </Placemark>
            <Placemark>
                <name>uvi_02 Track</name>
                <visibility>1</visibility>
                <description>&lt;b&gt;Start: 18°10.134'N 64°56.763'W&lt;br/&gt;End: 18°10.162'N 64°56.378'W&lt;br/&gt;Range: 679.91m&lt;br/&gt;Speed: 0.10m/s @ 86&amp;deg;&lt;br/&gt;&lt;/b&gt;</description>
                <styleUrl>#GliderTrack</styleUrl>
                <LineString>
                    <coordinates>-64.94605,18.1689 -64.93963333333333,18.16936666666667</coordinates>
                </LineString>
            </Placemark>
            <Placemark>
                <name>uvi_02 Track</name>
                <visibility>1</visibility>
                <description>&lt;b&gt;Start: 18°10.162'N 64°56.378'W&lt;br/&gt;End: 18°10.162'N 64°56.378'W&lt;br/&gt;Range: 0.00m&lt;br/&gt;Speed: NaNm/s @ 0&amp;deg;&lt;br/&gt;&lt;/b&gt;</description>
                <styleUrl>#GliderTrack</styleUrl>
                <LineString>
                    <coordinates>-64.93963333333333,18.16936666666667 -64.93963333333333,18.16936666666667</coordinates>
                </LineString>
            </Placemark>
            <Placemark>
                <name>uvi_02 Track</name>
                <visibility>1</visibility>
                <description>&lt;b&gt;Start: 18°10.162'N 64°56.378'W&lt;br/&gt;End: 18°10.162'N 64°56.378'W&lt;br/&gt;Range: 0.00m&lt;br/&gt;Speed: NaNm/s @ 0&amp;deg;&lt;br/&gt;&lt;/b&gt;</description>
                <styleUrl>#GliderTrack</styleUrl>
                <LineString>
                    <coordinates>-64.93963333333333,18.16936666666667 -64.93963333333333,18.16936666666667</coordinates>
                </LineString>
            </Placemark>
            <Placemark>
                <name>uvi_02 Track</name>
                <visibility>1</visibility>
                <description>&lt;b&gt;Start: 18°10.162'N 64°56.378'W&lt;br/&gt;End: 18°10.094'N 64°57.64'W&lt;br/&gt;Range: 2.23km&lt;br/&gt;Speed: 0.30m/s @ 267&amp;deg;&lt;br/&gt;&lt;/b&gt;</description>
                <styleUrl>#GliderTrack</styleUrl>
                <LineString>
                    <coordinates>-64.93963333333333,18.16936666666667 -64.96066666666667,18.168233333333333</coordinates>
                </LineString>
            </Placemark>
            <Placemark>
                <name>uvi_02 Track</name>
                <visibility>1</visibility>
                <description>&lt;b&gt;Start: 18°10.094'N 64°57.64'W&lt;br/&gt;End: 18°10.094'N 64°57.64'W&lt;br/&gt;Range: 0.00m&lt;br/&gt;Speed: NaNm/s @ 0&amp;deg;&lt;br/&gt;&lt;/b&gt;</description>
                <styleUrl>#GliderTrack</styleUrl>
                <LineString>
                    <coordinates>-64.96066666666667,18.168233333333333 -64.96066666666667,18.168233333333333</coordinates>
                </LineString>
            </Placemark>
            <Placemark>
                <name>uvi_02 Track</name>
                <visibility>1</visibility>
                <description>&lt;b&gt;Start: 18°10.094'N 64°57.64'W&lt;br/&gt;End: 18°09.91'N 64°58.823'W&lt;br/&gt;Range: 2.11km&lt;br/&gt;Speed: 0.29m/s @ 261&amp;deg;&lt;br/&gt;&lt;/b&gt;</description>
                <styleUrl>#GliderTrack</styleUrl>
                <LineString>
                    <coordinates>-64.96066666666667,18.168233333333333 -64.98038333333334,18.165166666666668</coordinates>
                </LineString>
            </Placemark>
            <Placemark>
                <name>uvi_02 Track</name>
                <visibility>1</visibility>
                <description>&lt;b&gt;Start: 18°09.91'N 64°58.823'W&lt;br/&gt;End: 18°09.91'N 64°58.823'W&lt;br/&gt;Range: 0.00m&lt;br/&gt;Speed: 0.00m/s @ 0&amp;deg;&lt;br/&gt;&lt;/b&gt;</description>
                <styleUrl>#GliderTrack</styleUrl>
                <LineString>
                    <coordinates>-64.98038333333334,18.165166666666668 -64.98038333333334,18.165166666666668</coordinates>
                </LineString>
            </Placemark>
            <Placemark>
                <name>uvi_02 Track</name>
                <visibility>1</visibility>
                <description>&lt;b&gt;Start: 18°09.91'N 64°58.823'W&lt;br/&gt;End: 18°09.91'N 64°58.823'W&lt;br/&gt;Range: 0.00m&lt;br/&gt;Speed: NaNm/s @ 0&amp;deg;&lt;br/&gt;&lt;/b&gt;</description>
                <styleUrl>#GliderTrack</styleUrl>
                <LineString>
                    <coordinates>-64.98038333333334,18.165166666666668 -64.98038333333334,18.165166666666668</coordinates>
                </LineString>
            </Placemark>
            <Placemark>
                <name>uvi_02 Track</name>
                <visibility>1</visibility>
                <description>&lt;b&gt;Start: 18°09.91'N 64°58.823'W&lt;br/&gt;End: 18°09.91'N 64°58.823'W&lt;br/&gt;Range: 0.00m&lt;br/&gt;Speed: NaNm/s @ 0&amp;deg;&lt;br/&gt;&lt;/b&gt;</description>
                <styleUrl>#GliderTrack</styleUrl>
                <LineString>
                    <coordinates>-64.98038333333334,18.165166666666668 -64.98038333333334,18.165166666666668</coordinates>
                </LineString>
            </Placemark>
            <Placemark>
                <name>uvi_02 Track</name>
                <visibility>1</visibility>
                <description>&lt;b&gt;Start: 18°09.91'N 64°58.823'W&lt;br/&gt;End: 18°09.861'N 64°59.607'W&lt;br/&gt;Range: 1.38km&lt;br/&gt;Speed: 0.18m/s @ 266&amp;deg;&lt;br/&gt;&lt;/b&gt;</description>
                <styleUrl>#GliderTrack</styleUrl>
                <LineString>
                    <coordinates>-64.98038333333334,18.165166666666668 -64.99345,18.164350000000002</coordinates>
                </LineString>
            </Placemark>
            <Placemark>
                <name>uvi_02 Track</name>
                <visibility>1</visibility>
                <description>&lt;b&gt;Start: 18°09.861'N 64°59.607'W&lt;br/&gt;End: 18°09.861'N 64°59.607'W&lt;br/&gt;Range: 0.00m&lt;br/&gt;Speed: NaNm/s @ 0&amp;deg;&lt;br/&gt;&lt;/b&gt;</description>
                <styleUrl>#GliderTrack</styleUrl>
                <LineString>
                    <coordinates>-64.99345,18.164350000000002 -64.99345,18.164350000000002</coordinates>
                </LineString>
            </Placemark>
            <Placemark>
                <name>uvi_02 Track</name>
                <visibility>1</visibility>
                <description>&lt;b&gt;Start: 18°09.861'N 64°59.607'W&lt;br/&gt;End: 18°09.861'N 64°59.607'W&lt;br/&gt;Range: 0.00m&lt;br/&gt;Speed: NaNm/s @ 0&amp;deg;&lt;br/&gt;&lt;/b&gt;</description>
                <styleUrl>#GliderTrack</styleUrl>
                <LineString>
                    <coordinates>-64.99345,18.164350000000002 -64.99345,18.164350000000002</coordinates>
                </LineString>
            </Placemark>
            <Placemark>
                <name>uvi_02 Track</name>
                <visibility>1</visibility>
                <description>&lt;b&gt;Start: 18°09.861'N 64°59.607'W&lt;br/&gt;End: 18°09.868'N 64°59.015'W&lt;br/&gt;Range: 1.04km&lt;br/&gt;Speed: 0.15m/s @ 89&amp;deg;&lt;br/&gt;&lt;/b&gt;</description>
                <styleUrl>#GliderTrack</styleUrl>
                <LineString>
                    <coordinates>-64.99345,18.164350000000002 -64.98358333333334,18.164466666666666</coordinates>
                </LineString>
            </Placemark>
            <Placemark>
                <name>uvi_02 Track</name>
                <visibility>1</visibility>
                <description>&lt;b&gt;Start: 18°09.868'N 64°59.015'W&lt;br/&gt;End: 18°09.868'N 64°59.015'W&lt;br/&gt;Range: 0.00m&lt;br/&gt;Speed: NaNm/s @ 0&amp;deg;&lt;br/&gt;&lt;/b&gt;</description>
                <styleUrl>#GliderTrack</styleUrl>
                <LineString>
                    <coordinates>-64.98358333333334,18.164466666666666 -64.98358333333334,18.164466666666666</coordinates>
                </LineString>
            </Placemark>
            <Placemark>
                <name>uvi_02 Track</name>
                <visibility>1</visibility>
                <description>&lt;b&gt;Start: 18°09.868'N 64°59.015'W&lt;br/&gt;End: 18°09.868'N 64°59.015'W&lt;br/&gt;Range: 0.00m&lt;br/&gt;Speed: 0.00m/s @ 0&amp;deg;&lt;br/&gt;&lt;/b&gt;</description>
                <styleUrl>#GliderTrack</styleUrl>
                <LineString>
                    <coordinates>-64.98358333333334,18.164466666666666 -64.98358333333334,18.164466666666666</coordinates>
                </LineString>
            </Placemark>
            <Placemark>
                <name>uvi_02 Track</name>
                <visibility>1</visibility>
                <description>&lt;b&gt;Start: 18°09.868'N 64°59.015'W&lt;br/&gt;End: 18°10.026'N 64°58.113'W&lt;br/&gt;Range: 1.62km&lt;br/&gt;Speed: 0.23m/s @ 80&amp;deg;&lt;br/&gt;&lt;/b&gt;</description>
                <styleUrl>#GliderTrack</styleUrl>
                <LineString>
                    <coordinates>-64.98358333333334,18.164466666666666 -64.96855000000001,18.1671</coordinates>
                </LineString>
            </Placemark>
            <Placemark>
                <name>uvi_02 Track</name>
                <visibility>1</visibility>
                <description>&lt;b&gt;Start: 18°10.026'N 64°58.113'W&lt;br/&gt;End: 18°10.026'N 64°58.113'W&lt;br/&gt;Range: 0.00m&lt;br/&gt;Speed: NaNm/s @ 0&amp;deg;&lt;br/&gt;&lt;/b&gt;</description>
                <styleUrl>#GliderTrack</styleUrl>
                <LineString>
                    <coordinates>-64.96855000000001,18.1671 -64.96855000000001,18.1671</coordinates>
                </LineString>
            </Placemark>
            <Placemark>
                <name>uvi_02 Track</name>
                <visibility>1</visibility>
                <description>&lt;b&gt;Start: 18°10.026'N 64°58.113'W&lt;br/&gt;End: 18°10.026'N 64°58.113'W&lt;br/&gt;Range: 0.00m&lt;br/&gt;Speed: 0.00m/s @ 0&amp;deg;&lt;br/&gt;&lt;/b&gt;</description>
                <styleUrl>#GliderTrack</styleUrl>
                <LineString>
                    <coordinates>-64.96855000000001,18.1671 -64.96855000000001,18.1671</coordinates>
                </LineString>
            </Placemark>
            <Placemark>
                <name>uvi_02 Track</name>
                <visibility>1</visibility>
                <description>&lt;b&gt;Start: 18°10.026'N 64°58.113'W&lt;br/&gt;End: 18°10.216'N 64°57.031'W&lt;br/&gt;Range: 1.94km&lt;br/&gt;Speed: 0.27m/s @ 80&amp;deg;&lt;br/&gt;&lt;/b&gt;</description>
                <styleUrl>#GliderTrack</styleUrl>
                <LineString>
                    <coordinates>-64.96855000000001,18.1671 -64.95051666666667,18.170266666666667</coordinates>
                </LineString>
            </Placemark>
            <Placemark>
                <name>uvi_02 Track</name>
                <visibility>1</visibility>
                <description>&lt;b&gt;Start: 18°10.216'N 64°57.031'W&lt;br/&gt;End: 18°10.216'N 64°57.031'W&lt;br/&gt;Range: 0.00m&lt;br/&gt;Speed: NaNm/s @ 0&amp;deg;&lt;br/&gt;&lt;/b&gt;</description>
                <styleUrl>#GliderTrack</styleUrl>
                <LineString>
                    <coordinates>-64.95051666666667,18.170266666666667 -64.95051666666667,18.170266666666667</coordinates>
                </LineString>
            </Placemark>
            <Placemark>
                <name>uvi_02 Track</name>
                <visibility>1</visibility>
                <description>&lt;b&gt;Start: 18°10.216'N 64°57.031'W&lt;br/&gt;End: 18°10.216'N 64°57.031'W&lt;br/&gt;Range: 0.00m&lt;br/&gt;Speed: NaNm/s @ 0&amp;deg;&lt;br/&gt;&lt;/b&gt;</description>
                <styleUrl>#GliderTrack</styleUrl>
                <LineString>
                    <coordinates>-64.95051666666667,18.170266666666667 -64.95051666666667,18.170266666666667</coordinates>
                </LineString>
            </Placemark>
            <Placemark>
                <name>uvi_02 Track</name>
                <visibility>1</visibility>
                <description>&lt;b&gt;Start: 18°10.216'N 64°57.031'W&lt;br/&gt;End: 18°10.035'N 64°56.459'W&lt;br/&gt;Range: 1.06km&lt;br/&gt;Speed: 0.15m/s @ 108&amp;deg;&lt;br/&gt;&lt;/b&gt;</description>
                <styleUrl>#GliderTrack</styleUrl>
                <LineString>
                    <coordinates>-64.95051666666667,18.170266666666667 -64.94098333333334,18.167250000000003</coordinates>
                </LineString>
            </Placemark>
            <Placemark>
                <name>uvi_02 Track</name>
                <visibility>1</visibility>
                <description>&lt;b&gt;Start: 18°10.035'N 64°56.459'W&lt;br/&gt;End: 18°10.035'N 64°56.459'W&lt;br/&gt;Range: 0.00m&lt;br/&gt;Speed: 0.00m/s @ 0&amp;deg;&lt;br/&gt;&lt;/b&gt;</description>
                <styleUrl>#GliderTrack</styleUrl>
                <LineString>
                    <coordinates>-64.94098333333334,18.167250000000003 -64.94098333333334,18.167250000000003</coordinates>
                </LineString>
            </Placemark>
            <Placemark>
                <name>uvi_02 Track</name>
                <visibility>1</visibility>
                <description>&lt;b&gt;Start: 18°10.035'N 64°56.459'W&lt;br/&gt;End: 18°10.035'N 64°56.459'W&lt;br/&gt;Range: 0.00m&lt;br/&gt;Speed: NaNm/s @ 0&amp;deg;&lt;br/&gt;&lt;/b&gt;</description>
                <styleUrl>#GliderTrack</styleUrl>
                <LineString>
                    <coordinates>-64.94098333333334,18.167250000000003 -64.94098333333334,18.167250000000003</coordinates>
                </LineString>
            </Placemark>
            <Placemark>
                <name>uvi_02 Track</name>
                <visibility>1</visibility>
                <description>&lt;b&gt;Start: 18°10.035'N 64°56.459'W&lt;br/&gt;End: 18°09.864'N 64°57.517'W&lt;br/&gt;Range: 1.89km&lt;br/&gt;Speed: 0.27m/s @ 260&amp;deg;&lt;br/&gt;&lt;/b&gt;</description>
                <styleUrl>#GliderTrack</styleUrl>
                <LineString>
                    <coordinates>-64.94098333333334,18.167250000000003 -64.95861666666666,18.1644</coordinates>
                </LineString>
            </Placemark>
            <Placemark>
                <name>uvi_02 Track</name>
                <visibility>1</visibility>
                <description>&lt;b&gt;Start: 18°09.864'N 64°57.517'W&lt;br/&gt;End: 18°09.864'N 64°57.517'W&lt;br/&gt;Range: 0.00m&lt;br/&gt;Speed: NaNm/s @ 0&amp;deg;&lt;br/&gt;&lt;/b&gt;</description>
                <styleUrl>#GliderTrack</styleUrl>
                <LineString>
                    <coordinates>-64.95861666666666,18.1644 -64.95861666666666,18.1644</coordinates>
                </LineString>
            </Placemark>
            <Placemark>
                <name>uvi_02 Track</name>
                <visibility>1</visibility>
                <description>&lt;b&gt;Start: 18°09.864'N 64°57.517'W&lt;br/&gt;End: 18°09.864'N 64°57.517'W&lt;br/&gt;Range: 0.00m&lt;br/&gt;Speed: 0.00m/s @ 0&amp;deg;&lt;br/&gt;&lt;/b&gt;</description>
                <styleUrl>#GliderTrack</styleUrl>
                <LineString>
                    <coordinates>-64.95861666666666,18.1644 -64.95861666666666,18.1644</coordinates>
                </LineString>
            </Placemark>
            <Placemark>
                <name>uvi_02 Track</name>
                <visibility>1</visibility>
                <description>&lt;b&gt;Start: 18°09.864'N 64°57.517'W&lt;br/&gt;End: 18°09.864'N 64°57.517'W&lt;br/&gt;Range: 0.00m&lt;br/&gt;Speed: NaNm/s @ 0&amp;deg;&lt;br/&gt;&lt;/b&gt;</description>
                <styleUrl>#GliderTrack</styleUrl>
                <LineString>
                    <coordinates>-64.95861666666666,18.1644 -64.95861666666666,18.1644</coordinates>
                </LineString>
            </Placemark>
            <Placemark>
                <name>uvi_02 Track</name>
                <visibility>1</visibility>
                <description>&lt;b&gt;Start: 18°09.864'N 64°57.517'W&lt;br/&gt;End: 18°09.807'N 64°58.818'W&lt;br/&gt;Range: 2.29km&lt;br/&gt;Speed: 0.34m/s @ 267&amp;deg;&lt;br/&gt;&lt;/b&gt;</description>
                <styleUrl>#GliderTrack</styleUrl>
                <LineString>
                    <coordinates>-64.95861666666666,18.1644 -64.9803,18.16345</coordinates>
                </LineString>
            </Placemark>
            <Placemark>
                <name>uvi_02 Track</name>
                <visibility>1</visibility>
                <description>&lt;b&gt;Start: 18°09.807'N 64°58.818'W&lt;br/&gt;End: 18°09.807'N 64°58.818'W&lt;br/&gt;Range: 0.00m&lt;br/&gt;Speed: 0.00m/s @ 0&amp;deg;&lt;br/&gt;&lt;/b&gt;</description>
                <styleUrl>#GliderTrack</styleUrl>
                <LineString>
                    <coordinates>-64.9803,18.16345 -64.9803,18.16345</coordinates>
                </LineString>
            </Placemark>
            <Placemark>
                <name>uvi_02 Track</name>
                <visibility>1</visibility>
                <description>&lt;b&gt;Start: 18°09.807'N 64°58.818'W&lt;br/&gt;End: 18°09.807'N 64°58.818'W&lt;br/&gt;Range: 0.00m&lt;br/&gt;Speed: NaNm/s @ 0&amp;deg;&lt;br/&gt;&lt;/b&gt;</description>
                <styleUrl>#GliderTrack</styleUrl>
                <LineString>
                    <coordinates>-64.9803,18.16345 -64.9803,18.16345</coordinates>
                </LineString>
            </Placemark>
            <Placemark>
                <name>uvi_02 Track</name>
                <visibility>1</visibility>
                <description>&lt;b&gt;Start: 18°09.807'N 64°58.818'W&lt;br/&gt;End: 18°09.955'N 64°59.582'W&lt;br/&gt;Range: 1.37km&lt;br/&gt;Speed: 0.18m/s @ 282&amp;deg;&lt;br/&gt;&lt;/b&gt;</description>
                <styleUrl>#GliderTrack</styleUrl>
                <LineString>
                    <coordinates>-64.9803,18.16345 -64.99303333333334,18.165916666666664</coordinates>
                </LineString>
            </Placemark>
            <Placemark>
                <name>uvi_02 Track</name>
                <visibility>1</visibility>
                <description>&lt;b&gt;Start: 18°09.955'N 64°59.582'W&lt;br/&gt;End: 18°09.955'N 64°59.582'W&lt;br/&gt;Range: 0.00m&lt;br/&gt;Speed: NaNm/s @ 0&amp;deg;&lt;br/&gt;&lt;/b&gt;</description>
                <styleUrl>#GliderTrack</styleUrl>
                <LineString>
                    <coordinates>-64.99303333333334,18.165916666666664 -64.99303333333334,18.165916666666664</coordinates>
                </LineString>
            </Placemark>
            <Placemark>
                <name>uvi_02 Track</name>
                <visibility>1</visibility>
                <description>&lt;b&gt;Start: 18°09.955'N 64°59.582'W&lt;br/&gt;End: 18°09.955'N 64°59.582'W&lt;br/&gt;Range: 0.00m&lt;br/&gt;Speed: NaNm/s @ 0&amp;deg;&lt;br/&gt;&lt;/b&gt;</description>
                <styleUrl>#GliderTrack</styleUrl>
                <LineString>
                    <coordinates>-64.99303333333334,18.165916666666664 -64.99303333333334,18.165916666666664</coordinates>
                </LineString>
            </Placemark>
            <Placemark>
                <name>uvi_02 Track</name>
                <visibility>1</visibility>
                <description>&lt;b&gt;Start: 18°09.955'N 64°59.582'W&lt;br/&gt;End: 18°10.195'N 64°58.85'W&lt;br/&gt;Range: 1.36km&lt;br/&gt;Speed: 0.20m/s @ 71&amp;deg;&lt;br/&gt;&lt;/b&gt;</description>
                <styleUrl>#GliderTrack</styleUrl>
                <LineString>
                    <coordinates>-64.99303333333334,18.165916666666664 -64.98083333333334,18.169916666666666</coordinates>
                </LineString>
            </Placemark>
            <Placemark>
                <name>uvi_02 Track</name>
                <visibility>1</visibility>
                <description>&lt;b&gt;Start: 18°10.195'N 64°58.85'W&lt;br/&gt;End: 18°10.195'N 64°58.85'W&lt;br/&gt;Range: 0.00m&lt;br/&gt;Speed: NaNm/s @ 0&amp;deg;&lt;br/&gt;&lt;/b&gt;</description>
                <styleUrl>#GliderTrack</styleUrl>
                <LineString>
                    <coordinates>-64.98083333333334,18.169916666666666 -64.98083333333334,18.169916666666666</coordinates>
                </LineString>
            </Placemark>
            <Placemark>
                <name>uvi_02 Track</name>
                <visibility>1</visibility>
                <description>&lt;b&gt;Start: 18°10.195'N 64°58.85'W&lt;br/&gt;End: 18°10.195'N 64°58.85'W&lt;br/&gt;Range: 0.00m&lt;br/&gt;Speed: NaNm/s @ 0&amp;deg;&lt;br/&gt;&lt;/b&gt;</description>
                <styleUrl>#GliderTrack</styleUrl>
                <LineString>
                    <coordinates>-64.98083333333334,18.169916666666666 -64.98083333333334,18.169916666666666</coordinates>
                </LineString>
            </Placemark>
            <Placemark>
                <name>uvi_02 Track</name>
                <visibility>1</visibility>
                <description>&lt;b&gt;Start: 18°10.195'N 64°58.85'W&lt;br/&gt;End: 18°10.542'N 64°58.076'W&lt;br/&gt;Range: 1.51km&lt;br/&gt;Speed: 0.22m/s @ 65&amp;deg;&lt;br/&gt;&lt;/b&gt;</description>
                <styleUrl>#GliderTrack</styleUrl>
                <LineString>
                    <coordinates>-64.98083333333334,18.169916666666666 -64.96793333333333,18.1757</coordinates>
                </LineString>
            </Placemark>
            <Placemark>
                <name>uvi_02 Track</name>
                <visibility>1</visibility>
                <description>&lt;b&gt;Start: 18°10.542'N 64°58.076'W&lt;br/&gt;End: 18°10.542'N 64°58.076'W&lt;br/&gt;Range: 0.00m&lt;br/&gt;Speed: NaNm/s @ 0&amp;deg;&lt;br/&gt;&lt;/b&gt;</description>
                <styleUrl>#GliderTrack</styleUrl>
                <LineString>
                    <coordinates>-64.96793333333333,18.1757 -64.96793333333333,18.1757</coordinates>
                </LineString>
            </Placemark>
            <Placemark>
                <name>uvi_02 Track</name>
                <visibility>1</visibility>
                <description>&lt;b&gt;Start: 18°10.542'N 64°58.076'W&lt;br/&gt;End: 18°10.542'N 64°58.076'W&lt;br/&gt;Range: 0.00m&lt;br/&gt;Speed: NaNm/s @ 0&amp;deg;&lt;br/&gt;&lt;/b&gt;</description>
                <styleUrl>#GliderTrack</styleUrl>
                <LineString>
                    <coordinates>-64.96793333333333,18.1757 -64.96793333333333,18.1757</coordinates>
                </LineString>
            </Placemark>
            <Placemark>
                <name>uvi_02 Track</name>
                <visibility>1</visibility>
                <description>&lt;b&gt;Start: 18°10.542'N 64°58.076'W&lt;br/&gt;End: 18°10.368'N 64°57.254'W&lt;br/&gt;Range: 1.48km&lt;br/&gt;Speed: 0.21m/s @ 103&amp;deg;&lt;br/&gt;&lt;/b&gt;</description>
                <styleUrl>#GliderTrack</styleUrl>
                <LineString>
                    <coordinates>-64.96793333333333,18.1757 -64.95423333333333,18.1728</coordinates>
                </LineString>
            </Placemark>
            <Placemark>
                <name>uvi_02 Track</name>
                <visibility>1</visibility>
                <description>&lt;b&gt;Start: 18°10.368'N 64°57.254'W&lt;br/&gt;End: 18°10.368'N 64°57.254'W&lt;br/&gt;Range: 0.00m&lt;br/&gt;Speed: NaNm/s @ 0&amp;deg;&lt;br/&gt;&lt;/b&gt;</description>
                <styleUrl>#GliderTrack</styleUrl>
                <LineString>
                    <coordinates>-64.95423333333333,18.1728 -64.95423333333333,18.1728</coordinates>
                </LineString>
            </Placemark>
            <Placemark>
                <name>uvi_02 Track</name>
                <visibility>1</visibility>
                <description>&lt;b&gt;Start: 18°10.368'N 64°57.254'W&lt;br/&gt;End: 18°10.368'N 64°57.254'W&lt;br/&gt;Range: 0.00m&lt;br/&gt;Speed: NaNm/s @ 0&amp;deg;&lt;br/&gt;&lt;/b&gt;</description>
                <styleUrl>#GliderTrack</styleUrl>
                <LineString>
                    <coordinates>-64.95423333333333,18.1728 -64.95423333333333,18.1728</coordinates>
                </LineString>
            </Placemark>
            <Placemark>
                <name>uvi_02 Track</name>
                <visibility>1</visibility>
                <description>&lt;b&gt;Start: 18°10.368'N 64°57.254'W&lt;br/&gt;End: 18°09.952'N 64°56.205'W&lt;br/&gt;Range: 2.00km&lt;br/&gt;Speed: 0.28m/s @ 113&amp;deg;&lt;br/&gt;&lt;/b&gt;</description>
                <styleUrl>#GliderTrack</styleUrl>
                <LineString>
                    <coordinates>-64.95423333333333,18.1728 -64.93675,18.165866666666666</coordinates>
                </LineString>
            </Placemark>
            <Placemark>
                <name>uvi_02 Track</name>
                <visibility>1</visibility>
                <description>&lt;b&gt;Start: 18°09.952'N 64°56.205'W&lt;br/&gt;End: 18°09.952'N 64°56.205'W&lt;br/&gt;Range: 0.00m&lt;br/&gt;Speed: NaNm/s @ 0&amp;deg;&lt;br/&gt;&lt;/b&gt;</description>
                <styleUrl>#GliderTrack</styleUrl>
                <LineString>
                    <coordinates>-64.93675,18.165866666666666 -64.93675,18.165866666666666</coordinates>
                </LineString>
            </Placemark>
            <Placemark>
                <name>uvi_02 Track</name>
                <visibility>1</visibility>
                <description>&lt;b&gt;Start: 18°09.952'N 64°56.205'W&lt;br/&gt;End: 18°09.952'N 64°56.205'W&lt;br/&gt;Range: 0.00m&lt;br/&gt;Speed: NaNm/s @ 0&amp;deg;&lt;br/&gt;&lt;/b&gt;</description>
                <styleUrl>#GliderTrack</styleUrl>
                <LineString>
                    <coordinates>-64.93675,18.165866666666666 -64.93675,18.165866666666666</coordinates>
                </LineString>
            </Placemark>
            <Placemark>
                <name>uvi_02 Track</name>
                <visibility>1</visibility>
                <description>&lt;b&gt;Start: 18°09.952'N 64°56.205'W&lt;br/&gt;End: 18°09.484'N 64°57.134'W&lt;br/&gt;Range: 1.85km&lt;br/&gt;Speed: 0.25m/s @ 242&amp;deg;&lt;br/&gt;&lt;/b&gt;</description>
                <styleUrl>#GliderTrack</styleUrl>
                <LineString>
                    <coordinates>-64.93675,18.165866666666666 -64.95223333333334,18.158066666666667</coordinates>
                </LineString>
            </Placemark>
            <Placemark>
                <name>uvi_02 Track</name>
                <visibility>1</visibility>
                <description>&lt;b&gt;Start: 18°09.484'N 64°57.134'W&lt;br/&gt;End: 18°09.484'N 64°57.134'W&lt;br/&gt;Range: 0.00m&lt;br/&gt;Speed: NaNm/s @ 0&amp;deg;&lt;br/&gt;&lt;/b&gt;</description>
                <styleUrl>#GliderTrack</styleUrl>
                <LineString>
                    <coordinates>-64.95223333333334,18.158066666666667 -64.95223333333334,18.158066666666667</coordinates>
                </LineString>
            </Placemark>
            <Placemark>
                <name>uvi_02 Track</name>
                <visibility>1</visibility>
                <description>&lt;b&gt;Start: 18°09.484'N 64°57.134'W&lt;br/&gt;End: 18°09.484'N 64°57.134'W&lt;br/&gt;Range: 0.00m&lt;br/&gt;Speed: NaNm/s @ 0&amp;deg;&lt;br/&gt;&lt;/b&gt;</description>
                <styleUrl>#GliderTrack</styleUrl>
                <LineString>
                    <coordinates>-64.95223333333334,18.158066666666667 -64.95223333333334,18.158066666666667</coordinates>
                </LineString>
            </Placemark>
            <Placemark>
                <name>uvi_02 Track</name>
                <visibility>1</visibility>
                <description>&lt;b&gt;Start: 18°09.484'N 64°57.134'W&lt;br/&gt;End: 18°09.412'N 64°58.138'W&lt;br/&gt;Range: 1.77km&lt;br/&gt;Speed: 0.26m/s @ 266&amp;deg;&lt;br/&gt;&lt;/b&gt;</description>
                <styleUrl>#GliderTrack</styleUrl>
                <LineString>
                    <coordinates>-64.95223333333334,18.158066666666667 -64.96896666666666,18.156866666666666</coordinates>
                </LineString>
            </Placemark>
            <Placemark>
                <name>uvi_02 Track</name>
                <visibility>1</visibility>
                <description>&lt;b&gt;Start: 18°09.412'N 64°58.138'W&lt;br/&gt;End: 18°09.412'N 64°58.138'W&lt;br/&gt;Range: 0.00m&lt;br/&gt;Speed: 0.00m/s @ 0&amp;deg;&lt;br/&gt;&lt;/b&gt;</description>
                <styleUrl>#GliderTrack</styleUrl>
                <LineString>
                    <coordinates>-64.96896666666666,18.156866666666666 -64.96896666666666,18.156866666666666</coordinates>
                </LineString>
            </Placemark>
            <Placemark>
                <name>uvi_02 Track</name>
                <visibility>1</visibility>
                <description>&lt;b&gt;Start: 18°09.412'N 64°58.138'W&lt;br/&gt;End: 18°09.412'N 64°58.138'W&lt;br/&gt;Range: 0.00m&lt;br/&gt;Speed: NaNm/s @ 0&amp;deg;&lt;br/&gt;&lt;/b&gt;</description>
                <styleUrl>#GliderTrack</styleUrl>
                <LineString>
                    <coordinates>-64.96896666666666,18.156866666666666 -64.96896666666666,18.156866666666666</coordinates>
                </LineString>
            </Placemark>
            <Placemark>
                <name>uvi_02 Track</name>
                <visibility>1</visibility>
                <description>&lt;b&gt;Start: 18°09.412'N 64°58.138'W&lt;br/&gt;End: 18°09.672'N 64°59.022'W&lt;br/&gt;Range: 1.63km&lt;br/&gt;Speed: 0.24m/s @ 287&amp;deg;&lt;br/&gt;&lt;/b&gt;</description>
                <styleUrl>#GliderTrack</styleUrl>
                <LineString>
                    <coordinates>-64.96896666666666,18.156866666666666 -64.9837,18.1612</coordinates>
                </LineString>
            </Placemark>
            <Placemark>
                <name>uvi_02 Track</name>
                <visibility>1</visibility>
                <description>&lt;b&gt;Start: 18°09.672'N 64°59.022'W&lt;br/&gt;End: 18°09.672'N 64°59.022'W&lt;br/&gt;Range: 0.00m&lt;br/&gt;Speed: NaNm/s @ 0&amp;deg;&lt;br/&gt;&lt;/b&gt;</description>
                <styleUrl>#GliderTrack</styleUrl>
                <LineString>
                    <coordinates>-64.9837,18.1612 -64.9837,18.1612</coordinates>
                </LineString>
            </Placemark>
            <Placemark>
                <name>uvi_02 Track</name>
                <visibility>1</visibility>
                <description>&lt;b&gt;Start: 18°09.672'N 64°59.022'W&lt;br/&gt;End: 18°09.998'N 64°59.563'W&lt;br/&gt;Range: 1.13km&lt;br/&gt;Speed: 0.17m/s @ 302&amp;deg;&lt;br/&gt;&lt;/b&gt;</description>
                <styleUrl>#GliderTrack</styleUrl>
                <LineString>
                    <coordinates>-64.9837,18.1612 -64.99271666666667,18.166633333333333</coordinates>
                </LineString>
            </Placemark>
            <Placemark>
                <name>uvi_02 Track</name>
                <visibility>1</visibility>
                <description>&lt;b&gt;Start: 18°09.998'N 64°59.563'W&lt;br/&gt;End: 18°09.998'N 64°59.563'W&lt;br/&gt;Range: 0.00m&lt;br/&gt;Speed: 0.00m/s @ 0&amp;deg;&lt;br/&gt;&lt;/b&gt;</description>
                <styleUrl>#GliderTrack</styleUrl>
                <LineString>
                    <coordinates>-64.99271666666667,18.166633333333333 -64.99271666666667,18.166633333333333</coordinates>
                </LineString>
            </Placemark>
            <Placemark>
                <name>uvi_02 Track</name>
                <visibility>1</visibility>
                <description>&lt;b&gt;Start: 18°09.998'N 64°59.563'W&lt;br/&gt;End: 18°09.998'N 64°59.563'W&lt;br/&gt;Range: 0.00m&lt;br/&gt;Speed: NaNm/s @ 0&amp;deg;&lt;br/&gt;&lt;/b&gt;</description>
                <styleUrl>#GliderTrack</styleUrl>
                <LineString>
                    <coordinates>-64.99271666666667,18.166633333333333 -64.99271666666667,18.166633333333333</coordinates>
                </LineString>
            </Placemark>
            <Placemark>
                <name>uvi_02 Track</name>
                <visibility>1</visibility>
                <description>&lt;b&gt;Start: 18°09.998'N 64°59.563'W&lt;br/&gt;End: 18°10.057'N 64°58.447'W&lt;br/&gt;Range: 1.97km&lt;br/&gt;Speed: 0.29m/s @ 87&amp;deg;&lt;br/&gt;&lt;/b&gt;</description>
                <styleUrl>#GliderTrack</styleUrl>
                <LineString>
                    <coordinates>-64.99271666666667,18.166633333333333 -64.97411666666667,18.167616666666667</coordinates>
                </LineString>
            </Placemark>
            <Placemark>
                <name>uvi_02 Track</name>
                <visibility>1</visibility>
                <description>&lt;b&gt;Start: 18°10.057'N 64°58.447'W&lt;br/&gt;End: 18°10.057'N 64°58.447'W&lt;br/&gt;Range: 0.00m&lt;br/&gt;Speed: 0.00m/s @ 0&amp;deg;&lt;br/&gt;&lt;/b&gt;</description>
                <styleUrl>#GliderTrack</styleUrl>
                <LineString>
                    <coordinates>-64.97411666666667,18.167616666666667 -64.97411666666667,18.167616666666667</coordinates>
                </LineString>
            </Placemark>
            <Placemark>
                <name>uvi_02 Track</name>
                <visibility>1</visibility>
                <description>&lt;b&gt;Start: 18°10.057'N 64°58.447'W&lt;br/&gt;End: 18°10.057'N 64°58.447'W&lt;br/&gt;Range: 0.00m&lt;br/&gt;Speed: NaNm/s @ 0&amp;deg;&lt;br/&gt;&lt;/b&gt;</description>
                <styleUrl>#GliderTrack</styleUrl>
                <LineString>
                    <coordinates>-64.97411666666667,18.167616666666667 -64.97411666666667,18.167616666666667</coordinates>
                </LineString>
            </Placemark>
            <Placemark>
                <name>uvi_02 Track</name>
                <visibility>1</visibility>
                <description>&lt;b&gt;Start: 18°10.057'N 64°58.447'W&lt;br/&gt;End: 18°10.009'N 64°57.404'W&lt;br/&gt;Range: 1.84km&lt;br/&gt;Speed: 0.27m/s @ 93&amp;deg;&lt;br/&gt;&lt;/b&gt;</description>
                <styleUrl>#GliderTrack</styleUrl>
                <LineString>
                    <coordinates>-64.97411666666667,18.167616666666667 -64.95673333333335,18.166816666666666</coordinates>
                </LineString>
            </Placemark>
            <Placemark>
                <name>uvi_02 Track</name>
                <visibility>1</visibility>
                <description>&lt;b&gt;Start: 18°10.009'N 64°57.404'W&lt;br/&gt;End: 18°10.009'N 64°57.404'W&lt;br/&gt;Range: 0.00m&lt;br/&gt;Speed: 0.00m/s @ 0&amp;deg;&lt;br/&gt;&lt;/b&gt;</description>
                <styleUrl>#GliderTrack</styleUrl>
                <LineString>
                    <coordinates>-64.95673333333335,18.166816666666666 -64.95673333333335,18.166816666666666</coordinates>
                </LineString>
            </Placemark>
            <Placemark>
                <name>uvi_02 Track</name>
                <visibility>1</visibility>
                <description>&lt;b&gt;Start: 18°10.009'N 64°57.404'W&lt;br/&gt;End: 18°10.009'N 64°57.404'W&lt;br/&gt;Range: 0.00m&lt;br/&gt;Speed: NaNm/s @ 0&amp;deg;&lt;br/&gt;&lt;/b&gt;</description>
                <styleUrl>#GliderTrack</styleUrl>
                <LineString>
                    <coordinates>-64.95673333333335,18.166816666666666 -64.95673333333335,18.166816666666666</coordinates>
                </LineString>
            </Placemark>
            <Placemark>
                <name>uvi_02 Track</name>
                <visibility>1</visibility>
                <description>&lt;b&gt;Start: 18°10.009'N 64°57.404'W&lt;br/&gt;End: 18°09.943'N 64°56.455'W&lt;br/&gt;Range: 1.68km&lt;br/&gt;Speed: 0.24m/s @ 94&amp;deg;&lt;br/&gt;&lt;/b&gt;</description>
                <styleUrl>#GliderTrack</styleUrl>
                <LineString>
                    <coordinates>-64.95673333333335,18.166816666666666 -64.94091666666667,18.165716666666665</coordinates>
                </LineString>
            </Placemark>
            <Placemark>
                <name>uvi_02 Track</name>
                <visibility>1</visibility>
                <description>&lt;b&gt;Start: 18°09.943'N 64°56.455'W&lt;br/&gt;End: 18°09.943'N 64°56.455'W&lt;br/&gt;Range: 0.00m&lt;br/&gt;Speed: NaNm/s @ 0&amp;deg;&lt;br/&gt;&lt;/b&gt;</description>
                <styleUrl>#GliderTrack</styleUrl>
                <LineString>
                    <coordinates>-64.94091666666667,18.165716666666665 -64.94091666666667,18.165716666666665</coordinates>
                </LineString>
            </Placemark>
            <Placemark>
                <name>uvi_02 Track</name>
                <visibility>1</visibility>
                <description>&lt;b&gt;Start: 18°09.943'N 64°56.455'W&lt;br/&gt;End: 18°09.943'N 64°56.455'W&lt;br/&gt;Range: 0.00m&lt;br/&gt;Speed: NaNm/s @ 0&amp;deg;&lt;br/&gt;&lt;/b&gt;</description>
                <styleUrl>#GliderTrack</styleUrl>
                <LineString>
                    <coordinates>-64.94091666666667,18.165716666666665 -64.94091666666667,18.165716666666665</coordinates>
                </LineString>
            </Placemark>
            <Placemark>
                <name>uvi_02 Track</name>
                <visibility>1</visibility>
                <description>&lt;b&gt;Start: 18°09.943'N 64°56.455'W&lt;br/&gt;End: 18°09.783'N 64°57.21'W&lt;br/&gt;Range: 1.36km&lt;br/&gt;Speed: 0.19m/s @ 257&amp;deg;&lt;br/&gt;&lt;/b&gt;</description>
                <styleUrl>#GliderTrack</styleUrl>
                <LineString>
                    <coordinates>-64.94091666666667,18.165716666666665 -64.9535,18.16305</coordinates>
                </LineString>
            </Placemark>
            <Placemark>
                <name>uvi_02 Track</name>
                <visibility>1</visibility>
                <description>&lt;b&gt;Start: 18°09.783'N 64°57.21'W&lt;br/&gt;End: 18°09.783'N 64°57.21'W&lt;br/&gt;Range: 0.00m&lt;br/&gt;Speed: NaNm/s @ 0&amp;deg;&lt;br/&gt;&lt;/b&gt;</description>
                <styleUrl>#GliderTrack</styleUrl>
                <LineString>
                    <coordinates>-64.9535,18.16305 -64.9535,18.16305</coordinates>
                </LineString>
            </Placemark>
            <Placemark>
                <name>uvi_02 Track</name>
                <visibility>1</visibility>
                <description>&lt;b&gt;Start: 18°09.783'N 64°57.21'W&lt;br/&gt;End: 18°09.913'N 64°58.489'W&lt;br/&gt;Range: 2.27km&lt;br/&gt;Speed: 0.33m/s @ 276&amp;deg;&lt;br/&gt;&lt;/b&gt;</description>
                <styleUrl>#GliderTrack</styleUrl>
                <LineString>
                    <coordinates>-64.9535,18.16305 -64.97481666666665,18.165216666666666</coordinates>
                </LineString>
            </Placemark>
            <Placemark>
                <name>uvi_02 Track</name>
                <visibility>1</visibility>
                <description>&lt;b&gt;Start: 18°09.913'N 64°58.489'W&lt;br/&gt;End: 18°09.913'N 64°58.489'W&lt;br/&gt;Range: 0.00m&lt;br/&gt;Speed: 0.00m/s @ 0&amp;deg;&lt;br/&gt;&lt;/b&gt;</description>
                <styleUrl>#GliderTrack</styleUrl>
                <LineString>
                    <coordinates>-64.97481666666665,18.165216666666666 -64.97481666666665,18.165216666666666</coordinates>
                </LineString>
            </Placemark>
            <Placemark>
                <name>uvi_02 Track</name>
                <visibility>1</visibility>
                <description>&lt;b&gt;Start: 18°09.913'N 64°58.489'W&lt;br/&gt;End: 18°10.062'N 64°59.675'W&lt;br/&gt;Range: 2.11km&lt;br/&gt;Speed: 0.28m/s @ 278&amp;deg;&lt;br/&gt;&lt;/b&gt;</description>
                <styleUrl>#GliderTrack</styleUrl>
                <LineString>
                    <coordinates>-64.97481666666665,18.165216666666666 -64.99458333333334,18.1677</coordinates>
                </LineString>
            </Placemark>
            <Placemark>
                <name>uvi_02 Track</name>
                <visibility>1</visibility>
                <description>&lt;b&gt;Start: 18°10.062'N 64°59.675'W&lt;br/&gt;End: 18°10.062'N 64°59.675'W&lt;br/&gt;Range: 0.00m&lt;br/&gt;Speed: NaNm/s @ 0&amp;deg;&lt;br/&gt;&lt;/b&gt;</description>
                <styleUrl>#GliderTrack</styleUrl>
                <LineString>
                    <coordinates>-64.99458333333334,18.1677 -64.99458333333334,18.1677</coordinates>
                </LineString>
            </Placemark>
            <Placemark>
                <name>uvi_02 Track</name>
                <visibility>1</visibility>
                <description>&lt;b&gt;Start: 18°10.062'N 64°59.675'W&lt;br/&gt;End: 18°10.062'N 64°59.675'W&lt;br/&gt;Range: 0.00m&lt;br/&gt;Speed: NaNm/s @ 0&amp;deg;&lt;br/&gt;&lt;/b&gt;</description>
                <styleUrl>#GliderTrack</styleUrl>
                <LineString>
                    <coordinates>-64.99458333333334,18.1677 -64.99458333333334,18.1677</coordinates>
                </LineString>
            </Placemark>
            <Placemark>
                <name>uvi_02 Track</name>
                <visibility>1</visibility>
                <description>&lt;b&gt;Start: 18°10.062'N 64°59.675'W&lt;br/&gt;End: 18°10.346'N 64°58.802'W&lt;br/&gt;Range: 1.62km&lt;br/&gt;Speed: 0.22m/s @ 71&amp;deg;&lt;br/&gt;&lt;/b&gt;</description>
                <styleUrl>#GliderTrack</styleUrl>
                <LineString>
                    <coordinates>-64.99458333333334,18.1677 -64.98003333333332,18.172433333333334</coordinates>
                </LineString>
            </Placemark>
            <Placemark>
                <name>uvi_02 Track</name>
                <visibility>1</visibility>
                <description>&lt;b&gt;Start: 18°10.346'N 64°58.802'W&lt;br/&gt;End: 18°10.346'N 64°58.802'W&lt;br/&gt;Range: 0.00m&lt;br/&gt;Speed: NaNm/s @ 0&amp;deg;&lt;br/&gt;&lt;/b&gt;</description>
                <styleUrl>#GliderTrack</styleUrl>
                <LineString>
                    <coordinates>-64.98003333333332,18.172433333333334 -64.98003333333332,18.172433333333334</coordinates>
                </LineString>
            </Placemark>
            <Placemark>
                <name>uvi_02 Track</name>
                <visibility>1</visibility>
                <description>&lt;b&gt;Start: 18°10.346'N 64°58.802'W&lt;br/&gt;End: 18°10.346'N 64°58.802'W&lt;br/&gt;Range: 0.00m&lt;br/&gt;Speed: NaNm/s @ 0&amp;deg;&lt;br/&gt;&lt;/b&gt;</description>
                <styleUrl>#GliderTrack</styleUrl>
                <LineString>
                    <coordinates>-64.98003333333332,18.172433333333334 -64.98003333333332,18.172433333333334</coordinates>
                </LineString>
            </Placemark>
            <Placemark>
                <name>uvi_02 Track</name>
                <visibility>1</visibility>
                <description>&lt;b&gt;Start: 18°10.346'N 64°58.802'W&lt;br/&gt;End: 18°10.258'N 64°57.898'W&lt;br/&gt;Range: 1.60km&lt;br/&gt;Speed: 0.22m/s @ 96&amp;deg;&lt;br/&gt;&lt;/b&gt;</description>
                <styleUrl>#GliderTrack</styleUrl>
                <LineString>
                    <coordinates>-64.98003333333332,18.172433333333334 -64.96496666666667,18.17096666666667</coordinates>
                </LineString>
            </Placemark>
            <Placemark>
                <name>uvi_02 Track</name>
                <visibility>1</visibility>
                <description>&lt;b&gt;Start: 18°10.258'N 64°57.898'W&lt;br/&gt;End: 18°10.258'N 64°57.898'W&lt;br/&gt;Range: 0.00m&lt;br/&gt;Speed: NaNm/s @ 0&amp;deg;&lt;br/&gt;&lt;/b&gt;</description>
                <styleUrl>#GliderTrack</styleUrl>
                <LineString>
                    <coordinates>-64.96496666666667,18.17096666666667 -64.96496666666667,18.17096666666667</coordinates>
                </LineString>
            </Placemark>
            <Placemark>
                <name>uvi_02 Track</name>
                <visibility>1</visibility>
                <description>&lt;b&gt;Start: 18°10.258'N 64°57.898'W&lt;br/&gt;End: 18°10.258'N 64°57.898'W&lt;br/&gt;Range: 0.00m&lt;br/&gt;Speed: NaNm/s @ 0&amp;deg;&lt;br/&gt;&lt;/b&gt;</description>
                <styleUrl>#GliderTrack</styleUrl>
                <LineString>
                    <coordinates>-64.96496666666667,18.17096666666667 -64.96496666666667,18.17096666666667</coordinates>
                </LineString>
            </Placemark>
            <Placemark>
                <name>uvi_02 Track</name>
                <visibility>1</visibility>
                <description>&lt;b&gt;Start: 18°10.258'N 64°57.898'W&lt;br/&gt;End: 18°09.931'N 64°56.928'W&lt;br/&gt;Range: 1.81km&lt;br/&gt;Speed: 0.25m/s @ 110&amp;deg;&lt;br/&gt;&lt;/b&gt;</description>
                <styleUrl>#GliderTrack</styleUrl>
                <LineString>
                    <coordinates>-64.96496666666667,18.17096666666667 -64.94879999999999,18.16551666666667</coordinates>
                </LineString>
            </Placemark>
            <Placemark>
                <name>uvi_02 Track</name>
                <visibility>1</visibility>
                <description>&lt;b&gt;Start: 18°09.931'N 64°56.928'W&lt;br/&gt;End: 18°09.931'N 64°56.928'W&lt;br/&gt;Range: 0.00m&lt;br/&gt;Speed: NaNm/s @ 0&amp;deg;&lt;br/&gt;&lt;/b&gt;</description>
                <styleUrl>#GliderTrack</styleUrl>
                <LineString>
                    <coordinates>-64.94879999999999,18.16551666666667 -64.94879999999999,18.16551666666667</coordinates>
                </LineString>
            </Placemark>
            <Placemark>
                <name>uvi_02 Track</name>
                <visibility>1</visibility>
                <description>&lt;b&gt;Start: 18°09.931'N 64°56.928'W&lt;br/&gt;End: 18°09.931'N 64°56.928'W&lt;br/&gt;Range: 0.00m&lt;br/&gt;Speed: NaNm/s @ 0&amp;deg;&lt;br/&gt;&lt;/b&gt;</description>
                <styleUrl>#GliderTrack</styleUrl>
                <LineString>
                    <coordinates>-64.94879999999999,18.16551666666667 -64.94879999999999,18.16551666666667</coordinates>
                </LineString>
            </Placemark>
            <Placemark>
                <name>uvi_02 Track</name>
                <visibility>1</visibility>
                <description>&lt;b&gt;Start: 18°09.931'N 64°56.928'W&lt;br/&gt;End: 18°09.867'N 64°56.44'W&lt;br/&gt;Range: 867.46m&lt;br/&gt;Speed: 0.12m/s @ 98&amp;deg;&lt;br/&gt;&lt;/b&gt;</description>
                <styleUrl>#GliderTrack</styleUrl>
                <LineString>
                    <coordinates>-64.94879999999999,18.16551666666667 -64.94066666666666,18.16445</coordinates>
                </LineString>
            </Placemark>
            <Placemark>
                <name>uvi_02 Track</name>
                <visibility>1</visibility>
                <description>&lt;b&gt;Start: 18°09.867'N 64°56.44'W&lt;br/&gt;End: 18°09.867'N 64°56.44'W&lt;br/&gt;Range: 0.00m&lt;br/&gt;Speed: 0.00m/s @ 0&amp;deg;&lt;br/&gt;&lt;/b&gt;</description>
                <styleUrl>#GliderTrack</styleUrl>
                <LineString>
                    <coordinates>-64.94066666666666,18.16445 -64.94066666666666,18.16445</coordinates>
                </LineString>
            </Placemark>
            <Placemark>
                <name>uvi_02 Track</name>
                <visibility>1</visibility>
                <description>&lt;b&gt;Start: 18°09.867'N 64°56.44'W&lt;br/&gt;End: 18°09.867'N 64°56.44'W&lt;br/&gt;Range: 0.00m&lt;br/&gt;Speed: NaNm/s @ 0&amp;deg;&lt;br/&gt;&lt;/b&gt;</description>
                <styleUrl>#GliderTrack</styleUrl>
                <LineString>
                    <coordinates>-64.94066666666666,18.16445 -64.94066666666666,18.16445</coordinates>
                </LineString>
            </Placemark>
            <Placemark>
                <name>uvi_02 Track</name>
                <visibility>1</visibility>
                <description>&lt;b&gt;Start: 18°09.867'N 64°56.44'W&lt;br/&gt;End: 18°09.752'N 64°57.721'W&lt;br/&gt;Range: 2.27km&lt;br/&gt;Speed: 0.31m/s @ 265&amp;deg;&lt;br/&gt;&lt;/b&gt;</description>
                <styleUrl>#GliderTrack</styleUrl>
                <LineString>
                    <coordinates>-64.94066666666666,18.16445 -64.96201666666666,18.162533333333332</coordinates>
                </LineString>
            </Placemark>
            <Placemark>
                <name>uvi_02 Track</name>
                <visibility>1</visibility>
                <description>&lt;b&gt;Start: 18°09.752'N 64°57.721'W&lt;br/&gt;End: 18°09.752'N 64°57.721'W&lt;br/&gt;Range: 0.00m&lt;br/&gt;Speed: 0.00m/s @ 0&amp;deg;&lt;br/&gt;&lt;/b&gt;</description>
                <styleUrl>#GliderTrack</styleUrl>
                <LineString>
                    <coordinates>-64.96201666666666,18.162533333333332 -64.96201666666666,18.162533333333332</coordinates>
                </LineString>
            </Placemark>
            <Placemark>
                <name>uvi_02 Track</name>
                <visibility>1</visibility>
                <description>&lt;b&gt;Start: 18°09.752'N 64°57.721'W&lt;br/&gt;End: 18°09.752'N 64°57.721'W&lt;br/&gt;Range: 0.00m&lt;br/&gt;Speed: NaNm/s @ 0&amp;deg;&lt;br/&gt;&lt;/b&gt;</description>
                <styleUrl>#GliderTrack</styleUrl>
                <LineString>
                    <coordinates>-64.96201666666666,18.162533333333332 -64.96201666666666,18.162533333333332</coordinates>
                </LineString>
            </Placemark>
            <Placemark>
                <name>uvi_02 Track</name>
                <visibility>1</visibility>
                <description>&lt;b&gt;Start: 18°09.752'N 64°57.721'W&lt;br/&gt;End: 18°09.889'N 64°58.872'W&lt;br/&gt;Range: 2.04km&lt;br/&gt;Speed: 0.28m/s @ 277&amp;deg;&lt;br/&gt;&lt;/b&gt;</description>
                <styleUrl>#GliderTrack</styleUrl>
                <LineString>
                    <coordinates>-64.96201666666666,18.162533333333332 -64.9812,18.164816666666663</coordinates>
                </LineString>
            </Placemark>
            <Placemark>
                <name>uvi_02 Track</name>
                <visibility>1</visibility>
                <description>&lt;b&gt;Start: 18°09.889'N 64°58.872'W&lt;br/&gt;End: 18°09.889'N 64°58.872'W&lt;br/&gt;Range: 0.00m&lt;br/&gt;Speed: NaNm/s @ 0&amp;deg;&lt;br/&gt;&lt;/b&gt;</description>
                <styleUrl>#GliderTrack</styleUrl>
                <LineString>
                    <coordinates>-64.9812,18.164816666666663 -64.9812,18.164816666666663</coordinates>
                </LineString>
            </Placemark>
            <Placemark>
                <name>uvi_02 Track</name>
                <visibility>1</visibility>
                <description>&lt;b&gt;Start: 18°09.889'N 64°58.872'W&lt;br/&gt;End: 18°09.889'N 64°58.872'W&lt;br/&gt;Range: 0.00m&lt;br/&gt;Speed: NaNm/s @ 0&amp;deg;&lt;br/&gt;&lt;/b&gt;</description>
                <styleUrl>#GliderTrack</styleUrl>
                <LineString>
                    <coordinates>-64.9812,18.164816666666663 -64.9812,18.164816666666663</coordinates>
                </LineString>
            </Placemark>
            <Placemark>
                <name>uvi_02 Track</name>
                <visibility>1</visibility>
                <description>&lt;b&gt;Start: 18°09.889'N 64°58.872'W&lt;br/&gt;End: 18°10.044'N 64°59.601'W&lt;br/&gt;Range: 1.32km&lt;br/&gt;Speed: 0.21m/s @ 283&amp;deg;&lt;br/&gt;&lt;/b&gt;</description>
                <styleUrl>#GliderTrack</styleUrl>
                <LineString>
                    <coordinates>-64.9812,18.164816666666663 -64.99334999999999,18.1674</coordinates>
                </LineString>
            </Placemark>
            <Placemark>
                <name>uvi_02 Track</name>
                <visibility>1</visibility>
                <description>&lt;b&gt;Start: 18°10.044'N 64°59.601'W&lt;br/&gt;End: 18°10.044'N 64°59.601'W&lt;br/&gt;Range: 0.00m&lt;br/&gt;Speed: NaNm/s @ 0&amp;deg;&lt;br/&gt;&lt;/b&gt;</description>
                <styleUrl>#GliderTrack</styleUrl>
                <LineString>
                    <coordinates>-64.99334999999999,18.1674 -64.99334999999999,18.1674</coordinates>
                </LineString>
            </Placemark>
            <Placemark>
                <name>uvi_02 Track</name>
                <visibility>1</visibility>
                <description>&lt;b&gt;Start: 18°10.044'N 64°59.601'W&lt;br/&gt;End: 18°10.044'N 64°59.601'W&lt;br/&gt;Range: 0.00m&lt;br/&gt;Speed: NaNm/s @ 0&amp;deg;&lt;br/&gt;&lt;/b&gt;</description>
                <styleUrl>#GliderTrack</styleUrl>
                <LineString>
                    <coordinates>-64.99334999999999,18.1674 -64.99334999999999,18.1674</coordinates>
                </LineString>
            </Placemark>
            <Placemark>
                <name>uvi_02 Track</name>
                <visibility>1</visibility>
                <description>&lt;b&gt;Start: 18°10.044'N 64°59.601'W&lt;br/&gt;End: 18°09.971'N 64°58.623'W&lt;br/&gt;Range: 1.73km&lt;br/&gt;Speed: 0.26m/s @ 94&amp;deg;&lt;br/&gt;&lt;/b&gt;</description>
                <styleUrl>#GliderTrack</styleUrl>
                <LineString>
                    <coordinates>-64.99334999999999,18.1674 -64.97704999999999,18.166183333333333</coordinates>
                </LineString>
            </Placemark>
            <Placemark>
                <name>uvi_02 Track</name>
                <visibility>1</visibility>
                <description>&lt;b&gt;Start: 18°09.971'N 64°58.623'W&lt;br/&gt;End: 18°09.971'N 64°58.623'W&lt;br/&gt;Range: 0.00m&lt;br/&gt;Speed: 0.00m/s @ 0&amp;deg;&lt;br/&gt;&lt;/b&gt;</description>
                <styleUrl>#GliderTrack</styleUrl>
                <LineString>
                    <coordinates>-64.97704999999999,18.166183333333333 -64.97704999999999,18.166183333333333</coordinates>
                </LineString>
            </Placemark>
            <Placemark>
                <name>uvi_02 Track</name>
                <visibility>1</visibility>
                <description>&lt;b&gt;Start: 18°09.971'N 64°58.623'W&lt;br/&gt;End: 18°09.971'N 64°58.623'W&lt;br/&gt;Range: 0.00m&lt;br/&gt;Speed: NaNm/s @ 0&amp;deg;&lt;br/&gt;&lt;/b&gt;</description>
                <styleUrl>#GliderTrack</styleUrl>
                <LineString>
                    <coordinates>-64.97704999999999,18.166183333333333 -64.97704999999999,18.166183333333333</coordinates>
                </LineString>
            </Placemark>
            <Placemark>
                <name>uvi_02 Track</name>
                <visibility>1</visibility>
                <description>&lt;b&gt;Start: 18°09.971'N 64°58.623'W&lt;br/&gt;End: 18°09.825'N 64°57.773'W&lt;br/&gt;Range: 1.52km&lt;br/&gt;Speed: 0.22m/s @ 100&amp;deg;&lt;br/&gt;&lt;/b&gt;</description>
                <styleUrl>#GliderTrack</styleUrl>
                <LineString>
                    <coordinates>-64.97704999999999,18.166183333333333 -64.96288333333334,18.16375</coordinates>
                </LineString>
            </Placemark>
            <Placemark>
                <name>uvi_02 Track</name>
                <visibility>1</visibility>
                <description>&lt;b&gt;Start: 18°09.825'N 64°57.773'W&lt;br/&gt;End: 18°09.825'N 64°57.773'W&lt;br/&gt;Range: 0.00m&lt;br/&gt;Speed: NaNm/s @ 0&amp;deg;&lt;br/&gt;&lt;/b&gt;</description>
                <styleUrl>#GliderTrack</styleUrl>
                <LineString>
                    <coordinates>-64.96288333333334,18.16375 -64.96288333333334,18.16375</coordinates>
                </LineString>
            </Placemark>
            <Placemark>
                <name>uvi_02 Track</name>
                <visibility>1</visibility>
                <description>&lt;b&gt;Start: 18°09.825'N 64°57.773'W&lt;br/&gt;End: 18°09.825'N 64°57.773'W&lt;br/&gt;Range: 0.00m&lt;br/&gt;Speed: NaNm/s @ 0&amp;deg;&lt;br/&gt;&lt;/b&gt;</description>
                <styleUrl>#GliderTrack</styleUrl>
                <LineString>
                    <coordinates>-64.96288333333334,18.16375 -64.96288333333334,18.16375</coordinates>
                </LineString>
            </Placemark>
            <Placemark>
                <name>uvi_02 Track</name>
                <visibility>1</visibility>
                <description>&lt;b&gt;Start: 18°09.825'N 64°57.773'W&lt;br/&gt;End: 18°09.952'N 64°57.783'W&lt;br/&gt;Range: 236.02m&lt;br/&gt;Speed: 0.08m/s @ 356&amp;deg;&lt;br/&gt;&lt;/b&gt;</description>
                <styleUrl>#GliderTrack</styleUrl>
                <LineString>
                    <coordinates>-64.96288333333334,18.16375 -64.96305000000001,18.165866666666666</coordinates>
                </LineString>
            </Placemark>
            <Placemark>
                <name>uvi_02 Track</name>
                <visibility>1</visibility>
                <description>&lt;b&gt;Start: 18°09.952'N 64°57.783'W&lt;br/&gt;End: 18°09.952'N 64°57.783'W&lt;br/&gt;Range: 0.00m&lt;br/&gt;Speed: NaNm/s @ 0&amp;deg;&lt;br/&gt;&lt;/b&gt;</description>
                <styleUrl>#GliderTrack</styleUrl>
                <LineString>
                    <coordinates>-64.96305000000001,18.165866666666666 -64.96305000000001,18.165866666666666</coordinates>
                </LineString>
            </Placemark>
            <Placemark>
                <name>uvi_02 Track</name>
                <visibility>1</visibility>
                <description>&lt;b&gt;Start: 18°09.952'N 64°57.783'W&lt;br/&gt;End: 18°09.952'N 64°57.783'W&lt;br/&gt;Range: 0.00m&lt;br/&gt;Speed: NaNm/s @ 0&amp;deg;&lt;br/&gt;&lt;/b&gt;</description>
                <styleUrl>#GliderTrack</styleUrl>
                <LineString>
                    <coordinates>-64.96305000000001,18.165866666666666 -64.96305000000001,18.165866666666666</coordinates>
                </LineString>
            </Placemark>
            <Placemark>
                <name>uvi_02 Track</name>
                <visibility>1</visibility>
                <description>&lt;b&gt;Start: 18°09.952'N 64°57.783'W&lt;br/&gt;End: 18°09.927'N 64°57.887'W&lt;br/&gt;Range: 188.90m&lt;br/&gt;Speed: 0.21m/s @ 256&amp;deg;&lt;br/&gt;&lt;/b&gt;</description>
                <styleUrl>#GliderTrack</styleUrl>
                <LineString>
                    <coordinates>-64.96305000000001,18.165866666666666 -64.96478333333333,18.16545</coordinates>
                </LineString>
            </Placemark>
            <Placemark>
                <name>uvi_02 Track</name>
                <visibility>1</visibility>
                <description>&lt;b&gt;Start: 18°09.927'N 64°57.887'W&lt;br/&gt;End: 18°09.927'N 64°57.887'W&lt;br/&gt;Range: 0.00m&lt;br/&gt;Speed: 0.00m/s @ 0&amp;deg;&lt;br/&gt;&lt;/b&gt;</description>
                <styleUrl>#GliderTrack</styleUrl>
                <LineString>
                    <coordinates>-64.96478333333333,18.16545 -64.96478333333333,18.16545</coordinates>
                </LineString>
            </Placemark>
            <Placemark>
                <name>uvi_02 Track</name>
                <visibility>1</visibility>
                <description>&lt;b&gt;Start: 18°09.927'N 64°57.887'W&lt;br/&gt;End: 18°09.927'N 64°57.887'W&lt;br/&gt;Range: 0.00m&lt;br/&gt;Speed: NaNm/s @ 0&amp;deg;&lt;br/&gt;&lt;/b&gt;</description>
                <styleUrl>#GliderTrack</styleUrl>
                <LineString>
                    <coordinates>-64.96478333333333,18.16545 -64.96478333333333,18.16545</coordinates>
                </LineString>
            </Placemark>
            <Placemark>
                <name>uvi_02 Track</name>
                <visibility>1</visibility>
                <description>&lt;b&gt;Start: 18°09.927'N 64°57.887'W&lt;br/&gt;End: 18°09.864'N 64°58.012'W&lt;br/&gt;Range: 249.16m&lt;br/&gt;Speed: 0.39m/s @ 242&amp;deg;&lt;br/&gt;&lt;/b&gt;</description>
                <styleUrl>#GliderTrack</styleUrl>
                <LineString>
                    <coordinates>-64.96478333333333,18.16545 -64.96686666666666,18.1644</coordinates>
                </LineString>
            </Placemark>
            <Placemark>
                <name>uvi_02 Track</name>
                <visibility>1</visibility>
                <description>&lt;b&gt;Start: 18°09.864'N 64°58.012'W&lt;br/&gt;End: 18°09.831'N 64°58.079'W&lt;br/&gt;Range: 132.89m&lt;br/&gt;Speed: 0.40m/s @ 243&amp;deg;&lt;br/&gt;&lt;/b&gt;</description>
                <styleUrl>#GliderTrack</styleUrl>
                <LineString>
                    <coordinates>-64.96686666666666,18.1644 -64.96798333333332,18.16385</coordinates>
                </LineString>
            </Placemark>
            <Placemark>
                <name>uvi_02 Track</name>
                <visibility>1</visibility>
                <description>&lt;b&gt;Start: 18°09.831'N 64°58.079'W&lt;br/&gt;End: 18°09.803'N 64°58.137'W&lt;br/&gt;Range: 114.56m&lt;br/&gt;Speed: 0.42m/s @ 243&amp;deg;&lt;br/&gt;&lt;/b&gt;</description>
                <styleUrl>#GliderTrack</styleUrl>
                <LineString>
                    <coordinates>-64.96798333333332,18.16385 -64.96894999999999,18.163383333333336</coordinates>
                </LineString>
            </Placemark>
            <Placemark>
                <name>uvi_02 Track</name>
                <visibility>1</visibility>
                <description>&lt;b&gt;Start: 18°09.803'N 64°58.137'W&lt;br/&gt;End: 18°09.901'N 64°58.081'W&lt;br/&gt;Range: 206.66m&lt;br/&gt;Speed: 0.04m/s @ 29&amp;deg;&lt;br/&gt;&lt;/b&gt;</description>
                <styleUrl>#GliderTrack</styleUrl>
                <LineString>
                    <coordinates>-64.96894999999999,18.163383333333336 -64.96801666666667,18.165016666666666</coordinates>
                </LineString>
            </Placemark>
            <Placemark>
                <name>uvi_02 Track</name>
                <visibility>1</visibility>
                <description>&lt;b&gt;Start: 18°09.901'N 64°58.081'W&lt;br/&gt;End: 18°09.901'N 64°58.081'W&lt;br/&gt;Range: 0.00m&lt;br/&gt;Speed: NaNm/s @ 0&amp;deg;&lt;br/&gt;&lt;/b&gt;</description>
                <styleUrl>#GliderTrack</styleUrl>
                <LineString>
                    <coordinates>-64.96801666666667,18.165016666666666 -64.96801666666667,18.165016666666666</coordinates>
                </LineString>
            </Placemark>
            <Placemark>
                <name>uvi_02 Track</name>
                <visibility>1</visibility>
                <description>&lt;b&gt;Start: 18°09.901'N 64°58.081'W&lt;br/&gt;End: 18°10.013'N 64°58.066'W&lt;br/&gt;Range: 209.24m&lt;br/&gt;Speed: 0.08m/s @ 7&amp;deg;&lt;br/&gt;&lt;/b&gt;</description>
                <styleUrl>#GliderTrack</styleUrl>
                <LineString>
                    <coordinates>-64.96801666666667,18.165016666666666 -64.96776666666666,18.16688333333333</coordinates>
                </LineString>
            </Placemark>
            <Placemark>
                <name>uvi_02 Track</name>
                <visibility>1</visibility>
                <description>&lt;b&gt;Start: 18°10.013'N 64°58.066'W&lt;br/&gt;End: 18°10.013'N 64°58.066'W&lt;br/&gt;Range: 0.00m&lt;br/&gt;Speed: NaNm/s @ 0&amp;deg;&lt;br/&gt;&lt;/b&gt;</description>
                <styleUrl>#GliderTrack</styleUrl>
                <LineString>
                    <coordinates>-64.96776666666666,18.16688333333333 -64.96776666666666,18.16688333333333</coordinates>
                </LineString>
            </Placemark>
            <Placemark>
                <name>uvi_02 Track</name>
                <visibility>1</visibility>
                <description>&lt;b&gt;Start: 18°10.013'N 64°58.066'W&lt;br/&gt;End: 18°10.117'N 64°57.993'W&lt;br/&gt;Range: 231.67m&lt;br/&gt;Speed: 0.09m/s @ 34&amp;deg;&lt;br/&gt;&lt;/b&gt;</description>
                <styleUrl>#GliderTrack</styleUrl>
                <LineString>
                    <coordinates>-64.96776666666666,18.16688333333333 -64.96655000000001,18.168616666666665</coordinates>
                </LineString>
            </Placemark>
            <Placemark>
                <name>uvi_02 Track</name>
                <visibility>1</visibility>
                <description>&lt;b&gt;Start: 18°10.117'N 64°57.993'W&lt;br/&gt;End: 18°10.117'N 64°57.993'W&lt;br/&gt;Range: 0.00m&lt;br/&gt;Speed: NaNm/s @ 0&amp;deg;&lt;br/&gt;&lt;/b&gt;</description>
                <styleUrl>#GliderTrack</styleUrl>
                <LineString>
                    <coordinates>-64.96655000000001,18.168616666666665 -64.96655000000001,18.168616666666665</coordinates>
                </LineString>
            </Placemark>
            <Placemark>
                <name>uvi_02 Track</name>
                <visibility>1</visibility>
                <description>&lt;b&gt;Start: 18°10.117'N 64°57.993'W&lt;br/&gt;End: 18°10.117'N 64°57.993'W&lt;br/&gt;Range: 0.00m&lt;br/&gt;Speed: 0.00m/s @ 0&amp;deg;&lt;br/&gt;&lt;/b&gt;</description>
                <styleUrl>#GliderTrack</styleUrl>
                <LineString>
                    <coordinates>-64.96655000000001,18.168616666666665 -64.96655000000001,18.168616666666665</coordinates>
                </LineString>
            </Placemark>
            <Placemark>
                <name>uvi_02 Track</name>
                <visibility>1</visibility>
                <description>&lt;b&gt;Start: 18°10.117'N 64°57.993'W&lt;br/&gt;End: 18°10.215'N 64°57.937'W&lt;br/&gt;Range: 206.66m&lt;br/&gt;Speed: 0.07m/s @ 28&amp;deg;&lt;br/&gt;&lt;/b&gt;</description>
                <styleUrl>#GliderTrack</styleUrl>
                <LineString>
                    <coordinates>-64.96655000000001,18.168616666666665 -64.96561666666666,18.17025</coordinates>
                </LineString>
            </Placemark>
            <Placemark>
                <name>uvi_02 Track</name>
                <visibility>1</visibility>
                <description>&lt;b&gt;Start: 18°10.215'N 64°57.937'W&lt;br/&gt;End: 18°10.215'N 64°57.937'W&lt;br/&gt;Range: 0.00m&lt;br/&gt;Speed: NaNm/s @ 0&amp;deg;&lt;br/&gt;&lt;/b&gt;</description>
                <styleUrl>#GliderTrack</styleUrl>
                <LineString>
                    <coordinates>-64.96561666666666,18.17025 -64.96561666666666,18.17025</coordinates>
                </LineString>
            </Placemark>
            <Placemark>
                <name>uvi_02 Track</name>
                <visibility>1</visibility>
                <description>&lt;b&gt;Start: 18°10.215'N 64°57.937'W&lt;br/&gt;End: 18°10.215'N 64°57.937'W&lt;br/&gt;Range: 0.00m&lt;br/&gt;Speed: NaNm/s @ 0&amp;deg;&lt;br/&gt;&lt;/b&gt;</description>
                <styleUrl>#GliderTrack</styleUrl>
                <LineString>
                    <coordinates>-64.96561666666666,18.17025 -64.96561666666666,18.17025</coordinates>
                </LineString>
            </Placemark>
            <Placemark>
                <name>uvi_02 Track</name>
                <visibility>1</visibility>
                <description>&lt;b&gt;Start: 18°10.215'N 64°57.937'W&lt;br/&gt;End: 18°10.314'N 64°57.831'W&lt;br/&gt;Range: 261.72m&lt;br/&gt;Speed: 0.10m/s @ 45&amp;deg;&lt;br/&gt;&lt;/b&gt;</description>
                <styleUrl>#GliderTrack</styleUrl>
                <LineString>
                    <coordinates>-64.96561666666666,18.17025 -64.96385000000001,18.1719</coordinates>
                </LineString>
            </Placemark>
            <Placemark>
                <name>uvi_02 Track</name>
                <visibility>1</visibility>
                <description>&lt;b&gt;Start: 18°10.314'N 64°57.831'W&lt;br/&gt;End: 18°10.314'N 64°57.831'W&lt;br/&gt;Range: 0.00m&lt;br/&gt;Speed: NaNm/s @ 0&amp;deg;&lt;br/&gt;&lt;/b&gt;</description>
                <styleUrl>#GliderTrack</styleUrl>
                <LineString>
                    <coordinates>-64.96385000000001,18.1719 -64.96385000000001,18.1719</coordinates>
                </LineString>
            </Placemark>
            <Placemark>
                <name>uvi_02 Track</name>
                <visibility>1</visibility>
                <description>&lt;b&gt;Start: 18°10.314'N 64°57.831'W&lt;br/&gt;End: 18°10.314'N 64°57.831'W&lt;br/&gt;Range: 0.00m&lt;br/&gt;Speed: NaNm/s @ 0&amp;deg;&lt;br/&gt;&lt;/b&gt;</description>
                <styleUrl>#GliderTrack</styleUrl>
                <LineString>
                    <coordinates>-64.96385000000001,18.1719 -64.96385000000001,18.1719</coordinates>
                </LineString>
            </Placemark>
            <Placemark>
                <name>uvi_02 Track</name>
                <visibility>1</visibility>
                <description>&lt;b&gt;Start: 18°10.314'N 64°57.831'W&lt;br/&gt;End: 18°10.439'N 64°57.701'W&lt;br/&gt;Range: 325.67m&lt;br/&gt;Speed: 0.12m/s @ 45&amp;deg;&lt;br/&gt;&lt;/b&gt;</description>
                <styleUrl>#GliderTrack</styleUrl>
                <LineString>
                    <coordinates>-64.96385000000001,18.1719 -64.96168333333334,18.173983333333336</coordinates>
                </LineString>
            </Placemark>
            <Placemark>
                <name>uvi_02 Track</name>
                <visibility>1</visibility>
                <description>&lt;b&gt;Start: 18°10.439'N 64°57.701'W&lt;br/&gt;End: 18°10.439'N 64°57.701'W&lt;br/&gt;Range: 0.00m&lt;br/&gt;Speed: NaNm/s @ 0&amp;deg;&lt;br/&gt;&lt;/b&gt;</description>
                <styleUrl>#GliderTrack</styleUrl>
                <LineString>
                    <coordinates>-64.96168333333334,18.173983333333336 -64.96168333333334,18.173983333333336</coordinates>
                </LineString>
            </Placemark>
            <Placemark>
                <name>uvi_02 Track</name>
                <visibility>1</visibility>
                <description>&lt;b&gt;Start: 18°10.439'N 64°57.701'W&lt;br/&gt;End: 18°10.439'N 64°57.701'W&lt;br/&gt;Range: 0.00m&lt;br/&gt;Speed: NaNm/s @ 0&amp;deg;&lt;br/&gt;&lt;/b&gt;</description>
                <styleUrl>#GliderTrack</styleUrl>
                <LineString>
                    <coordinates>-64.96168333333334,18.173983333333336 -64.96168333333334,18.173983333333336</coordinates>
                </LineString>
            </Placemark>
            <Placemark>
                <name>uvi_02 Track</name>
                <visibility>1</visibility>
                <description>&lt;b&gt;Start: 18°10.439'N 64°57.701'W&lt;br/&gt;End: 18°10.563'N 64°57.537'W&lt;br/&gt;Range: 369.05m&lt;br/&gt;Speed: 0.15m/s @ 51&amp;deg;&lt;br/&gt;&lt;/b&gt;</description>
                <styleUrl>#GliderTrack</styleUrl>
                <LineString>
                    <coordinates>-64.96168333333334,18.173983333333336 -64.95895,18.17605</coordinates>
                </LineString>
            </Placemark>
            <Placemark>
                <name>uvi_02 Track</name>
                <visibility>1</visibility>
                <description>&lt;b&gt;Start: 18°10.563'N 64°57.537'W&lt;br/&gt;End: 18°10.563'N 64°57.537'W&lt;br/&gt;Range: 0.00m&lt;br/&gt;Speed: NaNm/s @ 0&amp;deg;&lt;br/&gt;&lt;/b&gt;</description>
                <styleUrl>#GliderTrack</styleUrl>
                <LineString>
                    <coordinates>-64.95895,18.17605 -64.95895,18.17605</coordinates>
                </LineString>
            </Placemark>
            <Placemark>
                <name>uvi_02 Track</name>
                <visibility>1</visibility>
                <description>&lt;b&gt;Start: 18°10.563'N 64°57.537'W&lt;br/&gt;End: 18°10.563'N 64°57.537'W&lt;br/&gt;Range: 0.00m&lt;br/&gt;Speed: NaNm/s @ 0&amp;deg;&lt;br/&gt;&lt;/b&gt;</description>
                <styleUrl>#GliderTrack</styleUrl>
                <LineString>
                    <coordinates>-64.95895,18.17605 -64.95895,18.17605</coordinates>
                </LineString>
            </Placemark>
            <Placemark>
                <name>uvi_02 Track</name>
                <visibility>1</visibility>
                <description>&lt;b&gt;Start: 18°10.563'N 64°57.537'W&lt;br/&gt;End: 18°10.61'N 64°57.358'W&lt;br/&gt;Range: 326.99m&lt;br/&gt;Speed: 0.12m/s @ 75&amp;deg;&lt;br/&gt;&lt;/b&gt;</description>
                <styleUrl>#GliderTrack</styleUrl>
                <LineString>
                    <coordinates>-64.95895,18.17605 -64.95596666666667,18.17683333333333</coordinates>
                </LineString>
            </Placemark>
            <Placemark>
                <name>uvi_02 Track</name>
                <visibility>1</visibility>
                <description>&lt;b&gt;Start: 18°10.61'N 64°57.358'W&lt;br/&gt;End: 18°10.61'N 64°57.358'W&lt;br/&gt;Range: 0.00m&lt;br/&gt;Speed: NaNm/s @ 0&amp;deg;&lt;br/&gt;&lt;/b&gt;</description>
                <styleUrl>#GliderTrack</styleUrl>
                <LineString>
                    <coordinates>-64.95596666666667,18.17683333333333 -64.95596666666667,18.17683333333333</coordinates>
                </LineString>
            </Placemark>
            <Placemark>
                <name>uvi_02 Track</name>
                <visibility>1</visibility>
                <description>&lt;b&gt;Start: 18°10.61'N 64°57.358'W&lt;br/&gt;End: 18°10.61'N 64°57.358'W&lt;br/&gt;Range: 0.00m&lt;br/&gt;Speed: NaNm/s @ 0&amp;deg;&lt;br/&gt;&lt;/b&gt;</description>
                <styleUrl>#GliderTrack</styleUrl>
                <LineString>
                    <coordinates>-64.95596666666667,18.17683333333333 -64.95596666666667,18.17683333333333</coordinates>
                </LineString>
            </Placemark>
            <Placemark>
                <name>uvi_02 Track</name>
                <visibility>1</visibility>
                <description>&lt;b&gt;Start: 18°10.61'N 64°57.358'W&lt;br/&gt;End: 18°10.572'N 64°57.234'W&lt;br/&gt;Range: 229.41m&lt;br/&gt;Speed: 0.09m/s @ 108&amp;deg;&lt;br/&gt;&lt;/b&gt;</description>
                <styleUrl>#GliderTrack</styleUrl>
                <LineString>
                    <coordinates>-64.95596666666667,18.17683333333333 -64.9539,18.176199999999998</coordinates>
                </LineString>
            </Placemark>
            <Placemark>
                <name>uvi_02 Track</name>
                <visibility>1</visibility>
                <description>&lt;b&gt;Start: 18°10.572'N 64°57.234'W&lt;br/&gt;End: 18°10.572'N 64°57.234'W&lt;br/&gt;Range: 0.00m&lt;br/&gt;Speed: NaNm/s @ 0&amp;deg;&lt;br/&gt;&lt;/b&gt;</description>
                <styleUrl>#GliderTrack</styleUrl>
                <LineString>
                    <coordinates>-64.9539,18.176199999999998 -64.9539,18.176199999999998</coordinates>
                </LineString>
            </Placemark>
            <Placemark>
                <name>uvi_02 Track</name>
                <visibility>1</visibility>
                <description>&lt;b&gt;Start: 18°10.572'N 64°57.234'W&lt;br/&gt;End: 18°10.572'N 64°57.234'W&lt;br/&gt;Range: 0.00m&lt;br/&gt;Speed: NaNm/s @ 0&amp;deg;&lt;br/&gt;&lt;/b&gt;</description>
                <styleUrl>#GliderTrack</styleUrl>
                <LineString>
                    <coordinates>-64.9539,18.176199999999998 -64.9539,18.176199999999998</coordinates>
                </LineString>
            </Placemark>
            <Placemark>
                <name>uvi_02 Track</name>
                <visibility>1</visibility>
                <description>&lt;b&gt;Start: 18°10.572'N 64°57.234'W&lt;br/&gt;End: 18°10.372'N 64°57.243'W&lt;br/&gt;Range: 370.99m&lt;br/&gt;Speed: 0.14m/s @ 182&amp;deg;&lt;br/&gt;&lt;/b&gt;</description>
                <styleUrl>#GliderTrack</styleUrl>
                <LineString>
                    <coordinates>-64.9539,18.176199999999998 -64.95405000000001,18.172866666666668</coordinates>
                </LineString>
            </Placemark>
            <Placemark>
                <name>uvi_02 Track</name>
                <visibility>1</visibility>
                <description>&lt;b&gt;Start: 18°10.372'N 64°57.243'W&lt;br/&gt;End: 18°10.372'N 64°57.243'W&lt;br/&gt;Range: 0.00m&lt;br/&gt;Speed: NaNm/s @ 0&amp;deg;&lt;br/&gt;&lt;/b&gt;</description>
                <styleUrl>#GliderTrack</styleUrl>
                <LineString>
                    <coordinates>-64.95405000000001,18.172866666666668 -64.95405000000001,18.172866666666668</coordinates>
                </LineString>
            </Placemark>
            <Placemark>
                <name>uvi_02 Track</name>
                <visibility>1</visibility>
                <description>&lt;b&gt;Start: 18°10.372'N 64°57.243'W&lt;br/&gt;End: 18°10.372'N 64°57.243'W&lt;br/&gt;Range: 0.00m&lt;br/&gt;Speed: NaNm/s @ 0&amp;deg;&lt;br/&gt;&lt;/b&gt;</description>
                <styleUrl>#GliderTrack</styleUrl>
                <LineString>
                    <coordinates>-64.95405000000001,18.172866666666668 -64.95405000000001,18.172866666666668</coordinates>
                </LineString>
            </Placemark>
            <Placemark>
                <name>uvi_02 Track</name>
                <visibility>1</visibility>
                <description>&lt;b&gt;Start: 18°10.372'N 64°57.243'W&lt;br/&gt;End: 18°10.168'N 64°57.238'W&lt;br/&gt;Range: 378.17m&lt;br/&gt;Speed: 0.14m/s @ 179&amp;deg;&lt;br/&gt;&lt;/b&gt;</description>
                <styleUrl>#GliderTrack</styleUrl>
                <LineString>
                    <coordinates>-64.95405000000001,18.172866666666668 -64.95396666666667,18.169466666666665</coordinates>
                </LineString>
            </Placemark>
            <Placemark>
                <name>uvi_02 Track</name>
                <visibility>1</visibility>
                <description>&lt;b&gt;Start: 18°10.168'N 64°57.238'W&lt;br/&gt;End: 18°10.168'N 64°57.238'W&lt;br/&gt;Range: 0.00m&lt;br/&gt;Speed: NaNm/s @ 0&amp;deg;&lt;br/&gt;&lt;/b&gt;</description>
                <styleUrl>#GliderTrack</styleUrl>
                <LineString>
                    <coordinates>-64.95396666666667,18.169466666666665 -64.95396666666667,18.169466666666665</coordinates>
                </LineString>
            </Placemark>
            <Placemark>
                <name>uvi_02 Track</name>
                <visibility>1</visibility>
                <description>&lt;b&gt;Start: 18°10.168'N 64°57.238'W&lt;br/&gt;End: 18°10.168'N 64°57.238'W&lt;br/&gt;Range: 0.00m&lt;br/&gt;Speed: NaNm/s @ 0&amp;deg;&lt;br/&gt;&lt;/b&gt;</description>
                <styleUrl>#GliderTrack</styleUrl>
                <LineString>
                    <coordinates>-64.95396666666667,18.169466666666665 -64.95396666666667,18.169466666666665</coordinates>
                </LineString>
            </Placemark>
            <Placemark>
                <name>uvi_02 Track</name>
                <visibility>1</visibility>
                <description>&lt;b&gt;Start: 18°10.168'N 64°57.238'W&lt;br/&gt;End: 18°09.93'N 64°57.245'W&lt;br/&gt;Range: 441.25m&lt;br/&gt;Speed: 0.17m/s @ 182&amp;deg;&lt;br/&gt;&lt;/b&gt;</description>
                <styleUrl>#GliderTrack</styleUrl>
                <LineString>
                    <coordinates>-64.95396666666667,18.169466666666665 -64.95408333333333,18.1655</coordinates>
                </LineString>
            </Placemark>
            <Placemark>
                <name>uvi_02 Track</name>
                <visibility>1</visibility>
                <description>&lt;b&gt;Start: 18°09.93'N 64°57.245'W&lt;br/&gt;End: 18°09.93'N 64°57.245'W&lt;br/&gt;Range: 0.00m&lt;br/&gt;Speed: NaNm/s @ 0&amp;deg;&lt;br/&gt;&lt;/b&gt;</description>
                <styleUrl>#GliderTrack</styleUrl>
                <LineString>
                    <coordinates>-64.95408333333333,18.1655 -64.95408333333333,18.1655</coordinates>
                </LineString>
            </Placemark>
            <Placemark>
                <name>uvi_02 Track</name>
                <visibility>1</visibility>
                <description>&lt;b&gt;Start: 18°09.93'N 64°57.245'W&lt;br/&gt;End: 18°09.93'N 64°57.245'W&lt;br/&gt;Range: 0.00m&lt;br/&gt;Speed: NaNm/s @ 0&amp;deg;&lt;br/&gt;&lt;/b&gt;</description>
                <styleUrl>#GliderTrack</styleUrl>
                <LineString>
                    <coordinates>-64.95408333333333,18.1655 -64.95408333333333,18.1655</coordinates>
                </LineString>
            </Placemark>
            <Placemark>
                <name>uvi_02 Track</name>
                <visibility>1</visibility>
                <description>&lt;b&gt;Start: 18°09.93'N 64°57.245'W&lt;br/&gt;End: 18°09.68'N 64°57.205'W&lt;br/&gt;Range: 468.64m&lt;br/&gt;Speed: 0.17m/s @ 171&amp;deg;&lt;br/&gt;&lt;/b&gt;</description>
                <styleUrl>#GliderTrack</styleUrl>
                <LineString>
                    <coordinates>-64.95408333333333,18.1655 -64.95341666666667,18.161333333333335</coordinates>
                </LineString>
            </Placemark>
            <Placemark>
                <name>uvi_02 Track</name>
                <visibility>1</visibility>
                <description>&lt;b&gt;Start: 18°09.68'N 64°57.205'W&lt;br/&gt;End: 18°09.68'N 64°57.205'W&lt;br/&gt;Range: 0.00m&lt;br/&gt;Speed: NaNm/s @ 0&amp;deg;&lt;br/&gt;&lt;/b&gt;</description>
                <styleUrl>#GliderTrack</styleUrl>
                <LineString>
                    <coordinates>-64.95341666666667,18.161333333333335 -64.95341666666667,18.161333333333335</coordinates>
                </LineString>
            </Placemark>
            <Placemark>
                <name>uvi_02 Track</name>
                <visibility>1</visibility>
                <description>&lt;b&gt;Start: 18°09.68'N 64°57.205'W&lt;br/&gt;End: 18°09.68'N 64°57.205'W&lt;br/&gt;Range: 0.00m&lt;br/&gt;Speed: 0.00m/s @ 0&amp;deg;&lt;br/&gt;&lt;/b&gt;</description>
                <styleUrl>#GliderTrack</styleUrl>
                <LineString>
                    <coordinates>-64.95341666666667,18.161333333333335 -64.95341666666667,18.161333333333335</coordinates>
                </LineString>
            </Placemark>
            <Placemark>
                <name>uvi_02 Track</name>
                <visibility>1</visibility>
                <description>&lt;b&gt;Start: 18°09.68'N 64°57.205'W&lt;br/&gt;End: 18°09.737'N 64°57.425'W&lt;br/&gt;Range: 401.55m&lt;br/&gt;Speed: 0.20m/s @ 285&amp;deg;&lt;br/&gt;&lt;/b&gt;</description>
                <styleUrl>#GliderTrack</styleUrl>
                <LineString>
                    <coordinates>-64.95341666666667,18.161333333333335 -64.95708333333333,18.162283333333335</coordinates>
                </LineString>
            </Placemark>
            <Placemark>
                <name>uvi_02 Track</name>
                <visibility>1</visibility>
                <description>&lt;b&gt;Start: 18°09.737'N 64°57.425'W&lt;br/&gt;End: 18°09.737'N 64°57.425'W&lt;br/&gt;Range: 0.00m&lt;br/&gt;Speed: NaNm/s @ 0&amp;deg;&lt;br/&gt;&lt;/b&gt;</description>
                <styleUrl>#GliderTrack</styleUrl>
                <LineString>
                    <coordinates>-64.95708333333333,18.162283333333335 -64.95708333333333,18.162283333333335</coordinates>
                </LineString>
            </Placemark>
            <Placemark>
                <name>uvi_02 Track</name>
                <visibility>1</visibility>
                <description>&lt;b&gt;Start: 18°09.737'N 64°57.425'W&lt;br/&gt;End: 18°09.737'N 64°57.425'W&lt;br/&gt;Range: 0.00m&lt;br/&gt;Speed: NaNm/s @ 0&amp;deg;&lt;br/&gt;&lt;/b&gt;</description>
                <styleUrl>#GliderTrack</styleUrl>
                <LineString>
                    <coordinates>-64.95708333333333,18.162283333333335 -64.95708333333333,18.162283333333335</coordinates>
                </LineString>
            </Placemark>
            <Placemark>
                <name>uvi_02 Track</name>
                <visibility>1</visibility>
                <description>&lt;b&gt;Start: 18°09.737'N 64°57.425'W&lt;br/&gt;End: 18°09.831'N 64°57.59'W&lt;br/&gt;Range: 338.77m&lt;br/&gt;Speed: 0.19m/s @ 301&amp;deg;&lt;br/&gt;&lt;/b&gt;</description>
                <styleUrl>#GliderTrack</styleUrl>
                <LineString>
                    <coordinates>-64.95708333333333,18.162283333333335 -64.95983333333334,18.16385</coordinates>
                </LineString>
            </Placemark>
            <Placemark>
                <name>uvi_02 Track</name>
                <visibility>1</visibility>
                <description>&lt;b&gt;Start: 18°09.831'N 64°57.59'W&lt;br/&gt;End: 18°09.831'N 64°57.59'W&lt;br/&gt;Range: 0.00m&lt;br/&gt;Speed: NaNm/s @ 0&amp;deg;&lt;br/&gt;&lt;/b&gt;</description>
                <styleUrl>#GliderTrack</styleUrl>
                <LineString>
                    <coordinates>-64.95983333333334,18.16385 -64.95983333333334,18.16385</coordinates>
                </LineString>
            </Placemark>
            <Placemark>
                <name>uvi_02 Track</name>
                <visibility>1</visibility>
                <description>&lt;b&gt;Start: 18°09.831'N 64°57.59'W&lt;br/&gt;End: 18°09.831'N 64°57.59'W&lt;br/&gt;Range: 0.00m&lt;br/&gt;Speed: NaNm/s @ 0&amp;deg;&lt;br/&gt;&lt;/b&gt;</description>
                <styleUrl>#GliderTrack</styleUrl>
                <LineString>
                    <coordinates>-64.95983333333334,18.16385 -64.95983333333334,18.16385</coordinates>
                </LineString>
            </Placemark>
            <Placemark>
                <name>uvi_02 Track</name>
                <visibility>1</visibility>
                <description>&lt;b&gt;Start: 18°09.831'N 64°57.59'W&lt;br/&gt;End: 18°09.921'N 64°57.726'W&lt;br/&gt;Range: 291.84m&lt;br/&gt;Speed: 0.16m/s @ 305&amp;deg;&lt;br/&gt;&lt;/b&gt;</description>
                <styleUrl>#GliderTrack</styleUrl>
                <LineString>
                    <coordinates>-64.95983333333334,18.16385 -64.96209999999999,18.16535</coordinates>
                </LineString>
            </Placemark>
            <Placemark>
                <name>uvi_02 Track</name>
                <visibility>1</visibility>
                <description>&lt;b&gt;Start: 18°09.921'N 64°57.726'W&lt;br/&gt;End: 18°09.921'N 64°57.726'W&lt;br/&gt;Range: 0.00m&lt;br/&gt;Speed: NaNm/s @ 0&amp;deg;&lt;br/&gt;&lt;/b&gt;</description>
                <styleUrl>#GliderTrack</styleUrl>
                <LineString>
                    <coordinates>-64.96209999999999,18.16535 -64.96209999999999,18.16535</coordinates>
                </LineString>
            </Placemark>
            <Placemark>
                <name>uvi_02 Track</name>
                <visibility>1</visibility>
                <description>&lt;b&gt;Start: 18°09.921'N 64°57.726'W&lt;br/&gt;End: 18°09.921'N 64°57.726'W&lt;br/&gt;Range: 0.00m&lt;br/&gt;Speed: NaNm/s @ 0&amp;deg;&lt;br/&gt;&lt;/b&gt;</description>
                <styleUrl>#GliderTrack</styleUrl>
                <LineString>
                    <coordinates>-64.96209999999999,18.16535 -64.96209999999999,18.16535</coordinates>
                </LineString>
            </Placemark>
            <Placemark>
                <name>uvi_02 Track</name>
                <visibility>1</visibility>
                <description>&lt;b&gt;Start: 18°09.921'N 64°57.726'W&lt;br/&gt;End: 18°10.009'N 64°57.841'W&lt;br/&gt;Range: 260.01m&lt;br/&gt;Speed: 0.14m/s @ 309&amp;deg;&lt;br/&gt;&lt;/b&gt;</description>
                <styleUrl>#GliderTrack</styleUrl>
                <LineString>
                    <coordinates>-64.96209999999999,18.16535 -64.96401666666667,18.166816666666666</coordinates>
                </LineString>
            </Placemark>
            <Placemark>
                <name>uvi_02 Track</name>
                <visibility>1</visibility>
                <description>&lt;b&gt;Start: 18°10.009'N 64°57.841'W&lt;br/&gt;End: 18°10.009'N 64°57.841'W&lt;br/&gt;Range: 0.00m&lt;br/&gt;Speed: NaNm/s @ 0&amp;deg;&lt;br/&gt;&lt;/b&gt;</description>
                <styleUrl>#GliderTrack</styleUrl>
                <LineString>
                    <coordinates>-64.96401666666667,18.166816666666666 -64.96401666666667,18.166816666666666</coordinates>
                </LineString>
            </Placemark>
            <Placemark>
                <name>uvi_02 Track</name>
                <visibility>1</visibility>
                <description>&lt;b&gt;Start: 18°10.009'N 64°57.841'W&lt;br/&gt;End: 18°10.009'N 64°57.841'W&lt;br/&gt;Range: 0.00m&lt;br/&gt;Speed: NaNm/s @ 0&amp;deg;&lt;br/&gt;&lt;/b&gt;</description>
                <styleUrl>#GliderTrack</styleUrl>
                <LineString>
                    <coordinates>-64.96401666666667,18.166816666666666 -64.96401666666667,18.166816666666666</coordinates>
                </LineString>
            </Placemark>
            <Placemark>
                <name>uvi_02 Track</name>
                <visibility>1</visibility>
                <description>&lt;b&gt;Start: 18°10.009'N 64°57.841'W&lt;br/&gt;End: 18°10.097'N 64°58.003'W&lt;br/&gt;Range: 328.59m&lt;br/&gt;Speed: 0.17m/s @ 300&amp;deg;&lt;br/&gt;&lt;/b&gt;</description>
                <styleUrl>#GliderTrack</styleUrl>
                <LineString>
                    <coordinates>-64.96401666666667,18.166816666666666 -64.96671666666666,18.16828333333333</coordinates>
                </LineString>
            </Placemark>
            <Placemark>
                <name>uvi_02 Track</name>
                <visibility>1</visibility>
                <description>&lt;b&gt;Start: 18°10.097'N 64°58.003'W&lt;br/&gt;End: 18°10.097'N 64°58.003'W&lt;br/&gt;Range: 0.00m&lt;br/&gt;Speed: NaNm/s @ 0&amp;deg;&lt;br/&gt;&lt;/b&gt;</description>
                <styleUrl>#GliderTrack</styleUrl>
                <LineString>
                    <coordinates>-64.96671666666666,18.16828333333333 -64.96671666666666,18.16828333333333</coordinates>
                </LineString>
            </Placemark>
            <Placemark>
                <name>uvi_02 Track</name>
                <visibility>1</visibility>
                <description>&lt;b&gt;Start: 18°10.097'N 64°58.003'W&lt;br/&gt;End: 18°10.097'N 64°58.003'W&lt;br/&gt;Range: 0.00m&lt;br/&gt;Speed: NaNm/s @ 0&amp;deg;&lt;br/&gt;&lt;/b&gt;</description>
                <styleUrl>#GliderTrack</styleUrl>
                <LineString>
                    <coordinates>-64.96671666666666,18.16828333333333 -64.96671666666666,18.16828333333333</coordinates>
                </LineString>
            </Placemark>
            <Placemark>
                <name>uvi_02 Track</name>
                <visibility>1</visibility>
                <description>&lt;b&gt;Start: 18°10.097'N 64°58.003'W&lt;br/&gt;End: 18°10.123'N 64°58.101'W&lt;br/&gt;Range: 179.16m&lt;br/&gt;Speed: 0.14m/s @ 286&amp;deg;&lt;br/&gt;&lt;/b&gt;</description>
                <styleUrl>#GliderTrack</styleUrl>
                <LineString>
                    <coordinates>-64.96671666666666,18.16828333333333 -64.96835,18.16871666666667</coordinates>
                </LineString>
            </Placemark>
            <Placemark>
                <name>uvi_02 Track</name>
                <visibility>1</visibility>
                <description>&lt;b&gt;Start: 18°10.123'N 64°58.101'W&lt;br/&gt;End: 18°10.123'N 64°58.101'W&lt;br/&gt;Range: 0.00m&lt;br/&gt;Speed: NaNm/s @ 0&amp;deg;&lt;br/&gt;&lt;/b&gt;</description>
                <styleUrl>#GliderTrack</styleUrl>
                <LineString>
                    <coordinates>-64.96835,18.16871666666667 -64.96835,18.16871666666667</coordinates>
                </LineString>
            </Placemark>
            <Placemark>
                <name>uvi_02 Track</name>
                <visibility>1</visibility>
                <description>&lt;b&gt;Start: 18°10.123'N 64°58.101'W&lt;br/&gt;End: 18°10.123'N 64°58.101'W&lt;br/&gt;Range: 0.00m&lt;br/&gt;Speed: NaNm/s @ 0&amp;deg;&lt;br/&gt;&lt;/b&gt;</description>
                <styleUrl>#GliderTrack</styleUrl>
                <LineString>
                    <coordinates>-64.96835,18.16871666666667 -64.96835,18.16871666666667</coordinates>
                </LineString>
            </Placemark>
            <Placemark>
                <name>uvi_02 Track</name>
                <visibility>1</visibility>
                <description>&lt;b&gt;Start: 18°10.123'N 64°58.101'W&lt;br/&gt;End: 18°10.097'N 64°58.152'W&lt;br/&gt;Range: 101.91m&lt;br/&gt;Speed: 0.19m/s @ 242&amp;deg;&lt;br/&gt;&lt;/b&gt;</description>
                <styleUrl>#GliderTrack</styleUrl>
                <LineString>
                    <coordinates>-64.96835,18.16871666666667 -64.9692,18.16828333333333</coordinates>
                </LineString>
            </Placemark>
            <Placemark>
                <name>uvi_02 Track</name>
                <visibility>1</visibility>
                <description>&lt;b&gt;Start: 18°10.097'N 64°58.152'W&lt;br/&gt;End: 18°10.097'N 64°58.152'W&lt;br/&gt;Range: 0.00m&lt;br/&gt;Speed: NaNm/s @ 0&amp;deg;&lt;br/&gt;&lt;/b&gt;</description>
                <styleUrl>#GliderTrack</styleUrl>
                <LineString>
                    <coordinates>-64.9692,18.16828333333333 -64.9692,18.16828333333333</coordinates>
                </LineString>
            </Placemark>
            <Placemark>
                <name>uvi_02 Track</name>
                <visibility>1</visibility>
                <description>&lt;b&gt;Start: 18°10.097'N 64°58.152'W&lt;br/&gt;End: 18°10.097'N 64°58.152'W&lt;br/&gt;Range: 0.00m&lt;br/&gt;Speed: 0.00m/s @ 0&amp;deg;&lt;br/&gt;&lt;/b&gt;</description>
                <styleUrl>#GliderTrack</styleUrl>
                <LineString>
                    <coordinates>-64.9692,18.16828333333333 -64.9692,18.16828333333333</coordinates>
                </LineString>
            </Placemark>
            <Placemark>
                <name>uvi_02 Track</name>
                <visibility>1</visibility>
                <description>&lt;b&gt;Start: 18°10.097'N 64°58.152'W&lt;br/&gt;End: 18°10.08'N 64°58.206'W&lt;br/&gt;Range: 100.17m&lt;br/&gt;Speed: 0.19m/s @ 252&amp;deg;&lt;br/&gt;&lt;/b&gt;</description>
                <styleUrl>#GliderTrack</styleUrl>
                <LineString>
                    <coordinates>-64.9692,18.16828333333333 -64.9701,18.168</coordinates>
                </LineString>
            </Placemark>
            <Placemark>
                <name>uvi_02 Track</name>
                <visibility>1</visibility>
                <description>&lt;b&gt;Start: 18°10.08'N 64°58.206'W&lt;br/&gt;End: 18°10.08'N 64°58.206'W&lt;br/&gt;Range: 0.00m&lt;br/&gt;Speed: NaNm/s @ 0&amp;deg;&lt;br/&gt;&lt;/b&gt;</description>
                <styleUrl>#GliderTrack</styleUrl>
                <LineString>
                    <coordinates>-64.9701,18.168 -64.9701,18.168</coordinates>
                </LineString>
            </Placemark>
            <Placemark>
                <name>uvi_02 Track</name>
                <visibility>1</visibility>
                <description>&lt;b&gt;Start: 18°10.08'N 64°58.206'W&lt;br/&gt;End: 18°10.08'N 64°58.206'W&lt;br/&gt;Range: 0.00m&lt;br/&gt;Speed: NaNm/s @ 0&amp;deg;&lt;br/&gt;&lt;/b&gt;</description>
                <styleUrl>#GliderTrack</styleUrl>
                <LineString>
                    <coordinates>-64.9701,18.168 -64.9701,18.168</coordinates>
                </LineString>
            </Placemark>
            <Placemark>
                <name>uvi_02 Track</name>
                <visibility>1</visibility>
                <description>&lt;b&gt;Start: 18°10.08'N 64°58.206'W&lt;br/&gt;End: 18°10.059'N 64°58.245'W&lt;br/&gt;Range: 78.94m&lt;br/&gt;Speed: 0.11m/s @ 240&amp;deg;&lt;br/&gt;&lt;/b&gt;</description>
                <styleUrl>#GliderTrack</styleUrl>
                <LineString>
                    <coordinates>-64.9701,18.168 -64.97075,18.16765</coordinates>
                </LineString>
            </Placemark>
            <Placemark>
                <name>uvi_02 Track</name>
                <visibility>1</visibility>
                <description>&lt;b&gt;Start: 18°10.059'N 64°58.245'W&lt;br/&gt;End: 18°10.059'N 64°58.245'W&lt;br/&gt;Range: 0.00m&lt;br/&gt;Speed: NaNm/s @ 0&amp;deg;&lt;br/&gt;&lt;/b&gt;</description>
                <styleUrl>#GliderTrack</styleUrl>
                <LineString>
                    <coordinates>-64.97075,18.16765 -64.97075,18.16765</coordinates>
                </LineString>
            </Placemark>
            <Placemark>
                <name>uvi_02 Track</name>
                <visibility>1</visibility>
                <description>&lt;b&gt;Start: 18°10.059'N 64°58.245'W&lt;br/&gt;End: 18°10.059'N 64°58.245'W&lt;br/&gt;Range: 0.00m&lt;br/&gt;Speed: 0.00m/s @ 0&amp;deg;&lt;br/&gt;&lt;/b&gt;</description>
                <styleUrl>#GliderTrack</styleUrl>
                <LineString>
                    <coordinates>-64.97075,18.16765 -64.97075,18.16765</coordinates>
                </LineString>
            </Placemark>
            <Placemark>
                <name>uvi_02 Track</name>
                <visibility>1</visibility>
                <description>&lt;b&gt;Start: 18°10.059'N 64°58.245'W&lt;br/&gt;End: 18°10.025'N 64°58.329'W&lt;br/&gt;Range: 160.78m&lt;br/&gt;Speed: 0.25m/s @ 247&amp;deg;&lt;br/&gt;&lt;/b&gt;</description>
                <styleUrl>#GliderTrack</styleUrl>
                <LineString>
                    <coordinates>-64.97075,18.16765 -64.97215,18.167083333333334</coordinates>
                </LineString>
            </Placemark>
            <Placemark>
                <name>uvi_02 Track</name>
                <visibility>1</visibility>
                <description>&lt;b&gt;Start: 18°10.025'N 64°58.329'W&lt;br/&gt;End: 18°10.01'N 64°58.364'W&lt;br/&gt;Range: 67.61m&lt;br/&gt;Speed: 0.25m/s @ 246&amp;deg;&lt;br/&gt;&lt;/b&gt;</description>
                <styleUrl>#GliderTrack</styleUrl>
                <LineString>
                    <coordinates>-64.97215,18.167083333333334 -64.97273333333332,18.166833333333333</coordinates>
                </LineString>
            </Placemark>
            <Placemark>
                <name>uvi_02 Track</name>
                <visibility>1</visibility>
                <description>&lt;b&gt;Start: 18°10.01'N 64°58.364'W&lt;br/&gt;End: 18°09.995'N 64°58.391'W&lt;br/&gt;Range: 55.07m&lt;br/&gt;Speed: 0.24m/s @ 240&amp;deg;&lt;br/&gt;&lt;/b&gt;</description>
                <styleUrl>#GliderTrack</styleUrl>
                <LineString>
                    <coordinates>-64.97273333333332,18.166833333333333 -64.97318333333332,18.16658333333333</coordinates>
                </LineString>
            </Placemark>
            <Placemark>
                <name>uvi_02 Track</name>
                <visibility>1</visibility>
                <description>&lt;b&gt;Start: 18°09.995'N 64°58.391'W&lt;br/&gt;End: 18°09.991'N 64°58.469'W&lt;br/&gt;Range: 137.55m&lt;br/&gt;Speed: 0.03m/s @ 267&amp;deg;&lt;br/&gt;&lt;/b&gt;</description>
                <styleUrl>#GliderTrack</styleUrl>
                <LineString>
                    <coordinates>-64.97318333333332,18.16658333333333 -64.97448333333334,18.166516666666666</coordinates>
                </LineString>
            </Placemark>
            <Placemark>
                <name>uvi_02 Track</name>
                <visibility>1</visibility>
                <description>&lt;b&gt;Start: 18°09.991'N 64°58.469'W&lt;br/&gt;End: 18°09.991'N 64°58.469'W&lt;br/&gt;Range: 0.00m&lt;br/&gt;Speed: NaNm/s @ 0&amp;deg;&lt;br/&gt;&lt;/b&gt;</description>
                <styleUrl>#GliderTrack</styleUrl>
                <LineString>
                    <coordinates>-64.97448333333334,18.166516666666666 -64.97448333333334,18.166516666666666</coordinates>
                </LineString>
            </Placemark>
            <Placemark>
                <name>uvi_02 Track</name>
                <visibility>1</visibility>
                <description>&lt;b&gt;Start: 18°09.991'N 64°58.469'W&lt;br/&gt;End: 18°09.991'N 64°58.469'W&lt;br/&gt;Range: 0.00m&lt;br/&gt;Speed: 0.00m/s @ 0&amp;deg;&lt;br/&gt;&lt;/b&gt;</description>
                <styleUrl>#GliderTrack</styleUrl>
                <LineString>
                    <coordinates>-64.97448333333334,18.166516666666666 -64.97448333333334,18.166516666666666</coordinates>
                </LineString>
            </Placemark>
            <Placemark>
                <name>uvi_02 Track</name>
                <visibility>1</visibility>
                <description>&lt;b&gt;Start: 18°09.991'N 64°58.469'W&lt;br/&gt;End: 18°10.077'N 64°58.444'W&lt;br/&gt;Range: 165.35m&lt;br/&gt;Speed: 0.08m/s @ 15&amp;deg;&lt;br/&gt;&lt;/b&gt;</description>
                <styleUrl>#GliderTrack</styleUrl>
                <LineString>
                    <coordinates>-64.97448333333334,18.166516666666666 -64.97406666666667,18.16795</coordinates>
                </LineString>
            </Placemark>
            <Placemark>
                <name>uvi_02 Track</name>
                <visibility>1</visibility>
                <description>&lt;b&gt;Start: 18°10.077'N 64°58.444'W&lt;br/&gt;End: 18°10.077'N 64°58.444'W&lt;br/&gt;Range: 0.00m&lt;br/&gt;Speed: NaNm/s @ 0&amp;deg;&lt;br/&gt;&lt;/b&gt;</description>
                <styleUrl>#GliderTrack</styleUrl>
                <LineString>
                    <coordinates>-64.97406666666667,18.16795 -64.97406666666667,18.16795</coordinates>
                </LineString>
            </Placemark>
            <Placemark>
                <name>uvi_02 Track</name>
                <visibility>1</visibility>
                <description>&lt;b&gt;Start: 18°10.077'N 64°58.444'W&lt;br/&gt;End: 18°10.077'N 64°58.444'W&lt;br/&gt;Range: 0.00m&lt;br/&gt;Speed: NaNm/s @ 0&amp;deg;&lt;br/&gt;&lt;/b&gt;</description>
                <styleUrl>#GliderTrack</styleUrl>
                <LineString>
                    <coordinates>-64.97406666666667,18.16795 -64.97406666666667,18.16795</coordinates>
                </LineString>
            </Placemark>
            <Placemark>
                <name>uvi_02 Track</name>
                <visibility>1</visibility>
                <description>&lt;b&gt;Start: 18°10.077'N 64°58.444'W&lt;br/&gt;End: 18°10.189'N 64°58.369'W&lt;br/&gt;Range: 246.01m&lt;br/&gt;Speed: 0.13m/s @ 32&amp;deg;&lt;br/&gt;&lt;/b&gt;</description>
                <styleUrl>#GliderTrack</styleUrl>
                <LineString>
                    <coordinates>-64.97406666666667,18.16795 -64.97281666666666,18.16981666666667</coordinates>
                </LineString>
            </Placemark>
            <Placemark>
                <name>uvi_02 Track</name>
                <visibility>1</visibility>
                <description>&lt;b&gt;Start: 18°10.189'N 64°58.369'W&lt;br/&gt;End: 18°10.189'N 64°58.369'W&lt;br/&gt;Range: 0.00m&lt;br/&gt;Speed: NaNm/s @ 0&amp;deg;&lt;br/&gt;&lt;/b&gt;</description>
                <styleUrl>#GliderTrack</styleUrl>
                <LineString>
                    <coordinates>-64.97281666666666,18.16981666666667 -64.97281666666666,18.16981666666667</coordinates>
                </LineString>
            </Placemark>
            <Placemark>
                <name>uvi_02 Track</name>
                <visibility>1</visibility>
                <description>&lt;b&gt;Start: 18°10.189'N 64°58.369'W&lt;br/&gt;End: 18°10.189'N 64°58.369'W&lt;br/&gt;Range: 0.00m&lt;br/&gt;Speed: NaNm/s @ 0&amp;deg;&lt;br/&gt;&lt;/b&gt;</description>
                <styleUrl>#GliderTrack</styleUrl>
                <LineString>
                    <coordinates>-64.97281666666666,18.16981666666667 -64.97281666666666,18.16981666666667</coordinates>
                </LineString>
            </Placemark>
            <Placemark>
                <name>uvi_02 Track</name>
                <visibility>1</visibility>
                <description>&lt;b&gt;Start: 18°10.189'N 64°58.369'W&lt;br/&gt;End: 18°10.189'N 64°58.369'W&lt;br/&gt;Range: 0.00m&lt;br/&gt;Speed: NaNm/s @ 0&amp;deg;&lt;br/&gt;&lt;/b&gt;</description>
                <styleUrl>#GliderTrack</styleUrl>
                <LineString>
                    <coordinates>-64.97281666666666,18.16981666666667 -64.97281666666666,18.16981666666667</coordinates>
                </LineString>
            </Placemark>
            <Placemark>
                <name>uvi_02 Track</name>
                <visibility>1</visibility>
                <description>&lt;b&gt;Start: 18°10.189'N 64°58.369'W&lt;br/&gt;End: 18°10.329'N 64°58.284'W&lt;br/&gt;Range: 299.53m&lt;br/&gt;Speed: 0.15m/s @ 30&amp;deg;&lt;br/&gt;&lt;/b&gt;</description>
                <styleUrl>#GliderTrack</styleUrl>
                <LineString>
                    <coordinates>-64.97281666666666,18.16981666666667 -64.97139999999999,18.17215</coordinates>
                </LineString>
            </Placemark>
            <Placemark>
                <name>uvi_02 Track</name>
                <visibility>1</visibility>
                <description>&lt;b&gt;Start: 18°10.329'N 64°58.284'W&lt;br/&gt;End: 18°10.329'N 64°58.284'W&lt;br/&gt;Range: 0.00m&lt;br/&gt;Speed: NaNm/s @ 0&amp;deg;&lt;br/&gt;&lt;/b&gt;</description>
                <styleUrl>#GliderTrack</styleUrl>
                <LineString>
                    <coordinates>-64.97139999999999,18.17215 -64.97139999999999,18.17215</coordinates>
                </LineString>
            </Placemark>
            <Placemark>
                <name>uvi_02 Track</name>
                <visibility>1</visibility>
                <description>&lt;b&gt;Start: 18°10.329'N 64°58.284'W&lt;br/&gt;End: 18°10.329'N 64°58.284'W&lt;br/&gt;Range: 0.00m&lt;br/&gt;Speed: NaNm/s @ 0&amp;deg;&lt;br/&gt;&lt;/b&gt;</description>
                <styleUrl>#GliderTrack</styleUrl>
                <LineString>
                    <coordinates>-64.97139999999999,18.17215 -64.97139999999999,18.17215</coordinates>
                </LineString>
            </Placemark>
            <Placemark>
                <name>uvi_02 Track</name>
                <visibility>1</visibility>
                <description>&lt;b&gt;Start: 18°10.329'N 64°58.284'W&lt;br/&gt;End: 18°10.449'N 64°58.292'W&lt;br/&gt;Range: 222.84m&lt;br/&gt;Speed: 0.12m/s @ 356&amp;deg;&lt;br/&gt;&lt;/b&gt;</description>
                <styleUrl>#GliderTrack</styleUrl>
                <LineString>
                    <coordinates>-64.97139999999999,18.17215 -64.97153333333334,18.17415</coordinates>
                </LineString>
            </Placemark>
            <Placemark>
                <name>uvi_02 Track</name>
                <visibility>1</visibility>
                <description>&lt;b&gt;Start: 18°10.449'N 64°58.292'W&lt;br/&gt;End: 18°10.449'N 64°58.292'W&lt;br/&gt;Range: 0.00m&lt;br/&gt;Speed: NaNm/s @ 0&amp;deg;&lt;br/&gt;&lt;/b&gt;</description>
                <styleUrl>#GliderTrack</styleUrl>
                <LineString>
                    <coordinates>-64.97153333333334,18.17415 -64.97153333333334,18.17415</coordinates>
                </LineString>
            </Placemark>
            <Placemark>
                <name>uvi_02 Track</name>
                <visibility>1</visibility>
                <description>&lt;b&gt;Start: 18°10.449'N 64°58.292'W&lt;br/&gt;End: 18°10.449'N 64°58.292'W&lt;br/&gt;Range: 0.00m&lt;br/&gt;Speed: NaNm/s @ 0&amp;deg;&lt;br/&gt;&lt;/b&gt;</description>
                <styleUrl>#GliderTrack</styleUrl>
                <LineString>
                    <coordinates>-64.97153333333334,18.17415 -64.97153333333334,18.17415</coordinates>
                </LineString>
            </Placemark>
            <Placemark>
                <name>uvi_02 Track</name>
                <visibility>1</visibility>
                <description>&lt;b&gt;Start: 18°10.449'N 64°58.292'W&lt;br/&gt;End: 18°10.49'N 64°58.468'W&lt;br/&gt;Range: 319.08m&lt;br/&gt;Speed: 0.17m/s @ 284&amp;deg;&lt;br/&gt;&lt;/b&gt;</description>
                <styleUrl>#GliderTrack</styleUrl>
                <LineString>
                    <coordinates>-64.97153333333334,18.17415 -64.97446666666666,18.174833333333332</coordinates>
                </LineString>
            </Placemark>
            <Placemark>
                <name>uvi_02 Track</name>
                <visibility>1</visibility>
                <description>&lt;b&gt;Start: 18°10.49'N 64°58.468'W&lt;br/&gt;End: 18°10.49'N 64°58.468'W&lt;br/&gt;Range: 0.00m&lt;br/&gt;Speed: NaNm/s @ 0&amp;deg;&lt;br/&gt;&lt;/b&gt;</description>
                <styleUrl>#GliderTrack</styleUrl>
                <LineString>
                    <coordinates>-64.97446666666666,18.174833333333332 -64.97446666666666,18.174833333333332</coordinates>
                </LineString>
            </Placemark>
            <Placemark>
                <name>uvi_02 Track</name>
                <visibility>1</visibility>
                <description>&lt;b&gt;Start: 18°10.49'N 64°58.468'W&lt;br/&gt;End: 18°10.49'N 64°58.468'W&lt;br/&gt;Range: 0.00m&lt;br/&gt;Speed: NaNm/s @ 0&amp;deg;&lt;br/&gt;&lt;/b&gt;</description>
                <styleUrl>#GliderTrack</styleUrl>
                <LineString>
                    <coordinates>-64.97446666666666,18.174833333333332 -64.97446666666666,18.174833333333332</coordinates>
                </LineString>
            </Placemark>
            <Placemark>
                <name>uvi_02 Track</name>
                <visibility>1</visibility>
                <description>&lt;b&gt;Start: 18°10.49'N 64°58.468'W&lt;br/&gt;End: 18°10.527'N 64°58.659'W&lt;br/&gt;Range: 343.23m&lt;br/&gt;Speed: 0.19m/s @ 282&amp;deg;&lt;br/&gt;&lt;/b&gt;</description>
                <styleUrl>#GliderTrack</styleUrl>
                <LineString>
                    <coordinates>-64.97446666666666,18.174833333333332 -64.97765,18.17545</coordinates>
                </LineString>
            </Placemark>
            <Placemark>
                <name>uvi_02 Track</name>
                <visibility>1</visibility>
                <description>&lt;b&gt;Start: 18°10.527'N 64°58.659'W&lt;br/&gt;End: 18°10.527'N 64°58.659'W&lt;br/&gt;Range: 0.00m&lt;br/&gt;Speed: 0.00m/s @ 0&amp;deg;&lt;br/&gt;&lt;/b&gt;</description>
                <styleUrl>#GliderTrack</styleUrl>
                <LineString>
                    <coordinates>-64.97765,18.17545 -64.97765,18.17545</coordinates>
                </LineString>
            </Placemark>
            <Placemark>
                <name>uvi_02 Track</name>
                <visibility>1</visibility>
                <description>&lt;b&gt;Start: 18°10.527'N 64°58.659'W&lt;br/&gt;End: 18°10.527'N 64°58.659'W&lt;br/&gt;Range: 0.00m&lt;br/&gt;Speed: NaNm/s @ 0&amp;deg;&lt;br/&gt;&lt;/b&gt;</description>
                <styleUrl>#GliderTrack</styleUrl>
                <LineString>
                    <coordinates>-64.97765,18.17545 -64.97765,18.17545</coordinates>
                </LineString>
            </Placemark>
            <Placemark>
                <name>uvi_02 Track</name>
                <visibility>1</visibility>
                <description>&lt;b&gt;Start: 18°10.527'N 64°58.659'W&lt;br/&gt;End: 18°10.562'N 64°58.853'W&lt;br/&gt;Range: 347.69m&lt;br/&gt;Speed: 0.19m/s @ 281&amp;deg;&lt;br/&gt;&lt;/b&gt;</description>
                <styleUrl>#GliderTrack</styleUrl>
                <LineString>
                    <coordinates>-64.97765,18.17545 -64.98088333333334,18.176033333333333</coordinates>
                </LineString>
            </Placemark>
            <Placemark>
                <name>uvi_02 Track</name>
                <visibility>1</visibility>
                <description>&lt;b&gt;Start: 18°10.562'N 64°58.853'W&lt;br/&gt;End: 18°10.562'N 64°58.853'W&lt;br/&gt;Range: 0.00m&lt;br/&gt;Speed: 0.00m/s @ 0&amp;deg;&lt;br/&gt;&lt;/b&gt;</description>
                <styleUrl>#GliderTrack</styleUrl>
                <LineString>
                    <coordinates>-64.98088333333334,18.176033333333333 -64.98088333333334,18.176033333333333</coordinates>
                </LineString>
            </Placemark>
            <Placemark>
                <name>uvi_02 Track</name>
                <visibility>1</visibility>
                <description>&lt;b&gt;Start: 18°10.562'N 64°58.853'W&lt;br/&gt;End: 18°10.562'N 64°58.853'W&lt;br/&gt;Range: 0.00m&lt;br/&gt;Speed: NaNm/s @ 0&amp;deg;&lt;br/&gt;&lt;/b&gt;</description>
                <styleUrl>#GliderTrack</styleUrl>
                <LineString>
                    <coordinates>-64.98088333333334,18.176033333333333 -64.98088333333334,18.176033333333333</coordinates>
                </LineString>
            </Placemark>
            <Placemark>
                <name>uvi_02 Track</name>
                <visibility>1</visibility>
                <description>&lt;b&gt;Start: 18°10.562'N 64°58.853'W&lt;br/&gt;End: 18°10.614'N 64°58.656'W&lt;br/&gt;Range: 360.01m&lt;br/&gt;Speed: 0.21m/s @ 74&amp;deg;&lt;br/&gt;&lt;/b&gt;</description>
                <styleUrl>#GliderTrack</styleUrl>
                <LineString>
                    <coordinates>-64.98088333333334,18.176033333333333 -64.9776,18.1769</coordinates>
                </LineString>
            </Placemark>
            <Placemark>
                <name>uvi_02 Track</name>
                <visibility>1</visibility>
                <description>&lt;b&gt;Start: 18°10.614'N 64°58.656'W&lt;br/&gt;End: 18°10.614'N 64°58.656'W&lt;br/&gt;Range: 0.00m&lt;br/&gt;Speed: NaNm/s @ 0&amp;deg;&lt;br/&gt;&lt;/b&gt;</description>
                <styleUrl>#GliderTrack</styleUrl>
                <LineString>
                    <coordinates>-64.9776,18.1769 -64.9776,18.1769</coordinates>
                </LineString>
            </Placemark>
            <Placemark>
                <name>uvi_02 Track</name>
                <visibility>1</visibility>
                <description>&lt;b&gt;Start: 18°10.614'N 64°58.656'W&lt;br/&gt;End: 18°10.614'N 64°58.656'W&lt;br/&gt;Range: 0.00m&lt;br/&gt;Speed: 0.00m/s @ 0&amp;deg;&lt;br/&gt;&lt;/b&gt;</description>
                <styleUrl>#GliderTrack</styleUrl>
                <LineString>
                    <coordinates>-64.9776,18.1769 -64.9776,18.1769</coordinates>
                </LineString>
            </Placemark>
            <Placemark>
                <name>uvi_02 Track</name>
                <visibility>1</visibility>
                <description>&lt;b&gt;Start: 18°10.614'N 64°58.656'W&lt;br/&gt;End: 18°10.672'N 64°58.559'W&lt;br/&gt;Range: 201.80m&lt;br/&gt;Speed: 0.16m/s @ 58&amp;deg;&lt;br/&gt;&lt;/b&gt;</description>
                <styleUrl>#GliderTrack</styleUrl>
                <LineString>
                    <coordinates>-64.9776,18.1769 -64.97598333333333,18.177866666666667</coordinates>
                </LineString>
            </Placemark>
            <Placemark>
                <name>uvi_02 Track</name>
                <visibility>1</visibility>
                <description>&lt;b&gt;Start: 18°10.672'N 64°58.559'W&lt;br/&gt;End: 18°10.672'N 64°58.559'W&lt;br/&gt;Range: 0.00m&lt;br/&gt;Speed: 0.00m/s @ 0&amp;deg;&lt;br/&gt;&lt;/b&gt;</description>
                <styleUrl>#GliderTrack</styleUrl>
                <LineString>
                    <coordinates>-64.97598333333333,18.177866666666667 -64.97598333333333,18.177866666666667</coordinates>
                </LineString>
            </Placemark>
            <Placemark>
                <name>uvi_02 Track</name>
                <visibility>1</visibility>
                <description>&lt;b&gt;Start: 18°10.672'N 64°58.559'W&lt;br/&gt;End: 18°10.614'N 64°58.656'W&lt;br/&gt;Range: 201.80m&lt;br/&gt;Speed: 0.04m/s @ 238&amp;deg;&lt;br/&gt;&lt;/b&gt;</description>
                <styleUrl>#GliderTrack</styleUrl>
                <LineString>
                    <coordinates>-64.97598333333333,18.177866666666667 -64.9776,18.1769</coordinates>
                </LineString>
            </Placemark>
            <Placemark>
                <name>uvi_02 Track</name>
                <visibility>1</visibility>
                <description>&lt;b&gt;Start: 18°10.614'N 64°58.656'W&lt;br/&gt;End: 18°20.406'N 64°58.586'W&lt;br/&gt;Range: 18.15km&lt;br/&gt;Speed: 8.42m/s @ 0&amp;deg;&lt;br/&gt;&lt;/b&gt;</description>
                <styleUrl>#GliderTrack</styleUrl>
                <LineString>
                    <coordinates>-64.9776,18.1769 -64.97643333333333,18.3401</coordinates>
                </LineString>
            </Placemark>
        </Folder>
        <Folder>
            <name>Next Waypoint</name>
        </Folder>
        <Folder>
            <name>Glider Latest Location</name>
        </Folder>
        <Folder>
            <name>Planned Waypoints</name>
        </Folder>
        <Folder>
            <name>Planned Waypoint Paths</name>
        </Folder>
        <Folder>
            <name>Depth Averaged Current Vectors</name>
            <Placemark>
                <name>uvi_02 Depth Averaged Current Vector</name>
                <visibility>1</visibility>
                <description>&lt;b&gt;Speed: 0.11m/s @ 310&amp;deg;&lt;/b&gt;</description>
                <styleUrl>#DepthAveragedCurrentVectors</styleUrl>
                <LineString>
                    <coordinates>-64.98521666666667,18.179066666666664 -65.00293440041924,18.193050079743486</coordinates>
                </LineString>
            </Placemark>
            <Placemark>
                <name>uvi_02 Depth Averaged Current Vector</name>
                <visibility>1</visibility>
                <description>&lt;b&gt;Speed: 0.05m/s @ 269&amp;deg;&lt;/b&gt;</description>
                <styleUrl>#DepthAveragedCurrentVectors</styleUrl>
                <LineString>
                    <coordinates>-64.98901666666667,18.17305 -64.99871791025375,18.17296631471228</coordinates>
                </LineString>
            </Placemark>
            <Placemark>
                <name>uvi_02 Depth Averaged Current Vector</name>
                <visibility>1</visibility>
                <description>&lt;b&gt;Speed: 0.04m/s @ 282&amp;deg;&lt;/b&gt;</description>
                <styleUrl>#DepthAveragedCurrentVectors</styleUrl>
                <LineString>
                    <coordinates>-64.9913,18.167883333333336 -65.00049561962061,18.169788169882413</coordinates>
                </LineString>
            </Placemark>
            <Placemark>
                <name>uvi_02 Depth Averaged Current Vector</name>
                <visibility>1</visibility>
                <description>&lt;b&gt;Speed: 0.04m/s @ 282&amp;deg;&lt;/b&gt;</description>
                <styleUrl>#DepthAveragedCurrentVectors</styleUrl>
                <LineString>
                    <coordinates>-64.9913,18.167883333333336 -65.00049561962061,18.169788169882413</coordinates>
                </LineString>
            </Placemark>
            <Placemark>
                <name>uvi_02 Depth Averaged Current Vector</name>
                <visibility>1</visibility>
                <description>&lt;b&gt;Speed: 0.07m/s @ 271&amp;deg;&lt;/b&gt;</description>
                <styleUrl>#DepthAveragedCurrentVectors</styleUrl>
                <LineString>
                    <coordinates>-64.99695,18.1533 -65.01060696259941,18.15351718324671</coordinates>
                </LineString>
            </Placemark>
            <Placemark>
                <name>uvi_02 Depth Averaged Current Vector</name>
                <visibility>1</visibility>
                <description>&lt;b&gt;Speed: 0.09m/s @ 272&amp;deg;&lt;/b&gt;</description>
                <styleUrl>#DepthAveragedCurrentVectors</styleUrl>
                <LineString>
                    <coordinates>-64.98803333333333,18.151866666666667 -65.00693864174218,18.1523926884752</coordinates>
                </LineString>
            </Placemark>
            <Placemark>
                <name>uvi_02 Depth Averaged Current Vector</name>
                <visibility>1</visibility>
                <description>&lt;b&gt;Speed: 0.10m/s @ 278&amp;deg;&lt;/b&gt;</description>
                <styleUrl>#DepthAveragedCurrentVectors</styleUrl>
                <LineString>
                    <coordinates>-64.98039999999999,18.152283333333333 -65.00153864791127,18.154975210088363</coordinates>
                </LineString>
            </Placemark>
            <Placemark>
                <name>uvi_02 Depth Averaged Current Vector</name>
                <visibility>1</visibility>
                <description>&lt;b&gt;Speed: 0.11m/s @ 283&amp;deg;&lt;/b&gt;</description>
                <styleUrl>#DepthAveragedCurrentVectors</styleUrl>
                <LineString>
                    <coordinates>-64.97265,18.1533 -64.99609340775396,18.158261342057752</coordinates>
                </LineString>
            </Placemark>
            <Placemark>
                <name>uvi_02 Depth Averaged Current Vector</name>
                <visibility>1</visibility>
                <description>&lt;b&gt;Speed: 0.12m/s @ 283&amp;deg;&lt;/b&gt;</description>
                <styleUrl>#DepthAveragedCurrentVectors</styleUrl>
                <LineString>
                    <coordinates>-64.9644,18.15438333333333 -64.98928628042619,18.16000618766545</coordinates>
                </LineString>
            </Placemark>
            <Placemark>
                <name>uvi_02 Depth Averaged Current Vector</name>
                <visibility>1</visibility>
                <description>&lt;b&gt;Speed: 0.13m/s @ 276&amp;deg;&lt;/b&gt;</description>
                <styleUrl>#DepthAveragedCurrentVectors</styleUrl>
                <LineString>
                    <coordinates>-64.9576,18.15335 -64.983815354721,18.156043869261875</coordinates>
                </LineString>
            </Placemark>
            <Placemark>
                <name>uvi_02 Depth Averaged Current Vector</name>
                <visibility>1</visibility>
                <description>&lt;b&gt;Speed: 0.13m/s @ 263&amp;deg;&lt;/b&gt;</description>
                <styleUrl>#DepthAveragedCurrentVectors</styleUrl>
                <LineString>
                    <coordinates>-64.94885,18.15015 -64.97569137011487,18.146800595984306</coordinates>
                </LineString>
            </Placemark>
            <Placemark>
                <name>uvi_02 Depth Averaged Current Vector</name>
                <visibility>1</visibility>
                <description>&lt;b&gt;Speed: 0.14m/s @ 262&amp;deg;&lt;/b&gt;</description>
                <styleUrl>#DepthAveragedCurrentVectors</styleUrl>
                <LineString>
                    <coordinates>-64.94421666666668,18.146883333333335 -64.97378328024047,18.142732941563743</coordinates>
                </LineString>
            </Placemark>
            <Placemark>
                <name>uvi_02 Depth Averaged Current Vector</name>
                <visibility>1</visibility>
                <description>&lt;b&gt;Speed: 0.15m/s @ 266&amp;deg;&lt;/b&gt;</description>
                <styleUrl>#DepthAveragedCurrentVectors</styleUrl>
                <LineString>
                    <coordinates>-64.93996666666666,18.147516666666668 -64.97196583935988,18.145388669350332</coordinates>
                </LineString>
            </Placemark>
            <Placemark>
                <name>uvi_02 Depth Averaged Current Vector</name>
                <visibility>1</visibility>
                <description>&lt;b&gt;Speed: 0.15m/s @ 278&amp;deg;&lt;/b&gt;</description>
                <styleUrl>#DepthAveragedCurrentVectors</styleUrl>
                <LineString>
                    <coordinates>-64.93531666666667,18.149633333333334 -64.96739437907695,18.153715979870015</coordinates>
                </LineString>
            </Placemark>
            <Placemark>
                <name>uvi_02 Depth Averaged Current Vector</name>
                <visibility>1</visibility>
                <description>&lt;b&gt;Speed: 0.16m/s @ 279&amp;deg;&lt;/b&gt;</description>
                <styleUrl>#DepthAveragedCurrentVectors</styleUrl>
                <LineString>
                    <coordinates>-64.93126666666667,18.149983333333335 -64.96369048339648,18.154691627021073</coordinates>
                </LineString>
            </Placemark>
            <Placemark>
                <name>uvi_02 Depth Averaged Current Vector</name>
                <visibility>1</visibility>
                <description>&lt;b&gt;Speed: 0.16m/s @ 276&amp;deg;&lt;/b&gt;</description>
                <styleUrl>#DepthAveragedCurrentVectors</styleUrl>
                <LineString>
                    <coordinates>-64.92645,18.151 -64.95949246739974,18.154474931947277</coordinates>
                </LineString>
            </Placemark>
            <Placemark>
                <name>uvi_02 Depth Averaged Current Vector</name>
                <visibility>1</visibility>
                <description>&lt;b&gt;Speed: 0.17m/s @ 271&amp;deg;&lt;/b&gt;</description>
                <styleUrl>#DepthAveragedCurrentVectors</styleUrl>
                <LineString>
                    <coordinates>-64.92253333333333,18.149916666666666 -64.95734503230636,18.15027531789976</coordinates>
                </LineString>
            </Placemark>
            <Placemark>
                <name>uvi_02 Depth Averaged Current Vector</name>
                <visibility>1</visibility>
                <description>&lt;b&gt;Speed: 0.17m/s @ 267&amp;deg;&lt;/b&gt;</description>
                <styleUrl>#DepthAveragedCurrentVectors</styleUrl>
                <LineString>
                    <coordinates>-64.92190000000001,18.147566666666666 -64.95834022118248,18.145711642788847</coordinates>
                </LineString>
            </Placemark>
            <Placemark>
                <name>uvi_02 Depth Averaged Current Vector</name>
                <visibility>1</visibility>
                <description>&lt;b&gt;Speed: 0.17m/s @ 267&amp;deg;&lt;/b&gt;</description>
                <styleUrl>#DepthAveragedCurrentVectors</styleUrl>
                <LineString>
                    <coordinates>-64.91825,18.1479 -64.95468402165278,18.146250204327785</coordinates>
                </LineString>
            </Placemark>
            <Placemark>
                <name>uvi_02 Depth Averaged Current Vector</name>
                <visibility>1</visibility>
                <description>&lt;b&gt;Speed: 0.17m/s @ 268&amp;deg;&lt;/b&gt;</description>
                <styleUrl>#DepthAveragedCurrentVectors</styleUrl>
                <LineString>
                    <coordinates>-64.91176666666667,18.14881666666667 -64.94703088658275,18.147449806967224</coordinates>
                </LineString>
            </Placemark>
            <Placemark>
                <name>uvi_02 Depth Averaged Current Vector</name>
                <visibility>1</visibility>
                <description>&lt;b&gt;Speed: 0.14m/s @ 269&amp;deg;&lt;/b&gt;</description>
                <styleUrl>#DepthAveragedCurrentVectors</styleUrl>
                <LineString>
                    <coordinates>-64.90303333333333,18.149533333333334 -64.9331857052242,18.148875806072667</coordinates>
                </LineString>
            </Placemark>
            <Placemark>
                <name>uvi_02 Depth Averaged Current Vector</name>
                <visibility>1</visibility>
                <description>&lt;b&gt;Speed: 0.12m/s @ 274&amp;deg;&lt;/b&gt;</description>
                <styleUrl>#DepthAveragedCurrentVectors</styleUrl>
                <LineString>
                    <coordinates>-64.89266666666667,18.152783333333332 -64.91849394927527,18.154622417156347</coordinates>
                </LineString>
            </Placemark>
            <Placemark>
                <name>uvi_02 Depth Averaged Current Vector</name>
                <visibility>1</visibility>
                <description>&lt;b&gt;Speed: 0.12m/s @ 273&amp;deg;&lt;/b&gt;</description>
                <styleUrl>#DepthAveragedCurrentVectors</styleUrl>
                <LineString>
                    <coordinates>-64.88255000000001,18.153200000000002 -64.90724499072445,18.15454294961724</coordinates>
                </LineString>
            </Placemark>
            <Placemark>
                <name>uvi_02 Depth Averaged Current Vector</name>
                <visibility>1</visibility>
                <description>&lt;b&gt;Speed: 0.11m/s @ 267&amp;deg;&lt;/b&gt;</description>
                <styleUrl>#DepthAveragedCurrentVectors</styleUrl>
                <LineString>
                    <coordinates>-64.87255,18.152066666666666 -64.89492973699758,18.151070413241413</coordinates>
                </LineString>
            </Placemark>
            <Placemark>
                <name>uvi_02 Depth Averaged Current Vector</name>
                <visibility>1</visibility>
                <description>&lt;b&gt;Speed: 0.09m/s @ 259&amp;deg;&lt;/b&gt;</description>
                <styleUrl>#DepthAveragedCurrentVectors</styleUrl>
                <LineString>
                    <coordinates>-64.85926666666666,18.149633333333334 -64.87837909893955,18.146112573728498</coordinates>
                </LineString>
            </Placemark>
            <Placemark>
                <name>uvi_02 Depth Averaged Current Vector</name>
                <visibility>1</visibility>
                <description>&lt;b&gt;Speed: 0.09m/s @ 256&amp;deg;&lt;/b&gt;</description>
                <styleUrl>#DepthAveragedCurrentVectors</styleUrl>
                <LineString>
                    <coordinates>-64.84683333333334,18.14855 -64.8658302614565,18.14389151898353</coordinates>
                </LineString>
            </Placemark>
            <Placemark>
                <name>uvi_02 Depth Averaged Current Vector</name>
                <visibility>1</visibility>
                <description>&lt;b&gt;Speed: 0.08m/s @ 252&amp;deg;&lt;/b&gt;</description>
                <styleUrl>#DepthAveragedCurrentVectors</styleUrl>
                <LineString>
                    <coordinates>-64.84165,18.149600000000003 -64.85847891432121,18.144260081640656</coordinates>
                </LineString>
            </Placemark>
            <Placemark>
                <name>uvi_02 Depth Averaged Current Vector</name>
                <visibility>1</visibility>
                <description>&lt;b&gt;Speed: 0.08m/s @ 247&amp;deg;&lt;/b&gt;</description>
                <styleUrl>#DepthAveragedCurrentVectors</styleUrl>
                <LineString>
                    <coordinates>-64.86161666666666,18.150233333333333 -64.87628171168262,18.144293670411987</coordinates>
                </LineString>
            </Placemark>
            <Placemark>
                <name>uvi_02 Depth Averaged Current Vector</name>
                <visibility>1</visibility>
                <description>&lt;b&gt;Speed: 0.07m/s @ 244&amp;deg;&lt;/b&gt;</description>
                <styleUrl>#DepthAveragedCurrentVectors</styleUrl>
                <LineString>
                    <coordinates>-64.88196666666666,18.150100000000002 -64.89541973754162,18.143865446064783</coordinates>
                </LineString>
            </Placemark>
            <Placemark>
                <name>uvi_02 Depth Averaged Current Vector</name>
                <visibility>1</visibility>
                <description>&lt;b&gt;Speed: 0.08m/s @ 240&amp;deg;&lt;/b&gt;</description>
                <styleUrl>#DepthAveragedCurrentVectors</styleUrl>
                <LineString>
                    <coordinates>-64.90438333333333,18.1494 -64.91828080909198,18.14162723077619</coordinates>
                </LineString>
            </Placemark>
            <Placemark>
                <name>uvi_02 Depth Averaged Current Vector</name>
                <visibility>1</visibility>
                <description>&lt;b&gt;Speed: 0.08m/s @ 239&amp;deg;&lt;/b&gt;</description>
                <styleUrl>#DepthAveragedCurrentVectors</styleUrl>
                <LineString>
                    <coordinates>-64.92728333333334,18.14965 -64.9413863055264,18.141668017556892</coordinates>
                </LineString>
            </Placemark>
            <Placemark>
                <name>uvi_02 Depth Averaged Current Vector</name>
                <visibility>1</visibility>
                <description>&lt;b&gt;Speed: 0.07m/s @ 242&amp;deg;&lt;/b&gt;</description>
                <styleUrl>#DepthAveragedCurrentVectors</styleUrl>
                <LineString>
                    <coordinates>-64.94781666666667,18.150683333333333 -64.96106008283459,18.143950652685486</coordinates>
                </LineString>
            </Placemark>
            <Placemark>
                <name>uvi_02 Depth Averaged Current Vector</name>
                <visibility>1</visibility>
                <description>&lt;b&gt;Speed: 0.05m/s @ 239&amp;deg;&lt;/b&gt;</description>
                <styleUrl>#DepthAveragedCurrentVectors</styleUrl>
                <LineString>
                    <coordinates>-64.96803333333334,18.151866666666667 -64.97755502414553,18.146524755800474</coordinates>
                </LineString>
            </Placemark>
            <Placemark>
                <name>uvi_02 Depth Averaged Current Vector</name>
                <visibility>1</visibility>
                <description>&lt;b&gt;Speed: 0.04m/s @ 226&amp;deg;&lt;/b&gt;</description>
                <styleUrl>#DepthAveragedCurrentVectors</styleUrl>
                <LineString>
                    <coordinates>-64.98545,18.151333333333334 -64.9909415780092,18.14632217860432</coordinates>
                </LineString>
            </Placemark>
            <Placemark>
                <name>uvi_02 Depth Averaged Current Vector</name>
                <visibility>1</visibility>
                <description>&lt;b&gt;Speed: 0.03m/s @ 206&amp;deg;&lt;/b&gt;</description>
                <styleUrl>#DepthAveragedCurrentVectors</styleUrl>
                <LineString>
                    <coordinates>-64.98878333333333,18.150883333333336 -64.99190548485603,18.14485600011057</coordinates>
                </LineString>
            </Placemark>
            <Placemark>
                <name>uvi_02 Depth Averaged Current Vector</name>
                <visibility>1</visibility>
                <description>&lt;b&gt;Speed: 0.05m/s @ 190&amp;deg;&lt;/b&gt;</description>
                <styleUrl>#DepthAveragedCurrentVectors</styleUrl>
                <LineString>
                    <coordinates>-64.97233333333334,18.150666666666666 -64.97421624752224,18.140977105852674</coordinates>
                </LineString>
            </Placemark>
            <Placemark>
                <name>uvi_02 Depth Averaged Current Vector</name>
                <visibility>1</visibility>
                <description>&lt;b&gt;Speed: 0.06m/s @ 184&amp;deg;&lt;/b&gt;</description>
                <styleUrl>#DepthAveragedCurrentVectors</styleUrl>
                <LineString>
                    <coordinates>-64.95453333333333,18.14905 -64.95538671139622,18.136855858074927</coordinates>
                </LineString>
            </Placemark>
            <Placemark>
                <name>uvi_02 Depth Averaged Current Vector</name>
                <visibility>1</visibility>
                <description>&lt;b&gt;Speed: 0.07m/s @ 188&amp;deg;&lt;/b&gt;</description>
                <styleUrl>#DepthAveragedCurrentVectors</styleUrl>
                <LineString>
                    <coordinates>-64.93821666666666,18.147616666666668 -64.94032178033389,18.134079575124357</coordinates>
                </LineString>
            </Placemark>
            <Placemark>
                <name>uvi_02 Depth Averaged Current Vector</name>
                <visibility>1</visibility>
                <description>&lt;b&gt;Speed: 0.07m/s @ 196&amp;deg;&lt;/b&gt;</description>
                <styleUrl>#DepthAveragedCurrentVectors</styleUrl>
                <LineString>
                    <coordinates>-64.92278333333334,18.148500000000002 -64.92682165303808,18.13527174701952</coordinates>
                </LineString>
            </Placemark>
            <Placemark>
                <name>uvi_02 Depth Averaged Current Vector</name>
                <visibility>1</visibility>
                <description>&lt;b&gt;Speed: 0.05m/s @ 201&amp;deg;&lt;/b&gt;</description>
                <styleUrl>#DepthAveragedCurrentVectors</styleUrl>
                <LineString>
                    <coordinates>-64.90756666666667,18.150866666666666 -64.91126750410848,18.14166925504475</coordinates>
                </LineString>
            </Placemark>
            <Placemark>
                <name>uvi_02 Depth Averaged Current Vector</name>
                <visibility>1</visibility>
                <description>&lt;b&gt;Speed: 0.05m/s @ 209&amp;deg;&lt;/b&gt;</description>
                <styleUrl>#DepthAveragedCurrentVectors</styleUrl>
                <LineString>
                    <coordinates>-64.89251666666668,18.153433333333332 -64.89721566129543,18.1453756356299</coordinates>
                </LineString>
            </Placemark>
            <Placemark>
                <name>uvi_02 Depth Averaged Current Vector</name>
                <visibility>1</visibility>
                <description>&lt;b&gt;Speed: 0.05m/s @ 230&amp;deg;&lt;/b&gt;</description>
                <styleUrl>#DepthAveragedCurrentVectors</styleUrl>
                <LineString>
                    <coordinates>-64.87946666666667,18.1539 -64.88764435820616,18.14734465246185</coordinates>
                </LineString>
            </Placemark>
            <Placemark>
                <name>uvi_02 Depth Averaged Current Vector</name>
                <visibility>1</visibility>
                <description>&lt;b&gt;Speed: 0.07m/s @ 238&amp;deg;&lt;/b&gt;</description>
                <styleUrl>#DepthAveragedCurrentVectors</styleUrl>
                <LineString>
                    <coordinates>-64.86796666666667,18.15198333333333 -64.88022465709878,18.144712675835844</coordinates>
                </LineString>
            </Placemark>
            <Placemark>
                <name>uvi_02 Depth Averaged Current Vector</name>
                <visibility>1</visibility>
                <description>&lt;b&gt;Speed: 0.07m/s @ 232&amp;deg;&lt;/b&gt;</description>
                <styleUrl>#DepthAveragedCurrentVectors</styleUrl>
                <LineString>
                    <coordinates>-64.85568333333335,18.150533333333332 -64.86686763114085,18.142334167643515</coordinates>
                </LineString>
            </Placemark>
            <Placemark>
                <name>uvi_02 Depth Averaged Current Vector</name>
                <visibility>1</visibility>
                <description>&lt;b&gt;Speed: 0.06m/s @ 225&amp;deg;&lt;/b&gt;</description>
                <styleUrl>#DepthAveragedCurrentVectors</styleUrl>
                <LineString>
                    <coordinates>-64.84038333333334,18.150316666666665 -64.84942049362417,18.141748887209506</coordinates>
                </LineString>
            </Placemark>
            <Placemark>
                <name>uvi_02 Depth Averaged Current Vector</name>
                <visibility>1</visibility>
                <description>&lt;b&gt;Speed: 0.03m/s @ 195&amp;deg;&lt;/b&gt;</description>
                <styleUrl>#DepthAveragedCurrentVectors</styleUrl>
                <LineString>
                    <coordinates>-64.84938333333334,18.15216666666667 -64.85100627850602,18.146478059608487</coordinates>
                </LineString>
            </Placemark>
            <Placemark>
                <name>uvi_02 Depth Averaged Current Vector</name>
                <visibility>1</visibility>
                <description>&lt;b&gt;Speed: 0.04m/s @ 154&amp;deg;&lt;/b&gt;</description>
                <styleUrl>#DepthAveragedCurrentVectors</styleUrl>
                <LineString>
                    <coordinates>-64.86336666666666,18.15201666666667 -64.8593177190296,18.144212017333253</coordinates>
                </LineString>
            </Placemark>
            <Placemark>
                <name>uvi_02 Depth Averaged Current Vector</name>
                <visibility>1</visibility>
                <description>&lt;b&gt;Speed: 0.06m/s @ 137&amp;deg;&lt;/b&gt;</description>
                <styleUrl>#DepthAveragedCurrentVectors</styleUrl>
                <LineString>
                    <coordinates>-64.87483333333333,18.151349999999997 -64.8658632283072,18.142351839063128</coordinates>
                </LineString>
            </Placemark>
            <Placemark>
                <name>uvi_02 Depth Averaged Current Vector</name>
                <visibility>1</visibility>
                <description>&lt;b&gt;Speed: 0.06m/s @ 146&amp;deg;&lt;/b&gt;</description>
                <styleUrl>#DepthAveragedCurrentVectors</styleUrl>
                <LineString>
                    <coordinates>-64.88955,18.149749999999997 -64.88298079471191,18.14048285063831</coordinates>
                </LineString>
            </Placemark>
            <Placemark>
                <name>uvi_02 Depth Averaged Current Vector</name>
                <visibility>1</visibility>
                <description>&lt;b&gt;Speed: 0.06m/s @ 164&amp;deg;&lt;/b&gt;</description>
                <styleUrl>#DepthAveragedCurrentVectors</styleUrl>
                <LineString>
                    <coordinates>-64.90751666666667,18.1451 -64.90405709887324,18.13342590236291</coordinates>
                </LineString>
            </Placemark>
            <Placemark>
                <name>uvi_02 Depth Averaged Current Vector</name>
                <visibility>1</visibility>
                <description>&lt;b&gt;Speed: 0.06m/s @ 174&amp;deg;&lt;/b&gt;</description>
                <styleUrl>#DepthAveragedCurrentVectors</styleUrl>
                <LineString>
                    <coordinates>-64.92481666666666,18.140033333333335 -64.92348949119565,18.127807311298657</coordinates>
                </LineString>
            </Placemark>
            <Placemark>
                <name>uvi_02 Depth Averaged Current Vector</name>
                <visibility>1</visibility>
                <description>&lt;b&gt;Speed: 0.06m/s @ 192&amp;deg;&lt;/b&gt;</description>
                <styleUrl>#DepthAveragedCurrentVectors</styleUrl>
                <LineString>
                    <coordinates>-64.94475000000001,18.13995 -64.94736871368501,18.128650493650806</coordinates>
                </LineString>
            </Placemark>
            <Placemark>
                <name>uvi_02 Depth Averaged Current Vector</name>
                <visibility>1</visibility>
                <description>&lt;b&gt;Speed: 0.06m/s @ 200&amp;deg;&lt;/b&gt;</description>
                <styleUrl>#DepthAveragedCurrentVectors</styleUrl>
                <LineString>
                    <coordinates>-64.96378333333334,18.143466666666665 -64.9679054356634,18.13292829793436</coordinates>
                </LineString>
            </Placemark>
            <Placemark>
                <name>uvi_02 Depth Averaged Current Vector</name>
                <visibility>1</visibility>
                <description>&lt;b&gt;Speed: 0.06m/s @ 210&amp;deg;&lt;/b&gt;</description>
                <styleUrl>#DepthAveragedCurrentVectors</styleUrl>
                <LineString>
                    <coordinates>-64.98299999999999,18.14715 -64.98907425934463,18.136960319966533</coordinates>
                </LineString>
            </Placemark>
            <Placemark>
                <name>uvi_02 Depth Averaged Current Vector</name>
                <visibility>1</visibility>
                <description>&lt;b&gt;Speed: 0.08m/s @ 216&amp;deg;&lt;/b&gt;</description>
                <styleUrl>#DepthAveragedCurrentVectors</styleUrl>
                <LineString>
                    <coordinates>-64.99205,18.14765 -65.00170336280222,18.13523468981452</coordinates>
                </LineString>
            </Placemark>
            <Placemark>
                <name>uvi_02 Depth Averaged Current Vector</name>
                <visibility>1</visibility>
                <description>&lt;b&gt;Speed: 0.09m/s @ 221&amp;deg;&lt;/b&gt;</description>
                <styleUrl>#DepthAveragedCurrentVectors</styleUrl>
                <LineString>
                    <coordinates>-64.98018333333333,18.146549999999998 -64.99279715366475,18.13271004741641</coordinates>
                </LineString>
            </Placemark>
            <Placemark>
                <name>uvi_02 Depth Averaged Current Vector</name>
                <visibility>1</visibility>
                <description>&lt;b&gt;Speed: 0.09m/s @ 225&amp;deg;&lt;/b&gt;</description>
                <styleUrl>#DepthAveragedCurrentVectors</styleUrl>
                <LineString>
                    <coordinates>-64.96935,18.14656666666667 -64.98308140425797,18.133619357152103</coordinates>
                </LineString>
            </Placemark>
            <Placemark>
                <name>uvi_02 Depth Averaged Current Vector</name>
                <visibility>1</visibility>
                <description>&lt;b&gt;Speed: 0.09m/s @ 235&amp;deg;&lt;/b&gt;</description>
                <styleUrl>#DepthAveragedCurrentVectors</styleUrl>
                <LineString>
                    <coordinates>-64.95916666666668,18.148466666666664 -64.97415428822984,18.138332776825013</coordinates>
                </LineString>
            </Placemark>
            <Placemark>
                <name>uvi_02 Depth Averaged Current Vector</name>
                <visibility>1</visibility>
                <description>&lt;b&gt;Speed: 0.07m/s @ 240&amp;deg;&lt;/b&gt;</description>
                <styleUrl>#DepthAveragedCurrentVectors</styleUrl>
                <LineString>
                    <coordinates>-64.97616666666666,18.158549999999998 -64.98805818573254,18.15200660750295</coordinates>
                </LineString>
            </Placemark>
            <Placemark>
                <name>uvi_02 Depth Averaged Current Vector</name>
                <visibility>1</visibility>
                <description>&lt;b&gt;Speed: 0.04m/s @ 229&amp;deg;&lt;/b&gt;</description>
                <styleUrl>#DepthAveragedCurrentVectors</styleUrl>
                <LineString>
                    <coordinates>-64.99156666666666,18.165916666666664 -64.99748649359293,18.161084837554196</coordinates>
                </LineString>
            </Placemark>
            <Placemark>
                <name>uvi_02 Depth Averaged Current Vector</name>
                <visibility>1</visibility>
                <description>&lt;b&gt;Speed: 0.04m/s @ 217&amp;deg;&lt;/b&gt;</description>
                <styleUrl>#DepthAveragedCurrentVectors</styleUrl>
                <LineString>
                    <coordinates>-64.98068333333335,18.165433333333333 -64.98564270193106,18.159244607055673</coordinates>
                </LineString>
            </Placemark>
            <Placemark>
                <name>uvi_02 Depth Averaged Current Vector</name>
                <visibility>1</visibility>
                <description>&lt;b&gt;Speed: 0.06m/s @ 218&amp;deg;&lt;/b&gt;</description>
                <styleUrl>#DepthAveragedCurrentVectors</styleUrl>
                <LineString>
                    <coordinates>-64.96548333333334,18.162566666666667 -64.97299873797994,18.1533632775242</coordinates>
                </LineString>
            </Placemark>
            <Placemark>
                <name>uvi_02 Depth Averaged Current Vector</name>
                <visibility>1</visibility>
                <description>&lt;b&gt;Speed: 0.12m/s @ 236&amp;deg;&lt;/b&gt;</description>
                <styleUrl>#DepthAveragedCurrentVectors</styleUrl>
                <LineString>
                    <coordinates>-64.95436666666666,18.1596 -64.97535425266182,18.146216331485178</coordinates>
                </LineString>
            </Placemark>
            <Placemark>
                <name>uvi_02 Depth Averaged Current Vector</name>
                <visibility>1</visibility>
                <description>&lt;b&gt;Speed: 0.12m/s @ 241&amp;deg;&lt;/b&gt;</description>
                <styleUrl>#DepthAveragedCurrentVectors</styleUrl>
                <LineString>
                    <coordinates>-64.94515,18.15915 -64.96666397359728,18.147850493650804</coordinates>
                </LineString>
            </Placemark>
            <Placemark>
                <name>uvi_02 Depth Averaged Current Vector</name>
                <visibility>1</visibility>
                <description>&lt;b&gt;Speed: 0.10m/s @ 251&amp;deg;&lt;/b&gt;</description>
                <styleUrl>#DepthAveragedCurrentVectors</styleUrl>
                <LineString>
                    <coordinates>-64.93448333333335,18.16205 -64.9543518600773,18.155552435160516</coordinates>
                </LineString>
            </Placemark>
            <Placemark>
                <name>uvi_02 Depth Averaged Current Vector</name>
                <visibility>1</visibility>
                <description>&lt;b&gt;Speed: 0.09m/s @ 262&amp;deg;&lt;/b&gt;</description>
                <styleUrl>#DepthAveragedCurrentVectors</styleUrl>
                <LineString>
                    <coordinates>-64.92376666666668,18.163349999999998 -64.94317423482971,18.160889254039628</coordinates>
                </LineString>
            </Placemark>
            <Placemark>
                <name>uvi_02 Depth Averaged Current Vector</name>
                <visibility>1</visibility>
                <description>&lt;b&gt;Speed: 0.09m/s @ 265&amp;deg;&lt;/b&gt;</description>
                <styleUrl>#DepthAveragedCurrentVectors</styleUrl>
                <LineString>
                    <coordinates>-64.91338333333333,18.164016666666665 -64.93278892463667,18.162384803556105</coordinates>
                </LineString>
            </Placemark>
            <Placemark>
                <name>uvi_02 Depth Averaged Current Vector</name>
                <visibility>1</visibility>
                <description>&lt;b&gt;Speed: 0.09m/s @ 267&amp;deg;&lt;/b&gt;</description>
                <styleUrl>#DepthAveragedCurrentVectors</styleUrl>
                <LineString>
                    <coordinates>-64.93476666666668,18.166999999999998 -64.9529521563868,18.16611333445152</coordinates>
                </LineString>
            </Placemark>
            <Placemark>
                <name>uvi_02 Depth Averaged Current Vector</name>
                <visibility>1</visibility>
                <description>&lt;b&gt;Speed: 0.08m/s @ 257&amp;deg;&lt;/b&gt;</description>
                <styleUrl>#DepthAveragedCurrentVectors</styleUrl>
                <LineString>
                    <coordinates>-64.95533333333333,18.165133333333333 -64.9717737840782,18.161487045796914</coordinates>
                </LineString>
            </Placemark>
            <Placemark>
                <name>uvi_02 Depth Averaged Current Vector</name>
                <visibility>1</visibility>
                <description>&lt;b&gt;Speed: 0.07m/s @ 250&amp;deg;&lt;/b&gt;</description>
                <styleUrl>#DepthAveragedCurrentVectors</styleUrl>
                <LineString>
                    <coordinates>-64.97555000000001,18.164283333333334 -64.98988284300107,18.159254246042668</coordinates>
                </LineString>
            </Placemark>
            <Placemark>
                <name>uvi_02 Depth Averaged Current Vector</name>
                <visibility>1</visibility>
                <description>&lt;b&gt;Speed: 0.06m/s @ 242&amp;deg;&lt;/b&gt;</description>
                <styleUrl>#DepthAveragedCurrentVectors</styleUrl>
                <LineString>
                    <coordinates>-64.9939,18.166150000000002 -65.00471211600069,18.160574965832293</coordinates>
                </LineString>
            </Placemark>
            <Placemark>
                <name>uvi_02 Depth Averaged Current Vector</name>
                <visibility>1</visibility>
                <description>&lt;b&gt;Speed: 0.05m/s @ 239&amp;deg;&lt;/b&gt;</description>
                <styleUrl>#DepthAveragedCurrentVectors</styleUrl>
                <LineString>
                    <coordinates>-64.9801,18.16815 -64.98837276656985,18.1633799385999</coordinates>
                </LineString>
            </Placemark>
            <Placemark>
                <name>uvi_02 Depth Averaged Current Vector</name>
                <visibility>1</visibility>
                <description>&lt;b&gt;Speed: 0.04m/s @ 236&amp;deg;&lt;/b&gt;</description>
                <styleUrl>#DepthAveragedCurrentVectors</styleUrl>
                <LineString>
                    <coordinates>-64.9648,18.168433333333333 -64.97245834883603,18.163589549179765</coordinates>
                </LineString>
            </Placemark>
            <Placemark>
                <name>uvi_02 Depth Averaged Current Vector</name>
                <visibility>1</visibility>
                <description>&lt;b&gt;Speed: 0.06m/s @ 233&amp;deg;&lt;/b&gt;</description>
                <styleUrl>#DepthAveragedCurrentVectors</styleUrl>
                <LineString>
                    <coordinates>-64.95070000000001,18.16668333333333 -64.96020149106347,18.15997257026084</coordinates>
                </LineString>
            </Placemark>
            <Placemark>
                <name>uvi_02 Depth Averaged Current Vector</name>
                <visibility>1</visibility>
                <description>&lt;b&gt;Speed: 0.13m/s @ 237&amp;deg;&lt;/b&gt;</description>
                <styleUrl>#DepthAveragedCurrentVectors</styleUrl>
                <LineString>
                    <coordinates>-64.94536666666666,18.16391666666667 -64.96856277656525,18.14970810031574</coordinates>
                </LineString>
            </Placemark>
            <Placemark>
                <name>uvi_02 Depth Averaged Current Vector</name>
                <visibility>1</visibility>
                <description>&lt;b&gt;Speed: 0.14m/s @ 240&amp;deg;&lt;/b&gt;</description>
                <styleUrl>#DepthAveragedCurrentVectors</styleUrl>
                <LineString>
                    <coordinates>-64.9663,18.165433333333333 -64.99139196202128,18.151505710448323</coordinates>
                </LineString>
            </Placemark>
            <Placemark>
                <name>uvi_02 Depth Averaged Current Vector</name>
                <visibility>1</visibility>
                <description>&lt;b&gt;Speed: 0.13m/s @ 243&amp;deg;&lt;/b&gt;</description>
                <styleUrl>#DepthAveragedCurrentVectors</styleUrl>
                <LineString>
                    <coordinates>-64.98771666666667,18.167966666666665 -65.01229746838231,18.155973767933492</coordinates>
                </LineString>
            </Placemark>
            <Placemark>
                <name>uvi_02 Depth Averaged Current Vector</name>
                <visibility>1</visibility>
                <description>&lt;b&gt;Speed: 0.13m/s @ 243&amp;deg;&lt;/b&gt;</description>
                <styleUrl>#DepthAveragedCurrentVectors</styleUrl>
                <LineString>
                    <coordinates>-64.98771666666667,18.167966666666665 -65.01229746838231,18.155973767933492</coordinates>
                </LineString>
            </Placemark>
            <Placemark>
                <name>uvi_02 Depth Averaged Current Vector</name>
                <visibility>1</visibility>
                <description>&lt;b&gt;Speed: 0.12m/s @ 248&amp;deg;&lt;/b&gt;</description>
                <styleUrl>#DepthAveragedCurrentVectors</styleUrl>
                <LineString>
                    <coordinates>-64.98870000000001,18.169066666666666 -65.01137500100971,18.160331516634066</coordinates>
                </LineString>
            </Placemark>
            <Placemark>
                <name>uvi_02 Depth Averaged Current Vector</name>
                <visibility>1</visibility>
                <description>&lt;b&gt;Speed: 0.10m/s @ 254&amp;deg;&lt;/b&gt;</description>
                <styleUrl>#DepthAveragedCurrentVectors</styleUrl>
                <LineString>
                    <coordinates>-64.97706666666666,18.171100000000003 -64.99635332092475,18.16601512251752</coordinates>
                </LineString>
            </Placemark>
            <Placemark>
                <name>uvi_02 Depth Averaged Current Vector</name>
                <visibility>1</visibility>
                <description>&lt;b&gt;Speed: 0.10m/s @ 263&amp;deg;&lt;/b&gt;</description>
                <styleUrl>#DepthAveragedCurrentVectors</styleUrl>
                <LineString>
                    <coordinates>-64.96823333333333,18.17236666666667 -64.98878901396506,18.16993780081591</coordinates>
                </LineString>
            </Placemark>
            <Placemark>
                <name>uvi_02 Depth Averaged Current Vector</name>
                <visibility>1</visibility>
                <description>&lt;b&gt;Speed: 0.11m/s @ 265&amp;deg;&lt;/b&gt;</description>
                <styleUrl>#DepthAveragedCurrentVectors</styleUrl>
                <LineString>
                    <coordinates>-64.96085,18.171066666666665 -64.98442115493435,18.16913792003538</coordinates>
                </LineString>
            </Placemark>
            <Placemark>
                <name>uvi_02 Depth Averaged Current Vector</name>
                <visibility>1</visibility>
                <description>&lt;b&gt;Speed: 0.11m/s @ 264&amp;deg;&lt;/b&gt;</description>
                <styleUrl>#DepthAveragedCurrentVectors</styleUrl>
                <LineString>
                    <coordinates>-64.9547,18.171400000000002 -64.9784305493169,18.16904684940956</coordinates>
                </LineString>
            </Placemark>
            <Placemark>
                <name>uvi_02 Depth Averaged Current Vector</name>
                <visibility>1</visibility>
                <description>&lt;b&gt;Speed: 0.10m/s @ 265&amp;deg;&lt;/b&gt;</description>
                <styleUrl>#DepthAveragedCurrentVectors</styleUrl>
                <LineString>
                    <coordinates>-64.94578333333334,18.17008333333333 -64.9668441705885,18.16820639188016</coordinates>
                </LineString>
            </Placemark>
            <Placemark>
                <name>uvi_02 Depth Averaged Current Vector</name>
                <visibility>1</visibility>
                <description>&lt;b&gt;Speed: 0.06m/s @ 260&amp;deg;&lt;/b&gt;</description>
                <styleUrl>#DepthAveragedCurrentVectors</styleUrl>
                <LineString>
                    <coordinates>-64.93955,18.16848333333333 -64.9518617583159,18.16645496135952</coordinates>
                </LineString>
            </Placemark>
            <Placemark>
                <name>uvi_02 Depth Averaged Current Vector</name>
                <visibility>1</visibility>
                <description>&lt;b&gt;Speed: 0.04m/s @ 267&amp;deg;&lt;/b&gt;</description>
                <styleUrl>#DepthAveragedCurrentVectors</styleUrl>
                <LineString>
                    <coordinates>-64.95716666666667,18.169283333333333 -64.96610436004143,18.168874869428983</coordinates>
                </LineString>
            </Placemark>
            <Placemark>
                <name>uvi_02 Depth Averaged Current Vector</name>
                <visibility>1</visibility>
                <description>&lt;b&gt;Speed: 0.02m/s @ 248&amp;deg;&lt;/b&gt;</description>
                <styleUrl>#DepthAveragedCurrentVectors</styleUrl>
                <LineString>
                    <coordinates>-64.9729,18.16875 -64.97607074627909,18.167554495889696</coordinates>
                </LineString>
            </Placemark>
            <Placemark>
                <name>uvi_02 Depth Averaged Current Vector</name>
                <visibility>1</visibility>
                <description>&lt;b&gt;Speed: 0.03m/s @ 180&amp;deg;&lt;/b&gt;</description>
                <styleUrl>#DepthAveragedCurrentVectors</styleUrl>
                <LineString>
                    <coordinates>-64.98765,18.16635 -64.98763322398395,18.16122527238051</coordinates>
                </LineString>
            </Placemark>
            <Placemark>
                <name>uvi_02 Depth Averaged Current Vector</name>
                <visibility>1</visibility>
                <description>&lt;b&gt;Speed: 0.05m/s @ 205&amp;deg;&lt;/b&gt;</description>
                <styleUrl>#DepthAveragedCurrentVectors</styleUrl>
                <LineString>
                    <coordinates>-64.98811666666667,18.1639 -64.9928893144844,18.15425228182987</coordinates>
                </LineString>
            </Placemark>
            <Placemark>
                <name>uvi_02 Depth Averaged Current Vector</name>
                <visibility>1</visibility>
                <description>&lt;b&gt;Speed: 0.08m/s @ 230&amp;deg;&lt;/b&gt;</description>
                <styleUrl>#DepthAveragedCurrentVectors</styleUrl>
                <LineString>
                    <coordinates>-64.97715,18.162183333333335 -64.9895218512214,18.152386177149417</coordinates>
                </LineString>
            </Placemark>
            <Placemark>
                <name>uvi_02 Depth Averaged Current Vector</name>
                <visibility>1</visibility>
                <description>&lt;b&gt;Speed: 0.08m/s @ 239&amp;deg;&lt;/b&gt;</description>
                <styleUrl>#DepthAveragedCurrentVectors</styleUrl>
                <LineString>
                    <coordinates>-64.96821666666666,18.162950000000002 -64.9823039300017,18.1548026394883</coordinates>
                </LineString>
            </Placemark>
            <Placemark>
                <name>uvi_02 Depth Averaged Current Vector</name>
                <visibility>1</visibility>
                <description>&lt;b&gt;Speed: 0.08m/s @ 247&amp;deg;&lt;/b&gt;</description>
                <styleUrl>#DepthAveragedCurrentVectors</styleUrl>
                <LineString>
                    <coordinates>-64.95918333333334,18.165366666666667 -64.97468003580371,18.159000607279314</coordinates>
                </LineString>
            </Placemark>
            <Placemark>
                <name>uvi_02 Depth Averaged Current Vector</name>
                <visibility>1</visibility>
                <description>&lt;b&gt;Speed: 0.07m/s @ 252&amp;deg;&lt;/b&gt;</description>
                <styleUrl>#DepthAveragedCurrentVectors</styleUrl>
                <LineString>
                    <coordinates>-64.94789999999999,18.16753333333333 -64.96161661880029,18.163319181344523</coordinates>
                </LineString>
            </Placemark>
            <Placemark>
                <name>uvi_02 Depth Averaged Current Vector</name>
                <visibility>1</visibility>
                <description>&lt;b&gt;Speed: 0.06m/s @ 263&amp;deg;&lt;/b&gt;</description>
                <styleUrl>#DepthAveragedCurrentVectors</styleUrl>
                <LineString>
                    <coordinates>-64.9401,18.16871666666667 -64.95271376710099,18.16716649633698</coordinates>
                </LineString>
            </Placemark>
            <Placemark>
                <name>uvi_02 Depth Averaged Current Vector</name>
                <visibility>1</visibility>
                <description>&lt;b&gt;Speed: 0.05m/s @ 253&amp;deg;&lt;/b&gt;</description>
                <styleUrl>#DepthAveragedCurrentVectors</styleUrl>
                <LineString>
                    <coordinates>-64.96021666666667,18.16916666666667 -64.97029927728005,18.166201816473123</coordinates>
                </LineString>
            </Placemark>
            <Placemark>
                <name>uvi_02 Depth Averaged Current Vector</name>
                <visibility>1</visibility>
                <description>&lt;b&gt;Speed: 0.07m/s @ 241&amp;deg;&lt;/b&gt;</description>
                <styleUrl>#DepthAveragedCurrentVectors</styleUrl>
                <LineString>
                    <coordinates>-64.98158333333335,18.166633333333333 -64.9950439382319,18.159619709219566</coordinates>
                </LineString>
            </Placemark>
            <Placemark>
                <name>uvi_02 Depth Averaged Current Vector</name>
                <visibility>1</visibility>
                <description>&lt;b&gt;Speed: 0.08m/s @ 248&amp;deg;&lt;/b&gt;</description>
                <styleUrl>#DepthAveragedCurrentVectors</styleUrl>
                <LineString>
                    <coordinates>-64.99176666666668,18.16695 -65.00678122243704,18.161123909969135</coordinates>
                </LineString>
            </Placemark>
            <Placemark>
                <name>uvi_02 Depth Averaged Current Vector</name>
                <visibility>1</visibility>
                <description>&lt;b&gt;Speed: 0.07m/s @ 270&amp;deg;&lt;/b&gt;</description>
                <styleUrl>#DepthAveragedCurrentVectors</styleUrl>
                <LineString>
                    <coordinates>-64.97890000000001,18.169566666666665 -64.99286439827178,18.169560689146117</coordinates>
                </LineString>
            </Placemark>
            <Placemark>
                <name>uvi_02 Depth Averaged Current Vector</name>
                <visibility>1</visibility>
                <description>&lt;b&gt;Speed: 0.07m/s @ 270&amp;deg;&lt;/b&gt;</description>
                <styleUrl>#DepthAveragedCurrentVectors</styleUrl>
                <LineString>
                    <coordinates>-64.97890000000001,18.169566666666665 -64.99286439827178,18.169560689146117</coordinates>
                </LineString>
            </Placemark>
            <Placemark>
                <name>uvi_02 Depth Averaged Current Vector</name>
                <visibility>1</visibility>
                <description>&lt;b&gt;Speed: 0.06m/s @ 272&amp;deg;&lt;/b&gt;</description>
                <styleUrl>#DepthAveragedCurrentVectors</styleUrl>
                <LineString>
                    <coordinates>-64.96461666666667,18.17175 -64.97692874107832,18.1721524863838</coordinates>
                </LineString>
            </Placemark>
            <Placemark>
                <name>uvi_02 Depth Averaged Current Vector</name>
                <visibility>1</visibility>
                <description>&lt;b&gt;Speed: 0.05m/s @ 260&amp;deg;&lt;/b&gt;</description>
                <styleUrl>#DepthAveragedCurrentVectors</styleUrl>
                <LineString>
                    <coordinates>-64.94825,18.16893333333333 -64.958821242694,18.16708627948292</coordinates>
                </LineString>
            </Placemark>
            <Placemark>
                <name>uvi_02 Depth Averaged Current Vector</name>
                <visibility>1</visibility>
                <description>&lt;b&gt;Speed: 0.05m/s @ 223&amp;deg;&lt;/b&gt;</description>
                <styleUrl>#DepthAveragedCurrentVectors</styleUrl>
                <LineString>
                    <coordinates>-64.94253333333333,18.165200000000002 -64.94943658188731,18.158224233516396</coordinates>
                </LineString>
            </Placemark>
            <Placemark>
                <name>uvi_02 Depth Averaged Current Vector</name>
                <visibility>1</visibility>
                <description>&lt;b&gt;Speed: 0.07m/s @ 216&amp;deg;&lt;/b&gt;</description>
                <styleUrl>#DepthAveragedCurrentVectors</styleUrl>
                <LineString>
                    <coordinates>-64.96060000000001,18.16095 -64.96945100626903,18.149289849910865</coordinates>
                </LineString>
            </Placemark>
            <Placemark>
                <name>uvi_02 Depth Averaged Current Vector</name>
                <visibility>1</visibility>
                <description>&lt;b&gt;Speed: 0.09m/s @ 223&amp;deg;&lt;/b&gt;</description>
                <styleUrl>#DepthAveragedCurrentVectors</styleUrl>
                <LineString>
                    <coordinates>-64.98061666666668,18.16036666666667 -64.99306587810298,18.147859701166066</coordinates>
                </LineString>
            </Placemark>
            <Placemark>
                <name>uvi_02 Depth Averaged Current Vector</name>
                <visibility>1</visibility>
                <description>&lt;b&gt;Speed: 0.08m/s @ 233&amp;deg;&lt;/b&gt;</description>
                <styleUrl>#DepthAveragedCurrentVectors</styleUrl>
                <LineString>
                    <coordinates>-64.99456666666667,18.165716666666665 -65.00802080246177,18.155911540455346</coordinates>
                </LineString>
            </Placemark>
            <Placemark>
                <name>uvi_02 Depth Averaged Current Vector</name>
                <visibility>1</visibility>
                <description>&lt;b&gt;Speed: 0.07m/s @ 242&amp;deg;&lt;/b&gt;</description>
                <styleUrl>#DepthAveragedCurrentVectors</styleUrl>
                <LineString>
                    <coordinates>-64.98188333333333,18.168799999999997 -64.99435853369755,18.162567438571624</coordinates>
                </LineString>
            </Placemark>
            <Placemark>
                <name>uvi_02 Depth Averaged Current Vector</name>
                <visibility>1</visibility>
                <description>&lt;b&gt;Speed: 0.06m/s @ 246&amp;deg;&lt;/b&gt;</description>
                <styleUrl>#DepthAveragedCurrentVectors</styleUrl>
                <LineString>
                    <coordinates>-64.96726666666667,18.171216666666666 -64.97801621846065,18.166739503773588</coordinates>
                </LineString>
            </Placemark>
            <Placemark>
                <name>uvi_02 Depth Averaged Current Vector</name>
                <visibility>1</visibility>
                <description>&lt;b&gt;Speed: 0.05m/s @ 243&amp;deg;&lt;/b&gt;</description>
                <styleUrl>#DepthAveragedCurrentVectors</styleUrl>
                <LineString>
                    <coordinates>-64.95231666666668,18.170816666666667 -64.96179327561345,18.16622593088311</coordinates>
                </LineString>
            </Placemark>
            <Placemark>
                <name>uvi_02 Depth Averaged Current Vector</name>
                <visibility>1</visibility>
                <description>&lt;b&gt;Speed: 0.06m/s @ 241&amp;deg;&lt;/b&gt;</description>
                <styleUrl>#DepthAveragedCurrentVectors</styleUrl>
                <LineString>
                    <coordinates>-64.93931666666667,18.167366666666666 -64.94980591660656,18.161737834813998</coordinates>
                </LineString>
            </Placemark>
            <Placemark>
                <name>uvi_02 Depth Averaged Current Vector</name>
                <visibility>1</visibility>
                <description>&lt;b&gt;Speed: 0.06m/s @ 232&amp;deg;&lt;/b&gt;</description>
                <styleUrl>#DepthAveragedCurrentVectors</styleUrl>
                <LineString>
                    <coordinates>-64.95243333333333,18.166 -64.9622220602098,18.15877517016008</coordinates>
                </LineString>
            </Placemark>
            <Placemark>
                <name>uvi_02 Depth Averaged Current Vector</name>
                <visibility>1</visibility>
                <description>&lt;b&gt;Speed: 0.06m/s @ 226&amp;deg;&lt;/b&gt;</description>
                <styleUrl>#DepthAveragedCurrentVectors</styleUrl>
                <LineString>
                    <coordinates>-64.97045,18.166016666666668 -64.97882325025363,18.158273785045616</coordinates>
                </LineString>
            </Placemark>
            <Placemark>
                <name>uvi_02 Depth Averaged Current Vector</name>
                <visibility>1</visibility>
                <description>&lt;b&gt;Speed: 0.04m/s @ 223&amp;deg;&lt;/b&gt;</description>
                <styleUrl>#DepthAveragedCurrentVectors</styleUrl>
                <LineString>
                    <coordinates>-64.98728333333334,18.16828333333333 -64.99232038825227,18.16318251579605</coordinates>
                </LineString>
            </Placemark>
            <Placemark>
                <name>uvi_02 Depth Averaged Current Vector</name>
                <visibility>1</visibility>
                <description>&lt;b&gt;Speed: 0.02m/s @ 229&amp;deg;&lt;/b&gt;</description>
                <styleUrl>#DepthAveragedCurrentVectors</styleUrl>
                <LineString>
                    <coordinates>-64.9858,18.16955 -64.98927272171944,18.166714662751733</coordinates>
                </LineString>
            </Placemark>
            <Placemark>
                <name>uvi_02 Depth Averaged Current Vector</name>
                <visibility>1</visibility>
                <description>&lt;b&gt;Speed: 0.03m/s @ 179&amp;deg;&lt;/b&gt;</description>
                <styleUrl>#DepthAveragedCurrentVectors</styleUrl>
                <LineString>
                    <coordinates>-64.96575,18.168233333333333 -64.96564934309686,18.16214223989135</coordinates>
                </LineString>
            </Placemark>
            <Placemark>
                <name>uvi_02 Depth Averaged Current Vector</name>
                <visibility>1</visibility>
                <description>&lt;b&gt;Speed: 0.05m/s @ 180&amp;deg;&lt;/b&gt;</description>
                <styleUrl>#DepthAveragedCurrentVectors</styleUrl>
                <LineString>
                    <coordinates>-64.94575,18.165000000000003 -64.94573532132459,18.15451742145951</coordinates>
                </LineString>
            </Placemark>
            <Placemark>
                <name>uvi_02 Depth Averaged Current Vector</name>
                <visibility>1</visibility>
                <description>&lt;b&gt;Speed: 0.06m/s @ 189&amp;deg;&lt;/b&gt;</description>
                <styleUrl>#DepthAveragedCurrentVectors</styleUrl>
                <LineString>
                    <coordinates>-64.94576666666667,18.163883333333334 -64.94792440438135,18.15116914712028</coordinates>
                </LineString>
            </Placemark>
            <Placemark>
                <name>uvi_02 Depth Averaged Current Vector</name>
                <visibility>1</visibility>
                <description>&lt;b&gt;Speed: 0.07m/s @ 201&amp;deg;&lt;/b&gt;</description>
                <styleUrl>#DepthAveragedCurrentVectors</styleUrl>
                <LineString>
                    <coordinates>-64.963,18.16166666666667 -64.96812901694415,18.148882742713845</coordinates>
                </LineString>
            </Placemark>
            <Placemark>
                <name>uvi_02 Depth Averaged Current Vector</name>
                <visibility>1</visibility>
                <description>&lt;b&gt;Speed: 0.07m/s @ 213&amp;deg;&lt;/b&gt;</description>
                <styleUrl>#DepthAveragedCurrentVectors</styleUrl>
                <LineString>
                    <coordinates>-64.98216666666667,18.15968333333333 -64.98959803160398,18.148608980258242</coordinates>
                </LineString>
            </Placemark>
            <Placemark>
                <name>uvi_02 Depth Averaged Current Vector</name>
                <visibility>1</visibility>
                <description>&lt;b&gt;Speed: 0.05m/s @ 230&amp;deg;&lt;/b&gt;</description>
                <styleUrl>#DepthAveragedCurrentVectors</styleUrl>
                <LineString>
                    <coordinates>-64.99325,18.166166666666665 -65.00177636271792,18.15946586612843</coordinates>
                </LineString>
            </Placemark>
            <Placemark>
                <name>uvi_02 Depth Averaged Current Vector</name>
                <visibility>1</visibility>
                <description>&lt;b&gt;Speed: 0.05m/s @ 244&amp;deg;&lt;/b&gt;</description>
                <styleUrl>#DepthAveragedCurrentVectors</styleUrl>
                <LineString>
                    <coordinates>-64.98063333333333,18.168783333333334 -64.98937588208933,18.164680761728153</coordinates>
                </LineString>
            </Placemark>
            <Placemark>
                <name>uvi_02 Depth Averaged Current Vector</name>
                <visibility>1</visibility>
                <description>&lt;b&gt;Speed: 0.05m/s @ 247&amp;deg;&lt;/b&gt;</description>
                <styleUrl>#DepthAveragedCurrentVectors</styleUrl>
                <LineString>
                    <coordinates>-64.96785,18.169516666666667 -64.97711895199569,18.16571297108906</coordinates>
                </LineString>
            </Placemark>
            <Placemark>
                <name>uvi_02 Depth Averaged Current Vector</name>
                <visibility>1</visibility>
                <description>&lt;b&gt;Speed: 0.07m/s @ 235&amp;deg;&lt;/b&gt;</description>
                <styleUrl>#DepthAveragedCurrentVectors</styleUrl>
                <LineString>
                    <coordinates>-64.95546666666668,18.165833333333335 -64.96669180859635,18.158325567520645</coordinates>
                </LineString>
            </Placemark>
            <Placemark>
                <name>uvi_02 Depth Averaged Current Vector</name>
                <visibility>1</visibility>
                <description>&lt;b&gt;Speed: 0.08m/s @ 243&amp;deg;&lt;/b&gt;</description>
                <styleUrl>#DepthAveragedCurrentVectors</styleUrl>
                <LineString>
                    <coordinates>-64.94561666666667,18.16475 -64.96068339838666,18.157547087735438</coordinates>
                </LineString>
            </Placemark>
            <Placemark>
                <name>uvi_02 Depth Averaged Current Vector</name>
                <visibility>1</visibility>
                <description>&lt;b&gt;Speed: 0.07m/s @ 243&amp;deg;&lt;/b&gt;</description>
                <styleUrl>#DepthAveragedCurrentVectors</styleUrl>
                <LineString>
                    <coordinates>-64.93936666666667,18.166283333333336 -64.95275176837691,18.15967219560337</coordinates>
                </LineString>
            </Placemark>
            <Placemark>
                <name>uvi_02 Depth Averaged Current Vector</name>
                <visibility>1</visibility>
                <description>&lt;b&gt;Speed: 0.05m/s @ 239&amp;deg;&lt;/b&gt;</description>
                <styleUrl>#DepthAveragedCurrentVectors</styleUrl>
                <LineString>
                    <coordinates>-64.95779999999999,18.168383333333335 -64.96690738449121,18.16321078554943</coordinates>
                </LineString>
            </Placemark>
            <Placemark>
                <name>uvi_02 Depth Averaged Current Vector</name>
                <visibility>1</visibility>
                <description>&lt;b&gt;Speed: 0.03m/s @ 225&amp;deg;&lt;/b&gt;</description>
                <styleUrl>#DepthAveragedCurrentVectors</styleUrl>
                <LineString>
                    <coordinates>-64.97523333333334,18.168850000000003 -64.98021379018581,18.164131743778015</coordinates>
                </LineString>
            </Placemark>
            <Placemark>
                <name>uvi_02 Depth Averaged Current Vector</name>
                <visibility>1</visibility>
                <description>&lt;b&gt;Speed: 0.04m/s @ 164&amp;deg;&lt;/b&gt;</description>
                <styleUrl>#DepthAveragedCurrentVectors</styleUrl>
                <LineString>
                    <coordinates>-64.99123333333334,18.166783333333335 -64.98883437608414,18.158893006205346</coordinates>
                </LineString>
            </Placemark>
            <Placemark>
                <name>uvi_02 Depth Averaged Current Vector</name>
                <visibility>1</visibility>
                <description>&lt;b&gt;Speed: 0.06m/s @ 176&amp;deg;&lt;/b&gt;</description>
                <styleUrl>#DepthAveragedCurrentVectors</styleUrl>
                <LineString>
                    <coordinates>-64.98155,18.166166666666665 -64.98059588533975,18.153627821056457</coordinates>
                </LineString>
            </Placemark>
            <Placemark>
                <name>uvi_02 Depth Averaged Current Vector</name>
                <visibility>1</visibility>
                <description>&lt;b&gt;Speed: 0.07m/s @ 201&amp;deg;&lt;/b&gt;</description>
                <styleUrl>#DepthAveragedCurrentVectors</styleUrl>
                <LineString>
                    <coordinates>-64.96888333333332,18.164233333333335 -64.97420114589613,18.151220271092708</coordinates>
                </LineString>
            </Placemark>
            <Placemark>
                <name>uvi_02 Depth Averaged Current Vector</name>
                <visibility>1</visibility>
                <description>&lt;b&gt;Speed: 0.07m/s @ 230&amp;deg;&lt;/b&gt;</description>
                <styleUrl>#DepthAveragedCurrentVectors</styleUrl>
                <LineString>
                    <coordinates>-64.96215000000001,18.163999999999998 -64.97418857463498,18.1544678472272</coordinates>
                </LineString>
            </Placemark>
            <Placemark>
                <name>uvi_02 Depth Averaged Current Vector</name>
                <visibility>1</visibility>
                <description>&lt;b&gt;Speed: 0.08m/s @ 256&amp;deg;&lt;/b&gt;</description>
                <styleUrl>#DepthAveragedCurrentVectors</styleUrl>
                <LineString>
                    <coordinates>-64.95451666666666,18.167066666666663 -64.97117118049255,18.163107555554713</coordinates>
                </LineString>
            </Placemark>
            <Placemark>
                <name>uvi_02 Depth Averaged Current Vector</name>
                <visibility>1</visibility>
                <description>&lt;b&gt;Speed: 0.09m/s @ 268&amp;deg;&lt;/b&gt;</description>
                <styleUrl>#DepthAveragedCurrentVectors</styleUrl>
                <LineString>
                    <coordinates>-64.94605,18.1689 -64.96461317289926,18.168292285410597</coordinates>
                </LineString>
            </Placemark>
            <Placemark>
                <name>uvi_02 Depth Averaged Current Vector</name>
                <visibility>1</visibility>
                <description>&lt;b&gt;Speed: 0.09m/s @ 277&amp;deg;&lt;/b&gt;</description>
                <styleUrl>#DepthAveragedCurrentVectors</styleUrl>
                <LineString>
                    <coordinates>-64.93963333333333,18.16936666666667 -64.9593983337893,18.17157635676388</coordinates>
                </LineString>
            </Placemark>
            <Placemark>
                <name>uvi_02 Depth Averaged Current Vector</name>
                <visibility>1</visibility>
                <description>&lt;b&gt;Speed: 0.07m/s @ 263&amp;deg;&lt;/b&gt;</description>
                <styleUrl>#DepthAveragedCurrentVectors</styleUrl>
                <LineString>
                    <coordinates>-64.96066666666667,18.168233333333333 -64.97583668902138,18.166475942291193</coordinates>
                </LineString>
            </Placemark>
            <Placemark>
                <name>uvi_02 Depth Averaged Current Vector</name>
                <visibility>1</visibility>
                <description>&lt;b&gt;Speed: 0.07m/s @ 248&amp;deg;&lt;/b&gt;</description>
                <styleUrl>#DepthAveragedCurrentVectors</styleUrl>
                <LineString>
                    <coordinates>-64.98038333333334,18.165166666666668 -64.9947644555225,18.159553774868805</coordinates>
                </LineString>
            </Placemark>
            <Placemark>
                <name>uvi_02 Depth Averaged Current Vector</name>
                <visibility>1</visibility>
                <description>&lt;b&gt;Speed: 0.10m/s @ 247&amp;deg;&lt;/b&gt;</description>
                <styleUrl>#DepthAveragedCurrentVectors</styleUrl>
                <LineString>
                    <coordinates>-64.99345,18.164350000000002 -65.01278608889658,18.15660313336525</coordinates>
                </LineString>
            </Placemark>
            <Placemark>
                <name>uvi_02 Depth Averaged Current Vector</name>
                <visibility>1</visibility>
                <description>&lt;b&gt;Speed: 0.09m/s @ 246&amp;deg;&lt;/b&gt;</description>
                <styleUrl>#DepthAveragedCurrentVectors</styleUrl>
                <LineString>
                    <coordinates>-64.98358333333334,18.164466666666666 -65.0003108510976,18.157528757813218</coordinates>
                </LineString>
            </Placemark>
            <Placemark>
                <name>uvi_02 Depth Averaged Current Vector</name>
                <visibility>1</visibility>
                <description>&lt;b&gt;Speed: 0.06m/s @ 241&amp;deg;&lt;/b&gt;</description>
                <styleUrl>#DepthAveragedCurrentVectors</styleUrl>
                <LineString>
                    <coordinates>-64.96855000000001,18.1671 -64.97977107978646,18.161162329585505</coordinates>
                </LineString>
            </Placemark>
            <Placemark>
                <name>uvi_02 Depth Averaged Current Vector</name>
                <visibility>1</visibility>
                <description>&lt;b&gt;Speed: 0.02m/s @ 225&amp;deg;&lt;/b&gt;</description>
                <styleUrl>#DepthAveragedCurrentVectors</styleUrl>
                <LineString>
                    <coordinates>-64.95051666666667,18.170266666666667 -64.95334350843206,18.167570804897938</coordinates>
                </LineString>
            </Placemark>
            <Placemark>
                <name>uvi_02 Depth Averaged Current Vector</name>
                <visibility>1</visibility>
                <description>&lt;b&gt;Speed: 0.03m/s @ 223&amp;deg;&lt;/b&gt;</description>
                <styleUrl>#DepthAveragedCurrentVectors</styleUrl>
                <LineString>
                    <coordinates>-64.94098333333334,18.167250000000003 -64.94498863938333,18.163135473353716</coordinates>
                </LineString>
            </Placemark>
            <Placemark>
                <name>uvi_02 Depth Averaged Current Vector</name>
                <visibility>1</visibility>
                <description>&lt;b&gt;Speed: 0.04m/s @ 217&amp;deg;&lt;/b&gt;</description>
                <styleUrl>#DepthAveragedCurrentVectors</styleUrl>
                <LineString>
                    <coordinates>-64.95861666666666,18.1644 -64.96421347222537,18.15738438337938</coordinates>
                </LineString>
            </Placemark>
            <Placemark>
                <name>uvi_02 Depth Averaged Current Vector</name>
                <visibility>1</visibility>
                <description>&lt;b&gt;Speed: 0.04m/s @ 217&amp;deg;&lt;/b&gt;</description>
                <styleUrl>#DepthAveragedCurrentVectors</styleUrl>
                <LineString>
                    <coordinates>-64.95861666666666,18.1644 -64.96421347222537,18.15738438337938</coordinates>
                </LineString>
            </Placemark>
            <Placemark>
                <name>uvi_02 Depth Averaged Current Vector</name>
                <visibility>1</visibility>
                <description>&lt;b&gt;Speed: 0.07m/s @ 238&amp;deg;&lt;/b&gt;</description>
                <styleUrl>#DepthAveragedCurrentVectors</styleUrl>
                <LineString>
                    <coordinates>-64.9803,18.16345 -64.99208908327478,18.156362653132767</coordinates>
                </LineString>
            </Placemark>
            <Placemark>
                <name>uvi_02 Depth Averaged Current Vector</name>
                <visibility>1</visibility>
                <description>&lt;b&gt;Speed: 0.08m/s @ 255&amp;deg;&lt;/b&gt;</description>
                <styleUrl>#DepthAveragedCurrentVectors</styleUrl>
                <LineString>
                    <coordinates>-64.99303333333334,18.165916666666664 -65.00956400643327,18.161792177486124</coordinates>
                </LineString>
            </Placemark>
            <Placemark>
                <name>uvi_02 Depth Averaged Current Vector</name>
                <visibility>1</visibility>
                <description>&lt;b&gt;Speed: 0.07m/s @ 288&amp;deg;&lt;/b&gt;</description>
                <styleUrl>#DepthAveragedCurrentVectors</styleUrl>
                <LineString>
                    <coordinates>-64.98083333333334,18.169916666666666 -64.99545643101796,18.174439657217306</coordinates>
                </LineString>
            </Placemark>
            <Placemark>
                <name>uvi_02 Depth Averaged Current Vector</name>
                <visibility>1</visibility>
                <description>&lt;b&gt;Speed: 0.09m/s @ 317&amp;deg;&lt;/b&gt;</description>
                <styleUrl>#DepthAveragedCurrentVectors</styleUrl>
                <LineString>
                    <coordinates>-64.96793333333333,18.1757 -64.98023353222084,18.188264748199266</coordinates>
                </LineString>
            </Placemark>
            <Placemark>
                <name>uvi_02 Depth Averaged Current Vector</name>
                <visibility>1</visibility>
                <description>&lt;b&gt;Speed: 0.06m/s @ 309&amp;deg;&lt;/b&gt;</description>
                <styleUrl>#DepthAveragedCurrentVectors</styleUrl>
                <LineString>
                    <coordinates>-64.95423333333333,18.1728 -64.96381523173926,18.1801463727578</coordinates>
                </LineString>
            </Placemark>
            <Placemark>
                <name>uvi_02 Depth Averaged Current Vector</name>
                <visibility>1</visibility>
                <description>&lt;b&gt;Speed: 0.04m/s @ 286&amp;deg;&lt;/b&gt;</description>
                <styleUrl>#DepthAveragedCurrentVectors</styleUrl>
                <LineString>
                    <coordinates>-64.93675,18.165866666666666 -64.94409802513006,18.167893046133624</coordinates>
                </LineString>
            </Placemark>
            <Placemark>
                <name>uvi_02 Depth Averaged Current Vector</name>
                <visibility>1</visibility>
                <description>&lt;b&gt;Speed: 0.05m/s @ 241&amp;deg;&lt;/b&gt;</description>
                <styleUrl>#DepthAveragedCurrentVectors</styleUrl>
                <LineString>
                    <coordinates>-64.95223333333334,18.158066666666667 -64.96051401846358,18.153655256499654</coordinates>
                </LineString>
            </Placemark>
            <Placemark>
                <name>uvi_02 Depth Averaged Current Vector</name>
                <visibility>1</visibility>
                <description>&lt;b&gt;Speed: 0.06m/s @ 233&amp;deg;&lt;/b&gt;</description>
                <styleUrl>#DepthAveragedCurrentVectors</styleUrl>
                <LineString>
                    <coordinates>-64.96896666666666,18.156866666666666 -64.97881988668301,18.149703604539113</coordinates>
                </LineString>
            </Placemark>
            <Placemark>
                <name>uvi_02 Depth Averaged Current Vector</name>
                <visibility>1</visibility>
                <description>&lt;b&gt;Speed: 0.05m/s @ 224&amp;deg;&lt;/b&gt;</description>
                <styleUrl>#DepthAveragedCurrentVectors</styleUrl>
                <LineString>
                    <coordinates>-64.9837,18.1612 -64.99078762253947,18.154337806406872</coordinates>
                </LineString>
            </Placemark>
            <Placemark>
                <name>uvi_02 Depth Averaged Current Vector</name>
                <visibility>1</visibility>
                <description>&lt;b&gt;Speed: 0.03m/s @ 208&amp;deg;&lt;/b&gt;</description>
                <styleUrl>#DepthAveragedCurrentVectors</styleUrl>
                <LineString>
                    <coordinates>-64.99271666666667,18.166633333333333 -64.99587684892526,18.160968636357357</coordinates>
                </LineString>
            </Placemark>
            <Placemark>
                <name>uvi_02 Depth Averaged Current Vector</name>
                <visibility>1</visibility>
                <description>&lt;b&gt;Speed: 0.04m/s @ 194&amp;deg;&lt;/b&gt;</description>
                <styleUrl>#DepthAveragedCurrentVectors</styleUrl>
                <LineString>
                    <coordinates>-64.97411666666667,18.167616666666667 -64.97604171480651,18.160013260525155</coordinates>
                </LineString>
            </Placemark>
            <Placemark>
                <name>uvi_02 Depth Averaged Current Vector</name>
                <visibility>1</visibility>
                <description>&lt;b&gt;Speed: 0.05m/s @ 183&amp;deg;&lt;/b&gt;</description>
                <styleUrl>#DepthAveragedCurrentVectors</styleUrl>
                <LineString>
                    <coordinates>-64.95673333333335,18.166816666666666 -64.95731000304687,18.1572227461815</coordinates>
                </LineString>
            </Placemark>
            <Placemark>
                <name>uvi_02 Depth Averaged Current Vector</name>
                <visibility>1</visibility>
                <description>&lt;b&gt;Speed: 0.05m/s @ 197&amp;deg;&lt;/b&gt;</description>
                <styleUrl>#DepthAveragedCurrentVectors</styleUrl>
                <LineString>
                    <coordinates>-64.94091666666667,18.165716666666665 -64.94422777075516,18.15530980338649</coordinates>
                </LineString>
            </Placemark>
            <Placemark>
                <name>uvi_02 Depth Averaged Current Vector</name>
                <visibility>1</visibility>
                <description>&lt;b&gt;Speed: 0.05m/s @ 219&amp;deg;&lt;/b&gt;</description>
                <styleUrl>#DepthAveragedCurrentVectors</styleUrl>
                <LineString>
                    <coordinates>-64.9535,18.16305 -64.96042201601267,18.155058055022632</coordinates>
                </LineString>
            </Placemark>
            <Placemark>
                <name>uvi_02 Depth Averaged Current Vector</name>
                <visibility>1</visibility>
                <description>&lt;b&gt;Speed: 0.06m/s @ 251&amp;deg;&lt;/b&gt;</description>
                <styleUrl>#DepthAveragedCurrentVectors</styleUrl>
                <LineString>
                    <coordinates>-64.97481666666665,18.165216666666666 -64.98606076730636,18.161610229267257</coordinates>
                </LineString>
            </Placemark>
            <Placemark>
                <name>uvi_02 Depth Averaged Current Vector</name>
                <visibility>1</visibility>
                <description>&lt;b&gt;Speed: 0.03m/s @ 254&amp;deg;&lt;/b&gt;</description>
                <styleUrl>#DepthAveragedCurrentVectors</styleUrl>
                <LineString>
                    <coordinates>-64.99458333333334,18.1677 -65.00133789292828,18.165880841245492</coordinates>
                </LineString>
            </Placemark>
            <Placemark>
                <name>uvi_02 Depth Averaged Current Vector</name>
                <visibility>1</visibility>
                <description>&lt;b&gt;Speed: 0.03m/s @ 304&amp;deg;&lt;/b&gt;</description>
                <styleUrl>#DepthAveragedCurrentVectors</styleUrl>
                <LineString>
                    <coordinates>-64.98003333333332,18.172433333333334 -64.9859598189957,18.17623503640409</coordinates>
                </LineString>
            </Placemark>
            <Placemark>
                <name>uvi_02 Depth Averaged Current Vector</name>
                <visibility>1</visibility>
                <description>&lt;b&gt;Speed: 0.03m/s @ 278&amp;deg;&lt;/b&gt;</description>
                <styleUrl>#DepthAveragedCurrentVectors</styleUrl>
                <LineString>
                    <coordinates>-64.96496666666667,18.17096666666667 -64.9704170099741,18.171672014091747</coordinates>
                </LineString>
            </Placemark>
            <Placemark>
                <name>uvi_02 Depth Averaged Current Vector</name>
                <visibility>1</visibility>
                <description>&lt;b&gt;Speed: 0.03m/s @ 238&amp;deg;&lt;/b&gt;</description>
                <styleUrl>#DepthAveragedCurrentVectors</styleUrl>
                <LineString>
                    <coordinates>-64.94879999999999,18.16551666666667 -64.95473031971584,18.16194410188372</coordinates>
                </LineString>
            </Placemark>
            <Placemark>
                <name>uvi_02 Depth Averaged Current Vector</name>
                <visibility>1</visibility>
                <description>&lt;b&gt;Speed: 0.05m/s @ 224&amp;deg;&lt;/b&gt;</description>
                <styleUrl>#DepthAveragedCurrentVectors</styleUrl>
                <LineString>
                    <coordinates>-64.94066666666666,18.16445 -64.94770199629261,18.157559911310962</coordinates>
                </LineString>
            </Placemark>
            <Placemark>
                <name>uvi_02 Depth Averaged Current Vector</name>
                <visibility>1</visibility>
                <description>&lt;b&gt;Speed: 0.06m/s @ 229&amp;deg;&lt;/b&gt;</description>
                <styleUrl>#DepthAveragedCurrentVectors</styleUrl>
                <LineString>
                    <coordinates>-64.96201666666666,18.162533333333332 -64.97117820734125,18.155087335233006</coordinates>
                </LineString>
            </Placemark>
            <Placemark>
                <name>uvi_02 Depth Averaged Current Vector</name>
                <visibility>1</visibility>
                <description>&lt;b&gt;Speed: 0.05m/s @ 228&amp;deg;&lt;/b&gt;</description>
                <styleUrl>#DepthAveragedCurrentVectors</styleUrl>
                <LineString>
                    <coordinates>-64.9812,18.164816666666663 -64.98839053434034,18.1586040303068</coordinates>
                </LineString>
            </Placemark>
            <Placemark>
                <name>uvi_02 Depth Averaged Current Vector</name>
                <visibility>1</visibility>
                <description>&lt;b&gt;Speed: 0.03m/s @ 213&amp;deg;&lt;/b&gt;</description>
                <styleUrl>#DepthAveragedCurrentVectors</styleUrl>
                <LineString>
                    <coordinates>-64.99334999999999,18.1674 -64.99724834299981,18.16163368517465</coordinates>
                </LineString>
            </Placemark>
            <Placemark>
                <name>uvi_02 Depth Averaged Current Vector</name>
                <visibility>1</visibility>
                <description>&lt;b&gt;Speed: 0.05m/s @ 203&amp;deg;&lt;/b&gt;</description>
                <styleUrl>#DepthAveragedCurrentVectors</styleUrl>
                <LineString>
                    <coordinates>-64.97704999999999,18.166183333333333 -64.98068616512715,18.157900482355796</coordinates>
                </LineString>
            </Placemark>
            <Placemark>
                <name>uvi_02 Depth Averaged Current Vector</name>
                <visibility>1</visibility>
                <description>&lt;b&gt;Speed: 0.06m/s @ 205&amp;deg;&lt;/b&gt;</description>
                <styleUrl>#DepthAveragedCurrentVectors</styleUrl>
                <LineString>
                    <coordinates>-64.96288333333334,18.16375 -64.96843182164697,18.15255609651388</coordinates>
                </LineString>
            </Placemark>
            <Placemark>
                <name>uvi_02 Depth Averaged Current Vector</name>
                <visibility>1</visibility>
                <description>&lt;b&gt;Speed: 0.08m/s @ 221&amp;deg;&lt;/b&gt;</description>
                <styleUrl>#DepthAveragedCurrentVectors</styleUrl>
                <LineString>
                    <coordinates>-64.96305000000001,18.165866666666666 -64.97379270816509,18.15412880881036</coordinates>
                </LineString>
            </Placemark>
            <Placemark>
                <name>uvi_02 Depth Averaged Current Vector</name>
                <visibility>1</visibility>
                <description>&lt;b&gt;Speed: 0.28m/s @ 270&amp;deg;&lt;/b&gt;</description>
                <styleUrl>#DepthAveragedCurrentVectors</styleUrl>
                <LineString>
                    <coordinates>-64.96478333333333,18.16545 -65.02425072254226,18.165687108315215</coordinates>
                </LineString>
            </Placemark>
            <Placemark>
                <name>uvi_02 Depth Averaged Current Vector</name>
                <visibility>1</visibility>
                <description>&lt;b&gt;Speed: 0.13m/s @ 262&amp;deg;&lt;/b&gt;</description>
                <styleUrl>#DepthAveragedCurrentVectors</styleUrl>
                <LineString>
                    <coordinates>-64.96801666666667,18.165016666666666 -64.99588151316863,18.16110338321228</coordinates>
                </LineString>
            </Placemark>
            <Placemark>
                <name>uvi_02 Depth Averaged Current Vector</name>
                <visibility>1</visibility>
                <description>&lt;b&gt;Speed: 0.15m/s @ 271&amp;deg;&lt;/b&gt;</description>
                <styleUrl>#DepthAveragedCurrentVectors</styleUrl>
                <LineString>
                    <coordinates>-64.96776666666666,18.16688333333333 -65.00014499792847,18.167383452552805</coordinates>
                </LineString>
            </Placemark>
            <Placemark>
                <name>uvi_02 Depth Averaged Current Vector</name>
                <visibility>1</visibility>
                <description>&lt;b&gt;Speed: 0.14m/s @ 277&amp;deg;&lt;/b&gt;</description>
                <styleUrl>#DepthAveragedCurrentVectors</styleUrl>
                <LineString>
                    <coordinates>-64.96655000000001,18.168616666666665 -64.99480185586123,18.17187441536724</coordinates>
                </LineString>
            </Placemark>
            <Placemark>
                <name>uvi_02 Depth Averaged Current Vector</name>
                <visibility>1</visibility>
                <description>&lt;b&gt;Speed: 0.11m/s @ 278&amp;deg;&lt;/b&gt;</description>
                <styleUrl>#DepthAveragedCurrentVectors</styleUrl>
                <LineString>
                    <coordinates>-64.96561666666666,18.17025 -64.98873297342374,18.173242745289453</coordinates>
                </LineString>
            </Placemark>
            <Placemark>
                <name>uvi_02 Depth Averaged Current Vector</name>
                <visibility>1</visibility>
                <description>&lt;b&gt;Speed: 0.10m/s @ 274&amp;deg;&lt;/b&gt;</description>
                <styleUrl>#DepthAveragedCurrentVectors</styleUrl>
                <LineString>
                    <coordinates>-64.96385000000001,18.1719 -64.98522790938904,18.173169226863774</coordinates>
                </LineString>
            </Placemark>
            <Placemark>
                <name>uvi_02 Depth Averaged Current Vector</name>
                <visibility>1</visibility>
                <description>&lt;b&gt;Speed: 0.09m/s @ 289&amp;deg;&lt;/b&gt;</description>
                <styleUrl>#DepthAveragedCurrentVectors</styleUrl>
                <LineString>
                    <coordinates>-64.96168333333334,18.173983333333336 -64.9804466293308,18.179998711515</coordinates>
                </LineString>
            </Placemark>
            <Placemark>
                <name>uvi_02 Depth Averaged Current Vector</name>
                <visibility>1</visibility>
                <description>&lt;b&gt;Speed: 0.08m/s @ 307&amp;deg;&lt;/b&gt;</description>
                <styleUrl>#DepthAveragedCurrentVectors</styleUrl>
                <LineString>
                    <coordinates>-64.95895,18.17605 -64.97251893507752,18.185799336019507</coordinates>
                </LineString>
            </Placemark>
            <Placemark>
                <name>uvi_02 Depth Averaged Current Vector</name>
                <visibility>1</visibility>
                <description>&lt;b&gt;Speed: 0.08m/s @ 304&amp;deg;&lt;/b&gt;</description>
                <styleUrl>#DepthAveragedCurrentVectors</styleUrl>
                <LineString>
                    <coordinates>-64.95596666666667,18.17683333333333 -64.97018367643045,18.185935104626424</coordinates>
                </LineString>
            </Placemark>
            <Placemark>
                <name>uvi_02 Depth Averaged Current Vector</name>
                <visibility>1</visibility>
                <description>&lt;b&gt;Speed: 0.08m/s @ 326&amp;deg;&lt;/b&gt;</description>
                <styleUrl>#DepthAveragedCurrentVectors</styleUrl>
                <LineString>
                    <coordinates>-64.9539,18.176199999999998 -64.96276916763867,18.188617302692325</coordinates>
                </LineString>
            </Placemark>
            <Placemark>
                <name>uvi_02 Depth Averaged Current Vector</name>
                <visibility>1</visibility>
                <description>&lt;b&gt;Speed: 0.08m/s @ 338&amp;deg;&lt;/b&gt;</description>
                <styleUrl>#DepthAveragedCurrentVectors</styleUrl>
                <LineString>
                    <coordinates>-64.95405000000001,18.172866666666668 -64.96016333057179,18.18724459609989</coordinates>
                </LineString>
            </Placemark>
            <Placemark>
                <name>uvi_02 Depth Averaged Current Vector</name>
                <visibility>1</visibility>
                <description>&lt;b&gt;Speed: 0.06m/s @ 329&amp;deg;&lt;/b&gt;</description>
                <styleUrl>#DepthAveragedCurrentVectors</styleUrl>
                <LineString>
                    <coordinates>-64.95396666666667,18.169466666666665 -64.9605411751662,18.179736046974153</coordinates>
                </LineString>
            </Placemark>
            <Placemark>
                <name>uvi_02 Depth Averaged Current Vector</name>
                <visibility>1</visibility>
                <description>&lt;b&gt;Speed: 0.07m/s @ 318&amp;deg;&lt;/b&gt;</description>
                <styleUrl>#DepthAveragedCurrentVectors</styleUrl>
                <LineString>
                    <coordinates>-64.95408333333333,18.1655 -64.96333355644674,18.175185575800292</coordinates>
                </LineString>
            </Placemark>
            <Placemark>
                <name>uvi_02 Depth Averaged Current Vector</name>
                <visibility>1</visibility>
                <description>&lt;b&gt;Speed: 0.09m/s @ 292&amp;deg;&lt;/b&gt;</description>
                <styleUrl>#DepthAveragedCurrentVectors</styleUrl>
                <LineString>
                    <coordinates>-64.95341666666667,18.161333333333335 -64.97133354667676,18.16809191657024</coordinates>
                </LineString>
            </Placemark>
            <Placemark>
                <name>uvi_02 Depth Averaged Current Vector</name>
                <visibility>1</visibility>
                <description>&lt;b&gt;Speed: 0.08m/s @ 244&amp;deg;&lt;/b&gt;</description>
                <styleUrl>#DepthAveragedCurrentVectors</styleUrl>
                <LineString>
                    <coordinates>-64.95708333333333,18.162283333333335 -64.97282296568255,18.154978803219397</coordinates>
                </LineString>
            </Placemark>
            <Placemark>
                <name>uvi_02 Depth Averaged Current Vector</name>
                <visibility>1</visibility>
                <description>&lt;b&gt;Speed: 0.08m/s @ 239&amp;deg;&lt;/b&gt;</description>
                <styleUrl>#DepthAveragedCurrentVectors</styleUrl>
                <LineString>
                    <coordinates>-64.95983333333334,18.16385 -64.97382631366713,18.155885950118545</coordinates>
                </LineString>
            </Placemark>
            <Placemark>
                <name>uvi_02 Depth Averaged Current Vector</name>
                <visibility>1</visibility>
                <description>&lt;b&gt;Speed: 0.08m/s @ 231&amp;deg;&lt;/b&gt;</description>
                <styleUrl>#DepthAveragedCurrentVectors</styleUrl>
                <LineString>
                    <coordinates>-64.96209999999999,18.16535 -64.97566522827583,18.15507464217196</coordinates>
                </LineString>
            </Placemark>
            <Placemark>
                <name>uvi_02 Depth Averaged Current Vector</name>
                <visibility>1</visibility>
                <description>&lt;b&gt;Speed: 0.10m/s @ 229&amp;deg;&lt;/b&gt;</description>
                <styleUrl>#DepthAveragedCurrentVectors</styleUrl>
                <LineString>
                    <coordinates>-64.96401666666667,18.166816666666666 -64.97936432883353,18.154032742713845</coordinates>
                </LineString>
            </Placemark>
            <Placemark>
                <name>uvi_02 Depth Averaged Current Vector</name>
                <visibility>1</visibility>
                <description>&lt;b&gt;Speed: 0.11m/s @ 229&amp;deg;&lt;/b&gt;</description>
                <styleUrl>#DepthAveragedCurrentVectors</styleUrl>
                <LineString>
                    <coordinates>-64.96671666666666,18.16828333333333 -64.98362245032308,18.15419830240713</coordinates>
                </LineString>
            </Placemark>
            <Placemark>
                <name>uvi_02 Depth Averaged Current Vector</name>
                <visibility>1</visibility>
                <description>&lt;b&gt;Speed: 0.13m/s @ 246&amp;deg;&lt;/b&gt;</description>
                <styleUrl>#DepthAveragedCurrentVectors</styleUrl>
                <LineString>
                    <coordinates>-64.96835,18.16871666666667 -64.99322249162168,18.158168335400113</coordinates>
                </LineString>
            </Placemark>
            <Placemark>
                <name>uvi_02 Depth Averaged Current Vector</name>
                <visibility>1</visibility>
                <description>&lt;b&gt;Speed: 0.12m/s @ 228&amp;deg;&lt;/b&gt;</description>
                <styleUrl>#DepthAveragedCurrentVectors</styleUrl>
                <LineString>
                    <coordinates>-64.9692,18.16828333333333 -64.98825716549044,18.152165945419622</coordinates>
                </LineString>
            </Placemark>
            <Placemark>
                <name>uvi_02 Depth Averaged Current Vector</name>
                <visibility>1</visibility>
                <description>&lt;b&gt;Speed: 0.32m/s @ 301&amp;deg;&lt;/b&gt;</description>
                <styleUrl>#DepthAveragedCurrentVectors</styleUrl>
                <LineString>
                    <coordinates>-64.9701,18.168 -65.02689346638375,18.20045793659468</coordinates>
                </LineString>
            </Placemark>
            <Placemark>
                <name>uvi_02 Depth Averaged Current Vector</name>
                <visibility>1</visibility>
                <description>&lt;b&gt;Speed: 0.19m/s @ 253&amp;deg;&lt;/b&gt;</description>
                <styleUrl>#DepthAveragedCurrentVectors</styleUrl>
                <LineString>
                    <coordinates>-64.97075,18.16765 -65.00787707652775,18.156689219815384</coordinates>
                </LineString>
            </Placemark>
            <Placemark>
                <name>uvi_02 Depth Averaged Current Vector</name>
                <visibility>1</visibility>
                <description>&lt;b&gt;Speed: 0.09m/s @ 210&amp;deg;&lt;/b&gt;</description>
                <styleUrl>#DepthAveragedCurrentVectors</styleUrl>
                <LineString>
                    <coordinates>-64.97448333333334,18.166516666666666 -64.98389649713744,18.15073401990384</coordinates>
                </LineString>
            </Placemark>
            <Placemark>
                <name>uvi_02 Depth Averaged Current Vector</name>
                <visibility>1</visibility>
                <description>&lt;b&gt;Speed: 0.06m/s @ 202&amp;deg;&lt;/b&gt;</description>
                <styleUrl>#DepthAveragedCurrentVectors</styleUrl>
                <LineString>
                    <coordinates>-64.97406666666667,18.16795 -64.97880166108098,18.15696132471948</coordinates>
                </LineString>
            </Placemark>
            <Placemark>
                <name>uvi_02 Depth Averaged Current Vector</name>
                <visibility>1</visibility>
                <description>&lt;b&gt;Speed: 0.04m/s @ 196&amp;deg;&lt;/b&gt;</description>
                <styleUrl>#DepthAveragedCurrentVectors</styleUrl>
                <LineString>
                    <coordinates>-64.97281666666666,18.16981666666667 -64.97539600568695,18.161354490072586</coordinates>
                </LineString>
            </Placemark>
            <Placemark>
                <name>uvi_02 Depth Averaged Current Vector</name>
                <visibility>1</visibility>
                <description>&lt;b&gt;Speed: 0.04m/s @ 196&amp;deg;&lt;/b&gt;</description>
                <styleUrl>#DepthAveragedCurrentVectors</styleUrl>
                <LineString>
                    <coordinates>-64.97281666666666,18.16981666666667 -64.97539600568695,18.161354490072586</coordinates>
                </LineString>
            </Placemark>
            <Placemark>
                <name>uvi_02 Depth Averaged Current Vector</name>
                <visibility>1</visibility>
                <description>&lt;b&gt;Speed: 0.02m/s @ 134&amp;deg;&lt;/b&gt;</description>
                <styleUrl>#DepthAveragedCurrentVectors</styleUrl>
                <LineString>
                    <coordinates>-64.97139999999999,18.17215 -64.96791674487139,18.168940071463837</coordinates>
                </LineString>
            </Placemark>
            <Placemark>
                <name>uvi_02 Depth Averaged Current Vector</name>
                <visibility>1</visibility>
                <description>&lt;b&gt;Speed: 0.04m/s @ 98&amp;deg;&lt;/b&gt;</description>
                <styleUrl>#DepthAveragedCurrentVectors</styleUrl>
                <LineString>
                    <coordinates>-64.97153333333334,18.17415 -64.96228084218696,18.172986375999308</coordinates>
                </LineString>
            </Placemark>
            <Placemark>
                <name>uvi_02 Depth Averaged Current Vector</name>
                <visibility>1</visibility>
                <description>&lt;b&gt;Speed: 0.06m/s @ 107&amp;deg;&lt;/b&gt;</description>
                <styleUrl>#DepthAveragedCurrentVectors</styleUrl>
                <LineString>
                    <coordinates>-64.97446666666666,18.174833333333332 -64.96208111903492,18.17117509075581</coordinates>
                </LineString>
            </Placemark>
            <Placemark>
                <name>uvi_02 Depth Averaged Current Vector</name>
                <visibility>1</visibility>
                <description>&lt;b&gt;Speed: 0.05m/s @ 112&amp;deg;&lt;/b&gt;</description>
                <styleUrl>#DepthAveragedCurrentVectors</styleUrl>
                <LineString>
                    <coordinates>-64.97765,18.17545 -64.96712456658543,18.171379308504427</coordinates>
                </LineString>
            </Placemark>
            <Placemark>
                <name>uvi_02 Depth Averaged Current Vector</name>
                <visibility>1</visibility>
                <description>&lt;b&gt;Speed: 0.04m/s @ 109&amp;deg;&lt;/b&gt;</description>
                <styleUrl>#DepthAveragedCurrentVectors</styleUrl>
                <LineString>
                    <coordinates>-64.98088333333334,18.176033333333333 -64.97211312893342,18.173122280824746</coordinates>
                </LineString>
            </Placemark>
            <Placemark>
                <name>uvi_02 Depth Averaged Current Vector</name>
                <visibility>1</visibility>
                <description>&lt;b&gt;Speed: 0.04m/s @ 123&amp;deg;&lt;/b&gt;</description>
                <styleUrl>#DepthAveragedCurrentVectors</styleUrl>
                <LineString>
                    <coordinates>-64.9776,18.1769 -64.97132117473107,18.17299070155931</coordinates>
                </LineString>
            </Placemark>
            <Placemark>
                <name>uvi_02 Depth Averaged Current Vector</name>
                <visibility>1</visibility>
                <description>&lt;b&gt;Speed: 0.06m/s @ 31&amp;deg;&lt;/b&gt;</description>
                <styleUrl>#DepthAveragedCurrentVectors</styleUrl>
                <LineString>
                    <coordinates>-64.97643333333333,18.3401 -64.96959835099973,18.35077784421184</coordinates>
                </LineString>
            </Placemark>
        </Folder>
    </Document>
</kml>
